bucket,strategy,universe,signal_type,source,ticker,name,sector,current_rank,best_intraday_rank,rank_change,previous_date,previous_day_rank,day_rank_change,top100_day_streak,intraday_top_count,latest_price,source_score,stability_score,note,source_file
盘中候选,Aster Research,Deep v3 Daily CNN 确认层,Aster,Aster Research · Deep v3 Daily CNN 确认层,COP,ConocoPhillips,Energy,1,1,0,2026-08-19,1,0,21,1,115.665001,81.27,92.6,盘中候选，等待收盘确认；跨日连续Top100 21天,aster-deep-v3-daily-cnn-ranking.csv
盘中候选,Aster Research,Deep v4 Shape Embedding 确认层,Aster,Aster Research · Deep v4 Shape Embedding 确认层,COP,ConocoPhillips,Energy,1,1,0,2026-08-19,1,0,21,1,115.665001,81.27,92.6,盘中候选，等待收盘确认；跨日连续Top100 21天,aster-deep-v4-shape-embedding-ranking.csv
盘中候选,Aster Research,Deep v3 Daily CNN 确认层,Aster,Aster Research · Deep v3 Daily CNN 确认层,MUR,MURPHY OIL CORP,Energy,2,2,0,2026-08-19,2,0,21,1,36.825001,81.11,92.2,盘中候选，等待收盘确认；跨日连续Top100 21天,aster-deep-v3-daily-cnn-ranking.csv
盘中候选,Aster Research,Deep v4 Shape Embedding 确认层,Aster,Aster Research · Deep v4 Shape Embedding 确认层,MUR,MURPHY OIL CORP,Energy,2,2,0,2026-08-19,2,0,21,1,36.825001,81.11,92.2,盘中候选，等待收盘确认；跨日连续Top100 21天,aster-deep-v4-shape-embedding-ranking.csv
盘中候选,Early,Nasdaq 200,4小时,Early · Nasdaq 200 · 4小时,TCOM,Trip.com Group Limited - American Depositary Shares,,5,5,0,2026-08-19,3,2,21,1,45.990002,89.71,91.8,盘中候选，等待收盘确认；跨日连续Top100 21天,early-nasdaq200-4h-signal-ranking.csv
盘中候选,Aster Research,Deep v3 Daily CNN 确认层,Aster,Aster Research · Deep v3 Daily CNN 确认层,FIVE,"Five Below, Inc. - Common Stock",,3,3,0,2026-08-19,3,0,21,1,204.139999,81.05,91.8,盘中候选，等待收盘确认；跨日连续Top100 21天,aster-deep-v3-daily-cnn-ranking.csv
盘中候选,Aster Research,Deep v4 Shape Embedding 确认层,Aster,Aster Research · Deep v4 Shape Embedding 确认层,FIVE,"Five Below, Inc. - Common Stock",,3,3,0,2026-08-19,3,0,21,1,204.139999,81.05,91.8,盘中候选，等待收盘确认；跨日连续Top100 21天,aster-deep-v4-shape-embedding-ranking.csv
盘中候选,Aster Research,Deep v3 Daily CNN 确认层,Aster,Aster Research · Deep v3 Daily CNN 确认层,CLW,CLEARWATER PAPER CORP,Materials,4,4,0,2026-08-19,4,0,21,1,16.424999,79.3,91.3,盘中候选，等待收盘确认；跨日连续Top100 21天,aster-deep-v3-daily-cnn-ranking.csv
盘中候选,Aster Research,Deep v4 Shape Embedding 确认层,Aster,Aster Research · Deep v4 Shape Embedding 确认层,CLW,CLEARWATER PAPER CORP,Materials,4,4,0,2026-08-19,4,0,21,1,16.424999,79.3,91.3,盘中候选，等待收盘确认；跨日连续Top100 21天,aster-deep-v4-shape-embedding-ranking.csv
盘中候选,Aster Research,Deep v3 Daily CNN 确认层,Aster,Aster Research · Deep v3 Daily CNN 确认层,AIR,AAR CORP,Industrials,5,5,0,2026-08-19,5,0,21,1,135.850006,79.06,90.9,盘中候选，等待收盘确认；跨日连续Top100 21天,aster-deep-v3-daily-cnn-ranking.csv
盘中候选,Aster Research,Deep v4 Shape Embedding 确认层,Aster,Aster Research · Deep v4 Shape Embedding 确认层,AIR,AAR CORP,Industrials,5,5,0,2026-08-19,5,0,21,1,135.850006,79.06,90.9,盘中候选，等待收盘确认；跨日连续Top100 21天,aster-deep-v4-shape-embedding-ranking.csv
盘中候选,Aster Research,Deep v3 Daily CNN 确认层,Aster,Aster Research · Deep v3 Daily CNN 确认层,GCO,GENESCO INC,Consumer Discretionary,6,6,0,2026-08-19,6,0,21,1,37.150002,78.98,90.6,盘中候选，等待收盘确认；跨日连续Top100 21天,aster-deep-v3-daily-cnn-ranking.csv
盘中候选,Aster Research,Deep v4 Shape Embedding 确认层,Aster,Aster Research · Deep v4 Shape Embedding 确认层,GCO,GENESCO INC,Consumer Discretionary,6,6,0,2026-08-19,6,0,21,1,37.150002,78.98,90.6,盘中候选，等待收盘确认；跨日连续Top100 21天,aster-deep-v4-shape-embedding-ranking.csv
盘中候选,Aster Research,Deep v3 Daily CNN 确认层,Aster,Aster Research · Deep v3 Daily CNN 确认层,ULTA,Ulta Beauty,Consumer Discretionary,7,7,0,2026-08-19,7,0,21,1,488.079987,78.82,90.2,盘中候选，等待收盘确认；跨日连续Top100 21天,aster-deep-v3-daily-cnn-ranking.csv
盘中候选,Aster Research,Deep v4 Shape Embedding 确认层,Aster,Aster Research · Deep v4 Shape Embedding 确认层,ULTA,Ulta Beauty,Consumer Discretionary,7,7,0,2026-08-19,7,0,21,1,488.079987,78.82,90.2,盘中候选，等待收盘确认；跨日连续Top100 21天,aster-deep-v4-shape-embedding-ranking.csv
盘中候选,Aster Research,Deep v3 Daily CNN 确认层,Aster,Aster Research · Deep v3 Daily CNN 确认层,FOXA,Fox Corporation (Class A),Communication Services,8,8,0,2026-08-19,8,0,21,1,57.48,78.66,89.8,盘中候选，等待收盘确认；跨日连续Top100 21天,aster-deep-v3-daily-cnn-ranking.csv
盘中候选,Aster Research,Deep v4 Shape Embedding 确认层,Aster,Aster Research · Deep v4 Shape Embedding 确认层,FOXA,Fox Corporation (Class A),Communication Services,8,8,0,2026-08-19,8,0,21,1,57.48,78.66,89.8,盘中候选，等待收盘确认；跨日连续Top100 21天,aster-deep-v4-shape-embedding-ranking.csv
盘中候选,Aster Research,Deep v3 Daily CNN 确认层,Aster,Aster Research · Deep v3 Daily CNN 确认层,FOX,Fox Corporation (Class B),Communication Services,9,9,0,2026-08-19,9,0,21,1,51.549999,78.62,89.5,盘中候选，等待收盘确认；跨日连续Top100 21天,aster-deep-v3-daily-cnn-ranking.csv
盘中候选,Aster Research,Deep v4 Shape Embedding 确认层,Aster,Aster Research · Deep v4 Shape Embedding 确认层,FOX,Fox Corporation (Class B),Communication Services,9,9,0,2026-08-19,9,0,21,1,51.549999,78.62,89.5,盘中候选，等待收盘确认；跨日连续Top100 21天,aster-deep-v4-shape-embedding-ranking.csv
盘中候选,Aster Research,Deep v3 Daily CNN 确认层,Aster,Aster Research · Deep v3 Daily CNN 确认层,NOG,NORTHERN OIL AND GAS INC,Energy,10,10,0,2026-08-19,10,0,21,1,21.200001,78.62,89.1,盘中候选，等待收盘确认；跨日连续Top100 21天,aster-deep-v3-daily-cnn-ranking.csv
盘中候选,Aster Research,Deep v4 Shape Embedding 确认层,Aster,Aster Research · Deep v4 Shape Embedding 确认层,NOG,NORTHERN OIL AND GAS INC,Energy,10,10,0,2026-08-19,10,0,21,1,21.200001,78.62,89.1,盘中候选，等待收盘确认；跨日连续Top100 21天,aster-deep-v4-shape-embedding-ranking.csv
盘中候选,Aster Research,Deep v3 Daily CNN 确认层,Aster,Aster Research · Deep v3 Daily CNN 确认层,AKAM,Akamai Technologies,Information Technology,11,11,0,2026-08-19,11,0,21,1,123.129997,78.21,88.7,盘中候选，等待收盘确认；跨日连续Top100 21天,aster-deep-v3-daily-cnn-ranking.csv
盘中候选,Aster Research,Deep v4 Shape Embedding 确认层,Aster,Aster Research · Deep v4 Shape Embedding 确认层,AKAM,Akamai Technologies,Information Technology,11,11,0,2026-08-19,11,0,21,1,123.129997,78.21,88.7,盘中候选，等待收盘确认；跨日连续Top100 21天,aster-deep-v4-shape-embedding-ranking.csv
盘中候选,Aster Research,Deep v3 Daily CNN 确认层,Aster,Aster Research · Deep v3 Daily CNN 确认层,FISV,Fiserv,Financials,12,12,0,2026-08-19,12,0,21,1,51.68,77.66,88.3,盘中候选，等待收盘确认；跨日连续Top100 21天,aster-deep-v3-daily-cnn-ranking.csv
盘中候选,Aster Research,Deep v4 Shape Embedding 确认层,Aster,Aster Research · Deep v4 Shape Embedding 确认层,FISV,Fiserv,Financials,12,12,0,2026-08-19,12,0,21,1,51.68,77.66,88.3,盘中候选，等待收盘确认；跨日连续Top100 21天,aster-deep-v4-shape-embedding-ranking.csv
盘中候选,Aster Research,Deep v3 Daily CNN 确认层,Aster,Aster Research · Deep v3 Daily CNN 确认层,TRMB,Trimble Inc.,Information Technology,13,13,0,2026-08-19,13,0,21,1,53.209999,77.53,87.9,盘中候选，等待收盘确认；跨日连续Top100 21天,aster-deep-v3-daily-cnn-ranking.csv
盘中候选,Aster Research,Deep v4 Shape Embedding 确认层,Aster,Aster Research · Deep v4 Shape Embedding 确认层,TRMB,Trimble Inc.,Information Technology,13,13,0,2026-08-19,13,0,21,1,53.209999,77.53,87.9,盘中候选，等待收盘确认；跨日连续Top100 21天,aster-deep-v4-shape-embedding-ranking.csv
盘中候选,Aster Research,Deep v3 Daily CNN 确认层,Aster,Aster Research · Deep v3 Daily CNN 确认层,BG,Bunge Global,Consumer Staples,14,14,0,2026-08-19,14,0,21,1,120.650002,77.29,87.5,盘中候选，等待收盘确认；跨日连续Top100 21天,aster-deep-v3-daily-cnn-ranking.csv
盘中候选,Aster Research,Deep v4 Shape Embedding 确认层,Aster,Aster Research · Deep v4 Shape Embedding 确认层,BG,Bunge Global,Consumer Staples,14,14,0,2026-08-19,14,0,21,1,120.650002,77.29,87.5,盘中候选，等待收盘确认；跨日连续Top100 21天,aster-deep-v4-shape-embedding-ranking.csv
盘中候选,Aster Research,Deep v3 Daily CNN 确认层,Aster,Aster Research · Deep v3 Daily CNN 确认层,RHP,RYMAN HOSPITALITY PROPERTIES REIT,Real Estate,15,15,0,2026-08-19,15,0,21,1,127.860001,76.97,87.2,盘中候选，等待收盘确认；跨日连续Top100 21天,aster-deep-v3-daily-cnn-ranking.csv
盘中候选,Aster Research,Deep v4 Shape Embedding 确认层,Aster,Aster Research · Deep v4 Shape Embedding 确认层,RHP,RYMAN HOSPITALITY PROPERTIES REIT,Real Estate,15,15,0,2026-08-19,15,0,21,1,127.860001,76.97,87.2,盘中候选，等待收盘确认；跨日连续Top100 21天,aster-deep-v4-shape-embedding-ranking.csv
盘中候选,Aster Research,Deep v3 Daily CNN 确认层,Aster,Aster Research · Deep v3 Daily CNN 确认层,GENI,GENIUS SPORTS LTD,Consumer Discretionary,16,16,0,2026-08-19,16,0,21,1,6.755,76.46,86.8,盘中候选，等待收盘确认；跨日连续Top100 21天,aster-deep-v3-daily-cnn-ranking.csv
盘中候选,Aster Research,Deep v4 Shape Embedding 确认层,Aster,Aster Research · Deep v4 Shape Embedding 确认层,GENI,GENIUS SPORTS LTD,Consumer Discretionary,16,16,0,2026-08-19,16,0,21,1,6.755,76.46,86.8,盘中候选，等待收盘确认；跨日连续Top100 21天,aster-deep-v4-shape-embedding-ranking.csv
盘中候选,Aster Research,Deep v3 Daily CNN 确认层,Aster,Aster Research · Deep v3 Daily CNN 确认层,MAT,"Mattel, Inc. - Common Stock",,17,17,0,2026-08-19,17,0,21,1,14.14,76.32,86.4,盘中候选，等待收盘确认；跨日连续Top100 21天,aster-deep-v3-daily-cnn-ranking.csv
盘中候选,Aster Research,Deep v4 Shape Embedding 确认层,Aster,Aster Research · Deep v4 Shape Embedding 确认层,MAT,"Mattel, Inc. - Common Stock",,17,17,0,2026-08-19,17,0,21,1,14.14,76.32,86.4,盘中候选，等待收盘确认；跨日连续Top100 21天,aster-deep-v4-shape-embedding-ranking.csv
盘中候选,Aster Research,Deep v3 Daily CNN 确认层,Aster,Aster Research · Deep v3 Daily CNN 确认层,LH,Labcorp,Health Care,18,18,0,2026-08-19,18,0,21,1,281.531006,76.25,86.0,盘中候选，等待收盘确认；跨日连续Top100 21天,aster-deep-v3-daily-cnn-ranking.csv
盘中候选,Aster Research,Deep v4 Shape Embedding 确认层,Aster,Aster Research · Deep v4 Shape Embedding 确认层,LH,Labcorp,Health Care,18,18,0,2026-08-19,18,0,21,1,281.531006,76.25,86.0,盘中候选，等待收盘确认；跨日连续Top100 21天,aster-deep-v4-shape-embedding-ranking.csv
盘中候选,Prism,Nasdaq 200,日线,Prism · Nasdaq 200 · 日线,WDAY,"Workday, Inc.",Information Technology,1,1,0,2026-08-19,2,-1,21,1,197.820007,,85.9,盘中候选，等待收盘确认；跨日连续Top100 21天,prism-nasdaq200-ranking-timeline.csv
盘中候选,Other,All,Ranking,aster-deep-v3-daily-cnn-ranking-timeline,COP,ConocoPhillips,Energy,1,1,0,2026-08-19,1,0,21,1,115.665001,,85.9,盘中候选，等待收盘确认；跨日连续Top100 21天,aster-deep-v3-daily-cnn-ranking-timeline.csv
盘中候选,Other,All,Ranking,aster-deep-v4-shape-embedding-ranking-timeline,COP,ConocoPhillips,Energy,1,1,0,2026-08-19,1,0,21,1,115.665001,,85.9,盘中候选，等待收盘确认；跨日连续Top100 21天,aster-deep-v4-shape-embedding-ranking-timeline.csv
盘中候选,Aster Research,Deep v3 Daily CNN 确认层,Aster,Aster Research · Deep v3 Daily CNN 确认层,CTVA,Corteva,Materials,19,19,0,2026-08-19,19,0,21,1,86.790001,75.78,85.6,盘中候选，等待收盘确认；跨日连续Top100 21天,aster-deep-v3-daily-cnn-ranking.csv
盘中候选,Aster Research,Deep v4 Shape Embedding 确认层,Aster,Aster Research · Deep v4 Shape Embedding 确认层,CTVA,Corteva,Materials,19,19,0,2026-08-19,19,0,21,1,86.790001,75.78,85.6,盘中候选，等待收盘确认；跨日连续Top100 21天,aster-deep-v4-shape-embedding-ranking.csv
盘中候选,Prism,Nasdaq 200,日线,Prism · Nasdaq 200 · 日线,PLTR,Palantir Technologies,Information Technology,2,2,0,2026-08-19,3,-1,21,1,175.419998,,85.5,盘中候选，等待收盘确认；跨日连续Top100 21天,prism-nasdaq200-ranking-timeline.csv
盘中候选,Other,All,Ranking,aster-deep-v3-daily-cnn-ranking-timeline,MUR,MURPHY OIL CORP,Energy,2,2,0,2026-08-19,2,0,21,1,36.825001,,85.5,盘中候选，等待收盘确认；跨日连续Top100 21天,aster-deep-v3-daily-cnn-ranking-timeline.csv
盘中候选,Other,All,Ranking,aster-deep-v4-shape-embedding-ranking-timeline,MUR,MURPHY OIL CORP,Energy,2,2,0,2026-08-19,2,0,21,1,36.825001,,85.5,盘中候选，等待收盘确认；跨日连续Top100 21天,aster-deep-v4-shape-embedding-ranking-timeline.csv
盘中候选,Aster Research,Deep v3 Daily CNN 确认层,Aster,Aster Research · Deep v3 Daily CNN 确认层,SBRA,SABRA HEALTH CARE REIT INC,Real Estate,20,20,0,2026-08-19,20,0,21,1,20.0,75.75,85.3,盘中候选，等待收盘确认；跨日连续Top100 21天,aster-deep-v3-daily-cnn-ranking.csv
盘中候选,Aster Research,Deep v4 Shape Embedding 确认层,Aster,Aster Research · Deep v4 Shape Embedding 确认层,SBRA,SABRA HEALTH CARE REIT INC,Real Estate,20,20,0,2026-08-19,20,0,21,1,20.0,75.75,85.3,盘中候选，等待收盘确认；跨日连续Top100 21天,aster-deep-v4-shape-embedding-ranking.csv
盘中候选,Prism,Nasdaq 200,日线,Prism · Nasdaq 200 · 日线,PTC,PTC Inc.,Information Technology,3,3,0,2026-08-19,5,-2,21,1,153.104996,,85.2,盘中候选，等待收盘确认；跨日连续Top100 21天,prism-nasdaq200-ranking-timeline.csv
盘中候选,Prism,Nasdaq Liquid 500,日线,Prism · Nasdaq Liquid 500 · 日线,WDAY,"Workday, Inc.",Information Technology,3,3,0,2026-08-19,5,-2,21,1,197.820007,,85.2,盘中候选，等待收盘确认；跨日连续Top100 21天,prism-nasdaq500-ranking-timeline.csv
盘中候选,Other,All,Ranking,aster-deep-v3-daily-cnn-ranking-timeline,FIVE,"Five Below, Inc. - Common Stock",,3,3,0,2026-08-19,3,0,21,1,204.139999,,85.2,盘中候选，等待收盘确认；跨日连续Top100 21天,aster-deep-v3-daily-cnn-ranking-timeline.csv
盘中候选,Other,All,Ranking,aster-deep-v4-shape-embedding-ranking-timeline,FIVE,"Five Below, Inc. - Common Stock",,3,3,0,2026-08-19,3,0,21,1,204.139999,,85.2,盘中候选，等待收盘确认；跨日连续Top100 21天,aster-deep-v4-shape-embedding-ranking-timeline.csv
盘中候选,Aster Research,Deep v3 Daily CNN 确认层,Aster,Aster Research · Deep v3 Daily CNN 确认层,ROP,Roper Technologies,Information Technology,21,21,0,2026-08-19,21,0,21,1,362.839996,75.69,84.9,盘中候选，等待收盘确认；跨日连续Top100 21天,aster-deep-v3-daily-cnn-ranking.csv
盘中候选,Aster Research,Deep v4 Shape Embedding 确认层,Aster,Aster Research · Deep v4 Shape Embedding 确认层,ROP,Roper Technologies,Information Technology,21,21,0,2026-08-19,21,0,21,1,362.839996,75.69,84.9,盘中候选，等待收盘确认；跨日连续Top100 21天,aster-deep-v4-shape-embedding-ranking.csv
盘中候选,Prism,Nasdaq 200,日线,Prism · Nasdaq 200 · 日线,DXCM,Dexcom,Health Care,4,4,0,2026-08-19,10,-6,21,1,90.82,,84.8,盘中候选，等待收盘确认；跨日连续Top100 21天,prism-nasdaq200-ranking-timeline.csv
盘中候选,Other,All,Ranking,aster-deep-v3-daily-cnn-ranking-timeline,CLW,CLEARWATER PAPER CORP,Materials,4,4,0,2026-08-19,4,0,21,1,16.424999,,84.8,盘中候选，等待收盘确认；跨日连续Top100 21天,aster-deep-v3-daily-cnn-ranking-timeline.csv
盘中候选,Other,All,Ranking,aster-deep-v4-shape-embedding-ranking-timeline,CLW,CLEARWATER PAPER CORP,Materials,4,4,0,2026-08-19,4,0,21,1,16.424999,,84.8,盘中候选，等待收盘确认；跨日连续Top100 21天,aster-deep-v4-shape-embedding-ranking-timeline.csv
盘中候选,Prism,Nasdaq 200,日线,Prism · Nasdaq 200 · 日线,REGN,Regeneron Pharmaceuticals,Health Care,5,5,0,2026-08-19,4,1,21,1,837.255005,,84.5,盘中候选，等待收盘确认；跨日连续Top100 21天,prism-nasdaq200-ranking-timeline.csv
盘中候选,Prism,Russell,日线,Prism · Russell · 日线,LBRX,LB PHARMACEUTICALS INC,Health Care,5,5,0,2026-08-19,2,3,21,1,47.959999,,84.5,盘中候选，等待收盘确认；跨日连续Top100 21天,prism-russell2000-ranking-timeline.csv
盘中候选,Aster Research,Deep v3 Daily CNN 确认层,Aster,Aster Research · Deep v3 Daily CNN 确认层,MSFT,Microsoft,Information Technology,22,22,0,2026-08-19,22,0,21,1,402.290009,75.61,84.5,盘中候选，等待收盘确认；跨日连续Top100 21天,aster-deep-v3-daily-cnn-ranking.csv
盘中候选,Aster Research,Deep v4 Shape Embedding 确认层,Aster,Aster Research · Deep v4 Shape Embedding 确认层,MSFT,Microsoft,Information Technology,22,22,0,2026-08-19,22,0,21,1,402.290009,75.61,84.5,盘中候选，等待收盘确认；跨日连续Top100 21天,aster-deep-v4-shape-embedding-ranking.csv
盘中候选,Other,All,Ranking,aster-deep-v3-daily-cnn-ranking-timeline,AIR,AAR CORP,Industrials,5,5,0,2026-08-19,5,0,21,1,135.850006,,84.5,盘中候选，等待收盘确认；跨日连续Top100 21天,aster-deep-v3-daily-cnn-ranking-timeline.csv
盘中候选,Other,All,Ranking,aster-deep-v4-shape-embedding-ranking-timeline,AIR,AAR CORP,Industrials,5,5,0,2026-08-19,5,0,21,1,135.850006,,84.5,盘中候选，等待收盘确认；跨日连续Top100 21天,aster-deep-v4-shape-embedding-ranking-timeline.csv
盘中候选,Aster Research,Deep v3 Daily CNN 确认层,Aster,Aster Research · Deep v3 Daily CNN 确认层,TYL,Tyler Technologies,Information Technology,23,23,0,2026-08-19,23,0,21,1,317.920013,75.55,84.2,盘中候选，等待收盘确认；跨日连续Top100 21天,aster-deep-v3-daily-cnn-ranking.csv
盘中候选,Aster Research,Deep v4 Shape Embedding 确认层,Aster,Aster Research · Deep v4 Shape Embedding 确认层,TYL,Tyler Technologies,Information Technology,23,23,0,2026-08-19,23,0,21,1,317.920013,75.55,84.2,盘中候选，等待收盘确认；跨日连续Top100 21天,aster-deep-v4-shape-embedding-ranking.csv
盘中候选,Prism,Nasdaq 200,日线,Prism · Nasdaq 200 · 日线,INTU,Intuit,Information Technology,6,6,0,2026-08-19,9,-3,21,1,362.730011,,84.1,盘中候选，等待收盘确认；跨日连续Top100 21天,prism-nasdaq200-ranking-timeline.csv
盘中候选,Other,All,Ranking,aster-deep-v3-daily-cnn-ranking-timeline,GCO,GENESCO INC,Consumer Discretionary,6,6,0,2026-08-19,6,0,21,1,37.150002,,84.1,盘中候选，等待收盘确认；跨日连续Top100 21天,aster-deep-v3-daily-cnn-ranking-timeline.csv
盘中候选,Other,All,Ranking,aster-deep-v4-shape-embedding-ranking-timeline,GCO,GENESCO INC,Consumer Discretionary,6,6,0,2026-08-19,6,0,21,1,37.150002,,84.1,盘中候选，等待收盘确认；跨日连续Top100 21天,aster-deep-v4-shape-embedding-ranking-timeline.csv
盘中候选,Aster Research,Deep v3 Daily CNN 确认层,Aster,Aster Research · Deep v3 Daily CNN 确认层,EG,Everest Group,Financials,24,24,0,2026-08-19,24,0,21,1,379.089996,75.19,83.8,盘中候选，等待收盘确认；跨日连续Top100 21天,aster-deep-v3-daily-cnn-ranking.csv
盘中候选,Aster Research,Deep v4 Shape Embedding 确认层,Aster,Aster Research · Deep v4 Shape Embedding 确认层,EG,Everest Group,Financials,24,24,0,2026-08-19,24,0,21,1,379.089996,75.19,83.8,盘中候选，等待收盘确认；跨日连续Top100 21天,aster-deep-v4-shape-embedding-ranking.csv
盘中候选,Prism,S&P 500,日线,Prism · S&P 500 · 日线,IQV,IQVIA,Health Care,7,7,0,2026-08-19,8,-1,21,1,255.589996,,83.7,盘中候选，等待收盘确认；跨日连续Top100 21天,prism-spx-ranking-timeline.csv
盘中候选,Other,All,Ranking,aster-deep-v3-daily-cnn-ranking-timeline,ULTA,Ulta Beauty,Consumer Discretionary,7,7,0,2026-08-19,7,0,21,1,488.079987,,83.7,盘中候选，等待收盘确认；跨日连续Top100 21天,aster-deep-v3-daily-cnn-ranking-timeline.csv
盘中候选,Other,All,Ranking,aster-deep-v4-shape-embedding-ranking-timeline,ULTA,Ulta Beauty,Consumer Discretionary,7,7,0,2026-08-19,7,0,21,1,488.079987,,83.7,盘中候选，等待收盘确认；跨日连续Top100 21天,aster-deep-v4-shape-embedding-ranking-timeline.csv
盘中候选,Aster Research,Deep v3 Daily CNN 确认层,Aster,Aster Research · Deep v3 Daily CNN 确认层,PRGO,PERRIGO PLC,Health Care,25,25,0,2026-08-19,25,0,21,1,10.58,74.83,83.4,盘中候选，等待收盘确认；跨日连续Top100 21天,aster-deep-v3-daily-cnn-ranking.csv
盘中候选,Aster Research,Deep v4 Shape Embedding 确认层,Aster,Aster Research · Deep v4 Shape Embedding 确认层,PRGO,PERRIGO PLC,Health Care,25,25,0,2026-08-19,25,0,21,1,10.58,74.83,83.4,盘中候选，等待收盘确认；跨日连续Top100 21天,aster-deep-v4-shape-embedding-ranking.csv
盘中候选,Other,All,Ranking,aster-deep-v3-daily-cnn-ranking-timeline,FOXA,Fox Corporation (Class A),Communication Services,8,8,0,2026-08-19,8,0,21,1,57.48,,83.4,盘中候选，等待收盘确认；跨日连续Top100 21天,aster-deep-v3-daily-cnn-ranking-timeline.csv
盘中候选,Other,All,Ranking,aster-deep-v4-shape-embedding-ranking-timeline,FOXA,Fox Corporation (Class A),Communication Services,8,8,0,2026-08-19,8,0,21,1,57.48,,83.4,盘中候选，等待收盘确认；跨日连续Top100 21天,aster-deep-v4-shape-embedding-ranking-timeline.csv
盘中候选,Prism,S&P 500,日线,Prism · S&P 500 · 日线,REGN,Regeneron Pharmaceuticals,Health Care,9,9,0,2026-08-19,7,2,21,1,837.255005,,83.0,盘中候选，等待收盘确认；跨日连续Top100 21天,prism-spx-ranking-timeline.csv
盘中候选,Prism,Nasdaq 200,日线,Prism · Nasdaq 200 · 日线,AMGN,Amgen,Health Care,9,9,0,2026-08-19,8,1,21,1,437.149994,,83.0,盘中候选，等待收盘确认；跨日连续Top100 21天,prism-nasdaq200-ranking-timeline.csv
盘中候选,Aster Research,Deep v3 Daily CNN 确认层,Aster,Aster Research · Deep v3 Daily CNN 确认层,HIG,Hartford (The),Financials,26,26,0,2026-08-19,26,0,21,1,140.5,74.64,83.0,盘中候选，等待收盘确认；跨日连续Top100 21天,aster-deep-v3-daily-cnn-ranking.csv
盘中候选,Aster Research,Deep v4 Shape Embedding 确认层,Aster,Aster Research · Deep v4 Shape Embedding 确认层,HIG,Hartford (The),Financials,26,26,0,2026-08-19,26,0,21,1,140.5,74.64,83.0,盘中候选，等待收盘确认；跨日连续Top100 21天,aster-deep-v4-shape-embedding-ranking.csv
盘中候选,Other,All,Ranking,aster-deep-v3-daily-cnn-ranking-timeline,FOX,Fox Corporation (Class B),Communication Services,9,9,0,2026-08-19,9,0,21,1,51.549999,,83.0,盘中候选，等待收盘确认；跨日连续Top100 21天,aster-deep-v3-daily-cnn-ranking-timeline.csv
盘中候选,Other,All,Ranking,aster-deep-v4-shape-embedding-ranking-timeline,FOX,Fox Corporation (Class B),Communication Services,9,9,0,2026-08-19,9,0,21,1,51.549999,,83.0,盘中候选，等待收盘确认；跨日连续Top100 21天,aster-deep-v4-shape-embedding-ranking-timeline.csv
盘中候选,Prism,Nasdaq 200,日线,Prism · Nasdaq 200 · 日线,ADBE,Adobe Inc.,Information Technology,10,10,0,2026-08-19,16,-6,21,1,272.899994,,82.7,盘中候选，等待收盘确认；跨日连续Top100 21天,prism-nasdaq200-ranking-timeline.csv
盘中候选,Prism,Nasdaq Liquid 500,日线,Prism · Nasdaq Liquid 500 · 日线,PTC,PTC Inc.,Information Technology,10,10,0,2026-08-19,11,-1,21,1,153.104996,,82.7,盘中候选，等待收盘确认；跨日连续Top100 21天,prism-nasdaq500-ranking-timeline.csv
盘中候选,Other,All,Ranking,aster-deep-v3-daily-cnn-ranking-timeline,NOG,NORTHERN OIL AND GAS INC,Energy,10,10,0,2026-08-19,10,0,21,1,21.200001,,82.7,盘中候选，等待收盘确认；跨日连续Top100 21天,aster-deep-v3-daily-cnn-ranking-timeline.csv
盘中候选,Other,All,Ranking,aster-deep-v4-shape-embedding-ranking-timeline,NOG,NORTHERN OIL AND GAS INC,Energy,10,10,0,2026-08-19,10,0,21,1,21.200001,,82.7,盘中候选，等待收盘确认；跨日连续Top100 21天,aster-deep-v4-shape-embedding-ranking-timeline.csv
盘中候选,Aster Research,Deep v3 Daily CNN 确认层,Aster,Aster Research · Deep v3 Daily CNN 确认层,PBH,PRESTIGE CONSUMER HEALTHCARE INC,Health Care,27,27,0,2026-08-19,27,0,21,1,50.439999,74.61,82.6,盘中候选，等待收盘确认；跨日连续Top100 21天,aster-deep-v3-daily-cnn-ranking.csv
盘中候选,Aster Research,Deep v4 Shape Embedding 确认层,Aster,Aster Research · Deep v4 Shape Embedding 确认层,PBH,PRESTIGE CONSUMER HEALTHCARE INC,Health Care,27,27,0,2026-08-19,27,0,21,1,50.439999,74.61,82.6,盘中候选，等待收盘确认；跨日连续Top100 21天,aster-deep-v4-shape-embedding-ranking.csv
盘中候选,Prism,S&P 500,日线,Prism · S&P 500 · 日线,INTU,Intuit,Information Technology,11,11,0,2026-08-19,15,-4,21,1,362.730011,,82.3,盘中候选，等待收盘确认；跨日连续Top100 21天,prism-spx-ranking-timeline.csv
盘中候选,Prism,Nasdaq 200,日线,Prism · Nasdaq 200 · 日线,GEHC,GE HealthCare,Health Care,11,11,0,2026-08-19,13,-2,21,1,74.654999,,82.3,盘中候选，等待收盘确认；跨日连续Top100 21天,prism-nasdaq200-ranking-timeline.csv
盘中候选,Aster Research,Deep v3 Daily CNN 确认层,Aster,Aster Research · Deep v3 Daily CNN 确认层,TRST,TRUSTCO BANK CORP,Financials,28,28,0,2026-08-19,28,0,21,1,55.439999,74.61,82.3,盘中候选，等待收盘确认；跨日连续Top100 21天,aster-deep-v3-daily-cnn-ranking.csv
盘中候选,Aster Research,Deep v4 Shape Embedding 确认层,Aster,Aster Research · Deep v4 Shape Embedding 确认层,TRST,TRUSTCO BANK CORP,Financials,28,28,0,2026-08-19,28,0,21,1,55.439999,74.61,82.3,盘中候选，等待收盘确认；跨日连续Top100 21天,aster-deep-v4-shape-embedding-ranking.csv
盘中候选,Other,All,Ranking,aster-deep-v3-daily-cnn-ranking-timeline,AKAM,Akamai Technologies,Information Technology,11,11,0,2026-08-19,11,0,21,1,123.129997,,82.3,盘中候选，等待收盘确认；跨日连续Top100 21天,aster-deep-v3-daily-cnn-ranking-timeline.csv
盘中候选,Other,All,Ranking,aster-deep-v4-shape-embedding-ranking-timeline,AKAM,Akamai Technologies,Information Technology,11,11,0,2026-08-19,11,0,21,1,123.129997,,82.3,盘中候选，等待收盘确认；跨日连续Top100 21天,aster-deep-v4-shape-embedding-ranking-timeline.csv
盘中候选,Early,Nasdaq 200,日线,Early · Nasdaq 200 · 日线,WDAY,"Workday, Inc.",Information Technology,12,12,0,2026-08-19,21,-9,21,1,197.820007,,81.9,盘中候选，等待收盘确认；跨日连续Top100 21天,early-nasdaq200-ranking-timeline.csv
盘中候选,Prism,S&P 500,日线,Prism · S&P 500 · 日线,BAX,Baxter International,Health Care,12,12,0,2026-08-19,19,-7,21,1,26.700001,,81.9,盘中候选，等待收盘确认；跨日连续Top100 21天,prism-spx-ranking-timeline.csv
盘中候选,Prism,Nasdaq 200,日线,Prism · Nasdaq 200 · 日线,ADSK,Autodesk,Information Technology,12,12,0,2026-08-19,18,-6,21,1,253.339996,,81.9,盘中候选，等待收盘确认；跨日连续Top100 21天,prism-nasdaq200-ranking-timeline.csv
盘中候选,Aster Research,Deep v3 Daily CNN 确认层,Aster,Aster Research · Deep v3 Daily CNN 确认层,PENN,PENN ENTERTAINMENT INC,Consumer Discretionary,29,29,0,2026-08-19,29,0,21,1,21.23,74.41,81.9,盘中候选，等待收盘确认；跨日连续Top100 21天,aster-deep-v3-daily-cnn-ranking.csv
盘中候选,Aster Research,Deep v4 Shape Embedding 确认层,Aster,Aster Research · Deep v4 Shape Embedding 确认层,PENN,PENN ENTERTAINMENT INC,Consumer Discretionary,29,29,0,2026-08-19,29,0,21,1,21.23,74.41,81.9,盘中候选，等待收盘确认；跨日连续Top100 21天,aster-deep-v4-shape-embedding-ranking.csv
盘中候选,Other,All,Ranking,aster-deep-v3-daily-cnn-ranking-timeline,FISV,Fiserv,Financials,12,12,0,2026-08-19,12,0,21,1,51.68,,81.9,盘中候选，等待收盘确认；跨日连续Top100 21天,aster-deep-v3-daily-cnn-ranking-timeline.csv
盘中候选,Other,All,Ranking,aster-deep-v4-shape-embedding-ranking-timeline,FISV,Fiserv,Financials,12,12,0,2026-08-19,12,0,21,1,51.68,,81.9,盘中候选，等待收盘确认；跨日连续Top100 21天,aster-deep-v4-shape-embedding-ranking-timeline.csv
盘中候选,Prism,Nasdaq Liquid 500,日线,Prism · Nasdaq Liquid 500 · 日线,DXCM,Dexcom,Health Care,13,13,0,2026-08-19,30,-17,21,1,90.82,,81.6,盘中候选，等待收盘确认；跨日连续Top100 21天,prism-nasdaq500-ranking-timeline.csv
盘中候选,Other,All,Ranking,aster-deep-v3-daily-cnn-ranking-timeline,TRMB,Trimble Inc.,Information Technology,13,13,0,2026-08-19,13,0,21,1,53.209999,,81.6,盘中候选，等待收盘确认；跨日连续Top100 21天,aster-deep-v3-daily-cnn-ranking-timeline.csv
盘中候选,Other,All,Ranking,aster-deep-v4-shape-embedding-ranking-timeline,TRMB,Trimble Inc.,Information Technology,13,13,0,2026-08-19,13,0,21,1,53.209999,,81.6,盘中候选，等待收盘确认；跨日连续Top100 21天,aster-deep-v4-shape-embedding-ranking-timeline.csv
盘中候选,Aster Research,Deep v3 Daily CNN 确认层,Aster,Aster Research · Deep v3 Daily CNN 确认层,SSNC,"SS&C Technologies Holdings, Inc. - Common Stock",,30,30,0,2026-08-19,30,0,21,1,69.510002,74.39,81.5,盘中候选，等待收盘确认；跨日连续Top100 21天,aster-deep-v3-daily-cnn-ranking.csv
盘中候选,Aster Research,Deep v4 Shape Embedding 确认层,Aster,Aster Research · Deep v4 Shape Embedding 确认层,SSNC,"SS&C Technologies Holdings, Inc. - Common Stock",,30,30,0,2026-08-19,30,0,21,1,69.510002,74.39,81.5,盘中候选，等待收盘确认；跨日连续Top100 21天,aster-deep-v4-shape-embedding-ranking.csv
盘中候选,Prism,Nasdaq 200,日线,Prism · Nasdaq 200 · 日线,MSFT,Microsoft,Information Technology,14,14,0,2026-08-19,15,-1,21,1,482.095001,,81.2,盘中候选，等待收盘确认；跨日连续Top100 21天,prism-nasdaq200-ranking-timeline.csv
盘中候选,Prism,Nasdaq Liquid 500,日线,Prism · Nasdaq Liquid 500 · 日线,REGN,Regeneron Pharmaceuticals,Health Care,14,14,0,2026-08-19,9,5,21,1,837.255005,,81.2,盘中候选，等待收盘确认；跨日连续Top100 21天,prism-nasdaq500-ranking-timeline.csv
盘中候选,Aster Research,Deep v3 Daily CNN 确认层,Aster,Aster Research · Deep v3 Daily CNN 确认层,SPOK,SPOK HOLDINGS INC,Communication,31,31,0,2026-08-19,31,0,21,1,10.65,74.39,81.2,盘中候选，等待收盘确认；跨日连续Top100 21天,aster-deep-v3-daily-cnn-ranking.csv
盘中候选,Aster Research,Deep v4 Shape Embedding 确认层,Aster,Aster Research · Deep v4 Shape Embedding 确认层,SPOK,SPOK HOLDINGS INC,Communication,31,31,0,2026-08-19,31,0,21,1,10.65,74.39,81.2,盘中候选，等待收盘确认；跨日连续Top100 21天,aster-deep-v4-shape-embedding-ranking.csv
盘中候选,Other,All,Ranking,aster-deep-v3-daily-cnn-ranking-timeline,BG,Bunge Global,Consumer Staples,14,14,0,2026-08-19,14,0,21,1,120.650002,,81.2,盘中候选，等待收盘确认；跨日连续Top100 21天,aster-deep-v3-daily-cnn-ranking-timeline.csv
盘中候选,Other,All,Ranking,aster-deep-v4-shape-embedding-ranking-timeline,BG,Bunge Global,Consumer Staples,14,14,0,2026-08-19,14,0,21,1,120.650002,,81.2,盘中候选，等待收盘确认；跨日连续Top100 21天,aster-deep-v4-shape-embedding-ranking-timeline.csv
盘中候选,Prism,Nasdaq Liquid 500,日线,Prism · Nasdaq Liquid 500 · 日线,INTU,Intuit,Information Technology,15,15,0,2026-08-19,29,-14,21,1,362.730011,,80.8,盘中候选，等待收盘确认；跨日连续Top100 21天,prism-nasdaq500-ranking-timeline.csv
盘中候选,Aster Research,Deep v3 Daily CNN 确认层,Aster,Aster Research · Deep v3 Daily CNN 确认层,SDRL,SEADRILL LTD,Energy,32,32,0,2026-08-19,32,0,21,1,42.456001,74.39,80.8,盘中候选，等待收盘确认；跨日连续Top100 21天,aster-deep-v3-daily-cnn-ranking.csv
盘中候选,Aster Research,Deep v4 Shape Embedding 确认层,Aster,Aster Research · Deep v4 Shape Embedding 确认层,SDRL,SEADRILL LTD,Energy,32,32,0,2026-08-19,32,0,21,1,42.456001,74.39,80.8,盘中候选，等待收盘确认；跨日连续Top100 21天,aster-deep-v4-shape-embedding-ranking.csv
盘中候选,Other,All,Ranking,aster-deep-v3-daily-cnn-ranking-timeline,RHP,RYMAN HOSPITALITY PROPERTIES REIT,Real Estate,15,15,0,2026-08-19,15,0,21,1,127.860001,,80.8,盘中候选，等待收盘确认；跨日连续Top100 21天,aster-deep-v3-daily-cnn-ranking-timeline.csv
盘中候选,Other,All,Ranking,aster-deep-v4-shape-embedding-ranking-timeline,RHP,RYMAN HOSPITALITY PROPERTIES REIT,Real Estate,15,15,0,2026-08-19,15,0,21,1,127.860001,,80.8,盘中候选，等待收盘确认；跨日连续Top100 21天,aster-deep-v4-shape-embedding-ranking-timeline.csv
盘中候选,Aster Research,Deep v3 Daily CNN 确认层,Aster,Aster Research · Deep v3 Daily CNN 确认层,MDT,Medtronic,Health Care,33,33,0,2026-08-19,33,0,21,1,83.330002,74.35,80.5,盘中候选，等待收盘确认；跨日连续Top100 21天,aster-deep-v3-daily-cnn-ranking.csv
盘中候选,Aster Research,Deep v4 Shape Embedding 确认层,Aster,Aster Research · Deep v4 Shape Embedding 确认层,MDT,Medtronic,Health Care,33,33,0,2026-08-19,33,0,21,1,83.330002,74.35,80.5,盘中候选，等待收盘确认；跨日连续Top100 21天,aster-deep-v4-shape-embedding-ranking.csv
盘中候选,Other,All,Ranking,aster-deep-v3-daily-cnn-ranking-timeline,GENI,GENIUS SPORTS LTD,Consumer Discretionary,16,16,0,2026-08-19,16,0,21,1,6.755,,80.5,盘中候选，等待收盘确认；跨日连续Top100 21天,aster-deep-v3-daily-cnn-ranking-timeline.csv
盘中候选,Other,All,Ranking,aster-deep-v4-shape-embedding-ranking-timeline,GENI,GENIUS SPORTS LTD,Consumer Discretionary,16,16,0,2026-08-19,16,0,21,1,6.755,,80.5,盘中候选，等待收盘确认；跨日连续Top100 21天,aster-deep-v4-shape-embedding-ranking-timeline.csv
盘中候选,Aster Research,Deep v3 Daily CNN 确认层,Aster,Aster Research · Deep v3 Daily CNN 确认层,CMCSA,Comcast,Communication Services,34,34,0,2026-08-19,34,0,21,1,23.780001,74.28,80.1,盘中候选，等待收盘确认；跨日连续Top100 21天,aster-deep-v3-daily-cnn-ranking.csv
盘中候选,Aster Research,Deep v4 Shape Embedding 确认层,Aster,Aster Research · Deep v4 Shape Embedding 确认层,CMCSA,Comcast,Communication Services,34,34,0,2026-08-19,34,0,21,1,23.780001,74.28,80.1,盘中候选，等待收盘确认；跨日连续Top100 21天,aster-deep-v4-shape-embedding-ranking.csv
盘中候选,Other,All,Ranking,aster-deep-v3-daily-cnn-ranking-timeline,MAT,"Mattel, Inc. - Common Stock",,17,17,0,2026-08-19,17,0,21,1,14.14,,80.1,盘中候选，等待收盘确认；跨日连续Top100 21天,aster-deep-v3-daily-cnn-ranking-timeline.csv
盘中候选,Other,All,Ranking,aster-deep-v4-shape-embedding-ranking-timeline,MAT,"Mattel, Inc. - Common Stock",,17,17,0,2026-08-19,17,0,21,1,14.14,,80.1,盘中候选，等待收盘确认；跨日连续Top100 21天,aster-deep-v4-shape-embedding-ranking-timeline.csv
盘中候选,Prism,S&P 500,日线,Prism · S&P 500 · 日线,AMGN,Amgen,Health Care,18,18,0,2026-08-19,13,5,21,1,437.149994,,79.8,盘中候选，等待收盘确认；跨日连续Top100 21天,prism-spx-ranking-timeline.csv
盘中候选,Prism,Nasdaq 200,日线,Prism · Nasdaq 200 · 日线,VRTX,Vertex Pharmaceuticals,Health Care,18,18,0,2026-08-19,21,-3,21,1,547.710022,,79.8,盘中候选，等待收盘确认；跨日连续Top100 21天,prism-nasdaq200-ranking-timeline.csv
盘中候选,Other,All,Ranking,aster-deep-v3-daily-cnn-ranking-timeline,LH,Labcorp,Health Care,18,18,0,2026-08-19,18,0,21,1,281.531006,,79.8,盘中候选，等待收盘确认；跨日连续Top100 21天,aster-deep-v3-daily-cnn-ranking-timeline.csv
盘中候选,Other,All,Ranking,aster-deep-v4-shape-embedding-ranking-timeline,LH,Labcorp,Health Care,18,18,0,2026-08-19,18,0,21,1,281.531006,,79.8,盘中候选，等待收盘确认；跨日连续Top100 21天,aster-deep-v4-shape-embedding-ranking-timeline.csv
盘中候选,Aster Research,Deep v3 Daily CNN 确认层,Aster,Aster Research · Deep v3 Daily CNN 确认层,SAM,BOSTON BEER INC CLASS A,Consumer Staples,35,35,0,2026-08-19,35,0,21,1,180.669998,74.21,79.7,盘中候选，等待收盘确认；跨日连续Top100 21天,aster-deep-v3-daily-cnn-ranking.csv
盘中候选,Aster Research,Deep v4 Shape Embedding 确认层,Aster,Aster Research · Deep v4 Shape Embedding 确认层,SAM,BOSTON BEER INC CLASS A,Consumer Staples,35,35,0,2026-08-19,35,0,21,1,180.669998,74.21,79.7,盘中候选，等待收盘确认；跨日连续Top100 21天,aster-deep-v4-shape-embedding-ranking.csv
盘中候选,Aster Research,Deep v3 Daily CNN 确认层,Aster,Aster Research · Deep v3 Daily CNN 确认层,DPZ,Domino's,Consumer Discretionary,36,36,0,2026-08-19,36,0,21,1,328.970001,74.2,79.4,盘中候选，等待收盘确认；跨日连续Top100 21天,aster-deep-v3-daily-cnn-ranking.csv
盘中候选,Aster Research,Deep v4 Shape Embedding 确认层,Aster,Aster Research · Deep v4 Shape Embedding 确认层,DPZ,Domino's,Consumer Discretionary,36,36,0,2026-08-19,36,0,21,1,328.970001,74.2,79.4,盘中候选，等待收盘确认；跨日连续Top100 21天,aster-deep-v4-shape-embedding-ranking.csv
盘中候选,Other,All,Ranking,aster-deep-v3-daily-cnn-ranking-timeline,CTVA,Corteva,Materials,19,19,0,2026-08-19,19,0,21,1,86.790001,,79.4,盘中候选，等待收盘确认；跨日连续Top100 21天,aster-deep-v3-daily-cnn-ranking-timeline.csv
盘中候选,Other,All,Ranking,aster-deep-v4-shape-embedding-ranking-timeline,CTVA,Corteva,Materials,19,19,0,2026-08-19,19,0,21,1,86.790001,,79.4,盘中候选，等待收盘确认；跨日连续Top100 21天,aster-deep-v4-shape-embedding-ranking-timeline.csv
盘中候选,Prism,Nasdaq 200,日线,Prism · Nasdaq 200 · 日线,TRMB,Trimble Inc.,Information Technology,20,20,0,2026-08-19,22,-2,21,1,59.459999,,79.0,盘中候选，等待收盘确认；跨日连续Top100 21天,prism-nasdaq200-ranking-timeline.csv
盘中候选,Aster Research,Deep v3 Daily CNN 确认层,Aster,Aster Research · Deep v3 Daily CNN 确认层,ARDT,ARDENT HEALTH INC,Health Care,37,37,0,2026-08-19,37,0,21,1,10.46,74.14,79.0,盘中候选，等待收盘确认；跨日连续Top100 21天,aster-deep-v3-daily-cnn-ranking.csv
盘中候选,Aster Research,Deep v4 Shape Embedding 确认层,Aster,Aster Research · Deep v4 Shape Embedding 确认层,ARDT,ARDENT HEALTH INC,Health Care,37,37,0,2026-08-19,37,0,21,1,10.46,74.14,79.0,盘中候选，等待收盘确认；跨日连续Top100 21天,aster-deep-v4-shape-embedding-ranking.csv
盘中候选,Other,All,Ranking,aster-deep-v3-daily-cnn-ranking-timeline,SBRA,SABRA HEALTH CARE REIT INC,Real Estate,20,20,0,2026-08-19,20,0,21,1,20.0,,79.0,盘中候选，等待收盘确认；跨日连续Top100 21天,aster-deep-v3-daily-cnn-ranking-timeline.csv
盘中候选,Other,All,Ranking,aster-deep-v4-shape-embedding-ranking-timeline,SBRA,SABRA HEALTH CARE REIT INC,Real Estate,20,20,0,2026-08-19,20,0,21,1,20.0,,79.0,盘中候选，等待收盘确认；跨日连续Top100 21天,aster-deep-v4-shape-embedding-ranking-timeline.csv
盘中候选,Other,All,Ranking,aster-deep-v3-daily-cnn-ranking-timeline,ROP,Roper Technologies,Information Technology,21,21,0,2026-08-19,21,0,21,1,362.839996,,78.7,盘中候选，等待收盘确认；跨日连续Top100 21天,aster-deep-v3-daily-cnn-ranking-timeline.csv
盘中候选,Other,All,Ranking,aster-deep-v4-shape-embedding-ranking-timeline,ROP,Roper Technologies,Information Technology,21,21,0,2026-08-19,21,0,21,1,362.839996,,78.7,盘中候选，等待收盘确认；跨日连续Top100 21天,aster-deep-v4-shape-embedding-ranking-timeline.csv
盘中候选,Aster Research,Deep v3 Daily CNN 确认层,Aster,Aster Research · Deep v3 Daily CNN 确认层,GPN,Global Payments,Financials,38,38,0,2026-08-19,38,0,21,1,82.370003,74.12,78.6,盘中候选，等待收盘确认；跨日连续Top100 21天,aster-deep-v3-daily-cnn-ranking.csv
盘中候选,Aster Research,Deep v4 Shape Embedding 确认层,Aster,Aster Research · Deep v4 Shape Embedding 确认层,GPN,Global Payments,Financials,38,38,0,2026-08-19,38,0,21,1,82.370003,74.12,78.6,盘中候选，等待收盘确认；跨日连续Top100 21天,aster-deep-v4-shape-embedding-ranking.csv
盘中候选,Prism,Nasdaq 200,日线,Prism · Nasdaq 200 · 日线,NTAP,NetApp,Information Technology,22,22,0,2026-08-19,14,8,21,1,195.070007,,78.3,盘中候选，等待收盘确认；跨日连续Top100 21天,prism-nasdaq200-ranking-timeline.csv
盘中候选,Aster Research,Deep v3 Daily CNN 确认层,Aster,Aster Research · Deep v3 Daily CNN 确认层,ORKA,ORUKA THERAPEUTICS INC,Health Care,39,39,0,2026-08-19,39,0,21,1,91.709999,73.98,78.3,盘中候选，等待收盘确认；跨日连续Top100 21天,aster-deep-v3-daily-cnn-ranking.csv
盘中候选,Aster Research,Deep v4 Shape Embedding 确认层,Aster,Aster Research · Deep v4 Shape Embedding 确认层,ORKA,ORUKA THERAPEUTICS INC,Health Care,39,39,0,2026-08-19,39,0,21,1,91.709999,73.98,78.3,盘中候选，等待收盘确认；跨日连续Top100 21天,aster-deep-v4-shape-embedding-ranking.csv
盘中候选,Other,All,Ranking,aster-deep-v3-daily-cnn-ranking-timeline,MSFT,Microsoft,Information Technology,22,22,0,2026-08-19,22,0,21,1,402.290009,,78.3,盘中候选，等待收盘确认；跨日连续Top100 21天,aster-deep-v3-daily-cnn-ranking-timeline.csv
盘中候选,Other,All,Ranking,aster-deep-v4-shape-embedding-ranking-timeline,MSFT,Microsoft,Information Technology,22,22,0,2026-08-19,22,0,21,1,402.290009,,78.3,盘中候选，等待收盘确认；跨日连续Top100 21天,aster-deep-v4-shape-embedding-ranking-timeline.csv
盘中候选,Other,All,Ranking,aster-deep-v3-daily-cnn-ranking-timeline,TYL,Tyler Technologies,Information Technology,23,23,0,2026-08-19,23,0,21,1,317.920013,,78.0,盘中候选，等待收盘确认；跨日连续Top100 21天,aster-deep-v3-daily-cnn-ranking-timeline.csv
盘中候选,Other,All,Ranking,aster-deep-v4-shape-embedding-ranking-timeline,TYL,Tyler Technologies,Information Technology,23,23,0,2026-08-19,23,0,21,1,317.920013,,78.0,盘中候选，等待收盘确认；跨日连续Top100 21天,aster-deep-v4-shape-embedding-ranking-timeline.csv
盘中候选,Aster Research,Deep v3 Daily CNN 确认层,Aster,Aster Research · Deep v3 Daily CNN 确认层,OXY,Occidental Petroleum,Energy,40,40,0,2026-08-19,40,0,21,1,55.205002,73.89,77.9,盘中候选，等待收盘确认；跨日连续Top100 21天,aster-deep-v3-daily-cnn-ranking.csv
盘中候选,Aster Research,Deep v4 Shape Embedding 确认层,Aster,Aster Research · Deep v4 Shape Embedding 确认层,OXY,Occidental Petroleum,Energy,40,40,0,2026-08-19,40,0,21,1,55.205002,73.89,77.9,盘中候选，等待收盘确认；跨日连续Top100 21天,aster-deep-v4-shape-embedding-ranking.csv
盘中候选,Prism,Nasdaq 200,日线,Prism · Nasdaq 200 · 日线,INCY,Incyte,Health Care,24,24,0,2026-08-19,29,-5,21,1,128.755005,,77.6,盘中候选，等待收盘确认；跨日连续Top100 21天,prism-nasdaq200-ranking-timeline.csv
盘中候选,Other,All,Ranking,aster-deep-v3-daily-cnn-ranking-timeline,EG,Everest Group,Financials,24,24,0,2026-08-19,24,0,21,1,379.089996,,77.6,盘中候选，等待收盘确认；跨日连续Top100 21天,aster-deep-v3-daily-cnn-ranking-timeline.csv
盘中候选,Other,All,Ranking,aster-deep-v4-shape-embedding-ranking-timeline,EG,Everest Group,Financials,24,24,0,2026-08-19,24,0,21,1,379.089996,,77.6,盘中候选，等待收盘确认；跨日连续Top100 21天,aster-deep-v4-shape-embedding-ranking-timeline.csv
盘中候选,Aster Research,Deep v3 Daily CNN 确认层,Aster,Aster Research · Deep v3 Daily CNN 确认层,EL,Estée Lauder Companies (The),Consumer Staples,41,41,0,2026-08-19,41,0,21,1,83.639999,73.56,77.5,盘中候选，等待收盘确认；跨日连续Top100 21天,aster-deep-v3-daily-cnn-ranking.csv
盘中候选,Aster Research,Deep v4 Shape Embedding 确认层,Aster,Aster Research · Deep v4 Shape Embedding 确认层,EL,Estée Lauder Companies (The),Consumer Staples,41,41,0,2026-08-19,41,0,21,1,83.639999,73.56,77.5,盘中候选，等待收盘确认；跨日连续Top100 21天,aster-deep-v4-shape-embedding-ranking.csv
盘中候选,Prism,S&P 500,日线,Prism · S&P 500 · 日线,FDS,FactSet,Financials,25,25,0,2026-08-19,20,5,21,1,297.320007,,77.2,盘中候选，等待收盘确认；跨日连续Top100 21天,prism-spx-ranking-timeline.csv
盘中候选,Prism,Nasdaq 200,日线,Prism · Nasdaq 200 · 日线,GILD,Gilead Sciences,Health Care,25,25,0,2026-08-19,24,1,21,1,145.539993,,77.2,盘中候选，等待收盘确认；跨日连续Top100 21天,prism-nasdaq200-ranking-timeline.csv
盘中候选,Other,All,Ranking,aster-deep-v3-daily-cnn-ranking-timeline,PRGO,PERRIGO PLC,Health Care,25,25,0,2026-08-19,25,0,21,1,10.58,,77.2,盘中候选，等待收盘确认；跨日连续Top100 21天,aster-deep-v3-daily-cnn-ranking-timeline.csv
盘中候选,Other,All,Ranking,aster-deep-v4-shape-embedding-ranking-timeline,PRGO,PERRIGO PLC,Health Care,25,25,0,2026-08-19,25,0,21,1,10.58,,77.2,盘中候选，等待收盘确认；跨日连续Top100 21天,aster-deep-v4-shape-embedding-ranking-timeline.csv
盘中候选,Aster Research,Deep v3 Daily CNN 确认层,Aster,Aster Research · Deep v3 Daily CNN 确认层,EIG,EMPLOYERS HOLDINGS INC,Financials,42,42,0,2026-08-19,42,0,21,1,50.32,73.44,77.1,盘中候选，等待收盘确认；跨日连续Top100 21天,aster-deep-v3-daily-cnn-ranking.csv
盘中候选,Aster Research,Deep v4 Shape Embedding 确认层,Aster,Aster Research · Deep v4 Shape Embedding 确认层,EIG,EMPLOYERS HOLDINGS INC,Financials,42,42,0,2026-08-19,42,0,21,1,50.32,73.44,77.1,盘中候选，等待收盘确认；跨日连续Top100 21天,aster-deep-v4-shape-embedding-ranking.csv
盘中候选,Prism,S&P 500,日线,Prism · S&P 500 · 日线,ADSK,Autodesk,Information Technology,26,26,0,2026-08-19,40,-14,21,1,253.339996,,76.9,盘中候选，等待收盘确认；跨日连续Top100 21天,prism-spx-ranking-timeline.csv
盘中候选,Prism,Nasdaq 200,日线,Prism · Nasdaq 200 · 日线,BIIB,Biogen,Health Care,26,26,0,2026-08-19,34,-8,21,1,220.830002,,76.9,盘中候选，等待收盘确认；跨日连续Top100 21天,prism-nasdaq200-ranking-timeline.csv
盘中候选,Other,All,Ranking,aster-deep-v3-daily-cnn-ranking-timeline,HIG,Hartford (The),Financials,26,26,0,2026-08-19,26,0,21,1,140.5,,76.9,盘中候选，等待收盘确认；跨日连续Top100 21天,aster-deep-v3-daily-cnn-ranking-timeline.csv
盘中候选,Other,All,Ranking,aster-deep-v4-shape-embedding-ranking-timeline,HIG,Hartford (The),Financials,26,26,0,2026-08-19,26,0,21,1,140.5,,76.9,盘中候选，等待收盘确认；跨日连续Top100 21天,aster-deep-v4-shape-embedding-ranking-timeline.csv
盘中候选,Aster Research,Deep v3 Daily CNN 确认层,Aster,Aster Research · Deep v3 Daily CNN 确认层,PODD,Insulet Corporation,Health Care,43,43,0,2026-08-19,43,0,21,1,167.369995,73.4,76.8,盘中候选，等待收盘确认；跨日连续Top100 21天,aster-deep-v3-daily-cnn-ranking.csv
盘中候选,Aster Research,Deep v4 Shape Embedding 确认层,Aster,Aster Research · Deep v4 Shape Embedding 确认层,PODD,Insulet Corporation,Health Care,43,43,0,2026-08-19,43,0,21,1,167.369995,73.4,76.8,盘中候选，等待收盘确认；跨日连续Top100 21天,aster-deep-v4-shape-embedding-ranking.csv
盘中候选,Other,All,Ranking,aster-deep-v3-daily-cnn-ranking-timeline,PBH,PRESTIGE CONSUMER HEALTHCARE INC,Health Care,27,27,0,2026-08-19,27,0,21,1,50.439999,,76.5,盘中候选，等待收盘确认；跨日连续Top100 21天,aster-deep-v3-daily-cnn-ranking-timeline.csv
盘中候选,Other,All,Ranking,aster-deep-v4-shape-embedding-ranking-timeline,PBH,PRESTIGE CONSUMER HEALTHCARE INC,Health Care,27,27,0,2026-08-19,27,0,21,1,50.439999,,76.5,盘中候选，等待收盘确认；跨日连续Top100 21天,aster-deep-v4-shape-embedding-ranking-timeline.csv
盘中候选,Aster Research,Deep v3 Daily CNN 确认层,Aster,Aster Research · Deep v3 Daily CNN 确认层,PNRG,PRIMEENERGY RESOURCES CORP,Energy,44,44,0,2026-08-19,44,0,21,1,187.240005,73.38,76.4,盘中候选，等待收盘确认；跨日连续Top100 21天,aster-deep-v3-daily-cnn-ranking.csv
盘中候选,Aster Research,Deep v4 Shape Embedding 确认层,Aster,Aster Research · Deep v4 Shape Embedding 确认层,PNRG,PRIMEENERGY RESOURCES CORP,Energy,44,44,0,2026-08-19,44,0,21,1,187.240005,73.38,76.4,盘中候选，等待收盘确认；跨日连续Top100 21天,aster-deep-v4-shape-embedding-ranking.csv
盘中候选,Prism,Nasdaq 200,日线,Prism · Nasdaq 200 · 日线,NDSN,Nordson Corporation,Industrials,28,28,0,2026-08-19,42,-14,21,1,324.429993,,76.2,盘中候选，等待收盘确认；跨日连续Top100 21天,prism-nasdaq200-ranking-timeline.csv
盘中候选,Other,All,Ranking,aster-deep-v3-daily-cnn-ranking-timeline,TRST,TRUSTCO BANK CORP,Financials,28,28,0,2026-08-19,28,0,21,1,55.439999,,76.2,盘中候选，等待收盘确认；跨日连续Top100 21天,aster-deep-v3-daily-cnn-ranking-timeline.csv
盘中候选,Other,All,Ranking,aster-deep-v4-shape-embedding-ranking-timeline,TRST,TRUSTCO BANK CORP,Financials,28,28,0,2026-08-19,28,0,21,1,55.439999,,76.2,盘中候选，等待收盘确认；跨日连续Top100 21天,aster-deep-v4-shape-embedding-ranking-timeline.csv
盘中候选,Aster Research,Deep v3 Daily CNN 确认层,Aster,Aster Research · Deep v3 Daily CNN 确认层,SJM,J.M. Smucker Company (The),Consumer Staples,45,45,0,2026-08-19,45,0,21,1,112.519997,73.32,76.0,盘中候选，等待收盘确认；跨日连续Top100 21天,aster-deep-v3-daily-cnn-ranking.csv
盘中候选,Aster Research,Deep v4 Shape Embedding 确认层,Aster,Aster Research · Deep v4 Shape Embedding 确认层,SJM,J.M. Smucker Company (The),Consumer Staples,45,45,0,2026-08-19,45,0,21,1,112.519997,73.32,76.0,盘中候选，等待收盘确认；跨日连续Top100 21天,aster-deep-v4-shape-embedding-ranking.csv
盘中候选,Other,All,Ranking,aster-deep-v3-daily-cnn-ranking-timeline,PENN,PENN ENTERTAINMENT INC,Consumer Discretionary,29,29,0,2026-08-19,29,0,21,1,21.23,,75.8,盘中候选，等待收盘确认；跨日连续Top100 21天,aster-deep-v3-daily-cnn-ranking-timeline.csv
盘中候选,Other,All,Ranking,aster-deep-v4-shape-embedding-ranking-timeline,PENN,PENN ENTERTAINMENT INC,Consumer Discretionary,29,29,0,2026-08-19,29,0,21,1,21.23,,75.8,盘中候选，等待收盘确认；跨日连续Top100 21天,aster-deep-v4-shape-embedding-ranking-timeline.csv
盘中候选,Aster Research,Deep v3 Daily CNN 确认层,Aster,Aster Research · Deep v3 Daily CNN 确认层,AORT,ARTIVION INC,Health Care,46,46,0,2026-08-19,46,0,21,1,25.35,73.32,75.7,盘中候选，等待收盘确认；跨日连续Top100 21天,aster-deep-v3-daily-cnn-ranking.csv
盘中候选,Aster Research,Deep v4 Shape Embedding 确认层,Aster,Aster Research · Deep v4 Shape Embedding 确认层,AORT,ARTIVION INC,Health Care,46,46,0,2026-08-19,46,0,21,1,25.35,73.32,75.7,盘中候选，等待收盘确认；跨日连续Top100 21天,aster-deep-v4-shape-embedding-ranking.csv
盘中候选,Prism,Nasdaq 200,日线,Prism · Nasdaq 200 · 日线,ADP,Automatic Data Processing,Industrials,30,30,0,2026-08-19,33,-3,21,1,278.98999,,75.4,盘中候选，等待收盘确认；跨日连续Top100 21天,prism-nasdaq200-ranking-timeline.csv
盘中候选,Other,All,Ranking,aster-deep-v3-daily-cnn-ranking-timeline,SSNC,"SS&C Technologies Holdings, Inc. - Common Stock",,30,30,0,2026-08-19,30,0,21,1,69.510002,,75.4,盘中候选，等待收盘确认；跨日连续Top100 21天,aster-deep-v3-daily-cnn-ranking-timeline.csv
盘中候选,Other,All,Ranking,aster-deep-v4-shape-embedding-ranking-timeline,SSNC,"SS&C Technologies Holdings, Inc. - Common Stock",,30,30,0,2026-08-19,30,0,21,1,69.510002,,75.4,盘中候选，等待收盘确认；跨日连续Top100 21天,aster-deep-v4-shape-embedding-ranking-timeline.csv
盘中候选,Aster Research,Deep v3 Daily CNN 确认层,Aster,Aster Research · Deep v3 Daily CNN 确认层,PLUS,EPLUS,Information Technology,47,47,0,2026-08-19,47,0,21,1,90.400002,73.29,75.3,盘中候选，等待收盘确认；跨日连续Top100 21天,aster-deep-v3-daily-cnn-ranking.csv
盘中候选,Aster Research,Deep v4 Shape Embedding 确认层,Aster,Aster Research · Deep v4 Shape Embedding 确认层,PLUS,EPLUS,Information Technology,47,47,0,2026-08-19,47,0,21,1,90.400002,73.29,75.3,盘中候选，等待收盘确认；跨日连续Top100 21天,aster-deep-v4-shape-embedding-ranking.csv
盘中候选,Early,Nasdaq 200,日线,Early · Nasdaq 200 · 日线,CTSH,Cognizant,Information Technology,31,31,0,2026-08-19,35,-4,21,1,61.029999,,75.1,盘中候选，等待收盘确认；跨日连续Top100 21天,early-nasdaq200-ranking-timeline.csv
盘中候选,Prism,Nasdaq Liquid 500,日线,Prism · Nasdaq Liquid 500 · 日线,AMGN,Amgen,Health Care,31,31,0,2026-08-19,27,4,21,1,437.149994,,75.1,盘中候选，等待收盘确认；跨日连续Top100 21天,prism-nasdaq500-ranking-timeline.csv
盘中候选,Other,All,Ranking,aster-deep-v3-daily-cnn-ranking-timeline,SPOK,SPOK HOLDINGS INC,Communication,31,31,0,2026-08-19,31,0,21,1,10.65,,75.1,盘中候选，等待收盘确认；跨日连续Top100 21天,aster-deep-v3-daily-cnn-ranking-timeline.csv
盘中候选,Other,All,Ranking,aster-deep-v4-shape-embedding-ranking-timeline,SPOK,SPOK HOLDINGS INC,Communication,31,31,0,2026-08-19,31,0,21,1,10.65,,75.1,盘中候选，等待收盘确认；跨日连续Top100 21天,aster-deep-v4-shape-embedding-ranking-timeline.csv
盘中候选,Aster Research,Deep v3 Daily CNN 确认层,Aster,Aster Research · Deep v3 Daily CNN 确认层,Z,"Zillow Group, Inc. - Class C Capital Stock",,48,48,0,2026-08-19,48,0,21,1,33.029999,73.28,75.0,盘中候选，等待收盘确认；跨日连续Top100 21天,aster-deep-v3-daily-cnn-ranking.csv
盘中候选,Aster Research,Deep v4 Shape Embedding 确认层,Aster,Aster Research · Deep v4 Shape Embedding 确认层,Z,"Zillow Group, Inc. - Class C Capital Stock",,48,48,0,2026-08-19,48,0,21,1,33.029999,73.28,75.0,盘中候选，等待收盘确认；跨日连续Top100 21天,aster-deep-v4-shape-embedding-ranking.csv
盘中候选,Prism,S&P 500,日线,Prism · S&P 500 · 日线,TMO,Thermo Fisher Scientific,Health Care,32,32,0,2026-08-19,33,-1,21,1,619.51001,,74.7,盘中候选，等待收盘确认；跨日连续Top100 21天,prism-spx-ranking-timeline.csv
盘中候选,Prism,Nasdaq 200,日线,Prism · Nasdaq 200 · 日线,PANW,Palo Alto Networks,Information Technology,32,32,0,2026-08-19,35,-3,21,1,358.660004,,74.7,盘中候选，等待收盘确认；跨日连续Top100 21天,prism-nasdaq200-ranking-timeline.csv
盘中候选,Other,All,Ranking,aster-deep-v3-daily-cnn-ranking-timeline,SDRL,SEADRILL LTD,Energy,32,32,0,2026-08-19,32,0,21,1,42.456001,,74.7,盘中候选，等待收盘确认；跨日连续Top100 21天,aster-deep-v3-daily-cnn-ranking-timeline.csv
盘中候选,Other,All,Ranking,aster-deep-v4-shape-embedding-ranking-timeline,SDRL,SEADRILL LTD,Energy,32,32,0,2026-08-19,32,0,21,1,42.456001,,74.7,盘中候选，等待收盘确认；跨日连续Top100 21天,aster-deep-v4-shape-embedding-ranking-timeline.csv
盘中候选,Aster Research,Deep v3 Daily CNN 确认层,Aster,Aster Research · Deep v3 Daily CNN 确认层,KMI,Kinder Morgan,Energy,49,49,0,2026-08-19,49,0,21,1,32.595001,73.22,74.6,盘中候选，等待收盘确认；跨日连续Top100 21天,aster-deep-v3-daily-cnn-ranking.csv
盘中候选,Aster Research,Deep v4 Shape Embedding 确认层,Aster,Aster Research · Deep v4 Shape Embedding 确认层,KMI,Kinder Morgan,Energy,49,49,0,2026-08-19,49,0,21,1,32.595001,73.22,74.6,盘中候选，等待收盘确认；跨日连续Top100 21天,aster-deep-v4-shape-embedding-ranking.csv
盘中候选,Prism,Nasdaq 200,日线,Prism · Nasdaq 200 · 日线,FAST,Fastenal,Industrials,33,33,0,2026-08-19,25,8,21,1,50.93,,74.4,盘中候选，等待收盘确认；跨日连续Top100 21天,prism-nasdaq200-ranking-timeline.csv
盘中候选,Other,All,Ranking,aster-deep-v3-daily-cnn-ranking-timeline,MDT,Medtronic,Health Care,33,33,0,2026-08-19,33,0,21,1,83.330002,,74.4,盘中候选，等待收盘确认；跨日连续Top100 21天,aster-deep-v3-daily-cnn-ranking-timeline.csv
盘中候选,Other,All,Ranking,aster-deep-v4-shape-embedding-ranking-timeline,MDT,Medtronic,Health Care,33,33,0,2026-08-19,33,0,21,1,83.330002,,74.4,盘中候选，等待收盘确认；跨日连续Top100 21天,aster-deep-v4-shape-embedding-ranking-timeline.csv
盘中候选,Aster Research,Deep v3 Daily CNN 确认层,Aster,Aster Research · Deep v3 Daily CNN 确认层,TXNM,TXNM ENERGY INC,Utilities,50,50,0,2026-08-19,50,0,21,1,57.82,73.12,74.2,盘中候选，等待收盘确认；跨日连续Top100 21天,aster-deep-v3-daily-cnn-ranking.csv
盘中候选,Aster Research,Deep v4 Shape Embedding 确认层,Aster,Aster Research · Deep v4 Shape Embedding 确认层,TXNM,TXNM ENERGY INC,Utilities,50,50,0,2026-08-19,50,0,21,1,57.82,73.12,74.2,盘中候选，等待收盘确认；跨日连续Top100 21天,aster-deep-v4-shape-embedding-ranking.csv
盘中候选,Other,All,Ranking,aster-deep-v3-daily-cnn-ranking-timeline,CMCSA,Comcast,Communication Services,34,34,0,2026-08-19,34,0,21,1,23.780001,,74.0,盘中候选，等待收盘确认；跨日连续Top100 21天,aster-deep-v3-daily-cnn-ranking-timeline.csv
盘中候选,Other,All,Ranking,aster-deep-v4-shape-embedding-ranking-timeline,CMCSA,Comcast,Communication Services,34,34,0,2026-08-19,34,0,21,1,23.780001,,74.0,盘中候选，等待收盘确认；跨日连续Top100 21天,aster-deep-v4-shape-embedding-ranking-timeline.csv
盘中候选,Prism,Nasdaq Liquid 500,日线,Prism · Nasdaq Liquid 500 · 日线,ADSK,Autodesk,Information Technology,35,35,0,2026-08-19,41,-6,21,1,253.339996,,73.6,盘中候选，等待收盘确认；跨日连续Top100 21天,prism-nasdaq500-ranking-timeline.csv
盘中候选,Other,All,Ranking,aster-deep-v3-daily-cnn-ranking-timeline,SAM,BOSTON BEER INC CLASS A,Consumer Staples,35,35,0,2026-08-19,35,0,21,1,180.669998,,73.6,盘中候选，等待收盘确认；跨日连续Top100 21天,aster-deep-v3-daily-cnn-ranking-timeline.csv
盘中候选,Other,All,Ranking,aster-deep-v4-shape-embedding-ranking-timeline,SAM,BOSTON BEER INC CLASS A,Consumer Staples,35,35,0,2026-08-19,35,0,21,1,180.669998,,73.6,盘中候选，等待收盘确认；跨日连续Top100 21天,aster-deep-v4-shape-embedding-ranking-timeline.csv
盘中候选,Early,Nasdaq 200,日线,Early · Nasdaq 200 · 日线,EXE,Expand Energy,Energy,36,36,0,2026-08-19,19,17,21,1,96.669998,,73.3,盘中候选，等待收盘确认；跨日连续Top100 21天,early-nasdaq200-ranking-timeline.csv
盘中候选,Prism,Russell,日线,Prism · Russell · 日线,FBRX,FORTE BIOSCIENCES INC,Health Care,36,36,0,2026-08-19,17,19,21,1,76.934998,,73.3,盘中候选，等待收盘确认；跨日连续Top100 21天,prism-russell2000-ranking-timeline.csv
盘中候选,Other,All,Ranking,aster-deep-v3-daily-cnn-ranking-timeline,DPZ,Domino's,Consumer Discretionary,36,36,0,2026-08-19,36,0,21,1,328.970001,,73.3,盘中候选，等待收盘确认；跨日连续Top100 21天,aster-deep-v3-daily-cnn-ranking-timeline.csv
盘中候选,Other,All,Ranking,aster-deep-v4-shape-embedding-ranking-timeline,DPZ,Domino's,Consumer Discretionary,36,36,0,2026-08-19,36,0,21,1,328.970001,,73.3,盘中候选，等待收盘确认；跨日连续Top100 21天,aster-deep-v4-shape-embedding-ranking-timeline.csv
盘中候选,Prism,S&P 500,日线,Prism · S&P 500 · 日线,DGX,Quest Diagnostics,Health Care,37,37,0,2026-08-19,37,0,21,1,244.759995,,72.9,盘中候选，等待收盘确认；跨日连续Top100 21天,prism-spx-ranking-timeline.csv
盘中候选,Other,All,Ranking,aster-deep-v3-daily-cnn-ranking-timeline,ARDT,ARDENT HEALTH INC,Health Care,37,37,0,2026-08-19,37,0,21,1,10.46,,72.9,盘中候选，等待收盘确认；跨日连续Top100 21天,aster-deep-v3-daily-cnn-ranking-timeline.csv
盘中候选,Other,All,Ranking,aster-deep-v4-shape-embedding-ranking-timeline,ARDT,ARDENT HEALTH INC,Health Care,37,37,0,2026-08-19,37,0,21,1,10.46,,72.9,盘中候选，等待收盘确认；跨日连续Top100 21天,aster-deep-v4-shape-embedding-ranking-timeline.csv
盘中候选,Early,Nasdaq 200,日线,Early · Nasdaq 200 · 日线,DOCU,"DocuSign, Inc. - Common Stock",,38,38,0,2026-08-19,47,-9,21,1,62.294998,,72.5,盘中候选，等待收盘确认；跨日连续Top100 21天,early-nasdaq200-ranking-timeline.csv
盘中候选,Prism,Nasdaq 200,日线,Prism · Nasdaq 200 · 日线,BKR,Baker Hughes,Energy,38,38,0,2026-08-19,31,7,21,1,64.099998,,72.5,盘中候选，等待收盘确认；跨日连续Top100 21天,prism-nasdaq200-ranking-timeline.csv
盘中候选,Other,All,Ranking,aster-deep-v3-daily-cnn-ranking-timeline,GPN,Global Payments,Financials,38,38,0,2026-08-19,38,0,21,1,82.370003,,72.5,盘中候选，等待收盘确认；跨日连续Top100 21天,aster-deep-v3-daily-cnn-ranking-timeline.csv
盘中候选,Other,All,Ranking,aster-deep-v4-shape-embedding-ranking-timeline,GPN,Global Payments,Financials,38,38,0,2026-08-19,38,0,21,1,82.370003,,72.5,盘中候选，等待收盘确认；跨日连续Top100 21天,aster-deep-v4-shape-embedding-ranking-timeline.csv
盘中候选,Early,Nasdaq 200,日线,Early · Nasdaq 200 · 日线,CEG,Constellation Energy,Utilities,39,39,0,2026-08-19,97,-58,21,1,276.129913,,72.2,盘中候选，等待收盘确认；跨日连续Top100 21天,early-nasdaq200-ranking-timeline.csv
盘中候选,Other,All,Ranking,aster-deep-v3-daily-cnn-ranking-timeline,ORKA,ORUKA THERAPEUTICS INC,Health Care,39,39,0,2026-08-19,39,0,21,1,91.709999,,72.2,盘中候选，等待收盘确认；跨日连续Top100 21天,aster-deep-v3-daily-cnn-ranking-timeline.csv
盘中候选,Other,All,Ranking,aster-deep-v4-shape-embedding-ranking-timeline,ORKA,ORUKA THERAPEUTICS INC,Health Care,39,39,0,2026-08-19,39,0,21,1,91.709999,,72.2,盘中候选，等待收盘确认；跨日连续Top100 21天,aster-deep-v4-shape-embedding-ranking-timeline.csv
盘中候选,Early,Nasdaq 200,日线,Early · Nasdaq 200 · 日线,ADSK,Autodesk,Information Technology,40,40,0,2026-08-19,45,-5,21,1,253.339996,,71.8,盘中候选，等待收盘确认；跨日连续Top100 21天,early-nasdaq200-ranking-timeline.csv
盘中候选,Prism,Nasdaq Liquid 500,日线,Prism · Nasdaq Liquid 500 · 日线,MSFT,Microsoft,Information Technology,40,40,0,2026-08-19,36,4,21,1,482.095001,,71.8,盘中候选，等待收盘确认；跨日连续Top100 21天,prism-nasdaq500-ranking-timeline.csv
盘中候选,Other,All,Ranking,aster-deep-v3-daily-cnn-ranking-timeline,OXY,Occidental Petroleum,Energy,40,40,0,2026-08-19,40,0,21,1,55.205002,,71.8,盘中候选，等待收盘确认；跨日连续Top100 21天,aster-deep-v3-daily-cnn-ranking-timeline.csv
盘中候选,Other,All,Ranking,aster-deep-v4-shape-embedding-ranking-timeline,OXY,Occidental Petroleum,Energy,40,40,0,2026-08-19,40,0,21,1,55.205002,,71.8,盘中候选，等待收盘确认；跨日连续Top100 21天,aster-deep-v4-shape-embedding-ranking-timeline.csv
盘中候选,Other,All,Ranking,aster-deep-v3-daily-cnn-ranking-timeline,EL,Estée Lauder Companies (The),Consumer Staples,41,41,0,2026-08-19,41,0,21,1,83.639999,,71.5,盘中候选，等待收盘确认；跨日连续Top100 21天,aster-deep-v3-daily-cnn-ranking-timeline.csv
盘中候选,Other,All,Ranking,aster-deep-v4-shape-embedding-ranking-timeline,EL,Estée Lauder Companies (The),Consumer Staples,41,41,0,2026-08-19,41,0,21,1,83.639999,,71.5,盘中候选，等待收盘确认；跨日连续Top100 21天,aster-deep-v4-shape-embedding-ranking-timeline.csv
盘中候选,Prism,Nasdaq 200,日线,Prism · Nasdaq 200 · 日线,PYPL,PayPal,Financials,42,42,0,2026-08-19,44,-2,21,1,61.810001,,71.1,盘中候选，等待收盘确认；跨日连续Top100 21天,prism-nasdaq200-ranking-timeline.csv
盘中候选,Other,All,Ranking,aster-deep-v3-daily-cnn-ranking-timeline,EIG,EMPLOYERS HOLDINGS INC,Financials,42,42,0,2026-08-19,42,0,21,1,50.32,,71.1,盘中候选，等待收盘确认；跨日连续Top100 21天,aster-deep-v3-daily-cnn-ranking-timeline.csv
盘中候选,Other,All,Ranking,aster-deep-v4-shape-embedding-ranking-timeline,EIG,EMPLOYERS HOLDINGS INC,Financials,42,42,0,2026-08-19,42,0,21,1,50.32,,71.1,盘中候选，等待收盘确认；跨日连续Top100 21天,aster-deep-v4-shape-embedding-ranking-timeline.csv
盘中候选,Other,All,Ranking,aster-deep-v3-daily-cnn-ranking-timeline,PODD,Insulet Corporation,Health Care,43,43,0,2026-08-19,43,0,21,1,167.369995,,70.7,盘中候选，等待收盘确认；跨日连续Top100 21天,aster-deep-v3-daily-cnn-ranking-timeline.csv
盘中候选,Other,All,Ranking,aster-deep-v4-shape-embedding-ranking-timeline,PODD,Insulet Corporation,Health Care,43,43,0,2026-08-19,43,0,21,1,167.369995,,70.7,盘中候选，等待收盘确认；跨日连续Top100 21天,aster-deep-v4-shape-embedding-ranking-timeline.csv
盘中候选,Other,All,Ranking,aster-deep-v3-daily-cnn-ranking-timeline,PNRG,PRIMEENERGY RESOURCES CORP,Energy,44,44,0,2026-08-19,44,0,21,1,187.240005,,70.4,盘中候选，等待收盘确认；跨日连续Top100 21天,aster-deep-v3-daily-cnn-ranking-timeline.csv
盘中候选,Other,All,Ranking,aster-deep-v4-shape-embedding-ranking-timeline,PNRG,PRIMEENERGY RESOURCES CORP,Energy,44,44,0,2026-08-19,44,0,21,1,187.240005,,70.4,盘中候选，等待收盘确认；跨日连续Top100 21天,aster-deep-v4-shape-embedding-ranking-timeline.csv
盘中候选,Prism,Nasdaq 200,日线,Prism · Nasdaq 200 · 日线,IDXX,Idexx Laboratories,Health Care,45,45,0,2026-08-19,41,4,21,1,560.652527,,70.0,盘中候选，等待收盘确认；跨日连续Top100 21天,prism-nasdaq200-ranking-timeline.csv
盘中候选,Other,All,Ranking,aster-deep-v3-daily-cnn-ranking-timeline,SJM,J.M. Smucker Company (The),Consumer Staples,45,45,0,2026-08-19,45,0,21,1,112.519997,,70.0,盘中候选，等待收盘确认；跨日连续Top100 21天,aster-deep-v3-daily-cnn-ranking-timeline.csv
盘中候选,Other,All,Ranking,aster-deep-v4-shape-embedding-ranking-timeline,SJM,J.M. Smucker Company (The),Consumer Staples,45,45,0,2026-08-19,45,0,21,1,112.519997,,70.0,盘中候选，等待收盘确认；跨日连续Top100 21天,aster-deep-v4-shape-embedding-ranking-timeline.csv
盘中候选,Prism,S&P 500,日线,Prism · S&P 500 · 日线,ABT,Abbott Laboratories,Health Care,46,46,0,2026-08-19,41,5,21,1,115.025002,,69.7,盘中候选，等待收盘确认；跨日连续Top100 21天,prism-spx-ranking-timeline.csv
盘中候选,Other,All,Ranking,aster-deep-v3-daily-cnn-ranking-timeline,AORT,ARTIVION INC,Health Care,46,46,0,2026-08-19,46,0,21,1,25.35,,69.7,盘中候选，等待收盘确认；跨日连续Top100 21天,aster-deep-v3-daily-cnn-ranking-timeline.csv
盘中候选,Other,All,Ranking,aster-deep-v4-shape-embedding-ranking-timeline,AORT,ARTIVION INC,Health Care,46,46,0,2026-08-19,46,0,21,1,25.35,,69.7,盘中候选，等待收盘确认；跨日连续Top100 21天,aster-deep-v4-shape-embedding-ranking-timeline.csv
盘中候选,Other,All,Ranking,aster-deep-v3-daily-cnn-ranking-timeline,PLUS,EPLUS,Information Technology,47,47,0,2026-08-19,47,0,21,1,90.400002,,69.3,盘中候选，等待收盘确认；跨日连续Top100 21天,aster-deep-v3-daily-cnn-ranking-timeline.csv
盘中候选,Other,All,Ranking,aster-deep-v4-shape-embedding-ranking-timeline,PLUS,EPLUS,Information Technology,47,47,0,2026-08-19,47,0,21,1,90.400002,,69.3,盘中候选，等待收盘确认；跨日连续Top100 21天,aster-deep-v4-shape-embedding-ranking-timeline.csv
盘中候选,Other,All,Ranking,aster-deep-v3-daily-cnn-ranking-timeline,Z,"Zillow Group, Inc. - Class C Capital Stock",,48,48,0,2026-08-19,48,0,21,1,33.029999,,68.9,盘中候选，等待收盘确认；跨日连续Top100 21天,aster-deep-v3-daily-cnn-ranking-timeline.csv
盘中候选,Other,All,Ranking,aster-deep-v4-shape-embedding-ranking-timeline,Z,"Zillow Group, Inc. - Class C Capital Stock",,48,48,0,2026-08-19,48,0,21,1,33.029999,,68.9,盘中候选，等待收盘确认；跨日连续Top100 21天,aster-deep-v4-shape-embedding-ranking-timeline.csv
盘中候选,Other,All,Ranking,aster-deep-v3-daily-cnn-ranking-timeline,KMI,Kinder Morgan,Energy,49,49,0,2026-08-19,49,0,21,1,32.595001,,68.6,盘中候选，等待收盘确认；跨日连续Top100 21天,aster-deep-v3-daily-cnn-ranking-timeline.csv
盘中候选,Other,All,Ranking,aster-deep-v4-shape-embedding-ranking-timeline,KMI,Kinder Morgan,Energy,49,49,0,2026-08-19,49,0,21,1,32.595001,,68.6,盘中候选，等待收盘确认；跨日连续Top100 21天,aster-deep-v4-shape-embedding-ranking-timeline.csv
盘中候选,Prism,Nasdaq 200,日线,Prism · Nasdaq 200 · 日线,GEN,Gen Digital,Information Technology,50,50,0,2026-08-19,46,4,21,1,27.514999,,68.2,盘中候选，等待收盘确认；跨日连续Top100 21天,prism-nasdaq200-ranking-timeline.csv
盘中候选,Other,All,Ranking,aster-deep-v3-daily-cnn-ranking-timeline,TXNM,TXNM ENERGY INC,Utilities,50,50,0,2026-08-19,50,0,21,1,57.82,,68.2,盘中候选，等待收盘确认；跨日连续Top100 21天,aster-deep-v3-daily-cnn-ranking-timeline.csv
盘中候选,Other,All,Ranking,aster-deep-v4-shape-embedding-ranking-timeline,TXNM,TXNM ENERGY INC,Utilities,50,50,0,2026-08-19,50,0,21,1,57.82,,68.2,盘中候选，等待收盘确认；跨日连续Top100 21天,aster-deep-v4-shape-embedding-ranking-timeline.csv
盘中候选,Early,Nasdaq 200,日线,Early · Nasdaq 200 · 日线,INTU,Intuit,Information Technology,51,51,0,2026-08-19,51,0,21,1,362.730011,,62.9,盘中候选，等待收盘确认；跨日连续Top100 21天,early-nasdaq200-ranking-timeline.csv
盘中候选,Prism,S&P 500,日线,Prism · S&P 500 · 日线,WTW,Willis Towers Watson,Financials,52,52,0,2026-08-19,59,-7,21,1,340.48999,,62.6,盘中候选，等待收盘确认；跨日连续Top100 21天,prism-spx-ranking-timeline.csv
盘中候选,Prism,Nasdaq Liquid 500,日线,Prism · Nasdaq Liquid 500 · 日线,NTAP,NetApp,Information Technology,53,53,0,2026-08-19,35,18,21,1,195.070007,,62.2,盘中候选，等待收盘确认；跨日连续Top100 21天,prism-nasdaq500-ranking-timeline.csv
盘中候选,Prism,S&P 500,日线,Prism · S&P 500 · 日线,ALLE,Allegion,Industrials,55,55,0,2026-08-19,36,19,21,1,162.25,,61.5,盘中候选，等待收盘确认；跨日连续Top100 21天,prism-spx-ranking-timeline.csv
盘中候选,Prism,Nasdaq Liquid 500,日线,Prism · Nasdaq Liquid 500 · 日线,WTW,Willis Towers Watson,Financials,57,57,0,2026-08-19,53,4,21,1,340.48999,,60.8,盘中候选，等待收盘确认；跨日连续Top100 21天,prism-nasdaq500-ranking-timeline.csv
盘中候选,Prism,Nasdaq 200,日线,Prism · Nasdaq 200 · 日线,VRSN,Verisign,Information Technology,59,59,0,2026-08-19,56,3,21,1,274.059998,,60.1,盘中候选，等待收盘确认；跨日连续Top100 21天,prism-nasdaq200-ranking-timeline.csv
盘中候选,Prism,Nasdaq 200,日线,Prism · Nasdaq 200 · 日线,NVDA,Nvidia,Information Technology,60,60,0,2026-08-19,39,21,21,1,217.705002,,59.7,盘中候选，等待收盘确认；跨日连续Top100 21天,prism-nasdaq200-ranking-timeline.csv
盘中候选,Prism,S&P 500,日线,Prism · S&P 500 · 日线,MTD,Mettler Toledo,Health Care,63,63,0,2026-08-19,69,-6,21,1,1427.089966,,58.6,盘中候选，等待收盘确认；跨日连续Top100 21天,prism-spx-ranking-timeline.csv
盘中候选,Prism,Nasdaq 200,日线,Prism · Nasdaq 200 · 日线,FANG,Diamondback Energy,Energy,63,63,0,2026-08-19,69,-6,21,1,215.625,,58.6,盘中候选，等待收盘确认；跨日连续Top100 21天,prism-nasdaq200-ranking-timeline.csv
盘中候选,Prism,Nasdaq 200,日线,Prism · Nasdaq 200 · 日线,MDLZ,Mondelez International,Consumer Staples,64,64,0,2026-08-19,55,9,21,1,64.510002,,58.2,盘中候选，等待收盘确认；跨日连续Top100 21天,prism-nasdaq200-ranking-timeline.csv
盘中候选,Prism,Nasdaq 200,日线,Prism · Nasdaq 200 · 日线,DLTR,Dollar Tree,Consumer Staples,65,65,0,2026-08-19,67,-2,21,1,129.729996,,57.9,盘中候选，等待收盘确认；跨日连续Top100 21天,prism-nasdaq200-ranking-timeline.csv
盘中候选,Early,Nasdaq 200,4小时,Early · Nasdaq 200 · 4小时,COST,Costco,Consumer Staples,78,78,0,2026-08-19,8,70,21,1,940.5,53.34,57.6,盘中候选，等待收盘确认；跨日连续Top100 21天,early-nasdaq200-4h-signal-ranking.csv
盘中候选,Prism,S&P 500,日线,Prism · S&P 500 · 日线,BMY,Bristol Myers Squibb,Health Care,66,66,0,2026-08-19,60,6,21,1,66.855003,,57.5,盘中候选，等待收盘确认；跨日连续Top100 21天,prism-spx-ranking-timeline.csv
盘中候选,Prism,Nasdaq 200,日线,Prism · Nasdaq 200 · 日线,CEG,Constellation Energy,Utilities,66,66,0,2026-08-19,50,16,21,1,276.129913,,57.5,盘中候选，等待收盘确认；跨日连续Top100 21天,prism-nasdaq200-ranking-timeline.csv
盘中候选,Prism,Nasdaq 200,日线,Prism · Nasdaq 200 · 日线,PEP,PepsiCo,Consumer Staples,67,67,0,2026-08-19,62,5,21,1,141.960007,,57.2,盘中候选，等待收盘确认；跨日连续Top100 21天,prism-nasdaq200-ranking-timeline.csv
盘中候选,Prism,S&P 500,日线,Prism · S&P 500 · 日线,LMT,Lockheed Martin,Industrials,68,68,0,2026-08-19,52,16,21,1,583.765015,,56.8,盘中候选，等待收盘确认；跨日连续Top100 21天,prism-spx-ranking-timeline.csv
盘中候选,Prism,Nasdaq 200,日线,Prism · Nasdaq 200 · 日线,AVGO,Broadcom,Information Technology,70,70,0,2026-08-19,54,16,21,1,363.489899,,56.1,盘中候选，等待收盘确认；跨日连续Top100 21天,prism-nasdaq200-ranking-timeline.csv
盘中候选,Prism,Nasdaq 200,日线,Prism · Nasdaq 200 · 日线,EXE,Expand Energy,Energy,73,73,0,2026-08-19,49,24,21,1,96.669998,,55.0,盘中候选，等待收盘确认；跨日连续Top100 21天,prism-nasdaq200-ranking-timeline.csv
盘中候选,Prism,Nasdaq 200,日线,Prism · Nasdaq 200 · 日线,FISV,Fiserv,Financials,78,78,0,2026-08-19,68,10,21,1,51.459999,,53.2,盘中候选，等待收盘确认；跨日连续Top100 21天,prism-nasdaq200-ranking-timeline.csv
盘中候选,Prism,Nasdaq 200,日线,Prism · Nasdaq 200 · 日线,EVRG,Evergy,Utilities,80,80,0,2026-08-19,76,4,21,1,84.230003,,52.5,盘中候选，等待收盘确认；跨日连续Top100 21天,prism-nasdaq200-ranking-timeline.csv
盘中候选,Prism,S&P 500,日线,Prism · S&P 500 · 日线,ICE,Intercontinental Exchange,Financials,82,82,0,2026-08-19,62,20,21,1,157.419998,,51.8,盘中候选，等待收盘确认；跨日连续Top100 21天,prism-spx-ranking-timeline.csv
盘中候选,Prism,Nasdaq 200,日线,Prism · Nasdaq 200 · 日线,EXC,Exelon,Utilities,83,83,0,2026-08-19,80,3,21,1,45.619999,,51.4,盘中候选，等待收盘确认；跨日连续Top100 21天,prism-nasdaq200-ranking-timeline.csv
盘中候选,Early,Nasdaq 200,日线,Early · Nasdaq 200 · 日线,AMGN,Amgen,Health Care,84,84,0,2026-08-19,96,-12,21,1,437.149994,,51.0,盘中候选，等待收盘确认；跨日连续Top100 21天,early-nasdaq200-ranking-timeline.csv
盘中候选,Prism,Nasdaq 200,日线,Prism · Nasdaq 200 · 日线,COST,Costco,Consumer Staples,85,85,0,2026-08-19,73,12,21,1,938.5,,50.7,盘中候选，等待收盘确认；跨日连续Top100 21天,prism-nasdaq200-ranking-timeline.csv
盘中候选,Prism,Nasdaq 200,日线,Prism · Nasdaq 200 · 日线,DPZ,Domino's,Consumer Discretionary,87,87,0,2026-08-19,93,-6,21,1,335.334991,,50.0,盘中候选，等待收盘确认；跨日连续Top100 21天,prism-nasdaq200-ranking-timeline.csv
盘中候选,Prism,Nasdaq 200,日线,Prism · Nasdaq 200 · 日线,PCAR,Paccar,Industrials,95,95,0,2026-08-19,74,21,21,1,127.620003,,47.1,盘中候选，等待收盘确认；跨日连续Top100 21天,prism-nasdaq200-ranking-timeline.csv
盘中候选,Prism,S&P 500,日线,Prism · S&P 500 · 日线,WDAY,"Workday, Inc.",Information Technology,2,2,0,2026-08-19,3,-1,20,1,197.820007,,85.5,盘中候选，等待收盘确认；跨日连续Top100 20天,prism-spx-ranking-timeline.csv
盘中候选,Prism,Russell,日线,Prism · Russell · 日线,SAFT,SAFETY INSURANCE GROUP INC,Financials,3,3,0,2026-08-19,4,-1,20,1,103.510002,,85.2,盘中候选，等待收盘确认；跨日连续Top100 20天,prism-russell2000-ranking-timeline.csv
盘中候选,Prism,Nasdaq 200,日线,Prism · Nasdaq 200 · 日线,CTSH,Cognizant,Information Technology,7,7,0,2026-08-19,6,1,20,1,61.029999,,83.7,盘中候选，等待收盘确认；跨日连续Top100 20天,prism-nasdaq200-ranking-timeline.csv
盘中候选,Early,Nasdaq 200,日线,Early · Nasdaq 200 · 日线,TSCO,Tractor Supply,Consumer Discretionary,8,8,0,2026-08-19,6,2,20,1,34.759998,,83.4,盘中候选，等待收盘确认；跨日连续Top100 20天,early-nasdaq200-ranking-timeline.csv
盘中候选,Prism,Russell,日线,Prism · Russell · 日线,KNSA,KINIKSA PHARMACEUTICALS INTERNATIO,Health Care,40,40,0,2026-08-19,52,-12,20,1,79.699997,,71.8,盘中候选，等待收盘确认；跨日连续Top100 20天,prism-russell2000-ranking-timeline.csv
盘中候选,Prism,S&P 500,日线,Prism · S&P 500 · 日线,HPQ,HP Inc.,Information Technology,41,41,0,2026-08-19,21,20,20,1,29.85,,71.5,盘中候选，等待收盘确认；跨日连续Top100 20天,prism-spx-ranking-timeline.csv
盘中候选,Prism,S&P 500,日线,Prism · S&P 500 · 日线,NTAP,NetApp,Information Technology,45,45,0,2026-08-19,32,13,20,1,195.070007,,70.0,盘中候选，等待收盘确认；跨日连续Top100 20天,prism-spx-ranking-timeline.csv
盘中候选,Prism,Nasdaq 200,日线,Prism · Nasdaq 200 · 日线,SSNC,"SS&C Technologies Holdings, Inc. - Common Stock",,61,61,0,2026-08-19,64,-3,20,1,82.260002,,59.3,盘中候选，等待收盘确认；跨日连续Top100 20天,prism-nasdaq200-ranking-timeline.csv
盘中候选,Early,Nasdaq 200,4小时,Early · Nasdaq 200 · 4小时,CPRT,Copart,Industrials,85,85,0,2026-08-19,46,39,20,1,33.84,50.38,54.8,盘中候选，等待收盘确认；跨日连续Top100 20天,early-nasdaq200-4h-signal-ranking.csv
盘中候选,Prism,S&P 500,日线,Prism · S&P 500 · 日线,PTC,PTC Inc.,Information Technology,5,5,0,2026-08-19,11,-6,19,1,153.104996,,84.5,盘中候选，等待收盘确认；跨日连续Top100 19天,prism-spx-ranking-timeline.csv
盘中候选,Prism,Russell,日线,Prism · Russell · 日线,GCT,GIGACLOUD TECHNOLOGY INC CLASS A,Consumer Discretionary,7,7,0,2026-08-19,7,0,19,1,50.959999,,83.7,盘中候选，等待收盘确认；跨日连续Top100 19天,prism-russell2000-ranking-timeline.csv
盘中候选,Prism,S&P 500,日线,Prism · S&P 500 · 日线,DXCM,Dexcom,Health Care,8,8,0,2026-08-19,18,-10,19,1,90.82,,83.4,盘中候选，等待收盘确认；跨日连续Top100 19天,prism-spx-ranking-timeline.csv
盘中候选,Prism,Nasdaq 200,日线,Prism · Nasdaq 200 · 日线,TEAM,Atlassian Corporation  - Class A Common Stock,,8,8,0,2026-08-19,7,1,19,1,172.809998,,83.4,盘中候选，等待收盘确认；跨日连续Top100 19天,prism-nasdaq200-ranking-timeline.csv
盘中候选,Prism,Nasdaq Liquid 500,日线,Prism · Nasdaq Liquid 500 · 日线,FBRX,FORTE BIOSCIENCES INC,Health Care,12,12,0,2026-08-19,6,6,19,1,76.934998,,81.9,盘中候选，等待收盘确认；跨日连续Top100 19天,prism-nasdaq500-ranking-timeline.csv
盘中候选,Prism,S&P 500,日线,Prism · S&P 500 · 日线,CRM,Salesforce,Information Technology,14,14,0,2026-08-19,25,-11,19,1,205.934998,,81.2,盘中候选，等待收盘确认；跨日连续Top100 19天,prism-spx-ranking-timeline.csv
盘中候选,Prism,Nasdaq Liquid 500,日线,Prism · Nasdaq Liquid 500 · 日线,CTSH,Cognizant,Information Technology,16,16,0,2026-08-19,12,4,19,1,61.029999,,80.5,盘中候选，等待收盘确认；跨日连续Top100 19天,prism-nasdaq500-ranking-timeline.csv
盘中候选,Prism,Nasdaq 200,日线,Prism · Nasdaq 200 · 日线,ZBRA,Zebra Technologies,Information Technology,19,19,0,2026-08-19,12,7,19,1,352.190002,,79.4,盘中候选，等待收盘确认；跨日连续Top100 19天,prism-nasdaq200-ranking-timeline.csv
盘中候选,Early,Nasdaq 200,日线,Early · Nasdaq 200 · 日线,PTC,PTC Inc.,Information Technology,34,34,0,2026-08-19,44,-10,19,1,153.104996,,74.0,盘中候选，等待收盘确认；跨日连续Top100 19天,early-nasdaq200-ranking-timeline.csv
盘中候选,Prism,Nasdaq 200,日线,Prism · Nasdaq 200 · 日线,EXPE,Expedia Group,Consumer Discretionary,36,36,0,2026-08-19,32,4,19,1,325.625,,73.3,盘中候选，等待收盘确认；跨日连续Top100 19天,prism-nasdaq200-ranking-timeline.csv
盘中候选,Early,Nasdaq 200,日线,Early · Nasdaq 200 · 日线,EXPE,Expedia Group,Consumer Discretionary,43,43,0,2026-08-19,48,-5,19,1,325.625,,70.7,盘中候选，等待收盘确认；跨日连续Top100 19天,early-nasdaq200-ranking-timeline.csv
盘中候选,Early,Nasdaq 200,日线,Early · Nasdaq 200 · 日线,DASH,DoorDash,Consumer Discretionary,49,49,0,2026-08-19,69,-20,19,1,220.960007,,68.6,盘中候选，等待收盘确认；跨日连续Top100 19天,early-nasdaq200-ranking-timeline.csv
盘中候选,Early,Nasdaq 200,日线,Early · Nasdaq 200 · 日线,BKNG,Booking Holdings,Consumer Discretionary,55,55,0,2026-08-19,22,33,19,1,212.9216,,61.5,盘中候选，等待收盘确认；跨日连续Top100 19天,early-nasdaq200-ranking-timeline.csv
盘中候选,Early,Nasdaq 200,日线,Early · Nasdaq 200 · 日线,TEAM,Atlassian Corporation  - Class A Common Stock,,62,62,0,2026-08-19,57,5,19,1,172.809998,,59.0,盘中候选，等待收盘确认；跨日连续Top100 19天,early-nasdaq200-ranking-timeline.csv
盘中候选,Early,Nasdaq 200,日线,Early · Nasdaq 200 · 日线,TCOM,Trip.com Group Limited - American Depositary Shares,,63,63,0,2026-08-19,63,0,19,1,46.009998,,58.6,盘中候选，等待收盘确认；跨日连续Top100 19天,early-nasdaq200-ranking-timeline.csv
盘中候选,Early,Nasdaq 200,4小时,Early · Nasdaq 200 · 4小时,ZG,"Zillow Group, Inc. - Class A Common Stock",,15,15,0,2026-08-19,15,0,18,1,36.889999,74.71,87.0,盘中候选，等待收盘确认；跨日连续Top100 18天,early-nasdaq200-4h-signal-ranking.csv
盘中候选,Early,Nasdaq 200,日线,Early · Nasdaq 200 · 日线,ZG,"Zillow Group, Inc. - Class A Common Stock",,3,3,0,2026-08-19,4,-1,18,1,36.799999,,85.2,盘中候选，等待收盘确认；跨日连续Top100 18天,early-nasdaq200-ranking-timeline.csv
盘中候选,Prism,S&P 500,日线,Prism · S&P 500 · 日线,BDX,Becton Dickinson,Health Care,13,13,0,2026-08-19,17,-4,18,1,189.220001,,81.6,盘中候选，等待收盘确认；跨日连续Top100 18天,prism-spx-ranking-timeline.csv
盘中候选,Prism,S&P 500,日线,Prism · S&P 500 · 日线,CTSH,Cognizant,Information Technology,15,15,0,2026-08-19,12,3,18,1,61.029999,,80.8,盘中候选，等待收盘确认；跨日连续Top100 18天,prism-spx-ranking-timeline.csv
盘中候选,Early,Nasdaq 200,日线,Early · Nasdaq 200 · 日线,COST,Costco,Consumer Staples,20,20,0,2026-08-19,16,4,18,1,938.5,,79.0,盘中候选，等待收盘确认；跨日连续Top100 18天,early-nasdaq200-ranking-timeline.csv
盘中候选,Prism,S&P 500,日线,Prism · S&P 500 · 日线,BSX,Boston Scientific,Health Care,27,27,0,2026-08-19,16,11,18,1,51.130001,,76.5,盘中候选，等待收盘确认；跨日连续Top100 18天,prism-spx-ranking-timeline.csv
盘中候选,Early,Nasdaq 200,4小时,Early · Nasdaq 200 · 4小时,CMCSA,Comcast,Communication Services,42,42,0,2026-08-19,40,2,18,1,26.605,63.54,76.3,盘中候选，等待收盘确认；跨日连续Top100 18天,early-nasdaq200-4h-signal-ranking.csv
盘中候选,Prism,Nasdaq Liquid 500,日线,Prism · Nasdaq Liquid 500 · 日线,GEHC,GE HealthCare,Health Care,33,33,0,2026-08-19,33,0,18,1,74.654999,,74.4,盘中候选，等待收盘确认；跨日连续Top100 18天,prism-nasdaq500-ranking-timeline.csv
盘中候选,Prism,S&P 500,日线,Prism · S&P 500 · 日线,STE,Steris,Health Care,48,48,0,2026-08-19,57,-9,18,1,238.320007,,68.9,盘中候选，等待收盘确认；跨日连续Top100 18天,prism-spx-ranking-timeline.csv
盘中候选,Prism,Nasdaq 200,日线,Prism · Nasdaq 200 · 日线,CRWD,CrowdStrike,Information Technology,48,48,0,2026-08-19,43,5,18,1,198.595001,,68.9,盘中候选，等待收盘确认；跨日连续Top100 18天,prism-nasdaq200-ranking-timeline.csv
盘中候选,Prism,Nasdaq 200,4小时,Prism · Nasdaq 200 · 4小时,NFLX,Netflix,Communication Services,58,58,0,2026-08-19,52,6,18,1,80.400002,61.68,65.5,盘中候选，等待收盘确认；跨日连续Top100 18天,prism-nasdaq200-4h-signal-ranking.csv
盘中候选,Prism,Nasdaq 200,4小时,Prism · Nasdaq 200 · 4小时,COO,Cooper Companies (The),Health Care,59,59,0,2026-08-19,72,-13,18,1,77.010002,61.61,65.1,盘中候选，等待收盘确认；跨日连续Top100 18天,prism-nasdaq200-4h-signal-ranking.csv
盘中候选,Prism,Nasdaq 200,日线,Prism · Nasdaq 200 · 日线,BKNG,Booking Holdings,Consumer Discretionary,54,54,0,2026-08-19,48,6,18,1,212.9216,,61.9,盘中候选，等待收盘确认；跨日连续Top100 18天,prism-nasdaq200-ranking-timeline.csv
盘中候选,Prism,Nasdaq 200,4小时,Prism · Nasdaq 200 · 4小时,GEHC,GE HealthCare,Health Care,77,77,0,2026-08-19,70,7,18,1,74.779999,58.69,58.4,盘中候选，等待收盘确认；跨日连续Top100 18天,prism-nasdaq200-4h-signal-ranking.csv
盘中候选,Early,Nasdaq 200,日线,Early · Nasdaq 200 · 日线,CPRT,Copart,Industrials,66,66,0,2026-08-19,46,20,18,1,33.849998,,57.5,盘中候选，等待收盘确认；跨日连续Top100 18天,early-nasdaq200-ranking-timeline.csv
盘中候选,Prism,Nasdaq 200,日线,Prism · Nasdaq 200 · 日线,ADI,Analog Devices,Information Technology,75,75,0,2026-08-19,75,0,18,1,374.619995,,54.3,盘中候选，等待收盘确认；跨日连续Top100 18天,prism-nasdaq200-ranking-timeline.csv
盘中候选,Early,Nasdaq 200,4小时,Early · Nasdaq 200 · 4小时,NFLX,Netflix,Communication Services,23,23,0,2026-08-19,26,-3,17,1,80.400002,69.67,83.7,盘中候选，等待收盘确认；跨日连续Top100 17天,early-nasdaq200-4h-signal-ranking.csv
盘中候选,Prism,S&P 500,日线,Prism · S&P 500 · 日线,GEHC,GE HealthCare,Health Care,19,19,0,2026-08-19,24,-5,17,1,74.654999,,79.4,盘中候选，等待收盘确认；跨日连续Top100 17天,prism-spx-ranking-timeline.csv
盘中候选,Prism,S&P 500,日线,Prism · S&P 500 · 日线,A,Agilent Technologies,Health Care,35,35,0,2026-08-19,38,-3,17,1,156.065002,,73.6,盘中候选，等待收盘确认；跨日连续Top100 17天,prism-spx-ranking-timeline.csv
盘中候选,Prism,Russell,日线,Prism · Russell · 日线,SMTI,SANARA MEDTECH INC,Health Care,39,39,0,2026-08-19,28,11,17,1,34.27,,72.2,盘中候选，等待收盘确认；跨日连续Top100 17天,prism-russell2000-ranking-timeline.csv
盘中候选,Prism,S&P 500,日线,Prism · S&P 500 · 日线,ZBH,Zimmer Biomet,Health Care,47,47,0,2026-08-19,46,1,17,1,101.239998,,69.3,盘中候选，等待收盘确认；跨日连续Top100 17天,prism-spx-ranking-timeline.csv
盘中候选,Prism,Nasdaq Liquid 500,日线,Prism · Nasdaq Liquid 500 · 日线,MMSI,MERIT MEDICAL SYSTEMS INC,Health Care,62,62,0,2026-08-19,52,10,17,1,91.309998,,59.0,盘中候选，等待收盘确认；跨日连续Top100 17天,prism-nasdaq500-ranking-timeline.csv
盘中候选,Prism,Russell,日线,Prism · Russell · 日线,ANIK,ANIKA THERAPEUTICS INC,Health Care,22,22,0,2026-08-19,64,-42,16,1,21.605,,78.3,盘中候选，等待收盘确认；跨日连续Top100 16天,prism-russell2000-ranking-timeline.csv
盘中候选,Prism,Nasdaq Liquid 500,日线,Prism · Nasdaq Liquid 500 · 日线,MKTX,"MarketAxess Holdings, Inc. - Common Stock",,23,23,0,2026-08-19,19,4,16,1,161.75,,78.0,盘中候选，等待收盘确认；跨日连续Top100 16天,prism-nasdaq500-ranking-timeline.csv
盘中候选,Early,S&P 500,日线,Early · S&P 500 · 日线,ZBH,Zimmer Biomet,Health Care,25,25,0,2026-08-19,32,-7,16,1,101.239998,,77.2,盘中候选，等待收盘确认；跨日连续Top100 16天,early-spx-ranking-timeline.csv
盘中候选,Prism,S&P 500,日线,Prism · S&P 500 · 日线,MSFT,Microsoft,Information Technology,29,29,0,2026-08-19,35,-6,16,1,482.095001,,75.8,盘中候选，等待收盘确认；跨日连续Top100 16天,prism-spx-ranking-timeline.csv
盘中候选,Prism,Russell,日线,Prism · Russell · 日线,EFOR,EVERFORTH INC,Information Technology,45,45,0,2026-08-19,39,6,16,1,31.875,,70.0,盘中候选，等待收盘确认；跨日连续Top100 16天,prism-russell2000-ranking-timeline.csv
盘中候选,Prism,Russell,日线,Prism · Russell · 日线,PLSE,PULSE BIOSCIENCES INC,Health Care,61,61,0,2026-08-19,14,47,16,1,47.07,,59.3,盘中候选，等待收盘确认；跨日连续Top100 16天,prism-russell2000-ranking-timeline.csv
盘中候选,Prism,Nasdaq 200,日线,Prism · Nasdaq 200 · 日线,AMZN,Amazon,Consumer Discretionary,72,72,0,2026-08-19,79,-7,16,1,262.890015,,55.4,盘中候选，等待收盘确认；跨日连续Top100 16天,prism-nasdaq200-ranking-timeline.csv
盘中候选,Prism,S&P 500,日线,Prism · S&P 500 · 日线,HII,Huntington Ingalls Industries,Industrials,88,88,0,2026-08-19,53,35,16,1,306.005005,,49.6,盘中候选，等待收盘确认；跨日连续Top100 16天,prism-spx-ranking-timeline.csv
盘中候选,Early,Nasdaq 200,日线,Early · Nasdaq 200 · 日线,Z,"Zillow Group, Inc. - Class C Capital Stock",,6,6,0,2026-08-19,5,1,15,1,35.915001,,84.1,盘中候选，等待收盘确认；跨日连续Top100 15天,early-nasdaq200-ranking-timeline.csv
盘中候选,Prism,Nasdaq 200,日线,Prism · Nasdaq 200 · 日线,SMCI,Supermicro,Information Technology,23,23,0,2026-08-19,1,22,15,1,37.050098,,78.0,盘中候选，等待收盘确认；跨日连续Top100 15天,prism-nasdaq200-ranking-timeline.csv
盘中候选,Early,Nasdaq Liquid 500,日线,Early · Nasdaq Liquid 500 · 日线,TW,Tradeweb Markets Inc. - Class A Common Stock,,50,50,0,2026-08-19,71,-21,15,1,103.610001,,68.2,盘中候选，等待收盘确认；跨日连续Top100 15天,early-nasdaq500-ranking-timeline.csv
盘中候选,Prism,S&P 500,日线,Prism · S&P 500 · 日线,PFE,Pfizer,Health Care,53,53,0,2026-08-19,44,9,15,1,27.815001,,62.2,盘中候选，等待收盘确认；跨日连续Top100 15天,prism-spx-ranking-timeline.csv
盘中候选,Prism,Russell,日线,Prism · Russell · 日线,AVXL,ANAVEX LIFE SCIENCES CORP,Health Care,62,62,0,2026-08-19,27,35,15,1,3.24,,59.0,盘中候选，等待收盘确认；跨日连续Top100 15天,prism-russell2000-ranking-timeline.csv
盘中候选,Prism,Nasdaq 200,日线,Prism · Nasdaq 200 · 日线,FSLR,First Solar,Information Technology,71,71,0,2026-08-19,65,6,15,1,219.699997,,55.7,盘中候选，等待收盘确认；跨日连续Top100 15天,prism-nasdaq200-ranking-timeline.csv
盘中候选,Early,Nasdaq 200,日线,Early · Nasdaq 200 · 日线,LECO,"Lincoln Electric Holdings, Inc. - Common Shares",,73,73,0,2026-08-19,73,0,15,1,276.690002,,55.0,盘中候选，等待收盘确认；跨日连续Top100 15天,early-nasdaq200-ranking-timeline.csv
盘中候选,Prism,S&P 500,日线,Prism · S&P 500 · 日线,J,Jacobs Solutions,Industrials,75,75,0,2026-08-19,70,5,15,1,147.020004,,54.3,盘中候选，等待收盘确认；跨日连续Top100 15天,prism-spx-ranking-timeline.csv
盘中候选,Early,Nasdaq 200,日线,Early · Nasdaq 200 · 日线,CMCSA,Comcast,Communication Services,81,81,0,2026-08-19,84,-3,15,1,26.58,,52.1,盘中候选，等待收盘确认；跨日连续Top100 15天,early-nasdaq200-ranking-timeline.csv
盘中候选,Prism,Russell,日线,Prism · Russell · 日线,FET,FORUM ENERGY TECHNOLOGIES INC,Energy,86,86,0,2026-08-19,94,-8,15,1,79.793999,,50.3,盘中候选，等待收盘确认；跨日连续Top100 15天,prism-russell2000-ranking-timeline.csv
盘中候选,Prism,Nasdaq Liquid 500,日线,Prism · Nasdaq Liquid 500 · 日线,SWKS,Skyworks Solutions,Information Technology,91,91,0,2026-08-19,70,21,15,1,68.839996,,48.5,盘中候选，等待收盘确认；跨日连续Top100 15天,prism-nasdaq500-ranking-timeline.csv
盘中候选,Prism,S&P 500,日线,Prism · S&P 500 · 日线,SWK,Stanley Black & Decker,Industrials,93,93,0,2026-08-19,79,14,15,1,98.139999,,47.8,盘中候选，等待收盘确认；跨日连续Top100 15天,prism-spx-ranking-timeline.csv
盘中候选,Early,Nasdaq 200,4小时,Early · Nasdaq 200 · 4小时,NWS,News Corp (Class B),Communication Services,24,24,0,2026-08-19,24,0,14,1,33.540001,69.03,83.3,盘中候选，等待收盘确认；跨日连续Top100 14天,early-nasdaq200-4h-signal-ranking.csv
盘中候选,Early,Nasdaq 200,4小时,Early · Nasdaq 200 · 4小时,NWSA,News Corp (Class A),Communication Services,25,25,0,2026-08-19,30,-5,14,1,29.469999,68.88,82.9,盘中候选，等待收盘确认；跨日连续Top100 14天,early-nasdaq200-4h-signal-ranking.csv
盘中候选,Prism,S&P 500,日线,Prism · S&P 500 · 日线,BR,Broadridge Financial Solutions,Industrials,31,31,0,2026-08-19,31,0,14,1,176.860001,,75.1,盘中候选，等待收盘确认；跨日连续Top100 14天,prism-spx-ranking-timeline.csv
盘中候选,Prism,Nasdaq 200,日线,Prism · Nasdaq 200 · 日线,TSCO,Tractor Supply,Consumer Discretionary,37,37,0,2026-08-19,26,11,14,1,34.759998,,72.9,盘中候选，等待收盘确认；跨日连续Top100 14天,prism-nasdaq200-ranking-timeline.csv
盘中候选,Early,S&P 500,日线,Early · S&P 500 · 日线,CME,CME Group,Financials,53,53,0,2026-08-19,38,15,14,1,268.899994,,62.2,盘中候选，等待收盘确认；跨日连续Top100 14天,early-spx-ranking-timeline.csv
盘中候选,Early,Nasdaq Liquid 500,日线,Early · Nasdaq Liquid 500 · 日线,CME,CME Group,Financials,63,63,0,2026-08-19,41,22,14,1,268.899994,,58.6,盘中候选，等待收盘确认；跨日连续Top100 14天,early-nasdaq500-ranking-timeline.csv
盘中候选,Prism,Nasdaq Liquid 500,日线,Prism · Nasdaq Liquid 500 · 日线,PANW,Palo Alto Networks,Information Technology,77,77,0,2026-08-19,84,-7,14,1,358.660004,,53.6,盘中候选，等待收盘确认；跨日连续Top100 14天,prism-nasdaq500-ranking-timeline.csv
盘中候选,Prism,Nasdaq 200,日线,Prism · Nasdaq 200 · 日线,TER,Teradyne,Information Technology,93,93,0,2026-08-19,99,-6,14,1,377.415009,,47.8,盘中候选，等待收盘确认；跨日连续Top100 14天,prism-nasdaq200-ranking-timeline.csv
盘中候选,Prism,S&P 500,日线,Prism · S&P 500 · 日线,PLTR,Palantir Technologies,Information Technology,3,3,0,2026-08-19,5,-2,13,1,175.419998,,85.2,盘中候选，等待收盘确认；跨日连续Top100 13天,prism-spx-ranking-timeline.csv
盘中候选,Prism,Nasdaq Liquid 500,日线,Prism · Nasdaq Liquid 500 · 日线,PLTR,Palantir Technologies,Information Technology,5,5,0,2026-08-19,8,-3,13,1,175.419998,,84.5,盘中候选，等待收盘确认；跨日连续Top100 13天,prism-nasdaq500-ranking-timeline.csv
盘中候选,Early,Nasdaq 200,日线,Early · Nasdaq 200 · 日线,SMCI,Supermicro,Information Technology,10,10,0,2026-08-19,1,9,13,1,37.050098,,82.7,盘中候选，等待收盘确认；跨日连续Top100 13天,early-nasdaq200-ranking-timeline.csv
盘中候选,Early,Nasdaq Liquid 500,4小时,Early · Nasdaq Liquid 500 · 4小时,WFRD,Weatherford International plc - Ordinary shares,,28,28,0,2026-08-19,37,-9,13,1,93.025002,72.5,82.1,盘中候选，等待收盘确认；跨日连续Top100 13天,early-nasdaq500-4h-signal-ranking.csv
盘中候选,Prism,Nasdaq Liquid 500,4小时,Prism · Nasdaq Liquid 500 · 4小时,ERIC,Ericsson - American Depositary Shares each representing 1 underlying Class B share,,28,28,0,2026-08-19,28,0,13,1,10.135,70.66,82.0,盘中候选，等待收盘确认；跨日连续Top100 13天,prism-nasdaq500-4h-signal-ranking.csv
盘中候选,Early,Nasdaq 200,4小时,Early · Nasdaq 200 · 4小时,ROIV,Roivant Sciences Ltd. - Common Shares,,29,29,0,2026-08-19,32,-3,13,1,37.259998,67.54,81.3,盘中候选，等待收盘确认；跨日连续Top100 13天,early-nasdaq200-4h-signal-ranking.csv
盘中候选,Early,Nasdaq 200,日线,Early · Nasdaq 200 · 日线,PLTR,Palantir Technologies,Information Technology,19,19,0,2026-08-19,38,-19,13,1,175.419998,,79.4,盘中候选，等待收盘确认；跨日连续Top100 13天,early-nasdaq200-ranking-timeline.csv
盘中候选,Early,Nasdaq 200,4小时,Early · Nasdaq 200 · 4小时,RVMD,"Revolution Medicines, Inc. - Common Stock",,36,36,0,2026-08-19,66,-30,13,1,211.480103,65.47,78.6,盘中候选，等待收盘确认；跨日连续Top100 13天,early-nasdaq200-4h-signal-ranking.csv
盘中候选,Prism,Nasdaq 200,日线,Prism · Nasdaq 200 · 日线,KTOS,"Kratos Defense & Security Solutions, Inc. - Common Stock",,27,27,0,2026-08-19,17,10,13,1,58.178001,,76.5,盘中候选，等待收盘确认；跨日连续Top100 13天,prism-nasdaq200-ranking-timeline.csv
盘中候选,Prism,S&P 500,日线,Prism · S&P 500 · 日线,ZBRA,Zebra Technologies,Information Technology,39,39,0,2026-08-19,23,16,13,1,352.190002,,72.2,盘中候选，等待收盘确认；跨日连续Top100 13天,prism-spx-ranking-timeline.csv
盘中候选,Prism,Nasdaq Liquid 500,日线,Prism · Nasdaq Liquid 500 · 日线,ZBRA,Zebra Technologies,Information Technology,48,48,0,2026-08-19,32,16,13,1,352.190002,,68.9,盘中候选，等待收盘确认；跨日连续Top100 13天,prism-nasdaq500-ranking-timeline.csv
盘中候选,Prism,S&P 500,日线,Prism · S&P 500 · 日线,WAT,Waters Corporation,Health Care,56,56,0,2026-08-19,49,7,13,1,414.929993,,61.1,盘中候选，等待收盘确认；跨日连续Top100 13天,prism-spx-ranking-timeline.csv
盘中候选,Prism,Nasdaq Liquid 500,日线,Prism · Nasdaq Liquid 500 · 日线,FAST,Fastenal,Industrials,81,81,0,2026-08-19,58,23,13,1,50.93,,52.1,盘中候选，等待收盘确认；跨日连续Top100 13天,prism-nasdaq500-ranking-timeline.csv
盘中候选,Prism,S&P 500,日线,Prism · S&P 500 · 日线,SWKS,Skyworks Solutions,Information Technology,84,84,0,2026-08-19,77,7,13,1,68.839996,,51.0,盘中候选，等待收盘确认；跨日连续Top100 13天,prism-spx-ranking-timeline.csv
盘中候选,Early,Nasdaq 200,日线,Early · Nasdaq 200 · 日线,NVDA,Nvidia,Information Technology,97,97,0,2026-08-19,91,6,13,1,217.705002,,46.3,盘中候选，等待收盘确认；跨日连续Top100 13天,early-nasdaq200-ranking-timeline.csv
盘中候选,Prism,Nasdaq 200,4小时,Prism · Nasdaq 200 · 4小时,MRVL,Marvell Technology,Information Technology,15,15,0,2026-08-19,19,-4,12,1,236.520004,74.3,86.9,盘中候选，等待收盘确认；跨日连续Top100 12天,prism-nasdaq200-4h-signal-ranking.csv
盘中候选,Prism,S&P 500,日线,Prism · S&P 500 · 日线,CRL,Charles River Laboratories,Health Care,4,4,0,2026-08-19,4,0,12,1,293.630005,,84.8,盘中候选，等待收盘确认；跨日连续Top100 12天,prism-spx-ranking-timeline.csv
盘中候选,Prism,Nasdaq Liquid 500,4小时,Prism · Nasdaq Liquid 500 · 4小时,MRVL,Marvell Technology,Information Technology,26,26,0,2026-08-19,40,-14,12,1,236.520004,71.92,82.8,盘中候选，等待收盘确认；跨日连续Top100 12天,prism-nasdaq500-4h-signal-ranking.csv
盘中候选,Prism,Nasdaq Liquid 500,日线,Prism · Nasdaq Liquid 500 · 日线,TWST,TWIST BIOSCIENCE,Health Care,11,11,0,2026-08-19,28,-17,12,1,139.759995,,82.3,盘中候选，等待收盘确认；跨日连续Top100 12天,prism-nasdaq500-ranking-timeline.csv
盘中候选,Prism,Nasdaq 200,4小时,Prism · Nasdaq 200 · 4小时,RKLB,Rocket Lab Corporation - Common Stock,,29,29,0,2026-08-19,16,13,12,1,73.235001,66.44,81.2,盘中候选，等待收盘确认；跨日连续Top100 12天,prism-nasdaq200-4h-signal-ranking.csv
盘中候选,Prism,Nasdaq Liquid 500,日线,Prism · Nasdaq Liquid 500 · 日线,CHYM,"Chime Financial, Inc. - Class A Common Stock",,20,20,0,2026-08-19,16,4,12,1,33.349998,,79.0,盘中候选，等待收盘确认；跨日连续Top100 12天,prism-nasdaq500-ranking-timeline.csv
盘中候选,Prism,Nasdaq 200,日线,Prism · Nasdaq 200 · 日线,ISRG,Intuitive Surgical,Health Care,21,21,0,2026-08-19,19,2,12,1,393.549988,,78.7,盘中候选，等待收盘确认；跨日连续Top100 12天,prism-nasdaq200-ranking-timeline.csv
盘中候选,Prism,Nasdaq 200,4小时,Prism · Nasdaq 200 · 4小时,VRTX,Vertex Pharmaceuticals,Health Care,43,43,0,2026-08-19,31,12,12,1,546.992493,64.06,76.0,盘中候选，等待收盘确认；跨日连续Top100 12天,prism-nasdaq200-4h-signal-ranking.csv
盘中候选,Prism,Nasdaq Liquid 500,日线,Prism · Nasdaq Liquid 500 · 日线,IDCC,INTERDIGITAL INC,Information Technology,50,50,0,2026-08-19,59,-9,12,1,347.820007,,68.2,盘中候选，等待收盘确认；跨日连续Top100 12天,prism-nasdaq500-ranking-timeline.csv
盘中候选,Prism,Nasdaq 200,日线,Prism · Nasdaq 200 · 日线,SHOP,Shopify Inc. - Class A Subordinate Voting Shares,,57,57,0,2026-08-19,71,-14,12,1,145.339996,,60.8,盘中候选，等待收盘确认；跨日连续Top100 12天,prism-nasdaq200-ranking-timeline.csv
盘中候选,Prism,Nasdaq Liquid 500,日线,Prism · Nasdaq Liquid 500 · 日线,TXG,10X GENOMICS CLASS A,Health Care,58,58,0,2026-08-19,73,-15,12,1,62.595001,,60.4,盘中候选，等待收盘确认；跨日连续Top100 12天,prism-nasdaq500-ranking-timeline.csv
盘中候选,Early,Nasdaq 200,4小时,Early · Nasdaq 200 · 4小时,VRTX,Vertex Pharmaceuticals,Health Care,75,75,0,2026-08-19,53,22,12,1,546.992493,55.15,58.8,盘中候选，等待收盘确认；跨日连续Top100 12天,early-nasdaq200-4h-signal-ranking.csv
盘中候选,Prism,Nasdaq 200,4小时,Prism · Nasdaq 200 · 4小时,DXCM,Dexcom,Health Care,76,76,0,2026-08-19,59,17,12,1,90.940002,58.76,58.7,盘中候选，等待收盘确认；跨日连续Top100 12天,prism-nasdaq200-4h-signal-ranking.csv
盘中候选,Prism,Nasdaq Liquid 500,日线,Prism · Nasdaq Liquid 500 · 日线,KTOS,"Kratos Defense & Security Solutions, Inc. - Common Stock",,68,68,0,2026-08-19,40,28,12,1,58.178001,,56.8,盘中候选，等待收盘确认；跨日连续Top100 12天,prism-nasdaq500-ranking-timeline.csv
盘中候选,Prism,S&P 500,日线,Prism · S&P 500 · 日线,RVTY,Revvity,Health Care,71,71,0,2026-08-19,84,-13,12,1,121.112503,,55.7,盘中候选，等待收盘确认；跨日连续Top100 12天,prism-spx-ranking-timeline.csv
盘中候选,Early,Nasdaq 200,4小时,Early · Nasdaq 200 · 4小时,DOCU,"DocuSign, Inc. - Common Stock",,84,84,0,2026-08-19,93,-9,12,1,62.145,50.62,55.2,盘中候选，等待收盘确认；跨日连续Top100 12天,early-nasdaq200-4h-signal-ranking.csv
盘中候选,Prism,S&P 500,日线,Prism · S&P 500 · 日线,RTX,RTX Corporation,Industrials,73,73,0,2026-08-19,58,15,12,1,218.259995,,55.0,盘中候选，等待收盘确认；跨日连续Top100 12天,prism-spx-ranking-timeline.csv
盘中候选,Prism,S&P 500,日线,Prism · S&P 500 · 日线,PANW,Palo Alto Networks,Information Technology,74,74,0,2026-08-19,93,-19,12,1,358.660004,,54.6,盘中候选，等待收盘确认；跨日连续Top100 12天,prism-spx-ranking-timeline.csv
盘中候选,Prism,Nasdaq 200,4小时,Prism · Nasdaq 200 · 4小时,ISRG,Intuitive Surgical,Health Care,87,87,0,2026-08-19,60,27,12,1,393.589996,57.17,54.6,盘中候选，等待收盘确认；跨日连续Top100 12天,prism-nasdaq200-4h-signal-ranking.csv
盘中候选,Early,Nasdaq 200,日线,Early · Nasdaq 200 · 日线,WYNN,Wynn Resorts,Consumer Discretionary,75,75,0,2026-08-19,93,-18,12,1,97.43,,54.3,盘中候选，等待收盘确认；跨日连续Top100 12天,early-nasdaq200-ranking-timeline.csv
盘中候选,Prism,S&P 500,日线,Prism · S&P 500 · 日线,FAST,Fastenal,Industrials,76,76,0,2026-08-19,63,13,12,1,50.93,,53.9,盘中候选，等待收盘确认；跨日连续Top100 12天,prism-spx-ranking-timeline.csv
盘中候选,Prism,Nasdaq Liquid 500,日线,Prism · Nasdaq Liquid 500 · 日线,FRPT,"Freshpet, Inc. - Common Stock",,78,78,0,2026-08-19,89,-11,12,1,75.32,,53.2,盘中候选，等待收盘确认；跨日连续Top100 12天,prism-nasdaq500-ranking-timeline.csv
盘中候选,Early,Nasdaq 200,日线,Early · Nasdaq 200 · 日线,RGLD,"Royal Gold, Inc. - Common Stock",,89,89,0,2026-08-19,78,11,12,1,249.895004,,49.2,盘中候选，等待收盘确认；跨日连续Top100 12天,early-nasdaq200-ranking-timeline.csv
盘中候选,Prism,S&P 500,4小时,Prism · S&P 500 · 4小时,SBAC,SBA Communications,Real Estate,18,18,0,2026-08-19,21,-3,11,1,182.210007,73.59,85.8,盘中候选，等待收盘确认；跨日连续Top100 11天,prism-spx-4h-signal-ranking.csv
盘中候选,Prism,Nasdaq Liquid 500,4小时,Prism · Nasdaq Liquid 500 · 4小时,SBAC,SBA Communications,Real Estate,20,20,0,2026-08-19,21,-1,11,1,182.210007,74.09,85.1,盘中候选，等待收盘确认；跨日连续Top100 11天,prism-nasdaq500-4h-signal-ranking.csv
盘中候选,Early,Nasdaq 200,4小时,Early · Nasdaq 200 · 4小时,FWONA,Liberty Media Corporation - Series A Liberty Formula One Common Stock,,20,20,0,2026-08-19,47,-27,11,1,95.860001,71.79,84.9,盘中候选，等待收盘确认；跨日连续Top100 11天,early-nasdaq200-4h-signal-ranking.csv
盘中候选,Prism,Nasdaq Liquid 500,日线,Prism · Nasdaq Liquid 500 · 日线,CAI,"Caris Life Sciences, Inc. - Common Stock",,4,4,0,2026-08-19,3,1,11,1,23.75,,84.8,盘中候选，等待收盘确认；跨日连续Top100 11天,prism-nasdaq500-ranking-timeline.csv
盘中候选,Early,Nasdaq 200,4小时,Early · Nasdaq 200 · 4小时,FWONK,Liberty Media Corporation - Series C Liberty Formula One Common Stock,,21,21,0,2026-08-19,49,-28,11,1,104.68,70.94,84.5,盘中候选，等待收盘确认；跨日连续Top100 11天,early-nasdaq200-4h-signal-ranking.csv
盘中候选,Prism,Nasdaq Liquid 500,日线,Prism · Nasdaq Liquid 500 · 日线,IOVA,IOVANCE BIOTHERAPEUTICS INC,Health Care,7,7,0,2026-08-19,10,-3,11,1,8.3,,83.7,盘中候选，等待收盘确认；跨日连续Top100 11天,prism-nasdaq500-ranking-timeline.csv
盘中候选,Early,Nasdaq Liquid 500,日线,Early · Nasdaq Liquid 500 · 日线,AXTI,AXT,Information Technology,8,8,0,2026-08-19,11,-3,11,1,70.838203,,83.4,盘中候选，等待收盘确认；跨日连续Top100 11天,early-nasdaq500-ranking-timeline.csv
盘中候选,Early,Nasdaq 200,4小时,Early · Nasdaq 200 · 4小时,ISRG,Intuitive Surgical,Health Care,28,28,0,2026-08-19,34,-6,11,1,393.589996,67.8,81.7,盘中候选，等待收盘确认；跨日连续Top100 11天,early-nasdaq200-4h-signal-ranking.csv
盘中候选,Prism,Nasdaq 200,日线,Prism · Nasdaq 200 · 日线,ABNB,Airbnb,Consumer Discretionary,17,17,0,2026-08-19,20,-3,11,1,186.399994,,80.1,盘中候选，等待收盘确认；跨日连续Top100 11天,prism-nasdaq200-ranking-timeline.csv
盘中候选,Prism,Nasdaq Liquid 500,日线,Prism · Nasdaq Liquid 500 · 日线,TEAM,Atlassian Corporation  - Class A Common Stock,,17,17,0,2026-08-19,13,4,11,1,172.809998,,80.1,盘中候选，等待收盘确认；跨日连续Top100 11天,prism-nasdaq500-ranking-timeline.csv
盘中候选,Prism,Russell,日线,Prism · Russell · 日线,IOVA,IOVANCE BIOTHERAPEUTICS INC,Health Care,18,18,0,2026-08-19,67,-49,11,1,8.3,,79.8,盘中候选，等待收盘确认；跨日连续Top100 11天,prism-russell2000-ranking-timeline.csv
盘中候选,Prism,Russell,日线,Prism · Russell · 日线,SGHT,SIGHT SCIENCES,Health Care,21,21,0,2026-08-19,13,8,11,1,8.38,,78.7,盘中候选，等待收盘确认；跨日连续Top100 11天,prism-russell2000-ranking-timeline.csv
盘中候选,Prism,S&P 500,日线,Prism · S&P 500 · 日线,RMD,ResMed|,Health Care,22,22,0,2026-08-19,27,-5,11,1,230.514999,,78.3,盘中候选，等待收盘确认；跨日连续Top100 11天,prism-spx-ranking-timeline.csv
盘中候选,Early,Nasdaq 200,日线,Early · Nasdaq 200 · 日线,ROIV,Roivant Sciences Ltd. - Common Shares,,23,23,0,2026-08-19,28,-5,11,1,37.220001,,78.0,盘中候选，等待收盘确认；跨日连续Top100 11天,early-nasdaq200-ranking-timeline.csv
盘中候选,Early,Nasdaq 200,日线,Early · Nasdaq 200 · 日线,FWONK,Liberty Media Corporation - Series C Liberty Formula One Common Stock,,24,24,0,2026-08-19,31,-7,11,1,104.875,,77.6,盘中候选，等待收盘确认；跨日连续Top100 11天,early-nasdaq200-ranking-timeline.csv
盘中候选,Prism,Russell,日线,Prism · Russell · 日线,OMER,OMEROS,Health Care,24,24,0,2026-08-19,15,9,11,1,18.49,,77.6,盘中候选，等待收盘确认；跨日连续Top100 11天,prism-russell2000-ranking-timeline.csv
盘中候选,Early,Nasdaq Liquid 500,4小时,Early · Nasdaq Liquid 500 · 4小时,ROIV,Roivant Sciences Ltd. - Common Shares,,43,43,0,2026-08-19,51,-8,11,1,37.259998,67.77,76.3,盘中候选，等待收盘确认；跨日连续Top100 11天,early-nasdaq500-4h-signal-ranking.csv
盘中候选,Early,Nasdaq 200,日线,Early · Nasdaq 200 · 日线,FWONA,Liberty Media Corporation - Series A Liberty Formula One Common Stock,,29,29,0,2026-08-19,32,-3,11,1,95.860001,,75.8,盘中候选，等待收盘确认；跨日连续Top100 11天,early-nasdaq200-ranking-timeline.csv
盘中候选,Prism,S&P 500,日线,Prism · S&P 500 · 日线,LDOS,Leidos,Industrials,33,33,0,2026-08-19,10,23,11,1,145.065002,,74.4,盘中候选，等待收盘确认；跨日连续Top100 11天,prism-spx-ranking-timeline.csv
盘中候选,Prism,Nasdaq Liquid 500,日线,Prism · Nasdaq Liquid 500 · 日线,APA,APA Corporation,Energy,34,34,0,2026-08-19,34,0,11,1,44.875,,74.0,盘中候选，等待收盘确认；跨日连续Top100 11天,prism-nasdaq500-ranking-timeline.csv
盘中候选,Prism,Nasdaq 200,日线,Prism · Nasdaq 200 · 日线,DASH,DoorDash,Consumer Discretionary,35,35,0,2026-08-19,51,-16,11,1,220.960007,,73.6,盘中候选，等待收盘确认；跨日连续Top100 11天,prism-nasdaq200-ranking-timeline.csv
盘中候选,Prism,Nasdaq 200,日线,Prism · Nasdaq 200 · 日线,FOXA,Fox Corporation (Class A),Communication Services,41,41,0,2026-08-19,45,-4,11,1,68.5,,71.5,盘中候选，等待收盘确认；跨日连续Top100 11天,prism-nasdaq200-ranking-timeline.csv
盘中候选,Prism,Russell,日线,Prism · Russell · 日线,PAYS,PAYSIGN INC,Financials,42,42,0,2026-08-19,36,6,11,1,13.8,,71.1,盘中候选，等待收盘确认；跨日连续Top100 11天,prism-russell2000-ranking-timeline.csv
盘中候选,Prism,Russell,日线,Prism · Russell · 日线,HBB,HAMILTON BEACH BRANDS HOLDING COMP,Consumer Discretionary,46,46,0,2026-08-19,40,6,11,1,33.400002,,69.7,盘中候选，等待收盘确认；跨日连续Top100 11天,prism-russell2000-ranking-timeline.csv
盘中候选,Prism,Nasdaq Liquid 500,4小时,Prism · Nasdaq Liquid 500 · 4小时,RKLB,Rocket Lab Corporation - Common Stock,,51,51,0,2026-08-19,29,22,11,1,73.235001,65.11,68.3,盘中候选，等待收盘确认；跨日连续Top100 11天,prism-nasdaq500-4h-signal-ranking.csv
盘中候选,Prism,Nasdaq 200,4小时,Prism · Nasdaq 200 · 4小时,ROIV,Roivant Sciences Ltd. - Common Shares,,55,55,0,2026-08-19,50,5,11,1,37.259998,62.08,66.6,盘中候选，等待收盘确认；跨日连续Top100 11天,prism-nasdaq200-4h-signal-ranking.csv
盘中候选,Early,Nasdaq 200,4小时,Early · Nasdaq 200 · 4小时,WBD,Warner Bros. Discovery,Communication Services,60,60,0,2026-08-19,98,-38,11,1,28.440001,57.8,64.4,盘中候选，等待收盘确认；跨日连续Top100 11天,early-nasdaq200-4h-signal-ranking.csv
盘中候选,Prism,Nasdaq 200,日线,Prism · Nasdaq 200 · 日线,RGLD,"Royal Gold, Inc. - Common Stock",,51,51,0,2026-08-19,37,14,11,1,249.895004,,62.9,盘中候选，等待收盘确认；跨日连续Top100 11天,prism-nasdaq200-ranking-timeline.csv
盘中候选,Prism,Nasdaq 200,日线,Prism · Nasdaq 200 · 日线,FOX,Fox Corporation (Class B),Communication Services,55,55,0,2026-08-19,58,-3,11,1,60.895,,61.5,盘中候选，等待收盘确认；跨日连续Top100 11天,prism-nasdaq200-ranking-timeline.csv
盘中候选,Early,Nasdaq 200,日线,Early · Nasdaq 200 · 日线,KTOS,"Kratos Defense & Security Solutions, Inc. - Common Stock",,68,68,0,2026-08-19,53,15,11,1,58.178001,,56.8,盘中候选，等待收盘确认；跨日连续Top100 11天,early-nasdaq200-ranking-timeline.csv
盘中候选,Early,S&P 500,4小时,Early · S&P 500 · 4小时,EXPD,Expeditors International,Industrials,83,83,0,2026-08-19,89,-6,11,1,186.570007,61.72,56.5,盘中候选，等待收盘确认；跨日连续Top100 11天,early-spx-4h-signal-ranking.csv
盘中候选,Prism,Russell,日线,Prism · Russell · 日线,MATV,MATIV HOLDINGS,Materials,78,78,0,2026-08-19,42,36,11,1,11.85,,53.2,盘中候选，等待收盘确认；跨日连续Top100 11天,prism-russell2000-ranking-timeline.csv
盘中候选,Prism,S&P 500,日线,Prism · S&P 500 · 日线,TSCO,Tractor Supply,Consumer Discretionary,83,83,0,2026-08-19,66,17,11,1,34.759998,,51.4,盘中候选，等待收盘确认；跨日连续Top100 11天,prism-spx-ranking-timeline.csv
盘中候选,Prism,Nasdaq Liquid 500,日线,Prism · Nasdaq Liquid 500 · 日线,TSCO,Tractor Supply,Consumer Discretionary,88,88,0,2026-08-19,61,27,11,1,34.759998,,49.6,盘中候选，等待收盘确认；跨日连续Top100 11天,prism-nasdaq500-ranking-timeline.csv
盘中候选,Prism,Nasdaq Liquid 500,日线,Prism · Nasdaq Liquid 500 · 日线,RYTM,RHYTHM PHARMACEUTICALS,Health Care,90,90,0,2026-08-19,68,22,11,1,112.68,,48.9,盘中候选，等待收盘确认；跨日连续Top100 11天,prism-nasdaq500-ranking-timeline.csv
盘中候选,Prism,Nasdaq Liquid 500,日线,Prism · Nasdaq Liquid 500 · 日线,AXTI,AXT,Information Technology,98,98,0,2026-08-19,95,3,11,1,70.838203,,46.0,盘中候选，等待收盘确认；跨日连续Top100 11天,prism-nasdaq500-ranking-timeline.csv
盘中候选,Early,Nasdaq Liquid 500,4小时,Early · Nasdaq Liquid 500 · 4小时,VSNT,"Versant Media Group, Inc. - Class A Common Stock",,18,18,0,2026-08-19,21,-3,10,1,39.134998,79.19,86.3,盘中候选，等待收盘确认；跨日连续Top100 10天,early-nasdaq500-4h-signal-ranking.csv
盘中候选,Early,Nasdaq Liquid 500,4小时,Early · Nasdaq Liquid 500 · 4小时,CSGP,CoStar Group,Real Estate,19,19,0,2026-08-19,30,-11,10,1,32.700001,78.61,85.9,盘中候选，等待收盘确认；跨日连续Top100 10天,early-nasdaq500-4h-signal-ranking.csv
盘中候选,Early,S&P 500,4小时,Early · S&P 500 · 4小时,CSGP,CoStar Group,Real Estate,19,19,0,2026-08-19,37,-18,10,1,32.700001,75.37,85.6,盘中候选，等待收盘确认；跨日连续Top100 10天,early-spx-4h-signal-ranking.csv
盘中候选,Prism,Nasdaq 200,4小时,Prism · Nasdaq 200 · 4小时,LRCX,Lam Research,Information Technology,18,18,0,2026-08-19,66,-48,10,1,309.299988,70.65,85.6,盘中候选，等待收盘确认；跨日连续Top100 10天,prism-nasdaq200-4h-signal-ranking.csv
盘中候选,Early,Nasdaq 200,日线,Early · Nasdaq 200 · 日线,AXON,Axon Enterprise,Industrials,5,5,0,2026-08-19,8,-3,10,1,635.934998,,84.5,盘中候选，等待收盘确认；跨日连续Top100 10天,early-nasdaq200-ranking-timeline.csv
盘中候选,Early,S&P 500,日线,Early · S&P 500 · 日线,CSGP,CoStar Group,Real Estate,6,6,0,2026-08-19,7,-1,10,1,32.950001,,84.1,盘中候选，等待收盘确认；跨日连续Top100 10天,early-spx-ranking-timeline.csv
盘中候选,Prism,S&P 500,日线,Prism · S&P 500 · 日线,NOW,ServiceNow,Information Technology,6,6,0,2026-08-19,14,-8,10,1,128.131607,,84.1,盘中候选，等待收盘确认；跨日连续Top100 10天,prism-spx-ranking-timeline.csv
盘中候选,Early,Nasdaq Liquid 500,日线,Early · Nasdaq Liquid 500 · 日线,CSGP,CoStar Group,Real Estate,10,10,0,2026-08-19,14,-4,10,1,32.950001,,82.7,盘中候选，等待收盘确认；跨日连续Top100 10天,early-nasdaq500-ranking-timeline.csv
盘中候选,Prism,Nasdaq 200,日线,Prism · Nasdaq 200 · 日线,AXON,Axon Enterprise,Industrials,15,15,0,2026-08-19,23,-8,10,1,635.934998,,80.8,盘中候选，等待收盘确认；跨日连续Top100 10天,prism-nasdaq200-ranking-timeline.csv
盘中候选,Prism,S&P 500,日线,Prism · S&P 500 · 日线,VEEV,Veeva Systems,Health Care,16,16,0,2026-08-19,26,-10,10,1,252.210007,,80.5,盘中候选，等待收盘确认；跨日连续Top100 10天,prism-spx-ranking-timeline.csv
盘中候选,Prism,Russell,日线,Prism · Russell · 日线,EMBC,EMBECTA,Health Care,17,17,0,2026-08-19,12,5,10,1,5.42,,80.1,盘中候选，等待收盘确认；跨日连续Top100 10天,prism-russell2000-ranking-timeline.csv
盘中候选,Early,Nasdaq 200,4小时,Early · Nasdaq 200 · 4小时,AXON,Axon Enterprise,Industrials,34,34,0,2026-08-19,31,3,10,1,631.804993,65.96,79.4,盘中候选，等待收盘确认；跨日连续Top100 10天,early-nasdaq200-4h-signal-ranking.csv
盘中候选,Prism,Nasdaq 200,4小时,Prism · Nasdaq 200 · 4小时,FWONK,Liberty Media Corporation - Series C Liberty Formula One Common Stock,,36,36,0,2026-08-19,85,-49,10,1,104.68,65.48,78.6,盘中候选，等待收盘确认；跨日连续Top100 10天,prism-nasdaq200-4h-signal-ranking.csv
盘中候选,Prism,S&P 500,日线,Prism · S&P 500 · 日线,APA,APA Corporation,Energy,24,24,0,2026-08-19,29,-5,10,1,44.875,,77.6,盘中候选，等待收盘确认；跨日连续Top100 10天,prism-spx-ranking-timeline.csv
盘中候选,Prism,Russell,日线,Prism · Russell · 日线,OABI,OMNIAB INC,Health Care,25,25,0,2026-08-19,16,9,10,1,4.455,,77.2,盘中候选，等待收盘确认；跨日连续Top100 10天,prism-russell2000-ranking-timeline.csv
盘中候选,Prism,Russell,日线,Prism · Russell · 日线,SENS,SENSEONICS HOLDINGS INC,Health Care,30,30,0,2026-08-19,19,11,10,1,8.93,,75.4,盘中候选，等待收盘确认；跨日连续Top100 10天,prism-russell2000-ranking-timeline.csv
盘中候选,Prism,Nasdaq 200,4小时,Prism · Nasdaq 200 · 4小时,INTU,Intuit,Information Technology,48,48,0,2026-08-19,30,18,10,1,361.315002,63.36,74.1,盘中候选，等待收盘确认；跨日连续Top100 10天,prism-nasdaq200-4h-signal-ranking.csv
盘中候选,Early,Nasdaq Liquid 500,4小时,Early · Nasdaq Liquid 500 · 4小时,CHDN,"Churchill Downs, Incorporated - Common Stock",,49,49,0,2026-08-19,74,-25,10,1,91.875,66.65,74.0,盘中候选，等待收盘确认；跨日连续Top100 10天,early-nasdaq500-4h-signal-ranking.csv
盘中候选,Early,Nasdaq Liquid 500,日线,Early · Nasdaq Liquid 500 · 日线,VSNT,"Versant Media Group, Inc. - Class A Common Stock",,36,36,0,2026-08-19,28,8,10,1,39.119999,,73.3,盘中候选，等待收盘确认；跨日连续Top100 10天,early-nasdaq500-ranking-timeline.csv
盘中候选,Prism,S&P 500,日线,Prism · S&P 500 · 日线,ABNB,Airbnb,Consumer Discretionary,36,36,0,2026-08-19,45,-9,10,1,186.399994,,73.3,盘中候选，等待收盘确认；跨日连续Top100 10天,prism-spx-ranking-timeline.csv
盘中候选,Prism,S&P 500,日线,Prism · S&P 500 · 日线,MDT,Medtronic,Health Care,42,42,0,2026-08-19,42,0,10,1,94.300003,,71.1,盘中候选，等待收盘确认；跨日连续Top100 10天,prism-spx-ranking-timeline.csv
盘中候选,Prism,Nasdaq 200,日线,Prism · Nasdaq 200 · 日线,NTRA,"Natera, Inc. - Common Stock",,43,43,0,2026-08-19,52,-9,10,1,330.980011,,70.7,盘中候选，等待收盘确认；跨日连续Top100 10天,prism-nasdaq200-ranking-timeline.csv
盘中候选,Prism,Nasdaq Liquid 500,日线,Prism · Nasdaq Liquid 500 · 日线,HALO,"Halozyme Therapeutics, Inc. - Common Stock",,44,44,0,2026-08-19,37,7,10,1,107.074997,,70.4,盘中候选，等待收盘确认；跨日连续Top100 10天,prism-nasdaq500-ranking-timeline.csv
盘中候选,Prism,Nasdaq Liquid 500,日线,Prism · Nasdaq Liquid 500 · 日线,ABNB,Airbnb,Consumer Discretionary,45,45,0,2026-08-19,43,2,10,1,186.399994,,70.0,盘中候选，等待收盘确认；跨日连续Top100 10天,prism-nasdaq500-ranking-timeline.csv
盘中候选,Early,S&P 500,日线,Early · S&P 500 · 日线,EQT,EQT Corporation,Energy,48,48,0,2026-08-19,26,22,10,1,54.470001,,68.9,盘中候选，等待收盘确认；跨日连续Top100 10天,early-spx-ranking-timeline.csv
盘中候选,Prism,Nasdaq 200,4小时,Prism · Nasdaq 200 · 4小时,SNY,Sanofi - American Depositary Shares,,51,51,0,2026-08-19,62,-11,10,1,45.459999,63.01,68.1,盘中候选，等待收盘确认；跨日连续Top100 10天,prism-nasdaq200-4h-signal-ranking.csv
盘中候选,Prism,Nasdaq Liquid 500,4小时,Prism · Nasdaq Liquid 500 · 4小时,NVTS,NAVITAS SEMICONDUCTOR,Information Technology,59,59,0,2026-08-19,48,11,10,1,12.59,63.7,65.3,盘中候选，等待收盘确认；跨日连续Top100 10天,prism-nasdaq500-4h-signal-ranking.csv
盘中候选,Early,Nasdaq 200,4小时,Early · Nasdaq 200 · 4小时,CRWV,"CoreWeave, Inc. - Class A Common Stock",,63,63,0,2026-08-19,56,7,10,1,91.799004,57.33,63.3,盘中候选，等待收盘确认；跨日连续Top100 10天,early-nasdaq200-4h-signal-ranking.csv
盘中候选,Prism,Nasdaq 200,日线,Prism · Nasdaq 200 · 日线,NTNX,"Nutanix, Inc. - Class A Common Stock",,52,52,0,2026-08-19,61,-9,10,1,66.610001,,62.6,盘中候选，等待收盘确认；跨日连续Top100 10天,prism-nasdaq200-ranking-timeline.csv
盘中候选,Prism,Nasdaq Liquid 500,日线,Prism · Nasdaq Liquid 500 · 日线,BMRN,BioMarin Pharmaceutical Inc. - Common Stock,,55,55,0,2026-08-19,47,8,10,1,68.264999,,61.5,盘中候选，等待收盘确认；跨日连续Top100 10天,prism-nasdaq500-ranking-timeline.csv
盘中候选,Early,Nasdaq Liquid 500,4小时,Early · Nasdaq Liquid 500 · 4小时,DOX,Amdocs Limited - Ordinary Shares,,78,78,0,2026-08-19,31,47,10,1,60.674999,62.44,58.3,盘中候选，等待收盘确认；跨日连续Top100 10天,early-nasdaq500-4h-signal-ranking.csv
盘中候选,Early,Nasdaq 200,日线,Early · Nasdaq 200 · 日线,NTRA,"Natera, Inc. - Common Stock",,64,64,0,2026-08-19,67,-3,10,1,330.980011,,58.2,盘中候选，等待收盘确认；跨日连续Top100 10天,early-nasdaq200-ranking-timeline.csv
盘中候选,Prism,Russell,4小时,Prism · Russell · 4小时,GVA,GRANITE CONSTRUCTION,Industrials,80,80,0,2026-08-19,99,-19,10,1,124.529999,69.11,58.1,盘中候选，等待收盘确认；跨日连续Top100 10天,prism-russell2000-4h-signal-ranking.csv
盘中候选,Early,S&P 500,日线,Early · S&P 500 · 日线,CHTR,Charter Communications,Communication Services,71,71,0,2026-08-19,64,7,10,1,150.279999,,55.7,盘中候选，等待收盘确认；跨日连续Top100 10天,early-spx-ranking-timeline.csv
盘中候选,Prism,Russell,日线,Prism · Russell · 日线,MTW,MANITOWOC INC,Industrials,73,73,0,2026-08-19,44,29,10,1,18.85,,55.0,盘中候选，等待收盘确认；跨日连续Top100 10天,prism-russell2000-ranking-timeline.csv
盘中候选,Prism,S&P 500,日线,Prism · S&P 500 · 日线,COP,ConocoPhillips,Energy,81,81,0,2026-08-19,96,-15,10,1,134.309998,,52.1,盘中候选，等待收盘确认；跨日连续Top100 10天,prism-spx-ranking-timeline.csv
盘中候选,Early,Nasdaq Liquid 500,日线,Early · Nasdaq Liquid 500 · 日线,CHTR,Charter Communications,Communication Services,90,90,0,2026-08-19,72,18,10,1,150.279999,,48.9,盘中候选，等待收盘确认；跨日连续Top100 10天,early-nasdaq500-ranking-timeline.csv
盘中候选,Prism,Nasdaq 200,4小时,Prism · Nasdaq 200 · 4小时,AXON,Axon Enterprise,Industrials,23,23,0,2026-08-19,27,-4,9,1,631.804993,68.51,83.6,盘中候选，等待收盘确认；跨日连续Top100 9天,prism-nasdaq200-4h-signal-ranking.csv
盘中候选,Early,S&P 500,日线,Early · S&P 500 · 日线,ORCL,Oracle Corporation,Information Technology,13,13,0,2026-08-19,35,-22,9,1,143.264999,,81.6,盘中候选，等待收盘确认；跨日连续Top100 9天,early-spx-ranking-timeline.csv
盘中候选,Prism,Nasdaq 200,日线,Prism · Nasdaq 200 · 日线,MDB,"MongoDB, Inc. - Class A Common Stock",,13,13,0,2026-08-19,11,2,9,1,428.824493,,81.6,盘中候选，等待收盘确认；跨日连续Top100 9天,prism-nasdaq200-ranking-timeline.csv
盘中候选,Prism,Russell,日线,Prism · Russell · 日线,VREX,VAREX IMAGING,Health Care,14,14,0,2026-08-19,9,5,9,1,18.475,,81.2,盘中候选，等待收盘确认；跨日连续Top100 9天,prism-russell2000-ranking-timeline.csv
盘中候选,Early,Nasdaq Liquid 500,4小时,Early · Nasdaq Liquid 500 · 4小时,NFLX,Netflix,Communication Services,33,33,0,2026-08-19,39,-6,9,1,80.400002,70.7,80.2,盘中候选，等待收盘确认；跨日连续Top100 9天,early-nasdaq500-4h-signal-ranking.csv
盘中候选,Prism,S&P 500,日线,Prism · S&P 500 · 日线,MRK,Merck & Co.,Health Care,17,17,0,2026-08-19,9,8,9,1,150.080002,,80.1,盘中候选，等待收盘确认；跨日连续Top100 9天,prism-spx-ranking-timeline.csv
盘中候选,Early,Nasdaq 200,日线,Early · Nasdaq 200 · 日线,MDB,"MongoDB, Inc. - Class A Common Stock",,18,18,0,2026-08-19,17,1,9,1,428.824493,,79.8,盘中候选，等待收盘确认；跨日连续Top100 9天,early-nasdaq200-ranking-timeline.csv
盘中候选,Prism,Nasdaq Liquid 500,日线,Prism · Nasdaq Liquid 500 · 日线,ABCL,AbCellera Biologics Inc. - Common Shares,,18,18,0,2026-08-19,14,4,9,1,11.859,,79.8,盘中候选，等待收盘确认；跨日连续Top100 9天,prism-nasdaq500-ranking-timeline.csv
盘中候选,Prism,Nasdaq Liquid 500,日线,Prism · Nasdaq Liquid 500 · 日线,AUGO,Aura Minerals Inc. - Common Shares,,19,19,0,2026-08-19,15,4,9,1,83.699997,,79.4,盘中候选，等待收盘确认；跨日连续Top100 9天,prism-nasdaq500-ranking-timeline.csv
盘中候选,Prism,Nasdaq 200,4小时,Prism · Nasdaq 200 · 4小时,FANG,Diamondback Energy,Energy,40,40,0,2026-08-19,22,18,9,1,215.785004,64.68,77.1,盘中候选，等待收盘确认；跨日连续Top100 9天,prism-nasdaq200-4h-signal-ranking.csv
盘中候选,Early,Nasdaq 200,日线,Early · Nasdaq 200 · 日线,CRWV,"CoreWeave, Inc. - Class A Common Stock",,27,27,0,2026-08-19,15,12,9,1,92.084999,,76.5,盘中候选，等待收盘确认；跨日连续Top100 9天,early-nasdaq200-ranking-timeline.csv
盘中候选,Early,S&P 500,4小时,Early · S&P 500 · 4小时,NFLX,Netflix,Communication Services,49,49,0,2026-08-19,61,-12,9,1,80.400002,67.06,74.1,盘中候选，等待收盘确认；跨日连续Top100 9天,early-spx-4h-signal-ranking.csv
盘中候选,Prism,S&P 500,日线,Prism · S&P 500 · 日线,VRTX,Vertex Pharmaceuticals,Health Care,38,38,0,2026-08-19,48,-10,9,1,547.710022,,72.5,盘中候选，等待收盘确认；跨日连续Top100 9天,prism-spx-ranking-timeline.csv
盘中候选,Prism,Nasdaq 200,日线,Prism · Nasdaq 200 · 日线,IONS,"Ionis Pharmaceuticals, Inc. - Common Stock",,39,39,0,2026-08-19,28,11,9,1,59.619999,,72.2,盘中候选，等待收盘确认；跨日连续Top100 9天,prism-nasdaq200-ranking-timeline.csv
盘中候选,Prism,Russell,日线,Prism · Russell · 日线,XNCR,XENCOR,Health Care,41,41,0,2026-08-19,73,-32,9,1,26.799999,,71.5,盘中候选，等待收盘确认；跨日连续Top100 9天,prism-russell2000-ranking-timeline.csv
盘中候选,Early,Nasdaq Liquid 500,日线,Early · Nasdaq Liquid 500 · 日线,WFRD,Weatherford International plc - Ordinary shares,,44,44,0,2026-08-19,32,12,9,1,92.779999,,70.4,盘中候选，等待收盘确认；跨日连续Top100 9天,early-nasdaq500-ranking-timeline.csv
盘中候选,Prism,Nasdaq Liquid 500,日线,Prism · Nasdaq Liquid 500 · 日线,VRTX,Vertex Pharmaceuticals,Health Care,47,47,0,2026-08-19,45,2,9,1,547.710022,,69.3,盘中候选，等待收盘确认；跨日连续Top100 9天,prism-nasdaq500-ranking-timeline.csv
盘中候选,Prism,Russell,日线,Prism · Russell · 日线,HZO,MARINEMAX INC,Consumer Discretionary,47,47,0,2026-08-19,41,6,9,1,52.150002,,69.3,盘中候选，等待收盘确认；跨日连续Top100 9天,prism-russell2000-ranking-timeline.csv
盘中候选,Early,Nasdaq 200,日线,Early · Nasdaq 200 · 日线,NFLX,Netflix,Communication Services,50,50,0,2026-08-19,43,7,9,1,80.510002,,68.2,盘中候选，等待收盘确认；跨日连续Top100 9天,early-nasdaq200-ranking-timeline.csv
盘中候选,Early,Nasdaq 200,4小时,Early · Nasdaq 200 · 4小时,FANG,Diamondback Energy,Energy,51,51,0,2026-08-19,22,29,9,1,215.785004,60.35,67.9,盘中候选，等待收盘确认；跨日连续Top100 9天,early-nasdaq200-4h-signal-ranking.csv
盘中候选,Early,Nasdaq Liquid 500,日线,Early · Nasdaq Liquid 500 · 日线,SOUN,SOUNDHOUND AI CLASS A,Information Technology,53,53,0,2026-08-19,57,-4,9,1,7.005,,62.2,盘中候选，等待收盘确认；跨日连续Top100 9天,early-nasdaq500-ranking-timeline.csv
盘中候选,Prism,S&P 500,日线,Prism · S&P 500 · 日线,PSX,Phillips 66,Energy,54,54,0,2026-08-19,65,-11,9,1,245.657196,,61.9,盘中候选，等待收盘确认；跨日连续Top100 9天,prism-spx-ranking-timeline.csv
盘中候选,Prism,Russell,日线,Prism · Russell · 日线,BWMN,BOWMAN CONSULTING GROUP,Industrials,55,55,0,2026-08-19,46,9,9,1,42.48,,61.5,盘中候选，等待收盘确认；跨日连续Top100 9天,prism-russell2000-ranking-timeline.csv
盘中候选,Early,Nasdaq 200,日线,Early · Nasdaq 200 · 日线,ABNB,Airbnb,Consumer Discretionary,57,57,0,2026-08-19,72,-15,9,1,186.399994,,60.8,盘中候选，等待收盘确认；跨日连续Top100 9天,early-nasdaq200-ranking-timeline.csv
盘中候选,Prism,S&P 500,日线,Prism · S&P 500 · 日线,MPC,Marathon Petroleum,Energy,58,58,0,2026-08-19,80,-22,9,1,366.622498,,60.4,盘中候选，等待收盘确认；跨日连续Top100 9天,prism-spx-ranking-timeline.csv
盘中候选,Early,Nasdaq Liquid 500,日线,Early · Nasdaq Liquid 500 · 日线,XE,"X-Energy, Inc. - Class A Common Stock",,60,60,0,2026-08-19,47,13,9,1,18.6558,,59.7,盘中候选，等待收盘确认；跨日连续Top100 9天,early-nasdaq500-ranking-timeline.csv
盘中候选,Early,Nasdaq Liquid 500,日线,Early · Nasdaq Liquid 500 · 日线,RGTI,RIGETTI COMPUTING,Information Technology,62,62,0,2026-08-19,55,7,9,1,16.6,,59.0,盘中候选，等待收盘确认；跨日连续Top100 9天,early-nasdaq500-ranking-timeline.csv
盘中候选,Prism,Russell,日线,Prism · Russell · 日线,TARS,TARSUS PHARMACEUTICALS,Health Care,66,66,0,2026-08-19,54,12,9,1,72.129997,,57.5,盘中候选，等待收盘确认；跨日连续Top100 9天,prism-russell2000-ranking-timeline.csv
盘中候选,Prism,Russell,日线,Prism · Russell · 日线,DCTH,DELCATH SYS INC,Health Care,70,70,0,2026-08-19,69,1,9,1,17.120001,,56.1,盘中候选，等待收盘确认；跨日连续Top100 9天,prism-russell2000-ranking-timeline.csv
盘中候选,Early,Nasdaq Liquid 500,4小时,Early · Nasdaq Liquid 500 · 4小时,FANG,Diamondback Energy,Energy,87,87,0,2026-08-19,35,52,9,1,215.785004,60.49,54.9,盘中候选，等待收盘确认；跨日连续Top100 9天,early-nasdaq500-4h-signal-ranking.csv
盘中候选,Early,Nasdaq 200,4小时,Early · Nasdaq 200 · 4小时,RKLB,Rocket Lab Corporation - Common Stock,,96,96,0,2026-08-19,5,91,9,1,73.235001,49.28,50.7,盘中候选，等待收盘确认；跨日连续Top100 9天,early-nasdaq200-4h-signal-ranking.csv
盘中候选,Prism,S&P 500,日线,Prism · S&P 500 · 日线,BKR,Baker Hughes,Energy,89,89,0,2026-08-19,85,4,9,1,64.099998,,49.2,盘中候选，等待收盘确认；跨日连续Top100 9天,prism-spx-ranking-timeline.csv
盘中候选,Prism,Nasdaq Liquid 500,日线,Prism · Nasdaq Liquid 500 · 日线,BKR,Baker Hughes,Energy,94,94,0,2026-08-19,75,19,9,1,64.099998,,47.4,盘中候选，等待收盘确认；跨日连续Top100 9天,prism-nasdaq500-ranking-timeline.csv
盘中候选,Early,Nasdaq 200,日线,Early · Nasdaq 200 · 日线,FANG,Diamondback Energy,Energy,98,98,0,2026-08-19,34,64,9,1,215.625,,46.0,盘中候选，等待收盘确认；跨日连续Top100 9天,early-nasdaq200-ranking-timeline.csv
盘中候选,Early,Nasdaq 200,4小时,Early · Nasdaq 200 · 4小时,DKNG,DraftKings Inc. - Class A Common Stock,,14,14,0,2026-08-19,25,-11,8,1,25.91,75.16,87.4,盘中候选，等待收盘确认；跨日连续Top100 8天,early-nasdaq200-4h-signal-ranking.csv
盘中候选,Early,S&P 500,4小时,Early · S&P 500 · 4小时,DOW,Dow Inc.,Materials,15,15,0,2026-08-19,7,8,8,1,32.900002,77.45,87.2,盘中候选，等待收盘确认；跨日连续Top100 8天,early-spx-4h-signal-ranking.csv
盘中候选,Early,Nasdaq 200,日线,Early · Nasdaq 200 · 日线,ISRG,Intuitive Surgical,Health Care,4,4,0,2026-08-19,11,-7,8,1,393.549988,,84.8,盘中候选，等待收盘确认；跨日连续Top100 8天,early-nasdaq200-ranking-timeline.csv
盘中候选,Prism,S&P 500,4小时,Prism · S&P 500 · 4小时,MRVL,Marvell Technology,Information Technology,26,26,0,2026-08-19,33,-7,8,1,236.520004,70.77,82.7,盘中候选，等待收盘确认；跨日连续Top100 8天,prism-spx-4h-signal-ranking.csv
盘中候选,Early,Russell,4小时,Early · Russell · 4小时,SR,SPIRE INC,Utilities,30,30,0,2026-08-19,39,-9,8,1,84.035004,81.99,82.2,盘中候选，等待收盘确认；跨日连续Top100 8天,early-russell2000-4h-signal-ranking.csv
盘中候选,Early,Nasdaq 200,日线,Early · Nasdaq 200 · 日线,RVMD,"Revolution Medicines, Inc. - Common Stock",,13,13,0,2026-08-19,76,-63,8,1,211.449997,,81.6,盘中候选，等待收盘确认；跨日连续Top100 8天,early-nasdaq200-ranking-timeline.csv
盘中候选,Early,Nasdaq Liquid 500,日线,Early · Nasdaq Liquid 500 · 日线,OLLI,"Ollie's Bargain Outlet Holdings, Inc. - Common Stock",,17,17,0,2026-08-19,15,2,8,1,76.410004,,80.1,盘中候选，等待收盘确认；跨日连续Top100 8天,early-nasdaq500-ranking-timeline.csv
盘中候选,Early,Nasdaq Liquid 500,日线,Early · Nasdaq Liquid 500 · 日线,FLY,FIREFLY AEROSPACE,Industrials,18,18,0,2026-08-19,43,-25,8,1,24.084999,,79.8,盘中候选，等待收盘确认；跨日连续Top100 8天,early-nasdaq500-ranking-timeline.csv
盘中候选,Early,S&P 500,日线,Early · S&P 500 · 日线,LOW,Lowe's,Consumer Discretionary,19,19,0,2026-08-19,12,7,8,1,218.369995,,79.4,盘中候选，等待收盘确认；跨日连续Top100 8天,early-spx-ranking-timeline.csv
盘中候选,Early,Nasdaq Liquid 500,4小时,Early · Nasdaq Liquid 500 · 4小时,ISRG,Intuitive Surgical,Health Care,40,40,0,2026-08-19,55,-15,8,1,393.589996,68.65,77.5,盘中候选，等待收盘确认；跨日连续Top100 8天,early-nasdaq500-4h-signal-ranking.csv
盘中候选,Prism,Russell,日线,Prism · Russell · 日线,ALEC,ALECTOR,Health Care,26,26,0,2026-08-19,23,3,8,1,2.39,,76.9,盘中候选，等待收盘确认；跨日连续Top100 8天,prism-russell2000-ranking-timeline.csv
盘中候选,Prism,Russell,日线,Prism · Russell · 日线,EOLS,EVOLUS INC,Health Care,35,35,0,2026-08-19,11,24,8,1,8.39,,73.6,盘中候选，等待收盘确认；跨日连续Top100 8天,prism-russell2000-ranking-timeline.csv
盘中候选,Prism,Nasdaq Liquid 500,日线,Prism · Nasdaq Liquid 500 · 日线,MDB,"MongoDB, Inc. - Class A Common Stock",,39,39,0,2026-08-19,31,8,8,1,428.824493,,72.2,盘中候选，等待收盘确认；跨日连续Top100 8天,prism-nasdaq500-ranking-timeline.csv
盘中候选,Early,Nasdaq 200,日线,Early · Nasdaq 200 · 日线,TEM,"Tempus AI, Inc. - Class A Common Stock",,46,46,0,2026-08-19,81,-35,8,1,66.629997,,69.7,盘中候选，等待收盘确认；跨日连续Top100 8天,early-nasdaq200-ranking-timeline.csv
盘中候选,Early,Nasdaq Liquid 500,日线,Early · Nasdaq Liquid 500 · 日线,CHDN,"Churchill Downs, Incorporated - Common Stock",,47,47,0,2026-08-19,62,-15,8,1,91.660004,,69.3,盘中候选，等待收盘确认；跨日连续Top100 8天,early-nasdaq500-ranking-timeline.csv
盘中候选,Prism,S&P 500,日线,Prism · S&P 500 · 日线,SMCI,Supermicro,Information Technology,49,49,0,2026-08-19,2,47,8,1,37.050098,,68.6,盘中候选，等待收盘确认；跨日连续Top100 8天,prism-spx-ranking-timeline.csv
盘中候选,Early,S&P 500,4小时,Early · S&P 500 · 4小时,ISRG,Intuitive Surgical,Health Care,61,61,0,2026-08-19,75,-14,8,1,393.589996,65.23,64.7,盘中候选，等待收盘确认；跨日连续Top100 8天,early-spx-4h-signal-ranking.csv
盘中候选,Prism,Nasdaq Liquid 500,日线,Prism · Nasdaq Liquid 500 · 日线,SMCI,Supermicro,Information Technology,56,56,0,2026-08-19,4,52,8,1,37.050098,,61.1,盘中候选，等待收盘确认；跨日连续Top100 8天,prism-nasdaq500-ranking-timeline.csv
盘中候选,Prism,Nasdaq 200,日线,Prism · Nasdaq 200 · 日线,SNPS,Synopsys,Information Technology,58,58,0,2026-08-19,57,1,8,1,396.040009,,60.4,盘中候选，等待收盘确认；跨日连续Top100 8天,prism-nasdaq200-ranking-timeline.csv
盘中候选,Prism,Nasdaq Liquid 500,4小时,Prism · Nasdaq Liquid 500 · 4小时,ALM,Almonty Industries Inc. - Common Shares,,76,76,0,2026-08-19,54,22,8,1,16.379999,62.06,59.0,盘中候选，等待收盘确认；跨日连续Top100 8天,prism-nasdaq500-4h-signal-ranking.csv
盘中候选,Prism,Nasdaq Liquid 500,4小时,Prism · Nasdaq Liquid 500 · 4小时,FANG,Diamondback Energy,Energy,79,79,0,2026-08-19,46,33,8,1,215.785004,61.44,57.9,盘中候选，等待收盘确认；跨日连续Top100 8天,prism-nasdaq500-4h-signal-ranking.csv
盘中候选,Early,Russell,4小时,Early · Russell · 4小时,OGS,ONE GAS,Utilities,84,84,0,2026-08-19,35,49,8,1,81.412498,71.63,56.9,盘中候选，等待收盘确认；跨日连续Top100 8天,early-russell2000-4h-signal-ranking.csv
盘中候选,Prism,S&P 500,日线,Prism · S&P 500 · 日线,ORCL,Oracle Corporation,Information Technology,72,72,0,2026-08-19,71,1,8,1,143.264999,,55.4,盘中候选，等待收盘确认；跨日连续Top100 8天,prism-spx-ranking-timeline.csv
盘中候选,Early,Russell,日线,Early · Russell · 日线,PDYN,PALLADYNE AI CORP,Industrials,75,75,0,2026-08-19,60,15,8,1,6.04,,54.3,盘中候选，等待收盘确认；跨日连续Top100 8天,early-russell2000-ranking-timeline.csv
盘中候选,Prism,Nasdaq 200,日线,Prism · Nasdaq 200 · 日线,MU,Micron Technology,Information Technology,76,76,0,2026-08-19,90,-14,8,1,944.926025,,53.9,盘中候选，等待收盘确认；跨日连续Top100 8天,prism-nasdaq200-ranking-timeline.csv
盘中候选,Prism,Nasdaq Liquid 500,日线,Prism · Nasdaq Liquid 500 · 日线,PRAX,PRAXIS PRECISION MEDICINES,Health Care,79,79,0,2026-08-19,87,-8,8,1,380.630005,,52.8,盘中候选，等待收盘确认；跨日连续Top100 8天,prism-nasdaq500-ranking-timeline.csv
盘中候选,Prism,Russell,4小时,Prism · Russell · 4小时,REFI,CHICAGO ATLANTIC REAL ESTATE FINAN,Financials,95,95,0,2026-08-19,52,43,8,1,10.835,66.66,52.5,盘中候选，等待收盘确认；跨日连续Top100 8天,prism-russell2000-4h-signal-ranking.csv
盘中候选,Prism,Nasdaq Liquid 500,日线,Prism · Nasdaq Liquid 500 · 日线,FLY,FIREFLY AEROSPACE,Industrials,96,96,0,2026-08-19,69,27,8,1,24.084999,,46.7,盘中候选，等待收盘确认；跨日连续Top100 8天,prism-nasdaq500-ranking-timeline.csv
盘中候选,Prism,Nasdaq 200,4小时,Prism · Nasdaq 200 · 4小时,IONS,"Ionis Pharmaceuticals, Inc. - Common Stock",,5,5,0,2026-08-19,15,-10,7,1,59.685001,78.72,90.9,盘中候选，等待收盘确认；跨日连续Top100 7天,prism-nasdaq200-4h-signal-ranking.csv
盘中候选,Prism,Nasdaq Liquid 500,4小时,Prism · Nasdaq Liquid 500 · 4小时,IONS,"Ionis Pharmaceuticals, Inc. - Common Stock",,9,9,0,2026-08-19,25,-16,7,1,59.685001,76.52,89.3,盘中候选，等待收盘确认；跨日连续Top100 7天,prism-nasdaq500-4h-signal-ranking.csv
盘中候选,Prism,Nasdaq 200,4小时,Prism · Nasdaq 200 · 4小时,XEL,Xcel Energy,Utilities,12,12,0,2026-08-19,14,-2,7,1,79.610001,75.15,88.1,盘中候选，等待收盘确认；跨日连续Top100 7天,prism-nasdaq200-4h-signal-ranking.csv
盘中候选,Prism,Nasdaq 200,4小时,Prism · Nasdaq 200 · 4小时,MDLZ,Mondelez International,Consumer Staples,17,17,0,2026-08-19,29,-12,7,1,64.565002,71.14,86.0,盘中候选，等待收盘确认；跨日连续Top100 7天,prism-nasdaq200-4h-signal-ranking.csv
盘中候选,Early,Nasdaq 200,4小时,Early · Nasdaq 200 · 4小时,MRVL,Marvell Technology,Information Technology,18,18,0,2026-08-19,27,-9,7,1,236.520004,72.96,85.7,盘中候选，等待收盘确认；跨日连续Top100 7天,early-nasdaq200-4h-signal-ranking.csv
盘中候选,Prism,Nasdaq 200,4小时,Prism · Nasdaq 200 · 4小时,PEP,PepsiCo,Consumer Staples,21,21,0,2026-08-19,41,-20,7,1,141.960007,69.31,84.4,盘中候选，等待收盘确认；跨日连续Top100 7天,prism-nasdaq200-4h-signal-ranking.csv
盘中候选,Prism,Russell,日线,Prism · Russell · 日线,AII,AMERICAN INTEGRITY INSURANCE GROUP,Financials,6,6,0,2026-08-19,5,1,7,1,24.629999,,84.1,盘中候选，等待收盘确认；跨日连续Top100 7天,prism-russell2000-ranking-timeline.csv
盘中候选,Early,S&P 500,日线,Early · S&P 500 · 日线,AXON,Axon Enterprise,Industrials,11,11,0,2026-08-19,20,-9,7,1,635.934998,,82.3,盘中候选，等待收盘确认；跨日连续Top100 7天,early-spx-ranking-timeline.csv
盘中候选,Early,Nasdaq Liquid 500,日线,Early · Nasdaq Liquid 500 · 日线,AXON,Axon Enterprise,Industrials,13,13,0,2026-08-19,26,-13,7,1,635.934998,,81.6,盘中候选，等待收盘确认；跨日连续Top100 7天,early-nasdaq500-ranking-timeline.csv
盘中候选,Early,Nasdaq 200,日线,Early · Nasdaq 200 · 日线,BKR,Baker Hughes,Energy,14,14,0,2026-08-19,12,2,7,1,64.099998,,81.2,盘中候选，等待收盘确认；跨日连续Top100 7天,early-nasdaq200-ranking-timeline.csv
盘中候选,Early,Nasdaq 200,日线,Early · Nasdaq 200 · 日线,BIIB,Biogen,Health Care,16,16,0,2026-08-19,20,-4,7,1,220.830002,,80.5,盘中候选，等待收盘确认；跨日连续Top100 7天,early-nasdaq200-ranking-timeline.csv
盘中候选,Early,Nasdaq 200,4小时,Early · Nasdaq 200 · 4小时,IREN,IREN Limited - Ordinary Shares,,32,32,0,2026-08-19,28,4,7,1,42.029999,66.56,80.2,盘中候选，等待收盘确认；跨日连续Top100 7天,early-nasdaq200-4h-signal-ranking.csv
盘中候选,Early,Nasdaq 200,日线,Early · Nasdaq 200 · 日线,COO,Cooper Companies (The),Health Care,22,22,0,2026-08-19,24,-2,7,1,76.779999,,78.3,盘中候选，等待收盘确认；跨日连续Top100 7天,early-nasdaq200-ranking-timeline.csv
盘中候选,Early,Nasdaq 200,4小时,Early · Nasdaq 200 · 4小时,BIIB,Biogen,Health Care,39,39,0,2026-08-19,39,0,7,1,220.529999,64.35,77.5,盘中候选，等待收盘确认；跨日连续Top100 7天,early-nasdaq200-4h-signal-ranking.csv
盘中候选,Prism,Nasdaq 200,4小时,Prism · Nasdaq 200 · 4小时,BIIB,Biogen,Health Care,39,39,0,2026-08-19,33,6,7,1,220.529999,64.76,77.5,盘中候选，等待收盘确认；跨日连续Top100 7天,prism-nasdaq200-4h-signal-ranking.csv
盘中候选,Early,S&P 500,日线,Early · S&P 500 · 日线,CLX,Clorox,Consumer Staples,28,28,0,2026-08-19,37,-9,7,1,107.900002,,76.2,盘中候选，等待收盘确认；跨日连续Top100 7天,early-spx-ranking-timeline.csv
盘中候选,Prism,Nasdaq Liquid 500,日线,Prism · Nasdaq Liquid 500 · 日线,XHLD,"TEN Holdings, Inc. - Common Stock",,28,28,0,2026-08-19,24,4,7,1,7.822,,76.2,盘中候选，等待收盘确认；跨日连续Top100 7天,prism-nasdaq500-ranking-timeline.csv
盘中候选,Prism,Russell,4小时,Prism · Russell · 4小时,UNCY,UNICYCIVE THERAPEUTICS INC,Health Care,45,45,0,2026-08-19,77,-32,7,1,5.55,72.78,76.0,盘中候选，等待收盘确认；跨日连续Top100 7天,prism-russell2000-4h-signal-ranking.csv
盘中候选,Early,Nasdaq 200,4小时,Early · Nasdaq 200 · 4小时,SNY,Sanofi - American Depositary Shares,,44,44,0,2026-08-19,54,-10,7,1,45.459999,63.33,75.6,盘中候选，等待收盘确认；跨日连续Top100 7天,early-nasdaq200-4h-signal-ranking.csv
盘中候选,Prism,Nasdaq 200,4小时,Prism · Nasdaq 200 · 4小时,NWS,News Corp (Class B),Communication Services,45,45,0,2026-08-19,36,9,7,1,33.540001,63.66,75.2,盘中候选，等待收盘确认；跨日连续Top100 7天,prism-nasdaq200-4h-signal-ranking.csv
盘中候选,Prism,Nasdaq 200,4小时,Prism · Nasdaq 200 · 4小时,NWSA,News Corp (Class A),Communication Services,46,46,0,2026-08-19,47,-1,7,1,29.469999,63.51,74.9,盘中候选，等待收盘确认；跨日连续Top100 7天,prism-nasdaq200-4h-signal-ranking.csv
盘中候选,Early,Nasdaq Liquid 500,日线,Early · Nasdaq Liquid 500 · 日线,RCAT,RED CAT HOLDINGS INC,Industrials,33,33,0,2026-08-19,37,-4,7,1,9.49,,74.4,盘中候选，等待收盘确认；跨日连续Top100 7天,early-nasdaq500-ranking-timeline.csv
盘中候选,Early,S&P 500,日线,Early · S&P 500 · 日线,SLB,Schlumberger,Energy,36,36,0,2026-08-19,40,-4,7,1,54.0,,73.3,盘中候选，等待收盘确认；跨日连续Top100 7天,early-spx-ranking-timeline.csv
盘中候选,Early,Nasdaq 200,4小时,Early · Nasdaq 200 · 4小时,RPRX,Royalty Pharma plc - Class A Ordinary Shares,,50,50,0,2026-08-19,44,6,7,1,61.84,60.87,73.2,盘中候选，等待收盘确认；跨日连续Top100 7天,early-nasdaq200-4h-signal-ranking.csv
盘中候选,Prism,S&P 500,4小时,Prism · S&P 500 · 4小时,IBM,IBM,Information Technology,51,51,0,2026-08-19,45,6,7,1,234.970001,64.51,68.2,盘中候选，等待收盘确认；跨日连续Top100 7天,prism-spx-4h-signal-ranking.csv
盘中候选,Prism,Nasdaq 200,4小时,Prism · Nasdaq 200 · 4小时,RPRX,Royalty Pharma plc - Class A Ordinary Shares,,60,60,0,2026-08-19,51,9,7,1,61.84,61.57,64.7,盘中候选，等待收盘确认；跨日连续Top100 7天,prism-nasdaq200-4h-signal-ranking.csv
盘中候选,Early,Nasdaq Liquid 500,4小时,Early · Nasdaq Liquid 500 · 4小时,BIIB,Biogen,Health Care,62,62,0,2026-08-19,64,-2,7,1,220.529999,64.46,64.3,盘中候选，等待收盘确认；跨日连续Top100 7天,early-nasdaq500-4h-signal-ranking.csv
盘中候选,Early,Nasdaq 200,日线,Early · Nasdaq 200 · 日线,DXCM,Dexcom,Health Care,52,52,0,2026-08-19,54,-2,7,1,90.82,,62.6,盘中候选，等待收盘确认；跨日连续Top100 7天,early-nasdaq200-ranking-timeline.csv
盘中候选,Early,Nasdaq 200,日线,Early · Nasdaq 200 · 日线,ZM,"Zoom Communications, Inc. - Class A Common Stock",,53,53,0,2026-08-19,56,-3,7,1,107.879997,,62.2,盘中候选，等待收盘确认；跨日连续Top100 7天,early-nasdaq200-ranking-timeline.csv
盘中候选,Prism,Nasdaq Liquid 500,4小时,Prism · Nasdaq Liquid 500 · 4小时,BIIB,Biogen,Health Care,69,69,0,2026-08-19,56,13,7,1,220.529999,62.48,61.6,盘中候选，等待收盘确认；跨日连续Top100 7天,prism-nasdaq500-4h-signal-ranking.csv
盘中候选,Early,Nasdaq 200,4小时,Early · Nasdaq 200 · 4小时,IONS,"Ionis Pharmaceuticals, Inc. - Common Stock",,68,68,0,2026-08-19,82,-14,7,1,59.685001,55.89,61.4,盘中候选，等待收盘确认；跨日连续Top100 7天,early-nasdaq200-4h-signal-ranking.csv
盘中候选,Early,Nasdaq 200,日线,Early · Nasdaq 200 · 日线,PSKY,Paramount Skydance Corporation,Communication Services,60,60,0,2026-08-19,42,18,7,1,10.52,,59.7,盘中候选，等待收盘确认；跨日连续Top100 7天,early-nasdaq200-ranking-timeline.csv
盘中候选,Early,Nasdaq 200,日线,Early · Nasdaq 200 · 日线,GEHC,GE HealthCare,Health Care,65,65,0,2026-08-19,71,-6,7,1,74.654999,,57.9,盘中候选，等待收盘确认；跨日连续Top100 7天,early-nasdaq200-ranking-timeline.csv
盘中候选,Prism,Russell,日线,Prism · Russell · 日线,ACU,ACME UNITED CORP,Health Care,65,65,0,2026-08-19,66,-1,7,1,60.919998,,57.9,盘中候选，等待收盘确认；跨日连续Top100 7天,prism-russell2000-ranking-timeline.csv
盘中候选,Prism,Russell,日线,Prism · Russell · 日线,TKNO,ALPHA TEKNOVA,Health Care,67,67,0,2026-08-19,51,16,7,1,7.2302,,57.2,盘中候选，等待收盘确认；跨日连续Top100 7天,prism-russell2000-ranking-timeline.csv
盘中候选,Early,S&P 500,4小时,Early · S&P 500 · 4小时,BIIB,Biogen,Health Care,84,84,0,2026-08-19,74,10,7,1,220.529999,61.52,56.1,盘中候选，等待收盘确认；跨日连续Top100 7天,early-spx-4h-signal-ranking.csv
盘中候选,Early,Nasdaq 200,日线,Early · Nasdaq 200 · 日线,FAST,Fastenal,Industrials,70,70,0,2026-08-19,10,60,7,1,50.93,,56.1,盘中候选，等待收盘确认；跨日连续Top100 7天,early-nasdaq200-ranking-timeline.csv
盘中候选,Early,Nasdaq 200,日线,Early · Nasdaq 200 · 日线,VRTX,Vertex Pharmaceuticals,Health Care,76,76,0,2026-08-19,89,-13,7,1,547.710022,,53.9,盘中候选，等待收盘确认；跨日连续Top100 7天,early-nasdaq200-ranking-timeline.csv
盘中候选,Early,Nasdaq 200,4小时,Early · Nasdaq 200 · 4小时,LRCX,Lam Research,Information Technology,90,90,0,2026-08-19,20,70,7,1,309.299988,49.96,53.0,盘中候选，等待收盘确认；跨日连续Top100 7天,early-nasdaq200-4h-signal-ranking.csv
盘中候选,Early,Nasdaq Liquid 500,4小时,Early · Nasdaq Liquid 500 · 4小时,CME,CME Group,Financials,94,94,0,2026-08-19,61,33,7,1,268.839996,59.47,52.3,盘中候选，等待收盘确认；跨日连续Top100 7天,early-nasdaq500-4h-signal-ranking.csv
盘中候选,Prism,Russell,4小时,Prism · Russell · 4小时,RMR,RMR GROUP CLASS A,Real Estate,97,97,0,2026-08-19,67,30,7,1,19.84,66.41,51.8,盘中候选，等待收盘确认；跨日连续Top100 7天,prism-russell2000-4h-signal-ranking.csv
盘中候选,Prism,Russell,日线,Prism · Russell · 日线,VGZ,VISTA GOLD CORP,Materials,83,83,0,2026-08-19,74,9,7,1,2.435,,51.4,盘中候选，等待收盘确认；跨日连续Top100 7天,prism-russell2000-ranking-timeline.csv
盘中候选,Prism,Russell,日线,Prism · Russell · 日线,NG,NOVAGOLD RESOURCES INC,Materials,89,89,0,2026-08-19,45,44,7,1,8.53,,49.2,盘中候选，等待收盘确认；跨日连续Top100 7天,prism-russell2000-ranking-timeline.csv
盘中候选,Prism,Nasdaq 200,日线,Prism · Nasdaq 200 · 日线,LNT,Alliant Energy,Utilities,97,97,0,2026-08-19,82,15,7,1,70.400002,,46.3,盘中候选，等待收盘确认；跨日连续Top100 7天,prism-nasdaq200-ranking-timeline.csv
盘中候选,Early,Nasdaq 200,4小时,Early · Nasdaq 200 · 4小时,CHKP,Check Point Software Technologies Ltd. - Ordinary Shares,,2,2,0,2026-08-19,2,0,6,1,132.455002,92.91,93.2,盘中候选，等待收盘确认；跨日连续Top100 6天,early-nasdaq200-4h-signal-ranking.csv
盘中候选,Prism,Nasdaq 200,4小时,Prism · Nasdaq 200 · 4小时,KDP,Keurig Dr Pepper,Consumer Staples,2,2,0,2026-08-19,2,0,6,1,31.42,80.79,92.2,盘中候选，等待收盘确认；跨日连续Top100 6天,prism-nasdaq200-4h-signal-ranking.csv
盘中候选,Prism,Nasdaq Liquid 500,4小时,Prism · Nasdaq Liquid 500 · 4小时,KDP,Keurig Dr Pepper,Consumer Staples,4,4,0,2026-08-19,7,-3,6,1,31.42,77.22,91.1,盘中候选，等待收盘确认；跨日连续Top100 6天,prism-nasdaq500-4h-signal-ranking.csv
盘中候选,Prism,Nasdaq 200,4小时,Prism · Nasdaq 200 · 4小时,CHKP,Check Point Software Technologies Ltd. - Ordinary Shares,,7,7,0,2026-08-19,13,-6,6,1,132.455002,77.81,90.1,盘中候选，等待收盘确认；跨日连续Top100 6天,prism-nasdaq200-4h-signal-ranking.csv
盘中候选,Prism,S&P 500,4小时,Prism · S&P 500 · 4小时,KDP,Keurig Dr Pepper,Consumer Staples,7,7,0,2026-08-19,5,2,6,1,31.42,76.6,90.0,盘中候选，等待收盘确认；跨日连续Top100 6天,prism-spx-4h-signal-ranking.csv
盘中候选,Early,Nasdaq 200,4小时,Early · Nasdaq 200 · 4小时,PEP,PepsiCo,Consumer Staples,10,10,0,2026-08-19,17,-7,6,1,141.960007,81.47,89.3,盘中候选，等待收盘确认；跨日连续Top100 6天,early-nasdaq200-4h-signal-ranking.csv
盘中候选,Prism,Nasdaq 200,4小时,Prism · Nasdaq 200 · 4小时,TMUS,T-Mobile US,Communication Services,16,16,0,2026-08-19,18,-2,6,1,182.085007,71.33,86.3,盘中候选，等待收盘确认；跨日连续Top100 6天,prism-nasdaq200-4h-signal-ranking.csv
盘中候选,Prism,Nasdaq Liquid 500,4小时,Prism · Nasdaq Liquid 500 · 4小时,CHKP,Check Point Software Technologies Ltd. - Ordinary Shares,,17,17,0,2026-08-19,18,-1,6,1,132.455002,74.89,86.3,盘中候选，等待收盘确认；跨日连续Top100 6天,prism-nasdaq500-4h-signal-ranking.csv
盘中候选,Early,S&P 500,4小时,Early · S&P 500 · 4小时,AMT,American Tower,Real Estate,18,18,0,2026-08-19,17,1,6,1,176.389999,75.69,86.0,盘中候选，等待收盘确认；跨日连续Top100 6天,early-spx-4h-signal-ranking.csv
盘中候选,Early,Russell,日线,Early · Russell · 日线,BNAI,BRAND ENGAGEMENT NETWORK INC,Information Technology,2,2,0,2026-08-19,11,-9,6,1,16.459999,,85.5,盘中候选，等待收盘确认；跨日连续Top100 6天,early-russell2000-ranking-timeline.csv
盘中候选,Early,Nasdaq 200,4小时,Early · Nasdaq 200 · 4小时,SNDK,Sandisk,Information Technology,19,19,0,2026-08-19,7,12,6,1,1587.599976,72.33,85.3,盘中候选，等待收盘确认；跨日连续Top100 6天,early-nasdaq200-4h-signal-ranking.csv
盘中候选,Prism,Nasdaq 200,4小时,Prism · Nasdaq 200 · 4小时,PYPL,PayPal,Financials,19,19,0,2026-08-19,53,-34,6,1,61.77,70.44,85.2,盘中候选，等待收盘确认；跨日连续Top100 6天,prism-nasdaq200-4h-signal-ranking.csv
盘中候选,Prism,Russell,4小时,Prism · Russell · 4小时,HNRG,HALLADOR ENERGY,Utilities,20,20,0,2026-08-19,66,-46,6,1,16.25,74.87,85.2,盘中候选，等待收盘确认；跨日连续Top100 6天,prism-russell2000-4h-signal-ranking.csv
盘中候选,Prism,Nasdaq 200,4小时,Prism · Nasdaq 200 · 4小时,TSLA,"Tesla, Inc.",Consumer Discretionary,22,22,0,2026-08-19,23,-1,6,1,344.309998,69.03,84.0,盘中候选，等待收盘确认；跨日连续Top100 6天,prism-nasdaq200-4h-signal-ranking.csv
盘中候选,Prism,Nasdaq Liquid 500,4小时,Prism · Nasdaq Liquid 500 · 4小时,TMUS,T-Mobile US,Communication Services,24,24,0,2026-08-19,22,2,6,1,182.085007,72.56,83.6,盘中候选，等待收盘确认；跨日连续Top100 6天,prism-nasdaq500-4h-signal-ranking.csv
盘中候选,Early,Russell,4小时,Early · Russell · 4小时,OFRM,ONCE UPON A FARM PBC,Consumer Staples,32,32,0,2026-08-19,38,-6,6,1,17.780001,80.94,81.4,盘中候选，等待收盘确认；跨日连续Top100 6天,early-russell2000-4h-signal-ranking.csv
盘中候选,Prism,Russell,4小时,Prism · Russell · 4小时,XRN,CHIRON REAL ESTATE INC,Real Estate,31,31,0,2026-08-19,63,-32,6,1,36.6259,74.17,81.2,盘中候选，等待收盘确认；跨日连续Top100 6天,prism-russell2000-4h-signal-ranking.csv
盘中候选,Prism,S&P 500,日线,Prism · S&P 500 · 日线,ERIE,Erie Indemnity,Financials,21,21,0,2026-08-19,22,-1,6,1,266.859985,,78.7,盘中候选，等待收盘确认；跨日连续Top100 6天,prism-spx-ranking-timeline.csv
盘中候选,Prism,S&P 500,4小时,Prism · S&P 500 · 4小时,TMUS,T-Mobile US,Communication Services,36,36,0,2026-08-19,34,2,6,1,182.085007,66.71,78.7,盘中候选，等待收盘确认；跨日连续Top100 6天,prism-spx-4h-signal-ranking.csv
盘中候选,Prism,Nasdaq Liquid 500,日线,Prism · Nasdaq Liquid 500 · 日线,FGI,FGI Industries Ltd. - Ordinary Shares,,21,21,0,2026-08-19,17,4,6,1,8.8801,,78.7,盘中候选，等待收盘确认；跨日连续Top100 6天,prism-nasdaq500-ranking-timeline.csv
盘中候选,Prism,Nasdaq Liquid 500,日线,Prism · Nasdaq Liquid 500 · 日线,QMCO,Quantum Corporation - Common Stock,,25,25,0,2026-08-19,21,4,6,1,19.99,,77.2,盘中候选，等待收盘确认；跨日连续Top100 6天,prism-nasdaq500-ranking-timeline.csv
盘中候选,Prism,Nasdaq Liquid 500,日线,Prism · Nasdaq Liquid 500 · 日线,WIX,Wix.com Ltd. - Ordinary Shares,,27,27,0,2026-08-19,23,4,6,1,78.290001,,76.5,盘中候选，等待收盘确认；跨日连续Top100 6天,prism-nasdaq500-ranking-timeline.csv
盘中候选,Early,Nasdaq Liquid 500,4小时,Early · Nasdaq Liquid 500 · 4小时,IREN,IREN Limited - Ordinary Shares,,44,44,0,2026-08-19,38,6,6,1,42.029999,67.77,75.9,盘中候选，等待收盘确认；跨日连续Top100 6天,early-nasdaq500-4h-signal-ranking.csv
盘中候选,Early,Russell,4小时,Early · Russell · 4小时,BKV,BKV,Energy,48,48,0,2026-08-19,61,-13,6,1,26.565001,78.37,75.4,盘中候选，等待收盘确认；跨日连续Top100 6天,early-russell2000-4h-signal-ranking.csv
盘中候选,Early,Russell,日线,Early · Russell · 日线,HYMC,HYCROFT MINING HOLDING CORP CLASS,Materials,31,31,0,2026-08-19,17,14,6,1,27.190001,,75.1,盘中候选，等待收盘确认；跨日连续Top100 6天,early-russell2000-ranking-timeline.csv
盘中候选,Prism,Nasdaq Liquid 500,4小时,Prism · Nasdaq Liquid 500 · 4小时,PEP,PepsiCo,Consumer Staples,47,47,0,2026-08-19,85,-38,6,1,141.960007,65.77,74.7,盘中候选，等待收盘确认；跨日连续Top100 6天,prism-nasdaq500-4h-signal-ranking.csv
盘中候选,Prism,S&P 500,4小时,Prism · S&P 500 · 4小时,PEP,PepsiCo,Consumer Staples,47,47,0,2026-08-19,99,-52,6,1,141.960007,65.15,74.6,盘中候选，等待收盘确认；跨日连续Top100 6天,prism-spx-4h-signal-ranking.csv
盘中候选,Early,Nasdaq 200,4小时,Early · Nasdaq 200 · 4小时,PYPL,PayPal,Financials,49,49,0,2026-08-19,76,-27,6,1,61.77,61.23,73.6,盘中候选，等待收盘确认；跨日连续Top100 6天,early-nasdaq200-4h-signal-ranking.csv
盘中候选,Prism,S&P 500,4小时,Prism · S&P 500 · 4小时,BG,Bunge Global,Consumer Staples,50,50,0,2026-08-19,59,-9,6,1,117.18,64.76,73.5,盘中候选，等待收盘确认；跨日连续Top100 6天,prism-spx-4h-signal-ranking.csv
盘中候选,Prism,Nasdaq 200,日线,Prism · Nasdaq 200 · 日线,MRVL,Marvell Technology,Information Technology,40,40,0,2026-08-19,38,2,6,1,236.434998,,71.8,盘中候选，等待收盘确认；跨日连续Top100 6天,prism-nasdaq200-ranking-timeline.csv
盘中候选,Prism,Nasdaq Liquid 500,日线,Prism · Nasdaq Liquid 500 · 日线,AXON,Axon Enterprise,Industrials,42,42,0,2026-08-19,49,-7,6,1,635.934998,,71.1,盘中候选，等待收盘确认；跨日连续Top100 6天,prism-nasdaq500-ranking-timeline.csv
盘中候选,Prism,Russell,4小时,Prism · Russell · 4小时,NVAX,NOVAVAX,Health Care,59,59,0,2026-08-19,79,-20,6,1,8.17,71.81,65.9,盘中候选，等待收盘确认；跨日连续Top100 6天,prism-russell2000-4h-signal-ranking.csv
盘中候选,Early,S&P 500,4小时,Early · S&P 500 · 4小时,UBER,Uber,Industrials,60,60,0,2026-08-19,78,-18,6,1,79.834999,65.44,65.1,盘中候选，等待收盘确认；跨日连续Top100 6天,early-spx-4h-signal-ranking.csv
盘中候选,Early,Russell,4小时,Early · Russell · 4小时,SD,SANDRIDGE ENERGY INC,Energy,64,64,0,2026-08-19,65,-1,6,1,14.45,75.8,64.5,盘中候选，等待收盘确认；跨日连续Top100 6天,early-russell2000-4h-signal-ranking.csv
盘中候选,Prism,Nasdaq 200,4小时,Prism · Nasdaq 200 · 4小时,SNDK,Sandisk,Information Technology,68,68,0,2026-08-19,26,42,6,1,1587.599976,60.35,61.8,盘中候选，等待收盘确认；跨日连续Top100 6天,prism-nasdaq200-4h-signal-ranking.csv
盘中候选,Early,Nasdaq 200,日线,Early · Nasdaq 200 · 日线,IREN,IREN Limited - Ordinary Shares,,56,56,0,2026-08-19,41,15,6,1,42.139999,,61.1,盘中候选，等待收盘确认；跨日连续Top100 6天,early-nasdaq200-ranking-timeline.csv
盘中候选,Prism,Russell,日线,Prism · Russell · 日线,ARX,ACCELERANT HOLDINGS CLASS A,Financials,59,59,0,2026-08-19,48,11,6,1,19.559999,,60.1,盘中候选，等待收盘确认；跨日连续Top100 6天,prism-russell2000-ranking-timeline.csv
盘中候选,Early,Nasdaq 200,4小时,Early · Nasdaq 200 · 4小时,FAST,Fastenal,Industrials,73,73,0,2026-08-19,62,11,6,1,50.970001,55.32,59.5,盘中候选，等待收盘确认；跨日连续Top100 6天,early-nasdaq200-4h-signal-ranking.csv
盘中候选,Prism,Russell,4小时,Prism · Russell · 4小时,CRMD,CORMEDIX,Health Care,81,81,0,2026-08-19,96,-15,6,1,8.41,68.86,57.8,盘中候选，等待收盘确认；跨日连续Top100 6天,prism-russell2000-4h-signal-ranking.csv
盘中候选,Early,Nasdaq Liquid 500,日线,Early · Nasdaq Liquid 500 · 日线,CRWV,"CoreWeave, Inc. - Class A Common Stock",,70,70,0,2026-08-19,49,21,6,1,92.084999,,56.1,盘中候选，等待收盘确认；跨日连续Top100 6天,early-nasdaq500-ranking-timeline.csv
盘中候选,Prism,Russell,日线,Prism · Russell · 日线,YSWY,YESWAY INC CLASS A,Consumer Staples,71,71,0,2026-08-19,31,40,6,1,25.75,,55.7,盘中候选，等待收盘确认；跨日连续Top100 6天,prism-russell2000-ranking-timeline.csv
盘中候选,Early,Nasdaq Liquid 500,日线,Early · Nasdaq Liquid 500 · 日线,AAOI,"Applied Optoelectronics, Inc. - Common Stock",,73,73,0,2026-08-19,95,-22,6,1,121.824997,,55.0,盘中候选，等待收盘确认；跨日连续Top100 6天,early-nasdaq500-ranking-timeline.csv
盘中候选,Early,Nasdaq Liquid 500,日线,Early · Nasdaq Liquid 500 · 日线,TTAN,SERVICETITAN CLASS A,Information Technology,76,76,0,2026-08-19,91,-15,6,1,96.0,,53.9,盘中候选，等待收盘确认；跨日连续Top100 6天,early-nasdaq500-ranking-timeline.csv
盘中候选,Early,S&P 500,4小时,Early · S&P 500 · 4小时,KMI,Kinder Morgan,Energy,94,94,0,2026-08-19,93,1,6,1,31.985001,60.24,52.4,盘中候选，等待收盘确认；跨日连续Top100 6天,early-spx-4h-signal-ranking.csv
盘中候选,Early,Nasdaq 200,日线,Early · Nasdaq 200 · 日线,PDD,PDD Holdings Inc. - American Depositary Shares,,85,85,0,2026-08-19,65,20,6,1,88.400002,,50.7,盘中候选，等待收盘确认；跨日连续Top100 6天,early-nasdaq200-ranking-timeline.csv
盘中候选,Early,Russell,日线,Early · Russell · 日线,INFQ,INFLEQTION INC,Information Technology,89,89,0,2026-08-19,40,49,6,1,12.115,,49.2,盘中候选，等待收盘确认；跨日连续Top100 6天,early-russell2000-ranking-timeline.csv
盘中候选,Early,Nasdaq 200,4小时,Early · Nasdaq 200 · 4小时,KDP,Keurig Dr Pepper,Consumer Staples,3,3,0,2026-08-19,38,-35,5,1,31.42,92.47,92.8,盘中候选，等待收盘确认；跨日连续Top100 5天,early-nasdaq200-4h-signal-ranking.csv
盘中候选,Early,Nasdaq 200,4小时,Early · Nasdaq 200 · 4小时,XEL,Xcel Energy,Utilities,4,4,0,2026-08-19,42,-38,5,1,79.610001,90.05,92.2,盘中候选，等待收盘确认；跨日连续Top100 5天,early-nasdaq200-4h-signal-ranking.csv
盘中候选,Prism,Nasdaq Liquid 500,4小时,Prism · Nasdaq Liquid 500 · 4小时,CELC,CELCUITY,Health Care,6,6,0,2026-08-19,12,-6,5,1,90.739998,76.77,90.4,盘中候选，等待收盘确认；跨日连续Top100 5天,prism-nasdaq500-4h-signal-ranking.csv
盘中候选,Prism,S&P 500,4小时,Prism · S&P 500 · 4小时,PPL,PPL Corporation,Utilities,11,11,0,2026-08-19,7,4,5,1,35.599998,75.46,88.5,盘中候选，等待收盘确认；跨日连续Top100 5天,prism-spx-4h-signal-ranking.csv
盘中候选,Prism,Nasdaq Liquid 500,4小时,Prism · Nasdaq Liquid 500 · 4小时,XEL,Xcel Energy,Utilities,13,13,0,2026-08-19,10,3,5,1,79.610001,76.02,87.8,盘中候选，等待收盘确认；跨日连续Top100 5天,prism-nasdaq500-4h-signal-ranking.csv
盘中候选,Early,S&P 500,4小时,Early · S&P 500 · 4小时,HLT,Hilton Worldwide,Consumer Discretionary,17,17,0,2026-08-19,1,16,5,1,332.26001,76.54,86.4,盘中候选，等待收盘确认；跨日连续Top100 5天,early-spx-4h-signal-ranking.csv
盘中候选,Aster Research,v3 Quality Momentum,Aster,Aster Research · v3 Quality Momentum,VSNT,"Versant Media Group, Inc. - Class A Common Stock",,19,19,0,2026-08-19,21,-2,5,1,39.134998,82.41,86.2,盘中候选，等待收盘确认；跨日连续Top100 5天,aster-v3-quality-momentum-ranking.csv
盘中候选,Early,Nasdaq Liquid 500,日线,Early · Nasdaq Liquid 500 · 日线,FGI,FGI Industries Ltd. - Ordinary Shares,,1,1,0,2026-08-19,2,-1,5,1,8.8801,,85.9,盘中候选，等待收盘确认；跨日连续Top100 5天,early-nasdaq500-ranking-timeline.csv
盘中候选,Prism,Russell,日线,Prism · Russell · 日线,ABOS,ACUMEN PHARMACEUTICALS INC,Health Care,2,2,0,2026-08-19,3,-1,5,1,3.04,,85.5,盘中候选，等待收盘确认；跨日连续Top100 5天,prism-russell2000-ranking-timeline.csv
盘中候选,Early,Russell,4小时,Early · Russell · 4小时,CRC,CALIFORNIA RESOURCES,Energy,22,22,0,2026-08-19,82,-60,5,1,54.349998,84.21,85.2,盘中候选，等待收盘确认；跨日连续Top100 5天,early-russell2000-4h-signal-ranking.csv
盘中候选,Aster Research,单一趋势 Trend Relay,Aster,Aster Research · 单一趋势 Trend Relay,IONS,"Ionis Pharmaceuticals, Inc. - Common Stock",,25,25,0,2026-08-19,16,9,5,1,59.685001,94.0,84.9,盘中候选，等待收盘确认；跨日连续Top100 5天,aster-trend-relay-ranking.csv
盘中候选,Prism,Russell,日线,Prism · Russell · 日线,BNAI,BRAND ENGAGEMENT NETWORK INC,Information Technology,4,4,0,2026-08-19,6,-2,5,1,16.459999,,84.8,盘中候选，等待收盘确认；跨日连续Top100 5天,prism-russell2000-ranking-timeline.csv
盘中候选,Prism,Nasdaq Liquid 500,日线,Prism · Nasdaq Liquid 500 · 日线,HTFL,HEARTFLOW,Health Care,6,6,0,2026-08-19,7,-1,5,1,46.709999,,84.1,盘中候选，等待收盘确认；跨日连续Top100 5天,prism-nasdaq500-ranking-timeline.csv
盘中候选,Prism,S&P 500,4小时,Prism · S&P 500 · 4小时,XEL,Xcel Energy,Utilities,23,23,0,2026-08-19,20,3,5,1,79.610001,71.79,83.8,盘中候选，等待收盘确认；跨日连续Top100 5天,prism-spx-4h-signal-ranking.csv
盘中候选,Prism,Russell,4小时,Prism · Russell · 4小时,TDS,TELEPHONE AND DATA SYSTEMS,Communication,24,24,0,2026-08-19,39,-15,5,1,34.785,74.53,83.7,盘中候选，等待收盘确认；跨日连续Top100 5天,prism-russell2000-4h-signal-ranking.csv
盘中候选,Early,Russell,4小时,Early · Russell · 4小时,VC,VISTEON,Consumer Discretionary,28,28,0,2026-08-19,100,-72,5,1,104.595001,82.84,83.0,盘中候选，等待收盘确认；跨日连续Top100 5天,early-russell2000-4h-signal-ranking.csv
盘中候选,Prism,Russell,日线,Prism · Russell · 日线,ACHV,ACHIEVE LIFE SCIENCES,Health Care,11,11,0,2026-08-19,30,-19,5,1,8.235,,82.3,盘中候选，等待收盘确认；跨日连续Top100 5天,prism-russell2000-ranking-timeline.csv
盘中候选,Prism,Russell,日线,Prism · Russell · 日线,HTFL,HEARTFLOW,Health Care,12,12,0,2026-08-19,8,4,5,1,46.709999,,81.9,盘中候选，等待收盘确认；跨日连续Top100 5天,prism-russell2000-ranking-timeline.csv
盘中候选,Early,Nasdaq Liquid 500,日线,Early · Nasdaq Liquid 500 · 日线,LUNR,INTUITIVE MACHINES INC CLASS A,Industrials,14,14,0,2026-08-19,22,-8,5,1,17.870001,,81.2,盘中候选，等待收盘确认；跨日连续Top100 5天,early-nasdaq500-ranking-timeline.csv
盘中候选,Early,S&P 500,4小时,Early · S&P 500 · 4小时,PCG,PG&E Corporation,Utilities,31,31,0,2026-08-19,36,-5,5,1,18.155001,70.95,80.9,盘中候选，等待收盘确认；跨日连续Top100 5天,early-spx-4h-signal-ranking.csv
盘中候选,Early,Nasdaq Liquid 500,日线,Early · Nasdaq Liquid 500 · 日线,PRAX,PRAXIS PRECISION MEDICINES,Health Care,15,15,0,2026-08-19,21,-6,5,1,380.630005,,80.8,盘中候选，等待收盘确认；跨日连续Top100 5天,early-nasdaq500-ranking-timeline.csv
盘中候选,Early,Russell,日线,Early · Russell · 日线,SATL,SATELLOGIC CLASS A,Industrials,15,15,0,2026-08-19,1,14,5,1,5.2602,,80.8,盘中候选，等待收盘确认；跨日连续Top100 5天,early-russell2000-ranking-timeline.csv
盘中候选,Prism,Russell,4小时,Prism · Russell · 4小时,CELC,CELCUITY,Health Care,32,32,0,2026-08-19,28,4,5,1,90.739998,74.03,80.8,盘中候选，等待收盘确认；跨日连续Top100 5天,prism-russell2000-4h-signal-ranking.csv
盘中候选,Early,Nasdaq 200,日线,Early · Nasdaq 200 · 日线,DKNG,DraftKings Inc. - Class A Common Stock,,17,17,0,2026-08-19,33,-16,5,1,25.860001,,80.1,盘中候选，等待收盘确认；跨日连续Top100 5天,early-nasdaq200-ranking-timeline.csv
盘中候选,Prism,Russell,日线,Prism · Russell · 日线,ETON,ETON PHARMACEUTCIALS INC,Health Care,19,19,0,2026-08-19,22,-3,5,1,61.999901,,79.4,盘中候选，等待收盘确认；跨日连续Top100 5天,prism-russell2000-ranking-timeline.csv
盘中候选,Other,All,Ranking,aster-v3-quality-momentum-ranking-timeline,VSNT,"Versant Media Group, Inc. - Class A Common Stock",,19,19,0,2026-08-19,21,-2,5,1,39.134998,,79.4,盘中候选，等待收盘确认；跨日连续Top100 5天,aster-v3-quality-momentum-ranking-timeline.csv
盘中候选,Early,Russell,4小时,Early · Russell · 4小时,OPTX,SYNTEC OPTICS HOLDINGS INC CLASS A,Information Technology,38,38,0,2026-08-19,73,-35,5,1,8.29,79.71,79.1,盘中候选，等待收盘确认；跨日连续Top100 5天,early-russell2000-4h-signal-ranking.csv
盘中候选,Early,Russell,日线,Early · Russell · 日线,RDW,REDWIRE,Industrials,20,20,0,2026-08-19,28,-8,5,1,11.885,,79.0,盘中候选，等待收盘确认；跨日连续Top100 5天,early-russell2000-ranking-timeline.csv
盘中候选,Prism,Russell,日线,Prism · Russell · 日线,AVAH,AVEANNA HEALTHCARE HOLDINGS INC,Health Care,20,20,0,2026-08-19,25,-5,5,1,13.265,,79.0,盘中候选，等待收盘确认；跨日连续Top100 5天,prism-russell2000-ranking-timeline.csv
盘中候选,Early,Russell,4小时,Early · Russell · 4小时,LADR,LADDER CAPITAL CORP CLASS A,Financials,39,39,0,2026-08-19,42,-3,5,1,10.075,79.7,78.7,盘中候选，等待收盘确认；跨日连续Top100 5天,early-russell2000-4h-signal-ranking.csv
盘中候选,Early,Russell,4小时,Early · Russell · 4小时,FBRT,FRANKLIN BSP REALTY TRUST INC,Financials,40,40,0,2026-08-19,43,-3,5,1,8.084,79.59,78.4,盘中候选，等待收盘确认；跨日连续Top100 5天,early-russell2000-4h-signal-ranking.csv
盘中候选,Early,Nasdaq Liquid 500,日线,Early · Nasdaq Liquid 500 · 日线,LYFT,"Lyft, Inc. - Class A Common Stock",,24,24,0,2026-08-19,31,-7,5,1,17.52,,77.6,盘中候选，等待收盘确认；跨日连续Top100 5天,early-nasdaq500-ranking-timeline.csv
盘中候选,Early,Russell,4小时,Early · Russell · 4小时,FPI,FARMLAND PARTNERS INC,Real Estate,42,42,0,2026-08-19,40,2,5,1,10.08,79.33,77.6,盘中候选，等待收盘确认；跨日连续Top100 5天,early-russell2000-4h-signal-ranking.csv
盘中候选,Other,All,Ranking,aster-trend-relay-ranking-timeline,IONS,"Ionis Pharmaceuticals, Inc. - Common Stock",,25,25,0,2026-08-19,16,9,5,1,59.685001,,77.2,盘中候选，等待收盘确认；跨日连续Top100 5天,aster-trend-relay-ranking-timeline.csv
盘中候选,Early,S&P 500,4小时,Early · S&P 500 · 4小时,WMB,Williams Companies,Energy,41,41,0,2026-08-19,19,22,5,1,73.43,68.74,77.1,盘中候选，等待收盘确认；跨日连续Top100 5天,early-spx-4h-signal-ranking.csv
盘中候选,Early,Nasdaq Liquid 500,日线,Early · Nasdaq Liquid 500 · 日线,INSM,Insmed Incorporated - Common Stock,,26,26,0,2026-08-19,29,-3,5,1,127.745003,,76.9,盘中候选，等待收盘确认；跨日连续Top100 5天,early-nasdaq500-ranking-timeline.csv
盘中候选,Aster Research,v5 Risk Adjusted,Aster,Aster Research · v5 Risk Adjusted,VSNT,"Versant Media Group, Inc. - Class A Common Stock",,46,46,0,2026-08-19,32,14,5,1,39.134998,76.1,75.9,盘中候选，等待收盘确认；跨日连续Top100 5天,aster-v5-risk-adjusted-ranking.csv
盘中候选,Aster Research,单一信号 EMA Candle Capture,Aster,Aster Research · 单一信号 EMA Candle Capture,CHKP,Check Point Software Technologies Ltd. - Ordinary Shares,,47,47,0,2026-08-19,10,37,5,1,132.455002,80.0,75.9,盘中候选，等待收盘确认；跨日连续Top100 5天,aster-ema-candle-capture-ranking.csv
盘中候选,Prism,Nasdaq 200,日线,Prism · Nasdaq 200 · 日线,CPRT,Copart,Industrials,29,29,0,2026-08-19,27,2,5,1,33.849998,,75.8,盘中候选，等待收盘确认；跨日连续Top100 5天,prism-nasdaq200-ranking-timeline.csv
盘中候选,Early,S&P 500,日线,Early · S&P 500 · 日线,ALB,Albemarle Corporation,Materials,31,31,0,2026-08-19,42,-11,5,1,133.7388,,75.1,盘中候选，等待收盘确认；跨日连续Top100 5天,early-spx-ranking-timeline.csv
盘中候选,Early,S&P 500,日线,Early · S&P 500 · 日线,SOLV,Solventum,Health Care,32,32,0,2026-08-19,44,-12,5,1,88.010002,,74.7,盘中候选，等待收盘确认；跨日连续Top100 5天,early-spx-ranking-timeline.csv
盘中候选,Prism,Russell,4小时,Prism · Russell · 4小时,MCRI,MONARCH CASINO AND RESORT,Consumer Discretionary,50,50,0,2026-08-19,60,-10,5,1,124.364998,72.66,74.2,盘中候选，等待收盘确认；跨日连续Top100 5天,prism-russell2000-4h-signal-ranking.csv
盘中候选,Early,Russell,日线,Early · Russell · 日线,MUX,MCEWEN INC,Materials,40,40,0,2026-08-19,89,-49,5,1,20.469999,,71.8,盘中候选，等待收盘确认；跨日连续Top100 5天,early-russell2000-ranking-timeline.csv
盘中候选,Prism,S&P 500,日线,Prism · S&P 500 · 日线,NEM,Newmont,Materials,43,43,0,2026-08-19,34,9,5,1,126.529999,,70.7,盘中候选，等待收盘确认；跨日连续Top100 5天,prism-spx-ranking-timeline.csv
盘中候选,Other,All,Ranking,aster-v5-risk-adjusted-ranking-timeline,VSNT,"Versant Media Group, Inc. - Class A Common Stock",,46,46,0,2026-08-19,32,14,5,1,39.134998,,69.7,盘中候选，等待收盘确认；跨日连续Top100 5天,aster-v5-risk-adjusted-ranking-timeline.csv
盘中候选,Other,All,Ranking,aster-ema-candle-capture-ranking-timeline,CHKP,Check Point Software Technologies Ltd. - Ordinary Shares,,47,47,0,2026-08-19,10,37,5,1,132.455002,,69.3,盘中候选，等待收盘确认；跨日连续Top100 5天,aster-ema-candle-capture-ranking-timeline.csv
盘中候选,Early,Russell,4小时,Early · Russell · 4小时,FUBO,FUBOTV CLASS A,Communication,52,52,0,2026-08-19,69,-17,5,1,10.22,77.56,68.9,盘中候选，等待收盘确认；跨日连续Top100 5天,early-russell2000-4h-signal-ranking.csv
盘中候选,Prism,Nasdaq 200,日线,Prism · Nasdaq 200 · 日线,PSKY,Paramount Skydance Corporation,Communication Services,49,49,0,2026-08-19,30,19,5,1,10.52,,68.6,盘中候选，等待收盘确认；跨日连续Top100 5天,prism-nasdaq200-ranking-timeline.csv
盘中候选,Early,S&P 500,4小时,Early · S&P 500 · 4小时,ALB,Albemarle Corporation,Materials,51,51,0,2026-08-19,55,-4,5,1,133.535004,66.98,68.4,盘中候选，等待收盘确认；跨日连续Top100 5天,early-spx-4h-signal-ranking.csv
盘中候选,Early,S&P 500,4小时,Early · S&P 500 · 4小时,NWSA,News Corp (Class A),Communication Services,52,52,0,2026-08-19,57,-5,5,1,29.469999,66.92,68.1,盘中候选，等待收盘确认；跨日连续Top100 5天,early-spx-4h-signal-ranking.csv
盘中候选,Early,Russell,4小时,Early · Russell · 4小时,DX,DYNEX CAPITAL REIT INC,Financials,55,55,0,2026-08-19,37,18,5,1,13.349,76.89,67.8,盘中候选，等待收盘确认；跨日连续Top100 5天,early-russell2000-4h-signal-ranking.csv
盘中候选,Early,S&P 500,4小时,Early · S&P 500 · 4小时,BEN,Franklin Resources,Financials,53,53,0,2026-08-19,29,24,5,1,33.985001,66.74,67.7,盘中候选，等待收盘确认；跨日连续Top100 5天,early-spx-4h-signal-ranking.csv
盘中候选,Early,S&P 500,4小时,Early · S&P 500 · 4小时,BBY,Best Buy,Consumer Discretionary,56,56,0,2026-08-19,34,22,5,1,87.129997,66.11,66.6,盘中候选，等待收盘确认；跨日连续Top100 5天,early-spx-4h-signal-ranking.csv
盘中候选,Prism,S&P 500,4小时,Prism · S&P 500 · 4小时,BEN,Franklin Resources,Financials,56,56,0,2026-08-19,29,27,5,1,33.985001,64.15,66.4,盘中候选，等待收盘确认；跨日连续Top100 5天,prism-spx-4h-signal-ranking.csv
盘中候选,Prism,S&P 500,4小时,Prism · S&P 500 · 4小时,ICE,Intercontinental Exchange,Financials,59,59,0,2026-08-19,87,-28,5,1,157.289993,63.58,65.3,盘中候选，等待收盘确认；跨日连续Top100 5天,prism-spx-4h-signal-ranking.csv
盘中候选,Early,Russell,4小时,Early · Russell · 4小时,EVI,EVI INDUSTRIES INC,Industrials,63,63,0,2026-08-19,49,14,5,1,15.9,75.88,64.8,盘中候选，等待收盘确认；跨日连续Top100 5天,early-russell2000-4h-signal-ranking.csv
盘中候选,Early,S&P 500,日线,Early · S&P 500 · 日线,COST,Costco,Consumer Staples,51,51,0,2026-08-19,46,5,5,1,938.5,,62.9,盘中候选，等待收盘确认；跨日连续Top100 5天,early-spx-ranking-timeline.csv
盘中候选,Prism,Nasdaq 200,4小时,Prism · Nasdaq 200 · 4小时,ADSK,Autodesk,Information Technology,67,67,0,2026-08-19,69,-2,5,1,252.949997,60.38,62.1,盘中候选，等待收盘确认；跨日连续Top100 5天,prism-nasdaq200-4h-signal-ranking.csv
盘中候选,Prism,Nasdaq Liquid 500,日线,Prism · Nasdaq Liquid 500 · 日线,CHEF,CHEFS WAREHOUSE INC,Consumer Staples,54,54,0,2026-08-19,38,16,5,1,107.724998,,61.9,盘中候选，等待收盘确认；跨日连续Top100 5天,prism-nasdaq500-ranking-timeline.csv
盘中候选,Early,Nasdaq 200,4小时,Early · Nasdaq 200 · 4小时,TSCO,Tractor Supply,Consumer Discretionary,69,69,0,2026-08-19,71,-2,5,1,34.735001,55.75,61.0,盘中候选，等待收盘确认；跨日连续Top100 5天,early-nasdaq200-4h-signal-ranking.csv
盘中候选,Prism,Russell,4小时,Prism · Russell · 4小时,AKTS,AKTIS ONCOLOGY INC,Health Care,73,73,0,2026-08-19,54,19,5,1,23.690001,69.54,60.7,盘中候选，等待收盘确认；跨日连续Top100 5天,prism-russell2000-4h-signal-ranking.csv
盘中候选,Early,S&P 500,4小时,Early · S&P 500 · 4小时,SOLV,Solventum,Health Care,74,74,0,2026-08-19,82,-8,5,1,88.25,62.84,59.8,盘中候选，等待收盘确认；跨日连续Top100 5天,early-spx-4h-signal-ranking.csv
盘中候选,Prism,Russell,日线,Prism · Russell · 日线,MASS,908 DEVICES,Information Technology,60,60,0,2026-08-19,59,1,5,1,10.151,,59.7,盘中候选，等待收盘确认；跨日连续Top100 5天,prism-russell2000-ranking-timeline.csv
盘中候选,Prism,Russell,4小时,Prism · Russell · 4小时,NPKI,NPK INTERNATIONAL,Industrials,78,78,0,2026-08-19,94,-16,5,1,14.08,69.29,58.9,盘中候选，等待收盘确认；跨日连续Top100 5天,prism-russell2000-4h-signal-ranking.csv
盘中候选,Prism,Nasdaq 200,4小时,Prism · Nasdaq 200 · 4小时,PTC,PTC Inc.,Information Technology,79,79,0,2026-08-19,86,-7,5,1,152.839996,58.24,57.6,盘中候选，等待收盘确认；跨日连续Top100 5天,prism-nasdaq200-4h-signal-ranking.csv
盘中候选,Early,Nasdaq 200,4小时,Early · Nasdaq 200 · 4小时,ZM,"Zoom Communications, Inc. - Class A Common Stock",,80,80,0,2026-08-19,90,-10,5,1,107.610001,51.45,56.7,盘中候选，等待收盘确认；跨日连续Top100 5天,early-nasdaq200-4h-signal-ranking.csv
盘中候选,Early,Nasdaq Liquid 500,4小时,Early · Nasdaq Liquid 500 · 4小时,RPRX,Royalty Pharma plc - Class A Ordinary Shares,,83,83,0,2026-08-19,86,-3,5,1,61.84,61.07,56.4,盘中候选，等待收盘确认；跨日连续Top100 5天,early-nasdaq500-4h-signal-ranking.csv
盘中候选,Early,Russell,日线,Early · Russell · 日线,WLDN,WILLDAN GROUP,Industrials,69,69,0,2026-08-19,72,-3,5,1,84.75,,56.4,盘中候选，等待收盘确认；跨日连续Top100 5天,early-russell2000-ranking-timeline.csv
盘中候选,Prism,Nasdaq 200,4小时,Prism · Nasdaq 200 · 4小时,WDAY,"Workday, Inc.",Information Technology,83,83,0,2026-08-19,35,48,5,1,196.570007,57.6,56.1,盘中候选，等待收盘确认；跨日连续Top100 5天,prism-nasdaq200-4h-signal-ranking.csv
盘中候选,Prism,Nasdaq 200,4小时,Prism · Nasdaq 200 · 4小时,CPRT,Copart,Industrials,85,85,0,2026-08-19,78,7,5,1,33.84,57.21,55.4,盘中候选，等待收盘确认；跨日连续Top100 5天,prism-nasdaq200-4h-signal-ranking.csv
盘中候选,Early,Nasdaq 200,4小时,Early · Nasdaq 200 · 4小时,PTC,PTC Inc.,Information Technology,87,87,0,2026-08-19,95,-8,5,1,152.839996,50.12,54.1,盘中候选，等待收盘确认；跨日连续Top100 5天,early-nasdaq200-4h-signal-ranking.csv
盘中候选,Prism,Nasdaq Liquid 500,日线,Prism · Nasdaq Liquid 500 · 日线,SSRM,SSR MINING,Materials,76,76,0,2026-08-19,64,12,5,1,35.549999,,53.9,盘中候选，等待收盘确认；跨日连续Top100 5天,prism-nasdaq500-ranking-timeline.csv
盘中候选,Early,Nasdaq 200,4小时,Early · Nasdaq 200 · 4小时,DXCM,Dexcom,Health Care,91,91,0,2026-08-19,78,13,5,1,90.940002,49.95,52.6,盘中候选，等待收盘确认；跨日连续Top100 5天,early-nasdaq200-4h-signal-ranking.csv
盘中候选,Prism,Russell,日线,Prism · Russell · 日线,ELE,ELEMENTAL ROYALTY CORP,Materials,80,80,0,2026-08-19,82,-2,5,1,22.1,,52.5,盘中候选，等待收盘确认；跨日连续Top100 5天,prism-russell2000-ranking-timeline.csv
盘中候选,Early,Nasdaq 200,4小时,Early · Nasdaq 200 · 4小时,GEHC,GE HealthCare,Health Care,92,92,0,2026-08-19,88,4,5,1,74.779999,49.93,52.2,盘中候选，等待收盘确认；跨日连续Top100 5天,early-nasdaq200-4h-signal-ranking.csv
盘中候选,Early,Nasdaq 200,4小时,Early · Nasdaq 200 · 4小时,WDAY,"Workday, Inc.",Information Technology,94,94,0,2026-08-19,61,33,5,1,196.570007,49.68,51.5,盘中候选，等待收盘确认；跨日连续Top100 5天,early-nasdaq200-4h-signal-ranking.csv
盘中候选,Early,Nasdaq Liquid 500,日线,Early · Nasdaq Liquid 500 · 日线,USAR,USA RARE EARTH CLASS A,Materials,94,94,0,2026-08-19,67,27,5,1,17.16,,47.4,盘中候选，等待收盘确认；跨日连续Top100 5天,early-nasdaq500-ranking-timeline.csv
盘中候选,Prism,S&P 500,日线,Prism · S&P 500 · 日线,NOC,Northrop Grumman,Industrials,97,97,0,2026-08-19,67,30,5,1,579.275024,,46.3,盘中候选，等待收盘确认；跨日连续Top100 5天,prism-spx-ranking-timeline.csv
盘中候选,Prism,Russell,日线,Prism · Russell · 日线,PPTA,PERPETUA RESOURCES,Materials,97,97,0,2026-08-19,88,9,5,1,25.360001,,46.3,盘中候选，等待收盘确认；跨日连续Top100 5天,prism-russell2000-ranking-timeline.csv
盘中候选,Prism,S&P 500,日线,Prism · S&P 500 · 日线,SLB,Schlumberger,Energy,99,99,0,2026-08-19,94,5,5,1,54.0,,45.6,盘中候选，等待收盘确认；跨日连续Top100 5天,prism-spx-ranking-timeline.csv
盘中候选,Prism,S&P 500,4小时,Prism · S&P 500 · 4小时,TSN,Tyson Foods,Consumer Staples,5,5,0,2026-08-19,4,1,4,1,58.634998,77.85,90.8,盘中候选，等待收盘确认；跨日连续Top100 4天,prism-spx-4h-signal-ranking.csv
盘中候选,Early,Nasdaq 200,4小时,Early · Nasdaq 200 · 4小时,TMUS,T-Mobile US,Communication Services,8,8,0,2026-08-19,6,2,4,1,182.085007,86.58,90.5,盘中候选，等待收盘确认；跨日连续Top100 4天,early-nasdaq200-4h-signal-ranking.csv
盘中候选,Aster Research,单一信号 EMA Cross,Aster,Aster Research · 单一信号 EMA Cross,TAYD,TAYLOR DEVICES INC,Industrials,11,11,0,2026-08-19,8,3,4,1,58.055,89.05,89.6,盘中候选，等待收盘确认；跨日连续Top100 4天,aster-ema-cross-ranking.csv
盘中候选,Early,Nasdaq 200,4小时,Early · Nasdaq 200 · 4小时,PDD,PDD Holdings Inc. - American Depositary Shares,,11,11,0,2026-08-19,18,-7,4,1,88.489998,80.54,88.9,盘中候选，等待收盘确认；跨日连续Top100 4天,early-nasdaq200-4h-signal-ranking.csv
盘中候选,Early,Nasdaq Liquid 500,4小时,Early · Nasdaq Liquid 500 · 4小时,FUTU,Futu Holdings Limited - American Depositary Shares,,12,12,0,2026-08-19,14,-2,4,1,111.555,81.18,88.6,盘中候选，等待收盘确认；跨日连续Top100 4天,early-nasdaq500-4h-signal-ranking.csv
盘中候选,Aster Research,单一信号 EMA Cross,Aster,Aster Research · 单一信号 EMA Cross,ADM,Archer Daniels Midland,Consumer Staples,18,18,0,2026-08-19,20,-2,4,1,82.345001,86.35,86.8,盘中候选，等待收盘确认；跨日连续Top100 4天,aster-ema-cross-ranking.csv
盘中候选,Prism,Russell,4小时,Prism · Russell · 4小时,LXFR,LUXFER HOLDINGS PLC,Industrials,18,18,0,2026-08-19,25,-7,4,1,17.125,75.48,86.0,盘中候选，等待收盘确认；跨日连续Top100 4天,prism-russell2000-4h-signal-ranking.csv
盘中候选,Prism,S&P 500,日线,Prism · S&P 500 · 日线,MRNA,Moderna,Health Care,1,1,0,2026-08-19,1,0,4,1,143.199997,,85.9,盘中候选，等待收盘确认；跨日连续Top100 4天,prism-spx-ranking-timeline.csv
盘中候选,Prism,Nasdaq Liquid 500,日线,Prism · Nasdaq Liquid 500 · 日线,MRNA,Moderna,Health Care,1,1,0,2026-08-19,1,0,4,1,143.199997,,85.9,盘中候选，等待收盘确认；跨日连续Top100 4天,prism-nasdaq500-ranking-timeline.csv
盘中候选,Aster Research,单一信号 EMA Candle Capture,Aster,Aster Research · 单一信号 EMA Candle Capture,INBX,INHIBRX BIOSCIENCES INC,Health Care,20,20,0,2026-08-19,35,-15,4,1,97.400002,84.0,85.9,盘中候选，等待收盘确认；跨日连续Top100 4天,aster-ema-candle-capture-ranking.csv
盘中候选,Early,Nasdaq Liquid 500,4小时,Early · Nasdaq Liquid 500 · 4小时,ALM,Almonty Industries Inc. - Common Shares,,20,20,0,2026-08-19,13,7,4,1,16.379999,77.76,85.4,盘中候选，等待收盘确认；跨日连续Top100 4天,early-nasdaq500-4h-signal-ranking.csv
盘中候选,Aster Research,单一信号 EMA Cross,Aster,Aster Research · 单一信号 EMA Cross,LKQ,LKQ Corporation - Common Stock,,23,23,0,2026-08-19,28,-5,4,1,25.504999,84.65,84.9,盘中候选，等待收盘确认；跨日连续Top100 4天,aster-ema-cross-ranking.csv
盘中候选,Early,Russell,4小时,Early · Russell · 4小时,HLIT,HARMONIC,Information Technology,24,24,0,2026-08-19,8,16,4,1,12.55,83.95,84.5,盘中候选，等待收盘确认；跨日连续Top100 4天,early-russell2000-4h-signal-ranking.csv
盘中候选,Early,S&P 500,4小时,Early · S&P 500 · 4小时,UNP,Union Pacific Corporation,Industrials,22,22,0,2026-08-19,42,-20,4,1,302.616608,72.68,84.3,盘中候选，等待收盘确认；跨日连续Top100 4天,early-spx-4h-signal-ranking.csv
盘中候选,Prism,S&P 500,4小时,Prism · S&P 500 · 4小时,WEC,WEC Energy Group,Utilities,22,22,0,2026-08-19,9,13,4,1,109.709999,73.07,84.3,盘中候选，等待收盘确认；跨日连续Top100 4天,prism-spx-4h-signal-ranking.csv
盘中候选,Early,Nasdaq 200,4小时,Early · Nasdaq 200 · 4小时,ICLR,ICON plc - Ordinary Shares,,22,22,0,2026-08-19,23,-1,4,1,176.404999,70.67,84.1,盘中候选，等待收盘确认；跨日连续Top100 4天,early-nasdaq200-4h-signal-ranking.csv
盘中候选,Early,Russell,日线,Early · Russell · 日线,NN,NEXTNAV,Information Technology,7,7,0,2026-08-19,9,-2,4,1,17.715,,83.7,盘中候选，等待收盘确认；跨日连续Top100 4天,early-russell2000-ranking-timeline.csv
盘中候选,Early,Nasdaq Liquid 500,4小时,Early · Nasdaq Liquid 500 · 4小时,SNDK,Sandisk,Information Technology,24,24,0,2026-08-19,9,15,4,1,1587.599976,73.66,83.6,盘中候选，等待收盘确认；跨日连续Top100 4天,early-nasdaq500-4h-signal-ranking.csv
盘中候选,Early,S&P 500,日线,Early · S&P 500 · 日线,ISRG,Intuitive Surgical,Health Care,9,9,0,2026-08-19,31,-22,4,1,393.549988,,83.0,盘中候选，等待收盘确认；跨日连续Top100 4天,early-spx-ranking-timeline.csv
盘中候选,Early,Nasdaq 200,4小时,Early · Nasdaq 200 · 4小时,CSX,CSX Corporation,Industrials,26,26,0,2026-08-19,13,13,4,1,50.945,68.5,82.5,盘中候选，等待收盘确认；跨日连续Top100 4天,early-nasdaq200-4h-signal-ranking.csv
盘中候选,Early,Nasdaq Liquid 500,4小时,Early · Nasdaq Liquid 500 · 4小时,MRVL,Marvell Technology,Information Technology,27,27,0,2026-08-19,44,-17,4,1,236.520004,72.97,82.5,盘中候选，等待收盘确认；跨日连续Top100 4天,early-nasdaq500-4h-signal-ranking.csv
盘中候选,Other,All,Ranking,aster-ema-cross-ranking-timeline,TAYD,TAYLOR DEVICES INC,Industrials,11,11,0,2026-08-19,8,3,4,1,58.055,,82.3,盘中候选，等待收盘确认；跨日连续Top100 4天,aster-ema-cross-ranking-timeline.csv
盘中候选,Early,S&P 500,4小时,Early · S&P 500 · 4小时,MRVL,Marvell Technology,Information Technology,28,28,0,2026-08-19,48,-20,4,1,236.520004,71.65,82.0,盘中候选，等待收盘确认；跨日连续Top100 4天,early-spx-4h-signal-ranking.csv
盘中候选,Early,Nasdaq Liquid 500,日线,Early · Nasdaq Liquid 500 · 日线,ISRG,Intuitive Surgical,Health Care,12,12,0,2026-08-19,35,-23,4,1,393.549988,,81.9,盘中候选，等待收盘确认；跨日连续Top100 4天,early-nasdaq500-ranking-timeline.csv
盘中候选,Prism,Russell,4小时,Prism · Russell · 4小时,ORC,ORCHID ISLAND CAPITAL INC,Financials,29,29,0,2026-08-19,59,-30,4,1,6.77,74.27,81.9,盘中候选，等待收盘确认；跨日连续Top100 4天,prism-russell2000-4h-signal-ranking.csv
盘中候选,Early,Nasdaq Liquid 500,4小时,Early · Nasdaq Liquid 500 · 4小时,AGNC,AGNC Investment Corp. - Common Stock,,31,31,0,2026-08-19,50,-19,4,1,11.0439,71.52,80.9,盘中候选，等待收盘确认；跨日连续Top100 4天,early-nasdaq500-4h-signal-ranking.csv
盘中候选,Prism,Russell,日线,Prism · Russell · 日线,CBLL,CERIBELL,Health Care,15,15,0,2026-08-19,32,-17,4,1,24.815001,,80.8,盘中候选，等待收盘确认；跨日连续Top100 4天,prism-russell2000-ranking-timeline.csv
盘中候选,Early,Russell,4小时,Early · Russell · 4小时,MRAM,EVERSPIN TECHNOLOGIES INC,Information Technology,34,34,0,2026-08-19,18,16,4,1,16.950001,80.58,80.6,盘中候选，等待收盘确认；跨日连续Top100 4天,early-russell2000-4h-signal-ranking.csv
盘中候选,Early,S&P 500,4小时,Early · S&P 500 · 4小时,SNDK,Sandisk,Information Technology,32,32,0,2026-08-19,10,22,4,1,1587.599976,70.66,80.5,盘中候选，等待收盘确认；跨日连续Top100 4天,early-spx-4h-signal-ranking.csv
盘中候选,Early,S&P 500,日线,Early · S&P 500 · 日线,TSCO,Tractor Supply,Consumer Discretionary,17,17,0,2026-08-19,13,4,4,1,34.759998,,80.1,盘中候选，等待收盘确认；跨日连续Top100 4天,early-spx-ranking-timeline.csv
盘中候选,Early,Nasdaq Liquid 500,4小时,Early · Nasdaq Liquid 500 · 4小时,ICLR,ICON plc - Ordinary Shares,,34,34,0,2026-08-19,32,2,4,1,176.404999,70.53,79.8,盘中候选，等待收盘确认；跨日连续Top100 4天,early-nasdaq500-4h-signal-ranking.csv
盘中候选,Other,All,Ranking,aster-ema-cross-ranking-timeline,ADM,Archer Daniels Midland,Consumer Staples,18,18,0,2026-08-19,20,-2,4,1,82.345001,,79.8,盘中候选，等待收盘确认；跨日连续Top100 4天,aster-ema-cross-ranking-timeline.csv
盘中候选,Aster Research,单一趋势 Trend Relay,Aster,Aster Research · 单一趋势 Trend Relay,ROIV,Roivant Sciences Ltd. - Common Shares,,40,40,0,2026-08-19,25,15,4,1,37.259998,94.0,79.5,盘中候选，等待收盘确认；跨日连续Top100 4天,aster-trend-relay-ranking.csv
盘中候选,Other,All,Ranking,aster-ema-candle-capture-ranking-timeline,INBX,INHIBRX BIOSCIENCES INC,Health Care,20,20,0,2026-08-19,35,-15,4,1,97.400002,,79.0,盘中候选，等待收盘确认；跨日连续Top100 4天,aster-ema-candle-capture-ranking-timeline.csv
盘中候选,Prism,Nasdaq Liquid 500,4小时,Prism · Nasdaq Liquid 500 · 4小时,TSLA,"Tesla, Inc.",Consumer Discretionary,36,36,0,2026-08-19,38,-2,4,1,344.309998,68.02,78.8,盘中候选，等待收盘确认；跨日连续Top100 4天,prism-nasdaq500-4h-signal-ranking.csv
盘中候选,Aster Research,单一趋势 Trend Relay,Aster,Aster Research · 单一趋势 Trend Relay,TVTX,TRAVERE THERAPEUTICS,Health Care,42,42,0,2026-08-19,35,7,4,1,65.120003,94.0,78.8,盘中候选，等待收盘确认；跨日连续Top100 4天,aster-trend-relay-ranking.csv
盘中候选,Early,S&P 500,日线,Early · S&P 500 · 日线,SMCI,Supermicro,Information Technology,21,21,0,2026-08-19,1,20,4,1,37.050098,,78.7,盘中候选，等待收盘确认；跨日连续Top100 4天,early-spx-ranking-timeline.csv
盘中候选,Prism,Nasdaq 200,4小时,Prism · Nasdaq 200 · 4小时,ICLR,ICON plc - Ordinary Shares,,37,37,0,2026-08-19,37,0,4,1,176.404999,65.27,78.3,盘中候选，等待收盘确认；跨日连续Top100 4天,prism-nasdaq200-4h-signal-ranking.csv
盘中候选,Prism,Nasdaq Liquid 500,日线,Prism · Nasdaq Liquid 500 · 日线,IPST,"IP Strategy Holdings, Inc. - Common Stock",,22,22,0,2026-08-19,18,4,4,1,9.225,,78.3,盘中候选，等待收盘确认；跨日连续Top100 4天,prism-nasdaq500-ranking-timeline.csv
盘中候选,Early,S&P 500,4小时,Early · S&P 500 · 4小时,NSC,Norfolk Southern,Industrials,38,38,0,2026-08-19,68,-30,4,1,347.410004,69.23,78.2,盘中候选，等待收盘确认；跨日连续Top100 4天,early-spx-4h-signal-ranking.csv
盘中候选,Early,Nasdaq Liquid 500,日线,Early · Nasdaq Liquid 500 · 日线,TSCO,Tractor Supply,Consumer Discretionary,23,23,0,2026-08-19,18,5,4,1,34.759998,,78.0,盘中候选，等待收盘确认；跨日连续Top100 4天,early-nasdaq500-ranking-timeline.csv
盘中候选,Other,All,Ranking,aster-ema-cross-ranking-timeline,LKQ,LKQ Corporation - Common Stock,,23,23,0,2026-08-19,28,-5,4,1,25.504999,,78.0,盘中候选，等待收盘确认；跨日连续Top100 4天,aster-ema-cross-ranking-timeline.csv
盘中候选,Early,Nasdaq 200,4小时,Early · Nasdaq 200 · 4小时,MEDP,"Medpace Holdings, Inc. - Common Stock",,38,38,0,2026-08-19,35,3,4,1,619.280029,65.01,77.9,盘中候选，等待收盘确认；跨日连续Top100 4天,early-nasdaq200-4h-signal-ranking.csv
盘中候选,Aster Research,单一信号 EMA Cross,Aster,Aster Research · 单一信号 EMA Cross,BORR,BORR DRILLING,Energy,44,44,0,2026-08-19,36,8,4,1,4.515,80.25,77.0,盘中候选，等待收盘确认；跨日连续Top100 4天,aster-ema-cross-ranking.csv
盘中候选,Aster Research,单一趋势 Trend Relay,Aster,Aster Research · 单一趋势 Trend Relay,FRSH,FRESHWORKS CLASS A,Information Technology,47,47,0,2026-08-19,33,14,4,1,12.955,94.0,77.0,盘中候选，等待收盘确认；跨日连续Top100 4天,aster-trend-relay-ranking.csv
盘中候选,Early,S&P 500,日线,Early · S&P 500 · 日线,WDAY,"Workday, Inc.",Information Technology,26,26,0,2026-08-19,58,-32,4,1,197.820007,,76.9,盘中候选，等待收盘确认；跨日连续Top100 4天,early-spx-ranking-timeline.csv
盘中候选,Prism,Nasdaq Liquid 500,日线,Prism · Nasdaq Liquid 500 · 日线,WETO,Wetour Robotics Limited - Ordinary Shares,,26,26,0,2026-08-19,22,4,4,1,31.200001,,76.9,盘中候选，等待收盘确认；跨日连续Top100 4天,prism-nasdaq500-ranking-timeline.csv
盘中候选,Early,S&P 500,日线,Early · S&P 500 · 日线,UBER,Uber,Industrials,29,29,0,2026-08-19,51,-22,4,1,80.129898,,75.8,盘中候选，等待收盘确认；跨日连续Top100 4天,early-spx-ranking-timeline.csv
盘中候选,Early,Nasdaq Liquid 500,日线,Early · Nasdaq Liquid 500 · 日线,SMCI,Supermicro,Information Technology,29,29,0,2026-08-19,4,25,4,1,37.050098,,75.8,盘中候选，等待收盘确认；跨日连续Top100 4天,early-nasdaq500-ranking-timeline.csv
盘中候选,Early,S&P 500,4小时,Early · S&P 500 · 4小时,TKO,TKO Group Holdings,Communication Services,45,45,0,2026-08-19,21,24,4,1,201.865005,67.5,75.6,盘中候选，等待收盘确认；跨日连续Top100 4天,early-spx-4h-signal-ranking.csv
盘中候选,Prism,Nasdaq 200,4小时,Prism · Nasdaq 200 · 4小时,INCY,Incyte,Health Care,44,44,0,2026-08-19,40,4,4,1,128.835007,64.03,75.6,盘中候选，等待收盘确认；跨日连续Top100 4天,prism-nasdaq200-4h-signal-ranking.csv
盘中候选,Prism,S&P 500,日线,Prism · S&P 500 · 日线,AXON,Axon Enterprise,Industrials,30,30,0,2026-08-19,55,-25,4,1,635.934998,,75.4,盘中候选，等待收盘确认；跨日连续Top100 4天,prism-spx-ranking-timeline.csv
盘中候选,Prism,Russell,日线,Prism · Russell · 日线,SGMT,SAGIMET BIOSCIENCES SERIES A,Health Care,31,31,0,2026-08-19,20,11,4,1,10.525,,75.1,盘中候选，等待收盘确认；跨日连续Top100 4天,prism-russell2000-ranking-timeline.csv
盘中候选,Prism,Russell,日线,Prism · Russell · 日线,PRLD,PRELUDE THERAPEUTICS,Health Care,32,32,0,2026-08-19,63,-31,4,1,5.9,,74.7,盘中候选，等待收盘确认；跨日连续Top100 4天,prism-russell2000-ranking-timeline.csv
盘中候选,Aster Research,单一信号 EMA Cross,Aster,Aster Research · 单一信号 EMA Cross,EVI,EVI INDUSTRIES INC,Industrials,50,50,0,2026-08-19,45,5,4,1,15.9,79.1,74.7,盘中候选，等待收盘确认；跨日连续Top100 4天,aster-ema-cross-ranking.csv
盘中候选,Early,Russell,4小时,Early · Russell · 4小时,TH,TARGET HOSPITALITY,Consumer Discretionary,50,50,0,2026-08-19,58,-8,4,1,17.059999,78.16,74.6,盘中候选，等待收盘确认；跨日连续Top100 4天,early-russell2000-4h-signal-ranking.csv
盘中候选,Early,Russell,日线,Early · Russell · 日线,HQI,HIREQUEST INC,Industrials,33,33,0,2026-08-19,19,14,4,1,16.709999,,74.4,盘中候选，等待收盘确认；跨日连续Top100 4天,early-russell2000-ranking-timeline.csv
盘中候选,Early,Nasdaq 200,4小时,Early · Nasdaq 200 · 4小时,PSKY,Paramount Skydance Corporation,Communication Services,48,48,0,2026-08-19,92,-44,4,1,10.5,61.29,74.0,盘中候选，等待收盘确认；跨日连续Top100 4天,early-nasdaq200-4h-signal-ranking.csv
盘中候选,Early,Russell,日线,Early · Russell · 日线,VUZI,VUZIX CORP,Information Technology,34,34,0,2026-08-19,61,-27,4,1,2.939,,74.0,盘中候选，等待收盘确认；跨日连续Top100 4天,early-russell2000-ranking-timeline.csv
盘中候选,Prism,Nasdaq 200,4小时,Prism · Nasdaq 200 · 4小时,RVMD,"Revolution Medicines, Inc. - Common Stock",,50,50,0,2026-08-19,63,-13,4,1,211.480103,63.08,73.4,盘中候选，等待收盘确认；跨日连续Top100 4天,prism-nasdaq200-4h-signal-ranking.csv
盘中候选,Early,Nasdaq Liquid 500,日线,Early · Nasdaq Liquid 500 · 日线,FUTU,Futu Holdings Limited - American Depositary Shares,,37,37,0,2026-08-19,39,-2,4,1,111.639999,,72.9,盘中候选，等待收盘确认；跨日连续Top100 4天,early-nasdaq500-ranking-timeline.csv
盘中候选,Early,S&P 500,日线,Early · S&P 500 · 日线,DOW,Dow Inc.,Materials,39,39,0,2026-08-19,49,-10,4,1,32.895,,72.2,盘中候选，等待收盘确认；跨日连续Top100 4天,early-spx-ranking-timeline.csv
盘中候选,Prism,S&P 500,日线,Prism · S&P 500 · 日线,TRMB,Trimble Inc.,Information Technology,40,40,0,2026-08-19,50,-10,4,1,59.459999,,71.8,盘中候选，等待收盘确认；跨日连续Top100 4天,prism-spx-ranking-timeline.csv
盘中候选,Other,All,Ranking,aster-trend-relay-ranking-timeline,ROIV,Roivant Sciences Ltd. - Common Shares,,40,40,0,2026-08-19,25,15,4,1,37.259998,,71.8,盘中候选，等待收盘确认；跨日连续Top100 4天,aster-trend-relay-ranking-timeline.csv
盘中候选,Other,All,Ranking,aster-trend-relay-ranking-timeline,TVTX,TRAVERE THERAPEUTICS,Health Care,42,42,0,2026-08-19,35,7,4,1,65.120003,,71.1,盘中候选，等待收盘确认；跨日连续Top100 4天,aster-trend-relay-ranking-timeline.csv
盘中候选,Prism,Russell,日线,Prism · Russell · 日线,RCMT,RCM TECHNOLOGIES INC,Industrials,43,43,0,2026-08-19,37,6,4,1,40.0,,70.7,盘中候选，等待收盘确认；跨日连续Top100 4天,prism-russell2000-ranking-timeline.csv
盘中候选,Early,Nasdaq 200,日线,Early · Nasdaq 200 · 日线,MRVL,Marvell Technology,Information Technology,44,44,0,2026-08-19,37,7,4,1,236.434998,,70.4,盘中候选，等待收盘确认；跨日连续Top100 4天,early-nasdaq200-ranking-timeline.csv
盘中候选,Prism,S&P 500,日线,Prism · S&P 500 · 日线,ISRG,Intuitive Surgical,Health Care,44,44,0,2026-08-19,43,1,4,1,393.549988,,70.4,盘中候选，等待收盘确认；跨日连续Top100 4天,prism-spx-ranking-timeline.csv
盘中候选,Other,All,Ranking,aster-ema-cross-ranking-timeline,BORR,BORR DRILLING,Energy,44,44,0,2026-08-19,36,8,4,1,4.515,,70.4,盘中候选，等待收盘确认；跨日连续Top100 4天,aster-ema-cross-ranking-timeline.csv
盘中候选,Prism,Nasdaq 200,日线,Prism · Nasdaq 200 · 日线,ZM,"Zoom Communications, Inc. - Class A Common Stock",,46,46,0,2026-08-19,66,-20,4,1,107.879997,,69.7,盘中候选，等待收盘确认；跨日连续Top100 4天,prism-nasdaq200-ranking-timeline.csv
盘中候选,Early,S&P 500,日线,Early · S&P 500 · 日线,TKO,TKO Group Holdings,Communication Services,47,47,0,2026-08-19,24,23,4,1,202.089996,,69.3,盘中候选，等待收盘确认；跨日连续Top100 4天,early-spx-ranking-timeline.csv
盘中候选,Early,Nasdaq 200,日线,Early · Nasdaq 200 · 日线,SNDK,Sandisk,Information Technology,47,47,0,2026-08-19,59,-12,4,1,1594.950928,,69.3,盘中候选，等待收盘确认；跨日连续Top100 4天,early-nasdaq200-ranking-timeline.csv
盘中候选,Other,All,Ranking,aster-trend-relay-ranking-timeline,FRSH,FRESHWORKS CLASS A,Information Technology,47,47,0,2026-08-19,33,14,4,1,12.955,,69.3,盘中候选，等待收盘确认；跨日连续Top100 4天,aster-trend-relay-ranking-timeline.csv
盘中候选,Prism,Nasdaq Liquid 500,日线,Prism · Nasdaq Liquid 500 · 日线,TRMB,Trimble Inc.,Information Technology,49,49,0,2026-08-19,46,3,4,1,59.459999,,68.6,盘中候选，等待收盘确认；跨日连续Top100 4天,prism-nasdaq500-ranking-timeline.csv
盘中候选,Other,All,Ranking,aster-ema-cross-ranking-timeline,EVI,EVI INDUSTRIES INC,Industrials,50,50,0,2026-08-19,45,5,4,1,15.9,,68.2,盘中候选，等待收盘确认；跨日连续Top100 4天,aster-ema-cross-ranking-timeline.csv
盘中候选,Early,Nasdaq 200,4小时,Early · Nasdaq 200 · 4小时,INCY,Incyte,Health Care,58,58,0,2026-08-19,48,10,4,1,128.835007,58.1,65.2,盘中候选，等待收盘确认；跨日连续Top100 4天,early-nasdaq200-4h-signal-ranking.csv
盘中候选,Early,Russell,4小时,Early · Russell · 4小时,IBRX,IMMUNITYBIO INC,Health Care,62,62,0,2026-08-19,66,-4,4,1,7.815,76.03,65.2,盘中候选，等待收盘确认；跨日连续Top100 4天,early-russell2000-4h-signal-ranking.csv
盘中候选,Prism,S&P 500,4小时,Prism · S&P 500 · 4小时,TSLA,"Tesla, Inc.",Consumer Discretionary,60,60,0,2026-08-19,67,-7,4,1,344.309998,63.56,64.9,盘中候选，等待收盘确认；跨日连续Top100 4天,prism-spx-4h-signal-ranking.csv
盘中候选,Early,Nasdaq 200,4小时,Early · Nasdaq 200 · 4小时,BKR,Baker Hughes,Energy,61,61,0,2026-08-19,59,2,4,1,63.91,57.65,64.1,盘中候选，等待收盘确认；跨日连续Top100 4天,early-nasdaq200-4h-signal-ranking.csv
盘中候选,Prism,Nasdaq Liquid 500,4小时,Prism · Nasdaq Liquid 500 · 4小时,ICLR,ICON plc - Ordinary Shares,,64,64,0,2026-08-19,58,6,4,1,176.404999,62.73,63.4,盘中候选，等待收盘确认；跨日连续Top100 4天,prism-nasdaq500-4h-signal-ranking.csv
盘中候选,Prism,Nasdaq Liquid 500,4小时,Prism · Nasdaq Liquid 500 · 4小时,VSNT,"Versant Media Group, Inc. - Class A Common Stock",,65,65,0,2026-08-19,74,-9,4,1,39.134998,62.72,63.0,盘中候选，等待收盘确认；跨日连续Top100 4天,prism-nasdaq500-4h-signal-ranking.csv
盘中候选,Early,Nasdaq Liquid 500,日线,Early · Nasdaq Liquid 500 · 日线,GDS,GDS Holdings Limited - American Depositary Shares,,51,51,0,2026-08-19,56,-5,4,1,33.77,,62.9,盘中候选，等待收盘确认；跨日连续Top100 4天,early-nasdaq500-ranking-timeline.csv
盘中候选,Early,Russell,日线,Early · Russell · 日线,SPRB,SPRUCE BIOSCIENCES,Health Care,51,51,0,2026-08-19,37,14,4,1,51.119999,,62.9,盘中候选，等待收盘确认；跨日连续Top100 4天,early-russell2000-ranking-timeline.csv
盘中候选,Prism,Nasdaq Liquid 500,日线,Prism · Nasdaq Liquid 500 · 日线,ISRG,Intuitive Surgical,Health Care,52,52,0,2026-08-19,42,10,4,1,393.549988,,62.6,盘中候选，等待收盘确认；跨日连续Top100 4天,prism-nasdaq500-ranking-timeline.csv
盘中候选,Prism,Russell,4小时,Prism · Russell · 4小时,RLGT,RADIANT LOGISTIC INC,Industrials,68,68,0,2026-08-19,83,-15,4,1,8.749,70.61,62.6,盘中候选，等待收盘确认；跨日连续Top100 4天,prism-russell2000-4h-signal-ranking.csv
盘中候选,Prism,Nasdaq 200,日线,Prism · Nasdaq 200 · 日线,ARGX,argenx SE - American Depositary Shares,,53,53,0,2026-08-19,72,-19,4,1,1030.569946,,62.2,盘中候选，等待收盘确认；跨日连续Top100 4天,prism-nasdaq200-ranking-timeline.csv
盘中候选,Early,Nasdaq Liquid 500,日线,Early · Nasdaq Liquid 500 · 日线,FIVN,FIVE9,Information Technology,54,54,0,2026-08-19,19,35,4,1,33.009998,,61.9,盘中候选，等待收盘确认；跨日连续Top100 4天,early-nasdaq500-ranking-timeline.csv
盘中候选,Prism,Russell,4小时,Prism · Russell · 4小时,POR,PORTLAND GENERAL ELECTRIC,Utilities,70,70,0,2026-08-19,72,-2,4,1,50.540001,70.32,61.9,盘中候选，等待收盘确认；跨日连续Top100 4天,prism-russell2000-4h-signal-ranking.csv
盘中候选,Early,Russell,4小时,Early · Russell · 4小时,CLB,CORE LABORATORIES,Energy,71,71,0,2026-08-19,64,7,4,1,12.57,73.36,61.7,盘中候选，等待收盘确认；跨日连续Top100 4天,early-russell2000-4h-signal-ranking.csv
盘中候选,Prism,S&P 500,日线,Prism · S&P 500 · 日线,SYK,Stryker Corporation,Health Care,57,57,0,2026-08-19,68,-11,4,1,340.730011,,60.8,盘中候选，等待收盘确认；跨日连续Top100 4天,prism-spx-ranking-timeline.csv
盘中候选,Early,Nasdaq 200,4小时,Early · Nasdaq 200 · 4小时,GH,"Guardant Health, Inc. - Common Stock",,70,70,0,2026-08-19,65,5,4,1,166.800003,55.5,60.6,盘中候选，等待收盘确认；跨日连续Top100 4天,early-nasdaq200-4h-signal-ranking.csv
盘中候选,Prism,Nasdaq Liquid 500,4小时,Prism · Nasdaq Liquid 500 · 4小时,ROIV,Roivant Sciences Ltd. - Common Shares,,72,72,0,2026-08-19,64,8,4,1,37.259998,62.29,60.5,盘中候选，等待收盘确认；跨日连续Top100 4天,prism-nasdaq500-4h-signal-ranking.csv
盘中候选,Early,Nasdaq Liquid 500,日线,Early · Nasdaq Liquid 500 · 日线,ALM,Almonty Industries Inc. - Common Shares,,58,58,0,2026-08-19,92,-34,4,1,16.295,,60.4,盘中候选，等待收盘确认；跨日连续Top100 4天,early-nasdaq500-ranking-timeline.csv
盘中候选,Early,Nasdaq 200,日线,Early · Nasdaq 200 · 日线,NTNX,"Nutanix, Inc. - Class A Common Stock",,59,59,0,2026-08-19,61,-2,4,1,66.610001,,60.1,盘中候选，等待收盘确认；跨日连续Top100 4天,early-nasdaq200-ranking-timeline.csv
盘中候选,Prism,Nasdaq Liquid 500,4小时,Prism · Nasdaq Liquid 500 · 4小时,INCY,Incyte,Health Care,75,75,0,2026-08-19,62,13,4,1,128.835007,62.19,59.4,盘中候选，等待收盘确认；跨日连续Top100 4天,prism-nasdaq500-4h-signal-ranking.csv
盘中候选,Early,Nasdaq 200,日线,Early · Nasdaq 200 · 日线,MEDP,"Medpace Holdings, Inc. - Common Stock",,61,61,0,2026-08-19,68,-7,4,1,617.049988,,59.3,盘中候选，等待收盘确认；跨日连续Top100 4天,early-nasdaq200-ranking-timeline.csv
盘中候选,Early,Nasdaq 200,4小时,Early · Nasdaq 200 · 4小时,SMCI,Supermicro,Information Technology,74,74,0,2026-08-19,86,-12,4,1,36.790001,55.2,59.2,盘中候选，等待收盘确认；跨日连续Top100 4天,early-nasdaq200-4h-signal-ranking.csv
盘中候选,Early,Russell,4小时,Early · Russell · 4小时,SRZN,SURROZEN,Health Care,78,78,0,2026-08-19,95,-17,4,1,23.938,72.18,59.1,盘中候选，等待收盘确认；跨日连续Top100 4天,early-russell2000-4h-signal-ranking.csv
盘中候选,Prism,Nasdaq 200,4小时,Prism · Nasdaq 200 · 4小时,FAST,Fastenal,Industrials,78,78,0,2026-08-19,76,2,4,1,50.970001,58.41,58.0,盘中候选，等待收盘确认；跨日连续Top100 4天,prism-nasdaq200-4h-signal-ranking.csv
盘中候选,Early,S&P 500,日线,Early · S&P 500 · 日线,PTC,PTC Inc.,Information Technology,66,66,0,2026-08-19,95,-29,4,1,153.104996,,57.5,盘中候选，等待收盘确认；跨日连续Top100 4天,early-spx-ranking-timeline.csv
盘中候选,Early,Nasdaq 200,日线,Early · Nasdaq 200 · 日线,GH,"Guardant Health, Inc. - Common Stock",,67,67,0,2026-08-19,79,-12,4,1,166.589996,,57.2,盘中候选，等待收盘确认；跨日连续Top100 4天,early-nasdaq200-ranking-timeline.csv
盘中候选,Prism,Nasdaq 200,4小时,Prism · Nasdaq 200 · 4小时,PLTR,Palantir Technologies,Information Technology,80,80,0,2026-08-19,93,-13,4,1,174.899994,57.99,57.2,盘中候选，等待收盘确认；跨日连续Top100 4天,prism-nasdaq200-4h-signal-ranking.csv
盘中候选,Prism,Nasdaq 200,4小时,Prism · Nasdaq 200 · 4小时,BKR,Baker Hughes,Energy,81,81,0,2026-08-19,74,7,4,1,63.91,57.92,56.9,盘中候选，等待收盘确认；跨日连续Top100 4天,prism-nasdaq200-4h-signal-ranking.csv
盘中候选,Early,Nasdaq 200,4小时,Early · Nasdaq 200 · 4小时,DASH,DoorDash,Consumer Discretionary,81,81,0,2026-08-19,72,9,4,1,221.059998,51.3,56.3,盘中候选，等待收盘确认；跨日连续Top100 4天,early-nasdaq200-4h-signal-ranking.csv
盘中候选,Early,Nasdaq 200,日线,Early · Nasdaq 200 · 日线,HTHT,H World Group Limited - American Depositary Shares,,72,72,0,2026-08-19,64,8,4,1,49.66,,55.4,盘中候选，等待收盘确认；跨日连续Top100 4天,early-nasdaq200-ranking-timeline.csv
盘中候选,Prism,Russell,4小时,Prism · Russell · 4小时,GLSI,GREENWICH LIFESCIENCES INC,Health Care,88,88,0,2026-08-19,100,-12,4,1,17.18,67.75,55.1,盘中候选，等待收盘确认；跨日连续Top100 4天,prism-russell2000-4h-signal-ranking.csv
盘中候选,Early,Nasdaq 200,4小时,Early · Nasdaq 200 · 4小时,HTHT,H World Group Limited - American Depositary Shares,,86,86,0,2026-08-19,85,1,4,1,49.634998,50.17,54.4,盘中候选，等待收盘确认；跨日连续Top100 4天,early-nasdaq200-4h-signal-ranking.csv
盘中候选,Early,Nasdaq 200,4小时,Early · Nasdaq 200 · 4小时,EXPE,Expedia Group,Consumer Discretionary,88,88,0,2026-08-19,94,-6,4,1,324.609985,50.11,53.7,盘中候选，等待收盘确认；跨日连续Top100 4天,early-nasdaq200-4h-signal-ranking.csv
盘中候选,Prism,Russell,日线,Prism · Russell · 日线,MNTN,MNTN CLASS A,Communication,77,77,0,2026-08-19,70,7,4,1,12.735,,53.6,盘中候选，等待收盘确认；跨日连续Top100 4天,prism-russell2000-ranking-timeline.csv
盘中候选,Prism,Russell,4小时,Prism · Russell · 4小时,METC,RAMACO RESOURCES INC CLASS A,Materials,92,92,0,2026-08-19,87,5,4,1,11.68,66.87,53.6,盘中候选，等待收盘确认；跨日连续Top100 4天,prism-russell2000-4h-signal-ranking.csv
盘中候选,Prism,Nasdaq 200,4小时,Prism · Nasdaq 200 · 4小时,MSFT,Microsoft,Information Technology,90,90,0,2026-08-19,80,10,4,1,481.709991,56.83,53.5,盘中候选，等待收盘确认；跨日连续Top100 4天,prism-nasdaq200-4h-signal-ranking.csv
盘中候选,Prism,Russell,4小时,Prism · Russell · 4小时,CWBC,COMMUNITY WEST BANCSHARES,Financials,93,93,0,2026-08-19,92,1,4,1,25.594999,66.87,53.3,盘中候选，等待收盘确认；跨日连续Top100 4天,prism-russell2000-4h-signal-ranking.csv
盘中候选,Early,S&P 500,日线,Early · S&P 500 · 日线,PCG,PG&E Corporation,Utilities,78,78,0,2026-08-19,74,4,4,1,18.125,,53.2,盘中候选，等待收盘确认；跨日连续Top100 4天,early-spx-ranking-timeline.csv
盘中候选,Early,Nasdaq 200,日线,Early · Nasdaq 200 · 日线,REGN,Regeneron Pharmaceuticals,Health Care,78,78,0,2026-08-19,98,-20,4,1,837.255005,,53.2,盘中候选，等待收盘确认；跨日连续Top100 4天,early-nasdaq200-ranking-timeline.csv
盘中候选,Early,Nasdaq 200,日线,Early · Nasdaq 200 · 日线,INCY,Incyte,Health Care,79,79,0,2026-08-19,40,39,4,1,128.755005,,52.8,盘中候选，等待收盘确认；跨日连续Top100 4天,early-nasdaq200-ranking-timeline.csv
盘中候选,Prism,S&P 500,日线,Prism · S&P 500 · 日线,EW,Edwards Lifesciences,Health Care,79,79,0,2026-08-19,82,-3,4,1,91.739998,,52.8,盘中候选，等待收盘确认；跨日连续Top100 4天,prism-spx-ranking-timeline.csv
盘中候选,Prism,Russell,4小时,Prism · Russell · 4小时,HLIT,HARMONIC,Information Technology,98,98,0,2026-08-19,42,56,4,1,12.55,66.34,51.4,盘中候选，等待收盘确认；跨日连续Top100 4天,prism-russell2000-4h-signal-ranking.csv
盘中候选,Early,S&P 500,日线,Early · S&P 500 · 日线,KMI,Kinder Morgan,Energy,84,84,0,2026-08-19,76,8,4,1,31.91,,51.0,盘中候选，等待收盘确认；跨日连续Top100 4天,early-spx-ranking-timeline.csv
盘中候选,Prism,Nasdaq Liquid 500,日线,Prism · Nasdaq Liquid 500 · 日线,MGNI,MAGNITE,Communication,84,84,0,2026-08-19,94,-10,4,1,23.540001,,51.0,盘中候选，等待收盘确认；跨日连续Top100 4天,prism-nasdaq500-ranking-timeline.csv
盘中候选,Prism,S&P 500,日线,Prism · S&P 500 · 日线,CLX,Clorox,Consumer Staples,86,86,0,2026-08-19,88,-2,4,1,107.900002,,50.3,盘中候选，等待收盘确认；跨日连续Top100 4天,prism-spx-ranking-timeline.csv
盘中候选,Early,Nasdaq 200,日线,Early · Nasdaq 200 · 日线,ARGX,argenx SE - American Depositary Shares,,88,88,0,2026-08-19,99,-11,4,1,1030.569946,,49.6,盘中候选，等待收盘确认；跨日连续Top100 4天,early-nasdaq200-ranking-timeline.csv
盘中候选,Early,S&P 500,日线,Early · S&P 500 · 日线,EXPE,Expedia Group,Consumer Discretionary,89,89,0,2026-08-19,100,-11,4,1,325.625,,49.2,盘中候选，等待收盘确认；跨日连续Top100 4天,early-spx-ranking-timeline.csv
盘中候选,Early,Nasdaq 200,4小时,Early · Nasdaq 200 · 4小时,NTNX,"Nutanix, Inc. - Class A Common Stock",,100,100,0,2026-08-19,79,21,4,1,66.43,47.55,49.2,盘中候选，等待收盘确认；跨日连续Top100 4天,early-nasdaq200-4h-signal-ranking.csv
盘中候选,Early,S&P 500,日线,Early · S&P 500 · 日线,MRVL,Marvell Technology,Information Technology,90,90,0,2026-08-19,78,12,4,1,236.434998,,48.9,盘中候选，等待收盘确认；跨日连续Top100 4天,early-spx-ranking-timeline.csv
盘中候选,Prism,Russell,日线,Prism · Russell · 日线,BXC,BLUELINX HOLDINGS,Industrials,92,92,0,2026-08-19,38,54,4,1,83.57,,48.1,盘中候选，等待收盘确认；跨日连续Top100 4天,prism-russell2000-ranking-timeline.csv
盘中候选,Early,S&P 500,日线,Early · S&P 500 · 日线,NFLX,Netflix,Communication Services,96,96,0,2026-08-19,94,2,4,1,80.510002,,46.7,盘中候选，等待收盘确认；跨日连续Top100 4天,early-spx-ranking-timeline.csv
盘中候选,Early,Nasdaq 200,4小时,Early · Nasdaq 200 · 4小时,ASND,Ascendis Pharma A/S - Ordinary Share,,1,1,0,2026-08-19,33,-32,3,1,258.98999,94.55,93.7,盘中候选，等待收盘确认；跨日连续Top100 3天,early-nasdaq200-4h-signal-ranking.csv
盘中候选,Early,S&P 500,4小时,Early · S&P 500 · 4小时,KDP,Keurig Dr Pepper,Consumer Staples,1,1,0,2026-08-19,76,-75,3,1,31.42,91.3,93.4,盘中候选，等待收盘确认；跨日连续Top100 3天,early-spx-4h-signal-ranking.csv
盘中候选,Early,Nasdaq Liquid 500,4小时,Early · Nasdaq Liquid 500 · 4小时,KDP,Keurig Dr Pepper,Consumer Staples,3,3,0,2026-08-19,66,-63,3,1,31.42,92.08,92.7,盘中候选，等待收盘确认；跨日连续Top100 3天,early-nasdaq500-4h-signal-ranking.csv
盘中候选,Early,S&P 500,4小时,Early · S&P 500 · 4小时,XEL,Xcel Energy,Utilities,4,4,0,2026-08-19,90,-86,3,1,79.610001,88.97,92.1,盘中候选，等待收盘确认；跨日连续Top100 3天,early-spx-4h-signal-ranking.csv
盘中候选,Early,Nasdaq Liquid 500,4小时,Early · Nasdaq Liquid 500 · 4小时,XEL,Xcel Energy,Utilities,5,5,0,2026-08-19,70,-65,3,1,79.610001,90.95,91.9,盘中候选，等待收盘确认；跨日连续Top100 3天,early-nasdaq500-4h-signal-ranking.csv
盘中候选,Prism,Nasdaq 200,4小时,Prism · Nasdaq 200 · 4小时,ASND,Ascendis Pharma A/S - Ordinary Share,,3,3,0,2026-08-19,6,-3,3,1,258.98999,79.44,91.7,盘中候选，等待收盘确认；跨日连续Top100 3天,prism-nasdaq200-4h-signal-ranking.csv
盘中候选,Aster Research,v3 Quality Momentum,Aster,Aster Research · v3 Quality Momentum,Z,"Zillow Group, Inc. - Class C Capital Stock",,5,5,0,2026-08-19,38,-33,3,1,35.955002,84.85,91.4,盘中候选，等待收盘确认；跨日连续Top100 3天,aster-v3-quality-momentum-ranking.csv
盘中候选,Prism,Nasdaq 200,4小时,Prism · Nasdaq 200 · 4小时,BBIO,"BridgeBio Pharma, Inc. - Common Stock",,4,4,0,2026-08-19,7,-3,3,1,83.525002,78.92,91.3,盘中候选，等待收盘确认；跨日连续Top100 3天,prism-nasdaq200-4h-signal-ranking.csv
盘中候选,Early,S&P 500,4小时,Early · S&P 500 · 4小时,CF,CF Industries,Materials,7,7,0,2026-08-19,2,5,3,1,127.040001,83.49,90.6,盘中候选，等待收盘确认；跨日连续Top100 3天,early-spx-4h-signal-ranking.csv
盘中候选,Aster Research,v5 Risk Adjusted,Aster,Aster Research · v5 Risk Adjusted,Z,"Zillow Group, Inc. - Class C Capital Stock",,6,6,0,2026-08-19,23,-17,3,1,35.955002,78.99,90.6,盘中候选，等待收盘确认；跨日连续Top100 3天,aster-v5-risk-adjusted-ranking.csv
盘中候选,Early,Russell,4小时,Early · Russell · 4小时,PAHC,PHIBRO ANIMAL HEALTH CORP CLASS A,Health Care,9,9,0,2026-08-19,9,0,3,1,35.209999,91.23,90.5,盘中候选，等待收盘确认；跨日连续Top100 3天,early-russell2000-4h-signal-ranking.csv
盘中候选,Prism,Nasdaq Liquid 500,4小时,Prism · Nasdaq Liquid 500 · 4小时,ASND,Ascendis Pharma A/S - Ordinary Share,,7,7,0,2026-08-19,6,1,3,1,258.98999,76.6,90.0,盘中候选，等待收盘确认；跨日连续Top100 3天,prism-nasdaq500-4h-signal-ranking.csv
盘中候选,Prism,Nasdaq 200,4小时,Prism · Nasdaq 200 · 4小时,AAPL,Apple Inc.,Information Technology,8,8,0,2026-08-19,58,-50,3,1,317.170013,77.79,89.8,盘中候选，等待收盘确认；跨日连续Top100 3天,prism-nasdaq200-4h-signal-ranking.csv
盘中候选,Early,Nasdaq 200,4小时,Early · Nasdaq 200 · 4小时,BBIO,"BridgeBio Pharma, Inc. - Common Stock",,9,9,0,2026-08-19,10,-1,3,1,83.525002,81.83,89.7,盘中候选，等待收盘确认；跨日连续Top100 3天,early-nasdaq200-4h-signal-ranking.csv
盘中候选,Aster Research,单一信号 EMA Candle Capture,Aster,Aster Research · 单一信号 EMA Candle Capture,BOOT,BOOT BARN HOLDINGS,Consumer Discretionary,10,10,0,2026-08-19,44,-34,3,1,162.740005,85.0,89.6,盘中候选，等待收盘确认；跨日连续Top100 3天,aster-ema-candle-capture-ranking.csv
盘中候选,Early,Nasdaq Liquid 500,4小时,Early · Nasdaq Liquid 500 · 4小时,BBIO,"BridgeBio Pharma, Inc. - Common Stock",,10,10,0,2026-08-19,12,-2,3,1,83.525002,82.67,89.4,盘中候选，等待收盘确认；跨日连续Top100 3天,early-nasdaq500-4h-signal-ranking.csv
盘中候选,Early,S&P 500,4小时,Early · S&P 500 · 4小时,PEP,PepsiCo,Consumer Staples,11,11,0,2026-08-19,24,-13,3,1,141.960007,80.33,88.9,盘中候选，等待收盘确认；跨日连续Top100 3天,early-spx-4h-signal-ranking.csv
盘中候选,Aster Call,All,Aster,Aster Call,KDP,Keurig Dr Pepper,Consumer Staples,13,13,0,2026-08-19,44,-31,3,1,31.42,86.9,88.7,盘中候选，等待收盘确认；跨日连续Top100 3天,aster-call-ranking.csv
盘中候选,Aster Research,v5 Risk Adjusted,Aster,Aster Research · v5 Risk Adjusted,FUTU,Futu Holdings Limited - American Depositary Shares,,12,12,0,2026-08-19,33,-21,3,1,111.555,77.72,88.3,盘中候选，等待收盘确认；跨日连续Top100 3天,aster-v5-risk-adjusted-ranking.csv
盘中候选,Early,Nasdaq 200,4小时,Early · Nasdaq 200 · 4小时,Z,"Zillow Group, Inc. - Class C Capital Stock",,13,13,0,2026-08-19,14,-1,3,1,35.955002,79.14,88.1,盘中候选，等待收盘确认；跨日连续Top100 3天,early-nasdaq200-4h-signal-ranking.csv
盘中候选,Prism,S&P 500,4小时,Prism · S&P 500 · 4小时,SPGI,S&P Global,Financials,12,12,0,2026-08-19,13,-1,3,1,426.720001,75.22,88.1,盘中候选，等待收盘确认；跨日连续Top100 3天,prism-spx-4h-signal-ranking.csv
盘中候选,Early,S&P 500,4小时,Early · S&P 500 · 4小时,EQT,EQT Corporation,Energy,13,13,0,2026-08-19,45,-32,3,1,54.514999,78.82,88.0,盘中候选，等待收盘确认；跨日连续Top100 3天,early-spx-4h-signal-ranking.csv
盘中候选,Early,Nasdaq Liquid 500,4小时,Early · Nasdaq Liquid 500 · 4小时,PEP,PepsiCo,Consumer Staples,14,14,0,2026-08-19,24,-10,3,1,141.960007,81.11,87.9,盘中候选，等待收盘确认；跨日连续Top100 3天,early-nasdaq500-4h-signal-ranking.csv
盘中候选,Aster Research,v2 Balanced,Aster,Aster Research · v2 Balanced,Z,"Zillow Group, Inc. - Class C Capital Stock",,15,15,0,2026-08-19,44,-29,3,1,35.955002,81.96,87.6,盘中候选，等待收盘确认；跨日连续Top100 3天,aster-v2-balanced-ranking.csv
盘中候选,Prism,S&P 500,4小时,Prism · S&P 500 · 4小时,CMG,Chipotle Mexican Grill,Consumer Discretionary,14,14,0,2026-08-19,12,2,3,1,34.290001,74.62,87.3,盘中候选，等待收盘确认；跨日连续Top100 3天,prism-spx-4h-signal-ranking.csv
盘中候选,Early,Nasdaq Liquid 500,4小时,Early · Nasdaq Liquid 500 · 4小时,Z,"Zillow Group, Inc. - Class C Capital Stock",,16,16,0,2026-08-19,20,-4,3,1,35.955002,79.82,87.0,盘中候选，等待收盘确认；跨日连续Top100 3天,early-nasdaq500-4h-signal-ranking.csv
盘中候选,Aster Research,v3 Quality Momentum,Aster,Aster Research · v3 Quality Momentum,FUTU,Futu Holdings Limited - American Depositary Shares,,17,17,0,2026-08-19,23,-6,3,1,111.555,82.72,86.9,盘中候选，等待收盘确认；跨日连续Top100 3天,aster-v3-quality-momentum-ranking.csv
盘中候选,Prism,Russell,4小时,Prism · Russell · 4小时,VNDA,VANDA PHARMACEUTICALS INC,Health Care,16,16,0,2026-08-19,13,3,3,1,5.34,75.88,86.7,盘中候选，等待收盘确认；跨日连续Top100 3天,prism-russell2000-4h-signal-ranking.csv
盘中候选,Aster Research,单一信号 EMA Candle Capture,Aster,Aster Research · 单一信号 EMA Candle Capture,SNDA,SONIDA SENIOR LIVING,Health Care,18,18,0,2026-08-19,6,12,3,1,40.799999,84.0,86.7,盘中候选，等待收盘确认；跨日连续Top100 3天,aster-ema-candle-capture-ranking.csv
盘中候选,Aster Research,单一信号 EMA Candle Capture,Aster,Aster Research · 单一信号 EMA Candle Capture,XZO,EXZEO GROUP INC,Financials,19,19,0,2026-08-19,7,12,3,1,16.01,84.0,86.3,盘中候选，等待收盘确认；跨日连续Top100 3天,aster-ema-candle-capture-ranking.csv
盘中候选,Early,Nasdaq 200,4小时,Early · Nasdaq 200 · 4小时,MDLZ,Mondelez International,Consumer Staples,17,17,0,2026-08-19,29,-12,3,1,64.565002,73.13,86.1,盘中候选，等待收盘确认；跨日连续Top100 3天,early-nasdaq200-4h-signal-ranking.csv
盘中候选,Early,Nasdaq 200,日线,Early · Nasdaq 200 · 日线,ADBE,Adobe Inc.,Information Technology,1,1,0,2026-08-19,2,-1,3,1,272.899994,,85.9,盘中候选，等待收盘确认；跨日连续Top100 3天,early-nasdaq200-ranking-timeline.csv
盘中候选,Prism,Russell,日线,Prism · Russell · 日线,AMLX,AMYLYX PHARMACEUTICALS,Health Care,1,1,0,2026-08-19,1,0,3,1,39.084999,,85.9,盘中候选，等待收盘确认；跨日连续Top100 3天,prism-russell2000-ranking-timeline.csv
盘中候选,Aster Research,单一信号 EMA Candle Capture,Aster,Aster Research · 单一信号 EMA Candle Capture,MAZE,MAZE THERAPEUTICS,Health Care,21,21,0,2026-08-19,5,16,3,1,29.110001,84.0,85.6,盘中候选，等待收盘确认；跨日连续Top100 3天,aster-ema-candle-capture-ranking.csv
盘中候选,Early,S&P 500,日线,Early · S&P 500 · 日线,NOW,ServiceNow,Information Technology,2,2,0,2026-08-19,6,-4,3,1,128.131607,,85.5,盘中候选，等待收盘确认；跨日连续Top100 3天,early-spx-ranking-timeline.csv
盘中候选,Prism,Nasdaq Liquid 500,日线,Prism · Nasdaq Liquid 500 · 日线,AMLX,AMYLYX PHARMACEUTICALS,Health Care,2,2,0,2026-08-19,2,0,3,1,39.084999,,85.5,盘中候选，等待收盘确认；跨日连续Top100 3天,prism-nasdaq500-ranking-timeline.csv
盘中候选,Prism,Nasdaq Liquid 500,4小时,Prism · Nasdaq Liquid 500 · 4小时,VNOM,"Viper Energy, Inc.  - Class A Common Stock",,19,19,0,2026-08-19,26,-7,3,1,44.945,74.2,85.5,盘中候选，等待收盘确认；跨日连续Top100 3天,prism-nasdaq500-4h-signal-ranking.csv
盘中候选,Aster Research,v3 Quality Momentum,Aster,Aster Research · v3 Quality Momentum,SR,SPIRE INC,Utilities,21,21,0,2026-08-19,29,-8,3,1,84.035004,81.98,85.4,盘中候选，等待收盘确认；跨日连续Top100 3天,aster-v3-quality-momentum-ranking.csv
盘中候选,Early,Nasdaq Liquid 500,4小时,Early · Nasdaq Liquid 500 · 4小时,LKQ,LKQ Corporation - Common Stock,,21,21,0,2026-08-19,27,-6,3,1,25.504999,77.58,85.0,盘中候选，等待收盘确认；跨日连续Top100 3天,early-nasdaq500-4h-signal-ranking.csv
盘中候选,Early,S&P 500,日线,Early · S&P 500 · 日线,BSX,Boston Scientific,Health Care,4,4,0,2026-08-19,77,-73,3,1,51.130001,,84.8,盘中候选，等待收盘确认；跨日连续Top100 3天,early-spx-ranking-timeline.csv
盘中候选,Prism,Russell,4小时,Prism · Russell · 4小时,HLF,HERBALIFE LTD,Consumer Staples,21,21,0,2026-08-19,43,-22,3,1,12.135,74.85,84.8,盘中候选，等待收盘确认；跨日连续Top100 3天,prism-russell2000-4h-signal-ranking.csv
盘中候选,Prism,Nasdaq 200,4小时,Prism · Nasdaq 200 · 4小时,TRMB,Trimble Inc.,Information Technology,20,20,0,2026-08-19,3,17,3,1,59.240002,69.33,84.7,盘中候选，等待收盘确认；跨日连续Top100 3天,prism-nasdaq200-4h-signal-ranking.csv
盘中候选,Prism,Nasdaq Liquid 500,4小时,Prism · Nasdaq Liquid 500 · 4小时,INDV,INDIVIOR PHARMACEUTICALS INC,Health Care,21,21,0,2026-08-19,13,8,3,1,38.639999,73.93,84.7,盘中候选，等待收盘确认；跨日连续Top100 3天,prism-nasdaq500-4h-signal-ranking.csv
盘中候选,Early,S&P 500,日线,Early · S&P 500 · 日线,ERIE,Erie Indemnity,Financials,5,5,0,2026-08-19,91,-86,3,1,266.859985,,84.5,盘中候选，等待收盘确认；跨日连续Top100 3天,early-spx-ranking-timeline.csv
盘中候选,Aster Research,单一信号 EMA Cross,Aster,Aster Research · 单一信号 EMA Cross,VIR,VIR BIOTECHNOLOGY,Health Care,24,24,0,2026-08-19,47,-23,3,1,9.305,84.65,84.5,盘中候选，等待收盘确认；跨日连续Top100 3天,aster-ema-cross-ranking.csv
盘中候选,Other,All,Ranking,aster-v3-quality-momentum-ranking-timeline,Z,"Zillow Group, Inc. - Class C Capital Stock",,5,5,0,2026-08-19,38,-33,3,1,35.955002,,84.5,盘中候选，等待收盘确认；跨日连续Top100 3天,aster-v3-quality-momentum-ranking-timeline.csv
盘中候选,Prism,Nasdaq Liquid 500,4小时,Prism · Nasdaq Liquid 500 · 4小时,BRKR,Bruker Corporation - Common Stock,,22,22,0,2026-08-19,39,-17,3,1,59.157001,73.59,84.4,盘中候选，等待收盘确认；跨日连续Top100 3天,prism-nasdaq500-4h-signal-ranking.csv
盘中候选,Other,All,Ranking,aster-v5-risk-adjusted-ranking-timeline,Z,"Zillow Group, Inc. - Class C Capital Stock",,6,6,0,2026-08-19,23,-17,3,1,35.955002,,84.1,盘中候选，等待收盘确认；跨日连续Top100 3天,aster-v5-risk-adjusted-ranking-timeline.csv
盘中候选,Aster Research,v2 Balanced,Aster,Aster Research · v2 Balanced,FUTU,Futu Holdings Limited - American Depositary Shares,,26,26,0,2026-08-19,47,-21,3,1,111.555,80.63,83.5,盘中候选，等待收盘确认；跨日连续Top100 3天,aster-v2-balanced-ranking.csv
盘中候选,Prism,Russell,日线,Prism · Russell · 日线,RMAX,RE MAX HOLDINGS INC CLASS A,Real Estate,8,8,0,2026-08-19,26,-18,3,1,14.43,,83.4,盘中候选，等待收盘确认；跨日连续Top100 3天,prism-russell2000-ranking-timeline.csv
盘中候选,Early,S&P 500,4小时,Early · S&P 500 · 4小时,RSG,Republic Services,Industrials,25,25,0,2026-08-19,62,-37,3,1,220.770004,71.85,83.1,盘中候选，等待收盘确认；跨日连续Top100 3天,early-spx-4h-signal-ranking.csv
盘中候选,Early,Russell,日线,Early · Russell · 日线,TKNO,ALPHA TEKNOVA,Health Care,9,9,0,2026-08-19,5,4,3,1,7.2302,,83.0,盘中候选，等待收盘确认；跨日连续Top100 3天,early-russell2000-ranking-timeline.csv
盘中候选,Early,Nasdaq Liquid 500,4小时,Early · Nasdaq Liquid 500 · 4小时,MDLZ,Mondelez International,Consumer Staples,26,26,0,2026-08-19,46,-20,3,1,64.565002,73.16,82.9,盘中候选，等待收盘确认；跨日连续Top100 3天,early-nasdaq500-4h-signal-ranking.csv
盘中候选,Prism,Nasdaq 200,4小时,Prism · Nasdaq 200 · 4小时,ADP,Automatic Data Processing,Industrials,25,25,0,2026-08-19,71,-46,3,1,279.149994,68.08,82.8,盘中候选，等待收盘确认；跨日连续Top100 3天,prism-nasdaq200-4h-signal-ranking.csv
盘中候选,Prism,S&P 500,日线,Prism · S&P 500 · 日线,IT,Gartner,Information Technology,10,10,0,2026-08-19,6,4,3,1,193.634995,,82.7,盘中候选，等待收盘确认；跨日连续Top100 3天,prism-spx-ranking-timeline.csv
盘中候选,Other,All,Ranking,aster-ema-candle-capture-ranking-timeline,BOOT,BOOT BARN HOLDINGS,Consumer Discretionary,10,10,0,2026-08-19,44,-34,3,1,162.740005,,82.7,盘中候选，等待收盘确认；跨日连续Top100 3天,aster-ema-candle-capture-ranking-timeline.csv
盘中候选,Prism,Nasdaq 200,4小时,Prism · Nasdaq 200 · 4小时,DLTR,Dollar Tree,Consumer Staples,26,26,0,2026-08-19,17,9,3,1,129.960007,67.47,82.4,盘中候选，等待收盘确认；跨日连续Top100 3天,prism-nasdaq200-4h-signal-ranking.csv
盘中候选,Early,Nasdaq 200,4小时,Early · Nasdaq 200 · 4小时,EXE,Expand Energy,Energy,27,27,0,2026-08-19,41,-14,3,1,96.690002,68.23,82.1,盘中候选，等待收盘确认；跨日连续Top100 3天,early-nasdaq200-4h-signal-ranking.csv
盘中候选,Prism,Nasdaq 200,4小时,Prism · Nasdaq 200 · 4小时,ADBE,Adobe Inc.,Information Technology,27,27,0,2026-08-19,57,-30,3,1,272.079987,67.41,82.0,盘中候选，等待收盘确认；跨日连续Top100 3天,prism-nasdaq200-4h-signal-ranking.csv
盘中候选,Prism,S&P 500,4小时,Prism · S&P 500 · 4小时,AEE,Ameren,Utilities,28,28,0,2026-08-19,22,6,3,1,109.785004,70.13,81.9,盘中候选，等待收盘确认；跨日连续Top100 3天,prism-spx-4h-signal-ranking.csv
盘中候选,Other,All,Ranking,aster-v5-risk-adjusted-ranking-timeline,FUTU,Futu Holdings Limited - American Depositary Shares,,12,12,0,2026-08-19,33,-21,3,1,111.555,,81.9,盘中候选，等待收盘确认；跨日连续Top100 3天,aster-v5-risk-adjusted-ranking-timeline.csv
盘中候选,Early,S&P 500,4小时,Early · S&P 500 · 4小时,MDLZ,Mondelez International,Consumer Staples,29,29,0,2026-08-19,54,-25,3,1,64.565002,71.63,81.7,盘中候选，等待收盘确认；跨日连续Top100 3天,early-spx-4h-signal-ranking.csv
盘中候选,Other,All,Ranking,aster-call-ranking-timeline,KDP,Keurig Dr Pepper,Consumer Staples,13,13,0,2026-08-19,44,-31,3,1,31.42,,81.6,盘中候选，等待收盘确认；跨日连续Top100 3天,aster-call-ranking-timeline.csv
盘中候选,Early,S&P 500,4小时,Early · S&P 500 · 4小时,MCO,Moody's Corporation,Financials,30,30,0,2026-08-19,31,-1,3,1,497.584991,71.51,81.3,盘中候选，等待收盘确认；跨日连续Top100 3天,early-spx-4h-signal-ranking.csv
盘中候选,Early,Nasdaq 200,4小时,Early · Nasdaq 200 · 4小时,DLTR,Dollar Tree,Consumer Staples,30,30,0,2026-08-19,21,9,3,1,129.960007,67.01,80.9,盘中候选，等待收盘确认；跨日连续Top100 3天,early-nasdaq200-4h-signal-ranking.csv
盘中候选,Prism,Nasdaq 200,4小时,Prism · Nasdaq 200 · 4小时,FWONA,Liberty Media Corporation - Series A Liberty Formula One Common Stock,,30,30,0,2026-08-19,84,-54,3,1,95.860001,66.35,80.9,盘中候选，等待收盘确认；跨日连续Top100 3天,prism-nasdaq200-4h-signal-ranking.csv
盘中候选,Other,All,Ranking,aster-v2-balanced-ranking-timeline,Z,"Zillow Group, Inc. - Class C Capital Stock",,15,15,0,2026-08-19,44,-29,3,1,35.955002,,80.8,盘中候选，等待收盘确认；跨日连续Top100 3天,aster-v2-balanced-ranking-timeline.csv
盘中候选,Early,Nasdaq 200,4小时,Early · Nasdaq 200 · 4小时,ADBE,Adobe Inc.,Information Technology,31,31,0,2026-08-19,50,-19,3,1,272.079987,66.69,80.5,盘中候选，等待收盘确认；跨日连续Top100 3天,early-nasdaq200-4h-signal-ranking.csv
盘中候选,Early,Nasdaq Liquid 500,日线,Early · Nasdaq Liquid 500 · 日线,Z,"Zillow Group, Inc. - Class C Capital Stock",,16,16,0,2026-08-19,16,0,3,1,35.915001,,80.5,盘中候选，等待收盘确认；跨日连续Top100 3天,early-nasdaq500-ranking-timeline.csv
盘中候选,Early,Nasdaq Liquid 500,4小时,Early · Nasdaq Liquid 500 · 4小时,FWONK,Liberty Media Corporation - Series C Liberty Formula One Common Stock,,32,32,0,2026-08-19,89,-57,3,1,104.68,71.15,80.5,盘中候选，等待收盘确认；跨日连续Top100 3天,early-nasdaq500-4h-signal-ranking.csv
盘中候选,Prism,Nasdaq 200,4小时,Prism · Nasdaq 200 · 4小时,EXE,Expand Energy,Energy,31,31,0,2026-08-19,44,-13,3,1,96.690002,66.27,80.5,盘中候选，等待收盘确认；跨日连续Top100 3天,prism-nasdaq200-4h-signal-ranking.csv
盘中候选,Prism,Russell,日线,Prism · Russell · 日线,ARCT,ARCTURUS THERAPEUTICS HOLDINGS INC,Health Care,16,16,0,2026-08-19,10,6,3,1,10.675,,80.5,盘中候选，等待收盘确认；跨日连续Top100 3天,prism-russell2000-ranking-timeline.csv
盘中候选,Prism,S&P 500,4小时,Prism · S&P 500 · 4小时,EIX,Edison International,Utilities,32,32,0,2026-08-19,24,8,3,1,74.43,69.08,80.4,盘中候选，等待收盘确认；跨日连续Top100 3天,prism-spx-4h-signal-ranking.csv
盘中候选,Other,All,Ranking,aster-v3-quality-momentum-ranking-timeline,FUTU,Futu Holdings Limited - American Depositary Shares,,17,17,0,2026-08-19,23,-6,3,1,111.555,,80.1,盘中候选，等待收盘确认；跨日连续Top100 3天,aster-v3-quality-momentum-ranking-timeline.csv
盘中候选,Prism,Russell,4小时,Prism · Russell · 4小时,LRN,STRIDE INC,Consumer Discretionary,34,34,0,2026-08-19,17,17,3,1,84.150002,73.82,80.0,盘中候选，等待收盘确认；跨日连续Top100 3天,prism-russell2000-4h-signal-ranking.csv
盘中候选,Aster Research,单一趋势 Trend Relay,Aster,Aster Research · 单一趋势 Trend Relay,SLS,SELLAS LIFE SCIENCES GROUP INC,Health Care,39,39,0,2026-08-19,27,12,3,1,13.58,94.0,79.9,盘中候选，等待收盘确认；跨日连续Top100 3天,aster-trend-relay-ranking.csv
盘中候选,Early,Nasdaq 200,4小时,Early · Nasdaq 200 · 4小时,CCEP,Coca-Cola Europacific Partners plc - Ordinary Shares,,33,33,0,2026-08-19,36,-3,3,1,107.245003,66.06,79.8,盘中候选，等待收盘确认；跨日连续Top100 3天,early-nasdaq200-4h-signal-ranking.csv
盘中候选,Prism,Nasdaq 200,4小时,Prism · Nasdaq 200 · 4小时,ROP,Roper Technologies,Information Technology,33,33,0,2026-08-19,54,-21,3,1,409.005005,65.96,79.8,盘中候选，等待收盘确认；跨日连续Top100 3天,prism-nasdaq200-4h-signal-ranking.csv
盘中候选,Other,All,Ranking,aster-ema-candle-capture-ranking-timeline,SNDA,SONIDA SENIOR LIVING,Health Care,18,18,0,2026-08-19,6,12,3,1,40.799999,,79.8,盘中候选，等待收盘确认；跨日连续Top100 3天,aster-ema-candle-capture-ranking-timeline.csv
盘中候选,Aster Research,v3 Quality Momentum,Aster,Aster Research · v3 Quality Momentum,FPI,FARMLAND PARTNERS INC,Real Estate,37,37,0,2026-08-19,46,-9,3,1,10.08,81.02,79.6,盘中候选，等待收盘确认；跨日连续Top100 3天,aster-v3-quality-momentum-ranking.csv
盘中候选,Early,Russell,4小时,Early · Russell · 4小时,INBX,INHIBRX BIOSCIENCES INC,Health Care,37,37,0,2026-08-19,63,-26,3,1,97.400002,80.18,79.5,盘中候选，等待收盘确认；跨日连续Top100 3天,early-russell2000-4h-signal-ranking.csv
盘中候选,Early,S&P 500,4小时,Early · S&P 500 · 4小时,ELV,Elevance Health,Health Care,35,35,0,2026-08-19,32,3,3,1,397.140015,70.51,79.4,盘中候选，等待收盘确认；跨日连续Top100 3天,early-spx-4h-signal-ranking.csv
盘中候选,Prism,Nasdaq 200,4小时,Prism · Nasdaq 200 · 4小时,Z,"Zillow Group, Inc. - Class C Capital Stock",,34,34,0,2026-08-19,34,0,3,1,35.955002,65.76,79.4,盘中候选，等待收盘确认；跨日连续Top100 3天,prism-nasdaq200-4h-signal-ranking.csv
盘中候选,Other,All,Ranking,aster-ema-candle-capture-ranking-timeline,XZO,EXZEO GROUP INC,Financials,19,19,0,2026-08-19,7,12,3,1,16.01,,79.4,盘中候选，等待收盘确认；跨日连续Top100 3天,aster-ema-candle-capture-ranking-timeline.csv
盘中候选,Early,S&P 500,4小时,Early · S&P 500 · 4小时,AWK,American Water Works,Utilities,36,36,0,2026-08-19,30,6,3,1,138.699997,70.03,79.0,盘中候选，等待收盘确认；跨日连续Top100 3天,early-spx-4h-signal-ranking.csv
盘中候选,Early,Nasdaq Liquid 500,日线,Early · Nasdaq Liquid 500 · 日线,COKE,"Coca-Cola Consolidated, Inc. - Common Stock",,20,20,0,2026-08-19,88,-68,3,1,188.919998,,79.0,盘中候选，等待收盘确认；跨日连续Top100 3天,early-nasdaq500-ranking-timeline.csv
盘中候选,Early,Nasdaq Liquid 500,4小时,Early · Nasdaq Liquid 500 · 4小时,SLS,SELLAS LIFE SCIENCES GROUP INC,Health Care,36,36,0,2026-08-19,57,-21,3,1,13.58,69.74,79.0,盘中候选，等待收盘确认；跨日连续Top100 3天,early-nasdaq500-4h-signal-ranking.csv
盘中候选,Prism,S&P 500,日线,Prism · S&P 500 · 日线,ADBE,Adobe Inc.,Information Technology,20,20,0,2026-08-19,39,-19,3,1,272.899994,,79.0,盘中候选，等待收盘确认；跨日连续Top100 3天,prism-spx-ranking-timeline.csv
盘中候选,Other,All,Ranking,aster-ema-candle-capture-ranking-timeline,MAZE,MAZE THERAPEUTICS,Health Care,21,21,0,2026-08-19,5,16,3,1,29.110001,,78.7,盘中候选，等待收盘确认；跨日连续Top100 3天,aster-ema-candle-capture-ranking-timeline.csv
盘中候选,Other,All,Ranking,aster-v3-quality-momentum-ranking-timeline,SR,SPIRE INC,Utilities,21,21,0,2026-08-19,29,-8,3,1,84.035004,,78.7,盘中候选，等待收盘确认；跨日连续Top100 3天,aster-v3-quality-momentum-ranking-timeline.csv
盘中候选,Early,Nasdaq Liquid 500,日线,Early · Nasdaq Liquid 500 · 日线,STEP,STEPSTONE GROUP CLASS A,Financials,22,22,0,2026-08-19,33,-11,3,1,48.98,,78.3,盘中候选，等待收盘确认；跨日连续Top100 3天,early-nasdaq500-ranking-timeline.csv
盘中候选,Prism,Nasdaq Liquid 500,4小时,Prism · Nasdaq Liquid 500 · 4小时,SLS,SELLAS LIFE SCIENCES GROUP INC,Health Care,38,38,0,2026-08-19,72,-34,3,1,13.58,67.83,78.1,盘中候选，等待收盘确认；跨日连续Top100 3天,prism-nasdaq500-4h-signal-ranking.csv
盘中候选,Early,Russell,日线,Early · Russell · 日线,AXTI,AXT,Information Technology,23,23,0,2026-08-19,29,-6,3,1,70.838203,,78.0,盘中候选，等待收盘确认；跨日连续Top100 3天,early-russell2000-ranking-timeline.csv
盘中候选,Prism,S&P 500,4小时,Prism · S&P 500 · 4小时,MCO,Moody's Corporation,Financials,38,38,0,2026-08-19,47,-9,3,1,497.584991,66.62,78.0,盘中候选，等待收盘确认；跨日连续Top100 3天,prism-spx-4h-signal-ranking.csv
盘中候选,Prism,Nasdaq 200,4小时,Prism · Nasdaq 200 · 4小时,MEDP,"Medpace Holdings, Inc. - Common Stock",,38,38,0,2026-08-19,42,-4,3,1,619.280029,65.05,77.9,盘中候选，等待收盘确认；跨日连续Top100 3天,prism-nasdaq200-4h-signal-ranking.csv
盘中候选,Early,Nasdaq Liquid 500,4小时,Early · Nasdaq Liquid 500 · 4小时,NWSA,News Corp (Class A),Communication Services,39,39,0,2026-08-19,45,-6,3,1,29.469999,68.66,77.8,盘中候选，等待收盘确认；跨日连续Top100 3天,early-nasdaq500-4h-signal-ranking.csv
盘中候选,Aster Research,单一趋势 Trend Relay,Aster,Aster Research · 单一趋势 Trend Relay,TMDX,TRANSMEDICS GROUP,Health Care,45,45,0,2026-08-19,36,9,3,1,93.489998,94.0,77.7,盘中候选，等待收盘确认；跨日连续Top100 3天,aster-trend-relay-ranking.csv
盘中候选,Prism,Nasdaq Liquid 500,日线,Prism · Nasdaq Liquid 500 · 日线,PFSA,"Profusa, Inc. - Common Stock",,24,24,0,2026-08-19,20,4,3,1,9.81,,77.6,盘中候选，等待收盘确认；跨日连续Top100 3天,prism-nasdaq500-ranking-timeline.csv
盘中候选,Other,All,Ranking,aster-ema-cross-ranking-timeline,VIR,VIR BIOTECHNOLOGY,Health Care,24,24,0,2026-08-19,47,-23,3,1,9.305,,77.6,盘中候选，等待收盘确认；跨日连续Top100 3天,aster-ema-cross-ranking-timeline.csv
盘中候选,Early,S&P 500,4小时,Early · S&P 500 · 4小时,V,Visa Inc.,Financials,40,40,0,2026-08-19,44,-4,3,1,367.130005,68.78,77.5,盘中候选，等待收盘确认；跨日连续Top100 3天,early-spx-4h-signal-ranking.csv
盘中候选,Aster Research,单一趋势 Trend Relay,Aster,Aster Research · 单一趋势 Trend Relay,CLMT,CALUMET,Energy,46,46,0,2026-08-19,32,14,3,1,49.849998,94.0,77.4,盘中候选，等待收盘确认；跨日连续Top100 3天,aster-trend-relay-ranking.csv
盘中候选,Prism,Nasdaq Liquid 500,4小时,Prism · Nasdaq Liquid 500 · 4小时,TRMB,Trimble Inc.,Information Technology,40,40,0,2026-08-19,2,38,3,1,59.240002,67.32,77.3,盘中候选，等待收盘确认；跨日连续Top100 3天,prism-nasdaq500-4h-signal-ranking.csv
盘中候选,Early,Nasdaq 200,日线,Early · Nasdaq 200 · 日线,NWS,News Corp (Class B),Communication Services,25,25,0,2026-08-19,23,2,3,1,33.549999,,77.2,盘中候选，等待收盘确认；跨日连续Top100 3天,early-nasdaq200-ranking-timeline.csv
盘中候选,Early,Nasdaq 200,4小时,Early · Nasdaq 200 · 4小时,TRMB,Trimble Inc.,Information Technology,40,40,0,2026-08-19,16,24,3,1,59.240002,64.31,77.1,盘中候选，等待收盘确认；跨日连续Top100 3天,early-nasdaq200-4h-signal-ranking.csv
盘中候选,Early,Nasdaq Liquid 500,4小时,Early · Nasdaq Liquid 500 · 4小时,CART,Maplebear Inc. - Common Stock,,41,41,0,2026-08-19,65,-24,3,1,51.360001,68.21,77.1,盘中候选，等待收盘确认；跨日连续Top100 3天,early-nasdaq500-4h-signal-ranking.csv
盘中候选,Early,Nasdaq 200,日线,Early · Nasdaq 200 · 日线,NWSA,News Corp (Class A),Communication Services,26,26,0,2026-08-19,26,0,3,1,29.49,,76.9,盘中候选，等待收盘确认；跨日连续Top100 3天,early-nasdaq200-ranking-timeline.csv
盘中候选,Early,Russell,4小时,Early · Russell · 4小时,DMC,DEL MONTE,Consumer Staples,44,44,0,2026-08-19,54,-10,3,1,31.299,79.12,76.9,盘中候选，等待收盘确认；跨日连续Top100 3天,early-russell2000-4h-signal-ranking.csv
盘中候选,Prism,S&P 500,4小时,Prism · S&P 500 · 4小时,V,Visa Inc.,Financials,41,41,0,2026-08-19,37,4,3,1,367.130005,66.24,76.9,盘中候选，等待收盘确认；跨日连续Top100 3天,prism-spx-4h-signal-ranking.csv
盘中候选,Other,All,Ranking,aster-v2-balanced-ranking-timeline,FUTU,Futu Holdings Limited - American Depositary Shares,,26,26,0,2026-08-19,47,-21,3,1,111.555,,76.9,盘中候选，等待收盘确认；跨日连续Top100 3天,aster-v2-balanced-ranking-timeline.csv
盘中候选,Early,S&P 500,4小时,Early · S&P 500 · 4小时,LOW,Lowe's,Consumer Discretionary,42,42,0,2026-08-19,23,19,3,1,217.600006,68.66,76.7,盘中候选，等待收盘确认；跨日连续Top100 3天,early-spx-4h-signal-ranking.csv
盘中候选,Early,Nasdaq 200,4小时,Early · Nasdaq 200 · 4小时,COO,Cooper Companies (The),Health Care,41,41,0,2026-08-19,52,-11,3,1,77.010002,63.76,76.7,盘中候选，等待收盘确认；跨日连续Top100 3天,early-nasdaq200-4h-signal-ranking.csv
盘中候选,Aster Research,v5 Risk Adjusted,Aster,Aster Research · v5 Risk Adjusted,ZG,"Zillow Group, Inc. - Class A Common Stock",,44,44,0,2026-08-19,34,10,3,1,36.889999,76.18,76.6,盘中候选，等待收盘确认；跨日连续Top100 3天,aster-v5-risk-adjusted-ranking.csv
盘中候选,Aster Research,单一信号 EMA Cross,Aster,Aster Research · 单一信号 EMA Cross,CHKP,Check Point Software Technologies Ltd. - Ordinary Shares,,45,45,0,2026-08-19,42,3,3,1,132.455002,80.15,76.6,盘中候选，等待收盘确认；跨日连续Top100 3天,aster-ema-cross-ranking.csv
盘中候选,Prism,Russell,4小时,Prism · Russell · 4小时,INVA,INNOVIVA,Health Care,44,44,0,2026-08-19,46,-2,3,1,21.35,72.93,76.4,盘中候选，等待收盘确认；跨日连续Top100 3天,prism-russell2000-4h-signal-ranking.csv
盘中候选,Aster Research,单一趋势 Trend Relay,Aster,Aster Research · 单一趋势 Trend Relay,PTEN,PATTERSON UTI ENERGY INC,Energy,49,49,0,2026-08-19,34,15,3,1,12.12,94.0,76.3,盘中候选，等待收盘确认；跨日连续Top100 3天,aster-trend-relay-ranking.csv
盘中候选,Prism,Russell,日线,Prism · Russell · 日线,OBIO,ORCHESTRA BIOMED HOLDINGS INC,Health Care,28,28,0,2026-08-19,18,10,3,1,5.52,,76.2,盘中候选，等待收盘确认；跨日连续Top100 3天,prism-russell2000-ranking-timeline.csv
盘中候选,Aster Research,单一信号 EMA Cross,Aster,Aster Research · 单一信号 EMA Cross,XEL,Xcel Energy,Utilities,46,46,0,2026-08-19,37,9,3,1,79.610001,80.1,76.2,盘中候选，等待收盘确认；跨日连续Top100 3天,aster-ema-cross-ranking.csv
盘中候选,Early,Russell,4小时,Early · Russell · 4小时,CALX,CALIX NETWORKS,Information Technology,46,46,0,2026-08-19,57,-11,3,1,40.635399,78.63,76.1,盘中候选，等待收盘确认；跨日连续Top100 3天,early-russell2000-4h-signal-ranking.csv
盘中候选,Aster Research,单一信号 EMA Cross,Aster,Aster Research · 单一信号 EMA Cross,TMUS,T-Mobile US,Communication Services,47,47,0,2026-08-19,40,7,3,1,182.085007,80.1,75.9,盘中候选，等待收盘确认；跨日连续Top100 3天,aster-ema-cross-ranking.csv
盘中候选,Aster Research,单一趋势 Trend Relay,Aster,Aster Research · 单一趋势 Trend Relay,LFST,LIFESTANCE HEALTH GROUP,Health Care,50,50,0,2026-08-19,31,19,3,1,12.89,94.0,75.9,盘中候选，等待收盘确认；跨日连续Top100 3天,aster-trend-relay-ranking.csv
盘中候选,Prism,S&P 500,4小时,Prism · S&P 500 · 4小时,ELV,Elevance Health,Health Care,44,44,0,2026-08-19,32,12,3,1,397.140015,65.61,75.8,盘中候选，等待收盘确认；跨日连续Top100 3天,prism-spx-4h-signal-ranking.csv
盘中候选,Early,Nasdaq Liquid 500,4小时,Early · Nasdaq Liquid 500 · 4小时,EXE,Expand Energy,Energy,45,45,0,2026-08-19,71,-26,3,1,96.690002,67.61,75.6,盘中候选，等待收盘确认；跨日连续Top100 3天,early-nasdaq500-4h-signal-ranking.csv
盘中候选,Early,S&P 500,日线,Early · S&P 500 · 日线,BKR,Baker Hughes,Energy,30,30,0,2026-08-19,33,-3,3,1,64.099998,,75.4,盘中候选，等待收盘确认；跨日连续Top100 3天,early-spx-ranking-timeline.csv
盘中候选,Early,Nasdaq 200,日线,Early · Nasdaq 200 · 日线,MDLZ,Mondelez International,Consumer Staples,30,30,0,2026-08-19,25,5,3,1,64.510002,,75.4,盘中候选，等待收盘确认；跨日连续Top100 3天,early-nasdaq200-ranking-timeline.csv
盘中候选,Early,Nasdaq Liquid 500,日线,Early · Nasdaq Liquid 500 · 日线,CART,Maplebear Inc. - Common Stock,,30,30,0,2026-08-19,45,-15,3,1,51.330002,,75.4,盘中候选，等待收盘确认；跨日连续Top100 3天,early-nasdaq500-ranking-timeline.csv
盘中候选,Early,Nasdaq 200,4小时,Early · Nasdaq 200 · 4小时,TRI,Thomson Reuters Corp - Common Shares,,45,45,0,2026-08-19,75,-30,3,1,105.510002,62.69,75.2,盘中候选，等待收盘确认；跨日连续Top100 3天,early-nasdaq200-4h-signal-ranking.csv
盘中候选,Early,Nasdaq Liquid 500,4小时,Early · Nasdaq Liquid 500 · 4小时,DLTR,Dollar Tree,Consumer Staples,46,46,0,2026-08-19,34,12,3,1,129.960007,67.02,75.2,盘中候选，等待收盘确认；跨日连续Top100 3天,early-nasdaq500-4h-signal-ranking.csv
盘中候选,Prism,Nasdaq Liquid 500,日线,Prism · Nasdaq Liquid 500 · 日线,ADBE,Adobe Inc.,Information Technology,32,32,0,2026-08-19,39,-7,3,1,272.899994,,74.7,盘中候选，等待收盘确认；跨日连续Top100 3天,prism-nasdaq500-ranking-timeline.csv
盘中候选,Early,S&P 500,日线,Early · S&P 500 · 日线,AMT,American Tower,Real Estate,33,33,0,2026-08-19,41,-8,3,1,176.169998,,74.4,盘中候选，等待收盘确认；跨日连续Top100 3天,early-spx-ranking-timeline.csv
盘中候选,Early,S&P 500,4小时,Early · S&P 500 · 4小时,HAL,Halliburton,Energy,48,48,0,2026-08-19,16,32,3,1,35.985001,67.07,74.4,盘中候选，等待收盘确认；跨日连续Top100 3天,early-spx-4h-signal-ranking.csv
盘中候选,Early,Nasdaq 200,日线,Early · Nasdaq 200 · 日线,PEP,PepsiCo,Consumer Staples,33,33,0,2026-08-19,7,26,3,1,141.960007,,74.4,盘中候选，等待收盘确认；跨日连续Top100 3天,early-nasdaq200-ranking-timeline.csv
盘中候选,Early,Nasdaq Liquid 500,4小时,Early · Nasdaq Liquid 500 · 4小时,CCEP,Coca-Cola Europacific Partners plc - Ordinary Shares,,48,48,0,2026-08-19,62,-14,3,1,107.245003,66.72,74.4,盘中候选，等待收盘确认；跨日连续Top100 3天,early-nasdaq500-4h-signal-ranking.csv
盘中候选,Prism,S&P 500,4小时,Prism · S&P 500 · 4小时,AWK,American Water Works,Utilities,48,48,0,2026-08-19,46,2,3,1,138.699997,65.12,74.3,盘中候选，等待收盘确认；跨日连续Top100 3天,prism-spx-4h-signal-ranking.csv
盘中候选,Prism,Nasdaq 200,日线,Prism · Nasdaq 200 · 日线,DOCU,"DocuSign, Inc. - Common Stock",,34,34,0,2026-08-19,47,-13,3,1,62.294998,,74.0,盘中候选，等待收盘确认；跨日连续Top100 3天,prism-nasdaq200-ranking-timeline.csv
盘中候选,Prism,Nasdaq Liquid 500,4小时,Prism · Nasdaq Liquid 500 · 4小时,CSGP,CoStar Group,Real Estate,49,49,0,2026-08-19,81,-32,3,1,32.700001,65.33,73.9,盘中候选，等待收盘确认；跨日连续Top100 3天,prism-nasdaq500-4h-signal-ranking.csv
盘中候选,Prism,Nasdaq 200,4小时,Prism · Nasdaq 200 · 4小时,CCEP,Coca-Cola Europacific Partners plc - Ordinary Shares,,49,49,0,2026-08-19,45,4,3,1,107.245003,63.14,73.8,盘中候选，等待收盘确认；跨日连续Top100 3天,prism-nasdaq200-4h-signal-ranking.csv
盘中候选,Early,S&P 500,4小时,Early · S&P 500 · 4小时,NWS,News Corp (Class B),Communication Services,50,50,0,2026-08-19,43,7,3,1,33.540001,66.98,73.7,盘中候选，等待收盘确认；跨日连续Top100 3天,early-spx-4h-signal-ranking.csv
盘中候选,Prism,Russell,日线,Prism · Russell · 日线,HAE,HAEMONETICS CORP,Health Care,37,37,0,2026-08-19,34,3,3,1,108.440002,,72.9,盘中候选，等待收盘确认；跨日连续Top100 3天,prism-russell2000-ranking-timeline.csv
盘中候选,Other,All,Ranking,aster-v3-quality-momentum-ranking-timeline,FPI,FARMLAND PARTNERS INC,Real Estate,37,37,0,2026-08-19,46,-9,3,1,10.08,,72.9,盘中候选，等待收盘确认；跨日连续Top100 3天,aster-v3-quality-momentum-ranking-timeline.csv
盘中候选,Early,S&P 500,日线,Early · S&P 500 · 日线,BIIB,Biogen,Health Care,38,38,0,2026-08-19,57,-19,3,1,220.830002,,72.5,盘中候选，等待收盘确认；跨日连续Top100 3天,early-spx-ranking-timeline.csv
盘中候选,Other,All,Ranking,aster-trend-relay-ranking-timeline,SLS,SELLAS LIFE SCIENCES GROUP INC,Health Care,39,39,0,2026-08-19,27,12,3,1,13.58,,72.2,盘中候选，等待收盘确认；跨日连续Top100 3天,aster-trend-relay-ranking-timeline.csv
盘中候选,Early,S&P 500,日线,Early · S&P 500 · 日线,LLY,Lilly (Eli),Health Care,40,40,0,2026-08-19,39,1,3,1,1271.747559,,71.8,盘中候选，等待收盘确认；跨日连续Top100 3天,early-spx-ranking-timeline.csv
盘中候选,Early,Nasdaq Liquid 500,日线,Early · Nasdaq Liquid 500 · 日线,BKR,Baker Hughes,Energy,40,40,0,2026-08-19,38,2,3,1,64.099998,,71.8,盘中候选，等待收盘确认；跨日连续Top100 3天,early-nasdaq500-ranking-timeline.csv
盘中候选,Prism,Nasdaq Liquid 500,日线,Prism · Nasdaq Liquid 500 · 日线,EXLS,"ExlService Holdings, Inc. - Common Stock",,41,41,0,2026-08-19,44,-3,3,1,37.389999,,71.5,盘中候选，等待收盘确认；跨日连续Top100 3天,prism-nasdaq500-ranking-timeline.csv
盘中候选,Early,Nasdaq 200,日线,Early · Nasdaq 200 · 日线,TRI,Thomson Reuters Corp - Common Shares,,42,42,0,2026-08-19,50,-8,3,1,105.25,,71.1,盘中候选，等待收盘确认；跨日连续Top100 3天,early-nasdaq200-ranking-timeline.csv
盘中候选,Early,Russell,日线,Early · Russell · 日线,RENT,RENT THE RUNWAY CLASS A,Consumer Discretionary,44,44,0,2026-08-19,46,-2,3,1,3.68,,70.4,盘中候选，等待收盘确认；跨日连续Top100 3天,early-russell2000-ranking-timeline.csv
盘中候选,Prism,Russell,日线,Prism · Russell · 日线,BRBS,BLUE RIDGE BANKSHARES INC,Financials,44,44,0,2026-08-19,57,-13,3,1,3.945,,70.4,盘中候选，等待收盘确认；跨日连续Top100 3天,prism-russell2000-ranking-timeline.csv
盘中候选,Other,All,Ranking,aster-v5-risk-adjusted-ranking-timeline,ZG,"Zillow Group, Inc. - Class A Common Stock",,44,44,0,2026-08-19,34,10,3,1,36.889999,,70.4,盘中候选，等待收盘确认；跨日连续Top100 3天,aster-v5-risk-adjusted-ranking-timeline.csv
盘中候选,Early,Nasdaq 200,日线,Early · Nasdaq 200 · 日线,TRMB,Trimble Inc.,Information Technology,45,45,0,2026-08-19,49,-4,3,1,59.459999,,70.0,盘中候选，等待收盘确认；跨日连续Top100 3天,early-nasdaq200-ranking-timeline.csv
盘中候选,Early,Nasdaq Liquid 500,日线,Early · Nasdaq Liquid 500 · 日线,BIIB,Biogen,Health Care,45,45,0,2026-08-19,66,-21,3,1,220.830002,,70.0,盘中候选，等待收盘确认；跨日连续Top100 3天,early-nasdaq500-ranking-timeline.csv
盘中候选,Other,All,Ranking,aster-ema-cross-ranking-timeline,CHKP,Check Point Software Technologies Ltd. - Ordinary Shares,,45,45,0,2026-08-19,42,3,3,1,132.455002,,70.0,盘中候选，等待收盘确认；跨日连续Top100 3天,aster-ema-cross-ranking-timeline.csv
盘中候选,Other,All,Ranking,aster-trend-relay-ranking-timeline,TMDX,TRANSMEDICS GROUP,Health Care,45,45,0,2026-08-19,36,9,3,1,93.489998,,70.0,盘中候选，等待收盘确认；跨日连续Top100 3天,aster-trend-relay-ranking-timeline.csv
盘中候选,Prism,Nasdaq Liquid 500,日线,Prism · Nasdaq Liquid 500 · 日线,TMDX,TRANSMEDICS GROUP,Health Care,46,46,0,2026-08-19,54,-8,3,1,93.457497,,69.7,盘中候选，等待收盘确认；跨日连续Top100 3天,prism-nasdaq500-ranking-timeline.csv
盘中候选,Other,All,Ranking,aster-trend-relay-ranking-timeline,CLMT,CALUMET,Energy,46,46,0,2026-08-19,32,14,3,1,49.849998,,69.7,盘中候选，等待收盘确认；跨日连续Top100 3天,aster-trend-relay-ranking-timeline.csv
盘中候选,Other,All,Ranking,aster-ema-cross-ranking-timeline,XEL,Xcel Energy,Utilities,46,46,0,2026-08-19,37,9,3,1,79.610001,,69.7,盘中候选，等待收盘确认；跨日连续Top100 3天,aster-ema-cross-ranking-timeline.csv
盘中候选,Prism,Nasdaq 200,日线,Prism · Nasdaq 200 · 日线,ROP,Roper Technologies,Information Technology,47,47,0,2026-08-19,60,-13,3,1,408.98999,,69.3,盘中候选，等待收盘确认；跨日连续Top100 3天,prism-nasdaq200-ranking-timeline.csv
盘中候选,Other,All,Ranking,aster-ema-cross-ranking-timeline,TMUS,T-Mobile US,Communication Services,47,47,0,2026-08-19,40,7,3,1,182.085007,,69.3,盘中候选，等待收盘确认；跨日连续Top100 3天,aster-ema-cross-ranking-timeline.csv
盘中候选,Prism,Russell,日线,Prism · Russell · 日线,MH,MCGRAW HILL,Consumer Discretionary,48,48,0,2026-08-19,43,5,3,1,12.935,,68.9,盘中候选，等待收盘确认；跨日连续Top100 3天,prism-russell2000-ranking-timeline.csv
盘中候选,Other,All,Ranking,aster-trend-relay-ranking-timeline,PTEN,PATTERSON UTI ENERGY INC,Energy,49,49,0,2026-08-19,34,15,3,1,12.12,,68.6,盘中候选，等待收盘确认；跨日连续Top100 3天,aster-trend-relay-ranking-timeline.csv
盘中候选,Early,Nasdaq Liquid 500,4小时,Early · Nasdaq Liquid 500 · 4小时,MEDP,"Medpace Holdings, Inc. - Common Stock",,51,51,0,2026-08-19,58,-7,3,1,619.280029,66.12,68.4,盘中候选，等待收盘确认；跨日连续Top100 3天,early-nasdaq500-4h-signal-ranking.csv
盘中候选,Early,S&P 500,日线,Early · S&P 500 · 日线,EW,Edwards Lifesciences,Health Care,50,50,0,2026-08-19,53,-3,3,1,91.739998,,68.2,盘中候选，等待收盘确认；跨日连续Top100 3天,early-spx-ranking-timeline.csv
盘中候选,Other,All,Ranking,aster-trend-relay-ranking-timeline,LFST,LIFESTANCE HEALTH GROUP,Health Care,50,50,0,2026-08-19,31,19,3,1,12.89,,68.2,盘中候选，等待收盘确认；跨日连续Top100 3天,aster-trend-relay-ranking-timeline.csv
盘中候选,Prism,Nasdaq Liquid 500,4小时,Prism · Nasdaq Liquid 500 · 4小时,FUTU,Futu Holdings Limited - American Depositary Shares,,52,52,0,2026-08-19,66,-14,3,1,111.555,64.67,67.9,盘中候选，等待收盘确认；跨日连续Top100 3天,prism-nasdaq500-4h-signal-ranking.csv
盘中候选,Prism,Russell,4小时,Prism · Russell · 4小时,ZVRA,ZEVRA THERAPEUTICS INC,Health Care,54,54,0,2026-08-19,91,-37,3,1,11.99,72.29,67.8,盘中候选，等待收盘确认；跨日连续Top100 3天,prism-russell2000-4h-signal-ranking.csv
盘中候选,Early,Nasdaq Liquid 500,4小时,Early · Nasdaq Liquid 500 · 4小时,MNDY,monday.com Ltd. - Ordinary Shares,,53,53,0,2026-08-19,67,-14,3,1,90.43,66.07,67.6,盘中候选，等待收盘确认；跨日连续Top100 3天,early-nasdaq500-4h-signal-ranking.csv
盘中候选,Prism,Nasdaq Liquid 500,4小时,Prism · Nasdaq Liquid 500 · 4小时,INTU,Intuit,Information Technology,53,53,0,2026-08-19,49,4,3,1,361.315002,64.59,67.5,盘中候选，等待收盘确认；跨日连续Top100 3天,prism-nasdaq500-4h-signal-ranking.csv
盘中候选,Prism,Russell,4小时,Prism · Russell · 4小时,SAMG,SILVERCREST ASSET MANAGEMENT GROUP,Financials,55,55,0,2026-08-19,74,-19,3,1,10.23,72.28,67.4,盘中候选，等待收盘确认；跨日连续Top100 3天,prism-russell2000-4h-signal-ranking.csv
盘中候选,Early,Nasdaq 200,4小时,Early · Nasdaq 200 · 4小时,ADP,Automatic Data Processing,Industrials,53,53,0,2026-08-19,69,-16,3,1,279.149994,60.15,67.1,盘中候选，等待收盘确认；跨日连续Top100 3天,early-nasdaq200-4h-signal-ranking.csv
盘中候选,Prism,S&P 500,4小时,Prism · S&P 500 · 4小时,TRMB,Trimble Inc.,Information Technology,54,54,0,2026-08-19,6,48,3,1,59.240002,64.3,67.1,盘中候选，等待收盘确认；跨日连续Top100 3天,prism-spx-4h-signal-ranking.csv
盘中候选,Prism,Nasdaq Liquid 500,4小时,Prism · Nasdaq Liquid 500 · 4小时,DLTR,Dollar Tree,Consumer Staples,54,54,0,2026-08-19,36,18,3,1,129.960007,64.3,67.1,盘中候选，等待收盘确认；跨日连续Top100 3天,prism-nasdaq500-4h-signal-ranking.csv
盘中候选,Early,S&P 500,4小时,Early · S&P 500 · 4小时,GDDY,GoDaddy,Information Technology,55,55,0,2026-08-19,47,8,3,1,97.084999,66.27,66.9,盘中候选，等待收盘确认；跨日连续Top100 3天,early-spx-4h-signal-ranking.csv
盘中候选,Early,Nasdaq 200,4小时,Early · Nasdaq 200 · 4小时,PAYX,Paychex,Industrials,55,55,0,2026-08-19,67,-12,3,1,123.120003,59.63,66.4,盘中候选，等待收盘确认；跨日连续Top100 3天,early-nasdaq200-4h-signal-ranking.csv
盘中候选,Prism,Russell,4小时,Prism · Russell · 4小时,SPRY,ARS PHARMACEUTICALS INC,Health Care,58,58,0,2026-08-19,61,-3,3,1,6.01,71.82,66.3,盘中候选，等待收盘确认；跨日连续Top100 3天,prism-russell2000-4h-signal-ranking.csv
盘中候选,Early,Nasdaq 200,4小时,Early · Nasdaq 200 · 4小时,ROP,Roper Technologies,Information Technology,57,57,0,2026-08-19,45,12,3,1,409.005005,58.42,65.6,盘中候选，等待收盘确认；跨日连续Top100 3天,early-nasdaq200-4h-signal-ranking.csv
盘中候选,Prism,Nasdaq Liquid 500,4小时,Prism · Nasdaq Liquid 500 · 4小时,AGNC,AGNC Investment Corp. - Common Stock,,58,58,0,2026-08-19,90,-32,3,1,11.0439,63.74,65.6,盘中候选，等待收盘确认；跨日连续Top100 3天,prism-nasdaq500-4h-signal-ranking.csv
盘中候选,Early,S&P 500,4小时,Early · S&P 500 · 4小时,DLTR,Dollar Tree,Consumer Staples,59,59,0,2026-08-19,35,24,3,1,129.960007,65.58,65.4,盘中候选，等待收盘确认；跨日连续Top100 3天,early-spx-4h-signal-ranking.csv
盘中候选,Early,Nasdaq Liquid 500,4小时,Early · Nasdaq Liquid 500 · 4小时,TRMB,Trimble Inc.,Information Technology,60,60,0,2026-08-19,22,38,3,1,59.240002,64.69,65.0,盘中候选，等待收盘确认；跨日连续Top100 3天,early-nasdaq500-4h-signal-ranking.csv
盘中候选,Prism,Nasdaq Liquid 500,4小时,Prism · Nasdaq Liquid 500 · 4小时,Z,"Zillow Group, Inc. - Class C Capital Stock",,60,60,0,2026-08-19,67,-7,3,1,35.955002,63.26,64.9,盘中候选，等待收盘确认；跨日连续Top100 3天,prism-nasdaq500-4h-signal-ranking.csv
盘中候选,Early,Nasdaq Liquid 500,4小时,Early · Nasdaq Liquid 500 · 4小时,CHTR,Charter Communications,Communication Services,61,61,0,2026-08-19,72,-11,3,1,150.485001,64.61,64.6,盘中候选，等待收盘确认；跨日连续Top100 3天,early-nasdaq500-4h-signal-ranking.csv
盘中候选,Prism,Nasdaq Liquid 500,4小时,Prism · Nasdaq Liquid 500 · 4小时,NWSA,News Corp (Class A),Communication Services,61,61,0,2026-08-19,60,1,3,1,29.469999,63.26,64.5,盘中候选，等待收盘确认；跨日连续Top100 3天,prism-nasdaq500-4h-signal-ranking.csv
盘中候选,Prism,Russell,4小时,Prism · Russell · 4小时,STC,STEWART INFO SERVICES CORP,Financials,64,64,0,2026-08-19,47,17,3,1,68.480003,71.49,64.1,盘中候选，等待收盘确认；跨日连续Top100 3天,prism-russell2000-4h-signal-ranking.csv
盘中候选,Early,S&P 500,4小时,Early · S&P 500 · 4小时,LLY,Lilly (Eli),Health Care,63,63,0,2026-08-19,65,-2,3,1,1269.405029,64.94,63.9,盘中候选，等待收盘确认；跨日连续Top100 3天,early-spx-4h-signal-ranking.csv
盘中候选,Early,Nasdaq Liquid 500,4小时,Early · Nasdaq Liquid 500 · 4小时,COKE,"Coca-Cola Consolidated, Inc. - Common Stock",,63,63,0,2026-08-19,52,11,3,1,188.849792,64.26,63.9,盘中候选，等待收盘确认；跨日连续Top100 3天,early-nasdaq500-4h-signal-ranking.csv
盘中候选,Prism,Nasdaq Liquid 500,4小时,Prism · Nasdaq Liquid 500 · 4小时,MNDY,monday.com Ltd. - Ordinary Shares,,63,63,0,2026-08-19,84,-21,3,1,90.43,62.93,63.8,盘中候选，等待收盘确认；跨日连续Top100 3天,prism-nasdaq500-4h-signal-ranking.csv
盘中候选,Prism,Russell,4小时,Prism · Russell · 4小时,INDV,INDIVIOR PHARMACEUTICALS INC,Health Care,65,65,0,2026-08-19,45,20,3,1,38.639999,71.45,63.7,盘中候选，等待收盘确认；跨日连续Top100 3天,prism-russell2000-4h-signal-ranking.csv
盘中候选,Prism,Nasdaq 200,4小时,Prism · Nasdaq 200 · 4小时,ZG,"Zillow Group, Inc. - Class A Common Stock",,63,63,0,2026-08-19,39,24,3,1,36.889999,61.28,63.6,盘中候选，等待收盘确认；跨日连续Top100 3天,prism-nasdaq200-4h-signal-ranking.csv
盘中候选,Early,Russell,4小时,Early · Russell · 4小时,SWMR,SWARMER INC,Industrials,67,67,0,2026-08-19,55,12,3,1,42.23,75.13,63.3,盘中候选，等待收盘确认；跨日连续Top100 3天,early-russell2000-4h-signal-ranking.csv
盘中候选,Early,S&P 500,4小时,Early · S&P 500 · 4小时,TSN,Tyson Foods,Consumer Staples,65,65,0,2026-08-19,63,2,3,1,58.634998,64.66,63.2,盘中候选，等待收盘确认；跨日连续Top100 3天,early-spx-4h-signal-ranking.csv
盘中候选,Early,Nasdaq Liquid 500,4小时,Early · Nasdaq Liquid 500 · 4小时,COO,Cooper Companies (The),Health Care,65,65,0,2026-08-19,92,-27,3,1,77.010002,64.06,63.1,盘中候选，等待收盘确认；跨日连续Top100 3天,early-nasdaq500-4h-signal-ranking.csv
盘中候选,Prism,S&P 500,日线,Prism · S&P 500 · 日线,TGT,Target Corporation,Consumer Staples,51,51,0,2026-08-19,47,4,3,1,159.320007,,62.9,盘中候选，等待收盘确认；跨日连续Top100 3天,prism-spx-ranking-timeline.csv
盘中候选,Early,Nasdaq Liquid 500,4小时,Early · Nasdaq Liquid 500 · 4小时,DUOL,"Duolingo, Inc. - Class A Common Stock",,66,66,0,2026-08-19,36,30,3,1,147.820999,64.0,62.8,盘中候选，等待收盘确认；跨日连续Top100 3天,early-nasdaq500-4h-signal-ranking.csv
盘中候选,Prism,S&P 500,4小时,Prism · S&P 500 · 4小时,UNP,Union Pacific Corporation,Industrials,66,66,0,2026-08-19,54,12,3,1,302.616608,63.33,62.7,盘中候选，等待收盘确认；跨日连续Top100 3天,prism-spx-4h-signal-ranking.csv
盘中候选,Prism,Nasdaq Liquid 500,4小时,Prism · Nasdaq Liquid 500 · 4小时,VRTX,Vertex Pharmaceuticals,Health Care,66,66,0,2026-08-19,44,22,3,1,546.992493,62.69,62.7,盘中候选，等待收盘确认；跨日连续Top100 3天,prism-nasdaq500-4h-signal-ranking.csv
盘中候选,Early,S&P 500,日线,Early · S&P 500 · 日线,GDDY,GoDaddy,Information Technology,52,52,0,2026-08-19,81,-29,3,1,97.184998,,62.6,盘中候选，等待收盘确认；跨日连续Top100 3天,early-spx-ranking-timeline.csv
盘中候选,Prism,Russell,日线,Prism · Russell · 日线,INTA,INTAPP,Information Technology,52,52,0,2026-08-19,61,-9,3,1,39.900002,,62.6,盘中候选，等待收盘确认；跨日连续Top100 3天,prism-russell2000-ranking-timeline.csv
盘中候选,Early,Nasdaq 200,4小时,Early · Nasdaq 200 · 4小时,BKNG,Booking Holdings,Consumer Discretionary,65,65,0,2026-08-19,84,-19,3,1,212.460007,56.77,62.5,盘中候选，等待收盘确认；跨日连续Top100 3天,early-nasdaq200-4h-signal-ranking.csv
盘中候选,Early,Nasdaq Liquid 500,4小时,Early · Nasdaq Liquid 500 · 4小时,LUNR,INTUITIVE MACHINES INC CLASS A,Industrials,68,68,0,2026-08-19,42,26,3,1,17.73,63.67,62.0,盘中候选，等待收盘确认；跨日连续Top100 3天,early-nasdaq500-4h-signal-ranking.csv
盘中候选,Prism,S&P 500,4小时,Prism · S&P 500 · 4小时,LLY,Lilly (Eli),Health Care,69,69,0,2026-08-19,60,9,3,1,1269.405029,63.11,61.6,盘中候选，等待收盘确认；跨日连续Top100 3天,prism-spx-4h-signal-ranking.csv
盘中候选,Early,S&P 500,日线,Early · S&P 500 · 日线,COO,Cooper Companies (The),Health Care,55,55,0,2026-08-19,63,-8,3,1,76.779999,,61.5,盘中候选，等待收盘确认；跨日连续Top100 3天,early-spx-ranking-timeline.csv
盘中候选,Prism,S&P 500,4小时,Prism · S&P 500 · 4小时,DLTR,Dollar Tree,Consumer Staples,70,70,0,2026-08-19,31,39,3,1,129.960007,63.03,61.3,盘中候选，等待收盘确认；跨日连续Top100 3天,prism-spx-4h-signal-ranking.csv
盘中候选,Early,S&P 500,日线,Early · S&P 500 · 日线,OMC,Omnicom Group,Communication Services,56,56,0,2026-08-19,52,4,3,1,86.839996,,61.1,盘中候选，等待收盘确认；跨日连续Top100 3天,early-spx-ranking-timeline.csv
盘中候选,Prism,Nasdaq 200,4小时,Prism · Nasdaq 200 · 4小时,PAYX,Paychex,Industrials,70,70,0,2026-08-19,82,-12,3,1,123.120003,59.81,61.0,盘中候选，等待收盘确认；跨日连续Top100 3天,prism-nasdaq200-4h-signal-ranking.csv
盘中候选,Early,S&P 500,4小时,Early · S&P 500 · 4小时,MA,Mastercard,Financials,71,71,0,2026-08-19,56,15,3,1,576.179993,63.52,60.9,盘中候选，等待收盘确认；跨日连续Top100 3天,early-spx-4h-signal-ranking.csv
盘中候选,Early,S&P 500,日线,Early · S&P 500 · 日线,NWS,News Corp (Class B),Communication Services,57,57,0,2026-08-19,62,-5,3,1,33.549999,,60.8,盘中候选，等待收盘确认；跨日连续Top100 3天,early-spx-ranking-timeline.csv
盘中候选,Early,Russell,日线,Early · Russell · 日线,AQST,AQUESTIVE THERAPEUTICS INC,Health Care,57,57,0,2026-08-19,62,-5,3,1,4.52,,60.8,盘中候选，等待收盘确认；跨日连续Top100 3天,early-russell2000-ranking-timeline.csv
盘中候选,Prism,Russell,日线,Prism · Russell · 日线,BLKB,BLACKBAUD,Information Technology,57,57,0,2026-08-19,49,8,3,1,46.68,,60.8,盘中候选，等待收盘确认；跨日连续Top100 3天,prism-russell2000-ranking-timeline.csv
盘中候选,Early,S&P 500,日线,Early · S&P 500 · 日线,NWSA,News Corp (Class A),Communication Services,58,58,0,2026-08-19,66,-8,3,1,29.49,,60.4,盘中候选，等待收盘确认；跨日连续Top100 3天,early-spx-ranking-timeline.csv
盘中候选,Early,Nasdaq 200,4小时,Early · Nasdaq 200 · 4小时,ADSK,Autodesk,Information Technology,71,71,0,2026-08-19,74,-3,3,1,252.949997,55.41,60.3,盘中候选，等待收盘确认；跨日连续Top100 3天,early-nasdaq200-4h-signal-ranking.csv
盘中候选,Early,S&P 500,日线,Early · S&P 500 · 日线,MDLZ,Mondelez International,Consumer Staples,59,59,0,2026-08-19,65,-6,3,1,64.510002,,60.1,盘中候选，等待收盘确认；跨日连续Top100 3天,early-spx-ranking-timeline.csv
盘中候选,Early,Nasdaq Liquid 500,日线,Early · Nasdaq Liquid 500 · 日线,COST,Costco,Consumer Staples,59,59,0,2026-08-19,51,8,3,1,938.5,,60.1,盘中候选，等待收盘确认；跨日连续Top100 3天,early-nasdaq500-ranking-timeline.csv
盘中候选,Prism,S&P 500,日线,Prism · S&P 500 · 日线,INCY,Incyte,Health Care,59,59,0,2026-08-19,78,-19,3,1,128.755005,,60.1,盘中候选，等待收盘确认；跨日连续Top100 3天,prism-spx-ranking-timeline.csv
盘中候选,Early,Russell,4小时,Early · Russell · 4小时,ALCO,ALICO INC,Consumer Staples,76,76,0,2026-08-19,85,-9,3,1,40.029999,72.69,59.9,盘中候选，等待收盘确认；跨日连续Top100 3天,early-russell2000-4h-signal-ranking.csv
盘中候选,Prism,S&P 500,日线,Prism · S&P 500 · 日线,GILD,Gilead Sciences,Health Care,60,60,0,2026-08-19,56,4,3,1,145.539993,,59.7,盘中候选，等待收盘确认；跨日连续Top100 3天,prism-spx-ranking-timeline.csv
盘中候选,Early,S&P 500,日线,Early · S&P 500 · 日线,CTSH,Cognizant,Information Technology,61,61,0,2026-08-19,73,-12,3,1,61.029999,,59.3,盘中候选，等待收盘确认；跨日连续Top100 3天,early-spx-ranking-timeline.csv
盘中候选,Prism,S&P 500,日线,Prism · S&P 500 · 日线,BIIB,Biogen,Health Care,61,61,0,2026-08-19,91,-30,3,1,220.830002,,59.3,盘中候选，等待收盘确认；跨日连续Top100 3天,prism-spx-ranking-timeline.csv
盘中候选,Prism,S&P 500,4小时,Prism · S&P 500 · 4小时,INTU,Intuit,Information Technology,76,76,0,2026-08-19,49,27,3,1,361.315002,62.36,59.0,盘中候选，等待收盘确认；跨日连续Top100 3天,prism-spx-4h-signal-ranking.csv
盘中候选,Prism,Nasdaq 200,日线,Prism · Nasdaq 200 · 日线,NFLX,Netflix,Communication Services,62,62,0,2026-08-19,53,9,3,1,80.510002,,59.0,盘中候选，等待收盘确认；跨日连续Top100 3天,prism-nasdaq200-ranking-timeline.csv
盘中候选,Early,Nasdaq Liquid 500,4小时,Early · Nasdaq Liquid 500 · 4小时,SYRE,SPYRE THERAPEUTICS INC,Health Care,77,77,0,2026-08-19,49,28,3,1,105.730003,62.49,58.7,盘中候选，等待收盘确认；跨日连续Top100 3天,early-nasdaq500-4h-signal-ranking.csv
盘中候选,Early,Nasdaq 200,4小时,Early · Nasdaq 200 · 4小时,INTU,Intuit,Information Technology,76,76,0,2026-08-19,57,19,3,1,361.315002,54.9,58.4,盘中候选，等待收盘确认；跨日连续Top100 3天,early-nasdaq200-4h-signal-ranking.csv
盘中候选,Early,S&P 500,日线,Early · S&P 500 · 日线,LEN,Lennar,Consumer Discretionary,64,64,0,2026-08-19,59,5,3,1,85.410004,,58.2,盘中候选，等待收盘确认；跨日连续Top100 3天,early-spx-ranking-timeline.csv
盘中候选,Early,Nasdaq Liquid 500,日线,Early · Nasdaq Liquid 500 · 日线,COO,Cooper Companies (The),Health Care,64,64,0,2026-08-19,70,-6,3,1,76.779999,,58.2,盘中候选，等待收盘确认；跨日连续Top100 3天,early-nasdaq500-ranking-timeline.csv
盘中候选,Prism,S&P 500,日线,Prism · S&P 500 · 日线,LLY,Lilly (Eli),Health Care,64,64,0,2026-08-19,74,-10,3,1,1271.747559,,58.2,盘中候选，等待收盘确认；跨日连续Top100 3天,prism-spx-ranking-timeline.csv
盘中候选,Prism,Russell,日线,Prism · Russell · 日线,OCUL,OCULAR THERAPEUTIX,Health Care,64,64,0,2026-08-19,80,-16,3,1,11.36,,58.2,盘中候选，等待收盘确认；跨日连续Top100 3天,prism-russell2000-ranking-timeline.csv
盘中候选,Early,S&P 500,日线,Early · S&P 500 · 日线,PEP,PepsiCo,Consumer Staples,65,65,0,2026-08-19,15,50,3,1,141.960007,,57.9,盘中候选，等待收盘确认；跨日连续Top100 3天,early-spx-ranking-timeline.csv
盘中候选,Early,Nasdaq Liquid 500,日线,Early · Nasdaq Liquid 500 · 日线,ROIV,Roivant Sciences Ltd. - Common Shares,,65,65,0,2026-08-19,76,-11,3,1,37.220001,,57.9,盘中候选，等待收盘确认；跨日连续Top100 3天,early-nasdaq500-ranking-timeline.csv
盘中候选,Prism,S&P 500,4小时,Prism · S&P 500 · 4小时,IQV,IQVIA,Health Care,79,79,0,2026-08-19,84,-5,3,1,255.410004,62.24,57.9,盘中候选，等待收盘确认；跨日连续Top100 3天,prism-spx-4h-signal-ranking.csv
盘中候选,Prism,Nasdaq Liquid 500,日线,Prism · Nasdaq Liquid 500 · 日线,INCY,Incyte,Health Care,65,65,0,2026-08-19,71,-6,3,1,128.755005,,57.9,盘中候选，等待收盘确认；跨日连续Top100 3天,prism-nasdaq500-ranking-timeline.csv
盘中候选,Prism,Nasdaq Liquid 500,日线,Prism · Nasdaq Liquid 500 · 日线,GILD,Gilead Sciences,Health Care,66,66,0,2026-08-19,50,16,3,1,145.539993,,57.5,盘中候选，等待收盘确认；跨日连续Top100 3天,prism-nasdaq500-ranking-timeline.csv
盘中候选,Prism,Nasdaq Liquid 500,日线,Prism · Nasdaq Liquid 500 · 日线,BIIB,Biogen,Health Care,67,67,0,2026-08-19,82,-15,3,1,220.830002,,57.2,盘中候选，等待收盘确认；跨日连续Top100 3天,prism-nasdaq500-ranking-timeline.csv
盘中候选,Prism,Nasdaq Liquid 500,4小时,Prism · Nasdaq Liquid 500 · 4小时,CCEP,Coca-Cola Europacific Partners plc - Ordinary Shares,,81,81,0,2026-08-19,82,-1,3,1,107.245003,61.41,57.2,盘中候选，等待收盘确认；跨日连续Top100 3天,prism-nasdaq500-4h-signal-ranking.csv
盘中候选,Early,Nasdaq 200,4小时,Early · Nasdaq 200 · 4小时,TSLA,"Tesla, Inc.",Consumer Discretionary,79,79,0,2026-08-19,80,-1,3,1,344.309998,51.71,57.1,盘中候选，等待收盘确认；跨日连续Top100 3天,early-nasdaq200-4h-signal-ranking.csv
盘中候选,Prism,Nasdaq 200,日线,Prism · Nasdaq 200 · 日线,ULTA,Ulta Beauty,Consumer Discretionary,68,68,0,2026-08-19,59,9,3,1,520.159973,,56.8,盘中候选，等待收盘确认；跨日连续Top100 3天,prism-nasdaq200-ranking-timeline.csv
盘中候选,Prism,Russell,日线,Prism · Russell · 日线,ORIC,ORIC PHARMACEUTICALS,Health Care,68,68,0,2026-08-19,53,15,3,1,14.16,,56.8,盘中候选，等待收盘确认；跨日连续Top100 3天,prism-russell2000-ranking-timeline.csv
盘中候选,Early,S&P 500,日线,Early · S&P 500 · 日线,EXE,Expand Energy,Energy,69,69,0,2026-08-19,56,13,3,1,96.669998,,56.4,盘中候选，等待收盘确认；跨日连续Top100 3天,early-spx-ranking-timeline.csv
盘中候选,Early,Nasdaq 200,日线,Early · Nasdaq 200 · 日线,PAYX,Paychex,Industrials,69,69,0,2026-08-19,77,-8,3,1,123.260002,,56.4,盘中候选，等待收盘确认；跨日连续Top100 3天,early-nasdaq200-ranking-timeline.csv
盘中候选,Early,Nasdaq Liquid 500,日线,Early · Nasdaq Liquid 500 · 日线,NWSA,News Corp (Class A),Communication Services,69,69,0,2026-08-19,75,-6,3,1,29.49,,56.4,盘中候选，等待收盘确认；跨日连续Top100 3天,early-nasdaq500-ranking-timeline.csv
盘中候选,Prism,S&P 500,日线,Prism · S&P 500 · 日线,ARES,Ares Management,Financials,69,69,0,2026-08-19,64,5,3,1,141.755005,,56.4,盘中候选，等待收盘确认；跨日连续Top100 3天,prism-spx-ranking-timeline.csv
盘中候选,Prism,Nasdaq 200,日线,Prism · Nasdaq 200 · 日线,KDP,Keurig Dr Pepper,Consumer Staples,69,69,0,2026-08-19,70,-1,3,1,31.4,,56.4,盘中候选，等待收盘确认；跨日连续Top100 3天,prism-nasdaq200-ranking-timeline.csv
盘中候选,Prism,Russell,4小时,Prism · Russell · 4小时,HSTM,HEALTHSTREAM,Health Care,85,85,0,2026-08-19,84,1,3,1,28.42,68.29,56.3,盘中候选，等待收盘确认；跨日连续Top100 3天,prism-russell2000-4h-signal-ranking.csv
盘中候选,Early,Nasdaq 200,4小时,Early · Nasdaq 200 · 4小时,RGLD,"Royal Gold, Inc. - Common Stock",,82,82,0,2026-08-19,89,-7,3,1,249.710007,51.01,55.9,盘中候选，等待收盘确认；跨日连续Top100 3天,early-nasdaq200-4h-signal-ranking.csv
盘中候选,Early,S&P 500,4小时,Early · S&P 500 · 4小时,TRMB,Trimble Inc.,Information Technology,85,85,0,2026-08-19,26,59,3,1,59.240002,61.51,55.7,盘中候选，等待收盘确认；跨日连续Top100 3天,early-spx-4h-signal-ranking.csv
盘中候选,Early,Nasdaq Liquid 500,日线,Early · Nasdaq Liquid 500 · 日线,WIX,Wix.com Ltd. - Ordinary Shares,,71,71,0,2026-08-19,74,-3,3,1,78.290001,,55.7,盘中候选，等待收盘确认；跨日连续Top100 3天,early-nasdaq500-ranking-timeline.csv
盘中候选,Prism,S&P 500,4小时,Prism · S&P 500 · 4小时,ABBV,AbbVie,Health Care,85,85,0,2026-08-19,85,0,3,1,265.26001,61.66,55.7,盘中候选，等待收盘确认；跨日连续Top100 3天,prism-spx-4h-signal-ranking.csv
盘中候选,Early,S&P 500,4小时,Early · S&P 500 · 4小时,CHTR,Charter Communications,Communication Services,86,86,0,2026-08-19,98,-12,3,1,150.485001,61.31,55.3,盘中候选，等待收盘确认；跨日连续Top100 3天,early-spx-4h-signal-ranking.csv
盘中候选,Early,S&P 500,日线,Early · S&P 500 · 日线,RSG,Republic Services,Industrials,74,74,0,2026-08-19,92,-18,3,1,220.520004,,54.6,盘中候选，等待收盘确认；跨日连续Top100 3天,early-spx-ranking-timeline.csv
盘中候选,Early,Nasdaq Liquid 500,日线,Early · Nasdaq Liquid 500 · 日线,MDLZ,Mondelez International,Consumer Staples,74,74,0,2026-08-19,73,1,3,1,64.510002,,54.6,盘中候选，等待收盘确认；跨日连续Top100 3天,early-nasdaq500-ranking-timeline.csv
盘中候选,Early,S&P 500,日线,Early · S&P 500 · 日线,ACN,Accenture,Information Technology,75,75,0,2026-08-19,17,58,3,1,184.179993,,54.3,盘中候选，等待收盘确认；跨日连续Top100 3天,early-spx-ranking-timeline.csv
盘中候选,Early,S&P 500,4小时,Early · S&P 500 · 4小时,ABBV,AbbVie,Health Care,90,90,0,2026-08-19,88,2,3,1,265.26001,60.89,53.9,盘中候选，等待收盘确认；跨日连续Top100 3天,early-spx-4h-signal-ranking.csv
盘中候选,Prism,Russell,日线,Prism · Russell · 日线,INFU,INFUSYSTEM HOLDINGS INC,Health Care,76,76,0,2026-08-19,81,-5,3,1,12.27,,53.9,盘中候选，等待收盘确认；跨日连续Top100 3天,prism-russell2000-ranking-timeline.csv
盘中候选,Prism,Nasdaq 200,日线,Prism · Nasdaq 200 · 日线,MDGL,"Madrigal Pharmaceuticals, Inc. - Common Stock",,77,77,0,2026-08-19,88,-11,3,1,537.299988,,53.6,盘中候选，等待收盘确认；跨日连续Top100 3天,prism-nasdaq200-ranking-timeline.csv
盘中候选,Prism,S&P 500,日线,Prism · S&P 500 · 日线,EXPE,Expedia Group,Consumer Discretionary,78,78,0,2026-08-19,86,-8,3,1,325.625,,53.2,盘中候选，等待收盘确认；跨日连续Top100 3天,prism-spx-ranking-timeline.csv
盘中候选,Early,S&P 500,日线,Early · S&P 500 · 日线,ADSK,Autodesk,Information Technology,79,79,0,2026-08-19,96,-17,3,1,253.339996,,52.8,盘中候选，等待收盘确认；跨日连续Top100 3天,early-spx-ranking-timeline.csv
盘中候选,Prism,Nasdaq 200,4小时,Prism · Nasdaq 200 · 4小时,DASH,DoorDash,Consumer Discretionary,92,92,0,2026-08-19,79,13,3,1,221.059998,56.61,52.8,盘中候选，等待收盘确认；跨日连续Top100 3天,prism-nasdaq200-4h-signal-ranking.csv
盘中候选,Early,Nasdaq Liquid 500,日线,Early · Nasdaq Liquid 500 · 日线,PEP,PepsiCo,Consumer Staples,81,81,0,2026-08-19,23,58,3,1,141.960007,,52.1,盘中候选，等待收盘确认；跨日连续Top100 3天,early-nasdaq500-ranking-timeline.csv
盘中候选,Prism,S&P 500,4小时,Prism · S&P 500 · 4小时,MA,Mastercard,Financials,95,95,0,2026-08-19,51,44,3,1,576.179993,60.89,52.1,盘中候选，等待收盘确认；跨日连续Top100 3天,prism-spx-4h-signal-ranking.csv
盘中候选,Prism,Nasdaq 200,日线,Prism · Nasdaq 200 · 日线,AAPL,Apple Inc.,Information Technology,81,81,0,2026-08-19,87,-6,3,1,316.984985,,52.1,盘中候选，等待收盘确认；跨日连续Top100 3天,prism-nasdaq200-ranking-timeline.csv
盘中候选,Early,S&P 500,4小时,Early · S&P 500 · 4小时,HSY,Hershey Company (The),Consumer Staples,95,95,0,2026-08-19,12,83,3,1,190.25,60.23,52.0,盘中候选，等待收盘确认；跨日连续Top100 3天,early-spx-4h-signal-ranking.csv
盘中候选,Early,Nasdaq 200,日线,Early · Nasdaq 200 · 日线,DLTR,Dollar Tree,Consumer Staples,82,82,0,2026-08-19,82,0,3,1,129.729996,,51.8,盘中候选，等待收盘确认；跨日连续Top100 3天,early-nasdaq200-ranking-timeline.csv
盘中候选,Prism,Nasdaq 200,4小时,Prism · Nasdaq 200 · 4小时,TSCO,Tractor Supply,Consumer Discretionary,95,95,0,2026-08-19,97,-2,3,1,34.735001,55.88,51.6,盘中候选，等待收盘确认；跨日连续Top100 3天,prism-nasdaq200-4h-signal-ranking.csv
盘中候选,Early,Nasdaq Liquid 500,日线,Early · Nasdaq Liquid 500 · 日线,CAI,"Caris Life Sciences, Inc. - Common Stock",,84,84,0,2026-08-19,59,25,3,1,23.75,,51.0,盘中候选，等待收盘确认；跨日连续Top100 3天,early-nasdaq500-ranking-timeline.csv
盘中候选,Prism,Russell,日线,Prism · Russell · 日线,ASMB,ASSEMBLY BIOSCIENCES INC,Health Care,84,84,0,2026-08-19,65,19,3,1,33.32,,51.0,盘中候选，等待收盘确认；跨日连续Top100 3天,prism-russell2000-ranking-timeline.csv
盘中候选,Prism,Nasdaq Liquid 500,日线,Prism · Nasdaq Liquid 500 · 日线,TPG,TPG Inc. - Class A Common Stock,,85,85,0,2026-08-19,76,9,3,1,52.584999,,50.7,盘中候选，等待收盘确认；跨日连续Top100 3天,prism-nasdaq500-ranking-timeline.csv
盘中候选,Prism,Russell,日线,Prism · Russell · 日线,ACAD,ACADIA PHARMACEUTICALS,Health Care,85,85,0,2026-08-19,77,8,3,1,29.790001,,50.7,盘中候选，等待收盘确认；跨日连续Top100 3天,prism-russell2000-ranking-timeline.csv
盘中候选,Prism,Russell,4小时,Prism · Russell · 4小时,DFH,DREAM FINDERS HOMES INC CLASS A,Consumer Discretionary,100,100,0,2026-08-19,97,3,3,1,14.3894,65.52,50.6,盘中候选，等待收盘确认；跨日连续Top100 3天,prism-russell2000-4h-signal-ranking.csv
盘中候选,Prism,Nasdaq Liquid 500,日线,Prism · Nasdaq Liquid 500 · 日线,EXPE,Expedia Group,Consumer Discretionary,86,86,0,2026-08-19,78,8,3,1,325.625,,50.3,盘中候选，等待收盘确认；跨日连续Top100 3天,prism-nasdaq500-ranking-timeline.csv
盘中候选,Early,S&P 500,日线,Early · S&P 500 · 日线,WMB,Williams Companies,Energy,87,87,0,2026-08-19,80,7,3,1,73.214996,,50.0,盘中候选，等待收盘确认；跨日连续Top100 3天,early-spx-ranking-timeline.csv
盘中候选,Early,Nasdaq Liquid 500,日线,Early · Nasdaq Liquid 500 · 日线,EXE,Expand Energy,Energy,87,87,0,2026-08-19,65,22,3,1,96.669998,,50.0,盘中候选，等待收盘确认；跨日连续Top100 3天,early-nasdaq500-ranking-timeline.csv
盘中候选,Early,Russell,日线,Early · Russell · 日线,OVID,OVID THERAPEUTICS,Health Care,87,87,0,2026-08-19,94,-7,3,1,2.8099,,50.0,盘中候选，等待收盘确认；跨日连续Top100 3天,early-russell2000-ranking-timeline.csv
盘中候选,Prism,Russell,日线,Prism · Russell · 日线,AGEN,AGENUS INC,Health Care,87,87,0,2026-08-19,24,63,3,1,7.92,,50.0,盘中候选，等待收盘确认；跨日连续Top100 3天,prism-russell2000-ranking-timeline.csv
盘中候选,Prism,Nasdaq 200,日线,Prism · Nasdaq 200 · 日线,COO,Cooper Companies (The),Health Care,88,88,0,2026-08-19,91,-3,3,1,76.779999,,49.6,盘中候选，等待收盘确认；跨日连续Top100 3天,prism-nasdaq200-ranking-timeline.csv
盘中候选,Prism,Russell,日线,Prism · Russell · 日线,CAMP,CAMP4 THERAPEUTICS CORP,Health Care,88,88,0,2026-08-19,68,20,3,1,4.47,,49.6,盘中候选，等待收盘确认；跨日连续Top100 3天,prism-russell2000-ranking-timeline.csv
盘中候选,Early,Nasdaq 200,日线,Early · Nasdaq 200 · 日线,CCEP,Coca-Cola Europacific Partners plc - Ordinary Shares,,90,90,0,2026-08-19,88,2,3,1,107.245003,,48.9,盘中候选，等待收盘确认；跨日连续Top100 3天,early-nasdaq200-ranking-timeline.csv
盘中候选,Prism,S&P 500,日线,Prism · S&P 500 · 日线,KKR,KKR & Co.,Financials,90,90,0,2026-08-19,81,9,3,1,108.82,,48.9,盘中候选，等待收盘确认；跨日连续Top100 3天,prism-spx-ranking-timeline.csv
盘中候选,Prism,Nasdaq 200,日线,Prism · Nasdaq 200 · 日线,FTNT,Fortinet,Information Technology,90,90,0,2026-08-19,97,-7,3,1,152.985001,,48.9,盘中候选，等待收盘确认；跨日连续Top100 3天,prism-nasdaq200-ranking-timeline.csv
盘中候选,Early,Nasdaq 200,日线,Early · Nasdaq 200 · 日线,BBIO,"BridgeBio Pharma, Inc. - Common Stock",,91,91,0,2026-08-19,95,-4,3,1,83.220001,,48.5,盘中候选，等待收盘确认；跨日连续Top100 3天,early-nasdaq200-ranking-timeline.csv
盘中候选,Early,Nasdaq Liquid 500,日线,Early · Nasdaq Liquid 500 · 日线,LKQ,LKQ Corporation - Common Stock,,91,91,0,2026-08-19,24,67,3,1,25.495001,,48.5,盘中候选，等待收盘确认；跨日连续Top100 3天,early-nasdaq500-ranking-timeline.csv
盘中候选,Prism,S&P 500,日线,Prism · S&P 500 · 日线,JNJ,Johnson & Johnson,Health Care,91,91,0,2026-08-19,73,18,3,1,271.554993,,48.5,盘中候选，等待收盘确认；跨日连续Top100 3天,prism-spx-ranking-timeline.csv
盘中候选,Prism,Nasdaq 200,日线,Prism · Nasdaq 200 · 日线,KMB,Kimberly-Clark,Consumer Staples,91,91,0,2026-08-19,84,7,3,1,109.300003,,48.5,盘中候选，等待收盘确认；跨日连续Top100 3天,prism-nasdaq200-ranking-timeline.csv
盘中候选,Early,Nasdaq Liquid 500,日线,Early · Nasdaq Liquid 500 · 日线,AUGO,Aura Minerals Inc. - Common Shares,,92,92,0,2026-08-19,77,15,3,1,83.699997,,48.1,盘中候选，等待收盘确认；跨日连续Top100 3天,early-nasdaq500-ranking-timeline.csv
盘中候选,Prism,Nasdaq Liquid 500,日线,Prism · Nasdaq Liquid 500 · 日线,IONS,"Ionis Pharmaceuticals, Inc. - Common Stock",,95,95,0,2026-08-19,67,28,3,1,59.619999,,47.1,盘中候选，等待收盘确认；跨日连续Top100 3天,prism-nasdaq500-ranking-timeline.csv
盘中候选,Prism,Nasdaq 200,日线,Prism · Nasdaq 200 · 日线,RVMD,"Revolution Medicines, Inc. - Common Stock",,98,98,0,2026-08-19,94,4,3,1,211.449997,,46.0,盘中候选，等待收盘确认；跨日连续Top100 3天,prism-nasdaq200-ranking-timeline.csv
盘中候选,Prism,Nasdaq 200,日线,Prism · Nasdaq 200 · 日线,AEP,American Electric Power,Utilities,100,100,0,2026-08-19,96,4,3,1,127.129997,,45.3,盘中候选，等待收盘确认；跨日连续Top100 3天,prism-nasdaq200-ranking-timeline.csv
盘中候选,Aster Research,共识Agent 多榜单共振,Aster,Aster Research · 共识Agent 多榜单共振,ASND,Ascendis Pharma A/S - Ordinary Share,,1,1,0,2026-08-19,42,-41,2,1,258.98999,100.0,89.1,盘中候选，等待收盘确认；上一交易日也在Top100,aster-consensus-agent-ranking.csv
盘中候选,Aster Research,单一信号 EMA Cross,Aster,Aster Research · 单一信号 EMA Cross,ASND,Ascendis Pharma A/S - Ordinary Share,,1,1,0,2026-08-19,9,-8,2,1,258.98999,97.75,88.9,盘中候选，等待收盘确认；上一交易日也在Top100,aster-ema-cross-ranking.csv
盘中候选,Aster Research,共识Agent 多榜单共振,Aster,Aster Research · 共识Agent 多榜单共振,CHKP,Check Point Software Technologies Ltd. - Ordinary Shares,,2,2,0,2026-08-19,24,-22,2,1,132.455002,100.0,88.7,盘中候选，等待收盘确认；上一交易日也在Top100,aster-consensus-agent-ranking.csv
盘中候选,Early,Nasdaq Liquid 500,4小时,Early · Nasdaq Liquid 500 · 4小时,ASND,Ascendis Pharma A/S - Ordinary Share,,1,1,0,2026-08-19,48,-47,2,1,258.98999,94.1,88.6,盘中候选，等待收盘确认；上一交易日也在Top100,early-nasdaq500-4h-signal-ranking.csv
盘中候选,Aster Research,v4 Tactical Breakout,Aster,Aster Research · v4 Tactical Breakout,FINW,FINWISE BANCORP,Financials,2,2,0,2026-08-19,29,-27,2,1,14.14,96.9,88.5,盘中候选，等待收盘确认；上一交易日也在Top100,aster-v4-tactical-breakout-ranking.csv
盘中候选,Aster Call,All,Aster,Aster Call,TCOM,Trip.com Group Limited - American Depositary Shares,,1,1,0,2026-08-19,12,-11,2,1,45.990002,91.71,88.4,盘中候选，等待收盘确认；上一交易日也在Top100,aster-call-ranking.csv
盘中候选,Aster Research,单一信号 EMA Cross,Aster,Aster Research · 单一信号 EMA Cross,MDGL,"Madrigal Pharmaceuticals, Inc. - Common Stock",,2,2,0,2026-08-19,12,-10,2,1,536.565002,95.95,88.4,盘中候选，等待收盘确认；上一交易日也在Top100,aster-ema-cross-ranking.csv
盘中候选,Aster Research,共识Agent 多榜单共振,Aster,Aster Research · 共识Agent 多榜单共振,TCOM,Trip.com Group Limited - American Depositary Shares,,3,3,0,2026-08-19,16,-13,2,1,45.990002,100.0,88.4,盘中候选，等待收盘确认；上一交易日也在Top100,aster-consensus-agent-ranking.csv
盘中候选,Early,Nasdaq Liquid 500,4小时,Early · Nasdaq Liquid 500 · 4小时,CHKP,Check Point Software Technologies Ltd. - Ordinary Shares,,2,2,0,2026-08-19,4,-2,2,1,132.455002,92.38,88.1,盘中候选，等待收盘确认；上一交易日也在Top100,early-nasdaq500-4h-signal-ranking.csv
盘中候选,Early,S&P 500,4小时,Early · S&P 500 · 4小时,CMG,Chipotle Mexican Grill,Consumer Discretionary,2,2,0,2026-08-19,79,-77,2,1,34.290001,90.91,88.0,盘中候选，等待收盘确认；上一交易日也在Top100,early-spx-4h-signal-ranking.csv
盘中候选,Aster Research,共识Agent 多榜单共振,Aster,Aster Research · 共识Agent 多榜单共振,AFRM,"Affirm Holdings, Inc. - Class A Common Stock",,4,4,0,2026-08-19,2,2,2,1,76.037804,100.0,88.0,盘中候选，等待收盘确认；上一交易日也在Top100,aster-consensus-agent-ranking.csv
盘中候选,Aster Research,v2 Balanced,Aster,Aster Research · v2 Balanced,TCOM,Trip.com Group Limited - American Depositary Shares,,1,1,0,2026-08-19,7,-6,2,1,45.990002,85.94,87.9,盘中候选，等待收盘确认；上一交易日也在Top100,aster-v2-balanced-ranking.csv
盘中候选,Early,Russell,4小时,Early · Russell · 4小时,LCII,LCI INDUSTRIES,Consumer Discretionary,3,3,0,2026-08-19,22,-19,2,1,105.910004,92.61,87.8,盘中候选，等待收盘确认；上一交易日也在Top100,early-russell2000-4h-signal-ranking.csv
盘中候选,Aster Research,单一信号 EMA Candle Capture,Aster,Aster Research · 单一信号 EMA Candle Capture,KMB,Kimberly-Clark,Consumer Staples,2,2,0,2026-08-19,38,-36,2,1,109.279999,89.0,87.8,盘中候选，等待收盘确认；上一交易日也在Top100,aster-ema-candle-capture-ranking.csv
盘中候选,Aster Research,共识Agent 多榜单共振,Aster,Aster Research · 共识Agent 多榜单共振,SNDA,SONIDA SENIOR LIVING,Health Care,5,5,0,2026-08-19,44,-39,2,1,40.799999,100.0,87.7,盘中候选，等待收盘确认；上一交易日也在Top100,aster-consensus-agent-ranking.csv
盘中候选,Prism,S&P 500,4小时,Prism · S&P 500 · 4小时,XYZ,"Block, Inc.",Financials,1,1,0,2026-08-19,3,-2,2,1,80.584999,81.15,87.6,盘中候选，等待收盘确认；上一交易日也在Top100,prism-spx-4h-signal-ranking.csv
盘中候选,Prism,Nasdaq 200,4小时,Prism · Nasdaq 200 · 4小时,AFRM,"Affirm Holdings, Inc. - Class A Common Stock",,1,1,0,2026-08-19,1,0,2,1,76.037804,82.16,87.6,盘中候选，等待收盘确认；上一交易日也在Top100,prism-nasdaq200-4h-signal-ranking.csv
盘中候选,Aster Call,All,Aster,Aster Call,FINW,FINWISE BANCORP,Financials,3,3,0,2026-08-19,43,-40,2,1,14.14,90.13,87.6,盘中候选，等待收盘确认；上一交易日也在Top100,aster-call-ranking.csv
盘中候选,Early,S&P 500,4小时,Early · S&P 500 · 4小时,SPGI,S&P Global,Financials,3,3,0,2026-08-19,81,-78,2,1,426.720001,89.84,87.5,盘中候选，等待收盘确认；上一交易日也在Top100,early-spx-4h-signal-ranking.csv
盘中候选,Aster Research,单一信号 EMA Cross,Aster,Aster Research · 单一信号 EMA Cross,MAZE,MAZE THERAPEUTICS,Health Care,4,4,0,2026-08-19,3,1,2,1,29.110001,93.1,87.5,盘中候选，等待收盘确认；上一交易日也在Top100,aster-ema-cross-ranking.csv
盘中候选,Early,Russell,4小时,Early · Russell · 4小时,HNRG,HALLADOR ENERGY,Utilities,4,4,0,2026-08-19,17,-13,2,1,16.25,92.33,87.4,盘中候选，等待收盘确认；上一交易日也在Top100,early-russell2000-4h-signal-ranking.csv
盘中候选,Prism,Nasdaq Liquid 500,4小时,Prism · Nasdaq Liquid 500 · 4小时,AFRM,"Affirm Holdings, Inc. - Class A Common Stock",,1,1,0,2026-08-19,3,-2,2,1,76.037804,79.21,87.4,盘中候选，等待收盘确认；上一交易日也在Top100,prism-nasdaq500-4h-signal-ranking.csv
盘中候选,Prism,Russell,4小时,Prism · Russell · 4小时,MC,MOELIS CLASS A,Financials,1,1,0,2026-08-19,5,-4,2,1,67.599998,79.13,87.4,盘中候选，等待收盘确认；上一交易日也在Top100,prism-russell2000-4h-signal-ranking.csv
盘中候选,Early,Nasdaq Liquid 500,4小时,Early · Nasdaq Liquid 500 · 4小时,VNOM,"Viper Energy, Inc.  - Class A Common Stock",,4,4,0,2026-08-19,83,-79,2,1,44.945,91.58,87.3,盘中候选，等待收盘确认；上一交易日也在Top100,early-nasdaq500-4h-signal-ranking.csv
盘中候选,Aster Research,v4 Tactical Breakout,Aster,Aster Research · v4 Tactical Breakout,MC,MOELIS CLASS A,Financials,5,5,0,2026-08-19,8,-3,2,1,67.599998,95.7,87.3,盘中候选，等待收盘确认；上一交易日也在Top100,aster-v4-tactical-breakout-ranking.csv
盘中候选,Aster Research,共识Agent 多榜单共振,Aster,Aster Research · 共识Agent 多榜单共振,MC,MOELIS CLASS A,Financials,6,6,0,2026-08-19,26,-20,2,1,67.599998,100.0,87.3,盘中候选，等待收盘确认；上一交易日也在Top100,aster-consensus-agent-ranking.csv
盘中候选,Aster Call,All,Aster,Aster Call,TIPT,TIPTREE INC,Financials,4,4,0,2026-08-19,8,-4,2,1,18.370001,90.1,87.2,盘中候选，等待收盘确认；上一交易日也在Top100,aster-call-ranking.csv
盘中候选,Aster Research,v3 Quality Momentum,Aster,Aster Research · v3 Quality Momentum,SAM,BOSTON BEER CLASS A,Consumer Staples,3,3,0,2026-08-19,5,-2,2,1,186.789993,85.98,87.2,盘中候选，等待收盘确认；上一交易日也在Top100,aster-v3-quality-momentum-ranking.csv
盘中候选,Prism,S&P 500,4小时,Prism · S&P 500 · 4小时,ZTS,Zoetis,Health Care,2,2,0,2026-08-19,2,0,2,1,75.330399,79.96,87.1,盘中候选，等待收盘确认；上一交易日也在Top100,prism-spx-4h-signal-ranking.csv
盘中候选,Aster Research,v5 Risk Adjusted,Aster,Aster Research · v5 Risk Adjusted,TCOM,Trip.com Group Limited - American Depositary Shares,,2,2,0,2026-08-19,7,-5,2,1,45.990002,80.59,87.1,盘中候选，等待收盘确认；上一交易日也在Top100,aster-v5-risk-adjusted-ranking.csv
盘中候选,Aster Research,单一信号 EMA Cross,Aster,Aster Research · 单一信号 EMA Cross,RCKT,ROCKET PHARMACEUTICALS,Health Care,5,5,0,2026-08-19,5,0,2,1,3.48,92.7,87.1,盘中候选，等待收盘确认；上一交易日也在Top100,aster-ema-cross-ranking.csv
盘中候选,Early,Russell,4小时,Early · Russell · 4小时,SNDA,SONIDA SENIOR LIVING,Health Care,5,5,0,2026-08-19,19,-14,2,1,40.799999,92.19,87.0,盘中候选，等待收盘确认；上一交易日也在Top100,early-russell2000-4h-signal-ranking.csv
盘中候选,Prism,Nasdaq Liquid 500,4小时,Prism · Nasdaq Liquid 500 · 4小时,PDD,PDD Holdings Inc. - American Depositary Shares,,2,2,0,2026-08-19,83,-81,2,1,88.489998,77.58,86.9,盘中候选，等待收盘确认；上一交易日也在Top100,prism-nasdaq500-4h-signal-ranking.csv
盘中候选,Aster Research,共识Agent 多榜单共振,Aster,Aster Research · 共识Agent 多榜单共振,TIPT,TIPTREE INC,Financials,7,7,0,2026-08-19,8,-1,2,1,18.370001,100.0,86.9,盘中候选，等待收盘确认；上一交易日也在Top100,aster-consensus-agent-ranking.csv
盘中候选,Aster Research,v3 Quality Momentum,Aster,Aster Research · v3 Quality Momentum,TCOM,Trip.com Group Limited - American Depositary Shares,,4,4,0,2026-08-19,7,-3,2,1,45.990002,85.29,86.8,盘中候选，等待收盘确认；上一交易日也在Top100,aster-v3-quality-momentum-ranking.csv
盘中候选,Aster Research,单一信号 EMA Candle Capture,Aster,Aster Research · 单一信号 EMA Candle Capture,TIPT,TIPTREE INC,Financials,5,5,0,2026-08-19,41,-36,2,1,18.370001,89.0,86.8,盘中候选，等待收盘确认；上一交易日也在Top100,aster-ema-candle-capture-ranking.csv
盘中候选,Prism,S&P 500,4小时,Prism · S&P 500 · 4小时,AOS,A. O. Smith,Industrials,3,3,0,2026-08-19,26,-23,2,1,62.830002,79.35,86.7,盘中候选，等待收盘确认；上一交易日也在Top100,prism-spx-4h-signal-ranking.csv
盘中候选,Aster Research,v2 Balanced,Aster,Aster Research · v2 Balanced,TIPT,TIPTREE INC,Financials,4,4,0,2026-08-19,9,-5,2,1,18.370001,83.71,86.7,盘中候选，等待收盘确认；上一交易日也在Top100,aster-v2-balanced-ranking.csv
盘中候选,Aster Research,单一信号 EMA Cross,Aster,Aster Research · 单一信号 EMA Cross,KROS,KEROS THERAPEUTICS,Health Care,6,6,0,2026-08-19,2,4,2,1,10.59,92.6,86.7,盘中候选，等待收盘确认；上一交易日也在Top100,aster-ema-cross-ranking.csv
盘中候选,Prism,Russell,4小时,Prism · Russell · 4小时,CWH,CAMPING WORLD HOLDINGS INC CLASS A,Consumer Discretionary,3,3,0,2026-08-19,68,-65,2,1,6.36,78.36,86.6,盘中候选，等待收盘确认；上一交易日也在Top100,prism-russell2000-4h-signal-ranking.csv
盘中候选,Aster Research,v4 Tactical Breakout,Aster,Aster Research · v4 Tactical Breakout,MGPI,MGP INGREDIENTS INC,Consumer Staples,7,7,0,2026-08-19,21,-14,2,1,17.73,95.42,86.6,盘中候选，等待收盘确认；上一交易日也在Top100,aster-v4-tactical-breakout-ranking.csv
盘中候选,Early,Nasdaq Liquid 500,4小时,Early · Nasdaq Liquid 500 · 4小时,TCOM,Trip.com Group Limited - American Depositary Shares,,6,6,0,2026-08-19,5,1,2,1,45.990002,89.93,86.5,盘中候选，等待收盘确认；上一交易日也在Top100,early-nasdaq500-4h-signal-ranking.csv
盘中候选,Prism,Nasdaq Liquid 500,4小时,Prism · Nasdaq Liquid 500 · 4小时,BBIO,"BridgeBio Pharma, Inc. - Common Stock",,3,3,0,2026-08-19,8,-5,2,1,83.525002,77.36,86.5,盘中候选，等待收盘确认；上一交易日也在Top100,prism-nasdaq500-4h-signal-ranking.csv
盘中候选,Early,S&P 500,4小时,Early · S&P 500 · 4小时,TMUS,T-Mobile US,Communication Services,5,5,0,2026-08-19,3,2,2,1,182.085007,84.21,86.4,盘中候选，等待收盘确认；上一交易日也在Top100,early-spx-4h-signal-ranking.csv
盘中候选,Aster Call,All,Aster,Aster Call,ASND,Ascendis Pharma A/S - Ordinary Share,,6,6,0,2026-08-19,47,-41,2,1,258.98999,88.75,86.4,盘中候选，等待收盘确认；上一交易日也在Top100,aster-call-ranking.csv
盘中候选,Aster Research,单一信号 EMA Candle Capture,Aster,Aster Research · 单一信号 EMA Candle Capture,RXRX,RECURSION PHARMACEUTICALS CLASS A,Health Care,6,6,0,2026-08-19,36,-30,2,1,3.32,89.0,86.4,盘中候选，等待收盘确认；上一交易日也在Top100,aster-ema-candle-capture-ranking.csv
盘中候选,Early,Nasdaq 200,4小时,Early · Nasdaq 200 · 4小时,AFRM,"Affirm Holdings, Inc. - Class A Common Stock",,6,6,0,2026-08-19,1,5,2,1,76.037804,87.54,86.3,盘中候选，等待收盘确认；上一交易日也在Top100,early-nasdaq200-4h-signal-ranking.csv
盘中候选,Early,Russell,4小时,Early · Russell · 4小时,ORC,ORCHID ISLAND CAPITAL INC,Financials,7,7,0,2026-08-19,13,-6,2,1,6.77,91.8,86.3,盘中候选，等待收盘确认；上一交易日也在Top100,early-russell2000-4h-signal-ranking.csv
盘中候选,Aster Research,v2 Balanced,Aster,Aster Research · v2 Balanced,PAHC,PHIBRO ANIMAL HEALTH CORP CLASS A,Health Care,5,5,0,2026-08-19,16,-11,2,1,35.209999,83.65,86.3,盘中候选，等待收盘确认；上一交易日也在Top100,aster-v2-balanced-ranking.csv
盘中候选,Aster Research,单一信号 EMA Cross,Aster,Aster Research · 单一信号 EMA Cross,MNKD,MANNKIND,Health Care,7,7,0,2026-08-19,43,-36,2,1,4.225,92.1,86.3,盘中候选，等待收盘确认；上一交易日也在Top100,aster-ema-cross-ranking.csv
盘中候选,Prism,Russell,4小时,Prism · Russell · 4小时,CENT,CENTRAL GARDEN AND PET,Consumer Staples,4,4,0,2026-08-19,11,-7,2,1,43.919998,77.93,86.2,盘中候选，等待收盘确认；上一交易日也在Top100,prism-russell2000-4h-signal-ranking.csv
盘中候选,Aster Research,v4 Tactical Breakout,Aster,Aster Research · v4 Tactical Breakout,XYZ,"Block, Inc.",Financials,8,8,0,2026-08-19,12,-4,2,1,80.584999,94.49,86.1,盘中候选，等待收盘确认；上一交易日也在Top100,aster-v4-tactical-breakout-ranking.csv
盘中候选,Early,S&P 500,4小时,Early · S&P 500 · 4小时,XYZ,"Block, Inc.",Financials,6,6,0,2026-08-19,6,0,2,1,80.584999,83.68,86.0,盘中候选，等待收盘确认；上一交易日也在Top100,early-spx-4h-signal-ranking.csv
盘中候选,Aster Research,v5 Risk Adjusted,Aster,Aster Research · v5 Risk Adjusted,CHKP,Check Point Software Technologies Ltd. - Ordinary Shares,,5,5,0,2026-08-19,21,-16,2,1,132.455002,79.27,86.0,盘中候选，等待收盘确认；上一交易日也在Top100,aster-v5-risk-adjusted-ranking.csv
盘中候选,Aster Research,v3 Quality Momentum,Aster,Aster Research · v3 Quality Momentum,CALX,CALIX NETWORKS,Information Technology,6,6,0,2026-08-19,33,-27,2,1,40.635399,84.68,86.0,盘中候选，等待收盘确认；上一交易日也在Top100,aster-v3-quality-momentum-ranking.csv
盘中候选,Aster Research,单一信号 EMA Candle Capture,Aster,Aster Research · 单一信号 EMA Candle Capture,DNUT,KRISPY KREME,Consumer Discretionary,7,7,0,2026-08-19,26,-19,2,1,3.48,89.0,86.0,盘中候选，等待收盘确认；上一交易日也在Top100,aster-ema-candle-capture-ranking.csv
盘中候选,Early,Nasdaq Liquid 500,4小时,Early · Nasdaq Liquid 500 · 4小时,TMUS,T-Mobile US,Communication Services,7,7,0,2026-08-19,8,-1,2,1,182.085007,87.84,85.9,盘中候选，等待收盘确认；上一交易日也在Top100,early-nasdaq500-4h-signal-ranking.csv
盘中候选,Early,Nasdaq 200,4小时,Early · Nasdaq 200 · 4小时,MSTR,Strategy Inc - Class A Common Stock,,7,7,0,2026-08-19,43,-36,2,1,111.760002,86.65,85.8,盘中候选，等待收盘确认；上一交易日也在Top100,early-nasdaq200-4h-signal-ranking.csv
盘中候选,Prism,Nasdaq Liquid 500,4小时,Prism · Nasdaq Liquid 500 · 4小时,COIN,Coinbase,Financials,5,5,0,2026-08-19,27,-22,2,1,171.270004,76.99,85.8,盘中候选，等待收盘确认；上一交易日也在Top100,prism-nasdaq500-4h-signal-ranking.csv
盘中候选,Prism,Russell,4小时,Prism · Russell · 4小时,TIPT,TIPTREE INC,Financials,5,5,0,2026-08-19,6,-1,2,1,18.370001,77.79,85.8,盘中候选，等待收盘确认；上一交易日也在Top100,prism-russell2000-4h-signal-ranking.csv
盘中候选,Aster Research,单一信号 EMA Cross,Aster,Aster Research · 单一信号 EMA Cross,STRZ,STARZ ENTERTAINMENT,Communication,8,8,0,2026-08-19,39,-31,2,1,27.4,90.25,85.8,盘中候选，等待收盘确认；上一交易日也在Top100,aster-ema-cross-ranking.csv
盘中候选,Aster Research,v4 Tactical Breakout,Aster,Aster Research · v4 Tactical Breakout,AFRM,"Affirm Holdings, Inc. - Class A Common Stock",,9,9,0,2026-08-19,24,-15,2,1,76.037804,94.42,85.8,盘中候选，等待收盘确认；上一交易日也在Top100,aster-v4-tactical-breakout-ranking.csv
盘中候选,Aster Research,v3 Quality Momentum,Aster,Aster Research · v3 Quality Momentum,DMC,DEL MONTE,Consumer Staples,7,7,0,2026-08-19,10,-3,2,1,31.299,84.6,85.7,盘中候选，等待收盘确认；上一交易日也在Top100,aster-v3-quality-momentum-ranking.csv
盘中候选,Aster Research,单一趋势 Trend Relay,Aster,Aster Research · 单一趋势 Trend Relay,INTU,Intuit,Information Technology,9,9,0,2026-08-19,5,4,2,1,361.315002,94.0,85.7,盘中候选，等待收盘确认；上一交易日也在Top100,aster-trend-relay-ranking.csv
盘中候选,Early,Nasdaq Liquid 500,4小时,Early · Nasdaq Liquid 500 · 4小时,MSTR,Strategy Inc - Class A Common Stock,,8,8,0,2026-08-19,84,-76,2,1,111.760002,87.42,85.5,盘中候选，等待收盘确认；上一交易日也在Top100,early-nasdaq500-4h-signal-ranking.csv
盘中候选,Aster Research,共识Agent 多榜单共振,Aster,Aster Research · 共识Agent 多榜单共振,ECL,Ecolab,Materials,11,11,0,2026-08-19,5,6,2,1,285.445007,100.0,85.5,盘中候选，等待收盘确认；上一交易日也在Top100,aster-consensus-agent-ranking.csv
盘中候选,Prism,S&P 500,4小时,Prism · S&P 500 · 4小时,PM,Philip Morris International,Consumer Staples,6,6,0,2026-08-19,63,-57,2,1,190.695007,76.95,85.4,盘中候选，等待收盘确认；上一交易日也在Top100,prism-spx-4h-signal-ranking.csv
盘中候选,Prism,Russell,4小时,Prism · Russell · 4小时,CWST,CASELLA WASTE SYSTEMS CLASS A,Industrials,6,6,0,2026-08-19,10,-4,2,1,92.269997,77.41,85.4,盘中候选，等待收盘确认；上一交易日也在Top100,prism-russell2000-4h-signal-ranking.csv
盘中候选,Aster Research,单一信号 EMA Cross,Aster,Aster Research · 单一信号 EMA Cross,HROW,HARROW,Health Care,9,9,0,2026-08-19,7,2,2,1,42.18,90.25,85.4,盘中候选，等待收盘确认；上一交易日也在Top100,aster-ema-cross-ranking.csv
盘中候选,Aster Research,单一信号 EMA Candle Capture,Aster,Aster Research · 单一信号 EMA Candle Capture,HROW,HARROW,Health Care,8,8,0,2026-08-19,19,-11,2,1,42.18,85.0,85.3,盘中候选，等待收盘确认；上一交易日也在Top100,aster-ema-candle-capture-ranking.csv
盘中候选,Aster Research,v4 Tactical Breakout,Aster,Aster Research · v4 Tactical Breakout,TIPT,TIPTREE INC,Financials,10,10,0,2026-08-19,7,3,2,1,18.370001,93.63,85.3,盘中候选，等待收盘确认；上一交易日也在Top100,aster-v4-tactical-breakout-ranking.csv
盘中候选,Aster Research,v5 Risk Adjusted,Aster,Aster Research · v5 Risk Adjusted,DMC,DEL MONTE,Consumer Staples,7,7,0,2026-08-19,13,-6,2,1,31.299,78.82,85.2,盘中候选，等待收盘确认；上一交易日也在Top100,aster-v5-risk-adjusted-ranking.csv
盘中候选,Aster Research,v2 Balanced,Aster,Aster Research · v2 Balanced,DMC,DEL MONTE,Consumer Staples,8,8,0,2026-08-19,18,-10,2,1,31.299,83.14,85.2,盘中候选，等待收盘确认；上一交易日也在Top100,aster-v2-balanced-ranking.csv
盘中候选,Early,Nasdaq Liquid 500,4小时,Early · Nasdaq Liquid 500 · 4小时,AFRM,"Affirm Holdings, Inc. - Class A Common Stock",,9,9,0,2026-08-19,1,8,2,1,76.037804,86.98,85.1,盘中候选，等待收盘确认；上一交易日也在Top100,early-nasdaq500-4h-signal-ranking.csv
盘中候选,Aster Research,单一信号 EMA Cross,Aster,Aster Research · 单一信号 EMA Cross,CWST,CASELLA WASTE SYSTEMS CLASS A,Industrials,10,10,0,2026-08-19,6,4,2,1,92.269997,90.25,85.1,盘中候选，等待收盘确认；上一交易日也在Top100,aster-ema-cross-ranking.csv
盘中候选,Prism,Russell,4小时,Prism · Russell · 4小时,SNDA,SONIDA SENIOR LIVING,Health Care,7,7,0,2026-08-19,51,-44,2,1,40.799999,76.97,85.0,盘中候选，等待收盘确认；上一交易日也在Top100,prism-russell2000-4h-signal-ranking.csv
盘中候选,Aster Research,单一信号 EMA Candle Capture,Aster,Aster Research · 单一信号 EMA Candle Capture,RCKT,ROCKET PHARMACEUTICALS,Health Care,9,9,0,2026-08-19,25,-16,2,1,3.48,85.0,85.0,盘中候选，等待收盘确认；上一交易日也在Top100,aster-ema-candle-capture-ranking.csv
盘中候选,Aster Research,单一趋势 Trend Relay,Aster,Aster Research · 单一趋势 Trend Relay,TRMB,Trimble Inc.,Information Technology,11,11,0,2026-08-19,4,7,2,1,59.240002,94.0,85.0,盘中候选，等待收盘确认；上一交易日也在Top100,aster-trend-relay-ranking.csv
盘中候选,Aster Call,All,Aster,Aster Call,MC,MOELIS CLASS A,Financials,10,10,0,2026-08-19,9,1,2,1,67.599998,87.98,84.9,盘中候选，等待收盘确认；上一交易日也在Top100,aster-call-ranking.csv
盘中候选,Aster Research,v5 Risk Adjusted,Aster,Aster Research · v5 Risk Adjusted,PAHC,PHIBRO ANIMAL HEALTH CORP CLASS A,Health Care,8,8,0,2026-08-19,17,-9,2,1,35.209999,78.66,84.8,盘中候选，等待收盘确认；上一交易日也在Top100,aster-v5-risk-adjusted-ranking.csv
盘中候选,Aster Research,共识Agent 多榜单共振,Aster,Aster Research · 共识Agent 多榜单共振,KDP,Keurig Dr Pepper,Consumer Staples,13,13,0,2026-08-19,46,-33,2,1,31.42,100.0,84.8,盘中候选，等待收盘确认；上一交易日也在Top100,aster-consensus-agent-ranking.csv
盘中候选,Early,S&P 500,4小时,Early · S&P 500 · 4小时,AOS,A. O. Smith,Industrials,9,9,0,2026-08-19,27,-18,2,1,62.830002,81.86,84.7,盘中候选，等待收盘确认；上一交易日也在Top100,early-spx-4h-signal-ranking.csv
盘中候选,Prism,Russell,4小时,Prism · Russell · 4小时,FIZZ,NATIONAL BEVERAGE,Consumer Staples,8,8,0,2026-08-19,22,-14,2,1,31.924999,76.89,84.7,盘中候选，等待收盘确认；上一交易日也在Top100,prism-russell2000-4h-signal-ranking.csv
盘中候选,Prism,S&P 500,4小时,Prism · S&P 500 · 4小时,DHI,D. R. Horton,Consumer Discretionary,8,8,0,2026-08-19,8,0,2,1,148.619995,76.15,84.6,盘中候选，等待收盘确认；上一交易日也在Top100,prism-spx-4h-signal-ranking.csv
盘中候选,Aster Research,单一趋势 Trend Relay,Aster,Aster Research · 单一趋势 Trend Relay,AXON,Axon Enterprise,Industrials,12,12,0,2026-08-19,8,4,2,1,631.804993,94.0,84.6,盘中候选，等待收盘确认；上一交易日也在Top100,aster-trend-relay-ranking.csv
盘中候选,Aster Research,v2 Balanced,Aster,Aster Research · v2 Balanced,CHKP,Check Point Software Technologies Ltd. - Ordinary Shares,,10,10,0,2026-08-19,37,-27,2,1,132.455002,83.02,84.5,盘中候选，等待收盘确认；上一交易日也在Top100,aster-v2-balanced-ranking.csv
盘中候选,Aster Research,v3 Quality Momentum,Aster,Aster Research · v3 Quality Momentum,PAHC,PHIBRO ANIMAL HEALTH CORP CLASS A,Health Care,10,10,0,2026-08-19,16,-6,2,1,35.209999,83.7,84.5,盘中候选，等待收盘确认；上一交易日也在Top100,aster-v3-quality-momentum-ranking.csv
盘中候选,Prism,Nasdaq 200,4小时,Prism · Nasdaq 200 · 4小时,PDD,PDD Holdings Inc. - American Depositary Shares,,9,9,0,2026-08-19,56,-47,2,1,88.489998,77.57,84.4,盘中候选，等待收盘确认；上一交易日也在Top100,prism-nasdaq200-4h-signal-ranking.csv
盘中候选,Prism,Russell,4小时,Prism · Russell · 4小时,LCII,LCI INDUSTRIES,Consumer Discretionary,9,9,0,2026-08-19,70,-61,2,1,105.910004,76.74,84.3,盘中候选，等待收盘确认；上一交易日也在Top100,prism-russell2000-4h-signal-ranking.csv
盘中候选,Prism,S&P 500,4小时,Prism · S&P 500 · 4小时,BRO,Brown & Brown,Financials,9,9,0,2026-08-19,28,-19,2,1,72.129997,75.73,84.2,盘中候选，等待收盘确认；上一交易日也在Top100,prism-spx-4h-signal-ranking.csv
盘中候选,Aster Research,v3 Quality Momentum,Aster,Aster Research · v3 Quality Momentum,TIPT,TIPTREE INC,Financials,11,11,0,2026-08-19,8,3,2,1,18.370001,83.65,84.2,盘中候选，等待收盘确认；上一交易日也在Top100,aster-v3-quality-momentum-ranking.csv
盘中候选,Aster Research,v5 Risk Adjusted,Aster,Aster Research · v5 Risk Adjusted,TIPT,TIPTREE INC,Financials,10,10,0,2026-08-19,9,1,2,1,18.370001,78.43,84.1,盘中候选，等待收盘确认；上一交易日也在Top100,aster-v5-risk-adjusted-ranking.csv
盘中候选,Early,Nasdaq Liquid 500,4小时,Early · Nasdaq Liquid 500 · 4小时,MTCH,"Match Group, Inc. - Common Stock",,11,11,0,2026-08-19,2,9,2,1,39.91,81.44,84.0,盘中候选，等待收盘确认；上一交易日也在Top100,early-nasdaq500-4h-signal-ranking.csv
盘中候选,Prism,Nasdaq 200,4小时,Prism · Nasdaq 200 · 4小时,MELI,"MercadoLibre, Inc. - Common Stock",,10,10,0,2026-08-19,9,1,2,1,1898.564941,77.03,84.0,盘中候选，等待收盘确认；上一交易日也在Top100,prism-nasdaq200-4h-signal-ranking.csv
盘中候选,Prism,S&P 500,4小时,Prism · S&P 500 · 4小时,COIN,Coinbase,Financials,10,10,0,2026-08-19,48,-38,2,1,171.270004,75.61,83.9,盘中候选，等待收盘确认；上一交易日也在Top100,prism-spx-4h-signal-ranking.csv
盘中候选,Prism,Nasdaq Liquid 500,4小时,Prism · Nasdaq Liquid 500 · 4小时,MELI,"MercadoLibre, Inc. - Common Stock",,10,10,0,2026-08-19,9,1,2,1,1898.564941,76.43,83.9,盘中候选，等待收盘确认；上一交易日也在Top100,prism-nasdaq500-4h-signal-ranking.csv
盘中候选,Prism,Russell,4小时,Prism · Russell · 4小时,LAND,GLADSTONE LAND REIT CORP,Real Estate,10,10,0,2026-08-19,48,-38,2,1,8.639,76.55,83.9,盘中候选，等待收盘确认；上一交易日也在Top100,prism-russell2000-4h-signal-ranking.csv
盘中候选,Aster Research,单一趋势 Trend Relay,Aster,Aster Research · 单一趋势 Trend Relay,CMCSA,Comcast,Communication Services,14,14,0,2026-08-19,9,5,2,1,26.605,94.0,83.9,盘中候选，等待收盘确认；上一交易日也在Top100,aster-trend-relay-ranking.csv
盘中候选,Aster Research,单一信号 EMA Candle Capture,Aster,Aster Research · 单一信号 EMA Candle Capture,AMZN,Amazon,Consumer Discretionary,12,12,0,2026-08-19,2,10,2,1,262.480011,84.0,83.8,盘中候选，等待收盘确认；上一交易日也在Top100,aster-ema-candle-capture-ranking.csv
盘中候选,Aster Research,v4 Tactical Breakout,Aster,Aster Research · v4 Tactical Breakout,RCKT,ROCKET PHARMACEUTICALS,Health Care,14,14,0,2026-08-19,15,-1,2,1,3.48,92.39,83.8,盘中候选，等待收盘确认；上一交易日也在Top100,aster-v4-tactical-breakout-ranking.csv
盘中候选,Aster Research,v5 Risk Adjusted,Aster,Aster Research · v5 Risk Adjusted,SAM,BOSTON BEER CLASS A,Consumer Staples,11,11,0,2026-08-19,5,6,2,1,186.789993,78.27,83.7,盘中候选，等待收盘确认；上一交易日也在Top100,aster-v5-risk-adjusted-ranking.csv
盘中候选,Aster Research,v2 Balanced,Aster,Aster Research · v2 Balanced,IPI,INTREPID POTASH INC,Materials,12,12,0,2026-08-19,20,-8,2,1,38.18,82.19,83.7,盘中候选，等待收盘确认；上一交易日也在Top100,aster-v2-balanced-ranking.csv
盘中候选,Early,Nasdaq 200,4小时,Early · Nasdaq 200 · 4小时,MELI,"MercadoLibre, Inc. - Common Stock",,12,12,0,2026-08-19,12,0,2,1,1898.564941,80.03,83.5,盘中候选，等待收盘确认；上一交易日也在Top100,early-nasdaq200-4h-signal-ranking.csv
盘中候选,Prism,Nasdaq 200,4小时,Prism · Nasdaq 200 · 4小时,TCOM,Trip.com Group Limited - American Depositary Shares,,11,11,0,2026-08-19,12,-1,2,1,45.990002,75.73,83.5,盘中候选，等待收盘确认；上一交易日也在Top100,prism-nasdaq200-4h-signal-ranking.csv
盘中候选,Prism,Nasdaq Liquid 500,4小时,Prism · Nasdaq Liquid 500 · 4小时,WMG,Warner Music Group Corp. - Class A Common Stock,,11,11,0,2026-08-19,20,-9,2,1,27.125,76.21,83.5,盘中候选，等待收盘确认；上一交易日也在Top100,prism-nasdaq500-4h-signal-ranking.csv
盘中候选,Aster Research,单一信号 EMA Candle Capture,Aster,Aster Research · 单一信号 EMA Candle Capture,AJG,Arthur J. Gallagher & Co.,Financials,13,13,0,2026-08-19,3,10,2,1,260.769989,84.0,83.5,盘中候选，等待收盘确认；上一交易日也在Top100,aster-ema-candle-capture-ranking.csv
盘中候选,Early,S&P 500,4小时,Early · S&P 500 · 4小时,PM,Philip Morris International,Consumer Staples,12,12,0,2026-08-19,15,-3,2,1,190.695007,79.49,83.4,盘中候选，等待收盘确认；上一交易日也在Top100,early-spx-4h-signal-ranking.csv
盘中候选,Aster Research,v3 Quality Momentum,Aster,Aster Research · v3 Quality Momentum,USGO,US GOLDMINING INC,Materials,13,13,0,2026-08-19,41,-28,2,1,9.0,83.53,83.4,盘中候选，等待收盘确认；上一交易日也在Top100,aster-v3-quality-momentum-ranking.csv
盘中候选,Aster Research,单一信号 EMA Cross,Aster,Aster Research · 单一信号 EMA Cross,ENTA,ENANTA PHARMACEUTICALS INC,Health Care,14,14,0,2026-08-19,1,13,2,1,13.29,87.4,83.4,盘中候选，等待收盘确认；上一交易日也在Top100,aster-ema-cross-ranking.csv
盘中候选,Aster Call,All,Aster,Aster Call,PAHC,PHIBRO ANIMAL HEALTH CORP CLASS A,Health Care,14,14,0,2026-08-19,23,-9,2,1,35.209999,86.74,83.3,盘中候选，等待收盘确认；上一交易日也在Top100,aster-call-ranking.csv
盘中候选,Aster Research,共识Agent 多榜单共振,Aster,Aster Research · 共识Agent 多榜单共振,FINW,FINWISE BANCORP,Financials,17,17,0,2026-08-19,45,-28,2,1,14.14,100.0,83.3,盘中候选，等待收盘确认；上一交易日也在Top100,aster-consensus-agent-ranking.csv
盘中候选,Early,Nasdaq Liquid 500,4小时,Early · Nasdaq Liquid 500 · 4小时,PFSA,"Profusa, Inc. - Common Stock",,13,13,0,2026-08-19,17,-4,2,1,9.67,81.18,83.2,盘中候选，等待收盘确认；上一交易日也在Top100,early-nasdaq500-4h-signal-ranking.csv
盘中候选,Prism,Russell,4小时,Prism · Russell · 4小时,XZO,EXZEO GROUP INC,Financials,12,12,0,2026-08-19,26,-14,2,1,16.01,76.45,83.2,盘中候选，等待收盘确认；上一交易日也在Top100,prism-russell2000-4h-signal-ranking.csv
盘中候选,Early,Russell,4小时,Early · Russell · 4小时,STC,STEWART INFO SERVICES CORP,Financials,15,15,0,2026-08-19,4,11,2,1,68.480003,88.51,83.1,盘中候选，等待收盘确认；上一交易日也在Top100,early-russell2000-4h-signal-ranking.csv
盘中候选,Aster Research,单一信号 EMA Candle Capture,Aster,Aster Research · 单一信号 EMA Candle Capture,PGR,Progressive Corporation,Financials,14,14,0,2026-08-19,11,3,2,1,221.550003,84.0,83.1,盘中候选，等待收盘确认；上一交易日也在Top100,aster-ema-candle-capture-ranking.csv
盘中候选,Aster Call,All,Aster,Aster Call,CHKP,Check Point Software Technologies Ltd. - Ordinary Shares,,15,15,0,2026-08-19,38,-23,2,1,132.455002,86.73,83.0,盘中候选，等待收盘确认；上一交易日也在Top100,aster-call-ranking.csv
盘中候选,Aster Research,共识Agent 多榜单共振,Aster,Aster Research · 共识Agent 多榜单共振,DMC,DEL MONTE,Consumer Staples,18,18,0,2026-08-19,35,-17,2,1,31.299,100.0,83.0,盘中候选，等待收盘确认；上一交易日也在Top100,aster-consensus-agent-ranking.csv
盘中候选,Prism,Russell,4小时,Prism · Russell · 4小时,MGPI,MGP INGREDIENTS INC,Consumer Staples,13,13,0,2026-08-19,2,11,2,1,17.73,76.43,82.8,盘中候选，等待收盘确认；上一交易日也在Top100,prism-russell2000-4h-signal-ranking.csv
盘中候选,Early,Russell,4小时,Early · Russell · 4小时,ENTA,ENANTA PHARMACEUTICALS INC,Health Care,16,16,0,2026-08-19,14,2,2,1,13.29,87.6,82.7,盘中候选，等待收盘确认；上一交易日也在Top100,early-russell2000-4h-signal-ranking.csv
盘中候选,Prism,S&P 500,4小时,Prism · S&P 500 · 4小时,NVR,"NVR, Inc.",Consumer Discretionary,13,13,0,2026-08-19,10,3,2,1,6349.930176,74.76,82.7,盘中候选，等待收盘确认；上一交易日也在Top100,prism-spx-4h-signal-ranking.csv
盘中候选,Aster Research,单一信号 EMA Candle Capture,Aster,Aster Research · 单一信号 EMA Candle Capture,BZ,KANZHUN LIMITED - American Depository Shares,,15,15,0,2026-08-19,4,11,2,1,15.69,84.0,82.7,盘中候选，等待收盘确认；上一交易日也在Top100,aster-ema-candle-capture-ranking.csv
盘中候选,Aster Research,v4 Tactical Breakout,Aster,Aster Research · v4 Tactical Breakout,BBIO,"BridgeBio Pharma, Inc. - Common Stock",,17,17,0,2026-08-19,27,-10,2,1,83.525002,92.08,82.7,盘中候选，等待收盘确认；上一交易日也在Top100,aster-v4-tactical-breakout-ranking.csv
盘中候选,Early,S&P 500,4小时,Early · S&P 500 · 4小时,BRO,Brown & Brown,Financials,14,14,0,2026-08-19,28,-14,2,1,72.129997,78.36,82.6,盘中候选，等待收盘确认；上一交易日也在Top100,early-spx-4h-signal-ranking.csv
盘中候选,Aster Call,All,Aster,Aster Call,BBIO,"BridgeBio Pharma, Inc. - Common Stock",,16,16,0,2026-08-19,40,-24,2,1,83.525002,86.68,82.6,盘中候选，等待收盘确认；上一交易日也在Top100,aster-call-ranking.csv
盘中候选,Early,Nasdaq Liquid 500,4小时,Early · Nasdaq Liquid 500 · 4小时,PDD,PDD Holdings Inc. - American Depositary Shares,,15,15,0,2026-08-19,26,-11,2,1,88.489998,80.57,82.5,盘中候选，等待收盘确认；上一交易日也在Top100,early-nasdaq500-4h-signal-ranking.csv
盘中候选,Prism,Nasdaq Liquid 500,4小时,Prism · Nasdaq Liquid 500 · 4小时,MTCH,"Match Group, Inc. - Common Stock",,14,14,0,2026-08-19,17,-3,2,1,39.91,75.98,82.4,盘中候选，等待收盘确认；上一交易日也在Top100,prism-nasdaq500-4h-signal-ranking.csv
盘中候选,Prism,Nasdaq 200,4小时,Prism · Nasdaq 200 · 4小时,MSTR,Strategy Inc - Class A Common Stock,,14,14,0,2026-08-19,4,10,2,1,111.760002,74.54,82.3,盘中候选，等待收盘确认；上一交易日也在Top100,prism-nasdaq200-4h-signal-ranking.csv
盘中候选,Aster Research,v2 Balanced,Aster,Aster Research · v2 Balanced,MC,MOELIS CLASS A,Financials,16,16,0,2026-08-19,10,6,2,1,67.599998,81.59,82.2,盘中候选，等待收盘确认；上一交易日也在Top100,aster-v2-balanced-ranking.csv
盘中候选,Aster Research,单一信号 EMA Cross,Aster,Aster Research · 单一信号 EMA Cross,DHI,D. R. Horton,Consumer Discretionary,17,17,0,2026-08-19,26,-9,2,1,148.619995,86.4,82.2,盘中候选，等待收盘确认；上一交易日也在Top100,aster-ema-cross-ranking.csv
盘中候选,Prism,Nasdaq Liquid 500,4小时,Prism · Nasdaq Liquid 500 · 4小时,TCOM,Trip.com Group Limited - American Depositary Shares,,15,15,0,2026-08-19,11,4,2,1,45.990002,75.91,82.1,盘中候选，等待收盘确认；上一交易日也在Top100,prism-nasdaq500-4h-signal-ranking.csv
盘中候选,Prism,Russell,4小时,Prism · Russell · 4小时,CMRE,COSTAMARE,Industrials,15,15,0,2026-08-19,27,-12,2,1,15.15,75.92,82.1,盘中候选，等待收盘确认；上一交易日也在Top100,prism-russell2000-4h-signal-ranking.csv
盘中候选,Aster Research,单一趋势 Trend Relay,Aster,Aster Research · 单一趋势 Trend Relay,FOXA,Fox Corporation (Class A),Communication Services,19,19,0,2026-08-19,11,8,2,1,68.550003,94.0,82.1,盘中候选，等待收盘确认；上一交易日也在Top100,aster-trend-relay-ranking.csv
盘中候选,Prism,S&P 500,4小时,Prism · S&P 500 · 4小时,TAP,Molson Coors Beverage Company,Consumer Staples,15,15,0,2026-08-19,17,-2,2,1,42.049999,74.57,82.0,盘中候选，等待收盘确认；上一交易日也在Top100,prism-spx-4h-signal-ranking.csv
盘中候选,Early,Russell,4小时,Early · Russell · 4小时,CRMD,CORMEDIX,Health Care,18,18,0,2026-08-19,24,-6,2,1,8.41,86.44,81.9,盘中候选，等待收盘确认；上一交易日也在Top100,early-russell2000-4h-signal-ranking.csv
盘中候选,Aster Research,共识Agent 多榜单共振,Aster,Aster Research · 共识Agent 多榜单共振,IPI,INTREPID POTASH INC,Materials,21,21,0,2026-08-19,22,-1,2,1,38.18,100.0,81.9,盘中候选，等待收盘确认；上一交易日也在Top100,aster-consensus-agent-ranking.csv
盘中候选,Early,S&P 500,4小时,Early · S&P 500 · 4小时,TAP,Molson Coors Beverage Company,Consumer Staples,16,16,0,2026-08-19,18,-2,2,1,42.049999,77.1,81.8,盘中候选，等待收盘确认；上一交易日也在Top100,early-spx-4h-signal-ranking.csv
盘中候选,Aster Research,v5 Risk Adjusted,Aster,Aster Research · v5 Risk Adjusted,SNDA,SONIDA SENIOR LIVING,Health Care,16,16,0,2026-08-19,43,-27,2,1,40.799999,77.42,81.8,盘中候选，等待收盘确认；上一交易日也在Top100,aster-v5-risk-adjusted-ranking.csv
盘中候选,Aster Research,单一趋势 Trend Relay,Aster,Aster Research · 单一趋势 Trend Relay,NFLX,Netflix,Communication Services,20,20,0,2026-08-19,10,10,2,1,80.400002,94.0,81.8,盘中候选，等待收盘确认；上一交易日也在Top100,aster-trend-relay-ranking.csv
盘中候选,Early,Nasdaq Liquid 500,4小时,Early · Nasdaq Liquid 500 · 4小时,MELI,"MercadoLibre, Inc. - Common Stock",,17,17,0,2026-08-19,19,-2,2,1,1898.564941,79.45,81.6,盘中候选，等待收盘确认；上一交易日也在Top100,early-nasdaq500-4h-signal-ranking.csv
盘中候选,Prism,S&P 500,4小时,Prism · S&P 500 · 4小时,CF,CF Industries,Materials,16,16,0,2026-08-19,27,-11,2,1,127.040001,74.14,81.6,盘中候选，等待收盘确认；上一交易日也在Top100,prism-spx-4h-signal-ranking.csv
盘中候选,Early,Russell,4小时,Early · Russell · 4小时,MC,MOELIS CLASS A,Financials,19,19,0,2026-08-19,20,-1,2,1,67.599998,86.34,81.5,盘中候选，等待收盘确认；上一交易日也在Top100,early-russell2000-4h-signal-ranking.csv
盘中候选,Aster Research,v3 Quality Momentum,Aster,Aster Research · v3 Quality Momentum,IPI,INTREPID POTASH INC,Materials,18,18,0,2026-08-19,13,5,2,1,38.18,82.46,81.5,盘中候选，等待收盘确认；上一交易日也在Top100,aster-v3-quality-momentum-ranking.csv
盘中候选,Aster Call,All,Aster,Aster Call,CTNM,CONTINEUM THERAPEUTICS INC CLASS A,Health Care,19,19,0,2026-08-19,35,-16,2,1,15.93,85.57,81.4,盘中候选，等待收盘确认；上一交易日也在Top100,aster-call-ranking.csv
盘中候选,Aster Research,单一趋势 Trend Relay,Aster,Aster Research · 单一趋势 Trend Relay,KDP,Keurig Dr Pepper,Consumer Staples,21,21,0,2026-08-19,6,15,2,1,31.42,94.0,81.4,盘中候选，等待收盘确认；上一交易日也在Top100,aster-trend-relay-ranking.csv
盘中候选,Prism,Russell,4小时,Prism · Russell · 4小时,STRZ,STARZ ENTERTAINMENT,Communication,17,17,0,2026-08-19,18,-1,2,1,27.4,75.83,81.3,盘中候选，等待收盘确认；上一交易日也在Top100,prism-russell2000-4h-signal-ranking.csv
盘中候选,Aster Call,All,Aster,Aster Call,XYZ,"Block, Inc.",Financials,20,20,0,2026-08-19,19,1,2,1,80.584999,85.44,81.1,盘中候选，等待收盘确认；上一交易日也在Top100,aster-call-ranking.csv
盘中候选,Early,Russell,4小时,Early · Russell · 4小时,TIPT,TIPTREE INC,Financials,20,20,0,2026-08-19,21,-1,2,1,18.370001,85.2,81.0,盘中候选，等待收盘确认；上一交易日也在Top100,early-russell2000-4h-signal-ranking.csv
盘中候选,Early,S&P 500,日线,Early · S&P 500 · 日线,ADBE,Adobe Inc.,Information Technology,1,1,0,2026-08-19,3,-2,2,1,272.899994,,80.9,盘中候选，等待收盘确认；上一交易日也在Top100,early-spx-ranking-timeline.csv
盘中候选,Early,Russell,日线,Early · Russell · 日线,DUOT,DUOS TECHNOLOGIES GROUP INC,Information Technology,1,1,0,2026-08-19,16,-15,2,1,11.015,,80.9,盘中候选，等待收盘确认；上一交易日也在Top100,early-russell2000-ranking-timeline.csv
盘中候选,Other,All,Ranking,aster-consensus-agent-ranking-timeline,ASND,Ascendis Pharma A/S - Ordinary Share,,1,1,0,2026-08-19,42,-41,2,1,258.98999,,80.9,盘中候选，等待收盘确认；上一交易日也在Top100,aster-consensus-agent-ranking-timeline.csv
盘中候选,Other,All,Ranking,aster-ema-cross-ranking-timeline,ASND,Ascendis Pharma A/S - Ordinary Share,,1,1,0,2026-08-19,9,-8,2,1,258.98999,,80.9,盘中候选，等待收盘确认；上一交易日也在Top100,aster-ema-cross-ranking-timeline.csv
盘中候选,Other,All,Ranking,aster-call-ranking-timeline,TCOM,Trip.com Group Limited - American Depositary Shares,,1,1,0,2026-08-19,12,-11,2,1,45.990002,,80.9,盘中候选，等待收盘确认；上一交易日也在Top100,aster-call-ranking-timeline.csv
盘中候选,Other,All,Ranking,aster-v2-balanced-ranking-timeline,TCOM,Trip.com Group Limited - American Depositary Shares,,1,1,0,2026-08-19,7,-6,2,1,45.990002,,80.9,盘中候选，等待收盘确认；上一交易日也在Top100,aster-v2-balanced-ranking-timeline.csv
盘中候选,Aster Research,共识Agent 多榜单共振,Aster,Aster Research · 共识Agent 多榜单共振,PAHC,PHIBRO ANIMAL HEALTH CORP CLASS A,Health Care,23,23,0,2026-08-19,34,-11,2,1,35.209999,95.76,80.8,盘中候选，等待收盘确认；上一交易日也在Top100,aster-consensus-agent-ranking.csv
盘中候选,Aster Research,v5 Risk Adjusted,Aster,Aster Research · v5 Risk Adjusted,MTCH,"Match Group, Inc. - Common Stock",,19,19,0,2026-08-19,6,13,2,1,39.91,77.19,80.7,盘中候选，等待收盘确认；上一交易日也在Top100,aster-v5-risk-adjusted-ranking.csv
盘中候选,Aster Research,v2 Balanced,Aster,Aster Research · v2 Balanced,ECL,Ecolab,Materials,20,20,0,2026-08-19,11,9,2,1,285.445007,81.15,80.7,盘中候选，等待收盘确认；上一交易日也在Top100,aster-v2-balanced-ranking.csv
盘中候选,Early,Russell,4小时,Early · Russell · 4小时,METC,RAMACO RESOURCES INC CLASS A,Materials,21,21,0,2026-08-19,23,-2,2,1,11.68,84.24,80.6,盘中候选，等待收盘确认；上一交易日也在Top100,early-russell2000-4h-signal-ranking.csv
盘中候选,Prism,Russell,4小时,Prism · Russell · 4小时,PAHC,PHIBRO ANIMAL HEALTH CORP CLASS A,Health Care,19,19,0,2026-08-19,19,0,2,1,35.209999,75.36,80.6,盘中候选，等待收盘确认；上一交易日也在Top100,prism-russell2000-4h-signal-ranking.csv
盘中候选,Early,Nasdaq Liquid 500,日线,Early · Nasdaq Liquid 500 · 日线,IPST,"IP Strategy Holdings, Inc. - Common Stock",,2,2,0,2026-08-19,1,1,2,1,9.225,,80.5,盘中候选，等待收盘确认；上一交易日也在Top100,early-nasdaq500-ranking-timeline.csv
盘中候选,Other,All,Ranking,aster-consensus-agent-ranking-timeline,CHKP,Check Point Software Technologies Ltd. - Ordinary Shares,,2,2,0,2026-08-19,24,-22,2,1,132.455002,,80.5,盘中候选，等待收盘确认；上一交易日也在Top100,aster-consensus-agent-ranking-timeline.csv
盘中候选,Other,All,Ranking,aster-v4-tactical-breakout-ranking-timeline,FINW,FINWISE BANCORP,Financials,2,2,0,2026-08-19,29,-27,2,1,14.14,,80.5,盘中候选，等待收盘确认；上一交易日也在Top100,aster-v4-tactical-breakout-ranking-timeline.csv
盘中候选,Other,All,Ranking,aster-ema-candle-capture-ranking-timeline,KMB,Kimberly-Clark,Consumer Staples,2,2,0,2026-08-19,38,-36,2,1,109.279999,,80.5,盘中候选，等待收盘确认；上一交易日也在Top100,aster-ema-candle-capture-ranking-timeline.csv
盘中候选,Other,All,Ranking,aster-ema-cross-ranking-timeline,MDGL,"Madrigal Pharmaceuticals, Inc. - Common Stock",,2,2,0,2026-08-19,12,-10,2,1,536.565002,,80.5,盘中候选，等待收盘确认；上一交易日也在Top100,aster-ema-cross-ranking-timeline.csv
盘中候选,Other,All,Ranking,aster-v5-risk-adjusted-ranking-timeline,TCOM,Trip.com Group Limited - American Depositary Shares,,2,2,0,2026-08-19,7,-5,2,1,45.990002,,80.5,盘中候选，等待收盘确认；上一交易日也在Top100,aster-v5-risk-adjusted-ranking-timeline.csv
盘中候选,Aster Research,v5 Risk Adjusted,Aster,Aster Research · v5 Risk Adjusted,IPI,INTREPID POTASH INC,Materials,20,20,0,2026-08-19,16,4,2,1,38.18,77.19,80.4,盘中候选，等待收盘确认；上一交易日也在Top100,aster-v5-risk-adjusted-ranking.csv
盘中候选,Aster Call,All,Aster,Aster Call,DMC,DEL MONTE,Consumer Staples,22,22,0,2026-08-19,31,-9,2,1,31.299,85.19,80.3,盘中候选，等待收盘确认；上一交易日也在Top100,aster-call-ranking.csv
盘中候选,Aster Research,单一趋势 Trend Relay,Aster,Aster Research · 单一趋势 Trend Relay,NWSA,News Corp (Class A),Communication Services,24,24,0,2026-08-19,15,9,2,1,29.469999,94.0,80.3,盘中候选，等待收盘确认；上一交易日也在Top100,aster-trend-relay-ranking.csv
盘中候选,Early,S&P 500,4小时,Early · S&P 500 · 4小时,SJM,J.M. Smucker Company (The),Consumer Staples,20,20,0,2026-08-19,59,-39,2,1,124.029999,74.56,80.2,盘中候选，等待收盘确认；上一交易日也在Top100,early-spx-4h-signal-ranking.csv
盘中候选,Early,Nasdaq Liquid 500,日线,Early · Nasdaq Liquid 500 · 日线,PFSA,"Profusa, Inc. - Common Stock",,3,3,0,2026-08-19,3,0,2,1,9.81,,80.2,盘中候选，等待收盘确认；上一交易日也在Top100,early-nasdaq500-ranking-timeline.csv
盘中候选,Aster Research,单一信号 EMA Candle Capture,Aster,Aster Research · 单一信号 EMA Candle Capture,CWT,CALIFORNIA WATER SERVICE GROUP,Utilities,22,22,0,2026-08-19,9,13,2,1,49.899601,84.0,80.2,盘中候选，等待收盘确认；上一交易日也在Top100,aster-ema-candle-capture-ranking.csv
盘中候选,Other,All,Ranking,aster-call-ranking-timeline,FINW,FINWISE BANCORP,Financials,3,3,0,2026-08-19,43,-40,2,1,14.14,,80.2,盘中候选，等待收盘确认；上一交易日也在Top100,aster-call-ranking-timeline.csv
盘中候选,Other,All,Ranking,aster-v3-quality-momentum-ranking-timeline,SAM,BOSTON BEER CLASS A,Consumer Staples,3,3,0,2026-08-19,5,-2,2,1,186.789993,,80.2,盘中候选，等待收盘确认；上一交易日也在Top100,aster-v3-quality-momentum-ranking-timeline.csv
盘中候选,Other,All,Ranking,aster-consensus-agent-ranking-timeline,TCOM,Trip.com Group Limited - American Depositary Shares,,3,3,0,2026-08-19,16,-13,2,1,45.990002,,80.2,盘中候选，等待收盘确认；上一交易日也在Top100,aster-consensus-agent-ranking-timeline.csv
盘中候选,Aster Research,v5 Risk Adjusted,Aster,Aster Research · v5 Risk Adjusted,HNRG,HALLADOR ENERGY,Utilities,21,21,0,2026-08-19,39,-18,2,1,16.25,77.18,80.0,盘中候选，等待收盘确认；上一交易日也在Top100,aster-v5-risk-adjusted-ranking.csv
盘中候选,Aster Research,v4 Tactical Breakout,Aster,Aster Research · v4 Tactical Breakout,ZBH,Zimmer Biomet,Health Care,24,24,0,2026-08-19,40,-16,2,1,101.404999,89.93,80.0,盘中候选，等待收盘确认；上一交易日也在Top100,aster-v4-tactical-breakout-ranking.csv
盘中候选,Aster Call,All,Aster,Aster Call,AFRM,"Affirm Holdings, Inc. - Class A Common Stock",,23,23,0,2026-08-19,4,19,2,1,76.037804,84.75,79.9,盘中候选，等待收盘确认；上一交易日也在Top100,aster-call-ranking.csv
盘中候选,Early,Nasdaq Liquid 500,日线,Early · Nasdaq Liquid 500 · 日线,YJ,Yunji Inc. - American Depository Shares,,4,4,0,2026-08-19,6,-2,2,1,4.04,,79.8,盘中候选，等待收盘确认；上一交易日也在Top100,early-nasdaq500-ranking-timeline.csv
盘中候选,Early,Russell,日线,Early · Russell · 日线,IRD,OPUS GENETICS INC,Health Care,4,4,0,2026-08-19,42,-38,2,1,4.06,,79.8,盘中候选，等待收盘确认；上一交易日也在Top100,early-russell2000-ranking-timeline.csv
盘中候选,Other,All,Ranking,aster-consensus-agent-ranking-timeline,AFRM,"Affirm Holdings, Inc. - Class A Common Stock",,4,4,0,2026-08-19,2,2,2,1,76.037804,,79.8,盘中候选，等待收盘确认；上一交易日也在Top100,aster-consensus-agent-ranking-timeline.csv
盘中候选,Other,All,Ranking,aster-ema-cross-ranking-timeline,MAZE,MAZE THERAPEUTICS,Health Care,4,4,0,2026-08-19,3,1,2,1,29.110001,,79.8,盘中候选，等待收盘确认；上一交易日也在Top100,aster-ema-cross-ranking-timeline.csv
盘中候选,Other,All,Ranking,aster-v3-quality-momentum-ranking-timeline,TCOM,Trip.com Group Limited - American Depositary Shares,,4,4,0,2026-08-19,7,-3,2,1,45.990002,,79.8,盘中候选，等待收盘确认；上一交易日也在Top100,aster-v3-quality-momentum-ranking-timeline.csv
盘中候选,Other,All,Ranking,aster-call-ranking-timeline,TIPT,TIPTREE INC,Financials,4,4,0,2026-08-19,8,-4,2,1,18.370001,,79.8,盘中候选，等待收盘确认；上一交易日也在Top100,aster-call-ranking-timeline.csv
盘中候选,Other,All,Ranking,aster-v2-balanced-ranking-timeline,TIPT,TIPTREE INC,Financials,4,4,0,2026-08-19,9,-5,2,1,18.370001,,79.8,盘中候选，等待收盘确认；上一交易日也在Top100,aster-v2-balanced-ranking-timeline.csv
盘中候选,Early,S&P 500,4小时,Early · S&P 500 · 4小时,WELL,Welltower,Real Estate,21,21,0,2026-08-19,60,-39,2,1,237.830002,73.55,79.7,盘中候选，等待收盘确认；上一交易日也在Top100,early-spx-4h-signal-ranking.csv
盘中候选,Aster Research,v5 Risk Adjusted,Aster,Aster Research · v5 Risk Adjusted,GLSI,GREENWICH LIFESCIENCES INC,Health Care,22,22,0,2026-08-19,27,-5,2,1,17.18,77.17,79.7,盘中候选，等待收盘确认；上一交易日也在Top100,aster-v5-risk-adjusted-ranking.csv
盘中候选,Aster Research,共识Agent 多榜单共振,Aster,Aster Research · 共识Agent 多榜单共振,RCKT,ROCKET PHARMACEUTICALS,Health Care,26,26,0,2026-08-19,23,3,2,1,3.48,95.19,79.7,盘中候选，等待收盘确认；上一交易日也在Top100,aster-consensus-agent-ranking.csv
盘中候选,Aster Research,v4 Tactical Breakout,Aster,Aster Research · v4 Tactical Breakout,ECL,Ecolab,Materials,25,25,0,2026-08-19,10,15,2,1,285.445007,89.92,79.6,盘中候选，等待收盘确认；上一交易日也在Top100,aster-v4-tactical-breakout-ranking.csv
盘中候选,Aster Research,单一趋势 Trend Relay,Aster,Aster Research · 单一趋势 Trend Relay,NWS,News Corp (Class B),Communication Services,26,26,0,2026-08-19,17,9,2,1,33.540001,94.0,79.6,盘中候选，等待收盘确认；上一交易日也在Top100,aster-trend-relay-ranking.csv
盘中候选,Early,Nasdaq Liquid 500,日线,Early · Nasdaq Liquid 500 · 日线,ADBE,Adobe Inc.,Information Technology,5,5,0,2026-08-19,5,0,2,1,272.899994,,79.5,盘中候选，等待收盘确认；上一交易日也在Top100,early-nasdaq500-ranking-timeline.csv
盘中候选,Early,Nasdaq Liquid 500,4小时,Early · Nasdaq Liquid 500 · 4小时,DKNG,DraftKings Inc. - Class A Common Stock,,22,22,0,2026-08-19,40,-18,2,1,25.91,75.79,79.5,盘中候选，等待收盘确认；上一交易日也在Top100,early-nasdaq500-4h-signal-ranking.csv
盘中候选,Early,Russell,日线,Early · Russell · 日线,RDZN,ROADZEN INC,Information Technology,5,5,0,2026-08-19,6,-1,2,1,1.52,,79.5,盘中候选，等待收盘确认；上一交易日也在Top100,early-russell2000-ranking-timeline.csv
盘中候选,Other,All,Ranking,aster-v5-risk-adjusted-ranking-timeline,CHKP,Check Point Software Technologies Ltd. - Ordinary Shares,,5,5,0,2026-08-19,21,-16,2,1,132.455002,,79.5,盘中候选，等待收盘确认；上一交易日也在Top100,aster-v5-risk-adjusted-ranking-timeline.csv
盘中候选,Other,All,Ranking,aster-v4-tactical-breakout-ranking-timeline,MC,MOELIS CLASS A,Financials,5,5,0,2026-08-19,8,-3,2,1,67.599998,,79.5,盘中候选，等待收盘确认；上一交易日也在Top100,aster-v4-tactical-breakout-ranking-timeline.csv
盘中候选,Other,All,Ranking,aster-v2-balanced-ranking-timeline,PAHC,PHIBRO ANIMAL HEALTH CORP CLASS A,Health Care,5,5,0,2026-08-19,16,-11,2,1,35.209999,,79.5,盘中候选，等待收盘确认；上一交易日也在Top100,aster-v2-balanced-ranking-timeline.csv
盘中候选,Other,All,Ranking,aster-ema-cross-ranking-timeline,RCKT,ROCKET PHARMACEUTICALS,Health Care,5,5,0,2026-08-19,5,0,2,1,3.48,,79.5,盘中候选，等待收盘确认；上一交易日也在Top100,aster-ema-cross-ranking-timeline.csv
盘中候选,Other,All,Ranking,aster-consensus-agent-ranking-timeline,SNDA,SONIDA SENIOR LIVING,Health Care,5,5,0,2026-08-19,44,-39,2,1,40.799999,,79.5,盘中候选，等待收盘确认；上一交易日也在Top100,aster-consensus-agent-ranking-timeline.csv
盘中候选,Other,All,Ranking,aster-ema-candle-capture-ranking-timeline,TIPT,TIPTREE INC,Financials,5,5,0,2026-08-19,41,-36,2,1,18.370001,,79.5,盘中候选，等待收盘确认；上一交易日也在Top100,aster-ema-candle-capture-ranking-timeline.csv
盘中候选,Prism,Russell,4小时,Prism · Russell · 4小时,KRYS,KRYSTAL BIOTECH,Health Care,22,22,0,2026-08-19,30,-8,2,1,340.380005,74.63,79.4,盘中候选，等待收盘确认；上一交易日也在Top100,prism-russell2000-4h-signal-ranking.csv
盘中候选,Aster Research,单一信号 EMA Candle Capture,Aster,Aster Research · 单一信号 EMA Candle Capture,AUPH,AURINIA PHARMACEUTICALS,Health Care,24,24,0,2026-08-19,8,16,2,1,17.6,83.0,79.4,盘中候选，等待收盘确认；上一交易日也在Top100,aster-ema-candle-capture-ranking.csv
盘中候选,Aster Research,v4 Tactical Breakout,Aster,Aster Research · v4 Tactical Breakout,WST,West Pharmaceutical Services,Health Care,26,26,0,2026-08-19,6,20,2,1,354.75,89.89,79.3,盘中候选，等待收盘确认；上一交易日也在Top100,aster-v4-tactical-breakout-ranking.csv
盘中候选,Aster Research,单一信号 EMA Cross,Aster,Aster Research · 单一信号 EMA Cross,IMXI,INTERNATIONAL MONEY EXPRESS INC,Financials,25,25,0,2026-08-19,15,10,2,1,14.02,84.45,79.2,盘中候选，等待收盘确认；上一交易日也在Top100,aster-ema-cross-ranking.csv
盘中候选,Aster Research,单一趋势 Trend Relay,Aster,Aster Research · 单一趋势 Trend Relay,MEDP,"Medpace Holdings, Inc. - Common Stock",,27,27,0,2026-08-19,28,-1,2,1,619.280029,94.0,79.2,盘中候选，等待收盘确认；上一交易日也在Top100,aster-trend-relay-ranking.csv
盘中候选,Early,Nasdaq Liquid 500,日线,Early · Nasdaq Liquid 500 · 日线,QLYS,QUALYS,Information Technology,6,6,0,2026-08-19,12,-6,2,1,186.539993,,79.1,盘中候选，等待收盘确认；上一交易日也在Top100,early-nasdaq500-ranking-timeline.csv
盘中候选,Early,Nasdaq Liquid 500,4小时,Early · Nasdaq Liquid 500 · 4小时,GRAL,GRAIL INC,Health Care,23,23,0,2026-08-19,10,13,2,1,76.519997,75.23,79.1,盘中候选，等待收盘确认；上一交易日也在Top100,early-nasdaq500-4h-signal-ranking.csv
盘中候选,Prism,Russell,4小时,Prism · Russell · 4小时,FBYD,FALCON S BEYOND GLOBAL INC CLASS A,Industrials,23,23,0,2026-08-19,88,-65,2,1,11.21,74.57,79.1,盘中候选，等待收盘确认；上一交易日也在Top100,prism-russell2000-4h-signal-ranking.csv
盘中候选,Other,All,Ranking,aster-call-ranking-timeline,ASND,Ascendis Pharma A/S - Ordinary Share,,6,6,0,2026-08-19,47,-41,2,1,258.98999,,79.1,盘中候选，等待收盘确认；上一交易日也在Top100,aster-call-ranking-timeline.csv
盘中候选,Other,All,Ranking,aster-v3-quality-momentum-ranking-timeline,CALX,CALIX NETWORKS,Information Technology,6,6,0,2026-08-19,33,-27,2,1,40.635399,,79.1,盘中候选，等待收盘确认；上一交易日也在Top100,aster-v3-quality-momentum-ranking-timeline.csv
盘中候选,Other,All,Ranking,aster-ema-cross-ranking-timeline,KROS,KEROS THERAPEUTICS,Health Care,6,6,0,2026-08-19,2,4,2,1,10.59,,79.1,盘中候选，等待收盘确认；上一交易日也在Top100,aster-ema-cross-ranking-timeline.csv
盘中候选,Other,All,Ranking,aster-consensus-agent-ranking-timeline,MC,MOELIS CLASS A,Financials,6,6,0,2026-08-19,26,-20,2,1,67.599998,,79.1,盘中候选，等待收盘确认；上一交易日也在Top100,aster-consensus-agent-ranking-timeline.csv
盘中候选,Other,All,Ranking,aster-ema-candle-capture-ranking-timeline,RXRX,RECURSION PHARMACEUTICALS CLASS A,Health Care,6,6,0,2026-08-19,36,-30,2,1,3.32,,79.1,盘中候选，等待收盘确认；上一交易日也在Top100,aster-ema-candle-capture-ranking-timeline.csv
盘中候选,Prism,Nasdaq Liquid 500,4小时,Prism · Nasdaq Liquid 500 · 4小时,UPST,UPSTART HOLDINGS,Financials,23,23,0,2026-08-19,5,18,2,1,28.959999,73.32,79.0,盘中候选，等待收盘确认；上一交易日也在Top100,prism-nasdaq500-4h-signal-ranking.csv
盘中候选,Early,S&P 500,4小时,Early · S&P 500 · 4小时,MRSH,Marsh McLennan,Financials,23,23,0,2026-08-19,97,-74,2,1,190.169998,72.66,78.9,盘中候选，等待收盘确认；上一交易日也在Top100,early-spx-4h-signal-ranking.csv
盘中候选,Aster Research,v5 Risk Adjusted,Aster,Aster Research · v5 Risk Adjusted,ECL,Ecolab,Materials,24,24,0,2026-08-19,25,-1,2,1,285.445007,77.11,78.9,盘中候选，等待收盘确认；上一交易日也在Top100,aster-v5-risk-adjusted-ranking.csv
盘中候选,Aster Research,v2 Balanced,Aster,Aster Research · v2 Balanced,MTCH,"Match Group, Inc. - Common Stock",,25,25,0,2026-08-19,13,12,2,1,39.91,80.69,78.9,盘中候选，等待收盘确认；上一交易日也在Top100,aster-v2-balanced-ranking.csv
盘中候选,Aster Call,All,Aster,Aster Call,IPI,INTREPID POTASH INC,Materials,26,26,0,2026-08-19,34,-8,2,1,38.18,84.53,78.8,盘中候选，等待收盘确认；上一交易日也在Top100,aster-call-ranking.csv
盘中候选,Aster Research,单一信号 EMA Cross,Aster,Aster Research · 单一信号 EMA Cross,TRON,TRON INC,Consumer Discretionary,26,26,0,2026-08-19,10,16,2,1,1.645,84.4,78.8,盘中候选，等待收盘确认；上一交易日也在Top100,aster-ema-cross-ranking.csv
盘中候选,Early,Nasdaq Liquid 500,日线,Early · Nasdaq Liquid 500 · 日线,SHC,Sotera Health Company - Common Stock,,7,7,0,2026-08-19,13,-6,2,1,19.35,,78.7,盘中候选，等待收盘确认；上一交易日也在Top100,early-nasdaq500-ranking-timeline.csv
盘中候选,Early,Russell,4小时,Early · Russell · 4小时,SAM,BOSTON BEER CLASS A,Consumer Staples,26,26,0,2026-08-19,11,15,2,1,186.789993,83.13,78.7,盘中候选，等待收盘确认；上一交易日也在Top100,early-russell2000-4h-signal-ranking.csv
盘中候选,Other,All,Ranking,aster-v3-quality-momentum-ranking-timeline,DMC,DEL MONTE,Consumer Staples,7,7,0,2026-08-19,10,-3,2,1,31.299,,78.7,盘中候选，等待收盘确认；上一交易日也在Top100,aster-v3-quality-momentum-ranking-timeline.csv
盘中候选,Other,All,Ranking,aster-v5-risk-adjusted-ranking-timeline,DMC,DEL MONTE,Consumer Staples,7,7,0,2026-08-19,13,-6,2,1,31.299,,78.7,盘中候选，等待收盘确认；上一交易日也在Top100,aster-v5-risk-adjusted-ranking-timeline.csv
盘中候选,Other,All,Ranking,aster-ema-candle-capture-ranking-timeline,DNUT,KRISPY KREME,Consumer Discretionary,7,7,0,2026-08-19,26,-19,2,1,3.48,,78.7,盘中候选，等待收盘确认；上一交易日也在Top100,aster-ema-candle-capture-ranking-timeline.csv
盘中候选,Other,All,Ranking,aster-v4-tactical-breakout-ranking-timeline,MGPI,MGP INGREDIENTS INC,Consumer Staples,7,7,0,2026-08-19,21,-14,2,1,17.73,,78.7,盘中候选，等待收盘确认；上一交易日也在Top100,aster-v4-tactical-breakout-ranking-timeline.csv
盘中候选,Other,All,Ranking,aster-ema-cross-ranking-timeline,MNKD,MANNKIND,Health Care,7,7,0,2026-08-19,43,-36,2,1,4.225,,78.7,盘中候选，等待收盘确认；上一交易日也在Top100,aster-ema-cross-ranking-timeline.csv
盘中候选,Other,All,Ranking,aster-consensus-agent-ranking-timeline,TIPT,TIPTREE INC,Financials,7,7,0,2026-08-19,8,-1,2,1,18.370001,,78.7,盘中候选，等待收盘确认；上一交易日也在Top100,aster-consensus-agent-ranking-timeline.csv
盘中候选,Aster Research,v3 Quality Momentum,Aster,Aster Research · v3 Quality Momentum,ECL,Ecolab,Materials,26,26,0,2026-08-19,34,-8,2,1,285.445007,81.78,78.6,盘中候选，等待收盘确认；上一交易日也在Top100,aster-v3-quality-momentum-ranking.csv
盘中候选,Aster Research,v4 Tactical Breakout,Aster,Aster Research · v4 Tactical Breakout,COUR,COURSERA,Consumer Discretionary,28,28,0,2026-08-19,5,23,2,1,5.825,89.71,78.5,盘中候选，等待收盘确认；上一交易日也在Top100,aster-v4-tactical-breakout-ranking.csv
盘中候选,Prism,S&P 500,4小时,Prism · S&P 500 · 4小时,FICO,Fair Isaac,Information Technology,24,24,0,2026-08-19,39,-15,2,1,1167.219971,71.03,78.4,盘中候选，等待收盘确认；上一交易日也在Top100,prism-spx-4h-signal-ranking.csv
盘中候选,Aster Research,单一信号 EMA Cross,Aster,Aster Research · 单一信号 EMA Cross,SPGI,S&P Global,Financials,27,27,0,2026-08-19,27,0,2,1,426.720001,84.1,78.4,盘中候选，等待收盘确认；上一交易日也在Top100,aster-ema-cross-ranking.csv
盘中候选,Other,All,Ranking,aster-v2-balanced-ranking-timeline,DMC,DEL MONTE,Consumer Staples,8,8,0,2026-08-19,18,-10,2,1,31.299,,78.4,盘中候选，等待收盘确认；上一交易日也在Top100,aster-v2-balanced-ranking-timeline.csv
盘中候选,Other,All,Ranking,aster-ema-candle-capture-ranking-timeline,HROW,HARROW,Health Care,8,8,0,2026-08-19,19,-11,2,1,42.18,,78.4,盘中候选，等待收盘确认；上一交易日也在Top100,aster-ema-candle-capture-ranking-timeline.csv
盘中候选,Other,All,Ranking,aster-v5-risk-adjusted-ranking-timeline,PAHC,PHIBRO ANIMAL HEALTH CORP CLASS A,Health Care,8,8,0,2026-08-19,17,-9,2,1,35.209999,,78.4,盘中候选，等待收盘确认；上一交易日也在Top100,aster-v5-risk-adjusted-ranking-timeline.csv
盘中候选,Other,All,Ranking,aster-ema-cross-ranking-timeline,STRZ,STARZ ENTERTAINMENT,Communication,8,8,0,2026-08-19,39,-31,2,1,27.4,,78.4,盘中候选，等待收盘确认；上一交易日也在Top100,aster-ema-cross-ranking-timeline.csv
盘中候选,Other,All,Ranking,aster-v4-tactical-breakout-ranking-timeline,XYZ,"Block, Inc.",Financials,8,8,0,2026-08-19,12,-4,2,1,80.584999,,78.4,盘中候选，等待收盘确认；上一交易日也在Top100,aster-v4-tactical-breakout-ranking-timeline.csv
盘中候选,Early,Russell,4小时,Early · Russell · 4小时,GLSI,GREENWICH LIFESCIENCES INC,Health Care,27,27,0,2026-08-19,26,1,2,1,17.18,83.07,78.3,盘中候选，等待收盘确认；上一交易日也在Top100,early-russell2000-4h-signal-ranking.csv
盘中候选,Prism,Russell,4小时,Prism · Russell · 4小时,HROW,HARROW,Health Care,25,25,0,2026-08-19,78,-53,2,1,42.18,74.42,78.3,盘中候选，等待收盘确认；上一交易日也在Top100,prism-russell2000-4h-signal-ranking.csv
盘中候选,Prism,Nasdaq 200,4小时,Prism · Nasdaq 200 · 4小时,ALNY,"Alnylam Pharmaceuticals, Inc. - Common Stock",,24,24,0,2026-08-19,24,0,2,1,237.940002,68.23,78.2,盘中候选，等待收盘确认；上一交易日也在Top100,prism-nasdaq200-4h-signal-ranking.csv
盘中候选,Prism,Nasdaq Liquid 500,4小时,Prism · Nasdaq Liquid 500 · 4小时,MSTR,Strategy Inc - Class A Common Stock,,25,25,0,2026-08-19,14,11,2,1,111.760002,72.12,78.2,盘中候选，等待收盘确认；上一交易日也在Top100,prism-nasdaq500-4h-signal-ranking.csv
盘中候选,Prism,S&P 500,4小时,Prism · S&P 500 · 4小时,BAX,Baxter International,Health Care,25,25,0,2026-08-19,25,0,2,1,26.715099,70.87,78.1,盘中候选，等待收盘确认；上一交易日也在Top100,prism-spx-4h-signal-ranking.csv
盘中候选,Aster Research,单一趋势 Trend Relay,Aster,Aster Research · 单一趋势 Trend Relay,FOX,Fox Corporation (Class B),Communication Services,30,30,0,2026-08-19,19,11,2,1,61.025002,94.0,78.1,盘中候选，等待收盘确认；上一交易日也在Top100,aster-trend-relay-ranking.csv
盘中候选,Early,Nasdaq 200,日线,Early · Nasdaq 200 · 日线,ASND,Ascendis Pharma A/S - Ordinary Share,,9,9,0,2026-08-19,87,-78,2,1,260.375,,78.0,盘中候选，等待收盘确认；上一交易日也在Top100,early-nasdaq200-ranking-timeline.csv
盘中候选,Prism,Russell,日线,Prism · Russell · 日线,REAX,REAL BROKERAGE,Real Estate,9,9,0,2026-08-19,58,-49,2,1,2.75,,78.0,盘中候选，等待收盘确认；上一交易日也在Top100,prism-russell2000-ranking-timeline.csv
盘中候选,Aster Research,单一信号 EMA Cross,Aster,Aster Research · 单一信号 EMA Cross,FINW,FINWISE BANCORP,Financials,28,28,0,2026-08-19,16,12,2,1,14.14,84.05,78.0,盘中候选，等待收盘确认；上一交易日也在Top100,aster-ema-cross-ranking.csv
盘中候选,Other,All,Ranking,aster-v4-tactical-breakout-ranking-timeline,AFRM,"Affirm Holdings, Inc. - Class A Common Stock",,9,9,0,2026-08-19,24,-15,2,1,76.037804,,78.0,盘中候选，等待收盘确认；上一交易日也在Top100,aster-v4-tactical-breakout-ranking-timeline.csv
盘中候选,Other,All,Ranking,aster-ema-cross-ranking-timeline,HROW,HARROW,Health Care,9,9,0,2026-08-19,7,2,2,1,42.18,,78.0,盘中候选，等待收盘确认；上一交易日也在Top100,aster-ema-cross-ranking-timeline.csv
盘中候选,Other,All,Ranking,aster-trend-relay-ranking-timeline,INTU,Intuit,Information Technology,9,9,0,2026-08-19,5,4,2,1,361.315002,,78.0,盘中候选，等待收盘确认；上一交易日也在Top100,aster-trend-relay-ranking-timeline.csv
盘中候选,Other,All,Ranking,aster-ema-candle-capture-ranking-timeline,RCKT,ROCKET PHARMACEUTICALS,Health Care,9,9,0,2026-08-19,25,-16,2,1,3.48,,78.0,盘中候选，等待收盘确认；上一交易日也在Top100,aster-ema-candle-capture-ranking-timeline.csv
盘中候选,Early,S&P 500,4小时,Early · S&P 500 · 4小时,WST,West Pharmaceutical Services,Health Care,26,26,0,2026-08-19,8,18,2,1,354.75,71.71,77.8,盘中候选，等待收盘确认；上一交易日也在Top100,early-spx-4h-signal-ranking.csv
盘中候选,Aster Research,v2 Balanced,Aster,Aster Research · v2 Balanced,SAM,BOSTON BEER CLASS A,Consumer Staples,28,28,0,2026-08-19,4,24,2,1,186.789993,80.62,77.8,盘中候选，等待收盘确认；上一交易日也在Top100,aster-v2-balanced-ranking.csv
盘中候选,Prism,Russell,日线,Prism · Russell · 日线,BFLY,BUTTERFLY NETWORK CLASS A,Health Care,10,10,0,2026-08-19,29,-19,2,1,9.2,,77.7,盘中候选，等待收盘确认；上一交易日也在Top100,prism-russell2000-ranking-timeline.csv
盘中候选,Aster Call,All,Aster,Aster Call,MCRI,MONARCH CASINO AND RESORT,Consumer Discretionary,29,29,0,2026-08-19,41,-12,2,1,124.364998,84.03,77.7,盘中候选，等待收盘确认；上一交易日也在Top100,aster-call-ranking.csv
盘中候选,Aster Research,单一信号 EMA Cross,Aster,Aster Research · 单一信号 EMA Cross,NERV,MINERVA NEUROSCIENCES INC,Health Care,29,29,0,2026-08-19,14,15,2,1,4.765,84.0,77.7,盘中候选，等待收盘确认；上一交易日也在Top100,aster-ema-cross-ranking.csv
盘中候选,Other,All,Ranking,aster-v2-balanced-ranking-timeline,CHKP,Check Point Software Technologies Ltd. - Ordinary Shares,,10,10,0,2026-08-19,37,-27,2,1,132.455002,,77.7,盘中候选，等待收盘确认；上一交易日也在Top100,aster-v2-balanced-ranking-timeline.csv
盘中候选,Other,All,Ranking,aster-ema-cross-ranking-timeline,CWST,CASELLA WASTE SYSTEMS CLASS A,Industrials,10,10,0,2026-08-19,6,4,2,1,92.269997,,77.7,盘中候选，等待收盘确认；上一交易日也在Top100,aster-ema-cross-ranking-timeline.csv
盘中候选,Other,All,Ranking,aster-call-ranking-timeline,MC,MOELIS CLASS A,Financials,10,10,0,2026-08-19,9,1,2,1,67.599998,,77.7,盘中候选，等待收盘确认；上一交易日也在Top100,aster-call-ranking-timeline.csv
盘中候选,Other,All,Ranking,aster-v3-quality-momentum-ranking-timeline,PAHC,PHIBRO ANIMAL HEALTH CORP CLASS A,Health Care,10,10,0,2026-08-19,16,-6,2,1,35.209999,,77.7,盘中候选，等待收盘确认；上一交易日也在Top100,aster-v3-quality-momentum-ranking-timeline.csv
盘中候选,Other,All,Ranking,aster-v4-tactical-breakout-ranking-timeline,TIPT,TIPTREE INC,Financials,10,10,0,2026-08-19,7,3,2,1,18.370001,,77.7,盘中候选，等待收盘确认；上一交易日也在Top100,aster-v4-tactical-breakout-ranking-timeline.csv
盘中候选,Other,All,Ranking,aster-v5-risk-adjusted-ranking-timeline,TIPT,TIPTREE INC,Financials,10,10,0,2026-08-19,9,1,2,1,18.370001,,77.7,盘中候选，等待收盘确认；上一交易日也在Top100,aster-v5-risk-adjusted-ranking-timeline.csv
盘中候选,Early,Russell,4小时,Early · Russell · 4小时,CTNM,CONTINEUM THERAPEUTICS INC CLASS A,Health Care,29,29,0,2026-08-19,81,-52,2,1,15.93,82.4,77.6,盘中候选，等待收盘确认；上一交易日也在Top100,early-russell2000-4h-signal-ranking.csv
盘中候选,Prism,Russell,4小时,Prism · Russell · 4小时,RHP,RYMAN HOSPITALITY PROPERTIES REIT,Real Estate,27,27,0,2026-08-19,8,19,2,1,127.695,74.34,77.6,盘中候选，等待收盘确认；上一交易日也在Top100,prism-russell2000-4h-signal-ranking.csv
盘中候选,Early,Nasdaq 200,日线,Early · Nasdaq 200 · 日线,CHKP,Check Point Software Technologies Ltd. - Ordinary Shares,,11,11,0,2026-08-19,13,-2,2,1,132.5,,77.3,盘中候选，等待收盘确认；上一交易日也在Top100,early-nasdaq200-ranking-timeline.csv
盘中候选,Prism,S&P 500,4小时,Prism · S&P 500 · 4小时,BF-B,Brown–Forman,Consumer Staples,27,27,0,2026-08-19,30,-3,2,1,28.209999,70.44,77.3,盘中候选，等待收盘确认；上一交易日也在Top100,prism-spx-4h-signal-ranking.csv
盘中候选,Aster Research,单一信号 EMA Cross,Aster,Aster Research · 单一信号 EMA Cross,NVGS,NAVIGATOR HOLDINGS,Energy,30,30,0,2026-08-19,21,9,2,1,21.764999,83.5,77.3,盘中候选，等待收盘确认；上一交易日也在Top100,aster-ema-cross-ranking.csv
盘中候选,Other,All,Ranking,aster-consensus-agent-ranking-timeline,ECL,Ecolab,Materials,11,11,0,2026-08-19,5,6,2,1,285.445007,,77.3,盘中候选，等待收盘确认；上一交易日也在Top100,aster-consensus-agent-ranking-timeline.csv
盘中候选,Other,All,Ranking,aster-v5-risk-adjusted-ranking-timeline,SAM,BOSTON BEER CLASS A,Consumer Staples,11,11,0,2026-08-19,5,6,2,1,186.789993,,77.3,盘中候选，等待收盘确认；上一交易日也在Top100,aster-v5-risk-adjusted-ranking-timeline.csv
盘中候选,Other,All,Ranking,aster-v3-quality-momentum-ranking-timeline,TIPT,TIPTREE INC,Financials,11,11,0,2026-08-19,8,3,2,1,18.370001,,77.3,盘中候选，等待收盘确认；上一交易日也在Top100,aster-v3-quality-momentum-ranking-timeline.csv
盘中候选,Other,All,Ranking,aster-trend-relay-ranking-timeline,TRMB,Trimble Inc.,Information Technology,11,11,0,2026-08-19,4,7,2,1,59.240002,,77.3,盘中候选，等待收盘确认；上一交易日也在Top100,aster-trend-relay-ranking-timeline.csv
盘中候选,Prism,Russell,4小时,Prism · Russell · 4小时,STAA,STAAR SURGICAL,Health Care,28,28,0,2026-08-19,44,-16,2,1,23.965,74.28,77.2,盘中候选，等待收盘确认；上一交易日也在Top100,prism-russell2000-4h-signal-ranking.csv
盘中候选,Aster Research,v4 Tactical Breakout,Aster,Aster Research · v4 Tactical Breakout,DHI,D. R. Horton,Consumer Discretionary,32,32,0,2026-08-19,25,7,2,1,148.619995,89.64,77.1,盘中候选，等待收盘确认；上一交易日也在Top100,aster-v4-tactical-breakout-ranking.csv
盘中候选,Aster Research,单一趋势 Trend Relay,Aster,Aster Research · 单一趋势 Trend Relay,TCOM,Trip.com Group Limited - American Depositary Shares,,33,33,0,2026-08-19,21,12,2,1,45.990002,94.0,77.1,盘中候选，等待收盘确认；上一交易日也在Top100,aster-trend-relay-ranking.csv
盘中候选,Other,All,Ranking,aster-ema-candle-capture-ranking-timeline,AMZN,Amazon,Consumer Discretionary,12,12,0,2026-08-19,2,10,2,1,262.480011,,76.9,盘中候选，等待收盘确认；上一交易日也在Top100,aster-ema-candle-capture-ranking-timeline.csv
盘中候选,Other,All,Ranking,aster-trend-relay-ranking-timeline,AXON,Axon Enterprise,Industrials,12,12,0,2026-08-19,8,4,2,1,631.804993,,76.9,盘中候选，等待收盘确认；上一交易日也在Top100,aster-trend-relay-ranking-timeline.csv
盘中候选,Other,All,Ranking,aster-v2-balanced-ranking-timeline,IPI,INTREPID POTASH INC,Materials,12,12,0,2026-08-19,20,-8,2,1,38.18,,76.9,盘中候选，等待收盘确认；上一交易日也在Top100,aster-v2-balanced-ranking-timeline.csv
盘中候选,Aster Research,单一信号 EMA Cross,Aster,Aster Research · 单一信号 EMA Cross,CLPT,CLEARPOINT NEURO INC,Health Care,31,31,0,2026-08-19,31,0,2,1,15.84,82.55,76.8,盘中候选，等待收盘确认；上一交易日也在Top100,aster-ema-cross-ranking.csv
盘中候选,Aster Research,v3 Quality Momentum,Aster,Aster Research · v3 Quality Momentum,OFRM,ONCE UPON A FARM PBC,Consumer Staples,31,31,0,2026-08-19,40,-9,2,1,17.780001,81.41,76.8,盘中候选，等待收盘确认；上一交易日也在Top100,aster-v3-quality-momentum-ranking.csv
盘中候选,Early,Russell,4小时,Early · Russell · 4小时,MGPI,MGP INGREDIENTS INC,Consumer Staples,31,31,0,2026-08-19,28,3,2,1,17.73,81.09,76.7,盘中候选，等待收盘确认；上一交易日也在Top100,early-russell2000-4h-signal-ranking.csv
盘中候选,Aster Research,v2 Balanced,Aster,Aster Research · v2 Balanced,ZBH,Zimmer Biomet,Health Care,31,31,0,2026-08-19,41,-10,2,1,101.404999,80.39,76.7,盘中候选，等待收盘确认；上一交易日也在Top100,aster-v2-balanced-ranking.csv
盘中候选,Aster Research,单一趋势 Trend Relay,Aster,Aster Research · 单一趋势 Trend Relay,AFRM,"Affirm Holdings, Inc. - Class A Common Stock",,34,34,0,2026-08-19,20,14,2,1,76.037804,94.0,76.7,盘中候选，等待收盘确认；上一交易日也在Top100,aster-trend-relay-ranking.csv
盘中候选,Early,Russell,日线,Early · Russell · 日线,SPT,SPROUT SOCIAL CLASS A,Information Technology,13,13,0,2026-08-19,66,-53,2,1,10.19,,76.6,盘中候选，等待收盘确认；上一交易日也在Top100,early-russell2000-ranking-timeline.csv
盘中候选,Prism,Nasdaq 200,4小时,Prism · Nasdaq 200 · 4小时,CMCSA,Comcast,Communication Services,28,28,0,2026-08-19,28,0,2,1,26.605,66.85,76.6,盘中候选，等待收盘确认；上一交易日也在Top100,prism-nasdaq200-4h-signal-ranking.csv
盘中候选,Prism,Nasdaq Liquid 500,4小时,Prism · Nasdaq Liquid 500 · 4小时,WETO,Wetour Robotics Limited - Ordinary Shares,,29,29,0,2026-08-19,30,-1,2,1,31.385,70.53,76.6,盘中候选，等待收盘确认；上一交易日也在Top100,prism-nasdaq500-4h-signal-ranking.csv
盘中候选,Prism,Russell,日线,Prism · Russell · 日线,FDMT,4D MOLECULAR THERAPEUTICS INC,Health Care,13,13,0,2026-08-19,21,-8,2,1,15.91,,76.6,盘中候选，等待收盘确认；上一交易日也在Top100,prism-russell2000-ranking-timeline.csv
盘中候选,Aster Call,All,Aster,Aster Call,MTCH,"Match Group, Inc. - Common Stock",,32,32,0,2026-08-19,27,5,2,1,39.91,83.74,76.6,盘中候选，等待收盘确认；上一交易日也在Top100,aster-call-ranking.csv
盘中候选,Other,All,Ranking,aster-ema-candle-capture-ranking-timeline,AJG,Arthur J. Gallagher & Co.,Financials,13,13,0,2026-08-19,3,10,2,1,260.769989,,76.6,盘中候选，等待收盘确认；上一交易日也在Top100,aster-ema-candle-capture-ranking-timeline.csv
盘中候选,Other,All,Ranking,aster-consensus-agent-ranking-timeline,KDP,Keurig Dr Pepper,Consumer Staples,13,13,0,2026-08-19,46,-33,2,1,31.42,,76.6,盘中候选，等待收盘确认；上一交易日也在Top100,aster-consensus-agent-ranking-timeline.csv
盘中候选,Other,All,Ranking,aster-v3-quality-momentum-ranking-timeline,USGO,US GOLDMINING INC,Materials,13,13,0,2026-08-19,41,-28,2,1,9.0,,76.6,盘中候选，等待收盘确认；上一交易日也在Top100,aster-v3-quality-momentum-ranking-timeline.csv
盘中候选,Prism,S&P 500,4小时,Prism · S&P 500 · 4小时,SYK,Stryker Corporation,Health Care,29,29,0,2026-08-19,23,6,2,1,340.73999,70.11,76.5,盘中候选，等待收盘确认；上一交易日也在Top100,prism-spx-4h-signal-ranking.csv
盘中候选,Aster Research,单一信号 EMA Cross,Aster,Aster Research · 单一信号 EMA Cross,AFRM,"Affirm Holdings, Inc. - Class A Common Stock",,32,32,0,2026-08-19,25,7,2,1,76.037804,82.45,76.5,盘中候选，等待收盘确认；上一交易日也在Top100,aster-ema-cross-ranking.csv
盘中候选,Early,Russell,日线,Early · Russell · 日线,RMNI,RIMINI STREET INC,Information Technology,14,14,0,2026-08-19,20,-6,2,1,5.035,,76.2,盘中候选，等待收盘确认；上一交易日也在Top100,early-russell2000-ranking-timeline.csv
盘中候选,Prism,Nasdaq Liquid 500,4小时,Prism · Nasdaq Liquid 500 · 4小时,PFSA,"Profusa, Inc. - Common Stock",,30,30,0,2026-08-19,24,6,2,1,9.67,70.53,76.2,盘中候选，等待收盘确认；上一交易日也在Top100,prism-nasdaq500-4h-signal-ranking.csv
盘中候选,Other,All,Ranking,aster-trend-relay-ranking-timeline,CMCSA,Comcast,Communication Services,14,14,0,2026-08-19,9,5,2,1,26.605,,76.2,盘中候选，等待收盘确认；上一交易日也在Top100,aster-trend-relay-ranking-timeline.csv
盘中候选,Other,All,Ranking,aster-ema-cross-ranking-timeline,ENTA,ENANTA PHARMACEUTICALS INC,Health Care,14,14,0,2026-08-19,1,13,2,1,13.29,,76.2,盘中候选，等待收盘确认；上一交易日也在Top100,aster-ema-cross-ranking-timeline.csv
盘中候选,Other,All,Ranking,aster-call-ranking-timeline,PAHC,PHIBRO ANIMAL HEALTH CORP CLASS A,Health Care,14,14,0,2026-08-19,23,-9,2,1,35.209999,,76.2,盘中候选，等待收盘确认；上一交易日也在Top100,aster-call-ranking-timeline.csv
盘中候选,Other,All,Ranking,aster-ema-candle-capture-ranking-timeline,PGR,Progressive Corporation,Financials,14,14,0,2026-08-19,11,3,2,1,221.550003,,76.2,盘中候选，等待收盘确认；上一交易日也在Top100,aster-ema-candle-capture-ranking-timeline.csv
盘中候选,Other,All,Ranking,aster-v4-tactical-breakout-ranking-timeline,RCKT,ROCKET PHARMACEUTICALS,Health Care,14,14,0,2026-08-19,15,-1,2,1,3.48,,76.2,盘中候选，等待收盘确认；上一交易日也在Top100,aster-v4-tactical-breakout-ranking-timeline.csv
盘中候选,Early,Russell,4小时,Early · Russell · 4小时,BRCB,BLACK ROCK COFFEE BAR CLASS A,Consumer Discretionary,33,33,0,2026-08-19,59,-26,2,1,8.755,80.63,76.0,盘中候选，等待收盘确认；上一交易日也在Top100,early-russell2000-4h-signal-ranking.csv
盘中候选,Early,S&P 500,日线,Early · S&P 500 · 日线,ARES,Ares Management,Financials,15,15,0,2026-08-19,14,1,2,1,141.755005,,75.8,盘中候选，等待收盘确认；上一交易日也在Top100,early-spx-ranking-timeline.csv
盘中候选,Prism,Nasdaq Liquid 500,4小时,Prism · Nasdaq Liquid 500 · 4小时,GRAL,GRAIL INC,Health Care,31,31,0,2026-08-19,19,12,2,1,76.519997,69.98,75.8,盘中候选，等待收盘确认；上一交易日也在Top100,prism-nasdaq500-4h-signal-ranking.csv
盘中候选,Other,All,Ranking,aster-ema-candle-capture-ranking-timeline,BZ,KANZHUN LIMITED - American Depository Shares,,15,15,0,2026-08-19,4,11,2,1,15.69,,75.8,盘中候选，等待收盘确认；上一交易日也在Top100,aster-ema-candle-capture-ranking-timeline.csv
盘中候选,Other,All,Ranking,aster-call-ranking-timeline,CHKP,Check Point Software Technologies Ltd. - Ordinary Shares,,15,15,0,2026-08-19,38,-23,2,1,132.455002,,75.8,盘中候选，等待收盘确认；上一交易日也在Top100,aster-call-ranking-timeline.csv
盘中候选,Aster Research,单一信号 EMA Candle Capture,Aster,Aster Research · 单一信号 EMA Candle Capture,ALCO,ALICO INC,Consumer Staples,34,34,0,2026-08-19,42,-8,2,1,40.029999,82.0,75.7,盘中候选，等待收盘确认；上一交易日也在Top100,aster-ema-candle-capture-ranking.csv
盘中候选,Aster Research,v5 Risk Adjusted,Aster,Aster Research · v5 Risk Adjusted,STC,STEWART INFO SERVICES CORP,Financials,33,33,0,2026-08-19,18,15,2,1,68.480003,76.75,75.6,盘中候选，等待收盘确认；上一交易日也在Top100,aster-v5-risk-adjusted-ranking.csv
盘中候选,Aster Research,v4 Tactical Breakout,Aster,Aster Research · v4 Tactical Breakout,ASND,Ascendis Pharma A/S - Ordinary Share,,36,36,0,2026-08-19,28,8,2,1,258.98999,89.44,75.6,盘中候选，等待收盘确认；上一交易日也在Top100,aster-v4-tactical-breakout-ranking.csv
盘中候选,Early,Russell,日线,Early · Russell · 日线,IBTA,IBOTTA CLASS A,Communication,16,16,0,2026-08-19,48,-32,2,1,37.990002,,75.5,盘中候选，等待收盘确认；上一交易日也在Top100,early-russell2000-ranking-timeline.csv
盘中候选,Prism,Nasdaq 200,日线,Prism · Nasdaq 200 · 日线,TEM,"Tempus AI, Inc. - Class A Common Stock",,16,16,0,2026-08-19,81,-65,2,1,66.629997,,75.5,盘中候选，等待收盘确认；上一交易日也在Top100,prism-nasdaq200-ranking-timeline.csv
盘中候选,Other,All,Ranking,aster-call-ranking-timeline,BBIO,"BridgeBio Pharma, Inc. - Common Stock",,16,16,0,2026-08-19,40,-24,2,1,83.525002,,75.5,盘中候选，等待收盘确认；上一交易日也在Top100,aster-call-ranking-timeline.csv
盘中候选,Other,All,Ranking,aster-v2-balanced-ranking-timeline,MC,MOELIS CLASS A,Financials,16,16,0,2026-08-19,10,6,2,1,67.599998,,75.5,盘中候选，等待收盘确认；上一交易日也在Top100,aster-v2-balanced-ranking-timeline.csv
盘中候选,Other,All,Ranking,aster-v5-risk-adjusted-ranking-timeline,SNDA,SONIDA SENIOR LIVING,Health Care,16,16,0,2026-08-19,43,-27,2,1,40.799999,,75.5,盘中候选，等待收盘确认；上一交易日也在Top100,aster-v5-risk-adjusted-ranking-timeline.csv
盘中候选,Prism,Nasdaq Liquid 500,4小时,Prism · Nasdaq Liquid 500 · 4小时,ALNY,"Alnylam Pharmaceuticals, Inc. - Common Stock",,32,32,0,2026-08-19,32,0,2,1,237.940002,69.72,75.4,盘中候选，等待收盘确认；上一交易日也在Top100,prism-nasdaq500-4h-signal-ranking.csv
盘中候选,Aster Research,v5 Risk Adjusted,Aster,Aster Research · v5 Risk Adjusted,MC,MOELIS CLASS A,Financials,34,34,0,2026-08-19,10,24,2,1,67.599998,76.58,75.3,盘中候选，等待收盘确认；上一交易日也在Top100,aster-v5-risk-adjusted-ranking.csv
盘中候选,Aster Research,单一信号 EMA Cross,Aster,Aster Research · 单一信号 EMA Cross,ALCO,ALICO INC,Consumer Staples,35,35,0,2026-08-19,35,0,2,1,40.029999,81.4,75.3,盘中候选，等待收盘确认；上一交易日也在Top100,aster-ema-cross-ranking.csv
盘中候选,Aster Research,v3 Quality Momentum,Aster,Aster Research · v3 Quality Momentum,VYGR,VOYAGER THERAPEUTICS,Health Care,35,35,0,2026-08-19,49,-14,2,1,3.33,81.06,75.3,盘中候选，等待收盘确认；上一交易日也在Top100,aster-v3-quality-momentum-ranking.csv
盘中候选,Early,S&P 500,4小时,Early · S&P 500 · 4小时,VLTO,Veralto,Industrials,33,33,0,2026-08-19,85,-52,2,1,100.279999,70.65,75.1,盘中候选，等待收盘确认；上一交易日也在Top100,early-spx-4h-signal-ranking.csv
盘中候选,Prism,Nasdaq Liquid 500,4小时,Prism · Nasdaq Liquid 500 · 4小时,HOOD,Robinhood Markets,Financials,33,33,0,2026-08-19,42,-9,2,1,97.139999,69.66,75.1,盘中候选，等待收盘确认；上一交易日也在Top100,prism-nasdaq500-4h-signal-ranking.csv
盘中候选,Aster Call,All,Aster,Aster Call,ECL,Ecolab,Materials,36,36,0,2026-08-19,10,26,2,1,285.445007,83.3,75.1,盘中候选，等待收盘确认；上一交易日也在Top100,aster-call-ranking.csv
盘中候选,Other,All,Ranking,aster-v4-tactical-breakout-ranking-timeline,BBIO,"BridgeBio Pharma, Inc. - Common Stock",,17,17,0,2026-08-19,27,-10,2,1,83.525002,,75.1,盘中候选，等待收盘确认；上一交易日也在Top100,aster-v4-tactical-breakout-ranking-timeline.csv
盘中候选,Other,All,Ranking,aster-ema-cross-ranking-timeline,DHI,D. R. Horton,Consumer Discretionary,17,17,0,2026-08-19,26,-9,2,1,148.619995,,75.1,盘中候选，等待收盘确认；上一交易日也在Top100,aster-ema-cross-ranking-timeline.csv
盘中候选,Other,All,Ranking,aster-consensus-agent-ranking-timeline,FINW,FINWISE BANCORP,Financials,17,17,0,2026-08-19,45,-28,2,1,14.14,,75.1,盘中候选，等待收盘确认；上一交易日也在Top100,aster-consensus-agent-ranking-timeline.csv
盘中候选,Aster Research,单一信号 EMA Cross,Aster,Aster Research · 单一信号 EMA Cross,CVEO,CIVEO CORP,Industrials,36,36,0,2026-08-19,34,2,2,1,33.66,81.4,74.9,盘中候选，等待收盘确认；上一交易日也在Top100,aster-ema-cross-ranking.csv
盘中候选,Aster Research,v4 Tactical Breakout,Aster,Aster Research · v4 Tactical Breakout,NP,NEPTUNE INSURANCE HOLDINGS CLASS A,Financials,38,38,0,2026-08-19,20,18,2,1,32.48,89.44,74.9,盘中候选，等待收盘确认；上一交易日也在Top100,aster-v4-tactical-breakout-ranking.csv
盘中候选,Early,S&P 500,日线,Early · S&P 500 · 日线,CF,CF Industries,Materials,18,18,0,2026-08-19,98,-80,2,1,126.910004,,74.8,盘中候选，等待收盘确认；上一交易日也在Top100,early-spx-ranking-timeline.csv
盘中候选,Early,S&P 500,4小时,Early · S&P 500 · 4小时,ECL,Ecolab,Materials,34,34,0,2026-08-19,14,20,2,1,285.445007,70.59,74.8,盘中候选，等待收盘确认；上一交易日也在Top100,early-spx-4h-signal-ranking.csv
盘中候选,Early,Russell,日线,Early · Russell · 日线,QLYS,QUALYS,Information Technology,18,18,0,2026-08-19,31,-13,2,1,186.539993,,74.8,盘中候选，等待收盘确认；上一交易日也在Top100,early-russell2000-ranking-timeline.csv
盘中候选,Other,All,Ranking,aster-consensus-agent-ranking-timeline,DMC,DEL MONTE,Consumer Staples,18,18,0,2026-08-19,35,-17,2,1,31.299,,74.8,盘中候选，等待收盘确认；上一交易日也在Top100,aster-consensus-agent-ranking-timeline.csv
盘中候选,Other,All,Ranking,aster-v3-quality-momentum-ranking-timeline,IPI,INTREPID POTASH INC,Materials,18,18,0,2026-08-19,13,5,2,1,38.18,,74.8,盘中候选，等待收盘确认；上一交易日也在Top100,aster-v3-quality-momentum-ranking-timeline.csv
盘中候选,Prism,Russell,4小时,Prism · Russell · 4小时,NPCE,NEUROPACE,Health Care,35,35,0,2026-08-19,95,-60,2,1,14.51,73.75,74.7,盘中候选，等待收盘确认；上一交易日也在Top100,prism-russell2000-4h-signal-ranking.csv
盘中候选,Aster Research,共识Agent 多榜单共振,Aster,Aster Research · 共识Agent 多榜单共振,SAM,BOSTON BEER CLASS A,Consumer Staples,38,38,0,2026-08-19,18,20,2,1,186.789993,86.68,74.7,盘中候选，等待收盘确认；上一交易日也在Top100,aster-consensus-agent-ranking.csv
盘中候选,Prism,S&P 500,4小时,Prism · S&P 500 · 4小时,SJM,J.M. Smucker Company (The),Consumer Staples,34,34,0,2026-08-19,55,-21,2,1,124.029999,67.77,74.5,盘中候选，等待收盘确认；上一交易日也在Top100,prism-spx-4h-signal-ranking.csv
盘中候选,Early,Nasdaq Liquid 500,日线,Early · Nasdaq Liquid 500 · 日线,DUOL,"Duolingo, Inc. - Class A Common Stock",,19,19,0,2026-08-19,8,11,2,1,147.735001,,74.4,盘中候选，等待收盘确认；上一交易日也在Top100,early-nasdaq500-ranking-timeline.csv
盘中候选,Early,Nasdaq Liquid 500,4小时,Early · Nasdaq Liquid 500 · 4小时,CELH,"Celsius Holdings, Inc. - Common Stock",,35,35,0,2026-08-19,41,-6,2,1,32.400002,70.5,74.4,盘中候选，等待收盘确认；上一交易日也在Top100,early-nasdaq500-4h-signal-ranking.csv
盘中候选,Early,Russell,日线,Early · Russell · 日线,BFLY,BUTTERFLY NETWORK CLASS A,Health Care,19,19,0,2026-08-19,33,-14,2,1,9.2,,74.4,盘中候选，等待收盘确认；上一交易日也在Top100,early-russell2000-ranking-timeline.csv
盘中候选,Other,All,Ranking,aster-call-ranking-timeline,CTNM,CONTINEUM THERAPEUTICS INC CLASS A,Health Care,19,19,0,2026-08-19,35,-16,2,1,15.93,,74.4,盘中候选，等待收盘确认；上一交易日也在Top100,aster-call-ranking-timeline.csv
盘中候选,Other,All,Ranking,aster-trend-relay-ranking-timeline,FOXA,Fox Corporation (Class A),Communication Services,19,19,0,2026-08-19,11,8,2,1,68.550003,,74.4,盘中候选，等待收盘确认；上一交易日也在Top100,aster-trend-relay-ranking-timeline.csv
盘中候选,Other,All,Ranking,aster-v5-risk-adjusted-ranking-timeline,MTCH,"Match Group, Inc. - Common Stock",,19,19,0,2026-08-19,6,13,2,1,39.91,,74.4,盘中候选，等待收盘确认；上一交易日也在Top100,aster-v5-risk-adjusted-ranking-timeline.csv
盘中候选,Prism,Nasdaq Liquid 500,4小时,Prism · Nasdaq Liquid 500 · 4小时,LRCX,Lam Research,Information Technology,35,35,0,2026-08-19,95,-60,2,1,309.299988,68.84,74.3,盘中候选，等待收盘确认；上一交易日也在Top100,prism-nasdaq500-4h-signal-ranking.csv
盘中候选,Aster Research,单一趋势 Trend Relay,Aster,Aster Research · 单一趋势 Trend Relay,RVMD,"Revolution Medicines, Inc. - Common Stock",,41,41,0,2026-08-19,18,23,2,1,211.480103,94.0,74.2,盘中候选，等待收盘确认；上一交易日也在Top100,aster-trend-relay-ranking.csv
盘中候选,Prism,S&P 500,4小时,Prism · S&P 500 · 4小时,RVTY,Revvity,Health Care,35,35,0,2026-08-19,57,-22,2,1,121.125,67.02,74.1,盘中候选，等待收盘确认；上一交易日也在Top100,prism-spx-4h-signal-ranking.csv
盘中候选,Early,S&P 500,日线,Early · S&P 500 · 日线,KKR,KKR & Co.,Financials,20,20,0,2026-08-19,21,-1,2,1,108.82,,74.0,盘中候选，等待收盘确认；上一交易日也在Top100,early-spx-ranking-timeline.csv
盘中候选,Early,Nasdaq 200,4小时,Early · Nasdaq 200 · 4小时,MDGL,"Madrigal Pharmaceuticals, Inc. - Common Stock",,35,35,0,2026-08-19,4,31,2,1,536.565002,65.54,74.0,盘中候选，等待收盘确认；上一交易日也在Top100,early-nasdaq200-4h-signal-ranking.csv
盘中候选,Prism,Nasdaq 200,4小时,Prism · Nasdaq 200 · 4小时,CSX,CSX Corporation,Industrials,35,35,0,2026-08-19,11,24,2,1,50.945,65.67,74.0,盘中候选，等待收盘确认；上一交易日也在Top100,prism-nasdaq200-4h-signal-ranking.csv
盘中候选,Aster Call,All,Aster,Aster Call,DHI,D. R. Horton,Consumer Discretionary,39,39,0,2026-08-19,26,13,2,1,148.619995,83.1,74.0,盘中候选，等待收盘确认；上一交易日也在Top100,aster-call-ranking.csv
盘中候选,Other,All,Ranking,aster-v2-balanced-ranking-timeline,ECL,Ecolab,Materials,20,20,0,2026-08-19,11,9,2,1,285.445007,,74.0,盘中候选，等待收盘确认；上一交易日也在Top100,aster-v2-balanced-ranking-timeline.csv
盘中候选,Other,All,Ranking,aster-v5-risk-adjusted-ranking-timeline,IPI,INTREPID POTASH INC,Materials,20,20,0,2026-08-19,16,4,2,1,38.18,,74.0,盘中候选，等待收盘确认；上一交易日也在Top100,aster-v5-risk-adjusted-ranking-timeline.csv
盘中候选,Other,All,Ranking,aster-trend-relay-ranking-timeline,NFLX,Netflix,Communication Services,20,20,0,2026-08-19,10,10,2,1,80.400002,,74.0,盘中候选，等待收盘确认；上一交易日也在Top100,aster-trend-relay-ranking-timeline.csv
盘中候选,Other,All,Ranking,aster-call-ranking-timeline,XYZ,"Block, Inc.",Financials,20,20,0,2026-08-19,19,1,2,1,80.584999,,74.0,盘中候选，等待收盘确认；上一交易日也在Top100,aster-call-ranking-timeline.csv
盘中候选,Early,Nasdaq 200,日线,Early · Nasdaq 200 · 日线,LLYVA,"Liberty Live Holdings, Inc. - Series A Liberty Live Group Common Stock",,21,21,0,2026-08-19,27,-6,2,1,103.370003,,73.7,盘中候选，等待收盘确认；上一交易日也在Top100,early-nasdaq200-ranking-timeline.csv
盘中候选,Early,Russell,日线,Early · Russell · 日线,EXPO,EXPONENT,Industrials,21,21,0,2026-08-19,23,-2,2,1,69.910004,,73.7,盘中候选，等待收盘确认；上一交易日也在Top100,early-russell2000-ranking-timeline.csv
盘中候选,Other,All,Ranking,aster-v5-risk-adjusted-ranking-timeline,HNRG,HALLADOR ENERGY,Utilities,21,21,0,2026-08-19,39,-18,2,1,16.25,,73.7,盘中候选，等待收盘确认；上一交易日也在Top100,aster-v5-risk-adjusted-ranking-timeline.csv
盘中候选,Other,All,Ranking,aster-consensus-agent-ranking-timeline,IPI,INTREPID POTASH INC,Materials,21,21,0,2026-08-19,22,-1,2,1,38.18,,73.7,盘中候选，等待收盘确认；上一交易日也在Top100,aster-consensus-agent-ranking-timeline.csv
盘中候选,Other,All,Ranking,aster-trend-relay-ranking-timeline,KDP,Keurig Dr Pepper,Consumer Staples,21,21,0,2026-08-19,6,15,2,1,31.42,,73.7,盘中候选，等待收盘确认；上一交易日也在Top100,aster-trend-relay-ranking-timeline.csv
盘中候选,Early,S&P 500,4小时,Early · S&P 500 · 4小时,SYK,Stryker Corporation,Health Care,37,37,0,2026-08-19,40,-3,2,1,340.73999,69.51,73.6,盘中候选，等待收盘确认；上一交易日也在Top100,early-spx-4h-signal-ranking.csv
盘中候选,Early,Nasdaq Liquid 500,4小时,Early · Nasdaq Liquid 500 · 4小时,CSX,CSX Corporation,Industrials,37,37,0,2026-08-19,15,22,2,1,50.945,69.4,73.6,盘中候选，等待收盘确认；上一交易日也在Top100,early-nasdaq500-4h-signal-ranking.csv
盘中候选,Prism,Russell,4小时,Prism · Russell · 4小时,BEAM,BEAM THERAPEUTICS,Health Care,38,38,0,2026-08-19,38,0,2,1,27.43,73.64,73.6,盘中候选，等待收盘确认；上一交易日也在Top100,prism-russell2000-4h-signal-ranking.csv
盘中候选,Aster Call,All,Aster,Aster Call,STC,STEWART INFO SERVICES CORP,Financials,40,40,0,2026-08-19,37,3,2,1,68.480003,83.02,73.6,盘中候选，等待收盘确认；上一交易日也在Top100,aster-call-ranking.csv
盘中候选,Prism,Nasdaq Liquid 500,4小时,Prism · Nasdaq Liquid 500 · 4小时,MDLZ,Mondelez International,Consumer Staples,37,37,0,2026-08-19,59,-22,2,1,64.565002,68.0,73.5,盘中候选，等待收盘确认；上一交易日也在Top100,prism-nasdaq500-4h-signal-ranking.csv
盘中候选,Prism,S&P 500,4小时,Prism · S&P 500 · 4小时,MDLZ,Mondelez International,Consumer Staples,37,37,0,2026-08-19,77,-40,2,1,64.565002,66.64,73.4,盘中候选，等待收盘确认；上一交易日也在Top100,prism-spx-4h-signal-ranking.csv
盘中候选,Aster Research,v2 Balanced,Aster,Aster Research · v2 Balanced,MCRI,MONARCH CASINO AND RESORT,Consumer Discretionary,40,40,0,2026-08-19,38,2,2,1,124.364998,79.88,73.4,盘中候选，等待收盘确认；上一交易日也在Top100,aster-v2-balanced-ranking.csv
盘中候选,Early,Nasdaq 200,4小时,Early · Nasdaq 200 · 4小时,CTAS,Cintas,Industrials,37,37,0,2026-08-19,37,0,2,1,202.830002,65.34,73.3,盘中候选，等待收盘确认；上一交易日也在Top100,early-nasdaq200-4h-signal-ranking.csv
盘中候选,Early,Russell,日线,Early · Russell · 日线,KMTS,KESTRA MEDICAL TECHNOLOGIES,Health Care,22,22,0,2026-08-19,63,-41,2,1,27.58,,73.3,盘中候选，等待收盘确认；上一交易日也在Top100,early-russell2000-ranking-timeline.csv
盘中候选,Other,All,Ranking,aster-ema-candle-capture-ranking-timeline,CWT,CALIFORNIA WATER SERVICE GROUP,Utilities,22,22,0,2026-08-19,9,13,2,1,49.899601,,73.3,盘中候选，等待收盘确认；上一交易日也在Top100,aster-ema-candle-capture-ranking-timeline.csv
盘中候选,Other,All,Ranking,aster-call-ranking-timeline,DMC,DEL MONTE,Consumer Staples,22,22,0,2026-08-19,31,-9,2,1,31.299,,73.3,盘中候选，等待收盘确认；上一交易日也在Top100,aster-call-ranking-timeline.csv
盘中候选,Other,All,Ranking,aster-v5-risk-adjusted-ranking-timeline,GLSI,GREENWICH LIFESCIENCES INC,Health Care,22,22,0,2026-08-19,27,-5,2,1,17.18,,73.3,盘中候选，等待收盘确认；上一交易日也在Top100,aster-v5-risk-adjusted-ranking-timeline.csv
盘中候选,Prism,Russell,4小时,Prism · Russell · 4小时,UPST,UPSTART HOLDINGS,Financials,39,39,0,2026-08-19,29,10,2,1,28.959999,73.32,73.2,盘中候选，等待收盘确认；上一交易日也在Top100,prism-russell2000-4h-signal-ranking.csv
盘中候选,Aster Research,v5 Risk Adjusted,Aster,Aster Research · v5 Risk Adjusted,TMUS,T-Mobile US,Communication Services,40,40,0,2026-08-19,30,10,2,1,182.085007,76.39,73.1,盘中候选，等待收盘确认；上一交易日也在Top100,aster-v5-risk-adjusted-ranking.csv
盘中候选,Aster Research,单一信号 EMA Cross,Aster,Aster Research · 单一信号 EMA Cross,SNDA,SONIDA SENIOR LIVING,Health Care,41,41,0,2026-08-19,30,11,2,1,40.799999,80.55,73.1,盘中候选，等待收盘确认；上一交易日也在Top100,aster-ema-cross-ranking.csv
盘中候选,Aster Research,单一趋势 Trend Relay,Aster,Aster Research · 单一趋势 Trend Relay,GLNG,GOLAR LNG,Energy,44,44,0,2026-08-19,26,18,2,1,52.884998,94.0,73.1,盘中候选，等待收盘确认；上一交易日也在Top100,aster-trend-relay-ranking.csv
盘中候选,Early,S&P 500,日线,Early · S&P 500 · 日线,BX,Blackstone Inc.,Financials,23,23,0,2026-08-19,25,-2,2,1,142.520004,,73.0,盘中候选，等待收盘确认；上一交易日也在Top100,early-spx-ranking-timeline.csv
盘中候选,Early,Russell,4小时,Early · Russell · 4小时,CYRX,CRYOPORT,Health Care,41,41,0,2026-08-19,10,31,2,1,16.785,79.56,73.0,盘中候选，等待收盘确认；上一交易日也在Top100,early-russell2000-4h-signal-ranking.csv
盘中候选,Prism,S&P 500,日线,Prism · S&P 500 · 日线,DHR,Danaher Corporation,Health Care,23,23,0,2026-08-19,30,-7,2,1,215.229996,,73.0,盘中候选，等待收盘确认；上一交易日也在Top100,prism-spx-ranking-timeline.csv
盘中候选,Prism,Russell,日线,Prism · Russell · 日线,CARL,CARLSMED,Health Care,23,23,0,2026-08-19,91,-68,2,1,15.77,,73.0,盘中候选，等待收盘确认；上一交易日也在Top100,prism-russell2000-ranking-timeline.csv
盘中候选,Aster Research,v4 Tactical Breakout,Aster,Aster Research · v4 Tactical Breakout,AXON,Axon Enterprise,Industrials,43,43,0,2026-08-19,41,2,2,1,631.804993,88.93,73.0,盘中候选，等待收盘确认；上一交易日也在Top100,aster-v4-tactical-breakout-ranking.csv
盘中候选,Other,All,Ranking,aster-call-ranking-timeline,AFRM,"Affirm Holdings, Inc. - Class A Common Stock",,23,23,0,2026-08-19,4,19,2,1,76.037804,,73.0,盘中候选，等待收盘确认；上一交易日也在Top100,aster-call-ranking-timeline.csv
盘中候选,Other,All,Ranking,aster-consensus-agent-ranking-timeline,PAHC,PHIBRO ANIMAL HEALTH CORP CLASS A,Health Care,23,23,0,2026-08-19,34,-11,2,1,35.209999,,73.0,盘中候选，等待收盘确认；上一交易日也在Top100,aster-consensus-agent-ranking-timeline.csv
盘中候选,Early,S&P 500,4小时,Early · S&P 500 · 4小时,RVTY,Revvity,Health Care,39,39,0,2026-08-19,52,-13,2,1,121.125,68.85,72.8,盘中候选，等待收盘确认；上一交易日也在Top100,early-spx-4h-signal-ranking.csv
盘中候选,Prism,Russell,4小时,Prism · Russell · 4小时,CTNM,CONTINEUM THERAPEUTICS INC CLASS A,Health Care,40,40,0,2026-08-19,98,-58,2,1,15.93,73.22,72.8,盘中候选，等待收盘确认；上一交易日也在Top100,prism-russell2000-4h-signal-ranking.csv
盘中候选,Prism,Nasdaq Liquid 500,4小时,Prism · Nasdaq Liquid 500 · 4小时,JKHY,Jack Henry & Associates,Financials,39,39,0,2026-08-19,1,38,2,1,164.529999,67.54,72.7,盘中候选，等待收盘确认；上一交易日也在Top100,prism-nasdaq500-4h-signal-ranking.csv
盘中候选,Aster Research,v3 Quality Momentum,Aster,Aster Research · v3 Quality Momentum,RCKT,ROCKET PHARMACEUTICALS,Health Care,42,42,0,2026-08-19,6,36,2,1,3.48,80.74,72.7,盘中候选，等待收盘确认；上一交易日也在Top100,aster-v3-quality-momentum-ranking.csv
盘中候选,Early,S&P 500,日线,Early · S&P 500 · 日线,WST,West Pharmaceutical Services,Health Care,24,24,0,2026-08-19,28,-4,2,1,354.575012,,72.6,盘中候选，等待收盘确认；上一交易日也在Top100,early-spx-ranking-timeline.csv
盘中候选,Early,Russell,日线,Early · Russell · 日线,ASAN,ASANA CLASS A,Information Technology,24,24,0,2026-08-19,71,-47,2,1,9.44,,72.6,盘中候选，等待收盘确认；上一交易日也在Top100,early-russell2000-ranking-timeline.csv
盘中候选,Prism,S&P 500,4小时,Prism · S&P 500 · 4小时,ZBH,Zimmer Biomet,Health Care,39,39,0,2026-08-19,40,-1,2,1,101.404999,66.5,72.6,盘中候选，等待收盘确认；上一交易日也在Top100,prism-spx-4h-signal-ranking.csv
盘中候选,Other,All,Ranking,aster-ema-candle-capture-ranking-timeline,AUPH,AURINIA PHARMACEUTICALS,Health Care,24,24,0,2026-08-19,8,16,2,1,17.6,,72.6,盘中候选，等待收盘确认；上一交易日也在Top100,aster-ema-candle-capture-ranking-timeline.csv
盘中候选,Other,All,Ranking,aster-v5-risk-adjusted-ranking-timeline,ECL,Ecolab,Materials,24,24,0,2026-08-19,25,-1,2,1,285.445007,,72.6,盘中候选，等待收盘确认；上一交易日也在Top100,aster-v5-risk-adjusted-ranking-timeline.csv
盘中候选,Other,All,Ranking,aster-trend-relay-ranking-timeline,NWSA,News Corp (Class A),Communication Services,24,24,0,2026-08-19,15,9,2,1,29.469999,,72.6,盘中候选，等待收盘确认；上一交易日也在Top100,aster-trend-relay-ranking-timeline.csv
盘中候选,Other,All,Ranking,aster-v4-tactical-breakout-ranking-timeline,ZBH,Zimmer Biomet,Health Care,24,24,0,2026-08-19,40,-16,2,1,101.404999,,72.6,盘中候选，等待收盘确认；上一交易日也在Top100,aster-v4-tactical-breakout-ranking-timeline.csv
盘中候选,Prism,Russell,4小时,Prism · Russell · 4小时,CYRX,CRYOPORT,Health Care,41,41,0,2026-08-19,65,-24,2,1,16.785,73.22,72.5,盘中候选，等待收盘确认；上一交易日也在Top100,prism-russell2000-4h-signal-ranking.csv
盘中候选,Early,Russell,日线,Early · Russell · 日线,UTMD,UTAH MEDICAL PRODUCTS INC,Health Care,25,25,0,2026-08-19,32,-7,2,1,72.120003,,72.2,盘中候选，等待收盘确认；上一交易日也在Top100,early-russell2000-ranking-timeline.csv
盘中候选,Early,Russell,4小时,Early · Russell · 4小时,MCRI,MONARCH CASINO AND RESORT,Consumer Discretionary,43,43,0,2026-08-19,12,31,2,1,124.364998,79.28,72.2,盘中候选，等待收盘确认；上一交易日也在Top100,early-russell2000-4h-signal-ranking.csv
盘中候选,Other,All,Ranking,aster-v4-tactical-breakout-ranking-timeline,ECL,Ecolab,Materials,25,25,0,2026-08-19,10,15,2,1,285.445007,,72.2,盘中候选，等待收盘确认；上一交易日也在Top100,aster-v4-tactical-breakout-ranking-timeline.csv
盘中候选,Other,All,Ranking,aster-ema-cross-ranking-timeline,IMXI,INTERNATIONAL MONEY EXPRESS INC,Financials,25,25,0,2026-08-19,15,10,2,1,14.02,,72.2,盘中候选，等待收盘确认；上一交易日也在Top100,aster-ema-cross-ranking-timeline.csv
盘中候选,Other,All,Ranking,aster-v2-balanced-ranking-timeline,MTCH,"Match Group, Inc. - Common Stock",,25,25,0,2026-08-19,13,12,2,1,39.91,,72.2,盘中候选，等待收盘确认；上一交易日也在Top100,aster-v2-balanced-ranking-timeline.csv
盘中候选,Prism,Russell,4小时,Prism · Russell · 4小时,FINW,FINWISE BANCORP,Financials,42,42,0,2026-08-19,41,1,2,1,14.14,73.16,72.1,盘中候选，等待收盘确认；上一交易日也在Top100,prism-russell2000-4h-signal-ranking.csv
盘中候选,Prism,Nasdaq Liquid 500,4小时,Prism · Nasdaq Liquid 500 · 4小时,AXON,Axon Enterprise,Industrials,41,41,0,2026-08-19,37,4,2,1,631.804993,66.9,72.0,盘中候选，等待收盘确认；上一交易日也在Top100,prism-nasdaq500-4h-signal-ranking.csv
盘中候选,Aster Research,共识Agent 多榜单共振,Aster,Aster Research · 共识Agent 多榜单共振,DHI,D. R. Horton,Consumer Discretionary,45,45,0,2026-08-19,37,8,2,1,148.619995,84.27,71.9,盘中候选，等待收盘确认；上一交易日也在Top100,aster-consensus-agent-ranking.csv
盘中候选,Other,All,Ranking,aster-v3-quality-momentum-ranking-timeline,ECL,Ecolab,Materials,26,26,0,2026-08-19,34,-8,2,1,285.445007,,71.9,盘中候选，等待收盘确认；上一交易日也在Top100,aster-v3-quality-momentum-ranking-timeline.csv
盘中候选,Other,All,Ranking,aster-call-ranking-timeline,IPI,INTREPID POTASH INC,Materials,26,26,0,2026-08-19,34,-8,2,1,38.18,,71.9,盘中候选，等待收盘确认；上一交易日也在Top100,aster-call-ranking-timeline.csv
盘中候选,Other,All,Ranking,aster-trend-relay-ranking-timeline,NWS,News Corp (Class B),Communication Services,26,26,0,2026-08-19,17,9,2,1,33.540001,,71.9,盘中候选，等待收盘确认；上一交易日也在Top100,aster-trend-relay-ranking-timeline.csv
盘中候选,Other,All,Ranking,aster-consensus-agent-ranking-timeline,RCKT,ROCKET PHARMACEUTICALS,Health Care,26,26,0,2026-08-19,23,3,2,1,3.48,,71.9,盘中候选，等待收盘确认；上一交易日也在Top100,aster-consensus-agent-ranking-timeline.csv
盘中候选,Other,All,Ranking,aster-ema-cross-ranking-timeline,TRON,TRON INC,Consumer Discretionary,26,26,0,2026-08-19,10,16,2,1,1.645,,71.9,盘中候选，等待收盘确认；上一交易日也在Top100,aster-ema-cross-ranking-timeline.csv
盘中候选,Other,All,Ranking,aster-v4-tactical-breakout-ranking-timeline,WST,West Pharmaceutical Services,Health Care,26,26,0,2026-08-19,6,20,2,1,354.75,,71.9,盘中候选，等待收盘确认；上一交易日也在Top100,aster-v4-tactical-breakout-ranking-timeline.csv
盘中候选,Prism,Nasdaq 200,4小时,Prism · Nasdaq 200 · 4小时,MDGL,"Madrigal Pharmaceuticals, Inc. - Common Stock",,41,41,0,2026-08-19,8,33,2,1,536.565002,64.46,71.8,盘中候选，等待收盘确认；上一交易日也在Top100,prism-nasdaq200-4h-signal-ranking.csv
盘中候选,Early,Nasdaq Liquid 500,4小时,Early · Nasdaq Liquid 500 · 4小时,ADBE,Adobe Inc.,Information Technology,42,42,0,2026-08-19,88,-46,2,1,272.079987,67.88,71.7,盘中候选，等待收盘确认；上一交易日也在Top100,early-nasdaq500-4h-signal-ranking.csv
盘中候选,Aster Research,共识Agent 多榜单共振,Aster,Aster Research · 共识Agent 多榜单共振,MTCH,"Match Group, Inc. - Common Stock",,46,46,0,2026-08-19,15,31,2,1,39.91,84.01,71.6,盘中候选，等待收盘确认；上一交易日也在Top100,aster-consensus-agent-ranking.csv
盘中候选,Aster Research,v4 Tactical Breakout,Aster,Aster Research · v4 Tactical Breakout,CENT,CENTRAL GARDEN AND PET,Consumer Staples,47,47,0,2026-08-19,11,36,2,1,43.919998,88.51,71.6,盘中候选，等待收盘确认；上一交易日也在Top100,aster-v4-tactical-breakout-ranking.csv
盘中候选,Prism,Russell,日线,Prism · Russell · 日线,IVVD,INVIVYD,Health Care,27,27,0,2026-08-19,89,-62,2,1,0.9633,,71.5,盘中候选，等待收盘确认；上一交易日也在Top100,prism-russell2000-ranking-timeline.csv
盘中候选,Other,All,Ranking,aster-trend-relay-ranking-timeline,MEDP,"Medpace Holdings, Inc. - Common Stock",,27,27,0,2026-08-19,28,-1,2,1,619.280029,,71.5,盘中候选，等待收盘确认；上一交易日也在Top100,aster-trend-relay-ranking-timeline.csv
盘中候选,Other,All,Ranking,aster-ema-cross-ranking-timeline,SPGI,S&P Global,Financials,27,27,0,2026-08-19,27,0,2,1,426.720001,,71.5,盘中候选，等待收盘确认；上一交易日也在Top100,aster-ema-cross-ranking-timeline.csv
盘中候选,Early,S&P 500,4小时,Early · S&P 500 · 4小时,CSX,CSX Corporation,Industrials,43,43,0,2026-08-19,11,32,2,1,50.945,68.26,71.3,盘中候选，等待收盘确认；上一交易日也在Top100,early-spx-4h-signal-ranking.csv
盘中候选,Early,Nasdaq 200,日线,Early · Nasdaq 200 · 日线,LLYVK,"Liberty Live Holdings, Inc. - Series C Liberty Live Group Common Stock",,28,28,0,2026-08-19,29,-1,2,1,107.25,,71.2,盘中候选，等待收盘确认；上一交易日也在Top100,early-nasdaq200-ranking-timeline.csv
盘中候选,Prism,S&P 500,日线,Prism · S&P 500 · 日线,TYL,Tyler Technologies,Information Technology,28,28,0,2026-08-19,51,-23,2,1,348.399994,,71.2,盘中候选，等待收盘确认；上一交易日也在Top100,prism-spx-ranking-timeline.csv
盘中候选,Aster Research,共识Agent 多榜单共振,Aster,Aster Research · 共识Agent 多榜单共振,ZBH,Zimmer Biomet,Health Care,47,47,0,2026-08-19,39,8,2,1,101.404999,83.79,71.2,盘中候选，等待收盘确认；上一交易日也在Top100,aster-consensus-agent-ranking.csv
盘中候选,Other,All,Ranking,aster-v4-tactical-breakout-ranking-timeline,COUR,COURSERA,Consumer Discretionary,28,28,0,2026-08-19,5,23,2,1,5.825,,71.2,盘中候选，等待收盘确认；上一交易日也在Top100,aster-v4-tactical-breakout-ranking-timeline.csv
盘中候选,Other,All,Ranking,aster-ema-cross-ranking-timeline,FINW,FINWISE BANCORP,Financials,28,28,0,2026-08-19,16,12,2,1,14.14,,71.2,盘中候选，等待收盘确认；上一交易日也在Top100,aster-ema-cross-ranking-timeline.csv
盘中候选,Other,All,Ranking,aster-v2-balanced-ranking-timeline,SAM,BOSTON BEER CLASS A,Consumer Staples,28,28,0,2026-08-19,4,24,2,1,186.789993,,71.2,盘中候选，等待收盘确认；上一交易日也在Top100,aster-v2-balanced-ranking-timeline.csv
盘中候选,Prism,S&P 500,4小时,Prism · S&P 500 · 4小时,AJG,Arthur J. Gallagher & Co.,Financials,43,43,0,2026-08-19,1,42,2,1,260.769989,65.61,71.1,盘中候选，等待收盘确认；上一交易日也在Top100,prism-spx-4h-signal-ranking.csv
盘中候选,Early,S&P 500,4小时,Early · S&P 500 · 4小时,AJG,Arthur J. Gallagher & Co.,Financials,44,44,0,2026-08-19,4,40,2,1,260.769989,68.23,71.0,盘中候选，等待收盘确认；上一交易日也在Top100,early-spx-4h-signal-ranking.csv
盘中候选,Early,Nasdaq 200,4小时,Early · Nasdaq 200 · 4小时,ILMN,"Illumina, Inc. - Common Stock",,43,43,0,2026-08-19,9,34,2,1,212.119995,63.33,70.9,盘中候选，等待收盘确认；上一交易日也在Top100,early-nasdaq200-4h-signal-ranking.csv
盘中候选,Prism,Nasdaq Liquid 500,日线,Prism · Nasdaq Liquid 500 · 日线,YJ,Yunji Inc. - American Depository Shares,,29,29,0,2026-08-19,25,4,2,1,4.04,,70.8,盘中候选，等待收盘确认；上一交易日也在Top100,prism-nasdaq500-ranking-timeline.csv
盘中候选,Prism,Nasdaq Liquid 500,4小时,Prism · Nasdaq Liquid 500 · 4小时,CSX,CSX Corporation,Industrials,44,44,0,2026-08-19,4,40,2,1,50.945,66.53,70.8,盘中候选，等待收盘确认；上一交易日也在Top100,prism-nasdaq500-4h-signal-ranking.csv
盘中候选,Other,All,Ranking,aster-call-ranking-timeline,MCRI,MONARCH CASINO AND RESORT,Consumer Discretionary,29,29,0,2026-08-19,41,-12,2,1,124.364998,,70.8,盘中候选，等待收盘确认；上一交易日也在Top100,aster-call-ranking-timeline.csv
盘中候选,Other,All,Ranking,aster-ema-cross-ranking-timeline,NERV,MINERVA NEUROSCIENCES INC,Health Care,29,29,0,2026-08-19,14,15,2,1,4.765,,70.8,盘中候选，等待收盘确认；上一交易日也在Top100,aster-ema-cross-ranking-timeline.csv
盘中候选,Early,Russell,4小时,Early · Russell · 4小时,LXEO,LEXEO THERAPEUTICS,Health Care,47,47,0,2026-08-19,74,-27,2,1,5.15,78.39,70.7,盘中候选，等待收盘确认；上一交易日也在Top100,early-russell2000-4h-signal-ranking.csv
盘中候选,Aster Call,All,Aster,Aster Call,GLSI,GREENWICH LIFESCIENCES INC,Health Care,48,48,0,2026-08-19,33,15,2,1,17.18,82.64,70.7,盘中候选，等待收盘确认；上一交易日也在Top100,aster-call-ranking.csv
盘中候选,Aster Research,单一信号 EMA Cross,Aster,Aster Research · 单一信号 EMA Cross,CRMD,CORMEDIX,Health Care,48,48,0,2026-08-19,41,7,2,1,8.41,80.1,70.5,盘中候选，等待收盘确认；上一交易日也在Top100,aster-ema-cross-ranking.csv
盘中候选,Prism,S&P 500,4小时,Prism · S&P 500 · 4小时,CRM,Salesforce,Information Technology,45,45,0,2026-08-19,70,-25,2,1,205.550003,65.53,70.4,盘中候选，等待收盘确认；上一交易日也在Top100,prism-spx-4h-signal-ranking.csv
盘中候选,Prism,Nasdaq Liquid 500,日线,Prism · Nasdaq Liquid 500 · 日线,MANH,"Manhattan Associates, Inc. - Common Stock",,30,30,0,2026-08-19,56,-26,2,1,208.990005,,70.4,盘中候选，等待收盘确认；上一交易日也在Top100,prism-nasdaq500-ranking-timeline.csv
盘中候选,Other,All,Ranking,aster-trend-relay-ranking-timeline,FOX,Fox Corporation (Class B),Communication Services,30,30,0,2026-08-19,19,11,2,1,61.025002,,70.4,盘中候选，等待收盘确认；上一交易日也在Top100,aster-trend-relay-ranking-timeline.csv
盘中候选,Other,All,Ranking,aster-ema-cross-ranking-timeline,NVGS,NAVIGATOR HOLDINGS,Energy,30,30,0,2026-08-19,21,9,2,1,21.764999,,70.4,盘中候选，等待收盘确认；上一交易日也在Top100,aster-ema-cross-ranking-timeline.csv
盘中候选,Prism,Russell,4小时,Prism · Russell · 4小时,PRKS,UNITED PARKS AND RESORTS,Consumer Discretionary,47,47,0,2026-08-19,49,-2,2,1,45.060001,72.73,70.3,盘中候选，等待收盘确认；上一交易日也在Top100,prism-russell2000-4h-signal-ranking.csv
盘中候选,Early,S&P 500,4小时,Early · S&P 500 · 4小时,EXE,Expand Energy,Energy,46,46,0,2026-08-19,87,-41,2,1,96.690002,67.31,70.2,盘中候选，等待收盘确认；上一交易日也在Top100,early-spx-4h-signal-ranking.csv
盘中候选,Aster Research,v5 Risk Adjusted,Aster,Aster Research · v5 Risk Adjusted,AFRM,"Affirm Holdings, Inc. - Class A Common Stock",,48,48,0,2026-08-19,2,46,2,1,76.037804,75.94,70.2,盘中候选，等待收盘确认；上一交易日也在Top100,aster-v5-risk-adjusted-ranking.csv
盘中候选,Prism,Nasdaq 200,日线,Prism · Nasdaq 200 · 日线,BNTX,BioNTech SE - American Depositary Shares,,31,31,0,2026-08-19,36,-5,2,1,110.889999,,70.1,盘中候选，等待收盘确认；上一交易日也在Top100,prism-nasdaq200-ranking-timeline.csv
盘中候选,Prism,Nasdaq Liquid 500,4小时,Prism · Nasdaq Liquid 500 · 4小时,GLXY,Galaxy Digital Inc. - Class A common stock,,46,46,0,2026-08-19,70,-24,2,1,23.110001,66.09,70.1,盘中候选，等待收盘确认；上一交易日也在Top100,prism-nasdaq500-4h-signal-ranking.csv
盘中候选,Other,All,Ranking,aster-ema-cross-ranking-timeline,CLPT,CLEARPOINT NEURO INC,Health Care,31,31,0,2026-08-19,31,0,2,1,15.84,,70.1,盘中候选，等待收盘确认；上一交易日也在Top100,aster-ema-cross-ranking-timeline.csv
盘中候选,Other,All,Ranking,aster-v3-quality-momentum-ranking-timeline,OFRM,ONCE UPON A FARM PBC,Consumer Staples,31,31,0,2026-08-19,40,-9,2,1,17.780001,,70.1,盘中候选，等待收盘确认；上一交易日也在Top100,aster-v3-quality-momentum-ranking-timeline.csv
盘中候选,Other,All,Ranking,aster-v2-balanced-ranking-timeline,ZBH,Zimmer Biomet,Health Care,31,31,0,2026-08-19,41,-10,2,1,101.404999,,70.1,盘中候选，等待收盘确认；上一交易日也在Top100,aster-v2-balanced-ranking-timeline.csv
盘中候选,Prism,S&P 500,4小时,Prism · S&P 500 · 4小时,HOOD,Robinhood Markets,Financials,46,46,0,2026-08-19,72,-26,2,1,97.139999,65.26,70.0,盘中候选，等待收盘确认；上一交易日也在Top100,prism-spx-4h-signal-ranking.csv
盘中候选,Prism,Russell,4小时,Prism · Russell · 4小时,ENTA,ENANTA PHARMACEUTICALS INC,Health Care,48,48,0,2026-08-19,56,-8,2,1,13.29,72.68,69.9,盘中候选，等待收盘确认；上一交易日也在Top100,prism-russell2000-4h-signal-ranking.csv
盘中候选,Early,S&P 500,4小时,Early · S&P 500 · 4小时,CBRE,CBRE Group,Real Estate,47,47,0,2026-08-19,70,-23,2,1,153.440002,67.15,69.8,盘中候选，等待收盘确认；上一交易日也在Top100,early-spx-4h-signal-ranking.csv
盘中候选,Early,Nasdaq Liquid 500,4小时,Early · Nasdaq Liquid 500 · 4小时,AXON,Axon Enterprise,Industrials,47,47,0,2026-08-19,54,-7,2,1,631.804993,66.74,69.8,盘中候选，等待收盘确认；上一交易日也在Top100,early-nasdaq500-4h-signal-ranking.csv
盘中候选,Early,Nasdaq Liquid 500,日线,Early · Nasdaq Liquid 500 · 日线,CHKP,Check Point Software Technologies Ltd. - Ordinary Shares,,32,32,0,2026-08-19,40,-8,2,1,132.5,,69.7,盘中候选，等待收盘确认；上一交易日也在Top100,early-nasdaq500-ranking-timeline.csv
盘中候选,Early,Russell,日线,Early · Russell · 日线,FRD,FRIEDMAN INDUSTRIES INC,Materials,32,32,0,2026-08-19,21,11,2,1,44.040001,,69.7,盘中候选，等待收盘确认；上一交易日也在Top100,early-russell2000-ranking-timeline.csv
盘中候选,Other,All,Ranking,aster-ema-cross-ranking-timeline,AFRM,"Affirm Holdings, Inc. - Class A Common Stock",,32,32,0,2026-08-19,25,7,2,1,76.037804,,69.7,盘中候选，等待收盘确认；上一交易日也在Top100,aster-ema-cross-ranking-timeline.csv
盘中候选,Other,All,Ranking,aster-v4-tactical-breakout-ranking-timeline,DHI,D. R. Horton,Consumer Discretionary,32,32,0,2026-08-19,25,7,2,1,148.619995,,69.7,盘中候选，等待收盘确认；上一交易日也在Top100,aster-v4-tactical-breakout-ranking-timeline.csv
盘中候选,Other,All,Ranking,aster-call-ranking-timeline,MTCH,"Match Group, Inc. - Common Stock",,32,32,0,2026-08-19,27,5,2,1,39.91,,69.7,盘中候选，等待收盘确认；上一交易日也在Top100,aster-call-ranking-timeline.csv
盘中候选,Prism,Nasdaq 200,4小时,Prism · Nasdaq 200 · 4小时,MNST,Monster Beverage,Consumer Staples,47,47,0,2026-08-19,43,4,2,1,47.630001,63.37,69.5,盘中候选，等待收盘确认；上一交易日也在Top100,prism-nasdaq200-4h-signal-ranking.csv
盘中候选,Prism,Russell,日线,Prism · Russell · 日线,ATRC,ATRICURE,Health Care,33,33,0,2026-08-19,56,-23,2,1,47.98,,69.4,盘中候选，等待收盘确认；上一交易日也在Top100,prism-russell2000-ranking-timeline.csv
盘中候选,Other,All,Ranking,aster-v5-risk-adjusted-ranking-timeline,STC,STEWART INFO SERVICES CORP,Financials,33,33,0,2026-08-19,18,15,2,1,68.480003,,69.4,盘中候选，等待收盘确认；上一交易日也在Top100,aster-v5-risk-adjusted-ranking-timeline.csv
盘中候选,Other,All,Ranking,aster-trend-relay-ranking-timeline,TCOM,Trip.com Group Limited - American Depositary Shares,,33,33,0,2026-08-19,21,12,2,1,45.990002,,69.4,盘中候选，等待收盘确认；上一交易日也在Top100,aster-trend-relay-ranking-timeline.csv
盘中候选,Early,S&P 500,日线,Early · S&P 500 · 日线,WAT,Waters Corporation,Health Care,34,34,0,2026-08-19,34,0,2,1,414.929993,,69.0,盘中候选，等待收盘确认；上一交易日也在Top100,early-spx-ranking-timeline.csv
盘中候选,Early,Nasdaq Liquid 500,日线,Early · Nasdaq Liquid 500 · 日线,QMCO,Quantum Corporation - Common Stock,,34,34,0,2026-08-19,58,-24,2,1,19.99,,69.0,盘中候选，等待收盘确认；上一交易日也在Top100,early-nasdaq500-ranking-timeline.csv
盘中候选,Prism,S&P 500,日线,Prism · S&P 500 · 日线,EL,Estée Lauder Companies (The),Consumer Staples,34,34,0,2026-08-19,28,6,2,1,97.470001,,69.0,盘中候选，等待收盘确认；上一交易日也在Top100,prism-spx-ranking-timeline.csv
盘中候选,Prism,Russell,日线,Prism · Russell · 日线,TWST,TWIST BIOSCIENCE,Health Care,34,34,0,2026-08-19,71,-37,2,1,139.759995,,69.0,盘中候选，等待收盘确认；上一交易日也在Top100,prism-russell2000-ranking-timeline.csv
盘中候选,Other,All,Ranking,aster-trend-relay-ranking-timeline,AFRM,"Affirm Holdings, Inc. - Class A Common Stock",,34,34,0,2026-08-19,20,14,2,1,76.037804,,69.0,盘中候选，等待收盘确认；上一交易日也在Top100,aster-trend-relay-ranking-timeline.csv
盘中候选,Other,All,Ranking,aster-ema-candle-capture-ranking-timeline,ALCO,ALICO INC,Consumer Staples,34,34,0,2026-08-19,42,-8,2,1,40.029999,,69.0,盘中候选，等待收盘确认；上一交易日也在Top100,aster-ema-candle-capture-ranking-timeline.csv
盘中候选,Other,All,Ranking,aster-v5-risk-adjusted-ranking-timeline,MC,MOELIS CLASS A,Financials,34,34,0,2026-08-19,10,24,2,1,67.599998,,69.0,盘中候选，等待收盘确认；上一交易日也在Top100,aster-v5-risk-adjusted-ranking-timeline.csv
盘中候选,Prism,S&P 500,4小时,Prism · S&P 500 · 4小时,WST,West Pharmaceutical Services,Health Care,49,49,0,2026-08-19,11,38,2,1,354.75,65.09,68.9,盘中候选，等待收盘确认；上一交易日也在Top100,prism-spx-4h-signal-ranking.csv
盘中候选,Early,Nasdaq Liquid 500,4小时,Early · Nasdaq Liquid 500 · 4小时,MDGL,"Madrigal Pharmaceuticals, Inc. - Common Stock",,50,50,0,2026-08-19,6,44,2,1,536.565002,66.49,68.7,盘中候选，等待收盘确认；上一交易日也在Top100,early-nasdaq500-4h-signal-ranking.csv
盘中候选,Early,S&P 500,日线,Early · S&P 500 · 日线,EFX,Equifax,Industrials,35,35,0,2026-08-19,82,-47,2,1,193.559998,,68.6,盘中候选，等待收盘确认；上一交易日也在Top100,early-spx-ranking-timeline.csv
盘中候选,Early,Nasdaq 200,日线,Early · Nasdaq 200 · 日线,ICLR,ICON plc - Ordinary Shares,,35,35,0,2026-08-19,9,26,2,1,176.830002,,68.6,盘中候选，等待收盘确认；上一交易日也在Top100,early-nasdaq200-ranking-timeline.csv
盘中候选,Early,Nasdaq Liquid 500,日线,Early · Nasdaq Liquid 500 · 日线,WDAY,"Workday, Inc.",Information Technology,35,35,0,2026-08-19,68,-33,2,1,197.820007,,68.6,盘中候选，等待收盘确认；上一交易日也在Top100,early-nasdaq500-ranking-timeline.csv
盘中候选,Early,Russell,日线,Early · Russell · 日线,GLOB,GLOBANT,Information Technology,35,35,0,2026-08-19,4,31,2,1,39.365002,,68.6,盘中候选，等待收盘确认；上一交易日也在Top100,early-russell2000-ranking-timeline.csv
盘中候选,Other,All,Ranking,aster-ema-cross-ranking-timeline,ALCO,ALICO INC,Consumer Staples,35,35,0,2026-08-19,35,0,2,1,40.029999,,68.6,盘中候选，等待收盘确认；上一交易日也在Top100,aster-ema-cross-ranking-timeline.csv
盘中候选,Other,All,Ranking,aster-v3-quality-momentum-ranking-timeline,VYGR,VOYAGER THERAPEUTICS,Health Care,35,35,0,2026-08-19,49,-14,2,1,3.33,,68.6,盘中候选，等待收盘确认；上一交易日也在Top100,aster-v3-quality-momentum-ranking-timeline.csv
盘中候选,Early,Russell,日线,Early · Russell · 日线,HNST,THE HONEST COMPANY,Consumer Staples,36,36,0,2026-08-19,59,-23,2,1,4.99,,68.3,盘中候选，等待收盘确认；上一交易日也在Top100,early-russell2000-ranking-timeline.csv
盘中候选,Other,All,Ranking,aster-v4-tactical-breakout-ranking-timeline,ASND,Ascendis Pharma A/S - Ordinary Share,,36,36,0,2026-08-19,28,8,2,1,258.98999,,68.3,盘中候选，等待收盘确认；上一交易日也在Top100,aster-v4-tactical-breakout-ranking-timeline.csv
盘中候选,Other,All,Ranking,aster-ema-cross-ranking-timeline,CVEO,CIVEO CORP,Industrials,36,36,0,2026-08-19,34,2,2,1,33.66,,68.3,盘中候选，等待收盘确认；上一交易日也在Top100,aster-ema-cross-ranking-timeline.csv
盘中候选,Other,All,Ranking,aster-call-ranking-timeline,ECL,Ecolab,Materials,36,36,0,2026-08-19,10,26,2,1,285.445007,,68.3,盘中候选，等待收盘确认；上一交易日也在Top100,aster-call-ranking-timeline.csv
盘中候选,Early,Nasdaq 200,日线,Early · Nasdaq 200 · 日线,AFRM,"Affirm Holdings, Inc. - Class A Common Stock",,37,37,0,2026-08-19,3,34,2,1,76.059998,,67.9,盘中候选，等待收盘确认；上一交易日也在Top100,early-nasdaq200-ranking-timeline.csv
盘中候选,Prism,Nasdaq Liquid 500,日线,Prism · Nasdaq Liquid 500 · 日线,TTAN,SERVICETITAN CLASS A,Information Technology,37,37,0,2026-08-19,60,-23,2,1,96.0,,67.9,盘中候选，等待收盘确认；上一交易日也在Top100,prism-nasdaq500-ranking-timeline.csv
盘中候选,Early,Russell,日线,Early · Russell · 日线,PAR,PAR TECHNOLOGY,Information Technology,38,38,0,2026-08-19,64,-26,2,1,19.15,,67.5,盘中候选，等待收盘确认；上一交易日也在Top100,early-russell2000-ranking-timeline.csv
盘中候选,Prism,Russell,日线,Prism · Russell · 日线,KIDS,ORTHOPEDIATRICS CORP,Health Care,38,38,0,2026-08-19,55,-17,2,1,26.735001,,67.5,盘中候选，等待收盘确认；上一交易日也在Top100,prism-russell2000-ranking-timeline.csv
盘中候选,Other,All,Ranking,aster-v4-tactical-breakout-ranking-timeline,NP,NEPTUNE INSURANCE HOLDINGS CLASS A,Financials,38,38,0,2026-08-19,20,18,2,1,32.48,,67.5,盘中候选，等待收盘确认；上一交易日也在Top100,aster-v4-tactical-breakout-ranking-timeline.csv
盘中候选,Other,All,Ranking,aster-consensus-agent-ranking-timeline,SAM,BOSTON BEER CLASS A,Consumer Staples,38,38,0,2026-08-19,18,20,2,1,186.789993,,67.5,盘中候选，等待收盘确认；上一交易日也在Top100,aster-consensus-agent-ranking-timeline.csv
盘中候选,Other,All,Ranking,aster-call-ranking-timeline,DHI,D. R. Horton,Consumer Discretionary,39,39,0,2026-08-19,26,13,2,1,148.619995,,67.2,盘中候选，等待收盘确认；上一交易日也在Top100,aster-call-ranking-timeline.csv
盘中候选,Other,All,Ranking,aster-v2-balanced-ranking-timeline,MCRI,MONARCH CASINO AND RESORT,Consumer Discretionary,40,40,0,2026-08-19,38,2,2,1,124.364998,,66.8,盘中候选，等待收盘确认；上一交易日也在Top100,aster-v2-balanced-ranking-timeline.csv
盘中候选,Other,All,Ranking,aster-call-ranking-timeline,STC,STEWART INFO SERVICES CORP,Financials,40,40,0,2026-08-19,37,3,2,1,68.480003,,66.8,盘中候选，等待收盘确认；上一交易日也在Top100,aster-call-ranking-timeline.csv
盘中候选,Other,All,Ranking,aster-v5-risk-adjusted-ranking-timeline,TMUS,T-Mobile US,Communication Services,40,40,0,2026-08-19,30,10,2,1,182.085007,,66.8,盘中候选，等待收盘确认；上一交易日也在Top100,aster-v5-risk-adjusted-ranking-timeline.csv
盘中候选,Early,S&P 500,日线,Early · S&P 500 · 日线,CBRE,CBRE Group,Real Estate,41,41,0,2026-08-19,5,36,2,1,153.909897,,66.5,盘中候选，等待收盘确认；上一交易日也在Top100,early-spx-ranking-timeline.csv
盘中候选,Early,Nasdaq 200,日线,Early · Nasdaq 200 · 日线,ILMN,"Illumina, Inc. - Common Stock",,41,41,0,2026-08-19,86,-45,2,1,211.910004,,66.5,盘中候选，等待收盘确认；上一交易日也在Top100,early-nasdaq200-ranking-timeline.csv
盘中候选,Other,All,Ranking,aster-trend-relay-ranking-timeline,RVMD,"Revolution Medicines, Inc. - Common Stock",,41,41,0,2026-08-19,18,23,2,1,211.480103,,66.5,盘中候选，等待收盘确认；上一交易日也在Top100,aster-trend-relay-ranking-timeline.csv
盘中候选,Other,All,Ranking,aster-ema-cross-ranking-timeline,SNDA,SONIDA SENIOR LIVING,Health Care,41,41,0,2026-08-19,30,11,2,1,40.799999,,66.5,盘中候选，等待收盘确认；上一交易日也在Top100,aster-ema-cross-ranking-timeline.csv
盘中候选,Other,All,Ranking,aster-v3-quality-momentum-ranking-timeline,RCKT,ROCKET PHARMACEUTICALS,Health Care,42,42,0,2026-08-19,6,36,2,1,3.48,,66.1,盘中候选，等待收盘确认；上一交易日也在Top100,aster-v3-quality-momentum-ranking-timeline.csv
盘中候选,Early,S&P 500,日线,Early · S&P 500 · 日线,IT,Gartner,Information Technology,43,43,0,2026-08-19,48,-5,2,1,193.634995,,65.7,盘中候选，等待收盘确认；上一交易日也在Top100,early-spx-ranking-timeline.csv
盘中候选,Other,All,Ranking,aster-v4-tactical-breakout-ranking-timeline,AXON,Axon Enterprise,Industrials,43,43,0,2026-08-19,41,2,2,1,631.804993,,65.7,盘中候选，等待收盘确认；上一交易日也在Top100,aster-v4-tactical-breakout-ranking-timeline.csv
盘中候选,Prism,Nasdaq 200,日线,Prism · Nasdaq 200 · 日线,HTHT,H World Group Limited - American Depositary Shares,,44,44,0,2026-08-19,40,4,2,1,49.66,,65.4,盘中候选，等待收盘确认；上一交易日也在Top100,prism-nasdaq200-ranking-timeline.csv
盘中候选,Other,All,Ranking,aster-trend-relay-ranking-timeline,GLNG,GOLAR LNG,Energy,44,44,0,2026-08-19,26,18,2,1,52.884998,,65.4,盘中候选，等待收盘确认；上一交易日也在Top100,aster-trend-relay-ranking-timeline.csv
盘中候选,Early,S&P 500,日线,Early · S&P 500 · 日线,SWKS,Skyworks Solutions,Information Technology,45,45,0,2026-08-19,45,0,2,1,68.839996,,65.0,盘中候选，等待收盘确认；上一交易日也在Top100,early-spx-ranking-timeline.csv
盘中候选,Other,All,Ranking,aster-consensus-agent-ranking-timeline,DHI,D. R. Horton,Consumer Discretionary,45,45,0,2026-08-19,37,8,2,1,148.619995,,65.0,盘中候选，等待收盘确认；上一交易日也在Top100,aster-consensus-agent-ranking-timeline.csv
盘中候选,Early,S&P 500,日线,Early · S&P 500 · 日线,RVTY,Revvity,Health Care,46,46,0,2026-08-19,8,38,2,1,121.112503,,64.7,盘中候选，等待收盘确认；上一交易日也在Top100,early-spx-ranking-timeline.csv
盘中候选,Early,Nasdaq Liquid 500,日线,Early · Nasdaq Liquid 500 · 日线,DKNG,DraftKings Inc. - Class A Common Stock,,46,46,0,2026-08-19,81,-35,2,1,25.860001,,64.7,盘中候选，等待收盘确认；上一交易日也在Top100,early-nasdaq500-ranking-timeline.csv
盘中候选,Other,All,Ranking,aster-consensus-agent-ranking-timeline,MTCH,"Match Group, Inc. - Common Stock",,46,46,0,2026-08-19,15,31,2,1,39.91,,64.7,盘中候选，等待收盘确认；上一交易日也在Top100,aster-consensus-agent-ranking-timeline.csv
盘中候选,Early,Russell,4小时,Early · Russell · 4小时,MAZE,MAZE THERAPEUTICS,Health Care,51,51,0,2026-08-19,5,46,2,1,29.110001,77.75,64.3,盘中候选，等待收盘确认；上一交易日也在Top100,early-russell2000-4h-signal-ranking.csv
盘中候选,Other,All,Ranking,aster-v4-tactical-breakout-ranking-timeline,CENT,CENTRAL GARDEN AND PET,Consumer Staples,47,47,0,2026-08-19,11,36,2,1,43.919998,,64.3,盘中候选，等待收盘确认；上一交易日也在Top100,aster-v4-tactical-breakout-ranking-timeline.csv
盘中候选,Other,All,Ranking,aster-consensus-agent-ranking-timeline,ZBH,Zimmer Biomet,Health Care,47,47,0,2026-08-19,39,8,2,1,101.404999,,64.3,盘中候选，等待收盘确认；上一交易日也在Top100,aster-consensus-agent-ranking-timeline.csv
盘中候选,Early,Nasdaq Liquid 500,日线,Early · Nasdaq Liquid 500 · 日线,MDB,"MongoDB, Inc. - Class A Common Stock",,48,48,0,2026-08-19,52,-4,2,1,428.824493,,63.9,盘中候选，等待收盘确认；上一交易日也在Top100,early-nasdaq500-ranking-timeline.csv
盘中候选,Early,Russell,日线,Early · Russell · 日线,USGO,US GOLDMINING INC,Materials,48,48,0,2026-08-19,43,5,2,1,9.0,,63.9,盘中候选，等待收盘确认；上一交易日也在Top100,early-russell2000-ranking-timeline.csv
盘中候选,Prism,Russell,4小时,Prism · Russell · 4小时,OLP,ONE LIBERTY PROPERTIES REIT INC,Real Estate,51,51,0,2026-08-19,58,-7,2,1,24.434999,72.49,63.9,盘中候选，等待收盘确认；上一交易日也在Top100,prism-russell2000-4h-signal-ranking.csv
盘中候选,Other,All,Ranking,aster-v5-risk-adjusted-ranking-timeline,AFRM,"Affirm Holdings, Inc. - Class A Common Stock",,48,48,0,2026-08-19,2,46,2,1,76.037804,,63.9,盘中候选，等待收盘确认；上一交易日也在Top100,aster-v5-risk-adjusted-ranking-timeline.csv
盘中候选,Other,All,Ranking,aster-ema-cross-ranking-timeline,CRMD,CORMEDIX,Health Care,48,48,0,2026-08-19,41,7,2,1,8.41,,63.9,盘中候选，等待收盘确认；上一交易日也在Top100,aster-ema-cross-ranking-timeline.csv
盘中候选,Other,All,Ranking,aster-call-ranking-timeline,GLSI,GREENWICH LIFESCIENCES INC,Health Care,48,48,0,2026-08-19,33,15,2,1,17.18,,63.9,盘中候选，等待收盘确认；上一交易日也在Top100,aster-call-ranking-timeline.csv
盘中候选,Early,S&P 500,日线,Early · S&P 500 · 日线,PLTR,Palantir Technologies,Information Technology,49,49,0,2026-08-19,84,-35,2,1,175.419998,,63.6,盘中候选，等待收盘确认；上一交易日也在Top100,early-spx-ranking-timeline.csv
盘中候选,Early,Russell,4小时,Early · Russell · 4小时,KROS,KEROS THERAPEUTICS,Health Care,53,53,0,2026-08-19,1,52,2,1,10.59,77.42,63.6,盘中候选，等待收盘确认；上一交易日也在Top100,early-russell2000-4h-signal-ranking.csv
盘中候选,Prism,Russell,日线,Prism · Russell · 日线,VIA,VIA TRANSPORTATION CLASS A,Information Technology,49,49,0,2026-08-19,50,-1,2,1,26.385,,63.6,盘中候选，等待收盘确认；上一交易日也在Top100,prism-russell2000-ranking-timeline.csv
盘中候选,Prism,Russell,4小时,Prism · Russell · 4小时,CLDT,CHATHAM LODGING TRUST REIT,Real Estate,52,52,0,2026-08-19,40,12,2,1,13.14,72.41,63.5,盘中候选，等待收盘确认；上一交易日也在Top100,prism-russell2000-4h-signal-ranking.csv
盘中候选,Early,Russell,4小时,Early · Russell · 4小时,VIR,VIR BIOTECHNOLOGY,Health Care,54,54,0,2026-08-19,3,51,2,1,9.305,76.93,63.2,盘中候选，等待收盘确认；上一交易日也在Top100,early-russell2000-4h-signal-ranking.csv
盘中候选,Prism,S&P 500,日线,Prism · S&P 500 · 日线,ACN,Accenture,Information Technology,50,50,0,2026-08-19,54,-4,2,1,184.179993,,63.2,盘中候选，等待收盘确认；上一交易日也在Top100,prism-spx-ranking-timeline.csv
盘中候选,Prism,Russell,日线,Prism · Russell · 日线,WEAV,WEAVE COMMUNICATIONS,Information Technology,50,50,0,2026-08-19,100,-50,2,1,7.3101,,63.2,盘中候选，等待收盘确认；上一交易日也在Top100,prism-russell2000-ranking-timeline.csv
盘中候选,Prism,Russell,4小时,Prism · Russell · 4小时,WRBY,WARBY PARKER INC CLASS A,Consumer Discretionary,53,53,0,2026-08-19,64,-11,2,1,27.98,72.33,63.1,盘中候选，等待收盘确认；上一交易日也在Top100,prism-russell2000-4h-signal-ranking.csv
盘中候选,Early,Nasdaq Liquid 500,4小时,Early · Nasdaq Liquid 500 · 4小时,CTAS,Cintas,Industrials,52,52,0,2026-08-19,60,-8,2,1,202.830002,66.08,63.0,盘中候选，等待收盘确认；上一交易日也在Top100,early-nasdaq500-4h-signal-ranking.csv
盘中候选,Early,Nasdaq 200,4小时,Early · Nasdaq 200 · 4小时,LLYVK,"Liberty Live Holdings, Inc. - Series C Liberty Live Group Common Stock",,52,52,0,2026-08-19,51,1,2,1,107.25,60.24,62.5,盘中候选，等待收盘确认；上一交易日也在Top100,early-nasdaq200-4h-signal-ranking.csv
盘中候选,Early,Russell,4小时,Early · Russell · 4小时,USGO,US GOLDMINING INC,Materials,56,56,0,2026-08-19,94,-38,2,1,9.0,76.75,62.4,盘中候选，等待收盘确认；上一交易日也在Top100,early-russell2000-4h-signal-ranking.csv
盘中候选,Early,S&P 500,4小时,Early · S&P 500 · 4小时,EFX,Equifax,Industrials,54,54,0,2026-08-19,80,-26,2,1,193.509995,66.29,62.3,盘中候选，等待收盘确认；上一交易日也在Top100,early-spx-4h-signal-ranking.csv
盘中候选,Prism,Nasdaq 200,4小时,Prism · Nasdaq 200 · 4小时,CTAS,Cintas,Industrials,53,53,0,2026-08-19,48,5,2,1,202.830002,62.51,62.3,盘中候选，等待收盘确认；上一交易日也在Top100,prism-nasdaq200-4h-signal-ranking.csv
盘中候选,Early,Russell,4小时,Early · Russell · 4小时,TRDA,ENTRADA THERAPEUTICS,Health Care,57,57,0,2026-08-19,71,-14,2,1,7.624,76.72,62.1,盘中候选，等待收盘确认；上一交易日也在Top100,early-russell2000-4h-signal-ranking.csv
盘中候选,Prism,Nasdaq 200,4小时,Prism · Nasdaq 200 · 4小时,FOXA,Fox Corporation (Class A),Communication Services,54,54,0,2026-08-19,64,-10,2,1,68.550003,62.15,62.0,盘中候选，等待收盘确认；上一交易日也在Top100,prism-nasdaq200-4h-signal-ranking.csv
盘中候选,Prism,Russell,4小时,Prism · Russell · 4小时,IVR,INVESCO MORTGAGE CAPITAL REIT INC,Financials,56,56,0,2026-08-19,85,-29,2,1,7.58,72.07,62.0,盘中候选，等待收盘确认；上一交易日也在Top100,prism-russell2000-4h-signal-ranking.csv
盘中候选,Early,Nasdaq Liquid 500,4小时,Early · Nasdaq Liquid 500 · 4小时,JKHY,Jack Henry & Associates,Financials,55,55,0,2026-08-19,28,27,2,1,164.529999,65.93,61.9,盘中候选，等待收盘确认；上一交易日也在Top100,early-nasdaq500-4h-signal-ranking.csv
盘中候选,Prism,S&P 500,4小时,Prism · S&P 500 · 4小时,JKHY,Jack Henry & Associates,Financials,55,55,0,2026-08-19,15,40,2,1,164.529999,64.21,61.8,盘中候选，等待收盘确认；上一交易日也在Top100,prism-spx-4h-signal-ranking.csv
盘中候选,Prism,Nasdaq Liquid 500,4小时,Prism · Nasdaq Liquid 500 · 4小时,CMCSA,Comcast,Communication Services,55,55,0,2026-08-19,53,2,2,1,26.605,64.27,61.8,盘中候选，等待收盘确认；上一交易日也在Top100,prism-nasdaq500-4h-signal-ranking.csv
盘中候选,Early,Russell,4小时,Early · Russell · 4小时,SBMT,SILVER BOW MINING CORP,Materials,59,59,0,2026-08-19,97,-38,2,1,7.96,76.5,61.3,盘中候选，等待收盘确认；上一交易日也在Top100,early-russell2000-4h-signal-ranking.csv
盘中候选,Early,S&P 500,4小时,Early · S&P 500 · 4小时,ZBH,Zimmer Biomet,Health Care,57,57,0,2026-08-19,64,-7,2,1,101.404999,66.0,61.2,盘中候选，等待收盘确认；上一交易日也在Top100,early-spx-4h-signal-ranking.csv
盘中候选,Early,Nasdaq 200,4小时,Early · Nasdaq 200 · 4小时,LLYVA,"Liberty Live Holdings, Inc. - Series A Liberty Live Group Common Stock",,56,56,0,2026-08-19,55,1,2,1,103.370003,59.12,61.0,盘中候选，等待收盘确认；上一交易日也在Top100,early-nasdaq200-4h-signal-ranking.csv
盘中候选,Prism,S&P 500,4小时,Prism · S&P 500 · 4小时,FDS,FactSet,Financials,57,57,0,2026-08-19,44,13,2,1,296.714996,64.0,61.0,盘中候选，等待收盘确认；上一交易日也在Top100,prism-spx-4h-signal-ranking.csv
盘中候选,Prism,Nasdaq Liquid 500,4小时,Prism · Nasdaq Liquid 500 · 4小时,TTAN,SERVICETITAN CLASS A,Information Technology,57,57,0,2026-08-19,76,-19,2,1,95.324997,63.76,61.0,盘中候选，等待收盘确认；上一交易日也在Top100,prism-nasdaq500-4h-signal-ranking.csv
盘中候选,Early,S&P 500,4小时,Early · S&P 500 · 4小时,BAX,Baxter International,Health Care,58,58,0,2026-08-19,69,-11,2,1,26.715099,65.68,60.8,盘中候选，等待收盘确认；上一交易日也在Top100,early-spx-4h-signal-ranking.csv
盘中候选,Prism,Nasdaq 200,4小时,Prism · Nasdaq 200 · 4小时,NDSN,Nordson Corporation,Industrials,57,57,0,2026-08-19,61,-4,2,1,324.13501,61.85,60.8,盘中候选，等待收盘确认；上一交易日也在Top100,prism-nasdaq200-4h-signal-ranking.csv
盘中候选,Prism,S&P 500,4小时,Prism · S&P 500 · 4小时,AXON,Axon Enterprise,Industrials,58,58,0,2026-08-19,75,-17,2,1,631.804993,63.89,60.7,盘中候选，等待收盘确认；上一交易日也在Top100,prism-spx-4h-signal-ranking.csv
盘中候选,Early,Russell,4小时,Early · Russell · 4小时,MUX,MCEWEN INC,Materials,61,61,0,2026-08-19,84,-23,2,1,20.379999,76.26,60.6,盘中候选，等待收盘确认；上一交易日也在Top100,early-russell2000-4h-signal-ranking.csv
盘中候选,Prism,Russell,4小时,Prism · Russell · 4小时,FLGT,FULGENT GENETICS,Health Care,60,60,0,2026-08-19,57,3,2,1,20.27,71.76,60.6,盘中候选，等待收盘确认；上一交易日也在Top100,prism-russell2000-4h-signal-ranking.csv
盘中候选,Early,Nasdaq Liquid 500,4小时,Early · Nasdaq Liquid 500 · 4小时,GLNG,GOLAR LNG,Energy,59,59,0,2026-08-19,56,3,2,1,52.884998,64.91,60.4,盘中候选，等待收盘确认；上一交易日也在Top100,early-nasdaq500-4h-signal-ranking.csv
盘中候选,Prism,Russell,4小时,Prism · Russell · 4小时,SMPL,THE SIMPLY GOOD FOODS COMPANY,Consumer Staples,62,62,0,2026-08-19,31,31,2,1,11.41,71.58,59.8,盘中候选，等待收盘确认；上一交易日也在Top100,prism-russell2000-4h-signal-ranking.csv
盘中候选,Prism,Russell,4小时,Prism · Russell · 4小时,NTLA,INTELLIA THERAPEUTICS,Health Care,63,63,0,2026-08-19,69,-6,2,1,12.45,71.52,59.5,盘中候选，等待收盘确认；上一交易日也在Top100,prism-russell2000-4h-signal-ranking.csv
盘中候选,Prism,Nasdaq 200,4小时,Prism · Nasdaq 200 · 4小时,ILMN,"Illumina, Inc. - Common Stock",,61,61,0,2026-08-19,5,56,2,1,212.119995,61.34,59.4,盘中候选，等待收盘确认；上一交易日也在Top100,prism-nasdaq200-4h-signal-ranking.csv
盘中候选,Early,S&P 500,4小时,Early · S&P 500 · 4小时,CTAS,Cintas,Industrials,62,62,0,2026-08-19,71,-9,2,1,202.830002,65.06,59.3,盘中候选，等待收盘确认；上一交易日也在Top100,early-spx-4h-signal-ranking.csv
盘中候选,Prism,S&P 500,4小时,Prism · S&P 500 · 4小时,PCG,PG&E Corporation,Utilities,62,62,0,2026-08-19,61,1,2,1,18.155001,63.45,59.2,盘中候选，等待收盘确认；上一交易日也在Top100,prism-spx-4h-signal-ranking.csv
盘中候选,Prism,Nasdaq Liquid 500,4小时,Prism · Nasdaq Liquid 500 · 4小时,MEDP,"Medpace Holdings, Inc. - Common Stock",,62,62,0,2026-08-19,55,7,2,1,619.280029,62.98,59.1,盘中候选，等待收盘确认；上一交易日也在Top100,prism-nasdaq500-4h-signal-ranking.csv
盘中候选,Prism,Nasdaq 200,4小时,Prism · Nasdaq 200 · 4小时,FOX,Fox Corporation (Class B),Communication Services,62,62,0,2026-08-19,65,-3,2,1,61.025002,61.3,59.0,盘中候选，等待收盘确认；上一交易日也在Top100,prism-nasdaq200-4h-signal-ranking.csv
盘中候选,Early,Russell,4小时,Early · Russell · 4小时,NVGS,NAVIGATOR HOLDINGS,Energy,66,66,0,2026-08-19,56,10,2,1,21.764999,75.54,58.7,盘中候选，等待收盘确认；上一交易日也在Top100,early-russell2000-4h-signal-ranking.csv
盘中候选,Early,Nasdaq Liquid 500,4小时,Early · Nasdaq Liquid 500 · 4小时,CMCSA,Comcast,Communication Services,64,64,0,2026-08-19,69,-5,2,1,26.605,64.25,58.5,盘中候选，等待收盘确认；上一交易日也在Top100,early-nasdaq500-4h-signal-ranking.csv
盘中候选,Prism,Russell,4小时,Prism · Russell · 4小时,AGIO,AGIOS PHARMACEUTICALS,Health Care,66,66,0,2026-08-19,82,-16,2,1,34.185001,71.42,58.4,盘中候选，等待收盘确认；上一交易日也在Top100,prism-russell2000-4h-signal-ranking.csv
盘中候选,Prism,Russell,4小时,Prism · Russell · 4小时,SI,SHOULDER INNOVATIONS,Health Care,67,67,0,2026-08-19,16,51,2,1,22.382,71.4,58.0,盘中候选，等待收盘确认；上一交易日也在Top100,prism-russell2000-4h-signal-ranking.csv
盘中候选,Early,Nasdaq 200,4小时,Early · Nasdaq 200 · 4小时,FOX,Fox Corporation (Class B),Communication Services,64,64,0,2026-08-19,70,-6,2,1,61.025002,56.77,57.9,盘中候选，等待收盘确认；上一交易日也在Top100,early-nasdaq200-4h-signal-ranking.csv
盘中候选,Early,Russell,4小时,Early · Russell · 4小时,GRAL,GRAIL INC,Health Care,68,68,0,2026-08-19,30,38,2,1,76.519997,74.9,57.9,盘中候选，等待收盘确认；上一交易日也在Top100,early-russell2000-4h-signal-ranking.csv
盘中候选,Prism,Nasdaq Liquid 500,日线,Prism · Nasdaq Liquid 500 · 日线,QLYS,QUALYS,Information Technology,51,51,0,2026-08-19,51,0,2,1,186.539993,,57.9,盘中候选，等待收盘确认；上一交易日也在Top100,prism-nasdaq500-ranking-timeline.csv
盘中候选,Prism,Russell,日线,Prism · Russell · 日线,WK,WORKIVA CLASS A,Information Technology,51,51,0,2026-08-19,83,-32,2,1,76.419998,,57.9,盘中候选，等待收盘确认；上一交易日也在Top100,prism-russell2000-ranking-timeline.csv
盘中候选,Early,S&P 500,4小时,Early · S&P 500 · 4小时,AMCR,Amcor,Materials,66,66,0,2026-08-19,41,25,2,1,47.860001,64.51,57.8,盘中候选，等待收盘确认；上一交易日也在Top100,early-spx-4h-signal-ranking.csv
盘中候选,Early,Nasdaq Liquid 500,日线,Early · Nasdaq Liquid 500 · 日线,SWKS,Skyworks Solutions,Information Technology,52,52,0,2026-08-19,50,2,2,1,68.839996,,57.6,盘中候选，等待收盘确认；上一交易日也在Top100,early-nasdaq500-ranking-timeline.csv
盘中候选,Early,Russell,日线,Early · Russell · 日线,IMXI,INTERNATIONAL MONEY EXPRESS INC,Financials,52,52,0,2026-08-19,44,8,2,1,14.07,,57.6,盘中候选，等待收盘确认；上一交易日也在Top100,early-russell2000-ranking-timeline.csv
盘中候选,Early,Russell,4小时,Early · Russell · 4小时,LYEL,LYELL IMMUNOPHARMA,Health Care,69,69,0,2026-08-19,86,-17,2,1,15.49,74.24,57.5,盘中候选，等待收盘确认；上一交易日也在Top100,early-russell2000-4h-signal-ranking.csv
盘中候选,Early,Nasdaq Liquid 500,4小时,Early · Nasdaq Liquid 500 · 4小时,COIN,Coinbase,Financials,67,67,0,2026-08-19,93,-26,2,1,171.270004,63.91,57.4,盘中候选，等待收盘确认；上一交易日也在Top100,early-nasdaq500-4h-signal-ranking.csv
盘中候选,Prism,S&P 500,4小时,Prism · S&P 500 · 4小时,ERIE,Erie Indemnity,Financials,67,67,0,2026-08-19,76,-9,2,1,267.855011,63.14,57.3,盘中候选，等待收盘确认；上一交易日也在Top100,prism-spx-4h-signal-ranking.csv
盘中候选,Early,Russell,日线,Early · Russell · 日线,WGS,GENEDX HOLDINGS CLASS A,Health Care,53,53,0,2026-08-19,99,-46,2,1,81.880997,,57.2,盘中候选，等待收盘确认；上一交易日也在Top100,early-russell2000-ranking-timeline.csv
盘中候选,Prism,Russell,日线,Prism · Russell · 日线,HURN,HURON CONSULTING GROUP,Industrials,53,53,0,2026-08-19,60,-7,2,1,162.25,,57.2,盘中候选，等待收盘确认；上一交易日也在Top100,prism-russell2000-ranking-timeline.csv
盘中候选,Prism,S&P 500,4小时,Prism · S&P 500 · 4小时,CSX,CSX Corporation,Industrials,68,68,0,2026-08-19,14,54,2,1,50.945,63.13,57.0,盘中候选，等待收盘确认；上一交易日也在Top100,prism-spx-4h-signal-ranking.csv
盘中候选,Early,Nasdaq 200,日线,Early · Nasdaq 200 · 日线,TMUS,T-Mobile US,Communication Services,54,54,0,2026-08-19,18,36,2,1,181.914993,,56.9,盘中候选，等待收盘确认；上一交易日也在Top100,early-nasdaq200-ranking-timeline.csv
盘中候选,Prism,Nasdaq Liquid 500,4小时,Prism · Nasdaq Liquid 500 · 4小时,CART,Maplebear Inc. - Common Stock,,68,68,0,2026-08-19,99,-31,2,1,51.360001,62.61,56.9,盘中候选，等待收盘确认；上一交易日也在Top100,prism-nasdaq500-4h-signal-ranking.csv
盘中候选,Early,Nasdaq Liquid 500,4小时,Early · Nasdaq Liquid 500 · 4小时,ILMN,"Illumina, Inc. - Common Stock",,69,69,0,2026-08-19,16,53,2,1,212.119995,63.66,56.7,盘中候选，等待收盘确认；上一交易日也在Top100,early-nasdaq500-4h-signal-ranking.csv
盘中候选,Early,Nasdaq Liquid 500,日线,Early · Nasdaq Liquid 500 · 日线,CELH,"Celsius Holdings, Inc. - Common Stock",,55,55,0,2026-08-19,53,2,2,1,32.445,,56.5,盘中候选，等待收盘确认；上一交易日也在Top100,early-nasdaq500-ranking-timeline.csv
盘中候选,Early,S&P 500,4小时,Early · S&P 500 · 4小时,AXON,Axon Enterprise,Industrials,70,70,0,2026-08-19,72,-2,2,1,631.804993,63.56,56.3,盘中候选，等待收盘确认；上一交易日也在Top100,early-spx-4h-signal-ranking.csv
盘中候选,Prism,Nasdaq 200,日线,Prism · Nasdaq 200 · 日线,TRI,Thomson Reuters Corp - Common Shares,,56,56,0,2026-08-19,77,-21,2,1,105.25,,56.1,盘中候选，等待收盘确认；上一交易日也在Top100,prism-nasdaq200-ranking-timeline.csv
盘中候选,Prism,Russell,日线,Prism · Russell · 日线,APPN,APPIAN CORP CLASS A,Information Technology,56,56,0,2026-08-19,62,-6,2,1,37.485001,,56.1,盘中候选，等待收盘确认；上一交易日也在Top100,prism-russell2000-ranking-timeline.csv
盘中候选,Prism,Russell,4小时,Prism · Russell · 4小时,UNIT,UNITI GROUP INC,Communication,72,72,0,2026-08-19,89,-17,2,1,10.365,69.7,56.1,盘中候选，等待收盘确认；上一交易日也在Top100,prism-russell2000-4h-signal-ranking.csv
盘中候选,Early,Nasdaq Liquid 500,日线,Early · Nasdaq Liquid 500 · 日线,GLNG,GOLAR LNG,Energy,57,57,0,2026-08-19,61,-4,2,1,52.950001,,55.8,盘中候选，等待收盘确认；上一交易日也在Top100,early-nasdaq500-ranking-timeline.csv
盘中候选,Prism,Nasdaq Liquid 500,4小时,Prism · Nasdaq Liquid 500 · 4小时,DOX,Amdocs Limited - Ordinary Shares,,71,71,0,2026-08-19,71,0,2,1,60.674999,62.34,55.8,盘中候选，等待收盘确认；上一交易日也在Top100,prism-nasdaq500-4h-signal-ranking.csv
盘中候选,Prism,Nasdaq 200,4小时,Prism · Nasdaq 200 · 4小时,KHC,Kraft Heinz,Consumer Staples,71,71,0,2026-08-19,46,25,2,1,25.57,59.79,55.6,盘中候选，等待收盘确认；上一交易日也在Top100,prism-nasdaq200-4h-signal-ranking.csv
盘中候选,Early,Nasdaq 200,日线,Early · Nasdaq 200 · 日线,MDGL,"Madrigal Pharmaceuticals, Inc. - Common Stock",,58,58,0,2026-08-19,14,44,2,1,537.299988,,55.4,盘中候选，等待收盘确认；上一交易日也在Top100,early-nasdaq200-ranking-timeline.csv
盘中候选,Prism,Nasdaq 200,4小时,Prism · Nasdaq 200 · 4小时,PODD,Insulet Corporation,Health Care,72,72,0,2026-08-19,67,5,2,1,150.539993,59.65,55.3,盘中候选，等待收盘确认；上一交易日也在Top100,prism-nasdaq200-4h-signal-ranking.csv
盘中候选,Prism,S&P 500,4小时,Prism · S&P 500 · 4小时,OKE,Oneok,Energy,73,73,0,2026-08-19,64,9,2,1,96.695,62.84,55.2,盘中候选，等待收盘确认；上一交易日也在Top100,prism-spx-4h-signal-ranking.csv
盘中候选,Prism,Nasdaq Liquid 500,日线,Prism · Nasdaq Liquid 500 · 日线,APPF,"AppFolio, Inc. - Class A Common Stock",,59,59,0,2026-08-19,88,-29,2,1,218.25,,55.1,盘中候选，等待收盘确认；上一交易日也在Top100,prism-nasdaq500-ranking-timeline.csv
盘中候选,Early,Nasdaq 200,4小时,Early · Nasdaq 200 · 4小时,FOXA,Fox Corporation (Class A),Communication Services,72,72,0,2026-08-19,77,-5,2,1,68.550003,55.4,54.9,盘中候选，等待收盘确认；上一交易日也在Top100,early-nasdaq200-4h-signal-ranking.csv
盘中候选,Prism,Nasdaq 200,4小时,Prism · Nasdaq 200 · 4小时,DKNG,DraftKings Inc. - Class A Common Stock,,73,73,0,2026-08-19,90,-17,2,1,25.91,59.46,54.9,盘中候选，等待收盘确认；上一交易日也在Top100,prism-nasdaq200-4h-signal-ranking.csv
盘中候选,Prism,S&P 500,4小时,Prism · S&P 500 · 4小时,LVS,Las Vegas Sands,Consumer Discretionary,74,74,0,2026-08-19,83,-9,2,1,46.220001,62.75,54.8,盘中候选，等待收盘确认；上一交易日也在Top100,prism-spx-4h-signal-ranking.csv
盘中候选,Early,Russell,日线,Early · Russell · 日线,LYEL,LYELL IMMUNOPHARMA,Health Care,60,60,0,2026-08-19,57,3,2,1,15.43,,54.7,盘中候选，等待收盘确认；上一交易日也在Top100,early-russell2000-ranking-timeline.csv
盘中候选,Prism,Nasdaq Liquid 500,日线,Prism · Nasdaq Liquid 500 · 日线,GTLB,GitLab Inc. - Class A Common Stock,,60,60,0,2026-08-19,72,-12,2,1,42.130001,,54.7,盘中候选，等待收盘确认；上一交易日也在Top100,prism-nasdaq500-ranking-timeline.csv
盘中候选,Prism,Nasdaq Liquid 500,4小时,Prism · Nasdaq Liquid 500 · 4小时,MDGL,"Madrigal Pharmaceuticals, Inc. - Common Stock",,74,74,0,2026-08-19,16,58,2,1,536.565002,62.24,54.7,盘中候选，等待收盘确认；上一交易日也在Top100,prism-nasdaq500-4h-signal-ranking.csv
盘中候选,Prism,Russell,4小时,Prism · Russell · 4小时,PRDO,PERDOCEO EDUCATION,Consumer Discretionary,76,76,0,2026-08-19,75,1,2,1,32.794998,69.4,54.6,盘中候选，等待收盘确认；上一交易日也在Top100,prism-russell2000-4h-signal-ranking.csv
盘中候选,Early,Russell,4小时,Early · Russell · 4小时,DRH,DIAMONDROCK HOSPITALITY,Real Estate,77,77,0,2026-08-19,91,-14,2,1,12.64,72.66,54.5,盘中候选，等待收盘确认；上一交易日也在Top100,early-russell2000-4h-signal-ranking.csv
盘中候选,Early,S&P 500,4小时,Early · S&P 500 · 4小时,OKE,Oneok,Energy,75,75,0,2026-08-19,46,29,2,1,96.695,62.47,54.4,盘中候选，等待收盘确认；上一交易日也在Top100,early-spx-4h-signal-ranking.csv
盘中候选,Early,Nasdaq Liquid 500,日线,Early · Nasdaq Liquid 500 · 日线,QRVO,"Qorvo, Inc. - Common Stock",,61,61,0,2026-08-19,64,-3,2,1,97.169998,,54.3,盘中候选，等待收盘确认；上一交易日也在Top100,early-nasdaq500-ranking-timeline.csv
盘中候选,Early,S&P 500,日线,Early · S&P 500 · 日线,AWK,American Water Works,Utilities,62,62,0,2026-08-19,9,53,2,1,138.580002,,54.0,盘中候选，等待收盘确认；上一交易日也在Top100,early-spx-ranking-timeline.csv
盘中候选,Early,S&P 500,4小时,Early · S&P 500 · 4小时,ZTS,Zoetis,Health Care,77,77,0,2026-08-19,77,0,2,1,75.330399,62.32,53.7,盘中候选，等待收盘确认；上一交易日也在Top100,early-spx-4h-signal-ranking.csv
盘中候选,Prism,Nasdaq Liquid 500,日线,Prism · Nasdaq Liquid 500 · 日线,CRSP,CRISPR THERAPEUTICS AG,Health Care,63,63,0,2026-08-19,79,-16,2,1,58.200001,,53.6,盘中候选，等待收盘确认；上一交易日也在Top100,prism-nasdaq500-ranking-timeline.csv
盘中候选,Prism,Russell,日线,Prism · Russell · 日线,GSHD,GOOSEHEAD INSURANCE CLASS A,Financials,63,63,0,2026-08-19,78,-15,2,1,68.402496,,53.6,盘中候选，等待收盘确认；上一交易日也在Top100,prism-russell2000-ranking-timeline.csv
盘中候选,Prism,Nasdaq Liquid 500,4小时,Prism · Nasdaq Liquid 500 · 4小时,ILMN,"Illumina, Inc. - Common Stock",,78,78,0,2026-08-19,15,63,2,1,212.119995,61.6,53.2,盘中候选，等待收盘确认；上一交易日也在Top100,prism-nasdaq500-4h-signal-ranking.csv
盘中候选,Prism,S&P 500,日线,Prism · S&P 500 · 日线,CPRT,Copart,Industrials,65,65,0,2026-08-19,72,-7,2,1,33.849998,,52.9,盘中候选，等待收盘确认；上一交易日也在Top100,prism-spx-ranking-timeline.csv
盘中候选,Early,S&P 500,4小时,Early · S&P 500 · 4小时,JKHY,Jack Henry & Associates,Financials,80,80,0,2026-08-19,33,47,2,1,164.529999,62.21,52.6,盘中候选，等待收盘确认；上一交易日也在Top100,early-spx-4h-signal-ranking.csv
盘中候选,Early,Nasdaq Liquid 500,日线,Early · Nasdaq Liquid 500 · 日线,FWONK,Liberty Media Corporation - Series C Liberty Formula One Common Stock,,66,66,0,2026-08-19,79,-13,2,1,104.875,,52.5,盘中候选，等待收盘确认；上一交易日也在Top100,early-nasdaq500-ranking-timeline.csv
盘中候选,Early,Russell,日线,Early · Russell · 日线,UEC,URANIUM ENERGY,Energy,66,66,0,2026-08-19,54,12,2,1,11.19,,52.5,盘中候选，等待收盘确认；上一交易日也在Top100,early-russell2000-ranking-timeline.csv
盘中候选,Early,S&P 500,日线,Early · S&P 500 · 日线,EXPD,Expeditors International,Industrials,67,67,0,2026-08-19,72,-5,2,1,185.240005,,52.2,盘中候选，等待收盘确认；上一交易日也在Top100,early-spx-ranking-timeline.csv
盘中候选,Early,Nasdaq Liquid 500,日线,Early · Nasdaq Liquid 500 · 日线,SLS,SELLAS LIFE SCIENCES GROUP INC,Health Care,67,67,0,2026-08-19,83,-16,2,1,13.62,,52.2,盘中候选，等待收盘确认；上一交易日也在Top100,early-nasdaq500-ranking-timeline.csv
盘中候选,Prism,S&P 500,日线,Prism · S&P 500 · 日线,GPN,Global Payments,Financials,67,67,0,2026-08-19,87,-20,2,1,92.489998,,52.2,盘中候选，等待收盘确认；上一交易日也在Top100,prism-spx-ranking-timeline.csv
盘中候选,Early,S&P 500,日线,Early · S&P 500 · 日线,HLT,Hilton Worldwide,Consumer Discretionary,68,68,0,2026-08-19,19,49,2,1,332.390015,,51.8,盘中候选，等待收盘确认；上一交易日也在Top100,early-spx-ranking-timeline.csv
盘中候选,Early,Nasdaq Liquid 500,日线,Early · Nasdaq Liquid 500 · 日线,TWST,TWIST BIOSCIENCE,Health Care,68,68,0,2026-08-19,93,-25,2,1,139.759995,,51.8,盘中候选，等待收盘确认；上一交易日也在Top100,early-nasdaq500-ranking-timeline.csv
盘中候选,Prism,Nasdaq Liquid 500,4小时,Prism · Nasdaq Liquid 500 · 4小时,MNST,Monster Beverage,Consumer Staples,82,82,0,2026-08-19,80,2,2,1,47.630001,61.19,51.8,盘中候选，等待收盘确认；上一交易日也在Top100,prism-nasdaq500-4h-signal-ranking.csv
盘中候选,Prism,Nasdaq 200,4小时,Prism · Nasdaq 200 · 4小时,ABNB,Airbnb,Consumer Discretionary,82,82,0,2026-08-19,88,-6,2,1,185.380005,57.64,51.5,盘中候选，等待收盘确认；上一交易日也在Top100,prism-nasdaq200-4h-signal-ranking.csv
盘中候选,Prism,S&P 500,日线,Prism · S&P 500 · 日线,ADP,Automatic Data Processing,Industrials,70,70,0,2026-08-19,89,-19,2,1,278.98999,,51.1,盘中候选，等待收盘确认；上一交易日也在Top100,prism-spx-ranking-timeline.csv
盘中候选,Prism,Nasdaq Liquid 500,日线,Prism · Nasdaq Liquid 500 · 日线,CPRT,Copart,Industrials,70,70,0,2026-08-19,62,8,2,1,33.849998,,51.1,盘中候选，等待收盘确认；上一交易日也在Top100,prism-nasdaq500-ranking-timeline.csv
盘中候选,Early,Nasdaq Liquid 500,4小时,Early · Nasdaq Liquid 500 · 4小时,CLMT,CALUMET,Energy,85,85,0,2026-08-19,96,-11,2,1,49.849998,60.71,50.7,盘中候选，等待收盘确认；上一交易日也在Top100,early-nasdaq500-4h-signal-ranking.csv
盘中候选,Prism,Nasdaq Liquid 500,日线,Prism · Nasdaq Liquid 500 · 日线,FRSH,FRESHWORKS CLASS A,Information Technology,71,71,0,2026-08-19,99,-28,2,1,12.95,,50.7,盘中候选，等待收盘确认；上一交易日也在Top100,prism-nasdaq500-ranking-timeline.csv
盘中候选,Prism,Nasdaq Liquid 500,4小时,Prism · Nasdaq Liquid 500 · 4小时,CTAS,Cintas,Industrials,85,85,0,2026-08-19,57,28,2,1,202.830002,60.86,50.7,盘中候选，等待收盘确认；上一交易日也在Top100,prism-nasdaq500-4h-signal-ranking.csv
盘中候选,Early,Nasdaq 200,4小时,Early · Nasdaq 200 · 4小时,ALNY,"Alnylam Pharmaceuticals, Inc. - Common Stock",,83,83,0,2026-08-19,83,0,2,1,237.940002,50.64,50.5,盘中候选，等待收盘确认；上一交易日也在Top100,early-nasdaq200-4h-signal-ranking.csv
盘中候选,Prism,Russell,4小时,Prism · Russell · 4小时,GRAL,GRAIL INC,Health Care,87,87,0,2026-08-19,37,50,2,1,76.519997,67.77,50.5,盘中候选，等待收盘确认；上一交易日也在Top100,prism-russell2000-4h-signal-ranking.csv
盘中候选,Early,Nasdaq Liquid 500,日线,Early · Nasdaq Liquid 500 · 日线,MANH,"Manhattan Associates, Inc. - Common Stock",,72,72,0,2026-08-19,34,38,2,1,208.990005,,50.4,盘中候选，等待收盘确认；上一交易日也在Top100,early-nasdaq500-ranking-timeline.csv
盘中候选,Prism,S&P 500,4小时,Prism · S&P 500 · 4小时,AMCR,Amcor,Materials,86,86,0,2026-08-19,36,50,2,1,47.860001,61.64,50.4,盘中候选，等待收盘确认；上一交易日也在Top100,prism-spx-4h-signal-ranking.csv
盘中候选,Early,Nasdaq Liquid 500,4小时,Early · Nasdaq Liquid 500 · 4小时,SOFI,"SoFi Technologies, Inc.  - Common Stock",,86,86,0,2026-08-19,76,10,2,1,18.375,60.71,50.3,盘中候选，等待收盘确认；上一交易日也在Top100,early-nasdaq500-4h-signal-ranking.csv
盘中候选,Prism,Nasdaq Liquid 500,4小时,Prism · Nasdaq Liquid 500 · 4小时,CLMT,CALUMET,Energy,86,86,0,2026-08-19,92,-6,2,1,49.849998,60.68,50.3,盘中候选，等待收盘确认；上一交易日也在Top100,prism-nasdaq500-4h-signal-ranking.csv
盘中候选,Early,S&P 500,日线,Early · S&P 500 · 日线,MCO,Moody's Corporation,Financials,73,73,0,2026-08-19,16,57,2,1,497.915009,,50.0,盘中候选，等待收盘确认；上一交易日也在Top100,early-spx-ranking-timeline.csv
盘中候选,Prism,Nasdaq Liquid 500,日线,Prism · Nasdaq Liquid 500 · 日线,ADP,Automatic Data Processing,Industrials,73,73,0,2026-08-19,80,-7,2,1,278.98999,,50.0,盘中候选，等待收盘确认；上一交易日也在Top100,prism-nasdaq500-ranking-timeline.csv
盘中候选,Prism,Nasdaq Liquid 500,4小时,Prism · Nasdaq Liquid 500 · 4小时,KHC,Kraft Heinz,Consumer Staples,87,87,0,2026-08-19,75,12,2,1,25.57,60.65,49.9,盘中候选，等待收盘确认；上一交易日也在Top100,prism-nasdaq500-4h-signal-ranking.csv
盘中候选,Prism,Russell,4小时,Prism · Russell · 4小时,MANE,VERADERMICS,Health Care,89,89,0,2026-08-19,3,86,2,1,107.410004,67.24,49.7,盘中候选，等待收盘确认；上一交易日也在Top100,prism-russell2000-4h-signal-ranking.csv
盘中候选,Early,S&P 500,4小时,Early · S&P 500 · 4小时,DHI,D. R. Horton,Consumer Discretionary,88,88,0,2026-08-19,66,22,2,1,148.619995,61.23,49.6,盘中候选，等待收盘确认；上一交易日也在Top100,early-spx-4h-signal-ranking.csv
盘中候选,Early,Nasdaq 200,日线,Early · Nasdaq 200 · 日线,ULTA,Ulta Beauty,Consumer Discretionary,74,74,0,2026-08-19,75,-1,2,1,520.159973,,49.6,盘中候选，等待收盘确认；上一交易日也在Top100,early-nasdaq200-ranking-timeline.csv
盘中候选,Prism,S&P 500,4小时,Prism · S&P 500 · 4小时,DHR,Danaher Corporation,Health Care,88,88,0,2026-08-19,92,-4,2,1,215.619995,61.35,49.6,盘中候选，等待收盘确认；上一交易日也在Top100,prism-spx-4h-signal-ranking.csv
盘中候选,Prism,Nasdaq 200,日线,Prism · Nasdaq 200 · 日线,ZG,"Zillow Group, Inc. - Class A Common Stock",,74,74,0,2026-08-19,78,-4,2,1,36.799999,,49.6,盘中候选，等待收盘确认；上一交易日也在Top100,prism-nasdaq200-ranking-timeline.csv
盘中候选,Prism,Nasdaq Liquid 500,日线,Prism · Nasdaq Liquid 500 · 日线,BNTX,BioNTech SE - American Depositary Shares,,74,74,0,2026-08-19,90,-16,2,1,110.889999,,49.6,盘中候选，等待收盘确认；上一交易日也在Top100,prism-nasdaq500-ranking-timeline.csv
盘中候选,Early,Nasdaq Liquid 500,4小时,Early · Nasdaq Liquid 500 · 4小时,SHC,Sotera Health Company - Common Stock,,88,88,0,2026-08-19,94,-6,2,1,19.405001,60.33,49.5,盘中候选，等待收盘确认；上一交易日也在Top100,early-nasdaq500-4h-signal-ranking.csv
盘中候选,Early,Nasdaq Liquid 500,日线,Early · Nasdaq Liquid 500 · 日线,SOFI,"SoFi Technologies, Inc.  - Common Stock",,75,75,0,2026-08-19,86,-11,2,1,18.370001,,49.3,盘中候选，等待收盘确认；上一交易日也在Top100,early-nasdaq500-ranking-timeline.csv
盘中候选,Prism,S&P 500,4小时,Prism · S&P 500 · 4小时,CMCSA,Comcast,Communication Services,89,89,0,2026-08-19,86,3,2,1,26.605,61.24,49.3,盘中候选，等待收盘确认；上一交易日也在Top100,prism-spx-4h-signal-ranking.csv
盘中候选,Prism,Russell,日线,Prism · Russell · 日线,PAY,PAYMENTUS HOLDINGS INC CLASS A,Financials,75,75,0,2026-08-19,86,-11,2,1,39.150101,,49.3,盘中候选，等待收盘确认；上一交易日也在Top100,prism-russell2000-ranking-timeline.csv
盘中候选,Early,S&P 500,4小时,Early · S&P 500 · 4小时,EXR,Extra Space Storage,Real Estate,89,89,0,2026-08-19,20,69,2,1,147.375,61.15,49.2,盘中候选，等待收盘确认；上一交易日也在Top100,early-spx-4h-signal-ranking.csv
盘中候选,Early,Russell,日线,Early · Russell · 日线,DMC,DEL MONTE,Consumer Staples,76,76,0,2026-08-19,85,-9,2,1,31.235001,,48.9,盘中候选，等待收盘确认；上一交易日也在Top100,early-russell2000-ranking-timeline.csv
盘中候选,Prism,S&P 500,4小时,Prism · S&P 500 · 4小时,GDDY,GoDaddy,Information Technology,90,90,0,2026-08-19,65,25,2,1,97.084999,61.23,48.9,盘中候选，等待收盘确认；上一交易日也在Top100,prism-spx-4h-signal-ranking.csv
盘中候选,Prism,Nasdaq 200,4小时,Prism · Nasdaq 200 · 4小时,BKNG,Booking Holdings,Consumer Discretionary,89,89,0,2026-08-19,92,-3,2,1,212.460007,56.84,48.9,盘中候选，等待收盘确认；上一交易日也在Top100,prism-nasdaq200-4h-signal-ranking.csv
盘中候选,Early,Nasdaq Liquid 500,4小时,Early · Nasdaq Liquid 500 · 4小时,NXST,"Nexstar Media Group, Inc. - Common Stock",,90,90,0,2026-08-19,87,3,2,1,188.429993,60.06,48.8,盘中候选，等待收盘确认；上一交易日也在Top100,early-nasdaq500-4h-signal-ranking.csv
盘中候选,Early,Nasdaq 200,日线,Early · Nasdaq 200 · 日线,FOXA,Fox Corporation (Class A),Communication Services,77,77,0,2026-08-19,90,-13,2,1,68.5,,48.6,盘中候选，等待收盘确认；上一交易日也在Top100,early-nasdaq200-ranking-timeline.csv
盘中候选,Early,S&P 500,4小时,Early · S&P 500 · 4小时,CMCSA,Comcast,Communication Services,91,91,0,2026-08-19,95,-4,2,1,26.605,60.81,48.5,盘中候选，等待收盘确认；上一交易日也在Top100,early-spx-4h-signal-ranking.csv
盘中候选,Early,Nasdaq Liquid 500,日线,Early · Nasdaq Liquid 500 · 日线,CTSH,Cognizant,Information Technology,78,78,0,2026-08-19,84,-6,2,1,61.029999,,48.2,盘中候选，等待收盘确认；上一交易日也在Top100,early-nasdaq500-ranking-timeline.csv
盘中候选,Early,Russell,日线,Early · Russell · 日线,GLSI,GREENWICH LIFESCIENCES INC,Health Care,78,78,0,2026-08-19,58,20,2,1,16.77,,48.2,盘中候选，等待收盘确认；上一交易日也在Top100,early-russell2000-ranking-timeline.csv
盘中候选,Early,Russell,4小时,Early · Russell · 4小时,PAX,PATRIA INVESTMENTS LTD CLASS A,Financials,94,94,0,2026-08-19,53,41,2,1,11.375,70.63,48.2,盘中候选，等待收盘确认；上一交易日也在Top100,early-russell2000-4h-signal-ranking.csv
盘中候选,Prism,S&P 500,4小时,Prism · S&P 500 · 4小时,ECL,Ecolab,Materials,92,92,0,2026-08-19,16,76,2,1,285.445007,61.14,48.2,盘中候选，等待收盘确认；上一交易日也在Top100,prism-spx-4h-signal-ranking.csv
盘中候选,Prism,Nasdaq Liquid 500,4小时,Prism · Nasdaq Liquid 500 · 4小时,EXLS,"ExlService Holdings, Inc. - Common Stock",,92,92,0,2026-08-19,94,-2,2,1,37.395,60.29,48.1,盘中候选，等待收盘确认；上一交易日也在Top100,prism-nasdaq500-4h-signal-ranking.csv
盘中候选,Early,Nasdaq Liquid 500,日线,Early · Nasdaq Liquid 500 · 日线,MTCH,"Match Group, Inc. - Common Stock",,79,79,0,2026-08-19,9,70,2,1,39.939999,,47.8,盘中候选，等待收盘确认；上一交易日也在Top100,early-nasdaq500-ranking-timeline.csv
盘中候选,Prism,S&P 500,4小时,Prism · S&P 500 · 4小时,EFX,Equifax,Industrials,93,93,0,2026-08-19,81,12,2,1,193.509995,60.96,47.8,盘中候选，等待收盘确认；上一交易日也在Top100,prism-spx-4h-signal-ranking.csv
盘中候选,Prism,Nasdaq 200,日线,Prism · Nasdaq 200 · 日线,PODD,Insulet Corporation,Health Care,79,79,0,2026-08-19,89,-10,2,1,150.550003,,47.8,盘中候选，等待收盘确认；上一交易日也在Top100,prism-nasdaq200-ranking-timeline.csv
盘中候选,Early,S&P 500,日线,Early · S&P 500 · 日线,BAX,Baxter International,Health Care,80,80,0,2026-08-19,86,-6,2,1,26.700001,,47.5,盘中候选，等待收盘确认；上一交易日也在Top100,early-spx-ranking-timeline.csv
盘中候选,Early,Nasdaq 200,日线,Early · Nasdaq 200 · 日线,MELI,"MercadoLibre, Inc. - Common Stock",,80,80,0,2026-08-19,83,-3,2,1,1900.660034,,47.5,盘中候选，等待收盘确认；上一交易日也在Top100,early-nasdaq200-ranking-timeline.csv
盘中候选,Prism,S&P 500,日线,Prism · S&P 500 · 日线,CPAY,Corpay,Financials,80,80,0,2026-08-19,97,-17,2,1,412.140015,,47.5,盘中候选，等待收盘确认；上一交易日也在Top100,prism-spx-ranking-timeline.csv
盘中候选,Prism,Nasdaq Liquid 500,日线,Prism · Nasdaq Liquid 500 · 日线,MORN,"Morningstar, Inc. - Common Stock",,80,80,0,2026-08-19,65,15,2,1,216.800003,,47.5,盘中候选，等待收盘确认；上一交易日也在Top100,prism-nasdaq500-ranking-timeline.csv
盘中候选,Prism,S&P 500,4小时,Prism · S&P 500 · 4小时,MNST,Monster Beverage,Consumer Staples,94,94,0,2026-08-19,96,-2,2,1,47.630001,60.92,47.4,盘中候选，等待收盘确认；上一交易日也在Top100,prism-spx-4h-signal-ranking.csv
盘中候选,Prism,Nasdaq 200,4小时,Prism · Nasdaq 200 · 4小时,RGLD,"Royal Gold, Inc. - Common Stock",,93,93,0,2026-08-19,83,10,2,1,249.710007,55.96,47.4,盘中候选，等待收盘确认；上一交易日也在Top100,prism-nasdaq200-4h-signal-ranking.csv
盘中候选,Early,Nasdaq 200,4小时,Early · Nasdaq 200 · 4小时,MNST,Monster Beverage,Consumer Staples,93,93,0,2026-08-19,81,12,2,1,47.630001,49.72,46.9,盘中候选，等待收盘确认；上一交易日也在Top100,early-nasdaq200-4h-signal-ranking.csv
盘中候选,Early,S&P 500,日线,Early · S&P 500 · 日线,BBY,Best Buy,Consumer Discretionary,82,82,0,2026-08-19,11,71,2,1,87.330002,,46.8,盘中候选，等待收盘确认；上一交易日也在Top100,early-spx-ranking-timeline.csv
盘中候选,Prism,Russell,日线,Prism · Russell · 日线,RIGL,RIGEL PHARMACEUTICALS,Health Care,82,82,0,2026-08-19,99,-17,2,1,45.365002,,46.8,盘中候选，等待收盘确认；上一交易日也在Top100,prism-russell2000-ranking-timeline.csv
盘中候选,Early,S&P 500,4小时,Early · S&P 500 · 4小时,LYV,Live Nation Entertainment,Communication Services,96,96,0,2026-08-19,100,-4,2,1,185.539993,60.21,46.6,盘中候选，等待收盘确认；上一交易日也在Top100,early-spx-4h-signal-ranking.csv
盘中候选,Early,Nasdaq Liquid 500,4小时,Early · Nasdaq Liquid 500 · 4小时,SOUN,SOUNDHOUND AI CLASS A,Information Technology,96,96,0,2026-08-19,29,67,2,1,6.975,59.4,46.6,盘中候选，等待收盘确认；上一交易日也在Top100,early-nasdaq500-4h-signal-ranking.csv
盘中候选,Prism,S&P 500,4小时,Prism · S&P 500 · 4小时,HSY,Hershey Company (The),Consumer Staples,97,97,0,2026-08-19,62,35,2,1,190.25,60.55,46.3,盘中候选，等待收盘确认；上一交易日也在Top100,prism-spx-4h-signal-ranking.csv
盘中候选,Early,Nasdaq 200,4小时,Early · Nasdaq 200 · 4小时,PLTR,Palantir Technologies,Information Technology,95,95,0,2026-08-19,97,-2,2,1,174.899994,49.65,46.1,盘中候选，等待收盘确认；上一交易日也在Top100,early-nasdaq200-4h-signal-ranking.csv
盘中候选,Prism,Nasdaq 200,日线,Prism · Nasdaq 200 · 日线,CMCSA,Comcast,Communication Services,84,84,0,2026-08-19,85,-1,2,1,26.58,,46.0,盘中候选，等待收盘确认；上一交易日也在Top100,prism-nasdaq200-ranking-timeline.csv
盘中候选,Prism,S&P 500,日线,Prism · S&P 500 · 日线,CSGP,CoStar Group,Real Estate,85,85,0,2026-08-19,92,-7,2,1,32.950001,,45.7,盘中候选，等待收盘确认；上一交易日也在Top100,prism-spx-ranking-timeline.csv
盘中候选,Early,S&P 500,4小时,Early · S&P 500 · 4小时,NVR,"NVR, Inc.",Consumer Discretionary,99,99,0,2026-08-19,58,41,2,1,6349.930176,59.84,45.5,盘中候选，等待收盘确认；上一交易日也在Top100,early-spx-4h-signal-ranking.csv
盘中候选,Early,Nasdaq 200,4小时,Early · Nasdaq 200 · 4小时,KMB,Kimberly-Clark,Consumer Staples,97,97,0,2026-08-19,19,78,2,1,109.279999,49.18,45.4,盘中候选，等待收盘确认；上一交易日也在Top100,early-nasdaq200-4h-signal-ranking.csv
盘中候选,Early,S&P 500,日线,Early · S&P 500 · 日线,EXR,Extra Space Storage,Real Estate,86,86,0,2026-08-19,83,3,2,1,147.960007,,45.3,盘中候选，等待收盘确认；上一交易日也在Top100,early-spx-ranking-timeline.csv
盘中候选,Early,Nasdaq Liquid 500,日线,Early · Nasdaq Liquid 500 · 日线,ICLR,ICON plc - Ordinary Shares,,86,86,0,2026-08-19,27,59,2,1,176.830002,,45.3,盘中候选，等待收盘确认；上一交易日也在Top100,early-nasdaq500-ranking-timeline.csv
盘中候选,Early,Nasdaq Liquid 500,4小时,Early · Nasdaq Liquid 500 · 4小时,ROP,Roper Technologies,Information Technology,100,100,0,2026-08-19,82,18,2,1,409.005005,59.05,45.1,盘中候选，等待收盘确认；上一交易日也在Top100,early-nasdaq500-4h-signal-ranking.csv
盘中候选,Early,Nasdaq 200,日线,Early · Nasdaq 200 · 日线,FOX,Fox Corporation (Class B),Communication Services,87,87,0,2026-08-19,100,-13,2,1,60.895,,45.0,盘中候选，等待收盘确认；上一交易日也在Top100,early-nasdaq200-ranking-timeline.csv
盘中候选,Prism,Nasdaq Liquid 500,日线,Prism · Nasdaq Liquid 500 · 日线,RGEN,Repligen Corporation - Common Stock,,87,87,0,2026-08-19,86,1,2,1,180.949997,,45.0,盘中候选，等待收盘确认；上一交易日也在Top100,prism-nasdaq500-ranking-timeline.csv
盘中候选,Prism,Nasdaq 200,4小时,Prism · Nasdaq 200 · 4小时,LLYVK,"Liberty Live Holdings, Inc. - Series C Liberty Live Group Common Stock",,100,100,0,2026-08-19,89,11,2,1,107.25,54.8,44.8,盘中候选，等待收盘确认；上一交易日也在Top100,prism-nasdaq200-4h-signal-ranking.csv
盘中候选,Early,Nasdaq 200,4小时,Early · Nasdaq 200 · 4小时,ABNB,Airbnb,Consumer Discretionary,99,99,0,2026-08-19,99,0,2,1,185.380005,48.47,44.6,盘中候选，等待收盘确认；上一交易日也在Top100,early-nasdaq200-4h-signal-ranking.csv
盘中候选,Early,Nasdaq Liquid 500,日线,Early · Nasdaq Liquid 500 · 日线,DIOD,DIODES,Information Technology,88,88,0,2026-08-19,63,25,2,1,92.425003,,44.6,盘中候选，等待收盘确认；上一交易日也在Top100,early-nasdaq500-ranking-timeline.csv
盘中候选,Early,Nasdaq Liquid 500,日线,Early · Nasdaq Liquid 500 · 日线,IDCC,INTERDIGITAL INC,Information Technology,89,89,0,2026-08-19,99,-10,2,1,347.820007,,44.2,盘中候选，等待收盘确认；上一交易日也在Top100,early-nasdaq500-ranking-timeline.csv
盘中候选,Prism,Russell,日线,Prism · Russell · 日线,SBC,SBC MEDICAL GROUP HOLDINGS INC,Health Care,90,90,0,2026-08-19,35,55,2,1,3.6819,,43.9,盘中候选，等待收盘确认；上一交易日也在Top100,prism-russell2000-ranking-timeline.csv
盘中候选,Early,Nasdaq 200,日线,Early · Nasdaq 200 · 日线,CSX,CSX Corporation,Industrials,92,92,0,2026-08-19,94,-2,2,1,50.82,,43.1,盘中候选，等待收盘确认；上一交易日也在Top100,early-nasdaq200-ranking-timeline.csv
盘中候选,Prism,S&P 500,日线,Prism · S&P 500 · 日线,GRMN,Garmin,Consumer Discretionary,92,92,0,2026-08-19,76,16,2,1,295.910004,,43.1,盘中候选，等待收盘确认；上一交易日也在Top100,prism-spx-ranking-timeline.csv
盘中候选,Prism,Nasdaq 200,日线,Prism · Nasdaq 200 · 日线,PAYX,Paychex,Industrials,92,92,0,2026-08-19,100,-8,2,1,123.260002,,43.1,盘中候选，等待收盘确认；上一交易日也在Top100,prism-nasdaq200-ranking-timeline.csv
盘中候选,Prism,Nasdaq Liquid 500,日线,Prism · Nasdaq Liquid 500 · 日线,CSGP,CoStar Group,Real Estate,92,92,0,2026-08-19,83,9,2,1,32.950001,,43.1,盘中候选，等待收盘确认；上一交易日也在Top100,prism-nasdaq500-ranking-timeline.csv
盘中候选,Early,Nasdaq 200,日线,Early · Nasdaq 200 · 日线,CTAS,Cintas,Industrials,93,93,0,2026-08-19,92,1,2,1,202.559998,,42.8,盘中候选，等待收盘确认；上一交易日也在Top100,early-nasdaq200-ranking-timeline.csv
盘中候选,Early,Nasdaq Liquid 500,日线,Early · Nasdaq Liquid 500 · 日线,AGNC,AGNC Investment Corp. - Common Stock,,93,93,0,2026-08-19,89,4,2,1,11.04,,42.8,盘中候选，等待收盘确认；上一交易日也在Top100,early-nasdaq500-ranking-timeline.csv
盘中候选,Prism,Nasdaq Liquid 500,日线,Prism · Nasdaq Liquid 500 · 日线,JKHY,Jack Henry & Associates,Financials,93,93,0,2026-08-19,98,-5,2,1,164.544998,,42.8,盘中候选，等待收盘确认；上一交易日也在Top100,prism-nasdaq500-ranking-timeline.csv
盘中候选,Early,Nasdaq 200,日线,Early · Nasdaq 200 · 日线,KMB,Kimberly-Clark,Consumer Staples,94,94,0,2026-08-19,39,55,2,1,109.300003,,42.4,盘中候选，等待收盘确认；上一交易日也在Top100,early-nasdaq200-ranking-timeline.csv
盘中候选,Early,Russell,日线,Early · Russell · 日线,SANA,SANA BIOTECHNOLOGY,Health Care,94,94,0,2026-08-19,26,68,2,1,3.795,,42.4,盘中候选，等待收盘确认；上一交易日也在Top100,early-russell2000-ranking-timeline.csv
盘中候选,Prism,S&P 500,日线,Prism · S&P 500 · 日线,BX,Blackstone Inc.,Financials,94,94,0,2026-08-19,90,4,2,1,142.520004,,42.4,盘中候选，等待收盘确认；上一交易日也在Top100,prism-spx-ranking-timeline.csv
盘中候选,Early,Nasdaq Liquid 500,日线,Early · Nasdaq Liquid 500 · 日线,AFRM,"Affirm Holdings, Inc. - Class A Common Stock",,95,95,0,2026-08-19,10,85,2,1,76.059998,,42.1,盘中候选，等待收盘确认；上一交易日也在Top100,early-nasdaq500-ranking-timeline.csv
盘中候选,Early,Russell,日线,Early · Russell · 日线,EIKN,EIKON THERAPEUTICS INC,Health Care,95,95,0,2026-08-19,27,68,2,1,11.295,,42.1,盘中候选，等待收盘确认；上一交易日也在Top100,early-russell2000-ranking-timeline.csv
盘中候选,Prism,Russell,日线,Prism · Russell · 日线,AZTA,AZENTA,Health Care,95,95,0,2026-08-19,79,16,2,1,36.139999,,42.1,盘中候选，等待收盘确认；上一交易日也在Top100,prism-russell2000-ranking-timeline.csv
盘中候选,Prism,Nasdaq 200,日线,Prism · Nasdaq 200 · 日线,Z,"Zillow Group, Inc. - Class C Capital Stock",,96,96,0,2026-08-19,95,1,2,1,35.915001,,41.7,盘中候选，等待收盘确认；上一交易日也在Top100,prism-nasdaq200-ranking-timeline.csv
盘中候选,Early,S&P 500,日线,Early · S&P 500 · 日线,CRL,Charles River Laboratories,Health Care,97,97,0,2026-08-19,99,-2,2,1,293.630005,,41.3,盘中候选，等待收盘确认；上一交易日也在Top100,early-spx-ranking-timeline.csv
盘中候选,Early,Nasdaq Liquid 500,日线,Early · Nasdaq Liquid 500 · 日线,GRAL,GRAIL INC,Health Care,98,98,0,2026-08-19,48,50,2,1,75.339996,,41.0,盘中候选，等待收盘确认；上一交易日也在Top100,early-nasdaq500-ranking-timeline.csv
盘中候选,Prism,Nasdaq 200,日线,Prism · Nasdaq 200 · 日线,WBD,Warner Bros. Discovery,Communication Services,99,99,0,2026-08-19,92,7,2,1,28.450001,,40.6,盘中候选，等待收盘确认；上一交易日也在Top100,prism-nasdaq200-ranking-timeline.csv
盘中候选,Early,S&P 500,日线,Early · S&P 500 · 日线,TMUS,T-Mobile US,Communication Services,100,100,0,2026-08-19,50,50,2,1,181.914993,,40.3,盘中候选，等待收盘确认；上一交易日也在Top100,early-spx-ranking-timeline.csv
盘中候选,Prism,S&P 500,日线,Prism · S&P 500 · 日线,MRVL,Marvell Technology,Information Technology,100,100,0,2026-08-19,98,2,2,1,236.434998,,40.3,盘中候选，等待收盘确认；上一交易日也在Top100,prism-spx-ranking-timeline.csv
盘中候选,Prism,Nasdaq Liquid 500,日线,Prism · Nasdaq Liquid 500 · 日线,MRVL,Marvell Technology,Information Technology,100,100,0,2026-08-19,92,8,2,1,236.434998,,40.3,盘中候选，等待收盘确认；上一交易日也在Top100,prism-nasdaq500-ranking-timeline.csv
盘中候选,Aster Research,单一趋势 Trend Relay,Aster,Aster Research · 单一趋势 Trend Relay,NVAX,NOVAVAX,Health Care,1,1,0,2026-08-19,,,1,1,8.17,100.0,84.1,盘中候选，等待收盘确认,aster-trend-relay-ranking.csv
盘中候选,Aster Research,v4 Tactical Breakout,Aster,Aster Research · v4 Tactical Breakout,RXRX,RECURSION PHARMACEUTICALS CLASS A,Health Care,1,1,0,2026-08-19,,,1,1,3.32,97.23,83.9,盘中候选，等待收盘确认,aster-v4-tactical-breakout-ranking.csv
盘中候选,Early,Russell,4小时,Early · Russell · 4小时,MUR,MURPHY OIL CORP,Energy,1,1,0,2026-08-19,779,-778,1,1,38.23,94.84,83.7,盘中候选，等待收盘确认,early-russell2000-4h-signal-ranking.csv
盘中候选,Aster Research,单一趋势 Trend Relay,Aster,Aster Research · 单一趋势 Trend Relay,BEAM,BEAM THERAPEUTICS,Health Care,2,2,0,2026-08-19,,,1,1,27.43,100.0,83.7,盘中候选，等待收盘确认,aster-trend-relay-ranking.csv
盘中候选,Aster Research,单一信号 EMA Candle Capture,Aster,Aster Research · 单一信号 EMA Candle Capture,LNN,LINDSAY,Industrials,1,1,0,2026-08-19,,,1,1,114.860001,94.0,83.6,盘中候选，等待收盘确认,aster-ema-candle-capture-ranking.csv
盘中候选,Aster Research,单一趋势 Trend Relay,Aster,Aster Research · 单一趋势 Trend Relay,FINW,FINWISE BANCORP,Financials,3,3,0,2026-08-19,,,1,1,14.14,100.0,83.4,盘中候选，等待收盘确认,aster-trend-relay-ranking.csv
盘中候选,Early,Russell,4小时,Early · Russell · 4小时,STRZ,STARZ ENTERTAINMENT,Communication,2,2,0,2026-08-19,267,-265,1,1,27.4,92.97,83.2,盘中候选，等待收盘确认,early-russell2000-4h-signal-ranking.csv
盘中候选,Aster Research,v4 Tactical Breakout,Aster,Aster Research · v4 Tactical Breakout,AOS,A. O. Smith,Industrials,3,3,0,2026-08-19,,,1,1,62.830002,96.74,83.1,盘中候选，等待收盘确认,aster-v4-tactical-breakout-ranking.csv
盘中候选,Aster Call,All,Aster,Aster Call,MSTR,Strategy Inc - Class A Common Stock,,2,2,0,2026-08-19,,,1,1,111.760002,90.99,83.0,盘中候选，等待收盘确认,aster-call-ranking.csv
盘中候选,Aster Research,v3 Quality Momentum,Aster,Aster Research · v3 Quality Momentum,CMG,Chipotle Mexican Grill,Consumer Discretionary,1,1,0,2026-08-19,,,1,1,34.290001,86.34,83.0,盘中候选，等待收盘确认,aster-v3-quality-momentum-ranking.csv
盘中候选,Aster Research,单一趋势 Trend Relay,Aster,Aster Research · 单一趋势 Trend Relay,NREF,NEXPOINT REAL ESTATE FINANCE,Financials,4,4,0,2026-08-19,,,1,1,17.58,100.0,83.0,盘中候选，等待收盘确认,aster-trend-relay-ranking.csv
盘中候选,Aster Research,单一信号 EMA Cross,Aster,Aster Research · 单一信号 EMA Cross,RXRX,RECURSION PHARMACEUTICALS CLASS A,Health Care,3,3,0,2026-08-19,,,1,1,3.32,93.9,82.9,盘中候选，等待收盘确认,aster-ema-cross-ranking.csv
盘中候选,Aster Research,v4 Tactical Breakout,Aster,Aster Research · v4 Tactical Breakout,LCII,LCI INDUSTRIES,Consumer Discretionary,4,4,0,2026-08-19,,,1,1,105.910004,95.97,82.7,盘中候选，等待收盘确认,aster-v4-tactical-breakout-ranking.csv
盘中候选,Aster Research,单一趋势 Trend Relay,Aster,Aster Research · 单一趋势 Trend Relay,CMDB,COSTAMARE BULKERS HOLDINGS LTD,Industrials,5,5,0,2026-08-19,,,1,1,19.555,100.0,82.7,盘中候选，等待收盘确认,aster-trend-relay-ranking.csv
盘中候选,Aster Research,v3 Quality Momentum,Aster,Aster Research · v3 Quality Momentum,ASND,Ascendis Pharma A/S - Ordinary Share,,2,2,0,2026-08-19,,,1,1,258.98999,86.14,82.6,盘中候选，等待收盘确认,aster-v3-quality-momentum-ranking.csv
盘中候选,Aster Research,v2 Balanced,Aster,Aster Research · v2 Balanced,CMG,Chipotle Mexican Grill,Consumer Discretionary,2,2,0,2026-08-19,,,1,1,34.290001,85.66,82.6,盘中候选，等待收盘确认,aster-v2-balanced-ranking.csv
盘中候选,Aster Research,v5 Risk Adjusted,Aster,Aster Research · v5 Risk Adjusted,CMG,Chipotle Mexican Grill,Consumer Discretionary,1,1,0,2026-08-19,,,1,1,34.290001,80.95,82.5,盘中候选，等待收盘确认,aster-v5-risk-adjusted-ranking.csv
盘中候选,Aster Research,单一信号 EMA Candle Capture,Aster,Aster Research · 单一信号 EMA Candle Capture,ESS,Essex Property Trust,Real Estate,3,3,0,2026-08-19,,,1,1,290.149994,89.0,82.5,盘中候选，等待收盘确认,aster-ema-candle-capture-ranking.csv
盘中候选,Aster Research,单一趋势 Trend Relay,Aster,Aster Research · 单一趋势 Trend Relay,IPI,INTREPID POTASH INC,Materials,6,6,0,2026-08-19,,,1,1,38.18,100.0,82.3,盘中候选，等待收盘确认,aster-trend-relay-ranking.csv
盘中候选,Aster Research,v2 Balanced,Aster,Aster Research · v2 Balanced,FINW,FINWISE BANCORP,Financials,3,3,0,2026-08-19,,,1,1,14.14,83.9,82.1,盘中候选，等待收盘确认,aster-v2-balanced-ranking.csv
盘中候选,Aster Research,单一信号 EMA Candle Capture,Aster,Aster Research · 单一信号 EMA Candle Capture,F,Ford Motor Company,Consumer Discretionary,4,4,0,2026-08-19,,,1,1,13.985,89.0,82.1,盘中候选，等待收盘确认,aster-ema-candle-capture-ranking.csv
盘中候选,Prism,Russell,4小时,Prism · Russell · 4小时,AFRI,FORAFRIC GLOBAL PLC,Consumer Staples,2,2,0,2026-08-19,1004,-1002,1,1,11.0,78.94,82.0,盘中候选，等待收盘确认,prism-russell2000-4h-signal-ranking.csv
盘中候选,Aster Research,v4 Tactical Breakout,Aster,Aster Research · v4 Tactical Breakout,AFRI,FORAFRIC GLOBAL PLC,Consumer Staples,6,6,0,2026-08-19,,,1,1,11.0,95.45,81.9,盘中候选，等待收盘确认,aster-v4-tactical-breakout-ranking.csv
盘中候选,Aster Research,单一趋势 Trend Relay,Aster,Aster Research · 单一趋势 Trend Relay,AMTX,AEMETIS INC,Energy,7,7,0,2026-08-19,,,1,1,1.935,100.0,81.9,盘中候选，等待收盘确认,aster-trend-relay-ranking.csv
盘中候选,Aster Call,All,Aster,Aster Call,BRO,Brown & Brown,Financials,5,5,0,2026-08-19,,,1,1,72.129997,89.06,81.8,盘中候选，等待收盘确认,aster-call-ranking.csv
盘中候选,Aster Research,v5 Risk Adjusted,Aster,Aster Research · v5 Risk Adjusted,ASND,Ascendis Pharma A/S - Ordinary Share,,3,3,0,2026-08-19,,,1,1,258.98999,79.65,81.7,盘中候选，等待收盘确认,aster-v5-risk-adjusted-ranking.csv
盘中候选,Early,Russell,4小时,Early · Russell · 4小时,CLDT,CHATHAM LODGING TRUST REIT,Real Estate,6,6,0,2026-08-19,337,-331,1,1,13.14,91.9,81.6,盘中候选，等待收盘确认,early-russell2000-4h-signal-ranking.csv
盘中候选,Aster Research,共识Agent 多榜单共振,Aster,Aster Research · 共识Agent 多榜单共振,CMDB,COSTAMARE BULKERS HOLDINGS LTD,Industrials,8,8,0,2026-08-19,,,1,1,19.555,100.0,81.6,盘中候选，等待收盘确认,aster-consensus-agent-ranking.csv
盘中候选,Aster Research,v5 Risk Adjusted,Aster,Aster Research · v5 Risk Adjusted,KDP,Keurig Dr Pepper,Consumer Staples,4,4,0,2026-08-19,,,1,1,31.42,79.46,81.3,盘中候选，等待收盘确认,aster-v5-risk-adjusted-ranking.csv
盘中候选,Prism,S&P 500,4小时,Prism · S&P 500 · 4小时,INVH,Invitation Homes,Real Estate,4,4,0,2026-08-19,210,-206,1,1,30.315001,77.85,81.2,盘中候选，等待收盘确认,prism-spx-4h-signal-ranking.csv
盘中候选,Aster Research,共识Agent 多榜单共振,Aster,Aster Research · 共识Agent 多榜单共振,AOS,A. O. Smith,Industrials,9,9,0,2026-08-19,,,1,1,62.830002,100.0,81.2,盘中候选，等待收盘确认,aster-consensus-agent-ranking.csv
盘中候选,Aster Research,单一趋势 Trend Relay,Aster,Aster Research · 单一趋势 Trend Relay,ADBE,Adobe Inc.,Information Technology,8,8,0,2026-08-19,,,1,1,272.079987,94.0,81.1,盘中候选，等待收盘确认,aster-trend-relay-ranking.csv
盘中候选,Aster Call,All,Aster,Aster Call,CMG,Chipotle Mexican Grill,Consumer Discretionary,7,7,0,2026-08-19,,,1,1,34.290001,88.49,81.0,盘中候选，等待收盘确认,aster-call-ranking.csv
盘中候选,Early,Russell,4小时,Early · Russell · 4小时,HROW,HARROW,Health Care,8,8,0,2026-08-19,336,-328,1,1,42.18,91.39,80.9,盘中候选，等待收盘确认,early-russell2000-4h-signal-ranking.csv
盘中候选,Aster Research,v2 Balanced,Aster,Aster Research · v2 Balanced,CMDB,COSTAMARE BULKERS HOLDINGS LTD,Industrials,6,6,0,2026-08-19,,,1,1,19.555,83.51,80.9,盘中候选，等待收盘确认,aster-v2-balanced-ranking.csv
盘中候选,Aster Research,共识Agent 多榜单共振,Aster,Aster Research · 共识Agent 多榜单共振,BRO,Brown & Brown,Financials,10,10,0,2026-08-19,,,1,1,72.129997,100.0,80.9,盘中候选，等待收盘确认,aster-consensus-agent-ranking.csv
盘中候选,Aster Call,All,Aster,Aster Call,AOS,A. O. Smith,Industrials,8,8,0,2026-08-19,,,1,1,62.830002,88.47,80.6,盘中候选，等待收盘确认,aster-call-ranking.csv
盘中候选,Aster Research,v2 Balanced,Aster,Aster Research · v2 Balanced,KDP,Keurig Dr Pepper,Consumer Staples,7,7,0,2026-08-19,,,1,1,31.42,83.21,80.6,盘中候选，等待收盘确认,aster-v2-balanced-ranking.csv
盘中候选,Prism,Nasdaq 200,4小时,Prism · Nasdaq 200 · 4小时,EVRG,Evergy,Utilities,6,6,0,2026-08-19,116,-110,1,1,84.279999,78.23,80.5,盘中候选，等待收盘确认,prism-nasdaq200-4h-signal-ranking.csv
盘中候选,Aster Research,单一趋势 Trend Relay,Aster,Aster Research · 单一趋势 Trend Relay,PYPL,PayPal,Financials,10,10,0,2026-08-19,,,1,1,61.77,94.0,80.4,盘中候选，等待收盘确认,aster-trend-relay-ranking.csv
盘中候选,Aster Call,All,Aster,Aster Call,WRBY,WARBY PARKER INC CLASS A,Consumer Discretionary,9,9,0,2026-08-19,,,1,1,27.98,88.35,80.3,盘中候选，等待收盘确认,aster-call-ranking.csv
盘中候选,Aster Research,v3 Quality Momentum,Aster,Aster Research · v3 Quality Momentum,KDP,Keurig Dr Pepper,Consumer Staples,8,8,0,2026-08-19,,,1,1,31.42,84.09,80.3,盘中候选，等待收盘确认,aster-v3-quality-momentum-ranking.csv
盘中候选,Early,S&P 500,4小时,Early · S&P 500 · 4小时,INVH,Invitation Homes,Real Estate,8,8,0,2026-08-19,129,-121,1,1,30.315001,82.83,80.2,盘中候选，等待收盘确认,early-spx-4h-signal-ranking.csv
盘中候选,Early,Russell,4小时,Early · Russell · 4小时,XRN,CHIRON REAL ESTATE INC,Real Estate,10,10,0,2026-08-19,341,-331,1,1,36.6259,91.11,80.1,盘中候选，等待收盘确认,early-russell2000-4h-signal-ranking.csv
盘中候选,Aster Research,共识Agent 多榜单共振,Aster,Aster Research · 共识Agent 多榜单共振,ADBE,Adobe Inc.,Information Technology,12,12,0,2026-08-19,,,1,1,272.079987,100.0,80.1,盘中候选，等待收盘确认,aster-consensus-agent-ranking.csv
盘中候选,Aster Research,v3 Quality Momentum,Aster,Aster Research · v3 Quality Momentum,CHKP,Check Point Software Technologies Ltd. - Ordinary Shares,,9,9,0,2026-08-19,,,1,1,132.455002,83.84,79.9,盘中候选，等待收盘确认,aster-v3-quality-momentum-ranking.csv
盘中候选,Aster Research,v4 Tactical Breakout,Aster,Aster Research · v4 Tactical Breakout,BRO,Brown & Brown,Financials,11,11,0,2026-08-19,,,1,1,72.129997,93.4,79.9,盘中候选，等待收盘确认,aster-v4-tactical-breakout-ranking.csv
盘中候选,Aster Research,v2 Balanced,Aster,Aster Research · v2 Balanced,ASND,Ascendis Pharma A/S - Ordinary Share,,9,9,0,2026-08-19,,,1,1,258.98999,83.04,79.8,盘中候选，等待收盘确认,aster-v2-balanced-ranking.csv
盘中候选,Prism,Nasdaq Liquid 500,4小时,Prism · Nasdaq Liquid 500 · 4小时,TGTX,TG THERAPEUTICS,Health Care,8,8,0,2026-08-19,153,-145,1,1,52.880001,76.55,79.7,盘中候选，等待收盘确认,prism-nasdaq500-4h-signal-ranking.csv
盘中候选,Early,Russell,4小时,Early · Russell · 4小时,WRBY,WARBY PARKER INC CLASS A,Consumer Discretionary,11,11,0,2026-08-19,305,-294,1,1,27.98,89.5,79.6,盘中候选，等待收盘确认,early-russell2000-4h-signal-ranking.csv
盘中候选,Aster Call,All,Aster,Aster Call,AFRI,FORAFRIC GLOBAL PLC,Consumer Staples,11,11,0,2026-08-19,,,1,1,11.0,87.49,79.5,盘中候选，等待收盘确认,aster-call-ranking.csv
盘中候选,Aster Research,v4 Tactical Breakout,Aster,Aster Research · v4 Tactical Breakout,TCOM,Trip.com Group Limited - American Depositary Shares,,12,12,0,2026-08-19,,,1,1,45.990002,92.68,79.5,盘中候选，等待收盘确认,aster-v4-tactical-breakout-ranking.csv
盘中候选,Aster Research,v5 Risk Adjusted,Aster,Aster Research · v5 Risk Adjusted,CSGP,CoStar Group,Real Estate,9,9,0,2026-08-19,,,1,1,32.700001,78.43,79.4,盘中候选，等待收盘确认,aster-v5-risk-adjusted-ranking.csv
盘中候选,Aster Research,共识Agent 多榜单共振,Aster,Aster Research · 共识Agent 多榜单共振,PEP,PepsiCo,Consumer Staples,14,14,0,2026-08-19,,,1,1,141.960007,100.0,79.4,盘中候选，等待收盘确认,aster-consensus-agent-ranking.csv
盘中候选,Early,S&P 500,4小时,Early · S&P 500 · 4小时,BG,Bunge Global,Consumer Staples,10,10,0,2026-08-19,174,-164,1,1,117.18,81.68,79.3,盘中候选，等待收盘确认,early-spx-4h-signal-ranking.csv
盘中候选,Early,Russell,4小时,Early · Russell · 4小时,NVAX,NOVAVAX,Health Care,12,12,0,2026-08-19,368,-356,1,1,8.17,89.36,79.3,盘中候选，等待收盘确认,early-russell2000-4h-signal-ranking.csv
盘中候选,Aster Research,单一信号 EMA Candle Capture,Aster,Aster Research · 单一信号 EMA Candle Capture,BHVN,BIOHAVEN,Health Care,11,11,0,2026-08-19,,,1,1,14.265,85.0,79.3,盘中候选，等待收盘确认,aster-ema-candle-capture-ranking.csv
盘中候选,Aster Research,单一趋势 Trend Relay,Aster,Aster Research · 单一趋势 Trend Relay,ADP,Automatic Data Processing,Industrials,13,13,0,2026-08-19,,,1,1,279.149994,94.0,79.3,盘中候选，等待收盘确认,aster-trend-relay-ranking.csv
盘中候选,Aster Research,单一信号 EMA Cross,Aster,Aster Research · 单一信号 EMA Cross,MC,MOELIS CLASS A,Financials,12,12,0,2026-08-19,,,1,1,67.599998,88.1,79.2,盘中候选，等待收盘确认,aster-ema-cross-ranking.csv
盘中候选,Aster Research,v4 Tactical Breakout,Aster,Aster Research · v4 Tactical Breakout,NREF,NEXPOINT REAL ESTATE FINANCE,Financials,13,13,0,2026-08-19,,,1,1,17.58,92.47,79.2,盘中候选，等待收盘确认,aster-v4-tactical-breakout-ranking.csv
盘中候选,Aster Call,All,Aster,Aster Call,PDD,PDD Holdings Inc. - American Depositary Shares,,12,12,0,2026-08-19,,,1,1,88.489998,87.21,79.1,盘中候选，等待收盘确认,aster-call-ranking.csv
盘中候选,Aster Research,v2 Balanced,Aster,Aster Research · v2 Balanced,BRO,Brown & Brown,Financials,11,11,0,2026-08-19,,,1,1,72.129997,82.67,79.1,盘中候选，等待收盘确认,aster-v2-balanced-ranking.csv
盘中候选,Aster Research,共识Agent 多榜单共振,Aster,Aster Research · 共识Agent 多榜单共振,PDD,PDD Holdings Inc. - American Depositary Shares,,15,15,0,2026-08-19,,,1,1,88.489998,100.0,79.0,盘中候选，等待收盘确认,aster-consensus-agent-ranking.csv
盘中候选,Early,Russell,4小时,Early · Russell · 4小时,ZVRA,ZEVRA THERAPEUTICS INC,Health Care,13,13,0,2026-08-19,399,-386,1,1,11.99,89.25,78.9,盘中候选，等待收盘确认,early-russell2000-4h-signal-ranking.csv
盘中候选,Aster Research,v3 Quality Momentum,Aster,Aster Research · v3 Quality Momentum,MC,MOELIS CLASS A,Financials,12,12,0,2026-08-19,,,1,1,67.599998,83.6,78.8,盘中候选，等待收盘确认,aster-v3-quality-momentum-ranking.csv
盘中候选,Aster Research,单一信号 EMA Cross,Aster,Aster Research · 单一信号 EMA Cross,BRKR,Bruker Corporation - Common Stock,,13,13,0,2026-08-19,,,1,1,59.157001,87.55,78.7,盘中候选，等待收盘确认,aster-ema-cross-ranking.csv
盘中候选,Aster Research,共识Agent 多榜单共振,Aster,Aster Research · 共识Agent 多榜单共振,Z,"Zillow Group, Inc. - Class C Capital Stock",,16,16,0,2026-08-19,,,1,1,35.955002,100.0,78.7,盘中候选，等待收盘确认,aster-consensus-agent-ranking.csv
盘中候选,Prism,Russell,4小时,Prism · Russell · 4小时,MUR,MURPHY OIL CORP,Energy,11,11,0,2026-08-19,274,-263,1,1,38.23,76.51,78.6,盘中候选，等待收盘确认,prism-russell2000-4h-signal-ranking.csv
盘中候选,Aster Research,单一趋势 Trend Relay,Aster,Aster Research · 单一趋势 Trend Relay,ROP,Roper Technologies,Information Technology,15,15,0,2026-08-19,,,1,1,409.005005,94.0,78.6,盘中候选，等待收盘确认,aster-trend-relay-ranking.csv
盘中候选,Early,Russell,4小时,Early · Russell · 4小时,FLGT,FULGENT GENETICS,Health Care,14,14,0,2026-08-19,293,-279,1,1,20.27,88.81,78.5,盘中候选，等待收盘确认,early-russell2000-4h-signal-ranking.csv
盘中候选,Aster Research,v4 Tactical Breakout,Aster,Aster Research · v4 Tactical Breakout,PDD,PDD Holdings Inc. - American Depositary Shares,,15,15,0,2026-08-19,,,1,1,88.489998,92.1,78.4,盘中候选，等待收盘确认,aster-v4-tactical-breakout-ranking.csv
盘中候选,Aster Research,v2 Balanced,Aster,Aster Research · v2 Balanced,AOS,A. O. Smith,Industrials,13,13,0,2026-08-19,,,1,1,62.830002,82.07,78.3,盘中候选，等待收盘确认,aster-v2-balanced-ranking.csv
盘中候选,Prism,Nasdaq Liquid 500,4小时,Prism · Nasdaq Liquid 500 · 4小时,EVRG,Evergy,Utilities,12,12,0,2026-08-19,265,-253,1,1,84.279999,76.11,78.2,盘中候选，等待收盘确认,prism-nasdaq500-4h-signal-ranking.csv
盘中候选,Aster Research,单一趋势 Trend Relay,Aster,Aster Research · 单一趋势 Trend Relay,BIIB,Biogen,Health Care,16,16,0,2026-08-19,,,1,1,220.529999,94.0,78.2,盘中候选，等待收盘确认,aster-trend-relay-ranking.csv
盘中候选,Aster Research,v3 Quality Momentum,Aster,Aster Research · v3 Quality Momentum,DNUT,KRISPY KREME,Consumer Discretionary,14,14,0,2026-08-19,,,1,1,3.48,83.33,78.0,盘中候选，等待收盘确认,aster-v3-quality-momentum-ranking.csv
盘中候选,Aster Research,单一信号 EMA Cross,Aster,Aster Research · 单一信号 EMA Cross,MNST,Monster Beverage,Consumer Staples,15,15,0,2026-08-19,,,1,1,47.630001,87.0,78.0,盘中候选，等待收盘确认,aster-ema-cross-ranking.csv
盘中候选,Aster Research,v4 Tactical Breakout,Aster,Aster Research · v4 Tactical Breakout,INVH,Invitation Homes,Real Estate,16,16,0,2026-08-19,,,1,1,30.315001,92.1,78.0,盘中候选，等待收盘确认,aster-v4-tactical-breakout-ranking.csv
盘中候选,Aster Research,v5 Risk Adjusted,Aster,Aster Research · v5 Risk Adjusted,BRO,Brown & Brown,Financials,13,13,0,2026-08-19,,,1,1,72.129997,77.66,77.9,盘中候选，等待收盘确认,aster-v5-risk-adjusted-ranking.csv
盘中候选,Aster Research,v2 Balanced,Aster,Aster Research · v2 Balanced,NREF,NEXPOINT REAL ESTATE FINANCE,Financials,14,14,0,2026-08-19,,,1,1,17.58,82.03,77.9,盘中候选，等待收盘确认,aster-v2-balanced-ranking.csv
盘中候选,Aster Research,单一趋势 Trend Relay,Aster,Aster Research · 单一趋势 Trend Relay,GILD,Gilead Sciences,Health Care,17,17,0,2026-08-19,,,1,1,145.339996,94.0,77.8,盘中候选，等待收盘确认,aster-trend-relay-ranking.csv
盘中候选,Prism,Nasdaq 200,4小时,Prism · Nasdaq 200 · 4小时,AMZN,Amazon,Consumer Discretionary,13,13,0,2026-08-19,129,-116,1,1,262.480011,75.14,77.7,盘中候选，等待收盘确认,prism-nasdaq200-4h-signal-ranking.csv
盘中候选,Aster Research,v3 Quality Momentum,Aster,Aster Research · v3 Quality Momentum,CRMD,CORMEDIX,Health Care,15,15,0,2026-08-19,,,1,1,8.41,83.23,77.7,盘中候选，等待收盘确认,aster-v3-quality-momentum-ranking.csv
盘中候选,Aster Research,v5 Risk Adjusted,Aster,Aster Research · v5 Risk Adjusted,CMDB,COSTAMARE BULKERS HOLDINGS LTD,Industrials,14,14,0,2026-08-19,,,1,1,19.555,77.54,77.6,盘中候选，等待收盘确认,aster-v5-risk-adjusted-ranking.csv
盘中候选,Aster Research,单一信号 EMA Cross,Aster,Aster Research · 单一信号 EMA Cross,HLT,Hilton Worldwide,Consumer Discretionary,16,16,0,2026-08-19,,,1,1,332.26001,86.95,77.6,盘中候选，等待收盘确认,aster-ema-cross-ranking.csv
盘中候选,Aster Research,共识Agent 多榜单共振,Aster,Aster Research · 共识Agent 多榜单共振,RXRX,RECURSION PHARMACEUTICALS CLASS A,Health Care,19,19,0,2026-08-19,,,1,1,3.32,100.0,77.6,盘中候选，等待收盘确认,aster-consensus-agent-ranking.csv
盘中候选,Prism,Russell,4小时,Prism · Russell · 4小时,ANNX,ANNEXON,Health Care,14,14,0,2026-08-19,207,-193,1,1,5.295,76.19,77.5,盘中候选，等待收盘确认,prism-russell2000-4h-signal-ranking.csv
盘中候选,Aster Research,单一趋势 Trend Relay,Aster,Aster Research · 单一趋势 Trend Relay,VRTX,Vertex Pharmaceuticals,Health Care,18,18,0,2026-08-19,,,1,1,546.992493,94.0,77.5,盘中候选，等待收盘确认,aster-trend-relay-ranking.csv
盘中候选,Aster Research,单一信号 EMA Candle Capture,Aster,Aster Research · 单一信号 EMA Candle Capture,NTES,"NetEase, Inc. - American Depositary Shares, each representing 5 ordinary shares",,16,16,0,2026-08-19,,,1,1,121.339996,84.0,77.4,盘中候选，等待收盘确认,aster-ema-candle-capture-ranking.csv
盘中候选,Aster Research,v3 Quality Momentum,Aster,Aster Research · v3 Quality Momentum,PRME,PRIME MEDICINE,Health Care,16,16,0,2026-08-19,,,1,1,3.33,82.96,77.3,盘中候选，等待收盘确认,aster-v3-quality-momentum-ranking.csv
盘中候选,Aster Research,v4 Tactical Breakout,Aster,Aster Research · v4 Tactical Breakout,CWST,CASELLA WASTE SYSTEMS CLASS A,Industrials,18,18,0,2026-08-19,,,1,1,92.269997,91.66,77.3,盘中候选，等待收盘确认,aster-v4-tactical-breakout-ranking.csv
盘中候选,Early,Russell,4小时,Early · Russell · 4小时,NPKI,NPK INTERNATIONAL,Industrials,17,17,0,2026-08-19,547,-530,1,1,14.08,86.72,77.2,盘中候选，等待收盘确认,early-russell2000-4h-signal-ranking.csv
盘中候选,Aster Call,All,Aster,Aster Call,PGR,Progressive Corporation,Financials,17,17,0,2026-08-19,,,1,1,221.550003,86.16,77.2,盘中候选，等待收盘确认,aster-call-ranking.csv
盘中候选,Aster Research,v5 Risk Adjusted,Aster,Aster Research · v5 Risk Adjusted,SPGI,S&P Global,Financials,15,15,0,2026-08-19,,,1,1,426.720001,77.44,77.2,盘中候选，等待收盘确认,aster-v5-risk-adjusted-ranking.csv
盘中候选,Aster Research,共识Agent 多榜单共振,Aster,Aster Research · 共识Agent 多榜单共振,NREF,NEXPOINT REAL ESTATE FINANCE,Financials,20,20,0,2026-08-19,,,1,1,17.58,100.0,77.2,盘中候选，等待收盘确认,aster-consensus-agent-ranking.csv
盘中候选,Aster Research,单一信号 EMA Candle Capture,Aster,Aster Research · 单一信号 EMA Candle Capture,MUR,MURPHY OIL CORP,Energy,17,17,0,2026-08-19,,,1,1,38.23,84.0,77.0,盘中候选，等待收盘确认,aster-ema-candle-capture-ranking.csv
盘中候选,Aster Call,All,Aster,Aster Call,LCII,LCI INDUSTRIES,Consumer Discretionary,18,18,0,2026-08-19,,,1,1,105.910004,85.93,76.8,盘中候选，等待收盘确认,aster-call-ranking.csv
盘中候选,Aster Research,v2 Balanced,Aster,Aster Research · v2 Balanced,AFRI,FORAFRIC GLOBAL PLC,Consumer Staples,17,17,0,2026-08-19,,,1,1,11.0,81.54,76.8,盘中候选，等待收盘确认,aster-v2-balanced-ranking.csv
盘中候选,Aster Research,v4 Tactical Breakout,Aster,Aster Research · v4 Tactical Breakout,ZTS,Zoetis,Health Care,19,19,0,2026-08-19,,,1,1,75.330399,90.66,76.8,盘中候选，等待收盘确认,aster-v4-tactical-breakout-ranking.csv
盘中候选,Prism,Nasdaq Liquid 500,4小时,Prism · Nasdaq Liquid 500 · 4小时,AAPL,Apple Inc.,Information Technology,16,16,0,2026-08-19,110,-94,1,1,317.170013,75.87,76.7,盘中候选，等待收盘确认,prism-nasdaq500-4h-signal-ranking.csv
盘中候选,Early,Nasdaq 200,4小时,Early · Nasdaq 200 · 4小时,CDW,CDW Corporation,Information Technology,16,16,0,2026-08-19,127,-111,1,1,138.75,73.37,76.5,盘中候选，等待收盘确认,early-nasdaq200-4h-signal-ranking.csv
盘中候选,Aster Research,v5 Risk Adjusted,Aster,Aster Research · v5 Risk Adjusted,AOS,A. O. Smith,Industrials,17,17,0,2026-08-19,,,1,1,62.830002,77.33,76.5,盘中候选，等待收盘确认,aster-v5-risk-adjusted-ranking.csv
盘中候选,Aster Research,单一信号 EMA Cross,Aster,Aster Research · 单一信号 EMA Cross,CABA,CABALETTA BIO,Health Care,19,19,0,2026-08-19,,,1,1,2.985,86.25,76.5,盘中候选，等待收盘确认,aster-ema-cross-ranking.csv
盘中候选,Aster Research,v4 Tactical Breakout,Aster,Aster Research · v4 Tactical Breakout,DMC,DEL MONTE,Consumer Staples,20,20,0,2026-08-19,,,1,1,31.299,90.32,76.5,盘中候选，等待收盘确认,aster-v4-tactical-breakout-ranking.csv
盘中候选,Aster Research,v2 Balanced,Aster,Aster Research · v2 Balanced,SNDA,SONIDA SENIOR LIVING,Health Care,18,18,0,2026-08-19,,,1,1,40.799999,81.29,76.4,盘中候选，等待收盘确认,aster-v2-balanced-ranking.csv
盘中候选,Aster Research,共识Agent 多榜单共振,Aster,Aster Research · 共识Agent 多榜单共振,CMG,Chipotle Mexican Grill,Consumer Discretionary,22,22,0,2026-08-19,,,1,1,34.290001,97.38,76.3,盘中候选，等待收盘确认,aster-consensus-agent-ranking.csv
盘中候选,Prism,S&P 500,4小时,Prism · S&P 500 · 4小时,EVRG,Evergy,Utilities,17,17,0,2026-08-19,290,-273,1,1,84.279999,73.78,76.2,盘中候选，等待收盘确认,prism-spx-4h-signal-ranking.csv
盘中候选,Aster Research,v5 Risk Adjusted,Aster,Aster Research · v5 Risk Adjusted,CALX,CALIX NETWORKS,Information Technology,18,18,0,2026-08-19,,,1,1,40.635399,77.32,76.1,盘中候选，等待收盘确认,aster-v5-risk-adjusted-ranking.csv
盘中候选,Aster Research,v2 Balanced,Aster,Aster Research · v2 Balanced,PDD,PDD Holdings Inc. - American Depositary Shares,,19,19,0,2026-08-19,,,1,1,88.489998,81.16,76.1,盘中候选，等待收盘确认,aster-v2-balanced-ranking.csv
盘中候选,Aster Research,v4 Tactical Breakout,Aster,Aster Research · v4 Tactical Breakout,ADBE,Adobe Inc.,Information Technology,21,21,0,2026-08-19,,,1,1,272.079987,90.22,76.1,盘中候选，等待收盘确认,aster-v4-tactical-breakout-ranking.csv
盘中候选,Aster Research,单一信号 EMA Cross,Aster,Aster Research · 单一信号 EMA Cross,TSN,Tyson Foods,Consumer Staples,20,20,0,2026-08-19,,,1,1,58.634998,84.7,76.0,盘中候选，等待收盘确认,aster-ema-cross-ranking.csv
盘中候选,Aster Research,单一趋势 Trend Relay,Aster,Aster Research · 单一趋势 Trend Relay,PEP,PepsiCo,Consumer Staples,22,22,0,2026-08-19,,,1,1,141.960007,94.0,76.0,盘中候选，等待收盘确认,aster-trend-relay-ranking.csv
盘中候选,Prism,Nasdaq Liquid 500,4小时,Prism · Nasdaq Liquid 500 · 4小时,EXEL,"Exelixis, Inc. - Common Stock",,18,18,0,2026-08-19,145,-127,1,1,54.240002,74.31,75.9,盘中候选，等待收盘确认,prism-nasdaq500-4h-signal-ranking.csv
盘中候选,Other,All,Ranking,aster-v3-quality-momentum-ranking-timeline,CMG,Chipotle Mexican Grill,Consumer Discretionary,1,1,0,2026-08-19,,,1,1,34.290001,,75.9,盘中候选，等待收盘确认,aster-v3-quality-momentum-ranking-timeline.csv
盘中候选,Other,All,Ranking,aster-v5-risk-adjusted-ranking-timeline,CMG,Chipotle Mexican Grill,Consumer Discretionary,1,1,0,2026-08-19,,,1,1,34.290001,,75.9,盘中候选，等待收盘确认,aster-v5-risk-adjusted-ranking-timeline.csv
盘中候选,Other,All,Ranking,aster-ema-candle-capture-ranking-timeline,LNN,LINDSAY,Industrials,1,1,0,2026-08-19,,,1,1,114.860001,,75.9,盘中候选，等待收盘确认,aster-ema-candle-capture-ranking-timeline.csv
盘中候选,Other,All,Ranking,aster-trend-relay-ranking-timeline,NVAX,NOVAVAX,Health Care,1,1,0,2026-08-19,,,1,1,8.17,,75.9,盘中候选，等待收盘确认,aster-trend-relay-ranking-timeline.csv
盘中候选,Other,All,Ranking,aster-v4-tactical-breakout-ranking-timeline,RXRX,RECURSION PHARMACEUTICALS CLASS A,Health Care,1,1,0,2026-08-19,,,1,1,3.32,,75.9,盘中候选，等待收盘确认,aster-v4-tactical-breakout-ranking-timeline.csv
盘中候选,Aster Research,v3 Quality Momentum,Aster,Aster Research · v3 Quality Momentum,BRO,Brown & Brown,Financials,20,20,0,2026-08-19,,,1,1,72.129997,82.12,75.8,盘中候选，等待收盘确认,aster-v3-quality-momentum-ranking.csv
盘中候选,Aster Call,All,Aster,Aster Call,IONS,"Ionis Pharmaceuticals, Inc. - Common Stock",,21,21,0,2026-08-19,,,1,1,59.685001,85.24,75.7,盘中候选，等待收盘确认,aster-call-ranking.csv
盘中候选,Aster Research,v4 Tactical Breakout,Aster,Aster Research · v4 Tactical Breakout,CRC,CALIFORNIA RESOURCES,Energy,22,22,0,2026-08-19,,,1,1,54.349998,90.16,75.7,盘中候选，等待收盘确认,aster-v4-tactical-breakout-ranking.csv
盘中候选,Aster Research,单一趋势 Trend Relay,Aster,Aster Research · 单一趋势 Trend Relay,MDLZ,Mondelez International,Consumer Staples,23,23,0,2026-08-19,,,1,1,64.565002,94.0,75.7,盘中候选，等待收盘确认,aster-trend-relay-ranking.csv
盘中候选,Aster Research,单一信号 EMA Cross,Aster,Aster Research · 单一信号 EMA Cross,PRDO,PERDOCEO EDUCATION,Consumer Discretionary,21,21,0,2026-08-19,,,1,1,32.794998,84.7,75.6,盘中候选，等待收盘确认,aster-ema-cross-ranking.csv
盘中候选,Early,Nasdaq 200,日线,Early · Nasdaq 200 · 日线,MSTR,Strategy Inc - Class A Common Stock,,2,2,0,2026-08-19,121,-119,1,1,111.660103,,75.5,盘中候选，等待收盘确认,early-nasdaq200-ranking-timeline.csv
盘中候选,Other,All,Ranking,aster-v3-quality-momentum-ranking-timeline,ASND,Ascendis Pharma A/S - Ordinary Share,,2,2,0,2026-08-19,,,1,1,258.98999,,75.5,盘中候选，等待收盘确认,aster-v3-quality-momentum-ranking-timeline.csv
盘中候选,Other,All,Ranking,aster-trend-relay-ranking-timeline,BEAM,BEAM THERAPEUTICS,Health Care,2,2,0,2026-08-19,,,1,1,27.43,,75.5,盘中候选，等待收盘确认,aster-trend-relay-ranking-timeline.csv
盘中候选,Other,All,Ranking,aster-v2-balanced-ranking-timeline,CMG,Chipotle Mexican Grill,Consumer Discretionary,2,2,0,2026-08-19,,,1,1,34.290001,,75.5,盘中候选，等待收盘确认,aster-v2-balanced-ranking-timeline.csv
盘中候选,Other,All,Ranking,aster-call-ranking-timeline,MSTR,Strategy Inc - Class A Common Stock,,2,2,0,2026-08-19,,,1,1,111.760002,,75.5,盘中候选，等待收盘确认,aster-call-ranking-timeline.csv
盘中候选,Prism,S&P 500,4小时,Prism · S&P 500 · 4小时,AAPL,Apple Inc.,Information Technology,19,19,0,2026-08-19,180,-161,1,1,317.170013,73.53,75.4,盘中候选，等待收盘确认,prism-spx-4h-signal-ranking.csv
盘中候选,Aster Research,共识Agent 多榜单共振,Aster,Aster Research · 共识Agent 多榜单共振,NVAX,NOVAVAX,Health Care,24,24,0,2026-08-19,,,1,1,8.17,95.6,75.4,盘中候选，等待收盘确认,aster-consensus-agent-ranking.csv
盘中候选,Aster Research,v2 Balanced,Aster,Aster Research · v2 Balanced,CRMD,CORMEDIX,Health Care,21,21,0,2026-08-19,,,1,1,8.41,81.0,75.3,盘中候选，等待收盘确认,aster-v2-balanced-ranking.csv
盘中候选,Aster Research,单一信号 EMA Cross,Aster,Aster Research · 单一信号 EMA Cross,SNDK,Sandisk,Information Technology,22,22,0,2026-08-19,,,1,1,1587.599976,84.65,75.3,盘中候选，等待收盘确认,aster-ema-cross-ranking.csv
盘中候选,Aster Research,v4 Tactical Breakout,Aster,Aster Research · v4 Tactical Breakout,HOOD,Robinhood Markets,Financials,23,23,0,2026-08-19,,,1,1,97.139999,90.01,75.3,盘中候选，等待收盘确认,aster-v4-tactical-breakout-ranking.csv
盘中候选,Early,S&P 500,日线,Early · S&P 500 · 日线,CMG,Chipotle Mexican Grill,Consumer Discretionary,3,3,0,2026-08-19,151,-148,1,1,34.290001,,75.2,盘中候选，等待收盘确认,early-spx-ranking-timeline.csv
盘中候选,Early,Russell,日线,Early · Russell · 日线,MH,MCGRAW HILL,Consumer Discretionary,3,3,0,2026-08-19,183,-180,1,1,12.935,,75.2,盘中候选，等待收盘确认,early-russell2000-ranking-timeline.csv
盘中候选,Other,All,Ranking,aster-v4-tactical-breakout-ranking-timeline,AOS,A. O. Smith,Industrials,3,3,0,2026-08-19,,,1,1,62.830002,,75.2,盘中候选，等待收盘确认,aster-v4-tactical-breakout-ranking-timeline.csv
盘中候选,Other,All,Ranking,aster-v5-risk-adjusted-ranking-timeline,ASND,Ascendis Pharma A/S - Ordinary Share,,3,3,0,2026-08-19,,,1,1,258.98999,,75.2,盘中候选，等待收盘确认,aster-v5-risk-adjusted-ranking-timeline.csv
盘中候选,Other,All,Ranking,aster-ema-candle-capture-ranking-timeline,ESS,Essex Property Trust,Real Estate,3,3,0,2026-08-19,,,1,1,290.149994,,75.2,盘中候选，等待收盘确认,aster-ema-candle-capture-ranking-timeline.csv
盘中候选,Other,All,Ranking,aster-trend-relay-ranking-timeline,FINW,FINWISE BANCORP,Financials,3,3,0,2026-08-19,,,1,1,14.14,,75.2,盘中候选，等待收盘确认,aster-trend-relay-ranking-timeline.csv
盘中候选,Other,All,Ranking,aster-v2-balanced-ranking-timeline,FINW,FINWISE BANCORP,Financials,3,3,0,2026-08-19,,,1,1,14.14,,75.2,盘中候选，等待收盘确认,aster-v2-balanced-ranking-timeline.csv
盘中候选,Other,All,Ranking,aster-ema-cross-ranking-timeline,RXRX,RECURSION PHARMACEUTICALS CLASS A,Health Care,3,3,0,2026-08-19,,,1,1,3.32,,75.2,盘中候选，等待收盘确认,aster-ema-cross-ranking-timeline.csv
盘中候选,Prism,S&P 500,4小时,Prism · S&P 500 · 4小时,ESS,Essex Property Trust,Real Estate,20,20,0,2026-08-19,193,-173,1,1,290.149994,73.37,75.1,盘中候选，等待收盘确认,prism-spx-4h-signal-ranking.csv
盘中候选,Aster Research,共识Agent 多榜单共振,Aster,Aster Research · 共识Agent 多榜单共振,AFRI,FORAFRIC GLOBAL PLC,Consumer Staples,25,25,0,2026-08-19,,,1,1,11.0,95.33,75.1,盘中候选，等待收盘确认,aster-consensus-agent-ranking.csv
盘中候选,Aster Research,v3 Quality Momentum,Aster,Aster Research · v3 Quality Momentum,AOS,A. O. Smith,Industrials,22,22,0,2026-08-19,,,1,1,62.830002,81.97,75.0,盘中候选，等待收盘确认,aster-v3-quality-momentum-ranking.csv
盘中候选,Aster Research,v2 Balanced,Aster,Aster Research · v2 Balanced,IONS,"Ionis Pharmaceuticals, Inc. - Common Stock",,22,22,0,2026-08-19,,,1,1,59.685001,80.94,75.0,盘中候选，等待收盘确认,aster-v2-balanced-ranking.csv
盘中候选,Early,Russell,4小时,Early · Russell · 4小时,FCFS,FIRSTCASH HOLDINGS INC,Financials,23,23,0,2026-08-19,149,-126,1,1,208.384995,84.12,74.9,盘中候选，等待收盘确认,early-russell2000-4h-signal-ranking.csv
盘中候选,Aster Research,单一信号 EMA Candle Capture,Aster,Aster Research · 单一信号 EMA Candle Capture,DMAC,DIAMEDICA THERAPEUTICS INC,Health Care,23,23,0,2026-08-19,,,1,1,6.65,84.0,74.8,盘中候选，等待收盘确认,aster-ema-candle-capture-ranking.csv
盘中候选,Other,All,Ranking,aster-ema-candle-capture-ranking-timeline,F,Ford Motor Company,Consumer Discretionary,4,4,0,2026-08-19,,,1,1,13.985,,74.8,盘中候选，等待收盘确认,aster-ema-candle-capture-ranking-timeline.csv
盘中候选,Other,All,Ranking,aster-v5-risk-adjusted-ranking-timeline,KDP,Keurig Dr Pepper,Consumer Staples,4,4,0,2026-08-19,,,1,1,31.42,,74.8,盘中候选，等待收盘确认,aster-v5-risk-adjusted-ranking-timeline.csv
盘中候选,Other,All,Ranking,aster-v4-tactical-breakout-ranking-timeline,LCII,LCI INDUSTRIES,Consumer Discretionary,4,4,0,2026-08-19,,,1,1,105.910004,,74.8,盘中候选，等待收盘确认,aster-v4-tactical-breakout-ranking-timeline.csv
盘中候选,Other,All,Ranking,aster-trend-relay-ranking-timeline,NREF,NEXPOINT REAL ESTATE FINANCE,Financials,4,4,0,2026-08-19,,,1,1,17.58,,74.8,盘中候选，等待收盘确认,aster-trend-relay-ranking-timeline.csv
盘中候选,Prism,S&P 500,4小时,Prism · S&P 500 · 4小时,PGR,Progressive Corporation,Financials,21,21,0,2026-08-19,106,-85,1,1,221.550003,73.37,74.7,盘中候选，等待收盘确认,prism-spx-4h-signal-ranking.csv
盘中候选,Aster Research,v3 Quality Momentum,Aster,Aster Research · v3 Quality Momentum,CMDB,COSTAMARE BULKERS HOLDINGS LTD,Industrials,23,23,0,2026-08-19,,,1,1,19.555,81.97,74.7,盘中候选，等待收盘确认,aster-v3-quality-momentum-ranking.csv
盘中候选,Aster Research,v2 Balanced,Aster,Aster Research · v2 Balanced,USGO,US GOLDMINING INC,Materials,23,23,0,2026-08-19,,,1,1,9.0,80.94,74.6,盘中候选，等待收盘确认,aster-v2-balanced-ranking.csv
盘中候选,Aster Call,All,Aster,Aster Call,INVH,Invitation Homes,Real Estate,24,24,0,2026-08-19,,,1,1,30.315001,84.68,74.5,盘中候选，等待收盘确认,aster-call-ranking.csv
盘中候选,Other,All,Ranking,aster-call-ranking-timeline,BRO,Brown & Brown,Financials,5,5,0,2026-08-19,,,1,1,72.129997,,74.5,盘中候选，等待收盘确认,aster-call-ranking-timeline.csv
盘中候选,Other,All,Ranking,aster-trend-relay-ranking-timeline,CMDB,COSTAMARE BULKERS HOLDINGS LTD,Industrials,5,5,0,2026-08-19,,,1,1,19.555,,74.5,盘中候选，等待收盘确认,aster-trend-relay-ranking-timeline.csv
盘中候选,Aster Research,v5 Risk Adjusted,Aster,Aster Research · v5 Risk Adjusted,INBX,INHIBRX BIOSCIENCES INC,Health Care,23,23,0,2026-08-19,,,1,1,97.400002,77.17,74.3,盘中候选，等待收盘确认,aster-v5-risk-adjusted-ranking.csv
盘中候选,Aster Research,v3 Quality Momentum,Aster,Aster Research · v3 Quality Momentum,PEP,PepsiCo,Consumer Staples,24,24,0,2026-08-19,,,1,1,141.960007,81.79,74.3,盘中候选，等待收盘确认,aster-v3-quality-momentum-ranking.csv
盘中候选,Aster Call,All,Aster,Aster Call,NREF,NEXPOINT REAL ESTATE FINANCE,Financials,25,25,0,2026-08-19,,,1,1,17.58,84.53,74.2,盘中候选，等待收盘确认,aster-call-ranking.csv
盘中候选,Aster Research,v2 Balanced,Aster,Aster Research · v2 Balanced,RXRX,RECURSION PHARMACEUTICALS CLASS A,Health Care,24,24,0,2026-08-19,,,1,1,3.32,80.78,74.2,盘中候选，等待收盘确认,aster-v2-balanced-ranking.csv
盘中候选,Aster Research,共识Agent 多榜单共振,Aster,Aster Research · 共识Agent 多榜单共振,LCII,LCI INDUSTRIES,Consumer Discretionary,27,27,0,2026-08-19,,,1,1,105.910004,94.27,74.2,盘中候选，等待收盘确认,aster-consensus-agent-ranking.csv
盘中候选,Early,Russell,日线,Early · Russell · 日线,ZETA,ZETA GLOBAL HOLDINGS CLASS A,Information Technology,6,6,0,2026-08-19,372,-366,1,1,28.385201,,74.1,盘中候选，等待收盘确认,early-russell2000-ranking-timeline.csv
盘中候选,Early,Russell,4小时,Early · Russell · 4小时,AFRI,FORAFRIC GLOBAL PLC,Consumer Staples,25,25,0,2026-08-19,816,-791,1,1,11.0,83.59,74.1,盘中候选，等待收盘确认,early-russell2000-4h-signal-ranking.csv
盘中候选,Other,All,Ranking,aster-v4-tactical-breakout-ranking-timeline,AFRI,FORAFRIC GLOBAL PLC,Consumer Staples,6,6,0,2026-08-19,,,1,1,11.0,,74.1,盘中候选，等待收盘确认,aster-v4-tactical-breakout-ranking-timeline.csv
盘中候选,Other,All,Ranking,aster-v2-balanced-ranking-timeline,CMDB,COSTAMARE BULKERS HOLDINGS LTD,Industrials,6,6,0,2026-08-19,,,1,1,19.555,,74.1,盘中候选，等待收盘确认,aster-v2-balanced-ranking-timeline.csv
盘中候选,Other,All,Ranking,aster-trend-relay-ranking-timeline,IPI,INTREPID POTASH INC,Materials,6,6,0,2026-08-19,,,1,1,38.18,,74.1,盘中候选，等待收盘确认,aster-trend-relay-ranking-timeline.csv
盘中候选,Aster Research,单一信号 EMA Candle Capture,Aster,Aster Research · 单一信号 EMA Candle Capture,EVRG,Evergy,Utilities,25,25,0,2026-08-19,,,1,1,84.279999,82.0,74.0,盘中候选，等待收盘确认,aster-ema-candle-capture-ranking.csv
盘中候选,Aster Research,v3 Quality Momentum,Aster,Aster Research · v3 Quality Momentum,VLTO,Veralto,Industrials,25,25,0,2026-08-19,,,1,1,100.279999,81.78,73.9,盘中候选，等待收盘确认,aster-v3-quality-momentum-ranking.csv
盘中候选,Aster Research,v4 Tactical Breakout,Aster,Aster Research · v4 Tactical Breakout,SLG,SL GREEN REALTY REIT CORP,Real Estate,27,27,0,2026-08-19,,,1,1,57.389999,89.76,73.9,盘中候选，等待收盘确认,aster-v4-tactical-breakout-ranking.csv
盘中候选,Aster Research,共识Agent 多榜单共振,Aster,Aster Research · 共识Agent 多榜单共振,IONS,"Ionis Pharmaceuticals, Inc. - Common Stock",,28,28,0,2026-08-19,,,1,1,59.685001,94.07,73.9,盘中候选，等待收盘确认,aster-consensus-agent-ranking.csv
盘中候选,Aster Research,单一趋势 Trend Relay,Aster,Aster Research · 单一趋势 Trend Relay,SNY,Sanofi - American Depositary Shares,,28,28,0,2026-08-19,,,1,1,45.459999,94.0,73.9,盘中候选，等待收盘确认,aster-trend-relay-ranking.csv
盘中候选,Early,S&P 500,日线,Early · S&P 500 · 日线,ECL,Ecolab,Materials,7,7,0,2026-08-19,147,-140,1,1,285.339996,,73.7,盘中候选，等待收盘确认,early-spx-ranking-timeline.csv
盘中候选,Early,Nasdaq 200,日线,Early · Nasdaq 200 · 日线,KDP,Keurig Dr Pepper,Consumer Staples,7,7,0,2026-08-19,107,-100,1,1,31.4,,73.7,盘中候选，等待收盘确认,early-nasdaq200-ranking-timeline.csv
盘中候选,Other,All,Ranking,aster-trend-relay-ranking-timeline,AMTX,AEMETIS INC,Energy,7,7,0,2026-08-19,,,1,1,1.935,,73.7,盘中候选，等待收盘确认,aster-trend-relay-ranking-timeline.csv
盘中候选,Other,All,Ranking,aster-call-ranking-timeline,CMG,Chipotle Mexican Grill,Consumer Discretionary,7,7,0,2026-08-19,,,1,1,34.290001,,73.7,盘中候选，等待收盘确认,aster-call-ranking-timeline.csv
盘中候选,Other,All,Ranking,aster-v2-balanced-ranking-timeline,KDP,Keurig Dr Pepper,Consumer Staples,7,7,0,2026-08-19,,,1,1,31.42,,73.7,盘中候选，等待收盘确认,aster-v2-balanced-ranking-timeline.csv
盘中候选,Aster Research,v5 Risk Adjusted,Aster,Aster Research · v5 Risk Adjusted,HROW,HARROW,Health Care,25,25,0,2026-08-19,,,1,1,42.18,77.11,73.6,盘中候选，等待收盘确认,aster-v5-risk-adjusted-ranking.csv
盘中候选,Aster Research,单一信号 EMA Candle Capture,Aster,Aster Research · 单一信号 EMA Candle Capture,XEL,Xcel Energy,Utilities,26,26,0,2026-08-19,,,1,1,79.610001,82.0,73.6,盘中候选，等待收盘确认,aster-ema-candle-capture-ranking.csv
盘中候选,Early,S&P 500,4小时,Early · S&P 500 · 4小时,SYY,Sysco,Consumer Staples,24,24,0,2026-08-19,342,-318,1,1,84.352997,71.93,73.5,盘中候选，等待收盘确认,early-spx-4h-signal-ranking.csv
盘中候选,Aster Research,共识Agent 多榜单共振,Aster,Aster Research · 共识Agent 多榜单共振,BBIO,"BridgeBio Pharma, Inc. - Common Stock",,29,29,0,2026-08-19,,,1,1,83.525002,93.42,73.5,盘中候选，等待收盘确认,aster-consensus-agent-ranking.csv
盘中候选,Aster Research,单一趋势 Trend Relay,Aster,Aster Research · 单一趋势 Trend Relay,TRI,Thomson Reuters Corp - Common Shares,,29,29,0,2026-08-19,,,1,1,105.510002,94.0,73.5,盘中候选，等待收盘确认,aster-trend-relay-ranking.csv
盘中候选,Early,S&P 500,日线,Early · S&P 500 · 日线,VLTO,Veralto,Industrials,8,8,0,2026-08-19,148,-140,1,1,100.099998,,73.4,盘中候选，等待收盘确认,early-spx-ranking-timeline.csv
盘中候选,Early,Russell,日线,Early · Russell · 日线,ACU,ACME UNITED CORP,Health Care,8,8,0,2026-08-19,276,-268,1,1,60.919998,,73.4,盘中候选，等待收盘确认,early-russell2000-ranking-timeline.csv
盘中候选,Prism,Nasdaq Liquid 500,日线,Prism · Nasdaq Liquid 500 · 日线,OMER,OMEROS,Health Care,8,8,0,2026-08-19,,,1,1,18.49,,73.4,盘中候选，等待收盘确认,prism-nasdaq500-ranking-timeline.csv
盘中候选,Aster Call,All,Aster,Aster Call,SNDA,SONIDA SENIOR LIVING,Health Care,27,27,0,2026-08-19,,,1,1,40.799999,84.42,73.4,盘中候选，等待收盘确认,aster-call-ranking.csv
盘中候选,Other,All,Ranking,aster-trend-relay-ranking-timeline,ADBE,Adobe Inc.,Information Technology,8,8,0,2026-08-19,,,1,1,272.079987,,73.4,盘中候选，等待收盘确认,aster-trend-relay-ranking-timeline.csv
盘中候选,Other,All,Ranking,aster-call-ranking-timeline,AOS,A. O. Smith,Industrials,8,8,0,2026-08-19,,,1,1,62.830002,,73.4,盘中候选，等待收盘确认,aster-call-ranking-timeline.csv
盘中候选,Other,All,Ranking,aster-consensus-agent-ranking-timeline,CMDB,COSTAMARE BULKERS HOLDINGS LTD,Industrials,8,8,0,2026-08-19,,,1,1,19.555,,73.4,盘中候选，等待收盘确认,aster-consensus-agent-ranking-timeline.csv
盘中候选,Other,All,Ranking,aster-v3-quality-momentum-ranking-timeline,KDP,Keurig Dr Pepper,Consumer Staples,8,8,0,2026-08-19,,,1,1,31.42,,73.4,盘中候选，等待收盘确认,aster-v3-quality-momentum-ranking-timeline.csv
盘中候选,Early,Nasdaq Liquid 500,4小时,Early · Nasdaq Liquid 500 · 4小时,CDW,CDW Corporation,Information Technology,25,25,0,2026-08-19,316,-291,1,1,138.75,73.53,73.3,盘中候选，等待收盘确认,early-nasdaq500-4h-signal-ranking.csv
盘中候选,Aster Research,v5 Risk Adjusted,Aster,Aster Research · v5 Risk Adjusted,STRZ,STARZ ENTERTAINMENT,Communication,26,26,0,2026-08-19,,,1,1,27.4,77.07,73.2,盘中候选，等待收盘确认,aster-v5-risk-adjusted-ranking.csv
盘中候选,Aster Research,单一信号 EMA Candle Capture,Aster,Aster Research · 单一信号 EMA Candle Capture,CCEP,Coca-Cola Europacific Partners plc - Ordinary Shares,,27,27,0,2026-08-19,,,1,1,107.245003,82.0,73.2,盘中候选，等待收盘确认,aster-ema-candle-capture-ranking.csv
盘中候选,Aster Research,v3 Quality Momentum,Aster,Aster Research · v3 Quality Momentum,SJM,J.M. Smucker Company (The),Consumer Staples,27,27,0,2026-08-19,,,1,1,124.029999,81.76,73.2,盘中候选，等待收盘确认,aster-v3-quality-momentum-ranking.csv
盘中候选,Aster Research,v4 Tactical Breakout,Aster,Aster Research · v4 Tactical Breakout,FWONK,Liberty Media Corporation - Series C Liberty Formula One Common Stock,,29,29,0,2026-08-19,,,1,1,104.68,89.7,73.2,盘中候选，等待收盘确认,aster-v4-tactical-breakout-ranking.csv
盘中候选,Aster Call,All,Aster,Aster Call,CRMD,CORMEDIX,Health Care,28,28,0,2026-08-19,,,1,1,8.41,84.29,73.1,盘中候选，等待收盘确认,aster-call-ranking.csv
盘中候选,Aster Research,v2 Balanced,Aster,Aster Research · v2 Balanced,NVAX,NOVAVAX,Health Care,27,27,0,2026-08-19,,,1,1,8.17,80.63,73.1,盘中候选，等待收盘确认,aster-v2-balanced-ranking.csv
盘中候选,Aster Research,共识Agent 多榜单共振,Aster,Aster Research · 共识Agent 多榜单共振,DNUT,KRISPY KREME,Consumer Discretionary,30,30,0,2026-08-19,,,1,1,3.48,92.92,73.1,盘中候选，等待收盘确认,aster-consensus-agent-ranking.csv
盘中候选,Early,Nasdaq Liquid 500,日线,Early · Nasdaq Liquid 500 · 日线,MSTR,Strategy Inc - Class A Common Stock,,9,9,0,2026-08-19,286,-277,1,1,111.660103,,73.0,盘中候选，等待收盘确认,early-nasdaq500-ranking-timeline.csv
盘中候选,Prism,Nasdaq Liquid 500,日线,Prism · Nasdaq Liquid 500 · 日线,PURR,HYPERLIQUID STRATEGIES INC,Health Care,9,9,0,2026-08-19,,,1,1,9.8299,,73.0,盘中候选，等待收盘确认,prism-nasdaq500-ranking-timeline.csv
盘中候选,Prism,Russell,4小时,Prism · Russell · 4小时,EPRT,ESSENTIAL PROPERTIES REALTY TRUST,Real Estate,26,26,0,2026-08-19,493,-467,1,1,31.1,74.35,73.0,盘中候选，等待收盘确认,prism-russell2000-4h-signal-ranking.csv
盘中候选,Other,All,Ranking,aster-consensus-agent-ranking-timeline,AOS,A. O. Smith,Industrials,9,9,0,2026-08-19,,,1,1,62.830002,,73.0,盘中候选，等待收盘确认,aster-consensus-agent-ranking-timeline.csv
盘中候选,Other,All,Ranking,aster-v2-balanced-ranking-timeline,ASND,Ascendis Pharma A/S - Ordinary Share,,9,9,0,2026-08-19,,,1,1,258.98999,,73.0,盘中候选，等待收盘确认,aster-v2-balanced-ranking-timeline.csv
盘中候选,Other,All,Ranking,aster-v3-quality-momentum-ranking-timeline,CHKP,Check Point Software Technologies Ltd. - Ordinary Shares,,9,9,0,2026-08-19,,,1,1,132.455002,,73.0,盘中候选，等待收盘确认,aster-v3-quality-momentum-ranking-timeline.csv
盘中候选,Other,All,Ranking,aster-v5-risk-adjusted-ranking-timeline,CSGP,CoStar Group,Real Estate,9,9,0,2026-08-19,,,1,1,32.700001,,73.0,盘中候选，等待收盘确认,aster-v5-risk-adjusted-ranking-timeline.csv
盘中候选,Other,All,Ranking,aster-call-ranking-timeline,WRBY,WARBY PARKER INC CLASS A,Consumer Discretionary,9,9,0,2026-08-19,,,1,1,27.98,,73.0,盘中候选，等待收盘确认,aster-call-ranking-timeline.csv
盘中候选,Aster Research,单一信号 EMA Candle Capture,Aster,Aster Research · 单一信号 EMA Candle Capture,SYY,Sysco,Consumer Staples,28,28,0,2026-08-19,,,1,1,84.352997,82.0,72.9,盘中候选，等待收盘确认,aster-ema-candle-capture-ranking.csv
盘中候选,Aster Research,v5 Risk Adjusted,Aster,Aster Research · v5 Risk Adjusted,CRC,CALIFORNIA RESOURCES,Energy,27,27,0,2026-08-19,,,1,1,54.349998,77.04,72.8,盘中候选，等待收盘确认,aster-v5-risk-adjusted-ranking.csv
盘中候选,Aster Research,v3 Quality Momentum,Aster,Aster Research · v3 Quality Momentum,DKNG,DraftKings Inc. - Class A Common Stock,,28,28,0,2026-08-19,,,1,1,25.91,81.54,72.8,盘中候选，等待收盘确认,aster-v3-quality-momentum-ranking.csv
盘中候选,Aster Research,v4 Tactical Breakout,Aster,Aster Research · v4 Tactical Breakout,FWONA,Liberty Media Corporation - Series A Liberty Formula One Common Stock,,30,30,0,2026-08-19,,,1,1,95.860001,89.7,72.8,盘中候选，等待收盘确认,aster-v4-tactical-breakout-ranking.csv
盘中候选,Aster Research,单一趋势 Trend Relay,Aster,Aster Research · 单一趋势 Trend Relay,ASND,Ascendis Pharma A/S - Ordinary Share,,31,31,0,2026-08-19,,,1,1,258.98999,94.0,72.8,盘中候选，等待收盘确认,aster-trend-relay-ranking.csv
盘中候选,Early,S&P 500,日线,Early · S&P 500 · 日线,NSC,Norfolk Southern,Industrials,10,10,0,2026-08-19,165,-155,1,1,346.875,,72.7,盘中候选，等待收盘确认,early-spx-ranking-timeline.csv
盘中候选,Early,Russell,日线,Early · Russell · 日线,ALX,ALEXANDERS REIT INC,Real Estate,10,10,0,2026-08-19,528,-518,1,1,271.399994,,72.7,盘中候选，等待收盘确认,early-russell2000-ranking-timeline.csv
盘中候选,Aster Research,共识Agent 多榜单共振,Aster,Aster Research · 共识Agent 多榜单共振,PYPL,PayPal,Financials,31,31,0,2026-08-19,,,1,1,61.77,92.42,72.7,盘中候选，等待收盘确认,aster-consensus-agent-ranking.csv
盘中候选,Other,All,Ranking,aster-consensus-agent-ranking-timeline,BRO,Brown & Brown,Financials,10,10,0,2026-08-19,,,1,1,72.129997,,72.7,盘中候选，等待收盘确认,aster-consensus-agent-ranking-timeline.csv
盘中候选,Other,All,Ranking,aster-trend-relay-ranking-timeline,PYPL,PayPal,Financials,10,10,0,2026-08-19,,,1,1,61.77,,72.7,盘中候选，等待收盘确认,aster-trend-relay-ranking-timeline.csv
盘中候选,Aster Research,v5 Risk Adjusted,Aster,Aster Research · v5 Risk Adjusted,CF,CF Industries,Materials,28,28,0,2026-08-19,,,1,1,127.040001,76.98,72.5,盘中候选，等待收盘确认,aster-v5-risk-adjusted-ranking.csv
盘中候选,Aster Research,v3 Quality Momentum,Aster,Aster Research · v3 Quality Momentum,IONS,"Ionis Pharmaceuticals, Inc. - Common Stock",,29,29,0,2026-08-19,,,1,1,59.685001,81.53,72.5,盘中候选，等待收盘确认,aster-v3-quality-momentum-ranking.csv
盘中候选,Aster Research,单一信号 EMA Candle Capture,Aster,Aster Research · 单一信号 EMA Candle Capture,WST,West Pharmaceutical Services,Health Care,29,29,0,2026-08-19,,,1,1,354.75,82.0,72.5,盘中候选，等待收盘确认,aster-ema-candle-capture-ranking.csv
盘中候选,Early,S&P 500,4小时,Early · S&P 500 · 4小时,CDW,CDW Corporation,Information Technology,27,27,0,2026-08-19,307,-280,1,1,138.75,71.7,72.4,盘中候选，等待收盘确认,early-spx-4h-signal-ranking.csv
盘中候选,Prism,Nasdaq Liquid 500,4小时,Prism · Nasdaq Liquid 500 · 4小时,AMZN,Amazon,Consumer Discretionary,27,27,0,2026-08-19,304,-277,1,1,262.480011,71.48,72.4,盘中候选，等待收盘确认,prism-nasdaq500-4h-signal-ranking.csv
盘中候选,Aster Research,v2 Balanced,Aster,Aster Research · v2 Balanced,BBIO,"BridgeBio Pharma, Inc. - Common Stock",,29,29,0,2026-08-19,,,1,1,83.525002,80.61,72.4,盘中候选，等待收盘确认,aster-v2-balanced-ranking.csv
盘中候选,Aster Research,v4 Tactical Breakout,Aster,Aster Research · v4 Tactical Breakout,GERN,GERON,Health Care,31,31,0,2026-08-19,,,1,1,1.5688,89.69,72.4,盘中候选，等待收盘确认,aster-v4-tactical-breakout-ranking.csv
盘中候选,Aster Research,单一趋势 Trend Relay,Aster,Aster Research · 单一趋势 Trend Relay,CHKP,Check Point Software Technologies Ltd. - Ordinary Shares,,32,32,0,2026-08-19,,,1,1,132.455002,94.0,72.4,盘中候选，等待收盘确认,aster-trend-relay-ranking.csv
盘中候选,Early,Nasdaq Liquid 500,日线,Early · Nasdaq Liquid 500 · 日线,CRSP,CRISPR THERAPEUTICS AG,Health Care,11,11,0,2026-08-19,134,-123,1,1,58.200001,,72.3,盘中候选，等待收盘确认,early-nasdaq500-ranking-timeline.csv
盘中候选,Early,Russell,日线,Early · Russell · 日线,BETA,BETA TECHNOLOGIES CLASS A,Industrials,11,11,0,2026-08-19,434,-423,1,1,25.434999,,72.3,盘中候选，等待收盘确认,early-russell2000-ranking-timeline.csv
盘中候选,Aster Call,All,Aster,Aster Call,NVAX,NOVAVAX,Health Care,30,30,0,2026-08-19,,,1,1,8.17,83.93,72.3,盘中候选，等待收盘确认,aster-call-ranking.csv
盘中候选,Other,All,Ranking,aster-call-ranking-timeline,AFRI,FORAFRIC GLOBAL PLC,Consumer Staples,11,11,0,2026-08-19,,,1,1,11.0,,72.3,盘中候选，等待收盘确认,aster-call-ranking-timeline.csv
盘中候选,Other,All,Ranking,aster-ema-candle-capture-ranking-timeline,BHVN,BIOHAVEN,Health Care,11,11,0,2026-08-19,,,1,1,14.265,,72.3,盘中候选，等待收盘确认,aster-ema-candle-capture-ranking-timeline.csv
盘中候选,Other,All,Ranking,aster-v2-balanced-ranking-timeline,BRO,Brown & Brown,Financials,11,11,0,2026-08-19,,,1,1,72.129997,,72.3,盘中候选，等待收盘确认,aster-v2-balanced-ranking-timeline.csv
盘中候选,Other,All,Ranking,aster-v4-tactical-breakout-ranking-timeline,BRO,Brown & Brown,Financials,11,11,0,2026-08-19,,,1,1,72.129997,,72.3,盘中候选，等待收盘确认,aster-v4-tactical-breakout-ranking-timeline.csv
盘中候选,Aster Research,单一信号 EMA Candle Capture,Aster,Aster Research · 单一信号 EMA Candle Capture,EXR,Extra Space Storage,Real Estate,30,30,0,2026-08-19,,,1,1,147.375,82.0,72.2,盘中候选，等待收盘确认,aster-ema-candle-capture-ranking.csv
盘中候选,Aster Research,共识Agent 多榜单共振,Aster,Aster Research · 共识Agent 多榜单共振,MDLZ,Mondelez International,Consumer Staples,32,32,0,2026-08-19,,,1,1,64.565002,91.57,72.2,盘中候选，等待收盘确认,aster-consensus-agent-ranking.csv
盘中候选,Aster Research,v5 Risk Adjusted,Aster,Aster Research · v5 Risk Adjusted,PEP,PepsiCo,Consumer Staples,29,29,0,2026-08-19,,,1,1,141.960007,76.94,72.1,盘中候选，等待收盘确认,aster-v5-risk-adjusted-ranking.csv
盘中候选,Aster Research,v3 Quality Momentum,Aster,Aster Research · v3 Quality Momentum,NVAX,NOVAVAX,Health Care,30,30,0,2026-08-19,,,1,1,8.17,81.48,72.1,盘中候选，等待收盘确认,aster-v3-quality-momentum-ranking.csv
盘中候选,Aster Research,v2 Balanced,Aster,Aster Research · v2 Balanced,CSGP,CoStar Group,Real Estate,30,30,0,2026-08-19,,,1,1,32.700001,80.42,72.0,盘中候选，等待收盘确认,aster-v2-balanced-ranking.csv
盘中候选,Early,S&P 500,日线,Early · S&P 500 · 日线,SJM,J.M. Smucker Company (The),Consumer Staples,12,12,0,2026-08-19,168,-156,1,1,123.964996,,71.9,盘中候选，等待收盘确认,early-spx-ranking-timeline.csv
盘中候选,Early,Russell,日线,Early · Russell · 日线,CLDT,CHATHAM LODGING TRUST REIT,Real Estate,12,12,0,2026-08-19,1183,-1171,1,1,13.2292,,71.9,盘中候选，等待收盘确认,early-russell2000-ranking-timeline.csv
盘中候选,Aster Call,All,Aster,Aster Call,Z,"Zillow Group, Inc. - Class C Capital Stock",,31,31,0,2026-08-19,,,1,1,35.955002,83.82,71.9,盘中候选，等待收盘确认,aster-call-ranking.csv
盘中候选,Aster Research,共识Agent 多榜单共振,Aster,Aster Research · 共识Agent 多榜单共振,CRMD,CORMEDIX,Health Care,33,33,0,2026-08-19,,,1,1,8.41,91.57,71.9,盘中候选，等待收盘确认,aster-consensus-agent-ranking.csv
盘中候选,Other,All,Ranking,aster-consensus-agent-ranking-timeline,ADBE,Adobe Inc.,Information Technology,12,12,0,2026-08-19,,,1,1,272.079987,,71.9,盘中候选，等待收盘确认,aster-consensus-agent-ranking-timeline.csv
盘中候选,Other,All,Ranking,aster-ema-cross-ranking-timeline,MC,MOELIS CLASS A,Financials,12,12,0,2026-08-19,,,1,1,67.599998,,71.9,盘中候选，等待收盘确认,aster-ema-cross-ranking-timeline.csv
盘中候选,Other,All,Ranking,aster-v3-quality-momentum-ranking-timeline,MC,MOELIS CLASS A,Financials,12,12,0,2026-08-19,,,1,1,67.599998,,71.9,盘中候选，等待收盘确认,aster-v3-quality-momentum-ranking-timeline.csv
盘中候选,Other,All,Ranking,aster-call-ranking-timeline,PDD,PDD Holdings Inc. - American Depositary Shares,,12,12,0,2026-08-19,,,1,1,88.489998,,71.9,盘中候选，等待收盘确认,aster-call-ranking-timeline.csv
盘中候选,Other,All,Ranking,aster-v4-tactical-breakout-ranking-timeline,TCOM,Trip.com Group Limited - American Depositary Shares,,12,12,0,2026-08-19,,,1,1,45.990002,,71.9,盘中候选，等待收盘确认,aster-v4-tactical-breakout-ranking-timeline.csv
盘中候选,Aster Research,单一信号 EMA Candle Capture,Aster,Aster Research · 单一信号 EMA Candle Capture,BALL,Ball Corporation,Materials,31,31,0,2026-08-19,,,1,1,62.73,82.0,71.8,盘中候选，等待收盘确认,aster-ema-candle-capture-ranking.csv
盘中候选,Early,Nasdaq Liquid 500,4小时,Early · Nasdaq Liquid 500 · 4小时,CPB,The Campbell's Company - Common Stock,,29,29,0,2026-08-19,101,-72,1,1,23.34,72.33,71.7,盘中候选，等待收盘确认,early-nasdaq500-4h-signal-ranking.csv
盘中候选,Aster Research,v5 Risk Adjusted,Aster,Aster Research · v5 Risk Adjusted,VNOM,"Viper Energy, Inc.  - Class A Common Stock",,30,30,0,2026-08-19,,,1,1,44.945,76.92,71.7,盘中候选，等待收盘确认,aster-v5-risk-adjusted-ranking.csv
盘中候选,Aster Research,v4 Tactical Breakout,Aster,Aster Research · v4 Tactical Breakout,CWH,CAMPING WORLD HOLDINGS INC CLASS A,Consumer Discretionary,33,33,0,2026-08-19,,,1,1,6.36,89.63,71.7,盘中候选，等待收盘确认,aster-v4-tactical-breakout-ranking.csv
盘中候选,Other,All,Ranking,aster-trend-relay-ranking-timeline,ADP,Automatic Data Processing,Industrials,13,13,0,2026-08-19,,,1,1,279.149994,,71.6,盘中候选，等待收盘确认,aster-trend-relay-ranking-timeline.csv
盘中候选,Other,All,Ranking,aster-v2-balanced-ranking-timeline,AOS,A. O. Smith,Industrials,13,13,0,2026-08-19,,,1,1,62.830002,,71.6,盘中候选，等待收盘确认,aster-v2-balanced-ranking-timeline.csv
盘中候选,Other,All,Ranking,aster-ema-cross-ranking-timeline,BRKR,Bruker Corporation - Common Stock,,13,13,0,2026-08-19,,,1,1,59.157001,,71.6,盘中候选，等待收盘确认,aster-ema-cross-ranking-timeline.csv
盘中候选,Other,All,Ranking,aster-v5-risk-adjusted-ranking-timeline,BRO,Brown & Brown,Financials,13,13,0,2026-08-19,,,1,1,72.129997,,71.6,盘中候选，等待收盘确认,aster-v5-risk-adjusted-ranking-timeline.csv
盘中候选,Other,All,Ranking,aster-v4-tactical-breakout-ranking-timeline,NREF,NEXPOINT REAL ESTATE FINANCE,Financials,13,13,0,2026-08-19,,,1,1,17.58,,71.6,盘中候选，等待收盘确认,aster-v4-tactical-breakout-ranking-timeline.csv
盘中候选,Prism,Russell,4小时,Prism · Russell · 4小时,HCSG,HEALTHCARE SERVICES GROUP,Industrials,30,30,0,2026-08-19,482,-452,1,1,22.940001,74.25,71.5,盘中候选，等待收盘确认,prism-russell2000-4h-signal-ranking.csv
盘中候选,Aster Research,共识Agent 多榜单共振,Aster,Aster Research · 共识Agent 多榜单共振,INBX,INHIBRX BIOSCIENCES INC,Health Care,34,34,0,2026-08-19,,,1,1,97.400002,91.42,71.5,盘中候选，等待收盘确认,aster-consensus-agent-ranking.csv
盘中候选,Early,Nasdaq Liquid 500,4小时,Early · Nasdaq Liquid 500 · 4小时,GDS,GDS Holdings Limited - American Depositary Shares,,30,30,0,2026-08-19,125,-95,1,1,33.779999,72.23,71.4,盘中候选，等待收盘确认,early-nasdaq500-4h-signal-ranking.csv
盘中候选,Aster Research,v5 Risk Adjusted,Aster,Aster Research · v5 Risk Adjusted,SI,SHOULDER INNOVATIONS,Health Care,31,31,0,2026-08-19,,,1,1,22.382,76.89,71.4,盘中候选，等待收盘确认,aster-v5-risk-adjusted-ranking.csv
盘中候选,Aster Research,单一信号 EMA Candle Capture,Aster,Aster Research · 单一信号 EMA Candle Capture,IFF,International Flavors & Fragrances,Materials,32,32,0,2026-08-19,,,1,1,83.470001,82.0,71.4,盘中候选，等待收盘确认,aster-ema-candle-capture-ranking.csv
盘中候选,Aster Research,v3 Quality Momentum,Aster,Aster Research · v3 Quality Momentum,NDSN,Nordson Corporation,Industrials,32,32,0,2026-08-19,,,1,1,324.13501,81.31,71.4,盘中候选，等待收盘确认,aster-v3-quality-momentum-ranking.csv
盘中候选,Aster Research,v2 Balanced,Aster,Aster Research · v2 Balanced,ADBE,Adobe Inc.,Information Technology,32,32,0,2026-08-19,,,1,1,272.079987,80.25,71.3,盘中候选，等待收盘确认,aster-v2-balanced-ranking.csv
盘中候选,Aster Research,v4 Tactical Breakout,Aster,Aster Research · v4 Tactical Breakout,MNDY,monday.com Ltd. - Ordinary Shares,,34,34,0,2026-08-19,,,1,1,90.43,89.47,71.3,盘中候选，等待收盘确认,aster-v4-tactical-breakout-ranking.csv
盘中候选,Aster Research,单一趋势 Trend Relay,Aster,Aster Research · 单一趋势 Trend Relay,PDD,PDD Holdings Inc. - American Depositary Shares,,35,35,0,2026-08-19,,,1,1,88.489998,94.0,71.3,盘中候选，等待收盘确认,aster-trend-relay-ranking.csv
盘中候选,Early,S&P 500,日线,Early · S&P 500 · 日线,UNP,Union Pacific Corporation,Industrials,14,14,0,2026-08-19,188,-174,1,1,302.182495,,71.2,盘中候选，等待收盘确认,early-spx-ranking-timeline.csv
盘中候选,Prism,S&P 500,4小时,Prism · S&P 500 · 4小时,AMZN,Amazon,Consumer Discretionary,30,30,0,2026-08-19,323,-293,1,1,262.480011,70.04,71.2,盘中候选，等待收盘确认,prism-spx-4h-signal-ranking.csv
盘中候选,Aster Call,All,Aster,Aster Call,HNRG,HALLADOR ENERGY,Utilities,33,33,0,2026-08-19,,,1,1,16.25,83.42,71.2,盘中候选，等待收盘确认,aster-call-ranking.csv
盘中候选,Other,All,Ranking,aster-v5-risk-adjusted-ranking-timeline,CMDB,COSTAMARE BULKERS HOLDINGS LTD,Industrials,14,14,0,2026-08-19,,,1,1,19.555,,71.2,盘中候选，等待收盘确认,aster-v5-risk-adjusted-ranking-timeline.csv
盘中候选,Other,All,Ranking,aster-v3-quality-momentum-ranking-timeline,DNUT,KRISPY KREME,Consumer Discretionary,14,14,0,2026-08-19,,,1,1,3.48,,71.2,盘中候选，等待收盘确认,aster-v3-quality-momentum-ranking-timeline.csv
盘中候选,Other,All,Ranking,aster-v2-balanced-ranking-timeline,NREF,NEXPOINT REAL ESTATE FINANCE,Financials,14,14,0,2026-08-19,,,1,1,17.58,,71.2,盘中候选，等待收盘确认,aster-v2-balanced-ranking-timeline.csv
盘中候选,Other,All,Ranking,aster-consensus-agent-ranking-timeline,PEP,PepsiCo,Consumer Staples,14,14,0,2026-08-19,,,1,1,141.960007,,71.2,盘中候选，等待收盘确认,aster-consensus-agent-ranking-timeline.csv
盘中候选,Aster Research,单一信号 EMA Candle Capture,Aster,Aster Research · 单一信号 EMA Candle Capture,BRKR,Bruker Corporation - Common Stock,,33,33,0,2026-08-19,,,1,1,59.157001,82.0,71.1,盘中候选，等待收盘确认,aster-ema-candle-capture-ranking.csv
盘中候选,Aster Research,单一信号 EMA Cross,Aster,Aster Research · 单一信号 EMA Cross,PRME,PRIME MEDICINE,Health Care,33,33,0,2026-08-19,,,1,1,3.33,82.4,71.1,盘中候选，等待收盘确认,aster-ema-cross-ranking.csv
盘中候选,Aster Research,共识Agent 多榜单共振,Aster,Aster Research · 共识Agent 多榜单共振,SPGI,S&P Global,Financials,35,35,0,2026-08-19,,,1,1,426.720001,90.89,71.1,盘中候选，等待收盘确认,aster-consensus-agent-ranking.csv
盘中候选,Aster Research,v5 Risk Adjusted,Aster,Aster Research · v5 Risk Adjusted,XEL,Xcel Energy,Utilities,32,32,0,2026-08-19,,,1,1,79.610001,76.83,71.0,盘中候选，等待收盘确认,aster-v5-risk-adjusted-ranking.csv
盘中候选,Aster Research,v3 Quality Momentum,Aster,Aster Research · v3 Quality Momentum,SBMT,SILVER BOW MINING CORP,Materials,33,33,0,2026-08-19,,,1,1,7.96,81.12,71.0,盘中候选，等待收盘确认,aster-v3-quality-momentum-ranking.csv
盘中候选,Aster Research,v4 Tactical Breakout,Aster,Aster Research · v4 Tactical Breakout,STRA,STRATEGIC EDUCATION,Consumer Discretionary,35,35,0,2026-08-19,,,1,1,82.665001,89.45,71.0,盘中候选，等待收盘确认,aster-v4-tactical-breakout-ranking.csv
盘中候选,Aster Research,单一趋势 Trend Relay,Aster,Aster Research · 单一趋势 Trend Relay,Z,"Zillow Group, Inc. - Class C Capital Stock",,36,36,0,2026-08-19,,,1,1,35.955002,94.0,71.0,盘中候选，等待收盘确认,aster-trend-relay-ranking.csv
盘中候选,Aster Research,v2 Balanced,Aster,Aster Research · v2 Balanced,CRC,CALIFORNIA RESOURCES,Energy,33,33,0,2026-08-19,,,1,1,54.349998,80.24,70.9,盘中候选，等待收盘确认,aster-v2-balanced-ranking.csv
盘中候选,Early,Nasdaq 200,日线,Early · Nasdaq 200 · 日线,XEL,Xcel Energy,Utilities,15,15,0,2026-08-19,110,-95,1,1,79.510002,,70.8,盘中候选，等待收盘确认,early-nasdaq200-ranking-timeline.csv
盘中候选,Prism,S&P 500,4小时,Prism · S&P 500 · 4小时,MRSH,Marsh McLennan,Financials,31,31,0,2026-08-19,132,-101,1,1,190.169998,70.03,70.8,盘中候选，等待收盘确认,prism-spx-4h-signal-ranking.csv
盘中候选,Aster Call,All,Aster,Aster Call,SPGI,S&P Global,Financials,34,34,0,2026-08-19,,,1,1,426.720001,83.32,70.8,盘中候选，等待收盘确认,aster-call-ranking.csv
盘中候选,Other,All,Ranking,aster-v3-quality-momentum-ranking-timeline,CRMD,CORMEDIX,Health Care,15,15,0,2026-08-19,,,1,1,8.41,,70.8,盘中候选，等待收盘确认,aster-v3-quality-momentum-ranking-timeline.csv
盘中候选,Other,All,Ranking,aster-ema-cross-ranking-timeline,MNST,Monster Beverage,Consumer Staples,15,15,0,2026-08-19,,,1,1,47.630001,,70.8,盘中候选，等待收盘确认,aster-ema-cross-ranking-timeline.csv
盘中候选,Other,All,Ranking,aster-consensus-agent-ranking-timeline,PDD,PDD Holdings Inc. - American Depositary Shares,,15,15,0,2026-08-19,,,1,1,88.489998,,70.8,盘中候选，等待收盘确认,aster-consensus-agent-ranking-timeline.csv
盘中候选,Other,All,Ranking,aster-v4-tactical-breakout-ranking-timeline,PDD,PDD Holdings Inc. - American Depositary Shares,,15,15,0,2026-08-19,,,1,1,88.489998,,70.8,盘中候选，等待收盘确认,aster-v4-tactical-breakout-ranking-timeline.csv
盘中候选,Other,All,Ranking,aster-trend-relay-ranking-timeline,ROP,Roper Technologies,Information Technology,15,15,0,2026-08-19,,,1,1,409.005005,,70.8,盘中候选，等待收盘确认,aster-trend-relay-ranking-timeline.csv
盘中候选,Other,All,Ranking,aster-v5-risk-adjusted-ranking-timeline,SPGI,S&P Global,Financials,15,15,0,2026-08-19,,,1,1,426.720001,,70.8,盘中候选，等待收盘确认,aster-v5-risk-adjusted-ranking-timeline.csv
盘中候选,Aster Research,单一信号 EMA Cross,Aster,Aster Research · 单一信号 EMA Cross,PEP,PepsiCo,Consumer Staples,34,34,0,2026-08-19,,,1,1,141.960007,81.4,70.7,盘中候选，等待收盘确认,aster-ema-cross-ranking.csv
盘中候选,Aster Research,v3 Quality Momentum,Aster,Aster Research · v3 Quality Momentum,AGNT,AGNT INC,Real Estate,34,34,0,2026-08-19,,,1,1,4.58,81.06,70.6,盘中候选，等待收盘确认,aster-v3-quality-momentum-ranking.csv
盘中候选,Aster Research,v2 Balanced,Aster,Aster Research · v2 Balanced,CLDT,CHATHAM LODGING TRUST REIT,Real Estate,34,34,0,2026-08-19,,,1,1,13.14,80.22,70.6,盘中候选，等待收盘确认,aster-v2-balanced-ranking.csv
盘中候选,Aster Research,共识Agent 多榜单共振,Aster,Aster Research · 共识Agent 多榜单共振,SI,SHOULDER INNOVATIONS,Health Care,36,36,0,2026-08-19,,,1,1,22.382,89.57,70.6,盘中候选，等待收盘确认,aster-consensus-agent-ranking.csv
盘中候选,Aster Research,单一趋势 Trend Relay,Aster,Aster Research · 单一趋势 Trend Relay,CSGP,CoStar Group,Real Estate,37,37,0,2026-08-19,,,1,1,32.700001,94.0,70.6,盘中候选，等待收盘确认,aster-trend-relay-ranking.csv
盘中候选,Early,S&P 500,日线,Early · S&P 500 · 日线,KDP,Keurig Dr Pepper,Consumer Staples,16,16,0,2026-08-19,241,-225,1,1,31.4,,70.5,盘中候选，等待收盘确认,early-spx-ranking-timeline.csv
盘中候选,Aster Call,All,Aster,Aster Call,HIMS,HIMS HERS HEALTH CLASS A,Health Care,35,35,0,2026-08-19,,,1,1,32.990002,83.32,70.5,盘中候选，等待收盘确认,aster-call-ranking.csv
盘中候选,Other,All,Ranking,aster-trend-relay-ranking-timeline,BIIB,Biogen,Health Care,16,16,0,2026-08-19,,,1,1,220.529999,,70.5,盘中候选，等待收盘确认,aster-trend-relay-ranking-timeline.csv
盘中候选,Other,All,Ranking,aster-ema-cross-ranking-timeline,HLT,Hilton Worldwide,Consumer Discretionary,16,16,0,2026-08-19,,,1,1,332.26001,,70.5,盘中候选，等待收盘确认,aster-ema-cross-ranking-timeline.csv
盘中候选,Other,All,Ranking,aster-v4-tactical-breakout-ranking-timeline,INVH,Invitation Homes,Real Estate,16,16,0,2026-08-19,,,1,1,30.315001,,70.5,盘中候选，等待收盘确认,aster-v4-tactical-breakout-ranking-timeline.csv
盘中候选,Other,All,Ranking,aster-ema-candle-capture-ranking-timeline,NTES,"NetEase, Inc. - American Depositary Shares, each representing 5 ordinary shares",,16,16,0,2026-08-19,,,1,1,121.339996,,70.5,盘中候选，等待收盘确认,aster-ema-candle-capture-ranking-timeline.csv
盘中候选,Other,All,Ranking,aster-v3-quality-momentum-ranking-timeline,PRME,PRIME MEDICINE,Health Care,16,16,0,2026-08-19,,,1,1,3.33,,70.5,盘中候选，等待收盘确认,aster-v3-quality-momentum-ranking-timeline.csv
盘中候选,Other,All,Ranking,aster-consensus-agent-ranking-timeline,Z,"Zillow Group, Inc. - Class C Capital Stock",,16,16,0,2026-08-19,,,1,1,35.955002,,70.5,盘中候选，等待收盘确认,aster-consensus-agent-ranking-timeline.csv
盘中候选,Prism,Russell,4小时,Prism · Russell · 4小时,HIMS,HIMS HERS HEALTH CLASS A,Health Care,33,33,0,2026-08-19,637,-604,1,1,32.990002,73.97,70.4,盘中候选，等待收盘确认,prism-russell2000-4h-signal-ranking.csv
盘中候选,Aster Research,单一信号 EMA Candle Capture,Aster,Aster Research · 单一信号 EMA Candle Capture,CRK,COMSTOCK RESOURCES,Energy,35,35,0,2026-08-19,,,1,1,13.91,82.0,70.4,盘中候选，等待收盘确认,aster-ema-candle-capture-ranking.csv
盘中候选,Aster Research,单一趋势 Trend Relay,Aster,Aster Research · 单一趋势 Trend Relay,FWONK,Liberty Media Corporation - Series C Liberty Formula One Common Stock,,38,38,0,2026-08-19,,,1,1,104.68,94.0,70.3,盘中候选，等待收盘确认,aster-trend-relay-ranking.csv
盘中候选,Early,Russell,4小时,Early · Russell · 4小时,SI,SHOULDER INNOVATIONS,Health Care,35,35,0,2026-08-19,291,-256,1,1,22.382,80.57,70.2,盘中候选，等待收盘确认,early-russell2000-4h-signal-ranking.csv
盘中候选,Aster Research,v2 Balanced,Aster,Aster Research · v2 Balanced,MDLZ,Mondelez International,Consumer Staples,35,35,0,2026-08-19,,,1,1,64.565002,80.21,70.2,盘中候选，等待收盘确认,aster-v2-balanced-ranking.csv
盘中候选,Aster Research,v4 Tactical Breakout,Aster,Aster Research · v4 Tactical Breakout,V,Visa Inc.,Financials,37,37,0,2026-08-19,,,1,1,367.130005,89.44,70.2,盘中候选，等待收盘确认,aster-v4-tactical-breakout-ranking.csv
盘中候选,Early,Russell,日线,Early · Russell · 日线,SAM,BOSTON BEER CLASS A,Consumer Staples,17,17,0,2026-08-19,544,-527,1,1,188.869995,,70.1,盘中候选，等待收盘确认,early-russell2000-ranking-timeline.csv
盘中候选,Prism,Nasdaq 200,4小时,Prism · Nasdaq 200 · 4小时,AMGN,Amgen,Health Care,32,32,0,2026-08-19,108,-76,1,1,436.309998,65.99,70.1,盘中候选，等待收盘确认,prism-nasdaq200-4h-signal-ranking.csv
盘中候选,Aster Research,共识Agent 多榜单共振,Aster,Aster Research · 共识Agent 多榜单共振,HROW,HARROW,Health Care,37,37,0,2026-08-19,,,1,1,42.18,87.45,70.1,盘中候选，等待收盘确认,aster-consensus-agent-ranking.csv
盘中候选,Other,All,Ranking,aster-v2-balanced-ranking-timeline,AFRI,FORAFRIC GLOBAL PLC,Consumer Staples,17,17,0,2026-08-19,,,1,1,11.0,,70.1,盘中候选，等待收盘确认,aster-v2-balanced-ranking-timeline.csv
盘中候选,Other,All,Ranking,aster-v5-risk-adjusted-ranking-timeline,AOS,A. O. Smith,Industrials,17,17,0,2026-08-19,,,1,1,62.830002,,70.1,盘中候选，等待收盘确认,aster-v5-risk-adjusted-ranking-timeline.csv
盘中候选,Other,All,Ranking,aster-trend-relay-ranking-timeline,GILD,Gilead Sciences,Health Care,17,17,0,2026-08-19,,,1,1,145.339996,,70.1,盘中候选，等待收盘确认,aster-trend-relay-ranking-timeline.csv
盘中候选,Other,All,Ranking,aster-ema-candle-capture-ranking-timeline,MUR,MURPHY OIL CORP,Energy,17,17,0,2026-08-19,,,1,1,38.23,,70.1,盘中候选，等待收盘确认,aster-ema-candle-capture-ranking-timeline.csv
盘中候选,Other,All,Ranking,aster-call-ranking-timeline,PGR,Progressive Corporation,Financials,17,17,0,2026-08-19,,,1,1,221.550003,,70.1,盘中候选，等待收盘确认,aster-call-ranking-timeline.csv
盘中候选,Prism,S&P 500,4小时,Prism · S&P 500 · 4小时,WELL,Welltower,Real Estate,33,33,0,2026-08-19,233,-200,1,1,237.830002,68.68,70.0,盘中候选，等待收盘确认,prism-spx-4h-signal-ranking.csv
盘中候选,Aster Research,单一信号 EMA Candle Capture,Aster,Aster Research · 单一信号 EMA Candle Capture,EVER,EVERQUOTE CLASS A,Communication,36,36,0,2026-08-19,,,1,1,25.290001,82.0,70.0,盘中候选，等待收盘确认,aster-ema-candle-capture-ranking.csv
盘中候选,Early,Russell,4小时,Early · Russell · 4小时,UPB,UPSTREAM BIO,Health Care,36,36,0,2026-08-19,112,-76,1,1,7.09,80.35,69.9,盘中候选，等待收盘确认,early-russell2000-4h-signal-ranking.csv
盘中候选,Aster Research,v5 Risk Adjusted,Aster,Aster Research · v5 Risk Adjusted,LCII,LCI INDUSTRIES,Consumer Discretionary,35,35,0,2026-08-19,,,1,1,105.910004,76.56,69.9,盘中候选，等待收盘确认,aster-v5-risk-adjusted-ranking.csv
盘中候选,Aster Research,v3 Quality Momentum,Aster,Aster Research · v3 Quality Momentum,ADP,Automatic Data Processing,Industrials,36,36,0,2026-08-19,,,1,1,279.149994,81.04,69.9,盘中候选，等待收盘确认,aster-v3-quality-momentum-ranking.csv
盘中候选,Aster Research,v2 Balanced,Aster,Aster Research · v2 Balanced,PYPL,PayPal,Financials,36,36,0,2026-08-19,,,1,1,61.77,80.2,69.8,盘中候选，等待收盘确认,aster-v2-balanced-ranking.csv
盘中候选,Other,All,Ranking,aster-v5-risk-adjusted-ranking-timeline,CALX,CALIX NETWORKS,Information Technology,18,18,0,2026-08-19,,,1,1,40.635399,,69.8,盘中候选，等待收盘确认,aster-v5-risk-adjusted-ranking-timeline.csv
盘中候选,Other,All,Ranking,aster-v4-tactical-breakout-ranking-timeline,CWST,CASELLA WASTE SYSTEMS CLASS A,Industrials,18,18,0,2026-08-19,,,1,1,92.269997,,69.8,盘中候选，等待收盘确认,aster-v4-tactical-breakout-ranking-timeline.csv
盘中候选,Other,All,Ranking,aster-call-ranking-timeline,LCII,LCI INDUSTRIES,Consumer Discretionary,18,18,0,2026-08-19,,,1,1,105.910004,,69.8,盘中候选，等待收盘确认,aster-call-ranking-timeline.csv
盘中候选,Other,All,Ranking,aster-v2-balanced-ranking-timeline,SNDA,SONIDA SENIOR LIVING,Health Care,18,18,0,2026-08-19,,,1,1,40.799999,,69.8,盘中候选，等待收盘确认,aster-v2-balanced-ranking-timeline.csv
盘中候选,Other,All,Ranking,aster-trend-relay-ranking-timeline,VRTX,Vertex Pharmaceuticals,Health Care,18,18,0,2026-08-19,,,1,1,546.992493,,69.8,盘中候选，等待收盘确认,aster-trend-relay-ranking-timeline.csv
盘中候选,Prism,Nasdaq Liquid 500,4小时,Prism · Nasdaq Liquid 500 · 4小时,IRTC,IRHYTHM HOLDINGS INC,Health Care,34,34,0,2026-08-19,211,-177,1,1,127.330002,69.11,69.7,盘中候选，等待收盘确认,prism-nasdaq500-4h-signal-ranking.csv
盘中候选,Aster Call,All,Aster,Aster Call,BKKT,BAKKT INC CLASS A,Financials,37,37,0,2026-08-19,,,1,1,7.9534,83.21,69.7,盘中候选，等待收盘确认,aster-call-ranking.csv
盘中候选,Aster Research,单一信号 EMA Cross,Aster,Aster Research · 单一信号 EMA Cross,DNUT,KRISPY KREME,Consumer Discretionary,37,37,0,2026-08-19,,,1,1,3.48,81.3,69.6,盘中候选，等待收盘确认,aster-ema-cross-ranking.csv
盘中候选,Aster Research,单一信号 EMA Candle Capture,Aster,Aster Research · 单一信号 EMA Candle Capture,OLP,ONE LIBERTY PROPERTIES REIT INC,Real Estate,37,37,0,2026-08-19,,,1,1,24.434999,82.0,69.6,盘中候选，等待收盘确认,aster-ema-candle-capture-ranking.csv
盘中候选,Aster Research,v5 Risk Adjusted,Aster,Aster Research · v5 Risk Adjusted,BG,Bunge Global,Consumer Staples,36,36,0,2026-08-19,,,1,1,117.18,76.55,69.5,盘中候选，等待收盘确认,aster-v5-risk-adjusted-ranking.csv
盘中候选,Aster Research,v2 Balanced,Aster,Aster Research · v2 Balanced,SI,SHOULDER INNOVATIONS,Health Care,37,37,0,2026-08-19,,,1,1,22.382,80.06,69.5,盘中候选，等待收盘确认,aster-v2-balanced-ranking.csv
盘中候选,Aster Research,v4 Tactical Breakout,Aster,Aster Research · v4 Tactical Breakout,BVS,BIOVENTUS CLASS A,Health Care,39,39,0,2026-08-19,,,1,1,14.59,89.29,69.5,盘中候选，等待收盘确认,aster-v4-tactical-breakout-ranking.csv
盘中候选,Aster Call,All,Aster,Aster Call,SI,SHOULDER INNOVATIONS,Health Care,38,38,0,2026-08-19,,,1,1,22.382,83.19,69.4,盘中候选，等待收盘确认,aster-call-ranking.csv
盘中候选,Other,All,Ranking,aster-ema-cross-ranking-timeline,CABA,CABALETTA BIO,Health Care,19,19,0,2026-08-19,,,1,1,2.985,,69.4,盘中候选，等待收盘确认,aster-ema-cross-ranking-timeline.csv
盘中候选,Other,All,Ranking,aster-v2-balanced-ranking-timeline,PDD,PDD Holdings Inc. - American Depositary Shares,,19,19,0,2026-08-19,,,1,1,88.489998,,69.4,盘中候选，等待收盘确认,aster-v2-balanced-ranking-timeline.csv
盘中候选,Other,All,Ranking,aster-consensus-agent-ranking-timeline,RXRX,RECURSION PHARMACEUTICALS CLASS A,Health Care,19,19,0,2026-08-19,,,1,1,3.32,,69.4,盘中候选，等待收盘确认,aster-consensus-agent-ranking-timeline.csv
盘中候选,Other,All,Ranking,aster-v4-tactical-breakout-ranking-timeline,ZTS,Zoetis,Health Care,19,19,0,2026-08-19,,,1,1,75.330399,,69.4,盘中候选，等待收盘确认,aster-v4-tactical-breakout-ranking-timeline.csv
盘中候选,Prism,Russell,4小时,Prism · Russell · 4小时,TGTX,TG THERAPEUTICS,Health Care,36,36,0,2026-08-19,414,-378,1,1,52.880001,73.7,69.3,盘中候选，等待收盘确认,prism-russell2000-4h-signal-ranking.csv
盘中候选,Aster Research,单一信号 EMA Candle Capture,Aster,Aster Research · 单一信号 EMA Candle Capture,RVLV,REVOLVE GROUP CLASS A INC,Consumer Discretionary,38,38,0,2026-08-19,,,1,1,24.200001,82.0,69.3,盘中候选，等待收盘确认,aster-ema-candle-capture-ranking.csv
盘中候选,Aster Research,v5 Risk Adjusted,Aster,Aster Research · v5 Risk Adjusted,VLTO,Veralto,Industrials,37,37,0,2026-08-19,,,1,1,100.279999,76.44,69.2,盘中候选，等待收盘确认,aster-v5-risk-adjusted-ranking.csv
盘中候选,Aster Research,v3 Quality Momentum,Aster,Aster Research · v3 Quality Momentum,FUBO,FUBOTV CLASS A,Communication,38,38,0,2026-08-19,,,1,1,10.22,80.98,69.2,盘中候选，等待收盘确认,aster-v3-quality-momentum-ranking.csv
盘中候选,Aster Research,单一信号 EMA Cross,Aster,Aster Research · 单一信号 EMA Cross,STC,STEWART INFO SERVICES CORP,Financials,38,38,0,2026-08-19,,,1,1,68.480003,81.25,69.2,盘中候选，等待收盘确认,aster-ema-cross-ranking.csv
盘中候选,Aster Research,共识Agent 多榜单共振,Aster,Aster Research · 共识Agent 多榜单共振,CSGP,CoStar Group,Real Estate,39,39,0,2026-08-19,,,1,1,32.700001,85.85,69.2,盘中候选，等待收盘确认,aster-consensus-agent-ranking.csv
盘中候选,Aster Research,v2 Balanced,Aster,Aster Research · v2 Balanced,CGON,CG ONCOLOGY,Health Care,38,38,0,2026-08-19,,,1,1,78.519997,79.99,69.1,盘中候选，等待收盘确认,aster-v2-balanced-ranking.csv
盘中候选,Aster Research,v4 Tactical Breakout,Aster,Aster Research · v4 Tactical Breakout,USGO,US GOLDMINING INC,Materials,40,40,0,2026-08-19,,,1,1,9.0,89.05,69.1,盘中候选，等待收盘确认,aster-v4-tactical-breakout-ranking.csv
盘中候选,Prism,Russell,4小时,Prism · Russell · 4小时,BKKT,BAKKT INC CLASS A,Financials,37,37,0,2026-08-19,594,-557,1,1,7.9534,73.66,69.0,盘中候选，等待收盘确认,prism-russell2000-4h-signal-ranking.csv
盘中候选,Other,All,Ranking,aster-v3-quality-momentum-ranking-timeline,BRO,Brown & Brown,Financials,20,20,0,2026-08-19,,,1,1,72.129997,,69.0,盘中候选，等待收盘确认,aster-v3-quality-momentum-ranking-timeline.csv
盘中候选,Other,All,Ranking,aster-v4-tactical-breakout-ranking-timeline,DMC,DEL MONTE,Consumer Staples,20,20,0,2026-08-19,,,1,1,31.299,,69.0,盘中候选，等待收盘确认,aster-v4-tactical-breakout-ranking-timeline.csv
盘中候选,Other,All,Ranking,aster-consensus-agent-ranking-timeline,NREF,NEXPOINT REAL ESTATE FINANCE,Financials,20,20,0,2026-08-19,,,1,1,17.58,,69.0,盘中候选，等待收盘确认,aster-consensus-agent-ranking-timeline.csv
盘中候选,Other,All,Ranking,aster-ema-cross-ranking-timeline,TSN,Tyson Foods,Consumer Staples,20,20,0,2026-08-19,,,1,1,58.634998,,69.0,盘中候选，等待收盘确认,aster-ema-cross-ranking-timeline.csv
盘中候选,Aster Research,单一信号 EMA Candle Capture,Aster,Aster Research · 单一信号 EMA Candle Capture,POR,PORTLAND GENERAL ELECTRIC,Utilities,39,39,0,2026-08-19,,,1,1,50.540001,82.0,68.9,盘中候选，等待收盘确认,aster-ema-candle-capture-ranking.csv
盘中候选,Aster Research,v5 Risk Adjusted,Aster,Aster Research · v5 Risk Adjusted,SJM,J.M. Smucker Company (The),Consumer Staples,38,38,0,2026-08-19,,,1,1,124.029999,76.43,68.8,盘中候选，等待收盘确认,aster-v5-risk-adjusted-ranking.csv
盘中候选,Aster Research,单一信号 EMA Cross,Aster,Aster Research · 单一信号 EMA Cross,LTC,LTC PROPERTIES REIT,Real Estate,39,39,0,2026-08-19,,,1,1,40.700001,81.2,68.8,盘中候选，等待收盘确认,aster-ema-cross-ranking.csv
盘中候选,Aster Research,v3 Quality Momentum,Aster,Aster Research · v3 Quality Momentum,MSTR,Strategy Inc - Class A Common Stock,,39,39,0,2026-08-19,,,1,1,111.760002,80.97,68.8,盘中候选，等待收盘确认,aster-v3-quality-momentum-ranking.csv
盘中候选,Aster Research,共识Agent 多榜单共振,Aster,Aster Research · 共识Agent 多榜单共振,FUTU,Futu Holdings Limited - American Depositary Shares,,40,40,0,2026-08-19,,,1,1,111.555,85.22,68.8,盘中候选，等待收盘确认,aster-consensus-agent-ranking.csv
盘中候选,Aster Research,v4 Tactical Breakout,Aster,Aster Research · v4 Tactical Breakout,INBX,INHIBRX BIOSCIENCES INC,Health Care,41,41,0,2026-08-19,,,1,1,97.400002,89.01,68.8,盘中候选，等待收盘确认,aster-v4-tactical-breakout-ranking.csv
盘中候选,Early,Nasdaq Liquid 500,日线,Early · Nasdaq Liquid 500 · 日线,KDP,Keurig Dr Pepper,Consumer Staples,21,21,0,2026-08-19,252,-231,1,1,31.4,,68.7,盘中候选，等待收盘确认,early-nasdaq500-ranking-timeline.csv
盘中候选,Aster Research,v2 Balanced,Aster,Aster Research · v2 Balanced,PGR,Progressive Corporation,Financials,39,39,0,2026-08-19,,,1,1,221.550003,79.91,68.7,盘中候选，等待收盘确认,aster-v2-balanced-ranking.csv
盘中候选,Other,All,Ranking,aster-v4-tactical-breakout-ranking-timeline,ADBE,Adobe Inc.,Information Technology,21,21,0,2026-08-19,,,1,1,272.079987,,68.7,盘中候选，等待收盘确认,aster-v4-tactical-breakout-ranking-timeline.csv
盘中候选,Other,All,Ranking,aster-v2-balanced-ranking-timeline,CRMD,CORMEDIX,Health Care,21,21,0,2026-08-19,,,1,1,8.41,,68.7,盘中候选，等待收盘确认,aster-v2-balanced-ranking-timeline.csv
盘中候选,Other,All,Ranking,aster-call-ranking-timeline,IONS,"Ionis Pharmaceuticals, Inc. - Common Stock",,21,21,0,2026-08-19,,,1,1,59.685001,,68.7,盘中候选，等待收盘确认,aster-call-ranking-timeline.csv
盘中候选,Other,All,Ranking,aster-ema-cross-ranking-timeline,PRDO,PERDOCEO EDUCATION,Consumer Discretionary,21,21,0,2026-08-19,,,1,1,32.794998,,68.7,盘中候选，等待收盘确认,aster-ema-cross-ranking-timeline.csv
盘中候选,Aster Research,单一信号 EMA Candle Capture,Aster,Aster Research · 单一信号 EMA Candle Capture,NWE,NORTHWESTERN ENERGY GROUP,Utilities,40,40,0,2026-08-19,,,1,1,71.139999,82.0,68.6,盘中候选，等待收盘确认,aster-ema-candle-capture-ranking.csv
盘中候选,Aster Research,v5 Risk Adjusted,Aster,Aster Research · v5 Risk Adjusted,MDLZ,Mondelez International,Consumer Staples,39,39,0,2026-08-19,,,1,1,64.565002,76.4,68.5,盘中候选，等待收盘确认,aster-v5-risk-adjusted-ranking.csv
盘中候选,Aster Research,单一信号 EMA Cross,Aster,Aster Research · 单一信号 EMA Cross,CMDB,COSTAMARE BULKERS HOLDINGS LTD,Industrials,40,40,0,2026-08-19,,,1,1,19.555,81.2,68.5,盘中候选，等待收盘确认,aster-ema-cross-ranking.csv
盘中候选,Aster Research,v3 Quality Momentum,Aster,Aster Research · v3 Quality Momentum,PDD,PDD Holdings Inc. - American Depositary Shares,,40,40,0,2026-08-19,,,1,1,88.489998,80.92,68.5,盘中候选，等待收盘确认,aster-v3-quality-momentum-ranking.csv
盘中候选,Aster Research,单一趋势 Trend Relay,Aster,Aster Research · 单一趋势 Trend Relay,WEN,WENDYS,Consumer Discretionary,43,43,0,2026-08-19,,,1,1,8.8054,94.0,68.5,盘中候选，等待收盘确认,aster-trend-relay-ranking.csv
盘中候选,Aster Research,共识Agent 多榜单共振,Aster,Aster Research · 共识Agent 多榜单共振,USGO,US GOLDMINING INC,Materials,41,41,0,2026-08-19,,,1,1,9.0,84.96,68.4,盘中候选，等待收盘确认,aster-consensus-agent-ranking.csv
盘中候选,Aster Research,v4 Tactical Breakout,Aster,Aster Research · v4 Tactical Breakout,SNDA,SONIDA SENIOR LIVING,Health Care,42,42,0,2026-08-19,,,1,1,40.799999,88.99,68.4,盘中候选，等待收盘确认,aster-v4-tactical-breakout-ranking.csv
盘中候选,Early,S&P 500,日线,Early · S&P 500 · 日线,AVY,Avery Dennison,Materials,22,22,0,2026-08-19,116,-94,1,1,183.054993,,68.3,盘中候选，等待收盘确认,early-spx-ranking-timeline.csv
盘中候选,Aster Call,All,Aster,Aster Call,ZBH,Zimmer Biomet,Health Care,41,41,0,2026-08-19,,,1,1,101.404999,82.94,68.3,盘中候选，等待收盘确认,aster-call-ranking.csv
盘中候选,Other,All,Ranking,aster-v3-quality-momentum-ranking-timeline,AOS,A. O. Smith,Industrials,22,22,0,2026-08-19,,,1,1,62.830002,,68.3,盘中候选，等待收盘确认,aster-v3-quality-momentum-ranking-timeline.csv
盘中候选,Other,All,Ranking,aster-consensus-agent-ranking-timeline,CMG,Chipotle Mexican Grill,Consumer Discretionary,22,22,0,2026-08-19,,,1,1,34.290001,,68.3,盘中候选，等待收盘确认,aster-consensus-agent-ranking-timeline.csv
盘中候选,Other,All,Ranking,aster-v4-tactical-breakout-ranking-timeline,CRC,CALIFORNIA RESOURCES,Energy,22,22,0,2026-08-19,,,1,1,54.349998,,68.3,盘中候选，等待收盘确认,aster-v4-tactical-breakout-ranking-timeline.csv
盘中候选,Other,All,Ranking,aster-v2-balanced-ranking-timeline,IONS,"Ionis Pharmaceuticals, Inc. - Common Stock",,22,22,0,2026-08-19,,,1,1,59.685001,,68.3,盘中候选，等待收盘确认,aster-v2-balanced-ranking-timeline.csv
盘中候选,Other,All,Ranking,aster-trend-relay-ranking-timeline,PEP,PepsiCo,Consumer Staples,22,22,0,2026-08-19,,,1,1,141.960007,,68.3,盘中候选，等待收盘确认,aster-trend-relay-ranking-timeline.csv
盘中候选,Other,All,Ranking,aster-ema-cross-ranking-timeline,SNDK,Sandisk,Information Technology,22,22,0,2026-08-19,,,1,1,1587.599976,,68.3,盘中候选，等待收盘确认,aster-ema-cross-ranking-timeline.csv
盘中候选,Early,Nasdaq Liquid 500,4小时,Early · Nasdaq Liquid 500 · 4小时,IRTC,IRHYTHM HOLDINGS INC,Health Care,38,38,0,2026-08-19,152,-114,1,1,127.330002,69.03,68.2,盘中候选，等待收盘确认,early-nasdaq500-4h-signal-ranking.csv
盘中候选,Aster Research,单一信号 EMA Candle Capture,Aster,Aster Research · 单一信号 EMA Candle Capture,FCPT,FOUR CORNERS PROPERTY INC TRUST,Real Estate,41,41,0,2026-08-19,,,1,1,25.299999,82.0,68.2,盘中候选，等待收盘确认,aster-ema-candle-capture-ranking.csv
盘中候选,Aster Research,v3 Quality Momentum,Aster,Aster Research · v3 Quality Momentum,PYPL,PayPal,Financials,41,41,0,2026-08-19,,,1,1,61.77,80.91,68.1,盘中候选，等待收盘确认,aster-v3-quality-momentum-ranking.csv
盘中候选,Aster Research,共识Agent 多榜单共振,Aster,Aster Research · 共识Agent 多榜单共振,PGR,Progressive Corporation,Financials,42,42,0,2026-08-19,,,1,1,221.550003,84.84,68.1,盘中候选，等待收盘确认,aster-consensus-agent-ranking.csv
盘中候选,Aster Research,v2 Balanced,Aster,Aster Research · v2 Balanced,SONO,SONOS,Consumer Discretionary,41,41,0,2026-08-19,,,1,1,16.120001,79.86,68.0,盘中候选，等待收盘确认,aster-v2-balanced-ranking.csv
盘中候选,Other,All,Ranking,aster-v3-quality-momentum-ranking-timeline,CMDB,COSTAMARE BULKERS HOLDINGS LTD,Industrials,23,23,0,2026-08-19,,,1,1,19.555,,68.0,盘中候选，等待收盘确认,aster-v3-quality-momentum-ranking-timeline.csv
盘中候选,Other,All,Ranking,aster-ema-candle-capture-ranking-timeline,DMAC,DIAMEDICA THERAPEUTICS INC,Health Care,23,23,0,2026-08-19,,,1,1,6.65,,68.0,盘中候选，等待收盘确认,aster-ema-candle-capture-ranking-timeline.csv
盘中候选,Other,All,Ranking,aster-v4-tactical-breakout-ranking-timeline,HOOD,Robinhood Markets,Financials,23,23,0,2026-08-19,,,1,1,97.139999,,68.0,盘中候选，等待收盘确认,aster-v4-tactical-breakout-ranking-timeline.csv
盘中候选,Other,All,Ranking,aster-v5-risk-adjusted-ranking-timeline,INBX,INHIBRX BIOSCIENCES INC,Health Care,23,23,0,2026-08-19,,,1,1,97.400002,,68.0,盘中候选，等待收盘确认,aster-v5-risk-adjusted-ranking-timeline.csv
盘中候选,Other,All,Ranking,aster-trend-relay-ranking-timeline,MDLZ,Mondelez International,Consumer Staples,23,23,0,2026-08-19,,,1,1,64.565002,,68.0,盘中候选，等待收盘确认,aster-trend-relay-ranking-timeline.csv
盘中候选,Other,All,Ranking,aster-v2-balanced-ranking-timeline,USGO,US GOLDMINING INC,Materials,23,23,0,2026-08-19,,,1,1,9.0,,68.0,盘中候选，等待收盘确认,aster-v2-balanced-ranking-timeline.csv
盘中候选,Aster Call,All,Aster,Aster Call,CF,CF Industries,Materials,42,42,0,2026-08-19,,,1,1,127.040001,82.78,67.9,盘中候选，等待收盘确认,aster-call-ranking.csv
盘中候选,Aster Research,单一信号 EMA Candle Capture,Aster,Aster Research · 单一信号 EMA Candle Capture,BKH,BLACK HILLS CORP,Utilities,42,42,0,2026-08-19,,,1,1,73.739998,82.0,67.8,盘中候选，等待收盘确认,aster-ema-candle-capture-ranking.csv
盘中候选,Aster Research,v5 Risk Adjusted,Aster,Aster Research · v5 Risk Adjusted,BBIO,"BridgeBio Pharma, Inc. - Common Stock",,41,41,0,2026-08-19,,,1,1,83.525002,76.37,67.7,盘中候选，等待收盘确认,aster-v5-risk-adjusted-ranking.csv
盘中候选,Aster Research,单一信号 EMA Cross,Aster,Aster Research · 单一信号 EMA Cross,SI,SHOULDER INNOVATIONS,Health Care,42,42,0,2026-08-19,,,1,1,22.382,80.55,67.7,盘中候选，等待收盘确认,aster-ema-cross-ranking.csv
盘中候选,Aster Research,共识Agent 多榜单共振,Aster,Aster Research · 共识Agent 多榜单共振,CRC,CALIFORNIA RESOURCES,Energy,43,43,0,2026-08-19,,,1,1,54.349998,84.76,67.7,盘中候选，等待收盘确认,aster-consensus-agent-ranking.csv
盘中候选,Aster Research,v4 Tactical Breakout,Aster,Aster Research · v4 Tactical Breakout,DNUT,KRISPY KREME,Consumer Discretionary,44,44,0,2026-08-19,,,1,1,3.48,88.85,67.7,盘中候选，等待收盘确认,aster-v4-tactical-breakout-ranking.csv
盘中候选,Aster Research,v2 Balanced,Aster,Aster Research · v2 Balanced,CF,CF Industries,Materials,42,42,0,2026-08-19,,,1,1,127.040001,79.73,67.6,盘中候选，等待收盘确认,aster-v2-balanced-ranking.csv
盘中候选,Other,All,Ranking,aster-call-ranking-timeline,INVH,Invitation Homes,Real Estate,24,24,0,2026-08-19,,,1,1,30.315001,,67.6,盘中候选，等待收盘确认,aster-call-ranking-timeline.csv
盘中候选,Other,All,Ranking,aster-consensus-agent-ranking-timeline,NVAX,NOVAVAX,Health Care,24,24,0,2026-08-19,,,1,1,8.17,,67.6,盘中候选，等待收盘确认,aster-consensus-agent-ranking-timeline.csv
盘中候选,Other,All,Ranking,aster-v3-quality-momentum-ranking-timeline,PEP,PepsiCo,Consumer Staples,24,24,0,2026-08-19,,,1,1,141.960007,,67.6,盘中候选，等待收盘确认,aster-v3-quality-momentum-ranking-timeline.csv
盘中候选,Other,All,Ranking,aster-v2-balanced-ranking-timeline,RXRX,RECURSION PHARMACEUTICALS CLASS A,Health Care,24,24,0,2026-08-19,,,1,1,3.32,,67.6,盘中候选，等待收盘确认,aster-v2-balanced-ranking-timeline.csv
盘中候选,Aster Call,All,Aster,Aster Call,PYPL,PayPal,Financials,43,43,0,2026-08-19,,,1,1,61.77,82.76,67.5,盘中候选，等待收盘确认,aster-call-ranking.csv
盘中候选,Aster Research,单一信号 EMA Candle Capture,Aster,Aster Research · 单一信号 EMA Candle Capture,SBRA,SABRA HEALTH CARE REIT,Real Estate,43,43,0,2026-08-19,,,1,1,20.684999,82.0,67.5,盘中候选，等待收盘确认,aster-ema-candle-capture-ranking.csv
盘中候选,Aster Research,v5 Risk Adjusted,Aster,Aster Research · v5 Risk Adjusted,MUR,MURPHY OIL CORP,Energy,42,42,0,2026-08-19,,,1,1,38.23,76.31,67.4,盘中候选，等待收盘确认,aster-v5-risk-adjusted-ranking.csv
盘中候选,Aster Research,v3 Quality Momentum,Aster,Aster Research · v3 Quality Momentum,AFRI,FORAFRIC GLOBAL PLC,Consumer Staples,43,43,0,2026-08-19,,,1,1,11.0,80.56,67.4,盘中候选，等待收盘确认,aster-v3-quality-momentum-ranking.csv
盘中候选,Prism,S&P 500,4小时,Prism · S&P 500 · 4小时,LRCX,Lam Research,Information Technology,40,40,0,2026-08-19,190,-150,1,1,309.299988,66.39,67.3,盘中候选，等待收盘确认,prism-spx-4h-signal-ranking.csv
盘中候选,Aster Research,单一信号 EMA Cross,Aster,Aster Research · 单一信号 EMA Cross,LAND,GLADSTONE LAND REIT CORP,Real Estate,43,43,0,2026-08-19,,,1,1,8.639,80.4,67.3,盘中候选，等待收盘确认,aster-ema-cross-ranking.csv
盘中候选,Aster Research,v2 Balanced,Aster,Aster Research · v2 Balanced,LCII,LCI INDUSTRIES,Consumer Discretionary,43,43,0,2026-08-19,,,1,1,105.910004,79.68,67.3,盘中候选，等待收盘确认,aster-v2-balanced-ranking.csv
盘中候选,Aster Research,共识Agent 多榜单共振,Aster,Aster Research · 共识Agent 多榜单共振,CALX,CALIX NETWORKS,Information Technology,44,44,0,2026-08-19,,,1,1,40.635399,84.71,67.3,盘中候选，等待收盘确认,aster-consensus-agent-ranking.csv
盘中候选,Aster Research,v4 Tactical Breakout,Aster,Aster Research · v4 Tactical Breakout,MELI,"MercadoLibre, Inc. - Common Stock",,45,45,0,2026-08-19,,,1,1,1898.564941,88.75,67.3,盘中候选，等待收盘确认,aster-v4-tactical-breakout-ranking.csv
盘中候选,Early,Nasdaq Liquid 500,日线,Early · Nasdaq Liquid 500 · 日线,NESR,NATIONAL ENERGY SERVICES REUNITED,Energy,25,25,0,2026-08-19,153,-128,1,1,33.924999,,67.2,盘中候选，等待收盘确认,early-nasdaq500-ranking-timeline.csv
盘中候选,Aster Call,All,Aster,Aster Call,TSN,Tyson Foods,Consumer Staples,44,44,0,2026-08-19,,,1,1,58.634998,82.73,67.2,盘中候选，等待收盘确认,aster-call-ranking.csv
盘中候选,Other,All,Ranking,aster-consensus-agent-ranking-timeline,AFRI,FORAFRIC GLOBAL PLC,Consumer Staples,25,25,0,2026-08-19,,,1,1,11.0,,67.2,盘中候选，等待收盘确认,aster-consensus-agent-ranking-timeline.csv
盘中候选,Other,All,Ranking,aster-ema-candle-capture-ranking-timeline,EVRG,Evergy,Utilities,25,25,0,2026-08-19,,,1,1,84.279999,,67.2,盘中候选，等待收盘确认,aster-ema-candle-capture-ranking-timeline.csv
盘中候选,Other,All,Ranking,aster-v5-risk-adjusted-ranking-timeline,HROW,HARROW,Health Care,25,25,0,2026-08-19,,,1,1,42.18,,67.2,盘中候选，等待收盘确认,aster-v5-risk-adjusted-ranking-timeline.csv
盘中候选,Other,All,Ranking,aster-call-ranking-timeline,NREF,NEXPOINT REAL ESTATE FINANCE,Financials,25,25,0,2026-08-19,,,1,1,17.58,,67.2,盘中候选，等待收盘确认,aster-call-ranking-timeline.csv
盘中候选,Other,All,Ranking,aster-v3-quality-momentum-ranking-timeline,VLTO,Veralto,Industrials,25,25,0,2026-08-19,,,1,1,100.279999,,67.2,盘中候选，等待收盘确认,aster-v3-quality-momentum-ranking-timeline.csv
盘中候选,Aster Research,单一信号 EMA Candle Capture,Aster,Aster Research · 单一信号 EMA Candle Capture,OVLY,OAK VALLEY BANCORP,Financials,44,44,0,2026-08-19,,,1,1,34.115002,82.0,67.1,盘中候选，等待收盘确认,aster-ema-candle-capture-ranking.csv
盘中候选,Aster Research,v5 Risk Adjusted,Aster,Aster Research · v5 Risk Adjusted,NREF,NEXPOINT REAL ESTATE FINANCE,Financials,43,43,0,2026-08-19,,,1,1,17.58,76.19,67.0,盘中候选，等待收盘确认,aster-v5-risk-adjusted-ranking.csv
盘中候选,Aster Research,v3 Quality Momentum,Aster,Aster Research · v3 Quality Momentum,UPB,UPSTREAM BIO,Health Care,44,44,0,2026-08-19,,,1,1,7.09,80.51,67.0,盘中候选，等待收盘确认,aster-v3-quality-momentum-ranking.csv
盘中候选,Early,Russell,日线,Early · Russell · 日线,BL,BLACKLINE INC,Information Technology,26,26,0,2026-08-19,696,-670,1,1,31.440001,,66.9,盘中候选，等待收盘确认,early-russell2000-ranking-timeline.csv
盘中候选,Aster Research,v2 Balanced,Aster,Aster Research · v2 Balanced,CALX,CALIX NETWORKS,Information Technology,44,44,0,2026-08-19,,,1,1,40.635399,79.67,66.9,盘中候选，等待收盘确认,aster-v2-balanced-ranking.csv
盘中候选,Aster Research,v4 Tactical Breakout,Aster,Aster Research · v4 Tactical Breakout,AAPL,Apple Inc.,Information Technology,46,46,0,2026-08-19,,,1,1,317.170013,88.65,66.9,盘中候选，等待收盘确认,aster-v4-tactical-breakout-ranking.csv
盘中候选,Other,All,Ranking,aster-v5-risk-adjusted-ranking-timeline,STRZ,STARZ ENTERTAINMENT,Communication,26,26,0,2026-08-19,,,1,1,27.4,,66.9,盘中候选，等待收盘确认,aster-v5-risk-adjusted-ranking-timeline.csv
盘中候选,Other,All,Ranking,aster-ema-candle-capture-ranking-timeline,XEL,Xcel Energy,Utilities,26,26,0,2026-08-19,,,1,1,79.610001,,66.9,盘中候选，等待收盘确认,aster-ema-candle-capture-ranking-timeline.csv
盘中候选,Aster Call,All,Aster,Aster Call,CMDB,COSTAMARE BULKERS HOLDINGS LTD,Industrials,45,45,0,2026-08-19,,,1,1,19.555,82.73,66.8,盘中候选，等待收盘确认,aster-call-ranking.csv
盘中候选,Prism,Russell,4小时,Prism · Russell · 4小时,SG,SWEETGREEN INC CLASS A,Consumer Discretionary,43,43,0,2026-08-19,103,-60,1,1,6.515,73.07,66.7,盘中候选，等待收盘确认,prism-russell2000-4h-signal-ranking.csv
盘中候选,Aster Research,单一信号 EMA Candle Capture,Aster,Aster Research · 单一信号 EMA Candle Capture,OTTR,OTTER TAIL,Utilities,45,45,0,2026-08-19,,,1,1,92.324997,82.0,66.7,盘中候选，等待收盘确认,aster-ema-candle-capture-ranking.csv
盘中候选,Prism,Nasdaq Liquid 500,4小时,Prism · Nasdaq Liquid 500 · 4小时,CPB,The Campbell's Company - Common Stock,,42,42,0,2026-08-19,103,-61,1,1,23.34,66.87,66.6,盘中候选，等待收盘确认,prism-nasdaq500-4h-signal-ranking.csv
盘中候选,Aster Research,v3 Quality Momentum,Aster,Aster Research · v3 Quality Momentum,RVTY,Revvity,Health Care,45,45,0,2026-08-19,,,1,1,121.125,80.49,66.6,盘中候选，等待收盘确认,aster-v3-quality-momentum-ranking.csv
盘中候选,Aster Research,v2 Balanced,Aster,Aster Research · v2 Balanced,VLTO,Veralto,Industrials,45,45,0,2026-08-19,,,1,1,100.279999,79.64,66.6,盘中候选，等待收盘确认,aster-v2-balanced-ranking.csv
盘中候选,Aster Research,单一趋势 Trend Relay,Aster,Aster Research · 单一趋势 Trend Relay,KYMR,KYMERA THERAPEUTICS,Health Care,48,48,0,2026-08-19,,,1,1,123.949997,94.0,66.6,盘中候选，等待收盘确认,aster-trend-relay-ranking.csv
盘中候选,Early,S&P 500,日线,Early · S&P 500 · 日线,SPGI,S&P Global,Financials,27,27,0,2026-08-19,191,-164,1,1,427.11499,,66.5,盘中候选，等待收盘确认,early-spx-ranking-timeline.csv
盘中候选,Early,Nasdaq Liquid 500,日线,Early · Nasdaq Liquid 500 · 日线,WEN,WENDYS,Consumer Discretionary,27,27,0,2026-08-19,183,-156,1,1,8.805,,66.5,盘中候选，等待收盘确认,early-nasdaq500-ranking-timeline.csv
盘中候选,Early,Russell,日线,Early · Russell · 日线,MUR,MURPHY OIL CORP,Energy,27,27,0,2026-08-19,1153,-1126,1,1,38.294998,,66.5,盘中候选，等待收盘确认,early-russell2000-ranking-timeline.csv
盘中候选,Early,Russell,4小时,Early · Russell · 4小时,ALX,ALEXANDERS REIT INC,Real Estate,45,45,0,2026-08-19,102,-57,1,1,271.399994,78.72,66.5,盘中候选，等待收盘确认,early-russell2000-4h-signal-ranking.csv
盘中候选,Prism,S&P 500,4小时,Prism · S&P 500 · 4小时,ADBE,Adobe Inc.,Information Technology,42,42,0,2026-08-19,154,-112,1,1,272.079987,65.74,66.5,盘中候选，等待收盘确认,prism-spx-4h-signal-ranking.csv
盘中候选,Other,All,Ranking,aster-ema-candle-capture-ranking-timeline,CCEP,Coca-Cola Europacific Partners plc - Ordinary Shares,,27,27,0,2026-08-19,,,1,1,107.245003,,66.5,盘中候选，等待收盘确认,aster-ema-candle-capture-ranking-timeline.csv
盘中候选,Other,All,Ranking,aster-v5-risk-adjusted-ranking-timeline,CRC,CALIFORNIA RESOURCES,Energy,27,27,0,2026-08-19,,,1,1,54.349998,,66.5,盘中候选，等待收盘确认,aster-v5-risk-adjusted-ranking-timeline.csv
盘中候选,Other,All,Ranking,aster-consensus-agent-ranking-timeline,LCII,LCI INDUSTRIES,Consumer Discretionary,27,27,0,2026-08-19,,,1,1,105.910004,,66.5,盘中候选，等待收盘确认,aster-consensus-agent-ranking-timeline.csv
盘中候选,Other,All,Ranking,aster-v2-balanced-ranking-timeline,NVAX,NOVAVAX,Health Care,27,27,0,2026-08-19,,,1,1,8.17,,66.5,盘中候选，等待收盘确认,aster-v2-balanced-ranking-timeline.csv
盘中候选,Other,All,Ranking,aster-v3-quality-momentum-ranking-timeline,SJM,J.M. Smucker Company (The),Consumer Staples,27,27,0,2026-08-19,,,1,1,124.029999,,66.5,盘中候选，等待收盘确认,aster-v3-quality-momentum-ranking-timeline.csv
盘中候选,Other,All,Ranking,aster-v4-tactical-breakout-ranking-timeline,SLG,SL GREEN REALTY REIT CORP,Real Estate,27,27,0,2026-08-19,,,1,1,57.389999,,66.5,盘中候选，等待收盘确认,aster-v4-tactical-breakout-ranking-timeline.csv
盘中候选,Other,All,Ranking,aster-call-ranking-timeline,SNDA,SONIDA SENIOR LIVING,Health Care,27,27,0,2026-08-19,,,1,1,40.799999,,66.5,盘中候选，等待收盘确认,aster-call-ranking-timeline.csv
盘中候选,Prism,Nasdaq 200,4小时,Prism · Nasdaq 200 · 4小时,GILD,Gilead Sciences,Health Care,42,42,0,2026-08-19,111,-69,1,1,145.339996,64.18,66.4,盘中候选，等待收盘确认,prism-nasdaq200-4h-signal-ranking.csv
盘中候选,Aster Call,All,Aster,Aster Call,MRVL,Marvell Technology,Information Technology,46,46,0,2026-08-19,,,1,1,236.520004,82.68,66.4,盘中候选，等待收盘确认,aster-call-ranking.csv
盘中候选,Aster Research,v5 Risk Adjusted,Aster,Aster Research · v5 Risk Adjusted,ADBE,Adobe Inc.,Information Technology,45,45,0,2026-08-19,,,1,1,272.079987,76.13,66.3,盘中候选，等待收盘确认,aster-v5-risk-adjusted-ranking.csv
盘中候选,Aster Research,v3 Quality Momentum,Aster,Aster Research · v3 Quality Momentum,UBER,Uber,Industrials,46,46,0,2026-08-19,,,1,1,79.834999,80.45,66.3,盘中候选，等待收盘确认,aster-v3-quality-momentum-ranking.csv
盘中候选,Early,Nasdaq Liquid 500,日线,Early · Nasdaq Liquid 500 · 日线,ASND,Ascendis Pharma A/S - Ordinary Share,,28,28,0,2026-08-19,211,-183,1,1,260.375,,66.2,盘中候选，等待收盘确认,early-nasdaq500-ranking-timeline.csv
盘中候选,Early,Russell,日线,Early · Russell · 日线,CTEV,CLARITEV CORP CLASS A,Health Care,28,28,0,2026-08-19,124,-96,1,1,35.0,,66.2,盘中候选，等待收盘确认,early-russell2000-ranking-timeline.csv
盘中候选,Prism,Nasdaq Liquid 500,4小时,Prism · Nasdaq Liquid 500 · 4小时,ADP,Automatic Data Processing,Industrials,43,43,0,2026-08-19,147,-104,1,1,279.149994,66.71,66.2,盘中候选，等待收盘确认,prism-nasdaq500-4h-signal-ranking.csv
盘中候选,Aster Research,单一信号 EMA Candle Capture,Aster,Aster Research · 单一信号 EMA Candle Capture,CEG,Constellation Energy,Utilities,46,46,0,2026-08-19,,,1,1,275.325012,80.0,66.2,盘中候选，等待收盘确认,aster-ema-candle-capture-ranking.csv
盘中候选,Aster Research,v2 Balanced,Aster,Aster Research · v2 Balanced,SJM,J.M. Smucker Company (The),Consumer Staples,46,46,0,2026-08-19,,,1,1,124.029999,79.63,66.2,盘中候选，等待收盘确认,aster-v2-balanced-ranking.csv
盘中候选,Aster Research,v4 Tactical Breakout,Aster,Aster Research · v4 Tactical Breakout,PM,Philip Morris International,Consumer Staples,48,48,0,2026-08-19,,,1,1,190.695007,88.48,66.2,盘中候选，等待收盘确认,aster-v4-tactical-breakout-ranking.csv
盘中候选,Other,All,Ranking,aster-v5-risk-adjusted-ranking-timeline,CF,CF Industries,Materials,28,28,0,2026-08-19,,,1,1,127.040001,,66.2,盘中候选，等待收盘确认,aster-v5-risk-adjusted-ranking-timeline.csv
盘中候选,Other,All,Ranking,aster-call-ranking-timeline,CRMD,CORMEDIX,Health Care,28,28,0,2026-08-19,,,1,1,8.41,,66.2,盘中候选，等待收盘确认,aster-call-ranking-timeline.csv
盘中候选,Other,All,Ranking,aster-v3-quality-momentum-ranking-timeline,DKNG,DraftKings Inc. - Class A Common Stock,,28,28,0,2026-08-19,,,1,1,25.91,,66.2,盘中候选，等待收盘确认,aster-v3-quality-momentum-ranking-timeline.csv
盘中候选,Other,All,Ranking,aster-consensus-agent-ranking-timeline,IONS,"Ionis Pharmaceuticals, Inc. - Common Stock",,28,28,0,2026-08-19,,,1,1,59.685001,,66.2,盘中候选，等待收盘确认,aster-consensus-agent-ranking-timeline.csv
盘中候选,Other,All,Ranking,aster-trend-relay-ranking-timeline,SNY,Sanofi - American Depositary Shares,,28,28,0,2026-08-19,,,1,1,45.459999,,66.2,盘中候选，等待收盘确认,aster-trend-relay-ranking-timeline.csv
盘中候选,Other,All,Ranking,aster-ema-candle-capture-ranking-timeline,SYY,Sysco,Consumer Staples,28,28,0,2026-08-19,,,1,1,84.352997,,66.2,盘中候选，等待收盘确认,aster-ema-candle-capture-ranking-timeline.csv
盘中候选,Aster Call,All,Aster,Aster Call,ADBE,Adobe Inc.,Information Technology,47,47,0,2026-08-19,,,1,1,272.079987,82.65,66.1,盘中候选，等待收盘确认,aster-call-ranking.csv
盘中候选,Aster Research,v3 Quality Momentum,Aster,Aster Research · v3 Quality Momentum,RXRX,RECURSION PHARMACEUTICALS CLASS A,Health Care,47,47,0,2026-08-19,,,1,1,3.32,80.43,65.9,盘中候选，等待收盘确认,aster-v3-quality-momentum-ranking.csv
盘中候选,Early,Russell,日线,Early · Russell · 日线,WEAV,WEAVE COMMUNICATIONS,Information Technology,29,29,0,2026-08-19,884,-855,1,1,7.3101,,65.8,盘中候选，等待收盘确认,early-russell2000-ranking-timeline.csv
盘中候选,Prism,Russell,日线,Prism · Russell · 日线,PURR,HYPERLIQUID STRATEGIES INC,Health Care,29,29,0,2026-08-19,429,-400,1,1,9.8299,,65.8,盘中候选，等待收盘确认,prism-russell2000-ranking-timeline.csv
盘中候选,Aster Research,v2 Balanced,Aster,Aster Research · v2 Balanced,PEP,PepsiCo,Consumer Staples,47,47,0,2026-08-19,,,1,1,141.960007,79.61,65.8,盘中候选，等待收盘确认,aster-v2-balanced-ranking.csv
盘中候选,Aster Research,v4 Tactical Breakout,Aster,Aster Research · v4 Tactical Breakout,XPEL,XPEL,Consumer Discretionary,49,49,0,2026-08-19,,,1,1,50.330002,88.48,65.8,盘中候选，等待收盘确认,aster-v4-tactical-breakout-ranking.csv
盘中候选,Other,All,Ranking,aster-consensus-agent-ranking-timeline,BBIO,"BridgeBio Pharma, Inc. - Common Stock",,29,29,0,2026-08-19,,,1,1,83.525002,,65.8,盘中候选，等待收盘确认,aster-consensus-agent-ranking-timeline.csv
盘中候选,Other,All,Ranking,aster-v2-balanced-ranking-timeline,BBIO,"BridgeBio Pharma, Inc. - Common Stock",,29,29,0,2026-08-19,,,1,1,83.525002,,65.8,盘中候选，等待收盘确认,aster-v2-balanced-ranking-timeline.csv
盘中候选,Other,All,Ranking,aster-v4-tactical-breakout-ranking-timeline,FWONK,Liberty Media Corporation - Series C Liberty Formula One Common Stock,,29,29,0,2026-08-19,,,1,1,104.68,,65.8,盘中候选，等待收盘确认,aster-v4-tactical-breakout-ranking-timeline.csv
盘中候选,Other,All,Ranking,aster-v3-quality-momentum-ranking-timeline,IONS,"Ionis Pharmaceuticals, Inc. - Common Stock",,29,29,0,2026-08-19,,,1,1,59.685001,,65.8,盘中候选，等待收盘确认,aster-v3-quality-momentum-ranking-timeline.csv
盘中候选,Other,All,Ranking,aster-v5-risk-adjusted-ranking-timeline,PEP,PepsiCo,Consumer Staples,29,29,0,2026-08-19,,,1,1,141.960007,,65.8,盘中候选，等待收盘确认,aster-v5-risk-adjusted-ranking-timeline.csv
盘中候选,Other,All,Ranking,aster-trend-relay-ranking-timeline,TRI,Thomson Reuters Corp - Common Shares,,29,29,0,2026-08-19,,,1,1,105.510002,,65.8,盘中候选，等待收盘确认,aster-trend-relay-ranking-timeline.csv
盘中候选,Other,All,Ranking,aster-ema-candle-capture-ranking-timeline,WST,West Pharmaceutical Services,Health Care,29,29,0,2026-08-19,,,1,1,354.75,,65.8,盘中候选，等待收盘确认,aster-ema-candle-capture-ranking-timeline.csv
盘中候选,Aster Research,共识Agent 多榜单共振,Aster,Aster Research · 共识Agent 多榜单共振,HNRG,HALLADOR ENERGY,Utilities,48,48,0,2026-08-19,,,1,1,16.25,82.08,65.7,盘中候选，等待收盘确认,aster-consensus-agent-ranking.csv
盘中候选,Prism,Russell,4小时,Prism · Russell · 4小时,TXNM,TXNM ENERGY INC,Utilities,46,46,0,2026-08-19,351,-305,1,1,57.665001,72.74,65.6,盘中候选，等待收盘确认,prism-russell2000-4h-signal-ranking.csv
盘中候选,Prism,Nasdaq Liquid 500,4小时,Prism · Nasdaq Liquid 500 · 4小时,ADBE,Adobe Inc.,Information Technology,45,45,0,2026-08-19,101,-56,1,1,272.079987,66.2,65.5,盘中候选，等待收盘确认,prism-nasdaq500-4h-signal-ranking.csv
盘中候选,Aster Research,v5 Risk Adjusted,Aster,Aster Research · v5 Risk Adjusted,OFRM,ONCE UPON A FARM PBC,Consumer Staples,47,47,0,2026-08-19,,,1,1,17.780001,76.0,65.5,盘中候选，等待收盘确认,aster-v5-risk-adjusted-ranking.csv
盘中候选,Aster Research,单一信号 EMA Candle Capture,Aster,Aster Research · 单一信号 EMA Candle Capture,AFRM,"Affirm Holdings, Inc. - Class A Common Stock",,48,48,0,2026-08-19,,,1,1,76.037804,80.0,65.5,盘中候选，等待收盘确认,aster-ema-candle-capture-ranking.csv
盘中候选,Aster Research,v3 Quality Momentum,Aster,Aster Research · v3 Quality Momentum,CBRE,CBRE Group,Real Estate,48,48,0,2026-08-19,,,1,1,153.440002,80.42,65.5,盘中候选，等待收盘确认,aster-v3-quality-momentum-ranking.csv
盘中候选,Aster Research,v2 Balanced,Aster,Aster Research · v2 Balanced,INBX,INHIBRX BIOSCIENCES INC,Health Care,48,48,0,2026-08-19,,,1,1,97.400002,79.6,65.5,盘中候选，等待收盘确认,aster-v2-balanced-ranking.csv
盘中候选,Aster Research,v4 Tactical Breakout,Aster,Aster Research · v4 Tactical Breakout,CGON,CG ONCOLOGY,Health Care,50,50,0,2026-08-19,,,1,1,78.519997,88.47,65.5,盘中候选，等待收盘确认,aster-v4-tactical-breakout-ranking.csv
盘中候选,Early,Russell,日线,Early · Russell · 日线,CTNM,CONTINEUM THERAPEUTICS INC CLASS A,Health Care,30,30,0,2026-08-19,577,-547,1,1,15.93,,65.4,盘中候选，等待收盘确认,early-russell2000-ranking-timeline.csv
盘中候选,Aster Call,All,Aster,Aster Call,BEAM,BEAM THERAPEUTICS,Health Care,49,49,0,2026-08-19,,,1,1,27.43,82.63,65.4,盘中候选，等待收盘确认,aster-call-ranking.csv
盘中候选,Other,All,Ranking,aster-v2-balanced-ranking-timeline,CSGP,CoStar Group,Real Estate,30,30,0,2026-08-19,,,1,1,32.700001,,65.4,盘中候选，等待收盘确认,aster-v2-balanced-ranking-timeline.csv
盘中候选,Other,All,Ranking,aster-consensus-agent-ranking-timeline,DNUT,KRISPY KREME,Consumer Discretionary,30,30,0,2026-08-19,,,1,1,3.48,,65.4,盘中候选，等待收盘确认,aster-consensus-agent-ranking-timeline.csv
盘中候选,Other,All,Ranking,aster-ema-candle-capture-ranking-timeline,EXR,Extra Space Storage,Real Estate,30,30,0,2026-08-19,,,1,1,147.375,,65.4,盘中候选，等待收盘确认,aster-ema-candle-capture-ranking-timeline.csv
盘中候选,Other,All,Ranking,aster-v4-tactical-breakout-ranking-timeline,FWONA,Liberty Media Corporation - Series A Liberty Formula One Common Stock,,30,30,0,2026-08-19,,,1,1,95.860001,,65.4,盘中候选，等待收盘确认,aster-v4-tactical-breakout-ranking-timeline.csv
盘中候选,Other,All,Ranking,aster-call-ranking-timeline,NVAX,NOVAVAX,Health Care,30,30,0,2026-08-19,,,1,1,8.17,,65.4,盘中候选，等待收盘确认,aster-call-ranking-timeline.csv
盘中候选,Other,All,Ranking,aster-v3-quality-momentum-ranking-timeline,NVAX,NOVAVAX,Health Care,30,30,0,2026-08-19,,,1,1,8.17,,65.4,盘中候选，等待收盘确认,aster-v3-quality-momentum-ranking-timeline.csv
盘中候选,Other,All,Ranking,aster-v5-risk-adjusted-ranking-timeline,VNOM,"Viper Energy, Inc.  - Class A Common Stock",,30,30,0,2026-08-19,,,1,1,44.945,,65.4,盘中候选，等待收盘确认,aster-v5-risk-adjusted-ranking-timeline.csv
盘中候选,Aster Research,共识Agent 多榜单共振,Aster,Aster Research · 共识Agent 多榜单共振,XEL,Xcel Energy,Utilities,49,49,0,2026-08-19,,,1,1,79.610001,81.83,65.3,盘中候选，等待收盘确认,aster-consensus-agent-ranking.csv
盘中候选,Aster Research,v3 Quality Momentum,Aster,Aster Research · v3 Quality Momentum,EFX,Equifax,Industrials,49,49,0,2026-08-19,,,1,1,193.509995,80.41,65.2,盘中候选，等待收盘确认,aster-v3-quality-momentum-ranking.csv
盘中候选,Early,Nasdaq Liquid 500,日线,Early · Nasdaq Liquid 500 · 日线,TVTX,TRAVERE THERAPEUTICS,Health Care,31,31,0,2026-08-19,178,-147,1,1,65.43,,65.1,盘中候选，等待收盘确认,early-nasdaq500-ranking-timeline.csv
盘中候选,Aster Research,单一信号 EMA Cross,Aster,Aster Research · 单一信号 EMA Cross,CTMX,CYTOMX THERAPEUTICS,Health Care,49,49,0,2026-08-19,,,1,1,3.455,79.6,65.1,盘中候选，等待收盘确认,aster-ema-cross-ranking.csv
盘中候选,Aster Research,单一信号 EMA Candle Capture,Aster,Aster Research · 单一信号 EMA Candle Capture,CVNA,Carvana,Consumer Discretionary,49,49,0,2026-08-19,,,1,1,69.760101,80.0,65.1,盘中候选，等待收盘确认,aster-ema-candle-capture-ranking.csv
盘中候选,Aster Research,v2 Balanced,Aster,Aster Research · v2 Balanced,SPGI,S&P Global,Financials,49,49,0,2026-08-19,,,1,1,426.720001,79.54,65.1,盘中候选，等待收盘确认,aster-v2-balanced-ranking.csv
盘中候选,Other,All,Ranking,aster-trend-relay-ranking-timeline,ASND,Ascendis Pharma A/S - Ordinary Share,,31,31,0,2026-08-19,,,1,1,258.98999,,65.1,盘中候选，等待收盘确认,aster-trend-relay-ranking-timeline.csv
盘中候选,Other,All,Ranking,aster-ema-candle-capture-ranking-timeline,BALL,Ball Corporation,Materials,31,31,0,2026-08-19,,,1,1,62.73,,65.1,盘中候选，等待收盘确认,aster-ema-candle-capture-ranking-timeline.csv
盘中候选,Other,All,Ranking,aster-v4-tactical-breakout-ranking-timeline,GERN,GERON,Health Care,31,31,0,2026-08-19,,,1,1,1.5688,,65.1,盘中候选，等待收盘确认,aster-v4-tactical-breakout-ranking-timeline.csv
盘中候选,Other,All,Ranking,aster-consensus-agent-ranking-timeline,PYPL,PayPal,Financials,31,31,0,2026-08-19,,,1,1,61.77,,65.1,盘中候选，等待收盘确认,aster-consensus-agent-ranking-timeline.csv
盘中候选,Other,All,Ranking,aster-v5-risk-adjusted-ranking-timeline,SI,SHOULDER INNOVATIONS,Health Care,31,31,0,2026-08-19,,,1,1,22.382,,65.1,盘中候选，等待收盘确认,aster-v5-risk-adjusted-ranking-timeline.csv
盘中候选,Other,All,Ranking,aster-call-ranking-timeline,Z,"Zillow Group, Inc. - Class C Capital Stock",,31,31,0,2026-08-19,,,1,1,35.955002,,65.1,盘中候选，等待收盘确认,aster-call-ranking-timeline.csv
盘中候选,Early,Russell,4小时,Early · Russell · 4小时,REFI,CHICAGO ATLANTIC REAL ESTATE FINAN,Financials,49,49,0,2026-08-19,319,-270,1,1,10.835,78.22,65.0,盘中候选，等待收盘确认,early-russell2000-4h-signal-ranking.csv
盘中候选,Aster Call,All,Aster,Aster Call,NTLA,INTELLIA THERAPEUTICS,Health Care,50,50,0,2026-08-19,,,1,1,12.45,82.6,65.0,盘中候选，等待收盘确认,aster-call-ranking.csv
盘中候选,Aster Research,共识Agent 多榜单共振,Aster,Aster Research · 共识Agent 多榜单共振,VLTO,Veralto,Industrials,50,50,0,2026-08-19,,,1,1,100.279999,81.59,64.9,盘中候选，等待收盘确认,aster-consensus-agent-ranking.csv
盘中候选,Early,Nasdaq 200,4小时,Early · Nasdaq 200 · 4小时,CEG,Constellation Energy,Utilities,46,46,0,2026-08-19,123,-77,1,1,275.325012,62.29,64.8,盘中候选，等待收盘确认,early-nasdaq200-4h-signal-ranking.csv
盘中候选,Aster Research,v5 Risk Adjusted,Aster,Aster Research · v5 Risk Adjusted,DKNG,DraftKings Inc. - Class A Common Stock,,49,49,0,2026-08-19,,,1,1,25.91,75.94,64.8,盘中候选，等待收盘确认,aster-v5-risk-adjusted-ranking.csv
盘中候选,Aster Research,v3 Quality Momentum,Aster,Aster Research · v3 Quality Momentum,MDLZ,Mondelez International,Consumer Staples,50,50,0,2026-08-19,,,1,1,64.565002,80.4,64.8,盘中候选，等待收盘确认,aster-v3-quality-momentum-ranking.csv
盘中候选,Aster Research,单一信号 EMA Candle Capture,Aster,Aster Research · 单一信号 EMA Candle Capture,STZ,Constellation Brands,Consumer Staples,50,50,0,2026-08-19,,,1,1,132.100006,80.0,64.8,盘中候选，等待收盘确认,aster-ema-candle-capture-ranking.csv
盘中候选,Early,Nasdaq 200,日线,Early · Nasdaq 200 · 日线,CDW,CDW Corporation,Information Technology,32,32,0,2026-08-19,125,-93,1,1,139.610001,,64.7,盘中候选，等待收盘确认,early-nasdaq200-ranking-timeline.csv
盘中候选,Aster Research,v2 Balanced,Aster,Aster Research · v2 Balanced,HNRG,HALLADOR ENERGY,Utilities,50,50,0,2026-08-19,,,1,1,16.25,79.54,64.7,盘中候选，等待收盘确认,aster-v2-balanced-ranking.csv
盘中候选,Other,All,Ranking,aster-v2-balanced-ranking-timeline,ADBE,Adobe Inc.,Information Technology,32,32,0,2026-08-19,,,1,1,272.079987,,64.7,盘中候选，等待收盘确认,aster-v2-balanced-ranking-timeline.csv
盘中候选,Other,All,Ranking,aster-trend-relay-ranking-timeline,CHKP,Check Point Software Technologies Ltd. - Ordinary Shares,,32,32,0,2026-08-19,,,1,1,132.455002,,64.7,盘中候选，等待收盘确认,aster-trend-relay-ranking-timeline.csv
盘中候选,Other,All,Ranking,aster-ema-candle-capture-ranking-timeline,IFF,International Flavors & Fragrances,Materials,32,32,0,2026-08-19,,,1,1,83.470001,,64.7,盘中候选，等待收盘确认,aster-ema-candle-capture-ranking-timeline.csv
盘中候选,Other,All,Ranking,aster-consensus-agent-ranking-timeline,MDLZ,Mondelez International,Consumer Staples,32,32,0,2026-08-19,,,1,1,64.565002,,64.7,盘中候选，等待收盘确认,aster-consensus-agent-ranking-timeline.csv
盘中候选,Other,All,Ranking,aster-v3-quality-momentum-ranking-timeline,NDSN,Nordson Corporation,Industrials,32,32,0,2026-08-19,,,1,1,324.13501,,64.7,盘中候选，等待收盘确认,aster-v3-quality-momentum-ranking-timeline.csv
盘中候选,Other,All,Ranking,aster-v5-risk-adjusted-ranking-timeline,XEL,Xcel Energy,Utilities,32,32,0,2026-08-19,,,1,1,79.610001,,64.7,盘中候选，等待收盘确认,aster-v5-risk-adjusted-ranking-timeline.csv
盘中候选,Prism,Russell,4小时,Prism · Russell · 4小时,EE,EXCELERATE ENERGY INC CLASS A,Energy,49,49,0,2026-08-19,406,-357,1,1,38.122002,72.67,64.5,盘中候选，等待收盘确认,prism-russell2000-4h-signal-ranking.csv
盘中候选,Early,Nasdaq 200,4小时,Early · Nasdaq 200 · 4小时,EVRG,Evergy,Utilities,47,47,0,2026-08-19,128,-81,1,1,84.279999,61.86,64.4,盘中候选，等待收盘确认,early-nasdaq200-4h-signal-ranking.csv
盘中候选,Aster Research,v5 Risk Adjusted,Aster,Aster Research · v5 Risk Adjusted,CART,Maplebear Inc. - Common Stock,,50,50,0,2026-08-19,,,1,1,51.360001,75.92,64.4,盘中候选，等待收盘确认,aster-v5-risk-adjusted-ranking.csv
盘中候选,Other,All,Ranking,aster-ema-candle-capture-ranking-timeline,BRKR,Bruker Corporation - Common Stock,,33,33,0,2026-08-19,,,1,1,59.157001,,64.4,盘中候选，等待收盘确认,aster-ema-candle-capture-ranking-timeline.csv
盘中候选,Other,All,Ranking,aster-v2-balanced-ranking-timeline,CRC,CALIFORNIA RESOURCES,Energy,33,33,0,2026-08-19,,,1,1,54.349998,,64.4,盘中候选，等待收盘确认,aster-v2-balanced-ranking-timeline.csv
盘中候选,Other,All,Ranking,aster-consensus-agent-ranking-timeline,CRMD,CORMEDIX,Health Care,33,33,0,2026-08-19,,,1,1,8.41,,64.4,盘中候选，等待收盘确认,aster-consensus-agent-ranking-timeline.csv
盘中候选,Other,All,Ranking,aster-v4-tactical-breakout-ranking-timeline,CWH,CAMPING WORLD HOLDINGS INC CLASS A,Consumer Discretionary,33,33,0,2026-08-19,,,1,1,6.36,,64.4,盘中候选，等待收盘确认,aster-v4-tactical-breakout-ranking-timeline.csv
盘中候选,Other,All,Ranking,aster-call-ranking-timeline,HNRG,HALLADOR ENERGY,Utilities,33,33,0,2026-08-19,,,1,1,16.25,,64.4,盘中候选，等待收盘确认,aster-call-ranking-timeline.csv
盘中候选,Other,All,Ranking,aster-ema-cross-ranking-timeline,PRME,PRIME MEDICINE,Health Care,33,33,0,2026-08-19,,,1,1,3.33,,64.4,盘中候选，等待收盘确认,aster-ema-cross-ranking-timeline.csv
盘中候选,Other,All,Ranking,aster-v3-quality-momentum-ranking-timeline,SBMT,SILVER BOW MINING CORP,Materials,33,33,0,2026-08-19,,,1,1,7.96,,64.4,盘中候选，等待收盘确认,aster-v3-quality-momentum-ranking-timeline.csv
盘中候选,Prism,Nasdaq Liquid 500,4小时,Prism · Nasdaq Liquid 500 · 4小时,FWONK,Liberty Media Corporation - Series C Liberty Formula One Common Stock,,48,48,0,2026-08-19,157,-109,1,1,104.68,65.67,64.3,盘中候选，等待收盘确认,prism-nasdaq500-4h-signal-ranking.csv
盘中候选,Other,All,Ranking,aster-v3-quality-momentum-ranking-timeline,AGNT,AGNT INC,Real Estate,34,34,0,2026-08-19,,,1,1,4.58,,64.0,盘中候选，等待收盘确认,aster-v3-quality-momentum-ranking-timeline.csv
盘中候选,Other,All,Ranking,aster-v2-balanced-ranking-timeline,CLDT,CHATHAM LODGING TRUST REIT,Real Estate,34,34,0,2026-08-19,,,1,1,13.14,,64.0,盘中候选，等待收盘确认,aster-v2-balanced-ranking-timeline.csv
盘中候选,Other,All,Ranking,aster-consensus-agent-ranking-timeline,INBX,INHIBRX BIOSCIENCES INC,Health Care,34,34,0,2026-08-19,,,1,1,97.400002,,64.0,盘中候选，等待收盘确认,aster-consensus-agent-ranking-timeline.csv
盘中候选,Other,All,Ranking,aster-v4-tactical-breakout-ranking-timeline,MNDY,monday.com Ltd. - Ordinary Shares,,34,34,0,2026-08-19,,,1,1,90.43,,64.0,盘中候选，等待收盘确认,aster-v4-tactical-breakout-ranking-timeline.csv
盘中候选,Other,All,Ranking,aster-ema-cross-ranking-timeline,PEP,PepsiCo,Consumer Staples,34,34,0,2026-08-19,,,1,1,141.960007,,64.0,盘中候选，等待收盘确认,aster-ema-cross-ranking-timeline.csv
盘中候选,Other,All,Ranking,aster-call-ranking-timeline,SPGI,S&P Global,Financials,34,34,0,2026-08-19,,,1,1,426.720001,,64.0,盘中候选，等待收盘确认,aster-call-ranking-timeline.csv
盘中候选,Prism,Nasdaq Liquid 500,4小时,Prism · Nasdaq Liquid 500 · 4小时,PYPL,PayPal,Financials,50,50,0,2026-08-19,128,-78,1,1,61.77,65.27,63.6,盘中候选，等待收盘确认,prism-nasdaq500-4h-signal-ranking.csv
盘中候选,Other,All,Ranking,aster-ema-candle-capture-ranking-timeline,CRK,COMSTOCK RESOURCES,Energy,35,35,0,2026-08-19,,,1,1,13.91,,63.6,盘中候选，等待收盘确认,aster-ema-candle-capture-ranking-timeline.csv
盘中候选,Other,All,Ranking,aster-call-ranking-timeline,HIMS,HIMS HERS HEALTH CLASS A,Health Care,35,35,0,2026-08-19,,,1,1,32.990002,,63.6,盘中候选，等待收盘确认,aster-call-ranking-timeline.csv
盘中候选,Other,All,Ranking,aster-v5-risk-adjusted-ranking-timeline,LCII,LCI INDUSTRIES,Consumer Discretionary,35,35,0,2026-08-19,,,1,1,105.910004,,63.6,盘中候选，等待收盘确认,aster-v5-risk-adjusted-ranking-timeline.csv
盘中候选,Other,All,Ranking,aster-v2-balanced-ranking-timeline,MDLZ,Mondelez International,Consumer Staples,35,35,0,2026-08-19,,,1,1,64.565002,,63.6,盘中候选，等待收盘确认,aster-v2-balanced-ranking-timeline.csv
盘中候选,Other,All,Ranking,aster-trend-relay-ranking-timeline,PDD,PDD Holdings Inc. - American Depositary Shares,,35,35,0,2026-08-19,,,1,1,88.489998,,63.6,盘中候选，等待收盘确认,aster-trend-relay-ranking-timeline.csv
盘中候选,Other,All,Ranking,aster-consensus-agent-ranking-timeline,SPGI,S&P Global,Financials,35,35,0,2026-08-19,,,1,1,426.720001,,63.6,盘中候选，等待收盘确认,aster-consensus-agent-ranking-timeline.csv
盘中候选,Other,All,Ranking,aster-v4-tactical-breakout-ranking-timeline,STRA,STRATEGIC EDUCATION,Consumer Discretionary,35,35,0,2026-08-19,,,1,1,82.665001,,63.6,盘中候选，等待收盘确认,aster-v4-tactical-breakout-ranking-timeline.csv
盘中候选,Prism,Nasdaq Liquid 500,日线,Prism · Nasdaq Liquid 500 · 日线,BRZE,BRAZE INC CLASS A,Information Technology,36,36,0,2026-08-19,,,1,1,30.629999,,63.3,盘中候选，等待收盘确认,prism-nasdaq500-ranking-timeline.csv
盘中候选,Other,All,Ranking,aster-v3-quality-momentum-ranking-timeline,ADP,Automatic Data Processing,Industrials,36,36,0,2026-08-19,,,1,1,279.149994,,63.3,盘中候选，等待收盘确认,aster-v3-quality-momentum-ranking-timeline.csv
盘中候选,Other,All,Ranking,aster-v5-risk-adjusted-ranking-timeline,BG,Bunge Global,Consumer Staples,36,36,0,2026-08-19,,,1,1,117.18,,63.3,盘中候选，等待收盘确认,aster-v5-risk-adjusted-ranking-timeline.csv
盘中候选,Other,All,Ranking,aster-ema-candle-capture-ranking-timeline,EVER,EVERQUOTE CLASS A,Communication,36,36,0,2026-08-19,,,1,1,25.290001,,63.3,盘中候选，等待收盘确认,aster-ema-candle-capture-ranking-timeline.csv
盘中候选,Other,All,Ranking,aster-v2-balanced-ranking-timeline,PYPL,PayPal,Financials,36,36,0,2026-08-19,,,1,1,61.77,,63.3,盘中候选，等待收盘确认,aster-v2-balanced-ranking-timeline.csv
盘中候选,Other,All,Ranking,aster-consensus-agent-ranking-timeline,SI,SHOULDER INNOVATIONS,Health Care,36,36,0,2026-08-19,,,1,1,22.382,,63.3,盘中候选，等待收盘确认,aster-consensus-agent-ranking-timeline.csv
盘中候选,Other,All,Ranking,aster-trend-relay-ranking-timeline,Z,"Zillow Group, Inc. - Class C Capital Stock",,36,36,0,2026-08-19,,,1,1,35.955002,,63.3,盘中候选，等待收盘确认,aster-trend-relay-ranking-timeline.csv
盘中候选,Early,S&P 500,日线,Early · S&P 500 · 日线,XEL,Xcel Energy,Utilities,37,37,0,2026-08-19,248,-211,1,1,79.510002,,62.9,盘中候选，等待收盘确认,early-spx-ranking-timeline.csv
盘中候选,Early,Russell,日线,Early · Russell · 日线,CMPX,COMPASS THERAPEUTICS,Health Care,37,37,0,2026-08-19,503,-466,1,1,2.4,,62.9,盘中候选，等待收盘确认,early-russell2000-ranking-timeline.csv
盘中候选,Other,All,Ranking,aster-call-ranking-timeline,BKKT,BAKKT INC CLASS A,Financials,37,37,0,2026-08-19,,,1,1,7.9534,,62.9,盘中候选，等待收盘确认,aster-call-ranking-timeline.csv
盘中候选,Other,All,Ranking,aster-trend-relay-ranking-timeline,CSGP,CoStar Group,Real Estate,37,37,0,2026-08-19,,,1,1,32.700001,,62.9,盘中候选，等待收盘确认,aster-trend-relay-ranking-timeline.csv
盘中候选,Other,All,Ranking,aster-ema-cross-ranking-timeline,DNUT,KRISPY KREME,Consumer Discretionary,37,37,0,2026-08-19,,,1,1,3.48,,62.9,盘中候选，等待收盘确认,aster-ema-cross-ranking-timeline.csv
盘中候选,Other,All,Ranking,aster-consensus-agent-ranking-timeline,HROW,HARROW,Health Care,37,37,0,2026-08-19,,,1,1,42.18,,62.9,盘中候选，等待收盘确认,aster-consensus-agent-ranking-timeline.csv
盘中候选,Other,All,Ranking,aster-ema-candle-capture-ranking-timeline,OLP,ONE LIBERTY PROPERTIES REIT INC,Real Estate,37,37,0,2026-08-19,,,1,1,24.434999,,62.9,盘中候选，等待收盘确认,aster-ema-candle-capture-ranking-timeline.csv
盘中候选,Other,All,Ranking,aster-v2-balanced-ranking-timeline,SI,SHOULDER INNOVATIONS,Health Care,37,37,0,2026-08-19,,,1,1,22.382,,62.9,盘中候选，等待收盘确认,aster-v2-balanced-ranking-timeline.csv
盘中候选,Other,All,Ranking,aster-v4-tactical-breakout-ranking-timeline,V,Visa Inc.,Financials,37,37,0,2026-08-19,,,1,1,367.130005,,62.9,盘中候选，等待收盘确认,aster-v4-tactical-breakout-ranking-timeline.csv
盘中候选,Other,All,Ranking,aster-v5-risk-adjusted-ranking-timeline,VLTO,Veralto,Industrials,37,37,0,2026-08-19,,,1,1,100.279999,,62.9,盘中候选，等待收盘确认,aster-v5-risk-adjusted-ranking-timeline.csv
盘中候选,Early,Nasdaq Liquid 500,日线,Early · Nasdaq Liquid 500 · 日线,RVMD,"Revolution Medicines, Inc. - Common Stock",,38,38,0,2026-08-19,180,-142,1,1,211.449997,,62.5,盘中候选，等待收盘确认,early-nasdaq500-ranking-timeline.csv
盘中候选,Prism,Nasdaq Liquid 500,日线,Prism · Nasdaq Liquid 500 · 日线,FIVN,FIVE9,Information Technology,38,38,0,2026-08-19,101,-63,1,1,33.009998,,62.5,盘中候选，等待收盘确认,prism-nasdaq500-ranking-timeline.csv
盘中候选,Other,All,Ranking,aster-v2-balanced-ranking-timeline,CGON,CG ONCOLOGY,Health Care,38,38,0,2026-08-19,,,1,1,78.519997,,62.5,盘中候选，等待收盘确认,aster-v2-balanced-ranking-timeline.csv
盘中候选,Other,All,Ranking,aster-v3-quality-momentum-ranking-timeline,FUBO,FUBOTV CLASS A,Communication,38,38,0,2026-08-19,,,1,1,10.22,,62.5,盘中候选，等待收盘确认,aster-v3-quality-momentum-ranking-timeline.csv
盘中候选,Other,All,Ranking,aster-trend-relay-ranking-timeline,FWONK,Liberty Media Corporation - Series C Liberty Formula One Common Stock,,38,38,0,2026-08-19,,,1,1,104.68,,62.5,盘中候选，等待收盘确认,aster-trend-relay-ranking-timeline.csv
盘中候选,Other,All,Ranking,aster-ema-candle-capture-ranking-timeline,RVLV,REVOLVE GROUP CLASS A INC,Consumer Discretionary,38,38,0,2026-08-19,,,1,1,24.200001,,62.5,盘中候选，等待收盘确认,aster-ema-candle-capture-ranking-timeline.csv
盘中候选,Other,All,Ranking,aster-call-ranking-timeline,SI,SHOULDER INNOVATIONS,Health Care,38,38,0,2026-08-19,,,1,1,22.382,,62.5,盘中候选，等待收盘确认,aster-call-ranking-timeline.csv
盘中候选,Other,All,Ranking,aster-v5-risk-adjusted-ranking-timeline,SJM,J.M. Smucker Company (The),Consumer Staples,38,38,0,2026-08-19,,,1,1,124.029999,,62.5,盘中候选，等待收盘确认,aster-v5-risk-adjusted-ranking-timeline.csv
盘中候选,Other,All,Ranking,aster-ema-cross-ranking-timeline,STC,STEWART INFO SERVICES CORP,Financials,38,38,0,2026-08-19,,,1,1,68.480003,,62.5,盘中候选，等待收盘确认,aster-ema-cross-ranking-timeline.csv
盘中候选,Early,Nasdaq Liquid 500,日线,Early · Nasdaq Liquid 500 · 日线,FROG,JFROG,Information Technology,39,39,0,2026-08-19,228,-189,1,1,91.400002,,62.2,盘中候选，等待收盘确认,early-nasdaq500-ranking-timeline.csv
盘中候选,Early,Russell,日线,Early · Russell · 日线,CRSP,CRISPR THERAPEUTICS AG,Health Care,39,39,0,2026-08-19,552,-513,1,1,58.200001,,62.2,盘中候选，等待收盘确认,early-russell2000-ranking-timeline.csv
盘中候选,Other,All,Ranking,aster-v4-tactical-breakout-ranking-timeline,BVS,BIOVENTUS CLASS A,Health Care,39,39,0,2026-08-19,,,1,1,14.59,,62.2,盘中候选，等待收盘确认,aster-v4-tactical-breakout-ranking-timeline.csv
盘中候选,Other,All,Ranking,aster-consensus-agent-ranking-timeline,CSGP,CoStar Group,Real Estate,39,39,0,2026-08-19,,,1,1,32.700001,,62.2,盘中候选，等待收盘确认,aster-consensus-agent-ranking-timeline.csv
盘中候选,Other,All,Ranking,aster-ema-cross-ranking-timeline,LTC,LTC PROPERTIES REIT,Real Estate,39,39,0,2026-08-19,,,1,1,40.700001,,62.2,盘中候选，等待收盘确认,aster-ema-cross-ranking-timeline.csv
盘中候选,Other,All,Ranking,aster-v5-risk-adjusted-ranking-timeline,MDLZ,Mondelez International,Consumer Staples,39,39,0,2026-08-19,,,1,1,64.565002,,62.2,盘中候选，等待收盘确认,aster-v5-risk-adjusted-ranking-timeline.csv
盘中候选,Other,All,Ranking,aster-v3-quality-momentum-ranking-timeline,MSTR,Strategy Inc - Class A Common Stock,,39,39,0,2026-08-19,,,1,1,111.760002,,62.2,盘中候选，等待收盘确认,aster-v3-quality-momentum-ranking-timeline.csv
盘中候选,Other,All,Ranking,aster-v2-balanced-ranking-timeline,PGR,Progressive Corporation,Financials,39,39,0,2026-08-19,,,1,1,221.550003,,62.2,盘中候选，等待收盘确认,aster-v2-balanced-ranking-timeline.csv
盘中候选,Other,All,Ranking,aster-ema-candle-capture-ranking-timeline,POR,PORTLAND GENERAL ELECTRIC,Utilities,39,39,0,2026-08-19,,,1,1,50.540001,,62.2,盘中候选，等待收盘确认,aster-ema-candle-capture-ranking-timeline.csv
盘中候选,Other,All,Ranking,aster-ema-cross-ranking-timeline,CMDB,COSTAMARE BULKERS HOLDINGS LTD,Industrials,40,40,0,2026-08-19,,,1,1,19.555,,61.8,盘中候选，等待收盘确认,aster-ema-cross-ranking-timeline.csv
盘中候选,Other,All,Ranking,aster-consensus-agent-ranking-timeline,FUTU,Futu Holdings Limited - American Depositary Shares,,40,40,0,2026-08-19,,,1,1,111.555,,61.8,盘中候选，等待收盘确认,aster-consensus-agent-ranking-timeline.csv
盘中候选,Other,All,Ranking,aster-ema-candle-capture-ranking-timeline,NWE,NORTHWESTERN ENERGY GROUP,Utilities,40,40,0,2026-08-19,,,1,1,71.139999,,61.8,盘中候选，等待收盘确认,aster-ema-candle-capture-ranking-timeline.csv
盘中候选,Other,All,Ranking,aster-v3-quality-momentum-ranking-timeline,PDD,PDD Holdings Inc. - American Depositary Shares,,40,40,0,2026-08-19,,,1,1,88.489998,,61.8,盘中候选，等待收盘确认,aster-v3-quality-momentum-ranking-timeline.csv
盘中候选,Other,All,Ranking,aster-v4-tactical-breakout-ranking-timeline,USGO,US GOLDMINING INC,Materials,40,40,0,2026-08-19,,,1,1,9.0,,61.8,盘中候选，等待收盘确认,aster-v4-tactical-breakout-ranking-timeline.csv
盘中候选,Early,Nasdaq Liquid 500,日线,Early · Nasdaq Liquid 500 · 日线,VNOM,"Viper Energy, Inc.  - Class A Common Stock",,41,41,0,2026-08-19,270,-229,1,1,44.959999,,61.5,盘中候选，等待收盘确认,early-nasdaq500-ranking-timeline.csv
盘中候选,Early,Russell,日线,Early · Russell · 日线,SI,SHOULDER INNOVATIONS,Health Care,41,41,0,2026-08-19,1070,-1029,1,1,22.58,,61.5,盘中候选，等待收盘确认,early-russell2000-ranking-timeline.csv
盘中候选,Other,All,Ranking,aster-v5-risk-adjusted-ranking-timeline,BBIO,"BridgeBio Pharma, Inc. - Common Stock",,41,41,0,2026-08-19,,,1,1,83.525002,,61.5,盘中候选，等待收盘确认,aster-v5-risk-adjusted-ranking-timeline.csv
盘中候选,Other,All,Ranking,aster-ema-candle-capture-ranking-timeline,FCPT,FOUR CORNERS PROPERTY INC TRUST,Real Estate,41,41,0,2026-08-19,,,1,1,25.299999,,61.5,盘中候选，等待收盘确认,aster-ema-candle-capture-ranking-timeline.csv
盘中候选,Other,All,Ranking,aster-v4-tactical-breakout-ranking-timeline,INBX,INHIBRX BIOSCIENCES INC,Health Care,41,41,0,2026-08-19,,,1,1,97.400002,,61.5,盘中候选，等待收盘确认,aster-v4-tactical-breakout-ranking-timeline.csv
盘中候选,Other,All,Ranking,aster-v3-quality-momentum-ranking-timeline,PYPL,PayPal,Financials,41,41,0,2026-08-19,,,1,1,61.77,,61.5,盘中候选，等待收盘确认,aster-v3-quality-momentum-ranking-timeline.csv
盘中候选,Other,All,Ranking,aster-v2-balanced-ranking-timeline,SONO,SONOS,Consumer Discretionary,41,41,0,2026-08-19,,,1,1,16.120001,,61.5,盘中候选，等待收盘确认,aster-v2-balanced-ranking-timeline.csv
盘中候选,Other,All,Ranking,aster-consensus-agent-ranking-timeline,USGO,US GOLDMINING INC,Materials,41,41,0,2026-08-19,,,1,1,9.0,,61.5,盘中候选，等待收盘确认,aster-consensus-agent-ranking-timeline.csv
盘中候选,Other,All,Ranking,aster-call-ranking-timeline,ZBH,Zimmer Biomet,Health Care,41,41,0,2026-08-19,,,1,1,101.404999,,61.5,盘中候选，等待收盘确认,aster-call-ranking-timeline.csv
盘中候选,Early,S&P 500,日线,Early · S&P 500 · 日线,IQV,IQVIA,Health Care,42,42,0,2026-08-19,239,-197,1,1,255.589996,,61.1,盘中候选，等待收盘确认,early-spx-ranking-timeline.csv
盘中候选,Early,Nasdaq Liquid 500,日线,Early · Nasdaq Liquid 500 · 日线,PTGX,PROTAGONIST THERAPEUTICS,Health Care,42,42,0,2026-08-19,195,-153,1,1,152.565002,,61.1,盘中候选，等待收盘确认,early-nasdaq500-ranking-timeline.csv
盘中候选,Early,Russell,日线,Early · Russell · 日线,BWIN,BALDWIN INSURANCE GROUP CLASS A,Financials,42,42,0,2026-08-19,104,-62,1,1,31.41,,61.1,盘中候选，等待收盘确认,early-russell2000-ranking-timeline.csv
盘中候选,Other,All,Ranking,aster-ema-candle-capture-ranking-timeline,BKH,BLACK HILLS CORP,Utilities,42,42,0,2026-08-19,,,1,1,73.739998,,61.1,盘中候选，等待收盘确认,aster-ema-candle-capture-ranking-timeline.csv
盘中候选,Other,All,Ranking,aster-call-ranking-timeline,CF,CF Industries,Materials,42,42,0,2026-08-19,,,1,1,127.040001,,61.1,盘中候选，等待收盘确认,aster-call-ranking-timeline.csv
盘中候选,Other,All,Ranking,aster-v2-balanced-ranking-timeline,CF,CF Industries,Materials,42,42,0,2026-08-19,,,1,1,127.040001,,61.1,盘中候选，等待收盘确认,aster-v2-balanced-ranking-timeline.csv
盘中候选,Other,All,Ranking,aster-v5-risk-adjusted-ranking-timeline,MUR,MURPHY OIL CORP,Energy,42,42,0,2026-08-19,,,1,1,38.23,,61.1,盘中候选，等待收盘确认,aster-v5-risk-adjusted-ranking-timeline.csv
盘中候选,Other,All,Ranking,aster-consensus-agent-ranking-timeline,PGR,Progressive Corporation,Financials,42,42,0,2026-08-19,,,1,1,221.550003,,61.1,盘中候选，等待收盘确认,aster-consensus-agent-ranking-timeline.csv
盘中候选,Other,All,Ranking,aster-ema-cross-ranking-timeline,SI,SHOULDER INNOVATIONS,Health Care,42,42,0,2026-08-19,,,1,1,22.382,,61.1,盘中候选，等待收盘确认,aster-ema-cross-ranking-timeline.csv
盘中候选,Other,All,Ranking,aster-v4-tactical-breakout-ranking-timeline,SNDA,SONIDA SENIOR LIVING,Health Care,42,42,0,2026-08-19,,,1,1,40.799999,,61.1,盘中候选，等待收盘确认,aster-v4-tactical-breakout-ranking-timeline.csv
盘中候选,Early,Nasdaq Liquid 500,日线,Early · Nasdaq Liquid 500 · 日线,XEL,Xcel Energy,Utilities,43,43,0,2026-08-19,261,-218,1,1,79.510002,,60.7,盘中候选，等待收盘确认,early-nasdaq500-ranking-timeline.csv
盘中候选,Early,Russell,日线,Early · Russell · 日线,AI,C3 AI INC CLASS A,Information Technology,43,43,0,2026-08-19,126,-83,1,1,10.28,,60.7,盘中候选，等待收盘确认,early-russell2000-ranking-timeline.csv
盘中候选,Prism,Nasdaq Liquid 500,日线,Prism · Nasdaq Liquid 500 · 日线,TEM,"Tempus AI, Inc. - Class A Common Stock",,43,43,0,2026-08-19,174,-131,1,1,66.629997,,60.7,盘中候选，等待收盘确认,prism-nasdaq500-ranking-timeline.csv
盘中候选,Other,All,Ranking,aster-v3-quality-momentum-ranking-timeline,AFRI,FORAFRIC GLOBAL PLC,Consumer Staples,43,43,0,2026-08-19,,,1,1,11.0,,60.7,盘中候选，等待收盘确认,aster-v3-quality-momentum-ranking-timeline.csv
盘中候选,Other,All,Ranking,aster-consensus-agent-ranking-timeline,CRC,CALIFORNIA RESOURCES,Energy,43,43,0,2026-08-19,,,1,1,54.349998,,60.7,盘中候选，等待收盘确认,aster-consensus-agent-ranking-timeline.csv
盘中候选,Other,All,Ranking,aster-ema-cross-ranking-timeline,LAND,GLADSTONE LAND REIT CORP,Real Estate,43,43,0,2026-08-19,,,1,1,8.639,,60.7,盘中候选，等待收盘确认,aster-ema-cross-ranking-timeline.csv
盘中候选,Other,All,Ranking,aster-v2-balanced-ranking-timeline,LCII,LCI INDUSTRIES,Consumer Discretionary,43,43,0,2026-08-19,,,1,1,105.910004,,60.7,盘中候选，等待收盘确认,aster-v2-balanced-ranking-timeline.csv
盘中候选,Other,All,Ranking,aster-v5-risk-adjusted-ranking-timeline,NREF,NEXPOINT REAL ESTATE FINANCE,Financials,43,43,0,2026-08-19,,,1,1,17.58,,60.7,盘中候选，等待收盘确认,aster-v5-risk-adjusted-ranking-timeline.csv
盘中候选,Other,All,Ranking,aster-call-ranking-timeline,PYPL,PayPal,Financials,43,43,0,2026-08-19,,,1,1,61.77,,60.7,盘中候选，等待收盘确认,aster-call-ranking-timeline.csv
盘中候选,Other,All,Ranking,aster-ema-candle-capture-ranking-timeline,SBRA,SABRA HEALTH CARE REIT,Real Estate,43,43,0,2026-08-19,,,1,1,20.684999,,60.7,盘中候选，等待收盘确认,aster-ema-candle-capture-ranking-timeline.csv
盘中候选,Other,All,Ranking,aster-trend-relay-ranking-timeline,WEN,WENDYS,Consumer Discretionary,43,43,0,2026-08-19,,,1,1,8.8054,,60.7,盘中候选，等待收盘确认,aster-trend-relay-ranking-timeline.csv
盘中候选,Early,S&P 500,日线,Early · S&P 500 · 日线,NOC,Northrop Grumman,Industrials,44,44,0,2026-08-19,138,-94,1,1,579.275024,,60.4,盘中候选，等待收盘确认,early-spx-ranking-timeline.csv
盘中候选,Other,All,Ranking,aster-consensus-agent-ranking-timeline,CALX,CALIX NETWORKS,Information Technology,44,44,0,2026-08-19,,,1,1,40.635399,,60.4,盘中候选，等待收盘确认,aster-consensus-agent-ranking-timeline.csv
盘中候选,Other,All,Ranking,aster-v2-balanced-ranking-timeline,CALX,CALIX NETWORKS,Information Technology,44,44,0,2026-08-19,,,1,1,40.635399,,60.4,盘中候选，等待收盘确认,aster-v2-balanced-ranking-timeline.csv
盘中候选,Other,All,Ranking,aster-v4-tactical-breakout-ranking-timeline,DNUT,KRISPY KREME,Consumer Discretionary,44,44,0,2026-08-19,,,1,1,3.48,,60.4,盘中候选，等待收盘确认,aster-v4-tactical-breakout-ranking-timeline.csv
盘中候选,Other,All,Ranking,aster-ema-candle-capture-ranking-timeline,OVLY,OAK VALLEY BANCORP,Financials,44,44,0,2026-08-19,,,1,1,34.115002,,60.4,盘中候选，等待收盘确认,aster-ema-candle-capture-ranking-timeline.csv
盘中候选,Other,All,Ranking,aster-call-ranking-timeline,TSN,Tyson Foods,Consumer Staples,44,44,0,2026-08-19,,,1,1,58.634998,,60.4,盘中候选，等待收盘确认,aster-call-ranking-timeline.csv
盘中候选,Other,All,Ranking,aster-v3-quality-momentum-ranking-timeline,UPB,UPSTREAM BIO,Health Care,44,44,0,2026-08-19,,,1,1,7.09,,60.4,盘中候选，等待收盘确认,aster-v3-quality-momentum-ranking-timeline.csv
盘中候选,Early,Russell,日线,Early · Russell · 日线,TRDA,ENTRADA THERAPEUTICS,Health Care,45,45,0,2026-08-19,121,-76,1,1,7.66,,60.0,盘中候选，等待收盘确认,early-russell2000-ranking-timeline.csv
盘中候选,Other,All,Ranking,aster-v5-risk-adjusted-ranking-timeline,ADBE,Adobe Inc.,Information Technology,45,45,0,2026-08-19,,,1,1,272.079987,,60.0,盘中候选，等待收盘确认,aster-v5-risk-adjusted-ranking-timeline.csv
盘中候选,Other,All,Ranking,aster-call-ranking-timeline,CMDB,COSTAMARE BULKERS HOLDINGS LTD,Industrials,45,45,0,2026-08-19,,,1,1,19.555,,60.0,盘中候选，等待收盘确认,aster-call-ranking-timeline.csv
盘中候选,Other,All,Ranking,aster-v4-tactical-breakout-ranking-timeline,MELI,"MercadoLibre, Inc. - Common Stock",,45,45,0,2026-08-19,,,1,1,1898.564941,,60.0,盘中候选，等待收盘确认,aster-v4-tactical-breakout-ranking-timeline.csv
盘中候选,Other,All,Ranking,aster-ema-candle-capture-ranking-timeline,OTTR,OTTER TAIL,Utilities,45,45,0,2026-08-19,,,1,1,92.324997,,60.0,盘中候选，等待收盘确认,aster-ema-candle-capture-ranking-timeline.csv
盘中候选,Other,All,Ranking,aster-v3-quality-momentum-ranking-timeline,RVTY,Revvity,Health Care,45,45,0,2026-08-19,,,1,1,121.125,,60.0,盘中候选，等待收盘确认,aster-v3-quality-momentum-ranking-timeline.csv
盘中候选,Other,All,Ranking,aster-v2-balanced-ranking-timeline,VLTO,Veralto,Industrials,45,45,0,2026-08-19,,,1,1,100.279999,,60.0,盘中候选，等待收盘确认,aster-v2-balanced-ranking-timeline.csv
盘中候选,Early,Russell,日线,Early · Russell · 日线,EVMN,EVOMMUNE,Health Care,46,46,0,2026-08-19,120,-74,1,1,14.38,,59.7,盘中候选，等待收盘确认,early-russell2000-ranking-timeline.csv
盘中候选,Other,All,Ranking,aster-v4-tactical-breakout-ranking-timeline,AAPL,Apple Inc.,Information Technology,46,46,0,2026-08-19,,,1,1,317.170013,,59.7,盘中候选，等待收盘确认,aster-v4-tactical-breakout-ranking-timeline.csv
盘中候选,Other,All,Ranking,aster-ema-candle-capture-ranking-timeline,CEG,Constellation Energy,Utilities,46,46,0,2026-08-19,,,1,1,275.325012,,59.7,盘中候选，等待收盘确认,aster-ema-candle-capture-ranking-timeline.csv
盘中候选,Other,All,Ranking,aster-call-ranking-timeline,MRVL,Marvell Technology,Information Technology,46,46,0,2026-08-19,,,1,1,236.520004,,59.7,盘中候选，等待收盘确认,aster-call-ranking-timeline.csv
盘中候选,Other,All,Ranking,aster-v2-balanced-ranking-timeline,SJM,J.M. Smucker Company (The),Consumer Staples,46,46,0,2026-08-19,,,1,1,124.029999,,59.7,盘中候选，等待收盘确认,aster-v2-balanced-ranking-timeline.csv
盘中候选,Other,All,Ranking,aster-v3-quality-momentum-ranking-timeline,UBER,Uber,Industrials,46,46,0,2026-08-19,,,1,1,79.834999,,59.7,盘中候选，等待收盘确认,aster-v3-quality-momentum-ranking-timeline.csv
盘中候选,Early,Russell,日线,Early · Russell · 日线,ZENA,ZENATECH INC,Information Technology,47,47,0,2026-08-19,411,-364,1,1,1.9412,,59.3,盘中候选，等待收盘确认,early-russell2000-ranking-timeline.csv
盘中候选,Other,All,Ranking,aster-call-ranking-timeline,ADBE,Adobe Inc.,Information Technology,47,47,0,2026-08-19,,,1,1,272.079987,,59.3,盘中候选，等待收盘确认,aster-call-ranking-timeline.csv
盘中候选,Other,All,Ranking,aster-v5-risk-adjusted-ranking-timeline,OFRM,ONCE UPON A FARM PBC,Consumer Staples,47,47,0,2026-08-19,,,1,1,17.780001,,59.3,盘中候选，等待收盘确认,aster-v5-risk-adjusted-ranking-timeline.csv
盘中候选,Other,All,Ranking,aster-v2-balanced-ranking-timeline,PEP,PepsiCo,Consumer Staples,47,47,0,2026-08-19,,,1,1,141.960007,,59.3,盘中候选，等待收盘确认,aster-v2-balanced-ranking-timeline.csv
盘中候选,Other,All,Ranking,aster-v3-quality-momentum-ranking-timeline,RXRX,RECURSION PHARMACEUTICALS CLASS A,Health Care,47,47,0,2026-08-19,,,1,1,3.32,,59.3,盘中候选，等待收盘确认,aster-v3-quality-momentum-ranking-timeline.csv
盘中候选,Early,Nasdaq 200,日线,Early · Nasdaq 200 · 日线,NDSN,Nordson Corporation,Industrials,48,48,0,2026-08-19,117,-69,1,1,324.429993,,58.9,盘中候选，等待收盘确认,early-nasdaq200-ranking-timeline.csv
盘中候选,Other,All,Ranking,aster-ema-candle-capture-ranking-timeline,AFRM,"Affirm Holdings, Inc. - Class A Common Stock",,48,48,0,2026-08-19,,,1,1,76.037804,,58.9,盘中候选，等待收盘确认,aster-ema-candle-capture-ranking-timeline.csv
盘中候选,Other,All,Ranking,aster-v3-quality-momentum-ranking-timeline,CBRE,CBRE Group,Real Estate,48,48,0,2026-08-19,,,1,1,153.440002,,58.9,盘中候选，等待收盘确认,aster-v3-quality-momentum-ranking-timeline.csv
盘中候选,Other,All,Ranking,aster-consensus-agent-ranking-timeline,HNRG,HALLADOR ENERGY,Utilities,48,48,0,2026-08-19,,,1,1,16.25,,58.9,盘中候选，等待收盘确认,aster-consensus-agent-ranking-timeline.csv
盘中候选,Other,All,Ranking,aster-v2-balanced-ranking-timeline,INBX,INHIBRX BIOSCIENCES INC,Health Care,48,48,0,2026-08-19,,,1,1,97.400002,,58.9,盘中候选，等待收盘确认,aster-v2-balanced-ranking-timeline.csv
盘中候选,Other,All,Ranking,aster-trend-relay-ranking-timeline,KYMR,KYMERA THERAPEUTICS,Health Care,48,48,0,2026-08-19,,,1,1,123.949997,,58.9,盘中候选，等待收盘确认,aster-trend-relay-ranking-timeline.csv
盘中候选,Other,All,Ranking,aster-v4-tactical-breakout-ranking-timeline,PM,Philip Morris International,Consumer Staples,48,48,0,2026-08-19,,,1,1,190.695007,,58.9,盘中候选，等待收盘确认,aster-v4-tactical-breakout-ranking-timeline.csv
盘中候选,Early,Nasdaq Liquid 500,日线,Early · Nasdaq Liquid 500 · 日线,LBRDK,Liberty Broadband Corporation - Class C Common Stock,,49,49,0,2026-08-19,,,1,1,36.02,,58.6,盘中候选，等待收盘确认,early-nasdaq500-ranking-timeline.csv
盘中候选,Early,Russell,日线,Early · Russell · 日线,OPRT,OPORTUN FINANCIAL CORP,Financials,49,49,0,2026-08-19,462,-413,1,1,7.385,,58.6,盘中候选，等待收盘确认,early-russell2000-ranking-timeline.csv
盘中候选,Other,All,Ranking,aster-call-ranking-timeline,BEAM,BEAM THERAPEUTICS,Health Care,49,49,0,2026-08-19,,,1,1,27.43,,58.6,盘中候选，等待收盘确认,aster-call-ranking-timeline.csv
盘中候选,Other,All,Ranking,aster-ema-cross-ranking-timeline,CTMX,CYTOMX THERAPEUTICS,Health Care,49,49,0,2026-08-19,,,1,1,3.455,,58.6,盘中候选，等待收盘确认,aster-ema-cross-ranking-timeline.csv
盘中候选,Other,All,Ranking,aster-ema-candle-capture-ranking-timeline,CVNA,Carvana,Consumer Discretionary,49,49,0,2026-08-19,,,1,1,69.760101,,58.6,盘中候选，等待收盘确认,aster-ema-candle-capture-ranking-timeline.csv
盘中候选,Other,All,Ranking,aster-v5-risk-adjusted-ranking-timeline,DKNG,DraftKings Inc. - Class A Common Stock,,49,49,0,2026-08-19,,,1,1,25.91,,58.6,盘中候选，等待收盘确认,aster-v5-risk-adjusted-ranking-timeline.csv
盘中候选,Other,All,Ranking,aster-v3-quality-momentum-ranking-timeline,EFX,Equifax,Industrials,49,49,0,2026-08-19,,,1,1,193.509995,,58.6,盘中候选，等待收盘确认,aster-v3-quality-momentum-ranking-timeline.csv
盘中候选,Other,All,Ranking,aster-v2-balanced-ranking-timeline,SPGI,S&P Global,Financials,49,49,0,2026-08-19,,,1,1,426.720001,,58.6,盘中候选，等待收盘确认,aster-v2-balanced-ranking-timeline.csv
盘中候选,Other,All,Ranking,aster-consensus-agent-ranking-timeline,XEL,Xcel Energy,Utilities,49,49,0,2026-08-19,,,1,1,79.610001,,58.6,盘中候选，等待收盘确认,aster-consensus-agent-ranking-timeline.csv
盘中候选,Other,All,Ranking,aster-v4-tactical-breakout-ranking-timeline,XPEL,XPEL,Consumer Discretionary,49,49,0,2026-08-19,,,1,1,50.330002,,58.6,盘中候选，等待收盘确认,aster-v4-tactical-breakout-ranking-timeline.csv
盘中候选,Early,Russell,日线,Early · Russell · 日线,OPK,OPKO HEALTH,Health Care,50,50,0,2026-08-19,148,-98,1,1,1.455,,58.2,盘中候选，等待收盘确认,early-russell2000-ranking-timeline.csv
盘中候选,Other,All,Ranking,aster-v5-risk-adjusted-ranking-timeline,CART,Maplebear Inc. - Common Stock,,50,50,0,2026-08-19,,,1,1,51.360001,,58.2,盘中候选，等待收盘确认,aster-v5-risk-adjusted-ranking-timeline.csv
盘中候选,Other,All,Ranking,aster-v4-tactical-breakout-ranking-timeline,CGON,CG ONCOLOGY,Health Care,50,50,0,2026-08-19,,,1,1,78.519997,,58.2,盘中候选，等待收盘确认,aster-v4-tactical-breakout-ranking-timeline.csv
盘中候选,Other,All,Ranking,aster-v2-balanced-ranking-timeline,HNRG,HALLADOR ENERGY,Utilities,50,50,0,2026-08-19,,,1,1,16.25,,58.2,盘中候选，等待收盘确认,aster-v2-balanced-ranking-timeline.csv
盘中候选,Other,All,Ranking,aster-v3-quality-momentum-ranking-timeline,MDLZ,Mondelez International,Consumer Staples,50,50,0,2026-08-19,,,1,1,64.565002,,58.2,盘中候选，等待收盘确认,aster-v3-quality-momentum-ranking-timeline.csv
盘中候选,Other,All,Ranking,aster-call-ranking-timeline,NTLA,INTELLIA THERAPEUTICS,Health Care,50,50,0,2026-08-19,,,1,1,12.45,,58.2,盘中候选，等待收盘确认,aster-call-ranking-timeline.csv
盘中候选,Other,All,Ranking,aster-ema-candle-capture-ranking-timeline,STZ,Constellation Brands,Consumer Staples,50,50,0,2026-08-19,,,1,1,132.100006,,58.2,盘中候选，等待收盘确认,aster-ema-candle-capture-ranking-timeline.csv
盘中候选,Other,All,Ranking,aster-consensus-agent-ranking-timeline,VLTO,Veralto,Industrials,50,50,0,2026-08-19,,,1,1,100.279999,,58.2,盘中候选，等待收盘确认,aster-consensus-agent-ranking-timeline.csv
盘中候选,Prism,S&P 500,4小时,Prism · S&P 500 · 4小时,RMD,ResMed|,Health Care,52,52,0,2026-08-19,196,-144,1,1,231.039993,64.5,57.9,盘中候选，等待收盘确认,prism-spx-4h-signal-ranking.csv
盘中候选,Prism,Nasdaq 200,4小时,Prism · Nasdaq 200 · 4小时,TRI,Thomson Reuters Corp - Common Shares,,52,52,0,2026-08-19,101,-49,1,1,105.510002,62.63,57.7,盘中候选，等待收盘确认,prism-nasdaq200-4h-signal-ranking.csv
盘中候选,Prism,S&P 500,4小时,Prism · S&P 500 · 4小时,RSG,Republic Services,Industrials,53,53,0,2026-08-19,110,-57,1,1,220.770004,64.31,57.5,盘中候选，等待收盘确认,prism-spx-4h-signal-ranking.csv
盘中候选,Early,Nasdaq Liquid 500,4小时,Early · Nasdaq Liquid 500 · 4小时,RVMD,"Revolution Medicines, Inc. - Common Stock",,54,54,0,2026-08-19,136,-82,1,1,211.480103,65.94,57.3,盘中候选，等待收盘确认,early-nasdaq500-4h-signal-ranking.csv
盘中候选,Early,Nasdaq 200,4小时,Early · Nasdaq 200 · 4小时,AAPL,Apple Inc.,Information Technology,54,54,0,2026-08-19,108,-54,1,1,317.170013,59.76,56.8,盘中候选，等待收盘确认,early-nasdaq200-4h-signal-ranking.csv
盘中候选,Early,Russell,4小时,Early · Russell · 4小时,PDM,PIEDMONT REALTY TRUST CLASS A,Real Estate,58,58,0,2026-08-19,773,-715,1,1,9.59,76.63,56.7,盘中候选，等待收盘确认,early-russell2000-4h-signal-ranking.csv
盘中候选,Prism,Russell,4小时,Prism · Russell · 4小时,APLE,APPLE HOSPITALITY REIT INC,Real Estate,57,57,0,2026-08-19,403,-346,1,1,16.34,71.85,56.7,盘中候选，等待收盘确认,prism-russell2000-4h-signal-ranking.csv
盘中候选,Early,Nasdaq Liquid 500,4小时,Early · Nasdaq Liquid 500 · 4小时,TVTX,TRAVERE THERAPEUTICS,Health Care,56,56,0,2026-08-19,129,-73,1,1,65.120003,65.47,56.5,盘中候选，等待收盘确认,early-nasdaq500-4h-signal-ranking.csv
盘中候选,Prism,Nasdaq Liquid 500,4小时,Prism · Nasdaq Liquid 500 · 4小时,AMGN,Amgen,Health Care,56,56,0,2026-08-19,246,-190,1,1,436.309998,64.15,56.4,盘中候选，等待收盘确认,prism-nasdaq500-4h-signal-ranking.csv
盘中候选,Prism,Nasdaq 200,4小时,Prism · Nasdaq 200 · 4小时,WBD,Warner Bros. Discovery,Communication Services,56,56,0,2026-08-19,112,-56,1,1,28.440001,61.94,56.2,盘中候选，等待收盘确认,prism-nasdaq200-4h-signal-ranking.csv
盘中候选,Early,Nasdaq Liquid 500,4小时,Early · Nasdaq Liquid 500 · 4小时,EXEL,"Exelixis, Inc. - Common Stock",,57,57,0,2026-08-19,247,-190,1,1,54.240002,65.31,56.1,盘中候选，等待收盘确认,early-nasdaq500-4h-signal-ranking.csv
盘中候选,Early,Russell,4小时,Early · Russell · 4小时,GEO,GEO GROUP,Industrials,60,60,0,2026-08-19,1252,-1192,1,1,31.495001,76.44,56.0,盘中候选，等待收盘确认,early-russell2000-4h-signal-ranking.csv
盘中候选,Early,Nasdaq Liquid 500,4小时,Early · Nasdaq Liquid 500 · 4小时,WEN,WENDYS,Consumer Discretionary,58,58,0,2026-08-19,177,-119,1,1,8.8054,65.05,55.7,盘中候选，等待收盘确认,early-nasdaq500-4h-signal-ranking.csv
盘中候选,Prism,Russell,4小时,Prism · Russell · 4小时,GEO,GEO GROUP,Industrials,61,61,0,2026-08-19,1270,-1209,1,1,31.495001,71.67,55.2,盘中候选，等待收盘确认,prism-russell2000-4h-signal-ranking.csv
盘中候选,Early,Nasdaq 200,4小时,Early · Nasdaq 200 · 4小时,GILD,Gilead Sciences,Health Care,59,59,0,2026-08-19,107,-48,1,1,145.339996,57.89,54.8,盘中候选，等待收盘确认,early-nasdaq200-4h-signal-ranking.csv
盘中候选,Prism,S&P 500,4小时,Prism · S&P 500 · 4小时,AMGN,Amgen,Health Care,61,61,0,2026-08-19,261,-200,1,1,436.309998,63.5,54.5,盘中候选，等待收盘确认,prism-spx-4h-signal-ranking.csv
盘中候选,Early,Russell,4小时,Early · Russell · 4小时,PRME,PRIME MEDICINE,Health Care,65,65,0,2026-08-19,168,-103,1,1,3.33,75.59,54.1,盘中候选，等待收盘确认,early-russell2000-4h-signal-ranking.csv
盘中候选,Prism,S&P 500,4小时,Prism · S&P 500 · 4小时,BR,Broadridge Financial Solutions,Industrials,63,63,0,2026-08-19,113,-50,1,1,176.660004,63.4,53.8,盘中候选，等待收盘确认,prism-spx-4h-signal-ranking.csv
盘中候选,Early,Nasdaq 200,4小时,Early · Nasdaq 200 · 4小时,AMZN,Amazon,Consumer Discretionary,62,62,0,2026-08-19,106,-44,1,1,262.480011,57.4,53.7,盘中候选，等待收盘确认,early-nasdaq200-4h-signal-ranking.csv
盘中候选,Early,S&P 500,4小时,Early · S&P 500 · 4小时,ADBE,Adobe Inc.,Information Technology,64,64,0,2026-08-19,123,-59,1,1,272.079987,64.88,53.6,盘中候选，等待收盘确认,early-spx-4h-signal-ranking.csv
盘中候选,Prism,S&P 500,4小时,Prism · S&P 500 · 4小时,ADP,Automatic Data Processing,Industrials,64,64,0,2026-08-19,209,-145,1,1,279.149994,63.39,53.4,盘中候选，等待收盘确认,prism-spx-4h-signal-ranking.csv
盘中候选,Prism,Nasdaq 200,4小时,Prism · Nasdaq 200 · 4小时,EXC,Exelon,Utilities,64,64,0,2026-08-19,118,-54,1,1,45.669998,61.25,53.3,盘中候选，等待收盘确认,prism-nasdaq200-4h-signal-ranking.csv
盘中候选,Prism,S&P 500,4小时,Prism · S&P 500 · 4小时,BMY,Bristol Myers Squibb,Health Care,65,65,0,2026-08-19,114,-49,1,1,66.894997,63.34,53.1,盘中候选，等待收盘确认,prism-spx-4h-signal-ranking.csv
盘中候选,Prism,Nasdaq 200,4小时,Prism · Nasdaq 200 · 4小时,CEG,Constellation Energy,Utilities,65,65,0,2026-08-19,114,-49,1,1,275.325012,60.45,52.8,盘中候选，等待收盘确认,prism-nasdaq200-4h-signal-ranking.csv
盘中候选,Prism,Nasdaq 200,4小时,Prism · Nasdaq 200 · 4小时,NTRA,"Natera, Inc. - Common Stock",,66,66,0,2026-08-19,117,-51,1,1,332.270905,60.43,52.5,盘中候选，等待收盘确认,prism-nasdaq200-4h-signal-ranking.csv
盘中候选,Early,S&P 500,4小时,Early · S&P 500 · 4小时,BSX,Boston Scientific,Health Care,67,67,0,2026-08-19,133,-66,1,1,51.200001,64.1,52.4,盘中候选，等待收盘确认,early-spx-4h-signal-ranking.csv
盘中候选,Prism,Nasdaq Liquid 500,4小时,Prism · Nasdaq Liquid 500 · 4小时,TWST,TWIST BIOSCIENCE,Health Care,67,67,0,2026-08-19,135,-68,1,1,139.690002,62.68,52.3,盘中候选，等待收盘确认,prism-nasdaq500-4h-signal-ranking.csv
盘中候选,Early,Nasdaq 200,4小时,Early · Nasdaq 200 · 4小时,NDSN,Nordson Corporation,Industrials,66,66,0,2026-08-19,112,-46,1,1,324.13501,56.71,52.2,盘中候选，等待收盘确认,early-nasdaq200-4h-signal-ranking.csv
盘中候选,Early,Russell,4小时,Early · Russell · 4小时,IDR,IDAHO STRATEGIC RESOURCES INC,Materials,70,70,0,2026-08-19,111,-41,1,1,32.200001,74.0,52.2,盘中候选，等待收盘确认,early-russell2000-4h-signal-ranking.csv
盘中候选,Prism,Russell,4小时,Prism · Russell · 4小时,LEE,LEE ENTERPRISES INC,Communication,69,69,0,2026-08-19,102,-33,1,1,8.28,70.57,52.2,盘中候选，等待收盘确认,prism-russell2000-4h-signal-ranking.csv
盘中候选,Early,S&P 500,4小时,Early · S&P 500 · 4小时,ESS,Essex Property Trust,Real Estate,68,68,0,2026-08-19,253,-185,1,1,290.149994,64.09,52.1,盘中候选，等待收盘确认,early-spx-4h-signal-ranking.csv
盘中候选,Early,S&P 500,日线,Early · S&P 500 · 日线,BG,Bunge Global,Consumer Staples,54,54,0,2026-08-19,271,-217,1,1,117.125,,51.9,盘中候选，等待收盘确认,early-spx-ranking-timeline.csv
盘中候选,Early,Russell,日线,Early · Russell · 日线,KYTX,KYVERNA THERAPEUTICS,Health Care,54,54,0,2026-08-19,129,-75,1,1,8.49,,51.9,盘中候选，等待收盘确认,early-russell2000-ranking-timeline.csv
盘中候选,Prism,Russell,日线,Prism · Russell · 日线,AMPL,AMPLITUDE CLASS A,Information Technology,54,54,0,2026-08-19,119,-65,1,1,12.6953,,51.9,盘中候选，等待收盘确认,prism-russell2000-ranking-timeline.csv
盘中候选,Early,Nasdaq 200,4小时,Early · Nasdaq 200 · 4小时,AMGN,Amgen,Health Care,67,67,0,2026-08-19,111,-44,1,1,436.309998,56.24,51.8,盘中候选，等待收盘确认,early-nasdaq200-4h-signal-ranking.csv
盘中候选,Early,S&P 500,4小时,Early · S&P 500 · 4小时,APD,Air Products,Materials,69,69,0,2026-08-19,234,-165,1,1,307.549988,63.69,51.7,盘中候选，等待收盘确认,early-spx-4h-signal-ranking.csv
盘中候选,Early,Russell,日线,Early · Russell · 日线,NCNO,NCINO,Information Technology,55,55,0,2026-08-19,593,-538,1,1,20.43,,51.5,盘中候选，等待收盘确认,early-russell2000-ranking-timeline.csv
盘中候选,Early,Russell,4小时,Early · Russell · 4小时,CPK,CHESAPEAKE UTILITIES,Utilities,72,72,0,2026-08-19,200,-128,1,1,137.764999,73.17,51.4,盘中候选，等待收盘确认,early-russell2000-4h-signal-ranking.csv
盘中候选,Prism,Nasdaq 200,4小时,Prism · Nasdaq 200 · 4小时,CDW,CDW Corporation,Information Technology,69,69,0,2026-08-19,136,-67,1,1,138.75,59.93,51.4,盘中候选，等待收盘确认,prism-nasdaq200-4h-signal-ranking.csv
盘中候选,Prism,Russell,4小时,Prism · Russell · 4小时,PCT,PURECYCLE TECHNOLOGIES,Materials,71,71,0,2026-08-19,104,-33,1,1,6.86,69.74,51.4,盘中候选，等待收盘确认,prism-russell2000-4h-signal-ranking.csv
盘中候选,Early,Nasdaq Liquid 500,4小时,Early · Nasdaq Liquid 500 · 4小时,TRI,Thomson Reuters Corp - Common Shares,,70,70,0,2026-08-19,170,-100,1,1,105.510002,63.65,51.3,盘中候选，等待收盘确认,early-nasdaq500-4h-signal-ranking.csv
盘中候选,Prism,Nasdaq Liquid 500,4小时,Prism · Nasdaq Liquid 500 · 4小时,EXE,Expand Energy,Energy,70,70,0,2026-08-19,108,-38,1,1,96.690002,62.48,51.2,盘中候选，等待收盘确认,prism-nasdaq500-4h-signal-ranking.csv
盘中候选,Early,Nasdaq Liquid 500,日线,Early · Nasdaq Liquid 500 · 日线,PLTR,Palantir Technologies,Information Technology,56,56,0,2026-08-19,101,-45,1,1,175.419998,,51.1,盘中候选，等待收盘确认,early-nasdaq500-ranking-timeline.csv
盘中候选,Early,Russell,日线,Early · Russell · 日线,VERX,VERTEX CLASS A,Information Technology,56,56,0,2026-08-19,238,-182,1,1,13.53,,51.1,盘中候选，等待收盘确认,early-russell2000-ranking-timeline.csv
盘中候选,Early,Russell,4小时,Early · Russell · 4小时,OIS,OIL STATES INTERNATIONAL,Energy,73,73,0,2026-08-19,108,-35,1,1,8.8,72.89,51.0,盘中候选，等待收盘确认,early-russell2000-4h-signal-ranking.csv
盘中候选,Early,Nasdaq Liquid 500,4小时,Early · Nasdaq Liquid 500 · 4小时,TGTX,TG THERAPEUTICS,Health Care,71,71,0,2026-08-19,235,-164,1,1,52.880001,63.57,50.9,盘中候选，等待收盘确认,early-nasdaq500-4h-signal-ranking.csv
盘中候选,Prism,S&P 500,4小时,Prism · S&P 500 · 4小时,JNJ,Johnson & Johnson,Health Care,71,71,0,2026-08-19,136,-65,1,1,271.880005,62.88,50.9,盘中候选，等待收盘确认,prism-spx-4h-signal-ranking.csv
盘中候选,Early,S&P 500,4小时,Early · S&P 500 · 4小时,FCX,Freeport-McMoRan,Materials,72,72,0,2026-08-19,156,-84,1,1,68.510002,63.51,50.6,盘中候选，等待收盘确认,early-spx-4h-signal-ranking.csv
盘中候选,Early,Russell,4小时,Early · Russell · 4小时,CSIQ,CANADIAN SOLAR,Information Technology,74,74,0,2026-08-19,883,-809,1,1,15.36,72.74,50.6,盘中候选，等待收盘确认,early-russell2000-4h-signal-ranking.csv
盘中候选,Early,Nasdaq Liquid 500,4小时,Early · Nasdaq Liquid 500 · 4小时,CEG,Constellation Energy,Utilities,72,72,0,2026-08-19,297,-225,1,1,275.325012,63.18,50.5,盘中候选，等待收盘确认,early-nasdaq500-4h-signal-ranking.csv
盘中候选,Prism,S&P 500,4小时,Prism · S&P 500 · 4小时,EQT,EQT Corporation,Energy,72,72,0,2026-08-19,203,-131,1,1,54.514999,62.87,50.5,盘中候选，等待收盘确认,prism-spx-4h-signal-ranking.csv
盘中候选,Early,Russell,日线,Early · Russell · 日线,LUNR,INTUITIVE MACHINES INC CLASS A,Industrials,58,58,0,2026-08-19,103,-45,1,1,17.870001,,50.4,盘中候选，等待收盘确认,early-russell2000-ranking-timeline.csv
盘中候选,Prism,Russell,日线,Prism · Russell · 日线,DUOT,DUOS TECHNOLOGIES GROUP INC,Information Technology,58,58,0,2026-08-19,117,-59,1,1,11.015,,50.4,盘中候选，等待收盘确认,prism-russell2000-ranking-timeline.csv
盘中候选,Prism,Russell,4小时,Prism · Russell · 4小时,ROOT,ROOT INC CLASS A,Financials,74,74,0,2026-08-19,567,-493,1,1,57.52,69.45,50.3,盘中候选，等待收盘确认,prism-russell2000-4h-signal-ranking.csv
盘中候选,Early,S&P 500,4小时,Early · S&P 500 · 4小时,ERIE,Erie Indemnity,Financials,73,73,0,2026-08-19,138,-65,1,1,267.855011,62.9,50.2,盘中候选，等待收盘确认,early-spx-4h-signal-ranking.csv
盘中候选,Early,Nasdaq Liquid 500,4小时,Early · Nasdaq Liquid 500 · 4小时,BRKR,Bruker Corporation - Common Stock,,73,73,0,2026-08-19,113,-40,1,1,59.157001,63.12,50.2,盘中候选，等待收盘确认,early-nasdaq500-4h-signal-ranking.csv
盘中候选,Early,Russell,4小时,Early · Russell · 4小时,CNXC,CONCENTRIX,Industrials,75,75,0,2026-08-19,884,-809,1,1,25.545,72.73,50.2,盘中候选，等待收盘确认,early-russell2000-4h-signal-ranking.csv
盘中候选,Early,Russell,日线,Early · Russell · 日线,PDEX,PRO DEX INC,Health Care,59,59,0,2026-08-19,611,-552,1,1,65.900002,,50.1,盘中候选，等待收盘确认,early-russell2000-ranking-timeline.csv
盘中候选,Prism,Nasdaq Liquid 500,4小时,Prism · Nasdaq Liquid 500 · 4小时,GILD,Gilead Sciences,Health Care,73,73,0,2026-08-19,233,-160,1,1,145.339996,62.25,50.1,盘中候选，等待收盘确认,prism-nasdaq500-4h-signal-ranking.csv
盘中候选,Prism,Russell,4小时,Prism · Russell · 4小时,REX,REX AMERICAN RESOURCES,Energy,75,75,0,2026-08-19,101,-26,1,1,44.330002,69.45,50.0,盘中候选，等待收盘确认,prism-russell2000-4h-signal-ranking.csv
盘中候选,Early,Nasdaq Liquid 500,4小时,Early · Nasdaq Liquid 500 · 4小时,SNY,Sanofi - American Depositary Shares,,74,74,0,2026-08-19,112,-38,1,1,45.459999,62.94,49.8,盘中候选，等待收盘确认,early-nasdaq500-4h-signal-ranking.csv
盘中候选,Early,S&P 500,日线,Early · S&P 500 · 日线,FCX,Freeport-McMoRan,Materials,60,60,0,2026-08-19,177,-117,1,1,68.775002,,49.7,盘中候选，等待收盘确认,early-spx-ranking-timeline.csv
盘中候选,Prism,Nasdaq 200,4小时,Prism · Nasdaq 200 · 4小时,LNT,Alliant Energy,Utilities,74,74,0,2026-08-19,123,-49,1,1,70.555,59.27,49.5,盘中候选，等待收盘确认,prism-nasdaq200-4h-signal-ranking.csv
盘中候选,Early,Nasdaq Liquid 500,4小时,Early · Nasdaq Liquid 500 · 4小时,EVRG,Evergy,Utilities,75,75,0,2026-08-19,307,-232,1,1,84.279999,62.91,49.4,盘中候选，等待收盘确认,early-nasdaq500-4h-signal-ranking.csv
盘中候选,Prism,S&P 500,4小时,Prism · S&P 500 · 4小时,PYPL,PayPal,Financials,75,75,0,2026-08-19,168,-93,1,1,61.77,62.41,49.4,盘中候选，等待收盘确认,prism-spx-4h-signal-ranking.csv
盘中候选,Early,Russell,日线,Early · Russell · 日线,PRCT,PROCEPT BIOROBOTICS CORP,Health Care,61,61,0,2026-08-19,125,-64,1,1,21.715,,49.3,盘中候选，等待收盘确认,early-russell2000-ranking-timeline.csv
盘中候选,Prism,Nasdaq Liquid 500,日线,Prism · Nasdaq Liquid 500 · 日线,CCC,CCC Intelligent Solutions Holdings Inc. - Common Stock,,61,61,0,2026-08-19,106,-45,1,1,7.46,,49.3,盘中候选，等待收盘确认,prism-nasdaq500-ranking-timeline.csv
盘中候选,Prism,Russell,4小时,Prism · Russell · 4小时,ASTH,ASTRANA HEALTH,Health Care,77,77,0,2026-08-19,120,-43,1,1,39.82,69.32,49.2,盘中候选，等待收盘确认,prism-russell2000-4h-signal-ranking.csv
盘中候选,Early,Nasdaq Liquid 500,4小时,Early · Nasdaq Liquid 500 · 4小时,CRSP,CRISPR THERAPEUTICS AG,Health Care,76,76,0,2026-08-19,197,-121,1,1,58.439999,62.59,49.1,盘中候选，等待收盘确认,early-nasdaq500-4h-signal-ranking.csv
盘中候选,Prism,Nasdaq 200,4小时,Prism · Nasdaq 200 · 4小时,AEP,American Electric Power,Utilities,75,75,0,2026-08-19,125,-50,1,1,127.305,59.1,49.1,盘中候选，等待收盘确认,prism-nasdaq200-4h-signal-ranking.csv
盘中候选,Early,S&P 500,4小时,Early · S&P 500 · 4小时,COIN,Coinbase,Financials,76,76,0,2026-08-19,148,-72,1,1,171.270004,62.35,49.0,盘中候选，等待收盘确认,early-spx-4h-signal-ranking.csv
盘中候选,Early,Russell,日线,Early · Russell · 日线,BDTX,BLACK DIAMOND THERAPEUTICS INC,Health Care,62,62,0,2026-08-19,486,-424,1,1,2.13,,49.0,盘中候选，等待收盘确认,early-russell2000-ranking-timeline.csv
盘中候选,Prism,S&P 500,日线,Prism · S&P 500 · 日线,NDSN,Nordson Corporation,Industrials,62,62,0,2026-08-19,115,-53,1,1,324.429993,,49.0,盘中候选，等待收盘确认,prism-spx-ranking-timeline.csv
盘中候选,Early,Russell,4小时,Early · Russell · 4小时,EPSN,EPSILON ENERGY LTD,Energy,79,79,0,2026-08-19,508,-429,1,1,5.66,71.93,48.7,盘中候选，等待收盘确认,early-russell2000-4h-signal-ranking.csv
盘中候选,Prism,S&P 500,4小时,Prism · S&P 500 · 4小时,EXE,Expand Energy,Energy,77,77,0,2026-08-19,143,-66,1,1,96.690002,62.33,48.7,盘中候选，等待收盘确认,prism-spx-4h-signal-ranking.csv
盘中候选,Early,S&P 500,日线,Early · S&P 500 · 日线,CDW,CDW Corporation,Information Technology,63,63,0,2026-08-19,290,-227,1,1,139.610001,,48.6,盘中候选，等待收盘确认,early-spx-ranking-timeline.csv
盘中候选,Early,Russell,日线,Early · Russell · 日线,PRAX,PRAXIS PRECISION MEDICINES,Health Care,63,63,0,2026-08-19,101,-38,1,1,380.630005,,48.6,盘中候选，等待收盘确认,early-russell2000-ranking-timeline.csv
盘中候选,Prism,Nasdaq Liquid 500,4小时,Prism · Nasdaq Liquid 500 · 4小时,AUGO,Aura Minerals Inc. - Common Shares,,77,77,0,2026-08-19,120,-43,1,1,84.065002,61.78,48.6,盘中候选，等待收盘确认,prism-nasdaq500-4h-signal-ranking.csv
盘中候选,Prism,Russell,4小时,Prism · Russell · 4小时,HPP,HUDSON PACIFIC PROPERTIES REIT,Real Estate,79,79,0,2026-08-19,503,-424,1,1,14.4508,69.11,48.5,盘中候选，等待收盘确认,prism-russell2000-4h-signal-ranking.csv
盘中候选,Early,Russell,4小时,Early · Russell · 4小时,HMH,HMH HOLDING INC CLASS A,Energy,80,80,0,2026-08-19,158,-78,1,1,21.49,71.88,48.4,盘中候选，等待收盘确认,early-russell2000-4h-signal-ranking.csv
盘中候选,Early,S&P 500,4小时,Early · S&P 500 · 4小时,EW,Edwards Lifesciences,Health Care,78,78,0,2026-08-19,118,-40,1,1,91.910004,62.3,48.3,盘中候选，等待收盘确认,early-spx-4h-signal-ranking.csv
盘中候选,Prism,S&P 500,4小时,Prism · S&P 500 · 4小时,CSGP,CoStar Group,Real Estate,78,78,0,2026-08-19,134,-56,1,1,32.700001,62.25,48.3,盘中候选，等待收盘确认,prism-spx-4h-signal-ranking.csv
盘中候选,Early,Russell,日线,Early · Russell · 日线,TNXP,TONIX PHARMACEUTICALS HOLDING,Health Care,64,64,0,2026-08-19,210,-146,1,1,12.695,,48.2,盘中候选，等待收盘确认,early-russell2000-ranking-timeline.csv
盘中候选,Prism,Nasdaq Liquid 500,日线,Prism · Nasdaq Liquid 500 · 日线,LBRDK,Liberty Broadband Corporation - Class C Common Stock,,64,64,0,2026-08-19,,,1,1,36.02,,48.2,盘中候选，等待收盘确认,prism-nasdaq500-ranking-timeline.csv
盘中候选,Early,Nasdaq 200,4小时,Early · Nasdaq 200 · 4小时,NTRA,"Natera, Inc. - Common Stock",,77,77,0,2026-08-19,104,-27,1,1,332.270905,54.03,48.0,盘中候选，等待收盘确认,early-nasdaq200-4h-signal-ranking.csv
盘中候选,Early,Russell,4小时,Early · Russell · 4小时,CRK,COMSTOCK RESOURCES,Energy,81,81,0,2026-08-19,407,-326,1,1,13.91,71.87,48.0,盘中候选，等待收盘确认,early-russell2000-4h-signal-ranking.csv
盘中候选,Early,S&P 500,4小时,Early · S&P 500 · 4小时,COO,Cooper Companies (The),Health Care,79,79,0,2026-08-19,111,-32,1,1,77.010002,62.26,47.9,盘中候选，等待收盘确认,early-spx-4h-signal-ranking.csv
盘中候选,Early,Nasdaq Liquid 500,4小时,Early · Nasdaq Liquid 500 · 4小时,PSKY,Paramount Skydance Corporation,Communication Services,79,79,0,2026-08-19,207,-128,1,1,10.5,62.13,47.9,盘中候选，等待收盘确认,early-nasdaq500-4h-signal-ranking.csv
盘中候选,Early,Russell,日线,Early · Russell · 日线,CNX,CNX RESOURCES,Energy,65,65,0,2026-08-19,740,-675,1,1,36.32,,47.9,盘中候选，等待收盘确认,early-russell2000-ranking-timeline.csv
盘中候选,Early,Russell,4小时,Early · Russell · 4小时,EFC,ELLINGTON FINANCIAL,Financials,82,82,0,2026-08-19,110,-28,1,1,13.66,71.81,47.6,盘中候选，等待收盘确认,early-russell2000-4h-signal-ranking.csv
盘中候选,Prism,S&P 500,4小时,Prism · S&P 500 · 4小时,ARE,Alexandria Real Estate Equities,Real Estate,80,80,0,2026-08-19,122,-42,1,1,50.705002,62.21,47.6,盘中候选，等待收盘确认,prism-spx-4h-signal-ranking.csv
盘中候选,Early,Nasdaq Liquid 500,4小时,Early · Nasdaq Liquid 500 · 4小时,PYPL,PayPal,Financials,80,80,0,2026-08-19,165,-85,1,1,61.77,61.81,47.5,盘中候选，等待收盘确认,early-nasdaq500-4h-signal-ranking.csv
盘中候选,Prism,Nasdaq Liquid 500,4小时,Prism · Nasdaq Liquid 500 · 4小时,TMDX,TRANSMEDICS GROUP,Health Care,80,80,0,2026-08-19,142,-62,1,1,93.489998,61.41,47.5,盘中候选，等待收盘确认,prism-nasdaq500-4h-signal-ranking.csv
盘中候选,Prism,Russell,4小时,Prism · Russell · 4小时,NWE,NORTHWESTERN ENERGY GROUP,Utilities,82,82,0,2026-08-19,110,-28,1,1,71.139999,68.8,47.4,盘中候选，等待收盘确认,prism-russell2000-4h-signal-ranking.csv
盘中候选,Early,Russell,4小时,Early · Russell · 4小时,NGNE,NEUROGENE INC,Health Care,83,83,0,2026-08-19,165,-82,1,1,37.889999,71.66,47.3,盘中候选，等待收盘确认,early-russell2000-4h-signal-ranking.csv
盘中候选,Early,S&P 500,4小时,Early · S&P 500 · 4小时,CEG,Constellation Energy,Utilities,81,81,0,2026-08-19,284,-203,1,1,275.325012,61.98,47.2,盘中候选，等待收盘确认,early-spx-4h-signal-ranking.csv
盘中候选,Early,Nasdaq Liquid 500,4小时,Early · Nasdaq Liquid 500 · 4小时,WMG,Warner Music Group Corp. - Class A Common Stock,,81,81,0,2026-08-19,104,-23,1,1,27.125,61.48,47.2,盘中候选，等待收盘确认,early-nasdaq500-4h-signal-ranking.csv
盘中候选,Early,Russell,日线,Early · Russell · 日线,WRBY,WARBY PARKER INC CLASS A,Consumer Discretionary,67,67,0,2026-08-19,684,-617,1,1,28.08,,47.2,盘中候选，等待收盘确认,early-russell2000-ranking-timeline.csv
盘中候选,Prism,S&P 500,4小时,Prism · S&P 500 · 4小时,TKO,TKO Group Holdings,Communication Services,81,81,0,2026-08-19,118,-37,1,1,201.865005,62.2,47.2,盘中候选，等待收盘确认,prism-spx-4h-signal-ranking.csv
盘中候选,Prism,Russell,4小时,Prism · Russell · 4小时,LXU,LSB INDUSTRIES,Materials,83,83,0,2026-08-19,109,-26,1,1,10.79,68.48,47.0,盘中候选，等待收盘确认,prism-russell2000-4h-signal-ranking.csv
盘中候选,Early,S&P 500,4小时,Early · S&P 500 · 4小时,PGR,Progressive Corporation,Financials,82,82,0,2026-08-19,227,-145,1,1,221.550003,61.75,46.8,盘中候选，等待收盘确认,early-spx-4h-signal-ranking.csv
盘中候选,Early,Nasdaq Liquid 500,4小时,Early · Nasdaq Liquid 500 · 4小时,ADP,Automatic Data Processing,Industrials,82,82,0,2026-08-19,148,-66,1,1,279.149994,61.19,46.8,盘中候选，等待收盘确认,early-nasdaq500-4h-signal-ranking.csv
盘中候选,Early,Russell,日线,Early · Russell · 日线,GO,GROCERY OUTLET HOLDING,Consumer Staples,68,68,0,2026-08-19,500,-432,1,1,11.07,,46.8,盘中候选，等待收盘确认,early-russell2000-ranking-timeline.csv
盘中候选,Prism,S&P 500,4小时,Prism · S&P 500 · 4小时,TMO,Thermo Fisher Scientific,Health Care,82,82,0,2026-08-19,128,-46,1,1,620.590027,62.11,46.8,盘中候选，等待收盘确认,prism-spx-4h-signal-ranking.csv
盘中候选,Prism,Russell,4小时,Prism · Russell · 4小时,BKH,BLACK HILLS CORP,Utilities,84,84,0,2026-08-19,106,-22,1,1,73.739998,68.37,46.6,盘中候选，等待收盘确认,prism-russell2000-4h-signal-ranking.csv
盘中候选,Early,Russell,4小时,Early · Russell · 4小时,IMXI,INTERNATIONAL MONEY EXPRESS INC,Financials,85,85,0,2026-08-19,213,-128,1,1,14.02,71.36,46.5,盘中候选，等待收盘确认,early-russell2000-4h-signal-ranking.csv
盘中候选,Prism,S&P 500,4小时,Prism · S&P 500 · 4小时,CBRE,CBRE Group,Real Estate,83,83,0,2026-08-19,123,-40,1,1,153.440002,61.95,46.5,盘中候选，等待收盘确认,prism-spx-4h-signal-ranking.csv
盘中候选,Prism,Nasdaq Liquid 500,日线,Prism · Nasdaq Liquid 500 · 日线,NDSN,Nordson Corporation,Industrials,69,69,0,2026-08-19,105,-36,1,1,324.429993,,46.4,盘中候选，等待收盘确认,prism-nasdaq500-ranking-timeline.csv
盘中候选,Prism,Nasdaq Liquid 500,4小时,Prism · Nasdaq Liquid 500 · 4小时,CHDN,"Churchill Downs, Incorporated - Common Stock",,83,83,0,2026-08-19,121,-38,1,1,91.875,61.1,46.4,盘中候选，等待收盘确认,prism-nasdaq500-4h-signal-ranking.csv
盘中候选,Prism,Russell,日线,Prism · Russell · 日线,GDYN,GRID DYNAMICS HOLDINGS CLASS A,Information Technology,69,69,0,2026-08-19,109,-40,1,1,7.96,,46.4,盘中候选，等待收盘确认,prism-russell2000-ranking-timeline.csv
盘中候选,Early,Russell,4小时,Early · Russell · 4小时,AVO,MISSION PRODUCE INC,Consumer Staples,86,86,0,2026-08-19,123,-37,1,1,13.235,71.3,46.2,盘中候选，等待收盘确认,early-russell2000-4h-signal-ranking.csv
盘中候选,Early,S&P 500,日线,Early · S&P 500 · 日线,APD,Air Products,Materials,70,70,0,2026-08-19,227,-157,1,1,307.000092,,46.1,盘中候选，等待收盘确认,early-spx-ranking-timeline.csv
盘中候选,Early,Russell,日线,Early · Russell · 日线,CALX,CALIX NETWORKS,Information Technology,70,70,0,2026-08-19,159,-89,1,1,40.553001,,46.1,盘中候选，等待收盘确认,early-russell2000-ranking-timeline.csv
盘中候选,Prism,S&P 500,4小时,Prism · S&P 500 · 4小时,GIS,General Mills,Consumer Staples,84,84,0,2026-08-19,129,-45,1,1,39.785,61.68,46.1,盘中候选，等待收盘确认,prism-spx-4h-signal-ranking.csv
盘中候选,Early,Nasdaq Liquid 500,4小时,Early · Nasdaq Liquid 500 · 4小时,AAPL,Apple Inc.,Information Technology,84,84,0,2026-08-19,248,-164,1,1,317.170013,61.02,46.0,盘中候选，等待收盘确认,early-nasdaq500-4h-signal-ranking.csv
盘中候选,Prism,Nasdaq Liquid 500,4小时,Prism · Nasdaq Liquid 500 · 4小时,ROP,Roper Technologies,Information Technology,84,84,0,2026-08-19,109,-25,1,1,409.005005,61.09,46.0,盘中候选，等待收盘确认,prism-nasdaq500-4h-signal-ranking.csv
盘中候选,Prism,Russell,4小时,Prism · Russell · 4小时,GPRE,GREEN PLAINS,Energy,86,86,0,2026-08-19,598,-512,1,1,16.34,68.07,45.9,盘中候选，等待收盘确认,prism-russell2000-4h-signal-ranking.csv
盘中候选,Early,Russell,4小时,Early · Russell · 4小时,NRC,NRC HEALTH,Health Care,87,87,0,2026-08-19,134,-47,1,1,21.809999,71.21,45.8,盘中候选，等待收盘确认,early-russell2000-4h-signal-ranking.csv
盘中候选,Early,Nasdaq 200,日线,Early · Nasdaq 200 · 日线,BNTX,BioNTech SE - American Depositary Shares,,71,71,0,2026-08-19,105,-34,1,1,110.889999,,45.7,盘中候选，等待收盘确认,early-nasdaq200-ranking-timeline.csv
盘中候选,Early,Russell,日线,Early · Russell · 日线,AMTX,AEMETIS INC,Energy,71,71,0,2026-08-19,204,-133,1,1,1.925,,45.7,盘中候选，等待收盘确认,early-russell2000-ranking-timeline.csv
盘中候选,Prism,Nasdaq 200,4小时,Prism · Nasdaq 200 · 4小时,CTSH,Cognizant,Information Technology,84,84,0,2026-08-19,109,-25,1,1,60.825001,57.25,45.7,盘中候选，等待收盘确认,prism-nasdaq200-4h-signal-ranking.csv
盘中候选,Early,S&P 500,日线,Early · S&P 500 · 日线,ELV,Elevance Health,Health Care,72,72,0,2026-08-19,103,-31,1,1,397.450012,,45.4,盘中候选，等待收盘确认,early-spx-ranking-timeline.csv
盘中候选,Early,Russell,日线,Early · Russell · 日线,ORMP,ORAMED PHARMACEUTICALS INC,Health Care,72,72,0,2026-08-19,506,-434,1,1,4.76,,45.4,盘中候选，等待收盘确认,early-russell2000-ranking-timeline.csv
盘中候选,Early,Russell,4小时,Early · Russell · 4小时,TAYD,TAYLOR DEVICES INC,Industrials,88,88,0,2026-08-19,152,-64,1,1,58.055,71.09,45.4,盘中候选，等待收盘确认,early-russell2000-4h-signal-ranking.csv
盘中候选,Prism,Nasdaq Liquid 500,日线,Prism · Nasdaq Liquid 500 · 日线,CORT,Corcept Therapeutics Incorporated - Common Stock,,72,72,0,2026-08-19,112,-40,1,1,120.095001,,45.4,盘中候选，等待收盘确认,prism-nasdaq500-ranking-timeline.csv
盘中候选,Prism,Russell,日线,Prism · Russell · 日线,PRCH,PORCH GROUP INC,Financials,72,72,0,2026-08-19,146,-74,1,1,17.2101,,45.4,盘中候选，等待收盘确认,prism-russell2000-ranking-timeline.csv
盘中候选,Early,Russell,4小时,Early · Russell · 4小时,DNLI,DENALI THERAPEUTICS,Health Care,89,89,0,2026-08-19,138,-49,1,1,25.27,71.07,45.1,盘中候选，等待收盘确认,early-russell2000-4h-signal-ranking.csv
盘中候选,Early,S&P 500,4小时,Early · S&P 500 · 4小时,GIS,General Mills,Consumer Staples,87,87,0,2026-08-19,127,-40,1,1,39.785,61.27,45.0,盘中候选，等待收盘确认,early-spx-4h-signal-ranking.csv
盘中候选,Early,Russell,日线,Early · Russell · 日线,SRPT,SAREPTA THERAPEUTICS,Health Care,73,73,0,2026-08-19,437,-364,1,1,19.040001,,45.0,盘中候选，等待收盘确认,early-russell2000-ranking-timeline.csv
盘中候选,Prism,S&P 500,4小时,Prism · S&P 500 · 4小时,DIS,Walt Disney Company (The),Communication Services,87,87,0,2026-08-19,236,-149,1,1,107.669998,61.47,45.0,盘中候选，等待收盘确认,prism-spx-4h-signal-ranking.csv
盘中候选,Prism,Nasdaq 200,4小时,Prism · Nasdaq 200 · 4小时,LIN,Linde plc,Materials,86,86,0,2026-08-19,134,-48,1,1,486.545013,57.21,45.0,盘中候选，等待收盘确认,prism-nasdaq200-4h-signal-ranking.csv
盘中候选,Early,Russell,4小时,Early · Russell · 4小时,WEAV,WEAVE COMMUNICATIONS,Information Technology,90,90,0,2026-08-19,805,-715,1,1,7.31,71.05,44.7,盘中候选，等待收盘确认,early-russell2000-4h-signal-ranking.csv
盘中候选,Early,Russell,日线,Early · Russell · 日线,AMCX,AMC GLOBAL MEDIA CLASS A,Communication,74,74,0,2026-08-19,179,-105,1,1,12.34,,44.6,盘中候选，等待收盘确认,early-russell2000-ranking-timeline.csv
盘中候选,Prism,Nasdaq Liquid 500,4小时,Prism · Nasdaq Liquid 500 · 4小时,BRZE,BRAZE INC CLASS A,Information Technology,88,88,0,2026-08-19,,,1,1,30.625,60.58,44.6,盘中候选，等待收盘确认,prism-nasdaq500-4h-signal-ranking.csv
盘中候选,Prism,Russell,日线,Prism · Russell · 日线,CSTL,CASTLE BIOSCIENCES,Health Care,74,74,0,2026-08-19,181,-107,1,1,33.540001,,44.6,盘中候选，等待收盘确认,prism-russell2000-ranking-timeline.csv
盘中候选,Prism,Russell,4小时,Prism · Russell · 4小时,SNDX,SYNDAX PHARMACEUTICALS,Health Care,90,90,0,2026-08-19,105,-15,1,1,20.1,67.15,44.4,盘中候选，等待收盘确认,prism-russell2000-4h-signal-ranking.csv
盘中候选,Early,Russell,4小时,Early · Russell · 4小时,BNAI,BRAND ENGAGEMENT NETWORK INC,Information Technology,91,91,0,2026-08-19,131,-40,1,1,16.459999,70.9,44.3,盘中候选，等待收盘确认,early-russell2000-4h-signal-ranking.csv
盘中候选,Prism,Nasdaq 200,4小时,Prism · Nasdaq 200 · 4小时,PSKY,Paramount Skydance Corporation,Communication Services,88,88,0,2026-08-19,126,-38,1,1,10.5,56.97,44.3,盘中候选，等待收盘确认,prism-nasdaq200-4h-signal-ranking.csv
盘中候选,Prism,Nasdaq Liquid 500,日线,Prism · Nasdaq Liquid 500 · 日线,BULL,WEBULL CORP CLASS A,Financials,75,75,0,2026-08-19,241,-166,1,1,9.765,,44.3,盘中候选，等待收盘确认,prism-nasdaq500-ranking-timeline.csv
盘中候选,Early,Nasdaq Liquid 500,4小时,Early · Nasdaq Liquid 500 · 4小时,PAYX,Paychex,Industrials,89,89,0,2026-08-19,135,-46,1,1,123.120003,60.27,44.2,盘中候选，等待收盘确认,early-nasdaq500-4h-signal-ranking.csv
盘中候选,Prism,Nasdaq Liquid 500,4小时,Prism · Nasdaq Liquid 500 · 4小时,TRI,Thomson Reuters Corp - Common Shares,,89,89,0,2026-08-19,236,-147,1,1,105.510002,60.41,44.2,盘中候选，等待收盘确认,prism-nasdaq500-4h-signal-ranking.csv
盘中候选,Early,Russell,4小时,Early · Russell · 4小时,AWR,AMERICAN STATES WATER,Utilities,92,92,0,2026-08-19,120,-28,1,1,89.809998,70.84,44.0,盘中候选，等待收盘确认,early-russell2000-4h-signal-ranking.csv
盘中候选,Prism,Russell,4小时,Prism · Russell · 4小时,AESI,ATLAS ENERGY SOLUTIONS,Energy,91,91,0,2026-08-19,132,-41,1,1,13.05,67.04,44.0,盘中候选，等待收盘确认,prism-russell2000-4h-signal-ranking.csv
盘中候选,Early,S&P 500,日线,Early · S&P 500 · 日线,JKHY,Jack Henry & Associates,Financials,76,76,0,2026-08-19,253,-177,1,1,164.544998,,43.9,盘中候选，等待收盘确认,early-spx-ranking-timeline.csv
盘中候选,Prism,Nasdaq Liquid 500,4小时,Prism · Nasdaq Liquid 500 · 4小时,RVMD,"Revolution Medicines, Inc. - Common Stock",,90,90,0,2026-08-19,137,-47,1,1,211.480103,60.37,43.8,盘中候选，等待收盘确认,prism-nasdaq500-4h-signal-ranking.csv
盘中候选,Early,S&P 500,日线,Early · S&P 500 · 日线,CEG,Constellation Energy,Utilities,77,77,0,2026-08-19,214,-137,1,1,276.129913,,43.6,盘中候选，等待收盘确认,early-spx-ranking-timeline.csv
盘中候选,Early,Nasdaq Liquid 500,日线,Early · Nasdaq Liquid 500 · 日线,CPB,The Campbell's Company - Common Stock,,77,77,0,2026-08-19,197,-120,1,1,23.35,,43.6,盘中候选，等待收盘确认,early-nasdaq500-ranking-timeline.csv
盘中候选,Early,Russell,日线,Early · Russell · 日线,BRSL,BRIGHTSTAR LOTTERY PLC,Consumer Discretionary,77,77,0,2026-08-19,139,-62,1,1,11.5373,,43.6,盘中候选，等待收盘确认,early-russell2000-ranking-timeline.csv
盘中候选,Early,Russell,4小时,Early · Russell · 4小时,MZTI,MARZETTI,Consumer Staples,93,93,0,2026-08-19,177,-84,1,1,115.530998,70.69,43.6,盘中候选，等待收盘确认,early-russell2000-4h-signal-ranking.csv
盘中候选,Prism,S&P 500,日线,Prism · S&P 500 · 日线,DASH,DoorDash,Consumer Discretionary,77,77,0,2026-08-19,147,-70,1,1,220.960007,,43.6,盘中候选，等待收盘确认,prism-spx-ranking-timeline.csv
盘中候选,Prism,S&P 500,4小时,Prism · S&P 500 · 4小时,VLTO,Veralto,Industrials,91,91,0,2026-08-19,145,-54,1,1,100.279999,61.2,43.5,盘中候选，等待收盘确认,prism-spx-4h-signal-ranking.csv
盘中候选,Prism,Nasdaq Liquid 500,4小时,Prism · Nasdaq Liquid 500 · 4小时,GLPI,"Gaming and Leisure Properties, Inc. - Common Stock",,91,91,0,2026-08-19,354,-263,1,1,43.32,60.34,43.5,盘中候选，等待收盘确认,prism-nasdaq500-4h-signal-ranking.csv
盘中候选,Early,Nasdaq Liquid 500,4小时,Early · Nasdaq Liquid 500 · 4小时,LYFT,"Lyft, Inc. - Class A Common Stock",,91,91,0,2026-08-19,133,-42,1,1,17.469999,59.84,43.4,盘中候选，等待收盘确认,early-nasdaq500-4h-signal-ranking.csv
盘中候选,Early,Nasdaq 200,4小时,Early · Nasdaq 200 · 4小时,SSNC,"SS&C Technologies Holdings, Inc. - Common Stock",,89,89,0,2026-08-19,101,-12,1,1,82.25,50.0,43.3,盘中候选，等待收盘确认,early-nasdaq200-4h-signal-ranking.csv
盘中候选,Prism,Nasdaq 200,4小时,Prism · Nasdaq 200 · 4小时,ZM,"Zoom Communications, Inc. - Class A Common Stock",,91,91,0,2026-08-19,106,-15,1,1,107.610001,56.75,43.2,盘中候选，等待收盘确认,prism-nasdaq200-4h-signal-ranking.csv
盘中候选,Early,S&P 500,4小时,Early · S&P 500 · 4小时,EVRG,Evergy,Utilities,92,92,0,2026-08-19,312,-220,1,1,84.279999,60.45,43.1,盘中候选，等待收盘确认,early-spx-4h-signal-ranking.csv
盘中候选,Early,Nasdaq Liquid 500,4小时,Early · Nasdaq Liquid 500 · 4小时,SWKS,Skyworks Solutions,Information Technology,92,92,0,2026-08-19,107,-15,1,1,68.834999,59.65,43.0,盘中候选，等待收盘确认,early-nasdaq500-4h-signal-ranking.csv
盘中候选,Prism,Russell,4小时,Prism · Russell · 4小时,CRC,CALIFORNIA RESOURCES,Energy,94,94,0,2026-08-19,355,-261,1,1,54.349998,66.8,42.9,盘中候选，等待收盘确认,prism-russell2000-4h-signal-ranking.csv
盘中候选,Early,Russell,日线,Early · Russell · 日线,AGYS,AGILYSYS INC,Information Technology,79,79,0,2026-08-19,140,-61,1,1,115.080002,,42.8,盘中候选，等待收盘确认,early-russell2000-ranking-timeline.csv
盘中候选,Early,Russell,4小时,Early · Russell · 4小时,MATX,MATSON INC,Industrials,95,95,0,2026-08-19,142,-47,1,1,217.929993,70.48,42.8,盘中候选，等待收盘确认,early-russell2000-4h-signal-ranking.csv
盘中候选,Prism,Russell,日线,Prism · Russell · 日线,ZETA,ZETA GLOBAL HOLDINGS CLASS A,Information Technology,79,79,0,2026-08-19,110,-31,1,1,28.385201,,42.8,盘中候选，等待收盘确认,prism-russell2000-ranking-timeline.csv
盘中候选,Early,S&P 500,4小时,Early · S&P 500 · 4小时,DIS,Walt Disney Company (The),Communication Services,93,93,0,2026-08-19,197,-104,1,1,107.669998,60.32,42.7,盘中候选，等待收盘确认,early-spx-4h-signal-ranking.csv
盘中候选,Early,Nasdaq Liquid 500,4小时,Early · Nasdaq Liquid 500 · 4小时,CELC,CELCUITY,Health Care,93,93,0,2026-08-19,105,-12,1,1,90.739998,59.51,42.7,盘中候选，等待收盘确认,early-nasdaq500-4h-signal-ranking.csv
盘中候选,Prism,Nasdaq Liquid 500,4小时,Prism · Nasdaq Liquid 500 · 4小时,SNY,Sanofi - American Depositary Shares,,93,93,0,2026-08-19,134,-41,1,1,45.459999,60.26,42.7,盘中候选，等待收盘确认,prism-nasdaq500-4h-signal-ranking.csv
盘中候选,Early,Nasdaq Liquid 500,日线,Early · Nasdaq Liquid 500 · 日线,CDW,CDW Corporation,Information Technology,80,80,0,2026-08-19,292,-212,1,1,139.610001,,42.5,盘中候选，等待收盘确认,early-nasdaq500-ranking-timeline.csv
盘中候选,Early,Russell,日线,Early · Russell · 日线,GENB,GENERATE BIOMEDICINES INC,Health Care,80,80,0,2026-08-19,567,-487,1,1,16.4247,,42.5,盘中候选，等待收盘确认,early-russell2000-ranking-timeline.csv
盘中候选,Early,Russell,4小时,Early · Russell · 4小时,EVMN,EVOMMUNE,Health Care,96,96,0,2026-08-19,277,-181,1,1,14.04,70.45,42.5,盘中候选，等待收盘确认,early-russell2000-4h-signal-ranking.csv
盘中候选,Prism,Nasdaq Liquid 500,4小时,Prism · Nasdaq Liquid 500 · 4小时,DXCM,Dexcom,Health Care,94,94,0,2026-08-19,106,-12,1,1,90.940002,60.19,42.4,盘中候选，等待收盘确认,prism-nasdaq500-4h-signal-ranking.csv
盘中候选,Prism,Russell,4小时,Prism · Russell · 4小时,FCFS,FIRSTCASH HOLDINGS INC,Financials,96,96,0,2026-08-19,579,-483,1,1,208.384995,66.61,42.2,盘中候选，等待收盘确认,prism-russell2000-4h-signal-ranking.csv
盘中候选,Early,S&P 500,日线,Early · S&P 500 · 日线,SYY,Sysco,Consumer Staples,81,81,0,2026-08-19,401,-320,1,1,84.419998,,42.1,盘中候选，等待收盘确认,early-spx-ranking-timeline.csv
盘中候选,Early,Russell,日线,Early · Russell · 日线,CATX,PERSPECTIVE THERAPEUTICS INC,Health Care,81,81,0,2026-08-19,131,-50,1,1,3.325,,42.1,盘中候选，等待收盘确认,early-russell2000-ranking-timeline.csv
盘中候选,Early,Russell,4小时,Early · Russell · 4小时,DUOT,DUOS TECHNOLOGIES GROUP INC,Information Technology,97,97,0,2026-08-19,132,-35,1,1,10.9519,70.33,42.1,盘中候选，等待收盘确认,early-russell2000-4h-signal-ranking.csv
盘中候选,Prism,Russell,日线,Prism · Russell · 日线,ALMR,ALAMAR BIOSCIENCES INC,Health Care,81,81,0,2026-08-19,101,-20,1,1,35.360001,,42.1,盘中候选，等待收盘确认,prism-russell2000-ranking-timeline.csv
盘中候选,Prism,Nasdaq 200,4小时,Prism · Nasdaq 200 · 4小时,SSNC,"SS&C Technologies Holdings, Inc. - Common Stock",,94,94,0,2026-08-19,107,-13,1,1,82.25,55.89,42.0,盘中候选，等待收盘确认,prism-nasdaq200-4h-signal-ranking.csv
盘中候选,Prism,Nasdaq Liquid 500,4小时,Prism · Nasdaq Liquid 500 · 4小时,CRSP,CRISPR THERAPEUTICS AG,Health Care,95,95,0,2026-08-19,186,-91,1,1,58.439999,60.17,42.0,盘中候选，等待收盘确认,prism-nasdaq500-4h-signal-ranking.csv
盘中候选,Early,Nasdaq Liquid 500,4小时,Early · Nasdaq Liquid 500 · 4小时,QRVO,"Qorvo, Inc. - Common Stock",,95,95,0,2026-08-19,109,-14,1,1,97.169998,59.44,41.9,盘中候选，等待收盘确认,early-nasdaq500-4h-signal-ranking.csv
盘中候选,Early,Nasdaq Liquid 500,日线,Early · Nasdaq Liquid 500 · 日线,GTLB,GitLab Inc. - Class A Common Stock,,82,82,0,2026-08-19,103,-21,1,1,42.130001,,41.8,盘中候选，等待收盘确认,early-nasdaq500-ranking-timeline.csv
盘中候选,Early,Russell,日线,Early · Russell · 日线,IE,IVANHOE ELECTRIC,Materials,82,82,0,2026-08-19,132,-50,1,1,10.3209,,41.8,盘中候选，等待收盘确认,early-russell2000-ranking-timeline.csv
盘中候选,Prism,Nasdaq 200,日线,Prism · Nasdaq 200 · 日线,LRCX,Lam Research,Information Technology,82,82,0,2026-08-19,122,-40,1,1,309.369995,,41.8,盘中候选，等待收盘确认,prism-nasdaq200-ranking-timeline.csv
盘中候选,Prism,Nasdaq Liquid 500,日线,Prism · Nasdaq Liquid 500 · 日线,DOCU,"DocuSign, Inc. - Common Stock",,82,82,0,2026-08-19,116,-34,1,1,62.294998,,41.8,盘中候选，等待收盘确认,prism-nasdaq500-ranking-timeline.csv
盘中候选,Early,Russell,4小时,Early · Russell · 4小时,GNE,GENIE ENERGY LTD CLASS B,Utilities,98,98,0,2026-08-19,157,-59,1,1,14.88,70.33,41.7,盘中候选，等待收盘确认,early-russell2000-4h-signal-ranking.csv
盘中候选,Prism,S&P 500,4小时,Prism · S&P 500 · 4小时,TYL,Tyler Technologies,Information Technology,96,96,0,2026-08-19,111,-15,1,1,348.304993,60.62,41.7,盘中候选，等待收盘确认,prism-spx-4h-signal-ranking.csv
盘中候选,Prism,Nasdaq Liquid 500,4小时,Prism · Nasdaq Liquid 500 · 4小时,MANH,"Manhattan Associates, Inc. - Common Stock",,96,96,0,2026-08-19,191,-95,1,1,209.199997,60.08,41.6,盘中候选，等待收盘确认,prism-nasdaq500-4h-signal-ranking.csv
盘中候选,Early,S&P 500,日线,Early · S&P 500 · 日线,LH,Labcorp,Health Care,83,83,0,2026-08-19,254,-171,1,1,334.059998,,41.4,盘中候选，等待收盘确认,early-spx-ranking-timeline.csv
盘中候选,Early,Nasdaq 200,日线,Early · Nasdaq 200 · 日线,ZBRA,Zebra Technologies,Information Technology,83,83,0,2026-08-19,126,-43,1,1,352.190002,,41.4,盘中候选，等待收盘确认,early-nasdaq200-ranking-timeline.csv
盘中候选,Early,Nasdaq Liquid 500,日线,Early · Nasdaq Liquid 500 · 日线,BRZE,BRAZE INC CLASS A,Information Technology,83,83,0,2026-08-19,,,1,1,30.629999,,41.4,盘中候选，等待收盘确认,early-nasdaq500-ranking-timeline.csv
盘中候选,Early,Russell,日线,Early · Russell · 日线,FLY,FIREFLY AEROSPACE,Industrials,83,83,0,2026-08-19,189,-106,1,1,24.084999,,41.4,盘中候选，等待收盘确认,early-russell2000-ranking-timeline.csv
盘中候选,Early,Russell,4小时,Early · Russell · 4小时,KWY,KINGSWAY CORP,Financials,99,99,0,2026-08-19,175,-76,1,1,10.04,70.28,41.4,盘中候选，等待收盘确认,early-russell2000-4h-signal-ranking.csv
盘中候选,Prism,Nasdaq Liquid 500,日线,Prism · Nasdaq Liquid 500 · 日线,DASH,DoorDash,Consumer Discretionary,83,83,0,2026-08-19,125,-42,1,1,220.960007,,41.4,盘中候选，等待收盘确认,prism-nasdaq500-ranking-timeline.csv
盘中候选,Early,S&P 500,4小时,Early · S&P 500 · 4小时,BMY,Bristol Myers Squibb,Health Care,97,97,0,2026-08-19,139,-42,1,1,66.894997,59.93,41.3,盘中候选，等待收盘确认,early-spx-4h-signal-ranking.csv
盘中候选,Prism,Nasdaq 200,4小时,Prism · Nasdaq 200 · 4小时,REGN,Regeneron Pharmaceuticals,Health Care,96,96,0,2026-08-19,124,-28,1,1,837.132324,55.7,41.3,盘中候选，等待收盘确认,prism-nasdaq200-4h-signal-ranking.csv
盘中候选,Prism,Nasdaq Liquid 500,4小时,Prism · Nasdaq Liquid 500 · 4小时,DKNG,DraftKings Inc. - Class A Common Stock,,97,97,0,2026-08-19,170,-73,1,1,25.91,60.06,41.3,盘中候选，等待收盘确认,prism-nasdaq500-4h-signal-ranking.csv
盘中候选,Early,Nasdaq Liquid 500,4小时,Early · Nasdaq Liquid 500 · 4小时,HOOD,Robinhood Markets,Financials,97,97,0,2026-08-19,132,-35,1,1,97.139999,59.32,41.2,盘中候选，等待收盘确认,early-nasdaq500-4h-signal-ranking.csv
盘中候选,Early,Russell,日线,Early · Russell · 日线,CPK,CHESAPEAKE UTILITIES,Utilities,84,84,0,2026-08-19,763,-679,1,1,137.764999,,41.0,盘中候选，等待收盘确认,early-russell2000-ranking-timeline.csv
盘中候选,Early,Russell,4小时,Early · Russell · 4小时,RGNX,REGENXBIO,Health Care,100,100,0,2026-08-19,154,-54,1,1,11.35,70.24,41.0,盘中候选，等待收盘确认,early-russell2000-4h-signal-ranking.csv
盘中候选,Prism,Russell,4小时,Prism · Russell · 4小时,COCO,THE VITA COCO COMPANY,Consumer Staples,99,99,0,2026-08-19,108,-9,1,1,66.150002,65.94,41.0,盘中候选，等待收盘确认,prism-russell2000-4h-signal-ranking.csv
盘中候选,Early,S&P 500,4小时,Early · S&P 500 · 4小时,ICE,Intercontinental Exchange,Financials,98,98,0,2026-08-19,128,-30,1,1,157.289993,59.89,40.9,盘中候选，等待收盘确认,early-spx-4h-signal-ranking.csv
盘中候选,Prism,S&P 500,4小时,Prism · S&P 500 · 4小时,EW,Edwards Lifesciences,Health Care,98,98,0,2026-08-19,153,-55,1,1,91.910004,60.49,40.9,盘中候选，等待收盘确认,prism-spx-4h-signal-ranking.csv
盘中候选,Prism,Nasdaq 200,4小时,Prism · Nasdaq 200 · 4小时,DOCU,"DocuSign, Inc. - Common Stock",,97,97,0,2026-08-19,102,-5,1,1,62.145,55.57,40.9,盘中候选，等待收盘确认,prism-nasdaq200-4h-signal-ranking.csv
盘中候选,Prism,Nasdaq Liquid 500,4小时,Prism · Nasdaq Liquid 500 · 4小时,CDW,CDW Corporation,Information Technology,98,98,0,2026-08-19,300,-202,1,1,138.75,60.06,40.9,盘中候选，等待收盘确认,prism-nasdaq500-4h-signal-ranking.csv
盘中候选,Early,Nasdaq Liquid 500,4小时,Early · Nasdaq Liquid 500 · 4小时,HSIC,Henry Schein,Health Care,98,98,0,2026-08-19,103,-5,1,1,89.0,59.29,40.8,盘中候选，等待收盘确认,early-nasdaq500-4h-signal-ranking.csv
盘中候选,Early,S&P 500,日线,Early · S&P 500 · 日线,TMO,Thermo Fisher Scientific,Health Care,85,85,0,2026-08-19,260,-175,1,1,619.51001,,40.7,盘中候选，等待收盘确认,early-spx-ranking-timeline.csv
盘中候选,Early,Nasdaq Liquid 500,日线,Early · Nasdaq Liquid 500 · 日线,PTC,PTC Inc.,Information Technology,85,85,0,2026-08-19,113,-28,1,1,153.104996,,40.7,盘中候选，等待收盘确认,early-nasdaq500-ranking-timeline.csv
盘中候选,Early,Russell,日线,Early · Russell · 日线,MFIN,MEDALLION FINANCIAL CORP,Financials,85,85,0,2026-08-19,606,-521,1,1,11.43,,40.7,盘中候选，等待收盘确认,early-russell2000-ranking-timeline.csv
盘中候选,Prism,S&P 500,4小时,Prism · S&P 500 · 4小时,MOS,Mosaic Company (The),Materials,99,99,0,2026-08-19,322,-223,1,1,22.795099,60.43,40.6,盘中候选，等待收盘确认,prism-spx-4h-signal-ranking.csv
盘中候选,Early,Nasdaq Liquid 500,4小时,Early · Nasdaq Liquid 500 · 4小时,PRAX,PRAXIS PRECISION MEDICINES,Health Care,99,99,0,2026-08-19,151,-52,1,1,381.345001,59.09,40.5,盘中候选，等待收盘确认,early-nasdaq500-4h-signal-ranking.csv
盘中候选,Prism,Nasdaq 200,4小时,Prism · Nasdaq 200 · 4小时,SMCI,Supermicro,Information Technology,98,98,0,2026-08-19,103,-5,1,1,36.790001,55.52,40.5,盘中候选，等待收盘确认,prism-nasdaq200-4h-signal-ranking.csv
盘中候选,Prism,Nasdaq Liquid 500,4小时,Prism · Nasdaq Liquid 500 · 4小时,TVTX,TRAVERE THERAPEUTICS,Health Care,99,99,0,2026-08-19,129,-30,1,1,65.120003,60.03,40.5,盘中候选，等待收盘确认,prism-nasdaq500-4h-signal-ranking.csv
盘中候选,Early,Nasdaq 200,日线,Early · Nasdaq 200 · 日线,GILD,Gilead Sciences,Health Care,86,86,0,2026-08-19,101,-15,1,1,145.539993,,40.3,盘中候选，等待收盘确认,early-nasdaq200-ranking-timeline.csv
盘中候选,Early,Russell,日线,Early · Russell · 日线,WAY,WAYSTAR HOLDING,Health Care,86,86,0,2026-08-19,164,-78,1,1,24.98,,40.3,盘中候选，等待收盘确认,early-russell2000-ranking-timeline.csv
盘中候选,Prism,Nasdaq 200,日线,Prism · Nasdaq 200 · 日线,SNDK,Sandisk,Information Technology,86,86,0,2026-08-19,115,-29,1,1,1594.950928,,40.3,盘中候选，等待收盘确认,prism-nasdaq200-ranking-timeline.csv
盘中候选,Early,S&P 500,4小时,Early · S&P 500 · 4小时,WAT,Waters Corporation,Health Care,100,100,0,2026-08-19,158,-58,1,1,414.915009,59.68,40.2,盘中候选，等待收盘确认,early-spx-4h-signal-ranking.csv
盘中候选,Prism,S&P 500,4小时,Prism · S&P 500 · 4小时,ABT,Abbott Laboratories,Health Care,100,100,0,2026-08-19,103,-3,1,1,115.07,60.27,40.2,盘中候选，等待收盘确认,prism-spx-4h-signal-ranking.csv
盘中候选,Prism,Nasdaq Liquid 500,4小时,Prism · Nasdaq Liquid 500 · 4小时,NDSN,Nordson Corporation,Industrials,100,100,0,2026-08-19,158,-58,1,1,324.13501,59.96,40.2,盘中候选，等待收盘确认,prism-nasdaq500-4h-signal-ranking.csv
盘中候选,Prism,Nasdaq 200,4小时,Prism · Nasdaq 200 · 4小时,RIVN,"Rivian Automotive, Inc. - Class A Common Stock",,99,99,0,2026-08-19,161,-62,1,1,15.695,54.89,40.1,盘中候选，等待收盘确认,prism-nasdaq200-4h-signal-ranking.csv
盘中候选,Early,Nasdaq 200,4小时,Early · Nasdaq 200 · 4小时,CTSH,Cognizant,Information Technology,98,98,0,2026-08-19,109,-11,1,1,60.825001,48.68,40.0,盘中候选，等待收盘确认,early-nasdaq200-4h-signal-ranking.csv
盘中候选,Prism,S&P 500,日线,Prism · S&P 500 · 日线,JKHY,Jack Henry & Associates,Financials,87,87,0,2026-08-19,104,-17,1,1,164.544998,,40.0,盘中候选，等待收盘确认,prism-spx-ranking-timeline.csv
盘中候选,Early,S&P 500,日线,Early · S&P 500 · 日线,CRM,Salesforce,Information Technology,88,88,0,2026-08-19,108,-20,1,1,205.934998,,39.6,盘中候选，等待收盘确认,early-spx-ranking-timeline.csv
盘中候选,Early,Russell,日线,Early · Russell · 日线,GLIBA,LIBERTY CAPITAL SERIES A,Communication,88,88,0,2026-08-19,637,-549,1,1,26.43,,39.6,盘中候选，等待收盘确认,early-russell2000-ranking-timeline.csv
盘中候选,Prism,Nasdaq 200,日线,Prism · Nasdaq 200 · 日线,MEDP,"Medpace Holdings, Inc. - Common Stock",,89,89,0,2026-08-19,103,-14,1,1,617.049988,,39.2,盘中候选，等待收盘确认,prism-nasdaq200-ranking-timeline.csv
盘中候选,Prism,Nasdaq Liquid 500,日线,Prism · Nasdaq Liquid 500 · 日线,IRTC,IRHYTHM HOLDINGS INC,Health Care,89,89,0,2026-08-19,126,-37,1,1,127.160004,,39.2,盘中候选，等待收盘确认,prism-nasdaq500-ranking-timeline.csv
盘中候选,Early,Russell,日线,Early · Russell · 日线,STEP,STEPSTONE GROUP CLASS A,Financials,90,90,0,2026-08-19,161,-71,1,1,48.98,,38.9,盘中候选，等待收盘确认,early-russell2000-ranking-timeline.csv
盘中候选,Early,S&P 500,日线,Early · S&P 500 · 日线,TRMB,Trimble Inc.,Information Technology,91,91,0,2026-08-19,102,-11,1,1,59.459999,,38.5,盘中候选，等待收盘确认,early-spx-ranking-timeline.csv
盘中候选,Early,Russell,日线,Early · Russell · 日线,FLOC,FLOWCO HOLDINGS CLASS A,Energy,91,91,0,2026-08-19,107,-16,1,1,22.799999,,38.5,盘中候选，等待收盘确认,early-russell2000-ranking-timeline.csv
盘中候选,Prism,Russell,日线,Prism · Russell · 日线,PD,PAGERDUTY,Information Technology,91,91,0,2026-08-19,171,-80,1,1,12.26,,38.5,盘中候选，等待收盘确认,prism-russell2000-ranking-timeline.csv
盘中候选,Early,S&P 500,日线,Early · S&P 500 · 日线,SNDK,Sandisk,Information Technology,92,92,0,2026-08-19,122,-30,1,1,1594.950928,,38.1,盘中候选，等待收盘确认,early-spx-ranking-timeline.csv
盘中候选,Early,Russell,日线,Early · Russell · 日线,NVCR,NOVOCURE,Health Care,92,92,0,2026-08-19,191,-99,1,1,18.059999,,38.1,盘中候选，等待收盘确认,early-russell2000-ranking-timeline.csv
盘中候选,Early,S&P 500,日线,Early · S&P 500 · 日线,NDSN,Nordson Corporation,Industrials,93,93,0,2026-08-19,274,-181,1,1,324.429993,,37.8,盘中候选，等待收盘确认,early-spx-ranking-timeline.csv
盘中候选,Early,Russell,日线,Early · Russell · 日线,CSTL,CASTLE BIOSCIENCES,Health Care,93,93,0,2026-08-19,455,-362,1,1,33.540001,,37.8,盘中候选，等待收盘确认,early-russell2000-ranking-timeline.csv
盘中候选,Prism,Russell,日线,Prism · Russell · 日线,CHCI,COMSTOCK HOLDING COMPANIES INC CLA,Real Estate,93,93,0,2026-08-19,114,-21,1,1,19.424999,,37.8,盘中候选，等待收盘确认,prism-russell2000-ranking-timeline.csv
盘中候选,Early,S&P 500,日线,Early · S&P 500 · 日线,DASH,DoorDash,Consumer Discretionary,94,94,0,2026-08-19,127,-33,1,1,220.960007,,37.4,盘中候选，等待收盘确认,early-spx-ranking-timeline.csv
盘中候选,Prism,Nasdaq 200,日线,Prism · Nasdaq 200 · 日线,MSTR,Strategy Inc - Class A Common Stock,,94,94,0,2026-08-19,149,-55,1,1,111.660103,,37.4,盘中候选，等待收盘确认,prism-nasdaq200-ranking-timeline.csv
盘中候选,Prism,Russell,日线,Prism · Russell · 日线,FIGS,FIGS CLASS A,Consumer Discretionary,94,94,0,2026-08-19,140,-46,1,1,14.46,,37.4,盘中候选，等待收盘确认,prism-russell2000-ranking-timeline.csv
盘中候选,Early,S&P 500,日线,Early · S&P 500 · 日线,HUM,Humana,Health Care,95,95,0,2026-08-19,389,-294,1,1,383.019989,,37.1,盘中候选，等待收盘确认,early-spx-ranking-timeline.csv
盘中候选,Early,Nasdaq 200,日线,Early · Nasdaq 200 · 日线,WBD,Warner Bros. Discovery,Communication Services,95,95,0,2026-08-19,104,-9,1,1,28.450001,,37.1,盘中候选，等待收盘确认,early-nasdaq200-ranking-timeline.csv
盘中候选,Prism,S&P 500,日线,Prism · S&P 500 · 日线,VLO,Valero Energy,Energy,95,95,0,2026-08-19,117,-22,1,1,350.337006,,37.1,盘中候选，等待收盘确认,prism-spx-ranking-timeline.csv
盘中候选,Early,Nasdaq 200,日线,Early · Nasdaq 200 · 日线,SNY,Sanofi - American Depositary Shares,,96,96,0,2026-08-19,103,-7,1,1,45.400002,,36.7,盘中候选，等待收盘确认,early-nasdaq200-ranking-timeline.csv
盘中候选,Early,Nasdaq Liquid 500,日线,Early · Nasdaq Liquid 500 · 日线,DOCU,"DocuSign, Inc. - Common Stock",,96,96,0,2026-08-19,119,-23,1,1,62.294998,,36.7,盘中候选，等待收盘确认,early-nasdaq500-ranking-timeline.csv
盘中候选,Early,Russell,日线,Early · Russell · 日线,NESR,NATIONAL ENERGY SERVICES REUNITED,Energy,96,96,0,2026-08-19,604,-508,1,1,33.924999,,36.7,盘中候选，等待收盘确认,early-russell2000-ranking-timeline.csv
盘中候选,Prism,S&P 500,日线,Prism · S&P 500 · 日线,DVN,Devon Energy,Energy,96,96,0,2026-08-19,101,-5,1,1,49.575001,,36.7,盘中候选，等待收盘确认,prism-spx-ranking-timeline.csv
盘中候选,Prism,Russell,日线,Prism · Russell · 日线,DSGN,DESIGN THERAPEUTICS,Health Care,96,96,0,2026-08-19,133,-37,1,1,15.61,,36.7,盘中候选，等待收盘确认,prism-russell2000-ranking-timeline.csv
盘中候选,Early,Nasdaq Liquid 500,日线,Early · Nasdaq Liquid 500 · 日线,JKHY,Jack Henry & Associates,Financials,97,97,0,2026-08-19,267,-170,1,1,164.544998,,36.3,盘中候选，等待收盘确认,early-nasdaq500-ranking-timeline.csv
盘中候选,Early,Russell,日线,Early · Russell · 日线,EWTX,EDGEWISE THERAPEUTICS,Health Care,97,97,0,2026-08-19,154,-57,1,1,44.779999,,36.3,盘中候选，等待收盘确认,early-russell2000-ranking-timeline.csv
盘中候选,Prism,Nasdaq Liquid 500,日线,Prism · Nasdaq Liquid 500 · 日线,HLNE,Hamilton Lane Incorporated - Class A Common Stock,,97,97,0,2026-08-19,117,-20,1,1,104.75,,36.3,盘中候选，等待收盘确认,prism-nasdaq500-ranking-timeline.csv
盘中候选,Early,S&P 500,日线,Early · S&P 500 · 日线,INTU,Intuit,Information Technology,98,98,0,2026-08-19,106,-8,1,1,362.730011,,36.0,盘中候选，等待收盘确认,early-spx-ranking-timeline.csv
盘中候选,Early,Russell,日线,Early · Russell · 日线,CIX,COMPX INTERNATIONAL INC CLASS A,Industrials,98,98,0,2026-08-19,613,-515,1,1,30.975,,36.0,盘中候选，等待收盘确认,early-russell2000-ranking-timeline.csv
盘中候选,Prism,S&P 500,日线,Prism · S&P 500 · 日线,LH,Labcorp,Health Care,98,98,0,2026-08-19,105,-7,1,1,334.059998,,36.0,盘中候选，等待收盘确认,prism-spx-ranking-timeline.csv
盘中候选,Prism,Russell,日线,Prism · Russell · 日线,PSNL,PERSONALIS,Health Care,98,98,0,2026-08-19,327,-229,1,1,16.440001,,36.0,盘中候选，等待收盘确认,prism-russell2000-ranking-timeline.csv
盘中候选,Early,S&P 500,日线,Early · S&P 500 · 日线,DXCM,Dexcom,Health Care,99,99,0,2026-08-19,112,-13,1,1,90.82,,35.6,盘中候选，等待收盘确认,early-spx-ranking-timeline.csv
盘中候选,Early,Nasdaq 200,日线,Early · Nasdaq 200 · 日线,RPRX,Royalty Pharma plc - Class A Ordinary Shares,,99,99,0,2026-08-19,102,-3,1,1,61.919998,,35.6,盘中候选，等待收盘确认,early-nasdaq200-ranking-timeline.csv
盘中候选,Early,Nasdaq Liquid 500,日线,Early · Nasdaq Liquid 500 · 日线,CEG,Constellation Energy,Utilities,99,99,0,2026-08-19,231,-132,1,1,276.129913,,35.6,盘中候选，等待收盘确认,early-nasdaq500-ranking-timeline.csv
盘中候选,Early,Russell,日线,Early · Russell · 日线,BKSY,BLACKSKY TECHNOLOGY INC CLASS A,Industrials,99,99,0,2026-08-19,117,-18,1,1,26.559999,,35.6,盘中候选，等待收盘确认,early-russell2000-ranking-timeline.csv
盘中候选,Prism,Nasdaq Liquid 500,日线,Prism · Nasdaq Liquid 500 · 日线,SLS,SELLAS LIFE SCIENCES GROUP INC,Health Care,99,99,0,2026-08-19,131,-32,1,1,13.62,,35.6,盘中候选，等待收盘确认,prism-nasdaq500-ranking-timeline.csv
盘中候选,Prism,Russell,日线,Prism · Russell · 日线,NMAX,NEWSMAX INC CLASS B,Communication,99,99,0,2026-08-19,138,-39,1,1,11.15,,35.6,盘中候选，等待收盘确认,prism-russell2000-ranking-timeline.csv
盘中候选,Early,Nasdaq 200,日线,Early · Nasdaq 200 · 日线,MSFT,Microsoft,Information Technology,100,100,0,2026-08-19,106,-6,1,1,482.095001,,35.3,盘中候选，等待收盘确认,early-nasdaq200-ranking-timeline.csv
盘中候选,Early,Nasdaq Liquid 500,日线,Early · Nasdaq Liquid 500 · 日线,ADSK,Autodesk,Information Technology,100,100,0,2026-08-19,116,-16,1,1,253.339996,,35.3,盘中候选，等待收盘确认,early-nasdaq500-ranking-timeline.csv
盘中候选,Early,Russell,日线,Early · Russell · 日线,GYRE,GYRE THERAPEUTICS,Health Care,100,100,0,2026-08-19,152,-52,1,1,6.99,,35.3,盘中候选，等待收盘确认,early-russell2000-ranking-timeline.csv
盘中候选,Prism,Russell,日线,Prism · Russell · 日线,IRD,OPUS GENETICS INC,Health Care,100,100,0,2026-08-19,142,-42,1,1,4.06,,35.3,盘中候选，等待收盘确认,prism-russell2000-ranking-timeline.csv
