rank,ticker,name,sector,daily_strategy,daily_universe,daily_rank,calibrated_score,daily_setup_score,h4_timing_score,cat_mid_score,risk_score,4h_signal_score,4h_technical_score,early_signal_score,daily_ema_score,daily_ema_state,daily_macd_score,daily_macd_state,cat_score,prism_score,overheat_penalty,ema_score,ema_state,macd_score,macd_state,rsi14,latest_price,volume_ratio,return_3_blocks,return_1w,return_1m,return_60_blocks,reasons,risks
1,PANW,Palo Alto Networks,Information Technology,Prism,Nasdaq Liquid 500,72,83.26,59.42,92.8,95.6,50.0,73.69,74.1,,,,,,46.55,51.06,,94,fresh_bullish_cross,72,fresh_below_zero_cross,61.62,345.130005,0.27,0.03488811,0.08755457,-0.00770534,0.19982622,4H EMA9/26 最近金叉且价格在 EMA50 上方；4H MACD 刚金叉但仍需零轴确认；4H MACD 柱体连续扩张；4H RSI 位于健康强势区间,
2,SMCI,Supermicro,Information Technology,Prism,Nasdaq Liquid 500,113,80.61,49.97,95.5,92.8,50.0,67.91,69.9,,,,,,45.83,49.92,,74,early_transition,88,fresh_above_zero_cross,52.55,28.785,0.12,0.01984057,-0.03406037,0.05749453,-0.06115460,4H EMA9 已站上 EMA26，等待 26/50 确认；4H MACD 零轴上方刚金叉；4H MACD 柱体连续扩张；4H RSI 位于健康强势区间,
3,ROAD,CONSTRUCTION PARTNERS INC CLASS A,Industrials,Prism,Nasdaq Liquid 500,118,79.46,49.94,90.4,98.8,50.0,69.26,71.4,,,,,,47.94,49.84,,92,fresh_bullish_cross,66,bullish_above_signal,58.52,107.889999,0.23,0.02615560,0.02664386,-0.00018539,-0.12227464,4H EMA9/26 最近金叉且价格在 EMA50 上方；4H MACD 位于 Signal 上方；4H MACD 柱体连续扩张；4H RSI 位于健康强势区间,
4,MPWR,Monolithic Power Systems,Information Technology,Prism,Nasdaq Liquid 500,78,79.28,59.36,87.7,82.8,50.0,62.62,61.8,,,,,,50.75,50.9,,76,early_transition,58,bullish_above_signal,50.89,1355.155029,0.17,-0.06123772,0.01097026,0.05193073,-0.13309468,4H EMA9 已站上 EMA26，等待 26/50 确认；4H MACD 位于 Signal 上方；4H RSI 位于健康强势区间,
5,SLAB,SILICON LABORATORIES INC,Information Technology,Prism,Nasdaq Liquid 500,274,78.99,48.6,90.4,98.8,50.0,69.26,71.4,,,,,,47.44,46.49,,92,fresh_bullish_cross,66,bullish_above_signal,55.13,218.050003,0.07,0.00232138,0.00340530,-0.00141966,-0.00712612,4H EMA9/26 最近金叉且价格在 EMA50 上方；4H MACD 位于 Signal 上方；4H MACD 柱体连续扩张；4H RSI 位于健康强势区间,
6,PEGA,Pegasystems Inc. - Common Stock,,Prism,Nasdaq Liquid 500,152,78.24,49.53,90.4,91.6,50.0,70.07,72.3,,,,,,45.42,48.83,,94,fresh_bullish_cross,66,bullish_above_signal,57.81,31.540001,0.06,0.04006595,0.10279724,0.01594463,0.04853727,4H EMA9/26 最近金叉且价格在 EMA50 上方；4H MACD 位于 Signal 上方；4H MACD 柱体连续扩张；4H RSI 位于健康强势区间,
7,REPL,REPLIMUNE GROUP INC,Health Care,Prism,Nasdaq Liquid 500,192,78.19,49.23,92.8,85.6,50.0,71.69,74.1,,,,,,50.39,48.08,,94,fresh_bullish_cross,72,fresh_below_zero_cross,63.17,12.05,0.23,0.12774918,0.24290872,0.07445386,0.20500000,4H EMA9/26 最近金叉且价格在 EMA50 上方；4H MACD 刚金叉但仍需零轴确认；4H MACD 柱体连续扩张；4H RSI 位于健康强势区间,
8,FSLR,First Solar,Information Technology,Prism,Nasdaq Liquid 500,49,77.72,66.57,90.4,48.4,50.0,68.71,66.9,,,,,,56.56,52.06,,82,fresh_bullish_cross,66,bullish_above_signal,67.45,236.300003,0.41,0.09743635,0.14747735,0.05251440,-0.08297109,4H EMA9/26 最近金叉且价格在 EMA50 上方；4H MACD 位于 Signal 上方；4H MACD 柱体连续扩张；4H RSI 位于健康强势区间,4H 相对 EMA26 超过 2 ATR，短线偏追高
9,AVGO,Broadcom,Information Technology,Prism,Nasdaq Liquid 500,25,77.2,67.33,90.4,43.2,50.0,73.57,72.3,,,,,,57.96,53.94,,94,fresh_bullish_cross,66,bullish_above_signal,54.95,390.695007,0.19,0.00123012,0.01916004,0.08423992,-0.04891794,4H EMA9/26 最近金叉且价格在 EMA50 上方；4H MACD 位于 Signal 上方；4H MACD 柱体连续扩张；4H RSI 位于健康强势区间,
10,ZION,Zions Bancorporation N.A. - Common Stock,,Prism,Nasdaq Liquid 500,297,77.13,48.42,90.4,86.8,50.0,70.07,72.3,,,,,,50.32,46.06,,94,fresh_bullish_cross,66,bullish_above_signal,56.72,70.669998,0.16,0.01246411,0.03137772,0.01888692,0.06832949,4H EMA9/26 最近金叉且价格在 EMA50 上方；4H MACD 位于 Signal 上方；4H MACD 柱体连续扩张；4H RSI 位于健康强势区间,
11,ONDS,ONDAS INC,Information Technology,Prism,Nasdaq Liquid 500,209,77.06,49.09,98.2,64.0,50.0,76.01,78.9,,,,,,53.58,47.72,,94,fresh_bullish_cross,88,fresh_above_zero_cross,59.2,8.305,0.1,0.12298019,0.03296020,0.12078273,-0.10506466,4H EMA9/26 最近金叉且价格在 EMA50 上方；4H MACD 零轴上方刚金叉；4H MACD 柱体连续扩张；4H RSI 位于健康强势区间,
12,BNTX,BioNTech SE - American Depositary Shares,,Prism,Nasdaq Liquid 500,349,77.04,41.13,98.2,82.4,50.0,73.3,77.55,,,,,,43.55,44.71,,91,fresh_bullish_cross,88,fresh_above_zero_cross,54.05,92.794998,0.18,0.02028588,0.01854997,-0.04747485,0.02051026,4H EMA9/26 最近金叉且价格在 EMA50 上方；4H MACD 零轴上方刚金叉；4H MACD 柱体连续扩张；4H RSI 位于健康强势区间,
13,CLSK,CLEANSPARK INC,Information Technology,Prism,Nasdaq Liquid 500,228,76.64,48.92,92.8,76.0,50.0,70.88,73.2,,,,,,51.57,47.31,,92,fresh_bullish_cross,72,fresh_below_zero_cross,53.38,14.55,0.2,0.04870911,0.03743316,0.15293185,-0.15578769,4H EMA9/26 最近金叉且价格在 EMA50 上方；4H MACD 刚金叉但仍需零轴确认；4H MACD 柱体连续扩张；4H RSI 位于健康强势区间,
14,FER,Ferrovial N.V. - Ordinary Shares,,Prism,Nasdaq Liquid 500,293,76.6,48.46,90.4,83.2,50.0,70.07,72.3,,,,,,50.71,46.14,,94,fresh_bullish_cross,66,bullish_above_signal,63.31,65.964996,0.13,0.00756064,0.04906162,-0.02605946,-0.04647303,4H EMA9/26 最近金叉且价格在 EMA50 上方；4H MACD 位于 Signal 上方；4H MACD 柱体连续扩张；4H RSI 位于健康强势区间,
15,TER,Teradyne,Information Technology,Prism,Nasdaq Liquid 500,139,76.18,49.67,90.4,77.6,50.0,67.91,69.9,,,,,,42.09,49.17,,94,fresh_bullish_cross,58,bullish_above_signal,52.65,363.100006,0.12,-0.03962120,0.08520879,-0.01580242,-0.17121267,4H EMA9/26 最近金叉且价格在 EMA50 上方；4H MACD 位于 Signal 上方；4H RSI 位于健康强势区间,
16,BIDU,"Baidu, Inc. - American Depositary Shares, each representing 8 ordinary share",,Prism,Nasdaq Liquid 500,319,76.15,41.52,90.4,96.4,50.0,63.71,66.9,,,,,,48.39,45.68,,82,fresh_bullish_cross,66,bullish_above_signal,63.26,113.260002,0.14,0.02497739,0.07559353,-0.00044123,0.01333099,4H EMA9/26 最近金叉且价格在 EMA50 上方；4H MACD 位于 Signal 上方；4H MACD 柱体连续扩张；4H RSI 位于健康强势区间,4H 相对 EMA26 超过 2 ATR，短线偏追高
17,CGNX,Cognex Corporation - Common Stock,,Prism,Nasdaq Liquid 500,336,75.73,41.34,90.4,94.0,50.0,68.57,72.3,,,,,,46.12,45.22,,94,fresh_bullish_cross,66,bullish_above_signal,61.71,66.839996,0.21,0.01642327,0.09019727,-0.01445007,0.01104213,4H EMA9/26 最近金叉且价格在 EMA50 上方；4H MACD 位于 Signal 上方；4H MACD 柱体连续扩张；4H RSI 位于健康强势区间,
18,RGLD,"Royal Gold, Inc. - Common Stock",,Prism,Nasdaq Liquid 500,321,75.54,41.47,87.7,99.6,50.0,64.52,67.8,,,,,,47.82,45.56,,76,early_transition,78,bullish_above_signal,54.63,200.735001,0.21,0.02134430,-0.00141778,-0.01735362,-0.06561002,4H EMA9 已站上 EMA26，等待 26/50 确认；4H MACD 位于 Signal 上方；4H MACD 柱体连续扩张；4H RSI 位于健康强势区间,
19,OKTA,"Okta, Inc. - Class A Common Stock",,Prism,Nasdaq Liquid 500,308,75.51,41.57,90.4,92.0,50.0,68.57,72.3,,,,,,49.05,45.81,,94,fresh_bullish_cross,66,bullish_above_signal,58.28,144.100006,0.17,0.01536650,0.04883912,0.01887869,0.22325978,4H EMA9/26 最近金叉且价格在 EMA50 上方；4H MACD 位于 Signal 上方；4H MACD 柱体连续扩张；4H RSI 位于健康强势区间,
20,HUT,HUT CORP,Information Technology,Prism,Nasdaq Liquid 500,225,75.39,48.96,90.4,74.0,50.0,73.31,75.9,,,,,,51.95,47.39,,94,fresh_bullish_cross,78,bullish_above_signal,55.69,111.415001,0.18,0.02126587,0.06464404,0.14677579,-0.10488471,4H EMA9/26 最近金叉且价格在 EMA50 上方；4H MACD 位于 Signal 上方；4H MACD 柱体连续扩张；4H RSI 位于健康强势区间,
21,AXON,Axon Enterprise,Industrials,Prism,Nasdaq Liquid 500,170,75.38,49.42,90.4,72.8,50.0,70.07,72.3,,,,,,41.51,48.55,,94,fresh_bullish_cross,66,bullish_above_signal,65.12,569.460022,0.24,0.08359178,0.08404566,-0.04605074,0.34531884,4H EMA9/26 最近金叉且价格在 EMA50 上方；4H MACD 位于 Signal 上方；4H MACD 柱体连续扩张；4H RSI 位于健康强势区间,
22,HTHT,H World Group Limited - American Depositary Shares,,Prism,Nasdaq Liquid 500,320,75.31,41.51,87.7,98.0,50.0,62.36,65.4,,,,,,48.21,45.64,,76,early_transition,70,bullish_above_signal,54.8,42.465,0.13,-0.00152831,0.01542324,0.00795155,-0.00117603,4H EMA9 已站上 EMA26，等待 26/50 确认；4H MACD 位于 Signal 上方；4H RSI 位于健康强势区间,
23,CRWD,CrowdStrike,Information Technology,Prism,Nasdaq Liquid 500,58,75.11,59.63,90.4,47.2,50.0,67.21,66.9,,,,,,56.67,51.58,,82,fresh_bullish_cross,66,bullish_above_signal,65.24,201.554993,0.3,0.05410274,0.11912819,0.04071356,0.17593349,4H EMA9/26 最近金叉且价格在 EMA50 上方；4H MACD 位于 Signal 上方；4H MACD 柱体连续扩张；4H RSI 位于健康强势区间,4H 相对 EMA26 超过 2 ATR，短线偏追高
24,EQPT,EquipmentShare.com Inc - Class A Common Stock,,Prism,Nasdaq Liquid 500,311,74.61,41.56,87.7,93.2,50.0,64.52,67.8,,,,,,48.92,45.78,,76,early_transition,78,bullish_above_signal,63.03,20.379999,0.1,0.07574553,0.06090578,0.06228825,-0.22568393,4H EMA9 已站上 EMA26，等待 26/50 确认；4H MACD 位于 Signal 上方；4H MACD 柱体连续扩张；4H RSI 位于健康强势区间,
25,AUR,"Aurora Innovation, Inc.  - Class A Common Stock",,Prism,Nasdaq Liquid 500,347,74.41,41.18,90.4,85.6,50.0,68.57,72.3,,,,,,44.17,44.83,,94,fresh_bullish_cross,66,bullish_above_signal,61.83,6.765,0.25,0.04398148,0.09112903,0.01959307,0.07551669,4H EMA9/26 最近金叉且价格在 EMA50 上方；4H MACD 位于 Signal 上方；4H MACD 柱体连续扩张；4H RSI 位于健康强势区间,
26,CSCO,Cisco,Information Technology,Prism,Nasdaq Liquid 500,224,74.25,48.96,87.7,73.6,50.0,60.62,61.8,,,,,,51.97,47.39,,76,early_transition,58,bullish_above_signal,55.46,115.889999,0.2,0.00025892,0.01099190,0.02830525,-0.02980325,4H EMA9 已站上 EMA26，等待 26/50 确认；4H MACD 位于 Signal 上方；4H RSI 位于健康强势区间,
27,CSGP,CoStar Group,Real Estate,Prism,Nasdaq Liquid 500,146,74.12,49.59,87.7,71.2,50.0,65.21,66.9,,,,,,52.34,48.97,,74,early_transition,78,bullish_above_signal,54.79,30.004999,0.14,0.03859467,0.02862527,0.00050013,-0.00381813,4H EMA9 已站上 EMA26，等待 26/50 确认；4H MACD 位于 Signal 上方；4H MACD 柱体连续扩张；4H RSI 位于健康强势区间,
28,KDP,Keurig Dr Pepper,Consumer Staples,Prism,Nasdaq Liquid 500,194,74.1,49.21,87.7,72.0,50.0,60.62,61.8,,,,,,41.34,48.02,,76,early_transition,58,bullish_above_signal,51.55,30.969999,0.31,-0.00657578,0.02787919,-0.07024923,0.00699073,4H EMA9 已站上 EMA26，等待 26/50 确认；4H MACD 位于 Signal 上方；4H RSI 位于健康强势区间,
29,NTRA,"Natera, Inc. - Common Stock",,Prism,Nasdaq Liquid 500,348,74.01,41.14,90.4,83.0,50.0,68.57,72.3,,,,,,43.65,44.73,,94,fresh_bullish_cross,66,bullish_above_signal,58.42,270.339996,0.17,0.01090028,0.04665293,-0.03142127,0.16929066,4H EMA9/26 最近金叉且价格在 EMA50 上方；4H MACD 位于 Signal 上方；4H MACD 柱体连续扩张；4H RSI 位于健康强势区间,
30,IESC,"IES Holdings, Inc. - Common Stock",,Prism,Nasdaq Liquid 500,255,73.45,48.71,90.4,61.6,50.0,70.07,72.3,,,,,,53.84,46.77,,94,fresh_bullish_cross,66,bullish_above_signal,60.38,716.299988,0.16,-0.07286481,0.18907696,0.09603087,0.00704355,4H EMA9/26 最近金叉且价格在 EMA50 上方；4H MACD 位于 Signal 上方；4H MACD 柱体连续扩张；4H RSI 位于健康强势区间,
31,PTEN,PATTERSON UTI ENERGY INC,Energy,Prism,Nasdaq Liquid 500,62,73.06,59.6,98.2,12.8,50.0,78.01,78.9,,,,,,72.47,51.49,,94,fresh_bullish_cross,88,fresh_above_zero_cross,55.59,10.215,0.27,-0.01684312,0.08554729,0.18092486,0.01793722,4H EMA9/26 最近金叉且价格在 EMA50 上方；4H MACD 零轴上方刚金叉；4H MACD 柱体连续扩张；4H RSI 位于健康强势区间,
32,WFRD,Weatherford International plc - Ordinary shares,,Prism,Nasdaq Liquid 500,260,72.96,48.68,87.7,65.6,50.0,66.02,67.8,,,,,,53.47,46.69,,76,early_transition,78,bullish_above_signal,58.13,87.610001,0.14,0.01224723,0.01990686,0.05541500,-0.04376776,4H EMA9 已站上 EMA26，等待 26/50 确认；4H MACD 位于 Signal 上方；4H MACD 柱体连续扩张；4H RSI 位于健康强势区间,
33,QRVO,"Qorvo, Inc. - Common Stock",,Prism,Nasdaq Liquid 500,259,72.9,48.68,87.7,65.2,50.0,64.58,66.2,,,,,,53.5,46.7,,76,early_transition,70,bullish_above_signal,49.91,88.790001,0.62,-0.01905759,-0.01168739,0.01393172,-0.09793761,4H EMA9 已站上 EMA26，等待 26/50 确认；4H MACD 位于 Signal 上方；4H RSI 位于健康强势区间,
34,QLYS,QUALYS INC,Information Technology,Prism,Nasdaq Liquid 500,199,72.77,49.16,90.4,56.0,50.0,65.21,66.9,,,,,,54.57,47.91,,82,fresh_bullish_cross,66,bullish_above_signal,65.5,154.520004,0.25,0.06838138,0.14697152,0.04313778,0.38694909,4H EMA9/26 最近金叉且价格在 EMA50 上方；4H MACD 位于 Signal 上方；4H MACD 柱体连续扩张；4H RSI 位于健康强势区间,4H 相对 EMA26 超过 2 ATR，短线偏追高
35,AEHR,AEHR TEST SYSTEMS,Information Technology,Prism,Nasdaq Liquid 500,91,72.31,59.25,92.8,23.0,50.0,73.69,74.1,,,,,,68.11,50.62,,94,fresh_bullish_cross,72,fresh_below_zero_cross,59.46,90.389999,0.16,0.11730528,0.16745232,0.29169172,-0.21509208,4H EMA9/26 最近金叉且价格在 EMA50 上方；4H MACD 刚金叉但仍需零轴确认；4H MACD 柱体连续扩张；4H RSI 位于健康强势区间,
36,CBRS,Cerebras Systems Inc. - Class A Common Stock,,Prism,Nasdaq Liquid 500,362,72.23,40.95,90.4,71.6,50.0,68.57,72.3,,,,,,41.32,44.26,,94,fresh_bullish_cross,66,bullish_above_signal,59.09,217.440002,0.18,0.07984839,0.15331369,0.06045017,-0.07354067,4H EMA9/26 最近金叉且价格在 EMA50 上方；4H MACD 位于 Signal 上方；4H MACD 柱体连续扩张；4H RSI 位于健康强势区间,
37,CIFR,CIPHER DIGITAL INC,Information Technology,Prism,Nasdaq Liquid 500,111,72.21,49.97,98.2,29.6,50.0,76.01,78.9,,,,,,64.65,49.93,,94,fresh_bullish_cross,88,fresh_above_zero_cross,59.63,24.985001,0.19,0.11827235,0.15404162,0.24272574,-0.14405618,4H EMA9/26 最近金叉且价格在 EMA50 上方；4H MACD 零轴上方刚金叉；4H MACD 柱体连续扩张；4H RSI 位于健康强势区间,
38,NBIS,Nebius Group N.V. - Class A Ordinary Shares,,Prism,Nasdaq Liquid 500,364,72.05,40.93,90.4,70.4,50.0,67.76,71.4,,,,,,41.06,44.21,,92,fresh_bullish_cross,66,bullish_above_signal,59.02,220.029999,0.16,0.16340800,0.17068371,0.02045267,-0.23355856,4H EMA9/26 最近金叉且价格在 EMA50 上方；4H MACD 位于 Signal 上方；4H MACD 柱体连续扩张；4H RSI 位于健康强势区间,
39,COST,Costco,Consumer Staples,Prism,Nasdaq Liquid 500,132,71.9,49.78,73.3,94.4,50.0,51.31,51.45,,,,,,48.52,49.45,,73,early_transition,28,fresh_bearish_cross,53.52,951.890015,0.39,0.00145713,0.00021543,0.00084113,0.00082013,4H EMA9 已站上 EMA26，等待 26/50 确认；4H RSI 位于健康强势区间,4H MACD 最近死叉
40,CPRT,Copart,Industrials,Prism,Nasdaq Liquid 500,281,71.7,48.52,73.3,96.0,50.0,51.31,51.45,,,,,,46.56,46.31,,73,early_transition,28,fresh_bearish_cross,52.61,29.245001,0.17,0.00343115,-0.01862409,-0.02532905,-0.03210323,4H EMA9 已站上 EMA26，等待 26/50 确认；4H RSI 位于健康强势区间,4H MACD 最近死叉
41,NFLX,Netflix,Communication Services,Prism,Nasdaq Liquid 500,333,71.54,41.38,87.7,73.2,50.0,58.31,60.9,,,,,,41.58,45.32,,74,early_transition,58,bullish_above_signal,52.84,72.620003,0.15,0.01502558,0.03153410,-0.06417519,-0.06090778,4H EMA9 已站上 EMA26，等待 26/50 确认；4H MACD 位于 Signal 上方；4H RSI 位于健康强势区间,
42,OLLI,"Ollie's Bargain Outlet Holdings, Inc. - Common Stock",,Prism,Nasdaq Liquid 500,313,71.47,41.56,79.7,93.6,50.0,55.52,57.8,,,,,,48.84,45.77,,64,early_transition,70,bullish_above_signal,68.96,74.959999,0.16,0.02439352,0.12249177,0.01037872,-0.02535437,4H EMA9 已站上 EMA26，等待 26/50 确认；4H MACD 位于 Signal 上方,4H 相对 EMA26 超过 2 ATR，短线偏追高；4H RSI 偏热
43,AXTI,AXT INC,Information Technology,Prism,Nasdaq Liquid 500,92,71.44,59.24,90.4,23.6,50.0,67.21,66.9,,,,,,68.05,50.61,,82,fresh_bullish_cross,66,bullish_above_signal,67.48,70.300003,0.34,0.15057292,0.46825400,0.24183010,-0.16814577,4H EMA9/26 最近金叉且价格在 EMA50 上方；4H MACD 位于 Signal 上方；4H MACD 柱体连续扩张；4H RSI 位于健康强势区间,4H 相对 EMA26 超过 2 ATR，短线偏追高
44,PEP,PepsiCo,Consumer Staples,Prism,Nasdaq Liquid 500,154,71.27,49.52,73.3,90.8,50.0,50.49,50.55,,,,,,45.25,48.8,,71,early_transition,28,fresh_bearish_cross,50.25,139.225006,0.16,-0.00078947,-0.00397048,-0.03416572,-0.01912777,4H EMA9 已站上 EMA26，等待 26/50 确认；4H RSI 位于健康强势区间,4H MACD 最近死叉
45,MDLN,Medline Inc. - Class A common stock,,Prism,Nasdaq Liquid 500,373,71.21,40.76,90.4,65.2,50.0,71.81,75.9,,,,,,38.91,43.78,,94,fresh_bullish_cross,78,bullish_above_signal,58.43,40.794998,0.16,0.04804108,0.02745236,-0.05545268,0.13666757,4H EMA9/26 最近金叉且价格在 EMA50 上方；4H MACD 位于 Signal 上方；4H MACD 柱体连续扩张；4H RSI 位于健康强势区间,
46,MDB,"MongoDB, Inc. - Class A Common Stock",,Prism,Nasdaq Liquid 500,302,70.95,41.63,79.7,90.0,50.0,54.44,56.6,,,,,,49.75,45.95,,64,early_transition,66,bullish_above_signal,70.53,362.600006,0.34,0.07839643,0.17084828,0.02137967,0.08967422,4H EMA9 已站上 EMA26，等待 26/50 确认；4H MACD 位于 Signal 上方；4H MACD 柱体连续扩张,4H 相对 EMA26 超过 2 ATR，短线偏追高；4H RSI 偏热
47,TWST,TWIST BIOSCIENCE CORP,Health Care,Prism,Nasdaq Liquid 500,327,70.9,41.43,90.4,61.6,50.0,68.57,72.3,,,,,,37.21,45.44,,94,fresh_bullish_cross,66,bullish_above_signal,61.21,96.980003,0.34,0.06583147,0.12258368,-0.02306834,0.10897663,4H EMA9/26 最近金叉且价格在 EMA50 上方；4H MACD 位于 Signal 上方；4H MACD 柱体连续扩张；4H RSI 位于健康强势区间,
48,XE,"X-Energy, Inc. - Class A Common Stock",,Prism,Nasdaq Liquid 500,345,70.46,41.2,87.7,66.4,50.0,60.47,63.3,,,,,,39.39,44.88,,74,early_transition,66,bullish_above_signal,58.58,17.389999,0.36,0.04256589,0.14332669,0.00957904,-0.19228991,4H EMA9 已站上 EMA26，等待 26/50 确认；4H MACD 位于 Signal 上方；4H MACD 柱体连续扩张；4H RSI 位于健康强势区间,
49,GOOGL,Alphabet Inc. (Class A),Communication Services,Prism,Nasdaq Liquid 500,116,70.14,49.95,82.4,58.0,50.0,63.23,64.7,,,,,,54.35,49.87,,82,fresh_bullish_cross,66,bullish_above_signal,68.98,373.820007,0.18,0.05476709,0.14472075,0.03968855,0.01584287,4H EMA9/26 最近金叉且价格在 EMA50 上方；4H MACD 位于 Signal 上方；4H MACD 柱体连续扩张,4H 相对 EMA26 超过 2 ATR，短线偏追高；4H RSI 偏热
50,TSCO,Tractor Supply,Consumer Discretionary,Prism,Nasdaq Liquid 500,177,69.69,49.38,82.9,95.0,50.0,78.44,81.6,,,,,,48.49,48.45,,100,confirmed_bullish_trend,88,fresh_above_zero_cross,61.54,31.945,0.16,0.04566288,0.00455978,0.00582494,0.05568407,4H EMA 多头排列已连续维持；4H MACD 零轴上方刚金叉；4H MACD 柱体连续扩张；4H RSI 位于健康强势区间,
51,GOOG,Alphabet Inc. (Class C),Communication Services,Prism,Nasdaq Liquid 500,105,69.51,50.02,82.4,53.6,50.0,63.23,64.7,,,,,,55.19,50.04,,82,fresh_bullish_cross,66,bullish_above_signal,69.04,372.660187,0.19,0.05158356,0.14099447,0.04718069,0.01492509,4H EMA9/26 最近金叉且价格在 EMA50 上方；4H MACD 位于 Signal 上方；4H MACD 柱体连续扩张,4H 相对 EMA26 超过 2 ATR，短线偏追高；4H RSI 偏热
52,WYNN,Wynn Resorts,Consumer Discretionary,Prism,Nasdaq Liquid 500,235,69.43,48.89,73.3,80.0,50.0,49.69,49.65,,,,,,51.15,47.23,,73,early_transition,28,fresh_bearish_cross,47.71,97.730003,0.21,-0.01153029,-0.02015235,0.01897611,-0.07382481,4H EMA9 已站上 EMA26，等待 26/50 确认,4H MACD 最近死叉
53,LECO,"Lincoln Electric Holdings, Inc. - Common Shares",,Prism,Nasdaq Liquid 500,190,69.08,49.26,87.7,38.4,50.0,66.02,67.8,,,,,,60.75,48.15,,76,early_transition,78,bullish_above_signal,60.62,266.679993,0.15,0.01499583,0.03786721,0.03178379,-0.03110012,4H EMA9 已站上 EMA26，等待 26/50 确认；4H MACD 位于 Signal 上方；4H MACD 柱体连续扩张；4H RSI 位于健康强势区间,
54,LFUS,"Littelfuse, Inc. - Common Stock",,Prism,Nasdaq Liquid 500,189,68.94,49.28,87.7,37.4,50.0,63.86,65.4,,,,,,61.04,48.21,,76,early_transition,70,bullish_above_signal,59.13,439.980011,0.14,-0.01844950,0.09178893,0.05142671,-0.08299287,4H EMA9 已站上 EMA26，等待 26/50 确认；4H MACD 位于 Signal 上方；4H RSI 位于健康强势区间,
55,AAL,"American Airlines Group, Inc. - Common Stock",,Prism,Nasdaq Liquid 500,406,68.83,40.31,90.4,50.4,50.0,68.57,72.3,,,,,,33.2,42.64,,94,fresh_bullish_cross,66,bullish_above_signal,58.82,15.985,0.12,0.04545455,0.06815904,-0.10748185,0.00093926,4H EMA9/26 最近金叉且价格在 EMA50 上方；4H MACD 位于 Signal 上方；4H MACD 柱体连续扩张；4H RSI 位于健康强势区间,
56,HSIC,Henry Schein,Health Care,Prism,Nasdaq Liquid 500,198,68.81,49.18,82.9,89.6,50.0,78.44,81.6,,,,,,49.81,47.96,,100,confirmed_bullish_trend,88,fresh_above_zero_cross,57.99,86.910004,0.47,0.00987690,0.02766943,0.00526288,0.08773469,4H EMA 多头排列已连续维持；4H MACD 零轴上方刚金叉；4H MACD 柱体连续扩张；4H RSI 位于健康强势区间,
57,QUBT,QUANTUM COMPUTING INC,Information Technology,Prism,Nasdaq Liquid 500,384,68.71,40.67,90.4,48.8,50.0,67.76,71.4,,,,,,32.76,43.55,,92,fresh_bullish_cross,66,bullish_above_signal,61.7,8.699,0.19,0.07995034,0.09421384,-0.04196035,-0.19003724,4H EMA9/26 最近金叉且价格在 EMA50 上方；4H MACD 位于 Signal 上方；4H MACD 柱体连续扩张；4H RSI 位于健康强势区间,
58,AVAV,"AeroVironment, Inc. - Common Stock",,Prism,Nasdaq Liquid 500,441,67.24,39.71,92.8,34.8,50.0,69.38,73.2,,,,,,25.75,41.15,,92,fresh_bullish_cross,72,fresh_below_zero_cross,57.04,157.455002,0.16,0.05092611,0.02110898,-0.17571459,-0.07128106,4H EMA9/26 最近金叉且价格在 EMA50 上方；4H MACD 刚金叉但仍需零轴确认；4H MACD 柱体连续扩张；4H RSI 位于健康强势区间,
59,NDSN,Nordson Corporation,Industrials,Prism,Nasdaq Liquid 500,86,66.59,59.28,75.1,72.0,50.0,77.74,78.6,,,,,,52.3,50.71,,100,confirmed_bullish_trend,78,bullish_above_signal,61.74,301.01001,0.19,0.01021802,0.01190039,0.03685719,0.01776810,4H EMA 多头排列已连续维持；4H MACD 位于 Signal 上方；4H MACD 柱体连续扩张；4H RSI 位于健康强势区间,
60,NAVN,NAVAN INC CLASS A,Consumer Discretionary,Prism,Nasdaq Liquid 500,279,66.49,48.53,75.1,96.4,50.0,75.74,78.6,,,,,,46.67,46.33,,100,confirmed_bullish_trend,78,bullish_above_signal,62.27,27.42,0.18,0.02466368,0.06361516,0.06817296,0.25291295,4H EMA 多头排列已连续维持；4H MACD 位于 Signal 上方；4H MACD 柱体连续扩张；4H RSI 位于健康强势区间,
61,COO,Cooper Companies (The),Health Care,Prism,Nasdaq Liquid 500,230,66.38,48.9,75.1,94.8,50.0,75.74,78.6,,,,,,46.28,47.26,,100,confirmed_bullish_trend,78,bullish_above_signal,64.58,73.989998,0.21,0.02771019,0.05248926,-0.00269583,0.12242112,4H EMA 多头排列已连续维持；4H MACD 位于 Signal 上方；4H MACD 柱体连续扩张；4H RSI 位于健康强势区间,
62,PODD,Insulet Corporation,Health Care,Prism,Nasdaq Liquid 500,57,66.26,59.64,73.0,74.6,50.0,63.43,62.7,,,,,,51.68,51.59,,58,mixed_sideways,88,fresh_above_zero_cross,57.82,169.350006,0.23,0.01925978,0.02636367,0.02935814,0.16271894,4H MACD 零轴上方刚金叉；4H MACD 柱体连续扩张；4H RSI 位于健康强势区间,4H EMA 仍偏震荡
63,FAST,Fastenal,Industrials,Prism,Nasdaq Liquid 500,102,66.18,50.06,75.1,90.8,50.0,75.74,78.6,,,,,,49.55,50.16,,100,confirmed_bullish_trend,78,bullish_above_signal,61.86,48.055,0.18,0.01671429,0.00871119,-0.01070512,0.04694985,4H EMA 多头排列已连续维持；4H MACD 位于 Signal 上方；4H MACD 柱体连续扩张；4H RSI 位于健康强势区间,
64,GEN,Gen Digital,Information Technology,Prism,Nasdaq Liquid 500,81,66.01,59.33,75.1,68.0,50.0,73.29,73.65,,,,,,52.89,50.83,,89,confirmed_bullish_trend,78,bullish_above_signal,67.0,28.120001,0.16,0.02310351,0.05121499,0.05456591,0.16390733,4H EMA 多头排列已连续维持；4H MACD 位于 Signal 上方；4H MACD 柱体连续扩张；4H RSI 位于健康强势区间,4H 相对 EMA26 超过 2 ATR，短线偏追高
65,ORLY,O’Reilly Automotive,Consumer Discretionary,Prism,Nasdaq Liquid 500,159,65.74,49.5,75.1,89.2,50.0,75.74,78.6,,,,,,49.99,48.75,,100,confirmed_bullish_trend,78,bullish_above_signal,56.58,90.0,0.12,0.01032777,-0.00656770,-0.00243849,0.03615011,4H EMA 多头排列已连续维持；4H MACD 位于 Signal 上方；4H MACD 柱体连续扩张；4H RSI 位于健康强势区间,
66,ROKU,"Roku, Inc. - Class A Common Stock",,Prism,Nasdaq Liquid 500,300,65.3,48.4,75.1,88.8,50.0,71.29,73.65,,,,,,50.03,46.01,,89,confirmed_bullish_trend,78,bullish_above_signal,66.32,146.179993,0.15,0.00647196,0.02280993,0.02604051,0.05820178,4H EMA 多头排列已连续维持；4H MACD 位于 Signal 上方；4H MACD 柱体连续扩张；4H RSI 位于健康强势区间,4H 相对 EMA26 超过 2 ATR，短线偏追高
67,LULU,Lululemon Athletica,Consumer Discretionary,Prism,Nasdaq Liquid 500,245,65.21,48.82,75.1,87.2,50.0,75.74,78.6,,,,,,50.26,47.05,,100,confirmed_bullish_trend,78,bullish_above_signal,60.85,121.639999,0.14,0.01637700,0.03207193,0.02719136,0.08830636,4H EMA 多头排列已连续维持；4H MACD 位于 Signal 上方；4H MACD 柱体连续扩张；4H RSI 位于健康强势区间,
68,HWC,HANCOCK WHITNEY CORP,Financials,Prism,Nasdaq Liquid 500,208,64.88,49.09,82.9,63.6,50.0,78.44,81.6,,,,,,53.63,47.73,,100,confirmed_bullish_trend,88,fresh_above_zero_cross,59.88,77.82,0.12,0.00960039,0.03127486,0.04267432,0.10775801,4H EMA 多头排列已连续维持；4H MACD 零轴上方刚金叉；4H MACD 柱体连续扩张；4H RSI 位于健康强势区间,
69,DLTR,Dollar Tree,Consumer Staples,Prism,Nasdaq Liquid 500,112,64.83,49.97,75.1,82.0,50.0,75.74,78.6,,,,,,50.86,49.92,,100,confirmed_bullish_trend,78,bullish_above_signal,61.78,129.699997,0.14,0.01423209,0.03305451,0.04554610,0.16187405,4H EMA 多头排列已连续维持；4H MACD 位于 Signal 上方；4H MACD 柱体连续扩张；4H RSI 位于健康强势区间,
70,GEHC,GE HealthCare,Health Care,Prism,Nasdaq Liquid 500,32,64.35,67.11,75.1,38.8,50.0,77.08,76.2,,,,,,60.72,53.39,,100,confirmed_bullish_trend,70,bullish_above_signal,61.98,69.550003,0.11,0.02144231,0.13792546,0.06086036,0.12924181,4H EMA 多头排列已连续维持；4H MACD 位于 Signal 上方；4H RSI 位于健康强势区间,
71,FISV,Fiserv,Financials,Prism,Nasdaq Liquid 500,87,64.13,59.27,75.1,55.6,50.0,75.58,76.2,,,,,,54.63,50.68,,100,confirmed_bullish_trend,70,bullish_above_signal,59.76,54.34,0.15,0.01276677,0.03920442,0.03880709,0.13563223,4H EMA 多头排列已连续维持；4H MACD 位于 Signal 上方；4H RSI 位于健康强势区间,
72,NTES,"NetEase, Inc. - American Depositary Shares, each representing 5 ordinary shares",,Prism,Nasdaq Liquid 500,287,64.13,48.48,75.1,80.8,50.0,73.58,76.2,,,,,,51.06,46.21,,100,confirmed_bullish_trend,70,bullish_above_signal,57.82,131.664993,0.1,-0.01018652,0.06413149,0.03469543,0.08419788,4H EMA 多头排列已连续维持；4H MACD 位于 Signal 上方；4H RSI 位于健康强势区间,
73,ABNB,Airbnb,Consumer Discretionary,Prism,Nasdaq Liquid 500,234,64.06,48.9,75.1,79.4,50.0,73.58,76.2,,,,,,51.19,47.24,,100,confirmed_bullish_trend,70,bullish_above_signal,59.29,151.110001,0.2,-0.00408617,0.02893913,0.01477400,0.06153842,4H EMA 多头排列已连续维持；4H MACD 位于 Signal 上方；4H RSI 位于健康强势区间,
74,CORZ,CORE SCIENTIFIC INC,Information Technology,Prism,Nasdaq Liquid 500,271,64.06,48.62,67.6,100,50.0,55.09,55.65,,,,,,47.78,46.56,,53,mixed_sideways,72,fresh_below_zero_cross,53.69,22.83,0.15,0.08301708,0.09997596,0.06579643,-0.21761480,4H MACD 刚金叉但仍需零轴确认；4H MACD 柱体连续扩张；4H RSI 位于健康强势区间,4H EMA 仍偏震荡
75,AKAM,Akamai Technologies,Information Technology,Prism,Nasdaq Liquid 500,94,64.05,59.23,67.6,75.2,50.0,57.09,55.65,,,,,,51.66,50.58,,53,mixed_sideways,72,fresh_below_zero_cross,52.63,118.0,0.17,0.02230883,0.04563582,0.04231076,-0.05531986,4H MACD 刚金叉但仍需零轴确认；4H MACD 柱体连续扩张；4H RSI 位于健康强势区间,4H EMA 仍偏震荡
76,ONB,OLD NATIONAL BANCORP,Financials,Prism,Nasdaq Liquid 500,201,64.0,49.15,82.9,57.6,50.0,78.44,81.6,,,,,,54.37,47.87,,100,confirmed_bullish_trend,88,fresh_above_zero_cross,58.95,26.865,0.17,0.01205500,0.01761364,0.03307060,0.08457812,4H EMA 多头排列已连续维持；4H MACD 零轴上方刚金叉；4H MACD 柱体连续扩张；4H RSI 位于健康强势区间,
77,TTAN,SERVICETITAN INC CLASS A,Information Technology,Prism,Nasdaq Liquid 500,233,63.97,48.9,75.1,78.8,50.0,73.58,76.2,,,,,,51.2,47.24,,100,confirmed_bullish_trend,70,bullish_above_signal,61.41,84.660004,0.11,0.01822126,0.13015618,0.08122606,0.31828095,4H EMA 多头排列已连续维持；4H MACD 位于 Signal 上方；4H RSI 位于健康强势区间,
78,FOXA,Fox Corporation (Class A),Communication Services,Prism,Nasdaq Liquid 500,232,63.91,48.9,75.1,78.4,50.0,73.58,76.2,,,,,,51.25,47.25,,100,confirmed_bullish_trend,70,bullish_above_signal,61.82,58.939999,0.2,0.01149818,0.04060735,0.04355522,0.12955153,4H EMA 多头排列已连续维持；4H MACD 位于 Signal 上方；4H RSI 位于健康强势区间,
79,VLY,VALLEY NATIONAL,Financials,Prism,Nasdaq Liquid 500,268,63.88,48.64,67.6,98.8,50.0,53.87,54.3,,,,,,47.94,46.59,,50,mixed_sideways,72,fresh_below_zero_cross,51.06,14.495,0.2,0.01363636,0.01045661,-0.00685166,0.02910898,4H MACD 刚金叉但仍需零轴确认；4H MACD 柱体连续扩张；4H RSI 位于健康强势区间,4H EMA 仍偏震荡
80,CME,CME Group,Financials,Prism,Nasdaq Liquid 500,35,63.84,67.02,75.1,35.6,50.0,72.62,71.25,,,,,,62.09,53.17,,89,confirmed_bullish_trend,70,bullish_above_signal,65.58,265.049988,0.11,-0.01516002,0.03774317,0.11970087,0.07638882,4H EMA 多头排列已连续维持；4H MACD 位于 Signal 上方；4H RSI 位于健康强势区间,4H 相对 EMA26 超过 2 ATR，短线偏追高
81,EXE,Expand Energy,Energy,Prism,Nasdaq Liquid 500,80,63.79,59.34,75.1,53.2,50.0,77.74,78.6,,,,,,55.51,50.85,,100,confirmed_bullish_trend,78,bullish_above_signal,63.41,94.626297,0.14,0.01285838,0.04547890,0.04305882,0.08790864,4H EMA 多头排列已连续维持；4H MACD 位于 Signal 上方；4H MACD 柱体连续扩张；4H RSI 位于健康强势区间,
82,IDXX,Idexx Laboratories,Health Care,Prism,Nasdaq Liquid 500,59,63.5,59.62,65.2,77.0,50.0,60.73,59.7,,,,,,51.5,51.55,,58,mixed_sideways,78,bullish_above_signal,56.85,570.140015,0.5,0.02528413,0.02508138,0.02214102,0.01493550,4H MACD 位于 Signal 上方；4H MACD 柱体连续扩张；4H RSI 位于健康强势区间,4H EMA 仍偏震荡
83,WDAY,"Workday, Inc.",Information Technology,Prism,Nasdaq Liquid 500,20,63.35,74.2,75.1,15.6,50.0,74.12,71.25,,,,,,70.04,54.26,,89,confirmed_bullish_trend,70,bullish_above_signal,66.01,165.990005,0.37,0.03601301,0.12520337,0.22601378,0.42029606,4H EMA 多头排列已连续维持；4H MACD 位于 Signal 上方；4H RSI 位于健康强势区间,4H 相对 EMA26 超过 2 ATR，短线偏追高
84,DDOG,Datadog,Information Technology,Prism,Nasdaq Liquid 500,60,63.22,59.61,75.1,48.8,50.0,77.74,78.6,,,,,,56.36,51.52,,100,confirmed_bullish_trend,78,bullish_above_signal,67.27,277.325012,0.41,0.01961477,0.10106411,0.06585576,0.24489387,4H EMA 多头排列已连续维持；4H MACD 位于 Signal 上方；4H MACD 柱体连续扩张；4H RSI 位于健康强势区间,
85,CHRD,Chord Energy Corporation - Common Stock,,Prism,Nasdaq Liquid 500,46,62.97,66.61,82.9,10.0,50.0,79.78,79.2,,,,,,75.75,52.15,,100,confirmed_bullish_trend,80,fresh_above_zero_cross,63.15,138.919998,0.23,0.00014402,0.05394128,0.22558448,0.12892607,4H EMA 多头排列已连续维持；4H MACD 零轴上方刚金叉；4H RSI 位于健康强势区间,
86,PFG,Principal Financial Group,Financials,Prism,Nasdaq Liquid 500,68,62.87,59.46,75.1,46.8,50.0,75.58,76.2,,,,,,57.04,51.16,,100,confirmed_bullish_trend,70,bullish_above_signal,64.49,114.959999,0.2,0.01028208,0.03269852,0.03689001,0.04909652,4H EMA 多头排列已连续维持；4H MACD 位于 Signal 上方；4H RSI 位于健康强势区间,
87,ADP,Automatic Data Processing,Industrials,Prism,Nasdaq Liquid 500,39,62.75,66.83,75.1,28.8,50.0,77.08,76.2,,,,,,64.81,52.71,,100,confirmed_bullish_trend,70,bullish_above_signal,62.93,270.535004,0.22,0.01892582,0.06104641,0.11685179,0.24149878,4H EMA 多头排列已连续维持；4H MACD 位于 Signal 上方；4H RSI 位于健康强势区间,
88,GH,"Guardant Health, Inc. - Common Stock",,Prism,Nasdaq Liquid 500,342,62.73,41.24,75.1,88.4,50.0,71.0,75.0,,,,,,44.85,44.97,,100,confirmed_bullish_trend,66,bullish_above_signal,63.63,161.235001,0.12,-0.00857778,0.10791591,-0.04032495,0.22268148,4H EMA 多头排列已连续维持；4H MACD 位于 Signal 上方；4H MACD 柱体连续扩张；4H RSI 位于健康强势区间,
89,PLXS,PLEXUS CORP,Information Technology,Prism,Nasdaq Liquid 500,278,62.71,48.56,65.2,97.6,50.0,53.47,53.85,,,,,,46.96,46.39,,53,mixed_sideways,66,bullish_above_signal,52.59,257.359985,0.26,0.00554811,0.01514666,-0.06530112,-0.14113135,4H MACD 位于 Signal 上方；4H MACD 柱体连续扩张；4H RSI 位于健康强势区间,4H EMA 仍偏震荡
90,WBD,Warner Bros. Discovery,Communication Services,Prism,Nasdaq Liquid 500,262,62.63,48.67,65.2,96.8,50.0,54.68,55.2,,,,,,48.37,46.67,,56,mixed_sideways,66,bullish_above_signal,53.7,26.264999,0.12,-0.00605487,0.03896353,-0.00718204,0.00401372,4H MACD 位于 Signal 上方；4H MACD 柱体连续扩张；4H RSI 位于健康强势区间,4H EMA 仍偏震荡
91,OUST,OUSTER INC,Information Technology,Prism,Nasdaq Liquid 500,469,62.6,38.97,90.4,12.0,50.0,68.57,72.3,,,,,,11.48,39.3,,94,fresh_bullish_cross,66,bullish_above_signal,59.68,41.790001,0.14,0.08489099,0.18941236,-0.16202122,-0.10244845,4H EMA9/26 最近金叉且价格在 EMA50 上方；4H MACD 位于 Signal 上方；4H MACD 柱体连续扩张；4H RSI 位于健康强势区间,
92,FTNT,Fortinet,Information Technology,Prism,Nasdaq Liquid 500,53,62.54,59.72,75.1,44.0,50.0,74.5,75.0,,,,,,57.82,51.81,,100,confirmed_bullish_trend,66,bullish_above_signal,63.94,164.175003,0.22,0.02273795,0.07761731,0.05092179,0.13490252,4H EMA 多头排列已连续维持；4H MACD 位于 Signal 上方；4H MACD 柱体连续扩张；4H RSI 位于健康强势区间,
93,ADSK,Autodesk,Information Technology,Prism,Nasdaq Liquid 500,33,62.53,67.07,75.1,26.8,50.0,77.08,76.2,,,,,,65.27,53.3,,100,confirmed_bullish_trend,70,bullish_above_signal,62.23,235.460007,0.21,0.00381559,0.04231502,0.13502054,0.21562249,4H EMA 多头排列已连续维持；4H MACD 位于 Signal 上方；4H RSI 位于健康强势区间,
94,ZS,"Zscaler, Inc. - Common Stock",,Prism,Nasdaq Liquid 500,273,62.5,48.62,75.1,69.6,50.0,75.74,78.6,,,,,,52.68,46.54,,100,confirmed_bullish_trend,78,bullish_above_signal,61.18,155.509995,0.27,0.03116502,0.05494872,0.05559318,0.24686295,4H EMA 多头排列已连续维持；4H MACD 位于 Signal 上方；4H MACD 柱体连续扩张；4H RSI 位于健康强势区间,
95,NVDA,Nvidia,Information Technology,Prism,Nasdaq Liquid 500,48,62.48,66.58,67.6,47.6,50.0,59.8,57.0,,,,,,56.59,52.07,,56,mixed_sideways,72,fresh_below_zero_cross,57.28,207.630005,0.21,0.04203157,0.05653369,0.06684827,-0.01236736,4H MACD 刚金叉但仍需零轴确认；4H MACD 柱体连续扩张；4H RSI 位于健康强势区间,4H EMA 仍偏震荡
96,CEG,Constellation Energy,Utilities,Prism,Nasdaq Liquid 500,28,62.39,67.18,73.0,31.2,50.0,64.93,62.7,,,,,,64.16,53.58,,58,mixed_sideways,88,fresh_above_zero_cross,60.32,273.100006,0.16,0.03600023,0.01121931,0.14186565,-0.00357553,4H MACD 零轴上方刚金叉；4H MACD 柱体连续扩张；4H RSI 位于健康强势区间,4H EMA 仍偏震荡
97,BRKR,Bruker Corporation - Common Stock,,Prism,Nasdaq Liquid 500,269,62.32,48.63,75.1,68.4,50.0,73.58,76.2,,,,,,52.86,46.57,,100,confirmed_bullish_trend,70,bullish_above_signal,60.84,63.875,0.24,0.01857760,0.06387407,0.03575486,0.11669578,4H EMA 多头排列已连续维持；4H MACD 位于 Signal 上方；4H RSI 位于健康强势区间,
98,UMBF,UMB FINANCIAL CORP,Financials,Prism,Nasdaq Liquid 500,213,62.29,49.06,75.1,67.2,50.0,75.74,78.6,,,,,,53.25,47.65,,100,confirmed_bullish_trend,78,bullish_above_signal,59.16,147.259995,0.11,0.01321040,0.04491593,0.02384755,0.10606198,4H EMA 多头排列已连续维持；4H MACD 位于 Signal 上方；4H MACD 柱体连续扩张；4H RSI 位于健康强势区间,
99,CHEF,CHEFS WAREHOUSE INC,Consumer Staples,Prism,Nasdaq Liquid 500,14,62.29,74.59,75.1,7.6,50.0,74.12,71.25,,,,,,77.39,55.23,,89,confirmed_bullish_trend,70,bullish_above_signal,67.98,112.339996,0.1,-0.01723386,0.17424478,0.17504307,0.17868008,4H EMA 多头排列已连续维持；4H MACD 位于 Signal 上方；4H RSI 位于健康强势区间,4H 相对 EMA26 超过 2 ATR，短线偏追高
100,AVT,"Avnet, Inc. - Common Stock",,Prism,Nasdaq Liquid 500,222,62.26,48.96,82.9,46.4,50.0,78.44,81.6,,,,,,57.07,47.41,,100,confirmed_bullish_trend,88,fresh_above_zero_cross,53.34,88.330002,0.15,-0.00470431,-0.00045265,0.07483575,-0.03421203,4H EMA 多头排列已连续维持；4H MACD 零轴上方刚金叉；4H MACD 柱体连续扩张；4H RSI 位于健康强势区间,
101,APA,APA Corporation,Energy,Prism,Nasdaq Liquid 500,37,62.19,66.95,75.1,24.8,50.0,77.08,76.2,,,,,,66.27,53.0,,100,confirmed_bullish_trend,70,bullish_above_signal,58.84,36.830002,0.2,-0.00432549,0.06016119,0.13778199,0.11521574,4H EMA 多头排列已连续维持；4H MACD 位于 Signal 上方；4H RSI 位于健康强势区间,
102,DASH,DoorDash,Consumer Discretionary,Prism,Nasdaq Liquid 500,212,62.17,49.07,75.1,66.4,50.0,69.12,71.25,,,,,,53.33,47.67,,89,confirmed_bullish_trend,70,bullish_above_signal,66.1,201.414993,0.13,0.02360618,0.09215375,0.04892714,0.16189781,4H EMA 多头排列已连续维持；4H MACD 位于 Signal 上方；4H RSI 位于健康强势区间,4H 相对 EMA26 超过 2 ATR，短线偏追高
103,TECH,Bio-Techne,Health Care,Prism,Nasdaq Liquid 500,54,62.12,59.71,64.3,70.0,50.0,65.72,65.25,,,,,,52.63,51.78,,89,confirmed_bullish_trend,50,mixed_or_bearish,67.82,72.144997,0.16,-0.00013862,0.00740067,0.01870936,0.24505992,4H EMA 多头排列已连续维持；4H MACD 柱体连续扩张；4H RSI 位于健康强势区间,4H 相对 EMA26 超过 2 ATR，短线偏追高；4H MACD 尚未确认多头
104,TSEM,Tower Semiconductor Ltd. - Ordinary Shares,,Prism,Nasdaq Liquid 500,130,62.07,49.8,67.6,84.0,50.0,55.81,56.45,,,,,,43.75,49.5,,53,mixed_sideways,72,fresh_below_zero_cross,54.45,237.214996,0.67,0.05260470,0.05842853,0.08272856,-0.17222672,4H MACD 刚金叉但仍需零轴确认；4H MACD 柱体连续扩张；4H RSI 位于健康强势区间,4H EMA 仍偏震荡
105,OZK,Bank OZK - Common Stock,,Prism,Nasdaq Liquid 500,261,61.98,48.68,75.1,66.0,50.0,75.74,78.6,,,,,,53.44,46.69,,100,confirmed_bullish_trend,78,bullish_above_signal,57.63,51.75,0.09,0.01163134,0.02698950,0.03790612,0.05054815,4H EMA 多头排列已连续维持；4H MACD 位于 Signal 上方；4H MACD 柱体连续扩张；4H RSI 位于健康强势区间,
106,ADBE,Adobe Inc.,Information Technology,Prism,Nasdaq Liquid 500,24,61.91,67.34,75.1,22.0,50.0,77.08,76.2,,,,,,68.58,53.97,,100,confirmed_bullish_trend,70,bullish_above_signal,61.22,253.149994,0.15,0.01361359,0.06477390,0.15251537,0.29714075,4H EMA 多头排列已连续维持；4H MACD 位于 Signal 上方；4H RSI 位于健康强势区间,
107,INTU,Intuit,Information Technology,Prism,Nasdaq Liquid 500,23,61.79,67.34,75.1,21.2,50.0,77.08,76.2,,,,,,68.67,53.98,,100,confirmed_bullish_trend,70,bullish_above_signal,61.72,321.690002,0.14,0.01643026,0.05822564,0.16829488,0.20713728,4H EMA 多头排列已连续维持；4H MACD 位于 Signal 上方；4H RSI 位于健康强势区间,
108,HURN,HURON CONSULTING GROUP INC,Industrials,Prism,Nasdaq Liquid 500,7,61.54,75.3,75.1,1.0,50.0,74.12,71.25,,,,,,100.0,57.0,,89,confirmed_bullish_trend,70,bullish_above_signal,66.22,152.464996,0.18,-0.00388738,0.30725371,0.56856997,0.68506842,4H EMA 多头排列已连续维持；4H MACD 位于 Signal 上方；4H RSI 位于健康强势区间,4H 相对 EMA26 超过 2 ATR，短线偏追高
109,ORKA,ORUKA THERAPEUTICS INC,Health Care,Prism,Nasdaq Liquid 500,193,61.53,49.21,65.2,88.2,50.0,56.57,57.3,,,,,,50.16,48.03,,58,mixed_sideways,70,bullish_above_signal,53.77,93.379997,0.28,-0.01911765,0.03422301,0.09588074,0.28906674,4H MACD 位于 Signal 上方；4H RSI 位于健康强势区间,4H EMA 仍偏震荡
110,TTD,Trade Desk (The),Communication Services,Prism,Nasdaq Liquid 500,298,61.53,48.42,65.2,90.0,50.0,52.25,52.5,,,,,,45.2,46.04,,50,mixed_sideways,66,bullish_above_signal,51.18,18.535,0.13,0.02686986,0.03663317,-0.02881839,0.00189189,4H MACD 位于 Signal 上方；4H MACD 柱体连续扩张；4H RSI 位于健康强势区间,4H EMA 仍偏震荡
111,BKR,Baker Hughes,Energy,Prism,Nasdaq Liquid 500,30,61.49,67.17,75.1,19.6,50.0,77.08,76.2,,,,,,68.95,53.54,,100,confirmed_bullish_trend,70,bullish_above_signal,61.65,60.549999,0.14,0.00157137,-0.00066019,0.14721486,0.03681502,4H EMA 多头排列已连续维持；4H MACD 位于 Signal 上方；4H RSI 位于健康强势区间,
112,SBAC,SBA Communications,Real Estate,Prism,Nasdaq Liquid 500,142,61.41,49.63,65.2,86.4,50.0,52.52,52.8,,,,,,50.36,49.07,,56,mixed_sideways,58,bullish_above_signal,50.04,180.339996,0.34,0.00613697,0.04466194,-0.02302400,-0.03473749,4H MACD 位于 Signal 上方；4H RSI 位于健康强势区间,4H EMA 仍偏震荡
113,CENX,CENTURY ALUMINUM,Materials,Prism,Nasdaq Liquid 500,247,61.31,48.82,65.2,87.6,50.0,54.68,55.2,,,,,,50.2,47.04,,56,mixed_sideways,66,bullish_above_signal,50.61,44.794998,0.11,-0.00066934,-0.00144902,0.02365174,-0.13441793,4H MACD 位于 Signal 上方；4H MACD 柱体连续扩张；4H RSI 位于健康强势区间,4H EMA 仍偏震荡
114,LYFT,"Lyft, Inc. - Class A Common Stock",,Prism,Nasdaq Liquid 500,254,61.27,48.71,75.1,61.2,50.0,75.74,78.6,,,,,,53.86,46.77,,100,confirmed_bullish_trend,78,bullish_above_signal,65.0,16.209999,0.19,0.04143906,0.07350987,0.05396612,0.13714479,4H EMA 多头排列已连续维持；4H MACD 位于 Signal 上方；4H MACD 柱体连续扩张；4H RSI 位于健康强势区间,
115,ERIE,Erie Indemnity,Financials,Prism,Nasdaq Liquid 500,172,61.09,49.41,65.2,84.8,50.0,56.57,57.3,,,,,,43.9,48.53,,58,mixed_sideways,70,bullish_above_signal,53.44,238.149994,0.37,-0.00768766,0.04351062,-0.08117600,0.07657876,4H MACD 位于 Signal 上方；4H RSI 位于健康强势区间,4H EMA 仍偏震荡
116,BPOP,"Popular, Inc. - Common Stock",,Prism,Nasdaq Liquid 500,251,60.98,48.73,75.1,59.2,50.0,73.58,76.2,,,,,,54.17,46.83,,100,confirmed_bullish_trend,70,bullish_above_signal,59.64,175.375,0.15,-0.00411701,0.02319140,0.04832929,0.10063389,4H EMA 多头排列已连续维持；4H MACD 位于 Signal 上方；4H RSI 位于健康强势区间,
117,OPCH,OPTION CARE HEALTH INC,Health Care,Prism,Nasdaq Liquid 500,95,60.93,59.23,75.1,34.4,50.0,77.74,78.6,,,,,,62.88,50.58,,100,confirmed_bullish_trend,78,bullish_above_signal,64.39,23.889999,0.17,0.04368720,0.09536910,0.09036965,0.08763938,4H EMA 多头排列已连续维持；4H MACD 位于 Signal 上方；4H MACD 柱体连续扩张；4H RSI 位于健康强势区间,
118,TMDX,TRANSMEDICS GROUP INC,Health Care,Prism,Nasdaq Liquid 500,50,60.84,66.53,75.1,16.8,50.0,74.79,73.65,,,,,,69.7,51.94,,89,confirmed_bullish_trend,78,bullish_above_signal,67.6,81.5,0.35,0.07533974,0.09616681,0.18270201,0.03387033,4H EMA 多头排列已连续维持；4H MACD 位于 Signal 上方；4H MACD 柱体连续扩张；4H RSI 位于健康强势区间,4H 相对 EMA26 超过 2 ATR，短线偏追高
119,SOFI,"SoFi Technologies, Inc.  - Common Stock",,Prism,Nasdaq Liquid 500,316,60.83,41.53,67.6,95.0,50.0,54.8,57.0,,,,,,48.49,45.7,,56,mixed_sideways,72,fresh_below_zero_cross,59.08,17.799999,0.2,0.08768708,0.05512732,-0.02519173,-0.00586440,4H MACD 刚金叉但仍需零轴确认；4H MACD 柱体连续扩张；4H RSI 位于健康强势区间,4H EMA 仍偏震荡
120,FCNCA,"First Citizens BancShares, Inc. - Class A Common Stock",,Prism,Nasdaq Liquid 500,250,60.68,48.76,75.1,57.2,50.0,75.74,78.6,,,,,,54.44,46.89,,100,confirmed_bullish_trend,78,bullish_above_signal,60.37,2200.72998,0.13,0.00818183,0.02887853,0.05862341,0.06226167,4H EMA 多头排列已连续维持；4H MACD 位于 Signal 上方；4H MACD 柱体连续扩张；4H RSI 位于健康强势区间,
121,QURE,uniQure N.V. - Ordinary Shares,,Prism,Nasdaq Liquid 500,248,60.22,48.8,75.1,54.0,50.0,70.34,72.6,,,,,,55.07,47.01,,100,confirmed_bullish_trend,58,bullish_above_signal,61.65,43.439999,0.08,-0.00183826,0.13625955,0.03948308,-0.06318741,4H EMA 多头排列已连续维持；4H MACD 位于 Signal 上方；4H RSI 位于健康强势区间,
122,EWBC,"East West Bancorp, Inc. - Common Stock",,Prism,Nasdaq Liquid 500,303,60.17,41.62,67.6,90.4,50.0,54.39,56.55,,,,,,49.62,45.92,,55,mixed_sideways,72,fresh_below_zero_cross,52.62,131.830002,0.12,0.00633589,0.01501384,0.01980350,0.03934095,4H MACD 刚金叉但仍需零轴确认；4H MACD 柱体连续扩张；4H RSI 位于健康强势区间,4H EMA 仍偏震荡
123,BMRN,BioMarin Pharmaceutical Inc. - Common Stock,,Prism,Nasdaq Liquid 500,98,60.12,59.15,54.4,84.4,50.0,49.8,47.55,,,,,,50.59,50.37,,55,mixed_sideways,42,mixed_or_bearish,51.06,60.025002,0.13,0.00679307,-0.00356906,0.01737292,0.09754988,4H RSI 位于健康强势区间,4H EMA 仍偏震荡；4H MACD 尚未确认多头
124,MTCH,"Match Group, Inc. - Common Stock",,Prism,Nasdaq Liquid 500,241,60.06,48.84,75.1,52.8,50.0,76.46,79.4,,,,,,55.55,47.11,,100,confirmed_bullish_trend,78,bullish_above_signal,64.46,40.48,0.64,0.03291659,0.04303012,0.06807382,0.14188995,4H EMA 多头排列已连续维持；4H MACD 位于 Signal 上方；4H MACD 柱体连续扩张；4H RSI 位于健康强势区间,
125,MELI,"MercadoLibre, Inc. - Common Stock",,Prism,Nasdaq Liquid 500,240,59.89,48.87,75.1,51.6,50.0,73.58,76.2,,,,,,55.88,47.18,,100,confirmed_bullish_trend,70,bullish_above_signal,62.23,1891.977905,0.32,0.00377637,0.03934844,0.07294521,0.15811507,4H EMA 多头排列已连续维持；4H MACD 位于 Signal 上方；4H RSI 位于健康强势区间,
126,CCC,CCC Intelligent Solutions Holdings Inc. - Common Stock,,Prism,Nasdaq Liquid 500,145,59.78,49.59,82.9,28.4,50.0,78.44,81.6,,,,,,64.88,48.98,,100,confirmed_bullish_trend,88,fresh_above_zero_cross,59.62,6.255,0.18,-0.00159617,0.04441476,0.11696429,0.42159091,4H EMA 多头排列已连续维持；4H MACD 零轴上方刚金叉；4H MACD 柱体连续扩张；4H RSI 位于健康强势区间,
127,LBRDK,Liberty Broadband Corporation - Class C Common Stock,,Prism,Nasdaq Liquid 500,237,59.77,48.89,75.1,50.8,50.0,73.58,76.2,,,,,,56.08,47.22,,100,confirmed_bullish_trend,70,bullish_above_signal,63.65,34.169998,0.1,-0.00043888,0.10546742,0.06216973,0.15400192,4H EMA 多头排列已连续维持；4H MACD 位于 Signal 上方；4H RSI 位于健康强势区间,
128,SNEX,STONEX GROUP INC,Financials,Prism,Nasdaq Liquid 500,492,59.67,38.05,87.7,1.8,50.0,58.31,60.9,,,,,,0.0,37.0,,74,early_transition,58,bullish_above_signal,51.97,76.172501,0.35,-0.01636752,0.02327376,-0.05285569,-0.17805371,4H EMA9 已站上 EMA26，等待 26/50 确认；4H MACD 位于 Signal 上方；4H RSI 位于健康强势区间,
129,CHTR,Charter Communications,Communication Services,Prism,Nasdaq Liquid 500,182,59.5,49.33,75.1,48.0,50.0,73.58,76.2,,,,,,56.58,48.32,,100,confirmed_bullish_trend,70,bullish_above_signal,63.07,145.179993,0.15,-0.00233652,0.10310761,0.05870333,0.15012271,4H EMA 多头排列已连续维持；4H MACD 位于 Signal 上方；4H RSI 位于健康强势区间,
130,NTRS,Northern Trust,Financials,Prism,Nasdaq Liquid 500,133,59.48,49.76,65.2,73.2,50.0,53.33,53.7,,,,,,52.07,49.41,,58,mixed_sideways,58,bullish_above_signal,50.48,181.550003,0.21,-0.00629444,-0.00564136,0.02785483,0.05472607,4H MACD 位于 Signal 上方；4H RSI 位于健康强势区间,4H EMA 仍偏震荡
131,WTFC,Wintrust Financial Corporation - Common Stock,,Prism,Nasdaq Liquid 500,305,59.38,41.6,65.2,91.6,50.0,53.99,56.1,,,,,,49.34,45.87,,58,mixed_sideways,66,bullish_above_signal,55.07,161.5,0.16,0.01032214,0.01661840,0.00142615,0.04788480,4H MACD 位于 Signal 上方；4H MACD 柱体连续扩张；4H RSI 位于健康强势区间,4H EMA 仍偏震荡
132,BELFB,BEL FUSE INC CLASS B,Information Technology,Prism,Nasdaq Liquid 500,307,59.37,41.58,67.6,85.2,50.0,54.8,57.0,,,,,,44.14,45.83,,56,mixed_sideways,72,fresh_below_zero_cross,50.27,267.799988,0.29,-0.03817838,-0.00910243,0.00487800,-0.09615586,4H MACD 刚金叉但仍需零轴确认；4H MACD 柱体连续扩张；4H RSI 位于健康强势区间,4H EMA 仍偏震荡
133,CART,Maplebear Inc. - Common Stock,,Prism,Nasdaq Liquid 500,339,59.36,41.29,65.2,92.2,50.0,51.97,53.85,,,,,,45.5,45.1,,53,mixed_sideways,66,bullish_above_signal,52.07,45.43,0.19,0.01906680,0.03132806,-0.00710307,0.01975311,4H MACD 位于 Signal 上方；4H MACD 柱体连续扩张；4H RSI 位于健康强势区间,4H EMA 仍偏震荡
134,AMBA,AMBARELLA INC,Information Technology,Prism,Nasdaq Liquid 500,175,59.22,49.38,75.1,46.0,50.0,69.12,71.25,,,,,,57.25,48.45,,89,confirmed_bullish_trend,70,bullish_above_signal,64.98,83.489998,0.25,-0.05146557,0.22311743,0.06560306,0.19407895,4H EMA 多头排列已连续维持；4H MACD 位于 Signal 上方；4H RSI 位于健康强势区间,4H 相对 EMA26 超过 2 ATR，短线偏追高
135,MANH,"Manhattan Associates, Inc. - Common Stock",,Prism,Nasdaq Liquid 500,47,59.19,66.59,75.1,5.6,50.0,77.08,76.2,,,,,,80.55,52.11,,100,confirmed_bullish_trend,70,bullish_above_signal,63.9,189.664993,0.23,-0.00628723,0.19091422,0.25506220,0.43403145,4H EMA 多头排列已连续维持；4H MACD 位于 Signal 上方；4H RSI 位于健康强势区间,
136,ROP,Roper Technologies,Information Technology,Prism,Nasdaq Liquid 500,171,59.05,49.41,75.1,44.8,50.0,73.58,76.2,,,,,,57.66,48.53,,100,confirmed_bullish_trend,70,bullish_above_signal,59.31,390.589996,0.21,-0.00495499,0.04149001,0.07225412,0.18269213,4H EMA 多头排列已连续维持；4H MACD 位于 Signal 上方；4H RSI 位于健康强势区间,
137,PTC,PTC Inc.,Information Technology,Prism,Nasdaq Liquid 500,27,59.02,67.19,67.1,24.4,50.0,70.64,69.05,,,,,,66.8,53.61,,89,confirmed_bullish_trend,70,bullish_above_signal,73.53,140.729996,0.12,0.01628445,0.12494003,0.12999835,0.22661895,4H EMA 多头排列已连续维持；4H MACD 位于 Signal 上方,4H 相对 EMA26 超过 2 ATR，短线偏追高；4H RSI 偏热
138,FFIV,"F5, Inc.",Information Technology,Prism,Nasdaq Liquid 500,219,58.97,48.99,65.2,71.6,50.0,53.47,53.85,,,,,,52.33,47.47,,53,mixed_sideways,66,bullish_above_signal,52.7,406.140015,0.28,0.00308726,-0.00648253,-0.00511965,0.05272169,4H MACD 位于 Signal 上方；4H MACD 柱体连续扩张；4H RSI 位于健康强势区间,4H EMA 仍偏震荡
139,DOX,Amdocs Limited - Ordinary Shares,,Prism,Nasdaq Liquid 500,216,58.74,49.03,75.1,43.6,50.0,73.58,76.2,,,,,,57.86,47.57,,100,confirmed_bullish_trend,70,bullish_above_signal,61.85,55.950001,0.22,0.01616418,0.05406931,0.08178654,0.08704099,4H EMA 多头排列已连续维持；4H MACD 位于 Signal 上方；4H RSI 位于健康强势区间,
140,ERIC,Ericsson - American Depositary Shares each representing 1 underlying Class B share,,Prism,Nasdaq Liquid 500,344,58.65,41.22,65.2,87.6,50.0,51.97,53.85,,,,,,44.62,44.92,,53,mixed_sideways,66,bullish_above_signal,54.61,10.06,0.2,0.02433561,0.04033092,-0.06765524,-0.11521548,4H MACD 位于 Signal 上方；4H MACD 柱体连续扩张；4H RSI 位于健康强势区间,4H EMA 仍偏震荡
141,VRSN,Verisign,Information Technology,Prism,Nasdaq Liquid 500,22,58.53,67.35,67.1,20.8,50.0,72.81,71.45,,,,,,68.73,54.0,,89,confirmed_bullish_trend,78,bullish_above_signal,70.54,298.399994,0.1,0.03159781,0.08584111,0.16444229,0.12731387,4H EMA 多头排列已连续维持；4H MACD 位于 Signal 上方；4H MACD 柱体连续扩张,4H 相对 EMA26 超过 2 ATR，短线偏追高；4H RSI 偏热
142,PDD,PDD Holdings Inc. - American Depositary Shares,,Prism,Nasdaq Liquid 500,207,58.52,49.1,75.1,42.0,50.0,71.29,73.65,,,,,,58.75,47.75,,89,confirmed_bullish_trend,78,bullish_above_signal,67.14,90.139999,0.36,0.02269117,0.06234533,0.09433041,0.13326625,4H EMA 多头排列已连续维持；4H MACD 位于 Signal 上方；4H MACD 柱体连续扩张；4H RSI 位于健康强势区间,4H 相对 EMA26 超过 2 ATR，短线偏追高
143,FUTU,Futu Holdings Limited - American Depositary Shares,,Prism,Nasdaq Liquid 500,206,58.44,49.1,75.1,41.4,50.0,75.74,78.6,,,,,,58.81,47.76,,100,confirmed_bullish_trend,78,bullish_above_signal,61.93,106.5,0.47,0.00547585,0.02109297,0.12010936,0.10134440,4H EMA 多头排列已连续维持；4H MACD 位于 Signal 上方；4H MACD 柱体连续扩张；4H RSI 位于健康强势区间,
144,ITRI,ITRON INC,Information Technology,Prism,Nasdaq Liquid 500,17,58.43,74.43,67.1,3.6,50.0,76.6,74.0,,,,,,89.15,54.83,,100,confirmed_bullish_trend,70,bullish_above_signal,68.17,101.644997,0.07,0.02506044,0.19821991,0.19392723,0.25736024,4H EMA 多头排列已连续维持；4H MACD 位于 Signal 上方,4H RSI 偏热
145,Z,"Zillow Group, Inc. - Class C Capital Stock",,Prism,Nasdaq Liquid 500,270,58.42,48.63,65.2,68.8,50.0,56.57,57.3,,,,,,52.85,46.57,,58,mixed_sideways,70,bullish_above_signal,61.19,34.790001,0.13,0.02413895,0.08752738,0.04005979,0.08396946,4H MACD 位于 Signal 上方；4H RSI 位于健康强势区间,4H EMA 仍偏震荡
146,TRMB,Trimble Inc.,Information Technology,Prism,Nasdaq Liquid 500,52,58.41,59.75,65.2,42.8,50.0,58.57,57.3,,,,,,58.16,51.88,,58,mixed_sideways,70,bullish_above_signal,63.15,57.325001,0.13,0.00623135,0.02806677,0.08078808,0.16656496,4H MACD 位于 Signal 上方；4H RSI 位于健康强势区间,4H EMA 仍偏震荡
147,GLBE,Global-E Online Ltd. - ordinary shares,,Prism,Nasdaq Liquid 500,205,58.32,49.11,75.1,40.6,50.0,73.58,76.2,,,,,,58.91,47.78,,100,confirmed_bullish_trend,70,bullish_above_signal,63.35,40.07,0.15,0.01353231,0.06258290,0.08797170,0.21941567,4H EMA 多头排列已连续维持；4H MACD 位于 Signal 上方；4H RSI 位于健康强势区间,
148,ZBRA,Zebra Technologies,Information Technology,Prism,Nasdaq Liquid 500,141,58.3,49.64,75.1,39.2,50.0,73.58,76.2,,,,,,60.54,49.11,,100,confirmed_bullish_trend,70,bullish_above_signal,67.51,290.709991,0.35,-0.00964100,0.09842812,0.08810861,0.23344218,4H EMA 多头排列已连续维持；4H MACD 位于 Signal 上方；4H RSI 位于健康强势区间,
149,CWST,CASELLA WASTE SYSTEMS INC CLASS A,Industrials,Prism,Nasdaq Liquid 500,326,58.3,41.43,67.6,78.4,50.0,53.59,55.65,,,,,,42.27,45.45,,53,mixed_sideways,72,fresh_below_zero_cross,52.35,92.050003,0.17,0.03654077,0.03079507,-0.05560683,0.05816766,4H MACD 刚金叉但仍需零轴确认；4H MACD 柱体连续扩张；4H RSI 位于健康强势区间,4H EMA 仍偏震荡
150,VTRS,Viatris,Health Care,Prism,Nasdaq Liquid 500,45,58.3,66.63,54.4,54.8,50.0,51.3,47.55,,,,,,54.73,52.2,,55,mixed_sideways,42,mixed_or_bearish,54.26,17.49,0.29,-0.00540227,-0.00850335,0.04793283,0.13756098,4H RSI 位于健康强势区间,4H EMA 仍偏震荡；4H MACD 尚未确认多头
151,ILMN,"Illumina, Inc. - Common Stock",,Prism,Nasdaq Liquid 500,204,58.23,49.12,75.1,40.0,50.0,73.58,76.2,,,,,,58.97,47.79,,100,confirmed_bullish_trend,70,bullish_above_signal,57.42,199.654999,0.49,-0.01018793,0.05403337,0.05827942,0.23358042,4H EMA 多头排列已连续维持；4H MACD 位于 Signal 上方；4H RSI 位于健康强势区间,
152,FCUV,Focus Universal Inc. - Common Stock,,Prism,Nasdaq Liquid 500,9,58.2,74.9,67.1,1.0,50.0,72.14,69.05,,,,,,100.0,56.0,,89,confirmed_bullish_trend,70,bullish_above_signal,71.92,11.0,0.15,-0.24398625,3.70085470,2.19804628,3.64762549,4H EMA 多头排列已连续维持；4H MACD 位于 Signal 上方,4H 相对 EMA26 超过 2 ATR，短线偏追高；4H RSI 偏热
153,DUOL,"Duolingo, Inc. - Class A Common Stock",,Prism,Nasdaq Liquid 500,203,58.18,49.13,75.1,39.6,50.0,73.58,76.2,,,,,,59.14,47.83,,100,confirmed_bullish_trend,70,bullish_above_signal,56.87,136.990005,0.15,0.01949848,0.03186208,0.08869111,0.09055453,4H EMA 多头排列已连续维持；4H MACD 位于 Signal 上方；4H RSI 位于健康强势区间,
154,RGEN,Repligen Corporation - Common Stock,,Prism,Nasdaq Liquid 500,263,58.13,48.66,65.2,66.8,50.0,58.73,59.7,,,,,,53.27,46.65,,58,mixed_sideways,78,bullish_above_signal,55.7,145.835007,0.13,0.02541841,0.11426499,0.02412228,0.10497811,4H MACD 位于 Signal 上方；4H MACD 柱体连续扩张；4H RSI 位于健康强势区间,4H EMA 仍偏震荡
155,LITE,Lumentum,Information Technology,Prism,Nasdaq Liquid 500,329,58.05,41.41,67.6,76.8,50.0,54.8,57.0,,,,,,42.03,45.41,,56,mixed_sideways,72,fresh_below_zero_cross,55.87,780.60498,0.22,0.07642185,0.09641687,0.07178846,-0.08199762,4H MACD 刚金叉但仍需零轴确认；4H MACD 柱体连续扩张；4H RSI 位于健康强势区间,4H EMA 仍偏震荡
156,JBLU,JETBLUE AIRWAYS CORP,Industrials,Prism,Nasdaq Liquid 500,136,58.04,49.68,75.1,37.4,50.0,73.58,76.2,,,,,,61.04,49.21,,100,confirmed_bullish_trend,70,bullish_above_signal,63.88,6.255,0.17,0.03303055,0.14876033,0.03990025,0.10150389,4H EMA 多头排列已连续维持；4H MACD 位于 Signal 上方；4H RSI 位于健康强势区间,
157,ROST,Ross Stores,Consumer Discretionary,Prism,Nasdaq Liquid 500,40,58.04,66.8,67.1,18.8,50.0,70.64,69.05,,,,,,69.39,52.63,,89,confirmed_bullish_trend,70,bullish_above_signal,72.41,252.460007,0.19,0.00553630,0.03769170,0.18314744,0.08449682,4H EMA 多头排列已连续维持；4H MACD 位于 Signal 上方,4H 相对 EMA26 超过 2 ATR，短线偏追高；4H RSI 偏热
158,DFNS,T3 Defense Inc. - Common Stock,,Prism,Nasdaq Liquid 500,2,58.04,76.6,65.2,1.0,50.0,63.73,59.7,,,,,,100.0,60.25,,58,mixed_sideways,78,bullish_above_signal,63.37,64.0,0.29,1.12381870,3.72673560,2.22215246,1.55361596,4H MACD 位于 Signal 上方；4H MACD 柱体连续扩张；4H RSI 位于健康强势区间,4H EMA 仍偏震荡
159,CMCSA,Comcast,Communication Services,Prism,Nasdaq Liquid 500,210,57.92,49.08,65.2,64.4,50.0,58.73,59.7,,,,,,53.57,47.71,,58,mixed_sideways,78,bullish_above_signal,60.24,24.700001,0.17,0.02981030,0.08357100,0.03934366,0.10218657,4H MACD 位于 Signal 上方；4H MACD 柱体连续扩张；4H RSI 位于健康强势区间,4H EMA 仍偏震荡
160,TTWO,Take-Two Interactive,Communication Services,Prism,Nasdaq Liquid 500,315,57.92,41.53,65.2,82.0,50.0,55.07,57.3,,,,,,43.54,45.71,,58,mixed_sideways,70,bullish_above_signal,55.85,245.75,0.2,0.01856839,0.00731664,-0.03610442,0.02635315,4H MACD 位于 Signal 上方；4H RSI 位于健康强势区间,4H EMA 仍偏震荡
161,JAZZ,Jazz Pharmaceuticals plc - Ordinary Shares,,Prism,Nasdaq Liquid 500,82,57.9,59.32,54.4,69.2,50.0,49.8,47.55,,,,,,52.82,50.81,,55,mixed_sideways,42,mixed_or_bearish,51.94,252.399994,0.47,-0.00296267,-0.01190106,0.03753027,0.12395071,4H RSI 位于健康强势区间,4H EMA 仍偏震荡；4H MACD 尚未确认多头
162,AMGN,Amgen,Health Care,Prism,Nasdaq Liquid 500,61,57.82,59.61,50.8,77.6,50.0,46.02,43.35,,,,,,51.34,51.52,,55,mixed_sideways,28,fresh_bearish_cross,52.07,378.079987,0.23,-0.01728491,0.00529126,0.01097662,0.12036981,4H RSI 位于健康强势区间,4H EMA 仍偏震荡；4H MACD 最近死叉
163,GTLB,GitLab Inc. - Class A Common Stock,,Prism,Nasdaq Liquid 500,188,57.81,49.28,75.1,36.8,50.0,75.74,78.6,,,,,,61.06,48.21,,100,confirmed_bullish_trend,78,bullish_above_signal,62.27,35.810001,0.11,0.03586928,0.08977480,0.11661993,0.34776067,4H EMA 多头排列已连续维持；4H MACD 位于 Signal 上方；4H MACD 柱体连续扩张；4H RSI 位于健康强势区间,
164,DPZ,Domino's,Consumer Discretionary,Prism,Nasdaq Liquid 500,41,57.68,66.74,65.2,21.6,50.0,57.37,54.3,,,,,,68.63,52.48,,46,mixed_sideways,78,bullish_above_signal,67.37,361.200012,0.14,0.03451244,0.05146723,0.15929006,0.15613596,4H MACD 位于 Signal 上方；4H MACD 柱体连续扩张；4H RSI 位于健康强势区间,4H EMA 仍偏震荡；4H 相对 EMA26 超过 2 ATR，短线偏追高
165,VSAT,VIASAT INC,Information Technology,Prism,Nasdaq Liquid 500,369,57.62,40.85,75.1,55.2,50.0,74.24,78.6,,,,,,34.97,43.99,,100,confirmed_bullish_trend,78,bullish_above_signal,60.47,79.665001,0.51,0.03662984,0.06376021,-0.04110497,0.24166141,4H EMA 多头排列已连续维持；4H MACD 位于 Signal 上方；4H MACD 柱体连续扩张；4H RSI 位于健康强势区间,
166,EXPE,Expedia Group,Consumer Discretionary,Prism,Nasdaq Liquid 500,129,57.58,49.84,75.1,34.0,50.0,73.58,76.2,,,,,,62.93,49.59,,100,confirmed_bullish_trend,70,bullish_above_signal,64.91,298.839996,0.18,0.00840219,0.07330390,0.11245948,0.24102987,4H EMA 多头排列已连续维持；4H MACD 位于 Signal 上方；4H RSI 位于健康强势区间,
167,NICE,NICE Ltd - American Depositary Shares each representing one Ordinary Share,,Prism,Nasdaq Liquid 500,257,57.55,48.7,65.2,62.8,50.0,56.57,57.3,,,,,,53.77,46.75,,58,mixed_sideways,70,bullish_above_signal,55.83,100.775703,0.11,0.00264353,0.05901323,0.04171703,0.19049853,4H MACD 位于 Signal 上方；4H RSI 位于健康强势区间,4H EMA 仍偏震荡
168,NTAP,NetApp,Information Technology,Prism,Nasdaq Liquid 500,16,57.38,74.45,60.1,15.2,50.0,74.31,71.45,,,,,,70.63,54.88,,89,confirmed_bullish_trend,78,bullish_above_signal,74.07,183.830002,0.23,0.03263677,0.08249908,0.19269445,0.15138418,4H EMA 多头排列已连续维持；4H MACD 位于 Signal 上方；4H MACD 柱体连续扩张,4H 相对 EMA26 超过 2 ATR，短线偏追高；4H RSI 偏热
169,MNDY,monday.com Ltd. - Ordinary Shares,,Prism,Nasdaq Liquid 500,168,57.38,49.44,75.1,33.6,50.0,73.58,76.2,,,,,,62.94,48.59,,100,confirmed_bullish_trend,70,bullish_above_signal,63.86,89.379997,0.08,0.01522031,0.08418237,0.11976944,0.24972037,4H EMA 多头排列已连续维持；4H MACD 位于 Signal 上方；4H RSI 位于健康强势区间,
170,PCTY,Paylocity Holding Corporation - Common Stock,,Prism,Nasdaq Liquid 500,67,57.29,59.46,75.1,9.6,50.0,75.58,76.2,,,,,,75.82,51.16,,100,confirmed_bullish_trend,70,bullish_above_signal,62.41,140.320007,0.21,0.02730808,0.07797503,0.21869036,0.38753483,4H EMA 多头排列已连续维持；4H MACD 位于 Signal 上方；4H RSI 位于健康强势区间,
171,BSY,"Bentley Systems, Incorporated - Class B Common Stock",,Prism,Nasdaq Liquid 500,157,57.28,49.5,75.1,32.8,50.0,73.58,76.2,,,,,,63.77,48.75,,100,confirmed_bullish_trend,70,bullish_above_signal,66.4,36.0,0.24,0.02156634,0.06824923,0.11610600,0.22532339,4H EMA 多头排列已连续维持；4H MACD 位于 Signal 上方；4H RSI 位于健康强势区间,
172,DOCU,"DocuSign, Inc. - Common Stock",,Prism,Nasdaq Liquid 500,66,57.24,59.47,75.1,9.2,50.0,75.58,76.2,,,,,,75.88,51.18,,100,confirmed_bullish_trend,70,bullish_above_signal,60.14,55.990002,0.2,0.01357712,0.05841210,0.22342408,0.28831117,4H EMA 多头排列已连续维持；4H MACD 位于 Signal 上方；4H RSI 位于健康强势区间,
173,APPF,"AppFolio, Inc. - Class A Common Stock",,Prism,Nasdaq Liquid 500,156,57.23,49.52,75.1,32.4,50.0,75.74,78.6,,,,,,63.93,48.79,,100,confirmed_bullish_trend,78,bullish_above_signal,62.17,191.580002,0.23,0.06492500,0.13394499,0.12041638,0.26438752,4H EMA 多头排列已连续维持；4H MACD 位于 Signal 上方；4H MACD 柱体连续扩张；4H RSI 位于健康强势区间,
174,BKNG,Booking Holdings,Consumer Discretionary,Prism,Nasdaq Liquid 500,202,57.22,49.13,65.2,59.6,50.0,56.57,57.3,,,,,,54.16,47.83,,58,mixed_sideways,70,bullish_above_signal,57.42,192.304993,0.21,-0.01159028,0.02946997,0.04230349,0.11954933,4H MACD 位于 Signal 上方；4H RSI 位于健康强势区间,4H EMA 仍偏震荡
175,SFM,"Sprouts Farmers Market, Inc. - Common Stock",,Prism,Nasdaq Liquid 500,291,57.2,48.46,57.2,82.4,50.0,49.73,49.7,,,,,,50.8,46.16,,46,mixed_sideways,70,bullish_above_signal,71.81,89.25,0.16,0.02064155,0.16165557,-0.00789239,0.10869565,4H MACD 位于 Signal 上方,4H EMA 仍偏震荡；4H 相对 EMA26 超过 2 ATR，短线偏追高；4H RSI 偏热
176,ADPT,ADAPTIVE BIOTECHNOLOGIES CORP,Health Care,Prism,Nasdaq Liquid 500,150,57.18,49.54,65.2,58.4,50.0,58.73,59.7,,,,,,54.29,48.86,,58,mixed_sideways,78,bullish_above_signal,58.16,23.355,0.12,0.01323215,0.03569849,0.10269122,0.33152786,4H MACD 位于 Signal 上方；4H MACD 柱体连续扩张；4H RSI 位于健康强势区间,4H EMA 仍偏震荡
177,ARWR,"Arrowhead Pharmaceuticals, Inc. - Common Stock",,Prism,Nasdaq Liquid 500,110,57.15,49.98,50.8,95.6,50.0,44.02,43.35,,,,,,48.43,49.94,,55,mixed_sideways,28,fresh_bearish_cross,54.53,84.910004,0.09,-0.00474709,-0.00736494,0.01155590,0.03808309,4H RSI 位于健康强势区间,4H EMA 仍偏震荡；4H MACD 最近死叉
178,BLLN,"BillionToOne, Inc. - Class A common stock",,Prism,Nasdaq Liquid 500,153,57.11,49.53,75.1,31.6,50.0,73.58,76.2,,,,,,64.12,48.82,,100,confirmed_bullish_trend,70,bullish_above_signal,60.42,136.345001,0.18,-0.00872440,0.06586150,0.13412910,0.29741180,4H EMA 多头排列已连续维持；4H MACD 位于 Signal 上方；4H RSI 位于健康强势区间,
179,CG,The Carlyle Group Inc. - Common Stock,,Prism,Nasdaq Liquid 500,149,56.92,49.56,74.9,30.8,50.0,72.01,74.45,,,,,,64.45,48.89,,89,confirmed_bullish_trend,88,fresh_above_zero_cross,68.32,48.16,0.47,0.05359880,0.04017281,0.12457674,0.07523998,4H EMA 多头排列已连续维持；4H MACD 零轴上方刚金叉；4H MACD 柱体连续扩张,4H 相对 EMA26 超过 2 ATR，短线偏追高；4H RSI 偏热
180,FRSH,FRESHWORKS INC CLASS A,Information Technology,Prism,Nasdaq Liquid 500,107,56.91,49.98,75.1,29.2,50.0,71.29,73.65,,,,,,64.8,49.96,,89,confirmed_bullish_trend,78,bullish_above_signal,65.5,11.935,0.07,0.04190310,0.10203139,0.15314010,0.34934992,4H EMA 多头排列已连续维持；4H MACD 位于 Signal 上方；4H MACD 柱体连续扩张；4H RSI 位于健康强势区间,4H 相对 EMA26 超过 2 ATR，短线偏追高
181,TPG,TPG Inc. - Class A Common Stock,,Prism,Nasdaq Liquid 500,148,56.81,49.57,74.9,30.0,50.0,72.73,75.25,,,,,,64.59,48.92,,89,confirmed_bullish_trend,88,fresh_above_zero_cross,69.8,45.974998,0.61,0.05326451,0.07043066,0.10930144,0.09360126,4H EMA 多头排列已连续维持；4H MACD 零轴上方刚金叉；4H MACD 柱体连续扩张,4H 相对 EMA26 超过 2 ATR，短线偏追高；4H RSI 偏热
182,JKHY,Jack Henry & Associates,Financials,Prism,Nasdaq Liquid 500,96,56.78,59.2,54.4,62.0,50.0,51.96,49.95,,,,,,53.79,50.51,,55,mixed_sideways,50,mixed_or_bearish,57.46,156.315002,0.13,0.02073268,0.02146640,0.06416368,0.23823673,4H MACD 柱体连续扩张；4H RSI 位于健康强势区间,4H EMA 仍偏震荡；4H MACD 尚未确认多头
183,FCFS,FIRSTCASH HOLDINGS INC,Financials,Prism,Nasdaq Liquid 500,332,56.67,41.39,65.2,74.0,50.0,51.97,53.85,,,,,,41.7,45.34,,53,mixed_sideways,66,bullish_above_signal,52.51,208.350006,0.14,0.01937476,0.00759264,-0.06140188,-0.08211815,4H MACD 位于 Signal 上方；4H MACD 柱体连续扩张；4H RSI 位于健康强势区间,4H EMA 仍偏震荡
184,ISRG,Intuitive Surgical,Health Care,Prism,Nasdaq Liquid 500,186,56.55,49.29,65.2,54.8,50.0,53.47,53.85,,,,,,34.89,48.23,,53,mixed_sideways,66,bullish_above_signal,56.77,373.779907,0.2,0.05572427,0.04785376,-0.12258238,-0.08049223,4H MACD 位于 Signal 上方；4H MACD 柱体连续扩张；4H RSI 位于健康强势区间,4H EMA 仍偏震荡
185,FIVN,FIVE9 INC,Information Technology,Prism,Nasdaq Liquid 500,44,56.43,66.67,67.1,8.4,50.0,70.64,69.05,,,,,,76.43,52.29,,89,confirmed_bullish_trend,70,bullish_above_signal,69.05,28.889999,0.12,0.04409104,0.13116671,0.23198285,0.48917521,4H EMA 多头排列已连续维持；4H MACD 位于 Signal 上方,4H 相对 EMA26 超过 2 ATR，短线偏追高；4H RSI 偏热
186,SLM,SLM Corporation - Common Stock,,Prism,Nasdaq Liquid 500,229,56.34,48.9,67.1,49.2,50.0,69.31,71.45,,,,,,56.3,47.26,,89,confirmed_bullish_trend,78,bullish_above_signal,73.98,27.174999,0.09,0.04599688,0.06904009,0.06173081,0.18049518,4H EMA 多头排列已连续维持；4H MACD 位于 Signal 上方；4H MACD 柱体连续扩张,4H 相对 EMA26 超过 2 ATR，短线偏追高；4H RSI 偏热
187,KHC,Kraft Heinz,Consumer Staples,Prism,Nasdaq Liquid 500,93,56.31,59.24,54.4,58.8,50.0,49.8,47.55,,,,,,54.25,50.6,,55,mixed_sideways,42,mixed_or_bearish,51.94,26.209999,0.15,0.00992976,-0.00019077,0.03310989,0.14956141,4H RSI 位于健康强势区间,4H EMA 仍偏震荡；4H MACD 尚未确认多头
188,HON,Honeywell Technologies,Industrials,Prism,Nasdaq Liquid 500,197,56.1,49.19,64.3,54.4,50.0,66.02,67.8,,,,,,54.86,47.97,,100,confirmed_bullish_trend,42,mixed_or_bearish,60.89,244.630005,0.19,-0.00077609,-0.00455746,0.06430280,0.01853507,4H EMA 多头排列已连续维持；4H RSI 位于健康强势区间,4H MACD 尚未确认多头
189,EXLS,"ExlService Holdings, Inc. - Common Stock",,Prism,Nasdaq Liquid 500,31,56.06,67.15,67.1,4.8,50.0,70.64,69.05,,,,,,87.56,53.51,,89,confirmed_bullish_trend,70,bullish_above_signal,68.69,34.509998,0.18,0.00087001,0.20833331,0.27696570,0.33037767,4H EMA 多头排列已连续维持；4H MACD 位于 Signal 上方,4H 相对 EMA26 超过 2 ATR，短线偏追高；4H RSI 偏热
190,CORT,Corcept Therapeutics Incorporated - Common Stock,,Prism,Nasdaq Liquid 500,26,56.02,67.2,67.1,4.4,50.0,70.64,69.05,,,,,,88.13,53.63,,89,confirmed_bullish_trend,70,bullish_above_signal,70.45,115.0,0.2,0.01187856,0.26248771,0.27437946,0.43893897,4H EMA 多头排列已连续维持；4H MACD 位于 Signal 上方,4H 相对 EMA26 超过 2 ATR，短线偏追高；4H RSI 偏热
191,TTEK,"Tetra Tech, Inc. - Common Stock",,Prism,Nasdaq Liquid 500,128,55.94,49.85,75.1,23.0,50.0,75.74,78.6,,,,,,68.11,49.62,,100,confirmed_bullish_trend,78,bullish_above_signal,64.11,33.904999,0.16,0.02695744,0.06301925,0.13394645,0.24012432,4H EMA 多头排列已连续维持；4H MACD 位于 Signal 上方；4H MACD 柱体连续扩张；4H RSI 位于健康强势区间,
192,LSCC,Lattice Semiconductor Corporation - Common Stock,,Prism,Nasdaq Liquid 500,223,55.84,48.96,65.2,50.8,50.0,53.47,53.85,,,,,,33.28,47.41,,53,mixed_sideways,66,bullish_above_signal,49.92,127.360001,0.21,-0.00012087,0.03620533,-0.06723299,-0.17061733,4H MACD 位于 Signal 上方；4H MACD 柱体连续扩张；4H RSI 位于健康强势区间,4H EMA 仍偏震荡
193,FTAI,FTAI Aviation Ltd. - Common Stock,,Prism,Nasdaq Liquid 500,379,55.83,40.72,67.6,63.6,50.0,53.59,55.65,,,,,,38.36,43.67,,53,mixed_sideways,72,fresh_below_zero_cross,55.46,220.699997,0.14,0.07916484,0.02952840,-0.11110219,-0.19984051,4H MACD 刚金叉但仍需零轴确认；4H MACD 柱体连续扩张；4H RSI 位于健康强势区间,4H EMA 仍偏震荡
194,TXRH,"Texas Roadhouse, Inc. - Common Stock",,Prism,Nasdaq Liquid 500,220,55.82,48.98,67.1,45.6,50.0,67.14,69.05,,,,,,57.26,47.45,,89,confirmed_bullish_trend,70,bullish_above_signal,68.78,211.134995,0.29,0.01778779,0.04979614,0.08720390,0.18755275,4H EMA 多头排列已连续维持；4H MACD 位于 Signal 上方,4H 相对 EMA26 超过 2 ATR，短线偏追高；4H RSI 偏热
195,CTSH,Cognizant,Information Technology,Prism,Nasdaq Liquid 500,18,55.68,74.4,60.1,4.0,50.0,72.14,69.05,,,,,,88.68,54.74,,89,confirmed_bullish_trend,70,bullish_above_signal,74.1,55.380699,0.19,0.00391005,0.17656042,0.31874510,0.26787315,4H EMA 多头排列已连续维持；4H MACD 位于 Signal 上方,4H 相对 EMA26 超过 2 ATR，短线偏追高；4H RSI 偏热
196,WDC,Western Digital,Information Technology,Prism,Nasdaq Liquid 500,227,55.58,48.93,65.2,49.2,50.0,53.33,53.7,,,,,,32.86,47.32,,58,mixed_sideways,58,bullish_above_signal,51.47,532.200012,0.33,-0.04527840,0.06884640,-0.01252435,-0.28694881,4H MACD 位于 Signal 上方；4H RSI 位于健康强势区间,4H EMA 仍偏震荡
197,FIVE,"Five Below, Inc. - Common Stock",,Prism,Nasdaq Liquid 500,124,55.57,49.9,75.1,20.4,50.0,73.58,76.2,,,,,,68.8,49.76,,100,confirmed_bullish_trend,70,bullish_above_signal,61.69,214.679993,0.29,-0.00537437,0.03640047,0.17587766,0.10711149,4H EMA 多头排列已连续维持；4H MACD 位于 Signal 上方；4H RSI 位于健康强势区间,
198,AEIS,"Advanced Energy Industries, Inc. - Common Stock",,Prism,Nasdaq Liquid 500,357,55.57,41.01,67.6,61.2,50.0,53.59,55.65,,,,,,36.99,44.4,,53,mixed_sideways,72,fresh_below_zero_cross,52.8,298.179993,0.36,0.00982117,0.02095458,-0.04196118,-0.19971015,4H MACD 刚金叉但仍需零轴确认；4H MACD 柱体连续扩张；4H RSI 位于健康强势区间,4H EMA 仍偏震荡
199,NWL,NEWELL BRANDS INC,Consumer Discretionary,Prism,Nasdaq Liquid 500,164,55.51,49.46,67.1,42.4,50.0,70.03,72.25,,,,,,58.26,48.65,,89,confirmed_bullish_trend,78,bullish_above_signal,71.94,6.47,0.63,0.10221465,0.24783028,0.11072961,0.31237323,4H EMA 多头排列已连续维持；4H MACD 位于 Signal 上方；4H MACD 柱体连续扩张,4H 相对 EMA26 超过 2 ATR，短线偏追高；4H RSI 偏热
200,NDAQ,"Nasdaq, Inc.",Financials,Prism,Nasdaq Liquid 500,34,55.5,67.03,54.4,35.2,50.0,51.3,47.55,,,,,,62.22,53.19,,55,mixed_sideways,42,mixed_or_bearish,57.68,94.269997,0.13,-0.00068905,0.00372657,0.11364436,0.14641850,4H RSI 位于健康强势区间,4H EMA 仍偏震荡；4H MACD 尚未确认多头
201,DBX,"Dropbox, Inc. - Class A Common Stock",,Prism,Nasdaq Liquid 500,117,55.4,49.94,75.1,19.2,50.0,69.12,71.25,,,,,,69.26,49.85,,89,confirmed_bullish_trend,70,bullish_above_signal,66.1,33.215,0.17,0.01280689,0.08776813,0.16237966,0.27799154,4H EMA 多头排列已连续维持；4H MACD 位于 Signal 上方；4H RSI 位于健康强势区间,4H 相对 EMA26 超过 2 ATR，短线偏追高
202,SKYW,SKYWEST INC,Industrials,Prism,Nasdaq Liquid 500,97,55.4,59.19,65.2,24.0,50.0,58.57,57.3,,,,,,67.41,50.48,,58,mixed_sideways,70,bullish_above_signal,63.17,110.870003,0.13,0.01874484,0.00516772,0.14428738,0.19691252,4H MACD 位于 Signal 上方；4H RSI 位于健康强势区间,4H EMA 仍偏震荡
203,CASY,Casey's,Consumer Staples,Prism,Nasdaq Liquid 500,77,55.34,59.37,54.4,52.0,50.0,51.01,48.9,,,,,,55.86,50.92,,58,mixed_sideways,42,mixed_or_bearish,52.34,862.77002,0.17,-0.01487779,0.01118109,0.08149069,0.02500838,4H RSI 位于健康强势区间,4H EMA 仍偏震荡；4H MACD 尚未确认多头
204,DYN,DYNE THERAPEUTICS INC,Health Care,Prism,Nasdaq Liquid 500,180,55.22,49.34,54.4,74.6,50.0,49.01,48.9,,,,,,51.68,48.34,,58,mixed_sideways,42,mixed_or_bearish,55.83,25.1,0.14,0.01619429,-0.02182385,0.08799306,0.26831727,4H RSI 位于健康强势区间,4H EMA 仍偏震荡；4H MACD 尚未确认多头
205,STLD,Steel Dynamics,Materials,Prism,Nasdaq Liquid 500,88,55.18,59.27,65.2,22.4,50.0,58.57,57.3,,,,,,68.36,50.67,,58,mixed_sideways,70,bullish_above_signal,64.34,256.329987,0.23,0.00951103,0.02437754,0.16307450,0.02593548,4H MACD 位于 Signal 上方；4H RSI 位于健康强势区间,4H EMA 仍偏震荡
206,TEAM,Atlassian Corporation  - Class A Common Stock,,Prism,Nasdaq Liquid 500,114,55.16,49.96,75.1,17.6,50.0,73.58,76.2,,,,,,69.47,49.89,,100,confirmed_bullish_trend,70,bullish_above_signal,62.54,104.230003,0.09,0.02639094,0.08754181,0.24334964,0.26003387,4H EMA 多头排列已连续维持；4H MACD 位于 Signal 上方；4H RSI 位于健康强势区间,
207,URBN,URBAN OUTFITTERS INC,Consumer Discretionary,Prism,Nasdaq Liquid 500,174,55.15,49.39,65.2,45.2,50.0,53.87,54.3,,,,,,57.38,48.48,,46,mixed_sideways,78,bullish_above_signal,63.17,76.949997,0.15,0.03163965,0.05977133,0.08886372,0.00746269,4H MACD 位于 Signal 上方；4H MACD 柱体连续扩张；4H RSI 位于健康强势区间,4H EMA 仍偏震荡；4H 相对 EMA26 超过 2 ATR，短线偏追高
208,APGE,APOGEE THERAPEUTICS INC,Health Care,Prism,Nasdaq Liquid 500,231,54.83,48.9,46.4,94.4,50.0,43.12,42.35,,,,,,46.26,47.25,,43,mixed_sideways,50,mixed_or_bearish,68.42,134.100006,0.26,0.00000000,-0.00126609,0.00887758,0.48389954,4H MACD 柱体连续扩张,4H EMA 仍偏震荡；4H 相对 EMA26 超过 2 ATR，短线偏追高；4H MACD 尚未确认多头；4H RSI 偏热
209,CRWV,"CoreWeave, Inc. - Class A Common Stock",,Prism,Nasdaq Liquid 500,380,54.81,40.71,65.2,63.2,50.0,53.18,55.2,,,,,,38.26,43.65,,56,mixed_sideways,66,bullish_above_signal,59.57,83.809998,0.18,0.16338141,0.18392424,0.02532420,-0.29004663,4H MACD 位于 Signal 上方；4H MACD 柱体连续扩张；4H RSI 位于健康强势区间,4H EMA 仍偏震荡
210,PCAR,Paccar,Industrials,Prism,Nasdaq Liquid 500,36,54.77,67.01,54.4,30.4,50.0,51.3,47.55,,,,,,64.57,53.16,,55,mixed_sideways,42,mixed_or_bearish,55.59,132.5,0.13,-0.00536723,-0.00793649,0.10887942,0.11419444,4H RSI 位于健康强势区间,4H EMA 仍偏震荡；4H MACD 尚未确认多头
211,HQY,HEALTHEQUITY INC,Health Care,Prism,Nasdaq Liquid 500,123,54.76,49.9,65.2,41.4,50.0,53.87,54.3,,,,,,58.81,49.76,,46,mixed_sideways,78,bullish_above_signal,67.37,104.275002,0.3,0.03396137,0.05328285,0.09325860,0.22388504,4H MACD 位于 Signal 上方；4H MACD 柱体连续扩张；4H RSI 位于健康强势区间,4H EMA 仍偏震荡；4H 相对 EMA26 超过 2 ATR，短线偏追高
212,IREN,IREN Limited - Ordinary Shares,,Prism,Nasdaq Liquid 500,381,54.75,40.7,65.2,62.8,50.0,53.18,55.2,,,,,,38.16,43.63,,56,mixed_sideways,66,bullish_above_signal,54.07,39.769798,0.15,0.07471414,0.09528496,0.02393919,-0.33750127,4H MACD 位于 Signal 上方；4H MACD 柱体连续扩张；4H RSI 位于健康强势区间,4H EMA 仍偏震荡
213,CDW,CDW Corporation,Information Technology,Prism,Nasdaq Liquid 500,135,54.69,49.69,67.1,36.4,50.0,67.14,69.05,,,,,,61.13,49.23,,89,confirmed_bullish_trend,70,bullish_above_signal,68.84,148.399994,0.31,0.00969544,0.07520642,0.11294434,0.15594320,4H EMA 多头排列已连续维持；4H MACD 位于 Signal 上方,4H 相对 EMA26 超过 2 ATR，短线偏追高；4H RSI 偏热
214,FSLY,FASTLY INC CLASS A,Information Technology,Prism,Nasdaq Liquid 500,63,54.66,59.56,67.1,13.2,50.0,71.31,71.45,,,,,,71.96,51.39,,89,confirmed_bullish_trend,78,bullish_above_signal,70.16,23.059999,0.21,0.01765221,0.15127298,0.27332953,0.29043076,4H EMA 多头排列已连续维持；4H MACD 位于 Signal 上方；4H MACD 柱体连续扩张,4H 相对 EMA26 超过 2 ATR，短线偏追高；4H RSI 偏热
215,CBSH,"Commerce Bancshares, Inc. - Common Stock",,Prism,Nasdaq Liquid 500,276,54.62,48.58,54.4,72.4,50.0,47.8,47.55,,,,,,52.24,46.45,,55,mixed_sideways,42,mixed_or_bearish,55.36,59.580002,0.25,0.00134457,0.00965945,0.02635664,0.08841797,4H RSI 位于健康强势区间,4H EMA 仍偏震荡；4H MACD 尚未确认多头
216,MDLZ,Mondelez International,Consumer Staples,Prism,Nasdaq Liquid 500,90,54.52,59.26,50.8,56.4,50.0,46.02,43.35,,,,,,54.48,50.65,,55,mixed_sideways,28,fresh_bearish_cross,51.25,61.708,0.19,-0.00519102,0.01744432,0.01360051,0.02658458,4H RSI 位于健康强势区间,4H EMA 仍偏震荡；4H MACD 最近死叉
217,SSNC,"SS&C Technologies Holdings, Inc. - Common Stock",,Prism,Nasdaq Liquid 500,89,54.38,59.27,67.1,12.0,50.0,69.14,69.05,,,,,,73.35,50.67,,89,confirmed_bullish_trend,70,bullish_above_signal,68.49,78.940002,0.18,0.03426145,0.05169203,0.20500686,0.20666470,4H EMA 多头排列已连续维持；4H MACD 位于 Signal 上方,4H 相对 EMA26 超过 2 ATR，短线偏追高；4H RSI 偏热
218,ZM,"Zoom Communications, Inc. - Class A Common Stock",,Prism,Nasdaq Liquid 500,158,54.14,49.5,67.1,33.2,50.0,69.31,71.45,,,,,,63.74,48.75,,89,confirmed_bullish_trend,78,bullish_above_signal,72.61,98.489998,0.18,0.02861617,0.08005259,0.13037991,0.13979856,4H EMA 多头排列已连续维持；4H MACD 位于 Signal 上方；4H MACD 柱体连续扩张,4H 相对 EMA26 超过 2 ATR，短线偏追高；4H RSI 偏热
219,ULTA,Ulta Beauty,Consumer Discretionary,Prism,Nasdaq Liquid 500,55,54.08,59.7,60.1,27.6,50.0,71.31,71.45,,,,,,65.07,51.76,,89,confirmed_bullish_trend,78,bullish_above_signal,74.74,529.26001,0.18,0.03680923,0.10143183,0.14724823,0.16053070,4H EMA 多头排列已连续维持；4H MACD 位于 Signal 上方；4H MACD 柱体连续扩张,4H 相对 EMA26 超过 2 ATR，短线偏追高；4H RSI 偏热
220,MORN,"Morningstar, Inc. - Common Stock",,Prism,Nasdaq Liquid 500,64,53.99,59.51,67.1,8.8,50.0,69.14,69.05,,,,,,76.39,51.28,,89,confirmed_bullish_trend,70,bullish_above_signal,71.86,198.987503,0.28,0.03356712,0.09082066,0.19987643,0.29549151,4H EMA 多头排列已连续维持；4H MACD 位于 Signal 上方,4H 相对 EMA26 超过 2 ATR，短线偏追高；4H RSI 偏热
221,FANG,Diamondback Energy,Energy,Prism,Nasdaq Liquid 500,38,53.97,66.95,54.4,25.2,50.0,52.51,48.9,,,,,,66.24,53.0,,58,mixed_sideways,42,mixed_or_bearish,51.88,198.074997,0.22,-0.01991593,0.01130908,0.15186665,0.07931012,4H RSI 位于健康强势区间,4H EMA 仍偏震荡；4H MACD 尚未确认多头
222,PYPL,PayPal,Financials,Prism,Nasdaq Liquid 500,11,53.85,74.84,54.4,6.0,50.0,54.01,48.9,,,,,,80.43,55.84,,58,mixed_sideways,42,mixed_or_bearish,64.56,57.625401,0.09,0.00559115,0.02930071,0.26760674,0.35653016,4H RSI 位于健康强势区间,4H EMA 仍偏震荡；4H MACD 尚未确认多头
223,DAVE,DAVE INC CLASS A,Financials,Prism,Nasdaq Liquid 500,314,53.75,41.54,54.4,83.0,50.0,46.43,47.7,,,,,,43.65,45.73,,50,mixed_sideways,50,mixed_or_bearish,51.11,400.244995,0.07,0.06064504,-0.01402918,0.03334368,0.27302364,4H MACD 柱体连续扩张；4H RSI 位于健康强势区间,4H EMA 仍偏震荡；4H MACD 尚未确认多头
224,VSEC,VSE CORP,Industrials,Prism,Nasdaq Liquid 500,383,53.72,40.69,67.6,49.6,50.0,53.59,55.65,,,,,,33.02,43.6,,53,mixed_sideways,72,fresh_below_zero_cross,56.54,204.490005,0.22,0.05287820,0.01746447,-0.11869152,-0.06753305,4H MACD 刚金叉但仍需零轴确认；4H MACD 柱体连续扩张；4H RSI 位于健康强势区间,4H EMA 仍偏震荡
225,MMSI,MERIT MEDICAL SYSTEMS INC,Health Care,Prism,Nasdaq Liquid 500,21,53.58,67.37,60.1,6.4,50.0,68.58,66.75,,,,,,80.18,54.04,,89,confirmed_bullish_trend,70,bullish_above_signal,75.8,85.349998,0.26,-0.00663408,0.12155059,0.20160494,0.26933374,4H EMA 多头排列已连续维持；4H MACD 位于 Signal 上方,4H 相对 EMA26 超过 2 ATR，短线偏追高；4H RSI 过热
226,AFRM,"Affirm Holdings, Inc. - Class A Common Stock",,Prism,Nasdaq Liquid 500,397,53.58,40.45,65.2,55.6,50.0,51.97,53.85,,,,,,34.99,43.0,,53,mixed_sideways,66,bullish_above_signal,54.67,75.974998,0.21,0.05359863,0.04075340,-0.10205653,0.02752226,4H MACD 位于 Signal 上方；4H MACD 柱体连续扩张；4H RSI 位于健康强势区间,4H EMA 仍偏震荡
227,KNSA,KINIKSA PHARMACEUTICALS INTERNATIO,Health Care,Prism,Nasdaq Liquid 500,12,53.36,74.8,50.8,12.4,50.0,49.02,43.35,,,,,,72.5,55.75,,55,mixed_sideways,28,fresh_bearish_cross,58.46,73.455002,0.18,-0.01150580,0.15613445,0.13901387,0.33215458,4H RSI 位于健康强势区间,4H EMA 仍偏震荡；4H MACD 最近死叉
228,RIOT,RIOT PLATFORMS INC,Information Technology,Prism,Nasdaq Liquid 500,363,53.21,40.95,67.6,45.6,50.0,52.37,54.3,,,,,,31.25,44.25,,50,mixed_sideways,72,fresh_below_zero_cross,50.03,21.389999,0.22,0.04087591,-0.02684263,-0.03234567,-0.23933150,4H MACD 刚金叉但仍需零轴确认；4H MACD 柱体连续扩张；4H RSI 位于健康强势区间,4H EMA 仍偏震荡
229,SSRM,SSR MINING INC,Materials,Prism,Nasdaq Liquid 500,376,53.14,40.75,65.2,52.0,50.0,51.97,53.85,,,,,,33.69,43.74,,53,mixed_sideways,66,bullish_above_signal,50.33,26.594999,0.13,0.03846146,0.01140898,-0.13130821,-0.13932042,4H MACD 位于 Signal 上方；4H MACD 柱体连续扩张；4H RSI 位于健康强势区间,4H EMA 仍偏震荡
230,IRDM,Iridium Communications Inc - Common Stock,,Prism,Nasdaq Liquid 500,402,53.13,40.38,65.2,52.8,50.0,53.99,56.1,,,,,,34.12,42.82,,58,mixed_sideways,66,bullish_above_signal,56.45,48.189999,0.15,0.02992088,0.04852045,-0.10394199,0.08219178,4H MACD 位于 Signal 上方；4H MACD 柱体连续扩张；4H RSI 位于健康强势区间,4H EMA 仍偏震荡
231,NWSA,News Corp (Class A),Communication Services,Prism,Nasdaq Liquid 500,218,53.09,48.99,50.8,70.8,50.0,44.02,43.35,,,,,,52.35,47.47,,55,mixed_sideways,28,fresh_bearish_cross,52.09,27.84,0.19,0.00360848,0.01978026,0.04543752,0.10170162,4H RSI 位于健康强势区间,4H EMA 仍偏震荡；4H MACD 最近死叉
232,LCID,LUCID GROUP INC,Consumer Discretionary,Prism,Nasdaq Liquid 500,106,52.78,50.0,65.2,28.0,50.0,56.57,57.3,,,,,,64.97,49.99,,58,mixed_sideways,70,bullish_above_signal,57.73,7.685,0.18,0.00672020,0.18230769,0.26502058,0.43913858,4H MACD 位于 Signal 上方；4H RSI 位于健康强势区间,4H EMA 仍偏震荡
233,DNTH,DIANTHUS THERAPEUTICS INC,Health Care,Prism,Nasdaq Liquid 500,162,52.36,49.48,50.8,64.8,50.0,45.23,44.7,,,,,,53.51,48.7,,58,mixed_sideways,28,fresh_bearish_cross,52.04,104.690002,0.36,-0.01975656,0.00383547,0.11006260,0.26943132,4H RSI 位于健康强势区间,4H EMA 仍偏震荡；4H MACD 最近死叉
234,CPB,The Campbell's Company - Common Stock,,Prism,Nasdaq Liquid 500,359,52.33,40.99,54.4,74.8,50.0,46.43,47.7,,,,,,41.76,44.35,,50,mixed_sideways,50,mixed_or_bearish,50.67,22.26,0.11,0.01319986,-0.00447232,-0.04586369,0.05347852,4H MACD 柱体连续扩张；4H RSI 位于健康强势区间,4H EMA 仍偏震荡；4H MACD 尚未确认多头
235,TENB,TENABLE HOLDINGS INC,Information Technology,Prism,Nasdaq Liquid 500,389,52.3,40.58,65.2,46.8,50.0,51.97,53.85,,,,,,31.65,43.33,,53,mixed_sideways,66,bullish_above_signal,53.64,34.889999,0.18,0.04900785,0.07486137,-0.09587979,0.29847405,4H MACD 位于 Signal 上方；4H MACD 柱体连续扩张；4H RSI 位于健康强势区间,4H EMA 仍偏震荡
236,XRAY,DENTSPLY SIRONA INC,Health Care,Prism,Nasdaq Liquid 500,43,52.13,66.67,54.4,13.6,50.0,55.39,52.1,,,,,,71.44,52.29,,58,mixed_sideways,50,mixed_or_bearish,58.65,13.905,0.64,0.02961866,0.06715272,0.19356223,0.34803684,4H MACD 柱体连续扩张；4H RSI 位于健康强势区间,4H EMA 仍偏震荡；4H MACD 尚未确认多头
237,HST,Host Hotels & Resorts,Real Estate,Prism,Nasdaq Liquid 500,99,52.1,59.11,50.8,40.6,50.0,47.23,44.7,,,,,,58.91,50.28,,58,mixed_sideways,28,fresh_bearish_cross,60.42,25.125,0.23,-0.00178784,0.00600601,0.07601713,0.00540216,4H RSI 位于健康强势区间,4H EMA 仍偏震荡；4H MACD 最近死叉
238,MARA,MARA HOLDINGS INC,Information Technology,Prism,Nasdaq Liquid 500,409,52.07,40.25,67.6,39.6,50.0,53.59,55.65,,,,,,27.57,42.51,,53,mixed_sideways,72,fresh_below_zero_cross,49.95,11.805,0.08,0.04100529,0.00212224,-0.04720781,-0.17012302,4H MACD 刚金叉但仍需零轴确认；4H MACD 柱体连续扩张；4H RSI 位于健康强势区间,4H EMA 仍偏震荡
239,UPST,UPSTART HOLDINGS INC,Financials,Prism,Nasdaq Liquid 500,394,52.04,40.51,65.2,45.2,50.0,51.97,53.85,,,,,,30.75,43.15,,53,mixed_sideways,66,bullish_above_signal,55.66,29.48,0.24,0.06811594,0.07278020,-0.15263009,-0.09121733,4H MACD 位于 Signal 上方；4H MACD 柱体连续扩张；4H RSI 位于健康强势区间,4H EMA 仍偏震荡
240,NTNX,"Nutanix, Inc. - Class A Common Stock",,Prism,Nasdaq Liquid 500,115,52.02,49.96,67.1,18.0,50.0,69.31,71.45,,,,,,69.45,49.89,,89,confirmed_bullish_trend,78,bullish_above_signal,73.24,60.959999,0.28,0.03077443,0.07229553,0.18899940,0.30089624,4H EMA 多头排列已连续维持；4H MACD 位于 Signal 上方；4H MACD 柱体连续扩张,4H 相对 EMA26 超过 2 ATR，短线偏追高；4H RSI 偏热
241,EBC,EASTERN BANKSHARES INC,Financials,Prism,Nasdaq Liquid 500,191,51.86,49.25,54.4,52.4,50.0,49.96,49.95,,,,,,55.66,48.13,,55,mixed_sideways,50,mixed_or_bearish,54.58,23.145,0.1,0.00937636,0.00281629,0.03464457,0.12354369,4H MACD 柱体连续扩张；4H RSI 位于健康强势区间,4H EMA 仍偏震荡；4H MACD 尚未确认多头
242,CCEP,Coca-Cola Europacific Partners plc - Ordinary Shares,,Prism,Nasdaq Liquid 500,258,51.84,48.7,50.8,63.2,50.0,44.02,43.35,,,,,,53.73,46.75,,55,mixed_sideways,28,fresh_bearish_cross,51.94,108.110001,0.19,-0.01386478,-0.00561074,0.01445061,0.11591664,4H RSI 位于健康强势区间,4H EMA 仍偏震荡；4H MACD 最近死叉
243,SITM,SiTime Corporation - Common Stock,,Prism,Nasdaq Liquid 500,421,51.83,40.09,65.2,44.8,50.0,51.97,53.85,,,,,,30.48,42.1,,53,mixed_sideways,66,bullish_above_signal,50.06,552.169983,0.13,0.00560015,0.05644097,-0.08176746,-0.24108693,4H MACD 位于 Signal 上方；4H MACD 柱体连续扩张；4H RSI 位于健康强势区间,4H EMA 仍偏震荡
244,CHYM,"Chime Financial, Inc. - Class A Common Stock",,Prism,Nasdaq Liquid 500,109,51.79,49.98,67.1,16.4,50.0,69.31,71.45,,,,,,69.71,49.94,,89,confirmed_bullish_trend,78,bullish_above_signal,69.56,24.32,0.17,0.03379384,0.11278884,0.16586763,0.38024964,4H EMA 多头排列已连续维持；4H MACD 位于 Signal 上方；4H MACD 柱体连续扩张,4H 相对 EMA26 超过 2 ATR，短线偏追高；4H RSI 偏热
245,TCOM,Trip.com Group Limited - American Depositary Shares,,Prism,Nasdaq Liquid 500,108,51.73,49.98,67.1,16.0,50.0,67.14,69.05,,,,,,69.72,49.94,,89,confirmed_bullish_trend,70,bullish_above_signal,70.79,47.310001,0.13,0.01014203,0.05626256,0.15348049,0.04946759,4H EMA 多头排列已连续维持；4H MACD 位于 Signal 上方,4H 相对 EMA26 超过 2 ATR，短线偏追高；4H RSI 偏热
246,HALO,"Halozyme Therapeutics, Inc. - Common Stock",,Prism,Nasdaq Liquid 500,256,51.73,48.7,50.8,62.4,50.0,45.23,44.7,,,,,,53.78,46.76,,58,mixed_sideways,28,fresh_bearish_cross,61.45,82.404999,0.15,-0.00139358,0.01098021,0.03693215,0.20193993,4H RSI 位于健康强势区间,4H EMA 仍偏震荡；4H MACD 最近死叉
247,WAY,WAYSTAR HOLDING CORP,Health Care,Prism,Nasdaq Liquid 500,301,51.6,41.65,54.4,68.4,50.0,46.43,47.7,,,,,,39.98,46.0,,50,mixed_sideways,50,mixed_or_bearish,51.44,22.465,0.18,0.05568604,-0.02854054,-0.04179996,0.21563853,4H MACD 柱体连续扩张；4H RSI 位于健康强势区间,4H EMA 仍偏震荡；4H MACD 尚未确认多头
248,TRI,Thomson Reuters Corp - Common Shares,,Prism,Nasdaq Liquid 500,121,51.55,49.91,65.2,20.0,50.0,56.57,57.3,,,,,,68.89,49.78,,58,mixed_sideways,70,bullish_above_signal,59.58,101.845001,0.17,0.03955292,0.04114701,0.14227228,0.29623267,4H MACD 位于 Signal 上方；4H RSI 位于健康强势区间,4H EMA 仍偏震荡
249,MEDP,"Medpace Holdings, Inc. - Common Stock",,Prism,Nasdaq Liquid 500,238,51.55,48.88,54.4,51.2,50.0,47.8,47.55,,,,,,56.0,47.2,,55,mixed_sideways,42,mixed_or_bearish,56.64,578.234985,0.16,0.00795754,-0.01912610,0.03868326,0.25670475,4H RSI 位于健康强势区间,4H EMA 仍偏震荡；4H MACD 尚未确认多头
250,ENSG,"The Ensign Group, Inc. - Common Stock",,Prism,Nasdaq Liquid 500,252,51.49,48.72,50.8,60.8,50.0,44.02,43.35,,,,,,54.01,46.8,,55,mixed_sideways,28,fresh_bearish_cross,58.36,178.699997,0.17,0.00681724,0.00353788,0.06185753,0.16333569,4H RSI 位于健康强势区间,4H EMA 仍偏震荡；4H MACD 最近死叉
251,TXG,10X GENOMICS INC CLASS A,Health Care,Prism,Nasdaq Liquid 500,69,51.47,59.46,54.4,26.0,50.0,51.01,48.9,,,,,,65.77,51.15,,58,mixed_sideways,42,mixed_or_bearish,57.2,47.539001,0.15,-0.01330425,0.03525704,0.21832396,0.36763532,4H RSI 位于健康强势区间,4H EMA 仍偏震荡；4H MACD 尚未确认多头
252,KTOS,"Kratos Defense & Security Solutions, Inc. - Common Stock",,Prism,Nasdaq Liquid 500,338,51.45,41.33,67.6,33.0,50.0,53.59,55.65,,,,,,24.7,45.19,,53,mixed_sideways,72,fresh_below_zero_cross,54.14,48.91,0.21,0.05500657,-0.01072004,-0.11666966,-0.09743493,4H MACD 刚金叉但仍需零轴确认；4H MACD 柱体连续扩张；4H RSI 位于健康强势区间,4H EMA 仍偏震荡
253,CTAS,Cintas,Industrials,Prism,Nasdaq Liquid 500,100,51.28,59.09,54.4,25.6,50.0,49.8,47.55,,,,,,66.17,50.23,,55,mixed_sideways,42,mixed_or_bearish,52.68,204.645004,0.15,-0.00143944,-0.03030226,0.12870226,0.19780507,4H RSI 位于健康强势区间,4H EMA 仍偏震荡；4H MACD 尚未确认多头
254,SEZL,SEZZLE INC,Financials,Prism,Nasdaq Liquid 500,420,51.17,40.1,67.6,34.0,50.0,53.59,55.65,,,,,,25.59,42.12,,53,mixed_sideways,72,fresh_below_zero_cross,51.28,163.210007,0.31,0.05256036,0.04074735,-0.10974742,0.00006134,4H MACD 刚金叉但仍需零轴确认；4H MACD 柱体连续扩张；4H RSI 位于健康强势区间,4H EMA 仍偏震荡
255,CRSP,CRISPR THERAPEUTICS AG,Health Care,Prism,Nasdaq Liquid 500,388,51.03,40.64,65.2,38.2,50.0,51.97,53.85,,,,,,27.35,43.47,,53,mixed_sideways,66,bullish_above_signal,53.19,49.32,0.1,0.02943018,0.05452213,-0.17923115,-0.08751155,4H MACD 位于 Signal 上方；4H MACD 柱体连续扩张；4H RSI 位于健康强势区间,4H EMA 仍偏震荡
256,SEIC,SEI Investments Company - Common Stock,,Prism,Nasdaq Liquid 500,144,50.72,49.61,60.7,27.2,50.0,62.24,63.6,,,,,,65.16,49.03,,100,confirmed_bullish_trend,28,fresh_bearish_cross,66.96,103.595001,0.16,0.01176875,0.01983657,0.13280486,0.15800360,4H EMA 多头排列已连续维持；4H RSI 位于健康强势区间,4H MACD 最近死叉
257,SOLS,Solstice Advanced Materials Inc. - Common Stock,,Prism,Nasdaq Liquid 500,414,50.72,40.17,65.2,37.2,50.0,51.97,53.85,,,,,,26.49,42.3,,53,mixed_sideways,66,bullish_above_signal,54.66,62.310001,0.13,0.03247727,0.02821787,-0.22287352,-0.27173910,4H MACD 位于 Signal 上方；4H MACD 柱体连续扩张；4H RSI 位于健康强势区间,4H EMA 仍偏震荡
258,ATAI,ATAIBECKLEY INC,Health Care,Prism,Nasdaq Liquid 500,5,50.41,75.5,46.4,2.8,50.0,49.33,43.7,,,,,,97.49,57.5,,46,mixed_sideways,50,mixed_or_bearish,72.55,7.17,0.08,-0.00278164,-0.00069686,0.37884615,0.76818742,4H MACD 柱体连续扩张,4H EMA 仍偏震荡；4H 相对 EMA26 超过 2 ATR，短线偏追高；4H MACD 尚未确认多头；4H RSI 偏热
259,RGTI,RIGETTI COMPUTING INC,Information Technology,Prism,Nasdaq Liquid 500,419,50.28,40.11,65.2,34.4,50.0,53.18,55.2,,,,,,25.74,42.15,,56,mixed_sideways,66,bullish_above_signal,57.54,16.1499,0.17,0.07870955,0.03392446,-0.10028417,-0.24356440,4H MACD 位于 Signal 上方；4H MACD 柱体连续扩张；4H RSI 位于健康强势区间,4H EMA 仍偏震荡
260,BLFS,BIOLIFE SOLUTIONS INC,Health Care,Prism,Nasdaq Liquid 500,70,50.09,59.45,50.8,26.4,50.0,49.39,47.1,,,,,,65.67,51.13,,58,mixed_sideways,36,fresh_bearish_cross,61.81,31.959999,0.07,0.01516712,0.07284317,0.13615358,0.22781398,4H MACD 柱体连续扩张；4H RSI 位于健康强势区间,4H EMA 仍偏震荡；4H MACD 最近死叉
261,APLD,Applied Digital Corporation - Common Stock,,Prism,Nasdaq Liquid 500,446,49.8,39.61,65.2,32.4,50.0,53.18,55.2,,,,,,24.57,40.91,,56,mixed_sideways,66,bullish_above_signal,55.2,29.780001,0.17,0.08527696,0.12909956,-0.09921355,-0.36025775,4H MACD 位于 Signal 上方；4H MACD 柱体连续扩张；4H RSI 位于健康强势区间,4H EMA 仍偏震荡
262,GSAT,"Globalstar, Inc. - Common Stock",,Prism,Nasdaq Liquid 500,236,49.63,48.89,50.2,49.6,50.0,51.89,52.1,,,,,,56.13,47.23,,46,mixed_sideways,78,bullish_above_signal,74.9,84.055,0.33,0.01295489,0.06358346,0.04572037,0.04520022,4H MACD 位于 Signal 上方；4H MACD 柱体连续扩张,4H EMA 仍偏震荡；4H 相对 EMA26 超过 2 ATR，短线偏追高；4H RSI 偏热
263,CROX,"Crocs, Inc. - Common Stock",,Prism,Nasdaq Liquid 500,183,49.42,49.32,54.4,36.0,50.0,47.93,47.7,,,,,,61.52,48.3,,50,mixed_sideways,50,mixed_or_bearish,56.08,135.345001,0.26,0.07459313,0.00598341,0.08008142,0.08241363,4H MACD 柱体连续扩张；4H RSI 位于健康强势区间,4H EMA 仍偏震荡；4H MACD 尚未确认多头
264,VOD,Vodafone Group Plc - American Depositary Shares each representing ten Ordinary Shares,,Prism,Nasdaq Liquid 500,84,49.26,59.31,54.4,11.6,50.0,49.8,47.55,,,,,,73.86,50.77,,55,mixed_sideways,42,mixed_or_bearish,52.09,15.635,0.4,-0.01325339,-0.00981634,0.18852147,0.09335664,4H RSI 位于健康强势区间,4H EMA 仍偏震荡；4H MACD 尚未确认多头
265,PAYX,Paychex,Industrials,Prism,Nasdaq Liquid 500,120,49.03,49.93,54.4,32.0,50.0,47.8,47.55,,,,,,64.11,49.82,,55,mixed_sideways,42,mixed_or_bearish,58.47,118.080002,0.22,0.01173852,0.02251471,0.11045284,0.20195444,4H RSI 位于健康强势区间,4H EMA 仍偏震荡；4H MACD 尚未确认多头
266,AAOI,"Applied Optoelectronics, Inc. - Common Stock",,Prism,Nasdaq Liquid 500,452,48.95,39.47,65.2,27.0,50.0,51.97,53.85,,,,,,22.82,40.56,,53,mixed_sideways,66,bullish_above_signal,55.69,110.709999,0.27,0.14856313,0.13188837,-0.08458742,-0.31546403,4H MACD 位于 Signal 上方；4H MACD 柱体连续扩张；4H RSI 位于健康强势区间,4H EMA 仍偏震荡
267,WULF,TeraWulf Inc. - Common Stock,,Prism,Nasdaq Liquid 500,453,48.95,39.47,65.2,27.0,50.0,51.97,53.85,,,,,,22.82,40.56,,53,mixed_sideways,66,bullish_above_signal,51.09,18.924999,0.15,0.06171096,0.05226566,-0.10625738,-0.34560861,4H MACD 位于 Signal 上方；4H MACD 柱体连续扩张；4H RSI 位于健康强势区间,4H EMA 仍偏震荡
268,FLNC,FLUENCE ENERGY INC CLASS A,Industrials,Prism,Nasdaq Liquid 500,438,48.9,39.77,65.2,26.0,50.0,51.97,53.85,,,,,,21.48,41.3,,53,mixed_sideways,66,bullish_above_signal,53.1,14.63,0.29,0.03906988,0.08210059,-0.13966475,-0.40888889,4H MACD 位于 Signal 上方；4H MACD 柱体连续扩张；4H RSI 位于健康强势区间,4H EMA 仍偏震荡
269,HLNE,Hamilton Lane Incorporated - Class A Common Stock,,Prism,Nasdaq Liquid 500,101,48.73,50.07,60.1,14.4,50.0,67.96,69.95,,,,,,70.88,50.18,,89,confirmed_bullish_trend,78,bullish_above_signal,75.26,94.434998,1.0,0.05714761,0.07667312,0.18339592,0.14855498,4H EMA 多头排列已连续维持；4H MACD 位于 Signal 上方；4H MACD 柱体连续扩张,4H 相对 EMA26 超过 2 ATR，短线偏追高；4H RSI 过热
270,HAS,Hasbro,Consumer Discretionary,Prism,Nasdaq Liquid 500,76,48.68,59.37,50.8,17.2,50.0,42.37,39.3,,,,,,69.67,50.93,,46,mixed_sideways,28,fresh_bearish_cross,63.78,93.360001,0.12,-0.01038791,0.03034985,0.16438016,0.10146294,4H RSI 位于健康强势区间,4H EMA 仍偏震荡；4H 相对 EMA26 超过 2 ATR，短线偏追高；4H MACD 最近死叉
271,DXCM,Dexcom,Health Care,Prism,Nasdaq Liquid 500,8,48.55,75.17,60.1,8.0,50.0,72.24,69.15,,,,,,77.16,56.68,,89,confirmed_bullish_trend,78,bullish_above_signal,76.06,86.610001,0.32,0.04349399,0.18061614,0.21574963,0.19528018,4H EMA 多头排列已连续维持；4H MACD 位于 Signal 上方；4H MACD 柱体连续扩张,4H 相对 EMA26 超过 2 ATR，短线偏追高；4H RSI 过热
272,USAR,USA RARE EARTH INC CLASS A,Materials,Prism,Nasdaq Liquid 500,443,48.45,39.68,65.2,23.2,50.0,51.97,53.85,,,,,,20.37,41.07,,53,mixed_sideways,66,bullish_above_signal,53.91,15.9527,0.28,0.07854100,0.06814195,-0.16739562,-0.35256897,4H MACD 位于 Signal 上方；4H MACD 柱体连续扩张；4H RSI 位于健康强势区间,4H EMA 仍偏震荡
273,FORM,"FormFactor, Inc. - Common Stock",,Prism,Nasdaq Liquid 500,462,48.37,39.28,65.2,23.6,50.0,53.18,55.2,,,,,,20.41,40.08,,56,mixed_sideways,66,bullish_above_signal,53.23,109.290001,0.14,0.00362738,0.10662210,-0.11455885,-0.26876266,4H MACD 位于 Signal 上方；4H MACD 柱体连续扩张；4H RSI 位于健康强势区间,4H EMA 仍偏震荡
274,CRDO,Credo Technology Group Holding Ltd - Ordinary Shares,,Prism,Nasdaq Liquid 500,466,48.09,39.18,65.2,22.0,50.0,51.97,53.85,,,,,,19.14,39.83,,53,mixed_sideways,66,bullish_above_signal,51.24,216.259995,0.17,0.01908481,0.03806458,-0.10603120,-0.20293384,4H MACD 位于 Signal 上方；4H MACD 柱体连续扩张；4H RSI 位于健康强势区间,4H EMA 仍偏震荡
275,BSP,Bending Spoons S.p.A. - Ordinary Shares,,Prism,Nasdaq Liquid 500,353,47.86,41.08,41.5,79.2,50.0,3.5,0.0,,,,,,42.92,44.58,,0,insufficient_data,0,insufficient_data,,,,,,,,,4H样本不足：46根
276,WIX,Wix.com Ltd. - Ordinary Shares,,Prism,Nasdaq Liquid 500,176,47.82,49.38,50.8,34.8,50.0,46.18,45.75,,,,,,62.24,48.45,,55,mixed_sideways,36,fresh_bearish_cross,59.08,57.790001,0.33,0.06251153,0.02573662,0.17007496,0.36040492,4H MACD 柱体连续扩张；4H RSI 位于健康强势区间,4H EMA 仍偏震荡；4H MACD 最近死叉
277,SIGI,SELECTIVE INSURANCE GROUP INC,Financials,Prism,Nasdaq Liquid 500,155,47.53,49.52,54.1,90.4,50.0,48.2,48.0,,,,,,45.23,48.8,,36,bearish_transition,72,fresh_below_zero_cross,49.02,95.205002,0.12,0.00289689,0.02624776,-0.05003990,0.03158523,4H MACD 刚金叉但仍需零轴确认；4H MACD 柱体连续扩张；4H RSI 位于健康强势区间,4H EMA 转弱或跌破 EMA26
278,PLTR,Palantir Technologies,Information Technology,Prism,Nasdaq Liquid 500,134,47.48,49.72,54.1,89.6,50.0,48.2,48.0,,,,,,45.18,49.29,,36,bearish_transition,72,fresh_below_zero_cross,49.3,125.959999,0.3,0.02552414,-0.04245695,-0.02469992,-0.01969029,4H MACD 刚金叉但仍需零轴确认；4H MACD 柱体连续扩张；4H RSI 位于健康强势区间,4H EMA 转弱或跌破 EMA26
279,REGN,Regeneron Pharmaceuticals,Health Care,Prism,Nasdaq Liquid 500,15,47.39,74.55,53.85,18.4,50.0,70.08,66.75,,,,,,69.41,55.13,,89,confirmed_bullish_trend,70,bullish_above_signal,79.76,760.460022,0.22,0.01030285,0.13964151,0.16250734,0.24651272,4H EMA 多头排列已连续维持；4H MACD 位于 Signal 上方,4H 相对 EMA26 超过 2 ATR，短线偏追高；4H RSI 过热
280,WMT,Walmart,Consumer Staples,Prism,Nasdaq Liquid 500,131,47.2,49.78,51.7,94.0,50.0,37.13,35.7,,,,,,48.55,49.46,,22,confirmed_bearish_trend,58,bullish_above_signal,45.18,110.660004,0.23,-0.00406164,-0.00966524,-0.00939929,-0.05564086,4H MACD 位于 Signal 上方,4H EMA 空头排列
281,TEM,"Tempus AI, Inc. - Class A Common Stock",,Prism,Nasdaq Liquid 500,473,47.06,38.81,65.2,16.0,50.0,51.97,53.85,,,,,,14.53,38.91,,53,mixed_sideways,66,bullish_above_signal,49.45,46.764999,0.18,0.06115269,0.08933145,-0.22420372,-0.07979144,4H MACD 位于 Signal 上方；4H MACD 柱体连续扩张；4H RSI 位于健康强势区间,4H EMA 仍偏震荡
282,GLNG,GOLAR LNG LTD,Energy,Prism,Nasdaq Liquid 500,119,47.02,49.93,54.1,86.0,50.0,49.41,49.35,,,,,,50.38,49.83,,39,bearish_transition,72,fresh_below_zero_cross,49.56,49.110001,0.21,0.00532248,0.00265416,0.00183601,-0.01007861,4H MACD 刚金叉但仍需零轴确认；4H MACD 柱体连续扩张；4H RSI 位于健康强势区间,4H EMA 转弱或跌破 EMA26
283,HBAN,Huntington Bancshares,Financials,Prism,Nasdaq Liquid 500,299,46.96,48.41,54.1,89.2,50.0,46.58,46.2,,,,,,45.16,46.03,,36,bearish_transition,72,fresh_below_zero_cross,45.44,17.275,0.13,0.01112093,0.00758239,-0.03329608,0.02400705,4H MACD 刚金叉但仍需零轴确认；4H MACD 柱体连续扩张,4H EMA 转弱或跌破 EMA26
284,GILD,Gilead Sciences,Health Care,Prism,Nasdaq Liquid 500,85,46.87,59.29,40.9,98.4,50.0,40.48,37.2,,,,,,47.38,50.73,,36,bearish_transition,42,mixed_or_bearish,45.52,129.759995,0.28,-0.00414434,-0.00559437,-0.01142770,0.04907424,,4H EMA 转弱或跌破 EMA26；4H MACD 尚未确认多头
285,RCAT,RED CAT HOLDINGS INC,Industrials,Prism,Nasdaq Liquid 500,467,46.85,39.05,65.2,14.0,50.0,51.97,53.85,,,,,,12.43,39.49,,53,mixed_sideways,66,bullish_above_signal,54.26,8.185,0.37,0.08195638,0.05003207,-0.21637147,-0.28452797,4H MACD 位于 Signal 上方；4H MACD 柱体连续扩张；4H RSI 位于健康强势区间,4H EMA 仍偏震荡
286,GTX,GARRETT MOTION,Consumer Discretionary,Prism,Nasdaq Liquid 500,290,46.62,48.47,51.7,93.2,50.0,46.18,45.75,,,,,,45.85,46.17,,39,bearish_transition,66,bullish_above_signal,47.84,30.76,0.16,-0.01093248,-0.00097437,-0.03087587,-0.10320697,4H MACD 位于 Signal 上方；4H MACD 柱体连续扩张,4H EMA 转弱或跌破 EMA26
287,LOGI,Logitech International S.A. - Registered Shares,,Prism,Nasdaq Liquid 500,103,46.5,50.06,54.4,14.8,50.0,47.93,47.7,,,,,,70.77,50.15,,50,mixed_sideways,50,mixed_or_bearish,54.31,105.525002,0.14,0.03476171,-0.02155768,0.12296479,-0.01937551,4H MACD 柱体连续扩张；4H RSI 位于健康强势区间,4H EMA 仍偏震荡；4H MACD 尚未确认多头
288,FLY,FIREFLY AEROSPACE INC,Industrials,Prism,Nasdaq Liquid 500,430,46.2,39.93,65.2,7.6,50.0,53.18,55.2,,,,,,7.32,41.71,,56,mixed_sideways,66,bullish_above_signal,54.36,21.495001,0.15,0.09111675,0.08123753,-0.25597086,-0.30436890,4H MACD 位于 Signal 上方；4H MACD 柱体连续扩张；4H RSI 位于健康强势区间,4H EMA 仍偏震荡
289,WTW,Willis Towers Watson,Financials,Prism,Nasdaq Liquid 500,19,46.18,74.34,53.85,10.8,50.0,70.08,66.75,,,,,,74.2,54.59,,89,confirmed_bullish_trend,70,bullish_above_signal,85.94,341.0,0.24,0.01905118,0.12645348,0.19134957,0.33636400,4H EMA 多头排列已连续维持；4H MACD 位于 Signal 上方,4H 相对 EMA26 超过 2 ATR，短线偏追高；4H RSI 过热
290,ALAB,"Astera Labs, Inc. - Common Stock",,Prism,Nasdaq Liquid 500,484,46.13,38.37,65.2,10.8,50.0,53.18,55.2,,,,,,8.95,37.79,,56,mixed_sideways,66,bullish_above_signal,53.94,325.4599,0.24,0.01925997,0.15292745,-0.19817713,-0.21965163,4H MACD 位于 Signal 上方；4H MACD 柱体连续扩张；4H RSI 位于健康强势区间,4H EMA 仍偏震荡
291,MSFT,Microsoft,Information Technology,Prism,Nasdaq Liquid 500,6,45.69,75.34,53.85,5.2,50.0,72.24,69.15,,,,,,84.26,57.1,,89,confirmed_bullish_trend,78,bullish_above_signal,81.39,490.334991,0.28,0.05766822,0.26008014,0.25849545,0.29358925,4H EMA 多头排列已连续维持；4H MACD 位于 Signal 上方；4H MACD 柱体连续扩张,4H 相对 EMA26 超过 2 ATR，短线偏追高；4H RSI 过热
292,SAFT,SAFETY INSURANCE GROUP INC,Financials,Prism,Nasdaq Liquid 500,3,45.6,76.29,53.85,2.4,50.0,70.08,66.75,,,,,,98.58,59.47,,89,confirmed_bullish_trend,70,bullish_above_signal,87.54,103.349998,0.09,0.00150199,0.00315454,0.33354836,0.46450330,4H EMA 多头排列已连续维持；4H MACD 位于 Signal 上方,4H 相对 EMA26 超过 2 ATR，短线偏追高；4H RSI 过热
293,COLB,"Columbia Banking System, Inc. - Common Stock",,Prism,Nasdaq Liquid 500,318,45.57,41.52,54.1,96.0,50.0,46.3,47.55,,,,,,48.41,45.68,,39,bearish_transition,72,fresh_below_zero_cross,46.78,31.434999,0.14,0.00753199,0.01747852,-0.00929723,0.02930576,4H MACD 刚金叉但仍需零轴确认；4H MACD 柱体连续扩张,4H EMA 转弱或跌破 EMA26
294,CAKE,CHEESECAKE FACTORY INC,Consumer Discretionary,Prism,Nasdaq Liquid 500,13,45.19,74.78,53.85,3.2,50.0,70.08,66.75,,,,,,93.54,55.71,,89,confirmed_bullish_trend,70,bullish_above_signal,78.46,104.059998,0.11,0.00760103,0.19485593,0.31413779,0.34897588,4H EMA 多头排列已连续维持；4H MACD 位于 Signal 上方,4H 相对 EMA26 超过 2 ATR，短线偏追高；4H RSI 过热
295,RKLB,Rocket Lab Corporation - Common Stock,,Prism,Nasdaq Liquid 500,496,45.04,37.83,65.2,4.8,50.0,51.97,53.85,,,,,,2.25,36.45,,53,mixed_sideways,66,bullish_above_signal,51.69,69.855003,0.13,0.07551973,0.04339068,-0.30492534,-0.34897483,4H MACD 位于 Signal 上方；4H MACD 柱体连续扩张；4H RSI 位于健康强势区间,4H EMA 仍偏震荡
296,MKTX,"MarketAxess Holdings, Inc. - Common Stock",,Prism,Nasdaq Liquid 500,10,44.9,74.9,53.85,1.0,50.0,70.08,66.75,,,,,,100.0,56.0,,89,confirmed_bullish_trend,70,bullish_above_signal,92.57,162.292496,0.28,0.00026192,0.37565161,0.39223210,0.34515121,4H EMA 多头排列已连续维持；4H MACD 位于 Signal 上方,4H 相对 EMA26 超过 2 ATR，短线偏追高；4H RSI 过热
297,IDCC,INTERDIGITAL INC,Information Technology,Prism,Nasdaq Liquid 500,137,44.13,49.68,60.1,38.0,50.0,65.08,66.75,,,,,,60.93,49.19,,89,confirmed_bullish_trend,70,bullish_above_signal,77.9,307.480011,0.18,0.01909058,0.18603669,0.09314566,0.03857331,4H EMA 多头排列已连续维持；4H MACD 位于 Signal 上方,4H 相对 EMA26 超过 2 ATR，短线偏追高；4H RSI 过热
298,PI,IMPINJ INC,Information Technology,Prism,Nasdaq Liquid 500,65,43.97,59.51,60.1,14.0,50.0,69.24,69.15,,,,,,71.37,51.27,,89,confirmed_bullish_trend,78,bullish_above_signal,77.47,161.320007,0.11,0.06735482,0.23607397,0.13846161,0.25326294,4H EMA 多头排列已连续维持；4H MACD 位于 Signal 上方；4H MACD 柱体连续扩张,4H 相对 EMA26 超过 2 ATR，短线偏追高；4H RSI 过热
299,ADI,Analog Devices,Information Technology,Prism,Nasdaq Liquid 500,126,43.91,49.87,46.1,86.8,50.0,38.75,37.5,,,,,,44.58,49.67,,22,confirmed_bearish_trend,64,fresh_below_zero_cross,41.27,362.0495,0.2,-0.01910189,-0.02701023,-0.04072522,-0.16578456,4H MACD 刚金叉但仍需零轴确认,4H EMA 空头排列
300,SKHY,SK hynix Inc. - American Depositary Shares,,Prism,Nasdaq Liquid 500,403,43.59,40.37,41.5,52.4,50.0,3.5,0.0,,,,,,34.0,42.8,,0,insufficient_data,0,insufficient_data,,,,,,,,,4H样本不足：32根
301,ACGL,Arch Capital Group,Financials,Prism,Nasdaq Liquid 500,138,43.44,49.67,40.9,98.0,50.0,39.29,38.1,,,,,,47.1,49.17,,38,bearish_transition,42,mixed_or_bearish,46.1,100.620003,0.22,-0.00039739,-0.03142897,-0.01545982,0.10353151,,4H EMA 转弱或跌破 EMA26；4H MACD 尚未确认多头
302,SWKS,Skyworks Solutions,Information Technology,Prism,Nasdaq Liquid 500,79,43.29,59.35,37.3,84.0,50.0,31.03,26.7,,,,,,50.64,50.88,,22,confirmed_bearish_trend,28,fresh_bearish_cross,45.38,60.650002,0.3,-0.02726537,-0.04427981,-0.03084052,-0.16298644,,4H EMA 空头排列；4H MACD 最近死叉
303,PTGX,PROTAGONIST THERAPEUTICS INC,Health Care,Prism,Nasdaq Liquid 500,211,43.11,49.07,40.9,97.2,50.0,40.51,39.45,,,,,,48.36,47.67,,41,bearish_transition,42,mixed_or_bearish,46.78,133.240005,0.09,-0.02381127,-0.01769385,0.01184699,0.18435560,,4H EMA 转弱或跌破 EMA26；4H MACD 尚未确认多头
304,STX,Seagate Technology,Information Technology,Prism,Nasdaq Liquid 500,161,43.08,49.49,51.7,67.2,50.0,41.18,40.2,,,,,,39.83,48.72,,28,confirmed_bearish_trend,58,bullish_above_signal,48.79,831.465027,0.18,-0.05641863,0.01729413,0.01377159,-0.22278464,4H MACD 位于 Signal 上方；4H RSI 位于健康强势区间,4H EMA 空头排列
305,COGT,COGENT BIOSCIENCES INC,Health Care,Prism,Nasdaq Liquid 500,226,43.07,48.95,40.9,97.2,50.0,39.29,38.1,,,,,,46.85,47.37,,38,bearish_transition,42,mixed_or_bearish,45.71,38.825001,0.18,-0.01334173,-0.04017305,0.00297086,0.12471034,,4H EMA 转弱或跌破 EMA26；4H MACD 尚未确认多头
306,GNTX,Gentex Corporation - Common Stock,,Prism,Nasdaq Liquid 500,346,43.0,41.19,51.7,86.0,50.0,35.63,35.7,,,,,,44.31,44.86,,22,confirmed_bearish_trend,58,bullish_above_signal,45.43,23.365,0.15,-0.00341224,0.02030568,-0.04710440,-0.09978809,4H MACD 位于 Signal 上方,4H EMA 空头排列
307,AMZN,Amazon,Consumer Discretionary,Prism,Nasdaq Liquid 500,29,42.27,67.17,50.2,11.2,50.0,53.32,49.8,,,,,,74.03,53.56,,46,mixed_sideways,78,bullish_above_signal,76.17,282.515015,0.23,0.04129968,0.22110570,0.16606825,0.15617816,4H MACD 位于 Signal 上方；4H MACD 柱体连续扩张,4H EMA 仍偏震荡；4H 相对 EMA26 超过 2 ATR，短线偏追高；4H RSI 过热
308,FHB,"First Hawaiian, Inc. - Common Stock",,Prism,Nasdaq Liquid 500,358,42.27,41.0,54.1,75.2,50.0,45.08,46.2,,,,,,41.84,44.37,,36,bearish_transition,72,fresh_below_zero_cross,45.03,28.135,0.11,0.00950840,0.01241450,-0.06107125,0.00770057,4H MACD 刚金叉但仍需零轴确认；4H MACD 柱体连续扩张,4H EMA 转弱或跌破 EMA26
309,INCY,Incyte,Health Care,Prism,Nasdaq Liquid 500,42,42.22,66.74,40.9,50.0,50.0,44.01,39.45,,,,,,56.1,52.47,,41,bearish_transition,42,mixed_or_bearish,47.81,118.785004,0.11,-0.01127847,-0.00113517,0.01655974,0.20906917,,4H EMA 转弱或跌破 EMA26；4H MACD 尚未确认多头
310,HONA,Honeywell Aerospace,Industrials,Prism,Nasdaq Liquid 500,306,42.16,41.59,41.5,40.0,50.0,3.5,0.0,,,,,,27.95,45.84,,0,insufficient_data,0,insufficient_data,,,,,,,,,4H样本不足：50根
311,LQDA,LIQUIDIA CORP,Health Care,Prism,Nasdaq Liquid 500,243,42.13,48.83,40.9,91.2,50.0,42.12,41.25,,,,,,45.36,47.07,,41,bearish_transition,42,mixed_or_bearish,49.91,83.449997,0.1,-0.02795575,-0.01137314,0.05699810,0.17551767,4H RSI 位于健康强势区间,4H EMA 转弱或跌破 EMA26；4H MACD 尚未确认多头
312,SNPS,Synopsys,Information Technology,Prism,Nasdaq Liquid 500,214,41.97,49.06,51.7,60.8,50.0,47.8,47.55,,,,,,36.96,47.64,,39,bearish_transition,66,bullish_above_signal,48.57,390.045013,0.16,0.01003444,0.00266061,-0.10759145,-0.14368038,4H MACD 位于 Signal 上方；4H MACD 柱体连续扩张；4H RSI 位于健康强势区间,4H EMA 转弱或跌破 EMA26
313,TMUS,T-Mobile US,Communication Services,Prism,Nasdaq Liquid 500,143,41.95,49.61,40.9,88.2,50.0,40.64,39.6,,,,,,50.16,49.03,,36,bearish_transition,50,mixed_or_bearish,45.78,177.300003,0.15,0.03666026,0.00033851,-0.00090163,-0.02383968,4H MACD 柱体连续扩张,4H EMA 转弱或跌破 EMA26；4H MACD 尚未确认多头
314,AMD,Advanced Micro Devices,Information Technology,Prism,Nasdaq Liquid 500,215,41.85,49.04,54.1,53.6,50.0,47.8,47.55,,,,,,34.29,47.61,,39,bearish_transition,72,fresh_below_zero_cross,46.78,485.410004,0.2,-0.01087121,-0.01951240,-0.06338518,-0.09578453,4H MACD 刚金叉但仍需零轴确认；4H MACD 柱体连续扩张,4H EMA 转弱或跌破 EMA26
315,SBUX,Starbucks,Consumer Discretionary,Prism,Nasdaq Liquid 500,125,41.42,49.88,51.7,55.2,50.0,47.66,47.4,,,,,,54.68,49.69,,44,bearish_transition,58,bullish_above_signal,48.95,104.375,0.15,-0.00538405,0.00680044,0.00110299,0.03742172,4H MACD 位于 Signal 上方；4H RSI 位于健康强势区间,4H EMA 转弱或跌破 EMA26
316,META,Meta Platforms,Communication Services,Prism,Nasdaq Liquid 500,83,41.18,59.32,40.9,60.4,50.0,42.64,39.6,,,,,,54.03,50.81,,36,bearish_transition,50,mixed_or_bearish,47.88,590.440796,0.21,0.07484783,-0.00587476,0.01337127,0.02290431,4H MACD 柱体连续扩张,4H EMA 转弱或跌破 EMA26；4H MACD 尚未确认多头
317,EQIX,Equinix,Real Estate,Prism,Nasdaq Liquid 500,71,41.16,59.43,40.9,60.0,50.0,36.43,32.7,,,,,,54.08,51.07,,22,confirmed_bearish_trend,42,mixed_or_bearish,48.15,1028.88501,0.12,-0.00235143,-0.01680408,0.02680058,-0.05712410,4H RSI 位于健康强势区间,4H EMA 空头排列；4H MACD 尚未确认多头
318,TIGO,Millicom International Cellular S.A. - Common Stock,,Prism,Nasdaq Liquid 500,296,41.09,48.44,40.9,85.2,50.0,39.29,38.1,,,,,,50.48,46.1,,38,bearish_transition,42,mixed_or_bearish,47.53,94.68,0.32,-0.00608862,-0.00801509,0.00932786,0.12180092,,4H EMA 转弱或跌破 EMA26；4H MACD 尚未确认多头
319,SIRI,SiriusXM Holdings Inc. - Common Stock,,Prism,Nasdaq Liquid 500,295,41.03,48.44,40.9,84.8,50.0,43.07,42.3,,,,,,50.5,46.1,,38,bearish_transition,50,mixed_or_bearish,48.42,30.41,0.24,0.01876047,-0.02516429,-0.00327761,0.08452207,4H MACD 柱体连续扩张；4H RSI 位于健康强势区间,4H EMA 转弱或跌破 EMA26；4H MACD 尚未确认多头
320,LPLA,LPL Financial Holdings Inc. - Common Stock,,Prism,Nasdaq Liquid 500,73,40.9,59.42,53.85,10.4,50.0,69.24,69.15,,,,,,75.24,51.05,,89,confirmed_bullish_trend,78,bullish_above_signal,80.83,359.5,0.23,0.02446459,0.08364732,0.21748849,0.22303871,4H EMA 多头排列已连续维持；4H MACD 位于 Signal 上方；4H MACD 柱体连续扩张,4H 相对 EMA26 超过 2 ATR，短线偏追高；4H RSI 过热
321,EA,Electronic Arts,Communication Services,Prism,Nasdaq Liquid 500,169,40.68,49.42,49.3,44.4,50.0,59.68,60.75,,,,,,57.79,48.56,,89,confirmed_bullish_trend,50,mixed_or_bearish,77.08,209.940002,0.44,0.00030972,0.00449762,0.02344853,0.03838169,4H EMA 多头排列已连续维持；4H MACD 柱体连续扩张,4H 相对 EMA26 超过 2 ATR，短线偏追高；4H MACD 尚未确认多头；4H RSI 过热
322,KMB,Kimberly-Clark,Consumer Staples,Prism,Nasdaq Liquid 500,179,40.63,49.34,40.9,80.0,50.0,40.91,39.9,,,,,,42.96,48.34,,38,bearish_transition,42,mixed_or_bearish,48.46,109.529999,0.44,-0.00191360,-0.01731563,-0.04499087,0.06837692,4H RSI 位于健康强势区间,4H EMA 转弱或跌破 EMA26；4H MACD 尚未确认多头
323,JD,"JD.com, Inc. - American Depositary Shares",,Prism,Nasdaq Liquid 500,56,40.51,59.7,53.85,7.2,50.0,67.08,66.75,,,,,,78.72,51.74,,89,confirmed_bullish_trend,70,bullish_above_signal,81.87,32.965,0.12,0.00228036,0.06510497,0.23765722,0.19568371,4H EMA 多头排列已连续维持；4H MACD 位于 Signal 上方,4H 相对 EMA26 超过 2 ATR，短线偏追高；4H RSI 过热
324,PGY,Pagaya Technologies Ltd. - Class A Ordinary Shares,,Prism,Nasdaq Liquid 500,51,40.48,59.77,53.85,6.8,50.0,69.24,69.15,,,,,,79.58,51.92,,89,confirmed_bullish_trend,78,bullish_above_signal,79.2,21.940001,0.42,0.15291644,0.29363221,0.23327711,0.40371088,4H EMA 多头排列已连续维持；4H MACD 位于 Signal 上方；4H MACD 柱体连续扩张,4H 相对 EMA26 超过 2 ATR，短线偏追高；4H RSI 过热
325,EXEL,"Exelixis, Inc. - Common Stock",,Prism,Nasdaq Liquid 500,331,40.37,41.39,40.9,96.8,50.0,39.86,40.4,,,,,,46.82,45.36,,36,bearish_transition,50,mixed_or_bearish,45.38,54.555,0.63,0.01876753,-0.02248703,-0.02336199,0.05085233,4H MACD 柱体连续扩张,4H EMA 转弱或跌破 EMA26；4H MACD 尚未确认多头
326,CLBK,COLUMBIA FINANCIAL INC,Financials,Prism,Nasdaq Liquid 500,489,40.35,38.05,54.4,1.8,50.0,46.3,47.55,,,,,,0.0,37.0,,55,mixed_sideways,42,mixed_or_bearish,52.43,10.73,0.16,-0.00785945,-0.01105991,0.11349052,0.17765037,4H RSI 位于健康强势区间,4H EMA 仍偏震荡；4H MACD 尚未确认多头
327,REG,Regency Centers,Real Estate,Prism,Nasdaq Liquid 500,178,40.07,49.36,32.9,97.6,50.0,36.32,34.8,,,,,,48.22,48.39,,36,bearish_transition,42,mixed_or_bearish,38.29,79.714996,0.3,-0.00901300,-0.03176249,-0.01537800,0.03701044,,4H EMA 转弱或跌破 EMA26；4H MACD 尚未确认多头；4H RSI 偏弱
328,PRAX,PRAXIS PRECISION MEDICINES INC,Health Care,Prism,Nasdaq Liquid 500,277,40.06,48.58,40.9,78.0,50.0,34.03,32.25,,,,,,42.2,46.44,,25,confirmed_bearish_trend,42,mixed_or_bearish,45.46,302.579987,0.15,-0.00900665,-0.04334636,-0.05123550,0.07240827,,4H EMA 空头排列；4H MACD 尚未确认多头
329,VRNS,VARONIS SYSTEMS INC,Information Technology,Prism,Nasdaq Liquid 500,267,40.0,48.64,32.9,98.8,50.0,38.48,37.2,,,,,,47.94,46.59,,36,bearish_transition,50,mixed_or_bearish,39.35,41.240002,0.14,0.02205710,-0.11653809,-0.03847044,0.23584067,4H MACD 柱体连续扩张,4H EMA 转弱或跌破 EMA26；4H MACD 尚未确认多头；4H RSI 偏弱
330,TW,Tradeweb Markets Inc. - Class A Common Stock,,Prism,Nasdaq Liquid 500,282,39.89,48.52,40.9,77.0,50.0,38.48,37.2,,,,,,51.5,46.3,,36,bearish_transition,42,mixed_or_bearish,46.73,99.305,0.3,-0.01765749,-0.02656471,-0.03437375,-0.00165880,,4H EMA 转弱或跌破 EMA26；4H MACD 尚未确认多头
331,CDNS,Cadence Design Systems,Information Technology,Prism,Nasdaq Liquid 500,187,39.87,49.29,43.7,67.6,50.0,44.02,43.35,,,,,,39.88,48.23,,39,bearish_transition,58,bullish_above_signal,43.97,337.679993,0.12,-0.00509711,-0.00348224,-0.09478880,-0.12775745,4H MACD 位于 Signal 上方,4H EMA 转弱或跌破 EMA26
332,FWONK,Liberty Media Corporation - Series C Liberty Formula One Common Stock,,Prism,Nasdaq Liquid 500,310,39.83,41.57,40.9,92.8,50.0,37.79,38.1,,,,,,49.0,45.8,,38,bearish_transition,42,mixed_or_bearish,46.81,98.0,0.53,-0.00193504,-0.00315327,-0.00537906,0.07941402,,4H EMA 转弱或跌破 EMA26；4H MACD 尚未确认多头
333,CALM,CAL MAINE FOODS INC,Consumer Staples,Prism,Nasdaq Liquid 500,74,39.71,59.39,40.9,50.4,50.0,41.29,38.1,,,,,,56.09,50.97,,38,bearish_transition,42,mixed_or_bearish,47.58,87.360001,0.13,-0.00336544,-0.01477385,0.04223337,0.12360130,,4H EMA 转弱或跌破 EMA26；4H MACD 尚未确认多头
334,TROW,T. Rowe Price,Financials,Prism,Nasdaq Liquid 500,185,39.7,49.31,32.9,95.2,50.0,36.32,34.8,,,,,,46.39,48.28,,36,bearish_transition,42,mixed_or_bearish,38.42,112.68,0.22,0.00111057,-0.05477728,-0.04967530,0.04662824,,4H EMA 转弱或跌破 EMA26；4H MACD 尚未确认多头；4H RSI 偏弱
335,SOUN,SOUNDHOUND AI INC CLASS A,Information Technology,Prism,Nasdaq Liquid 500,366,39.53,40.89,54.1,57.2,50.0,40.62,41.25,,,,,,35.52,44.1,,25,confirmed_bearish_trend,72,fresh_below_zero_cross,45.43,6.135,0.15,-0.00808407,-0.04323009,-0.06549886,-0.13955119,4H MACD 刚金叉但仍需零轴确认；4H MACD 柱体连续扩张,4H EMA 空头排列
336,FBRX,FORTE BIOSCIENCES INC,Health Care,Prism,Nasdaq Liquid 500,4,39.43,75.7,39.45,1.0,50.0,58.73,54.15,,,,,,100.0,58.0,,89,confirmed_bullish_trend,28,fresh_bearish_cross,81.64,76.699997,0.03,0.00065225,0.00235233,2.67073448,3.30656942,4H EMA 多头排列已连续维持,4H 相对 EMA26 超过 2 ATR，短线偏追高；4H MACD 最近死叉；4H RSI 过热
337,MCHP,Microchip Technology,Information Technology,Prism,Nasdaq Liquid 500,196,39.42,49.19,46.1,58.4,50.0,38.75,37.5,,,,,,36.17,47.98,,22,confirmed_bearish_trend,72,fresh_below_zero_cross,39.46,74.970001,0.2,-0.00372092,-0.03798279,-0.11487599,-0.24782532,4H MACD 刚金叉但仍需零轴确认；4H MACD 柱体连续扩张,4H EMA 空头排列；4H RSI 偏弱
338,TLN,Talen Energy Corporation - Common Stock,,Prism,Nasdaq Liquid 500,367,39.38,40.88,54.1,56.2,50.0,46.3,47.55,,,,,,35.41,44.08,,39,bearish_transition,72,fresh_below_zero_cross,46.06,345.125,0.22,0.03087007,-0.00600499,-0.05432254,-0.20868302,4H MACD 刚金叉但仍需零轴确认；4H MACD 柱体连续扩张,4H EMA 转弱或跌破 EMA26
339,ASML,ASML Holding N.V. - New York Registry Shares,,Prism,Nasdaq Liquid 500,356,39.37,41.01,46.1,77.2,50.0,46.3,47.55,,,,,,42.05,44.41,,39,bearish_transition,72,fresh_below_zero_cross,43.49,1646.060059,0.11,-0.00819443,-0.00610444,-0.07076807,-0.14680529,4H MACD 刚金叉但仍需零轴确认；4H MACD 柱体连续扩张,4H EMA 转弱或跌破 EMA26
340,RYAAY,"Ryanair Holdings plc - American Depositary Shares, each representing five Ordinary Shares",,Prism,Nasdaq Liquid 500,385,39.21,40.65,51.7,62.0,50.0,46.3,47.55,,,,,,37.49,43.5,,39,bearish_transition,66,bullish_above_signal,48.51,59.52,0.06,0.01207276,0.03576090,-0.09102020,-0.02760985,4H MACD 位于 Signal 上方；4H MACD 柱体连续扩张；4H RSI 位于健康强势区间,4H EMA 转弱或跌破 EMA26
341,ALGN,Align Technology,Health Care,Prism,Nasdaq Liquid 500,264,39.07,48.66,37.3,80.8,50.0,29.03,26.7,,,,,,43.24,46.65,,22,confirmed_bearish_trend,28,fresh_bearish_cross,46.4,171.639999,0.17,0.00786844,0.02172745,-0.06889442,-0.05723387,,4H EMA 空头排列；4H MACD 最近死叉
342,LNTH,LANTHEUS HOLDINGS INC,Health Care,Prism,Nasdaq Liquid 500,200,39.04,49.16,32.9,91.2,50.0,35.69,34.1,,,,,,49.47,47.89,,22,confirmed_bearish_trend,50,mixed_or_bearish,44.35,101.059998,0.77,0.01080211,-0.06425928,-0.08026938,-0.02714670,4H MACD 柱体连续扩张,4H EMA 空头排列；4H MACD 尚未确认多头
343,EXC,Exelon,Utilities,Prism,Nasdaq Liquid 500,122,38.95,49.91,32.9,88.8,50.0,30.65,28.5,,,,,,45.09,49.77,,22,confirmed_bearish_trend,42,mixed_or_bearish,39.5,45.455002,0.13,-0.00937117,-0.03635777,-0.05044907,-0.00796591,,4H EMA 空头排列；4H MACD 尚未确认多头；4H RSI 偏弱
344,BIIB,Biogen,Health Care,Prism,Nasdaq Liquid 500,127,38.8,49.86,37.3,76.2,50.0,35.51,33.9,,,,,,41.98,49.65,,38,bearish_transition,28,fresh_bearish_cross,45.39,200.725006,0.14,-0.02266530,0.00287291,-0.07127654,0.02144935,,4H EMA 转弱或跌破 EMA26；4H MACD 最近死叉
345,ALKS,ALKERMES,Health Care,Prism,Nasdaq Liquid 500,292,38.64,48.46,40.9,68.8,50.0,40.64,39.6,,,,,,40.78,46.16,,36,bearish_transition,50,mixed_or_bearish,45.68,50.165001,0.09,0.01982114,-0.04846358,-0.08072199,0.11676321,4H MACD 柱体连续扩张,4H EMA 转弱或跌破 EMA26；4H MACD 尚未确认多头
346,XMTR,XOMETRY INC CLASS A,Industrials,Prism,Nasdaq Liquid 500,378,38.58,40.73,54.1,51.2,50.0,46.3,47.55,,,,,,33.48,43.7,,39,bearish_transition,72,fresh_below_zero_cross,46.65,87.529999,0.36,0.02075801,0.01974719,-0.04568253,-0.06174297,4H MACD 刚金叉但仍需零轴确认；4H MACD 柱体连续扩张,4H EMA 转弱或跌破 EMA26
347,AAPL,Apple Inc.,Information Technology,Prism,Nasdaq Liquid 500,75,38.32,59.38,25.9,81.2,50.0,38.32,34.8,,,,,,51.03,50.96,,36,bearish_transition,42,mixed_or_bearish,36.4,305.545013,0.22,0.01442563,-0.09312299,-0.00867883,0.02569740,,4H EMA 转弱或跌破 EMA26；4H MACD 尚未确认多头；4H RSI 偏弱
348,POOL,Pool Corporation - Common Stock,,Prism,Nasdaq Liquid 500,400,37.92,40.4,51.7,54.0,50.0,45.08,46.2,,,,,,34.35,42.87,,36,bearish_transition,66,bullish_above_signal,48.48,192.070007,0.19,0.03536204,0.04136849,-0.12416779,-0.03487256,4H MACD 位于 Signal 上方；4H MACD 柱体连续扩张；4H RSI 位于健康强势区间,4H EMA 转弱或跌破 EMA26
349,SBRA,SABRA HEALTH CARE REIT INC,Real Estate,Prism,Nasdaq Liquid 500,163,37.72,49.47,32.9,81.6,50.0,37.13,35.7,,,,,,50.88,48.68,,38,bearish_transition,42,mixed_or_bearish,38.47,20.665001,0.15,-0.02730054,-0.07745531,0.02504965,0.14045253,,4H EMA 转弱或跌破 EMA26；4H MACD 尚未确认多头；4H RSI 偏弱
350,NBIX,"Neurocrine Biosciences, Inc. - Common Stock",,Prism,Nasdaq Liquid 500,294,37.66,48.45,32.9,83.6,50.0,38.48,37.2,,,,,,50.66,46.13,,36,bearish_transition,42,mixed_or_bearish,41.03,168.604996,0.17,0.00888584,-0.04440606,-0.03222939,0.06523248,,4H EMA 转弱或跌破 EMA26；4H MACD 尚未确认多头
351,SHOP,Shopify Inc. - Class A Subordinate Voting Shares,,Prism,Nasdaq Liquid 500,323,37.61,41.47,32.9,99.6,50.0,36.98,37.2,,,,,,47.74,45.55,,36,bearish_transition,42,mixed_or_bearish,42.93,117.529999,0.18,-0.00902191,-0.07383769,-0.01664992,0.08053693,,4H EMA 转弱或跌破 EMA26；4H MACD 尚未确认多头
352,CRNX,CRINETICS PHARMACEUTICALS INC,Health Care,Prism,Nasdaq Liquid 500,1,37.36,77.0,33.15,1.0,50.0,46.05,40.05,,,,,,100.0,61.25,,43,mixed_sideways,50,mixed_or_bearish,82.17,83.779999,0.08,0.00005965,-0.00047723,1.02857145,1.36666650,4H MACD 柱体连续扩张,4H EMA 仍偏震荡；4H 相对 EMA26 超过 2 ATR，短线偏追高；4H MACD 尚未确认多头；4H RSI 过热
353,GLPI,"Gaming and Leisure Properties, Inc. - Common Stock",,Prism,Nasdaq Liquid 500,286,37.19,48.49,32.9,80.4,50.0,32.81,30.9,,,,,,51.08,46.22,,22,confirmed_bearish_trend,42,mixed_or_bearish,44.55,44.259998,0.19,-0.00056457,-0.01753609,0.00682436,-0.00695540,,4H EMA 空头排列；4H MACD 尚未确认多头
354,VIAV,Viavi Solutions Inc. - Common Stock,,Prism,Nasdaq Liquid 500,422,37.13,40.04,54.1,43.2,50.0,47.91,49.35,,,,,,29.86,41.97,,39,bearish_transition,72,fresh_below_zero_cross,48.73,37.884998,0.16,0.02198538,-0.00694637,-0.09039625,-0.19633011,4H MACD 刚金叉但仍需零轴确认；4H MACD 柱体连续扩张；4H RSI 位于健康强势区间,4H EMA 转弱或跌破 EMA26
355,BBIO,"BridgeBio Pharma, Inc. - Common Stock",,Prism,Nasdaq Liquid 500,284,37.04,48.5,32.9,79.4,50.0,39.29,38.1,,,,,,51.19,46.24,,38,bearish_transition,42,mixed_or_bearish,43.18,80.139999,0.11,0.00068677,-0.04742658,0.03741099,0.20947776,,4H EMA 转弱或跌破 EMA26；4H MACD 尚未确认多头
356,LGN,LEGENCE CORP CLASS A,Industrials,Prism,Nasdaq Liquid 500,404,36.94,40.34,54.1,41.2,50.0,47.91,49.35,,,,,,28.6,42.72,,39,bearish_transition,72,fresh_below_zero_cross,49.15,66.0,0.11,0.00763359,-0.02410169,-0.12997628,-0.22825067,4H MACD 刚金叉但仍需零轴确认；4H MACD 柱体连续扩张；4H RSI 位于健康强势区间,4H EMA 转弱或跌破 EMA26
357,POWL,"Powell Industries, Inc. - Common Stock",,Prism,Nasdaq Liquid 500,424,36.94,40.01,54.1,42.0,50.0,46.3,47.55,,,,,,29.54,41.91,,39,bearish_transition,72,fresh_below_zero_cross,46.96,216.774994,0.32,0.00762312,-0.01158155,-0.11998136,-0.27060907,4H MACD 刚金叉但仍需零轴确认；4H MACD 柱体连续扩张,4H EMA 转弱或跌破 EMA26
358,OLED,Universal Display Corporation - Common Stock,,Prism,Nasdaq Liquid 500,249,36.94,48.76,40.9,56.8,50.0,32.81,30.9,,,,,,54.47,46.89,,22,confirmed_bearish_trend,42,mixed_or_bearish,45.21,79.779999,0.15,0.00567247,-0.02134443,0.01436741,-0.10238522,,4H EMA 空头排列；4H MACD 尚未确认多头
359,SYRE,SPYRE THERAPEUTICS INC,Health Care,Prism,Nasdaq Liquid 500,184,36.88,49.32,32.9,76.4,50.0,39.29,38.1,,,,,,51.52,48.3,,38,bearish_transition,42,mixed_or_bearish,44.01,95.07,0.25,-0.03019483,-0.05034463,0.09742587,0.07703640,,4H EMA 转弱或跌破 EMA26；4H MACD 尚未确认多头
360,SNY,Sanofi - American Depositary Shares,,Prism,Nasdaq Liquid 500,283,36.84,48.5,32.9,78.0,50.0,38.48,37.2,,,,,,51.28,46.26,,36,bearish_transition,42,mixed_or_bearish,43.43,42.840199,0.14,-0.00081169,-0.02658030,-0.00786941,0.01121673,,4H EMA 转弱或跌破 EMA26；4H MACD 尚未确认多头
361,SANM,Sanmina Corporation - Common Stock,,Prism,Nasdaq Liquid 500,429,36.74,39.94,54.1,40.8,50.0,47.91,49.35,,,,,,28.59,41.72,,39,bearish_transition,72,fresh_below_zero_cross,48.1,193.309998,0.2,0.01220024,-0.07626514,-0.11991804,-0.19984270,4H MACD 刚金叉但仍需零轴确认；4H MACD 柱体连续扩张；4H RSI 位于健康强势区间,4H EMA 转弱或跌破 EMA26
362,RPRX,Royalty Pharma plc - Class A Ordinary Shares,,Prism,Nasdaq Liquid 500,337,36.67,41.33,32.9,93.6,50.0,35.63,35.7,,,,,,46.06,45.21,,38,bearish_transition,42,mixed_or_bearish,39.86,57.16,0.33,-0.02424039,-0.02640094,-0.01021645,0.07940700,,4H EMA 转弱或跌破 EMA26；4H MACD 尚未确认多头；4H RSI 偏弱
363,GRAB,Grab Holdings Limited - Class A Ordinary Shares,,Prism,Nasdaq Liquid 500,360,36.59,40.99,65.2,74.4,50.0,53.18,55.2,,,,,,41.75,44.35,,56,mixed_sideways,66,bullish_above_signal,58.85,3.625,0.29,0.05072464,0.08695652,-0.07051282,0.01398601,4H MACD 位于 Signal 上方；4H MACD 柱体连续扩张；4H RSI 位于健康强势区间,4H EMA 仍偏震荡
364,MNST,Monster Beverage,Consumer Staples,Prism,Nasdaq Liquid 500,173,36.55,49.4,29.3,83.6,50.0,32.54,30.6,,,,,,43.68,48.49,,36,bearish_transition,28,fresh_bearish_cross,39.85,93.275002,0.37,-0.03161335,-0.02104321,-0.04441142,0.02096104,,4H EMA 转弱或跌破 EMA26；4H MACD 最近死叉；4H RSI 偏弱
365,LAMR,Lamar Advertising Company - Class A Common Stock,,Prism,Nasdaq Liquid 500,280,36.49,48.53,32.9,75.6,50.0,38.48,37.2,,,,,,51.64,46.33,,36,bearish_transition,42,mixed_or_bearish,42.65,157.080002,0.31,-0.01176467,-0.02437814,-0.00329952,0.04957903,,4H EMA 转弱或跌破 EMA26；4H MACD 尚未确认多头
366,MKSI,MKS Inc. - Common Stock,,Prism,Nasdaq Liquid 500,436,36.47,39.85,54.1,39.2,50.0,46.3,47.55,,,,,,27.48,41.5,,39,bearish_transition,72,fresh_below_zero_cross,47.89,310.73999,0.2,0.02270930,-0.01539929,-0.15026392,-0.23457401,4H MACD 刚金叉但仍需零轴确认；4H MACD 柱体连续扩张,4H EMA 转弱或跌破 EMA26
367,ENPH,"Enphase Energy, Inc. - Common Stock",,Prism,Nasdaq Liquid 500,398,36.25,40.43,51.7,42.8,50.0,46.3,47.55,,,,,,29.8,42.96,,39,bearish_transition,66,bullish_above_signal,49.19,38.945,0.18,0.03412108,0.02410304,-0.09682280,-0.25563838,4H MACD 位于 Signal 上方；4H MACD 柱体连续扩张；4H RSI 位于健康强势区间,4H EMA 转弱或跌破 EMA26
368,RVMD,"Revolution Medicines, Inc. - Common Stock",,Prism,Nasdaq Liquid 500,352,36.24,41.09,37.3,79.6,50.0,36.44,36.6,,,,,,42.93,44.59,,44,bearish_transition,28,fresh_bearish_cross,46.06,182.509995,0.23,-0.03285471,-0.03095466,-0.03510441,0.11993372,,4H EMA 转弱或跌破 EMA26；4H MACD 最近死叉
369,VRSK,Verisk Analytics,Industrials,Prism,Nasdaq Liquid 500,221,36.22,48.97,32.9,72.8,50.0,38.48,37.2,,,,,,52.12,47.42,,36,bearish_transition,42,mixed_or_bearish,41.99,192.139999,0.17,-0.01317379,-0.07026035,0.02039297,0.10609632,,4H EMA 转弱或跌破 EMA26；4H MACD 尚未确认多头
370,CINF,Cincinnati Financial,Financials,Prism,Nasdaq Liquid 500,195,36.06,49.2,32.9,71.2,50.0,40.64,39.6,,,,,,41.19,47.99,,36,bearish_transition,50,mixed_or_bearish,44.91,177.119995,0.17,0.00232012,-0.03901038,-0.07730783,0.04065804,4H MACD 柱体连续扩张,4H EMA 转弱或跌破 EMA26；4H MACD 尚未确认多头
371,CSX,CSX Corporation,Industrials,Prism,Nasdaq Liquid 500,217,35.87,49.0,32.9,70.4,50.0,39.29,38.1,,,,,,52.43,47.49,,38,bearish_transition,42,mixed_or_bearish,43.79,49.805,0.19,-0.00964408,-0.03814212,0.01892387,0.09221496,,4H EMA 转弱或跌破 EMA26；4H MACD 尚未确认多头
372,IBKR,Interactive Brokers,Financials,Prism,Nasdaq Liquid 500,304,35.81,41.62,32.9,87.2,50.0,31.31,30.9,,,,,,44.61,45.92,,22,confirmed_bearish_trend,42,mixed_or_bearish,40.55,87.260002,0.16,-0.01999100,-0.05429712,-0.04435435,-0.09104165,,4H EMA 空头排列；4H MACD 尚未确认多头
373,CHDN,"Churchill Downs, Incorporated - Common Stock",,Prism,Nasdaq Liquid 500,343,35.79,41.23,32.9,88.0,50.0,31.31,30.9,,,,,,44.76,44.95,,22,confirmed_bearish_trend,42,mixed_or_bearish,43.38,82.815002,0.17,-0.02564858,-0.06094795,-0.08974501,-0.06201154,,4H EMA 空头排列；4H MACD 尚未确认多头
374,APP,AppLovin,Information Technology,Prism,Nasdaq Liquid 500,324,35.71,41.45,51.7,36.8,50.0,43.46,44.4,,,,,,26.28,45.51,,36,bearish_transition,66,bullish_above_signal,45.39,412.119995,0.14,0.04998725,-0.00113915,-0.21760261,-0.12195328,4H MACD 位于 Signal 上方；4H MACD 柱体连续扩张,4H EMA 转弱或跌破 EMA26
375,TVTX,TRAVERE THERAPEUTICS INC,Health Care,Prism,Nasdaq Liquid 500,289,35.57,48.48,32.9,69.6,50.0,38.48,37.2,,,,,,40.95,46.19,,36,bearish_transition,42,mixed_or_bearish,40.18,54.209999,0.33,-0.03213710,-0.04425250,-0.04744335,-0.01597388,,4H EMA 转弱或跌破 EMA26；4H MACD 尚未确认多头
376,ACHC,ACADIA HEALTHCARE COMPANY INC,Health Care,Prism,Nasdaq Liquid 500,317,35.49,41.53,40.9,64.0,50.0,39.14,39.6,,,,,,38.46,45.69,,36,bearish_transition,50,mixed_or_bearish,45.75,30.379999,0.12,0.03017969,-0.06523080,-0.04824565,0.22057052,4H MACD 柱体连续扩张,4H EMA 转弱或跌破 EMA26；4H MACD 尚未确认多头
377,SMTC,Semtech Corporation - Common Stock,,Prism,Nasdaq Liquid 500,445,35.46,39.63,54.1,33.0,50.0,46.3,47.55,,,,,,24.7,40.94,,39,bearish_transition,72,fresh_below_zero_cross,45.76,119.290001,0.23,-0.00583379,-0.01843165,-0.11865537,-0.24628800,4H MACD 刚金叉但仍需零轴确认；4H MACD 柱体连续扩张,4H EMA 转弱或跌破 EMA26
378,ONC,BeOne Medicines Ltd. - American Depositary Shares,,Prism,Nasdaq Liquid 500,266,35.32,48.64,32.9,67.6,50.0,39.29,38.1,,,,,,53.02,46.6,,38,bearish_transition,42,mixed_or_bearish,41.85,311.065002,0.21,-0.01311869,-0.04522709,0.04426278,0.15045210,,4H EMA 转弱或跌破 EMA26；4H MACD 尚未确认多头
379,FROG,JFROG LTD,Information Technology,Prism,Nasdaq Liquid 500,428,35.3,39.95,54.1,31.2,50.0,47.91,49.35,,,,,,23.79,41.76,,39,bearish_transition,72,fresh_below_zero_cross,49.53,81.555,0.1,0.02353163,0.00449560,-0.13944283,-0.01366630,4H MACD 刚金叉但仍需零轴确认；4H MACD 柱体连续扩张；4H RSI 位于健康强势区间,4H EMA 转弱或跌破 EMA26
380,ENTG,"Entegris, Inc. - Common Stock",,Prism,Nasdaq Liquid 500,447,35.23,39.58,54.1,31.6,50.0,46.3,47.55,,,,,,24.1,40.82,,39,bearish_transition,72,fresh_below_zero_cross,46.37,123.669998,0.18,0.00996326,-0.02213966,-0.15692960,-0.30825596,4H MACD 刚金叉但仍需零轴确认；4H MACD 柱体连续扩张,4H EMA 转弱或跌破 EMA26
381,DKNG,DraftKings Inc. - Class A Common Stock,,Prism,Nasdaq Liquid 500,396,35.17,40.48,43.7,56.8,50.0,33.47,33.3,,,,,,35.42,43.08,,22,confirmed_bearish_trend,58,bullish_above_signal,39.17,23.190001,0.29,-0.01298148,-0.03815844,-0.10394119,-0.12109149,4H MACD 位于 Signal 上方,4H EMA 空头排列；4H RSI 偏弱
382,AGNC,AGNC Investment Corp. - Common Stock,,Prism,Nasdaq Liquid 500,309,35.13,41.57,29.3,92.4,50.0,27.53,26.7,,,,,,49.01,45.8,,22,confirmed_bearish_trend,28,fresh_bearish_cross,41.46,10.63,0.26,-0.00187793,0.00000000,-0.03363636,0.02359172,,4H EMA 空头排列；4H MACD 最近死叉
383,INHD,Inno Holdings Inc. - Common Stock,,Prism,Nasdaq Liquid 500,499,35.05,37.65,41.5,1.8,50.0,3.5,0.0,,,,,,0.0,36.0,,0,insufficient_data,0,insufficient_data,,,,,,,,,4H样本不足：48根
384,MBLY,Mobileye Global Inc. - Class A Common Stock,,Prism,Nasdaq Liquid 500,449,34.98,39.53,54.1,30.0,50.0,45.08,46.2,,,,,,23.54,40.71,,36,bearish_transition,72,fresh_below_zero_cross,45.7,8.155,0.07,0.01810237,0.01937500,-0.14963504,-0.03605201,4H MACD 刚金叉但仍需零轴确认；4H MACD 柱体连续扩张,4H EMA 转弱或跌破 EMA26
385,STRL,"Sterling Infrastructure, Inc. - Common Stock",,Prism,Nasdaq Liquid 500,450,34.91,39.53,54.1,29.6,50.0,46.3,47.55,,,,,,23.46,40.69,,39,bearish_transition,72,fresh_below_zero_cross,47.62,613.815002,0.35,0.00325255,-0.03278339,-0.12540788,-0.28817362,4H MACD 刚金叉但仍需零轴确认；4H MACD 柱体连续扩张,4H EMA 转弱或跌破 EMA26
386,EBAY,eBay Inc.,Consumer Discretionary,Prism,Nasdaq Liquid 500,242,34.85,48.83,29.3,73.6,50.0,32.54,30.6,,,,,,41.66,47.08,,36,bearish_transition,28,fresh_bearish_cross,38.18,108.139999,0.5,-0.04923592,-0.04469963,-0.05817803,-0.00092386,,4H EMA 转弱或跌破 EMA26；4H MACD 最近死叉；4H RSI 偏弱
387,LRCX,Lam Research,Information Technology,Prism,Nasdaq Liquid 500,325,34.75,41.45,51.7,30.4,50.0,44.68,45.75,,,,,,23.75,45.5,,39,bearish_transition,66,bullish_above_signal,45.45,292.437988,0.15,-0.03625763,0.00287374,-0.16812317,-0.24716700,4H MACD 位于 Signal 上方；4H MACD 柱体连续扩张,4H EMA 转弱或跌破 EMA26
388,ICLR,ICON plc - Ordinary Shares,,Prism,Nasdaq Liquid 500,350,34.73,41.11,32.9,81.2,50.0,34.82,34.8,,,,,,43.32,44.66,,36,bearish_transition,42,mixed_or_bearish,38.18,159.490005,0.31,-0.03543998,-0.05404717,-0.07814572,0.09239729,,4H EMA 转弱或跌破 EMA26；4H MACD 尚未确认多头；4H RSI 偏弱
389,CACC,Credit Acceptance Corporation - Common Stock,,Prism,Nasdaq Liquid 500,410,34.59,40.2,46.1,47.2,50.0,46.3,47.55,,,,,,31.86,42.37,,39,bearish_transition,72,fresh_below_zero_cross,41.62,570.284973,0.18,0.00222304,0.03116352,-0.13070294,-0.01598657,4H MACD 刚金叉但仍需零轴确认；4H MACD 柱体连续扩张,4H EMA 转弱或跌破 EMA26
390,LGND,LIGAND PHARMACEUTICALS INC,Health Care,Prism,Nasdaq Liquid 500,166,34.53,49.45,32.9,60.4,50.0,38.48,37.2,,,,,,36.91,48.63,,36,bearish_transition,42,mixed_or_bearish,42.38,289.850006,0.16,-0.00821213,-0.02564880,-0.09189168,0.05465204,,4H EMA 转弱或跌破 EMA26；4H MACD 尚未确认多头
391,AMAT,Applied Materials,Information Technology,Prism,Nasdaq Liquid 500,328,34.5,41.42,51.7,28.8,50.0,44.68,45.75,,,,,,23.42,45.43,,39,bearish_transition,66,bullish_above_signal,47.69,515.190002,0.17,-0.00799096,-0.00328893,-0.14608214,-0.16471031,4H MACD 位于 Signal 上方；4H MACD 柱体连续扩张,4H EMA 转弱或跌破 EMA26
392,FLEX,Flex Ltd.,Information Technology,Prism,Nasdaq Liquid 500,427,34.48,40.0,51.7,32.0,50.0,44.68,45.75,,,,,,24.34,41.87,,39,bearish_transition,66,bullish_above_signal,47.1,116.239998,0.13,0.00950976,0.00172352,-0.15072695,-0.21241276,4H MACD 位于 Signal 上方；4H MACD 柱体连续扩张,4H EMA 转弱或跌破 EMA26
393,XEL,Xcel Energy,Utilities,Prism,Nasdaq Liquid 500,265,34.45,48.66,25.9,80.4,50.0,30.65,28.5,,,,,,43.23,46.65,,22,confirmed_bearish_trend,42,mixed_or_bearish,34.26,77.57,0.33,-0.00792943,-0.03902380,-0.05321616,0.00245545,,4H EMA 空头排列；4H MACD 尚未确认多头；4H RSI 偏弱
394,CZR,"Caesars Entertainment, Inc. - Common Stock",,Prism,Nasdaq Liquid 500,354,34.35,41.06,32.9,78.8,50.0,39.14,39.6,,,,,,42.67,44.53,,36,bearish_transition,50,mixed_or_bearish,43.86,29.705,0.16,-0.00084090,-0.00867679,-0.02254028,0.01659826,4H MACD 柱体连续扩张,4H EMA 转弱或跌破 EMA26；4H MACD 尚未确认多头
395,DFTX,DEFINIUM THERAPEUTICS INC,Health Care,Prism,Nasdaq Liquid 500,288,34.19,48.48,29.3,70.0,50.0,36.73,35.25,,,,,,40.96,46.19,,41,bearish_transition,28,fresh_bearish_cross,44.61,42.0,0.3,-0.04393353,-0.01489382,-0.04934359,0.71779134,,4H EMA 转弱或跌破 EMA26；4H MACD 最近死叉
396,EVRG,Evergy,Utilities,Prism,Nasdaq Liquid 500,140,34.08,49.65,25.9,75.6,50.0,32.81,30.9,,,,,,41.87,49.12,,22,confirmed_bearish_trend,50,mixed_or_bearish,34.09,83.080002,0.17,-0.00192210,-0.03226553,-0.05730166,0.00703033,4H MACD 柱体连续扩张,4H EMA 空头排列；4H MACD 尚未确认多头；4H RSI 偏弱
397,COKE,"Coca-Cola Consolidated, Inc. - Common Stock",,Prism,Nasdaq Liquid 500,371,34.04,40.79,37.3,65.6,50.0,35.23,35.25,,,,,,39.32,43.86,,41,bearish_transition,28,fresh_bearish_cross,46.21,183.119995,0.31,-0.02325582,-0.01780737,-0.06346854,0.00836998,,4H EMA 转弱或跌破 EMA26；4H MACD 最近死叉
398,GLXY,Galaxy Digital Inc. - Class A common stock,,Prism,Nasdaq Liquid 500,463,33.73,39.22,54.1,22.4,50.0,46.3,47.55,,,,,,19.59,39.92,,39,bearish_transition,72,fresh_below_zero_cross,45.73,21.68,0.16,0.02506395,-0.04535443,-0.11834079,-0.36571094,4H MACD 刚金叉但仍需零轴确认；4H MACD 柱体连续扩张,4H EMA 转弱或跌破 EMA26
399,ROIV,Roivant Sciences Ltd. - Common Shares,,Prism,Nasdaq Liquid 500,361,33.36,40.97,32.9,72.4,50.0,36.98,37.2,,,,,,41.5,44.3,,36,bearish_transition,42,mixed_or_bearish,40.45,33.1451,0.33,-0.02053487,-0.04508496,-0.05677004,0.05557643,,4H EMA 转弱或跌破 EMA26；4H MACD 尚未确认多头
400,SEDG,"SolarEdge Technologies, Inc. - Common Stock",,Prism,Nasdaq Liquid 500,459,33.17,39.34,51.7,24.8,50.0,45.39,46.55,,,,,,21.13,40.23,,39,bearish_transition,66,bullish_above_signal,47.31,44.18,0.57,0.06689206,0.02339592,-0.15687026,-0.24024078,4H MACD 位于 Signal 上方；4H MACD 柱体连续扩张,4H EMA 转弱或跌破 EMA26
401,UCTT,ULTRA CLEAN HOLDINGS INC,Information Technology,Prism,Nasdaq Liquid 500,460,33.1,39.31,54.1,18.0,50.0,47.91,49.35,,,,,,15.68,40.14,,39,bearish_transition,72,fresh_below_zero_cross,49.45,89.269997,0.34,0.04226497,0.02644585,-0.16382545,-0.26393472,4H MACD 刚金叉但仍需零轴确认；4H MACD 柱体连续扩张；4H RSI 位于健康强势区间,4H EMA 转弱或跌破 EMA26
402,SIMO,"Silicon Motion Technology Corporation - American Depositary Shares, each representing four ordinary shares",,Prism,Nasdaq Liquid 500,461,33.1,39.3,51.7,24.4,50.0,46.3,47.55,,,,,,20.63,40.13,,39,bearish_transition,66,bullish_above_signal,48.0,256.220001,0.28,-0.02466696,0.04887834,-0.14975943,-0.20230389,4H MACD 位于 Signal 上方；4H MACD 柱体连续扩张；4H RSI 位于健康强势区间,4H EMA 转弱或跌破 EMA26
403,AAON,"AAON, Inc. - Common Stock",,Prism,Nasdaq Liquid 500,437,33.0,39.78,46.1,37.6,50.0,42.92,43.8,,,,,,26.61,41.32,,36,bearish_transition,72,fresh_below_zero_cross,39.73,92.605003,0.15,0.00461058,-0.08330028,-0.13903863,-0.32261723,4H MACD 刚金叉但仍需零轴确认；4H MACD 柱体连续扩张,4H EMA 转弱或跌破 EMA26；4H RSI 偏弱
404,MSTR,Strategy Inc - Class A Common Stock,,Prism,Nasdaq Liquid 500,407,32.97,40.31,40.9,50.0,50.0,40.76,41.4,,,,,,33.19,42.64,,36,bearish_transition,50,mixed_or_bearish,48.69,95.610001,0.13,0.02421000,-0.03070792,-0.05177032,-0.15058633,4H MACD 柱体连续扩张；4H RSI 位于健康强势区间,4H EMA 转弱或跌破 EMA26；4H MACD 尚未确认多头
405,TSLA,"Tesla, Inc.",Consumer Discretionary,Prism,Nasdaq Liquid 500,416,32.95,40.15,46.1,36.4,50.0,46.3,47.55,,,,,,26.19,42.24,,39,bearish_transition,72,fresh_below_zero_cross,40.03,321.339996,0.15,0.03491142,0.03912821,-0.18196632,-0.19751267,4H MACD 刚金叉但仍需零轴确认；4H MACD 柱体连续扩张,4H EMA 转弱或跌破 EMA26
406,ALM,Almonty Industries Inc. - Common Shares,,Prism,Nasdaq Liquid 500,471,32.89,38.89,54.1,17.6,50.0,45.08,46.2,,,,,,15.45,39.09,,36,bearish_transition,72,fresh_below_zero_cross,47.29,12.715,0.29,0.11388524,-0.04756554,-0.19115776,-0.32331031,4H MACD 刚金叉但仍需零轴确认；4H MACD 柱体连续扩张,4H EMA 转弱或跌破 EMA26
407,RUN,SUNRUN INC,Industrials,Prism,Nasdaq Liquid 500,448,32.76,39.53,51.7,21.6,50.0,44.68,45.75,,,,,,18.57,40.71,,39,bearish_transition,66,bullish_above_signal,47.21,10.425,0.16,0.06486210,0.04458918,-0.18235294,-0.23005908,4H MACD 位于 Signal 上方；4H MACD 柱体连续扩张,4H EMA 转弱或跌破 EMA26
408,CELH,"Celsius Holdings, Inc. - Common Stock",,Prism,Nasdaq Liquid 500,426,32.72,40.0,43.7,41.6,50.0,35.63,35.7,,,,,,29.39,41.88,,22,confirmed_bearish_trend,58,bullish_above_signal,42.93,28.24,0.28,-0.02773235,-0.01910389,-0.14875657,-0.08341445,4H MACD 位于 Signal 上方,4H EMA 空头排列
409,PENG,PENGUIN SOLUTIONS INC,Information Technology,Prism,Nasdaq Liquid 500,455,32.53,39.41,51.7,20.4,50.0,44.68,45.75,,,,,,16.97,40.39,,39,bearish_transition,66,bullish_above_signal,46.84,54.049999,0.13,0.02425619,0.02952379,-0.12042314,-0.19508567,4H MACD 位于 Signal 上方；4H MACD 柱体连续扩张,4H EMA 转弱或跌破 EMA26
410,CELC,CELCUITY INC,Health Care,Prism,Nasdaq Liquid 500,440,32.47,39.74,51.7,19.2,50.0,44.68,45.75,,,,,,16.12,41.22,,39,bearish_transition,66,bullish_above_signal,45.14,86.809998,0.11,0.00521071,0.05621117,-0.19627816,-0.01127568,4H MACD 位于 Signal 上方；4H MACD 柱体连续扩张,4H EMA 转弱或跌破 EMA26
411,VRTX,Vertex Pharmaceuticals,Health Care,Prism,Nasdaq Liquid 500,181,32.42,49.33,29.3,56.2,50.0,34.7,33.0,,,,,,35.41,48.33,,36,bearish_transition,28,fresh_bearish_cross,40.67,470.795013,0.37,-0.01153708,-0.01708814,-0.10823299,0.04266608,,4H EMA 转弱或跌破 EMA26；4H MACD 最近死叉
412,COIN,Coinbase,Financials,Prism,Nasdaq Liquid 500,239,32.41,48.87,32.9,47.6,50.0,34.97,33.3,,,,,,32.13,47.18,,22,confirmed_bearish_trend,50,mixed_or_bearish,40.63,150.699997,0.19,0.02544903,-0.10045963,-0.08934347,-0.07670631,4H MACD 柱体连续扩张,4H EMA 空头排列；4H MACD 尚未确认多头
413,ICHR,ICHOR HOLDINGS LTD,Information Technology,Prism,Nasdaq Liquid 500,468,32.21,38.99,54.1,12.8,50.0,47.91,49.35,,,,,,11.75,39.35,,39,bearish_transition,72,fresh_below_zero_cross,49.33,80.485001,0.29,0.04522309,0.02869380,-0.18048058,-0.18347366,4H MACD 刚金叉但仍需零轴确认；4H MACD 柱体连续扩张；4H RSI 位于健康强势区间,4H EMA 转弱或跌破 EMA26
414,MRVL,Marvell Technology,Information Technology,Prism,Nasdaq Liquid 500,370,32.19,40.83,51.7,14.8,50.0,44.68,45.75,,,,,,12.99,43.95,,39,bearish_transition,66,bullish_above_signal,47.68,192.779999,0.18,-0.00382392,0.01849112,-0.21480940,-0.37982951,4H MACD 位于 Signal 上方；4H MACD 柱体连续扩张,4H EMA 转弱或跌破 EMA26
415,CAMT,Camtek Ltd. - Ordinary Shares,,Prism,Nasdaq Liquid 500,377,32.08,40.74,32.9,64.4,50.0,39.14,39.6,,,,,,38.6,43.72,,36,bearish_transition,50,mixed_or_bearish,44.33,137.440002,0.17,0.01439218,-0.09286511,-0.03449247,-0.29503489,4H MACD 柱体连续扩张,4H EMA 转弱或跌破 EMA26；4H MACD 尚未确认多头
416,SNDK,Sandisk,Information Technology,Prism,Nasdaq Liquid 500,412,31.9,40.18,54.1,8.0,50.0,46.3,47.55,,,,,,7.86,42.32,,39,bearish_transition,72,fresh_below_zero_cross,45.58,1298.089966,0.18,0.03418244,0.01476705,-0.25515919,-0.40550308,4H MACD 刚金叉但仍需零轴确认；4H MACD 柱体连续扩张,4H EMA 转弱或跌破 EMA26
417,BTDR,BITDEER TECHNOLOGIES GROUP CLASS A,Information Technology,Prism,Nasdaq Liquid 500,465,31.68,39.2,51.7,15.2,50.0,46.3,47.55,,,,,,14.35,39.87,,39,bearish_transition,66,bullish_above_signal,48.58,11.28,0.15,0.06114770,-0.00616740,-0.18497110,-0.37193760,4H MACD 位于 Signal 上方；4H MACD 柱体连续扩张；4H RSI 位于健康强势区间,4H EMA 转弱或跌破 EMA26
418,ECHO,EchoStar,Communication Services,Prism,Nasdaq Liquid 500,340,31.68,41.25,39.1,44.0,50.0,37.25,37.5,,,,,,30.06,45.01,,22,confirmed_bearish_trend,72,fresh_below_zero_cross,36.59,84.525002,0.17,-0.00165473,-0.02519890,-0.16715929,,4H MACD 刚金叉但仍需零轴确认；4H MACD 柱体连续扩张,4H EMA 空头排列；4H RSI 偏弱
419,CECO,CECO ENVIRONMENTAL CORP,Industrials,Prism,Nasdaq Liquid 500,433,31.67,39.91,46.1,28.4,50.0,42.92,43.8,,,,,,23.29,41.66,,36,bearish_transition,72,fresh_below_zero_cross,39.71,67.589897,0.13,0.01137057,-0.08315388,-0.17723804,-0.31248196,4H MACD 刚金叉但仍需零轴确认；4H MACD 柱体连续扩张,4H EMA 转弱或跌破 EMA26；4H RSI 偏弱
420,QS,QuantumScape Corporation - Common Stock,,Prism,Nasdaq Liquid 500,474,31.6,38.8,51.7,15.6,50.0,44.68,45.75,,,,,,14.41,38.88,,39,bearish_transition,66,bullish_above_signal,46.98,5.45,0.06,0.03710752,0.05415861,-0.22804533,-0.32256060,4H MACD 位于 Signal 上方；4H MACD 柱体连续扩张,4H EMA 转弱或跌破 EMA26
421,TXN,Texas Instruments,Information Technology,Prism,Nasdaq Liquid 500,160,31.44,49.49,22.3,68.0,50.0,26.87,24.3,,,,,,39.89,48.73,,22,confirmed_bearish_trend,28,fresh_bearish_cross,36.61,268.339996,0.16,-0.03056356,-0.03975672,-0.08441378,-0.16817013,,4H EMA 空头排列；4H MACD 最近死叉；4H RSI 偏弱
422,IBRX,IMMUNITYBIO INC,Health Care,Prism,Nasdaq Liquid 500,457,31.32,39.37,51.7,12.4,50.0,44.68,45.75,,,,,,11.56,40.31,,39,bearish_transition,66,bullish_above_signal,45.0,7.2,0.15,-0.01504788,0.02930665,-0.23647932,-0.02040816,4H MACD 位于 Signal 上方；4H MACD 柱体连续扩张,4H EMA 转弱或跌破 EMA26
423,JBHT,J.B. Hunt,Industrials,Prism,Nasdaq Liquid 500,330,31.28,41.41,25.9,76.2,50.0,31.31,30.9,,,,,,41.98,45.4,,22,confirmed_bearish_trend,50,mixed_or_bearish,36.78,267.589996,0.23,-0.02110766,-0.04762076,-0.06306026,-0.01400206,4H MACD 柱体连续扩张,4H EMA 空头排列；4H MACD 尚未确认多头；4H RSI 偏弱
424,NVTS,NAVITAS SEMICONDUCTOR CORP,Information Technology,Prism,Nasdaq Liquid 500,411,31.07,40.19,51.7,8.8,50.0,46.3,47.55,,,,,,8.04,42.36,,39,bearish_transition,66,bullish_above_signal,48.8,11.66,0.19,0.05234657,0.02191060,-0.19447323,-0.51376147,4H MACD 位于 Signal 上方；4H MACD 柱体连续扩张；4H RSI 位于健康强势区间,4H EMA 转弱或跌破 EMA26
425,RMBS,"Rambus, Inc. - Common Stock",,Prism,Nasdaq Liquid 500,458,30.99,39.35,46.1,25.2,50.0,46.3,47.55,,,,,,21.31,40.26,,39,bearish_transition,72,fresh_below_zero_cross,43.86,92.739998,0.18,0.00509376,-0.03706780,-0.17921940,-0.34287540,4H MACD 刚金叉但仍需零轴确认；4H MACD 柱体连续扩张,4H EMA 转弱或跌破 EMA26
426,ON,ON Semiconductor,Information Technology,Prism,Nasdaq Liquid 500,285,30.86,48.49,32.9,38.2,50.0,32.81,30.9,,,,,,27.35,46.22,,22,confirmed_bearish_trend,50,mixed_or_bearish,38.59,81.315002,0.25,-0.03063718,-0.08716884,-0.10877900,-0.33079581,4H MACD 柱体连续扩张,4H EMA 空头排列；4H MACD 尚未确认多头；4H RSI 偏弱
427,SLS,SELLAS LIFE SCIENCES GROUP INC,Health Care,Prism,Nasdaq Liquid 500,439,30.82,39.75,54.1,1.8,50.0,45.08,46.2,,,,,,0.0,41.25,,36,bearish_transition,72,fresh_below_zero_cross,46.87,10.9201,0.15,0.08495777,0.00785418,-0.27053440,0.35317224,4H MACD 刚金叉但仍需零轴确认；4H MACD 柱体连续扩张,4H EMA 转弱或跌破 EMA26
428,POET,POET Technologies Inc. - Common Shares,,Prism,Nasdaq Liquid 500,485,30.59,38.32,51.7,10.0,50.0,44.68,45.75,,,,,,8.42,37.68,,39,bearish_transition,66,bullish_above_signal,47.55,7.3101,0.14,0.02454100,0.02959155,-0.16788845,-0.39958111,4H MACD 位于 Signal 上方；4H MACD 柱体连续扩张,4H EMA 转弱或跌破 EMA26
429,ASND,Ascendis Pharma A/S - Ordinary Share,,Prism,Nasdaq Liquid 500,399,30.47,40.43,32.9,54.4,50.0,29.15,28.5,,,,,,34.79,42.96,,22,confirmed_bearish_trend,42,mixed_or_bearish,39.37,245.360001,0.25,0.00392802,-0.03218682,-0.10695370,0.06317706,,4H EMA 空头排列；4H MACD 尚未确认多头；4H RSI 偏弱
430,CVCO,CAVCO INDUSTRIES INC,Consumer Discretionary,Prism,Nasdaq Liquid 500,335,30.45,41.34,25.9,70.8,50.0,29.15,28.5,,,,,,41.14,45.23,,22,confirmed_bearish_trend,42,mixed_or_bearish,34.93,543.577515,0.26,-0.03783078,-0.06083807,-0.09279762,-0.09471646,,4H EMA 空头排列；4H MACD 尚未确认多头；4H RSI 偏弱
431,SHAZ,SHARONAI HOLDINGS INC CLASS A,Information Technology,Prism,Nasdaq Liquid 500,456,30.23,39.4,46.1,20.0,50.0,45.08,46.2,,,,,,16.88,40.38,,36,bearish_transition,72,fresh_below_zero_cross,43.87,52.259998,0.21,0.16314262,-0.11167778,-0.23090507,-0.43539327,4H MACD 刚金叉但仍需零轴确认；4H MACD 柱体连续扩张,4H EMA 转弱或跌破 EMA26
432,KEEL,KEEL INFRASTRUCTURE CORP,Information Technology,Prism,Nasdaq Liquid 500,435,30.14,39.88,67.6,27.6,50.0,53.59,55.65,,,,,,22.88,41.58,,53,mixed_sideways,72,fresh_below_zero_cross,50.35,4.215,0.21,0.06439394,0.03945746,-0.08369565,-0.32828685,4H MACD 刚金叉但仍需零轴确认；4H MACD 柱体连续扩张；4H RSI 位于健康强势区间,4H EMA 仍偏震荡
433,CHKP,Check Point Software Technologies Ltd. - Ordinary Shares,,Prism,Nasdaq Liquid 500,365,30.06,40.91,25.9,69.2,50.0,29.15,28.5,,,,,,40.8,44.16,,22,confirmed_bearish_trend,42,mixed_or_bearish,37.52,123.739998,0.19,-0.03943494,-0.06685267,-0.09407715,0.01169160,,4H EMA 空头排列；4H MACD 尚未确认多头；4H RSI 偏弱
434,PSKY,Paramount Skydance Corporation,Communication Services,Prism,Nasdaq Liquid 500,417,30.03,40.14,39.1,35.6,50.0,42.92,43.8,,,,,,26.12,42.22,,36,bearish_transition,72,fresh_below_zero_cross,37.37,8.025,0.22,0.01389766,-0.00062267,-0.22762271,-0.19387243,4H MACD 刚金叉但仍需零轴确认；4H MACD 柱体连续扩张,4H EMA 转弱或跌破 EMA26；4H RSI 偏弱
435,FCEL,FUELCELL ENERGY INC,Industrials,Prism,Nasdaq Liquid 500,483,30.01,38.37,51.7,6.0,50.0,40.49,41.1,,,,,,3.97,37.79,,30,confirmed_bearish_trend,58,bullish_above_signal,49.72,21.442801,0.23,-0.06055640,-0.00219632,-0.23745376,-0.10803660,4H MACD 位于 Signal 上方；4H RSI 位于健康强势区间,4H EMA 空头排列
436,VICR,Vicor Corporation - Common Stock,,Prism,Nasdaq Liquid 500,493,29.94,38.0,51.7,6.4,50.0,44.68,45.75,,,,,,4.34,36.87,,39,bearish_transition,66,bullish_above_signal,46.65,213.634995,0.11,0.00072606,0.03485271,-0.24491924,-0.35502328,4H MACD 位于 Signal 上方；4H MACD 柱体连续扩张,4H EMA 转弱或跌破 EMA26
437,QNT,Quantinuum Inc. - Class A Common Stock,,Prism,Nasdaq Liquid 500,497,29.56,37.77,51.7,4.4,50.0,44.68,45.75,,,,,,1.47,36.29,,39,bearish_transition,66,bullish_above_signal,47.87,54.5,0.16,0.04446148,0.03180613,-0.26933901,-0.21639112,4H MACD 位于 Signal 上方；4H MACD 柱体连续扩张,4H EMA 转弱或跌破 EMA26
438,LKQ,LKQ Corporation - Common Stock,,Prism,Nasdaq Liquid 500,375,29.34,40.75,25.9,64.8,50.0,31.31,30.9,,,,,,38.8,43.76,,22,confirmed_bearish_trend,50,mixed_or_bearish,37.62,23.309999,0.34,0.04103858,-0.11200004,-0.12186856,-0.09668673,4H MACD 柱体连续扩张,4H EMA 空头排列；4H MACD 尚未确认多头；4H RSI 偏弱
439,ODFL,Old Dominion,Industrials,Prism,Nasdaq Liquid 500,272,29.26,48.62,25.9,99.2,50.0,32.81,30.9,,,,,,47.7,46.54,,22,confirmed_bearish_trend,50,mixed_or_bearish,33.29,210.130005,0.24,-0.00949822,-0.07366422,-0.03432905,-0.04905641,4H MACD 柱体连续扩张,4H EMA 空头排列；4H MACD 尚未确认多头；4H RSI 偏弱
440,MTSI,"MACOM Technology Solutions Holdings, Inc. - Common Stock",,Prism,Nasdaq Liquid 500,470,29.06,38.97,43.7,19.6,50.0,44.68,45.75,,,,,,16.44,39.29,,39,bearish_transition,66,bullish_above_signal,42.75,254.804993,0.21,-0.00523140,-0.03219009,-0.20961291,-0.34822481,4H MACD 位于 Signal 上方；4H MACD 柱体连续扩张,4H EMA 转弱或跌破 EMA26
441,INTC,Intel,Information Technology,Prism,Nasdaq Liquid 500,392,28.71,40.53,43.7,13.6,50.0,44.68,45.75,,,,,,12.32,43.21,,39,bearish_transition,66,bullish_above_signal,42.78,90.830002,0.14,-0.01672528,-0.00927243,-0.24609894,-0.32115097,4H MACD 位于 Signal 上方；4H MACD 柱体连续扩张,4H EMA 转弱或跌破 EMA26
442,TTMI,"TTM Technologies, Inc. - Common Stock",,Prism,Nasdaq Liquid 500,480,28.6,38.51,46.1,11.2,50.0,46.3,47.55,,,,,,10.74,38.15,,39,bearish_transition,72,fresh_below_zero_cross,44.79,121.355003,0.17,0.02249657,-0.01895711,-0.22198355,-0.43866505,4H MACD 刚金叉但仍需零轴确认；4H MACD 柱体连续扩张,4H EMA 转弱或跌破 EMA26
443,FRVO,Fervo Energy Company - Class A common stock,,Prism,Nasdaq Liquid 500,475,28.57,38.77,46.1,10.4,50.0,46.3,47.55,,,,,,8.93,38.79,,39,bearish_transition,72,fresh_below_zero_cross,44.25,22.030001,0.16,-0.02951542,-0.08150927,-0.20641207,-0.37079613,4H MACD 刚金叉但仍需零轴确认；4H MACD 柱体连续扩张,4H EMA 转弱或跌破 EMA26
444,ABVX,Abivax SA - American Depositary Shares,,Prism,Nasdaq Liquid 500,423,28.53,40.02,32.9,42.4,50.0,39.14,39.6,,,,,,29.65,41.93,,36,bearish_transition,50,mixed_or_bearish,44.72,124.540001,0.18,0.01252033,-0.02665100,-0.13962003,0.25747173,4H MACD 柱体连续扩张,4H EMA 转弱或跌破 EMA26；4H MACD 尚未确认多头
445,MRNA,Moderna,Health Care,Prism,Nasdaq Liquid 500,387,28.44,40.64,43.7,11.6,50.0,37.79,38.1,,,,,,11.14,43.48,,22,confirmed_bearish_trend,66,bullish_above_signal,40.83,55.935001,0.14,-0.00222975,0.00584427,-0.29906016,-0.12778725,4H MACD 位于 Signal 上方；4H MACD 柱体连续扩张,4H EMA 空头排列
446,MYRG,MYR GROUP INC,Industrials,Prism,Nasdaq Liquid 500,444,27.93,39.63,39.1,22.8,50.0,37.25,37.5,,,,,,19.76,40.95,,22,confirmed_bearish_trend,72,fresh_below_zero_cross,36.57,340.434998,0.17,-0.00475063,-0.07738690,-0.21301260,-0.26050263,4H MACD 刚金叉但仍需零轴确认；4H MACD 柱体连续扩张,4H EMA 空头排列；4H RSI 偏弱
447,IONS,"Ionis Pharmaceuticals, Inc. - Common Stock",,Prism,Nasdaq Liquid 500,425,27.92,40.01,43.7,9.6,50.0,41.3,42.0,,,,,,8.19,41.89,,36,bearish_transition,66,bullish_above_signal,39.91,53.740002,0.13,0.04329264,-0.03967114,-0.34303178,-0.27515508,4H MACD 位于 Signal 上方；4H MACD 柱体连续扩张,4H EMA 转弱或跌破 EMA26；4H RSI 偏弱
448,KLIC,KULICKE AND SOFFA INDUSTRIES INC,Information Technology,Prism,Nasdaq Liquid 500,482,27.9,38.4,46.1,6.8,50.0,39.41,39.9,,,,,,4.37,37.87,,22,confirmed_bearish_trend,72,fresh_below_zero_cross,40.42,89.760002,0.19,-0.02371112,-0.08594700,-0.26062603,-0.26311466,4H MACD 刚金叉但仍需零轴确认；4H MACD 柱体连续扩张,4H EMA 空头排列
449,SYNA,SYNAPTICS INC,Information Technology,Prism,Nasdaq Liquid 500,418,27.48,40.11,32.9,35.2,50.0,31.31,30.9,,,,,,25.81,42.16,,22,confirmed_bearish_trend,50,mixed_or_bearish,38.77,106.449997,0.12,-0.02971472,-0.08618767,-0.11017304,-0.24428513,4H MACD 柱体连续扩张,4H EMA 空头排列；4H MACD 尚未确认多头；4H RSI 偏弱
450,ARGX,argenx SE - American Depositary Shares,,Prism,Nasdaq Liquid 500,401,27.48,40.39,25.9,53.2,50.0,29.15,28.5,,,,,,34.22,42.84,,22,confirmed_bearish_trend,42,mixed_or_bearish,36.5,833.715027,0.13,-0.02987583,-0.06206650,-0.11212457,-0.04968080,,4H EMA 空头排列；4H MACD 尚未确认多头；4H RSI 偏弱
451,ACMR,ACM RESEARCH CLASS A INC,Information Technology,Prism,Nasdaq Liquid 500,477,27.41,38.7,43.7,9.2,50.0,44.68,45.75,,,,,,8.13,38.63,,39,bearish_transition,66,bullish_above_signal,44.82,78.165001,0.1,-0.02876493,-0.02208181,-0.20093027,-0.28798505,4H MACD 位于 Signal 上方；4H MACD 柱体连续扩张,4H EMA 转弱或跌破 EMA26
452,VKTX,"Viking Therapeutics, Inc. - Common Stock",,Prism,Nasdaq Liquid 500,405,27.22,40.34,25.9,51.6,50.0,31.31,30.9,,,,,,33.59,42.72,,22,confirmed_bearish_trend,50,mixed_or_bearish,35.93,32.32,0.2,0.01158056,-0.07339452,-0.13652151,0.06280829,4H MACD 柱体连续扩张,4H EMA 空头排列；4H MACD 尚未确认多头；4H RSI 偏弱
453,NVMI,Nova Ltd. - Ordinary Shares,,Prism,Nasdaq Liquid 500,442,27.09,39.69,32.9,33.6,50.0,31.31,30.9,,,,,,25.57,41.11,,22,confirmed_bearish_trend,50,mixed_or_bearish,39.34,394.160004,0.15,-0.01715541,-0.08112642,-0.16161145,-0.31314255,4H MACD 柱体连续扩张,4H EMA 空头排列；4H MACD 尚未确认多头；4H RSI 偏弱
454,MXL,MAXLINEAR INC,Information Technology,Prism,Nasdaq Liquid 500,491,27.03,38.05,46.1,1.8,50.0,46.3,47.55,,,,,,0.0,37.0,,39,bearish_transition,72,fresh_below_zero_cross,44.09,67.864998,0.07,-0.01344677,0.04681468,-0.27160031,-0.23541013,4H MACD 刚金叉但仍需零轴确认；4H MACD 柱体连续扩张,4H EMA 转弱或跌破 EMA26
455,MDGL,"Madrigal Pharmaceuticals, Inc. - Common Stock",,Prism,Nasdaq Liquid 500,147,26.95,49.58,25.9,81.6,50.0,32.81,30.9,,,,,,43.53,48.96,,22,confirmed_bearish_trend,50,mixed_or_bearish,32.87,475.964996,0.19,0.02693748,-0.13643040,-0.10035724,-0.05837143,4H MACD 柱体连续扩张,4H EMA 空头排列；4H MACD 尚未确认多头；4H RSI 偏弱
456,INIO,INNIO N.V. - Ordinary Shares,,Prism,Nasdaq Liquid 500,500,26.89,37.65,46.1,1.8,50.0,45.08,46.2,,,,,,0.0,36.0,,36,bearish_transition,72,fresh_below_zero_cross,42.76,24.885,0.17,0.02915633,-0.07473508,-0.32670453,-0.33471459,4H MACD 刚金叉但仍需零轴确认；4H MACD 柱体连续扩张,4H EMA 转弱或跌破 EMA26
457,CVLT,COMMVAULT SYSTEMS INC,Information Technology,Prism,Nasdaq Liquid 500,431,26.51,39.93,32.9,29.2,50.0,36.98,37.2,,,,,,23.44,41.69,,36,bearish_transition,50,mixed_or_bearish,39.7,123.760002,0.09,0.07309460,-0.17067610,-0.17520827,-0.04843915,4H MACD 柱体连续扩张,4H EMA 转弱或跌破 EMA26；4H MACD 尚未确认多头；4H RSI 偏弱
458,LUNR,INTUITIVE MACHINES INC CLASS A,Industrials,Prism,Nasdaq Liquid 500,490,26.07,38.05,43.7,1.8,50.0,44.68,45.75,,,,,,0.0,37.0,,39,bearish_transition,66,bullish_above_signal,44.5,13.11,0.19,0.06715507,-0.01465614,-0.33112245,-0.42588130,4H MACD 位于 Signal 上方；4H MACD 柱体连续扩张,4H EMA 转弱或跌破 EMA26
459,COCO,THE VITA COCO COMPANY INC,Consumer Staples,Prism,Nasdaq Liquid 500,151,26.03,49.54,19.65,92.2,50.0,30.65,28.5,,,,,,45.5,48.85,,22,confirmed_bearish_trend,42,mixed_or_bearish,31.48,64.169998,0.17,-0.04052032,-0.04735753,-0.03168853,-0.23561643,,4H EMA 空头排列；4H MACD 尚未确认多头；4H RSI 偏弱
460,NXT,Nextpower Inc. - Class A Common Stock,,Prism,Nasdaq Liquid 500,454,25.93,39.46,32.9,26.4,50.0,31.31,30.9,,,,,,22.58,40.52,,22,confirmed_bearish_trend,50,mixed_or_bearish,38.78,92.32,0.21,0.00918230,-0.10999713,-0.18221277,-0.26625338,4H MACD 柱体连续扩张,4H EMA 空头排列；4H MACD 尚未确认多头；4H RSI 偏弱
461,RIVN,"Rivian Automotive, Inc. - Class A Common Stock",,Prism,Nasdaq Liquid 500,434,25.72,39.89,32.9,24.0,50.0,31.31,30.9,,,,,,20.44,41.59,,22,confirmed_bearish_trend,42,mixed_or_bearish,40.56,15.615,0.21,-0.00509716,-0.05248786,-0.16161074,-0.05535396,,4H EMA 空头排列；4H MACD 尚未确认多头
462,MU,Micron Technology,Information Technology,Prism,Nasdaq Liquid 500,322,25.5,41.47,32.9,18.8,50.0,33.47,33.3,,,,,,16.03,45.56,,22,confirmed_bearish_trend,50,mixed_or_bearish,43.4,826.020081,0.19,-0.02534504,-0.08317788,-0.15385003,-0.27024228,4H MACD 柱体连续扩张,4H EMA 空头排列；4H MACD 尚未确认多头
463,INDV,INDIVIOR PHARMACEUTICALS INC,Health Care,Prism,Nasdaq Liquid 500,104,25.34,50.05,19.65,86.4,50.0,31.37,29.3,,,,,,44.39,50.13,,22,confirmed_bearish_trend,42,mixed_or_bearish,30.73,37.630001,0.86,-0.05070631,-0.06018981,-0.05428499,-0.01749342,,4H EMA 空头排列；4H MACD 尚未确认多头；4H RSI 偏弱
464,AMKR,"Amkor Technology, Inc. - Common Stock",,Prism,Nasdaq Liquid 500,487,25.1,38.23,39.1,7.2,50.0,37.25,37.5,,,,,,7.18,37.44,,22,confirmed_bearish_trend,72,fresh_below_zero_cross,37.78,50.509998,0.13,-0.00668633,-0.16814893,-0.27449015,-0.44138466,4H MACD 刚金叉但仍需零轴确认；4H MACD 柱体连续扩张,4H EMA 空头排列；4H RSI 偏弱
465,HOOD,Robinhood Markets,Financials,Prism,Nasdaq Liquid 500,476,24.89,38.72,32.9,21.2,50.0,39.14,39.6,,,,,,18.36,38.67,,36,bearish_transition,50,mixed_or_bearish,40.97,91.870003,0.15,0.05422005,-0.03961949,-0.18482693,-0.15068869,4H MACD 柱体连续扩张,4H EMA 转弱或跌破 EMA26；4H MACD 尚未确认多头
466,KRYS,KRYSTAL BIOTECH INC,Health Care,Prism,Nasdaq Liquid 500,368,24.76,40.85,22.3,43.6,50.0,26.09,25.1,,,,,,29.97,43.99,,22,confirmed_bearish_trend,28,fresh_bearish_cross,34.22,311.315002,0.82,-0.10256702,-0.11512991,-0.16998161,-0.10472208,,4H EMA 空头排列；4H MACD 最近死叉；4H RSI 偏弱
467,ARM,Arm Holdings plc - American Depositary Shares,,Prism,Nasdaq Liquid 500,494,24.75,37.92,39.1,5.6,50.0,37.25,37.5,,,,,,3.36,36.67,,22,confirmed_bearish_trend,72,fresh_below_zero_cross,37.56,239.082703,0.17,-0.02681516,-0.10277817,-0.24221013,-0.45632131,4H MACD 刚金叉但仍需零轴确认；4H MACD 柱体连续扩张,4H EMA 空头排列；4H RSI 偏弱
468,GFS,GlobalFoundries Inc. - Ordinary Share,,Prism,Nasdaq Liquid 500,486,24.34,38.28,36.7,8.4,50.0,35.63,35.7,,,,,,7.88,37.58,,22,confirmed_bearish_trend,66,bullish_above_signal,35.1,50.32,0.16,-0.01262279,-0.05217555,-0.27897981,-0.41386137,4H MACD 位于 Signal 上方；4H MACD 柱体连续扩张,4H EMA 空头排列；4H RSI 偏弱
469,FIGR,"Figure Technology Solutions, Inc. - Class A Common Stock",,Prism,Nasdaq Liquid 500,472,24.27,38.82,32.9,16.8,50.0,39.14,39.6,,,,,,14.62,38.92,,36,bearish_transition,50,mixed_or_bearish,43.25,26.552999,0.27,0.06105890,-0.08089305,-0.21787929,-0.06929555,4H MACD 柱体连续扩张,4H EMA 转弱或跌破 EMA26；4H MACD 尚未确认多头
470,ALGM,"Allegro MicroSystems, Inc. - Common Stock",,Prism,Nasdaq Liquid 500,478,23.86,38.68,32.9,14.4,50.0,31.31,30.9,,,,,,12.9,38.58,,22,confirmed_bearish_trend,50,mixed_or_bearish,38.26,41.599998,0.22,-0.02152184,-0.11073111,-0.25018028,-0.29455660,4H MACD 柱体连续扩张,4H EMA 空头排列；4H MACD 尚未确认多头；4H RSI 偏弱
471,KLAC,KLA Corporation,Information Technology,Prism,Nasdaq Liquid 500,374,22.21,40.76,25.9,17.2,50.0,31.31,30.9,,,,,,15.09,43.77,,22,confirmed_bearish_trend,50,mixed_or_bearish,36.65,180.380005,0.16,-0.03591663,-0.11335036,-0.23361587,-0.30357902,4H MACD 柱体连续扩张,4H EMA 空头排列；4H MACD 尚未确认多头；4H RSI 偏弱
472,FRMI,Fermi Inc. - Common Stock,,Prism,Nasdaq Liquid 500,495,22.2,37.89,32.9,5.2,50.0,31.31,30.9,,,,,,3.0,36.6,,22,confirmed_bearish_trend,42,mixed_or_bearish,43.71,5.975,0.26,0.01014370,-0.17358230,-0.25776398,-0.37171399,,4H EMA 空头排列；4H MACD 尚未确认多头
473,LNT,Alliant Energy,Utilities,Prism,Nasdaq Liquid 500,165,22.19,49.45,19.65,66.8,50.0,32.81,30.9,,,,,,39.42,48.63,,22,confirmed_bearish_trend,50,mixed_or_bearish,29.26,70.695,0.31,0.00337087,-0.04362822,-0.09388615,-0.03157534,4H MACD 柱体连续扩张,4H EMA 空头排列；4H MACD 尚未确认多头；4H RSI 偏弱
474,AEP,American Electric Power,Utilities,Prism,Nasdaq Liquid 500,167,22.07,49.45,19.65,66.0,50.0,32.81,30.9,,,,,,39.33,48.62,,22,confirmed_bearish_trend,50,mixed_or_bearish,31.62,127.480003,0.25,-0.00782191,-0.04580840,-0.07950034,-0.00148817,4H MACD 柱体连续扩张,4H EMA 空头排列；4H MACD 尚未确认多头；4H RSI 偏弱
475,LIN,Linde plc,Materials,Prism,Nasdaq Liquid 500,246,20.89,48.82,19.65,59.6,50.0,30.65,28.5,,,,,,36.47,47.04,,22,confirmed_bearish_trend,42,mixed_or_bearish,29.16,478.559998,0.25,0.00127625,-0.05602019,-0.12438245,-0.06540375,,4H EMA 空头排列；4H MACD 尚未确认多头；4H RSI 偏弱
476,MAR,Marriott International,Consumer Discretionary,Prism,Nasdaq Liquid 500,312,20.63,41.56,16.05,84.4,50.0,26.09,25.1,,,,,,43.86,45.77,,22,confirmed_bearish_trend,28,fresh_bearish_cross,28.36,347.375,0.76,-0.07455506,-0.09318142,-0.06825011,-0.12314470,,4H EMA 空头排列；4H MACD 最近死叉；4H RSI 偏弱
477,WWD,"Woodward, Inc. - Common Stock",,Prism,Nasdaq Liquid 500,390,20.56,40.57,25.9,60.0,50.0,31.31,30.9,,,,,,36.54,43.31,,22,confirmed_bearish_trend,50,mixed_or_bearish,32.66,361.684998,0.2,-0.00452753,-0.13855806,-0.13557278,-0.15912633,4H MACD 柱体连续扩张,4H EMA 空头排列；4H MACD 尚未确认多头；4H RSI 偏弱
478,MIRM,MIRUM PHARMACEUTICALS INC,Health Care,Prism,Nasdaq Liquid 500,275,19.77,48.59,25.9,36.0,50.0,30.65,28.5,,,,,,26.15,46.48,,22,confirmed_bearish_trend,42,mixed_or_bearish,32.12,104.620003,0.18,-0.03660388,-0.08420864,-0.16750215,-0.02242566,,4H EMA 空头排列；4H MACD 尚未确认多头；4H RSI 偏弱
479,NXPI,NXP Semiconductors,Information Technology,Prism,Nasdaq Liquid 500,244,18.91,48.82,19.65,46.4,50.0,30.65,28.5,,,,,,31.52,47.05,,22,confirmed_bearish_trend,42,mixed_or_bearish,25.89,223.199997,0.19,-0.05643630,-0.16651111,-0.18382274,-0.28701484,,4H EMA 空头排列；4H MACD 尚未确认多头；4H RSI 偏弱
480,WERN,WERNER ENTERPRISES INC,Industrials,Prism,Nasdaq Liquid 500,351,18.6,41.09,19.65,62.4,50.0,31.31,30.9,,,,,,37.95,44.59,,22,confirmed_bearish_trend,50,mixed_or_bearish,27.6,36.73,0.13,-0.02792113,-0.09106657,-0.14996527,-0.09732119,4H MACD 柱体连续扩张,4H EMA 空头排列；4H MACD 尚未确认多头；4H RSI 偏弱
481,QCOM,Qualcomm,Information Technology,Prism,Nasdaq Liquid 500,253,18.57,48.72,19.65,44.4,50.0,32.81,30.9,,,,,,30.24,46.8,,22,confirmed_bearish_trend,50,mixed_or_bearish,26.8,150.070007,0.18,0.01220836,-0.11770233,-0.14853897,-0.33617905,4H MACD 柱体连续扩张,4H EMA 空头排列；4H MACD 尚未确认多头；4H RSI 偏弱
482,AXSM,"Axsome Therapeutics, Inc. - Common Stock",,Prism,Nasdaq Liquid 500,413,18.32,40.17,25.9,46.0,50.0,29.15,28.5,,,,,,31.5,42.3,,22,confirmed_bearish_trend,42,mixed_or_bearish,32.25,211.270004,0.53,-0.03348731,-0.11376314,-0.13545031,-0.15569673,,4H EMA 空头排列；4H MACD 尚未确认多头；4H RSI 偏弱
483,TGTX,TG THERAPEUTICS INC,Health Care,Prism,Nasdaq Liquid 500,334,18.22,41.37,19.65,59.2,50.0,29.15,28.5,,,,,,36.43,45.29,,22,confirmed_bearish_trend,42,mixed_or_bearish,21.11,46.389999,0.5,-0.11300191,-0.16804159,-0.12997001,-0.12735141,,4H EMA 空头排列；4H MACD 尚未确认多头；4H RSI 偏弱
484,LSTR,"Landstar System, Inc. - Common Stock",,Prism,Nasdaq Liquid 500,391,17.88,40.56,19.65,58.8,50.0,31.31,30.9,,,,,,36.33,43.27,,22,confirmed_bearish_trend,50,mixed_or_bearish,28.61,176.119995,0.17,0.01364026,-0.08074535,-0.15404201,-0.15024607,4H MACD 柱体连续扩张,4H EMA 空头排列；4H MACD 尚未确认多头；4H RSI 偏弱
485,SAIA,"Saia, Inc. - Common Stock",,Prism,Nasdaq Liquid 500,393,17.75,40.53,19.65,58.0,50.0,31.31,30.9,,,,,,36.04,43.21,,22,confirmed_bearish_trend,50,mixed_or_bearish,24.05,349.345001,0.14,-0.00648418,-0.16840438,-0.16071255,-0.19650167,4H MACD 柱体连续扩张,4H EMA 空头排列；4H MACD 尚未确认多头；4H RSI 偏弱
486,CRUS,"Cirrus Logic, Inc. - Common Stock",,Prism,Nasdaq Liquid 500,395,17.68,40.51,19.65,57.6,50.0,29.15,28.5,,,,,,35.72,43.14,,22,confirmed_bearish_trend,42,mixed_or_bearish,29.36,127.0,0.36,-0.02013734,-0.06727382,-0.13126754,-0.23156050,,4H EMA 空头排列；4H MACD 尚未确认多头；4H RSI 偏弱
487,BTSG,BRIGHTSPRING HEALTH SERVICES INC,Health Care,Prism,Nasdaq Liquid 500,386,17.41,40.65,25.9,38.8,50.0,29.15,28.5,,,,,,27.44,43.49,,22,confirmed_bearish_trend,42,mixed_or_bearish,33.13,60.93,0.3,0.00544558,-0.15351490,-0.11746815,-0.08002420,,4H EMA 空头排列；4H MACD 尚未确认多头；4H RSI 偏弱
488,CYTK,CYTOKINETICS INC,Health Care,Prism,Nasdaq Liquid 500,355,16.42,41.02,19.65,48.0,50.0,29.15,28.5,,,,,,32.16,44.43,,22,confirmed_bearish_trend,42,mixed_or_bearish,30.85,75.199997,0.43,-0.04118326,-0.06734466,-0.13073639,-0.04459411,,4H EMA 空头排列；4H MACD 尚未确认多头；4H RSI 偏弱
489,INSM,Insmed Incorporated - Common Stock,,Prism,Nasdaq Liquid 500,408,16.21,40.26,19.65,48.4,50.0,29.15,28.5,,,,,,32.59,42.52,,22,confirmed_bearish_trend,42,mixed_or_bearish,31.8,98.160004,0.25,0.00491405,-0.06264321,-0.12050889,0.02484866,,4H EMA 空头排列；4H MACD 尚未确认多头；4H RSI 偏弱
490,PTCT,PTC THERAPEUTICS INC,Health Care,Prism,Nasdaq Liquid 500,382,15.17,40.7,19.65,40.4,50.0,29.15,28.5,,,,,,28.13,43.63,,22,confirmed_bearish_trend,42,mixed_or_bearish,25.31,68.269997,0.16,0.00626422,-0.09922158,-0.18023538,-0.13494680,,4H EMA 空头排列；4H MACD 尚未确认多头；4H RSI 偏弱
491,CHRW,C.H. Robinson,Industrials,Prism,Nasdaq Liquid 500,341,13.92,41.25,19.65,30.8,50.0,31.31,30.9,,,,,,23.78,45.01,,22,confirmed_bearish_trend,50,mixed_or_bearish,19.94,146.720001,0.51,-0.00784422,-0.15900496,-0.22701648,-0.20674743,4H MACD 柱体连续扩张,4H EMA 空头排列；4H MACD 尚未确认多头；4H RSI 偏弱
492,OPEN,OPENDOOR TECHNOLOGIES INC CLASS A,Real Estate,Prism,Nasdaq Liquid 500,432,13.37,39.92,54.1,18.4,50.0,46.3,47.55,,,,,,15.9,41.68,,39,bearish_transition,72,fresh_below_zero_cross,45.82,3.985,0.21,0.04183007,0.03911343,-0.18921668,-0.11049107,4H MACD 刚金叉但仍需零轴确认；4H MACD 柱体连续扩张,4H EMA 转弱或跌破 EMA26
493,CAR,"Avis Budget Group, Inc. - Common Stock",,Prism,Nasdaq Liquid 500,451,12.89,39.51,19.65,28.0,50.0,29.15,28.5,,,,,,23.24,40.65,,22,confirmed_bearish_trend,42,mixed_or_bearish,31.79,139.179993,0.11,0.01082134,-0.14900648,-0.14848580,-0.26019248,,4H EMA 空头排列；4H MACD 尚未确认多头；4H RSI 偏弱
494,VCYT,VERACYTE INC,Health Care,Prism,Nasdaq Liquid 500,415,12.76,40.16,19.65,25.6,50.0,29.15,28.5,,,,,,21.33,42.27,,22,confirmed_bearish_trend,42,mixed_or_bearish,25.05,45.145,0.32,-0.03287723,-0.18825859,-0.20936950,-0.15711353,,4H EMA 空头排列；4H MACD 尚未确认多头；4H RSI 偏弱
495,ALNY,"Alnylam Pharmaceuticals, Inc. - Common Stock",,Prism,Nasdaq Liquid 500,372,12.26,40.79,19.65,20.8,50.0,31.31,30.9,,,,,,18.02,43.85,,22,confirmed_bearish_trend,50,mixed_or_bearish,31.42,217.5,0.17,0.07465784,-0.21874998,-0.30460080,-0.21773848,4H MACD 柱体连续扩张,4H EMA 空头排列；4H MACD 尚未确认多头；4H RSI 偏弱
496,PLUG,PLUG POWER INC,Industrials,Prism,Nasdaq Liquid 500,464,11.86,39.21,51.7,16.4,50.0,44.68,45.75,,,,,,14.57,39.91,,39,bearish_transition,66,bullish_above_signal,45.31,2.07,0.32,0.01470588,0.00242131,-0.21739130,-0.27622378,4H MACD 位于 Signal 上方；4H MACD 柱体连续扩张,4H EMA 转弱或跌破 EMA26
497,WING,Wingstop Inc. - Common Stock,,Prism,Nasdaq Liquid 500,479,11.41,38.6,22.3,13.2,50.0,25.37,24.3,,,,,,11.88,38.38,,22,confirmed_bearish_trend,28,fresh_bearish_cross,33.52,128.429993,0.26,-0.03501392,-0.06419420,-0.27868538,-0.20638947,,4H EMA 空头排列；4H MACD 最近死叉；4H RSI 偏弱
498,BAND,BANDWIDTH INC CLASS A,Communication,Prism,Nasdaq Liquid 500,498,11.09,37.69,25.9,3.6,50.0,31.31,30.9,,,,,,0.44,36.09,,22,confirmed_bearish_trend,50,mixed_or_bearish,32.03,42.419998,0.13,0.08713475,-0.25826196,-0.31058023,-0.17454760,4H MACD 柱体连续扩张,4H EMA 空头排列；4H MACD 尚未确认多头；4H RSI 偏弱
499,EOSE,EOS ENERGY ENTERPRISES INC CLASS A,Industrials,Prism,Nasdaq Liquid 500,488,9.62,38.1,51.7,4.0,50.0,46.3,47.55,,,,,,0.63,37.13,,39,bearish_transition,66,bullish_above_signal,48.07,3.745,0.49,0.11455016,0.03883495,-0.28392512,-0.51045752,4H MACD 位于 Signal 上方；4H MACD 柱体连续扩张；4H RSI 位于健康强势区间,4H EMA 转弱或跌破 EMA26
500,ALHC,ALIGNMENT HEALTHCARE INC,Health Care,Prism,Nasdaq Liquid 500,481,8.59,38.45,19.65,1.8,50.0,29.87,29.3,,,,,,0.0,38.0,,22,confirmed_bearish_trend,42,mixed_or_bearish,18.92,14.54,0.55,-0.08380592,-0.22121050,-0.38933219,-0.33470602,,4H EMA 空头排列；4H MACD 尚未确认多头；4H RSI 偏弱
