buy_date,latest_date,strategy,universe,ticker,name,sector,original_rank,current_rank,return,buy_close,latest_close,selection_reason,signal_reason
2026-07-29,2026-07-29,Early,S&P 500,COIN,Coinbase,Financials,1,1,0.00000000,160.089996,160.089996,4H当日前50,4H EMA9 已站上 EMA26，等待 26/50 确认；4H MACD 零轴上方刚金叉
2026-07-29,2026-07-29,Early,S&P 500,IFF,International Flavors & Fragrances,Materials,2,2,0.00000000,79.639999,79.639999,4H当日前50,4H EMA9/26 最近金叉且价格在 EMA50 上方；4H MACD 位于 Signal 上方；4H MACD 柱体连续扩张；4H RSI 位于健康强势区间
2026-07-29,2026-07-29,Early,S&P 500,EQT,EQT Corporation,Energy,3,3,0.00000000,52.584999,52.584999,4H当日前50,4H EMA9 已站上 EMA26，等待 26/50 确认；4H MACD 位于 Signal 上方；4H RSI 位于健康强势区间
2026-07-29,2026-07-29,Early,S&P 500,ERIE,Erie Indemnity,Financials,4,4,0.00000000,248.550003,248.550003,4H当日前50,4H EMA9/26 最近金叉且价格在 EMA50 上方；4H MACD 位于 Signal 上方；4H MACD 柱体连续扩张；4H RSI 位于健康强势区间
2026-07-29,2026-07-29,Early,S&P 500,EL,Estée Lauder Companies (The),Consumer Staples,5,5,0.00000000,84.146004,84.146004,4H当日前50,4H EMA9 已站上 EMA26，等待 26/50 确认；4H MACD 位于 Signal 上方；4H RSI 位于健康强势区间
2026-07-29,2026-07-29,Early,S&P 500,DD,DuPont,Materials,6,6,0.00000000,138.100006,138.100006,4H当日前50,4H EMA9 已站上 EMA26，等待 26/50 确认；4H MACD 位于 Signal 上方；4H RSI 位于健康强势区间
2026-07-29,2026-07-29,Early,S&P 500,COST,Costco,Consumer Staples,7,7,0.00000000,974.030029,974.030029,4H当日前50,4H EMA9 已站上 EMA26，等待 26/50 确认；4H MACD 位于 Signal 上方；4H MACD 柱体连续扩张
2026-07-29,2026-07-29,Early,S&P 500,DRI,Darden Restaurants,Consumer Discretionary,8,8,0.00000000,212.270004,212.270004,4H当日前50,4H EMA9 已站上 EMA26，等待 26/50 确认；4H MACD 位于 Signal 上方；4H MACD 柱体连续扩张
2026-07-29,2026-07-29,Early,S&P 500,SLB,Schlumberger,Energy,9,9,0.00000000,48.959999,48.959999,4H当日前50,4H EMA9 已站上 EMA26，等待 26/50 确认；4H MACD 位于 Signal 上方；4H RSI 位于健康强势区间
2026-07-29,2026-07-29,Early,S&P 500,PGR,Progressive Corporation,Financials,10,10,0.00000000,220.000000,220.000000,4H当日前50,4H EMA9/26 最近金叉且价格在 EMA50 上方；4H MACD 位于 Signal 上方；4H RSI 位于健康强势区间
2026-07-29,2026-07-29,Early,S&P 500,CLX,Clorox,Consumer Staples,11,11,0.00000000,99.639999,99.639999,4H当日前50,4H EMA 多头排列已连续维持；4H MACD 位于 Signal 上方；4H RSI 位于健康强势区间
2026-07-29,2026-07-29,Early,S&P 500,AXON,Axon Enterprise,Industrials,12,12,0.00000000,531.200012,531.200012,4H当日前50,4H EMA9/26 最近金叉且价格在 EMA50 上方；4H MACD 位于 Signal 上方；4H RSI 位于健康强势区间
2026-07-29,2026-07-29,Early,S&P 500,PTC,PTC Inc.,Information Technology,13,13,0.00000000,132.460007,132.460007,4H当日前50,4H EMA9 已站上 EMA26，等待 26/50 确认；4H MACD 位于 Signal 上方；4H MACD 柱体连续扩张；4H RSI 位于健康强势区间
2026-07-29,2026-07-29,Early,S&P 500,MAR,Marriott International,Consumer Discretionary,14,14,0.00000000,381.119995,381.119995,4H当日前50,4H EMA9 已站上 EMA26，等待 26/50 确认；4H MACD 位于 Signal 上方；4H RSI 位于健康强势区间
2026-07-29,2026-07-29,Early,S&P 500,GILD,Gilead Sciences,Health Care,15,15,0.00000000,132.729996,132.729996,4H当日前50,4H EMA 多头排列已连续维持；4H MACD 零轴上方刚金叉；4H RSI 位于健康强势区间
2026-07-29,2026-07-29,Early,S&P 500,PFE,Pfizer,Health Care,16,16,0.00000000,25.160000,25.160000,4H当日前50,4H MACD 零轴上方刚金叉；4H MACD 柱体连续扩张；4H RSI 位于健康强势区间
2026-07-29,2026-07-29,Early,S&P 500,OTIS,Otis Worldwide,Industrials,17,17,0.00000000,73.360001,73.360001,4H当日前50,4H EMA 多头排列已连续维持；4H MACD 位于 Signal 上方；4H RSI 位于健康强势区间
2026-07-29,2026-07-29,Early,S&P 500,RSG,Republic Services,Industrials,18,18,0.00000000,218.960007,218.960007,4H当日前50,4H EMA9/26 最近金叉且价格在 EMA50 上方；4H MACD 刚金叉但仍需零轴确认；4H MACD 柱体连续扩张；4H RSI 位于健康强势区间
2026-07-29,2026-07-29,Early,S&P 500,AVY,Avery Dennison,Materials,19,19,0.00000000,167.380005,167.380005,4H当日前50,4H EMA 多头排列已连续维持；4H MACD 位于 Signal 上方；4H RSI 位于健康强势区间
2026-07-29,2026-07-29,Early,S&P 500,DDOG,Datadog,Information Technology,20,20,0.00000000,264.200012,264.200012,4H当日前50,4H EMA9/26 最近金叉且价格在 EMA50 上方；4H MACD 刚金叉但仍需零轴确认；4H MACD 柱体连续扩张；4H RSI 位于健康强势区间
2026-07-29,2026-07-29,Early,S&P 500,CPRT,Copart,Industrials,21,21,0.00000000,30.820000,30.820000,4H当日前50,4H EMA9 已站上 EMA26，等待 26/50 确认；4H MACD 位于 Signal 上方
2026-07-29,2026-07-29,Early,S&P 500,BIIB,Biogen,Health Care,22,22,0.00000000,209.229996,209.229996,4H当日前50,4H EMA9/26 最近金叉且价格在 EMA50 上方；4H MACD 位于 Signal 上方；4H MACD 柱体连续扩张；4H RSI 位于健康强势区间
2026-07-29,2026-07-29,Early,S&P 500,MKC,McCormick & Company,Consumer Staples,23,23,0.00000000,52.029999,52.029999,4H当日前50,4H EMA9/26 最近金叉且价格在 EMA50 上方；4H MACD 刚金叉但仍需零轴确认；4H MACD 柱体连续扩张；4H RSI 位于健康强势区间
2026-07-29,2026-07-29,Early,S&P 500,LYB,LyondellBasell,Materials,24,24,0.00000000,60.490002,60.490002,4H当日前50,4H EMA9 已站上 EMA26，等待 26/50 确认；4H MACD 柱体连续扩张；4H RSI 位于健康强势区间
2026-07-29,2026-07-29,Early,S&P 500,TSN,Tyson Foods,Consumer Staples,25,25,0.00000000,61.049999,61.049999,4H当日前50,4H EMA 多头排列已连续维持；4H MACD 位于 Signal 上方；4H RSI 位于健康强势区间
2026-07-29,2026-07-29,Early,S&P 500,IDXX,Idexx Laboratories,Health Care,26,26,0.00000000,569.770020,569.770020,4H当日前50,4H EMA 多头排列已连续维持；4H MACD 位于 Signal 上方；4H MACD 柱体连续扩张；4H RSI 位于健康强势区间
2026-07-29,2026-07-29,Early,S&P 500,MOS,Mosaic Company (The),Materials,27,27,0.00000000,22.620001,22.620001,4H当日前50,4H EMA 多头排列已连续维持；4H MACD 位于 Signal 上方；4H RSI 位于健康强势区间
2026-07-29,2026-07-29,Early,S&P 500,DLR,Digital Realty,Real Estate,28,28,0.00000000,188.229996,188.229996,4H当日前50,4H MACD 位于 Signal 上方；4H RSI 位于健康强势区间
2026-07-29,2026-07-29,Early,S&P 500,ORLY,O’Reilly Automotive,Consumer Discretionary,29,29,0.00000000,90.629997,90.629997,4H当日前50,4H MACD 位于 Signal 上方；4H RSI 位于健康强势区间
2026-07-29,2026-07-29,Early,S&P 500,PODD,Insulet Corporation,Health Care,30,30,0.00000000,170.619995,170.619995,4H当日前50,4H EMA 多头排列已连续维持；4H MACD 位于 Signal 上方；4H MACD 柱体连续扩张；4H RSI 位于健康强势区间
2026-07-29,2026-07-29,Early,S&P 500,LYV,Live Nation Entertainment,Communication Services,31,31,0.00000000,184.449997,184.449997,4H当日前50,4H EMA9/26 最近金叉且价格在 EMA50 上方；4H MACD 位于 Signal 上方；4H MACD 柱体连续扩张；4H RSI 位于健康强势区间
2026-07-29,2026-07-29,Early,S&P 500,TAP,Molson Coors Beverage Company,Consumer Staples,32,32,0.00000000,42.759998,42.759998,4H当日前50,4H EMA 多头排列已连续维持；4H MACD 位于 Signal 上方；4H MACD 柱体连续扩张；4H RSI 位于健康强势区间
2026-07-29,2026-07-29,Early,S&P 500,LHX,L3Harris,Industrials,33,33,0.00000000,297.769989,297.769989,4H当日前50,4H MACD 位于 Signal 上方；4H RSI 位于健康强势区间
2026-07-29,2026-07-29,Early,S&P 500,MNST,Monster Beverage,Consumer Staples,34,34,0.00000000,97.230003,97.230003,4H当日前50,4H EMA9/26 最近金叉且价格在 EMA50 上方；4H MACD 位于 Signal 上方；4H MACD 柱体连续扩张；4H RSI 位于健康强势区间
2026-07-29,2026-07-29,Early,S&P 500,AOS,A. O. Smith,Industrials,35,35,0.00000000,62.029999,62.029999,4H当日前50,4H MACD 位于 Signal 上方；4H RSI 位于健康强势区间
2026-07-29,2026-07-29,Early,S&P 500,HSIC,Henry Schein,Health Care,36,36,0.00000000,85.830002,85.830002,4H当日前50,4H EMA9/26 最近金叉且价格在 EMA50 上方；4H MACD 柱体连续扩张；4H RSI 位于健康强势区间
2026-07-29,2026-07-29,Early,S&P 500,CMG,Chipotle Mexican Grill,Consumer Discretionary,37,37,0.00000000,34.240002,34.240002,4H当日前50,4H MACD 刚金叉但仍需零轴确认；4H MACD 柱体连续扩张；4H RSI 位于健康强势区间
2026-07-29,2026-07-29,Early,S&P 500,AVB,AvalonBay Communities,Real Estate,38,38,0.00000000,192.570007,192.570007,4H当日前50,4H EMA9/26 最近金叉且价格在 EMA50 上方；4H MACD 刚金叉但仍需零轴确认；4H MACD 柱体连续扩张；4H RSI 位于健康强势区间
2026-07-29,2026-07-29,Early,S&P 500,TSCO,Tractor Supply,Consumer Discretionary,39,39,0.00000000,31.000000,31.000000,4H当日前50,4H MACD 位于 Signal 上方；4H RSI 位于健康强势区间
2026-07-29,2026-07-29,Early,S&P 500,EXE,Expand Energy,Energy,40,40,0.00000000,92.459999,92.459999,4H当日前50,4H MACD 零轴上方刚金叉；4H MACD 柱体连续扩张；4H RSI 位于健康强势区间
2026-07-29,2026-07-29,Early,S&P 500,VZ,Verizon,Communication Services,41,41,0.00000000,47.240002,47.240002,4H当日前50,4H EMA 多头排列已连续维持；4H MACD 位于 Signal 上方；4H RSI 位于健康强势区间
2026-07-29,2026-07-29,Early,S&P 500,TEL,TE Connectivity,Information Technology,42,42,0.00000000,206.914993,206.914993,4H当日前50,4H MACD 位于 Signal 上方；4H RSI 位于健康强势区间
2026-07-29,2026-07-29,Early,S&P 500,VRTX,Vertex Pharmaceuticals,Health Care,43,43,0.00000000,483.329987,483.329987,4H当日前50,4H EMA9/26 最近金叉且价格在 EMA50 上方；4H MACD 位于 Signal 上方；4H RSI 位于健康强势区间
2026-07-29,2026-07-29,Early,S&P 500,INVH,Invitation Homes,Real Estate,44,44,0.00000000,30.129499,30.129499,4H当日前50,4H EMA9/26 最近金叉且价格在 EMA50 上方；4H MACD 位于 Signal 上方；4H MACD 柱体连续扩张；4H RSI 位于健康强势区间
2026-07-29,2026-07-29,Early,S&P 500,TJX,TJX Companies,Consumer Discretionary,45,45,0.00000000,161.649994,161.649994,4H当日前50,4H MACD 位于 Signal 上方；4H MACD 柱体连续扩张；4H RSI 位于健康强势区间
2026-07-29,2026-07-29,Early,S&P 500,HSY,Hershey Company (The),Consumer Staples,46,46,0.00000000,184.050003,184.050003,4H当日前50,4H MACD 位于 Signal 上方
2026-07-29,2026-07-29,Early,S&P 500,WAT,Waters Corporation,Health Care,47,47,0.00000000,379.359985,379.359985,4H当日前50,4H EMA 多头排列已连续维持；4H MACD 位于 Signal 上方；4H RSI 位于健康强势区间
2026-07-29,2026-07-29,Early,S&P 500,CAH,Cardinal Health,Health Care,48,48,0.00000000,229.139999,229.139999,4H当日前50,4H EMA9/26 最近金叉且价格在 EMA50 上方；4H MACD 位于 Signal 上方；4H RSI 位于健康强势区间
2026-07-29,2026-07-29,Early,S&P 500,HD,Home Depot (The),Consumer Discretionary,49,49,0.00000000,338.424988,338.424988,4H当日前50,4H EMA9/26 最近金叉且价格在 EMA50 上方；4H MACD 位于 Signal 上方；4H RSI 位于健康强势区间
2026-07-29,2026-07-29,Early,S&P 500,HCA,HCA Healthcare,Health Care,50,50,0.00000000,408.359985,408.359985,4H当日前50,4H MACD 位于 Signal 上方；4H RSI 位于健康强势区间
2026-07-29,2026-07-29,Early,Nasdaq 200,BNTX,BioNTech SE - American Depositary Shares,,1,1,0.00000000,92.949997,92.949997,4H当日前50,4H EMA9/26 最近金叉且价格在 EMA50 上方；4H MACD 刚金叉但仍需零轴确认；4H MACD 柱体连续扩张；4H RSI 位于健康强势区间
2026-07-29,2026-07-29,Early,Nasdaq 200,COST,Costco,Consumer Staples,2,2,0.00000000,974.030029,974.030029,4H当日前50,4H EMA9 已站上 EMA26，等待 26/50 确认；4H MACD 位于 Signal 上方；4H MACD 柱体连续扩张
2026-07-29,2026-07-29,Early,Nasdaq 200,LLYVA,"Liberty Live Holdings, Inc. - Series A Liberty Live Group Common Stock",,3,3,0.00000000,100.059998,100.059998,4H当日前50,4H EMA9/26 最近金叉且价格在 EMA50 上方；4H MACD 位于 Signal 上方；4H RSI 位于健康强势区间
2026-07-29,2026-07-29,Early,Nasdaq 200,BIIB,Biogen,Health Care,4,4,0.00000000,209.229996,209.229996,4H当日前50,4H EMA9/26 最近金叉且价格在 EMA50 上方；4H MACD 位于 Signal 上方；4H MACD 柱体连续扩张；4H RSI 位于健康强势区间
2026-07-29,2026-07-29,Early,Nasdaq 200,PTC,PTC Inc.,Information Technology,5,5,0.00000000,132.460007,132.460007,4H当日前50,4H EMA9 已站上 EMA26，等待 26/50 确认；4H MACD 位于 Signal 上方；4H MACD 柱体连续扩张；4H RSI 位于健康强势区间
2026-07-29,2026-07-29,Early,Nasdaq 200,MNST,Monster Beverage,Consumer Staples,6,6,0.00000000,97.230003,97.230003,4H当日前50,4H EMA9/26 最近金叉且价格在 EMA50 上方；4H MACD 位于 Signal 上方；4H MACD 柱体连续扩张；4H RSI 位于健康强势区间
2026-07-29,2026-07-29,Early,Nasdaq 200,MAR,Marriott International,Consumer Discretionary,7,7,0.00000000,381.119995,381.119995,4H当日前50,4H EMA9 已站上 EMA26，等待 26/50 确认；4H MACD 位于 Signal 上方；4H RSI 位于健康强势区间
2026-07-29,2026-07-29,Early,Nasdaq 200,SNY,Sanofi - American Depositary Shares,,8,8,0.00000000,44.849998,44.849998,4H当日前50,4H EMA 多头排列已连续维持；4H MACD 位于 Signal 上方；4H RSI 位于健康强势区间
2026-07-29,2026-07-29,Early,Nasdaq 200,CPRT,Copart,Industrials,9,9,0.00000000,30.820000,30.820000,4H当日前50,4H EMA9 已站上 EMA26，等待 26/50 确认；4H MACD 位于 Signal 上方
2026-07-29,2026-07-29,Early,Nasdaq 200,GILD,Gilead Sciences,Health Care,10,10,0.00000000,132.729996,132.729996,4H当日前50,4H EMA 多头排列已连续维持；4H MACD 零轴上方刚金叉；4H RSI 位于健康强势区间
2026-07-29,2026-07-29,Early,Nasdaq 200,MDLN,Medline Inc. - Class A common stock,,11,11,0.00000000,40.119999,40.119999,4H当日前50,4H EMA 多头排列已连续维持；4H MACD 位于 Signal 上方；4H RSI 位于健康强势区间
2026-07-29,2026-07-29,Early,Nasdaq 200,AXON,Axon Enterprise,Industrials,12,12,0.00000000,531.200012,531.200012,4H当日前50,4H EMA9/26 最近金叉且价格在 EMA50 上方；4H MACD 位于 Signal 上方；4H RSI 位于健康强势区间
2026-07-29,2026-07-29,Early,Nasdaq 200,VRTX,Vertex Pharmaceuticals,Health Care,13,13,0.00000000,483.329987,483.329987,4H当日前50,4H EMA9/26 最近金叉且价格在 EMA50 上方；4H MACD 位于 Signal 上方；4H RSI 位于健康强势区间
2026-07-29,2026-07-29,Early,Nasdaq 200,DDOG,Datadog,Information Technology,14,14,0.00000000,264.200012,264.200012,4H当日前50,4H EMA9/26 最近金叉且价格在 EMA50 上方；4H MACD 刚金叉但仍需零轴确认；4H MACD 柱体连续扩张；4H RSI 位于健康强势区间
2026-07-29,2026-07-29,Early,Nasdaq 200,IDXX,Idexx Laboratories,Health Care,15,15,0.00000000,569.770020,569.770020,4H当日前50,4H EMA 多头排列已连续维持；4H MACD 位于 Signal 上方；4H MACD 柱体连续扩张；4H RSI 位于健康强势区间
2026-07-29,2026-07-29,Early,Nasdaq 200,TSCO,Tractor Supply,Consumer Discretionary,16,16,0.00000000,31.000000,31.000000,4H当日前50,4H MACD 位于 Signal 上方；4H RSI 位于健康强势区间
2026-07-29,2026-07-29,Early,Nasdaq 200,PODD,Insulet Corporation,Health Care,17,17,0.00000000,170.619995,170.619995,4H当日前50,4H EMA 多头排列已连续维持；4H MACD 位于 Signal 上方；4H MACD 柱体连续扩张；4H RSI 位于健康强势区间
2026-07-29,2026-07-29,Early,Nasdaq 200,PDD,PDD Holdings Inc. - American Depositary Shares,,18,18,0.00000000,88.320000,88.320000,4H当日前50,4H EMA 多头排列已连续维持；4H MACD 零轴上方刚金叉；4H MACD 柱体连续扩张；4H RSI 位于健康强势区间
2026-07-29,2026-07-29,Early,Nasdaq 200,ORLY,O’Reilly Automotive,Consumer Discretionary,19,19,0.00000000,90.629997,90.629997,4H当日前50,4H MACD 位于 Signal 上方；4H RSI 位于健康强势区间
2026-07-29,2026-07-29,Early,Nasdaq 200,EXE,Expand Energy,Energy,20,20,0.00000000,92.459999,92.459999,4H当日前50,4H MACD 零轴上方刚金叉；4H MACD 柱体连续扩张；4H RSI 位于健康强势区间
2026-07-29,2026-07-29,Early,Nasdaq 200,KMB,Kimberly-Clark,Consumer Staples,21,21,0.00000000,113.209999,113.209999,4H当日前50,4H EMA 多头排列已连续维持；4H MACD 位于 Signal 上方；4H RSI 位于健康强势区间
2026-07-29,2026-07-29,Early,Nasdaq 200,ULTA,Ulta Beauty,Consumer Discretionary,22,22,0.00000000,508.089996,508.089996,4H当日前50,4H EMA 多头排列已连续维持；4H MACD 位于 Signal 上方；4H MACD 柱体连续扩张
2026-07-29,2026-07-29,Early,Nasdaq 200,COO,Cooper Companies (The),Health Care,23,23,0.00000000,73.059998,73.059998,4H当日前50,4H EMA 多头排列已连续维持；4H MACD 零轴上方刚金叉；4H MACD 柱体连续扩张；4H RSI 位于健康强势区间
2026-07-29,2026-07-29,Early,Nasdaq 200,GEHC,GE HealthCare,Health Care,24,24,0.00000000,71.900002,71.900002,4H当日前50,4H EMA9/26 最近金叉且价格在 EMA50 上方；4H MACD 位于 Signal 上方；4H MACD 柱体连续扩张
2026-07-29,2026-07-29,Early,Nasdaq 200,FOXA,Fox Corporation (Class A),Communication Services,25,25,0.00000000,58.950001,58.950001,4H当日前50,4H MACD 零轴上方刚金叉；4H MACD 柱体连续扩张；4H RSI 位于健康强势区间
2026-07-29,2026-07-29,Early,Nasdaq 200,FAST,Fastenal,Industrials,26,26,0.00000000,47.779999,47.779999,4H当日前50,4H EMA 多头排列已连续维持；4H MACD 位于 Signal 上方；4H RSI 位于健康强势区间
2026-07-29,2026-07-29,Early,Nasdaq 200,EBAY,eBay Inc.,Consumer Discretionary,27,27,0.00000000,115.300003,115.300003,4H当日前50,4H EMA 多头排列已连续维持；4H MACD 位于 Signal 上方；4H RSI 位于健康强势区间
2026-07-29,2026-07-29,Early,Nasdaq 200,REGN,Regeneron Pharmaceuticals,Health Care,28,28,0.00000000,695.419983,695.419983,4H当日前50,4H EMA 多头排列已连续维持；4H MACD 位于 Signal 上方；4H MACD 柱体连续扩张；4H RSI 位于健康强势区间
2026-07-29,2026-07-29,Early,Nasdaq 200,DLTR,Dollar Tree,Consumer Staples,29,29,0.00000000,128.949997,128.949997,4H当日前50,4H EMA 多头排列已连续维持；4H MACD 零轴上方刚金叉；4H MACD 柱体连续扩张；4H RSI 位于健康强势区间
2026-07-29,2026-07-29,Early,Nasdaq 200,ABNB,Airbnb,Consumer Discretionary,30,30,0.00000000,153.009995,153.009995,4H当日前50,4H EMA 多头排列已连续维持；4H MACD 位于 Signal 上方；4H MACD 柱体连续扩张；4H RSI 位于健康强势区间
2026-07-29,2026-07-29,Early,Nasdaq 200,TTWO,Take-Two Interactive,Communication Services,31,31,0.00000000,246.429993,246.429993,4H当日前50,4H EMA 多头排列已连续维持；4H MACD 位于 Signal 上方；4H RSI 位于健康强势区间
2026-07-29,2026-07-29,Early,Nasdaq 200,NBIX,"Neurocrine Biosciences, Inc. - Common Stock",,32,32,0.00000000,180.789993,180.789993,4H当日前50,4H EMA 多头排列已连续维持；4H MACD 位于 Signal 上方；4H RSI 位于健康强势区间
2026-07-29,2026-07-29,Early,Nasdaq 200,EXC,Exelon,Utilities,33,33,0.00000000,47.029999,47.029999,4H当日前50,4H MACD 位于 Signal 上方；4H RSI 位于健康强势区间
2026-07-29,2026-07-29,Early,Nasdaq 200,GEN,Gen Digital,Information Technology,34,34,0.00000000,27.629999,27.629999,4H当日前50,4H EMA 多头排列已连续维持；4H MACD 位于 Signal 上方；4H MACD 柱体连续扩张；4H RSI 位于健康强势区间
2026-07-29,2026-07-29,Early,Nasdaq 200,FOX,Fox Corporation (Class B),Communication Services,35,35,0.00000000,52.730000,52.730000,4H当日前50,4H MACD 位于 Signal 上方；4H MACD 柱体连续扩张；4H RSI 位于健康强势区间
2026-07-29,2026-07-29,Early,Nasdaq 200,DXCM,Dexcom,Health Care,36,36,0.00000000,75.139999,75.139999,4H当日前50,4H EMA 多头排列已连续维持；4H MACD 零轴上方刚金叉；4H MACD 柱体连续扩张；4H RSI 位于健康强势区间
2026-07-29,2026-07-29,Early,Nasdaq 200,TCOM,Trip.com Group Limited - American Depositary Shares,,37,37,0.00000000,46.000000,46.000000,4H当日前50,4H MACD 位于 Signal 上方；4H RSI 位于健康强势区间
2026-07-29,2026-07-29,Early,Nasdaq 200,RPRX,Royalty Pharma plc - Class A Ordinary Shares,,38,38,0.00000000,59.180000,59.180000,4H当日前50,4H MACD 位于 Signal 上方；4H RSI 位于健康强势区间
2026-07-29,2026-07-29,Early,Nasdaq 200,FWONA,Liberty Media Corporation - Series A Liberty Formula One Common Stock,,39,39,0.00000000,93.500000,93.500000,4H当日前50,4H EMA 多头排列已连续维持；4H MACD 零轴上方刚金叉；4H MACD 柱体连续扩张；4H RSI 位于健康强势区间
2026-07-29,2026-07-29,Early,Nasdaq 200,CHKP,Check Point Software Technologies Ltd. - Ordinary Shares,,40,40,0.00000000,139.669998,139.669998,4H当日前50,4H EMA 多头排列已连续维持；4H MACD 位于 Signal 上方；4H MACD 柱体连续扩张；4H RSI 位于健康强势区间
2026-07-29,2026-07-29,Early,Nasdaq 200,DASH,DoorDash,Consumer Discretionary,41,41,0.00000000,193.529999,193.529999,4H当日前50,4H EMA 多头排列已连续维持；4H MACD 位于 Signal 上方；4H MACD 柱体连续扩张；4H RSI 位于健康强势区间
2026-07-29,2026-07-29,Early,Nasdaq 200,FWONK,Liberty Media Corporation - Series C Liberty Formula One Common Stock,,42,42,0.00000000,101.889999,101.889999,4H当日前50,4H EMA 多头排列已连续维持；4H MACD 零轴上方刚金叉；4H MACD 柱体连续扩张；4H RSI 位于健康强势区间
2026-07-29,2026-07-29,Early,Nasdaq 200,MELI,"MercadoLibre, Inc. - Common Stock",,43,43,0.00000000,1863.310059,1863.310059,4H当日前50,4H EMA 多头排列已连续维持；4H MACD 零轴上方刚金叉；4H MACD 柱体连续扩张；4H RSI 位于健康强势区间
2026-07-29,2026-07-29,Early,Nasdaq 200,ICLR,ICON plc - Ordinary Shares,,44,44,0.00000000,178.179993,178.179993,4H当日前50,4H EMA 多头排列已连续维持；4H MACD 位于 Signal 上方；4H RSI 位于健康强势区间
2026-07-29,2026-07-29,Early,Nasdaq 200,NDSN,Nordson Corporation,Industrials,45,45,0.00000000,294.980011,294.980011,4H当日前50,4H MACD 位于 Signal 上方；4H RSI 位于健康强势区间
2026-07-29,2026-07-29,Early,Nasdaq 200,STLD,Steel Dynamics,Materials,46,46,0.00000000,252.339996,252.339996,4H当日前50,4H EMA 多头排列已连续维持；4H MACD 位于 Signal 上方；4H RSI 位于健康强势区间
2026-07-29,2026-07-29,Early,Nasdaq 200,FISV,Fiserv,Financials,47,47,0.00000000,55.630001,55.630001,4H当日前50,4H EMA 多头排列已连续维持；4H MACD 位于 Signal 上方；4H MACD 柱体连续扩张
2026-07-29,2026-07-29,Early,Nasdaq 200,NTAP,NetApp,Information Technology,48,48,0.00000000,173.229996,173.229996,4H当日前50,4H EMA 多头排列已连续维持；4H MACD 位于 Signal 上方；4H RSI 位于健康强势区间
2026-07-29,2026-07-29,Early,Nasdaq 200,CMCSA,Comcast,Communication Services,49,49,0.00000000,24.610001,24.610001,4H当日前50,4H EMA9/26 最近金叉且价格在 EMA50 上方；4H MACD 位于 Signal 上方；4H MACD 柱体连续扩张；4H RSI 位于健康强势区间
2026-07-29,2026-07-29,Early,Nasdaq 200,HON,Honeywell Technologies,Industrials,50,50,0.00000000,241.119995,241.119995,4H当日前50,4H MACD 位于 Signal 上方；4H RSI 位于健康强势区间
2026-07-29,2026-07-29,Early,Nasdaq Liquid 500,BNTX,BioNTech SE - American Depositary Shares,,1,1,0.00000000,92.949997,92.949997,4H当日前50,4H EMA9/26 最近金叉且价格在 EMA50 上方；4H MACD 刚金叉但仍需零轴确认；4H MACD 柱体连续扩张；4H RSI 位于健康强势区间
2026-07-29,2026-07-29,Early,Nasdaq Liquid 500,CHDN,"Churchill Downs, Incorporated - Common Stock",,2,2,0.00000000,88.529999,88.529999,4H当日前50,4H EMA9 已站上 EMA26，等待 26/50 确认；4H MACD 位于 Signal 上方；4H RSI 位于健康强势区间
2026-07-29,2026-07-29,Early,Nasdaq Liquid 500,COIN,Coinbase,Financials,3,3,0.00000000,160.089996,160.089996,4H当日前50,4H EMA9 已站上 EMA26，等待 26/50 确认；4H MACD 零轴上方刚金叉
2026-07-29,2026-07-29,Early,Nasdaq Liquid 500,FUTU,Futu Holdings Limited - American Depositary Shares,,4,4,0.00000000,101.879997,101.879997,4H当日前50,4H EMA9 已站上 EMA26，等待 26/50 确认；4H MACD 位于 Signal 上方；4H RSI 位于健康强势区间
2026-07-29,2026-07-29,Early,Nasdaq Liquid 500,ERIE,Erie Indemnity,Financials,5,5,0.00000000,248.550003,248.550003,4H当日前50,4H EMA9/26 最近金叉且价格在 EMA50 上方；4H MACD 位于 Signal 上方；4H MACD 柱体连续扩张；4H RSI 位于健康强势区间
2026-07-29,2026-07-29,Early,Nasdaq Liquid 500,COST,Costco,Consumer Staples,6,6,0.00000000,974.030029,974.030029,4H当日前50,4H EMA9 已站上 EMA26，等待 26/50 确认；4H MACD 位于 Signal 上方；4H MACD 柱体连续扩张
2026-07-29,2026-07-29,Early,Nasdaq Liquid 500,BIIB,Biogen,Health Care,7,7,0.00000000,209.229996,209.229996,4H当日前50,4H EMA9/26 最近金叉且价格在 EMA50 上方；4H MACD 位于 Signal 上方；4H MACD 柱体连续扩张；4H RSI 位于健康强势区间
2026-07-29,2026-07-29,Early,Nasdaq Liquid 500,PTC,PTC Inc.,Information Technology,8,8,0.00000000,132.460007,132.460007,4H当日前50,4H EMA9 已站上 EMA26，等待 26/50 确认；4H MACD 位于 Signal 上方；4H MACD 柱体连续扩张；4H RSI 位于健康强势区间
2026-07-29,2026-07-29,Early,Nasdaq Liquid 500,MNST,Monster Beverage,Consumer Staples,9,9,0.00000000,97.230003,97.230003,4H当日前50,4H EMA9/26 最近金叉且价格在 EMA50 上方；4H MACD 位于 Signal 上方；4H MACD 柱体连续扩张；4H RSI 位于健康强势区间
2026-07-29,2026-07-29,Early,Nasdaq Liquid 500,DOX,Amdocs Limited - Ordinary Shares,,10,10,0.00000000,56.820000,56.820000,4H当日前50,4H EMA9 已站上 EMA26，等待 26/50 确认；4H MACD 位于 Signal 上方；4H MACD 柱体连续扩张
2026-07-29,2026-07-29,Early,Nasdaq Liquid 500,CPRT,Copart,Industrials,11,11,0.00000000,30.820000,30.820000,4H当日前50,4H EMA9 已站上 EMA26，等待 26/50 确认；4H MACD 位于 Signal 上方
2026-07-29,2026-07-29,Early,Nasdaq Liquid 500,MDLN,Medline Inc. - Class A common stock,,12,12,0.00000000,40.119999,40.119999,4H当日前50,4H EMA 多头排列已连续维持；4H MACD 位于 Signal 上方；4H RSI 位于健康强势区间
2026-07-29,2026-07-29,Early,Nasdaq Liquid 500,VRTX,Vertex Pharmaceuticals,Health Care,13,13,0.00000000,483.329987,483.329987,4H当日前50,4H EMA9/26 最近金叉且价格在 EMA50 上方；4H MACD 位于 Signal 上方；4H RSI 位于健康强势区间
2026-07-29,2026-07-29,Early,Nasdaq Liquid 500,OZK,Bank OZK - Common Stock,,14,14,0.00000000,51.549999,51.549999,4H当日前50,4H EMA9/26 最近金叉且价格在 EMA50 上方；4H MACD 刚金叉但仍需零轴确认；4H MACD 柱体连续扩张；4H RSI 位于健康强势区间
2026-07-29,2026-07-29,Early,Nasdaq Liquid 500,MAR,Marriott International,Consumer Discretionary,15,15,0.00000000,381.119995,381.119995,4H当日前50,4H EMA9 已站上 EMA26，等待 26/50 确认；4H MACD 位于 Signal 上方；4H RSI 位于健康强势区间
2026-07-29,2026-07-29,Early,Nasdaq Liquid 500,SNY,Sanofi - American Depositary Shares,,16,16,0.00000000,44.849998,44.849998,4H当日前50,4H EMA 多头排列已连续维持；4H MACD 位于 Signal 上方；4H RSI 位于健康强势区间
2026-07-29,2026-07-29,Early,Nasdaq Liquid 500,LYFT,"Lyft, Inc. - Class A Common Stock",,17,17,0.00000000,15.440000,15.440000,4H当日前50,4H EMA9/26 最近金叉且价格在 EMA50 上方；4H MACD 刚金叉但仍需零轴确认；4H MACD 柱体连续扩张；4H RSI 位于健康强势区间
2026-07-29,2026-07-29,Early,Nasdaq Liquid 500,GILD,Gilead Sciences,Health Care,18,18,0.00000000,132.729996,132.729996,4H当日前50,4H EMA 多头排列已连续维持；4H MACD 零轴上方刚金叉；4H RSI 位于健康强势区间
2026-07-29,2026-07-29,Early,Nasdaq Liquid 500,AXON,Axon Enterprise,Industrials,19,19,0.00000000,531.200012,531.200012,4H当日前50,4H EMA9/26 最近金叉且价格在 EMA50 上方；4H MACD 位于 Signal 上方；4H RSI 位于健康强势区间
2026-07-29,2026-07-29,Early,Nasdaq Liquid 500,DDOG,Datadog,Information Technology,20,20,0.00000000,264.200012,264.200012,4H当日前50,4H EMA9/26 最近金叉且价格在 EMA50 上方；4H MACD 刚金叉但仍需零轴确认；4H MACD 柱体连续扩张；4H RSI 位于健康强势区间
2026-07-29,2026-07-29,Early,Nasdaq Liquid 500,IDXX,Idexx Laboratories,Health Care,21,21,0.00000000,569.770020,569.770020,4H当日前50,4H EMA 多头排列已连续维持；4H MACD 位于 Signal 上方；4H MACD 柱体连续扩张；4H RSI 位于健康强势区间
2026-07-29,2026-07-29,Early,Nasdaq Liquid 500,GLPI,"Gaming and Leisure Properties, Inc. - Common Stock",,22,22,0.00000000,46.009998,46.009998,4H当日前50,4H MACD 位于 Signal 上方；4H RSI 位于健康强势区间
2026-07-29,2026-07-29,Early,Nasdaq Liquid 500,PODD,Insulet Corporation,Health Care,23,23,0.00000000,170.619995,170.619995,4H当日前50,4H EMA 多头排列已连续维持；4H MACD 位于 Signal 上方；4H MACD 柱体连续扩张；4H RSI 位于健康强势区间
2026-07-29,2026-07-29,Early,Nasdaq Liquid 500,PDD,PDD Holdings Inc. - American Depositary Shares,,24,24,0.00000000,88.320000,88.320000,4H当日前50,4H EMA 多头排列已连续维持；4H MACD 零轴上方刚金叉；4H MACD 柱体连续扩张；4H RSI 位于健康强势区间
2026-07-29,2026-07-29,Early,Nasdaq Liquid 500,UMBF,UMB FINANCIAL CORP,Financials,25,25,0.00000000,148.270004,148.270004,4H当日前50,4H EMA9/26 最近金叉且价格在 EMA50 上方；4H MACD 刚金叉但仍需零轴确认；4H MACD 柱体连续扩张；4H RSI 位于健康强势区间
2026-07-29,2026-07-29,Early,Nasdaq Liquid 500,NTES,"NetEase, Inc. - American Depositary Shares, each representing 5 ordinary shares",,26,26,0.00000000,129.619995,129.619995,4H当日前50,4H MACD 刚金叉但仍需零轴确认；4H MACD 柱体连续扩张；4H RSI 位于健康强势区间
2026-07-29,2026-07-29,Early,Nasdaq Liquid 500,TSCO,Tractor Supply,Consumer Discretionary,27,27,0.00000000,31.000000,31.000000,4H当日前50,4H MACD 位于 Signal 上方；4H RSI 位于健康强势区间
2026-07-29,2026-07-29,Early,Nasdaq Liquid 500,FIVE,"Five Below, Inc. - Common Stock",,28,28,0.00000000,209.490005,209.490005,4H当日前50,4H EMA 多头排列已连续维持；4H MACD 零轴上方刚金叉；4H RSI 位于健康强势区间
2026-07-29,2026-07-29,Early,Nasdaq Liquid 500,LKQ,LKQ Corporation - Common Stock,,29,29,0.00000000,26.389999,26.389999,4H当日前50,4H MACD 位于 Signal 上方；4H RSI 位于健康强势区间
2026-07-29,2026-07-29,Early,Nasdaq Liquid 500,ORLY,O’Reilly Automotive,Consumer Discretionary,30,30,0.00000000,90.629997,90.629997,4H当日前50,4H MACD 位于 Signal 上方；4H RSI 位于健康强势区间
2026-07-29,2026-07-29,Early,Nasdaq Liquid 500,NICE,NICE Ltd - American Depositary Shares each representing one Ordinary Share,,31,31,0.00000000,105.019997,105.019997,4H当日前50,4H EMA 多头排列已连续维持；4H MACD 位于 Signal 上方；4H MACD 柱体连续扩张；4H RSI 位于健康强势区间
2026-07-29,2026-07-29,Early,Nasdaq Liquid 500,HSIC,Henry Schein,Health Care,32,32,0.00000000,85.830002,85.830002,4H当日前50,4H EMA9/26 最近金叉且价格在 EMA50 上方；4H MACD 柱体连续扩张；4H RSI 位于健康强势区间
2026-07-29,2026-07-29,Early,Nasdaq Liquid 500,EXE,Expand Energy,Energy,33,33,0.00000000,92.459999,92.459999,4H当日前50,4H MACD 零轴上方刚金叉；4H MACD 柱体连续扩张；4H RSI 位于健康强势区间
2026-07-29,2026-07-29,Early,Nasdaq Liquid 500,CPB,The Campbell's Company - Common Stock,,34,34,0.00000000,22.959999,22.959999,4H当日前50,4H EMA 多头排列已连续维持；4H MACD 位于 Signal 上方；4H RSI 位于健康强势区间
2026-07-29,2026-07-29,Early,Nasdaq Liquid 500,FSLY,FASTLY INC CLASS A,Information Technology,35,35,0.00000000,20.690001,20.690001,4H当日前50,4H EMA 多头排列已连续维持；4H MACD 柱体连续扩张；4H RSI 位于健康强势区间
2026-07-29,2026-07-29,Early,Nasdaq Liquid 500,TMDX,TRANSMEDICS GROUP INC,Health Care,36,36,0.00000000,78.000000,78.000000,4H当日前50,4H EMA 多头排列已连续维持；4H MACD 位于 Signal 上方；4H MACD 柱体连续扩张；4H RSI 位于健康强势区间
2026-07-29,2026-07-29,Early,Nasdaq Liquid 500,GEHC,GE HealthCare,Health Care,37,37,0.00000000,71.900002,71.900002,4H当日前50,4H EMA9/26 最近金叉且价格在 EMA50 上方；4H MACD 位于 Signal 上方；4H MACD 柱体连续扩张
2026-07-29,2026-07-29,Early,Nasdaq Liquid 500,LOPE,"Grand Canyon Education, Inc. - Common Stock",,38,38,0.00000000,159.309998,159.309998,4H当日前50,4H EMA9/26 最近金叉且价格在 EMA50 上方；4H MACD 位于 Signal 上方；4H MACD 柱体连续扩张
2026-07-29,2026-07-29,Early,Nasdaq Liquid 500,HLNE,Hamilton Lane Incorporated - Class A Common Stock,,39,39,0.00000000,88.690002,88.690002,4H当日前50,4H EMA 多头排列已连续维持；4H MACD 位于 Signal 上方；4H RSI 位于健康强势区间
2026-07-29,2026-07-29,Early,Nasdaq Liquid 500,ULTA,Ulta Beauty,Consumer Discretionary,40,40,0.00000000,508.089996,508.089996,4H当日前50,4H EMA 多头排列已连续维持；4H MACD 位于 Signal 上方；4H MACD 柱体连续扩张
2026-07-29,2026-07-29,Early,Nasdaq Liquid 500,FOXA,Fox Corporation (Class A),Communication Services,41,41,0.00000000,58.950001,58.950001,4H当日前50,4H MACD 零轴上方刚金叉；4H MACD 柱体连续扩张；4H RSI 位于健康强势区间
2026-07-29,2026-07-29,Early,Nasdaq Liquid 500,KMB,Kimberly-Clark,Consumer Staples,42,42,0.00000000,113.209999,113.209999,4H当日前50,4H EMA 多头排列已连续维持；4H MACD 位于 Signal 上方；4H RSI 位于健康强势区间
2026-07-29,2026-07-29,Early,Nasdaq Liquid 500,BRZE,BRAZE INC CLASS A,Information Technology,43,43,0.00000000,26.830000,26.830000,4H当日前50,4H EMA9/26 最近金叉且价格在 EMA50 上方；4H MACD 刚金叉但仍需零轴确认；4H MACD 柱体连续扩张；4H RSI 位于健康强势区间
2026-07-29,2026-07-29,Early,Nasdaq Liquid 500,MTCH,"Match Group, Inc. - Common Stock",,44,44,0.00000000,39.400002,39.400002,4H当日前50,4H EMA 多头排列已连续维持；4H MACD 零轴上方刚金叉；4H MACD 柱体连续扩张；4H RSI 位于健康强势区间
2026-07-29,2026-07-29,Early,Nasdaq Liquid 500,COO,Cooper Companies (The),Health Care,45,45,0.00000000,73.059998,73.059998,4H当日前50,4H EMA 多头排列已连续维持；4H MACD 零轴上方刚金叉；4H MACD 柱体连续扩张；4H RSI 位于健康强势区间
2026-07-29,2026-07-29,Early,Nasdaq Liquid 500,COKE,"Coca-Cola Consolidated, Inc. - Common Stock",,46,46,0.00000000,192.389999,192.389999,4H当日前50,4H EMA 多头排列已连续维持；4H MACD 位于 Signal 上方；4H RSI 位于健康强势区间
2026-07-29,2026-07-29,Early,Nasdaq Liquid 500,BRKR,Bruker Corporation - Common Stock,,47,47,0.00000000,61.740002,61.740002,4H当日前50,4H EMA 多头排列已连续维持；4H MACD 位于 Signal 上方；4H RSI 位于健康强势区间
2026-07-29,2026-07-29,Early,Nasdaq Liquid 500,JBLU,JETBLUE AIRWAYS CORP,Industrials,48,48,0.00000000,5.720000,5.720000,4H当日前50,4H EMA 多头排列已连续维持；4H MACD 位于 Signal 上方；4H RSI 位于健康强势区间
2026-07-29,2026-07-29,Early,Nasdaq Liquid 500,REGN,Regeneron Pharmaceuticals,Health Care,49,49,0.00000000,695.419983,695.419983,4H当日前50,4H EMA 多头排列已连续维持；4H MACD 位于 Signal 上方；4H MACD 柱体连续扩张；4H RSI 位于健康强势区间
2026-07-29,2026-07-29,Early,Nasdaq Liquid 500,EBAY,eBay Inc.,Consumer Discretionary,50,50,0.00000000,115.300003,115.300003,4H当日前50,4H EMA 多头排列已连续维持；4H MACD 位于 Signal 上方；4H RSI 位于健康强势区间
2026-07-29,2026-07-29,Early,Russell,ATEC,ALPHATEC HOLDNGS INC,Health Care,1,1,0.00000000,9.650000,9.650000,4H当日前50,4H EMA9/26 最近金叉且价格在 EMA50 上方；4H MACD 位于 Signal 上方；4H MACD 柱体连续扩张；4H RSI 位于健康强势区间
2026-07-29,2026-07-29,Early,Russell,IIIV,I3 VERTICALS INC CLASS A,Information Technology,2,2,0.00000000,21.450001,21.450001,4H当日前50,4H EMA9/26 最近金叉且价格在 EMA50 上方；4H MACD 位于 Signal 上方；4H RSI 位于健康强势区间
2026-07-29,2026-07-29,Early,Russell,AMPH,AMPHASTAR PHARMACEUTICALS INC,Health Care,3,3,0.00000000,20.580000,20.580000,4H当日前50,4H EMA9/26 最近金叉且价格在 EMA50 上方；4H MACD 位于 Signal 上方；4H MACD 柱体连续扩张；4H RSI 位于健康强势区间
2026-07-29,2026-07-29,Early,Russell,MLAB,MESA LABORATORIES INC,Health Care,4,4,0.00000000,99.660004,99.660004,4H当日前50,4H EMA9 已站上 EMA26，等待 26/50 确认；4H MACD 位于 Signal 上方；4H RSI 位于健康强势区间
2026-07-29,2026-07-29,Early,Russell,WEST,WESTROCK COFFEE,Consumer Staples,5,5,0.00000000,8.180000,8.180000,4H当日前50,4H EMA9 已站上 EMA26，等待 26/50 确认；4H MACD 位于 Signal 上方；4H RSI 位于健康强势区间
2026-07-29,2026-07-29,Early,Russell,ASLE,AERSALE CORP,Industrials,6,6,0.00000000,6.160000,6.160000,4H当日前50,4H EMA9 已站上 EMA26，等待 26/50 确认；4H MACD 位于 Signal 上方
2026-07-29,2026-07-29,Early,Russell,YOU,CLEAR SECURE INC CLASS A,Information Technology,7,7,0.00000000,58.404999,58.404999,4H当日前50,4H EMA9/26 最近金叉且价格在 EMA50 上方；4H MACD 刚金叉但仍需零轴确认；4H MACD 柱体连续扩张；4H RSI 位于健康强势区间
2026-07-29,2026-07-29,Early,Russell,PHIN,PHINIA INC,Consumer Discretionary,8,8,0.00000000,82.199997,82.199997,4H当日前50,4H EMA9/26 最近金叉且价格在 EMA50 上方；4H MACD 位于 Signal 上方；4H MACD 柱体连续扩张；4H RSI 位于健康强势区间
2026-07-29,2026-07-29,Early,Russell,CAL,CALERES INC,Consumer Discretionary,9,9,0.00000000,12.860000,12.860000,4H当日前50,4H EMA9 已站上 EMA26，等待 26/50 确认；4H MACD 位于 Signal 上方；4H RSI 位于健康强势区间
2026-07-29,2026-07-29,Early,Russell,XPOF,XPONENTIAL FITNESS INC CLASS A,Consumer Discretionary,10,10,0.00000000,6.820000,6.820000,4H当日前50,4H EMA9/26 最近金叉且价格在 EMA50 上方；4H MACD 位于 Signal 上方；4H MACD 柱体连续扩张；4H RSI 位于健康强势区间
2026-07-29,2026-07-29,Early,Russell,CWCO,CONSOLIDATED WATER LTD,Utilities,11,11,0.00000000,29.469999,29.469999,4H当日前50,4H EMA9 已站上 EMA26，等待 26/50 确认；4H MACD 位于 Signal 上方；4H RSI 位于健康强势区间
2026-07-29,2026-07-29,Early,Russell,HGV,HILTON GRAND VACATIONS INC,Consumer Discretionary,12,12,0.00000000,51.459999,51.459999,4H当日前50,4H EMA9/26 最近金叉且价格在 EMA50 上方；4H MACD 位于 Signal 上方；4H RSI 位于健康强势区间
2026-07-29,2026-07-29,Early,Russell,CPSS,CONSUMER PORTFOLIO SERVICES INC,Financials,13,13,0.00000000,9.620000,9.620000,4H当日前50,4H EMA9 已站上 EMA26，等待 26/50 确认；4H MACD 位于 Signal 上方；4H RSI 位于健康强势区间
2026-07-29,2026-07-29,Early,Russell,MLP,MAUI LAND AND PINEAPPLE INC,Real Estate,14,14,0.00000000,17.889999,17.889999,4H当日前50,4H EMA9 已站上 EMA26，等待 26/50 确认；4H MACD 位于 Signal 上方；4H MACD 柱体连续扩张；4H RSI 位于健康强势区间
2026-07-29,2026-07-29,Early,Russell,ANGI,ANGI INC CLASS A,Communication,15,15,0.00000000,6.100000,6.100000,4H当日前50,4H EMA9/26 最近金叉且价格在 EMA50 上方；4H MACD 位于 Signal 上方；4H RSI 位于健康强势区间
2026-07-29,2026-07-29,Early,Russell,ACR,ACRES COMMERCIAL REALTY CORP,Financials,16,16,0.00000000,18.590000,18.590000,4H当日前50,4H EMA9 已站上 EMA26，等待 26/50 确认；4H MACD 位于 Signal 上方；4H MACD 柱体连续扩张；4H RSI 位于健康强势区间
2026-07-29,2026-07-29,Early,Russell,CMC,COMMERCIAL METALS,Materials,17,17,0.00000000,68.099998,68.099998,4H当日前50,4H EMA9 已站上 EMA26，等待 26/50 确认；4H MACD 位于 Signal 上方；4H RSI 位于健康强势区间
2026-07-29,2026-07-29,Early,Russell,ADV,ADVANTAGE SOLUTIONS INC CLASS A,Communication,18,18,0.00000000,43.220001,43.220001,4H当日前50,4H EMA9/26 最近金叉且价格在 EMA50 上方；4H MACD 位于 Signal 上方；4H MACD 柱体连续扩张；4H RSI 位于健康强势区间
2026-07-29,2026-07-29,Early,Russell,NGVC,NATURAL GROCERS BY VITAMIN COTTAGE,Consumer Staples,19,19,0.00000000,32.917500,32.917500,4H当日前50,4H EMA9/26 最近金叉且价格在 EMA50 上方；4H MACD 位于 Signal 上方；4H MACD 柱体连续扩张；4H RSI 位于健康强势区间
2026-07-29,2026-07-29,Early,Russell,BBUC,BROOKFIELD BUSINESS CORP CLASS A,Industrials,20,20,0.00000000,31.930000,31.930000,4H当日前50,4H EMA9 已站上 EMA26，等待 26/50 确认；4H MACD 位于 Signal 上方；4H RSI 位于健康强势区间
2026-07-29,2026-07-29,Early,Russell,ANIK,ANIKA THERAPEUTICS INC,Health Care,21,21,0.00000000,16.236000,16.236000,4H当日前50,4H EMA9/26 最近金叉且价格在 EMA50 上方；4H MACD 刚金叉但仍需零轴确认；4H MACD 柱体连续扩张；4H RSI 位于健康强势区间
2026-07-29,2026-07-29,Early,Russell,VGNT,VERSIGENT PLC,Consumer Discretionary,22,22,0.00000000,42.990002,42.990002,4H当日前50,4H EMA9 已站上 EMA26，等待 26/50 确认；4H MACD 位于 Signal 上方；4H RSI 位于健康强势区间
2026-07-29,2026-07-29,Early,Russell,FSUN,FIRSTSUN CAPITAL BANCORP,Financials,23,23,0.00000000,39.090000,39.090000,4H当日前50,4H EMA9/26 最近金叉且价格在 EMA50 上方；4H MACD 位于 Signal 上方；4H MACD 柱体连续扩张
2026-07-29,2026-07-29,Early,Russell,BKE,BUCKLE INC,Consumer Discretionary,24,24,0.00000000,45.009998,45.009998,4H当日前50,4H EMA9 已站上 EMA26，等待 26/50 确认；4H MACD 位于 Signal 上方；4H RSI 位于健康强势区间
2026-07-29,2026-07-29,Early,Russell,MCHB,MECHANICS BANCORP CLASS A,Financials,25,25,0.00000000,16.490000,16.490000,4H当日前50,4H EMA9/26 最近金叉且价格在 EMA50 上方；4H MACD 刚金叉但仍需零轴确认；4H MACD 柱体连续扩张；4H RSI 位于健康强势区间
2026-07-29,2026-07-29,Early,Russell,EAF,GRAFTECH INTERNATIONAL LTD,Industrials,26,26,0.00000000,7.060000,7.060000,4H当日前50,4H EMA9 已站上 EMA26，等待 26/50 确认；4H MACD 位于 Signal 上方；4H RSI 位于健康强势区间
2026-07-29,2026-07-29,Early,Russell,AOMR,ANGEL OAK MORTGAGE REIT INC,Financials,27,27,0.00000000,9.015000,9.015000,4H当日前50,4H EMA9/26 最近金叉且价格在 EMA50 上方；4H MACD 刚金叉但仍需零轴确认；4H MACD 柱体连续扩张；4H RSI 位于健康强势区间
2026-07-29,2026-07-29,Early,Russell,FRST,PRIMIS FINANCIAL CORP,Financials,28,28,0.00000000,16.040001,16.040001,4H当日前50,4H EMA9/26 最近金叉且价格在 EMA50 上方；4H MACD 刚金叉但仍需零轴确认；4H MACD 柱体连续扩张；4H RSI 位于健康强势区间
2026-07-29,2026-07-29,Early,Russell,PSMT,PRICESMART INC,Consumer Staples,29,29,0.00000000,192.565002,192.565002,4H当日前50,4H EMA9/26 最近金叉且价格在 EMA50 上方；4H MACD 位于 Signal 上方；4H MACD 柱体连续扩张；4H RSI 位于健康强势区间
2026-07-29,2026-07-29,Early,Russell,WGO,WINNEBAGO INDUSTRIES INC,Consumer Discretionary,30,30,0.00000000,31.889999,31.889999,4H当日前50,4H EMA 多头排列已连续维持；4H MACD 位于 Signal 上方；4H RSI 位于健康强势区间
2026-07-29,2026-07-29,Early,Russell,COLL,COLLEGIUM PHARMACEUTICAL INC,Health Care,31,31,0.00000000,36.290001,36.290001,4H当日前50,4H EMA9/26 最近金叉且价格在 EMA50 上方；4H MACD 刚金叉但仍需零轴确认；4H MACD 柱体连续扩张；4H RSI 位于健康强势区间
2026-07-29,2026-07-29,Early,Russell,LOCO,EL POLLO LOCO INC,Consumer Discretionary,32,32,0.00000000,16.530001,16.530001,4H当日前50,4H EMA9/26 最近金叉且价格在 EMA50 上方；4H MACD 位于 Signal 上方；4H MACD 柱体连续扩张；4H RSI 位于健康强势区间
2026-07-29,2026-07-29,Early,Russell,SENEA,SENECA FOODS CORP CLASS A,Consumer Staples,33,33,0.00000000,170.119995,170.119995,4H当日前50,4H EMA9/26 最近金叉且价格在 EMA50 上方；4H MACD 位于 Signal 上方；4H MACD 柱体连续扩张；4H RSI 位于健康强势区间
2026-07-29,2026-07-29,Early,Russell,PFSI,PENNYMAC FINANCIAL SERVICES INC,Financials,34,34,0.00000000,85.980003,85.980003,4H当日前50,4H EMA 多头排列已连续维持；4H MACD 位于 Signal 上方；4H MACD 柱体连续扩张；4H RSI 位于健康强势区间
2026-07-29,2026-07-29,Early,Russell,ONT,ONTERRIS INC,Industrials,35,35,0.00000000,20.277000,20.277000,4H当日前50,4H EMA9/26 最近金叉且价格在 EMA50 上方；4H MACD 位于 Signal 上方；4H MACD 柱体连续扩张；4H RSI 位于健康强势区间
2026-07-29,2026-07-29,Early,Russell,COMP,COMPASS INC CLASS A,Real Estate,36,36,0.00000000,11.620000,11.620000,4H当日前50,4H EMA9/26 最近金叉且价格在 EMA50 上方；4H MACD 位于 Signal 上方；4H RSI 位于健康强势区间
2026-07-29,2026-07-29,Early,Russell,PAGS,PAGSEGURO DIGITAL LTD CLASS A,Financials,37,37,0.00000000,9.525000,9.525000,4H当日前50,4H EMA 多头排列已连续维持；4H MACD 零轴上方刚金叉；4H RSI 位于健康强势区间
2026-07-29,2026-07-29,Early,Russell,CLDX,CELLDEX THERAPEUTICS INC,Health Care,38,38,0.00000000,37.509998,37.509998,4H当日前50,4H EMA9/26 最近金叉且价格在 EMA50 上方；4H MACD 刚金叉但仍需零轴确认；4H MACD 柱体连续扩张；4H RSI 位于健康强势区间
2026-07-29,2026-07-29,Early,Russell,JOUT,JOHNSON OUTDOORS INC CLASS A,Consumer Discretionary,39,39,0.00000000,47.349998,47.349998,4H当日前50,4H EMA 多头排列已连续维持；4H MACD 位于 Signal 上方；4H RSI 位于健康强势区间
2026-07-29,2026-07-29,Early,Russell,PRKS,UNITED PARKS AND RESORTS INC,Consumer Discretionary,40,40,0.00000000,46.599998,46.599998,4H当日前50,4H EMA9/26 最近金叉且价格在 EMA50 上方；4H MACD 位于 Signal 上方；4H MACD 柱体连续扩张；4H RSI 位于健康强势区间
2026-07-29,2026-07-29,Early,Russell,MBIN,MERCHANTS BANCORP,Financials,41,41,0.00000000,54.279999,54.279999,4H当日前50,4H EMA9/26 最近金叉且价格在 EMA50 上方；4H MACD 零轴上方刚金叉；4H MACD 柱体连续扩张
2026-07-29,2026-07-29,Early,Russell,AMCX,AMC GLOBAL MEDIA INC CLASS A,Communication,42,42,0.00000000,10.250000,10.250000,4H当日前50,4H EMA9/26 最近金叉且价格在 EMA50 上方；4H MACD 零轴上方刚金叉；4H MACD 柱体连续扩张；4H RSI 位于健康强势区间
2026-07-29,2026-07-29,Early,Russell,DOLE,DOLE PLC,Consumer Staples,43,43,0.00000000,14.445000,14.445000,4H当日前50,4H EMA 多头排列已连续维持；4H MACD 零轴上方刚金叉；4H MACD 柱体连续扩张；4H RSI 位于健康强势区间
2026-07-29,2026-07-29,Early,Russell,SGP,SPYGLASS PHARMA INC SHS,Health Care,44,44,0.00000000,21.910000,21.910000,4H当日前50,4H EMA 多头排列已连续维持；4H MACD 位于 Signal 上方；4H MACD 柱体连续扩张；4H RSI 位于健康强势区间
2026-07-29,2026-07-29,Early,Russell,GWRS,GLOBAL WATER RESOURCES INC,Utilities,45,45,0.00000000,7.480000,7.480000,4H当日前50,4H EMA 多头排列已连续维持；4H MACD 位于 Signal 上方；4H RSI 位于健康强势区间
2026-07-29,2026-07-29,Early,Russell,CCSI,CONSENSUS CLOUD SOLUTIONS INC,Information Technology,46,46,0.00000000,36.709999,36.709999,4H当日前50,4H EMA9/26 最近金叉且价格在 EMA50 上方；4H MACD 位于 Signal 上方；4H RSI 位于健康强势区间
2026-07-29,2026-07-29,Early,Russell,LMNR,LIMONEIRA,Consumer Staples,47,47,0.00000000,13.450000,13.450000,4H当日前50,4H EMA9/26 最近金叉且价格在 EMA50 上方；4H MACD 位于 Signal 上方；4H MACD 柱体连续扩张；4H RSI 位于健康强势区间
2026-07-29,2026-07-29,Early,Russell,NRDS,NERDWALLET INC CLASS A,Financials,48,48,0.00000000,9.610000,9.610000,4H当日前50,4H EMA 多头排列已连续维持；4H MACD 位于 Signal 上方；4H MACD 柱体连续扩张；4H RSI 位于健康强势区间
2026-07-29,2026-07-29,Early,Russell,XZO,EXZEO GROUP INC,Financials,49,49,0.00000000,16.459999,16.459999,4H当日前50,4H EMA9/26 最近金叉且价格在 EMA50 上方；4H MACD 位于 Signal 上方；4H MACD 柱体连续扩张；4H RSI 位于健康强势区间
2026-07-29,2026-07-29,Early,Russell,JBSS,JOHN B SANFILIPPO AND SON INC,Consumer Staples,50,50,0.00000000,84.360001,84.360001,4H当日前50,4H EMA 多头排列已连续维持；4H MACD 位于 Signal 上方；4H RSI 位于健康强势区间
2026-07-29,2026-07-29,Prism,S&P 500,COIN,Coinbase,Financials,1,1,0.00000000,160.089996,160.089996,4H当日前50,4H EMA9 已站上 EMA26，等待 26/50 确认；4H MACD 零轴上方刚金叉
2026-07-29,2026-07-29,Prism,S&P 500,AXON,Axon Enterprise,Industrials,2,2,0.00000000,531.200012,531.200012,4H当日前50,4H EMA9/26 最近金叉且价格在 EMA50 上方；4H MACD 位于 Signal 上方；4H RSI 位于健康强势区间
2026-07-29,2026-07-29,Prism,S&P 500,ZTS,Zoetis,Health Care,3,3,0.00000000,77.940002,77.940002,4H当日前50,4H EMA9 已站上 EMA26，等待 26/50 确认；4H MACD 位于 Signal 上方；4H RSI 位于健康强势区间
2026-07-29,2026-07-29,Prism,S&P 500,MCD,McDonald's,Consumer Discretionary,4,4,0.00000000,271.510010,271.510010,4H当日前50,4H EMA9/26 最近金叉且价格在 EMA50 上方；4H MACD 位于 Signal 上方；4H RSI 位于健康强势区间
2026-07-29,2026-07-29,Prism,S&P 500,HII,Huntington Ingalls Industries,Industrials,5,5,0.00000000,280.750000,280.750000,4H当日前50,4H EMA9 已站上 EMA26，等待 26/50 确认；4H MACD 位于 Signal 上方
2026-07-29,2026-07-29,Prism,S&P 500,MSFT,Microsoft,Information Technology,6,6,0.00000000,390.540009,390.540009,4H当日前50,4H EMA9 已站上 EMA26，等待 26/50 确认；4H MACD 零轴上方刚金叉；4H RSI 位于健康强势区间
2026-07-29,2026-07-29,Prism,S&P 500,DDOG,Datadog,Information Technology,7,7,0.00000000,264.200012,264.200012,4H当日前50,4H EMA9/26 最近金叉且价格在 EMA50 上方；4H MACD 刚金叉但仍需零轴确认；4H MACD 柱体连续扩张；4H RSI 位于健康强势区间
2026-07-29,2026-07-29,Prism,S&P 500,EQT,EQT Corporation,Energy,8,8,0.00000000,52.584999,52.584999,4H当日前50,4H EMA9 已站上 EMA26，等待 26/50 确认；4H MACD 位于 Signal 上方；4H RSI 位于健康强势区间
2026-07-29,2026-07-29,Prism,S&P 500,MKC,McCormick & Company,Consumer Staples,9,9,0.00000000,52.029999,52.029999,4H当日前50,4H EMA9/26 最近金叉且价格在 EMA50 上方；4H MACD 刚金叉但仍需零轴确认；4H MACD 柱体连续扩张；4H RSI 位于健康强势区间
2026-07-29,2026-07-29,Prism,S&P 500,PEP,PepsiCo,Consumer Staples,10,10,0.00000000,143.500000,143.500000,4H当日前50,4H EMA9 已站上 EMA26，等待 26/50 确认；4H MACD 位于 Signal 上方；4H RSI 位于健康强势区间
2026-07-29,2026-07-29,Prism,S&P 500,TTD,Trade Desk (The),Communication Services,11,11,0.00000000,19.090000,19.090000,4H当日前50,4H EMA9/26 最近金叉且价格在 EMA50 上方；4H MACD 位于 Signal 上方；4H MACD 柱体连续扩张；4H RSI 位于健康强势区间
2026-07-29,2026-07-29,Prism,S&P 500,EL,Estée Lauder Companies (The),Consumer Staples,12,12,0.00000000,84.146004,84.146004,4H当日前50,4H EMA9 已站上 EMA26，等待 26/50 确认；4H MACD 位于 Signal 上方；4H RSI 位于健康强势区间
2026-07-29,2026-07-29,Prism,S&P 500,WMT,Walmart,Consumer Staples,13,13,0.00000000,114.220001,114.220001,4H当日前50,4H EMA9/26 最近金叉且价格在 EMA50 上方；4H MACD 位于 Signal 上方；4H MACD 柱体连续扩张；4H RSI 位于健康强势区间
2026-07-29,2026-07-29,Prism,S&P 500,CMCSA,Comcast,Communication Services,14,14,0.00000000,24.610001,24.610001,4H当日前50,4H EMA9/26 最近金叉且价格在 EMA50 上方；4H MACD 位于 Signal 上方；4H MACD 柱体连续扩张；4H RSI 位于健康强势区间
2026-07-29,2026-07-29,Prism,S&P 500,RSG,Republic Services,Industrials,15,15,0.00000000,218.960007,218.960007,4H当日前50,4H EMA9/26 最近金叉且价格在 EMA50 上方；4H MACD 刚金叉但仍需零轴确认；4H MACD 柱体连续扩张；4H RSI 位于健康强势区间
2026-07-29,2026-07-29,Prism,S&P 500,ERIE,Erie Indemnity,Financials,16,16,0.00000000,248.550003,248.550003,4H当日前50,4H EMA9/26 最近金叉且价格在 EMA50 上方；4H MACD 位于 Signal 上方；4H MACD 柱体连续扩张；4H RSI 位于健康强势区间
2026-07-29,2026-07-29,Prism,S&P 500,LULU,Lululemon Athletica,Consumer Discretionary,17,17,0.00000000,119.029999,119.029999,4H当日前50,4H EMA9 已站上 EMA26，等待 26/50 确认；4H MACD 位于 Signal 上方；4H RSI 位于健康强势区间
2026-07-29,2026-07-29,Prism,S&P 500,BSX,Boston Scientific,Health Care,18,18,0.00000000,46.060001,46.060001,4H当日前50,4H EMA9 已站上 EMA26，等待 26/50 确认；4H MACD 位于 Signal 上方；4H RSI 位于健康强势区间
2026-07-29,2026-07-29,Prism,S&P 500,MAR,Marriott International,Consumer Discretionary,19,19,0.00000000,381.119995,381.119995,4H当日前50,4H EMA9 已站上 EMA26，等待 26/50 确认；4H MACD 位于 Signal 上方；4H RSI 位于健康强势区间
2026-07-29,2026-07-29,Prism,S&P 500,COST,Costco,Consumer Staples,20,20,0.00000000,974.030029,974.030029,4H当日前50,4H EMA9 已站上 EMA26，等待 26/50 确认；4H MACD 位于 Signal 上方；4H MACD 柱体连续扩张
2026-07-29,2026-07-29,Prism,S&P 500,DIS,Walt Disney Company (The),Communication Services,21,21,0.00000000,98.470001,98.470001,4H当日前50,4H EMA9/26 最近金叉且价格在 EMA50 上方；4H MACD 位于 Signal 上方；4H RSI 位于健康强势区间
2026-07-29,2026-07-29,Prism,S&P 500,MNST,Monster Beverage,Consumer Staples,22,22,0.00000000,97.230003,97.230003,4H当日前50,4H EMA9/26 最近金叉且价格在 EMA50 上方；4H MACD 位于 Signal 上方；4H MACD 柱体连续扩张；4H RSI 位于健康强势区间
2026-07-29,2026-07-29,Prism,S&P 500,KR,Kroger,Consumer Staples,23,23,0.00000000,59.869999,59.869999,4H当日前50,4H EMA9/26 最近金叉且价格在 EMA50 上方；4H MACD 位于 Signal 上方；4H MACD 柱体连续扩张；4H RSI 位于健康强势区间
2026-07-29,2026-07-29,Prism,S&P 500,IFF,International Flavors & Fragrances,Materials,24,24,0.00000000,79.639999,79.639999,4H当日前50,4H EMA9/26 最近金叉且价格在 EMA50 上方；4H MACD 位于 Signal 上方；4H MACD 柱体连续扩张；4H RSI 位于健康强势区间
2026-07-29,2026-07-29,Prism,S&P 500,APO,Apollo Global Management,Financials,25,25,0.00000000,119.809998,119.809998,4H当日前50,4H EMA9 已站上 EMA26，等待 26/50 确认；4H MACD 位于 Signal 上方
2026-07-29,2026-07-29,Prism,S&P 500,PGR,Progressive Corporation,Financials,26,26,0.00000000,220.000000,220.000000,4H当日前50,4H EMA9/26 最近金叉且价格在 EMA50 上方；4H MACD 位于 Signal 上方；4H RSI 位于健康强势区间
2026-07-29,2026-07-29,Prism,S&P 500,WYNN,Wynn Resorts,Consumer Discretionary,27,27,0.00000000,99.010002,99.010002,4H当日前50,4H EMA9 已站上 EMA26，等待 26/50 确认；4H MACD 位于 Signal 上方；4H RSI 位于健康强势区间
2026-07-29,2026-07-29,Prism,S&P 500,DRI,Darden Restaurants,Consumer Discretionary,28,28,0.00000000,212.270004,212.270004,4H当日前50,4H EMA9 已站上 EMA26，等待 26/50 确认；4H MACD 位于 Signal 上方；4H MACD 柱体连续扩张
2026-07-29,2026-07-29,Prism,S&P 500,MLM,Martin Marietta Materials,Materials,29,29,0.00000000,570.169983,570.169983,4H当日前50,4H EMA9 已站上 EMA26，等待 26/50 确认；4H MACD 位于 Signal 上方；4H RSI 位于健康强势区间
2026-07-29,2026-07-29,Prism,S&P 500,NFLX,Netflix,Communication Services,30,30,0.00000000,73.629997,73.629997,4H当日前50,4H EMA9/26 最近金叉且价格在 EMA50 上方；4H MACD 位于 Signal 上方；4H MACD 柱体连续扩张；4H RSI 位于健康强势区间
2026-07-29,2026-07-29,Prism,S&P 500,DD,DuPont,Materials,31,31,0.00000000,138.100006,138.100006,4H当日前50,4H EMA9 已站上 EMA26，等待 26/50 确认；4H MACD 位于 Signal 上方；4H RSI 位于健康强势区间
2026-07-29,2026-07-29,Prism,S&P 500,BIIB,Biogen,Health Care,32,32,0.00000000,209.229996,209.229996,4H当日前50,4H EMA9/26 最近金叉且价格在 EMA50 上方；4H MACD 位于 Signal 上方；4H MACD 柱体连续扩张；4H RSI 位于健康强势区间
2026-07-29,2026-07-29,Prism,S&P 500,LYV,Live Nation Entertainment,Communication Services,33,33,0.00000000,184.449997,184.449997,4H当日前50,4H EMA9/26 最近金叉且价格在 EMA50 上方；4H MACD 位于 Signal 上方；4H MACD 柱体连续扩张；4H RSI 位于健康强势区间
2026-07-29,2026-07-29,Prism,S&P 500,PTC,PTC Inc.,Information Technology,34,34,0.00000000,132.460007,132.460007,4H当日前50,4H EMA9 已站上 EMA26，等待 26/50 确认；4H MACD 位于 Signal 上方；4H MACD 柱体连续扩张；4H RSI 位于健康强势区间
2026-07-29,2026-07-29,Prism,S&P 500,SLB,Schlumberger,Energy,35,35,0.00000000,48.959999,48.959999,4H当日前50,4H EMA9 已站上 EMA26，等待 26/50 确认；4H MACD 位于 Signal 上方；4H RSI 位于健康强势区间
2026-07-29,2026-07-29,Prism,S&P 500,BKR,Baker Hughes,Energy,36,36,0.00000000,58.720001,58.720001,4H当日前50,4H EMA9 已站上 EMA26，等待 26/50 确认；4H MACD 位于 Signal 上方；4H RSI 位于健康强势区间
2026-07-29,2026-07-29,Prism,S&P 500,VRTX,Vertex Pharmaceuticals,Health Care,37,37,0.00000000,483.329987,483.329987,4H当日前50,4H EMA9/26 最近金叉且价格在 EMA50 上方；4H MACD 位于 Signal 上方；4H RSI 位于健康强势区间
2026-07-29,2026-07-29,Prism,S&P 500,LOW,Lowe's,Consumer Discretionary,38,38,0.00000000,215.669998,215.669998,4H当日前50,4H EMA9/26 最近金叉且价格在 EMA50 上方；4H MACD 位于 Signal 上方；4H RSI 位于健康强势区间
2026-07-29,2026-07-29,Prism,S&P 500,HSIC,Henry Schein,Health Care,39,39,0.00000000,85.830002,85.830002,4H当日前50,4H EMA9/26 最近金叉且价格在 EMA50 上方；4H MACD 柱体连续扩张；4H RSI 位于健康强势区间
2026-07-29,2026-07-29,Prism,S&P 500,AVB,AvalonBay Communities,Real Estate,40,40,0.00000000,192.570007,192.570007,4H当日前50,4H EMA9/26 最近金叉且价格在 EMA50 上方；4H MACD 刚金叉但仍需零轴确认；4H MACD 柱体连续扩张；4H RSI 位于健康强势区间
2026-07-29,2026-07-29,Prism,S&P 500,LVS,Las Vegas Sands,Consumer Discretionary,41,41,0.00000000,48.560001,48.560001,4H当日前50,4H EMA9 已站上 EMA26，等待 26/50 确认；4H MACD 位于 Signal 上方；4H RSI 位于健康强势区间
2026-07-29,2026-07-29,Prism,S&P 500,CHTR,Charter Communications,Communication Services,42,42,0.00000000,145.199997,145.199997,4H当日前50,4H EMA9/26 最近金叉且价格在 EMA50 上方；4H MACD 位于 Signal 上方；4H MACD 柱体连续扩张
2026-07-29,2026-07-29,Prism,S&P 500,VICI,Vici Properties,Real Estate,43,43,0.00000000,27.129999,27.129999,4H当日前50,4H EMA9 已站上 EMA26，等待 26/50 确认；4H MACD 位于 Signal 上方；4H RSI 位于健康强势区间
2026-07-29,2026-07-29,Prism,S&P 500,MAA,Mid-America Apartment Communities,Real Estate,44,44,0.00000000,137.399994,137.399994,4H当日前50,4H EMA9/26 最近金叉且价格在 EMA50 上方；4H MACD 位于 Signal 上方；4H MACD 柱体连续扩张；4H RSI 位于健康强势区间
2026-07-29,2026-07-29,Prism,S&P 500,GILD,Gilead Sciences,Health Care,45,45,0.00000000,132.729996,132.729996,4H当日前50,4H EMA 多头排列已连续维持；4H MACD 零轴上方刚金叉；4H RSI 位于健康强势区间
2026-07-29,2026-07-29,Prism,S&P 500,RVTY,Revvity,Health Care,46,46,0.00000000,113.400002,113.400002,4H当日前50,4H EMA 多头排列已连续维持；4H MACD 零轴上方刚金叉；4H MACD 柱体连续扩张；4H RSI 位于健康强势区间
2026-07-29,2026-07-29,Prism,S&P 500,RF,Regions Financial Corporation,Financials,47,47,0.00000000,30.930000,30.930000,4H当日前50,4H EMA9/26 最近金叉且价格在 EMA50 上方；4H RSI 位于健康强势区间
2026-07-29,2026-07-29,Prism,S&P 500,INVH,Invitation Homes,Real Estate,48,48,0.00000000,30.129499,30.129499,4H当日前50,4H EMA9/26 最近金叉且价格在 EMA50 上方；4H MACD 位于 Signal 上方；4H MACD 柱体连续扩张；4H RSI 位于健康强势区间
2026-07-29,2026-07-29,Prism,S&P 500,DXCM,Dexcom,Health Care,49,49,0.00000000,75.139999,75.139999,4H当日前50,4H EMA 多头排列已连续维持；4H MACD 零轴上方刚金叉；4H MACD 柱体连续扩张；4H RSI 位于健康强势区间
2026-07-29,2026-07-29,Prism,S&P 500,DLTR,Dollar Tree,Consumer Staples,50,50,0.00000000,128.949997,128.949997,4H当日前50,4H EMA 多头排列已连续维持；4H MACD 零轴上方刚金叉；4H MACD 柱体连续扩张；4H RSI 位于健康强势区间
2026-07-29,2026-07-29,Prism,Nasdaq 200,BIIB,Biogen,Health Care,1,1,0.00000000,209.229996,209.229996,4H当日前50,4H EMA9/26 最近金叉且价格在 EMA50 上方；4H MACD 位于 Signal 上方；4H MACD 柱体连续扩张；4H RSI 位于健康强势区间
2026-07-29,2026-07-29,Prism,Nasdaq 200,AXON,Axon Enterprise,Industrials,2,2,0.00000000,531.200012,531.200012,4H当日前50,4H EMA9/26 最近金叉且价格在 EMA50 上方；4H MACD 位于 Signal 上方；4H RSI 位于健康强势区间
2026-07-29,2026-07-29,Prism,Nasdaq 200,WMT,Walmart,Consumer Staples,3,3,0.00000000,114.220001,114.220001,4H当日前50,4H EMA9/26 最近金叉且价格在 EMA50 上方；4H MACD 位于 Signal 上方；4H MACD 柱体连续扩张；4H RSI 位于健康强势区间
2026-07-29,2026-07-29,Prism,Nasdaq 200,MNST,Monster Beverage,Consumer Staples,4,4,0.00000000,97.230003,97.230003,4H当日前50,4H EMA9/26 最近金叉且价格在 EMA50 上方；4H MACD 位于 Signal 上方；4H MACD 柱体连续扩张；4H RSI 位于健康强势区间
2026-07-29,2026-07-29,Prism,Nasdaq 200,MSFT,Microsoft,Information Technology,5,5,0.00000000,390.540009,390.540009,4H当日前50,4H EMA9 已站上 EMA26，等待 26/50 确认；4H MACD 零轴上方刚金叉；4H RSI 位于健康强势区间
2026-07-29,2026-07-29,Prism,Nasdaq 200,DDOG,Datadog,Information Technology,6,6,0.00000000,264.200012,264.200012,4H当日前50,4H EMA9/26 最近金叉且价格在 EMA50 上方；4H MACD 刚金叉但仍需零轴确认；4H MACD 柱体连续扩张；4H RSI 位于健康强势区间
2026-07-29,2026-07-29,Prism,Nasdaq 200,PEP,PepsiCo,Consumer Staples,7,7,0.00000000,143.500000,143.500000,4H当日前50,4H EMA9 已站上 EMA26，等待 26/50 确认；4H MACD 位于 Signal 上方；4H RSI 位于健康强势区间
2026-07-29,2026-07-29,Prism,Nasdaq 200,VRTX,Vertex Pharmaceuticals,Health Care,8,8,0.00000000,483.329987,483.329987,4H当日前50,4H EMA9/26 最近金叉且价格在 EMA50 上方；4H MACD 位于 Signal 上方；4H RSI 位于健康强势区间
2026-07-29,2026-07-29,Prism,Nasdaq 200,NFLX,Netflix,Communication Services,9,9,0.00000000,73.629997,73.629997,4H当日前50,4H EMA9/26 最近金叉且价格在 EMA50 上方；4H MACD 位于 Signal 上方；4H MACD 柱体连续扩张；4H RSI 位于健康强势区间
2026-07-29,2026-07-29,Prism,Nasdaq 200,BNTX,BioNTech SE - American Depositary Shares,,10,10,0.00000000,92.949997,92.949997,4H当日前50,4H EMA9/26 最近金叉且价格在 EMA50 上方；4H MACD 刚金叉但仍需零轴确认；4H MACD 柱体连续扩张；4H RSI 位于健康强势区间
2026-07-29,2026-07-29,Prism,Nasdaq 200,BKR,Baker Hughes,Energy,11,11,0.00000000,58.720001,58.720001,4H当日前50,4H EMA9 已站上 EMA26，等待 26/50 确认；4H MACD 位于 Signal 上方；4H RSI 位于健康强势区间
2026-07-29,2026-07-29,Prism,Nasdaq 200,KDP,Keurig Dr Pepper,Consumer Staples,12,12,0.00000000,31.450001,31.450001,4H当日前50,4H EMA9/26 最近金叉且价格在 EMA50 上方；4H MACD 位于 Signal 上方；4H MACD 柱体连续扩张；4H RSI 位于健康强势区间
2026-07-29,2026-07-29,Prism,Nasdaq 200,LECO,"Lincoln Electric Holdings, Inc. - Common Shares",,13,13,0.00000000,257.989990,257.989990,4H当日前50,4H EMA9 已站上 EMA26，等待 26/50 确认；4H MACD 位于 Signal 上方；4H RSI 位于健康强势区间
2026-07-29,2026-07-29,Prism,Nasdaq 200,WYNN,Wynn Resorts,Consumer Discretionary,14,14,0.00000000,99.010002,99.010002,4H当日前50,4H EMA9 已站上 EMA26，等待 26/50 确认；4H MACD 位于 Signal 上方；4H RSI 位于健康强势区间
2026-07-29,2026-07-29,Prism,Nasdaq 200,TTD,Trade Desk (The),Communication Services,15,15,0.00000000,19.090000,19.090000,4H当日前50,4H EMA9/26 最近金叉且价格在 EMA50 上方；4H MACD 位于 Signal 上方；4H MACD 柱体连续扩张；4H RSI 位于健康强势区间
2026-07-29,2026-07-29,Prism,Nasdaq 200,MAR,Marriott International,Consumer Discretionary,16,16,0.00000000,381.119995,381.119995,4H当日前50,4H EMA9 已站上 EMA26，等待 26/50 确认；4H MACD 位于 Signal 上方；4H RSI 位于健康强势区间
2026-07-29,2026-07-29,Prism,Nasdaq 200,HTHT,H World Group Limited - American Depositary Shares,,17,17,0.00000000,43.250000,43.250000,4H当日前50,4H EMA9 已站上 EMA26，等待 26/50 确认；4H MACD 位于 Signal 上方；4H MACD 柱体连续扩张；4H RSI 位于健康强势区间
2026-07-29,2026-07-29,Prism,Nasdaq 200,CMCSA,Comcast,Communication Services,18,18,0.00000000,24.610001,24.610001,4H当日前50,4H EMA9/26 最近金叉且价格在 EMA50 上方；4H MACD 位于 Signal 上方；4H MACD 柱体连续扩张；4H RSI 位于健康强势区间
2026-07-29,2026-07-29,Prism,Nasdaq 200,COST,Costco,Consumer Staples,19,19,0.00000000,974.030029,974.030029,4H当日前50,4H EMA9 已站上 EMA26，等待 26/50 确认；4H MACD 位于 Signal 上方；4H MACD 柱体连续扩张
2026-07-29,2026-07-29,Prism,Nasdaq 200,LLYVK,"Liberty Live Holdings, Inc. - Series C Liberty Live Group Common Stock",,20,20,0.00000000,103.699997,103.699997,4H当日前50,4H EMA9/26 最近金叉且价格在 EMA50 上方；4H MACD 位于 Signal 上方；4H RSI 位于健康强势区间
2026-07-29,2026-07-29,Prism,Nasdaq 200,RGLD,"Royal Gold, Inc. - Common Stock",,21,21,0.00000000,195.479996,195.479996,4H当日前50,4H EMA9 已站上 EMA26，等待 26/50 确认；4H MACD 位于 Signal 上方
2026-07-29,2026-07-29,Prism,Nasdaq 200,LULU,Lululemon Athletica,Consumer Discretionary,22,22,0.00000000,119.029999,119.029999,4H当日前50,4H EMA9 已站上 EMA26，等待 26/50 确认；4H MACD 位于 Signal 上方；4H RSI 位于健康强势区间
2026-07-29,2026-07-29,Prism,Nasdaq 200,PTC,PTC Inc.,Information Technology,23,23,0.00000000,132.460007,132.460007,4H当日前50,4H EMA9 已站上 EMA26，等待 26/50 确认；4H MACD 位于 Signal 上方；4H MACD 柱体连续扩张；4H RSI 位于健康强势区间
2026-07-29,2026-07-29,Prism,Nasdaq 200,ZG,"Zillow Group, Inc. - Class A Common Stock",,24,24,0.00000000,34.320000,34.320000,4H当日前50,4H EMA9/26 最近金叉且价格在 EMA50 上方；4H MACD 位于 Signal 上方；4H MACD 柱体连续扩张；4H RSI 位于健康强势区间
2026-07-29,2026-07-29,Prism,Nasdaq 200,LLYVA,"Liberty Live Holdings, Inc. - Series A Liberty Live Group Common Stock",,25,25,0.00000000,100.059998,100.059998,4H当日前50,4H EMA9/26 最近金叉且价格在 EMA50 上方；4H MACD 位于 Signal 上方；4H RSI 位于健康强势区间
2026-07-29,2026-07-29,Prism,Nasdaq 200,Z,"Zillow Group, Inc. - Class C Capital Stock",,26,26,0.00000000,34.000000,34.000000,4H当日前50,4H EMA9/26 最近金叉且价格在 EMA50 上方；4H MACD 位于 Signal 上方；4H MACD 柱体连续扩张；4H RSI 位于健康强势区间
2026-07-29,2026-07-29,Prism,Nasdaq 200,ZM,"Zoom Communications, Inc. - Class A Common Stock",,27,27,0.00000000,92.410004,92.410004,4H当日前50,4H EMA9 已站上 EMA26，等待 26/50 确认；4H MACD 位于 Signal 上方；4H MACD 柱体连续扩张；4H RSI 位于健康强势区间
2026-07-29,2026-07-29,Prism,Nasdaq 200,GILD,Gilead Sciences,Health Care,28,28,0.00000000,132.729996,132.729996,4H当日前50,4H EMA 多头排列已连续维持；4H MACD 零轴上方刚金叉；4H RSI 位于健康强势区间
2026-07-29,2026-07-29,Prism,Nasdaq 200,FAST,Fastenal,Industrials,29,29,0.00000000,47.779999,47.779999,4H当日前50,4H EMA 多头排列已连续维持；4H MACD 位于 Signal 上方；4H RSI 位于健康强势区间
2026-07-29,2026-07-29,Prism,Nasdaq 200,DXCM,Dexcom,Health Care,30,30,0.00000000,75.139999,75.139999,4H当日前50,4H EMA 多头排列已连续维持；4H MACD 零轴上方刚金叉；4H MACD 柱体连续扩张；4H RSI 位于健康强势区间
2026-07-29,2026-07-29,Prism,Nasdaq 200,GEHC,GE HealthCare,Health Care,31,31,0.00000000,71.900002,71.900002,4H当日前50,4H EMA9/26 最近金叉且价格在 EMA50 上方；4H MACD 位于 Signal 上方；4H MACD 柱体连续扩张
2026-07-29,2026-07-29,Prism,Nasdaq 200,DLTR,Dollar Tree,Consumer Staples,32,32,0.00000000,128.949997,128.949997,4H当日前50,4H EMA 多头排列已连续维持；4H MACD 零轴上方刚金叉；4H MACD 柱体连续扩张；4H RSI 位于健康强势区间
2026-07-29,2026-07-29,Prism,Nasdaq 200,COO,Cooper Companies (The),Health Care,33,33,0.00000000,73.059998,73.059998,4H当日前50,4H EMA 多头排列已连续维持；4H MACD 零轴上方刚金叉；4H MACD 柱体连续扩张；4H RSI 位于健康强势区间
2026-07-29,2026-07-29,Prism,Nasdaq 200,KMB,Kimberly-Clark,Consumer Staples,34,34,0.00000000,113.209999,113.209999,4H当日前50,4H EMA 多头排列已连续维持；4H MACD 位于 Signal 上方；4H RSI 位于健康强势区间
2026-07-29,2026-07-29,Prism,Nasdaq 200,CPRT,Copart,Industrials,35,35,0.00000000,30.820000,30.820000,4H当日前50,4H EMA9 已站上 EMA26，等待 26/50 确认；4H MACD 位于 Signal 上方
2026-07-29,2026-07-29,Prism,Nasdaq 200,IDXX,Idexx Laboratories,Health Care,36,36,0.00000000,569.770020,569.770020,4H当日前50,4H EMA 多头排列已连续维持；4H MACD 位于 Signal 上方；4H MACD 柱体连续扩张；4H RSI 位于健康强势区间
2026-07-29,2026-07-29,Prism,Nasdaq 200,REGN,Regeneron Pharmaceuticals,Health Care,37,37,0.00000000,695.419983,695.419983,4H当日前50,4H EMA 多头排列已连续维持；4H MACD 位于 Signal 上方；4H MACD 柱体连续扩张；4H RSI 位于健康强势区间
2026-07-29,2026-07-29,Prism,Nasdaq 200,PODD,Insulet Corporation,Health Care,38,38,0.00000000,170.619995,170.619995,4H当日前50,4H EMA 多头排列已连续维持；4H MACD 位于 Signal 上方；4H MACD 柱体连续扩张；4H RSI 位于健康强势区间
2026-07-29,2026-07-29,Prism,Nasdaq 200,EBAY,eBay Inc.,Consumer Discretionary,39,39,0.00000000,115.300003,115.300003,4H当日前50,4H EMA 多头排列已连续维持；4H MACD 位于 Signal 上方；4H RSI 位于健康强势区间
2026-07-29,2026-07-29,Prism,Nasdaq 200,EXC,Exelon,Utilities,40,40,0.00000000,47.029999,47.029999,4H当日前50,4H MACD 位于 Signal 上方；4H RSI 位于健康强势区间
2026-07-29,2026-07-29,Prism,Nasdaq 200,GEN,Gen Digital,Information Technology,41,41,0.00000000,27.629999,27.629999,4H当日前50,4H EMA 多头排列已连续维持；4H MACD 位于 Signal 上方；4H MACD 柱体连续扩张；4H RSI 位于健康强势区间
2026-07-29,2026-07-29,Prism,Nasdaq 200,MDLN,Medline Inc. - Class A common stock,,42,42,0.00000000,40.119999,40.119999,4H当日前50,4H EMA 多头排列已连续维持；4H MACD 位于 Signal 上方；4H RSI 位于健康强势区间
2026-07-29,2026-07-29,Prism,Nasdaq 200,TTWO,Take-Two Interactive,Communication Services,43,43,0.00000000,246.429993,246.429993,4H当日前50,4H EMA 多头排列已连续维持；4H MACD 位于 Signal 上方；4H RSI 位于健康强势区间
2026-07-29,2026-07-29,Prism,Nasdaq 200,TSCO,Tractor Supply,Consumer Discretionary,44,44,0.00000000,31.000000,31.000000,4H当日前50,4H MACD 位于 Signal 上方；4H RSI 位于健康强势区间
2026-07-29,2026-07-29,Prism,Nasdaq 200,EXE,Expand Energy,Energy,45,45,0.00000000,92.459999,92.459999,4H当日前50,4H MACD 零轴上方刚金叉；4H MACD 柱体连续扩张；4H RSI 位于健康强势区间
2026-07-29,2026-07-29,Prism,Nasdaq 200,ALNY,"Alnylam Pharmaceuticals, Inc. - Common Stock",,46,46,0.00000000,286.619995,286.619995,4H当日前50,4H MACD 位于 Signal 上方；4H RSI 位于健康强势区间
2026-07-29,2026-07-29,Prism,Nasdaq 200,ORLY,O’Reilly Automotive,Consumer Discretionary,47,47,0.00000000,90.629997,90.629997,4H当日前50,4H MACD 位于 Signal 上方；4H RSI 位于健康强势区间
2026-07-29,2026-07-29,Prism,Nasdaq 200,SNY,Sanofi - American Depositary Shares,,48,48,0.00000000,44.849998,44.849998,4H当日前50,4H EMA 多头排列已连续维持；4H MACD 位于 Signal 上方；4H RSI 位于健康强势区间
2026-07-29,2026-07-29,Prism,Nasdaq 200,NTAP,NetApp,Information Technology,49,49,0.00000000,173.229996,173.229996,4H当日前50,4H EMA 多头排列已连续维持；4H MACD 位于 Signal 上方；4H RSI 位于健康强势区间
2026-07-29,2026-07-29,Prism,Nasdaq 200,PCAR,Paccar,Industrials,50,50,0.00000000,133.869995,133.869995,4H当日前50,4H EMA 多头排列已连续维持；4H MACD 位于 Signal 上方；4H RSI 位于健康强势区间
2026-07-29,2026-07-29,Prism,Nasdaq Liquid 500,COIN,Coinbase,Financials,1,1,0.00000000,160.089996,160.089996,4H当日前50,4H EMA9 已站上 EMA26，等待 26/50 确认；4H MACD 零轴上方刚金叉
2026-07-29,2026-07-29,Prism,Nasdaq Liquid 500,MSFT,Microsoft,Information Technology,2,2,0.00000000,390.540009,390.540009,4H当日前50,4H EMA9 已站上 EMA26，等待 26/50 确认；4H MACD 零轴上方刚金叉；4H RSI 位于健康强势区间
2026-07-29,2026-07-29,Prism,Nasdaq Liquid 500,AXON,Axon Enterprise,Industrials,3,3,0.00000000,531.200012,531.200012,4H当日前50,4H EMA9/26 最近金叉且价格在 EMA50 上方；4H MACD 位于 Signal 上方；4H RSI 位于健康强势区间
2026-07-29,2026-07-29,Prism,Nasdaq Liquid 500,MNST,Monster Beverage,Consumer Staples,4,4,0.00000000,97.230003,97.230003,4H当日前50,4H EMA9/26 最近金叉且价格在 EMA50 上方；4H MACD 位于 Signal 上方；4H MACD 柱体连续扩张；4H RSI 位于健康强势区间
2026-07-29,2026-07-29,Prism,Nasdaq Liquid 500,DDOG,Datadog,Information Technology,5,5,0.00000000,264.200012,264.200012,4H当日前50,4H EMA9/26 最近金叉且价格在 EMA50 上方；4H MACD 刚金叉但仍需零轴确认；4H MACD 柱体连续扩张；4H RSI 位于健康强势区间
2026-07-29,2026-07-29,Prism,Nasdaq Liquid 500,BIIB,Biogen,Health Care,6,6,0.00000000,209.229996,209.229996,4H当日前50,4H EMA9/26 最近金叉且价格在 EMA50 上方；4H MACD 位于 Signal 上方；4H MACD 柱体连续扩张；4H RSI 位于健康强势区间
2026-07-29,2026-07-29,Prism,Nasdaq Liquid 500,WMT,Walmart,Consumer Staples,7,7,0.00000000,114.220001,114.220001,4H当日前50,4H EMA9/26 最近金叉且价格在 EMA50 上方；4H MACD 位于 Signal 上方；4H MACD 柱体连续扩张；4H RSI 位于健康强势区间
2026-07-29,2026-07-29,Prism,Nasdaq Liquid 500,VRTX,Vertex Pharmaceuticals,Health Care,8,8,0.00000000,483.329987,483.329987,4H当日前50,4H EMA9/26 最近金叉且价格在 EMA50 上方；4H MACD 位于 Signal 上方；4H RSI 位于健康强势区间
2026-07-29,2026-07-29,Prism,Nasdaq Liquid 500,NFLX,Netflix,Communication Services,9,9,0.00000000,73.629997,73.629997,4H当日前50,4H EMA9/26 最近金叉且价格在 EMA50 上方；4H MACD 位于 Signal 上方；4H MACD 柱体连续扩张；4H RSI 位于健康强势区间
2026-07-29,2026-07-29,Prism,Nasdaq Liquid 500,OZK,Bank OZK - Common Stock,,10,10,0.00000000,51.549999,51.549999,4H当日前50,4H EMA9/26 最近金叉且价格在 EMA50 上方；4H MACD 刚金叉但仍需零轴确认；4H MACD 柱体连续扩张；4H RSI 位于健康强势区间
2026-07-29,2026-07-29,Prism,Nasdaq Liquid 500,CSGP,CoStar Group,Real Estate,11,11,0.00000000,29.830000,29.830000,4H当日前50,4H EMA9 已站上 EMA26，等待 26/50 确认；4H MACD 位于 Signal 上方；4H RSI 位于健康强势区间
2026-07-29,2026-07-29,Prism,Nasdaq Liquid 500,ERIE,Erie Indemnity,Financials,12,12,0.00000000,248.550003,248.550003,4H当日前50,4H EMA9/26 最近金叉且价格在 EMA50 上方；4H MACD 位于 Signal 上方；4H MACD 柱体连续扩张；4H RSI 位于健康强势区间
2026-07-29,2026-07-29,Prism,Nasdaq Liquid 500,LYFT,"Lyft, Inc. - Class A Common Stock",,13,13,0.00000000,15.440000,15.440000,4H当日前50,4H EMA9/26 最近金叉且价格在 EMA50 上方；4H MACD 刚金叉但仍需零轴确认；4H MACD 柱体连续扩张；4H RSI 位于健康强势区间
2026-07-29,2026-07-29,Prism,Nasdaq Liquid 500,BNTX,BioNTech SE - American Depositary Shares,,14,14,0.00000000,92.949997,92.949997,4H当日前50,4H EMA9/26 最近金叉且价格在 EMA50 上方；4H MACD 刚金叉但仍需零轴确认；4H MACD 柱体连续扩张；4H RSI 位于健康强势区间
2026-07-29,2026-07-29,Prism,Nasdaq Liquid 500,LECO,"Lincoln Electric Holdings, Inc. - Common Shares",,15,15,0.00000000,257.989990,257.989990,4H当日前50,4H EMA9 已站上 EMA26，等待 26/50 确认；4H MACD 位于 Signal 上方；4H RSI 位于健康强势区间
2026-07-29,2026-07-29,Prism,Nasdaq Liquid 500,KDP,Keurig Dr Pepper,Consumer Staples,16,16,0.00000000,31.450001,31.450001,4H当日前50,4H EMA9/26 最近金叉且价格在 EMA50 上方；4H MACD 位于 Signal 上方；4H MACD 柱体连续扩张；4H RSI 位于健康强势区间
2026-07-29,2026-07-29,Prism,Nasdaq Liquid 500,TTD,Trade Desk (The),Communication Services,17,17,0.00000000,19.090000,19.090000,4H当日前50,4H EMA9/26 最近金叉且价格在 EMA50 上方；4H MACD 位于 Signal 上方；4H MACD 柱体连续扩张；4H RSI 位于健康强势区间
2026-07-29,2026-07-29,Prism,Nasdaq Liquid 500,WYNN,Wynn Resorts,Consumer Discretionary,18,18,0.00000000,99.010002,99.010002,4H当日前50,4H EMA9 已站上 EMA26，等待 26/50 确认；4H MACD 位于 Signal 上方；4H RSI 位于健康强势区间
2026-07-29,2026-07-29,Prism,Nasdaq Liquid 500,FUTU,Futu Holdings Limited - American Depositary Shares,,19,19,0.00000000,101.879997,101.879997,4H当日前50,4H EMA9 已站上 EMA26，等待 26/50 确认；4H MACD 位于 Signal 上方；4H RSI 位于健康强势区间
2026-07-29,2026-07-29,Prism,Nasdaq Liquid 500,CHDN,"Churchill Downs, Incorporated - Common Stock",,20,20,0.00000000,88.529999,88.529999,4H当日前50,4H EMA9 已站上 EMA26，等待 26/50 确认；4H MACD 位于 Signal 上方；4H RSI 位于健康强势区间
2026-07-29,2026-07-29,Prism,Nasdaq Liquid 500,MAR,Marriott International,Consumer Discretionary,21,21,0.00000000,381.119995,381.119995,4H当日前50,4H EMA9 已站上 EMA26，等待 26/50 确认；4H MACD 位于 Signal 上方；4H RSI 位于健康强势区间
2026-07-29,2026-07-29,Prism,Nasdaq Liquid 500,OLLI,"Ollie's Bargain Outlet Holdings, Inc. - Common Stock",,22,22,0.00000000,71.370003,71.370003,4H当日前50,4H EMA9/26 最近金叉且价格在 EMA50 上方；4H MACD 位于 Signal 上方；4H MACD 柱体连续扩张；4H RSI 位于健康强势区间
2026-07-29,2026-07-29,Prism,Nasdaq Liquid 500,QRVO,"Qorvo, Inc. - Common Stock",,23,23,0.00000000,89.500000,89.500000,4H当日前50,4H EMA9 已站上 EMA26，等待 26/50 确认；4H MACD 位于 Signal 上方；4H RSI 位于健康强势区间
2026-07-29,2026-07-29,Prism,Nasdaq Liquid 500,SFM,"Sprouts Farmers Market, Inc. - Common Stock",,24,24,0.00000000,79.160004,79.160004,4H当日前50,4H EMA9/26 最近金叉且价格在 EMA50 上方；4H MACD 位于 Signal 上方；4H MACD 柱体连续扩张；4H RSI 位于健康强势区间
2026-07-29,2026-07-29,Prism,Nasdaq Liquid 500,CMCSA,Comcast,Communication Services,25,25,0.00000000,24.610001,24.610001,4H当日前50,4H EMA9/26 最近金叉且价格在 EMA50 上方；4H MACD 位于 Signal 上方；4H MACD 柱体连续扩张；4H RSI 位于健康强势区间
2026-07-29,2026-07-29,Prism,Nasdaq Liquid 500,SWKS,Skyworks Solutions,Information Technology,26,26,0.00000000,61.189999,61.189999,4H当日前50,4H EMA9 已站上 EMA26，等待 26/50 确认；4H MACD 位于 Signal 上方
2026-07-29,2026-07-29,Prism,Nasdaq Liquid 500,HTHT,H World Group Limited - American Depositary Shares,,27,27,0.00000000,43.250000,43.250000,4H当日前50,4H EMA9 已站上 EMA26，等待 26/50 确认；4H MACD 位于 Signal 上方；4H MACD 柱体连续扩张；4H RSI 位于健康强势区间
2026-07-29,2026-07-29,Prism,Nasdaq Liquid 500,BKR,Baker Hughes,Energy,28,28,0.00000000,58.720001,58.720001,4H当日前50,4H EMA9 已站上 EMA26，等待 26/50 确认；4H MACD 位于 Signal 上方；4H RSI 位于健康强势区间
2026-07-29,2026-07-29,Prism,Nasdaq Liquid 500,LULU,Lululemon Athletica,Consumer Discretionary,29,29,0.00000000,119.029999,119.029999,4H当日前50,4H EMA9 已站上 EMA26，等待 26/50 确认；4H MACD 位于 Signal 上方；4H RSI 位于健康强势区间
2026-07-29,2026-07-29,Prism,Nasdaq Liquid 500,PEP,PepsiCo,Consumer Staples,30,30,0.00000000,143.500000,143.500000,4H当日前50,4H EMA9 已站上 EMA26，等待 26/50 确认；4H MACD 位于 Signal 上方；4H RSI 位于健康强势区间
2026-07-29,2026-07-29,Prism,Nasdaq Liquid 500,RGLD,"Royal Gold, Inc. - Common Stock",,31,31,0.00000000,195.479996,195.479996,4H当日前50,4H EMA9 已站上 EMA26，等待 26/50 确认；4H MACD 位于 Signal 上方
2026-07-29,2026-07-29,Prism,Nasdaq Liquid 500,UMBF,UMB FINANCIAL CORP,Financials,32,32,0.00000000,148.270004,148.270004,4H当日前50,4H EMA9/26 最近金叉且价格在 EMA50 上方；4H MACD 刚金叉但仍需零轴确认；4H MACD 柱体连续扩张；4H RSI 位于健康强势区间
2026-07-29,2026-07-29,Prism,Nasdaq Liquid 500,BIYA,Baiya International Group Inc.  - Ordinary Shares,,33,33,0.00000000,5.830000,5.830000,4H当日前50,4H EMA9/26 最近金叉且价格在 EMA50 上方；4H MACD 位于 Signal 上方；4H RSI 位于健康强势区间
2026-07-29,2026-07-29,Prism,Nasdaq Liquid 500,PTC,PTC Inc.,Information Technology,34,34,0.00000000,132.460007,132.460007,4H当日前50,4H EMA9 已站上 EMA26，等待 26/50 确认；4H MACD 位于 Signal 上方；4H MACD 柱体连续扩张；4H RSI 位于健康强势区间
2026-07-29,2026-07-29,Prism,Nasdaq Liquid 500,HSIC,Henry Schein,Health Care,35,35,0.00000000,85.830002,85.830002,4H当日前50,4H EMA9/26 最近金叉且价格在 EMA50 上方；4H MACD 柱体连续扩张；4H RSI 位于健康强势区间
2026-07-29,2026-07-29,Prism,Nasdaq Liquid 500,Z,"Zillow Group, Inc. - Class C Capital Stock",,36,36,0.00000000,34.000000,34.000000,4H当日前50,4H EMA9/26 最近金叉且价格在 EMA50 上方；4H MACD 位于 Signal 上方；4H MACD 柱体连续扩张；4H RSI 位于健康强势区间
2026-07-29,2026-07-29,Prism,Nasdaq Liquid 500,COST,Costco,Consumer Staples,37,37,0.00000000,974.030029,974.030029,4H当日前50,4H EMA9 已站上 EMA26，等待 26/50 确认；4H MACD 位于 Signal 上方；4H MACD 柱体连续扩张
2026-07-29,2026-07-29,Prism,Nasdaq Liquid 500,ZM,"Zoom Communications, Inc. - Class A Common Stock",,38,38,0.00000000,92.410004,92.410004,4H当日前50,4H EMA9 已站上 EMA26，等待 26/50 确认；4H MACD 位于 Signal 上方；4H MACD 柱体连续扩张；4H RSI 位于健康强势区间
2026-07-29,2026-07-29,Prism,Nasdaq Liquid 500,LBRDK,Liberty Broadband Corporation - Class C Common Stock,,39,39,0.00000000,34.099998,34.099998,4H当日前50,4H EMA9/26 最近金叉且价格在 EMA50 上方；4H MACD 位于 Signal 上方；4H MACD 柱体连续扩张
2026-07-29,2026-07-29,Prism,Nasdaq Liquid 500,BRZE,BRAZE INC CLASS A,Information Technology,40,40,0.00000000,26.830000,26.830000,4H当日前50,4H EMA9/26 最近金叉且价格在 EMA50 上方；4H MACD 刚金叉但仍需零轴确认；4H MACD 柱体连续扩张；4H RSI 位于健康强势区间
2026-07-29,2026-07-29,Prism,Nasdaq Liquid 500,ROAD,CONSTRUCTION PARTNERS INC CLASS A,Industrials,41,41,0.00000000,104.029999,104.029999,4H当日前50,4H EMA9 已站上 EMA26，等待 26/50 确认；4H MACD 位于 Signal 上方；4H RSI 位于健康强势区间
2026-07-29,2026-07-29,Prism,Nasdaq Liquid 500,CHTR,Charter Communications,Communication Services,42,42,0.00000000,145.199997,145.199997,4H当日前50,4H EMA9/26 最近金叉且价格在 EMA50 上方；4H MACD 位于 Signal 上方；4H MACD 柱体连续扩张
2026-07-29,2026-07-29,Prism,Nasdaq Liquid 500,GILD,Gilead Sciences,Health Care,43,43,0.00000000,132.729996,132.729996,4H当日前50,4H EMA 多头排列已连续维持；4H MACD 零轴上方刚金叉；4H RSI 位于健康强势区间
2026-07-29,2026-07-29,Prism,Nasdaq Liquid 500,GEHC,GE HealthCare,Health Care,44,44,0.00000000,71.900002,71.900002,4H当日前50,4H EMA9/26 最近金叉且价格在 EMA50 上方；4H MACD 位于 Signal 上方；4H MACD 柱体连续扩张
2026-07-29,2026-07-29,Prism,Nasdaq Liquid 500,EQPT,EquipmentShare.com Inc - Class A Common Stock,,45,45,0.00000000,17.959999,17.959999,4H当日前50,4H EMA9 已站上 EMA26，等待 26/50 确认；4H MACD 位于 Signal 上方
2026-07-29,2026-07-29,Prism,Nasdaq Liquid 500,COO,Cooper Companies (The),Health Care,46,46,0.00000000,73.059998,73.059998,4H当日前50,4H EMA 多头排列已连续维持；4H MACD 零轴上方刚金叉；4H MACD 柱体连续扩张；4H RSI 位于健康强势区间
2026-07-29,2026-07-29,Prism,Nasdaq Liquid 500,DXCM,Dexcom,Health Care,47,47,0.00000000,75.139999,75.139999,4H当日前50,4H EMA 多头排列已连续维持；4H MACD 零轴上方刚金叉；4H MACD 柱体连续扩张；4H RSI 位于健康强势区间
2026-07-29,2026-07-29,Prism,Nasdaq Liquid 500,TTWO,Take-Two Interactive,Communication Services,48,48,0.00000000,246.429993,246.429993,4H当日前50,4H EMA 多头排列已连续维持；4H MACD 位于 Signal 上方；4H RSI 位于健康强势区间
2026-07-29,2026-07-29,Prism,Nasdaq Liquid 500,PODD,Insulet Corporation,Health Care,49,49,0.00000000,170.619995,170.619995,4H当日前50,4H EMA 多头排列已连续维持；4H MACD 位于 Signal 上方；4H MACD 柱体连续扩张；4H RSI 位于健康强势区间
2026-07-29,2026-07-29,Prism,Nasdaq Liquid 500,SLM,SLM Corporation - Common Stock,,50,50,0.00000000,25.690001,25.690001,4H当日前50,4H EMA 多头排列已连续维持；4H MACD 零轴上方刚金叉；4H MACD 柱体连续扩张；4H RSI 位于健康强势区间
2026-07-29,2026-07-29,Prism,Russell,AMPH,AMPHASTAR PHARMACEUTICALS INC,Health Care,1,1,0.00000000,20.580000,20.580000,4H当日前50,4H EMA9/26 最近金叉且价格在 EMA50 上方；4H MACD 位于 Signal 上方；4H MACD 柱体连续扩张；4H RSI 位于健康强势区间
2026-07-29,2026-07-29,Prism,Russell,COLL,COLLEGIUM PHARMACEUTICAL INC,Health Care,2,2,0.00000000,36.290001,36.290001,4H当日前50,4H EMA9/26 最近金叉且价格在 EMA50 上方；4H MACD 刚金叉但仍需零轴确认；4H MACD 柱体连续扩张；4H RSI 位于健康强势区间
2026-07-29,2026-07-29,Prism,Russell,AOMR,ANGEL OAK MORTGAGE REIT INC,Financials,3,3,0.00000000,9.015000,9.015000,4H当日前50,4H EMA9/26 最近金叉且价格在 EMA50 上方；4H MACD 刚金叉但仍需零轴确认；4H MACD 柱体连续扩张；4H RSI 位于健康强势区间
2026-07-29,2026-07-29,Prism,Russell,FRST,PRIMIS FINANCIAL CORP,Financials,4,4,0.00000000,16.040001,16.040001,4H当日前50,4H EMA9/26 最近金叉且价格在 EMA50 上方；4H MACD 刚金叉但仍需零轴确认；4H MACD 柱体连续扩张；4H RSI 位于健康强势区间
2026-07-29,2026-07-29,Prism,Russell,NUS,NU SKIN ENTERPRISES INC CLASS A,Consumer Staples,5,5,0.00000000,5.275000,5.275000,4H当日前50,4H EMA9/26 最近金叉且价格在 EMA50 上方；4H MACD 刚金叉但仍需零轴确认；4H MACD 柱体连续扩张；4H RSI 位于健康强势区间
2026-07-29,2026-07-29,Prism,Russell,PSMT,PRICESMART INC,Consumer Staples,6,6,0.00000000,192.565002,192.565002,4H当日前50,4H EMA9/26 最近金叉且价格在 EMA50 上方；4H MACD 位于 Signal 上方；4H MACD 柱体连续扩张；4H RSI 位于健康强势区间
2026-07-29,2026-07-29,Prism,Russell,ARVN,ARVINAS INC,Health Care,7,7,0.00000000,8.220000,8.220000,4H当日前50,4H EMA9/26 最近金叉且价格在 EMA50 上方；4H MACD 位于 Signal 上方；4H MACD 柱体连续扩张；4H RSI 位于健康强势区间
2026-07-29,2026-07-29,Prism,Russell,SENEA,SENECA FOODS CORP CLASS A,Consumer Staples,8,8,0.00000000,170.119995,170.119995,4H当日前50,4H EMA9/26 最近金叉且价格在 EMA50 上方；4H MACD 位于 Signal 上方；4H MACD 柱体连续扩张；4H RSI 位于健康强势区间
2026-07-29,2026-07-29,Prism,Russell,CWK,CUSHMAN AND WAKEFIELD LTD,Real Estate,9,9,0.00000000,13.520000,13.520000,4H当日前50,4H EMA9/26 最近金叉且价格在 EMA50 上方；4H MACD 位于 Signal 上方；4H RSI 位于健康强势区间
2026-07-29,2026-07-29,Prism,Russell,LOCO,EL POLLO LOCO INC,Consumer Discretionary,10,10,0.00000000,16.530001,16.530001,4H当日前50,4H EMA9/26 最近金叉且价格在 EMA50 上方；4H MACD 位于 Signal 上方；4H MACD 柱体连续扩张；4H RSI 位于健康强势区间
2026-07-29,2026-07-29,Prism,Russell,ODC,OIL DRI CORPORATION OF AMERICA,Consumer Staples,11,11,0.00000000,98.320000,98.320000,4H当日前50,4H EMA9/26 最近金叉且价格在 EMA50 上方；4H MACD 位于 Signal 上方；4H RSI 位于健康强势区间
2026-07-29,2026-07-29,Prism,Russell,ONT,ONTERRIS INC,Industrials,12,12,0.00000000,20.277000,20.277000,4H当日前50,4H EMA9/26 最近金叉且价格在 EMA50 上方；4H MACD 位于 Signal 上方；4H MACD 柱体连续扩张；4H RSI 位于健康强势区间
2026-07-29,2026-07-29,Prism,Russell,COMP,COMPASS INC CLASS A,Real Estate,13,13,0.00000000,11.620000,11.620000,4H当日前50,4H EMA9/26 最近金叉且价格在 EMA50 上方；4H MACD 位于 Signal 上方；4H RSI 位于健康强势区间
2026-07-29,2026-07-29,Prism,Russell,CSR,CENTERSPACE,Real Estate,14,14,0.00000000,56.619999,56.619999,4H当日前50,4H EMA9/26 最近金叉且价格在 EMA50 上方；4H MACD 位于 Signal 上方；4H RSI 位于健康强势区间
2026-07-29,2026-07-29,Prism,Russell,ATEC,ALPHATEC HOLDNGS INC,Health Care,15,15,0.00000000,9.650000,9.650000,4H当日前50,4H EMA9/26 最近金叉且价格在 EMA50 上方；4H MACD 位于 Signal 上方；4H MACD 柱体连续扩张；4H RSI 位于健康强势区间
2026-07-29,2026-07-29,Prism,Russell,IRT,INDEPENDENCE REALTY INC,Real Estate,16,16,0.00000000,16.900000,16.900000,4H当日前50,4H EMA9/26 最近金叉且价格在 EMA50 上方；4H MACD 位于 Signal 上方；4H MACD 柱体连续扩张；4H RSI 位于健康强势区间
2026-07-29,2026-07-29,Prism,Russell,XPOF,XPONENTIAL FITNESS INC CLASS A,Consumer Discretionary,17,17,0.00000000,6.820000,6.820000,4H当日前50,4H EMA9/26 最近金叉且价格在 EMA50 上方；4H MACD 位于 Signal 上方；4H MACD 柱体连续扩张；4H RSI 位于健康强势区间
2026-07-29,2026-07-29,Prism,Russell,OVLY,OAK VALLEY BANCORP,Financials,18,18,0.00000000,33.779999,33.779999,4H当日前50,4H EMA9/26 最近金叉且价格在 EMA50 上方；4H MACD 位于 Signal 上方；4H RSI 位于健康强势区间
2026-07-29,2026-07-29,Prism,Russell,OSIS,OSI SYSTEMS INC,Information Technology,19,19,0.00000000,214.020004,214.020004,4H当日前50,4H EMA9 已站上 EMA26，等待 26/50 确认；4H MACD 位于 Signal 上方
2026-07-29,2026-07-29,Prism,Russell,JOE,ST JOE,Real Estate,20,20,0.00000000,62.009998,62.009998,4H当日前50,4H EMA9 已站上 EMA26，等待 26/50 确认；4H MACD 位于 Signal 上方；4H RSI 位于健康强势区间
2026-07-29,2026-07-29,Prism,Russell,CLDX,CELLDEX THERAPEUTICS INC,Health Care,21,21,0.00000000,37.509998,37.509998,4H当日前50,4H EMA9/26 最近金叉且价格在 EMA50 上方；4H MACD 刚金叉但仍需零轴确认；4H MACD 柱体连续扩张；4H RSI 位于健康强势区间
2026-07-29,2026-07-29,Prism,Russell,ACIC,AMERICAN COASTAL INSURANCE CORP,Financials,22,22,0.00000000,11.050000,11.050000,4H当日前50,4H EMA9/26 最近金叉且价格在 EMA50 上方；4H MACD 位于 Signal 上方；4H MACD 柱体连续扩张；4H RSI 位于健康强势区间
2026-07-29,2026-07-29,Prism,Russell,MLAB,MESA LABORATORIES INC,Health Care,23,23,0.00000000,99.660004,99.660004,4H当日前50,4H EMA9 已站上 EMA26，等待 26/50 确认；4H MACD 位于 Signal 上方；4H RSI 位于健康强势区间
2026-07-29,2026-07-29,Prism,Russell,AIR,AAR CORP,Industrials,24,24,0.00000000,135.380005,135.380005,4H当日前50,4H EMA9/26 最近金叉且价格在 EMA50 上方；4H MACD 位于 Signal 上方；4H RSI 位于健康强势区间
2026-07-29,2026-07-29,Prism,Russell,PRKS,UNITED PARKS AND RESORTS INC,Consumer Discretionary,25,25,0.00000000,46.599998,46.599998,4H当日前50,4H EMA9/26 最近金叉且价格在 EMA50 上方；4H MACD 位于 Signal 上方；4H MACD 柱体连续扩张；4H RSI 位于健康强势区间
2026-07-29,2026-07-29,Prism,Russell,WEST,WESTROCK COFFEE,Consumer Staples,26,26,0.00000000,8.180000,8.180000,4H当日前50,4H EMA9 已站上 EMA26，等待 26/50 确认；4H MACD 位于 Signal 上方；4H RSI 位于健康强势区间
2026-07-29,2026-07-29,Prism,Russell,CRVL,CORVEL CORP,Health Care,27,27,0.00000000,62.250000,62.250000,4H当日前50,4H EMA9/26 最近金叉且价格在 EMA50 上方；4H MACD 位于 Signal 上方；4H MACD 柱体连续扩张；4H RSI 位于健康强势区间
2026-07-29,2026-07-29,Prism,Russell,AMCX,AMC GLOBAL MEDIA INC CLASS A,Communication,28,28,0.00000000,10.250000,10.250000,4H当日前50,4H EMA9/26 最近金叉且价格在 EMA50 上方；4H MACD 零轴上方刚金叉；4H MACD 柱体连续扩张；4H RSI 位于健康强势区间
2026-07-29,2026-07-29,Prism,Russell,FINW,FINWISE BANCORP,Financials,29,29,0.00000000,14.100000,14.100000,4H当日前50,4H EMA9/26 最近金叉且价格在 EMA50 上方；4H MACD 位于 Signal 上方；4H MACD 柱体连续扩张；4H RSI 位于健康强势区间
2026-07-29,2026-07-29,Prism,Russell,VEL,VELOCITY FINANCIAL INC,Financials,30,30,0.00000000,17.680000,17.680000,4H当日前50,4H EMA9 已站上 EMA26，等待 26/50 确认；4H MACD 位于 Signal 上方；4H RSI 位于健康强势区间
2026-07-29,2026-07-29,Prism,Russell,MZTI,MARZETTI,Consumer Staples,31,31,0.00000000,111.239998,111.239998,4H当日前50,4H EMA9/26 最近金叉且价格在 EMA50 上方；4H MACD 位于 Signal 上方；4H MACD 柱体连续扩张；4H RSI 位于健康强势区间
2026-07-29,2026-07-29,Prism,Russell,IIIV,I3 VERTICALS INC CLASS A,Information Technology,32,32,0.00000000,21.450001,21.450001,4H当日前50,4H EMA9/26 最近金叉且价格在 EMA50 上方；4H MACD 位于 Signal 上方；4H RSI 位于健康强势区间
2026-07-29,2026-07-29,Prism,Russell,FIZZ,NATIONAL BEVERAGE CORP,Consumer Staples,33,33,0.00000000,32.689999,32.689999,4H当日前50,4H EMA9/26 最近金叉且价格在 EMA50 上方；4H MACD 位于 Signal 上方；4H MACD 柱体连续扩张；4H RSI 位于健康强势区间
2026-07-29,2026-07-29,Prism,Russell,SMC,SUMMIT MIDSTREAM CORP,Energy,34,34,0.00000000,30.299999,30.299999,4H当日前50,4H EMA9/26 最近金叉且价格在 EMA50 上方；4H MACD 零轴上方刚金叉；4H MACD 柱体连续扩张；4H RSI 位于健康强势区间
2026-07-29,2026-07-29,Prism,Russell,CCSI,CONSENSUS CLOUD SOLUTIONS INC,Information Technology,35,35,0.00000000,36.709999,36.709999,4H当日前50,4H EMA9/26 最近金叉且价格在 EMA50 上方；4H MACD 位于 Signal 上方；4H RSI 位于健康强势区间
2026-07-29,2026-07-29,Prism,Russell,CAL,CALERES INC,Consumer Discretionary,36,36,0.00000000,12.860000,12.860000,4H当日前50,4H EMA9 已站上 EMA26，等待 26/50 确认；4H MACD 位于 Signal 上方；4H RSI 位于健康强势区间
2026-07-29,2026-07-29,Prism,Russell,PHIN,PHINIA INC,Consumer Discretionary,37,37,0.00000000,82.199997,82.199997,4H当日前50,4H EMA9/26 最近金叉且价格在 EMA50 上方；4H MACD 位于 Signal 上方；4H MACD 柱体连续扩张；4H RSI 位于健康强势区间
2026-07-29,2026-07-29,Prism,Russell,PRSU,PURSUIT ATTRACTIONS AND HOSPITALIT,Consumer Discretionary,38,38,0.00000000,52.730000,52.730000,4H当日前50,4H EMA9/26 最近金叉且价格在 EMA50 上方；4H MACD 位于 Signal 上方；4H RSI 位于健康强势区间
2026-07-29,2026-07-29,Prism,Russell,BCPC,BALCHEM CORP,Materials,39,39,0.00000000,163.710007,163.710007,4H当日前50,4H EMA9 已站上 EMA26，等待 26/50 确认；4H MACD 位于 Signal 上方；4H RSI 位于健康强势区间
2026-07-29,2026-07-29,Prism,Russell,LMNR,LIMONEIRA,Consumer Staples,40,40,0.00000000,13.450000,13.450000,4H当日前50,4H EMA9/26 最近金叉且价格在 EMA50 上方；4H MACD 位于 Signal 上方；4H MACD 柱体连续扩张；4H RSI 位于健康强势区间
2026-07-29,2026-07-29,Prism,Russell,ASLE,AERSALE CORP,Industrials,41,41,0.00000000,6.160000,6.160000,4H当日前50,4H EMA9 已站上 EMA26，等待 26/50 确认；4H MACD 位于 Signal 上方
2026-07-29,2026-07-29,Prism,Russell,ISBA,ISABELLA BANK CORP,Financials,42,42,0.00000000,40.209999,40.209999,4H当日前50,4H EMA9/26 最近金叉且价格在 EMA50 上方；4H MACD 位于 Signal 上方；4H MACD 柱体连续扩张；4H RSI 位于健康强势区间
2026-07-29,2026-07-29,Prism,Russell,HGV,HILTON GRAND VACATIONS INC,Consumer Discretionary,43,43,0.00000000,51.459999,51.459999,4H当日前50,4H EMA9/26 最近金叉且价格在 EMA50 上方；4H MACD 位于 Signal 上方；4H RSI 位于健康强势区间
2026-07-29,2026-07-29,Prism,Russell,MWA,MUELLER WATER PRODUCTS INC SERIES,Industrials,44,44,0.00000000,25.150000,25.150000,4H当日前50,4H EMA9 已站上 EMA26，等待 26/50 确认；4H MACD 位于 Signal 上方；4H RSI 位于健康强势区间
2026-07-29,2026-07-29,Prism,Russell,WLTH,WEALTHFRONT CORP,Financials,45,45,0.00000000,9.250000,9.250000,4H当日前50,4H EMA9 已站上 EMA26，等待 26/50 确认；4H MACD 位于 Signal 上方；4H RSI 位于健康强势区间
2026-07-29,2026-07-29,Prism,Russell,FIGS,FIGS INC CLASS A,Consumer Discretionary,46,46,0.00000000,10.560000,10.560000,4H当日前50,4H EMA9/26 最近金叉且价格在 EMA50 上方；4H MACD 位于 Signal 上方；4H MACD 柱体连续扩张；4H RSI 位于健康强势区间
2026-07-29,2026-07-29,Prism,Russell,CWCO,CONSOLIDATED WATER LTD,Utilities,47,47,0.00000000,29.469999,29.469999,4H当日前50,4H EMA9 已站上 EMA26，等待 26/50 确认；4H MACD 位于 Signal 上方；4H RSI 位于健康强势区间
2026-07-29,2026-07-29,Prism,Russell,ANGI,ANGI INC CLASS A,Communication,48,48,0.00000000,6.100000,6.100000,4H当日前50,4H EMA9/26 最近金叉且价格在 EMA50 上方；4H MACD 位于 Signal 上方；4H RSI 位于健康强势区间
2026-07-29,2026-07-29,Prism,Russell,CTS,CTS CORP,Information Technology,49,49,0.00000000,61.639999,61.639999,4H当日前50,4H EMA9 已站上 EMA26，等待 26/50 确认；4H MACD 位于 Signal 上方；4H RSI 位于健康强势区间
2026-07-29,2026-07-29,Prism,Russell,CNOB,CONNECTONE BANCORP INC,Financials,50,50,0.00000000,32.790001,32.790001,4H当日前50,4H EMA9/26 最近金叉且价格在 EMA50 上方；4H MACD 刚金叉但仍需零轴确认；4H RSI 位于健康强势区间
2026-07-29,2026-07-29,Aster Call,Aster,MCHB,MECHANICS BANCORP CLASS A,Financials,1,1,0.00000000,16.490000,16.490000,Aster当日前50,4H EMA 刚转强；4H MACD 新金叉
2026-07-29,2026-07-29,Aster Call,Aster,ANIK,ANIKA THERAPEUTICS INC,Health Care,2,2,0.00000000,16.236000,16.236000,Aster当日前50,4H EMA 刚转强；4H MACD 新金叉
2026-07-29,2026-07-29,Aster Call,Aster,IFF,International Flavors & Fragrances,Materials,3,3,0.00000000,79.639999,79.639999,Aster当日前50,4H EMA 刚转强；4H MACD 多头
2026-07-29,2026-07-29,Aster Call,Aster,DDOG,Datadog,Information Technology,4,4,0.00000000,264.200012,264.200012,Aster当日前50,4H EMA 刚转强；4H MACD 新金叉
2026-07-29,2026-07-29,Aster Call,Aster,BNTX,BioNTech SE - American Depositary Shares,,5,5,0.00000000,92.949997,92.949997,Aster当日前50,4H EMA 刚转强；4H MACD 新金叉
2026-07-29,2026-07-29,Aster Call,Aster,UMBF,UMB FINANCIAL CORP,Financials,6,6,0.00000000,148.270004,148.270004,Aster当日前50,4H EMA 刚转强；4H MACD 新金叉
2026-07-29,2026-07-29,Aster Call,Aster,RDVT,RED VIOLET INC,Information Technology,7,7,0.00000000,67.800003,67.800003,Aster当日前50,4H EMA 刚转强；4H MACD 新金叉
2026-07-29,2026-07-29,Aster Call,Aster,ERIE,Erie Indemnity,Financials,8,8,0.00000000,248.550003,248.550003,Aster当日前50,4H EMA 刚转强；4H MACD 多头
2026-07-29,2026-07-29,Aster Call,Aster,BKE,BUCKLE INC,Consumer Discretionary,9,9,0.00000000,45.009998,45.009998,Aster当日前50,4H EMA 刚转强；4H MACD 多头
2026-07-29,2026-07-29,Aster Call,Aster,BBUC,BROOKFIELD BUSINESS CORP CLASS A,Industrials,10,10,0.00000000,31.930000,31.930000,Aster当日前50,4H EMA 刚转强；4H MACD 多头
2026-07-29,2026-07-29,Aster Call,Aster,LYFT,"Lyft, Inc. - Class A Common Stock",,11,11,0.00000000,15.440000,15.440000,Aster当日前50,4H EMA 刚转强；4H MACD 新金叉
2026-07-29,2026-07-29,Aster Call,Aster,COLL,COLLEGIUM PHARMACEUTICAL INC,Health Care,12,12,0.00000000,36.290001,36.290001,Aster当日前50,4H EMA 刚转强；4H MACD 新金叉
2026-07-29,2026-07-29,Aster Call,Aster,DV,DOUBLEVERIFY HOLDINGS INC,Communication,13,13,0.00000000,11.530000,11.530000,Aster当日前50,4H EMA 刚转强；4H MACD 新金叉
2026-07-29,2026-07-29,Aster Call,Aster,PDD,PDD Holdings Inc. - American Depositary Shares,,14,14,0.00000000,88.320000,88.320000,Aster当日前50,4H EMA 多头趋势；4H MACD 新金叉
2026-07-29,2026-07-29,Aster Call,Aster,BKR,Baker Hughes,Energy,15,15,0.00000000,58.720001,58.720001,Aster当日前50,4H EMA 刚转强；4H MACD 多头
2026-07-29,2026-07-29,Aster Call,Aster,CLDX,CELLDEX THERAPEUTICS INC,Health Care,16,16,0.00000000,37.509998,37.509998,Aster当日前50,4H EMA 刚转强；4H MACD 新金叉
2026-07-29,2026-07-29,Aster Call,Aster,FRST,PRIMIS FINANCIAL CORP,Financials,17,17,0.00000000,16.040001,16.040001,Aster当日前50,4H EMA 刚转强；4H MACD 新金叉
2026-07-29,2026-07-29,Aster Call,Aster,MSFT,Microsoft,Information Technology,18,18,0.00000000,390.540009,390.540009,Aster当日前50,4H EMA 刚转强；4H MACD 新金叉
2026-07-29,2026-07-29,Aster Call,Aster,RSG,Republic Services,Industrials,19,19,0.00000000,218.960007,218.960007,Aster当日前50,4H EMA 刚转强；4H MACD 新金叉
2026-07-29,2026-07-29,Aster Call,Aster,IPI,INTREPID POTASH INC,Materials,20,20,0.00000000,35.470001,35.470001,Aster当日前50,4H EMA 刚转强；4H MACD 新金叉
2026-07-29,2026-07-29,Aster Call,Aster,SMC,SUMMIT MIDSTREAM CORP,Energy,21,21,0.00000000,30.299999,30.299999,Aster当日前50,4H EMA 刚转强；4H MACD 新金叉
2026-07-29,2026-07-29,Aster Call,Aster,EL,Estée Lauder Companies (The),Consumer Staples,22,22,0.00000000,84.146004,84.146004,Aster当日前50,4H EMA 刚转强；4H MACD 多头
2026-07-29,2026-07-29,Aster Call,Aster,RDNT,RADNET INC,Health Care,23,23,0.00000000,63.369999,63.369999,Aster当日前50,4H EMA 刚转强；4H MACD 多头
2026-07-29,2026-07-29,Aster Call,Aster,YOU,CLEAR SECURE INC CLASS A,Information Technology,24,24,0.00000000,58.404999,58.404999,Aster当日前50,4H EMA 刚转强；4H MACD 新金叉
2026-07-29,2026-07-29,Aster Call,Aster,MGNI,MAGNITE INC,Communication,25,25,0.00000000,19.730000,19.730000,Aster当日前50,4H EMA 刚转强；4H MACD 多头
2026-07-29,2026-07-29,Aster Call,Aster,FIVE,"Five Below, Inc. - Common Stock",,26,26,0.00000000,209.490005,209.490005,Aster当日前50,4H EMA 多头趋势；4H MACD 新金叉
2026-07-29,2026-07-29,Aster Call,Aster,STC,STEWART INFO SERVICES CORP,Financials,27,27,0.00000000,70.320000,70.320000,Aster当日前50,4H EMA 刚转强；4H MACD 新金叉
2026-07-29,2026-07-29,Aster Call,Aster,MKC,McCormick & Company,Consumer Staples,28,28,0.00000000,52.029999,52.029999,Aster当日前50,4H EMA 刚转强；4H MACD 新金叉
2026-07-29,2026-07-29,Aster Call,Aster,NGVC,NATURAL GROCERS BY VITAMIN COTTAGE,Consumer Staples,29,29,0.00000000,32.917500,32.917500,Aster当日前50,4H EMA 刚转强；4H MACD 多头
2026-07-29,2026-07-29,Aster Call,Aster,OZK,Bank OZK - Common Stock,,30,30,0.00000000,51.549999,51.549999,Aster当日前50,4H EMA 刚转强；4H MACD 新金叉
2026-07-29,2026-07-29,Aster Call,Aster,ACR,ACRES COMMERCIAL REALTY CORP,Financials,31,31,0.00000000,18.590000,18.590000,Aster当日前50,4H EMA 刚转强；4H MACD 多头
2026-07-29,2026-07-29,Aster Call,Aster,LMAT,LEMAITRE VASCULAR INC,Health Care,32,32,0.00000000,103.570000,103.570000,Aster当日前50,4H EMA 多头趋势；4H MACD 新金叉
2026-07-29,2026-07-29,Aster Call,Aster,CHDN,"Churchill Downs, Incorporated - Common Stock",,33,33,0.00000000,88.529999,88.529999,Aster当日前50,4H EMA 刚转强；4H MACD 多头
2026-07-29,2026-07-29,Aster Call,Aster,NEO,NEOGENOMICS INC,Health Care,34,34,0.00000000,15.270000,15.270000,Aster当日前50,4H EMA 刚转强；4H MACD 新金叉
2026-07-29,2026-07-29,Aster Call,Aster,FIZZ,NATIONAL BEVERAGE CORP,Consumer Staples,35,35,0.00000000,32.689999,32.689999,Aster当日前50,4H EMA 刚转强；4H MACD 多头
2026-07-29,2026-07-29,Aster Call,Aster,DRVN,DRIVEN BRANDS HOLDINGS INC,Consumer Discretionary,36,36,0.00000000,14.970000,14.970000,Aster当日前50,4H EMA 刚转强；4H MACD 新金叉
2026-07-29,2026-07-29,Aster Call,Aster,ZG,"Zillow Group, Inc. - Class A Common Stock",,37,37,0.00000000,34.320000,34.320000,Aster当日前50,4H EMA 刚转强；4H MACD 多头
2026-07-29,2026-07-29,Aster Call,Aster,Z,"Zillow Group, Inc. - Class C Capital Stock",,38,38,0.00000000,34.000000,34.000000,Aster当日前50,4H EMA 刚转强；4H MACD 多头
2026-07-29,2026-07-29,Aster Call,Aster,LAUR,LAUREATE EDUCATION INC,Consumer Discretionary,39,39,0.00000000,38.410000,38.410000,Aster当日前50,4H EMA 刚转强；4H MACD 多头
2026-07-29,2026-07-29,Aster Call,Aster,MAR,Marriott International,Consumer Discretionary,40,40,0.00000000,381.119995,381.119995,Aster当日前50,4H EMA 刚转强；4H MACD 多头
2026-07-29,2026-07-29,Aster Call,Aster,ZETA,ZETA GLOBAL HOLDINGS CORP CLASS A,Information Technology,41,41,0.00000000,22.094999,22.094999,Aster当日前50,4H EMA 刚转强；4H MACD 多头
2026-07-29,2026-07-29,Aster Call,Aster,LYV,Live Nation Entertainment,Communication Services,42,42,0.00000000,184.449997,184.449997,Aster当日前50,4H EMA 刚转强；4H MACD 多头
2026-07-29,2026-07-29,Aster Call,Aster,PHIN,PHINIA INC,Consumer Discretionary,43,43,0.00000000,82.199997,82.199997,Aster当日前50,4H EMA 刚转强；4H MACD 多头
2026-07-29,2026-07-29,Aster Call,Aster,CMC,COMMERCIAL METALS,Materials,44,44,0.00000000,68.099998,68.099998,Aster当日前50,4H EMA 刚转强；4H MACD 多头
2026-07-29,2026-07-29,Aster Call,Aster,ONIT,ONITY GROUP INC,Financials,45,45,0.00000000,40.689999,40.689999,Aster当日前50,4H EMA 多头趋势；4H MACD 新金叉
2026-07-29,2026-07-29,Aster Call,Aster,PEP,PepsiCo,Consumer Staples,46,46,0.00000000,143.500000,143.500000,Aster当日前50,4H EMA 刚转强；4H MACD 多头
2026-07-29,2026-07-29,Aster Call,Aster,LOCO,EL POLLO LOCO INC,Consumer Discretionary,47,47,0.00000000,16.530001,16.530001,Aster当日前50,4H EMA 刚转强；4H MACD 多头
2026-07-29,2026-07-29,Aster Call,Aster,AMCX,AMC GLOBAL MEDIA INC CLASS A,Communication,48,48,0.00000000,10.250000,10.250000,Aster当日前50,4H EMA 刚转强；4H MACD 新金叉
2026-07-29,2026-07-29,Aster Call,Aster,BIIB,Biogen,Health Care,49,49,0.00000000,209.229996,209.229996,Aster当日前50,4H EMA 刚转强；4H MACD 多头
2026-07-29,2026-07-29,Aster Call,Aster,MLP,MAUI LAND AND PINEAPPLE INC,Real Estate,50,50,0.00000000,17.889999,17.889999,Aster当日前50,4H EMA 刚转强；4H MACD 多头
2026-07-28,2026-07-29,Early,S&P 500,OTIS,Otis Worldwide,Industrials,1,17,-0.00346393,73.614998,73.360001,4H当日前50,4H EMA9/26 最近金叉且价格在 EMA50 上方；4H MACD 刚金叉但仍需零轴确认；4H MACD 柱体连续扩张；4H RSI 位于健康强势区间
2026-07-28,2026-07-29,Early,S&P 500,IDXX,Idexx Laboratories,Health Care,2,26,0.00040391,569.539978,569.770020,4H当日前50,4H EMA9/26 最近金叉且价格在 EMA50 上方；4H MACD 刚金叉但仍需零轴确认；4H MACD 柱体连续扩张；4H RSI 位于健康强势区间
2026-07-28,2026-07-29,Early,S&P 500,RMD,ResMed,Health Care,3,80,0.02530855,209.020004,214.309998,4H当日前50,4H EMA9/26 最近金叉且价格在 EMA50 上方；4H MACD 位于 Signal 上方；4H MACD 柱体连续扩张；4H RSI 位于健康强势区间
2026-07-28,2026-07-29,Early,S&P 500,PFE,Pfizer,Health Care,4,16,-0.00395883,25.260000,25.160000,4H当日前50,4H EMA9 已站上 EMA26，等待 26/50 确认；4H MACD 零轴上方刚金叉；4H MACD 柱体连续扩张；4H RSI 位于健康强势区间
2026-07-28,2026-07-29,Early,S&P 500,GILD,Gilead Sciences,Health Care,5,15,-0.01183748,134.320007,132.729996,4H当日前50,4H EMA9/26 最近金叉且价格在 EMA50 上方；4H MACD 零轴上方刚金叉；4H MACD 柱体连续扩张；4H RSI 位于健康强势区间
2026-07-28,2026-07-29,Early,S&P 500,TTWO,Take-Two Interactive,Communication Services,6,133,-0.00480576,247.619995,246.429993,4H当日前50,4H EMA9/26 最近金叉且价格在 EMA50 上方；4H MACD 刚金叉但仍需零轴确认；4H MACD 柱体连续扩张；4H RSI 位于健康强势区间
2026-07-28,2026-07-29,Early,S&P 500,ORLY,O’Reilly Automotive,Consumer Discretionary,7,29,-0.00592301,91.169998,90.629997,4H当日前50,4H EMA9 已站上 EMA26，等待 26/50 确认；4H MACD 位于 Signal 上方；4H MACD 柱体连续扩张；4H RSI 位于健康强势区间
2026-07-28,2026-07-29,Early,S&P 500,MAR,Marriott International,Consumer Discretionary,8,14,-0.00625781,383.519989,381.119995,4H当日前50,4H EMA9 已站上 EMA26，等待 26/50 确认；4H MACD 位于 Signal 上方；4H RSI 位于健康强势区间
2026-07-28,2026-07-29,Early,S&P 500,DD,DuPont,Materials,9,6,-0.01903675,140.779999,138.100006,4H当日前50,4H EMA9 已站上 EMA26，等待 26/50 确认；4H MACD 位于 Signal 上方；4H MACD 柱体连续扩张；4H RSI 位于健康强势区间
2026-07-28,2026-07-29,Early,S&P 500,NCLH,Norwegian Cruise Line Holdings,Consumer Discretionary,10,151,-0.02097572,21.215000,20.770000,4H当日前50,4H EMA9/26 最近金叉且价格在 EMA50 上方；4H MACD 位于 Signal 上方；4H MACD 柱体连续扩张；4H RSI 位于健康强势区间
2026-07-28,2026-07-29,Early,S&P 500,AVY,Avery Dennison,Materials,11,19,-0.01110711,169.259995,167.380005,4H当日前50,4H EMA9/26 最近金叉且价格在 EMA50 上方；4H MACD 位于 Signal 上方；4H MACD 柱体连续扩张
2026-07-28,2026-07-29,Early,S&P 500,EQT,EQT Corporation,Energy,12,3,0.01810255,51.650002,52.584999,4H当日前50,4H EMA9 已站上 EMA26，等待 26/50 确认；4H MACD 位于 Signal 上方；4H RSI 位于健康强势区间
2026-07-28,2026-07-29,Early,S&P 500,SYF,Synchrony Financial,Financials,13,191,-0.02781386,77.120003,74.974998,4H当日前50,4H EMA9/26 最近金叉且价格在 EMA50 上方；4H MACD 位于 Signal 上方；4H MACD 柱体连续扩张；4H RSI 位于健康强势区间
2026-07-28,2026-07-29,Early,S&P 500,TJX,TJX Companies,Consumer Discretionary,14,45,0.00516097,160.820007,161.649994,4H当日前50,4H EMA9 已站上 EMA26，等待 26/50 确认；4H MACD 位于 Signal 上方；4H MACD 柱体连续扩张
2026-07-28,2026-07-29,Early,S&P 500,ECL,Ecolab,Materials,15,58,0.00222397,283.279999,283.910004,4H当日前50,4H EMA9/26 最近金叉且价格在 EMA50 上方；4H MACD 位于 Signal 上方；4H MACD 柱体连续扩张；4H RSI 位于健康强势区间
2026-07-28,2026-07-29,Early,S&P 500,CRM,Salesforce,Information Technology,16,161,0.03837578,181.494995,188.460007,4H当日前50,4H EMA9/26 最近金叉且价格在 EMA50 上方；4H MACD 零轴上方刚金叉；4H MACD 柱体连续扩张；4H RSI 位于健康强势区间
2026-07-28,2026-07-29,Early,S&P 500,SLB,Schlumberger,Energy,17,9,-0.02021217,49.970001,48.959999,4H当日前50,4H EMA9 已站上 EMA26，等待 26/50 确认；4H MACD 位于 Signal 上方；4H RSI 位于健康强势区间
2026-07-28,2026-07-29,Early,S&P 500,LHX,L3Harris,Industrials,18,33,-0.02440866,305.220001,297.769989,4H当日前50,4H EMA9 已站上 EMA26，等待 26/50 确认；4H MACD 位于 Signal 上方
2026-07-28,2026-07-29,Early,S&P 500,TYL,Tyler Technologies,Information Technology,19,59,0.00153000,333.320007,333.829987,4H当日前50,4H EMA9/26 最近金叉且价格在 EMA50 上方；4H MACD 位于 Signal 上方；4H MACD 柱体连续扩张；4H RSI 位于健康强势区间
2026-07-28,2026-07-29,Early,S&P 500,SHW,Sherwin-Williams,Materials,20,71,-0.02869558,354.234985,344.070007,4H当日前50,4H EMA9/26 最近金叉且价格在 EMA50 上方；4H MACD 刚金叉但仍需零轴确认；4H MACD 柱体连续扩张
2026-07-28,2026-07-29,Early,S&P 500,FOXA,Fox Corporation (Class A),Communication Services,21,69,0.02130977,57.720001,58.950001,4H当日前50,4H EMA9 已站上 EMA26，等待 26/50 确认；4H MACD 零轴上方刚金叉；4H MACD 柱体连续扩张；4H RSI 位于健康强势区间
2026-07-28,2026-07-29,Early,S&P 500,MOS,Mosaic Company (The),Materials,22,27,-0.01950581,23.070000,22.620001,4H当日前50,4H EMA 多头排列已连续维持；4H MACD 零轴上方刚金叉；4H MACD 柱体连续扩张；4H RSI 位于健康强势区间
2026-07-28,2026-07-29,Early,S&P 500,HD,Home Depot (The),Consumer Discretionary,23,49,-0.01784814,344.575012,338.424988,4H当日前50,4H EMA9/26 最近金叉且价格在 EMA50 上方；4H MACD 刚金叉但仍需零轴确认；4H MACD 柱体连续扩张；4H RSI 位于健康强势区间
2026-07-28,2026-07-29,Early,S&P 500,ROK,Rockwell Automation,Industrials,24,376,-0.02554529,471.320007,459.279999,4H当日前50,4H EMA9/26 最近金叉且价格在 EMA50 上方；4H MACD 位于 Signal 上方；4H MACD 柱体连续扩张；4H RSI 位于健康强势区间
2026-07-28,2026-07-29,Early,S&P 500,PPG,PPG Industries,Materials,25,415,-0.05971839,118.974998,111.870003,4H当日前50,4H EMA9/26 最近金叉且价格在 EMA50 上方；4H MACD 位于 Signal 上方；4H RSI 位于健康强势区间
2026-07-28,2026-07-29,Early,S&P 500,TAP,Molson Coors Beverage Company,Consumer Staples,26,32,0.00611760,42.500000,42.759998,4H当日前50,4H EMA 多头排列已连续维持；4H MACD 零轴上方刚金叉；4H MACD 柱体连续扩张；4H RSI 位于健康强势区间
2026-07-28,2026-07-29,Early,S&P 500,RCL,Royal Caribbean Group,Consumer Discretionary,27,143,0.00403047,322.540009,323.839996,4H当日前50,4H EMA9/26 最近金叉且价格在 EMA50 上方；4H MACD 位于 Signal 上方；4H MACD 柱体连续扩张
2026-07-28,2026-07-29,Early,S&P 500,LYB,LyondellBasell,Materials,28,24,0.03902757,58.217899,60.490002,4H当日前50,4H EMA9 已站上 EMA26，等待 26/50 确认
2026-07-28,2026-07-29,Early,S&P 500,EXE,Expand Energy,Energy,29,40,0.04450974,88.519997,92.459999,4H当日前50,4H EMA9 已站上 EMA26，等待 26/50 确认
2026-07-28,2026-07-29,Early,S&P 500,CLX,Clorox,Consumer Staples,30,11,-0.00667928,100.309998,99.639999,4H当日前50,4H EMA 多头排列已连续维持；4H MACD 位于 Signal 上方；4H MACD 柱体连续扩张；4H RSI 位于健康强势区间
2026-07-28,2026-07-29,Early,S&P 500,WY,Weyerhaeuser,Real Estate,31,56,-0.00609516,24.610001,24.459999,4H当日前50,4H EMA9 已站上 EMA26，等待 26/50 确认；4H MACD 位于 Signal 上方；4H MACD 柱体连续扩张；4H RSI 位于健康强势区间
2026-07-28,2026-07-29,Early,S&P 500,PODD,Insulet Corporation,Health Care,32,30,0.01880930,167.470001,170.619995,4H当日前50,4H EMA 多头排列已连续维持；4H MACD 零轴上方刚金叉；4H MACD 柱体连续扩张；4H RSI 位于健康强势区间
2026-07-28,2026-07-29,Early,S&P 500,DAL,Delta Air Lines,Industrials,33,243,-0.03468335,89.379997,86.279999,4H当日前50,4H EMA9/26 最近金叉且价格在 EMA50 上方；4H MACD 位于 Signal 上方；4H MACD 柱体连续扩张；4H RSI 位于健康强势区间
2026-07-28,2026-07-29,Early,S&P 500,DLTR,Dollar Tree,Consumer Staples,34,63,0.01727670,126.760002,128.949997,4H当日前50,4H EMA9/26 最近金叉且价格在 EMA50 上方；4H MACD 零轴上方刚金叉；4H MACD 柱体连续扩张；4H RSI 位于健康强势区间
2026-07-28,2026-07-29,Early,S&P 500,GIS,General Mills,Consumer Staples,35,77,0.00716941,37.660000,37.930000,4H当日前50,4H EMA9/26 最近金叉且价格在 EMA50 上方；4H MACD 零轴上方刚金叉；4H MACD 柱体连续扩张；4H RSI 位于健康强势区间
2026-07-28,2026-07-29,Early,S&P 500,IEX,IDEX Corporation,Industrials,36,54,0.02184165,224.800003,229.710007,4H当日前50,4H EMA9/26 最近金叉且价格在 EMA50 上方；4H MACD 零轴上方刚金叉；4H MACD 柱体连续扩张；4H RSI 位于健康强势区间
2026-07-28,2026-07-29,Early,S&P 500,DLR,Digital Realty,Real Estate,37,28,-0.02562376,193.179993,188.229996,4H当日前50,4H EMA 多头排列已连续维持；4H MACD 位于 Signal 上方；4H RSI 位于健康强势区间
2026-07-28,2026-07-29,Early,S&P 500,ULTA,Ulta Beauty,Consumer Discretionary,38,53,0.01310019,501.519989,508.089996,4H当日前50,4H EMA 多头排列已连续维持；4H MACD 零轴上方刚金叉；4H MACD 柱体连续扩张
2026-07-28,2026-07-29,Early,S&P 500,GRMN,Garmin,Consumer Discretionary,39,323,0.16191188,253.779999,294.869995,4H当日前50,4H EMA9/26 最近金叉且价格在 EMA50 上方；4H MACD 零轴上方刚金叉；4H MACD 柱体连续扩张；4H RSI 位于健康强势区间
2026-07-28,2026-07-29,Early,S&P 500,COO,Cooper Companies (The),Health Care,40,79,0.01387732,72.059998,73.059998,4H当日前50,4H EMA9/26 最近金叉且价格在 EMA50 上方；4H MACD 零轴上方刚金叉；4H MACD 柱体连续扩张；4H RSI 位于健康强势区间
2026-07-28,2026-07-29,Early,S&P 500,DXCM,Dexcom,Health Care,41,90,0.00387443,74.849998,75.139999,4H当日前50,4H EMA9/26 最近金叉且价格在 EMA50 上方；4H MACD 刚金叉但仍需零轴确认；4H MACD 柱体连续扩张；4H RSI 位于健康强势区间
2026-07-28,2026-07-29,Early,S&P 500,CL,Colgate-Palmolive,Consumer Staples,42,100,0.00830551,92.709999,93.480003,4H当日前50,4H EMA9/26 最近金叉且价格在 EMA50 上方；4H MACD 刚金叉但仍需零轴确认；4H MACD 柱体连续扩张；4H RSI 位于健康强势区间
2026-07-28,2026-07-29,Early,S&P 500,DASH,DoorDash,Consumer Discretionary,43,96,-0.01017801,195.520004,193.529999,4H当日前50,4H EMA9/26 最近金叉且价格在 EMA50 上方；4H MACD 刚金叉但仍需零轴确认；4H MACD 柱体连续扩张；4H RSI 位于健康强势区间
2026-07-28,2026-07-29,Early,S&P 500,CDW,CDW Corporation,Information Technology,44,167,0.02700826,144.029999,147.919998,4H当日前50,4H EMA9/26 最近金叉且价格在 EMA50 上方；4H MACD 位于 Signal 上方；4H MACD 柱体连续扩张
2026-07-28,2026-07-29,Early,S&P 500,NWS,News Corp (Class B),Communication Services,45,149,0.02609242,31.809999,32.639999,4H当日前50,4H EMA9/26 最近金叉且价格在 EMA50 上方；4H MACD 零轴上方刚金叉；4H MACD 柱体连续扩张；4H RSI 位于健康强势区间
2026-07-28,2026-07-29,Early,S&P 500,DHR,Danaher Corporation,Health Care,46,113,-0.01256092,199.029999,196.529999,4H当日前50,4H EMA9/26 最近金叉且价格在 EMA50 上方；4H MACD 刚金叉但仍需零轴确认；4H MACD 柱体连续扩张；4H RSI 位于健康强势区间
2026-07-28,2026-07-29,Early,S&P 500,TSCO,Tractor Supply,Consumer Discretionary,47,39,-0.01462171,31.459999,31.000000,4H当日前50,4H MACD 位于 Signal 上方；4H RSI 位于健康强势区间
2026-07-28,2026-07-29,Early,S&P 500,PG,Procter & Gamble,Consumer Staples,48,395,-0.01756691,148.763306,146.149994,4H当日前50,4H EMA9/26 最近金叉且价格在 EMA50 上方；4H MACD 刚金叉但仍需零轴确认；4H RSI 位于健康强势区间
2026-07-28,2026-07-29,Early,S&P 500,NWSA,News Corp (Class A),Communication Services,49,154,0.02271114,28.180000,28.820000,4H当日前50,4H EMA9/26 最近金叉且价格在 EMA50 上方；4H MACD 零轴上方刚金叉；4H MACD 柱体连续扩张；4H RSI 位于健康强势区间
2026-07-28,2026-07-29,Early,S&P 500,RF,Regions Financial Corporation,Financials,50,201,-0.01055662,31.260000,30.930000,4H当日前50,4H EMA9/26 最近金叉且价格在 EMA50 上方；4H MACD 柱体连续扩张；4H RSI 位于健康强势区间
2026-07-28,2026-07-29,Early,Nasdaq 200,IDXX,Idexx Laboratories,Health Care,1,15,0.00040391,569.539978,569.770020,4H当日前50,4H EMA9/26 最近金叉且价格在 EMA50 上方；4H MACD 刚金叉但仍需零轴确认；4H MACD 柱体连续扩张；4H RSI 位于健康强势区间
2026-07-28,2026-07-29,Early,Nasdaq 200,GILD,Gilead Sciences,Health Care,2,10,-0.01183748,134.320007,132.729996,4H当日前50,4H EMA9/26 最近金叉且价格在 EMA50 上方；4H MACD 零轴上方刚金叉；4H MACD 柱体连续扩张；4H RSI 位于健康强势区间
2026-07-28,2026-07-29,Early,Nasdaq 200,MAR,Marriott International,Consumer Discretionary,3,7,-0.00625781,383.519989,381.119995,4H当日前50,4H EMA9 已站上 EMA26，等待 26/50 确认；4H MACD 位于 Signal 上方；4H RSI 位于健康强势区间
2026-07-28,2026-07-29,Early,Nasdaq 200,TTWO,Take-Two Interactive,Communication Services,4,31,-0.00480576,247.619995,246.429993,4H当日前50,4H EMA9/26 最近金叉且价格在 EMA50 上方；4H MACD 刚金叉但仍需零轴确认；4H MACD 柱体连续扩张；4H RSI 位于健康强势区间
2026-07-28,2026-07-29,Early,Nasdaq 200,MDLN,Medline Inc. - Class A common stock,,5,11,-0.00962723,40.509998,40.119999,4H当日前50,4H EMA9/26 最近金叉且价格在 EMA50 上方；4H MACD 位于 Signal 上方；4H MACD 柱体连续扩张；4H RSI 位于健康强势区间
2026-07-28,2026-07-29,Early,Nasdaq 200,ORLY,O’Reilly Automotive,Consumer Discretionary,6,19,-0.00592301,91.169998,90.629997,4H当日前50,4H EMA9 已站上 EMA26，等待 26/50 确认；4H MACD 位于 Signal 上方；4H MACD 柱体连续扩张；4H RSI 位于健康强势区间
2026-07-28,2026-07-29,Early,Nasdaq 200,CHKP,Check Point Software Technologies Ltd. - Ordinary Shares,,7,40,0.01474861,137.639999,139.669998,4H当日前50,4H EMA9/26 最近金叉且价格在 EMA50 上方；4H MACD 刚金叉但仍需零轴确认；4H MACD 柱体连续扩张；4H RSI 位于健康强势区间
2026-07-28,2026-07-29,Early,Nasdaq 200,FOXA,Fox Corporation (Class A),Communication Services,8,25,0.02130977,57.720001,58.950001,4H当日前50,4H EMA9 已站上 EMA26，等待 26/50 确认；4H MACD 零轴上方刚金叉；4H MACD 柱体连续扩张；4H RSI 位于健康强势区间
2026-07-28,2026-07-29,Early,Nasdaq 200,DLTR,Dollar Tree,Consumer Staples,9,29,0.01727670,126.760002,128.949997,4H当日前50,4H EMA9/26 最近金叉且价格在 EMA50 上方；4H MACD 零轴上方刚金叉；4H MACD 柱体连续扩张；4H RSI 位于健康强势区间
2026-07-28,2026-07-29,Early,Nasdaq 200,TCOM,Trip.com Group Limited - American Depositary Shares,,10,37,0.01522840,45.310001,46.000000,4H当日前50,4H EMA9 已站上 EMA26，等待 26/50 确认；4H MACD 位于 Signal 上方；4H MACD 柱体连续扩张；4H RSI 位于健康强势区间
2026-07-28,2026-07-29,Early,Nasdaq 200,EXE,Expand Energy,Energy,11,20,0.04450974,88.519997,92.459999,4H当日前50,4H EMA9 已站上 EMA26，等待 26/50 确认
2026-07-28,2026-07-29,Early,Nasdaq 200,COO,Cooper Companies (The),Health Care,12,23,0.01387732,72.059998,73.059998,4H当日前50,4H EMA9/26 最近金叉且价格在 EMA50 上方；4H MACD 零轴上方刚金叉；4H MACD 柱体连续扩张；4H RSI 位于健康强势区间
2026-07-28,2026-07-29,Early,Nasdaq 200,ULTA,Ulta Beauty,Consumer Discretionary,13,22,0.01310019,501.519989,508.089996,4H当日前50,4H EMA 多头排列已连续维持；4H MACD 零轴上方刚金叉；4H MACD 柱体连续扩张
2026-07-28,2026-07-29,Early,Nasdaq 200,PODD,Insulet Corporation,Health Care,14,17,0.01880930,167.470001,170.619995,4H当日前50,4H EMA 多头排列已连续维持；4H MACD 零轴上方刚金叉；4H MACD 柱体连续扩张；4H RSI 位于健康强势区间
2026-07-28,2026-07-29,Early,Nasdaq 200,SHOP,Shopify Inc. - Class A Subordinate Voting Shares,,15,53,-0.00852012,130.279999,129.169998,4H当日前50,4H EMA9/26 最近金叉且价格在 EMA50 上方；4H MACD 零轴上方刚金叉；4H MACD 柱体连续扩张；4H RSI 位于健康强势区间
2026-07-28,2026-07-29,Early,Nasdaq 200,DXCM,Dexcom,Health Care,16,36,0.00387443,74.849998,75.139999,4H当日前50,4H EMA9/26 最近金叉且价格在 EMA50 上方；4H MACD 刚金叉但仍需零轴确认；4H MACD 柱体连续扩张；4H RSI 位于健康强势区间
2026-07-28,2026-07-29,Early,Nasdaq 200,FWONK,Liberty Media Corporation - Series C Liberty Formula One Common Stock,,17,42,0.00681820,101.199997,101.889999,4H当日前50,4H EMA9/26 最近金叉且价格在 EMA50 上方；4H MACD 零轴上方刚金叉；4H MACD 柱体连续扩张；4H RSI 位于健康强势区间
2026-07-28,2026-07-29,Early,Nasdaq 200,NWS,News Corp (Class B),Communication Services,18,52,0.02609242,31.809999,32.639999,4H当日前50,4H EMA9/26 最近金叉且价格在 EMA50 上方；4H MACD 零轴上方刚金叉；4H MACD 柱体连续扩张；4H RSI 位于健康强势区间
2026-07-28,2026-07-29,Early,Nasdaq 200,PDD,PDD Holdings Inc. - American Depositary Shares,,19,18,0.03045153,85.709999,88.320000,4H当日前50,4H EMA 多头排列已连续维持；4H MACD 零轴上方刚金叉；4H MACD 柱体连续扩张；4H RSI 位于健康强势区间
2026-07-28,2026-07-29,Early,Nasdaq 200,FWONA,Liberty Media Corporation - Series A Liberty Formula One Common Stock,,20,39,0.00645854,92.900002,93.500000,4H当日前50,4H EMA9/26 最近金叉且价格在 EMA50 上方；4H MACD 零轴上方刚金叉；4H MACD 柱体连续扩张；4H RSI 位于健康强势区间
2026-07-28,2026-07-29,Early,Nasdaq 200,DASH,DoorDash,Consumer Discretionary,21,41,-0.01017801,195.520004,193.529999,4H当日前50,4H EMA9/26 最近金叉且价格在 EMA50 上方；4H MACD 刚金叉但仍需零轴确认；4H MACD 柱体连续扩张；4H RSI 位于健康强势区间
2026-07-28,2026-07-29,Early,Nasdaq 200,CDW,CDW Corporation,Information Technology,22,66,0.02700826,144.029999,147.919998,4H当日前50,4H EMA9/26 最近金叉且价格在 EMA50 上方；4H MACD 位于 Signal 上方；4H MACD 柱体连续扩张
2026-07-28,2026-07-29,Early,Nasdaq 200,NWSA,News Corp (Class A),Communication Services,23,54,0.02271114,28.180000,28.820000,4H当日前50,4H EMA9/26 最近金叉且价格在 EMA50 上方；4H MACD 零轴上方刚金叉；4H MACD 柱体连续扩张；4H RSI 位于健康强势区间
2026-07-28,2026-07-29,Early,Nasdaq 200,EBAY,eBay Inc.,Consumer Discretionary,24,27,-0.01822206,117.440002,115.300003,4H当日前50,4H EMA9/26 最近金叉且价格在 EMA50 上方；4H MACD 刚金叉但仍需零轴确认；4H MACD 柱体连续扩张；4H RSI 位于健康强势区间
2026-07-28,2026-07-29,Early,Nasdaq 200,TSCO,Tractor Supply,Consumer Discretionary,25,16,-0.01462171,31.459999,31.000000,4H当日前50,4H MACD 位于 Signal 上方；4H RSI 位于健康强势区间
2026-07-28,2026-07-29,Early,Nasdaq 200,REGN,Regeneron Pharmaceuticals,Health Care,26,28,0.00034522,695.179993,695.419983,4H当日前50,4H EMA 多头排列已连续维持；4H MACD 零轴上方刚金叉；4H MACD 柱体连续扩张；4H RSI 位于健康强势区间
2026-07-28,2026-07-29,Early,Nasdaq 200,ABNB,Airbnb,Consumer Discretionary,27,30,-0.00065316,153.110001,153.009995,4H当日前50,4H EMA9/26 最近金叉且价格在 EMA50 上方；4H MACD 刚金叉但仍需零轴确认；4H MACD 柱体连续扩张；4H RSI 位于健康强势区间
2026-07-28,2026-07-29,Early,Nasdaq 200,SNY,Sanofi - American Depositary Shares,,28,8,-0.01515158,45.540001,44.849998,4H当日前50,4H EMA 多头排列已连续维持；4H MACD 零轴上方刚金叉；4H MACD 柱体连续扩张
2026-07-28,2026-07-29,Early,Nasdaq 200,VRSN,Verisign,Information Technology,29,81,0.03475020,281.149994,290.920013,4H当日前50,4H EMA 多头排列已连续维持；4H MACD 位于 Signal 上方；4H MACD 柱体连续扩张；4H RSI 位于健康强势区间
2026-07-28,2026-07-29,Early,Nasdaq 200,INTU,Intuit,Information Technology,30,71,0.06434715,312.989990,333.130005,4H当日前50,4H EMA 多头排列已连续维持；4H MACD 位于 Signal 上方；4H MACD 柱体连续扩张；4H RSI 位于健康强势区间
2026-07-28,2026-07-29,Early,Nasdaq 200,ESLT,Elbit Systems Ltd. - Ordinary Shares,,31,98,-0.06045768,818.590027,769.099976,4H当日前50,4H EMA 多头排列已连续维持；4H MACD 位于 Signal 上方；4H RSI 位于健康强势区间
2026-07-28,2026-07-29,Early,Nasdaq 200,FISV,Fiserv,Financials,32,47,0.02619447,54.209999,55.630001,4H当日前50,4H MACD 位于 Signal 上方；4H MACD 柱体连续扩张；4H RSI 位于健康强势区间
2026-07-28,2026-07-29,Early,Nasdaq 200,FAST,Fastenal,Industrials,33,26,-0.00665279,48.099998,47.779999,4H当日前50,4H EMA 多头排列已连续维持；4H MACD 位于 Signal 上方；4H MACD 柱体连续扩张；4H RSI 位于健康强势区间
2026-07-28,2026-07-29,Early,Nasdaq 200,EXC,Exelon,Utilities,34,33,-0.00591845,47.310001,47.029999,4H当日前50,4H EMA 多头排列已连续维持；4H MACD 位于 Signal 上方；4H RSI 位于健康强势区间
2026-07-28,2026-07-29,Early,Nasdaq 200,BIIB,Biogen,Health Care,35,4,0.01760612,205.610001,209.229996,4H当日前50,4H MACD 位于 Signal 上方；4H MACD 柱体连续扩张；4H RSI 位于健康强势区间
2026-07-28,2026-07-29,Early,Nasdaq 200,KMB,Kimberly-Clark,Consumer Staples,36,21,0.00106113,113.089996,113.209999,4H当日前50,4H EMA 多头排列已连续维持；4H MACD 位于 Signal 上方；4H MACD 柱体连续扩张；4H RSI 位于健康强势区间
2026-07-28,2026-07-29,Early,Nasdaq 200,ADBE,Adobe Inc.,Information Technology,37,59,0.05718758,249.179993,263.429993,4H当日前50,4H EMA 多头排列已连续维持；4H MACD 零轴上方刚金叉；4H MACD 柱体连续扩张；4H RSI 位于健康强势区间
2026-07-28,2026-07-29,Early,Nasdaq 200,CSCO,Cisco,Information Technology,38,120,-0.02682124,115.580002,112.480003,4H当日前50,4H EMA9/26 最近金叉且价格在 EMA50 上方；4H MACD 位于 Signal 上方；4H MACD 柱体连续扩张；4H RSI 位于健康强势区间
2026-07-28,2026-07-29,Early,Nasdaq 200,MNST,Monster Beverage,Consumer Staples,39,6,-0.00521787,97.739998,97.230003,4H当日前50,4H MACD 刚金叉但仍需零轴确认；4H MACD 柱体连续扩张；4H RSI 位于健康强势区间
2026-07-28,2026-07-29,Early,Nasdaq 200,LECO,"Lincoln Electric Holdings, Inc. - Common Shares",,40,62,-0.03464924,267.250000,257.989990,4H当日前50,4H EMA9/26 最近金叉且价格在 EMA50 上方；4H MACD 位于 Signal 上方；4H MACD 柱体连续扩张；4H RSI 位于健康强势区间
2026-07-28,2026-07-29,Early,Nasdaq 200,PEP,PepsiCo,Consumer Staples,41,55,0.00447990,142.860001,143.500000,4H当日前50,4H EMA9/26 最近金叉且价格在 EMA50 上方；4H MACD 位于 Signal 上方；4H MACD 柱体连续扩张；4H RSI 位于健康强势区间
2026-07-28,2026-07-29,Early,Nasdaq 200,NDSN,Nordson Corporation,Industrials,42,45,-0.02534275,302.649994,294.980011,4H当日前50,4H EMA 多头排列已连续维持；4H MACD 位于 Signal 上方；4H MACD 柱体连续扩张
2026-07-28,2026-07-29,Early,Nasdaq 200,MELI,"MercadoLibre, Inc. - Common Stock",,43,43,0.00042418,1862.520020,1863.310059,4H当日前50,4H EMA 多头排列已连续维持；4H MACD 零轴上方刚金叉；4H MACD 柱体连续扩张；4H RSI 位于健康强势区间
2026-07-28,2026-07-29,Early,Nasdaq 200,VRTX,Vertex Pharmaceuticals,Health Care,44,13,-0.01439676,490.390015,483.329987,4H当日前50,4H MACD 刚金叉但仍需零轴确认；4H MACD 柱体连续扩张；4H RSI 位于健康强势区间
2026-07-28,2026-07-29,Early,Nasdaq 200,NTAP,NetApp,Information Technology,45,48,-0.00744859,174.529999,173.229996,4H当日前50,4H EMA 多头排列已连续维持；4H MACD 位于 Signal 上方；4H MACD 柱体连续扩张；4H RSI 位于健康强势区间
2026-07-28,2026-07-29,Early,Nasdaq 200,MDLZ,Mondelez International,Consumer Staples,46,86,0.04017282,62.480000,64.989998,4H当日前50,4H MACD 位于 Signal 上方；4H MACD 柱体连续扩张；4H RSI 位于健康强势区间
2026-07-28,2026-07-29,Early,Nasdaq 200,GEN,Gen Digital,Information Technology,47,34,0.00181287,27.580000,27.629999,4H当日前50,4H EMA 多头排列已连续维持；4H MACD 零轴上方刚金叉；4H MACD 柱体连续扩张；4H RSI 位于健康强势区间
2026-07-28,2026-07-29,Early,Nasdaq 200,HON,Honeywell Technologies,Industrials,48,50,-0.02400327,247.050003,241.119995,4H当日前50,4H EMA 多头排列已连续维持；4H MACD 位于 Signal 上方
2026-07-28,2026-07-29,Early,Nasdaq 200,COST,Costco,Consumer Staples,49,2,0.00770760,966.580017,974.030029,4H当日前50,4H EMA9 已站上 EMA26，等待 26/50 确认；4H MACD 位于 Signal 上方；4H MACD 柱体连续扩张；4H RSI 位于健康强势区间
2026-07-28,2026-07-29,Early,Nasdaq 200,ICLR,ICON plc - Ordinary Shares,,50,44,-0.01142927,180.240005,178.179993,4H当日前50,4H EMA 多头排列已连续维持；4H MACD 零轴上方刚金叉；4H MACD 柱体连续扩张
2026-07-28,2026-07-29,Early,Nasdaq Liquid 500,IDXX,Idexx Laboratories,Health Care,1,21,0.00040391,569.539978,569.770020,4H当日前50,4H EMA9/26 最近金叉且价格在 EMA50 上方；4H MACD 刚金叉但仍需零轴确认；4H MACD 柱体连续扩张；4H RSI 位于健康强势区间
2026-07-28,2026-07-29,Early,Nasdaq Liquid 500,GILD,Gilead Sciences,Health Care,2,18,-0.01183748,134.320007,132.729996,4H当日前50,4H EMA9/26 最近金叉且价格在 EMA50 上方；4H MACD 零轴上方刚金叉；4H MACD 柱体连续扩张；4H RSI 位于健康强势区间
2026-07-28,2026-07-29,Early,Nasdaq Liquid 500,GLPI,"Gaming and Leisure Properties, Inc. - Common Stock",,3,22,0.00348964,45.849998,46.009998,4H当日前50,4H EMA9 已站上 EMA26，等待 26/50 确认；4H MACD 位于 Signal 上方；4H MACD 柱体连续扩张；4H RSI 位于健康强势区间
2026-07-28,2026-07-29,Early,Nasdaq Liquid 500,MAR,Marriott International,Consumer Discretionary,4,15,-0.00625781,383.519989,381.119995,4H当日前50,4H EMA9 已站上 EMA26，等待 26/50 确认；4H MACD 位于 Signal 上方；4H RSI 位于健康强势区间
2026-07-28,2026-07-29,Early,Nasdaq Liquid 500,TTWO,Take-Two Interactive,Communication Services,5,51,-0.00480576,247.619995,246.429993,4H当日前50,4H EMA9/26 最近金叉且价格在 EMA50 上方；4H MACD 刚金叉但仍需零轴确认；4H MACD 柱体连续扩张；4H RSI 位于健康强势区间
2026-07-28,2026-07-29,Early,Nasdaq Liquid 500,JBLU,JETBLUE AIRWAYS CORP,Industrials,6,48,-0.04666667,6.000000,5.720000,4H当日前50,4H EMA9/26 最近金叉且价格在 EMA50 上方；4H MACD 位于 Signal 上方；4H MACD 柱体连续扩张；4H RSI 位于健康强势区间
2026-07-28,2026-07-29,Early,Nasdaq Liquid 500,MDLN,Medline Inc. - Class A common stock,,7,12,-0.00962723,40.509998,40.119999,4H当日前50,4H EMA9/26 最近金叉且价格在 EMA50 上方；4H MACD 位于 Signal 上方；4H MACD 柱体连续扩张；4H RSI 位于健康强势区间
2026-07-28,2026-07-29,Early,Nasdaq Liquid 500,FUTU,Futu Holdings Limited - American Depositary Shares,,8,4,0.00039278,101.839996,101.879997,4H当日前50,4H EMA9 已站上 EMA26，等待 26/50 确认；4H MACD 位于 Signal 上方；4H RSI 位于健康强势区间
2026-07-28,2026-07-29,Early,Nasdaq Liquid 500,ORLY,O’Reilly Automotive,Consumer Discretionary,9,30,-0.00592301,91.169998,90.629997,4H当日前50,4H EMA9 已站上 EMA26，等待 26/50 确认；4H MACD 位于 Signal 上方；4H MACD 柱体连续扩张；4H RSI 位于健康强势区间
2026-07-28,2026-07-29,Early,Nasdaq Liquid 500,ASO,ACADEMY SPORTS AND OUTDOORS INC,Consumer Discretionary,10,,-0.02677505,50.419998,49.070000,4H当日前50,4H EMA9 已站上 EMA26，等待 26/50 确认；4H MACD 位于 Signal 上方；4H MACD 柱体连续扩张；4H RSI 位于健康强势区间
2026-07-28,2026-07-29,Early,Nasdaq Liquid 500,CHKP,Check Point Software Technologies Ltd. - Ordinary Shares,,11,71,0.01474861,137.639999,139.669998,4H当日前50,4H EMA9/26 最近金叉且价格在 EMA50 上方；4H MACD 刚金叉但仍需零轴确认；4H MACD 柱体连续扩张；4H RSI 位于健康强势区间
2026-07-28,2026-07-29,Early,Nasdaq Liquid 500,MNDY,monday.com Ltd. - Ordinary Shares,,12,191,0.03628435,87.089996,90.250000,4H当日前50,4H EMA9/26 最近金叉且价格在 EMA50 上方；4H MACD 位于 Signal 上方；4H MACD 柱体连续扩张；4H RSI 位于健康强势区间
2026-07-28,2026-07-29,Early,Nasdaq Liquid 500,FOXA,Fox Corporation (Class A),Communication Services,13,41,0.02130977,57.720001,58.950001,4H当日前50,4H EMA9 已站上 EMA26，等待 26/50 确认；4H MACD 零轴上方刚金叉；4H MACD 柱体连续扩张；4H RSI 位于健康强势区间
2026-07-28,2026-07-29,Early,Nasdaq Liquid 500,URBN,URBAN OUTFITTERS INC,Consumer Discretionary,14,63,0.00265964,75.199997,75.400002,4H当日前50,4H EMA9/26 最近金叉且价格在 EMA50 上方；4H MACD 零轴上方刚金叉；4H MACD 柱体连续扩张；4H RSI 位于健康强势区间
2026-07-28,2026-07-29,Early,Nasdaq Liquid 500,DLTR,Dollar Tree,Consumer Staples,15,55,0.01727670,126.760002,128.949997,4H当日前50,4H EMA9/26 最近金叉且价格在 EMA50 上方；4H MACD 零轴上方刚金叉；4H MACD 柱体连续扩张；4H RSI 位于健康强势区间
2026-07-28,2026-07-29,Early,Nasdaq Liquid 500,COO,Cooper Companies (The),Health Care,16,45,0.01387732,72.059998,73.059998,4H当日前50,4H EMA9/26 最近金叉且价格在 EMA50 上方；4H MACD 零轴上方刚金叉；4H MACD 柱体连续扩张；4H RSI 位于健康强势区间
2026-07-28,2026-07-29,Early,Nasdaq Liquid 500,NICE,NICE Ltd - American Depositary Shares each representing one Ordinary Share,,17,31,0.03559800,101.410004,105.019997,4H当日前50,4H EMA9/26 最近金叉且价格在 EMA50 上方；4H MACD 刚金叉但仍需零轴确认；4H MACD 柱体连续扩张；4H RSI 位于健康强势区间
2026-07-28,2026-07-29,Early,Nasdaq Liquid 500,KRYS,KRYSTAL BIOTECH INC,Health Care,18,107,-0.00260827,364.230011,363.279999,4H当日前50,4H EMA9/26 最近金叉且价格在 EMA50 上方；4H MACD 刚金叉但仍需零轴确认；4H MACD 柱体连续扩张；4H RSI 位于健康强势区间
2026-07-28,2026-07-29,Early,Nasdaq Liquid 500,TCOM,Trip.com Group Limited - American Depositary Shares,,19,60,0.01522840,45.310001,46.000000,4H当日前50,4H EMA9 已站上 EMA26，等待 26/50 确认；4H MACD 位于 Signal 上方；4H MACD 柱体连续扩张；4H RSI 位于健康强势区间
2026-07-28,2026-07-29,Early,Nasdaq Liquid 500,EXE,Expand Energy,Energy,20,33,0.04450974,88.519997,92.459999,4H当日前50,4H EMA9 已站上 EMA26，等待 26/50 确认
2026-07-28,2026-07-29,Early,Nasdaq Liquid 500,ULTA,Ulta Beauty,Consumer Discretionary,21,40,0.01310019,501.519989,508.089996,4H当日前50,4H EMA 多头排列已连续维持；4H MACD 零轴上方刚金叉；4H MACD 柱体连续扩张
2026-07-28,2026-07-29,Early,Nasdaq Liquid 500,PODD,Insulet Corporation,Health Care,22,23,0.01880930,167.470001,170.619995,4H当日前50,4H EMA 多头排列已连续维持；4H MACD 零轴上方刚金叉；4H MACD 柱体连续扩张；4H RSI 位于健康强势区间
2026-07-28,2026-07-29,Early,Nasdaq Liquid 500,INDV,INDIVIOR PHARMACEUTICALS INC,Health Care,23,246,-0.02171271,40.990002,40.099998,4H当日前50,4H EMA9/26 最近金叉且价格在 EMA50 上方；4H MACD 零轴上方刚金叉；4H MACD 柱体连续扩张；4H RSI 位于健康强势区间
2026-07-28,2026-07-29,Early,Nasdaq Liquid 500,MTCH,"Match Group, Inc. - Common Stock",,24,44,0.00305507,39.279999,39.400002,4H当日前50,4H EMA9/26 最近金叉且价格在 EMA50 上方；4H MACD 零轴上方刚金叉；4H MACD 柱体连续扩张；4H RSI 位于健康强势区间
2026-07-28,2026-07-29,Early,Nasdaq Liquid 500,CPB,The Campbell's Company - Common Stock,,25,34,0.00657606,22.809999,22.959999,4H当日前50,4H EMA9/26 最近金叉且价格在 EMA50 上方；4H MACD 位于 Signal 上方；4H MACD 柱体连续扩张；4H RSI 位于健康强势区间
2026-07-28,2026-07-29,Early,Nasdaq Liquid 500,SHOP,Shopify Inc. - Class A Subordinate Voting Shares,,26,96,-0.00852012,130.279999,129.169998,4H当日前50,4H EMA9/26 最近金叉且价格在 EMA50 上方；4H MACD 零轴上方刚金叉；4H MACD 柱体连续扩张；4H RSI 位于健康强势区间
2026-07-28,2026-07-29,Early,Nasdaq Liquid 500,GLBE,Global-E Online Ltd. - ordinary shares,,27,157,0.03496133,38.900002,40.259998,4H当日前50,4H EMA9/26 最近金叉且价格在 EMA50 上方；4H MACD 零轴上方刚金叉；4H MACD 柱体连续扩张；4H RSI 位于健康强势区间
2026-07-28,2026-07-29,Early,Nasdaq Liquid 500,TPG,TPG Inc. - Class A Common Stock,,28,152,-0.03656303,43.759998,42.160000,4H当日前50,4H EMA 多头排列已连续维持；4H MACD 零轴上方刚金叉；4H MACD 柱体连续扩张；4H RSI 位于健康强势区间
2026-07-28,2026-07-29,Early,Nasdaq Liquid 500,DUOL,"Duolingo, Inc. - Class A Common Stock",,29,108,-0.00397924,140.729996,140.169998,4H当日前50,4H EMA9/26 最近金叉且价格在 EMA50 上方；4H MACD 零轴上方刚金叉；4H MACD 柱体连续扩张；4H RSI 位于健康强势区间
2026-07-28,2026-07-29,Early,Nasdaq Liquid 500,DXCM,Dexcom,Health Care,30,64,0.00387443,74.849998,75.139999,4H当日前50,4H EMA9/26 最近金叉且价格在 EMA50 上方；4H MACD 刚金叉但仍需零轴确认；4H MACD 柱体连续扩张；4H RSI 位于健康强势区间
2026-07-28,2026-07-29,Early,Nasdaq Liquid 500,PDD,PDD Holdings Inc. - American Depositary Shares,,31,24,0.03045153,85.709999,88.320000,4H当日前50,4H EMA 多头排列已连续维持；4H MACD 零轴上方刚金叉；4H MACD 柱体连续扩张；4H RSI 位于健康强势区间
2026-07-28,2026-07-29,Early,Nasdaq Liquid 500,FWONK,Liberty Media Corporation - Series C Liberty Formula One Common Stock,,32,81,0.00681820,101.199997,101.889999,4H当日前50,4H EMA9/26 最近金叉且价格在 EMA50 上方；4H MACD 零轴上方刚金叉；4H MACD 柱体连续扩张；4H RSI 位于健康强势区间
2026-07-28,2026-07-29,Early,Nasdaq Liquid 500,TTAN,SERVICETITAN INC CLASS A,Information Technology,33,86,0.07437176,78.389999,84.220001,4H当日前50,4H EMA9/26 最近金叉且价格在 EMA50 上方；4H MACD 刚金叉但仍需零轴确认；4H MACD 柱体连续扩张；4H RSI 位于健康强势区间
2026-07-28,2026-07-29,Early,Nasdaq Liquid 500,CHEF,CHEFS WAREHOUSE INC,Consumer Staples,34,135,0.05440205,100.180000,105.629997,4H当日前50,4H EMA9/26 最近金叉且价格在 EMA50 上方；4H MACD 刚金叉但仍需零轴确认；4H MACD 柱体连续扩张；4H RSI 位于健康强势区间
2026-07-28,2026-07-29,Early,Nasdaq Liquid 500,NWSA,News Corp (Class A),Communication Services,35,100,0.02271114,28.180000,28.820000,4H当日前50,4H EMA9/26 最近金叉且价格在 EMA50 上方；4H MACD 零轴上方刚金叉；4H MACD 柱体连续扩张；4H RSI 位于健康强势区间
2026-07-28,2026-07-29,Early,Nasdaq Liquid 500,FIVN,FIVE9 INC,Information Technology,36,115,0.00165929,27.120001,27.165001,4H当日前50,4H EMA9/26 最近金叉且价格在 EMA50 上方；4H MACD 零轴上方刚金叉；4H MACD 柱体连续扩张；4H RSI 位于健康强势区间
2026-07-28,2026-07-29,Early,Nasdaq Liquid 500,CG,The Carlyle Group Inc. - Common Stock,,37,205,-0.03808909,46.470001,44.700001,4H当日前50,4H EMA 多头排列已连续维持；4H MACD 零轴上方刚金叉；4H MACD 柱体连续扩张；4H RSI 位于健康强势区间
2026-07-28,2026-07-29,Early,Nasdaq Liquid 500,DASH,DoorDash,Consumer Discretionary,38,80,-0.01017801,195.520004,193.529999,4H当日前50,4H EMA9/26 最近金叉且价格在 EMA50 上方；4H MACD 刚金叉但仍需零轴确认；4H MACD 柱体连续扩张；4H RSI 位于健康强势区间
2026-07-28,2026-07-29,Early,Nasdaq Liquid 500,CDW,CDW Corporation,Information Technology,39,139,0.02700826,144.029999,147.919998,4H当日前50,4H EMA9/26 最近金叉且价格在 EMA50 上方；4H MACD 位于 Signal 上方；4H MACD 柱体连续扩张
2026-07-28,2026-07-29,Early,Nasdaq Liquid 500,NAVN,NAVAN INC CLASS A,Consumer Discretionary,40,79,0.00796960,26.350000,26.559999,4H当日前50,4H EMA9/26 最近金叉且价格在 EMA50 上方；4H MACD 刚金叉但仍需零轴确认；4H MACD 柱体连续扩张；4H RSI 位于健康强势区间
2026-07-28,2026-07-29,Early,Nasdaq Liquid 500,HLNE,Hamilton Lane Incorporated - Class A Common Stock,,41,39,-0.00927162,89.519997,88.690002,4H当日前50,4H EMA 多头排列已连续维持；4H MACD 零轴上方刚金叉；4H MACD 柱体连续扩张；4H RSI 位于健康强势区间
2026-07-28,2026-07-29,Early,Nasdaq Liquid 500,EBAY,eBay Inc.,Consumer Discretionary,42,50,-0.01822206,117.440002,115.300003,4H当日前50,4H EMA9/26 最近金叉且价格在 EMA50 上方；4H MACD 刚金叉但仍需零轴确认；4H MACD 柱体连续扩张；4H RSI 位于健康强势区间
2026-07-28,2026-07-29,Early,Nasdaq Liquid 500,TSCO,Tractor Supply,Consumer Discretionary,43,27,-0.01462171,31.459999,31.000000,4H当日前50,4H MACD 位于 Signal 上方；4H RSI 位于健康强势区间
2026-07-28,2026-07-29,Early,Nasdaq Liquid 500,SLM,SLM Corporation - Common Stock,,44,53,0.01984915,25.190001,25.690001,4H当日前50,4H EMA9/26 最近金叉且价格在 EMA50 上方；4H MACD 柱体连续扩张；4H RSI 位于健康强势区间
2026-07-28,2026-07-29,Early,Nasdaq Liquid 500,REGN,Regeneron Pharmaceuticals,Health Care,45,49,0.00034522,695.179993,695.419983,4H当日前50,4H EMA 多头排列已连续维持；4H MACD 零轴上方刚金叉；4H MACD 柱体连续扩张；4H RSI 位于健康强势区间
2026-07-28,2026-07-29,Early,Nasdaq Liquid 500,PFG,Principal Financial Group,Financials,46,101,-0.00797612,114.089996,113.180000,4H当日前50,4H EMA9/26 最近金叉且价格在 EMA50 上方；4H MACD 刚金叉但仍需零轴确认；4H MACD 柱体连续扩张；4H RSI 位于健康强势区间
2026-07-28,2026-07-29,Early,Nasdaq Liquid 500,LCID,LUCID GROUP INC,Consumer Discretionary,47,59,0.00759494,7.900000,7.960000,4H当日前50,4H EMA 多头排列已连续维持；4H MACD 零轴上方刚金叉；4H MACD 柱体连续扩张；4H RSI 位于健康强势区间
2026-07-28,2026-07-29,Early,Nasdaq Liquid 500,COIN,Coinbase,Financials,48,3,-0.04651577,167.899994,160.089996,4H当日前50,4H MACD 零轴上方刚金叉；4H MACD 柱体连续扩张；4H RSI 位于健康强势区间
2026-07-28,2026-07-29,Early,Nasdaq Liquid 500,CGON,CG ONCOLOGY INC,Health Care,49,301,-0.04819609,72.620003,69.120003,4H当日前50,4H EMA 多头排列已连续维持；4H MACD 零轴上方刚金叉；4H MACD 柱体连续扩张；4H RSI 位于健康强势区间
2026-07-28,2026-07-29,Early,Nasdaq Liquid 500,VRSN,Verisign,Information Technology,50,156,0.03475020,281.149994,290.920013,4H当日前50,4H EMA 多头排列已连续维持；4H MACD 位于 Signal 上方；4H MACD 柱体连续扩张；4H RSI 位于健康强势区间
2026-07-28,2026-07-29,Early,Russell,GRDN,GUARDIAN PHARMACY SERVICES INC CLA,Health Care,1,276,-0.02126640,41.849998,40.959999,4H当日前50,4H EMA9/26 最近金叉且价格在 EMA50 上方；4H MACD 位于 Signal 上方；4H MACD 柱体连续扩张；4H RSI 位于健康强势区间
2026-07-28,2026-07-29,Early,Russell,CFFI,C AND F FINANCIAL CORP,Financials,2,384,0.01509165,83.489998,84.750000,4H当日前50,4H EMA9/26 最近金叉且价格在 EMA50 上方；4H MACD 刚金叉但仍需零轴确认；4H MACD 柱体连续扩张；4H RSI 位于健康强势区间
2026-07-28,2026-07-29,Early,Russell,OPCH,OPTION CARE HEALTH INC,Health Care,3,359,0.06450178,22.480000,23.930000,4H当日前50,4H EMA9/26 最近金叉且价格在 EMA50 上方；4H MACD 零轴上方刚金叉；4H MACD 柱体连续扩张；4H RSI 位于健康强势区间
2026-07-28,2026-07-29,Early,Russell,PIPR,PIPER SANDLER COMPANIES,Financials,4,1284,-0.04782499,77.470001,73.764999,4H当日前50,4H EMA9 已站上 EMA26，等待 26/50 确认；4H MACD 零轴上方刚金叉；4H MACD 柱体连续扩张；4H RSI 位于健康强势区间
2026-07-28,2026-07-29,Early,Russell,GFF,GRIFFON CORP,Industrials,5,1390,-0.06395725,93.500000,87.519997,4H当日前50,4H EMA9/26 最近金叉且价格在 EMA50 上方；4H MACD 位于 Signal 上方；4H MACD 柱体连续扩张；4H RSI 位于健康强势区间
2026-07-28,2026-07-29,Early,Russell,SVV,SAVERS VALUE VILLAGE INC,Consumer Discretionary,6,209,-0.02636719,10.240000,9.970000,4H当日前50,4H EMA9/26 最近金叉且价格在 EMA50 上方；4H MACD 刚金叉但仍需零轴确认；4H MACD 柱体连续扩张；4H RSI 位于健康强势区间
2026-07-28,2026-07-29,Early,Russell,SAM,BOSTON BEER INC CLASS A,Consumer Staples,7,108,0.00792026,185.600006,187.070007,4H当日前50,4H EMA9 已站上 EMA26，等待 26/50 确认；4H MACD 位于 Signal 上方；4H MACD 柱体连续扩张；4H RSI 位于健康强势区间
2026-07-28,2026-07-29,Early,Russell,ASLE,AERSALE CORP,Industrials,8,6,-0.05230769,6.500000,6.160000,4H当日前50,4H EMA9 已站上 EMA26，等待 26/50 确认；4H MACD 位于 Signal 上方；4H MACD 柱体连续扩张；4H RSI 位于健康强势区间
2026-07-28,2026-07-29,Early,Russell,JBLU,JETBLUE AIRWAYS CORP,Industrials,9,151,-0.04666667,6.000000,5.720000,4H当日前50,4H EMA9/26 最近金叉且价格在 EMA50 上方；4H MACD 位于 Signal 上方；4H MACD 柱体连续扩张；4H RSI 位于健康强势区间
2026-07-28,2026-07-29,Early,Russell,UFPT,UFP TECHNOLOGIES INC,Health Care,10,86,-0.01154730,258.070007,255.089996,4H当日前50,4H EMA9/26 最近金叉且价格在 EMA50 上方；4H MACD 位于 Signal 上方；4H MACD 柱体连续扩张；4H RSI 位于健康强势区间
2026-07-28,2026-07-29,Early,Russell,PAR,PAR TECHNOLOGY CORP,Information Technology,11,164,0.01400233,17.139999,17.379999,4H当日前50,4H EMA9/26 最近金叉且价格在 EMA50 上方；4H MACD 刚金叉但仍需零轴确认；4H MACD 柱体连续扩张；4H RSI 位于健康强势区间
2026-07-28,2026-07-29,Early,Russell,ZWS,ZURN ELKAY WATER SOLUTIONS CORP,Industrials,12,764,0.04577753,49.259998,51.514999,4H当日前50,4H EMA9 已站上 EMA26，等待 26/50 确认；4H MACD 位于 Signal 上方；4H MACD 柱体连续扩张；4H RSI 位于健康强势区间
2026-07-28,2026-07-29,Early,Russell,PRM,PERIMETER SOLUTIONS INC,Materials,13,243,-0.00658646,34.919998,34.689999,4H当日前50,4H EMA9/26 最近金叉且价格在 EMA50 上方；4H MACD 刚金叉但仍需零轴确认；4H MACD 柱体连续扩张；4H RSI 位于健康强势区间
2026-07-28,2026-07-29,Early,Russell,ATKR,ATKORE INC,Industrials,14,731,-0.07783738,77.404999,71.379997,4H当日前50,4H EMA9 已站上 EMA26，等待 26/50 确认；4H MACD 位于 Signal 上方；4H MACD 柱体连续扩张；4H RSI 位于健康强势区间
2026-07-28,2026-07-29,Early,Russell,ALH,ALLIANCE LAUNDRY HOLDINGS INC,Industrials,15,239,-0.02944461,26.830000,26.040001,4H当日前50,4H EMA9/26 最近金叉且价格在 EMA50 上方；4H MACD 位于 Signal 上方；4H MACD 柱体连续扩张
2026-07-28,2026-07-29,Early,Russell,CMC,COMMERCIAL METALS,Materials,16,17,-0.03376851,70.480003,68.099998,4H当日前50,4H EMA9 已站上 EMA26，等待 26/50 确认；4H MACD 位于 Signal 上方；4H MACD 柱体连续扩张；4H RSI 位于健康强势区间
2026-07-28,2026-07-29,Early,Russell,EAF,GRAFTECH INTERNATIONAL LTD,Industrials,17,26,-0.07832898,7.660000,7.060000,4H当日前50,4H EMA9 已站上 EMA26，等待 26/50 确认；4H MACD 位于 Signal 上方；4H RSI 位于健康强势区间
2026-07-28,2026-07-29,Early,Russell,CARL,CARLSMED INC,Health Care,18,215,0.03818034,12.310000,12.780000,4H当日前50,4H EMA9/26 最近金叉且价格在 EMA50 上方；4H MACD 刚金叉但仍需零轴确认；4H MACD 柱体连续扩张；4H RSI 位于健康强势区间
2026-07-28,2026-07-29,Early,Russell,EPAC,ENERPAC TOOL GROUP CORP CLASS A,Industrials,19,54,-0.02086248,37.099998,36.326000,4H当日前50,4H EMA9/26 最近金叉且价格在 EMA50 上方；4H MACD 位于 Signal 上方；4H MACD 柱体连续扩张
2026-07-28,2026-07-29,Early,Russell,DOLE,DOLE PLC,Consumer Staples,20,43,0.01510892,14.230000,14.445000,4H当日前50,4H EMA9/26 最近金叉且价格在 EMA50 上方；4H MACD 柱体连续扩张；4H RSI 位于健康强势区间
2026-07-28,2026-07-29,Early,Russell,NLOP,NET LEASE OFFICE PROPERTIES,Real Estate,21,76,-0.02076412,12.040000,11.790000,4H当日前50,4H EMA9/26 最近金叉且价格在 EMA50 上方；4H MACD 零轴上方刚金叉；4H MACD 柱体连续扩张；4H RSI 位于健康强势区间
2026-07-28,2026-07-29,Early,Russell,NRDS,NERDWALLET INC CLASS A,Financials,22,48,0.00313152,9.580000,9.610000,4H当日前50,4H EMA9/26 最近金叉且价格在 EMA50 上方；4H MACD 刚金叉但仍需零轴确认；4H MACD 柱体连续扩张；4H RSI 位于健康强势区间
2026-07-28,2026-07-29,Early,Russell,CVCO,CAVCO INDUSTRIES INC,Consumer Discretionary,23,1064,-0.04046993,589.080017,565.239990,4H当日前50,4H EMA9/26 最近金叉且价格在 EMA50 上方；4H MACD 位于 Signal 上方；4H MACD 柱体连续扩张；4H RSI 位于健康强势区间
2026-07-28,2026-07-29,Early,Russell,ASO,ACADEMY SPORTS AND OUTDOORS INC,Consumer Discretionary,24,96,-0.02677505,50.419998,49.070000,4H当日前50,4H EMA9 已站上 EMA26，等待 26/50 确认；4H MACD 位于 Signal 上方；4H MACD 柱体连续扩张；4H RSI 位于健康强势区间
2026-07-28,2026-07-29,Early,Russell,TMDX,TRANSMEDICS GROUP INC,Health Care,25,115,0.02241446,76.290001,78.000000,4H当日前50,4H EMA9/26 最近金叉且价格在 EMA50 上方；4H MACD 零轴上方刚金叉；4H MACD 柱体连续扩张；4H RSI 位于健康强势区间
2026-07-28,2026-07-29,Early,Russell,DFH,DREAM FINDERS HOMES INC CLASS A,Consumer Discretionary,26,1169,-0.04867529,16.230000,15.440000,4H当日前50,4H EMA9/26 最近金叉且价格在 EMA50 上方；4H MACD 位于 Signal 上方；4H MACD 柱体连续扩张；4H RSI 位于健康强势区间
2026-07-28,2026-07-29,Early,Russell,WS,WORTHINGTON STEEL INC,Materials,27,501,-0.06449919,38.139999,35.680000,4H当日前50,4H EMA9 已站上 EMA26，等待 26/50 确认；4H MACD 位于 Signal 上方；4H MACD 柱体连续扩张
2026-07-28,2026-07-29,Early,Russell,PFSI,PENNYMAC FINANCIAL SERVICES INC,Financials,28,34,0.00233159,85.779999,85.980003,4H当日前50,4H EMA 多头排列已连续维持；4H MACD 零轴上方刚金叉；4H MACD 柱体连续扩张；4H RSI 位于健康强势区间
2026-07-28,2026-07-29,Early,Russell,CWCO,CONSOLIDATED WATER LTD,Utilities,29,11,-0.02578516,30.250000,29.469999,4H当日前50,4H EMA9 已站上 EMA26，等待 26/50 确认；4H MACD 位于 Signal 上方；4H MACD 柱体连续扩张
2026-07-28,2026-07-29,Early,Russell,LMAT,LEMAITRE VASCULAR INC,Health Care,30,179,0.01241444,102.300003,103.570000,4H当日前50,4H EMA9/26 最近金叉且价格在 EMA50 上方；4H MACD 刚金叉但仍需零轴确认；4H MACD 柱体连续扩张；4H RSI 位于健康强势区间
2026-07-28,2026-07-29,Early,Russell,VERX,VERTEX INC CLASS A,Information Technology,31,248,0.00604230,13.240000,13.320000,4H当日前50,4H EMA9/26 最近金叉且价格在 EMA50 上方；4H MACD 刚金叉但仍需零轴确认；4H MACD 柱体连续扩张；4H RSI 位于健康强势区间
2026-07-28,2026-07-29,Early,Russell,JBI,JANUS INTERNATIONAL GROUP INC,Industrials,32,1405,-0.04189944,5.370000,5.145000,4H当日前50,4H EMA 多头排列已连续维持；4H MACD 零轴上方刚金叉；4H MACD 柱体连续扩张；4H RSI 位于健康强势区间
2026-07-28,2026-07-29,Early,Russell,SRBK,SR BANCORP INC,Financials,33,316,-0.01376854,19.610001,19.340000,4H当日前50,4H EMA9/26 最近金叉且价格在 EMA50 上方；4H MACD 零轴上方刚金叉；4H MACD 柱体连续扩张；4H RSI 位于健康强势区间
2026-07-28,2026-07-29,Early,Russell,MNRO,MONRO INC,Consumer Discretionary,34,1657,-0.22936051,17.200001,13.255000,4H当日前50,4H EMA9/26 最近金叉且价格在 EMA50 上方；4H MACD 零轴上方刚金叉；4H MACD 柱体连续扩张；4H RSI 位于健康强势区间
2026-07-28,2026-07-29,Early,Russell,URBN,URBAN OUTFITTERS INC,Consumer Discretionary,35,254,0.00265964,75.199997,75.400002,4H当日前50,4H EMA9/26 最近金叉且价格在 EMA50 上方；4H MACD 零轴上方刚金叉；4H MACD 柱体连续扩张；4H RSI 位于健康强势区间
2026-07-28,2026-07-29,Early,Russell,LRN,STRIDE INC,Consumer Discretionary,36,507,0.02093773,95.760002,97.764999,4H当日前50,4H EMA9/26 最近金叉且价格在 EMA50 上方；4H MACD 位于 Signal 上方；4H MACD 柱体连续扩张；4H RSI 位于健康强势区间
2026-07-28,2026-07-29,Early,Russell,HCI,HCI GROUP INC,Financials,37,177,0.02214661,179.259995,183.229996,4H当日前50,4H EMA9/26 最近金叉且价格在 EMA50 上方；4H MACD 零轴上方刚金叉；4H MACD 柱体连续扩张；4H RSI 位于健康强势区间
2026-07-28,2026-07-29,Early,Russell,CSV,CARRIAGE SERVICES INC,Consumer Discretionary,38,118,-0.00171452,40.830002,40.759998,4H当日前50,4H EMA9 已站上 EMA26，等待 26/50 确认；4H MACD 位于 Signal 上方；4H MACD 柱体连续扩张
2026-07-28,2026-07-29,Early,Russell,VCEL,VERICEL CORP,Health Care,39,174,-0.00192678,46.709999,46.619999,4H当日前50,4H EMA9/26 最近金叉且价格在 EMA50 上方；4H MACD 零轴上方刚金叉；4H MACD 柱体连续扩张；4H RSI 位于健康强势区间
2026-07-28,2026-07-29,Early,Russell,RRR,RED ROCK RESORTS ORS CLASS A INC,Consumer Discretionary,40,163,-0.00786324,66.129997,65.610001,4H当日前50,4H EMA9/26 最近金叉且价格在 EMA50 上方；4H MACD 零轴上方刚金叉；4H MACD 柱体连续扩张；4H RSI 位于健康强势区间
2026-07-28,2026-07-29,Early,Russell,FXNC,FIRST NATIONAL CORP,Financials,41,166,0.03566711,30.280001,31.360001,4H当日前50,4H EMA9/26 最近金叉且价格在 EMA50 上方；4H MACD 位于 Signal 上方；4H MACD 柱体连续扩张；4H RSI 位于健康强势区间
2026-07-28,2026-07-29,Early,Russell,UFPI,UFP INDUSTRIES INC,Industrials,42,208,-0.03625978,91.010002,87.709999,4H当日前50,4H EMA 多头排列已连续维持；4H MACD 位于 Signal 上方；4H MACD 柱体连续扩张；4H RSI 位于健康强势区间
2026-07-28,2026-07-29,Early,Russell,ATMU,ATMUS FILTRATION TECHNOLOGIES INC,Industrials,43,628,-0.07414206,54.490002,50.450001,4H当日前50,4H EMA 多头排列已连续维持；4H MACD 位于 Signal 上方；4H MACD 柱体连续扩张；4H RSI 位于健康强势区间
2026-07-28,2026-07-29,Early,Russell,INDV,INDIVIOR PHARMACEUTICALS INC,Health Care,44,931,-0.02171271,40.990002,40.099998,4H当日前50,4H EMA9/26 最近金叉且价格在 EMA50 上方；4H MACD 零轴上方刚金叉；4H MACD 柱体连续扩张；4H RSI 位于健康强势区间
2026-07-28,2026-07-29,Early,Russell,KRYS,KRYSTAL BIOTECH INC,Health Care,45,449,-0.00260827,364.230011,363.279999,4H当日前50,4H EMA9/26 最近金叉且价格在 EMA50 上方；4H MACD 刚金叉但仍需零轴确认；4H MACD 柱体连续扩张；4H RSI 位于健康强势区间
2026-07-28,2026-07-29,Early,Russell,OGS,ONE GAS INC,Utilities,46,101,-0.01097055,80.669998,79.785004,4H当日前50,4H EMA 多头排列已连续维持；4H MACD 位于 Signal 上方；4H RSI 位于健康强势区间
2026-07-28,2026-07-29,Early,Russell,BVFL,BV FINANCIAL INC,Financials,47,1095,-0.03252984,21.365000,20.670000,4H当日前50,4H EMA9/26 最近金叉且价格在 EMA50 上方；4H MACD 刚金叉但仍需零轴确认；4H MACD 柱体连续扩张；4H RSI 位于健康强势区间
2026-07-28,2026-07-29,Early,Russell,GHC,GRAHAM HOLDINGS COMPANY CLASS B,Consumer Discretionary,48,447,0.01855631,1213.334961,1235.849976,4H当日前50,4H EMA9/26 最近金叉且价格在 EMA50 上方；4H MACD 零轴上方刚金叉；4H MACD 柱体连续扩张；4H RSI 位于健康强势区间
2026-07-28,2026-07-29,Early,Russell,JOUT,JOHNSON OUTDOORS INC CLASS A,Consumer Discretionary,49,39,-0.00733759,47.700001,47.349998,4H当日前50,4H EMA 多头排列已连续维持；4H MACD 位于 Signal 上方；4H MACD 柱体连续扩张；4H RSI 位于健康强势区间
2026-07-28,2026-07-29,Early,Russell,BRCB,BLACK ROCK COFFEE BAR INC CLASS A,Consumer Discretionary,50,426,-0.04642857,8.400000,8.010000,4H当日前50,4H EMA 多头排列已连续维持；4H MACD 位于 Signal 上方；4H MACD 柱体连续扩张；4H RSI 位于健康强势区间
2026-07-28,2026-07-29,Prism,S&P 500,GILD,Gilead Sciences,Health Care,1,45,-0.01183748,134.320007,132.729996,4H当日前50,4H EMA9/26 最近金叉且价格在 EMA50 上方；4H MACD 零轴上方刚金叉；4H MACD 柱体连续扩张；4H RSI 位于健康强势区间
2026-07-28,2026-07-29,Prism,S&P 500,PFE,Pfizer,Health Care,2,67,-0.00395883,25.260000,25.160000,4H当日前50,4H EMA9 已站上 EMA26，等待 26/50 确认；4H MACD 零轴上方刚金叉；4H MACD 柱体连续扩张；4H RSI 位于健康强势区间
2026-07-28,2026-07-29,Prism,S&P 500,OTIS,Otis Worldwide,Industrials,3,87,-0.00346393,73.614998,73.360001,4H当日前50,4H EMA9/26 最近金叉且价格在 EMA50 上方；4H MACD 刚金叉但仍需零轴确认；4H MACD 柱体连续扩张；4H RSI 位于健康强势区间
2026-07-28,2026-07-29,Prism,S&P 500,DXCM,Dexcom,Health Care,4,49,0.00387443,74.849998,75.139999,4H当日前50,4H EMA9/26 最近金叉且价格在 EMA50 上方；4H MACD 刚金叉但仍需零轴确认；4H MACD 柱体连续扩张；4H RSI 位于健康强势区间
2026-07-28,2026-07-29,Prism,S&P 500,IDXX,Idexx Laboratories,Health Care,5,64,0.00040391,569.539978,569.770020,4H当日前50,4H EMA9/26 最近金叉且价格在 EMA50 上方；4H MACD 刚金叉但仍需零轴确认；4H MACD 柱体连续扩张；4H RSI 位于健康强势区间
2026-07-28,2026-07-29,Prism,S&P 500,DLTR,Dollar Tree,Consumer Staples,6,50,0.01727670,126.760002,128.949997,4H当日前50,4H EMA9/26 最近金叉且价格在 EMA50 上方；4H MACD 零轴上方刚金叉；4H MACD 柱体连续扩张；4H RSI 位于健康强势区间
2026-07-28,2026-07-29,Prism,S&P 500,KR,Kroger,Consumer Staples,7,23,0.01140297,59.195000,59.869999,4H当日前50,4H EMA9/26 最近金叉且价格在 EMA50 上方；4H MACD 刚金叉但仍需零轴确认；4H MACD 柱体连续扩张；4H RSI 位于健康强势区间
2026-07-28,2026-07-29,Prism,S&P 500,EL,Estée Lauder Companies (The),Consumer Staples,8,12,-0.00689247,84.730003,84.146004,4H当日前50,4H EMA9/26 最近金叉且价格在 EMA50 上方；4H MACD 刚金叉但仍需零轴确认；4H MACD 柱体连续扩张；4H RSI 位于健康强势区间
2026-07-28,2026-07-29,Prism,S&P 500,GIS,General Mills,Consumer Staples,9,59,0.00716941,37.660000,37.930000,4H当日前50,4H EMA9/26 最近金叉且价格在 EMA50 上方；4H MACD 零轴上方刚金叉；4H MACD 柱体连续扩张；4H RSI 位于健康强势区间
2026-07-28,2026-07-29,Prism,S&P 500,BSX,Boston Scientific,Health Care,10,18,-0.00130091,46.119999,46.060001,4H当日前50,4H EMA9 已站上 EMA26，等待 26/50 确认；4H MACD 位于 Signal 上方；4H MACD 柱体连续扩张；4H RSI 位于健康强势区间
2026-07-28,2026-07-29,Prism,S&P 500,RMD,ResMed,Health Care,11,122,0.02530855,209.020004,214.309998,4H当日前50,4H EMA9/26 最近金叉且价格在 EMA50 上方；4H MACD 位于 Signal 上方；4H MACD 柱体连续扩张；4H RSI 位于健康强势区间
2026-07-28,2026-07-29,Prism,S&P 500,XYL,Xylem Inc.,Industrials,12,129,-0.02295819,125.010002,122.139999,4H当日前50,4H EMA9/26 最近金叉且价格在 EMA50 上方；4H MACD 零轴上方刚金叉；4H MACD 柱体连续扩张；4H RSI 位于健康强势区间
2026-07-28,2026-07-29,Prism,S&P 500,DHR,Danaher Corporation,Health Care,13,71,-0.01256092,199.029999,196.529999,4H当日前50,4H EMA9/26 最近金叉且价格在 EMA50 上方；4H MACD 刚金叉但仍需零轴确认；4H MACD 柱体连续扩张；4H RSI 位于健康强势区间
2026-07-28,2026-07-29,Prism,S&P 500,ERIE,Erie Indemnity,Financials,14,16,0.02524444,242.429993,248.550003,4H当日前50,4H EMA9/26 最近金叉且价格在 EMA50 上方；4H MACD 位于 Signal 上方；4H MACD 柱体连续扩张；4H RSI 位于健康强势区间
2026-07-28,2026-07-29,Prism,S&P 500,IEX,IDEX Corporation,Industrials,15,76,0.02184165,224.800003,229.710007,4H当日前50,4H EMA9/26 最近金叉且价格在 EMA50 上方；4H MACD 零轴上方刚金叉；4H MACD 柱体连续扩张；4H RSI 位于健康强势区间
2026-07-28,2026-07-29,Prism,S&P 500,ORLY,O’Reilly Automotive,Consumer Discretionary,16,116,-0.00592301,91.169998,90.629997,4H当日前50,4H EMA9 已站上 EMA26，等待 26/50 确认；4H MACD 位于 Signal 上方；4H MACD 柱体连续扩张；4H RSI 位于健康强势区间
2026-07-28,2026-07-29,Prism,S&P 500,CRM,Salesforce,Information Technology,17,223,0.03837578,181.494995,188.460007,4H当日前50,4H EMA9/26 最近金叉且价格在 EMA50 上方；4H MACD 零轴上方刚金叉；4H MACD 柱体连续扩张；4H RSI 位于健康强势区间
2026-07-28,2026-07-29,Prism,S&P 500,TTWO,Take-Two Interactive,Communication Services,18,192,-0.00480576,247.619995,246.429993,4H当日前50,4H EMA9/26 最近金叉且价格在 EMA50 上方；4H MACD 刚金叉但仍需零轴确认；4H MACD 柱体连续扩张；4H RSI 位于健康强势区间
2026-07-28,2026-07-29,Prism,S&P 500,PEP,PepsiCo,Consumer Staples,19,10,0.00447990,142.860001,143.500000,4H当日前50,4H EMA9/26 最近金叉且价格在 EMA50 上方；4H MACD 位于 Signal 上方；4H MACD 柱体连续扩张；4H RSI 位于健康强势区间
2026-07-28,2026-07-29,Prism,S&P 500,CL,Colgate-Palmolive,Consumer Staples,20,89,0.00830551,92.709999,93.480003,4H当日前50,4H EMA9/26 最近金叉且价格在 EMA50 上方；4H MACD 刚金叉但仍需零轴确认；4H MACD 柱体连续扩张；4H RSI 位于健康强势区间
2026-07-28,2026-07-29,Prism,S&P 500,IFF,International Flavors & Fragrances,Materials,21,24,0.00504797,79.239998,79.639999,4H当日前50,4H EMA9/26 最近金叉且价格在 EMA50 上方；4H MACD 刚金叉但仍需零轴确认；4H MACD 柱体连续扩张；4H RSI 位于健康强势区间
2026-07-28,2026-07-29,Prism,S&P 500,APO,Apollo Global Management,Financials,22,25,-0.03975314,124.769997,119.809998,4H当日前50,4H EMA9 已站上 EMA26，等待 26/50 确认；4H MACD 位于 Signal 上方；4H MACD 柱体连续扩张；4H RSI 位于健康强势区间
2026-07-28,2026-07-29,Prism,S&P 500,LULU,Lululemon Athletica,Consumer Discretionary,23,17,-0.01072142,120.320000,119.029999,4H当日前50,4H EMA9/26 最近金叉且价格在 EMA50 上方；4H MACD 刚金叉但仍需零轴确认；4H MACD 柱体连续扩张；4H RSI 位于健康强势区间
2026-07-28,2026-07-29,Prism,S&P 500,DIS,Walt Disney Company (The),Communication Services,24,21,-0.00444852,98.910004,98.470001,4H当日前50,4H EMA9/26 最近金叉且价格在 EMA50 上方；4H MACD 刚金叉但仍需零轴确认；4H MACD 柱体连续扩张；4H RSI 位于健康强势区间
2026-07-28,2026-07-29,Prism,S&P 500,PTC,PTC Inc.,Information Technology,25,34,0.03882052,127.510002,132.460007,4H当日前50,4H EMA9/26 最近金叉且价格在 EMA50 上方；4H MACD 刚金叉但仍需零轴确认；4H MACD 柱体连续扩张；4H RSI 位于健康强势区间
2026-07-28,2026-07-29,Prism,S&P 500,COST,Costco,Consumer Staples,26,20,0.00770760,966.580017,974.030029,4H当日前50,4H EMA9 已站上 EMA26，等待 26/50 确认；4H MACD 位于 Signal 上方；4H MACD 柱体连续扩张；4H RSI 位于健康强势区间
2026-07-28,2026-07-29,Prism,S&P 500,COO,Cooper Companies (The),Health Care,27,93,0.01387732,72.059998,73.059998,4H当日前50,4H EMA9/26 最近金叉且价格在 EMA50 上方；4H MACD 零轴上方刚金叉；4H MACD 柱体连续扩张；4H RSI 位于健康强势区间
2026-07-28,2026-07-29,Prism,S&P 500,PFG,Principal Financial Group,Financials,28,158,-0.00797612,114.089996,113.180000,4H当日前50,4H EMA9/26 最近金叉且价格在 EMA50 上方；4H MACD 刚金叉但仍需零轴确认；4H MACD 柱体连续扩张；4H RSI 位于健康强势区间
2026-07-28,2026-07-29,Prism,S&P 500,EQT,EQT Corporation,Energy,29,8,0.01810255,51.650002,52.584999,4H当日前50,4H EMA9 已站上 EMA26，等待 26/50 确认；4H MACD 位于 Signal 上方；4H RSI 位于健康强势区间
2026-07-28,2026-07-29,Prism,S&P 500,PG,Procter & Gamble,Consumer Staples,30,379,-0.01756691,148.763306,146.149994,4H当日前50,4H EMA9/26 最近金叉且价格在 EMA50 上方；4H MACD 刚金叉但仍需零轴确认；4H RSI 位于健康强势区间
2026-07-28,2026-07-29,Prism,S&P 500,ZTS,Zoetis,Health Care,31,3,0.00567745,77.500000,77.940002,4H当日前50,4H EMA9 已站上 EMA26，等待 26/50 确认；4H MACD 位于 Signal 上方；4H MACD 柱体连续扩张；4H RSI 位于健康强势区间
2026-07-28,2026-07-29,Prism,S&P 500,TYL,Tyler Technologies,Information Technology,32,139,0.00153000,333.320007,333.829987,4H当日前50,4H EMA9/26 最近金叉且价格在 EMA50 上方；4H MACD 位于 Signal 上方；4H MACD 柱体连续扩张；4H RSI 位于健康强势区间
2026-07-28,2026-07-29,Prism,S&P 500,NOW,ServiceNow,Information Technology,33,233,0.04679860,110.623001,115.800003,4H当日前50,4H EMA9/26 最近金叉且价格在 EMA50 上方；4H MACD 刚金叉但仍需零轴确认；4H MACD 柱体连续扩张；4H RSI 位于健康强势区间
2026-07-28,2026-07-29,Prism,S&P 500,NWSA,News Corp (Class A),Communication Services,34,160,0.02271114,28.180000,28.820000,4H当日前50,4H EMA9/26 最近金叉且价格在 EMA50 上方；4H MACD 零轴上方刚金叉；4H MACD 柱体连续扩张；4H RSI 位于健康强势区间
2026-07-28,2026-07-29,Prism,S&P 500,HSY,Hershey Company (The),Consumer Staples,35,186,0.00354421,183.399994,184.050003,4H当日前50,4H EMA9 已站上 EMA26，等待 26/50 确认；4H MACD 位于 Signal 上方；4H MACD 柱体连续扩张
2026-07-28,2026-07-29,Prism,S&P 500,MAR,Marriott International,Consumer Discretionary,36,19,-0.00625781,383.519989,381.119995,4H当日前50,4H EMA9 已站上 EMA26，等待 26/50 确认；4H MACD 位于 Signal 上方；4H RSI 位于健康强势区间
2026-07-28,2026-07-29,Prism,S&P 500,CSGP,CoStar Group,Real Estate,37,51,-0.01648533,30.330000,29.830000,4H当日前50,4H EMA9/26 最近金叉且价格在 EMA50 上方；4H MACD 位于 Signal 上方；4H MACD 柱体连续扩张；4H RSI 位于健康强势区间
2026-07-28,2026-07-29,Prism,S&P 500,TJX,TJX Companies,Consumer Discretionary,38,184,0.00516097,160.820007,161.649994,4H当日前50,4H EMA9 已站上 EMA26，等待 26/50 确认；4H MACD 位于 Signal 上方；4H MACD 柱体连续扩张
2026-07-28,2026-07-29,Prism,S&P 500,BKR,Baker Hughes,Energy,39,36,0.00444752,58.459999,58.720001,4H当日前50,4H EMA9 已站上 EMA26，等待 26/50 确认；4H MACD 位于 Signal 上方；4H RSI 位于健康强势区间
2026-07-28,2026-07-29,Prism,S&P 500,ABNB,Airbnb,Consumer Discretionary,40,131,-0.00065316,153.110001,153.009995,4H当日前50,4H EMA9/26 最近金叉且价格在 EMA50 上方；4H MACD 刚金叉但仍需零轴确认；4H MACD 柱体连续扩张；4H RSI 位于健康强势区间
2026-07-28,2026-07-29,Prism,S&P 500,GRMN,Garmin,Consumer Discretionary,41,331,0.16191188,253.779999,294.869995,4H当日前50,4H EMA9/26 最近金叉且价格在 EMA50 上方；4H MACD 零轴上方刚金叉；4H MACD 柱体连续扩张；4H RSI 位于健康强势区间
2026-07-28,2026-07-29,Prism,S&P 500,DD,DuPont,Materials,42,31,-0.01903675,140.779999,138.100006,4H当日前50,4H EMA9 已站上 EMA26，等待 26/50 确认；4H MACD 位于 Signal 上方；4H MACD 柱体连续扩张；4H RSI 位于健康强势区间
2026-07-28,2026-07-29,Prism,S&P 500,LVS,Las Vegas Sands,Consumer Discretionary,43,41,0.00684224,48.230000,48.560001,4H当日前50,4H EMA9 已站上 EMA26，等待 26/50 确认；4H MACD 位于 Signal 上方；4H MACD 柱体连续扩张；4H RSI 位于健康强势区间
2026-07-28,2026-07-29,Prism,S&P 500,EBAY,eBay Inc.,Consumer Discretionary,44,73,-0.01822206,117.440002,115.300003,4H当日前50,4H EMA9/26 最近金叉且价格在 EMA50 上方；4H MACD 刚金叉但仍需零轴确认；4H MACD 柱体连续扩张；4H RSI 位于健康强势区间
2026-07-28,2026-07-29,Prism,S&P 500,CPRT,Copart,Industrials,45,85,0.00423587,30.690001,30.820000,4H当日前50,4H EMA9/26 最近金叉且价格在 EMA50 上方；4H MACD 位于 Signal 上方；4H MACD 柱体连续扩张
2026-07-28,2026-07-29,Prism,S&P 500,WYNN,Wynn Resorts,Consumer Discretionary,46,27,-0.00010094,99.019997,99.010002,4H当日前50,4H EMA9/26 最近金叉且价格在 EMA50 上方；4H MACD 位于 Signal 上方；4H RSI 位于健康强势区间
2026-07-28,2026-07-29,Prism,S&P 500,CSCO,Cisco,Information Technology,47,389,-0.02682124,115.580002,112.480003,4H当日前50,4H EMA9/26 最近金叉且价格在 EMA50 上方；4H MACD 位于 Signal 上方；4H MACD 柱体连续扩张；4H RSI 位于健康强势区间
2026-07-28,2026-07-29,Prism,S&P 500,DASH,DoorDash,Consumer Discretionary,48,115,-0.01017801,195.520004,193.529999,4H当日前50,4H EMA9/26 最近金叉且价格在 EMA50 上方；4H MACD 刚金叉但仍需零轴确认；4H MACD 柱体连续扩张；4H RSI 位于健康强势区间
2026-07-28,2026-07-29,Prism,S&P 500,AVY,Avery Dennison,Materials,49,119,-0.01110711,169.259995,167.380005,4H当日前50,4H EMA9/26 最近金叉且价格在 EMA50 上方；4H MACD 位于 Signal 上方；4H MACD 柱体连续扩张
2026-07-28,2026-07-29,Prism,S&P 500,NWS,News Corp (Class B),Communication Services,50,152,0.02609242,31.809999,32.639999,4H当日前50,4H EMA9/26 最近金叉且价格在 EMA50 上方；4H MACD 零轴上方刚金叉；4H MACD 柱体连续扩张；4H RSI 位于健康强势区间
2026-07-28,2026-07-29,Prism,Nasdaq 200,DLTR,Dollar Tree,Consumer Staples,1,32,0.01727670,126.760002,128.949997,4H当日前50,4H EMA9/26 最近金叉且价格在 EMA50 上方；4H MACD 零轴上方刚金叉；4H MACD 柱体连续扩张；4H RSI 位于健康强势区间
2026-07-28,2026-07-29,Prism,Nasdaq 200,GILD,Gilead Sciences,Health Care,2,28,-0.01183748,134.320007,132.729996,4H当日前50,4H EMA9/26 最近金叉且价格在 EMA50 上方；4H MACD 零轴上方刚金叉；4H MACD 柱体连续扩张；4H RSI 位于健康强势区间
2026-07-28,2026-07-29,Prism,Nasdaq 200,IDXX,Idexx Laboratories,Health Care,3,36,0.00040391,569.539978,569.770020,4H当日前50,4H EMA9/26 最近金叉且价格在 EMA50 上方；4H MACD 刚金叉但仍需零轴确认；4H MACD 柱体连续扩张；4H RSI 位于健康强势区间
2026-07-28,2026-07-29,Prism,Nasdaq 200,PEP,PepsiCo,Consumer Staples,4,7,0.00447990,142.860001,143.500000,4H当日前50,4H EMA9/26 最近金叉且价格在 EMA50 上方；4H MACD 位于 Signal 上方；4H MACD 柱体连续扩张；4H RSI 位于健康强势区间
2026-07-28,2026-07-29,Prism,Nasdaq 200,DXCM,Dexcom,Health Care,5,30,0.00387443,74.849998,75.139999,4H当日前50,4H EMA9/26 最近金叉且价格在 EMA50 上方；4H MACD 刚金叉但仍需零轴确认；4H MACD 柱体连续扩张；4H RSI 位于健康强势区间
2026-07-28,2026-07-29,Prism,Nasdaq 200,COST,Costco,Consumer Staples,6,19,0.00770760,966.580017,974.030029,4H当日前50,4H EMA9 已站上 EMA26，等待 26/50 确认；4H MACD 位于 Signal 上方；4H MACD 柱体连续扩张；4H RSI 位于健康强势区间
2026-07-28,2026-07-29,Prism,Nasdaq 200,COO,Cooper Companies (The),Health Care,7,33,0.01387732,72.059998,73.059998,4H当日前50,4H EMA9/26 最近金叉且价格在 EMA50 上方；4H MACD 零轴上方刚金叉；4H MACD 柱体连续扩张；4H RSI 位于健康强势区间
2026-07-28,2026-07-29,Prism,Nasdaq 200,LULU,Lululemon Athletica,Consumer Discretionary,8,22,-0.01072142,120.320000,119.029999,4H当日前50,4H EMA9/26 最近金叉且价格在 EMA50 上方；4H MACD 刚金叉但仍需零轴确认；4H MACD 柱体连续扩张；4H RSI 位于健康强势区间
2026-07-28,2026-07-29,Prism,Nasdaq 200,BKR,Baker Hughes,Energy,9,11,0.00444752,58.459999,58.720001,4H当日前50,4H EMA9 已站上 EMA26，等待 26/50 确认；4H MACD 位于 Signal 上方；4H RSI 位于健康强势区间
2026-07-28,2026-07-29,Prism,Nasdaq 200,EBAY,eBay Inc.,Consumer Discretionary,10,39,-0.01822206,117.440002,115.300003,4H当日前50,4H EMA9/26 最近金叉且价格在 EMA50 上方；4H MACD 刚金叉但仍需零轴确认；4H MACD 柱体连续扩张；4H RSI 位于健康强势区间
2026-07-28,2026-07-29,Prism,Nasdaq 200,TTWO,Take-Two Interactive,Communication Services,11,43,-0.00480576,247.619995,246.429993,4H当日前50,4H EMA9/26 最近金叉且价格在 EMA50 上方；4H MACD 刚金叉但仍需零轴确认；4H MACD 柱体连续扩张；4H RSI 位于健康强势区间
2026-07-28,2026-07-29,Prism,Nasdaq 200,ORLY,O’Reilly Automotive,Consumer Discretionary,12,47,-0.00592301,91.169998,90.629997,4H当日前50,4H EMA9 已站上 EMA26，等待 26/50 确认；4H MACD 位于 Signal 上方；4H MACD 柱体连续扩张；4H RSI 位于健康强势区间
2026-07-28,2026-07-29,Prism,Nasdaq 200,LECO,"Lincoln Electric Holdings, Inc. - Common Shares",,13,13,-0.03464924,267.250000,257.989990,4H当日前50,4H EMA9/26 最近金叉且价格在 EMA50 上方；4H MACD 位于 Signal 上方；4H MACD 柱体连续扩张；4H RSI 位于健康强势区间
2026-07-28,2026-07-29,Prism,Nasdaq 200,NWS,News Corp (Class B),Communication Services,14,51,0.02609242,31.809999,32.639999,4H当日前50,4H EMA9/26 最近金叉且价格在 EMA50 上方；4H MACD 零轴上方刚金叉；4H MACD 柱体连续扩张；4H RSI 位于健康强势区间
2026-07-28,2026-07-29,Prism,Nasdaq 200,MDLN,Medline Inc. - Class A common stock,,15,42,-0.00962723,40.509998,40.119999,4H当日前50,4H EMA9/26 最近金叉且价格在 EMA50 上方；4H MACD 位于 Signal 上方；4H MACD 柱体连续扩张；4H RSI 位于健康强势区间
2026-07-28,2026-07-29,Prism,Nasdaq 200,WYNN,Wynn Resorts,Consumer Discretionary,16,14,-0.00010094,99.019997,99.010002,4H当日前50,4H EMA9/26 最近金叉且价格在 EMA50 上方；4H MACD 位于 Signal 上方；4H RSI 位于健康强势区间
2026-07-28,2026-07-29,Prism,Nasdaq 200,CSCO,Cisco,Information Technology,17,128,-0.02682124,115.580002,112.480003,4H当日前50,4H EMA9/26 最近金叉且价格在 EMA50 上方；4H MACD 位于 Signal 上方；4H MACD 柱体连续扩张；4H RSI 位于健康强势区间
2026-07-28,2026-07-29,Prism,Nasdaq 200,MAR,Marriott International,Consumer Discretionary,18,16,-0.00625781,383.519989,381.119995,4H当日前50,4H EMA9 已站上 EMA26，等待 26/50 确认；4H MACD 位于 Signal 上方；4H RSI 位于健康强势区间
2026-07-28,2026-07-29,Prism,Nasdaq 200,PTC,PTC Inc.,Information Technology,19,23,0.03882052,127.510002,132.460007,4H当日前50,4H EMA9/26 最近金叉且价格在 EMA50 上方；4H MACD 刚金叉但仍需零轴确认；4H MACD 柱体连续扩张；4H RSI 位于健康强势区间
2026-07-28,2026-07-29,Prism,Nasdaq 200,NWSA,News Corp (Class A),Communication Services,20,52,0.02271114,28.180000,28.820000,4H当日前50,4H EMA9/26 最近金叉且价格在 EMA50 上方；4H MACD 零轴上方刚金叉；4H MACD 柱体连续扩张；4H RSI 位于健康强势区间
2026-07-28,2026-07-29,Prism,Nasdaq 200,MSFT,Microsoft,Information Technology,21,5,-0.00714376,393.350006,390.540009,4H当日前50,4H EMA9/26 最近金叉且价格在 EMA50 上方；4H MACD 柱体连续扩张；4H RSI 位于健康强势区间
2026-07-28,2026-07-29,Prism,Nasdaq 200,HTHT,H World Group Limited - American Depositary Shares,,22,17,0.00933494,42.849998,43.250000,4H当日前50,4H EMA9/26 最近金叉且价格在 EMA50 上方；4H MACD 位于 Signal 上方；4H MACD 柱体连续扩张；4H RSI 位于健康强势区间
2026-07-28,2026-07-29,Prism,Nasdaq 200,ZM,"Zoom Communications, Inc. - Class A Common Stock",,23,27,0.01016617,91.480003,92.410004,4H当日前50,4H EMA9/26 最近金叉且价格在 EMA50 上方；4H MACD 刚金叉但仍需零轴确认；4H MACD 柱体连续扩张；4H RSI 位于健康强势区间
2026-07-28,2026-07-29,Prism,Nasdaq 200,SHOP,Shopify Inc. - Class A Subordinate Voting Shares,,24,73,-0.00852012,130.279999,129.169998,4H当日前50,4H EMA9/26 最近金叉且价格在 EMA50 上方；4H MACD 零轴上方刚金叉；4H MACD 柱体连续扩张；4H RSI 位于健康强势区间
2026-07-28,2026-07-29,Prism,Nasdaq 200,ABNB,Airbnb,Consumer Discretionary,25,63,-0.00065316,153.110001,153.009995,4H当日前50,4H EMA9/26 最近金叉且价格在 EMA50 上方；4H MACD 刚金叉但仍需零轴确认；4H MACD 柱体连续扩张；4H RSI 位于健康强势区间
2026-07-28,2026-07-29,Prism,Nasdaq 200,FWONK,Liberty Media Corporation - Series C Liberty Formula One Common Stock,,26,62,0.00681820,101.199997,101.889999,4H当日前50,4H EMA9/26 最近金叉且价格在 EMA50 上方；4H MACD 零轴上方刚金叉；4H MACD 柱体连续扩张；4H RSI 位于健康强势区间
2026-07-28,2026-07-29,Prism,Nasdaq 200,FOX,Fox Corporation (Class B),Communication Services,27,96,0.02130542,51.630001,52.730000,4H当日前50,4H EMA9 已站上 EMA26，等待 26/50 确认；4H MACD 零轴上方刚金叉；4H MACD 柱体连续扩张；4H RSI 位于健康强势区间
2026-07-28,2026-07-29,Prism,Nasdaq 200,DASH,DoorDash,Consumer Discretionary,28,54,-0.01017801,195.520004,193.529999,4H当日前50,4H EMA9/26 最近金叉且价格在 EMA50 上方；4H MACD 刚金叉但仍需零轴确认；4H MACD 柱体连续扩张；4H RSI 位于健康强势区间
2026-07-28,2026-07-29,Prism,Nasdaq 200,FWONA,Liberty Media Corporation - Series A Liberty Formula One Common Stock,,29,57,0.00645854,92.900002,93.500000,4H当日前50,4H EMA9/26 最近金叉且价格在 EMA50 上方；4H MACD 零轴上方刚金叉；4H MACD 柱体连续扩张；4H RSI 位于健康强势区间
2026-07-28,2026-07-29,Prism,Nasdaq 200,CHKP,Check Point Software Technologies Ltd. - Ordinary Shares,,30,80,0.01474861,137.639999,139.669998,4H当日前50,4H EMA9/26 最近金叉且价格在 EMA50 上方；4H MACD 刚金叉但仍需零轴确认；4H MACD 柱体连续扩张；4H RSI 位于健康强势区间
2026-07-28,2026-07-29,Prism,Nasdaq 200,FOXA,Fox Corporation (Class A),Communication Services,31,81,0.02130977,57.720001,58.950001,4H当日前50,4H EMA9 已站上 EMA26，等待 26/50 确认；4H MACD 零轴上方刚金叉；4H MACD 柱体连续扩张；4H RSI 位于健康强势区间
2026-07-28,2026-07-29,Prism,Nasdaq 200,Z,"Zillow Group, Inc. - Class C Capital Stock",,32,26,0.00965111,33.674999,34.000000,4H当日前50,4H EMA9/26 最近金叉且价格在 EMA50 上方；4H MACD 刚金叉但仍需零轴确认；4H MACD 柱体连续扩张；4H RSI 位于健康强势区间
2026-07-28,2026-07-29,Prism,Nasdaq 200,CPRT,Copart,Industrials,33,35,0.00423587,30.690001,30.820000,4H当日前50,4H EMA9/26 最近金叉且价格在 EMA50 上方；4H MACD 位于 Signal 上方；4H MACD 柱体连续扩张
2026-07-28,2026-07-29,Prism,Nasdaq 200,ZG,"Zillow Group, Inc. - Class A Common Stock",,34,24,0.01508426,33.810001,34.320000,4H当日前50,4H EMA9/26 最近金叉且价格在 EMA50 上方；4H MACD 刚金叉但仍需零轴确认；4H MACD 柱体连续扩张；4H RSI 位于健康强势区间
2026-07-28,2026-07-29,Prism,Nasdaq 200,PODD,Insulet Corporation,Health Care,35,38,0.01880930,167.470001,170.619995,4H当日前50,4H EMA 多头排列已连续维持；4H MACD 零轴上方刚金叉；4H MACD 柱体连续扩张；4H RSI 位于健康强势区间
2026-07-28,2026-07-29,Prism,Nasdaq 200,TCOM,Trip.com Group Limited - American Depositary Shares,,36,104,0.01522840,45.310001,46.000000,4H当日前50,4H EMA9 已站上 EMA26，等待 26/50 确认；4H MACD 位于 Signal 上方；4H MACD 柱体连续扩张；4H RSI 位于健康强势区间
2026-07-28,2026-07-29,Prism,Nasdaq 200,FAST,Fastenal,Industrials,37,29,-0.00665279,48.099998,47.779999,4H当日前50,4H EMA 多头排列已连续维持；4H MACD 位于 Signal 上方；4H MACD 柱体连续扩张；4H RSI 位于健康强势区间
2026-07-28,2026-07-29,Prism,Nasdaq 200,EXC,Exelon,Utilities,38,40,-0.00591845,47.310001,47.029999,4H当日前50,4H EMA 多头排列已连续维持；4H MACD 位于 Signal 上方；4H RSI 位于健康强势区间
2026-07-28,2026-07-29,Prism,Nasdaq 200,EXE,Expand Energy,Energy,39,45,0.04450974,88.519997,92.459999,4H当日前50,4H EMA9 已站上 EMA26，等待 26/50 确认
2026-07-28,2026-07-29,Prism,Nasdaq 200,AVAV,"AeroVironment, Inc. - Common Stock",,40,145,-0.09101382,156.350006,142.119995,4H当日前50,4H EMA9 已站上 EMA26，等待 26/50 确认；4H MACD 位于 Signal 上方；4H RSI 位于健康强势区间
2026-07-28,2026-07-29,Prism,Nasdaq 200,CDW,CDW Corporation,Information Technology,41,75,0.02700826,144.029999,147.919998,4H当日前50,4H EMA9/26 最近金叉且价格在 EMA50 上方；4H MACD 位于 Signal 上方；4H MACD 柱体连续扩张
2026-07-28,2026-07-29,Prism,Nasdaq 200,RGLD,"Royal Gold, Inc. - Common Stock",,42,21,-0.00346660,196.160004,195.479996,4H当日前50,4H EMA9 已站上 EMA26，等待 26/50 确认；4H MACD 位于 Signal 上方
2026-07-28,2026-07-29,Prism,Nasdaq 200,REGN,Regeneron Pharmaceuticals,Health Care,43,37,0.00034522,695.179993,695.419983,4H当日前50,4H EMA 多头排列已连续维持；4H MACD 零轴上方刚金叉；4H MACD 柱体连续扩张；4H RSI 位于健康强势区间
2026-07-28,2026-07-29,Prism,Nasdaq 200,ULTA,Ulta Beauty,Consumer Discretionary,44,66,0.01310019,501.519989,508.089996,4H当日前50,4H EMA 多头排列已连续维持；4H MACD 零轴上方刚金叉；4H MACD 柱体连续扩张
2026-07-28,2026-07-29,Prism,Nasdaq 200,KMB,Kimberly-Clark,Consumer Staples,45,34,0.00106113,113.089996,113.209999,4H当日前50,4H EMA 多头排列已连续维持；4H MACD 位于 Signal 上方；4H MACD 柱体连续扩张；4H RSI 位于健康强势区间
2026-07-28,2026-07-29,Prism,Nasdaq 200,SMCI,Supermicro,Information Technology,46,154,-0.09666081,28.450001,25.700001,4H当日前50,4H EMA9 已站上 EMA26，等待 26/50 确认；4H MACD 位于 Signal 上方；4H RSI 位于健康强势区间
2026-07-28,2026-07-29,Prism,Nasdaq 200,VRTX,Vertex Pharmaceuticals,Health Care,47,8,-0.01439676,490.390015,483.329987,4H当日前50,4H MACD 刚金叉但仍需零轴确认；4H MACD 柱体连续扩张；4H RSI 位于健康强势区间
2026-07-28,2026-07-29,Prism,Nasdaq 200,GEHC,GE HealthCare,Health Care,48,31,0.12150992,64.110001,71.900002,4H当日前50,4H MACD 刚金叉但仍需零轴确认；4H MACD 柱体连续扩张；4H RSI 位于健康强势区间
2026-07-28,2026-07-29,Prism,Nasdaq 200,GEN,Gen Digital,Information Technology,49,41,0.00181287,27.580000,27.629999,4H当日前50,4H EMA 多头排列已连续维持；4H MACD 零轴上方刚金叉；4H MACD 柱体连续扩张；4H RSI 位于健康强势区间
2026-07-28,2026-07-29,Prism,Nasdaq 200,MNST,Monster Beverage,Consumer Staples,50,4,-0.00521787,97.739998,97.230003,4H当日前50,4H MACD 刚金叉但仍需零轴确认；4H MACD 柱体连续扩张；4H RSI 位于健康强势区间
2026-07-28,2026-07-29,Prism,Nasdaq Liquid 500,GILD,Gilead Sciences,Health Care,1,43,-0.01183748,134.320007,132.729996,4H当日前50,4H EMA9/26 最近金叉且价格在 EMA50 上方；4H MACD 零轴上方刚金叉；4H MACD 柱体连续扩张；4H RSI 位于健康强势区间
2026-07-28,2026-07-29,Prism,Nasdaq Liquid 500,DLTR,Dollar Tree,Consumer Staples,2,52,0.01727670,126.760002,128.949997,4H当日前50,4H EMA9/26 最近金叉且价格在 EMA50 上方；4H MACD 零轴上方刚金叉；4H MACD 柱体连续扩张；4H RSI 位于健康强势区间
2026-07-28,2026-07-29,Prism,Nasdaq Liquid 500,COO,Cooper Companies (The),Health Care,3,46,0.01387732,72.059998,73.059998,4H当日前50,4H EMA9/26 最近金叉且价格在 EMA50 上方；4H MACD 零轴上方刚金叉；4H MACD 柱体连续扩张；4H RSI 位于健康强势区间
2026-07-28,2026-07-29,Prism,Nasdaq Liquid 500,IDXX,Idexx Laboratories,Health Care,4,56,0.00040391,569.539978,569.770020,4H当日前50,4H EMA9/26 最近金叉且价格在 EMA50 上方；4H MACD 刚金叉但仍需零轴确认；4H MACD 柱体连续扩张；4H RSI 位于健康强势区间
2026-07-28,2026-07-29,Prism,Nasdaq Liquid 500,DXCM,Dexcom,Health Care,5,47,0.00387443,74.849998,75.139999,4H当日前50,4H EMA9/26 最近金叉且价格在 EMA50 上方；4H MACD 刚金叉但仍需零轴确认；4H MACD 柱体连续扩张；4H RSI 位于健康强势区间
2026-07-28,2026-07-29,Prism,Nasdaq Liquid 500,URBN,URBAN OUTFITTERS INC,Consumer Discretionary,6,96,0.00265964,75.199997,75.400002,4H当日前50,4H EMA9/26 最近金叉且价格在 EMA50 上方；4H MACD 零轴上方刚金叉；4H MACD 柱体连续扩张；4H RSI 位于健康强势区间
2026-07-28,2026-07-29,Prism,Nasdaq Liquid 500,INDV,INDIVIOR PHARMACEUTICALS INC,Health Care,7,227,-0.02171271,40.990002,40.099998,4H当日前50,4H EMA9/26 最近金叉且价格在 EMA50 上方；4H MACD 零轴上方刚金叉；4H MACD 柱体连续扩张；4H RSI 位于健康强势区间
2026-07-28,2026-07-29,Prism,Nasdaq Liquid 500,CSCO,Cisco,Information Technology,8,276,-0.02682124,115.580002,112.480003,4H当日前50,4H EMA9/26 最近金叉且价格在 EMA50 上方；4H MACD 位于 Signal 上方；4H MACD 柱体连续扩张；4H RSI 位于健康强势区间
2026-07-28,2026-07-29,Prism,Nasdaq Liquid 500,LULU,Lululemon Athletica,Consumer Discretionary,9,29,-0.01072142,120.320000,119.029999,4H当日前50,4H EMA9/26 最近金叉且价格在 EMA50 上方；4H MACD 刚金叉但仍需零轴确认；4H MACD 柱体连续扩张；4H RSI 位于健康强势区间
2026-07-28,2026-07-29,Prism,Nasdaq Liquid 500,WYNN,Wynn Resorts,Consumer Discretionary,10,18,-0.00010094,99.019997,99.010002,4H当日前50,4H EMA9/26 最近金叉且价格在 EMA50 上方；4H MACD 位于 Signal 上方；4H RSI 位于健康强势区间
2026-07-28,2026-07-29,Prism,Nasdaq Liquid 500,CSGP,CoStar Group,Real Estate,11,11,-0.01648533,30.330000,29.830000,4H当日前50,4H EMA9/26 最近金叉且价格在 EMA50 上方；4H MACD 位于 Signal 上方；4H MACD 柱体连续扩张；4H RSI 位于健康强势区间
2026-07-28,2026-07-29,Prism,Nasdaq Liquid 500,PEP,PepsiCo,Consumer Staples,12,30,0.00447990,142.860001,143.500000,4H当日前50,4H EMA9/26 最近金叉且价格在 EMA50 上方；4H MACD 位于 Signal 上方；4H MACD 柱体连续扩张；4H RSI 位于健康强势区间
2026-07-28,2026-07-29,Prism,Nasdaq Liquid 500,MTCH,"Match Group, Inc. - Common Stock",,13,51,0.00305507,39.279999,39.400002,4H当日前50,4H EMA9/26 最近金叉且价格在 EMA50 上方；4H MACD 零轴上方刚金叉；4H MACD 柱体连续扩张；4H RSI 位于健康强势区间
2026-07-28,2026-07-29,Prism,Nasdaq Liquid 500,COST,Costco,Consumer Staples,14,37,0.00770760,966.580017,974.030029,4H当日前50,4H EMA9 已站上 EMA26，等待 26/50 确认；4H MACD 位于 Signal 上方；4H MACD 柱体连续扩张；4H RSI 位于健康强势区间
2026-07-28,2026-07-29,Prism,Nasdaq Liquid 500,TTWO,Take-Two Interactive,Communication Services,15,48,-0.00480576,247.619995,246.429993,4H当日前50,4H EMA9/26 最近金叉且价格在 EMA50 上方；4H MACD 刚金叉但仍需零轴确认；4H MACD 柱体连续扩张；4H RSI 位于健康强势区间
2026-07-28,2026-07-29,Prism,Nasdaq Liquid 500,JBLU,JETBLUE AIRWAYS CORP,Industrials,16,77,-0.04666667,6.000000,5.720000,4H当日前50,4H EMA9/26 最近金叉且价格在 EMA50 上方；4H MACD 位于 Signal 上方；4H MACD 柱体连续扩张；4H RSI 位于健康强势区间
2026-07-28,2026-07-29,Prism,Nasdaq Liquid 500,PTC,PTC Inc.,Information Technology,17,34,0.03882052,127.510002,132.460007,4H当日前50,4H EMA9/26 最近金叉且价格在 EMA50 上方；4H MACD 刚金叉但仍需零轴确认；4H MACD 柱体连续扩张；4H RSI 位于健康强势区间
2026-07-28,2026-07-29,Prism,Nasdaq Liquid 500,CHEF,CHEFS WAREHOUSE INC,Consumer Staples,18,81,0.05440205,100.180000,105.629997,4H当日前50,4H EMA9/26 最近金叉且价格在 EMA50 上方；4H MACD 刚金叉但仍需零轴确认；4H MACD 柱体连续扩张；4H RSI 位于健康强势区间
2026-07-28,2026-07-29,Prism,Nasdaq Liquid 500,ERIE,Erie Indemnity,Financials,19,12,0.02524444,242.429993,248.550003,4H当日前50,4H EMA9/26 最近金叉且价格在 EMA50 上方；4H MACD 位于 Signal 上方；4H MACD 柱体连续扩张；4H RSI 位于健康强势区间
2026-07-28,2026-07-29,Prism,Nasdaq Liquid 500,GLBE,Global-E Online Ltd. - ordinary shares,,20,193,0.03496133,38.900002,40.259998,4H当日前50,4H EMA9/26 最近金叉且价格在 EMA50 上方；4H MACD 零轴上方刚金叉；4H MACD 柱体连续扩张；4H RSI 位于健康强势区间
2026-07-28,2026-07-29,Prism,Nasdaq Liquid 500,MAR,Marriott International,Consumer Discretionary,21,21,-0.00625781,383.519989,381.119995,4H当日前50,4H EMA9 已站上 EMA26，等待 26/50 确认；4H MACD 位于 Signal 上方；4H RSI 位于健康强势区间
2026-07-28,2026-07-29,Prism,Nasdaq Liquid 500,EBAY,eBay Inc.,Consumer Discretionary,22,78,-0.01822206,117.440002,115.300003,4H当日前50,4H EMA9/26 最近金叉且价格在 EMA50 上方；4H MACD 刚金叉但仍需零轴确认；4H MACD 柱体连续扩张；4H RSI 位于健康强势区间
2026-07-28,2026-07-29,Prism,Nasdaq Liquid 500,HTHT,H World Group Limited - American Depositary Shares,,23,27,0.00933494,42.849998,43.250000,4H当日前50,4H EMA9/26 最近金叉且价格在 EMA50 上方；4H MACD 位于 Signal 上方；4H MACD 柱体连续扩张；4H RSI 位于健康强势区间
2026-07-28,2026-07-29,Prism,Nasdaq Liquid 500,BKR,Baker Hughes,Energy,24,28,0.00444752,58.459999,58.720001,4H当日前50,4H EMA9 已站上 EMA26，等待 26/50 确认；4H MACD 位于 Signal 上方；4H RSI 位于健康强势区间
2026-07-28,2026-07-29,Prism,Nasdaq Liquid 500,LECO,"Lincoln Electric Holdings, Inc. - Common Shares",,25,15,-0.03464924,267.250000,257.989990,4H当日前50,4H EMA9/26 最近金叉且价格在 EMA50 上方；4H MACD 位于 Signal 上方；4H MACD 柱体连续扩张；4H RSI 位于健康强势区间
2026-07-28,2026-07-29,Prism,Nasdaq Liquid 500,SWKS,Skyworks Solutions,Information Technology,26,26,-0.05395796,64.680000,61.189999,4H当日前50,4H EMA9/26 最近金叉且价格在 EMA50 上方；4H MACD 位于 Signal 上方；4H MACD 柱体连续扩张；4H RSI 位于健康强势区间
2026-07-28,2026-07-29,Prism,Nasdaq Liquid 500,ZM,"Zoom Communications, Inc. - Class A Common Stock",,27,38,0.01016617,91.480003,92.410004,4H当日前50,4H EMA9/26 最近金叉且价格在 EMA50 上方；4H MACD 刚金叉但仍需零轴确认；4H MACD 柱体连续扩张；4H RSI 位于健康强势区间
2026-07-28,2026-07-29,Prism,Nasdaq Liquid 500,CHDN,"Churchill Downs, Incorporated - Common Stock",,28,20,-0.00773371,89.220001,88.529999,4H当日前50,4H EMA9 已站上 EMA26，等待 26/50 确认；4H MACD 位于 Signal 上方；4H MACD 柱体连续扩张；4H RSI 位于健康强势区间
2026-07-28,2026-07-29,Prism,Nasdaq Liquid 500,CPB,The Campbell's Company - Common Stock,,29,65,0.00657606,22.809999,22.959999,4H当日前50,4H EMA9/26 最近金叉且价格在 EMA50 上方；4H MACD 位于 Signal 上方；4H MACD 柱体连续扩张；4H RSI 位于健康强势区间
2026-07-28,2026-07-29,Prism,Nasdaq Liquid 500,PFG,Principal Financial Group,Financials,30,79,-0.00797612,114.089996,113.180000,4H当日前50,4H EMA9/26 最近金叉且价格在 EMA50 上方；4H MACD 刚金叉但仍需零轴确认；4H MACD 柱体连续扩张；4H RSI 位于健康强势区间
2026-07-28,2026-07-29,Prism,Nasdaq Liquid 500,FUTU,Futu Holdings Limited - American Depositary Shares,,31,19,0.00039278,101.839996,101.879997,4H当日前50,4H EMA9 已站上 EMA26，等待 26/50 确认；4H MACD 位于 Signal 上方；4H RSI 位于健康强势区间
2026-07-28,2026-07-29,Prism,Nasdaq Liquid 500,MDLN,Medline Inc. - Class A common stock,,32,64,-0.00962723,40.509998,40.119999,4H当日前50,4H EMA9/26 最近金叉且价格在 EMA50 上方；4H MACD 位于 Signal 上方；4H MACD 柱体连续扩张；4H RSI 位于健康强势区间
2026-07-28,2026-07-29,Prism,Nasdaq Liquid 500,TTAN,SERVICETITAN INC CLASS A,Information Technology,33,159,0.07437176,78.389999,84.220001,4H当日前50,4H EMA9/26 最近金叉且价格在 EMA50 上方；4H MACD 刚金叉但仍需零轴确认；4H MACD 柱体连续扩张；4H RSI 位于健康强势区间
2026-07-28,2026-07-29,Prism,Nasdaq Liquid 500,FWONK,Liberty Media Corporation - Series C Liberty Formula One Common Stock,,34,95,0.00681820,101.199997,101.889999,4H当日前50,4H EMA9/26 最近金叉且价格在 EMA50 上方；4H MACD 零轴上方刚金叉；4H MACD 柱体连续扩张；4H RSI 位于健康强势区间
2026-07-28,2026-07-29,Prism,Nasdaq Liquid 500,LOPE,"Grand Canyon Education, Inc. - Common Stock",,35,72,0.05889000,150.449997,159.309998,4H当日前50,4H EMA9/26 最近金叉且价格在 EMA50 上方；4H MACD 位于 Signal 上方；4H MACD 柱体连续扩张；4H RSI 位于健康强势区间
2026-07-28,2026-07-29,Prism,Nasdaq Liquid 500,GLPI,"Gaming and Leisure Properties, Inc. - Common Stock",,36,129,0.00348964,45.849998,46.009998,4H当日前50,4H EMA9 已站上 EMA26，等待 26/50 确认；4H MACD 位于 Signal 上方；4H MACD 柱体连续扩张；4H RSI 位于健康强势区间
2026-07-28,2026-07-29,Prism,Nasdaq Liquid 500,ABNB,Airbnb,Consumer Discretionary,37,98,-0.00065316,153.110001,153.009995,4H当日前50,4H EMA9/26 最近金叉且价格在 EMA50 上方；4H MACD 刚金叉但仍需零轴确认；4H MACD 柱体连续扩张；4H RSI 位于健康强势区间
2026-07-28,2026-07-29,Prism,Nasdaq Liquid 500,ORLY,O’Reilly Automotive,Consumer Discretionary,38,122,-0.00592301,91.169998,90.629997,4H当日前50,4H EMA9 已站上 EMA26，等待 26/50 确认；4H MACD 位于 Signal 上方；4H MACD 柱体连续扩张；4H RSI 位于健康强势区间
2026-07-28,2026-07-29,Prism,Nasdaq Liquid 500,WFRD,Weatherford International plc - Ordinary shares,,39,54,-0.01519507,83.580002,82.309998,4H当日前50,4H EMA9 已站上 EMA26，等待 26/50 确认；4H MACD 位于 Signal 上方
2026-07-28,2026-07-29,Prism,Nasdaq Liquid 500,NWSA,News Corp (Class A),Communication Services,40,112,0.02271114,28.180000,28.820000,4H当日前50,4H EMA9/26 最近金叉且价格在 EMA50 上方；4H MACD 零轴上方刚金叉；4H MACD 柱体连续扩张；4H RSI 位于健康强势区间
2026-07-28,2026-07-29,Prism,Nasdaq Liquid 500,ASO,ACADEMY SPORTS AND OUTDOORS INC,Consumer Discretionary,41,,-0.02677505,50.419998,49.070000,4H当日前50,4H EMA9 已站上 EMA26，等待 26/50 确认；4H MACD 位于 Signal 上方；4H MACD 柱体连续扩张；4H RSI 位于健康强势区间
2026-07-28,2026-07-29,Prism,Nasdaq Liquid 500,BIYA,Baiya International Group Inc.  - Ordinary Shares,,42,33,-0.09472050,6.440000,5.830000,4H当日前50,4H EMA9/26 最近金叉且价格在 EMA50 上方；4H MACD 刚金叉但仍需零轴确认；4H MACD 柱体连续扩张；4H RSI 位于健康强势区间
2026-07-28,2026-07-29,Prism,Nasdaq Liquid 500,DASH,DoorDash,Consumer Discretionary,43,89,-0.01017801,195.520004,193.529999,4H当日前50,4H EMA9/26 最近金叉且价格在 EMA50 上方；4H MACD 刚金叉但仍需零轴确认；4H MACD 柱体连续扩张；4H RSI 位于健康强势区间
2026-07-28,2026-07-29,Prism,Nasdaq Liquid 500,EQIX,Equinix,Real Estate,44,305,-0.02593584,1034.859985,1008.020020,4H当日前50,4H EMA9 已站上 EMA26，等待 26/50 确认；4H MACD 位于 Signal 上方；4H RSI 位于健康强势区间
2026-07-28,2026-07-29,Prism,Nasdaq Liquid 500,MSFT,Microsoft,Information Technology,45,2,-0.00714376,393.350006,390.540009,4H当日前50,4H EMA9/26 最近金叉且价格在 EMA50 上方；4H MACD 柱体连续扩张；4H RSI 位于健康强势区间
2026-07-28,2026-07-29,Prism,Nasdaq Liquid 500,KRYS,KRYSTAL BIOTECH INC,Health Care,46,149,-0.00260827,364.230011,363.279999,4H当日前50,4H EMA9/26 最近金叉且价格在 EMA50 上方；4H MACD 刚金叉但仍需零轴确认；4H MACD 柱体连续扩张；4H RSI 位于健康强势区间
2026-07-28,2026-07-29,Prism,Nasdaq Liquid 500,CHKP,Check Point Software Technologies Ltd. - Ordinary Shares,,47,148,0.01474861,137.639999,139.669998,4H当日前50,4H EMA9/26 最近金叉且价格在 EMA50 上方；4H MACD 刚金叉但仍需零轴确认；4H MACD 柱体连续扩张；4H RSI 位于健康强势区间
2026-07-28,2026-07-29,Prism,Nasdaq Liquid 500,QRVO,"Qorvo, Inc. - Common Stock",,48,23,-0.02462949,91.760002,89.500000,4H当日前50,4H EMA9 已站上 EMA26，等待 26/50 确认；4H MACD 位于 Signal 上方；4H MACD 柱体连续扩张；4H RSI 位于健康强势区间
2026-07-28,2026-07-29,Prism,Nasdaq Liquid 500,Z,"Zillow Group, Inc. - Class C Capital Stock",,49,36,0.00965111,33.674999,34.000000,4H当日前50,4H EMA9/26 最近金叉且价格在 EMA50 上方；4H MACD 刚金叉但仍需零轴确认；4H MACD 柱体连续扩张；4H RSI 位于健康强势区间
2026-07-28,2026-07-29,Prism,Nasdaq Liquid 500,NAVN,NAVAN INC CLASS A,Consumer Discretionary,50,86,0.00796960,26.350000,26.559999,4H当日前50,4H EMA9/26 最近金叉且价格在 EMA50 上方；4H MACD 刚金叉但仍需零轴确认；4H MACD 柱体连续扩张；4H RSI 位于健康强势区间
2026-07-28,2026-07-29,Prism,Russell,INDV,INDIVIOR PHARMACEUTICALS INC,Health Care,1,763,-0.02171271,40.990002,40.099998,4H当日前50,4H EMA9/26 最近金叉且价格在 EMA50 上方；4H MACD 零轴上方刚金叉；4H MACD 柱体连续扩张；4H RSI 位于健康强势区间
2026-07-28,2026-07-29,Prism,Russell,ACAD,ACADIA PHARMACEUTICALS INC,Health Care,2,201,0.01268743,26.010000,26.340000,4H当日前50,4H EMA9/26 最近金叉且价格在 EMA50 上方；4H MACD 零轴上方刚金叉；4H MACD 柱体连续扩张；4H RSI 位于健康强势区间
2026-07-28,2026-07-29,Prism,Russell,SRBK,SR BANCORP INC,Financials,3,311,-0.01376854,19.610001,19.340000,4H当日前50,4H EMA9/26 最近金叉且价格在 EMA50 上方；4H MACD 零轴上方刚金叉；4H MACD 柱体连续扩张；4H RSI 位于健康强势区间
2026-07-28,2026-07-29,Prism,Russell,HCI,HCI GROUP INC,Financials,4,160,0.02214661,179.259995,183.229996,4H当日前50,4H EMA9/26 最近金叉且价格在 EMA50 上方；4H MACD 零轴上方刚金叉；4H MACD 柱体连续扩张；4H RSI 位于健康强势区间
2026-07-28,2026-07-29,Prism,Russell,MNRO,MONRO INC,Consumer Discretionary,5,1596,-0.22936051,17.200001,13.255000,4H当日前50,4H EMA9/26 最近金叉且价格在 EMA50 上方；4H MACD 零轴上方刚金叉；4H MACD 柱体连续扩张；4H RSI 位于健康强势区间
2026-07-28,2026-07-29,Prism,Russell,VCEL,VERICEL CORP,Health Care,6,154,-0.00192678,46.709999,46.619999,4H当日前50,4H EMA9/26 最近金叉且价格在 EMA50 上方；4H MACD 零轴上方刚金叉；4H MACD 柱体连续扩张；4H RSI 位于健康强势区间
2026-07-28,2026-07-29,Prism,Russell,RRR,RED ROCK RESORTS ORS CLASS A INC,Consumer Discretionary,7,140,-0.00786324,66.129997,65.610001,4H当日前50,4H EMA9/26 最近金叉且价格在 EMA50 上方；4H MACD 零轴上方刚金叉；4H MACD 柱体连续扩张；4H RSI 位于健康强势区间
2026-07-28,2026-07-29,Prism,Russell,BVFL,BV FINANCIAL INC,Financials,8,1123,-0.03252984,21.365000,20.670000,4H当日前50,4H EMA9/26 最近金叉且价格在 EMA50 上方；4H MACD 刚金叉但仍需零轴确认；4H MACD 柱体连续扩张；4H RSI 位于健康强势区间
2026-07-28,2026-07-29,Prism,Russell,INBK,FIRST INTERNET BANCORP,Financials,9,222,-0.01183439,27.040001,26.719999,4H当日前50,4H EMA9/26 最近金叉且价格在 EMA50 上方；4H MACD 刚金叉但仍需零轴确认；4H MACD 柱体连续扩张；4H RSI 位于健康强势区间
2026-07-28,2026-07-29,Prism,Russell,HWBK,HAWTHORN BANCSHARES INC,Financials,10,284,-0.00514141,38.900002,38.700001,4H当日前50,4H EMA9/26 最近金叉且价格在 EMA50 上方；4H MACD 刚金叉但仍需零轴确认；4H MACD 柱体连续扩张；4H RSI 位于健康强势区间
2026-07-28,2026-07-29,Prism,Russell,SVV,SAVERS VALUE VILLAGE INC,Consumer Discretionary,11,188,-0.02636719,10.240000,9.970000,4H当日前50,4H EMA9/26 最近金叉且价格在 EMA50 上方；4H MACD 刚金叉但仍需零轴确认；4H MACD 柱体连续扩张；4H RSI 位于健康强势区间
2026-07-28,2026-07-29,Prism,Russell,ATEC,ALPHATEC HOLDNGS INC,Health Care,12,15,0.03540773,9.320000,9.650000,4H当日前50,4H EMA9/26 最近金叉且价格在 EMA50 上方；4H MACD 刚金叉但仍需零轴确认；4H MACD 柱体连续扩张；4H RSI 位于健康强势区间
2026-07-28,2026-07-29,Prism,Russell,ODC,OIL DRI CORPORATION OF AMERICA,Consumer Staples,13,11,-0.03881123,102.290001,98.320000,4H当日前50,4H EMA9/26 最近金叉且价格在 EMA50 上方；4H MACD 位于 Signal 上方；4H MACD 柱体连续扩张；4H RSI 位于健康强势区间
2026-07-28,2026-07-29,Prism,Russell,SEG,SEAPORT ENTERTAINMENT GROUP INC,Real Estate,14,198,-0.00151691,26.370001,26.330000,4H当日前50,4H EMA9/26 最近金叉且价格在 EMA50 上方；4H MACD 零轴上方刚金叉；4H MACD 柱体连续扩张；4H RSI 位于健康强势区间
2026-07-28,2026-07-29,Prism,Russell,URBN,URBAN OUTFITTERS INC,Consumer Discretionary,15,359,0.00265964,75.199997,75.400002,4H当日前50,4H EMA9/26 最近金叉且价格在 EMA50 上方；4H MACD 零轴上方刚金叉；4H MACD 柱体连续扩张；4H RSI 位于健康强势区间
2026-07-28,2026-07-29,Prism,Russell,KIDS,ORTHOPEDIATRICS CORP,Health Care,16,170,0.00756048,19.840000,19.990000,4H当日前50,4H EMA9/26 最近金叉且价格在 EMA50 上方；4H MACD 刚金叉但仍需零轴确认；4H MACD 柱体连续扩张；4H RSI 位于健康强势区间
2026-07-28,2026-07-29,Prism,Russell,MMI,MARCUS & MILLICHAP INC,Real Estate,17,147,-0.00409252,31.764999,31.635000,4H当日前50,4H EMA9/26 最近金叉且价格在 EMA50 上方；4H MACD 位于 Signal 上方；4H MACD 柱体连续扩张；4H RSI 位于健康强势区间
2026-07-28,2026-07-29,Prism,Russell,OSIS,OSI SYSTEMS INC,Information Technology,18,19,-0.03000360,220.639999,214.020004,4H当日前50,4H EMA9/26 最近金叉且价格在 EMA50 上方；4H MACD 位于 Signal 上方；4H MACD 柱体连续扩张；4H RSI 位于健康强势区间
2026-07-28,2026-07-29,Prism,Russell,GRDN,GUARDIAN PHARMACY SERVICES INC CLA,Health Care,19,382,-0.02126640,41.849998,40.959999,4H当日前50,4H EMA9/26 最近金叉且价格在 EMA50 上方；4H MACD 位于 Signal 上方；4H MACD 柱体连续扩张；4H RSI 位于健康强势区间
2026-07-28,2026-07-29,Prism,Russell,OPCH,OPTION CARE HEALTH INC,Health Care,20,649,0.06450178,22.480000,23.930000,4H当日前50,4H EMA9/26 最近金叉且价格在 EMA50 上方；4H MACD 零轴上方刚金叉；4H MACD 柱体连续扩张；4H RSI 位于健康强势区间
2026-07-28,2026-07-29,Prism,Russell,HLMN,HILLMAN SOLUTIONS CORP,Industrials,21,915,-0.02325581,8.170000,7.980000,4H当日前50,4H EMA9/26 最近金叉且价格在 EMA50 上方；4H MACD 零轴上方刚金叉；4H MACD 柱体连续扩张；4H RSI 位于健康强势区间
2026-07-28,2026-07-29,Prism,Russell,CTS,CTS CORP,Information Technology,22,49,-0.04788383,64.739998,61.639999,4H当日前50,4H EMA9/26 最近金叉且价格在 EMA50 上方；4H MACD 位于 Signal 上方；4H MACD 柱体连续扩张；4H RSI 位于健康强势区间
2026-07-28,2026-07-29,Prism,Russell,JBLU,JETBLUE AIRWAYS CORP,Industrials,23,295,-0.04666667,6.000000,5.720000,4H当日前50,4H EMA9/26 最近金叉且价格在 EMA50 上方；4H MACD 位于 Signal 上方；4H MACD 柱体连续扩张；4H RSI 位于健康强势区间
2026-07-28,2026-07-29,Prism,Russell,SI,SHOULDER INNOVATIONS INC,Health Care,24,408,-0.01647455,24.280001,23.879999,4H当日前50,4H EMA9/26 最近金叉且价格在 EMA50 上方；4H MACD 零轴上方刚金叉；4H MACD 柱体连续扩张
2026-07-28,2026-07-29,Prism,Russell,LQDT,LIQUIDITY SERVICES INC,Industrials,25,887,-0.02237480,39.330002,38.450001,4H当日前50,4H EMA9/26 最近金叉且价格在 EMA50 上方；4H MACD 刚金叉但仍需零轴确认；4H MACD 柱体连续扩张；4H RSI 位于健康强势区间
2026-07-28,2026-07-29,Prism,Russell,SNFCA,SECURITY NATIONAL FINANCIAL CORP C,Financials,26,1095,-0.01552795,9.660000,9.510000,4H当日前50,4H EMA9/26 最近金叉且价格在 EMA50 上方；4H MACD 零轴上方刚金叉；4H MACD 柱体连续扩张；4H RSI 位于健康强势区间
2026-07-28,2026-07-29,Prism,Russell,HVT,HAVERTY FURNITURE COMPANIES INC,Consumer Discretionary,27,277,-0.00688856,26.129999,25.950001,4H当日前50,4H EMA9/26 最近金叉且价格在 EMA50 上方；4H MACD 零轴上方刚金叉；4H MACD 柱体连续扩张；4H RSI 位于健康强势区间
2026-07-28,2026-07-29,Prism,Russell,HASI,HA SUSTAINABLE INFRASTRUCTURE CAPI,Financials,28,1195,-0.02978731,38.775002,37.619999,4H当日前50,4H EMA9/26 最近金叉且价格在 EMA50 上方；4H MACD 刚金叉但仍需零轴确认；4H MACD 柱体连续扩张；4H RSI 位于健康强势区间
2026-07-28,2026-07-29,Prism,Russell,VEL,VELOCITY FINANCIAL INC,Financials,29,30,-0.00702050,17.805000,17.680000,4H当日前50,4H EMA9/26 最近金叉且价格在 EMA50 上方；4H MACD 位于 Signal 上方；4H MACD 柱体连续扩张；4H RSI 位于健康强势区间
2026-07-28,2026-07-29,Prism,Russell,PIPR,PIPER SANDLER COMPANIES,Financials,30,1255,-0.04782499,77.470001,73.764999,4H当日前50,4H EMA9 已站上 EMA26，等待 26/50 确认；4H MACD 零轴上方刚金叉；4H MACD 柱体连续扩张；4H RSI 位于健康强势区间
2026-07-28,2026-07-29,Prism,Russell,SLVM,SYLVAMO CORP,Materials,31,67,-0.01707100,38.955002,38.290001,4H当日前50,4H EMA9/26 最近金叉且价格在 EMA50 上方；4H MACD 位于 Signal 上方；4H MACD 柱体连续扩张；4H RSI 位于健康强势区间
2026-07-28,2026-07-29,Prism,Russell,UFPT,UFP TECHNOLOGIES INC,Health Care,32,138,-0.01154730,258.070007,255.089996,4H当日前50,4H EMA9/26 最近金叉且价格在 EMA50 上方；4H MACD 位于 Signal 上方；4H MACD 柱体连续扩张；4H RSI 位于健康强势区间
2026-07-28,2026-07-29,Prism,Russell,JBSS,JOHN B SANFILIPPO AND SON INC,Consumer Staples,33,172,-0.00307258,84.620003,84.360001,4H当日前50,4H EMA9/26 最近金叉且价格在 EMA50 上方；4H MACD 位于 Signal 上方；4H MACD 柱体连续扩张；4H RSI 位于健康强势区间
2026-07-28,2026-07-29,Prism,Russell,OSW,ONESPAWORLD HOLDINGS LTD,Consumer Discretionary,34,1039,-0.06346920,27.730000,25.969999,4H当日前50,4H EMA9/26 最近金叉且价格在 EMA50 上方；4H MACD 位于 Signal 上方；4H MACD 柱体连续扩张；4H RSI 位于健康强势区间
2026-07-28,2026-07-29,Prism,Russell,LIVN,LIVANOVA PLC,Health Care,35,149,-0.00803991,82.089996,81.430000,4H当日前50,4H EMA9/26 最近金叉且价格在 EMA50 上方；4H MACD 刚金叉但仍需零轴确认；4H MACD 柱体连续扩张；4H RSI 位于健康强势区间
2026-07-28,2026-07-29,Prism,Russell,PAR,PAR TECHNOLOGY CORP,Information Technology,36,141,0.01400233,17.139999,17.379999,4H当日前50,4H EMA9/26 最近金叉且价格在 EMA50 上方；4H MACD 刚金叉但仍需零轴确认；4H MACD 柱体连续扩张；4H RSI 位于健康强势区间
2026-07-28,2026-07-29,Prism,Russell,OVLY,OAK VALLEY BANCORP,Financials,37,18,-0.01659386,34.349998,33.779999,4H当日前50,4H EMA9/26 最近金叉且价格在 EMA50 上方；4H MACD 刚金叉但仍需零轴确认；4H MACD 柱体连续扩张；4H RSI 位于健康强势区间
2026-07-28,2026-07-29,Prism,Russell,IIIV,I3 VERTICALS INC CLASS A,Information Technology,38,32,-0.00046589,21.459999,21.450001,4H当日前50,4H EMA9/26 最近金叉且价格在 EMA50 上方；4H MACD 位于 Signal 上方；4H MACD 柱体连续扩张；4H RSI 位于健康强势区间
2026-07-28,2026-07-29,Prism,Russell,NSSC,NAPCO SECURITY TECHNOLOGIES INC,Information Technology,39,54,-0.02362419,37.250000,36.369999,4H当日前50,4H EMA9/26 最近金叉且价格在 EMA50 上方；4H MACD 位于 Signal 上方；4H MACD 柱体连续扩张；4H RSI 位于健康强势区间
2026-07-28,2026-07-29,Prism,Russell,TRVI,TREVI THERAPEUTICS INC,Health Care,40,336,-0.01844818,18.430000,18.090000,4H当日前50,4H EMA9/26 最近金叉且价格在 EMA50 上方；4H MACD 零轴上方刚金叉；4H MACD 柱体连续扩张；4H RSI 位于健康强势区间
2026-07-28,2026-07-29,Prism,Russell,PRM,PERIMETER SOLUTIONS INC,Materials,41,235,-0.00658646,34.919998,34.689999,4H当日前50,4H EMA9/26 最近金叉且价格在 EMA50 上方；4H MACD 刚金叉但仍需零轴确认；4H MACD 柱体连续扩张；4H RSI 位于健康强势区间
2026-07-28,2026-07-29,Prism,Russell,SIBN,SI BONE INC,Health Care,42,667,0.02844400,17.930000,18.440001,4H当日前50,4H EMA9/26 最近金叉且价格在 EMA50 上方；4H MACD 零轴上方刚金叉；4H MACD 柱体连续扩张；4H RSI 位于健康强势区间
2026-07-28,2026-07-29,Prism,Russell,AVBH,AVIDBANK HOLDINGS INC,Financials,43,219,0.00291325,32.610001,32.705002,4H当日前50,4H EMA9/26 最近金叉且价格在 EMA50 上方；4H MACD 刚金叉但仍需零轴确认；4H MACD 柱体连续扩张；4H RSI 位于健康强势区间
2026-07-28,2026-07-29,Prism,Russell,VAC,MARRIOTT VACATIONS WORLDWIDE CORP,Consumer Discretionary,44,165,0.00165649,102.629997,102.800003,4H当日前50,4H EMA9/26 最近金叉且价格在 EMA50 上方；4H MACD 刚金叉但仍需零轴确认；4H MACD 柱体连续扩张；4H RSI 位于健康强势区间
2026-07-28,2026-07-29,Prism,Russell,MRBK,MERIDIAN CORP,Financials,45,152,0.00196952,20.309999,20.350000,4H当日前50,4H EMA9/26 最近金叉且价格在 EMA50 上方；4H MACD 零轴上方刚金叉；4H MACD 柱体连续扩张；4H RSI 位于健康强势区间
2026-07-28,2026-07-29,Prism,Russell,RGR,STURM RUGER INC,Consumer Discretionary,46,1129,-0.02029659,38.430000,37.650002,4H当日前50,4H EMA9 已站上 EMA26，等待 26/50 确认；4H MACD 位于 Signal 上方；4H RSI 位于健康强势区间
2026-07-28,2026-07-29,Prism,Russell,DBI,DESIGNER BRANDS INC CLASS A,Consumer Discretionary,47,63,-0.02751572,6.360000,6.185000,4H当日前50,4H EMA9/26 最近金叉且价格在 EMA50 上方；4H MACD 位于 Signal 上方；4H MACD 柱体连续扩张；4H RSI 位于健康强势区间
2026-07-28,2026-07-29,Prism,Russell,PRSU,PURSUIT ATTRACTIONS AND HOSPITALIT,Consumer Discretionary,48,38,-0.02351852,54.000000,52.730000,4H当日前50,4H EMA9/26 最近金叉且价格在 EMA50 上方；4H MACD 刚金叉但仍需零轴确认；4H MACD 柱体连续扩张；4H RSI 位于健康强势区间
2026-07-28,2026-07-29,Prism,Russell,CFFI,C AND F FINANCIAL CORP,Financials,49,246,0.01509165,83.489998,84.750000,4H当日前50,4H EMA9/26 最近金叉且价格在 EMA50 上方；4H MACD 刚金叉但仍需零轴确认；4H MACD 柱体连续扩张；4H RSI 位于健康强势区间
2026-07-28,2026-07-29,Prism,Russell,IPI,INTREPID POTASH INC,Materials,50,60,0.00767045,35.200001,35.470001,4H当日前50,4H EMA9/26 最近金叉且价格在 EMA50 上方；4H MACD 刚金叉但仍需零轴确认；4H MACD 柱体连续扩张；4H RSI 位于健康强势区间
2026-07-28,2026-07-29,Aster Call,Aster,TMDX,TRANSMEDICS GROUP INC,Health Care,1,,0.02241446,76.290001,78.000000,Aster当日前50,4H EMA 刚转强；4H MACD 新金叉
2026-07-28,2026-07-29,Aster Call,Aster,CFFI,C AND F FINANCIAL CORP,Financials,2,,0.01509165,83.489998,84.750000,Aster当日前50,4H EMA 刚转强；4H MACD 新金叉
2026-07-28,2026-07-29,Aster Call,Aster,LMAT,LEMAITRE VASCULAR INC,Health Care,3,32,0.01241444,102.300003,103.570000,Aster当日前50,4H EMA 刚转强；4H MACD 新金叉
2026-07-28,2026-07-29,Aster Call,Aster,GRMN,Garmin,Consumer Discretionary,4,,0.16191188,253.779999,294.869995,Aster当日前50,4H EMA 刚转强；4H MACD 新金叉
2026-07-28,2026-07-29,Aster Call,Aster,CRM,Salesforce,Information Technology,5,,0.03837578,181.494995,188.460007,Aster当日前50,4H EMA 刚转强；4H MACD 新金叉
2026-07-28,2026-07-29,Aster Call,Aster,PFE,Pfizer,Health Care,6,,-0.00395883,25.260000,25.160000,Aster当日前50,4H EMA 刚转强；4H MACD 新金叉
2026-07-28,2026-07-29,Aster Call,Aster,CHKP,Check Point Software Technologies Ltd. - Ordinary Shares,,7,,0.01474861,137.639999,139.669998,Aster当日前50,4H EMA 刚转强；4H MACD 新金叉
2026-07-28,2026-07-29,Aster Call,Aster,OPCH,OPTION CARE HEALTH INC,Health Care,8,,0.06450178,22.480000,23.930000,Aster当日前50,4H EMA 刚转强；4H MACD 新金叉
2026-07-28,2026-07-29,Aster Call,Aster,PTC,PTC Inc.,Information Technology,9,,0.03882052,127.510002,132.460007,Aster当日前50,4H EMA 刚转强；4H MACD 新金叉
2026-07-28,2026-07-29,Aster Call,Aster,NWS,News Corp (Class B),Communication Services,10,,0.02609242,31.809999,32.639999,Aster当日前50,4H EMA 刚转强；4H MACD 新金叉
2026-07-28,2026-07-29,Aster Call,Aster,FWONA,Liberty Media Corporation - Series A Liberty Formula One Common Stock,,11,,0.00645854,92.900002,93.500000,Aster当日前50,4H EMA 刚转强；4H MACD 新金叉
2026-07-28,2026-07-29,Aster Call,Aster,GILD,Gilead Sciences,Health Care,12,,-0.01183748,134.320007,132.729996,Aster当日前50,4H EMA 刚转强；4H MACD 新金叉
2026-07-28,2026-07-29,Aster Call,Aster,NLOP,NET LEASE OFFICE PROPERTIES,Real Estate,13,,-0.02076412,12.040000,11.790000,Aster当日前50,4H EMA 刚转强；4H MACD 新金叉
2026-07-28,2026-07-29,Aster Call,Aster,NICE,NICE Ltd - American Depositary Shares each representing one Ordinary Share,,14,,0.03559800,101.410004,105.019997,Aster当日前50,4H EMA 刚转强；4H MACD 新金叉
2026-07-28,2026-07-29,Aster Call,Aster,DUOL,"Duolingo, Inc. - Class A Common Stock",,15,,-0.00397924,140.729996,140.169998,Aster当日前50,4H EMA 刚转强；4H MACD 新金叉
2026-07-28,2026-07-29,Aster Call,Aster,XYL,Xylem Inc.,Industrials,16,,-0.02295819,125.010002,122.139999,Aster当日前50,4H EMA 刚转强；4H MACD 新金叉
2026-07-28,2026-07-29,Aster Call,Aster,PFG,Principal Financial Group,Financials,17,,-0.00797612,114.089996,113.180000,Aster当日前50,4H EMA 刚转强；4H MACD 新金叉
2026-07-28,2026-07-29,Aster Call,Aster,APPF,"AppFolio, Inc. - Class A Common Stock",,18,,0.04894256,178.270004,186.994995,Aster当日前50,4H EMA 刚转强；4H MACD 新金叉
2026-07-28,2026-07-29,Aster Call,Aster,HIPO,HIPPO HOLDINGS INC,Financials,19,,-0.01583113,30.320000,29.840000,Aster当日前50,4H EMA 刚转强；4H MACD 新金叉
2026-07-28,2026-07-29,Aster Call,Aster,ALKT,ALKAMI TECHNOLOGY INC,Information Technology,20,,0.00880572,18.170000,18.330000,Aster当日前50,4H EMA 刚转强；4H MACD 新金叉
2026-07-28,2026-07-29,Aster Call,Aster,PIPR,PIPER SANDLER COMPANIES,Financials,21,,-0.04782499,77.470001,73.764999,Aster当日前50,4H EMA 刚转强；4H MACD 新金叉
2026-07-28,2026-07-29,Aster Call,Aster,SIBN,SI BONE INC,Health Care,22,,0.02844400,17.930000,18.440001,Aster当日前50,4H EMA 刚转强；4H MACD 新金叉
2026-07-28,2026-07-29,Aster Call,Aster,RMD,ResMed,Health Care,23,,0.02530855,209.020004,214.309998,Aster当日前50,4H EMA 刚转强；4H MACD 多头
2026-07-28,2026-07-29,Aster Call,Aster,VERX,VERTEX INC CLASS A,Information Technology,24,,0.00604230,13.240000,13.320000,Aster当日前50,4H EMA 刚转强；4H MACD 新金叉
2026-07-28,2026-07-29,Aster Call,Aster,SHOP,Shopify Inc. - Class A Subordinate Voting Shares,,25,,-0.00852012,130.279999,129.169998,Aster当日前50,4H EMA 刚转强；4H MACD 新金叉
2026-07-28,2026-07-29,Aster Call,Aster,TTWO,Take-Two Interactive,Communication Services,26,,-0.00480576,247.619995,246.429993,Aster当日前50,4H EMA 刚转强；4H MACD 新金叉
2026-07-28,2026-07-29,Aster Call,Aster,ESQ,ESQUIRE FINANCIAL HOLDINGS INC,Financials,27,,0.03378270,127.580002,131.889999,Aster当日前50,4H EMA 刚转强；4H MACD 新金叉
2026-07-28,2026-07-29,Aster Call,Aster,OTIS,Otis Worldwide,Industrials,28,,-0.00346393,73.614998,73.360001,Aster当日前50,4H EMA 刚转强；4H MACD 新金叉
2026-07-28,2026-07-29,Aster Call,Aster,CHEF,CHEFS WAREHOUSE INC,Consumer Staples,29,,0.05440205,100.180000,105.629997,Aster当日前50,4H EMA 刚转强；4H MACD 新金叉
2026-07-28,2026-07-29,Aster Call,Aster,NOW,ServiceNow,Information Technology,30,,0.04679860,110.623001,115.800003,Aster当日前50,4H EMA 刚转强；4H MACD 新金叉
2026-07-28,2026-07-29,Aster Call,Aster,PAR,PAR TECHNOLOGY CORP,Information Technology,31,,0.01400233,17.139999,17.379999,Aster当日前50,4H EMA 刚转强；4H MACD 新金叉
2026-07-28,2026-07-29,Aster Call,Aster,NWSA,News Corp (Class A),Communication Services,32,,0.02271114,28.180000,28.820000,Aster当日前50,4H EMA 刚转强；4H MACD 新金叉
2026-07-28,2026-07-29,Aster Call,Aster,EL,Estée Lauder Companies (The),Consumer Staples,33,22,-0.00689247,84.730003,84.146004,Aster当日前50,4H EMA 刚转强；4H MACD 新金叉
2026-07-28,2026-07-29,Aster Call,Aster,IDXX,Idexx Laboratories,Health Care,34,,0.00040391,569.539978,569.770020,Aster当日前50,4H EMA 刚转强；4H MACD 新金叉
2026-07-28,2026-07-29,Aster Call,Aster,HSTM,HEALTHSTREAM INC,Health Care,35,,0.02357023,28.850000,29.530001,Aster当日前50,4H EMA 刚转强；4H MACD 新金叉
2026-07-28,2026-07-29,Aster Call,Aster,IEX,IDEX Corporation,Industrials,36,,0.02184165,224.800003,229.710007,Aster当日前50,4H EMA 刚转强；4H MACD 新金叉
2026-07-28,2026-07-29,Aster Call,Aster,FWONK,Liberty Media Corporation - Series C Liberty Formula One Common Stock,,37,,0.00681820,101.199997,101.889999,Aster当日前50,4H EMA 刚转强；4H MACD 新金叉
2026-07-28,2026-07-29,Aster Call,Aster,ZG,"Zillow Group, Inc. - Class A Common Stock",,38,37,0.01508426,33.810001,34.320000,Aster当日前50,4H EMA 刚转强；4H MACD 新金叉
2026-07-28,2026-07-29,Aster Call,Aster,LIF,LIFE360 INC,Information Technology,39,,-0.02452362,56.680000,55.290001,Aster当日前50,4H EMA 刚转强；4H MACD 新金叉
2026-07-28,2026-07-29,Aster Call,Aster,CL,Colgate-Palmolive,Consumer Staples,40,,0.00830551,92.709999,93.480003,Aster当日前50,4H EMA 刚转强；4H MACD 新金叉
2026-07-28,2026-07-29,Aster Call,Aster,APPN,APPIAN CORP CLASS A,Information Technology,41,,0.05082267,27.350000,28.740000,Aster当日前50,4H EMA 刚转强；4H MACD 新金叉
2026-07-28,2026-07-29,Aster Call,Aster,CARL,CARLSMED INC,Health Care,42,,0.03818034,12.310000,12.780000,Aster当日前50,4H EMA 刚转强；4H MACD 新金叉
2026-07-28,2026-07-29,Aster Call,Aster,HVT,HAVERTY FURNITURE COMPANIES INC,Consumer Discretionary,43,,-0.00688856,26.129999,25.950001,Aster当日前50,4H EMA 刚转强；4H MACD 新金叉
2026-07-28,2026-07-29,Aster Call,Aster,RRR,RED ROCK RESORTS ORS CLASS A INC,Consumer Discretionary,44,,-0.00786324,66.129997,65.610001,Aster当日前50,4H EMA 刚转强；4H MACD 新金叉
2026-07-28,2026-07-29,Aster Call,Aster,ASAN,ASANA INC CLASS A,Information Technology,45,,0.04095355,8.180000,8.515000,Aster当日前50,4H EMA 刚转强；4H MACD 新金叉
2026-07-28,2026-07-29,Aster Call,Aster,DCOM,DIME COMMERCIAL BANCSHARES INC,Financials,46,,-0.00502087,40.830002,40.625000,Aster当日前50,4H EMA 刚转强；4H MACD 新金叉
2026-07-28,2026-07-29,Aster Call,Aster,MDLN,Medline Inc. - Class A common stock,,47,,-0.00962723,40.509998,40.119999,Aster当日前50,4H EMA 刚转强；4H MACD 多头
2026-07-28,2026-07-29,Aster Call,Aster,TYL,Tyler Technologies,Information Technology,48,,0.00153000,333.320007,333.829987,Aster当日前50,4H EMA 刚转强；4H MACD 多头
2026-07-28,2026-07-29,Aster Call,Aster,TRMK,TRUSTMARK CORP,Financials,49,,0.00342100,46.770000,46.930000,Aster当日前50,4H EMA 刚转强；4H MACD 新金叉
2026-07-28,2026-07-29,Aster Call,Aster,VCEL,VERICEL CORP,Health Care,50,,-0.00192678,46.709999,46.619999,Aster当日前50,4H EMA 刚转强；4H MACD 新金叉
2026-07-27,2026-07-29,Early,S&P 500,STE,Steris,Health Care,1,268,0.07472720,218.595001,234.929993,4H当日前50,4H EMA9/26 最近金叉且价格在 EMA50 上方；4H MACD 零轴上方刚金叉；4H MACD 柱体连续扩张；4H RSI 位于健康强势区间
2026-07-27,2026-07-29,Early,S&P 500,FAST,Fastenal,Industrials,2,68,0.00293871,47.639999,47.779999,4H当日前50,4H EMA9/26 最近金叉且价格在 EMA50 上方；4H MACD 位于 Signal 上方；4H MACD 柱体连续扩张；4H RSI 位于健康强势区间
2026-07-27,2026-07-29,Early,S&P 500,AOS,A. O. Smith,Industrials,3,35,-0.00704341,62.470001,62.029999,4H当日前50,4H EMA9/26 最近金叉且价格在 EMA50 上方；4H MACD 位于 Signal 上方；4H MACD 柱体连续扩张；4H RSI 位于健康强势区间
2026-07-27,2026-07-29,Early,S&P 500,MSI,Motorola Solutions,Information Technology,4,73,0.02482308,423.799988,434.320007,4H当日前50,4H EMA9/26 最近金叉且价格在 EMA50 上方；4H MACD 刚金叉但仍需零轴确认；4H MACD 柱体连续扩张；4H RSI 位于健康强势区间
2026-07-27,2026-07-29,Early,S&P 500,CLX,Clorox,Consumer Staples,5,11,0.02257797,97.440002,99.639999,4H当日前50,4H EMA9/26 最近金叉且价格在 EMA50 上方；4H MACD 刚金叉但仍需零轴确认；4H MACD 柱体连续扩张；4H RSI 位于健康强势区间
2026-07-27,2026-07-29,Early,S&P 500,BR,Broadridge Financial Solutions,Industrials,6,105,0.04321911,152.710007,159.309998,4H当日前50,4H EMA9/26 最近金叉且价格在 EMA50 上方；4H MACD 零轴上方刚金叉；4H MACD 柱体连续扩张；4H RSI 位于健康强势区间
2026-07-27,2026-07-29,Early,S&P 500,TPR,"Tapestry, Inc.",Consumer Discretionary,7,82,0.01906505,147.389999,150.199997,4H当日前50,4H EMA9/26 最近金叉且价格在 EMA50 上方；4H MACD 位于 Signal 上方；4H MACD 柱体连续扩张；4H RSI 位于健康强势区间
2026-07-27,2026-07-29,Early,S&P 500,STLD,Steel Dynamics,Materials,8,126,0.00827104,250.270004,252.339996,4H当日前50,4H EMA9 已站上 EMA26，等待 26/50 确认；4H MACD 位于 Signal 上方；4H MACD 柱体连续扩张
2026-07-27,2026-07-29,Early,S&P 500,MDLZ,Mondelez International,Consumer Staples,9,248,0.07120488,60.669998,64.989998,4H当日前50,4H EMA9 已站上 EMA26，等待 26/50 确认；4H MACD 位于 Signal 上方；4H MACD 柱体连续扩张；4H RSI 位于健康强势区间
2026-07-27,2026-07-29,Early,S&P 500,FIS,Fidelity National Information Services,Financials,10,204,0.08482037,43.150002,46.810001,4H当日前50,4H EMA9/26 最近金叉且价格在 EMA50 上方；4H MACD 零轴上方刚金叉；4H MACD 柱体连续扩张；4H RSI 位于健康强势区间
2026-07-27,2026-07-29,Early,S&P 500,TRMB,Trimble Inc.,Information Technology,11,147,0.04428908,55.770000,58.240002,4H当日前50,4H EMA9/26 最近金叉且价格在 EMA50 上方；4H MACD 零轴上方刚金叉；4H MACD 柱体连续扩张；4H RSI 位于健康强势区间
2026-07-27,2026-07-29,Early,S&P 500,VRSN,Verisign,Information Technology,12,238,0.05858382,274.820007,290.920013,4H当日前50,4H EMA9/26 最近金叉且价格在 EMA50 上方；4H MACD 零轴上方刚金叉；4H MACD 柱体连续扩张；4H RSI 位于健康强势区间
2026-07-27,2026-07-29,Early,S&P 500,PHM,PulteGroup,Consumer Discretionary,13,116,0.01362482,130.570999,132.350006,4H当日前50,4H EMA9/26 最近金叉且价格在 EMA50 上方；4H MACD 位于 Signal 上方；4H MACD 柱体连续扩张；4H RSI 位于健康强势区间
2026-07-27,2026-07-29,Early,S&P 500,CRM,Salesforce,Information Technology,14,161,0.08591186,173.550003,188.460007,4H当日前50,4H EMA9/26 最近金叉且价格在 EMA50 上方；4H MACD 零轴上方刚金叉；4H MACD 柱体连续扩张；4H RSI 位于健康强势区间
2026-07-27,2026-07-29,Early,S&P 500,SOLV,Solventum,Health Care,15,307,0.10043508,80.449997,88.529999,4H当日前50,4H EMA9/26 最近金叉且价格在 EMA50 上方；4H MACD 零轴上方刚金叉；4H MACD 柱体连续扩张；4H RSI 位于健康强势区间
2026-07-27,2026-07-29,Early,S&P 500,PSA,Public Storage,Real Estate,16,83,0.01768740,323.959991,329.690002,4H当日前50,4H EMA9/26 最近金叉且价格在 EMA50 上方；4H MACD 位于 Signal 上方；4H MACD 柱体连续扩张；4H RSI 位于健康强势区间
2026-07-27,2026-07-29,Early,S&P 500,FTV,Fortive,Industrials,17,366,-0.05317539,62.904999,59.560001,4H当日前50,4H EMA9/26 最近金叉且价格在 EMA50 上方；4H MACD 位于 Signal 上方；4H MACD 柱体连续扩张；4H RSI 位于健康强势区间
2026-07-27,2026-07-29,Early,S&P 500,ADBE,Adobe Inc.,Information Technology,18,177,0.10801259,237.750000,263.429993,4H当日前50,4H EMA9/26 最近金叉且价格在 EMA50 上方；4H MACD 零轴上方刚金叉；4H MACD 柱体连续扩张；4H RSI 位于健康强势区间
2026-07-27,2026-07-29,Early,S&P 500,GE,GE Aerospace,Industrials,19,358,-0.02992167,361.609985,350.790009,4H当日前50,4H EMA9/26 最近金叉且价格在 EMA50 上方；4H MACD 位于 Signal 上方；4H MACD 柱体连续扩张；4H RSI 位于健康强势区间
2026-07-27,2026-07-29,Early,S&P 500,CBRE,CBRE Group,Real Estate,20,120,0.02769381,143.895004,147.880005,4H当日前50,4H EMA9/26 最近金叉且价格在 EMA50 上方；4H MACD 零轴上方刚金叉；4H MACD 柱体连续扩张；4H RSI 位于健康强势区间
2026-07-27,2026-07-29,Early,S&P 500,LYB,LyondellBasell,Materials,21,24,0.03154848,58.639999,60.490002,4H当日前50,4H EMA9 已站上 EMA26，等待 26/50 确认
2026-07-27,2026-07-29,Early,S&P 500,TAP,Molson Coors Beverage Company,Consumer Staples,22,32,0.03912505,41.150002,42.759998,4H当日前50,4H EMA 多头排列已连续维持；4H MACD 零轴上方刚金叉；4H MACD 柱体连续扩张；4H RSI 位于健康强势区间
2026-07-27,2026-07-29,Early,S&P 500,ARE,Alexandria Real Estate Equities,Real Estate,23,164,0.04659080,51.404999,53.799999,4H当日前50,4H EMA9 已站上 EMA26，等待 26/50 确认；4H MACD 位于 Signal 上方；4H RSI 位于健康强势区间
2026-07-27,2026-07-29,Early,S&P 500,CHD,Church & Dwight,Consumer Staples,24,66,0.01195542,98.699997,99.879997,4H当日前50,4H EMA9/26 最近金叉且价格在 EMA50 上方；4H MACD 刚金叉但仍需零轴确认；4H MACD 柱体连续扩张；4H RSI 位于健康强势区间
2026-07-27,2026-07-29,Early,S&P 500,CI,Cigna,Health Care,25,93,0.01860253,291.089996,296.505005,4H当日前50,4H EMA9/26 最近金叉且价格在 EMA50 上方；4H MACD 刚金叉但仍需零轴确认；4H MACD 柱体连续扩张；4H RSI 位于健康强势区间
2026-07-27,2026-07-29,Early,S&P 500,KMB,Kimberly-Clark,Consumer Staples,26,57,0.01588296,111.440002,113.209999,4H当日前50,4H EMA9/26 最近金叉且价格在 EMA50 上方；4H MACD 刚金叉但仍需零轴确认；4H MACD 柱体连续扩张；4H RSI 位于健康强势区间
2026-07-27,2026-07-29,Early,S&P 500,BKNG,Booking Holdings,Consumer Discretionary,27,271,0.07768087,186.789993,201.300003,4H当日前50,4H EMA9/26 最近金叉且价格在 EMA50 上方；4H MACD 零轴上方刚金叉；4H MACD 柱体连续扩张；4H RSI 位于健康强势区间
2026-07-27,2026-07-29,Early,S&P 500,ADSK,Autodesk,Information Technology,28,215,0.08560929,225.910004,245.250000,4H当日前50,4H EMA9/26 最近金叉且价格在 EMA50 上方；4H MACD 零轴上方刚金叉；4H MACD 柱体连续扩张
2026-07-27,2026-07-29,Early,S&P 500,SLB,Schlumberger,Energy,29,9,-0.04996606,51.535000,48.959999,4H当日前50,4H EMA9 已站上 EMA26，等待 26/50 确认；4H MACD 位于 Signal 上方
2026-07-27,2026-07-29,Early,S&P 500,PODD,Insulet Corporation,Health Care,30,30,0.03406058,165.000000,170.619995,4H当日前50,4H EMA 多头排列已连续维持；4H MACD 零轴上方刚金叉；4H MACD 柱体连续扩张；4H RSI 位于健康强势区间
2026-07-27,2026-07-29,Early,S&P 500,KO,Coca-Cola Company (The),Consumer Staples,31,264,0.05980974,84.099998,89.129997,4H当日前50,4H EMA9/26 最近金叉且价格在 EMA50 上方；4H MACD 刚金叉但仍需零轴确认；4H MACD 柱体连续扩张；4H RSI 位于健康强势区间
2026-07-27,2026-07-29,Early,S&P 500,BAX,Baxter International,Health Care,32,257,0.06083976,23.340000,24.760000,4H当日前50,4H EMA9/26 最近金叉且价格在 EMA50 上方；4H MACD 零轴上方刚金叉；4H MACD 柱体连续扩张；4H RSI 位于健康强势区间
2026-07-27,2026-07-29,Early,S&P 500,COF,Capital One,Financials,33,87,0.00869567,207.000000,208.800003,4H当日前50,4H EMA9/26 最近金叉且价格在 EMA50 上方；4H MACD 柱体连续扩张；4H RSI 位于健康强势区间
2026-07-27,2026-07-29,Early,S&P 500,MDT,Medtronic,Health Care,34,162,0.03995960,84.209999,87.574997,4H当日前50,4H EMA 多头排列已连续维持；4H MACD 零轴上方刚金叉；4H MACD 柱体连续扩张；4H RSI 位于健康强势区间
2026-07-27,2026-07-29,Early,S&P 500,FICO,Fair Isaac,Information Technology,35,234,0.07324639,1279.380005,1373.089966,4H当日前50,4H EMA9/26 最近金叉且价格在 EMA50 上方；4H MACD 零轴上方刚金叉；4H MACD 柱体连续扩张；4H RSI 位于健康强势区间
2026-07-27,2026-07-29,Early,S&P 500,BDX,Becton Dickinson,Health Care,36,209,0.05960998,158.949997,168.425003,4H当日前50,4H EMA 多头排列已连续维持；4H MACD 零轴上方刚金叉；4H MACD 柱体连续扩张；4H RSI 位于健康强势区间
2026-07-27,2026-07-29,Early,S&P 500,ATO,Atmos Energy,Utilities,37,310,-0.00244257,178.089996,177.654999,4H当日前50,4H MACD 位于 Signal 上方；4H RSI 位于健康强势区间
2026-07-27,2026-07-29,Early,S&P 500,COIN,Coinbase,Financials,38,1,-0.04418179,167.490005,160.089996,4H当日前50,4H EMA9 已站上 EMA26，等待 26/50 确认；4H MACD 柱体连续扩张；4H RSI 位于健康强势区间
2026-07-27,2026-07-29,Early,S&P 500,EXPE,Expedia Group,Consumer Discretionary,39,272,0.09304162,278.369995,304.269989,4H当日前50,4H EMA9/26 最近金叉且价格在 EMA50 上方；4H MACD 零轴上方刚金叉；4H MACD 柱体连续扩张；4H RSI 位于健康强势区间
2026-07-27,2026-07-29,Early,S&P 500,DG,Dollar General,Consumer Staples,40,92,0.04447693,123.209999,128.690002,4H当日前50,4H EMA9/26 最近金叉且价格在 EMA50 上方；4H MACD 柱体连续扩张；4H RSI 位于健康强势区间
2026-07-27,2026-07-29,Early,S&P 500,ABNB,Airbnb,Consumer Discretionary,41,67,0.04187658,146.860001,153.009995,4H当日前50,4H MACD 刚金叉但仍需零轴确认；4H MACD 柱体连续扩张；4H RSI 位于健康强势区间
2026-07-27,2026-07-29,Early,S&P 500,EXR,Extra Space Storage,Real Estate,42,102,0.02966165,148.339996,152.740005,4H当日前50,4H EMA 多头排列已连续维持；4H MACD 零轴上方刚金叉；4H MACD 柱体连续扩张；4H RSI 位于健康强势区间
2026-07-27,2026-07-29,Early,S&P 500,EXE,Expand Energy,Energy,43,40,0.02154455,90.510002,92.459999,4H当日前50,4H MACD 位于 Signal 上方；4H RSI 位于健康强势区间
2026-07-27,2026-07-29,Early,S&P 500,CEG,Constellation Energy,Utilities,44,288,-0.04462959,270.000000,257.950012,4H当日前50,4H MACD 位于 Signal 上方；4H RSI 位于健康强势区间
2026-07-27,2026-07-29,Early,S&P 500,UHS,Universal Health Services,Health Care,45,146,0.05513343,159.250000,168.029999,4H当日前50,4H EMA 多头排列已连续维持；4H MACD 位于 Signal 上方；4H MACD 柱体连续扩张；4H RSI 位于健康强势区间
2026-07-27,2026-07-29,Early,S&P 500,JCI,Johnson Controls,Industrials,46,385,-0.02706278,143.369995,139.490005,4H当日前50,4H EMA9 已站上 EMA26，等待 26/50 确认；4H MACD 位于 Signal 上方；4H RSI 位于健康强势区间
2026-07-27,2026-07-29,Early,S&P 500,MOS,Mosaic Company (The),Materials,47,27,0.01208058,22.350000,22.620001,4H当日前50,4H RSI 位于健康强势区间
2026-07-27,2026-07-29,Early,S&P 500,SWK,Stanley Black & Decker,Industrials,48,61,-0.01136484,94.150002,93.080002,4H当日前50,4H EMA 多头排列已连续维持；4H MACD 位于 Signal 上方；4H MACD 柱体连续扩张；4H RSI 位于健康强势区间
2026-07-27,2026-07-29,Early,S&P 500,HON,Honeywell Technologies,Industrials,49,132,-0.01884031,245.750000,241.119995,4H当日前50,4H EMA 多头排列已连续维持；4H MACD 位于 Signal 上方
2026-07-27,2026-07-29,Early,S&P 500,SNA,Snap-on,Industrials,50,81,0.01906215,407.089996,414.850006,4H当日前50,4H EMA9/26 最近金叉且价格在 EMA50 上方；4H MACD 柱体连续扩张；4H RSI 位于健康强势区间
2026-07-27,2026-07-29,Early,Nasdaq 200,FAST,Fastenal,Industrials,1,26,0.00293871,47.639999,47.779999,4H当日前50,4H EMA9/26 最近金叉且价格在 EMA50 上方；4H MACD 位于 Signal 上方；4H MACD 柱体连续扩张；4H RSI 位于健康强势区间
2026-07-27,2026-07-29,Early,Nasdaq 200,MDLZ,Mondelez International,Consumer Staples,2,86,0.07120488,60.669998,64.989998,4H当日前50,4H EMA9 已站上 EMA26，等待 26/50 确认；4H MACD 位于 Signal 上方；4H MACD 柱体连续扩张；4H RSI 位于健康强势区间
2026-07-27,2026-07-29,Early,Nasdaq 200,STLD,Steel Dynamics,Materials,3,46,0.00827104,250.270004,252.339996,4H当日前50,4H EMA9 已站上 EMA26，等待 26/50 确认；4H MACD 位于 Signal 上方；4H MACD 柱体连续扩张
2026-07-27,2026-07-29,Early,Nasdaq 200,TRMB,Trimble Inc.,Information Technology,4,51,0.04428908,55.770000,58.240002,4H当日前50,4H EMA9/26 最近金叉且价格在 EMA50 上方；4H MACD 零轴上方刚金叉；4H MACD 柱体连续扩张；4H RSI 位于健康强势区间
2026-07-27,2026-07-29,Early,Nasdaq 200,VRSN,Verisign,Information Technology,5,81,0.05858382,274.820007,290.920013,4H当日前50,4H EMA9/26 最近金叉且价格在 EMA50 上方；4H MACD 零轴上方刚金叉；4H MACD 柱体连续扩张；4H RSI 位于健康强势区间
2026-07-27,2026-07-29,Early,Nasdaq 200,ADBE,Adobe Inc.,Information Technology,6,59,0.10801259,237.750000,263.429993,4H当日前50,4H EMA9/26 最近金叉且价格在 EMA50 上方；4H MACD 零轴上方刚金叉；4H MACD 柱体连续扩张；4H RSI 位于健康强势区间
2026-07-27,2026-07-29,Early,Nasdaq 200,KMB,Kimberly-Clark,Consumer Staples,7,21,0.01588296,111.440002,113.209999,4H当日前50,4H EMA9/26 最近金叉且价格在 EMA50 上方；4H MACD 刚金叉但仍需零轴确认；4H MACD 柱体连续扩张；4H RSI 位于健康强势区间
2026-07-27,2026-07-29,Early,Nasdaq 200,ADSK,Autodesk,Information Technology,8,73,0.08560929,225.910004,245.250000,4H当日前50,4H EMA9/26 最近金叉且价格在 EMA50 上方；4H MACD 零轴上方刚金叉；4H MACD 柱体连续扩张
2026-07-27,2026-07-29,Early,Nasdaq 200,BKNG,Booking Holdings,Consumer Discretionary,9,92,0.07768087,186.789993,201.300003,4H当日前50,4H EMA9/26 最近金叉且价格在 EMA50 上方；4H MACD 零轴上方刚金叉；4H MACD 柱体连续扩张；4H RSI 位于健康强势区间
2026-07-27,2026-07-29,Early,Nasdaq 200,PODD,Insulet Corporation,Health Care,10,17,0.03406058,165.000000,170.619995,4H当日前50,4H EMA 多头排列已连续维持；4H MACD 零轴上方刚金叉；4H MACD 柱体连续扩张；4H RSI 位于健康强势区间
2026-07-27,2026-07-29,Early,Nasdaq 200,PDD,PDD Holdings Inc. - American Depositary Shares,,11,18,0.04089572,84.849998,88.320000,4H当日前50,4H EMA9/26 最近金叉且价格在 EMA50 上方；4H MACD 柱体连续扩张；4H RSI 位于健康强势区间
2026-07-27,2026-07-29,Early,Nasdaq 200,CEG,Constellation Energy,Utilities,12,88,-0.04462959,270.000000,257.950012,4H当日前50,4H MACD 位于 Signal 上方；4H RSI 位于健康强势区间
2026-07-27,2026-07-29,Early,Nasdaq 200,TEAM,Atlassian Corporation  - Class A Common Stock,,13,84,0.08772291,95.870003,104.279999,4H当日前50,4H EMA9/26 最近金叉且价格在 EMA50 上方；4H MACD 零轴上方刚金叉；4H MACD 柱体连续扩张；4H RSI 位于健康强势区间
2026-07-27,2026-07-29,Early,Nasdaq 200,EXPE,Expedia Group,Consumer Discretionary,14,91,0.09304162,278.369995,304.269989,4H当日前50,4H EMA9/26 最近金叉且价格在 EMA50 上方；4H MACD 零轴上方刚金叉；4H MACD 柱体连续扩张；4H RSI 位于健康强势区间
2026-07-27,2026-07-29,Early,Nasdaq 200,EXE,Expand Energy,Energy,15,20,0.02154455,90.510002,92.459999,4H当日前50,4H MACD 位于 Signal 上方；4H RSI 位于健康强势区间
2026-07-27,2026-07-29,Early,Nasdaq 200,ABNB,Airbnb,Consumer Discretionary,16,30,0.04187658,146.860001,153.009995,4H当日前50,4H MACD 刚金叉但仍需零轴确认；4H MACD 柱体连续扩张；4H RSI 位于健康强势区间
2026-07-27,2026-07-29,Early,Nasdaq 200,HON,Honeywell Technologies,Industrials,17,50,-0.01884031,245.750000,241.119995,4H当日前50,4H EMA 多头排列已连续维持；4H MACD 位于 Signal 上方
2026-07-27,2026-07-29,Early,Nasdaq 200,LOGI,Logitech International S.A. - Registered Shares,,18,127,-0.04479690,107.820000,102.989998,4H当日前50,4H MACD 位于 Signal 上方；4H MACD 柱体连续扩张；4H RSI 位于健康强势区间
2026-07-27,2026-07-29,Early,Nasdaq 200,TRI,Thomson Reuters Corp - Common Shares,,19,102,0.08776589,97.760002,106.339996,4H当日前50,4H EMA9/26 最近金叉且价格在 EMA50 上方；4H MACD 零轴上方刚金叉；4H MACD 柱体连续扩张；4H RSI 位于健康强势区间
2026-07-27,2026-07-29,Early,Nasdaq 200,CDW,CDW Corporation,Information Technology,20,66,0.07157350,138.039993,147.919998,4H当日前50,4H MACD 刚金叉但仍需零轴确认；4H MACD 柱体连续扩张；4H RSI 位于健康强势区间
2026-07-27,2026-07-29,Early,Nasdaq 200,WDAY,"Workday, Inc.",Information Technology,21,101,0.13874206,147.539993,168.009995,4H当日前50,4H EMA9/26 最近金叉且价格在 EMA50 上方；4H MACD 零轴上方刚金叉；4H MACD 柱体连续扩张；4H RSI 位于健康强势区间
2026-07-27,2026-07-29,Early,Nasdaq 200,SNY,Sanofi - American Depositary Shares,,22,8,0.01931814,44.000000,44.849998,4H当日前50,4H MACD 柱体连续扩张；4H RSI 位于健康强势区间
2026-07-27,2026-07-29,Early,Nasdaq 200,EXC,Exelon,Utilities,23,33,-0.00254513,47.150002,47.029999,4H当日前50,4H EMA 多头排列已连续维持；4H MACD 位于 Signal 上方；4H RSI 位于健康强势区间
2026-07-27,2026-07-29,Early,Nasdaq 200,ZBRA,Zebra Technologies,Information Technology,24,60,0.06950382,264.589996,282.980011,4H当日前50,4H EMA9/26 最近金叉且价格在 EMA50 上方；4H MACD 柱体连续扩张；4H RSI 位于健康强势区间
2026-07-27,2026-07-29,Early,Nasdaq 200,INTU,Intuit,Information Technology,25,71,0.09614689,303.910004,333.130005,4H当日前50,4H MACD 零轴上方刚金叉；4H MACD 柱体连续扩张；4H RSI 位于健康强势区间
2026-07-27,2026-07-29,Early,Nasdaq 200,ULTA,Ulta Beauty,Consumer Discretionary,26,22,0.05739732,480.510010,508.089996,4H当日前50,4H MACD 柱体连续扩张；4H RSI 位于健康强势区间
2026-07-27,2026-07-29,Early,Nasdaq 200,ESLT,Elbit Systems Ltd. - Ordinary Shares,,27,98,-0.05383462,812.859985,769.099976,4H当日前50,4H MACD 位于 Signal 上方；4H RSI 位于健康强势区间
2026-07-27,2026-07-29,Early,Nasdaq 200,EBAY,eBay Inc.,Consumer Discretionary,28,27,0.01846130,113.209999,115.300003,4H当日前50,4H MACD 柱体连续扩张；4H RSI 位于健康强势区间
2026-07-27,2026-07-29,Early,Nasdaq 200,MDGL,"Madrigal Pharmaceuticals, Inc. - Common Stock",,29,63,-0.00792743,551.250000,546.880005,4H当日前50,4H EMA 多头排列已连续维持；4H MACD 零轴上方刚金叉；4H MACD 柱体连续扩张；4H RSI 位于健康强势区间
2026-07-27,2026-07-29,Early,Nasdaq 200,GEN,Gen Digital,Information Technology,30,34,0.03328343,26.740000,27.629999,4H当日前50,4H EMA9/26 最近金叉且价格在 EMA50 上方；4H MACD 柱体连续扩张；4H RSI 位于健康强势区间
2026-07-27,2026-07-29,Early,Nasdaq 200,XEL,Xcel Energy,Utilities,31,132,-0.02428446,80.709999,78.750000,4H当日前50,4H EMA 多头排列已连续维持；4H MACD 位于 Signal 上方；4H RSI 位于健康强势区间
2026-07-27,2026-07-29,Early,Nasdaq 200,ARGX,argenx SE - American Depositary Shares,,32,121,-0.00704306,888.820007,882.559998,4H当日前50,4H MACD 位于 Signal 上方；4H RSI 位于健康强势区间
2026-07-27,2026-07-29,Early,Nasdaq 200,RPRX,Royalty Pharma plc - Class A Ordinary Shares,,33,38,0.00766218,58.730000,59.180000,4H当日前50,4H EMA 多头排列已连续维持；4H MACD 位于 Signal 上方；4H RSI 位于健康强势区间
2026-07-27,2026-07-29,Early,Nasdaq 200,RVMD,"Revolution Medicines, Inc. - Common Stock",,34,137,-0.03801781,188.070007,180.919998,4H当日前50,4H EMA 多头排列已连续维持；4H MACD 位于 Signal 上方；4H RSI 位于健康强势区间
2026-07-27,2026-07-29,Early,Nasdaq 200,REGN,Regeneron Pharmaceuticals,Health Care,35,28,0.04234303,667.169983,695.419983,4H当日前50,4H MACD 柱体连续扩张；4H RSI 位于健康强势区间
2026-07-27,2026-07-29,Early,Nasdaq 200,ROP,Roper Technologies,Information Technology,36,99,0.08812868,375.019989,408.070007,4H当日前50,4H EMA 多头排列已连续维持；4H MACD 零轴上方刚金叉；4H MACD 柱体连续扩张；4H RSI 位于健康强势区间
2026-07-27,2026-07-29,Early,Nasdaq 200,AMGN,Amgen,Health Care,37,76,0.03024506,376.260010,387.640015,4H当日前50,4H EMA 多头排列已连续维持；4H MACD 位于 Signal 上方；4H RSI 位于健康强势区间
2026-07-27,2026-07-29,Early,Nasdaq 200,WWD,"Woodward, Inc. - Common Stock",,38,151,-0.08180864,419.760010,385.420013,4H当日前50,4H EMA 多头排列已连续维持；4H MACD 位于 Signal 上方；4H RSI 位于健康强势区间
2026-07-27,2026-07-29,Early,Nasdaq 200,NDSN,Nordson Corporation,Industrials,39,45,-0.00810385,297.390015,294.980011,4H当日前50,4H EMA 多头排列已连续维持；4H MACD 位于 Signal 上方；4H RSI 位于健康强势区间
2026-07-27,2026-07-29,Early,Nasdaq 200,MAR,Marriott International,Consumer Discretionary,40,7,-0.00506449,383.059998,381.119995,4H当日前50,4H EMA9/26 最近金叉且价格在 EMA50 上方；4H MACD 位于 Signal 上方；4H MACD 柱体连续扩张；4H RSI 位于健康强势区间
2026-07-27,2026-07-29,Early,Nasdaq 200,NBIX,"Neurocrine Biosciences, Inc. - Common Stock",,41,32,0.02482846,176.410004,180.789993,4H当日前50,4H EMA 多头排列已连续维持；4H MACD 零轴上方刚金叉；4H MACD 柱体连续扩张；4H RSI 位于健康强势区间
2026-07-27,2026-07-29,Early,Nasdaq 200,INCY,Incyte,Health Care,42,89,0.06923526,118.870003,127.099998,4H当日前50,4H EMA 多头排列已连续维持；4H MACD 零轴上方刚金叉；4H MACD 柱体连续扩张；4H RSI 位于健康强势区间
2026-07-27,2026-07-29,Early,Nasdaq 200,NTAP,NetApp,Information Technology,43,48,0.02020019,169.800003,173.229996,4H当日前50,4H EMA 多头排列已连续维持；4H MACD 位于 Signal 上方；4H MACD 柱体连续扩张；4H RSI 位于健康强势区间
2026-07-27,2026-07-29,Early,Nasdaq 200,DOCU,"DocuSign, Inc. - Common Stock",,44,103,0.09941406,52.910000,58.169998,4H当日前50,4H EMA 多头排列已连续维持；4H MACD 零轴上方刚金叉；4H MACD 柱体连续扩张；4H RSI 位于健康强势区间
2026-07-27,2026-07-29,Early,Nasdaq 200,TSCO,Tractor Supply,Consumer Discretionary,45,16,-0.02515720,31.799999,31.000000,4H当日前50,4H EMA9/26 最近金叉且价格在 EMA50 上方；4H MACD 位于 Signal 上方；4H MACD 柱体连续扩张；4H RSI 位于健康强势区间
2026-07-27,2026-07-29,Early,Nasdaq 200,ORLY,O’Reilly Automotive,Consumer Discretionary,46,19,0.00044156,90.589996,90.629997,4H当日前50,4H EMA9/26 最近金叉且价格在 EMA50 上方；4H MACD 位于 Signal 上方；4H MACD 柱体连续扩张；4H RSI 位于健康强势区间
2026-07-27,2026-07-29,Early,Nasdaq 200,DPZ,Domino's,Consumer Discretionary,47,96,0.04794341,343.529999,360.000000,4H当日前50,4H EMA 多头排列已连续维持；4H MACD 位于 Signal 上方；4H MACD 柱体连续扩张
2026-07-27,2026-07-29,Early,Nasdaq 200,COST,Costco,Consumer Staples,48,2,0.02359235,951.580017,974.030029,4H当日前50,4H EMA9/26 最近金叉且价格在 EMA50 上方；4H MACD 位于 Signal 上方；4H MACD 柱体连续扩张；4H RSI 位于健康强势区间
2026-07-27,2026-07-29,Early,Nasdaq 200,WYNN,Wynn Resorts,Consumer Discretionary,49,64,-0.00692071,99.699997,99.010002,4H当日前50,4H EMA9/26 最近金叉且价格在 EMA50 上方；4H MACD 位于 Signal 上方；4H MACD 柱体连续扩张；4H RSI 位于健康强势区间
2026-07-27,2026-07-29,Early,Nasdaq 200,NTNX,"Nutanix, Inc. - Class A Common Stock",,50,90,0.04784524,56.849998,59.570000,4H当日前50,4H EMA 多头排列已连续维持；4H MACD 零轴上方刚金叉；4H MACD 柱体连续扩张；4H RSI 位于健康强势区间
2026-07-27,2026-07-29,Early,Nasdaq Liquid 500,FAST,Fastenal,Industrials,1,52,0.00293871,47.639999,47.779999,4H当日前50,4H EMA9/26 最近金叉且价格在 EMA50 上方；4H MACD 位于 Signal 上方；4H MACD 柱体连续扩张；4H RSI 位于健康强势区间
2026-07-27,2026-07-29,Early,Nasdaq Liquid 500,FUTU,Futu Holdings Limited - American Depositary Shares,,2,4,-0.02292126,104.269997,101.879997,4H当日前50,4H EMA9 已站上 EMA26，等待 26/50 确认；4H MACD 零轴上方刚金叉；4H MACD 柱体连续扩张；4H RSI 位于健康强势区间
2026-07-27,2026-07-29,Early,Nasdaq Liquid 500,MDLZ,Mondelez International,Consumer Staples,3,178,0.07120488,60.669998,64.989998,4H当日前50,4H EMA9 已站上 EMA26，等待 26/50 确认；4H MACD 位于 Signal 上方；4H MACD 柱体连续扩张；4H RSI 位于健康强势区间
2026-07-27,2026-07-29,Early,Nasdaq Liquid 500,COKE,"Coca-Cola Consolidated, Inc. - Common Stock",,4,46,0.03280009,186.279999,192.389999,4H当日前50,4H EMA9/26 最近金叉且价格在 EMA50 上方；4H MACD 位于 Signal 上方；4H MACD 柱体连续扩张；4H RSI 位于健康强势区间
2026-07-27,2026-07-29,Early,Nasdaq Liquid 500,TW,Tradeweb Markets Inc. - Class A Common Stock,,5,116,0.06043230,102.014999,108.180000,4H当日前50,4H EMA9/26 最近金叉且价格在 EMA50 上方；4H MACD 零轴上方刚金叉；4H MACD 柱体连续扩张；4H RSI 位于健康强势区间
2026-07-27,2026-07-29,Early,Nasdaq Liquid 500,TRMB,Trimble Inc.,Information Technology,6,94,0.04428908,55.770000,58.240002,4H当日前50,4H EMA9/26 最近金叉且价格在 EMA50 上方；4H MACD 零轴上方刚金叉；4H MACD 柱体连续扩张；4H RSI 位于健康强势区间
2026-07-27,2026-07-29,Early,Nasdaq Liquid 500,STLD,Steel Dynamics,Materials,7,92,0.00827104,250.270004,252.339996,4H当日前50,4H EMA9 已站上 EMA26，等待 26/50 确认；4H MACD 位于 Signal 上方；4H MACD 柱体连续扩张
2026-07-27,2026-07-29,Early,Nasdaq Liquid 500,VRSN,Verisign,Information Technology,8,156,0.05858382,274.820007,290.920013,4H当日前50,4H EMA9/26 最近金叉且价格在 EMA50 上方；4H MACD 零轴上方刚金叉；4H MACD 柱体连续扩张；4H RSI 位于健康强势区间
2026-07-27,2026-07-29,Early,Nasdaq Liquid 500,BSY,"Bentley Systems, Incorporated - Class B Common Stock",,9,196,0.09641056,33.709999,36.959999,4H当日前50,4H EMA9/26 最近金叉且价格在 EMA50 上方；4H MACD 刚金叉但仍需零轴确认；4H MACD 柱体连续扩张；4H RSI 位于健康强势区间
2026-07-27,2026-07-29,Early,Nasdaq Liquid 500,ADBE,Adobe Inc.,Information Technology,10,106,0.10801259,237.750000,263.429993,4H当日前50,4H EMA9/26 最近金叉且价格在 EMA50 上方；4H MACD 零轴上方刚金叉；4H MACD 柱体连续扩张；4H RSI 位于健康强势区间
2026-07-27,2026-07-29,Early,Nasdaq Liquid 500,TPG,TPG Inc. - Class A Common Stock,,11,152,-0.01862195,42.959999,42.160000,4H当日前50,4H EMA9/26 最近金叉且价格在 EMA50 上方；4H MACD 柱体连续扩张；4H RSI 位于健康强势区间
2026-07-27,2026-07-29,Early,Nasdaq Liquid 500,ADSK,Autodesk,Information Technology,12,142,0.08560929,225.910004,245.250000,4H当日前50,4H EMA9/26 最近金叉且价格在 EMA50 上方；4H MACD 零轴上方刚金叉；4H MACD 柱体连续扩张
2026-07-27,2026-07-29,Early,Nasdaq Liquid 500,KMB,Kimberly-Clark,Consumer Staples,13,42,0.01588296,111.440002,113.209999,4H当日前50,4H EMA9/26 最近金叉且价格在 EMA50 上方；4H MACD 刚金叉但仍需零轴确认；4H MACD 柱体连续扩张；4H RSI 位于健康强势区间
2026-07-27,2026-07-29,Early,Nasdaq Liquid 500,ENSG,"The Ensign Group, Inc. - Common Stock",,14,56,0.02145219,178.070007,181.889999,4H当日前50,4H EMA 多头排列已连续维持；4H MACD 零轴上方刚金叉；4H MACD 柱体连续扩张；4H RSI 位于健康强势区间
2026-07-27,2026-07-29,Early,Nasdaq Liquid 500,PODD,Insulet Corporation,Health Care,15,23,0.03406058,165.000000,170.619995,4H当日前50,4H EMA 多头排列已连续维持；4H MACD 零轴上方刚金叉；4H MACD 柱体连续扩张；4H RSI 位于健康强势区间
2026-07-27,2026-07-29,Early,Nasdaq Liquid 500,BKNG,Booking Holdings,Consumer Discretionary,16,192,0.07768087,186.789993,201.300003,4H当日前50,4H EMA9/26 最近金叉且价格在 EMA50 上方；4H MACD 零轴上方刚金叉；4H MACD 柱体连续扩张；4H RSI 位于健康强势区间
2026-07-27,2026-07-29,Early,Nasdaq Liquid 500,LNTH,LANTHEUS HOLDINGS INC,Health Care,17,328,-0.07433120,108.029999,100.000000,4H当日前50,4H EMA9/26 最近金叉且价格在 EMA50 上方；4H MACD 刚金叉但仍需零轴确认；4H MACD 柱体连续扩张；4H RSI 位于健康强势区间
2026-07-27,2026-07-29,Early,Nasdaq Liquid 500,CZR,"Caesars Entertainment, Inc. - Common Stock",,18,283,-0.00667331,29.969999,29.770000,4H当日前50,4H EMA9/26 最近金叉且价格在 EMA50 上方；4H MACD 零轴上方刚金叉；4H MACD 柱体连续扩张；4H RSI 位于健康强势区间
2026-07-27,2026-07-29,Early,Nasdaq Liquid 500,PDD,PDD Holdings Inc. - American Depositary Shares,,19,24,0.04089572,84.849998,88.320000,4H当日前50,4H EMA9/26 最近金叉且价格在 EMA50 上方；4H MACD 柱体连续扩张；4H RSI 位于健康强势区间
2026-07-27,2026-07-29,Early,Nasdaq Liquid 500,CG,The Carlyle Group Inc. - Common Stock,,20,205,-0.03413997,46.279999,44.700001,4H当日前50,4H EMA 多头排列已连续维持；4H MACD 零轴上方刚金叉；4H MACD 柱体连续扩张；4H RSI 位于健康强势区间
2026-07-27,2026-07-29,Early,Nasdaq Liquid 500,CEG,Constellation Energy,Utilities,21,177,-0.04462959,270.000000,257.950012,4H当日前50,4H MACD 位于 Signal 上方；4H RSI 位于健康强势区间
2026-07-27,2026-07-29,Early,Nasdaq Liquid 500,COIN,Coinbase,Financials,22,3,-0.04418179,167.490005,160.089996,4H当日前50,4H EMA9 已站上 EMA26，等待 26/50 确认；4H MACD 柱体连续扩张；4H RSI 位于健康强势区间
2026-07-27,2026-07-29,Early,Nasdaq Liquid 500,TEAM,Atlassian Corporation  - Class A Common Stock,,23,172,0.08772291,95.870003,104.279999,4H当日前50,4H EMA9/26 最近金叉且价格在 EMA50 上方；4H MACD 零轴上方刚金叉；4H MACD 柱体连续扩张；4H RSI 位于健康强势区间
2026-07-27,2026-07-29,Early,Nasdaq Liquid 500,CGON,CG ONCOLOGY INC,Health Care,24,301,-0.05984758,73.519997,69.120003,4H当日前50,4H EMA9/26 最近金叉且价格在 EMA50 上方；4H MACD 柱体连续扩张；4H RSI 位于健康强势区间
2026-07-27,2026-07-29,Early,Nasdaq Liquid 500,EXPE,Expedia Group,Consumer Discretionary,25,186,0.09304162,278.369995,304.269989,4H当日前50,4H EMA9/26 最近金叉且价格在 EMA50 上方；4H MACD 零轴上方刚金叉；4H MACD 柱体连续扩张；4H RSI 位于健康强势区间
2026-07-27,2026-07-29,Early,Nasdaq Liquid 500,MAT,"Mattel, Inc. - Common Stock",,26,76,0.03851351,14.800000,15.370000,4H当日前50,4H EMA 多头排列已连续维持；4H MACD 位于 Signal 上方；4H MACD 柱体连续扩张；4H RSI 位于健康强势区间
2026-07-27,2026-07-29,Early,Nasdaq Liquid 500,SIRI,SiriusXM Holdings Inc. - Common Stock,,27,163,0.04388216,31.219999,32.590000,4H当日前50,4H EMA9/26 最近金叉且价格在 EMA50 上方；4H MACD 零轴上方刚金叉；4H MACD 柱体连续扩张；4H RSI 位于健康强势区间
2026-07-27,2026-07-29,Early,Nasdaq Liquid 500,HLNE,Hamilton Lane Incorporated - Class A Common Stock,,28,39,0.01117322,87.709999,88.690002,4H当日前50,4H EMA 多头排列已连续维持；4H MACD 零轴上方刚金叉；4H MACD 柱体连续扩张；4H RSI 位于健康强势区间
2026-07-27,2026-07-29,Early,Nasdaq Liquid 500,CPB,The Campbell's Company - Common Stock,,29,34,0.02637452,22.370001,22.959999,4H当日前50,4H MACD 刚金叉但仍需零轴确认；4H MACD 柱体连续扩张；4H RSI 位于健康强势区间
2026-07-27,2026-07-29,Early,Nasdaq Liquid 500,ABNB,Airbnb,Consumer Discretionary,30,54,0.04187658,146.860001,153.009995,4H当日前50,4H MACD 刚金叉但仍需零轴确认；4H MACD 柱体连续扩张；4H RSI 位于健康强势区间
2026-07-27,2026-07-29,Early,Nasdaq Liquid 500,EXE,Expand Energy,Energy,31,33,0.02154455,90.510002,92.459999,4H当日前50,4H MACD 位于 Signal 上方；4H RSI 位于健康强势区间
2026-07-27,2026-07-29,Early,Nasdaq Liquid 500,CVLT,COMMVAULT SYSTEMS INC,Information Technology,32,407,-0.19503551,149.460007,120.309998,4H当日前50,4H EMA9/26 最近金叉且价格在 EMA50 上方；4H MACD 刚金叉但仍需零轴确认；4H MACD 柱体连续扩张；4H RSI 位于健康强势区间
2026-07-27,2026-07-29,Early,Nasdaq Liquid 500,HON,Honeywell Technologies,Industrials,33,98,-0.01884031,245.750000,241.119995,4H当日前50,4H EMA 多头排列已连续维持；4H MACD 位于 Signal 上方
2026-07-27,2026-07-29,Early,Nasdaq Liquid 500,WIX,Wix.com Ltd. - Ordinary Shares,,34,141,0.08661699,56.340000,61.220001,4H当日前50,4H EMA 多头排列已连续维持；4H MACD 零轴上方刚金叉；4H MACD 柱体连续扩张；4H RSI 位于健康强势区间
2026-07-27,2026-07-29,Early,Nasdaq Liquid 500,URBN,URBAN OUTFITTERS INC,Consumer Discretionary,35,63,0.03842447,72.610001,75.400002,4H当日前50,4H MACD 柱体连续扩张；4H RSI 位于健康强势区间
2026-07-27,2026-07-29,Early,Nasdaq Liquid 500,MORN,"Morningstar, Inc. - Common Stock",,36,240,0.08896569,182.429993,198.660004,4H当日前50,4H EMA 多头排列已连续维持；4H MACD 零轴上方刚金叉；4H MACD 柱体连续扩张；4H RSI 位于健康强势区间
2026-07-27,2026-07-29,Early,Nasdaq Liquid 500,TRI,Thomson Reuters Corp - Common Shares,,37,199,0.08776589,97.760002,106.339996,4H当日前50,4H EMA9/26 最近金叉且价格在 EMA50 上方；4H MACD 零轴上方刚金叉；4H MACD 柱体连续扩张；4H RSI 位于健康强势区间
2026-07-27,2026-07-29,Early,Nasdaq Liquid 500,LOGI,Logitech International S.A. - Registered Shares,,38,281,-0.04479690,107.820000,102.989998,4H当日前50,4H MACD 位于 Signal 上方；4H MACD 柱体连续扩张；4H RSI 位于健康强势区间
2026-07-27,2026-07-29,Early,Nasdaq Liquid 500,WDAY,"Workday, Inc.",Information Technology,39,200,0.13874206,147.539993,168.009995,4H当日前50,4H EMA9/26 最近金叉且价格在 EMA50 上方；4H MACD 零轴上方刚金叉；4H MACD 柱体连续扩张；4H RSI 位于健康强势区间
2026-07-27,2026-07-29,Early,Nasdaq Liquid 500,HST,Host Hotels & Resorts,Real Estate,40,129,0.02282747,24.969999,25.540001,4H当日前50,4H EMA 多头排列已连续维持；4H MACD 位于 Signal 上方；4H MACD 柱体连续扩张；4H RSI 位于健康强势区间
2026-07-27,2026-07-29,Early,Nasdaq Liquid 500,ULTA,Ulta Beauty,Consumer Discretionary,41,40,0.05739732,480.510010,508.089996,4H当日前50,4H MACD 柱体连续扩张；4H RSI 位于健康强势区间
2026-07-27,2026-07-29,Early,Nasdaq Liquid 500,CDW,CDW Corporation,Information Technology,42,139,0.07157350,138.039993,147.919998,4H当日前50,4H MACD 刚金叉但仍需零轴确认；4H MACD 柱体连续扩张；4H RSI 位于健康强势区间
2026-07-27,2026-07-29,Early,Nasdaq Liquid 500,ZBRA,Zebra Technologies,Information Technology,43,113,0.06950382,264.589996,282.980011,4H当日前50,4H EMA9/26 最近金叉且价格在 EMA50 上方；4H MACD 柱体连续扩张；4H RSI 位于健康强势区间
2026-07-27,2026-07-29,Early,Nasdaq Liquid 500,INTU,Intuit,Information Technology,45,140,0.09614689,303.910004,333.130005,4H当日前50,4H MACD 零轴上方刚金叉；4H MACD 柱体连续扩张；4H RSI 位于健康强势区间
2026-07-27,2026-07-29,Early,Nasdaq Liquid 500,FIVE,"Five Below, Inc. - Common Stock",,46,28,0.01134501,207.139999,209.490005,4H当日前50,4H EMA 多头排列已连续维持；4H MACD 柱体连续扩张；4H RSI 位于健康强势区间
2026-07-27,2026-07-29,Early,Nasdaq Liquid 500,EXC,Exelon,Utilities,47,62,-0.00254513,47.150002,47.029999,4H当日前50,4H EMA 多头排列已连续维持；4H MACD 位于 Signal 上方；4H RSI 位于健康强势区间
2026-07-27,2026-07-29,Early,Nasdaq Liquid 500,ESLT,Elbit Systems Ltd. - Ordinary Shares,,48,206,-0.05383462,812.859985,769.099976,4H当日前50,4H MACD 位于 Signal 上方；4H RSI 位于健康强势区间
2026-07-27,2026-07-29,Early,Nasdaq Liquid 500,SNY,Sanofi - American Depositary Shares,,49,16,0.01931814,44.000000,44.849998,4H当日前50,4H MACD 柱体连续扩张；4H RSI 位于健康强势区间
2026-07-27,2026-07-29,Early,Nasdaq Liquid 500,TGTX,TG THERAPEUTICS INC,Health Care,50,287,-0.04071749,55.750000,53.480000,4H当日前50,4H EMA 多头排列已连续维持；4H MACD 零轴上方刚金叉；4H MACD 柱体连续扩张；4H RSI 位于健康强势区间
2026-07-27,2026-07-29,Early,Russell,HZO,MARINEMAX INC,Consumer Discretionary,1,987,-0.06392946,36.290001,33.970001,4H当日前50,4H EMA9/26 最近金叉且价格在 EMA50 上方；4H MACD 位于 Signal 上方；4H MACD 柱体连续扩张；4H RSI 位于健康强势区间
2026-07-27,2026-07-29,Early,Russell,OLMA,OLEMA PHARMACEUTICALS INC,Health Care,2,1393,-0.06827644,12.010000,11.190000,4H当日前50,4H EMA9/26 最近金叉且价格在 EMA50 上方；4H MACD 位于 Signal 上方；4H MACD 柱体连续扩张；4H RSI 位于健康强势区间
2026-07-27,2026-07-29,Early,Russell,CUBI,CUSTOMERS BANCORP INC,Financials,3,126,0.00010178,78.641998,78.650002,4H当日前50,4H EMA9/26 最近金叉且价格在 EMA50 上方；4H MACD 刚金叉但仍需零轴确认；4H MACD 柱体连续扩张；4H RSI 位于健康强势区间
2026-07-27,2026-07-29,Early,Russell,ADNT,ADIENT PLC,Consumer Discretionary,4,125,0.04249160,20.709999,21.590000,4H当日前50,4H EMA9 已站上 EMA26，等待 26/50 确认；4H MACD 位于 Signal 上方；4H MACD 柱体连续扩张；4H RSI 位于健康强势区间
2026-07-27,2026-07-29,Early,Russell,ASC,ARDMORE SHIPPING CORP,Energy,5,123,0.02165967,16.389999,16.745001,4H当日前50,4H EMA9 已站上 EMA26，等待 26/50 确认；4H MACD 位于 Signal 上方；4H RSI 位于健康强势区间
2026-07-27,2026-07-29,Early,Russell,MC,MOELIS CLASS A,Financials,6,1290,-0.03658361,67.790001,65.309998,4H当日前50,4H EMA9/26 最近金叉且价格在 EMA50 上方；4H MACD 刚金叉但仍需零轴确认；4H MACD 柱体连续扩张；4H RSI 位于健康强势区间
2026-07-27,2026-07-29,Early,Russell,SMP,STANDARD MOTOR PRODUCTS INC,Consumer Discretionary,7,227,0.04084254,38.930000,40.520000,4H当日前50,4H EMA9 已站上 EMA26，等待 26/50 确认；4H MACD 位于 Signal 上方；4H MACD 柱体连续扩张；4H RSI 位于健康强势区间
2026-07-27,2026-07-29,Early,Russell,ARLO,ARLO TECHNOLOGIES INC,Information Technology,8,485,0.04610951,13.880000,14.520000,4H当日前50,4H EMA9/26 最近金叉且价格在 EMA50 上方；4H MACD 零轴上方刚金叉；4H MACD 柱体连续扩张；4H RSI 位于健康强势区间
2026-07-27,2026-07-29,Early,Russell,BL,BLACKLINE INC,Information Technology,9,105,0.05772994,30.660000,32.430000,4H当日前50,4H EMA9/26 最近金叉且价格在 EMA50 上方；4H MACD 零轴上方刚金叉；4H MACD 柱体连续扩张；4H RSI 位于健康强势区间
2026-07-27,2026-07-29,Early,Russell,EAF,GRAFTECH INTERNATIONAL LTD,Industrials,10,26,-0.09370988,7.790000,7.060000,4H当日前50,4H EMA9 已站上 EMA26，等待 26/50 确认；4H MACD 位于 Signal 上方；4H MACD 柱体连续扩张；4H RSI 位于健康强势区间
2026-07-27,2026-07-29,Early,Russell,JBI,JANUS INTERNATIONAL GROUP INC,Industrials,11,1405,-0.04100652,5.365000,5.145000,4H当日前50,4H EMA9/26 最近金叉且价格在 EMA50 上方；4H MACD 刚金叉但仍需零轴确认；4H MACD 柱体连续扩张；4H RSI 位于健康强势区间
2026-07-27,2026-07-29,Early,Russell,IBP,INSTALLED BUILDING PRODUCTS INC,Consumer Discretionary,12,61,0.01016960,228.130005,230.449997,4H当日前50,4H EMA 多头排列已连续维持；4H MACD 零轴上方刚金叉；4H MACD 柱体连续扩张；4H RSI 位于健康强势区间
2026-07-27,2026-07-29,Early,Russell,OMER,OMEROS CORP,Health Care,13,129,0.02910053,11.340000,11.670000,4H当日前50,4H EMA9/26 最近金叉且价格在 EMA50 上方；4H MACD 位于 Signal 上方；4H MACD 柱体连续扩张；4H RSI 位于健康强势区间
2026-07-27,2026-07-29,Early,Russell,SMID,SMITH MIDLAND CORP,Materials,14,667,-0.05462188,30.940001,29.250000,4H当日前50,4H EMA9 已站上 EMA26，等待 26/50 确认；4H MACD 位于 Signal 上方；4H MACD 柱体连续扩张；4H RSI 位于健康强势区间
2026-07-27,2026-07-29,Early,Russell,PKE,PARK AEROSPACE CORP,Industrials,15,1460,-0.08367969,36.090000,33.070000,4H当日前50,4H EMA9/26 最近金叉且价格在 EMA50 上方；4H MACD 位于 Signal 上方；4H MACD 柱体连续扩张；4H RSI 位于健康强势区间
2026-07-27,2026-07-29,Early,Russell,BRCB,BLACK ROCK COFFEE BAR INC CLASS A,Consumer Discretionary,16,426,-0.03841537,8.330000,8.010000,4H当日前50,4H EMA9/26 最近金叉且价格在 EMA50 上方；4H MACD 零轴上方刚金叉；4H MACD 柱体连续扩张；4H RSI 位于健康强势区间
2026-07-27,2026-07-29,Early,Russell,LKFN,LAKELAND FINANCIAL CORP,Financials,17,229,-0.00031564,63.349998,63.330002,4H当日前50,4H EMA9/26 最近金叉且价格在 EMA50 上方；4H MACD 零轴上方刚金叉；4H MACD 柱体连续扩张；4H RSI 位于健康强势区间
2026-07-27,2026-07-29,Early,Russell,GRDN,GUARDIAN PHARMACY SERVICES INC CLA,Health Care,18,276,-0.01277423,41.490002,40.959999,4H当日前50,4H EMA9/26 最近金叉且价格在 EMA50 上方；4H MACD 位于 Signal 上方；4H MACD 柱体连续扩张；4H RSI 位于健康强势区间
2026-07-27,2026-07-29,Early,Russell,AHRT,AH REALTY INC,Real Estate,19,307,-0.00070771,7.065000,7.060000,4H当日前50,4H EMA9/26 最近金叉且价格在 EMA50 上方；4H MACD 零轴上方刚金叉；4H MACD 柱体连续扩张；4H RSI 位于健康强势区间
2026-07-27,2026-07-29,Early,Russell,WGO,WINNEBAGO INDUSTRIES INC,Consumer Discretionary,20,30,0.02474287,31.120001,31.889999,4H当日前50,4H EMA 多头排列已连续维持；4H MACD 零轴上方刚金叉；4H MACD 柱体连续扩张；4H RSI 位于健康强势区间
2026-07-27,2026-07-29,Early,Russell,FDBC,FIDELITY D AND D BANCORP INC,Financials,21,75,0.02870442,51.560001,53.040001,4H当日前50,4H EMA9/26 最近金叉且价格在 EMA50 上方；4H MACD 零轴上方刚金叉；4H MACD 柱体连续扩张；4H RSI 位于健康强势区间
2026-07-27,2026-07-29,Early,Russell,NLOP,NET LEASE OFFICE PROPERTIES,Real Estate,22,76,0.01901469,11.570000,11.790000,4H当日前50,4H EMA9/26 最近金叉且价格在 EMA50 上方；4H RSI 位于健康强势区间
2026-07-27,2026-07-29,Early,Russell,NMRK,NEWMARK GROUP INC CLASS A,Real Estate,23,1110,-0.06293266,15.890000,14.890000,4H当日前50,4H EMA9/26 最近金叉且价格在 EMA50 上方；4H MACD 零轴上方刚金叉；4H MACD 柱体连续扩张；4H RSI 位于健康强势区间
2026-07-27,2026-07-29,Early,Russell,AVTX,AVALO THERAPEUTICS INC,Health Care,24,479,-0.02512821,19.500000,19.010000,4H当日前50,4H EMA9/26 最近金叉且价格在 EMA50 上方；4H MACD 零轴上方刚金叉；4H MACD 柱体连续扩张；4H RSI 位于健康强势区间
2026-07-27,2026-07-29,Early,Russell,NE,NOBLE CORPORATION PLC,Energy,25,1349,-0.04959453,43.150002,41.009998,4H当日前50,4H EMA9 已站上 EMA26，等待 26/50 确认；4H MACD 位于 Signal 上方；4H RSI 位于健康强势区间
2026-07-27,2026-07-29,Early,Russell,RCKY,ROCKY BRANDS INC,Consumer Discretionary,26,893,0.18199318,41.540001,49.099998,4H当日前50,4H EMA9/26 最近金叉且价格在 EMA50 上方；4H MACD 零轴上方刚金叉；4H MACD 柱体连续扩张；4H RSI 位于健康强势区间
2026-07-27,2026-07-29,Early,Russell,HUN,HUNTSMAN CORP,Materials,27,1291,0.01796662,11.744000,11.955000,4H当日前50,4H EMA9 已站上 EMA26，等待 26/50 确认
2026-07-27,2026-07-29,Early,Russell,NNI,NELNET INC CLASS A,Financials,28,178,0.02960700,134.089996,138.059998,4H当日前50,4H EMA9/26 最近金叉且价格在 EMA50 上方；4H MACD 零轴上方刚金叉；4H MACD 柱体连续扩张；4H RSI 位于健康强势区间
2026-07-27,2026-07-29,Early,Russell,RCMT,RCM TECHNOLOGIES INC,Industrials,29,81,0.01858470,27.980000,28.500000,4H当日前50,4H EMA9/26 最近金叉且价格在 EMA50 上方；4H MACD 零轴上方刚金叉；4H MACD 柱体连续扩张；4H RSI 位于健康强势区间
2026-07-27,2026-07-29,Early,Russell,ASIX,ADVANSIX INC,Materials,30,1274,-0.00937808,20.260000,20.070000,4H当日前50,4H EMA9 已站上 EMA26，等待 26/50 确认
2026-07-27,2026-07-29,Early,Russell,JOUT,JOHNSON OUTDOORS INC CLASS A,Consumer Discretionary,31,39,0.00466788,47.130001,47.349998,4H当日前50,4H MACD 零轴上方刚金叉；4H MACD 柱体连续扩张；4H RSI 位于健康强势区间
2026-07-27,2026-07-29,Early,Russell,WRLD,WORLD ACCEPTANCE CORP,Financials,32,1319,-0.05244347,195.830002,185.559998,4H当日前50,4H EMA9/26 最近金叉且价格在 EMA50 上方；4H MACD 刚金叉但仍需零轴确认；4H RSI 位于健康强势区间
2026-07-27,2026-07-29,Early,Russell,LZB,LA-Z-BOY INC,Consumer Discretionary,33,157,0.01386820,40.380001,40.939999,4H当日前50,4H EMA9/26 最近金叉且价格在 EMA50 上方；4H MACD 零轴上方刚金叉；4H MACD 柱体连续扩张；4H RSI 位于健康强势区间
2026-07-27,2026-07-29,Early,Russell,PKBK,PARKE BANCORP INC,Financials,34,138,0.01255987,33.439999,33.860001,4H当日前50,4H EMA9/26 最近金叉且价格在 EMA50 上方；4H MACD 零轴上方刚金叉；4H MACD 柱体连续扩张；4H RSI 位于健康强势区间
2026-07-27,2026-07-29,Early,Russell,UVV,UNIVERSAL CORP,Consumer Staples,35,187,0.02322767,53.599998,54.845001,4H当日前50,4H EMA 多头排列已连续维持；4H MACD 位于 Signal 上方；4H RSI 位于健康强势区间
2026-07-27,2026-07-29,Early,Russell,NECB,NORTHEAST COMMUNITY BANCORP INC,Financials,36,149,0.01235030,26.719999,27.049999,4H当日前50,4H EMA9/26 最近金叉且价格在 EMA50 上方；4H MACD 位于 Signal 上方；4H MACD 柱体连续扩张；4H RSI 位于健康强势区间
2026-07-27,2026-07-29,Early,Russell,HOPE,HOPE BANCORP INC,Financials,37,292,0.02170767,13.820000,14.120000,4H当日前50,4H EMA9/26 最近金叉且价格在 EMA50 上方；4H MACD 零轴上方刚金叉；4H MACD 柱体连续扩张；4H RSI 位于健康强势区间
2026-07-27,2026-07-29,Early,Russell,UVE,UNIVERSAL INSURANCE HOLDINGS INC,Financials,38,661,0.03926099,43.299999,45.000000,4H当日前50,4H EMA9/26 最近金叉且价格在 EMA50 上方；4H MACD 位于 Signal 上方；4H MACD 柱体连续扩张；4H RSI 位于健康强势区间
2026-07-27,2026-07-29,Early,Russell,ATLC,ATLANTICUS HOLDINGS CORP,Financials,39,186,-0.00067179,104.199997,104.129997,4H当日前50,4H EMA9/26 最近金叉且价格在 EMA50 上方；4H MACD 刚金叉但仍需零轴确认；4H MACD 柱体连续扩张；4H RSI 位于健康强势区间
2026-07-27,2026-07-29,Early,Russell,UPWK,UPWORK INC,Industrials,40,102,0.02915767,9.260000,9.530000,4H当日前50,4H EMA9/26 最近金叉且价格在 EMA50 上方；4H MACD 柱体连续扩张；4H RSI 位于健康强势区间
2026-07-27,2026-07-29,Early,Russell,MCFT,MASTERCRAFT BOAT HOLDINGS INC,Consumer Discretionary,41,329,-0.00965406,24.860001,24.620001,4H当日前50,4H EMA9/26 最近金叉且价格在 EMA50 上方；4H MACD 零轴上方刚金叉；4H MACD 柱体连续扩张；4H RSI 位于健康强势区间
2026-07-27,2026-07-29,Early,Russell,BNED,BARNES AND NOBLE EDUCATION INC,Consumer Discretionary,42,299,-0.02258567,12.840000,12.550000,4H当日前50,4H EMA9/26 最近金叉且价格在 EMA50 上方；4H MACD 零轴上方刚金叉；4H MACD 柱体连续扩张；4H RSI 位于健康强势区间
2026-07-27,2026-07-29,Early,Russell,LNTH,LANTHEUS HOLDINGS INC,Health Care,43,1310,-0.07433120,108.029999,100.000000,4H当日前50,4H EMA9/26 最近金叉且价格在 EMA50 上方；4H MACD 刚金叉但仍需零轴确认；4H MACD 柱体连续扩张；4H RSI 位于健康强势区间
2026-07-27,2026-07-29,Early,Russell,PBH,PRESTIGE CONSUMER HEALTHCARE INC,Health Care,44,70,0.03593411,50.369999,52.180000,4H当日前50,4H EMA 多头排列已连续维持；4H MACD 零轴上方刚金叉；4H MACD 柱体连续扩张；4H RSI 位于健康强势区间
2026-07-27,2026-07-29,Early,Russell,SR,SPIRE INC,Utilities,45,597,-0.01637355,82.449997,81.099998,4H当日前50,4H EMA 多头排列已连续维持；4H MACD 位于 Signal 上方；4H RSI 位于健康强势区间
2026-07-27,2026-07-29,Early,Russell,TSBK,TIMBERLAND BANCORP INC,Financials,46,144,0.02295450,44.000000,45.009998,4H当日前50,4H EMA9/26 最近金叉且价格在 EMA50 上方；4H MACD 刚金叉但仍需零轴确认；4H MACD 柱体连续扩张；4H RSI 位于健康强势区间
2026-07-27,2026-07-29,Early,Russell,PPHC,PUBLIC POLICY HOLDING INC,Industrials,47,696,0.12101911,9.420000,10.560000,4H当日前50,4H EMA9 已站上 EMA26，等待 26/50 确认；4H MACD 位于 Signal 上方；4H MACD 柱体连续扩张；4H RSI 位于健康强势区间
2026-07-27,2026-07-29,Early,Russell,WHG,WESTWOOD HOLDINGS GROUP INC,Financials,48,210,-0.00254707,19.629999,19.580000,4H当日前50,4H EMA9/26 最近金叉且价格在 EMA50 上方；4H MACD 零轴上方刚金叉；4H MACD 柱体连续扩张；4H RSI 位于健康强势区间
2026-07-27,2026-07-29,Early,Russell,HTB,HOMETRUST BANCSHARES INC,Financials,49,577,0.04054876,49.570000,51.580002,4H当日前50,4H EMA9/26 最近金叉且价格在 EMA50 上方；4H MACD 刚金叉但仍需零轴确认；4H MACD 柱体连续扩张；4H RSI 位于健康强势区间
2026-07-27,2026-07-29,Early,Russell,ATMU,ATMUS FILTRATION TECHNOLOGIES INC,Industrials,50,628,-0.07038878,54.270000,50.450001,4H当日前50,4H EMA 多头排列已连续维持；4H MACD 位于 Signal 上方；4H RSI 位于健康强势区间
2026-07-27,2026-07-29,Prism,S&P 500,STE,Steris,Health Care,1,227,0.07472720,218.595001,234.929993,4H当日前50,4H EMA9/26 最近金叉且价格在 EMA50 上方；4H MACD 零轴上方刚金叉；4H MACD 柱体连续扩张；4H RSI 位于健康强势区间
2026-07-27,2026-07-29,Prism,S&P 500,BAX,Baxter International,Health Care,2,164,0.06083976,23.340000,24.760000,4H当日前50,4H EMA9/26 最近金叉且价格在 EMA50 上方；4H MACD 零轴上方刚金叉；4H MACD 柱体连续扩张；4H RSI 位于健康强势区间
2026-07-27,2026-07-29,Prism,S&P 500,KMB,Kimberly-Clark,Consumer Staples,3,78,0.01588296,111.440002,113.209999,4H当日前50,4H EMA9/26 最近金叉且价格在 EMA50 上方；4H MACD 刚金叉但仍需零轴确认；4H MACD 柱体连续扩张；4H RSI 位于健康强势区间
2026-07-27,2026-07-29,Prism,S&P 500,FTV,Fortive,Industrials,4,368,-0.05317539,62.904999,59.560001,4H当日前50,4H EMA9/26 最近金叉且价格在 EMA50 上方；4H MACD 位于 Signal 上方；4H MACD 柱体连续扩张；4H RSI 位于健康强势区间
2026-07-27,2026-07-29,Prism,S&P 500,FAST,Fastenal,Industrials,5,74,0.00293871,47.639999,47.779999,4H当日前50,4H EMA9/26 最近金叉且价格在 EMA50 上方；4H MACD 位于 Signal 上方；4H MACD 柱体连续扩张；4H RSI 位于健康强势区间
2026-07-27,2026-07-29,Prism,S&P 500,AOS,A. O. Smith,Industrials,6,148,-0.00704341,62.470001,62.029999,4H当日前50,4H EMA9/26 最近金叉且价格在 EMA50 上方；4H MACD 位于 Signal 上方；4H MACD 柱体连续扩张；4H RSI 位于健康强势区间
2026-07-27,2026-07-29,Prism,S&P 500,CLX,Clorox,Consumer Staples,7,68,0.02257797,97.440002,99.639999,4H当日前50,4H EMA9/26 最近金叉且价格在 EMA50 上方；4H MACD 刚金叉但仍需零轴确认；4H MACD 柱体连续扩张；4H RSI 位于健康强势区间
2026-07-27,2026-07-29,Prism,S&P 500,HSY,Hershey Company (The),Consumer Staples,8,186,0.02130845,180.210007,184.050003,4H当日前50,4H EMA9/26 最近金叉且价格在 EMA50 上方；4H MACD 位于 Signal 上方；4H MACD 柱体连续扩张；4H RSI 位于健康强势区间
2026-07-27,2026-07-29,Prism,S&P 500,APO,Apollo Global Management,Financials,9,25,-0.03557921,124.230003,119.809998,4H当日前50,4H EMA9/26 最近金叉且价格在 EMA50 上方；4H MACD 位于 Signal 上方；4H MACD 柱体连续扩张；4H RSI 位于健康强势区间
2026-07-27,2026-07-29,Prism,S&P 500,BR,Broadridge Financial Solutions,Industrials,10,183,0.04321911,152.710007,159.309998,4H当日前50,4H EMA9/26 最近金叉且价格在 EMA50 上方；4H MACD 零轴上方刚金叉；4H MACD 柱体连续扩张；4H RSI 位于健康强势区间
2026-07-27,2026-07-29,Prism,S&P 500,BSX,Boston Scientific,Health Care,11,18,0.01208532,45.509998,46.060001,4H当日前50,4H EMA9/26 最近金叉且价格在 EMA50 上方；4H MACD 位于 Signal 上方；4H MACD 柱体连续扩张；4H RSI 位于健康强势区间
2026-07-27,2026-07-29,Prism,S&P 500,SOLV,Solventum,Health Care,12,326,0.10043508,80.449997,88.529999,4H当日前50,4H EMA9/26 最近金叉且价格在 EMA50 上方；4H MACD 零轴上方刚金叉；4H MACD 柱体连续扩张；4H RSI 位于健康强势区间
2026-07-27,2026-07-29,Prism,S&P 500,VRSN,Verisign,Information Technology,13,151,0.05858382,274.820007,290.920013,4H当日前50,4H EMA9/26 最近金叉且价格在 EMA50 上方；4H MACD 零轴上方刚金叉；4H MACD 柱体连续扩张；4H RSI 位于健康强势区间
2026-07-27,2026-07-29,Prism,S&P 500,KO,Coca-Cola Company (The),Consumer Staples,14,273,0.05980974,84.099998,89.129997,4H当日前50,4H EMA9/26 最近金叉且价格在 EMA50 上方；4H MACD 刚金叉但仍需零轴确认；4H MACD 柱体连续扩张；4H RSI 位于健康强势区间
2026-07-27,2026-07-29,Prism,S&P 500,CBRE,CBRE Group,Real Estate,15,178,0.02769381,143.895004,147.880005,4H当日前50,4H EMA9/26 最近金叉且价格在 EMA50 上方；4H MACD 零轴上方刚金叉；4H MACD 柱体连续扩张；4H RSI 位于健康强势区间
2026-07-27,2026-07-29,Prism,S&P 500,FICO,Fair Isaac,Information Technology,16,144,0.07324639,1279.380005,1373.089966,4H当日前50,4H EMA9/26 最近金叉且价格在 EMA50 上方；4H MACD 零轴上方刚金叉；4H MACD 柱体连续扩张；4H RSI 位于健康强势区间
2026-07-27,2026-07-29,Prism,S&P 500,COST,Costco,Consumer Staples,17,20,0.02359235,951.580017,974.030029,4H当日前50,4H EMA9/26 最近金叉且价格在 EMA50 上方；4H MACD 位于 Signal 上方；4H MACD 柱体连续扩张；4H RSI 位于健康强势区间
2026-07-27,2026-07-29,Prism,S&P 500,CI,Cigna,Health Care,18,113,0.01860253,291.089996,296.505005,4H当日前50,4H EMA9/26 最近金叉且价格在 EMA50 上方；4H MACD 刚金叉但仍需零轴确认；4H MACD 柱体连续扩张；4H RSI 位于健康强势区间
2026-07-27,2026-07-29,Prism,S&P 500,HII,Huntington Ingalls Industries,Industrials,19,5,-0.02603599,288.255005,280.750000,4H当日前50,4H EMA9 已站上 EMA26，等待 26/50 确认；4H MACD 位于 Signal 上方；4H RSI 位于健康强势区间
2026-07-27,2026-07-29,Prism,S&P 500,TSN,Tyson Foods,Consumer Staples,20,96,0.00560040,60.709999,61.049999,4H当日前50,4H EMA9/26 最近金叉且价格在 EMA50 上方；4H MACD 刚金叉但仍需零轴确认；4H MACD 柱体连续扩张；4H RSI 位于健康强势区间
2026-07-27,2026-07-29,Prism,S&P 500,ADBE,Adobe Inc.,Information Technology,21,197,0.10801259,237.750000,263.429993,4H当日前50,4H EMA9/26 最近金叉且价格在 EMA50 上方；4H MACD 零轴上方刚金叉；4H MACD 柱体连续扩张；4H RSI 位于健康强势区间
2026-07-27,2026-07-29,Prism,S&P 500,WDAY,"Workday, Inc.",Information Technology,22,199,0.13874206,147.539993,168.009995,4H当日前50,4H EMA9/26 最近金叉且价格在 EMA50 上方；4H MACD 零轴上方刚金叉；4H MACD 柱体连续扩张；4H RSI 位于健康强势区间
2026-07-27,2026-07-29,Prism,S&P 500,TRMB,Trimble Inc.,Information Technology,23,193,0.04428908,55.770000,58.240002,4H当日前50,4H EMA9/26 最近金叉且价格在 EMA50 上方；4H MACD 零轴上方刚金叉；4H MACD 柱体连续扩张；4H RSI 位于健康强势区间
2026-07-27,2026-07-29,Prism,S&P 500,BRO,Brown & Brown,Financials,24,257,0.07492466,69.669998,74.889999,4H当日前50,4H EMA9/26 最近金叉且价格在 EMA50 上方；4H MACD 零轴上方刚金叉；4H MACD 柱体连续扩张；4H RSI 位于健康强势区间
2026-07-27,2026-07-29,Prism,S&P 500,BKNG,Booking Holdings,Consumer Discretionary,25,282,0.07768087,186.789993,201.300003,4H当日前50,4H EMA9/26 最近金叉且价格在 EMA50 上方；4H MACD 零轴上方刚金叉；4H MACD 柱体连续扩张；4H RSI 位于健康强势区间
2026-07-27,2026-07-29,Prism,S&P 500,CRM,Salesforce,Information Technology,26,223,0.08591186,173.550003,188.460007,4H当日前50,4H EMA9/26 最近金叉且价格在 EMA50 上方；4H MACD 零轴上方刚金叉；4H MACD 柱体连续扩张；4H RSI 位于健康强势区间
2026-07-27,2026-07-29,Prism,S&P 500,EQT,EQT Corporation,Energy,27,8,0.01124998,52.000000,52.584999,4H当日前50,4H EMA9 已站上 EMA26，等待 26/50 确认；4H MACD 位于 Signal 上方；4H RSI 位于健康强势区间
2026-07-27,2026-07-29,Prism,S&P 500,CHD,Church & Dwight,Consumer Staples,28,75,0.01195542,98.699997,99.879997,4H当日前50,4H EMA9/26 最近金叉且价格在 EMA50 上方；4H MACD 刚金叉但仍需零轴确认；4H MACD 柱体连续扩张；4H RSI 位于健康强势区间
2026-07-27,2026-07-29,Prism,S&P 500,WYNN,Wynn Resorts,Consumer Discretionary,29,27,-0.00692071,99.699997,99.010002,4H当日前50,4H EMA9/26 最近金叉且价格在 EMA50 上方；4H MACD 位于 Signal 上方；4H MACD 柱体连续扩张；4H RSI 位于健康强势区间
2026-07-27,2026-07-29,Prism,S&P 500,FIS,Fidelity National Information Services,Financials,30,269,0.08482037,43.150002,46.810001,4H当日前50,4H EMA9/26 最近金叉且价格在 EMA50 上方；4H MACD 零轴上方刚金叉；4H MACD 柱体连续扩张；4H RSI 位于健康强势区间
2026-07-27,2026-07-29,Prism,S&P 500,PFE,Pfizer,Health Care,31,67,0.02027575,24.660000,25.160000,4H当日前50,4H EMA9 已站上 EMA26，等待 26/50 确认；4H RSI 位于健康强势区间
2026-07-27,2026-07-29,Prism,S&P 500,TSCO,Tractor Supply,Consumer Discretionary,32,205,-0.02515720,31.799999,31.000000,4H当日前50,4H EMA9/26 最近金叉且价格在 EMA50 上方；4H MACD 位于 Signal 上方；4H MACD 柱体连续扩张；4H RSI 位于健康强势区间
2026-07-27,2026-07-29,Prism,S&P 500,FISV,Fiserv,Financials,33,214,0.06346779,52.310001,55.630001,4H当日前50,4H EMA9/26 最近金叉且价格在 EMA50 上方；4H MACD 零轴上方刚金叉；4H MACD 柱体连续扩张；4H RSI 位于健康强势区间
2026-07-27,2026-07-29,Prism,S&P 500,AVY,Avery Dennison,Materials,34,119,0.02674519,163.020004,167.380005,4H当日前50,4H EMA9/26 最近金叉且价格在 EMA50 上方；4H MACD 刚金叉但仍需零轴确认；4H MACD 柱体连续扩张；4H RSI 位于健康强势区间
2026-07-27,2026-07-29,Prism,S&P 500,MAR,Marriott International,Consumer Discretionary,35,19,-0.00506449,383.059998,381.119995,4H当日前50,4H EMA9/26 最近金叉且价格在 EMA50 上方；4H MACD 位于 Signal 上方；4H MACD 柱体连续扩张；4H RSI 位于健康强势区间
2026-07-27,2026-07-29,Prism,S&P 500,BRK-B,Berkshire Hathaway,Financials,36,153,0.02461635,497.230011,509.470001,4H当日前50,4H EMA9/26 最近金叉且价格在 EMA50 上方；4H MACD 位于 Signal 上方；4H MACD 柱体连续扩张；4H RSI 位于健康强势区间
2026-07-27,2026-07-29,Prism,S&P 500,ADSK,Autodesk,Information Technology,37,246,0.08560929,225.910004,245.250000,4H当日前50,4H EMA9/26 最近金叉且价格在 EMA50 上方；4H MACD 零轴上方刚金叉；4H MACD 柱体连续扩张
2026-07-27,2026-07-29,Prism,S&P 500,MDLZ,Mondelez International,Consumer Staples,38,195,0.07120488,60.669998,64.989998,4H当日前50,4H EMA9 已站上 EMA26，等待 26/50 确认；4H MACD 位于 Signal 上方；4H MACD 柱体连续扩张；4H RSI 位于健康强势区间
2026-07-27,2026-07-29,Prism,S&P 500,ORLY,O’Reilly Automotive,Consumer Discretionary,39,116,0.00044156,90.589996,90.629997,4H当日前50,4H EMA9/26 最近金叉且价格在 EMA50 上方；4H MACD 位于 Signal 上方；4H MACD 柱体连续扩张；4H RSI 位于健康强势区间
2026-07-27,2026-07-29,Prism,S&P 500,DD,DuPont,Materials,40,31,-0.01328952,139.960007,138.100006,4H当日前50,4H EMA9 已站上 EMA26，等待 26/50 确认；4H MACD 位于 Signal 上方；4H RSI 位于健康强势区间
2026-07-27,2026-07-29,Prism,S&P 500,FCX,Freeport-McMoRan,Materials,41,406,-0.04274324,62.700001,60.020000,4H当日前50,4H EMA9 已站上 EMA26，等待 26/50 确认；4H MACD 位于 Signal 上方；4H RSI 位于健康强势区间
2026-07-27,2026-07-29,Prism,S&P 500,MSI,Motorola Solutions,Information Technology,42,111,0.02482308,423.799988,434.320007,4H当日前50,4H EMA9/26 最近金叉且价格在 EMA50 上方；4H MACD 刚金叉但仍需零轴确认；4H MACD 柱体连续扩张；4H RSI 位于健康强势区间
2026-07-27,2026-07-29,Prism,S&P 500,PSA,Public Storage,Real Estate,43,95,0.01768740,323.959991,329.690002,4H当日前50,4H EMA9/26 最近金叉且价格在 EMA50 上方；4H MACD 位于 Signal 上方；4H MACD 柱体连续扩张；4H RSI 位于健康强势区间
2026-07-27,2026-07-29,Prism,S&P 500,ZTS,Zoetis,Health Care,44,3,0.01385368,76.875000,77.940002,4H当日前50,4H EMA9/26 最近金叉且价格在 EMA50 上方；4H MACD 刚金叉但仍需零轴确认；4H MACD 柱体连续扩张；4H RSI 位于健康强势区间
2026-07-27,2026-07-29,Prism,S&P 500,EXPE,Expedia Group,Consumer Discretionary,45,279,0.09304162,278.369995,304.269989,4H当日前50,4H EMA9/26 最近金叉且价格在 EMA50 上方；4H MACD 零轴上方刚金叉；4H MACD 柱体连续扩张；4H RSI 位于健康强势区间
2026-07-27,2026-07-29,Prism,S&P 500,TEL,TE Connectivity,Information Technology,46,220,-0.00310756,207.559998,206.914993,4H当日前50,4H EMA9/26 最近金叉且价格在 EMA50 上方；4H MACD 零轴上方刚金叉；4H MACD 柱体连续扩张；4H RSI 位于健康强势区间
2026-07-27,2026-07-29,Prism,S&P 500,DG,Dollar General,Consumer Staples,47,143,0.04447693,123.209999,128.690002,4H当日前50,4H EMA9/26 最近金叉且价格在 EMA50 上方；4H MACD 柱体连续扩张；4H RSI 位于健康强势区间
2026-07-27,2026-07-29,Prism,S&P 500,LVS,Las Vegas Sands,Consumer Discretionary,48,41,0.01621850,47.785000,48.560001,4H当日前50,4H EMA9/26 最近金叉且价格在 EMA50 上方；4H MACD 位于 Signal 上方；4H MACD 柱体连续扩张；4H RSI 位于健康强势区间
2026-07-27,2026-07-29,Prism,S&P 500,LHX,L3Harris,Industrials,49,127,-0.01858876,303.410004,297.769989,4H当日前50,4H EMA9 已站上 EMA26，等待 26/50 确认；4H MACD 位于 Signal 上方；4H RSI 位于健康强势区间
2026-07-27,2026-07-29,Prism,S&P 500,CPRT,Copart,Industrials,50,85,0.03457533,29.790001,30.820000,4H当日前50,4H EMA9/26 最近金叉且价格在 EMA50 上方；4H MACD 位于 Signal 上方；4H MACD 柱体连续扩张
2026-07-27,2026-07-29,Prism,Nasdaq 200,KMB,Kimberly-Clark,Consumer Staples,1,34,0.01588296,111.440002,113.209999,4H当日前50,4H EMA9/26 最近金叉且价格在 EMA50 上方；4H MACD 刚金叉但仍需零轴确认；4H MACD 柱体连续扩张；4H RSI 位于健康强势区间
2026-07-27,2026-07-29,Prism,Nasdaq 200,FAST,Fastenal,Industrials,2,29,0.00293871,47.639999,47.779999,4H当日前50,4H EMA9/26 最近金叉且价格在 EMA50 上方；4H MACD 位于 Signal 上方；4H MACD 柱体连续扩张；4H RSI 位于健康强势区间
2026-07-27,2026-07-29,Prism,Nasdaq 200,COST,Costco,Consumer Staples,3,19,0.02359235,951.580017,974.030029,4H当日前50,4H EMA9/26 最近金叉且价格在 EMA50 上方；4H MACD 位于 Signal 上方；4H MACD 柱体连续扩张；4H RSI 位于健康强势区间
2026-07-27,2026-07-29,Prism,Nasdaq 200,FISV,Fiserv,Financials,4,74,0.06346779,52.310001,55.630001,4H当日前50,4H EMA9/26 最近金叉且价格在 EMA50 上方；4H MACD 零轴上方刚金叉；4H MACD 柱体连续扩张；4H RSI 位于健康强势区间
2026-07-27,2026-07-29,Prism,Nasdaq 200,VRSN,Verisign,Information Technology,5,53,0.05858382,274.820007,290.920013,4H当日前50,4H EMA9/26 最近金叉且价格在 EMA50 上方；4H MACD 零轴上方刚金叉；4H MACD 柱体连续扩张；4H RSI 位于健康强势区间
2026-07-27,2026-07-29,Prism,Nasdaq 200,BKNG,Booking Holdings,Consumer Discretionary,6,98,0.07768087,186.789993,201.300003,4H当日前50,4H EMA9/26 最近金叉且价格在 EMA50 上方；4H MACD 零轴上方刚金叉；4H MACD 柱体连续扩张；4H RSI 位于健康强势区间
2026-07-27,2026-07-29,Prism,Nasdaq 200,MDLZ,Mondelez International,Consumer Staples,7,72,0.07120488,60.669998,64.989998,4H当日前50,4H EMA9 已站上 EMA26，等待 26/50 确认；4H MACD 位于 Signal 上方；4H MACD 柱体连续扩张；4H RSI 位于健康强势区间
2026-07-27,2026-07-29,Prism,Nasdaq 200,TRMB,Trimble Inc.,Information Technology,8,70,0.04428908,55.770000,58.240002,4H当日前50,4H EMA9/26 最近金叉且价格在 EMA50 上方；4H MACD 零轴上方刚金叉；4H MACD 柱体连续扩张；4H RSI 位于健康强势区间
2026-07-27,2026-07-29,Prism,Nasdaq 200,TSCO,Tractor Supply,Consumer Discretionary,9,44,-0.02515720,31.799999,31.000000,4H当日前50,4H EMA9/26 最近金叉且价格在 EMA50 上方；4H MACD 位于 Signal 上方；4H MACD 柱体连续扩张；4H RSI 位于健康强势区间
2026-07-27,2026-07-29,Prism,Nasdaq 200,MAR,Marriott International,Consumer Discretionary,10,16,-0.00506449,383.059998,381.119995,4H当日前50,4H EMA9/26 最近金叉且价格在 EMA50 上方；4H MACD 位于 Signal 上方；4H MACD 柱体连续扩张；4H RSI 位于健康强势区间
2026-07-27,2026-07-29,Prism,Nasdaq 200,ORLY,O’Reilly Automotive,Consumer Discretionary,11,47,0.00044156,90.589996,90.629997,4H当日前50,4H EMA9/26 最近金叉且价格在 EMA50 上方；4H MACD 位于 Signal 上方；4H MACD 柱体连续扩张；4H RSI 位于健康强势区间
2026-07-27,2026-07-29,Prism,Nasdaq 200,WYNN,Wynn Resorts,Consumer Discretionary,12,14,-0.00692071,99.699997,99.010002,4H当日前50,4H EMA9/26 最近金叉且价格在 EMA50 上方；4H MACD 位于 Signal 上方；4H MACD 柱体连续扩张；4H RSI 位于健康强势区间
2026-07-27,2026-07-29,Prism,Nasdaq 200,ADBE,Adobe Inc.,Information Technology,13,79,0.10801259,237.750000,263.429993,4H当日前50,4H EMA9/26 最近金叉且价格在 EMA50 上方；4H MACD 零轴上方刚金叉；4H MACD 柱体连续扩张；4H RSI 位于健康强势区间
2026-07-27,2026-07-29,Prism,Nasdaq 200,WDAY,"Workday, Inc.",Information Technology,14,82,0.13874206,147.539993,168.009995,4H当日前50,4H EMA9/26 最近金叉且价格在 EMA50 上方；4H MACD 零轴上方刚金叉；4H MACD 柱体连续扩张；4H RSI 位于健康强势区间
2026-07-27,2026-07-29,Prism,Nasdaq 200,EXPE,Expedia Group,Consumer Discretionary,15,92,0.09304162,278.369995,304.269989,4H当日前50,4H EMA9/26 最近金叉且价格在 EMA50 上方；4H MACD 零轴上方刚金叉；4H MACD 柱体连续扩张；4H RSI 位于健康强势区间
2026-07-27,2026-07-29,Prism,Nasdaq 200,AEP,American Electric Power,Utilities,16,148,-0.03136464,133.589996,129.399994,4H当日前50,4H EMA9/26 最近金叉且价格在 EMA50 上方；4H MACD 位于 Signal 上方；4H RSI 位于健康强势区间
2026-07-27,2026-07-29,Prism,Nasdaq 200,CPRT,Copart,Industrials,17,35,0.03457533,29.790001,30.820000,4H当日前50,4H EMA9/26 最近金叉且价格在 EMA50 上方；4H MACD 位于 Signal 上方；4H MACD 柱体连续扩张
2026-07-27,2026-07-29,Prism,Nasdaq 200,ADSK,Autodesk,Information Technology,18,94,0.08560929,225.910004,245.250000,4H当日前50,4H EMA9/26 最近金叉且价格在 EMA50 上方；4H MACD 零轴上方刚金叉；4H MACD 柱体连续扩张
2026-07-27,2026-07-29,Prism,Nasdaq 200,TEAM,Atlassian Corporation  - Class A Common Stock,,19,77,0.08772291,95.870003,104.279999,4H当日前50,4H EMA9/26 最近金叉且价格在 EMA50 上方；4H MACD 零轴上方刚金叉；4H MACD 柱体连续扩张；4H RSI 位于健康强势区间
2026-07-27,2026-07-29,Prism,Nasdaq 200,TRI,Thomson Reuters Corp - Common Shares,,20,84,0.08776589,97.760002,106.339996,4H当日前50,4H EMA9/26 最近金叉且价格在 EMA50 上方；4H MACD 零轴上方刚金叉；4H MACD 柱体连续扩张；4H RSI 位于健康强势区间
2026-07-27,2026-07-29,Prism,Nasdaq 200,CTSH,Cognizant,Information Technology,21,116,0.18958559,47.049999,55.970001,4H当日前50,4H EMA9 已站上 EMA26，等待 26/50 确认；4H MACD 零轴上方刚金叉；4H MACD 柱体连续扩张；4H RSI 位于健康强势区间
2026-07-27,2026-07-29,Prism,Nasdaq 200,STLD,Steel Dynamics,Materials,22,56,0.00827104,250.270004,252.339996,4H当日前50,4H EMA9 已站上 EMA26，等待 26/50 确认；4H MACD 位于 Signal 上方；4H MACD 柱体连续扩张
2026-07-27,2026-07-29,Prism,Nasdaq 200,RGLD,"Royal Gold, Inc. - Common Stock",,23,21,-0.02755949,201.020004,195.479996,4H当日前50,4H EMA9 已站上 EMA26，等待 26/50 确认；4H MACD 位于 Signal 上方；4H RSI 位于健康强势区间
2026-07-27,2026-07-29,Prism,Nasdaq 200,BKR,Baker Hughes,Energy,24,11,-0.03086316,60.590000,58.720001,4H当日前50,4H EMA9/26 最近金叉且价格在 EMA50 上方；4H MACD 位于 Signal 上方；4H MACD 柱体连续扩张
2026-07-27,2026-07-29,Prism,Nasdaq 200,GEN,Gen Digital,Information Technology,25,41,0.03328343,26.740000,27.629999,4H当日前50,4H EMA9/26 最近金叉且价格在 EMA50 上方；4H MACD 柱体连续扩张；4H RSI 位于健康强势区间
2026-07-27,2026-07-29,Prism,Nasdaq 200,SMCI,Supermicro,Information Technology,26,154,-0.13787313,29.809999,25.700001,4H当日前50,4H EMA9 已站上 EMA26，等待 26/50 确认；4H MACD 位于 Signal 上方；4H RSI 位于健康强势区间
2026-07-27,2026-07-29,Prism,Nasdaq 200,EXC,Exelon,Utilities,27,40,-0.00254513,47.150002,47.029999,4H当日前50,4H EMA 多头排列已连续维持；4H MACD 位于 Signal 上方；4H RSI 位于健康强势区间
2026-07-27,2026-07-29,Prism,Nasdaq 200,TCOM,Trip.com Group Limited - American Depositary Shares,,28,104,0.02747375,44.770000,46.000000,4H当日前50,4H EMA9 已站上 EMA26，等待 26/50 确认；4H MACD 位于 Signal 上方；4H MACD 柱体连续扩张；4H RSI 位于健康强势区间
2026-07-27,2026-07-29,Prism,Nasdaq 200,MDGL,"Madrigal Pharmaceuticals, Inc. - Common Stock",,29,64,-0.00792743,551.250000,546.880005,4H当日前50,4H EMA 多头排列已连续维持；4H MACD 零轴上方刚金叉；4H MACD 柱体连续扩张；4H RSI 位于健康强势区间
2026-07-27,2026-07-29,Prism,Nasdaq 200,ZBRA,Zebra Technologies,Information Technology,30,83,0.06950382,264.589996,282.980011,4H当日前50,4H EMA9/26 最近金叉且价格在 EMA50 上方；4H MACD 柱体连续扩张；4H RSI 位于健康强势区间
2026-07-27,2026-07-29,Prism,Nasdaq 200,PODD,Insulet Corporation,Health Care,31,38,0.03406058,165.000000,170.619995,4H当日前50,4H EMA 多头排列已连续维持；4H MACD 零轴上方刚金叉；4H MACD 柱体连续扩张；4H RSI 位于健康强势区间
2026-07-27,2026-07-29,Prism,Nasdaq 200,AVAV,"AeroVironment, Inc. - Common Stock",,32,145,-0.07857890,154.240005,142.119995,4H当日前50,4H EMA9 已站上 EMA26，等待 26/50 确认；4H MACD 位于 Signal 上方；4H RSI 位于健康强势区间
2026-07-27,2026-07-29,Prism,Nasdaq 200,AMGN,Amgen,Health Care,33,60,0.03024506,376.260010,387.640015,4H当日前50,4H EMA 多头排列已连续维持；4H MACD 位于 Signal 上方；4H RSI 位于健康强势区间
2026-07-27,2026-07-29,Prism,Nasdaq 200,INCY,Incyte,Health Care,34,67,0.06923526,118.870003,127.099998,4H当日前50,4H EMA 多头排列已连续维持；4H MACD 零轴上方刚金叉；4H MACD 柱体连续扩张；4H RSI 位于健康强势区间
2026-07-27,2026-07-29,Prism,Nasdaq 200,CEG,Constellation Energy,Utilities,35,122,-0.04462959,270.000000,257.950012,4H当日前50,4H MACD 位于 Signal 上方；4H RSI 位于健康强势区间
2026-07-27,2026-07-29,Prism,Nasdaq 200,FOX,Fox Corporation (Class B),Communication Services,36,96,0.03778782,50.810001,52.730000,4H当日前50,4H EMA9/26 最近金叉且价格在 EMA50 上方；4H MACD 柱体连续扩张；4H RSI 位于健康强势区间
2026-07-27,2026-07-29,Prism,Nasdaq 200,PDD,PDD Holdings Inc. - American Depositary Shares,,37,58,0.04089572,84.849998,88.320000,4H当日前50,4H EMA9/26 最近金叉且价格在 EMA50 上方；4H MACD 柱体连续扩张；4H RSI 位于健康强势区间
2026-07-27,2026-07-29,Prism,Nasdaq 200,NTAP,NetApp,Information Technology,38,49,0.02020019,169.800003,173.229996,4H当日前50,4H EMA 多头排列已连续维持；4H MACD 位于 Signal 上方；4H MACD 柱体连续扩张；4H RSI 位于健康强势区间
2026-07-27,2026-07-29,Prism,Nasdaq 200,FOXA,Fox Corporation (Class A),Communication Services,39,81,0.04078393,56.639999,58.950001,4H当日前50,4H EMA9 已站上 EMA26，等待 26/50 确认；4H MACD 柱体连续扩张；4H RSI 位于健康强势区间
2026-07-27,2026-07-29,Prism,Nasdaq 200,PEP,PepsiCo,Consumer Staples,40,7,0.02653986,139.789993,143.500000,4H当日前50,4H MACD 位于 Signal 上方；4H MACD 柱体连续扩张；4H RSI 位于健康强势区间
2026-07-27,2026-07-29,Prism,Nasdaq 200,KTOS,"Kratos Defense & Security Solutions, Inc. - Common Stock",,41,160,-0.11263903,49.450001,43.880001,4H当日前50,4H MACD 位于 Signal 上方；4H MACD 柱体连续扩张；4H RSI 位于健康强势区间
2026-07-27,2026-07-29,Prism,Nasdaq 200,AAPL,Apple Inc.,Information Technology,42,55,0.00379923,336.910004,338.190002,4H当日前50,4H EMA 多头排列已连续维持；4H MACD 零轴上方刚金叉；4H MACD 柱体连续扩张；4H RSI 位于健康强势区间
2026-07-27,2026-07-29,Prism,Nasdaq 200,RVMD,"Revolution Medicines, Inc. - Common Stock",,43,146,-0.03801781,188.070007,180.919998,4H当日前50,4H EMA 多头排列已连续维持；4H MACD 位于 Signal 上方；4H RSI 位于健康强势区间
2026-07-27,2026-07-29,Prism,Nasdaq 200,NDSN,Nordson Corporation,Industrials,44,59,-0.00810385,297.390015,294.980011,4H当日前50,4H EMA 多头排列已连续维持；4H MACD 位于 Signal 上方；4H RSI 位于健康强势区间
2026-07-27,2026-07-29,Prism,Nasdaq 200,EXE,Expand Energy,Energy,45,45,0.02154455,90.510002,92.459999,4H当日前50,4H MACD 位于 Signal 上方；4H RSI 位于健康强势区间
2026-07-27,2026-07-29,Prism,Nasdaq 200,HTHT,H World Group Limited - American Depositary Shares,,46,17,0.03394688,41.830002,43.250000,4H当日前50,4H MACD 刚金叉但仍需零轴确认；4H MACD 柱体连续扩张；4H RSI 位于健康强势区间
2026-07-27,2026-07-29,Prism,Nasdaq 200,TTWO,Take-Two Interactive,Communication Services,47,43,0.01016600,243.949997,246.429993,4H当日前50,4H MACD 刚金叉但仍需零轴确认；4H MACD 柱体连续扩张；4H RSI 位于健康强势区间
2026-07-27,2026-07-29,Prism,Nasdaq 200,ROP,Roper Technologies,Information Technology,48,88,0.08812868,375.019989,408.070007,4H当日前50,4H EMA 多头排列已连续维持；4H MACD 零轴上方刚金叉；4H MACD 柱体连续扩张；4H RSI 位于健康强势区间
2026-07-27,2026-07-29,Prism,Nasdaq 200,NTNX,"Nutanix, Inc. - Class A Common Stock",,49,100,0.04784524,56.849998,59.570000,4H当日前50,4H EMA 多头排列已连续维持；4H MACD 零轴上方刚金叉；4H MACD 柱体连续扩张；4H RSI 位于健康强势区间
2026-07-27,2026-07-29,Prism,Nasdaq 200,PTC,PTC Inc.,Information Technology,50,23,0.05790279,125.209999,132.460007,4H当日前50,4H MACD 刚金叉但仍需零轴确认；4H MACD 柱体连续扩张；4H RSI 位于健康强势区间
2026-07-27,2026-07-29,Prism,Nasdaq Liquid 500,TRMB,Trimble Inc.,Information Technology,1,127,0.04428908,55.770000,58.240002,4H当日前50,4H EMA9/26 最近金叉且价格在 EMA50 上方；4H MACD 零轴上方刚金叉；4H MACD 柱体连续扩张；4H RSI 位于健康强势区间
2026-07-27,2026-07-29,Prism,Nasdaq Liquid 500,KMB,Kimberly-Clark,Consumer Staples,2,59,0.01588296,111.440002,113.209999,4H当日前50,4H EMA9/26 最近金叉且价格在 EMA50 上方；4H MACD 刚金叉但仍需零轴确认；4H MACD 柱体连续扩张；4H RSI 位于健康强势区间
2026-07-27,2026-07-29,Prism,Nasdaq Liquid 500,COST,Costco,Consumer Staples,3,37,0.02359235,951.580017,974.030029,4H当日前50,4H EMA9/26 最近金叉且价格在 EMA50 上方；4H MACD 位于 Signal 上方；4H MACD 柱体连续扩张；4H RSI 位于健康强势区间
2026-07-27,2026-07-29,Prism,Nasdaq Liquid 500,FISV,Fiserv,Financials,4,154,0.06346779,52.310001,55.630001,4H当日前50,4H EMA9/26 最近金叉且价格在 EMA50 上方；4H MACD 零轴上方刚金叉；4H MACD 柱体连续扩张；4H RSI 位于健康强势区间
2026-07-27,2026-07-29,Prism,Nasdaq Liquid 500,MAR,Marriott International,Consumer Discretionary,5,21,-0.00506449,383.059998,381.119995,4H当日前50,4H EMA9/26 最近金叉且价格在 EMA50 上方；4H MACD 位于 Signal 上方；4H MACD 柱体连续扩张；4H RSI 位于健康强势区间
2026-07-27,2026-07-29,Prism,Nasdaq Liquid 500,BKNG,Booking Holdings,Consumer Discretionary,6,211,0.07768087,186.789993,201.300003,4H当日前50,4H EMA9/26 最近金叉且价格在 EMA50 上方；4H MACD 零轴上方刚金叉；4H MACD 柱体连续扩张；4H RSI 位于健康强势区间
2026-07-27,2026-07-29,Prism,Nasdaq Liquid 500,VRSN,Verisign,Information Technology,7,99,0.05858382,274.820007,290.920013,4H当日前50,4H EMA9/26 最近金叉且价格在 EMA50 上方；4H MACD 零轴上方刚金叉；4H MACD 柱体连续扩张；4H RSI 位于健康强势区间
2026-07-27,2026-07-29,Prism,Nasdaq Liquid 500,FAST,Fastenal,Industrials,8,61,0.00293871,47.639999,47.779999,4H当日前50,4H EMA9/26 最近金叉且价格在 EMA50 上方；4H MACD 位于 Signal 上方；4H MACD 柱体连续扩张；4H RSI 位于健康强势区间
2026-07-27,2026-07-29,Prism,Nasdaq Liquid 500,LNTH,LANTHEUS HOLDINGS INC,Health Care,9,304,-0.07433120,108.029999,100.000000,4H当日前50,4H EMA9/26 最近金叉且价格在 EMA50 上方；4H MACD 刚金叉但仍需零轴确认；4H MACD 柱体连续扩张；4H RSI 位于健康强势区间
2026-07-27,2026-07-29,Prism,Nasdaq Liquid 500,ADBE,Adobe Inc.,Information Technology,10,128,0.10801259,237.750000,263.429993,4H当日前50,4H EMA9/26 最近金叉且价格在 EMA50 上方；4H MACD 零轴上方刚金叉；4H MACD 柱体连续扩张；4H RSI 位于健康强势区间
2026-07-27,2026-07-29,Prism,Nasdaq Liquid 500,FUTU,Futu Holdings Limited - American Depositary Shares,,11,19,-0.02292126,104.269997,101.879997,4H当日前50,4H EMA9 已站上 EMA26，等待 26/50 确认；4H MACD 零轴上方刚金叉；4H MACD 柱体连续扩张；4H RSI 位于健康强势区间
2026-07-27,2026-07-29,Prism,Nasdaq Liquid 500,MDLZ,Mondelez International,Consumer Staples,12,150,0.07120488,60.669998,64.989998,4H当日前50,4H EMA9 已站上 EMA26，等待 26/50 确认；4H MACD 位于 Signal 上方；4H MACD 柱体连续扩张；4H RSI 位于健康强势区间
2026-07-27,2026-07-29,Prism,Nasdaq Liquid 500,WDAY,"Workday, Inc.",Information Technology,13,140,0.13874206,147.539993,168.009995,4H当日前50,4H EMA9/26 最近金叉且价格在 EMA50 上方；4H MACD 零轴上方刚金叉；4H MACD 柱体连续扩张；4H RSI 位于健康强势区间
2026-07-27,2026-07-29,Prism,Nasdaq Liquid 500,WYNN,Wynn Resorts,Consumer Discretionary,14,18,-0.00692071,99.699997,99.010002,4H当日前50,4H EMA9/26 最近金叉且价格在 EMA50 上方；4H MACD 位于 Signal 上方；4H MACD 柱体连续扩张；4H RSI 位于健康强势区间
2026-07-27,2026-07-29,Prism,Nasdaq Liquid 500,COKE,"Coca-Cola Consolidated, Inc. - Common Stock",,15,71,0.03280009,186.279999,192.389999,4H当日前50,4H EMA9/26 最近金叉且价格在 EMA50 上方；4H MACD 位于 Signal 上方；4H MACD 柱体连续扩张；4H RSI 位于健康强势区间
2026-07-27,2026-07-29,Prism,Nasdaq Liquid 500,ADSK,Autodesk,Information Technology,16,171,0.08560929,225.910004,245.250000,4H当日前50,4H EMA9/26 最近金叉且价格在 EMA50 上方；4H MACD 零轴上方刚金叉；4H MACD 柱体连续扩张
2026-07-27,2026-07-29,Prism,Nasdaq Liquid 500,AEP,American Electric Power,Utilities,17,333,-0.03136464,133.589996,129.399994,4H当日前50,4H EMA9/26 最近金叉且价格在 EMA50 上方；4H MACD 位于 Signal 上方；4H RSI 位于健康强势区间
2026-07-27,2026-07-29,Prism,Nasdaq Liquid 500,ONDS,ONDAS INC,Information Technology,18,356,-0.14882793,8.020000,6.826400,4H当日前50,4H EMA9 已站上 EMA26，等待 26/50 确认；4H MACD 位于 Signal 上方；4H RSI 位于健康强势区间
2026-07-27,2026-07-29,Prism,Nasdaq Liquid 500,CZR,"Caesars Entertainment, Inc. - Common Stock",,19,312,-0.00667331,29.969999,29.770000,4H当日前50,4H EMA9/26 最近金叉且价格在 EMA50 上方；4H MACD 零轴上方刚金叉；4H MACD 柱体连续扩张；4H RSI 位于健康强势区间
2026-07-27,2026-07-29,Prism,Nasdaq Liquid 500,CPRT,Copart,Industrials,20,55,0.03457533,29.790001,30.820000,4H当日前50,4H EMA9/26 最近金叉且价格在 EMA50 上方；4H MACD 位于 Signal 上方；4H MACD 柱体连续扩张
2026-07-27,2026-07-29,Prism,Nasdaq Liquid 500,TSCO,Tractor Supply,Consumer Discretionary,21,104,-0.02515720,31.799999,31.000000,4H当日前50,4H EMA9/26 最近金叉且价格在 EMA50 上方；4H MACD 位于 Signal 上方；4H MACD 柱体连续扩张；4H RSI 位于健康强势区间
2026-07-27,2026-07-29,Prism,Nasdaq Liquid 500,CHDN,"Churchill Downs, Incorporated - Common Stock",,22,20,0.00408303,88.169998,88.529999,4H当日前50,4H EMA9/26 最近金叉且价格在 EMA50 上方；4H MACD 位于 Signal 上方；4H MACD 柱体连续扩张；4H RSI 位于健康强势区间
2026-07-27,2026-07-29,Prism,Nasdaq Liquid 500,TW,Tradeweb Markets Inc. - Class A Common Stock,,23,225,0.06043230,102.014999,108.180000,4H当日前50,4H EMA9/26 最近金叉且价格在 EMA50 上方；4H MACD 零轴上方刚金叉；4H MACD 柱体连续扩张；4H RSI 位于健康强势区间
2026-07-27,2026-07-29,Prism,Nasdaq Liquid 500,EQIX,Equinix,Real Estate,24,305,-0.03703705,1046.790039,1008.020020,4H当日前50,4H EMA9 已站上 EMA26，等待 26/50 确认；4H MACD 位于 Signal 上方；4H RSI 位于健康强势区间
2026-07-27,2026-07-29,Prism,Nasdaq Liquid 500,CGON,CG ONCOLOGY INC,Health Care,25,309,-0.05984758,73.519997,69.120003,4H当日前50,4H EMA9/26 最近金叉且价格在 EMA50 上方；4H MACD 柱体连续扩张；4H RSI 位于健康强势区间
2026-07-27,2026-07-29,Prism,Nasdaq Liquid 500,ORLY,O’Reilly Automotive,Consumer Discretionary,26,122,0.00044156,90.589996,90.629997,4H当日前50,4H EMA9/26 最近金叉且价格在 EMA50 上方；4H MACD 位于 Signal 上方；4H MACD 柱体连续扩张；4H RSI 位于健康强势区间
2026-07-27,2026-07-29,Prism,Nasdaq Liquid 500,AXSM,"Axsome Therapeutics, Inc. - Common Stock",,27,344,-0.04593698,238.369995,227.419998,4H当日前50,4H EMA9 已站上 EMA26，等待 26/50 确认；4H MACD 位于 Signal 上方；4H RSI 位于健康强势区间
2026-07-27,2026-07-29,Prism,Nasdaq Liquid 500,GLPI,"Gaming and Leisure Properties, Inc. - Common Stock",,28,129,0.02153634,45.040001,46.009998,4H当日前50,4H EMA9 已站上 EMA26，等待 26/50 确认；4H MACD 位于 Signal 上方；4H RSI 位于健康强势区间
2026-07-27,2026-07-29,Prism,Nasdaq Liquid 500,EXPE,Expedia Group,Consumer Discretionary,29,200,0.09304162,278.369995,304.269989,4H当日前50,4H EMA9/26 最近金叉且价格在 EMA50 上方；4H MACD 零轴上方刚金叉；4H MACD 柱体连续扩张；4H RSI 位于健康强势区间
2026-07-27,2026-07-29,Prism,Nasdaq Liquid 500,LKQ,LKQ Corporation - Common Stock,,30,116,0.00533330,26.250000,26.389999,4H当日前50,4H EMA9/26 最近金叉且价格在 EMA50 上方；4H MACD 位于 Signal 上方；4H MACD 柱体连续扩张；4H RSI 位于健康强势区间
2026-07-27,2026-07-29,Prism,Nasdaq Liquid 500,DOX,Amdocs Limited - Ordinary Shares,,31,53,0.07005654,53.099998,56.820000,4H当日前50,4H EMA9/26 最近金叉且价格在 EMA50 上方；4H MACD 刚金叉但仍需零轴确认；4H MACD 柱体连续扩张；4H RSI 位于健康强势区间
2026-07-27,2026-07-29,Prism,Nasdaq Liquid 500,STLD,Steel Dynamics,Materials,32,131,0.00827104,250.270004,252.339996,4H当日前50,4H EMA9 已站上 EMA26，等待 26/50 确认；4H MACD 位于 Signal 上方；4H MACD 柱体连续扩张
2026-07-27,2026-07-29,Prism,Nasdaq Liquid 500,WFRD,Weatherford International plc - Ordinary shares,,33,54,-0.04201583,85.919998,82.309998,4H当日前50,4H EMA9 已站上 EMA26，等待 26/50 确认；4H MACD 位于 Signal 上方；4H RSI 位于健康强势区间
2026-07-27,2026-07-29,Prism,Nasdaq Liquid 500,EQPT,EquipmentShare.com Inc - Class A Common Stock,,34,45,-0.06652812,19.240000,17.959999,4H当日前50,4H EMA9 已站上 EMA26，等待 26/50 确认；4H MACD 位于 Signal 上方；4H RSI 位于健康强势区间
2026-07-27,2026-07-29,Prism,Nasdaq Liquid 500,SIRI,SiriusXM Holdings Inc. - Common Stock,,35,191,0.04388216,31.219999,32.590000,4H当日前50,4H EMA9/26 最近金叉且价格在 EMA50 上方；4H MACD 零轴上方刚金叉；4H MACD 柱体连续扩张；4H RSI 位于健康强势区间
2026-07-27,2026-07-29,Prism,Nasdaq Liquid 500,RGLD,"Royal Gold, Inc. - Common Stock",,36,31,-0.02755949,201.020004,195.479996,4H当日前50,4H EMA9 已站上 EMA26，等待 26/50 确认；4H MACD 位于 Signal 上方；4H RSI 位于健康强势区间
2026-07-27,2026-07-29,Prism,Nasdaq Liquid 500,TEAM,Atlassian Corporation  - Class A Common Stock,,37,160,0.08772291,95.870003,104.279999,4H当日前50,4H EMA9/26 最近金叉且价格在 EMA50 上方；4H MACD 零轴上方刚金叉；4H MACD 柱体连续扩张；4H RSI 位于健康强势区间
2026-07-27,2026-07-29,Prism,Nasdaq Liquid 500,TRI,Thomson Reuters Corp - Common Shares,,38,173,0.08776589,97.760002,106.339996,4H当日前50,4H EMA9/26 最近金叉且价格在 EMA50 上方；4H MACD 零轴上方刚金叉；4H MACD 柱体连续扩张；4H RSI 位于健康强势区间
2026-07-27,2026-07-29,Prism,Nasdaq Liquid 500,SWKS,Skyworks Solutions,Information Technology,39,26,-0.03546658,63.439999,61.189999,4H当日前50,4H EMA9/26 最近金叉且价格在 EMA50 上方；4H MACD 位于 Signal 上方；4H MACD 柱体连续扩张；4H RSI 位于健康强势区间
2026-07-27,2026-07-29,Prism,Nasdaq Liquid 500,CAR,"Avis Budget Group, Inc. - Common Stock",,40,303,-0.05394665,163.679993,154.850006,4H当日前50,4H EMA9 已站上 EMA26，等待 26/50 确认；4H MACD 位于 Signal 上方；4H RSI 位于健康强势区间
2026-07-27,2026-07-29,Prism,Nasdaq Liquid 500,CENX,CENTURY ALUMINUM,Materials,41,335,-0.04925338,44.869999,42.660000,4H当日前50,4H EMA9 已站上 EMA26，等待 26/50 确认；4H MACD 位于 Signal 上方；4H RSI 位于健康强势区间
2026-07-27,2026-07-29,Prism,Nasdaq Liquid 500,CTSH,Cognizant,Information Technology,42,243,0.18958559,47.049999,55.970001,4H当日前50,4H EMA9 已站上 EMA26，等待 26/50 确认；4H MACD 零轴上方刚金叉；4H MACD 柱体连续扩张；4H RSI 位于健康强势区间
2026-07-27,2026-07-29,Prism,Nasdaq Liquid 500,BKR,Baker Hughes,Energy,43,28,-0.03086316,60.590000,58.720001,4H当日前50,4H EMA9/26 最近金叉且价格在 EMA50 上方；4H MACD 位于 Signal 上方；4H MACD 柱体连续扩张
2026-07-27,2026-07-29,Prism,Nasdaq Liquid 500,SMCI,Supermicro,Information Technology,44,331,-0.13787313,29.809999,25.700001,4H当日前50,4H EMA9 已站上 EMA26，等待 26/50 确认；4H MACD 位于 Signal 上方；4H RSI 位于健康强势区间
2026-07-27,2026-07-29,Prism,Nasdaq Liquid 500,CVLT,COMMVAULT SYSTEMS INC,Information Technology,45,414,-0.19503551,149.460007,120.309998,4H当日前50,4H EMA9/26 最近金叉且价格在 EMA50 上方；4H MACD 刚金叉但仍需零轴确认；4H MACD 柱体连续扩张；4H RSI 位于健康强势区间
2026-07-27,2026-07-29,Prism,Nasdaq Liquid 500,GEN,Gen Digital,Information Technology,46,74,0.03328343,26.740000,27.629999,4H当日前50,4H EMA9/26 最近金叉且价格在 EMA50 上方；4H MACD 柱体连续扩张；4H RSI 位于健康强势区间
2026-07-27,2026-07-29,Prism,Nasdaq Liquid 500,QRVO,"Qorvo, Inc. - Common Stock",,47,23,-0.00289664,89.760002,89.500000,4H当日前50,4H EMA9/26 最近金叉且价格在 EMA50 上方；4H MACD 位于 Signal 上方；4H MACD 柱体连续扩张；4H RSI 位于健康强势区间
2026-07-27,2026-07-29,Prism,Nasdaq Liquid 500,COIN,Coinbase,Financials,48,1,-0.04418179,167.490005,160.089996,4H当日前50,4H EMA9 已站上 EMA26，等待 26/50 确认；4H MACD 柱体连续扩张；4H RSI 位于健康强势区间
2026-07-27,2026-07-29,Prism,Nasdaq Liquid 500,PODD,Insulet Corporation,Health Care,49,49,0.03406058,165.000000,170.619995,4H当日前50,4H EMA 多头排列已连续维持；4H MACD 零轴上方刚金叉；4H MACD 柱体连续扩张；4H RSI 位于健康强势区间
2026-07-27,2026-07-29,Prism,Nasdaq Liquid 500,BMRN,BioMarin Pharmaceutical Inc. - Common Stock,,50,66,0.01825119,60.270000,61.369999,4H当日前50,4H EMA 多头排列已连续维持；4H MACD 零轴上方刚金叉；4H MACD 柱体连续扩张；4H RSI 位于健康强势区间
2026-07-27,2026-07-29,Prism,Russell,AHRT,AH REALTY INC,Real Estate,1,293,-0.00070771,7.065000,7.060000,4H当日前50,4H EMA9/26 最近金叉且价格在 EMA50 上方；4H MACD 零轴上方刚金叉；4H MACD 柱体连续扩张；4H RSI 位于健康强势区间
2026-07-27,2026-07-29,Prism,Russell,FDBC,FIDELITY D AND D BANCORP INC,Financials,2,124,0.02870442,51.560001,53.040001,4H当日前50,4H EMA9/26 最近金叉且价格在 EMA50 上方；4H MACD 零轴上方刚金叉；4H MACD 柱体连续扩张；4H RSI 位于健康强势区间
2026-07-27,2026-07-29,Prism,Russell,AVTX,AVALO THERAPEUTICS INC,Health Care,3,598,-0.02512821,19.500000,19.010000,4H当日前50,4H EMA9/26 最近金叉且价格在 EMA50 上方；4H MACD 零轴上方刚金叉；4H MACD 柱体连续扩张；4H RSI 位于健康强势区间
2026-07-27,2026-07-29,Prism,Russell,CENT,CENTRAL GARDEN AND PET,Consumer Staples,4,279,0.02104046,43.250000,44.160000,4H当日前50,4H EMA9/26 最近金叉且价格在 EMA50 上方；4H MACD 零轴上方刚金叉；4H RSI 位于健康强势区间
2026-07-27,2026-07-29,Prism,Russell,RCKY,ROCKY BRANDS INC,Consumer Discretionary,5,978,0.18199318,41.540001,49.099998,4H当日前50,4H EMA9/26 最近金叉且价格在 EMA50 上方；4H MACD 零轴上方刚金叉；4H MACD 柱体连续扩张；4H RSI 位于健康强势区间
2026-07-27,2026-07-29,Prism,Russell,NNI,NELNET INC CLASS A,Financials,6,243,0.02960700,134.089996,138.059998,4H当日前50,4H EMA9/26 最近金叉且价格在 EMA50 上方；4H MACD 零轴上方刚金叉；4H MACD 柱体连续扩张；4H RSI 位于健康强势区间
2026-07-27,2026-07-29,Prism,Russell,RCMT,RCM TECHNOLOGIES INC,Industrials,7,136,0.01858470,27.980000,28.500000,4H当日前50,4H EMA9/26 最近金叉且价格在 EMA50 上方；4H MACD 零轴上方刚金叉；4H MACD 柱体连续扩张；4H RSI 位于健康强势区间
2026-07-27,2026-07-29,Prism,Russell,LKFN,LAKELAND FINANCIAL CORP,Financials,8,322,-0.00031564,63.349998,63.330002,4H当日前50,4H EMA9/26 最近金叉且价格在 EMA50 上方；4H MACD 零轴上方刚金叉；4H MACD 柱体连续扩张；4H RSI 位于健康强势区间
2026-07-27,2026-07-29,Prism,Russell,WRLD,WORLD ACCEPTANCE CORP,Financials,9,1401,-0.05244347,195.830002,185.559998,4H当日前50,4H EMA9/26 最近金叉且价格在 EMA50 上方；4H MACD 刚金叉但仍需零轴确认；4H RSI 位于健康强势区间
2026-07-27,2026-07-29,Prism,Russell,ASO,ACADEMY SPORTS AND OUTDOORS INC,Consumer Discretionary,10,571,-0.01663331,49.900002,49.070000,4H当日前50,4H EMA9/26 最近金叉且价格在 EMA50 上方；4H MACD 零轴上方刚金叉；4H MACD 柱体连续扩张；4H RSI 位于健康强势区间
2026-07-27,2026-07-29,Prism,Russell,LZB,LA-Z-BOY INC,Consumer Discretionary,11,221,0.01386820,40.380001,40.939999,4H当日前50,4H EMA9/26 最近金叉且价格在 EMA50 上方；4H MACD 零轴上方刚金叉；4H MACD 柱体连续扩张；4H RSI 位于健康强势区间
2026-07-27,2026-07-29,Prism,Russell,PKBK,PARKE BANCORP INC,Financials,12,184,0.01255987,33.439999,33.860001,4H当日前50,4H EMA9/26 最近金叉且价格在 EMA50 上方；4H MACD 零轴上方刚金叉；4H MACD 柱体连续扩张；4H RSI 位于健康强势区间
2026-07-27,2026-07-29,Prism,Russell,NECB,NORTHEAST COMMUNITY BANCORP INC,Financials,13,135,0.01235030,26.719999,27.049999,4H当日前50,4H EMA9/26 最近金叉且价格在 EMA50 上方；4H MACD 位于 Signal 上方；4H MACD 柱体连续扩张；4H RSI 位于健康强势区间
2026-07-27,2026-07-29,Prism,Russell,RGR,STURM RUGER INC,Consumer Discretionary,14,1129,-0.03362415,38.959999,37.650002,4H当日前50,4H EMA9/26 最近金叉且价格在 EMA50 上方；4H MACD 位于 Signal 上方；4H MACD 柱体连续扩张；4H RSI 位于健康强势区间
2026-07-27,2026-07-29,Prism,Russell,CUBI,CUSTOMERS BANCORP INC,Financials,15,166,0.00010178,78.641998,78.650002,4H当日前50,4H EMA9/26 最近金叉且价格在 EMA50 上方；4H MACD 刚金叉但仍需零轴确认；4H MACD 柱体连续扩张；4H RSI 位于健康强势区间
2026-07-27,2026-07-29,Prism,Russell,HZO,MARINEMAX INC,Consumer Discretionary,16,1015,-0.06392946,36.290001,33.970001,4H当日前50,4H EMA9/26 最近金叉且价格在 EMA50 上方；4H MACD 位于 Signal 上方；4H MACD 柱体连续扩张；4H RSI 位于健康强势区间
2026-07-27,2026-07-29,Prism,Russell,OLMA,OLEMA PHARMACEUTICALS INC,Health Care,17,1333,-0.06827644,12.010000,11.190000,4H当日前50,4H EMA9/26 最近金叉且价格在 EMA50 上方；4H MACD 位于 Signal 上方；4H MACD 柱体连续扩张；4H RSI 位于健康强势区间
2026-07-27,2026-07-29,Prism,Russell,HOPE,HOPE BANCORP INC,Financials,18,410,0.02170767,13.820000,14.120000,4H当日前50,4H EMA9/26 最近金叉且价格在 EMA50 上方；4H MACD 零轴上方刚金叉；4H MACD 柱体连续扩张；4H RSI 位于健康强势区间
2026-07-27,2026-07-29,Prism,Russell,ATLC,ATLANTICUS HOLDINGS CORP,Financials,19,256,-0.00067179,104.199997,104.129997,4H当日前50,4H EMA9/26 最近金叉且价格在 EMA50 上方；4H MACD 刚金叉但仍需零轴确认；4H MACD 柱体连续扩张；4H RSI 位于健康强势区间
2026-07-27,2026-07-29,Prism,Russell,MCFT,MASTERCRAFT BOAT HOLDINGS INC,Consumer Discretionary,20,316,-0.00965406,24.860001,24.620001,4H当日前50,4H EMA9/26 最近金叉且价格在 EMA50 上方；4H MACD 零轴上方刚金叉；4H MACD 柱体连续扩张；4H RSI 位于健康强势区间
2026-07-27,2026-07-29,Prism,Russell,BNED,BARNES AND NOBLE EDUCATION INC,Consumer Discretionary,21,288,-0.02258567,12.840000,12.550000,4H当日前50,4H EMA9/26 最近金叉且价格在 EMA50 上方；4H MACD 零轴上方刚金叉；4H MACD 柱体连续扩张；4H RSI 位于健康强势区间
2026-07-27,2026-07-29,Prism,Russell,LNTH,LANTHEUS HOLDINGS INC,Health Care,22,1235,-0.07433120,108.029999,100.000000,4H当日前50,4H EMA9/26 最近金叉且价格在 EMA50 上方；4H MACD 刚金叉但仍需零轴确认；4H MACD 柱体连续扩张；4H RSI 位于健康强势区间
2026-07-27,2026-07-29,Prism,Russell,NPK,NATIONAL PRESTO INDUSTRIES INC,Industrials,23,935,-0.02489394,124.930000,121.820000,4H当日前50,4H EMA9/26 最近金叉且价格在 EMA50 上方；4H MACD 位于 Signal 上方；4H MACD 柱体连续扩张；4H RSI 位于健康强势区间
2026-07-27,2026-07-29,Prism,Russell,TSBK,TIMBERLAND BANCORP INC,Financials,24,271,0.02295450,44.000000,45.009998,4H当日前50,4H EMA9/26 最近金叉且价格在 EMA50 上方；4H MACD 刚金叉但仍需零轴确认；4H MACD 柱体连续扩张；4H RSI 位于健康强势区间
2026-07-27,2026-07-29,Prism,Russell,WHG,WESTWOOD HOLDINGS GROUP INC,Financials,25,191,-0.00254707,19.629999,19.580000,4H当日前50,4H EMA9/26 最近金叉且价格在 EMA50 上方；4H MACD 零轴上方刚金叉；4H MACD 柱体连续扩张；4H RSI 位于健康强势区间
2026-07-27,2026-07-29,Prism,Russell,WOR,WORTHINGTON ENTERPRISES INC,Industrials,26,975,-0.01809996,56.630001,55.605000,4H当日前50,4H EMA9 已站上 EMA26，等待 26/50 确认；4H MACD 位于 Signal 上方；4H MACD 柱体连续扩张；4H RSI 位于健康强势区间
2026-07-27,2026-07-29,Prism,Russell,ADNT,ADIENT PLC,Consumer Discretionary,27,555,0.04249160,20.709999,21.590000,4H当日前50,4H EMA9 已站上 EMA26，等待 26/50 确认；4H MACD 位于 Signal 上方；4H MACD 柱体连续扩张；4H RSI 位于健康强势区间
2026-07-27,2026-07-29,Prism,Russell,KVHI,KVH INDUSTRIES INC,Information Technology,28,1358,-0.05603448,9.280000,8.760000,4H当日前50,4H EMA9 已站上 EMA26，等待 26/50 确认；4H MACD 位于 Signal 上方；4H MACD 柱体连续扩张；4H RSI 位于健康强势区间
2026-07-27,2026-07-29,Prism,Russell,CAL,CALERES INC,Consumer Discretionary,29,36,0.02797762,12.510000,12.860000,4H当日前50,4H EMA9/26 最近金叉且价格在 EMA50 上方；4H MACD 位于 Signal 上方；4H MACD 柱体连续扩张；4H RSI 位于健康强势区间
2026-07-27,2026-07-29,Prism,Russell,HTB,HOMETRUST BANCSHARES INC,Financials,30,625,0.04054876,49.570000,51.580002,4H当日前50,4H EMA9/26 最近金叉且价格在 EMA50 上方；4H MACD 刚金叉但仍需零轴确认；4H MACD 柱体连续扩张；4H RSI 位于健康强势区间
2026-07-27,2026-07-29,Prism,Russell,BKE,BUCKLE INC,Consumer Discretionary,31,117,0.03151140,43.634998,45.009998,4H当日前50,4H EMA9/26 最近金叉且价格在 EMA50 上方；4H MACD 位于 Signal 上方；4H MACD 柱体连续扩张；4H RSI 位于健康强势区间
2026-07-27,2026-07-29,Prism,Russell,GBFH,GBANK FINL HLDGS INC,Financials,32,1137,-0.04089454,31.299999,30.020000,4H当日前50,4H EMA9/26 最近金叉且价格在 EMA50 上方；4H MACD 零轴上方刚金叉；4H MACD 柱体连续扩张；4H RSI 位于健康强势区间
2026-07-27,2026-07-29,Prism,Russell,CWCO,CONSOLIDATED WATER LTD,Utilities,33,47,-0.00169380,29.520000,29.469999,4H当日前50,4H EMA9 已站上 EMA26，等待 26/50 确认；4H MACD 位于 Signal 上方；4H MACD 柱体连续扩张；4H RSI 位于健康强势区间
2026-07-27,2026-07-29,Prism,Russell,JBTM,JBT MAREL CORP,Industrials,34,335,-0.00197837,141.529999,141.250000,4H当日前50,4H EMA9/26 最近金叉且价格在 EMA50 上方；4H MACD 位于 Signal 上方；4H MACD 柱体连续扩张；4H RSI 位于健康强势区间
2026-07-27,2026-07-29,Prism,Russell,INTA,INTAPP INC,Information Technology,35,438,0.07538197,29.450001,31.670000,4H当日前50,4H EMA9/26 最近金叉且价格在 EMA50 上方；4H MACD 零轴上方刚金叉；4H MACD 柱体连续扩张；4H RSI 位于健康强势区间
2026-07-27,2026-07-29,Prism,Russell,SAM,BOSTON BEER INC CLASS A,Consumer Staples,36,465,0.01934396,183.520004,187.070007,4H当日前50,4H EMA9/26 最近金叉且价格在 EMA50 上方；4H MACD 位于 Signal 上方；4H MACD 柱体连续扩张；4H RSI 位于健康强势区间
2026-07-27,2026-07-29,Prism,Russell,MC,MOELIS CLASS A,Financials,37,1372,-0.03658361,67.790001,65.309998,4H当日前50,4H EMA9/26 最近金叉且价格在 EMA50 上方；4H MACD 刚金叉但仍需零轴确认；4H MACD 柱体连续扩张；4H RSI 位于健康强势区间
2026-07-27,2026-07-29,Prism,Russell,GOLD,GOLD INC,Consumer Discretionary,38,52,-0.02520646,41.180000,40.141998,4H当日前50,4H EMA9/26 最近金叉且价格在 EMA50 上方；4H MACD 位于 Signal 上方；4H MACD 柱体连续扩张；4H RSI 位于健康强势区间
2026-07-27,2026-07-29,Prism,Russell,NMRK,NEWMARK GROUP INC CLASS A,Real Estate,39,1125,-0.06293266,15.890000,14.890000,4H当日前50,4H EMA9/26 最近金叉且价格在 EMA50 上方；4H MACD 零轴上方刚金叉；4H MACD 柱体连续扩张；4H RSI 位于健康强势区间
2026-07-27,2026-07-29,Prism,Russell,LENZ,LENZ THERAPEUTICS INC,Health Care,40,75,0.00350877,5.700000,5.720000,4H当日前50,4H EMA9/26 最近金叉且价格在 EMA50 上方；4H MACD 位于 Signal 上方；4H MACD 柱体连续扩张；4H RSI 位于健康强势区间
2026-07-27,2026-07-29,Prism,Russell,TK,TEEKAY CORPORATION CORP LTD,Energy,41,122,0.02502234,11.190000,11.470000,4H当日前50,4H EMA9 已站上 EMA26，等待 26/50 确认；4H MACD 位于 Signal 上方；4H RSI 位于健康强势区间
2026-07-27,2026-07-29,Prism,Russell,AII,AMERICAN INTEGRITY INSURANCE GROUP,Financials,42,404,0.06308901,19.100000,20.305000,4H当日前50,4H EMA9/26 最近金叉且价格在 EMA50 上方；4H MACD 刚金叉但仍需零轴确认；4H MACD 柱体连续扩张；4H RSI 位于健康强势区间
2026-07-27,2026-07-29,Prism,Russell,WS,WORTHINGTON STEEL INC,Materials,43,56,-0.02845468,36.724998,35.680000,4H当日前50,4H EMA9 已站上 EMA26，等待 26/50 确认；4H MACD 位于 Signal 上方；4H RSI 位于健康强势区间
2026-07-27,2026-07-29,Prism,Russell,DGICA,DONEGAL GROUP INC CLASS A,Financials,44,228,0.02115278,18.910000,19.309999,4H当日前50,4H EMA9/26 最近金叉且价格在 EMA50 上方；4H MACD 刚金叉但仍需零轴确认；4H MACD 柱体连续扩张；4H RSI 位于健康强势区间
2026-07-27,2026-07-29,Prism,Russell,PGC,PEAPACK GLADSTONE FINANCIAL CORP,Financials,45,910,-0.02189632,47.040001,46.009998,4H当日前50,4H EMA9/26 最近金叉且价格在 EMA50 上方；4H MACD 刚金叉但仍需零轴确认；4H MACD 柱体连续扩张；4H RSI 位于健康强势区间
2026-07-27,2026-07-29,Prism,Russell,ASC,ARDMORE SHIPPING CORP,Energy,46,552,0.02165967,16.389999,16.745001,4H当日前50,4H EMA9 已站上 EMA26，等待 26/50 确认；4H MACD 位于 Signal 上方；4H RSI 位于健康强势区间
2026-07-27,2026-07-29,Prism,Russell,ALH,ALLIANCE LAUNDRY HOLDINGS INC,Industrials,47,286,-0.00268097,26.110001,26.040001,4H当日前50,4H EMA9/26 最近金叉且价格在 EMA50 上方；4H MACD 位于 Signal 上方；4H MACD 柱体连续扩张；4H RSI 位于健康强势区间
2026-07-27,2026-07-29,Prism,Russell,MLAB,MESA LABORATORIES INC,Health Care,48,23,0.01933116,97.769997,99.660004,4H当日前50,4H EMA9 已站上 EMA26，等待 26/50 确认；4H MACD 位于 Signal 上方；4H RSI 位于健康强势区间
2026-07-27,2026-07-29,Prism,Russell,MLP,MAUI LAND AND PINEAPPLE INC,Real Estate,49,59,0.03410405,17.299999,17.889999,4H当日前50,4H EMA9/26 最近金叉且价格在 EMA50 上方；4H MACD 位于 Signal 上方；4H MACD 柱体连续扩张；4H RSI 位于健康强势区间
2026-07-27,2026-07-29,Prism,Russell,AAP,ADVANCE AUTO PARTS INC,Consumer Discretionary,50,76,0.01094859,57.770000,58.402500,4H当日前50,4H EMA9/26 最近金叉且价格在 EMA50 上方；4H MACD 位于 Signal 上方；4H MACD 柱体连续扩张；4H RSI 位于健康强势区间
2026-07-27,2026-07-29,Aster Call,Aster,STE,Steris,Health Care,1,,0.07472720,218.595001,234.929993,Aster当日前50,4H EMA 刚转强；4H MACD 新金叉
2026-07-27,2026-07-29,Aster Call,Aster,MSI,Motorola Solutions,Information Technology,2,,0.02482308,423.799988,434.320007,Aster当日前50,4H EMA 刚转强；4H MACD 新金叉
2026-07-27,2026-07-29,Aster Call,Aster,FIS,Fidelity National Information Services,Financials,3,,0.08482037,43.150002,46.810001,Aster当日前50,4H EMA 刚转强；4H MACD 新金叉
2026-07-27,2026-07-29,Aster Call,Aster,CBRE,CBRE Group,Real Estate,4,,0.02769381,143.895004,147.880005,Aster当日前50,4H EMA 刚转强；4H MACD 新金叉
2026-07-27,2026-07-29,Aster Call,Aster,SOLV,Solventum,Health Care,5,,0.10043508,80.449997,88.529999,Aster当日前50,4H EMA 刚转强；4H MACD 新金叉
2026-07-27,2026-07-29,Aster Call,Aster,TRMB,Trimble Inc.,Information Technology,6,,-0.04590283,55.770000,53.209999,Aster当日前50,4H EMA 刚转强；4H MACD 新金叉
2026-07-27,2026-07-29,Aster Call,Aster,LKFN,LAKELAND FINANCIAL CORP,Financials,7,,-0.00031564,63.349998,63.330002,Aster当日前50,4H EMA 刚转强；4H MACD 新金叉
2026-07-27,2026-07-29,Aster Call,Aster,BL,BLACKLINE INC,Information Technology,8,,0.05772994,30.660000,32.430000,Aster当日前50,4H EMA 刚转强；4H MACD 新金叉
2026-07-27,2026-07-29,Aster Call,Aster,BR,Broadridge Financial Solutions,Industrials,9,,0.04321911,152.710007,159.309998,Aster当日前50,4H EMA 刚转强；4H MACD 新金叉
2026-07-27,2026-07-29,Aster Call,Aster,ARLO,ARLO TECHNOLOGIES INC,Information Technology,10,,0.04610951,13.880000,14.520000,Aster当日前50,4H EMA 刚转强；4H MACD 新金叉
2026-07-27,2026-07-29,Aster Call,Aster,CRM,Salesforce,Information Technology,11,,0.08591186,173.550003,188.460007,Aster当日前50,4H EMA 刚转强；4H MACD 新金叉
2026-07-27,2026-07-29,Aster Call,Aster,EXPE,Expedia Group,Consumer Discretionary,12,,0.09304162,278.369995,304.269989,Aster当日前50,4H EMA 刚转强；4H MACD 新金叉
2026-07-27,2026-07-29,Aster Call,Aster,MC,MOELIS CLASS A,Financials,13,,-0.03658361,67.790001,65.309998,Aster当日前50,4H EMA 刚转强；4H MACD 新金叉
2026-07-27,2026-07-29,Aster Call,Aster,SIRI,SiriusXM Holdings Inc. - Common Stock,,14,,0.04388216,31.219999,32.590000,Aster当日前50,4H EMA 刚转强；4H MACD 新金叉
2026-07-27,2026-07-29,Aster Call,Aster,BOW,BOWHEAD SPECIALTY HOLDINGS INC,Financials,15,,0.02288732,31.240000,31.955000,Aster当日前50,4H EMA 刚转强；4H MACD 新金叉
2026-07-27,2026-07-29,Aster Call,Aster,AVTX,AVALO THERAPEUTICS INC,Health Care,16,,-0.02512821,19.500000,19.010000,Aster当日前50,4H EMA 刚转强；4H MACD 新金叉
2026-07-27,2026-07-29,Aster Call,Aster,DGICA,DONEGAL GROUP INC CLASS A,Financials,17,,0.02115278,18.910000,19.309999,Aster当日前50,4H EMA 刚转强；4H MACD 新金叉
2026-07-27,2026-07-29,Aster Call,Aster,BSY,"Bentley Systems, Incorporated - Class B Common Stock",,18,,0.09641056,33.709999,36.959999,Aster当日前50,4H EMA 刚转强；4H MACD 新金叉
2026-07-27,2026-07-29,Aster Call,Aster,VRSN,Verisign,Information Technology,19,,0.05858382,274.820007,290.920013,Aster当日前50,4H EMA 刚转强；4H MACD 新金叉
2026-07-27,2026-07-29,Aster Call,Aster,WAY,WAYSTAR HOLDING CORP,Health Care,20,,0.06032432,23.125000,24.520000,Aster当日前50,4H EMA 刚转强；4H MACD 新金叉
2026-07-27,2026-07-29,Aster Call,Aster,CUBI,CUSTOMERS BANCORP INC,Financials,21,,0.00010178,78.641998,78.650002,Aster当日前50,4H EMA 刚转强；4H MACD 新金叉
2026-07-27,2026-07-29,Aster Call,Aster,CVLT,COMMVAULT SYSTEMS INC,Information Technology,22,,-0.19503551,149.460007,120.309998,Aster当日前50,4H EMA 刚转强；4H MACD 新金叉
2026-07-27,2026-07-29,Aster Call,Aster,PSFE,PAYSAFE LTD,Financials,23,,0.00699301,8.580000,8.640000,Aster当日前50,4H EMA 刚转强；4H MACD 新金叉
2026-07-27,2026-07-29,Aster Call,Aster,ECPG,ENCORE CAPITAL GROUP INC,Financials,24,,-0.00656427,94.449997,93.830002,Aster当日前50,4H EMA 刚转强；4H MACD 新金叉
2026-07-27,2026-07-29,Aster Call,Aster,WLY,JOHN WILEY AND SONS INC CLASS A,Communication,25,,0.09465837,50.919998,55.740002,Aster当日前50,4H EMA 刚转强；4H MACD 新金叉
2026-07-27,2026-07-29,Aster Call,Aster,CHD,Church & Dwight,Consumer Staples,26,,0.01195542,98.699997,99.879997,Aster当日前50,4H EMA 刚转强；4H MACD 新金叉
2026-07-27,2026-07-29,Aster Call,Aster,NE,NOBLE CORPORATION PLC,Energy,27,,-0.04959453,43.150002,41.009998,Aster当日前50,4H EMA 刚转强；4H MACD 多头
2026-07-27,2026-07-29,Aster Call,Aster,TW,Tradeweb Markets Inc. - Class A Common Stock,,28,,0.06043230,102.014999,108.180000,Aster当日前50,4H EMA 刚转强；4H MACD 新金叉
2026-07-27,2026-07-29,Aster Call,Aster,GLIBK,LIBERTY CAPITAL CORP SERIES C,Communication,29,,0.03547676,22.549999,23.350000,Aster当日前50,4H EMA 刚转强；4H MACD 新金叉
2026-07-27,2026-07-29,Aster Call,Aster,AII,AMERICAN INTEGRITY INSURANCE GROUP,Financials,30,,0.06308901,19.100000,20.305000,Aster当日前50,4H EMA 刚转强；4H MACD 新金叉
2026-07-27,2026-07-29,Aster Call,Aster,ADBE,Adobe Inc.,Information Technology,31,,0.10801259,237.750000,263.429993,Aster当日前50,4H EMA 刚转强；4H MACD 新金叉
2026-07-27,2026-07-29,Aster Call,Aster,TRI,Thomson Reuters Corp - Common Shares,,32,,0.08776589,97.760002,106.339996,Aster当日前50,4H EMA 刚转强；4H MACD 新金叉
2026-07-27,2026-07-29,Aster Call,Aster,HTB,HOMETRUST BANCSHARES INC,Financials,33,,0.04054876,49.570000,51.580002,Aster当日前50,4H EMA 刚转强；4H MACD 新金叉
2026-07-27,2026-07-29,Aster Call,Aster,ASO,ACADEMY SPORTS AND OUTDOORS INC,Consumer Discretionary,34,,-0.01663331,49.900002,49.070000,Aster当日前50,4H EMA 刚转强；4H MACD 新金叉
2026-07-27,2026-07-29,Aster Call,Aster,PGC,PEAPACK GLADSTONE FINANCIAL CORP,Financials,35,,-0.02189632,47.040001,46.009998,Aster当日前50,4H EMA 刚转强；4H MACD 新金叉
2026-07-27,2026-07-29,Aster Call,Aster,GRDN,GUARDIAN PHARMACY SERVICES INC CLA,Health Care,36,,-0.01277423,41.490002,40.959999,Aster当日前50,4H EMA 刚转强；4H MACD 多头
2026-07-27,2026-07-29,Aster Call,Aster,BAX,Baxter International,Health Care,37,,0.06083976,23.340000,24.760000,Aster当日前50,4H EMA 刚转强；4H MACD 新金叉
2026-07-27,2026-07-29,Aster Call,Aster,TSN,Tyson Foods,Consumer Staples,38,,0.00560040,60.709999,61.049999,Aster当日前50,4H EMA 刚转强；4H MACD 新金叉
2026-07-27,2026-07-29,Aster Call,Aster,LRN,STRIDE INC,Consumer Discretionary,39,,0.08555409,90.059998,97.764999,Aster当日前50,4H EMA 刚转强；4H MACD 新金叉
2026-07-27,2026-07-29,Aster Call,Aster,BRO,Brown & Brown,Financials,40,,0.07492466,69.669998,74.889999,Aster当日前50,4H EMA 刚转强；4H MACD 新金叉
2026-07-27,2026-07-29,Aster Call,Aster,NMRK,NEWMARK GROUP INC CLASS A,Real Estate,41,,-0.06293266,15.890000,14.890000,Aster当日前50,4H EMA 刚转强；4H MACD 新金叉
2026-07-27,2026-07-29,Aster Call,Aster,KO,Coca-Cola Company (The),Consumer Staples,42,,0.05980974,84.099998,89.129997,Aster当日前50,4H EMA 刚转强；4H MACD 新金叉
2026-07-27,2026-07-29,Aster Call,Aster,OLMA,OLEMA PHARMACEUTICALS INC,Health Care,43,,-0.06827644,12.010000,11.190000,Aster当日前50,4H EMA 刚转强；4H MACD 多头
2026-07-27,2026-07-29,Aster Call,Aster,CI,Cigna,Health Care,44,,0.01860253,291.089996,296.505005,Aster当日前50,4H EMA 刚转强；4H MACD 新金叉
2026-07-27,2026-07-29,Aster Call,Aster,HZO,MARINEMAX INC,Consumer Discretionary,45,,-0.06392946,36.290001,33.970001,Aster当日前50,4H EMA 刚转强；4H MACD 多头
2026-07-27,2026-07-29,Aster Call,Aster,LNTH,LANTHEUS HOLDINGS INC,Health Care,46,,-0.07433120,108.029999,100.000000,Aster当日前50,4H EMA 刚转强；4H MACD 新金叉
2026-07-27,2026-07-29,Aster Call,Aster,TEL,TE Connectivity,Information Technology,47,,-0.00310756,207.559998,206.914993,Aster当日前50,4H EMA 刚转强；4H MACD 新金叉
2026-07-27,2026-07-29,Aster Call,Aster,CTSH,Cognizant,Information Technology,48,,0.18958559,47.049999,55.970001,Aster当日前50,4H EMA 刚转强；4H MACD 新金叉
2026-07-27,2026-07-29,Aster Call,Aster,RCKY,ROCKY BRANDS INC,Consumer Discretionary,49,,0.18199318,41.540001,49.099998,Aster当日前50,4H EMA 刚转强；4H MACD 新金叉
2026-07-27,2026-07-29,Aster Call,Aster,EWTX,EDGEWISE THERAPEUTICS INC,Health Care,50,,-0.04447111,41.599998,39.750000,Aster当日前50,4H EMA 刚转强；4H MACD 新金叉
2026-07-24,2026-07-29,Early,S&P 500,UHS,Universal Health Services,Health Care,1,146,0.07822127,155.839996,168.029999,4H当日前50,4H EMA9/26 最近金叉且价格在 EMA50 上方；4H MACD 刚金叉但仍需零轴确认；4H MACD 柱体连续扩张；4H RSI 位于健康强势区间
2026-07-24,2026-07-29,Early,S&P 500,EXE,Expand Energy,Energy,2,40,0.01027100,91.519997,92.459999,4H当日前50,4H EMA9 已站上 EMA26，等待 26/50 确认；4H MACD 位于 Signal 上方；4H RSI 位于健康强势区间
2026-07-24,2026-07-29,Early,S&P 500,NRG,NRG Energy,Utilities,3,465,-0.11897328,141.039993,124.260002,4H当日前50,4H EMA9/26 最近金叉且价格在 EMA50 上方；4H MACD 位于 Signal 上方；4H RSI 位于健康强势区间
2026-07-24,2026-07-29,Early,S&P 500,JCI,Johnson Controls,Industrials,4,385,-0.02760538,143.449997,139.490005,4H当日前50,4H EMA9 已站上 EMA26，等待 26/50 确认；4H MACD 位于 Signal 上方；4H RSI 位于健康强势区间
2026-07-24,2026-07-29,Early,S&P 500,LYB,LyondellBasell,Materials,5,24,0.00256904,60.334999,60.490002,4H当日前50,4H EMA9 已站上 EMA26，等待 26/50 确认；4H MACD 位于 Signal 上方；4H RSI 位于健康强势区间
2026-07-24,2026-07-29,Early,S&P 500,ATO,Atmos Energy,Utilities,6,310,-0.00889819,179.250000,177.654999,4H当日前50,4H EMA 多头排列已连续维持；4H MACD 零轴上方刚金叉；4H MACD 柱体连续扩张；4H RSI 位于健康强势区间
2026-07-24,2026-07-29,Early,S&P 500,TT,Trane Technologies,Industrials,7,492,-0.07095136,481.244995,447.100006,4H当日前50,4H EMA9/26 最近金叉且价格在 EMA50 上方；4H MACD 位于 Signal 上方；4H MACD 柱体连续扩张；4H RSI 位于健康强势区间
2026-07-24,2026-07-29,Early,S&P 500,SWK,Stanley Black & Decker,Industrials,8,61,0.02027841,91.230003,93.080002,4H当日前50,4H EMA9/26 最近金叉且价格在 EMA50 上方；4H MACD 零轴上方刚金叉；4H MACD 柱体连续扩张；4H RSI 位于健康强势区间
2026-07-24,2026-07-29,Early,S&P 500,MAS,Masco,Industrials,9,450,-0.08466001,79.269997,72.558998,4H当日前50,4H EMA9/26 最近金叉且价格在 EMA50 上方；4H MACD 零轴上方刚金叉；4H MACD 柱体连续扩张；4H RSI 位于健康强势区间
2026-07-24,2026-07-29,Early,S&P 500,CME,CME Group,Financials,10,165,0.03967727,255.309998,265.440002,4H当日前50,4H EMA9 已站上 EMA26，等待 26/50 确认；4H MACD 位于 Signal 上方；4H RSI 位于健康强势区间
2026-07-24,2026-07-29,Early,S&P 500,NEE,NextEra Energy,Utilities,11,231,-0.01436687,89.790001,88.500000,4H当日前50,4H EMA 多头排列已连续维持；4H MACD 位于 Signal 上方；4H RSI 位于健康强势区间
2026-07-24,2026-07-29,Early,S&P 500,SYY,Sysco,Consumer Staples,12,70,0.02695220,83.110001,85.349998,4H当日前50,4H EMA9/26 最近金叉且价格在 EMA50 上方；4H MACD 刚金叉但仍需零轴确认；4H MACD 柱体连续扩张；4H RSI 位于健康强势区间
2026-07-24,2026-07-29,Early,S&P 500,CEG,Constellation Energy,Utilities,13,288,-0.05977763,274.350006,257.950012,4H当日前50,4H EMA 多头排列已连续维持；4H MACD 位于 Signal 上方；4H RSI 位于健康强势区间
2026-07-24,2026-07-29,Early,S&P 500,CINF,Cincinnati Financial,Financials,14,304,-0.00809582,182.809998,181.330002,4H当日前50,4H EMA9/26 最近金叉且价格在 EMA50 上方；4H MACD 位于 Signal 上方；4H MACD 柱体连续扩张；4H RSI 位于健康强势区间
2026-07-24,2026-07-29,Early,S&P 500,EXR,Extra Space Storage,Real Estate,15,102,0.03433336,147.669998,152.740005,4H当日前50,4H EMA9/26 最近金叉且价格在 EMA50 上方；4H MACD 刚金叉但仍需零轴确认；4H MACD 柱体连续扩张；4H RSI 位于健康强势区间
2026-07-24,2026-07-29,Early,S&P 500,KVUE,Kenvue,Consumer Staples,16,55,0.02830434,19.254999,19.799999,4H当日前50,4H EMA9/26 最近金叉且价格在 EMA50 上方；4H MACD 刚金叉但仍需零轴确认；4H MACD 柱体连续扩张；4H RSI 位于健康强势区间
2026-07-24,2026-07-29,Early,S&P 500,XEL,Xcel Energy,Utilities,17,400,-0.03575362,81.669998,78.750000,4H当日前50,4H EMA 多头排列已连续维持；4H MACD 位于 Signal 上方；4H MACD 柱体连续扩张；4H RSI 位于健康强势区间
2026-07-24,2026-07-29,Early,S&P 500,SYK,Stryker Corporation,Health Care,18,194,0.06642648,330.290009,352.230011,4H当日前50,4H EMA9/26 最近金叉且价格在 EMA50 上方；4H MACD 刚金叉但仍需零轴确认；4H MACD 柱体连续扩张；4H RSI 位于健康强势区间
2026-07-24,2026-07-29,Early,S&P 500,DVN,Devon Energy,Energy,19,65,-0.01257299,45.041302,44.474998,4H当日前50,4H EMA 多头排列已连续维持；4H MACD 位于 Signal 上方；4H RSI 位于健康强势区间
2026-07-24,2026-07-29,Early,S&P 500,AMCR,Amcor,Materials,20,108,0.02959007,44.542000,45.860001,4H当日前50,4H EMA9/26 最近金叉且价格在 EMA50 上方；4H MACD 零轴上方刚金叉；4H MACD 柱体连续扩张；4H RSI 位于健康强势区间
2026-07-24,2026-07-29,Early,S&P 500,EFX,Equifax,Industrials,21,179,0.08482146,172.479996,187.110001,4H当日前50,4H EMA9/26 最近金叉且价格在 EMA50 上方；4H MACD 柱体连续扩张；4H RSI 位于健康强势区间
2026-07-24,2026-07-29,Early,S&P 500,INTU,Intuit,Information Technology,22,211,0.12418594,296.329987,333.130005,4H当日前50,4H EMA9 已站上 EMA26，等待 26/50 确认；4H MACD 柱体连续扩张；4H RSI 位于健康强势区间
2026-07-24,2026-07-29,Early,S&P 500,LLY,Lilly (Eli),Health Care,23,155,0.01202050,1196.290039,1210.670044,4H当日前50,4H EMA9/26 最近金叉且价格在 EMA50 上方；4H MACD 位于 Signal 上方；4H MACD 柱体连续扩张；4H RSI 位于健康强势区间
2026-07-24,2026-07-29,Early,S&P 500,VRSN,Verisign,Information Technology,24,238,0.03900005,280.000000,290.920013,4H当日前50,4H EMA9/26 最近金叉且价格在 EMA50 上方；4H MACD 柱体连续扩张；4H RSI 位于健康强势区间
2026-07-24,2026-07-29,Early,S&P 500,AEP,American Electric Power,Utilities,25,430,-0.04530028,135.539993,129.399994,4H当日前50,4H EMA9/26 最近金叉且价格在 EMA50 上方；4H MACD 位于 Signal 上方；4H MACD 柱体连续扩张；4H RSI 位于健康强势区间
2026-07-24,2026-07-29,Early,S&P 500,AEE,Ameren,Utilities,26,420,-0.03331277,113.769997,109.980003,4H当日前50,4H EMA9/26 最近金叉且价格在 EMA50 上方；4H MACD 位于 Signal 上方；4H MACD 柱体连续扩张；4H RSI 位于健康强势区间
2026-07-24,2026-07-29,Early,S&P 500,DLR,Digital Realty,Real Estate,27,28,-0.05359748,198.889999,188.229996,4H当日前50,4H EMA9 已站上 EMA26，等待 26/50 确认；4H MACD 位于 Signal 上方；4H MACD 柱体连续扩张
2026-07-24,2026-07-29,Early,S&P 500,HON,Honeywell Technologies,Industrials,28,132,-0.00834875,243.149994,241.119995,4H当日前50,4H EMA 多头排列已连续维持；4H MACD 位于 Signal 上方；4H RSI 位于健康强势区间
2026-07-24,2026-07-29,Early,S&P 500,GWW,W. W. Grainger,Industrials,29,345,-0.01629211,1382.265015,1359.744995,4H当日前50,4H EMA9/26 最近金叉且价格在 EMA50 上方；4H MACD 柱体连续扩张；4H RSI 位于健康强势区间
2026-07-24,2026-07-29,Early,S&P 500,FTV,Fortive,Industrials,30,366,-0.04405744,62.305000,59.560001,4H当日前50,4H MACD 刚金叉但仍需零轴确认；4H MACD 柱体连续扩张；4H RSI 位于健康强势区间
2026-07-24,2026-07-29,Early,S&P 500,AIZ,Assurant,Financials,31,94,0.01541403,276.695007,280.959991,4H当日前50,4H EMA9/26 最近金叉且价格在 EMA50 上方；4H MACD 柱体连续扩张；4H RSI 位于健康强势区间
2026-07-24,2026-07-29,Early,S&P 500,BDX,Becton Dickinson,Health Care,32,209,0.07723055,156.350006,168.425003,4H当日前50,4H EMA9/26 最近金叉且价格在 EMA50 上方；4H MACD 柱体连续扩张；4H RSI 位于健康强势区间
2026-07-24,2026-07-29,Early,S&P 500,KKR,KKR & Co.,Financials,33,306,-0.00115721,99.375000,99.260002,4H当日前50,4H EMA9/26 最近金叉且价格在 EMA50 上方；4H MACD 柱体连续扩张；4H RSI 位于健康强势区间
2026-07-24,2026-07-29,Early,S&P 500,TFC,Truist Financial,Financials,34,86,0.01042969,51.775002,52.314999,4H当日前50,4H EMA9/26 最近金叉且价格在 EMA50 上方；4H MACD 柱体连续扩张；4H RSI 位于健康强势区间
2026-07-24,2026-07-29,Early,S&P 500,APA,APA Corporation,Energy,35,110,0.01521436,36.150002,36.700001,4H当日前50,4H EMA 多头排列已连续维持；4H MACD 位于 Signal 上方；4H RSI 位于健康强势区间
2026-07-24,2026-07-29,Early,S&P 500,ROP,Roper Technologies,Information Technology,36,286,0.11087824,367.339996,408.070007,4H当日前50,4H EMA9/26 最近金叉且价格在 EMA50 上方；4H MACD 零轴上方刚金叉；4H MACD 柱体连续扩张；4H RSI 位于健康强势区间
2026-07-24,2026-07-29,Early,S&P 500,ZBH,Zimmer Biomet,Health Care,37,193,0.06338261,91.349998,97.139999,4H当日前50,4H EMA9/26 最近金叉且价格在 EMA50 上方；4H MACD 柱体连续扩张；4H RSI 位于健康强势区间
2026-07-24,2026-07-29,Early,S&P 500,NUE,Nucor,Materials,38,158,0.03412755,247.600006,256.049988,4H当日前50,4H MACD 位于 Signal 上方；4H MACD 柱体连续扩张
2026-07-24,2026-07-29,Early,S&P 500,EXC,Exelon,Utilities,39,130,-0.01051967,47.529999,47.029999,4H当日前50,4H EMA 多头排列已连续维持；4H MACD 位于 Signal 上方；4H MACD 柱体连续扩张；4H RSI 位于健康强势区间
2026-07-24,2026-07-29,Early,S&P 500,CNP,CenterPoint Energy,Utilities,40,396,-0.03613106,44.560001,42.950001,4H当日前50,4H EMA 多头排列已连续维持；4H MACD 位于 Signal 上方；4H MACD 柱体连续扩张；4H RSI 位于健康强势区间
2026-07-24,2026-07-29,Early,S&P 500,SW,Smurfit Westrock,Materials,41,148,-0.00648546,48.570000,48.255001,4H当日前50,4H EMA9/26 最近金叉且价格在 EMA50 上方；4H MACD 位于 Signal 上方；4H MACD 柱体连续扩张
2026-07-24,2026-07-29,Early,S&P 500,PH,Parker Hannifin,Industrials,42,387,-0.03651978,987.409973,951.349976,4H当日前50,4H EMA 多头排列已连续维持；4H MACD 位于 Signal 上方；4H RSI 位于健康强势区间
2026-07-24,2026-07-29,Early,S&P 500,VLTO,Veralto,Industrials,43,253,0.07364760,92.059998,98.839996,4H当日前50,4H EMA9/26 最近金叉且价格在 EMA50 上方；4H MACD 柱体连续扩张；4H RSI 位于健康强势区间
2026-07-24,2026-07-29,Early,S&P 500,BG,Bunge Global,Consumer Staples,44,440,-0.11359897,121.480003,107.680000,4H当日前50,4H EMA 多头排列已连续维持；4H MACD 位于 Signal 上方；4H RSI 位于健康强势区间
2026-07-24,2026-07-29,Early,S&P 500,DPZ,Domino's,Consumer Discretionary,45,280,0.08117848,332.970001,360.000000,4H当日前50,4H EMA 多头排列已连续维持；4H MACD 零轴上方刚金叉；4H MACD 柱体连续扩张；4H RSI 位于健康强势区间
2026-07-24,2026-07-29,Early,S&P 500,SO,Southern Company,Utilities,46,144,-0.01229771,97.269997,96.073799,4H当日前50,4H EMA 多头排列已连续维持；4H MACD 位于 Signal 上方；4H MACD 柱体连续扩张；4H RSI 位于健康强势区间
2026-07-24,2026-07-29,Early,S&P 500,STE,Steris,Health Care,47,268,0.09734223,214.089996,234.929993,4H当日前50,4H MACD 柱体连续扩张；4H RSI 位于健康强势区间
2026-07-24,2026-07-29,Early,S&P 500,IRM,Iron Mountain,Real Estate,48,297,-0.05941440,128.419998,120.790001,4H当日前50,4H MACD 位于 Signal 上方；4H MACD 柱体连续扩张；4H RSI 位于健康强势区间
2026-07-24,2026-07-29,Early,S&P 500,OXY,Occidental Petroleum,Energy,49,119,-0.02164430,57.290001,56.049999,4H当日前50,4H EMA 多头排列已连续维持；4H MACD 位于 Signal 上方；4H RSI 位于健康强势区间
2026-07-24,2026-07-29,Early,S&P 500,BR,Broadridge Financial Solutions,Industrials,50,105,0.06912290,149.009995,159.309998,4H当日前50,4H MACD 柱体连续扩张；4H RSI 位于健康强势区间
2026-07-24,2026-07-29,Early,Nasdaq 200,LOGI,Logitech International S.A. - Registered Shares,,1,127,-0.02637551,105.779999,102.989998,4H当日前50,4H EMA9 已站上 EMA26，等待 26/50 确认；4H MACD 位于 Signal 上方；4H MACD 柱体连续扩张；4H RSI 位于健康强势区间
2026-07-24,2026-07-29,Early,Nasdaq 200,EXE,Expand Energy,Energy,2,20,0.01027100,91.519997,92.459999,4H当日前50,4H EMA9 已站上 EMA26，等待 26/50 确认；4H MACD 位于 Signal 上方；4H RSI 位于健康强势区间
2026-07-24,2026-07-29,Early,Nasdaq 200,XEL,Xcel Energy,Utilities,3,132,-0.03575362,81.669998,78.750000,4H当日前50,4H EMA 多头排列已连续维持；4H MACD 位于 Signal 上方；4H MACD 柱体连续扩张；4H RSI 位于健康强势区间
2026-07-24,2026-07-29,Early,Nasdaq 200,AEP,American Electric Power,Utilities,4,153,-0.04530028,135.539993,129.399994,4H当日前50,4H EMA9/26 最近金叉且价格在 EMA50 上方；4H MACD 位于 Signal 上方；4H MACD 柱体连续扩张；4H RSI 位于健康强势区间
2026-07-24,2026-07-29,Early,Nasdaq 200,CEG,Constellation Energy,Utilities,5,88,-0.05977763,274.350006,257.950012,4H当日前50,4H EMA 多头排列已连续维持；4H MACD 位于 Signal 上方；4H RSI 位于健康强势区间
2026-07-24,2026-07-29,Early,Nasdaq 200,ESLT,Elbit Systems Ltd. - Ordinary Shares,,6,98,-0.06231336,820.210022,769.099976,4H当日前50,4H EMA9 已站上 EMA26，等待 26/50 确认；4H MACD 位于 Signal 上方
2026-07-24,2026-07-29,Early,Nasdaq 200,INTU,Intuit,Information Technology,7,71,0.12418594,296.329987,333.130005,4H当日前50,4H EMA9 已站上 EMA26，等待 26/50 确认；4H MACD 柱体连续扩张；4H RSI 位于健康强势区间
2026-07-24,2026-07-29,Early,Nasdaq 200,VRSN,Verisign,Information Technology,8,81,0.03900005,280.000000,290.920013,4H当日前50,4H EMA9/26 最近金叉且价格在 EMA50 上方；4H MACD 柱体连续扩张；4H RSI 位于健康强势区间
2026-07-24,2026-07-29,Early,Nasdaq 200,HON,Honeywell Technologies,Industrials,9,50,-0.00834875,243.149994,241.119995,4H当日前50,4H EMA 多头排列已连续维持；4H MACD 位于 Signal 上方；4H RSI 位于健康强势区间
2026-07-24,2026-07-29,Early,Nasdaq 200,ROP,Roper Technologies,Information Technology,10,99,0.11087824,367.339996,408.070007,4H当日前50,4H EMA9/26 最近金叉且价格在 EMA50 上方；4H MACD 零轴上方刚金叉；4H MACD 柱体连续扩张；4H RSI 位于健康强势区间
2026-07-24,2026-07-29,Early,Nasdaq 200,DPZ,Domino's,Consumer Discretionary,11,96,0.08117848,332.970001,360.000000,4H当日前50,4H EMA 多头排列已连续维持；4H MACD 零轴上方刚金叉；4H MACD 柱体连续扩张；4H RSI 位于健康强势区间
2026-07-24,2026-07-29,Early,Nasdaq 200,EXC,Exelon,Utilities,12,33,-0.01051967,47.529999,47.029999,4H当日前50,4H EMA 多头排列已连续维持；4H MACD 位于 Signal 上方；4H MACD 柱体连续扩张；4H RSI 位于健康强势区间
2026-07-24,2026-07-29,Early,Nasdaq 200,NDSN,Nordson Corporation,Industrials,13,45,-0.00267092,295.769989,294.980011,4H当日前50,4H MACD 位于 Signal 上方；4H MACD 柱体连续扩张；4H RSI 位于健康强势区间
2026-07-24,2026-07-29,Early,Nasdaq 200,EVRG,Evergy,Utilities,14,138,-0.03647626,87.180000,84.000000,4H当日前50,4H EMA 多头排列已连续维持；4H MACD 位于 Signal 上方；4H MACD 柱体连续扩张；4H RSI 位于健康强势区间
2026-07-24,2026-07-29,Early,Nasdaq 200,PODD,Insulet Corporation,Health Care,15,17,0.04508147,163.259995,170.619995,4H当日前50,4H MACD 柱体连续扩张；4H RSI 位于健康强势区间
2026-07-24,2026-07-29,Early,Nasdaq 200,AMGN,Amgen,Health Care,16,76,0.03084780,376.040009,387.640015,4H当日前50,4H EMA 多头排列已连续维持；4H MACD 位于 Signal 上方；4H MACD 柱体连续扩张；4H RSI 位于健康强势区间
2026-07-24,2026-07-29,Early,Nasdaq 200,ROIV,Roivant Sciences Ltd. - Common Shares,,17,158,-0.06112537,35.009998,32.869999,4H当日前50,4H MACD 零轴上方刚金叉；4H RSI 位于健康强势区间
2026-07-24,2026-07-29,Early,Nasdaq 200,DOCU,"DocuSign, Inc. - Common Stock",,18,103,0.15325137,50.439999,58.169998,4H当日前50,4H EMA9/26 最近金叉且价格在 EMA50 上方；4H MACD 柱体连续扩张；4H RSI 位于健康强势区间
2026-07-24,2026-07-29,Early,Nasdaq 200,KMB,Kimberly-Clark,Consumer Staples,19,21,0.03199637,109.699997,113.209999,4H当日前50,4H MACD 刚金叉但仍需零轴确认；4H MACD 柱体连续扩张；4H RSI 位于健康强势区间
2026-07-24,2026-07-29,Early,Nasdaq 200,NTNX,"Nutanix, Inc. - Class A Common Stock",,20,90,0.08230376,55.040001,59.570000,4H当日前50,4H EMA9/26 最近金叉且价格在 EMA50 上方；4H MACD 柱体连续扩张；4H RSI 位于健康强势区间
2026-07-24,2026-07-29,Early,Nasdaq 200,WWD,"Woodward, Inc. - Common Stock",,21,151,-0.08014317,419.000000,385.420013,4H当日前50,4H EMA 多头排列已连续维持；4H MACD 位于 Signal 上方；4H MACD 柱体连续扩张；4H RSI 位于健康强势区间
2026-07-24,2026-07-29,Early,Nasdaq 200,ARGX,argenx SE - American Depositary Shares,,22,121,-0.03883598,918.219971,882.559998,4H当日前50,4H EMA 多头排列已连续维持；4H MACD 位于 Signal 上方；4H MACD 柱体连续扩张；4H RSI 位于健康强势区间
2026-07-24,2026-07-29,Early,Nasdaq 200,MDLZ,Mondelez International,Consumer Staples,23,86,0.07385985,60.520000,64.989998,4H当日前50,4H EMA9 已站上 EMA26，等待 26/50 确认；4H MACD 位于 Signal 上方；4H RSI 位于健康强势区间
2026-07-24,2026-07-29,Early,Nasdaq 200,RPRX,Royalty Pharma plc - Class A Ordinary Shares,,24,38,0.00594931,58.830002,59.180000,4H当日前50,4H EMA 多头排列已连续维持；4H MACD 位于 Signal 上方；4H RSI 位于健康强势区间
2026-07-24,2026-07-29,Early,Nasdaq 200,ADBE,Adobe Inc.,Information Technology,25,59,0.17022785,225.110001,263.429993,4H当日前50,4H MACD 柱体连续扩张；4H RSI 位于健康强势区间
2026-07-24,2026-07-29,Early,Nasdaq 200,NTAP,NetApp,Information Technology,26,48,0.03272917,167.740005,173.229996,4H当日前50,4H MACD 零轴上方刚金叉；4H MACD 柱体连续扩张；4H RSI 位于健康强势区间
2026-07-24,2026-07-29,Early,Nasdaq 200,ILMN,"Illumina, Inc. - Common Stock",,27,67,0.00376120,194.089996,194.820007,4H当日前50,4H EMA 多头排列已连续维持；4H MACD 零轴上方刚金叉；4H RSI 位于健康强势区间
2026-07-24,2026-07-29,Early,Nasdaq 200,RVMD,"Revolution Medicines, Inc. - Common Stock",,28,137,-0.04391480,189.229996,180.919998,4H当日前50,4H EMA 多头排列已连续维持；4H MACD 零轴上方刚金叉；4H MACD 柱体连续扩张；4H RSI 位于健康强势区间
2026-07-24,2026-07-29,Early,Nasdaq 200,ROST,Ross Stores,Consumer Discretionary,29,109,0.05471141,238.889999,251.960007,4H当日前50,4H MACD 位于 Signal 上方；4H MACD 柱体连续扩张
2026-07-24,2026-07-29,Early,Nasdaq 200,RGLD,"Royal Gold, Inc. - Common Stock",,30,72,-0.02726916,200.960007,195.479996,4H当日前50,4H EMA9/26 最近金叉且价格在 EMA50 上方；4H MACD 位于 Signal 上方；4H RSI 位于健康强势区间
2026-07-24,2026-07-29,Early,Nasdaq 200,ORLY,O’Reilly Automotive,Consumer Discretionary,31,19,0.03695646,87.400002,90.629997,4H当日前50,4H EMA9/26 最近金叉且价格在 EMA50 上方；4H MACD 位于 Signal 上方；4H RSI 位于健康强势区间
2026-07-24,2026-07-29,Early,Nasdaq 200,SSNC,"SS&C Technologies Holdings, Inc. - Common Stock",,32,104,0.05996212,73.879997,78.309998,4H当日前50,4H MACD 零轴上方刚金叉；4H MACD 柱体连续扩张
2026-07-24,2026-07-29,Early,Nasdaq 200,STLD,Steel Dynamics,Materials,33,46,0.02116464,247.110001,252.339996,4H当日前50,4H EMA9 已站上 EMA26，等待 26/50 确认；4H MACD 位于 Signal 上方；4H MACD 柱体连续扩张；4H RSI 位于健康强势区间
2026-07-24,2026-07-29,Early,Nasdaq 200,MDGL,"Madrigal Pharmaceuticals, Inc. - Common Stock",,34,63,0.00435253,544.510010,546.880005,4H当日前50,4H EMA 多头排列已连续维持；4H MACD 柱体连续扩张；4H RSI 位于健康强势区间
2026-07-24,2026-07-29,Early,Nasdaq 200,AVGO,Broadcom,Information Technology,35,133,-0.03037287,381.920013,370.320007,4H当日前50,4H EMA9 已站上 EMA26，等待 26/50 确认；4H MACD 位于 Signal 上方
2026-07-24,2026-07-29,Early,Nasdaq 200,TCOM,Trip.com Group Limited - American Depositary Shares,,36,37,0.05407885,43.639999,46.000000,4H当日前50,4H EMA9 已站上 EMA26，等待 26/50 确认；4H MACD 零轴上方刚金叉；4H MACD 柱体连续扩张；4H RSI 位于健康强势区间
2026-07-24,2026-07-29,Early,Nasdaq 200,ODFL,Old Dominion,Industrials,37,124,-0.04377875,232.990005,222.789993,4H当日前50,4H RSI 位于健康强势区间
2026-07-24,2026-07-29,Early,Nasdaq 200,BKR,Baker Hughes,Energy,38,83,0.02567687,57.250000,58.720001,4H当日前50,4H EMA9 已站上 EMA26，等待 26/50 确认；4H MACD 位于 Signal 上方；4H MACD 柱体连续扩张；4H RSI 位于健康强势区间
2026-07-24,2026-07-29,Early,Nasdaq 200,CASY,Casey's,Consumer Staples,39,77,0.00641803,861.630005,867.159973,4H当日前50,4H RSI 位于健康强势区间
2026-07-24,2026-07-29,Early,Nasdaq 200,INCY,Incyte,Health Care,40,89,0.08013937,117.669998,127.099998,4H当日前50,4H EMA 多头排列已连续维持；4H MACD 柱体连续扩张；4H RSI 位于健康强势区间
2026-07-24,2026-07-29,Early,Nasdaq 200,ULTA,Ulta Beauty,Consumer Discretionary,41,22,0.06885311,475.359985,508.089996,4H当日前50,4H RSI 位于健康强势区间
2026-07-24,2026-07-29,Early,Nasdaq 200,CTSH,Cognizant,Information Technology,42,107,0.23146314,45.450001,55.970001,4H当日前50,4H EMA9/26 最近金叉且价格在 EMA50 上方；4H MACD 零轴上方刚金叉；4H MACD 柱体连续扩张；4H RSI 位于健康强势区间
2026-07-24,2026-07-29,Early,Nasdaq 200,MPWR,Monolithic Power Systems,Information Technology,43,155,-0.06376474,1333.810059,1248.760010,4H当日前50,4H EMA9 已站上 EMA26，等待 26/50 确认；4H MACD 位于 Signal 上方
2026-07-24,2026-07-29,Early,Nasdaq 200,NBIX,"Neurocrine Biosciences, Inc. - Common Stock",,44,32,0.02855999,175.770004,180.789993,4H当日前50,4H MACD 柱体连续扩张；4H RSI 位于健康强势区间
2026-07-24,2026-07-29,Early,Nasdaq 200,STX,Seagate Technology,Information Technology,45,157,-0.10245513,851.690002,764.429993,4H当日前50,4H EMA9 已站上 EMA26，等待 26/50 确认；4H MACD 位于 Signal 上方
2026-07-24,2026-07-29,Early,Nasdaq 200,PCAR,Paccar,Industrials,46,78,0.01232600,132.240005,133.869995,4H当日前50,4H EMA 多头排列已连续维持；4H MACD 位于 Signal 上方；4H RSI 位于健康强势区间
2026-07-24,2026-07-29,Early,Nasdaq 200,CCEP,Coca-Cola Europacific Partners plc - Ordinary Shares,,47,85,0.05698789,105.110001,111.099998,4H当日前50,4H MACD 柱体连续扩张；4H RSI 位于健康强势区间
2026-07-24,2026-07-29,Early,Nasdaq 200,BBIO,"BridgeBio Pharma, Inc. - Common Stock",,48,93,-0.00571288,84.019997,83.540001,4H当日前50,4H EMA 多头排列已连续维持；4H MACD 柱体连续扩张；4H RSI 位于健康强势区间
2026-07-24,2026-07-29,Early,Nasdaq 200,SMCI,Supermicro,Information Technology,49,152,-0.14617937,30.100000,25.700001,4H当日前50,4H EMA9 已站上 EMA26，等待 26/50 确认；4H MACD 位于 Signal 上方；4H RSI 位于健康强势区间
2026-07-24,2026-07-29,Early,Nasdaq 200,SNY,Sanofi - American Depositary Shares,,50,8,0.03460208,43.349998,44.849998,4H当日前50,
2026-07-24,2026-07-29,Early,Nasdaq Liquid 500,LOGI,Logitech International S.A. - Registered Shares,,1,281,-0.02637551,105.779999,102.989998,4H当日前50,4H EMA9 已站上 EMA26，等待 26/50 确认；4H MACD 位于 Signal 上方；4H MACD 柱体连续扩张；4H RSI 位于健康强势区间
2026-07-24,2026-07-29,Early,Nasdaq Liquid 500,EXE,Expand Energy,Energy,2,33,0.01027100,91.519997,92.459999,4H当日前50,4H EMA9 已站上 EMA26，等待 26/50 确认；4H MACD 位于 Signal 上方；4H RSI 位于健康强势区间
2026-07-24,2026-07-29,Early,Nasdaq Liquid 500,PTEN,PATTERSON UTI ENERGY INC,Energy,3,285,-0.08529412,10.200000,9.330000,4H当日前50,4H EMA9 已站上 EMA26，等待 26/50 确认；4H MACD 位于 Signal 上方；4H RSI 位于健康强势区间
2026-07-24,2026-07-29,Early,Nasdaq Liquid 500,XEL,Xcel Energy,Utilities,4,294,-0.03575362,81.669998,78.750000,4H当日前50,4H EMA 多头排列已连续维持；4H MACD 位于 Signal 上方；4H MACD 柱体连续扩张；4H RSI 位于健康强势区间
2026-07-24,2026-07-29,Early,Nasdaq Liquid 500,CME,CME Group,Financials,5,97,0.03967727,255.309998,265.440002,4H当日前50,4H EMA9 已站上 EMA26，等待 26/50 确认；4H MACD 位于 Signal 上方；4H RSI 位于健康强势区间
2026-07-24,2026-07-29,Early,Nasdaq Liquid 500,TVTX,TRAVERE THERAPEUTICS INC,Health Care,6,271,-0.03138075,57.360001,55.560001,4H当日前50,4H EMA9/26 最近金叉且价格在 EMA50 上方；4H MACD 零轴上方刚金叉；4H MACD 柱体连续扩张；4H RSI 位于健康强势区间
2026-07-24,2026-07-29,Early,Nasdaq Liquid 500,CIFR,CIPHER DIGITAL INC,Information Technology,7,387,-0.23606916,23.150000,17.684999,4H当日前50,4H EMA9 已站上 EMA26，等待 26/50 确认；4H MACD 位于 Signal 上方；4H RSI 位于健康强势区间
2026-07-24,2026-07-29,Early,Nasdaq Liquid 500,AEP,American Electric Power,Utilities,8,341,-0.04530028,135.539993,129.399994,4H当日前50,4H EMA9/26 最近金叉且价格在 EMA50 上方；4H MACD 位于 Signal 上方；4H MACD 柱体连续扩张；4H RSI 位于健康强势区间
2026-07-24,2026-07-29,Early,Nasdaq Liquid 500,PRAX,PRAXIS PRECISION MEDICINES INC,Health Care,9,357,-0.10534888,325.299988,291.029999,4H当日前50,4H EMA9/26 最近金叉且价格在 EMA50 上方；4H MACD 零轴上方刚金叉；4H MACD 柱体连续扩张；4H RSI 位于健康强势区间
2026-07-24,2026-07-29,Early,Nasdaq Liquid 500,ESLT,Elbit Systems Ltd. - Ordinary Shares,,10,206,-0.06231336,820.210022,769.099976,4H当日前50,4H EMA9 已站上 EMA26，等待 26/50 确认；4H MACD 位于 Signal 上方
2026-07-24,2026-07-29,Early,Nasdaq Liquid 500,CEG,Constellation Energy,Utilities,11,177,-0.05977763,274.350006,257.950012,4H当日前50,4H EMA 多头排列已连续维持；4H MACD 位于 Signal 上方；4H RSI 位于健康强势区间
2026-07-24,2026-07-29,Early,Nasdaq Liquid 500,CINF,Cincinnati Financial,Financials,12,210,-0.00809582,182.809998,181.330002,4H当日前50,4H EMA9/26 最近金叉且价格在 EMA50 上方；4H MACD 位于 Signal 上方；4H MACD 柱体连续扩张；4H RSI 位于健康强势区间
2026-07-24,2026-07-29,Early,Nasdaq Liquid 500,TGTX,TG THERAPEUTICS INC,Health Care,13,287,-0.04568167,56.040001,53.480000,4H当日前50,4H EMA9/26 最近金叉且价格在 EMA50 上方；4H MACD 刚金叉但仍需零轴确认；4H MACD 柱体连续扩张；4H RSI 位于健康强势区间
2026-07-24,2026-07-29,Early,Nasdaq Liquid 500,VNOM,"Viper Energy, Inc.  - Class A Common Stock",,14,274,-0.04320853,45.130001,43.180000,4H当日前50,4H EMA 多头排列已连续维持；4H MACD 位于 Signal 上方；4H RSI 位于健康强势区间
2026-07-24,2026-07-29,Early,Nasdaq Liquid 500,VRSN,Verisign,Information Technology,15,156,0.03900005,280.000000,290.920013,4H当日前50,4H EMA9/26 最近金叉且价格在 EMA50 上方；4H MACD 柱体连续扩张；4H RSI 位于健康强势区间
2026-07-24,2026-07-29,Early,Nasdaq Liquid 500,INTU,Intuit,Information Technology,16,140,0.12418594,296.329987,333.130005,4H当日前50,4H EMA9 已站上 EMA26，等待 26/50 确认；4H MACD 柱体连续扩张；4H RSI 位于健康强势区间
2026-07-24,2026-07-29,Early,Nasdaq Liquid 500,WIX,Wix.com Ltd. - Ordinary Shares,,17,141,0.19081893,51.410000,61.220001,4H当日前50,4H EMA9/26 最近金叉且价格在 EMA50 上方；4H MACD 柱体连续扩张；4H RSI 位于健康强势区间
2026-07-24,2026-07-29,Early,Nasdaq Liquid 500,HON,Honeywell Technologies,Industrials,18,98,-0.00834875,243.149994,241.119995,4H当日前50,4H EMA 多头排列已连续维持；4H MACD 位于 Signal 上方；4H RSI 位于健康强势区间
2026-07-24,2026-07-29,Early,Nasdaq Liquid 500,ROP,Roper Technologies,Information Technology,19,195,0.11087824,367.339996,408.070007,4H当日前50,4H EMA9/26 最近金叉且价格在 EMA50 上方；4H MACD 零轴上方刚金叉；4H MACD 柱体连续扩张；4H RSI 位于健康强势区间
2026-07-24,2026-07-29,Early,Nasdaq Liquid 500,APA,APA Corporation,Energy,20,68,0.01521436,36.150002,36.700001,4H当日前50,4H EMA 多头排列已连续维持；4H MACD 位于 Signal 上方；4H RSI 位于健康强势区间
2026-07-24,2026-07-29,Early,Nasdaq Liquid 500,DPZ,Domino's,Consumer Discretionary,21,193,0.08117848,332.970001,360.000000,4H当日前50,4H EMA 多头排列已连续维持；4H MACD 零轴上方刚金叉；4H MACD 柱体连续扩张；4H RSI 位于健康强势区间
2026-07-24,2026-07-29,Early,Nasdaq Liquid 500,MAT,"Mattel, Inc. - Common Stock",,22,76,0.07182706,14.340000,15.370000,4H当日前50,4H MACD 位于 Signal 上方；4H RSI 位于健康强势区间
2026-07-24,2026-07-29,Early,Nasdaq Liquid 500,FRPT,"Freshpet, Inc. - Common Stock",,23,,0.07785886,57.540001,62.020000,4H当日前50,4H MACD 位于 Signal 上方；4H RSI 位于健康强势区间
2026-07-24,2026-07-29,Early,Nasdaq Liquid 500,EXC,Exelon,Utilities,24,62,-0.01051967,47.529999,47.029999,4H当日前50,4H EMA 多头排列已连续维持；4H MACD 位于 Signal 上方；4H MACD 柱体连续扩张；4H RSI 位于健康强势区间
2026-07-24,2026-07-29,Early,Nasdaq Liquid 500,AVT,"Avnet, Inc. - Common Stock",,25,289,-0.06519797,89.419998,83.589996,4H当日前50,4H EMA 多头排列已连续维持；4H MACD 位于 Signal 上方；4H RSI 位于健康强势区间
2026-07-24,2026-07-29,Early,Nasdaq Liquid 500,ENSG,"The Ensign Group, Inc. - Common Stock",,26,56,0.05144802,172.990005,181.889999,4H当日前50,4H MACD 柱体连续扩张；4H RSI 位于健康强势区间
2026-07-24,2026-07-29,Early,Nasdaq Liquid 500,HAS,Hasbro,Consumer Discretionary,27,111,0.07185490,88.790001,95.169998,4H当日前50,4H EMA 多头排列已连续维持；4H MACD 位于 Signal 上方；4H RSI 位于健康强势区间
2026-07-24,2026-07-29,Early,Nasdaq Liquid 500,NDSN,Nordson Corporation,Industrials,28,69,-0.00267092,295.769989,294.980011,4H当日前50,4H MACD 位于 Signal 上方；4H MACD 柱体连续扩张；4H RSI 位于健康强势区间
2026-07-24,2026-07-29,Early,Nasdaq Liquid 500,TROW,T. Rowe Price,Financials,29,103,0.02034337,116.500000,118.870003,4H当日前50,4H EMA9/26 最近金叉且价格在 EMA50 上方；4H MACD 柱体连续扩张；4H RSI 位于健康强势区间
2026-07-24,2026-07-29,Early,Nasdaq Liquid 500,HST,Host Hotels & Resorts,Real Estate,30,129,0.04244902,24.500000,25.540001,4H当日前50,4H MACD 位于 Signal 上方；4H RSI 位于健康强势区间
2026-07-24,2026-07-29,Early,Nasdaq Liquid 500,PODD,Insulet Corporation,Health Care,31,23,0.04508147,163.259995,170.619995,4H当日前50,4H MACD 柱体连续扩张；4H RSI 位于健康强势区间
2026-07-24,2026-07-29,Early,Nasdaq Liquid 500,EVRG,Evergy,Utilities,32,312,-0.03647626,87.180000,84.000000,4H当日前50,4H EMA 多头排列已连续维持；4H MACD 位于 Signal 上方；4H MACD 柱体连续扩张；4H RSI 位于健康强势区间
2026-07-24,2026-07-29,Early,Nasdaq Liquid 500,AMGN,Amgen,Health Care,33,158,0.03084780,376.040009,387.640015,4H当日前50,4H EMA 多头排列已连续维持；4H MACD 位于 Signal 上方；4H MACD 柱体连续扩张；4H RSI 位于健康强势区间
2026-07-24,2026-07-29,Early,Nasdaq Liquid 500,DOCU,"DocuSign, Inc. - Common Stock",,34,201,0.15325137,50.439999,58.169998,4H当日前50,4H EMA9/26 最近金叉且价格在 EMA50 上方；4H MACD 柱体连续扩张；4H RSI 位于健康强势区间
2026-07-24,2026-07-29,Early,Nasdaq Liquid 500,BRKR,Bruker Corporation - Common Stock,,35,47,0.02133997,60.450001,61.740002,4H当日前50,4H EMA 多头排列已连续维持；4H MACD 位于 Signal 上方；4H RSI 位于健康强势区间
2026-07-24,2026-07-29,Early,Nasdaq Liquid 500,FCNCA,"First Citizens BancShares, Inc. - Class A Common Stock",,36,74,0.00520213,2160.649902,2171.889893,4H当日前50,4H EMA 多头排列已连续维持；4H MACD 位于 Signal 上方；4H RSI 位于健康强势区间
2026-07-24,2026-07-29,Early,Nasdaq Liquid 500,EQIX,Equinix,Real Estate,37,322,-0.07029806,1084.239990,1008.020020,4H当日前50,4H EMA9/26 最近金叉且价格在 EMA50 上方；4H MACD 位于 Signal 上方；4H MACD 柱体连续扩张；4H RSI 位于健康强势区间
2026-07-24,2026-07-29,Early,Nasdaq Liquid 500,NTNX,"Nutanix, Inc. - Class A Common Stock",,38,184,0.08230376,55.040001,59.570000,4H当日前50,4H EMA9/26 最近金叉且价格在 EMA50 上方；4H MACD 柱体连续扩张；4H RSI 位于健康强势区间
2026-07-24,2026-07-29,Early,Nasdaq Liquid 500,CG,The Carlyle Group Inc. - Common Stock,,39,205,-0.01541852,45.400002,44.700001,4H当日前50,4H MACD 柱体连续扩张；4H RSI 位于健康强势区间
2026-07-24,2026-07-29,Early,Nasdaq Liquid 500,WWD,"Woodward, Inc. - Common Stock",,40,337,-0.08014317,419.000000,385.420013,4H当日前50,4H EMA 多头排列已连续维持；4H MACD 位于 Signal 上方；4H MACD 柱体连续扩张；4H RSI 位于健康强势区间
2026-07-24,2026-07-29,Early,Nasdaq Liquid 500,ROIV,Roivant Sciences Ltd. - Common Shares,,41,352,-0.06112537,35.009998,32.869999,4H当日前50,4H MACD 零轴上方刚金叉；4H RSI 位于健康强势区间
2026-07-24,2026-07-29,Early,Nasdaq Liquid 500,ARGX,argenx SE - American Depositary Shares,,42,267,-0.03883598,918.219971,882.559998,4H当日前50,4H EMA 多头排列已连续维持；4H MACD 位于 Signal 上方；4H MACD 柱体连续扩张；4H RSI 位于健康强势区间
2026-07-24,2026-07-29,Early,Nasdaq Liquid 500,KMB,Kimberly-Clark,Consumer Staples,43,42,0.03199637,109.699997,113.209999,4H当日前50,4H MACD 刚金叉但仍需零轴确认；4H MACD 柱体连续扩张；4H RSI 位于健康强势区间
2026-07-24,2026-07-29,Early,Nasdaq Liquid 500,LQDA,LIQUIDIA CORP,Health Care,44,78,0.00695893,86.220001,86.820000,4H当日前50,4H EMA 多头排列已连续维持；4H MACD 位于 Signal 上方；4H RSI 位于健康强势区间
2026-07-24,2026-07-29,Early,Nasdaq Liquid 500,FIVE,"Five Below, Inc. - Common Stock",,45,28,0.03100548,203.190002,209.490005,4H当日前50,4H RSI 位于健康强势区间
2026-07-24,2026-07-29,Early,Nasdaq Liquid 500,RPRX,Royalty Pharma plc - Class A Ordinary Shares,,46,77,0.00594931,58.830002,59.180000,4H当日前50,4H EMA 多头排列已连续维持；4H MACD 位于 Signal 上方；4H RSI 位于健康强势区间
2026-07-24,2026-07-29,Early,Nasdaq Liquid 500,ACGL,Arch Capital Group,Financials,47,73,0.01151318,103.360001,104.550003,4H当日前50,4H EMA 多头排列已连续维持；4H MACD 零轴上方刚金叉；4H MACD 柱体连续扩张；4H RSI 位于健康强势区间
2026-07-24,2026-07-29,Early,Nasdaq Liquid 500,COGT,COGENT BIOSCIENCES INC,Health Care,48,230,-0.00477862,39.759998,39.570000,4H当日前50,4H EMA 多头排列已连续维持；4H MACD 位于 Signal 上方；4H RSI 位于健康强势区间
2026-07-24,2026-07-29,Early,Nasdaq Liquid 500,MDLZ,Mondelez International,Consumer Staples,49,178,0.07385985,60.520000,64.989998,4H当日前50,4H EMA9 已站上 EMA26，等待 26/50 确认；4H MACD 位于 Signal 上方；4H RSI 位于健康强势区间
2026-07-24,2026-07-29,Early,Nasdaq Liquid 500,ADBE,Adobe Inc.,Information Technology,50,106,0.17022785,225.110001,263.429993,4H当日前50,4H MACD 柱体连续扩张；4H RSI 位于健康强势区间
2026-07-24,2026-07-29,Early,Russell,UFPI,UFP INDUSTRIES INC,Industrials,1,208,-0.00261545,87.940002,87.709999,4H当日前50,4H EMA9/26 最近金叉且价格在 EMA50 上方；4H MACD 位于 Signal 上方；4H MACD 柱体连续扩张；4H RSI 位于健康强势区间
2026-07-24,2026-07-29,Early,Russell,VREX,VAREX IMAGING CORP,Health Care,2,132,0.00274725,10.920000,10.950000,4H当日前50,4H EMA9/26 最近金叉且价格在 EMA50 上方；4H MACD 零轴上方刚金叉；4H MACD 柱体连续扩张；4H RSI 位于健康强势区间
2026-07-24,2026-07-29,Early,Russell,HQI,HIREQUEST INC,Industrials,3,195,0.05426357,12.900000,13.600000,4H当日前50,4H EMA9/26 最近金叉且价格在 EMA50 上方；4H MACD 位于 Signal 上方；4H MACD 柱体连续扩张；4H RSI 位于健康强势区间
2026-07-24,2026-07-29,Early,Russell,NLOP,NET LEASE OFFICE PROPERTIES,Real Estate,4,76,0.04151943,11.320000,11.790000,4H当日前50,4H EMA9 已站上 EMA26，等待 26/50 确认；4H MACD 零轴上方刚金叉
2026-07-24,2026-07-29,Early,Russell,KMT,KENNAMETAL INC,Industrials,5,697,-0.04754471,35.230000,33.555000,4H当日前50,4H EMA9 已站上 EMA26，等待 26/50 确认；4H MACD 位于 Signal 上方；4H RSI 位于健康强势区间
2026-07-24,2026-07-29,Early,Russell,TNC,TENNANT,Industrials,6,1249,-0.03770691,87.915001,84.599998,4H当日前50,4H EMA9/26 最近金叉且价格在 EMA50 上方；4H MACD 位于 Signal 上方；4H MACD 柱体连续扩张；4H RSI 位于健康强势区间
2026-07-24,2026-07-29,Early,Russell,EGBN,EAGLE BANCORP INC,Financials,7,291,-0.01933903,28.440001,27.889999,4H当日前50,4H EMA9/26 最近金叉且价格在 EMA50 上方；4H MACD 刚金叉但仍需零轴确认；4H MACD 柱体连续扩张；4H RSI 位于健康强势区间
2026-07-24,2026-07-29,Early,Russell,INR,INFINITY NATURAL RESOURCES INC CLA,Energy,8,1313,-0.06363636,13.200000,12.360000,4H当日前50,4H EMA9 已站上 EMA26，等待 26/50 确认；4H MACD 位于 Signal 上方；4H RSI 位于健康强势区间
2026-07-24,2026-07-29,Early,Russell,MMS,MAXIMUS INC,Industrials,9,376,0.05834030,59.650002,63.130001,4H当日前50,4H EMA9 已站上 EMA26，等待 26/50 确认；4H MACD 零轴上方刚金叉；4H MACD 柱体连续扩张；4H RSI 位于健康强势区间
2026-07-24,2026-07-29,Early,Russell,IBP,INSTALLED BUILDING PRODUCTS INC,Consumer Discretionary,10,61,0.01238849,227.630005,230.449997,4H当日前50,4H EMA9/26 最近金叉且价格在 EMA50 上方；4H MACD 柱体连续扩张；4H RSI 位于健康强势区间
2026-07-24,2026-07-29,Early,Russell,ULH,UNIVERSAL LOGISTICS HOLDINGS INC,Industrials,11,716,-0.06717364,15.780000,14.720000,4H当日前50,4H EMA9 已站上 EMA26，等待 26/50 确认；4H MACD 位于 Signal 上方；4H RSI 位于健康强势区间
2026-07-24,2026-07-29,Early,Russell,ASC,ARDMORE SHIPPING CORP,Energy,12,123,0.00812763,16.610001,16.745001,4H当日前50,4H EMA9 已站上 EMA26，等待 26/50 确认；4H MACD 位于 Signal 上方；4H RSI 位于健康强势区间
2026-07-24,2026-07-29,Early,Russell,PFSI,PENNYMAC FINANCIAL SERVICES INC,Financials,13,34,0.01908261,84.370003,85.980003,4H当日前50,4H EMA9/26 最近金叉且价格在 EMA50 上方；4H MACD 柱体连续扩张；4H RSI 位于健康强势区间
2026-07-24,2026-07-29,Early,Russell,GLRE,GREENLIGHT CAPITAL LTD CLASS A,Financials,14,259,0.02707481,16.990000,17.450001,4H当日前50,4H EMA9/26 最近金叉且价格在 EMA50 上方；4H MACD 柱体连续扩张；4H RSI 位于健康强势区间
2026-07-24,2026-07-29,Early,Russell,APOG,APOGEE ENTERPRISES INC,Industrials,15,1022,-0.02061856,40.740002,39.900002,4H当日前50,4H EMA9/26 最近金叉且价格在 EMA50 上方；4H MACD 位于 Signal 上方；4H MACD 柱体连续扩张；4H RSI 位于健康强势区间
2026-07-24,2026-07-29,Early,Russell,SPOK,SPOK HOLDINGS INC,Communication,16,60,0.03493862,10.590000,10.960000,4H当日前50,4H EMA9 已站上 EMA26，等待 26/50 确认；4H MACD 柱体连续扩张；4H RSI 位于健康强势区间
2026-07-24,2026-07-29,Early,Russell,PEBK,PEOPLES BANCORP OF NORTH CAROLINA,Financials,17,182,0.00743840,43.020000,43.340000,4H当日前50,4H EMA9/26 最近金叉且价格在 EMA50 上方；4H MACD 位于 Signal 上方；4H MACD 柱体连续扩张；4H RSI 位于健康强势区间
2026-07-24,2026-07-29,Early,Russell,ARX,ACCELERANT HOLDINGS CLASS A,Financials,18,713,-0.12979351,14.238000,12.390000,4H当日前50,4H EMA9 已站上 EMA26，等待 26/50 确认；4H MACD 位于 Signal 上方；4H MACD 柱体连续扩张；4H RSI 位于健康强势区间
2026-07-24,2026-07-29,Early,Russell,KMPR,KEMPER CORP,Financials,19,557,0.06981584,28.790001,30.799999,4H当日前50,4H EMA9/26 最近金叉且价格在 EMA50 上方；4H MACD 零轴上方刚金叉；4H MACD 柱体连续扩张；4H RSI 位于健康强势区间
2026-07-24,2026-07-29,Early,Russell,DXC,DXC TECHNOLOGY,Information Technology,20,753,0.17164179,10.050000,11.775000,4H当日前50,4H EMA9/26 最近金叉且价格在 EMA50 上方；4H MACD 零轴上方刚金叉；4H MACD 柱体连续扩张；4H RSI 位于健康强势区间
2026-07-24,2026-07-29,Early,Russell,ATLO,AMES NATIONAL CORP,Financials,21,124,0.01763731,30.049999,30.580000,4H当日前50,4H EMA9/26 最近金叉且价格在 EMA50 上方；4H MACD 零轴上方刚金叉；4H MACD 柱体连续扩张；4H RSI 位于健康强势区间
2026-07-24,2026-07-29,Early,Russell,CNR,CORE NATURAL RESOURCES INC,Energy,22,1478,-0.06183086,83.129997,77.989998,4H当日前50,4H EMA9 已站上 EMA26，等待 26/50 确认
2026-07-24,2026-07-29,Early,Russell,ECVT,ECOVYST INC,Materials,23,1185,-0.03565705,12.480000,12.035000,4H当日前50,4H EMA9 已站上 EMA26，等待 26/50 确认；4H RSI 位于健康强势区间
2026-07-24,2026-07-29,Early,Russell,FRD,FRIEDMAN INDUSTRIES INC,Materials,24,966,-0.03539320,35.599998,34.340000,4H当日前50,4H EMA9/26 最近金叉且价格在 EMA50 上方；4H MACD 零轴上方刚金叉；4H MACD 柱体连续扩张；4H RSI 位于健康强势区间
2026-07-24,2026-07-29,Early,Russell,CMTV,COMMUNITY BANCORP VT,Financials,25,304,0.01134120,40.560001,41.020000,4H当日前50,4H EMA9/26 最近金叉且价格在 EMA50 上方；4H MACD 零轴上方刚金叉；4H MACD 柱体连续扩张；4H RSI 位于健康强势区间
2026-07-24,2026-07-29,Early,Russell,IBOC,INTERNATIONAL BANCSHARES CORP,Financials,26,237,-0.00169289,76.790001,76.660004,4H当日前50,4H EMA9/26 最近金叉且价格在 EMA50 上方；4H MACD 零轴上方刚金叉；4H MACD 柱体连续扩张；4H RSI 位于健康强势区间
2026-07-24,2026-07-29,Early,Russell,FNRN,FIRST NORTHERN COMMUNITY BANCORP,Financials,27,296,0.02185803,18.299999,18.700001,4H当日前50,4H EMA9/26 最近金叉且价格在 EMA50 上方；4H MACD 零轴上方刚金叉；4H MACD 柱体连续扩张；4H RSI 位于健康强势区间
2026-07-24,2026-07-29,Early,Russell,PTEN,PATTERSON UTI ENERGY INC,Energy,28,1168,-0.08529412,10.200000,9.330000,4H当日前50,4H EMA9 已站上 EMA26，等待 26/50 确认；4H MACD 位于 Signal 上方；4H RSI 位于健康强势区间
2026-07-24,2026-07-29,Early,Russell,OPBK,OP BANCORP,Financials,29,340,0.00574713,15.660000,15.750000,4H当日前50,4H EMA9/26 最近金叉且价格在 EMA50 上方；4H MACD 零轴上方刚金叉；4H MACD 柱体连续扩张；4H RSI 位于健康强势区间
2026-07-24,2026-07-29,Early,Russell,NE,NOBLE CORPORATION PLC,Energy,30,1349,-0.05223023,43.270000,41.009998,4H当日前50,4H EMA9 已站上 EMA26，等待 26/50 确认；4H MACD 位于 Signal 上方；4H RSI 位于健康强势区间
2026-07-24,2026-07-29,Early,Russell,HUN,HUNTSMAN CORP,Materials,31,1291,-0.06638032,12.805000,11.955000,4H当日前50,4H EMA9 已站上 EMA26，等待 26/50 确认；4H MACD 位于 Signal 上方；4H RSI 位于健康强势区间
2026-07-24,2026-07-29,Early,Russell,AVBC,AVIDIA BANCORP INC,Financials,32,456,0.03489777,21.520000,22.271000,4H当日前50,4H EMA9/26 最近金叉且价格在 EMA50 上方；4H MACD 零轴上方刚金叉；4H MACD 柱体连续扩张；4H RSI 位于健康强势区间
2026-07-24,2026-07-29,Early,Russell,HTH,HILLTOP HOLDINGS INC,Financials,33,185,0.01047522,39.139999,39.549999,4H当日前50,4H EMA9/26 最近金叉且价格在 EMA50 上方；4H MACD 刚金叉但仍需零轴确认；4H MACD 柱体连续扩张；4H RSI 位于健康强势区间
2026-07-24,2026-07-29,Early,Russell,TVTX,TRAVERE THERAPEUTICS INC,Health Care,34,1057,-0.03138075,57.360001,55.560001,4H当日前50,4H EMA9/26 最近金叉且价格在 EMA50 上方；4H MACD 零轴上方刚金叉；4H MACD 柱体连续扩张；4H RSI 位于健康强势区间
2026-07-24,2026-07-29,Early,Russell,KAI,KADANT INC,Industrials,35,584,-0.03083710,312.609985,302.970001,4H当日前50,4H EMA 多头排列已连续维持；4H MACD 位于 Signal 上方；4H MACD 柱体连续扩张；4H RSI 位于健康强势区间
2026-07-24,2026-07-29,Early,Russell,ISTR,INVESTAR HOLDING CORP,Financials,36,770,-0.00200944,29.860001,29.799999,4H当日前50,4H EMA9/26 最近金叉且价格在 EMA50 上方；4H MACD 零轴上方刚金叉；4H MACD 柱体连续扩张；4H RSI 位于健康强势区间
2026-07-24,2026-07-29,Early,Russell,COSO,COASTALSOUTH BANCSHARES INC,Financials,37,121,0.00922850,27.090000,27.340000,4H当日前50,4H EMA9/26 最近金叉且价格在 EMA50 上方；4H MACD 零轴上方刚金叉；4H MACD 柱体连续扩张；4H RSI 位于健康强势区间
2026-07-24,2026-07-29,Early,Russell,THFF,FIRST FINANCIAL CORPORATION CORP,Financials,38,199,0.02851244,77.510002,79.720001,4H当日前50,4H EMA9/26 最近金叉且价格在 EMA50 上方；4H MACD 零轴上方刚金叉；4H MACD 柱体连续扩张；4H RSI 位于健康强势区间
2026-07-24,2026-07-29,Early,Russell,UNTY,UNITY BANCORP INC,Financials,39,158,0.01283492,58.044998,58.790001,4H当日前50,4H EMA9/26 最近金叉且价格在 EMA50 上方；4H MACD 零轴上方刚金叉；4H MACD 柱体连续扩张；4H RSI 位于健康强势区间
2026-07-24,2026-07-29,Early,Russell,TNK,TEEKAY TANKERS LTD CLASS A,Energy,40,548,0.02993928,75.820000,78.089996,4H当日前50,4H EMA 多头排列已连续维持；4H MACD 位于 Signal 上方；4H RSI 位于健康强势区间
2026-07-24,2026-07-29,Early,Russell,PRAX,PRAXIS PRECISION MEDICINES INC,Health Care,41,1508,-0.10534888,325.299988,291.029999,4H当日前50,4H EMA9/26 最近金叉且价格在 EMA50 上方；4H MACD 零轴上方刚金叉；4H MACD 柱体连续扩张；4H RSI 位于健康强势区间
2026-07-24,2026-07-29,Early,Russell,OGS,ONE GAS INC,Utilities,42,101,-0.00949719,80.550003,79.785004,4H当日前50,4H EMA 多头排列已连续维持；4H MACD 位于 Signal 上方；4H MACD 柱体连续扩张；4H RSI 位于健康强势区间
2026-07-24,2026-07-29,Early,Russell,SGP,SPYGLASS PHARMA INC SHS,Health Care,43,44,0.06930210,20.490000,21.910000,4H当日前50,4H MACD 零轴上方刚金叉；4H RSI 位于健康强势区间
2026-07-24,2026-07-29,Early,Russell,CIFR,CIPHER DIGITAL INC,Information Technology,44,1582,-0.23606916,23.150000,17.684999,4H当日前50,4H EMA9 已站上 EMA26，等待 26/50 确认；4H MACD 位于 Signal 上方；4H RSI 位于健康强势区间
2026-07-24,2026-07-29,Early,Russell,MATV,MATIV HOLDINGS INC,Materials,45,152,0.06949569,8.130000,8.695000,4H当日前50,4H MACD 零轴上方刚金叉；4H MACD 柱体连续扩张；4H RSI 位于健康强势区间
2026-07-24,2026-07-29,Early,Russell,HOV,HOVNANIAN ENTERPRISES INC CLASS A,Consumer Discretionary,46,343,-0.00531200,133.789993,133.079300,4H当日前50,4H EMA9/26 最近金叉且价格在 EMA50 上方；4H MACD 零轴上方刚金叉；4H MACD 柱体连续扩张；4H RSI 位于健康强势区间
2026-07-24,2026-07-29,Early,Russell,HE,HAWAIIAN ELECTRIC INDUSTRIES INC,Utilities,47,1357,-0.03184006,13.505000,13.075000,4H当日前50,4H MACD 零轴上方刚金叉；4H RSI 位于健康强势区间
2026-07-24,2026-07-29,Early,Russell,GWRS,GLOBAL WATER RESOURCES INC,Utilities,48,45,0.01630435,7.360000,7.480000,4H当日前50,4H EMA 多头排列已连续维持；4H MACD 位于 Signal 上方；4H MACD 柱体连续扩张；4H RSI 位于健康强势区间
2026-07-24,2026-07-29,Early,Russell,WSBF,WATERSTONE FINANCIAL INC,Financials,49,145,0.02542378,20.059999,20.570000,4H当日前50,4H EMA9/26 最近金叉且价格在 EMA50 上方；4H MACD 刚金叉但仍需零轴确认；4H MACD 柱体连续扩张；4H RSI 位于健康强势区间
2026-07-24,2026-07-29,Early,Russell,FRBA,FIRST BANK,Financials,50,385,0.04282536,17.980000,18.750000,4H当日前50,4H EMA9/26 最近金叉且价格在 EMA50 上方；4H MACD 零轴上方刚金叉；4H MACD 柱体连续扩张；4H RSI 位于健康强势区间
2026-07-24,2026-07-29,Prism,S&P 500,SWK,Stanley Black & Decker,Industrials,1,66,0.02027841,91.230003,93.080002,4H当日前50,4H EMA9/26 最近金叉且价格在 EMA50 上方；4H MACD 零轴上方刚金叉；4H MACD 柱体连续扩张；4H RSI 位于健康强势区间
2026-07-24,2026-07-29,Prism,S&P 500,MAS,Masco,Industrials,2,452,-0.08466001,79.269997,72.558998,4H当日前50,4H EMA9/26 最近金叉且价格在 EMA50 上方；4H MACD 零轴上方刚金叉；4H MACD 柱体连续扩张；4H RSI 位于健康强势区间
2026-07-24,2026-07-29,Prism,S&P 500,SYK,Stryker Corporation,Health Care,3,109,0.06642648,330.290009,352.230011,4H当日前50,4H EMA9/26 最近金叉且价格在 EMA50 上方；4H MACD 刚金叉但仍需零轴确认；4H MACD 柱体连续扩张；4H RSI 位于健康强势区间
2026-07-24,2026-07-29,Prism,S&P 500,SYY,Sysco,Consumer Staples,4,81,0.02695220,83.110001,85.349998,4H当日前50,4H EMA9/26 最近金叉且价格在 EMA50 上方；4H MACD 刚金叉但仍需零轴确认；4H MACD 柱体连续扩张；4H RSI 位于健康强势区间
2026-07-24,2026-07-29,Prism,S&P 500,HII,Huntington Ingalls Industries,Industrials,5,5,-0.02405539,287.670013,280.750000,4H当日前50,4H EMA9/26 最近金叉且价格在 EMA50 上方；4H MACD 位于 Signal 上方；4H MACD 柱体连续扩张；4H RSI 位于健康强势区间
2026-07-24,2026-07-29,Prism,S&P 500,CINF,Cincinnati Financial,Financials,6,203,-0.00809582,182.809998,181.330002,4H当日前50,4H EMA9/26 最近金叉且价格在 EMA50 上方；4H MACD 位于 Signal 上方；4H MACD 柱体连续扩张；4H RSI 位于健康强势区间
2026-07-24,2026-07-29,Prism,S&P 500,KVUE,Kenvue,Consumer Staples,7,77,0.02830434,19.254999,19.799999,4H当日前50,4H EMA9/26 最近金叉且价格在 EMA50 上方；4H MACD 刚金叉但仍需零轴确认；4H MACD 柱体连续扩张；4H RSI 位于健康强势区间
2026-07-24,2026-07-29,Prism,S&P 500,EXR,Extra Space Storage,Real Estate,8,136,0.03433336,147.669998,152.740005,4H当日前50,4H EMA9/26 最近金叉且价格在 EMA50 上方；4H MACD 刚金叉但仍需零轴确认；4H MACD 柱体连续扩张；4H RSI 位于健康强势区间
2026-07-24,2026-07-29,Prism,S&P 500,LLY,Lilly (Eli),Health Care,9,170,0.01202050,1196.290039,1210.670044,4H当日前50,4H EMA9/26 最近金叉且价格在 EMA50 上方；4H MACD 位于 Signal 上方；4H MACD 柱体连续扩张；4H RSI 位于健康强势区间
2026-07-24,2026-07-29,Prism,S&P 500,ORLY,O’Reilly Automotive,Consumer Discretionary,10,116,0.03695646,87.400002,90.629997,4H当日前50,4H EMA9/26 最近金叉且价格在 EMA50 上方；4H MACD 位于 Signal 上方；4H RSI 位于健康强势区间
2026-07-24,2026-07-29,Prism,S&P 500,BKR,Baker Hughes,Energy,11,36,0.02567687,57.250000,58.720001,4H当日前50,4H EMA9 已站上 EMA26，等待 26/50 确认；4H MACD 位于 Signal 上方；4H MACD 柱体连续扩张；4H RSI 位于健康强势区间
2026-07-24,2026-07-29,Prism,S&P 500,BDX,Becton Dickinson,Health Care,12,126,0.07723055,156.350006,168.425003,4H当日前50,4H EMA9/26 最近金叉且价格在 EMA50 上方；4H MACD 柱体连续扩张；4H RSI 位于健康强势区间
2026-07-24,2026-07-29,Prism,S&P 500,AVGO,Broadcom,Information Technology,13,382,-0.03037287,381.920013,370.320007,4H当日前50,4H EMA9 已站上 EMA26，等待 26/50 确认；4H MACD 位于 Signal 上方
2026-07-24,2026-07-29,Prism,S&P 500,FCX,Freeport-McMoRan,Materials,14,406,-0.04152027,62.619999,60.020000,4H当日前50,4H EMA9 已站上 EMA26，等待 26/50 确认；4H MACD 位于 Signal 上方；4H RSI 位于健康强势区间
2026-07-24,2026-07-29,Prism,S&P 500,AEP,American Electric Power,Utilities,15,433,-0.04530028,135.539993,129.399994,4H当日前50,4H EMA9/26 最近金叉且价格在 EMA50 上方；4H MACD 位于 Signal 上方；4H MACD 柱体连续扩张；4H RSI 位于健康强势区间
2026-07-24,2026-07-29,Prism,S&P 500,EQIX,Equinix,Real Estate,16,424,-0.07029806,1084.239990,1008.020020,4H当日前50,4H EMA9/26 最近金叉且价格在 EMA50 上方；4H MACD 位于 Signal 上方；4H MACD 柱体连续扩张；4H RSI 位于健康强势区间
2026-07-24,2026-07-29,Prism,S&P 500,NRG,NRG Energy,Utilities,17,463,-0.11897328,141.039993,124.260002,4H当日前50,4H EMA9/26 最近金叉且价格在 EMA50 上方；4H MACD 位于 Signal 上方；4H RSI 位于健康强势区间
2026-07-24,2026-07-29,Prism,S&P 500,EXE,Expand Energy,Energy,18,167,0.01027100,91.519997,92.459999,4H当日前50,4H EMA9 已站上 EMA26，等待 26/50 确认；4H MACD 位于 Signal 上方；4H RSI 位于健康强势区间
2026-07-24,2026-07-29,Prism,S&P 500,VZ,Verizon,Communication Services,19,172,0.01766489,46.419998,47.240002,4H当日前50,4H EMA9 已站上 EMA26，等待 26/50 确认；4H MACD 位于 Signal 上方；4H MACD 柱体连续扩张
2026-07-24,2026-07-29,Prism,S&P 500,LHX,L3Harris,Industrials,20,127,-0.00806160,300.190002,297.769989,4H当日前50,4H EMA9/26 最近金叉且价格在 EMA50 上方；4H MACD 位于 Signal 上方；4H MACD 柱体连续扩张；4H RSI 位于健康强势区间
2026-07-24,2026-07-29,Prism,S&P 500,UHS,Universal Health Services,Health Care,21,299,0.07822127,155.839996,168.029999,4H当日前50,4H EMA9/26 最近金叉且价格在 EMA50 上方；4H MACD 刚金叉但仍需零轴确认；4H MACD 柱体连续扩张；4H RSI 位于健康强势区间
2026-07-24,2026-07-29,Prism,S&P 500,GWW,W. W. Grainger,Industrials,22,343,-0.01629211,1382.265015,1359.744995,4H当日前50,4H EMA9/26 最近金叉且价格在 EMA50 上方；4H MACD 柱体连续扩张；4H RSI 位于健康强势区间
2026-07-24,2026-07-29,Prism,S&P 500,CME,CME Group,Financials,23,185,0.03967727,255.309998,265.440002,4H当日前50,4H EMA9 已站上 EMA26，等待 26/50 确认；4H MACD 位于 Signal 上方；4H RSI 位于健康强势区间
2026-07-24,2026-07-29,Prism,S&P 500,CTSH,Cognizant,Information Technology,24,323,0.23146314,45.450001,55.970001,4H当日前50,4H EMA9/26 最近金叉且价格在 EMA50 上方；4H MACD 零轴上方刚金叉；4H MACD 柱体连续扩张；4H RSI 位于健康强势区间
2026-07-24,2026-07-29,Prism,S&P 500,AMCR,Amcor,Materials,25,194,0.02959007,44.542000,45.860001,4H当日前50,4H EMA9/26 最近金叉且价格在 EMA50 上方；4H MACD 零轴上方刚金叉；4H MACD 柱体连续扩张；4H RSI 位于健康强势区间
2026-07-24,2026-07-29,Prism,S&P 500,NOC,Northrop Grumman,Industrials,26,330,-0.01349374,542.469971,535.150024,4H当日前50,4H EMA9/26 最近金叉且价格在 EMA50 上方；4H MACD 刚金叉但仍需零轴确认；4H MACD 柱体连续扩张；4H RSI 位于健康强势区间
2026-07-24,2026-07-29,Prism,S&P 500,FDX,FedEx,Industrials,27,417,-0.02024875,315.079987,308.700012,4H当日前50,4H EMA9 已站上 EMA26，等待 26/50 确认；4H MACD 位于 Signal 上方；4H RSI 位于健康强势区间
2026-07-24,2026-07-29,Prism,S&P 500,TT,Trane Technologies,Industrials,28,456,-0.07095136,481.244995,447.100006,4H当日前50,4H EMA9/26 最近金叉且价格在 EMA50 上方；4H MACD 位于 Signal 上方；4H MACD 柱体连续扩张；4H RSI 位于健康强势区间
2026-07-24,2026-07-29,Prism,S&P 500,FDXF,FedEx Freight,Industrials,29,410,-0.08642290,158.059998,144.399994,4H当日前50,4H EMA9/26 最近金叉且价格在 EMA50 上方；4H MACD 位于 Signal 上方；4H MACD 柱体连续扩张；4H RSI 位于健康强势区间
2026-07-24,2026-07-29,Prism,S&P 500,AIZ,Assurant,Financials,30,82,0.01541403,276.695007,280.959991,4H当日前50,4H EMA9/26 最近金叉且价格在 EMA50 上方；4H MACD 柱体连续扩张；4H RSI 位于健康强势区间
2026-07-24,2026-07-29,Prism,S&P 500,JCI,Johnson Controls,Industrials,31,363,-0.02760538,143.449997,139.490005,4H当日前50,4H EMA9 已站上 EMA26，等待 26/50 确认；4H MACD 位于 Signal 上方；4H RSI 位于健康强势区间
2026-07-24,2026-07-29,Prism,S&P 500,EQT,EQT Corporation,Energy,32,8,-0.00848498,53.035000,52.584999,4H当日前50,4H EMA9 已站上 EMA26，等待 26/50 确认；4H MACD 位于 Signal 上方；4H RSI 位于健康强势区间
2026-07-24,2026-07-29,Prism,S&P 500,PPL,PPL Corporation,Utilities,33,348,-0.01571114,36.279999,35.709999,4H当日前50,4H EMA9/26 最近金叉且价格在 EMA50 上方；4H MACD 位于 Signal 上方；4H MACD 柱体连续扩张；4H RSI 位于健康强势区间
2026-07-24,2026-07-29,Prism,S&P 500,MDLZ,Mondelez International,Consumer Staples,34,195,0.07385985,60.520000,64.989998,4H当日前50,4H EMA9 已站上 EMA26，等待 26/50 确认；4H MACD 位于 Signal 上方；4H RSI 位于健康强势区间
2026-07-24,2026-07-29,Prism,S&P 500,AEE,Ameren,Utilities,35,425,-0.03331277,113.769997,109.980003,4H当日前50,4H EMA9/26 最近金叉且价格在 EMA50 上方；4H MACD 位于 Signal 上方；4H MACD 柱体连续扩张；4H RSI 位于健康强势区间
2026-07-24,2026-07-29,Prism,S&P 500,STLD,Steel Dynamics,Materials,36,210,0.02116464,247.110001,252.339996,4H当日前50,4H EMA9 已站上 EMA26，等待 26/50 确认；4H MACD 位于 Signal 上方；4H MACD 柱体连续扩张；4H RSI 位于健康强势区间
2026-07-24,2026-07-29,Prism,S&P 500,DD,DuPont,Materials,37,31,0.00326925,137.649994,138.100006,4H当日前50,4H EMA9 已站上 EMA26，等待 26/50 确认；4H MACD 位于 Signal 上方；4H RSI 位于健康强势区间
2026-07-24,2026-07-29,Prism,S&P 500,ZBH,Zimmer Biomet,Health Care,38,120,0.06338261,91.349998,97.139999,4H当日前50,4H EMA9/26 最近金叉且价格在 EMA50 上方；4H MACD 柱体连续扩张；4H RSI 位于健康强势区间
2026-07-24,2026-07-29,Prism,S&P 500,PFE,Pfizer,Health Care,39,67,0.02484729,24.549999,25.160000,4H当日前50,4H EMA9 已站上 EMA26，等待 26/50 确认
2026-07-24,2026-07-29,Prism,S&P 500,ROP,Roper Technologies,Information Technology,40,272,0.11087824,367.339996,408.070007,4H当日前50,4H EMA9/26 最近金叉且价格在 EMA50 上方；4H MACD 零轴上方刚金叉；4H MACD 柱体连续扩张；4H RSI 位于健康强势区间
2026-07-24,2026-07-29,Prism,S&P 500,ARE,Alexandria Real Estate Equities,Real Estate,41,267,0.05572999,50.959999,53.799999,4H当日前50,4H EMA9/26 最近金叉且价格在 EMA50 上方；4H MACD 位于 Signal 上方；4H MACD 柱体连续扩张；4H RSI 位于健康强势区间
2026-07-24,2026-07-29,Prism,S&P 500,ATO,Atmos Energy,Utilities,42,283,-0.00889819,179.250000,177.654999,4H当日前50,4H EMA 多头排列已连续维持；4H MACD 零轴上方刚金叉；4H MACD 柱体连续扩张；4H RSI 位于健康强势区间
2026-07-24,2026-07-29,Prism,S&P 500,SW,Smurfit Westrock,Materials,43,253,-0.00648546,48.570000,48.255001,4H当日前50,4H EMA9/26 最近金叉且价格在 EMA50 上方；4H MACD 位于 Signal 上方；4H MACD 柱体连续扩张
2026-07-24,2026-07-29,Prism,S&P 500,DOW,Dow Inc.,Materials,44,305,0.02094153,29.844999,30.469999,4H当日前50,4H EMA9 已站上 EMA26，等待 26/50 确认
2026-07-24,2026-07-29,Prism,S&P 500,FDS,FactSet,Financials,45,128,0.10909230,254.279999,282.019989,4H当日前50,4H EMA9/26 最近金叉且价格在 EMA50 上方；4H MACD 柱体连续扩张；4H RSI 位于健康强势区间
2026-07-24,2026-07-29,Prism,S&P 500,LDOS,Leidos,Industrials,46,280,0.01970223,112.169998,114.379997,4H当日前50,4H EMA9/26 最近金叉且价格在 EMA50 上方；4H MACD 位于 Signal 上方；4H MACD 柱体连续扩张；4H RSI 位于健康强势区间
2026-07-24,2026-07-29,Prism,S&P 500,TFC,Truist Financial,Financials,47,100,0.01042969,51.775002,52.314999,4H当日前50,4H EMA9/26 最近金叉且价格在 EMA50 上方；4H MACD 柱体连续扩张；4H RSI 位于健康强势区间
2026-07-24,2026-07-29,Prism,S&P 500,APD,Air Products,Materials,48,359,-0.01061781,297.989990,294.825989,4H当日前50,4H EMA9/26 最近金叉且价格在 EMA50 上方；4H MACD 柱体连续扩张；4H RSI 位于健康强势区间
2026-07-24,2026-07-29,Prism,S&P 500,ACN,Accenture,Information Technology,49,324,0.17872817,146.955002,173.220001,4H当日前50,4H EMA9 已站上 EMA26，等待 26/50 确认；4H MACD 零轴上方刚金叉；4H MACD 柱体连续扩张；4H RSI 位于健康强势区间
2026-07-24,2026-07-29,Prism,S&P 500,LYB,LyondellBasell,Materials,50,97,0.00256904,60.334999,60.490002,4H当日前50,4H EMA9 已站上 EMA26，等待 26/50 确认；4H MACD 位于 Signal 上方；4H RSI 位于健康强势区间
2026-07-24,2026-07-29,Prism,Nasdaq 200,AEP,American Electric Power,Utilities,1,148,-0.04530028,135.539993,129.399994,4H当日前50,4H EMA9/26 最近金叉且价格在 EMA50 上方；4H MACD 位于 Signal 上方；4H MACD 柱体连续扩张；4H RSI 位于健康强势区间
2026-07-24,2026-07-29,Prism,Nasdaq 200,AVGO,Broadcom,Information Technology,2,117,-0.03037287,381.920013,370.320007,4H当日前50,4H EMA9 已站上 EMA26，等待 26/50 确认；4H MACD 位于 Signal 上方
2026-07-24,2026-07-29,Prism,Nasdaq 200,ORLY,O’Reilly Automotive,Consumer Discretionary,3,47,0.03695646,87.400002,90.629997,4H当日前50,4H EMA9/26 最近金叉且价格在 EMA50 上方；4H MACD 位于 Signal 上方；4H RSI 位于健康强势区间
2026-07-24,2026-07-29,Prism,Nasdaq 200,BKR,Baker Hughes,Energy,4,11,0.02567687,57.250000,58.720001,4H当日前50,4H EMA9 已站上 EMA26，等待 26/50 确认；4H MACD 位于 Signal 上方；4H MACD 柱体连续扩张；4H RSI 位于健康强势区间
2026-07-24,2026-07-29,Prism,Nasdaq 200,MDLZ,Mondelez International,Consumer Staples,5,72,0.07385985,60.520000,64.989998,4H当日前50,4H EMA9 已站上 EMA26，等待 26/50 确认；4H MACD 位于 Signal 上方；4H RSI 位于健康强势区间
2026-07-24,2026-07-29,Prism,Nasdaq 200,EXE,Expand Energy,Energy,6,45,0.01027100,91.519997,92.459999,4H当日前50,4H EMA9 已站上 EMA26，等待 26/50 确认；4H MACD 位于 Signal 上方；4H RSI 位于健康强势区间
2026-07-24,2026-07-29,Prism,Nasdaq 200,RGLD,"Royal Gold, Inc. - Common Stock",,7,21,-0.02726916,200.960007,195.479996,4H当日前50,4H EMA9/26 最近金叉且价格在 EMA50 上方；4H MACD 位于 Signal 上方；4H RSI 位于健康强势区间
2026-07-24,2026-07-29,Prism,Nasdaq 200,STLD,Steel Dynamics,Materials,8,56,0.02116464,247.110001,252.339996,4H当日前50,4H EMA9 已站上 EMA26，等待 26/50 确认；4H MACD 位于 Signal 上方；4H MACD 柱体连续扩张；4H RSI 位于健康强势区间
2026-07-24,2026-07-29,Prism,Nasdaq 200,TCOM,Trip.com Group Limited - American Depositary Shares,,9,104,0.05407885,43.639999,46.000000,4H当日前50,4H EMA9 已站上 EMA26，等待 26/50 确认；4H MACD 零轴上方刚金叉；4H MACD 柱体连续扩张；4H RSI 位于健康强势区间
2026-07-24,2026-07-29,Prism,Nasdaq 200,CTSH,Cognizant,Information Technology,10,116,0.23146314,45.450001,55.970001,4H当日前50,4H EMA9/26 最近金叉且价格在 EMA50 上方；4H MACD 零轴上方刚金叉；4H MACD 柱体连续扩张；4H RSI 位于健康强势区间
2026-07-24,2026-07-29,Prism,Nasdaq 200,MPWR,Monolithic Power Systems,Information Technology,11,156,-0.06376474,1333.810059,1248.760010,4H当日前50,4H EMA9 已站上 EMA26，等待 26/50 确认；4H MACD 位于 Signal 上方
2026-07-24,2026-07-29,Prism,Nasdaq 200,ROP,Roper Technologies,Information Technology,12,88,0.11087824,367.339996,408.070007,4H当日前50,4H EMA9/26 最近金叉且价格在 EMA50 上方；4H MACD 零轴上方刚金叉；4H MACD 柱体连续扩张；4H RSI 位于健康强势区间
2026-07-24,2026-07-29,Prism,Nasdaq 200,LOGI,Logitech International S.A. - Registered Shares,,13,126,-0.02637551,105.779999,102.989998,4H当日前50,4H EMA9 已站上 EMA26，等待 26/50 确认；4H MACD 位于 Signal 上方；4H MACD 柱体连续扩张；4H RSI 位于健康强势区间
2026-07-24,2026-07-29,Prism,Nasdaq 200,SMCI,Supermicro,Information Technology,14,154,-0.14617937,30.100000,25.700001,4H当日前50,4H EMA9 已站上 EMA26，等待 26/50 确认；4H MACD 位于 Signal 上方；4H RSI 位于健康强势区间
2026-07-24,2026-07-29,Prism,Nasdaq 200,CEG,Constellation Energy,Utilities,15,122,-0.05977763,274.350006,257.950012,4H当日前50,4H EMA 多头排列已连续维持；4H MACD 位于 Signal 上方；4H RSI 位于健康强势区间
2026-07-24,2026-07-29,Prism,Nasdaq 200,EVRG,Evergy,Utilities,16,140,-0.03647626,87.180000,84.000000,4H当日前50,4H EMA 多头排列已连续维持；4H MACD 位于 Signal 上方；4H MACD 柱体连续扩张；4H RSI 位于健康强势区间
2026-07-24,2026-07-29,Prism,Nasdaq 200,INTU,Intuit,Information Technology,17,91,0.12418594,296.329987,333.130005,4H当日前50,4H EMA9 已站上 EMA26，等待 26/50 确认；4H MACD 柱体连续扩张；4H RSI 位于健康强势区间
2026-07-24,2026-07-29,Prism,Nasdaq 200,VRSN,Verisign,Information Technology,18,53,0.03900005,280.000000,290.920013,4H当日前50,4H EMA9/26 最近金叉且价格在 EMA50 上方；4H MACD 柱体连续扩张；4H RSI 位于健康强势区间
2026-07-24,2026-07-29,Prism,Nasdaq 200,LNT,Alliant Energy,Utilities,19,164,-0.03923141,74.940002,72.000000,4H当日前50,4H MACD 刚金叉但仍需零轴确认；4H MACD 柱体连续扩张；4H RSI 位于健康强势区间
2026-07-24,2026-07-29,Prism,Nasdaq 200,EXC,Exelon,Utilities,20,40,-0.01051967,47.529999,47.029999,4H当日前50,4H EMA 多头排列已连续维持；4H MACD 位于 Signal 上方；4H MACD 柱体连续扩张；4H RSI 位于健康强势区间
2026-07-24,2026-07-29,Prism,Nasdaq 200,NTAP,NetApp,Information Technology,21,49,0.03272917,167.740005,173.229996,4H当日前50,4H MACD 零轴上方刚金叉；4H MACD 柱体连续扩张；4H RSI 位于健康强势区间
2026-07-24,2026-07-29,Prism,Nasdaq 200,ESLT,Elbit Systems Ltd. - Ordinary Shares,,22,142,-0.06231336,820.210022,769.099976,4H当日前50,4H EMA9 已站上 EMA26，等待 26/50 确认；4H MACD 位于 Signal 上方
2026-07-24,2026-07-29,Prism,Nasdaq 200,LITE,Lumentum,Information Technology,23,195,-0.21054013,762.989990,602.349976,4H当日前50,4H EMA9 已站上 EMA26，等待 26/50 确认；4H MACD 位于 Signal 上方
2026-07-24,2026-07-29,Prism,Nasdaq 200,STX,Seagate Technology,Information Technology,24,158,-0.10245513,851.690002,764.429993,4H当日前50,4H EMA9 已站上 EMA26，等待 26/50 确认；4H MACD 位于 Signal 上方
2026-07-24,2026-07-29,Prism,Nasdaq 200,AMGN,Amgen,Health Care,25,60,0.03084780,376.040009,387.640015,4H当日前50,4H EMA 多头排列已连续维持；4H MACD 位于 Signal 上方；4H MACD 柱体连续扩张；4H RSI 位于健康强势区间
2026-07-24,2026-07-29,Prism,Nasdaq 200,XEL,Xcel Energy,Utilities,26,143,-0.03575362,81.669998,78.750000,4H当日前50,4H EMA 多头排列已连续维持；4H MACD 位于 Signal 上方；4H MACD 柱体连续扩张；4H RSI 位于健康强势区间
2026-07-24,2026-07-29,Prism,Nasdaq 200,FAST,Fastenal,Industrials,27,29,0.01616331,47.020000,47.779999,4H当日前50,4H MACD 刚金叉但仍需零轴确认；4H MACD 柱体连续扩张；4H RSI 位于健康强势区间
2026-07-24,2026-07-29,Prism,Nasdaq 200,FOXA,Fox Corporation (Class A),Communication Services,28,81,0.06581088,55.310001,58.950001,4H当日前50,4H EMA9 已站上 EMA26，等待 26/50 确认
2026-07-24,2026-07-29,Prism,Nasdaq 200,KMB,Kimberly-Clark,Consumer Staples,29,34,0.03199637,109.699997,113.209999,4H当日前50,4H MACD 刚金叉但仍需零轴确认；4H MACD 柱体连续扩张；4H RSI 位于健康强势区间
2026-07-24,2026-07-29,Prism,Nasdaq 200,DOCU,"DocuSign, Inc. - Common Stock",,30,99,0.15325137,50.439999,58.169998,4H当日前50,4H EMA9/26 最近金叉且价格在 EMA50 上方；4H MACD 柱体连续扩张；4H RSI 位于健康强势区间
2026-07-24,2026-07-29,Prism,Nasdaq 200,NDSN,Nordson Corporation,Industrials,31,59,-0.00267092,295.769989,294.980011,4H当日前50,4H MACD 位于 Signal 上方；4H MACD 柱体连续扩张；4H RSI 位于健康强势区间
2026-07-24,2026-07-29,Prism,Nasdaq 200,NTNX,"Nutanix, Inc. - Class A Common Stock",,32,100,0.08230376,55.040001,59.570000,4H当日前50,4H EMA9/26 最近金叉且价格在 EMA50 上方；4H MACD 柱体连续扩张；4H RSI 位于健康强势区间
2026-07-24,2026-07-29,Prism,Nasdaq 200,DPZ,Domino's,Consumer Discretionary,33,78,0.08117848,332.970001,360.000000,4H当日前50,4H EMA 多头排列已连续维持；4H MACD 零轴上方刚金叉；4H MACD 柱体连续扩张；4H RSI 位于健康强势区间
2026-07-24,2026-07-29,Prism,Nasdaq 200,ROIV,Roivant Sciences Ltd. - Common Shares,,34,169,-0.06112537,35.009998,32.869999,4H当日前50,4H MACD 零轴上方刚金叉；4H RSI 位于健康强势区间
2026-07-24,2026-07-29,Prism,Nasdaq 200,COST,Costco,Consumer Staples,35,19,0.04170989,935.030029,974.030029,4H当日前50,4H MACD 位于 Signal 上方；4H MACD 柱体连续扩张；4H RSI 位于健康强势区间
2026-07-24,2026-07-29,Prism,Nasdaq 200,HON,Honeywell Technologies,Industrials,36,85,-0.00834875,243.149994,241.119995,4H当日前50,4H EMA 多头排列已连续维持；4H MACD 位于 Signal 上方；4H RSI 位于健康强势区间
2026-07-24,2026-07-29,Prism,Nasdaq 200,TSCO,Tractor Supply,Consumer Discretionary,37,44,-0.00064475,31.020000,31.000000,4H当日前50,4H MACD 刚金叉但仍需零轴确认；4H MACD 柱体连续扩张；4H RSI 位于健康强势区间
2026-07-24,2026-07-29,Prism,Nasdaq 200,MDGL,"Madrigal Pharmaceuticals, Inc. - Common Stock",,38,64,0.00435253,544.510010,546.880005,4H当日前50,4H EMA 多头排列已连续维持；4H MACD 柱体连续扩张；4H RSI 位于健康强势区间
2026-07-24,2026-07-29,Prism,Nasdaq 200,PCAR,Paccar,Industrials,39,50,0.01232600,132.240005,133.869995,4H当日前50,4H EMA 多头排列已连续维持；4H MACD 位于 Signal 上方；4H RSI 位于健康强势区间
2026-07-24,2026-07-29,Prism,Nasdaq 200,TSEM,Tower Semiconductor Ltd. - Ordinary Shares,,40,186,-0.19509791,233.369995,187.839996,4H当日前50,4H EMA9 已站上 EMA26，等待 26/50 确认；4H MACD 位于 Signal 上方
2026-07-24,2026-07-29,Prism,Nasdaq 200,WWD,"Woodward, Inc. - Common Stock",,41,159,-0.08014317,419.000000,385.420013,4H当日前50,4H EMA 多头排列已连续维持；4H MACD 位于 Signal 上方；4H MACD 柱体连续扩张；4H RSI 位于健康强势区间
2026-07-24,2026-07-29,Prism,Nasdaq 200,ILMN,"Illumina, Inc. - Common Stock",,42,93,0.00376120,194.089996,194.820007,4H当日前50,4H EMA 多头排列已连续维持；4H MACD 零轴上方刚金叉；4H RSI 位于健康强势区间
2026-07-24,2026-07-29,Prism,Nasdaq 200,RVMD,"Revolution Medicines, Inc. - Common Stock",,43,146,-0.04391480,189.229996,180.919998,4H当日前50,4H EMA 多头排列已连续维持；4H MACD 零轴上方刚金叉；4H MACD 柱体连续扩张；4H RSI 位于健康强势区间
2026-07-24,2026-07-29,Prism,Nasdaq 200,INCY,Incyte,Health Care,44,67,0.08013937,117.669998,127.099998,4H当日前50,4H EMA 多头排列已连续维持；4H MACD 柱体连续扩张；4H RSI 位于健康强势区间
2026-07-24,2026-07-29,Prism,Nasdaq 200,CDW,CDW Corporation,Information Technology,45,75,0.10536534,133.820007,147.919998,4H当日前50,4H MACD 刚金叉但仍需零轴确认；4H MACD 柱体连续扩张；4H RSI 位于健康强势区间
2026-07-24,2026-07-29,Prism,Nasdaq 200,FANG,Diamondback Energy,Energy,46,97,-0.02711544,204.679993,199.130005,4H当日前50,4H EMA 多头排列已连续维持；4H MACD 位于 Signal 上方
2026-07-24,2026-07-29,Prism,Nasdaq 200,ARGX,argenx SE - American Depositary Shares,,47,130,-0.03883598,918.219971,882.559998,4H当日前50,4H EMA 多头排列已连续维持；4H MACD 位于 Signal 上方；4H MACD 柱体连续扩张；4H RSI 位于健康强势区间
2026-07-24,2026-07-29,Prism,Nasdaq 200,ROST,Ross Stores,Consumer Discretionary,48,112,0.05471141,238.889999,251.960007,4H当日前50,4H MACD 位于 Signal 上方；4H MACD 柱体连续扩张
2026-07-24,2026-07-29,Prism,Nasdaq 200,NVDA,Nvidia,Information Technology,49,150,-0.08136725,206.839996,190.009995,4H当日前50,4H RSI 位于健康强势区间
2026-07-24,2026-07-29,Prism,Nasdaq 200,MAR,Marriott International,Consumer Discretionary,50,16,0.01786716,374.429993,381.119995,4H当日前50,4H MACD 位于 Signal 上方；4H MACD 柱体连续扩张；4H RSI 位于健康强势区间
2026-07-24,2026-07-29,Prism,Nasdaq Liquid 500,AVGO,Broadcom,Information Technology,1,251,-0.03037287,381.920013,370.320007,4H当日前50,4H EMA9 已站上 EMA26，等待 26/50 确认；4H MACD 位于 Signal 上方
2026-07-24,2026-07-29,Prism,Nasdaq Liquid 500,TVTX,TRAVERE THERAPEUTICS INC,Health Care,2,272,-0.03138075,57.360001,55.560001,4H当日前50,4H EMA9/26 最近金叉且价格在 EMA50 上方；4H MACD 零轴上方刚金叉；4H MACD 柱体连续扩张；4H RSI 位于健康强势区间
2026-07-24,2026-07-29,Prism,Nasdaq Liquid 500,EQIX,Equinix,Real Estate,3,305,-0.07029806,1084.239990,1008.020020,4H当日前50,4H EMA9/26 最近金叉且价格在 EMA50 上方；4H MACD 位于 Signal 上方；4H MACD 柱体连续扩张；4H RSI 位于健康强势区间
2026-07-24,2026-07-29,Prism,Nasdaq Liquid 500,AEP,American Electric Power,Utilities,4,333,-0.04530028,135.539993,129.399994,4H当日前50,4H EMA9/26 最近金叉且价格在 EMA50 上方；4H MACD 位于 Signal 上方；4H MACD 柱体连续扩张；4H RSI 位于健康强势区间
2026-07-24,2026-07-29,Prism,Nasdaq Liquid 500,PRAX,PRAXIS PRECISION MEDICINES INC,Health Care,5,359,-0.10534888,325.299988,291.029999,4H当日前50,4H EMA9/26 最近金叉且价格在 EMA50 上方；4H MACD 零轴上方刚金叉；4H MACD 柱体连续扩张；4H RSI 位于健康强势区间
2026-07-24,2026-07-29,Prism,Nasdaq Liquid 500,ORLY,O’Reilly Automotive,Consumer Discretionary,6,122,0.03695646,87.400002,90.629997,4H当日前50,4H EMA9/26 最近金叉且价格在 EMA50 上方；4H MACD 位于 Signal 上方；4H RSI 位于健康强势区间
2026-07-24,2026-07-29,Prism,Nasdaq Liquid 500,BKR,Baker Hughes,Energy,7,28,0.02567687,57.250000,58.720001,4H当日前50,4H EMA9 已站上 EMA26，等待 26/50 确认；4H MACD 位于 Signal 上方；4H MACD 柱体连续扩张；4H RSI 位于健康强势区间
2026-07-24,2026-07-29,Prism,Nasdaq Liquid 500,MDLZ,Mondelez International,Consumer Staples,8,150,0.07385985,60.520000,64.989998,4H当日前50,4H EMA9 已站上 EMA26，等待 26/50 确认；4H MACD 位于 Signal 上方；4H RSI 位于健康强势区间
2026-07-24,2026-07-29,Prism,Nasdaq Liquid 500,EXE,Expand Energy,Energy,9,90,0.01027100,91.519997,92.459999,4H当日前50,4H EMA9 已站上 EMA26，等待 26/50 确认；4H MACD 位于 Signal 上方；4H RSI 位于健康强势区间
2026-07-24,2026-07-29,Prism,Nasdaq Liquid 500,CINF,Cincinnati Financial,Financials,10,82,-0.00809582,182.809998,181.330002,4H当日前50,4H EMA9/26 最近金叉且价格在 EMA50 上方；4H MACD 位于 Signal 上方；4H MACD 柱体连续扩张；4H RSI 位于健康强势区间
2026-07-24,2026-07-29,Prism,Nasdaq Liquid 500,RGLD,"Royal Gold, Inc. - Common Stock",,11,31,-0.02726916,200.960007,195.479996,4H当日前50,4H EMA9/26 最近金叉且价格在 EMA50 上方；4H MACD 位于 Signal 上方；4H RSI 位于健康强势区间
2026-07-24,2026-07-29,Prism,Nasdaq Liquid 500,TGTX,TG THERAPEUTICS INC,Health Care,12,297,-0.04568167,56.040001,53.480000,4H当日前50,4H EMA9/26 最近金叉且价格在 EMA50 上方；4H MACD 刚金叉但仍需零轴确认；4H MACD 柱体连续扩张；4H RSI 位于健康强势区间
2026-07-24,2026-07-29,Prism,Nasdaq Liquid 500,GLPI,"Gaming and Leisure Properties, Inc. - Common Stock",,13,129,0.01859641,45.169998,46.009998,4H当日前50,4H EMA9 已站上 EMA26，等待 26/50 确认；4H MACD 位于 Signal 上方；4H MACD 柱体连续扩张；4H RSI 位于健康强势区间
2026-07-24,2026-07-29,Prism,Nasdaq Liquid 500,AXSM,"Axsome Therapeutics, Inc. - Common Stock",,14,344,-0.05634856,241.000000,227.419998,4H当日前50,4H EMA9/26 最近金叉且价格在 EMA50 上方；4H MACD 位于 Signal 上方；4H RSI 位于健康强势区间
2026-07-24,2026-07-29,Prism,Nasdaq Liquid 500,ONDS,ONDAS INC,Information Technology,15,356,-0.12482051,7.800000,6.826400,4H当日前50,4H EMA9 已站上 EMA26，等待 26/50 确认；4H MACD 位于 Signal 上方；4H RSI 位于健康强势区间
2026-07-24,2026-07-29,Prism,Nasdaq Liquid 500,COKE,"Coca-Cola Consolidated, Inc. - Common Stock",,16,71,0.04163510,184.699997,192.389999,4H当日前50,4H EMA9/26 最近金叉且价格在 EMA50 上方；4H MACD 位于 Signal 上方；4H MACD 柱体连续扩张；4H RSI 位于健康强势区间
2026-07-24,2026-07-29,Prism,Nasdaq Liquid 500,TCOM,Trip.com Group Limited - American Depositary Shares,,17,216,0.05407885,43.639999,46.000000,4H当日前50,4H EMA9 已站上 EMA26，等待 26/50 确认；4H MACD 零轴上方刚金叉；4H MACD 柱体连续扩张；4H RSI 位于健康强势区间
2026-07-24,2026-07-29,Prism,Nasdaq Liquid 500,CME,CME Group,Financials,18,113,0.03967727,255.309998,265.440002,4H当日前50,4H EMA9 已站上 EMA26，等待 26/50 确认；4H MACD 位于 Signal 上方；4H RSI 位于健康强势区间
2026-07-24,2026-07-29,Prism,Nasdaq Liquid 500,LOGI,Logitech International S.A. - Registered Shares,,19,269,-0.02637551,105.779999,102.989998,4H当日前50,4H EMA9 已站上 EMA26，等待 26/50 确认；4H MACD 位于 Signal 上方；4H MACD 柱体连续扩张；4H RSI 位于健康强势区间
2026-07-24,2026-07-29,Prism,Nasdaq Liquid 500,CTSH,Cognizant,Information Technology,20,243,0.23146314,45.450001,55.970001,4H当日前50,4H EMA9/26 最近金叉且价格在 EMA50 上方；4H MACD 零轴上方刚金叉；4H MACD 柱体连续扩张；4H RSI 位于健康强势区间
2026-07-24,2026-07-29,Prism,Nasdaq Liquid 500,MPWR,Monolithic Power Systems,Information Technology,21,329,-0.06376474,1333.810059,1248.760010,4H当日前50,4H EMA9 已站上 EMA26，等待 26/50 确认；4H MACD 位于 Signal 上方
2026-07-24,2026-07-29,Prism,Nasdaq Liquid 500,STLD,Steel Dynamics,Materials,22,131,0.02116464,247.110001,252.339996,4H当日前50,4H EMA9 已站上 EMA26，等待 26/50 确认；4H MACD 位于 Signal 上方；4H MACD 柱体连续扩张；4H RSI 位于健康强势区间
2026-07-24,2026-07-29,Prism,Nasdaq Liquid 500,CBRS,Cerebras Systems Inc. - Class A Common Stock,,23,367,-0.14930693,199.119995,169.389999,4H当日前50,4H EMA9 已站上 EMA26，等待 26/50 确认；4H MACD 位于 Signal 上方；4H RSI 位于健康强势区间
2026-07-24,2026-07-29,Prism,Nasdaq Liquid 500,CENX,CENTURY ALUMINUM,Materials,24,335,-0.07682318,46.209999,42.660000,4H当日前50,4H EMA9 已站上 EMA26，等待 26/50 确认；4H MACD 位于 Signal 上方；4H RSI 位于健康强势区间
2026-07-24,2026-07-29,Prism,Nasdaq Liquid 500,SMCI,Supermicro,Information Technology,25,331,-0.14617937,30.100000,25.700001,4H当日前50,4H EMA9 已站上 EMA26，等待 26/50 确认；4H MACD 位于 Signal 上方；4H RSI 位于健康强势区间
2026-07-24,2026-07-29,Prism,Nasdaq Liquid 500,ROP,Roper Technologies,Information Technology,26,184,0.11087824,367.339996,408.070007,4H当日前50,4H EMA9/26 最近金叉且价格在 EMA50 上方；4H MACD 零轴上方刚金叉；4H MACD 柱体连续扩张；4H RSI 位于健康强势区间
2026-07-24,2026-07-29,Prism,Nasdaq Liquid 500,BELFB,BEL FUSE INC CLASS B,Information Technology,27,362,-0.11132697,272.799988,242.429993,4H当日前50,4H EMA9 已站上 EMA26，等待 26/50 确认；4H MACD 位于 Signal 上方
2026-07-24,2026-07-29,Prism,Nasdaq Liquid 500,PTEN,PATTERSON UTI ENERGY INC,Energy,28,271,-0.08529412,10.200000,9.330000,4H当日前50,4H EMA9 已站上 EMA26，等待 26/50 确认；4H MACD 位于 Signal 上方；4H RSI 位于健康强势区间
2026-07-24,2026-07-29,Prism,Nasdaq Liquid 500,VRSN,Verisign,Information Technology,29,99,0.03900005,280.000000,290.920013,4H当日前50,4H EMA9/26 最近金叉且价格在 EMA50 上方；4H MACD 柱体连续扩张；4H RSI 位于健康强势区间
2026-07-24,2026-07-29,Prism,Nasdaq Liquid 500,EQPT,EquipmentShare.com Inc - Class A Common Stock,,30,45,-0.07327142,19.379999,17.959999,4H当日前50,4H EMA9/26 最近金叉且价格在 EMA50 上方；4H MACD 位于 Signal 上方；4H RSI 位于健康强势区间
2026-07-24,2026-07-29,Prism,Nasdaq Liquid 500,INTU,Intuit,Information Technology,31,165,0.12418594,296.329987,333.130005,4H当日前50,4H EMA9 已站上 EMA26，等待 26/50 确认；4H MACD 柱体连续扩张；4H RSI 位于健康强势区间
2026-07-24,2026-07-29,Prism,Nasdaq Liquid 500,COIN,Coinbase,Financials,32,1,0.01137155,158.289993,160.089996,4H当日前50,4H EMA9 已站上 EMA26，等待 26/50 确认
2026-07-24,2026-07-29,Prism,Nasdaq Liquid 500,CEG,Constellation Energy,Utilities,33,275,-0.05977763,274.350006,257.950012,4H当日前50,4H EMA 多头排列已连续维持；4H MACD 位于 Signal 上方；4H RSI 位于健康强势区间
2026-07-24,2026-07-29,Prism,Nasdaq Liquid 500,FUTU,Futu Holdings Limited - American Depositary Shares,,34,19,0.02536228,99.360001,101.879997,4H当日前50,4H EMA9 已站上 EMA26，等待 26/50 确认；4H RSI 位于健康强势区间
2026-07-24,2026-07-29,Prism,Nasdaq Liquid 500,TROW,T. Rowe Price,Financials,35,132,0.02034337,116.500000,118.870003,4H当日前50,4H EMA9/26 最近金叉且价格在 EMA50 上方；4H MACD 柱体连续扩张；4H RSI 位于健康强势区间
2026-07-24,2026-07-29,Prism,Nasdaq Liquid 500,CAR,"Avis Budget Group, Inc. - Common Stock",,36,303,-0.02903179,159.479996,154.850006,4H当日前50,4H EMA9 已站上 EMA26，等待 26/50 确认；4H MACD 位于 Signal 上方；4H RSI 位于健康强势区间
2026-07-24,2026-07-29,Prism,Nasdaq Liquid 500,WFRD,Weatherford International plc - Ordinary shares,,37,54,-0.07183133,88.680000,82.309998,4H当日前50,4H EMA9 已站上 EMA26，等待 26/50 确认；4H MACD 位于 Signal 上方；4H MACD 柱体连续扩张；4H RSI 位于健康强势区间
2026-07-24,2026-07-29,Prism,Nasdaq Liquid 500,EVRG,Evergy,Utilities,38,318,-0.03647626,87.180000,84.000000,4H当日前50,4H EMA 多头排列已连续维持；4H MACD 位于 Signal 上方；4H MACD 柱体连续扩张；4H RSI 位于健康强势区间
2026-07-24,2026-07-29,Prism,Nasdaq Liquid 500,EXC,Exelon,Utilities,39,85,-0.01051967,47.529999,47.029999,4H当日前50,4H EMA 多头排列已连续维持；4H MACD 位于 Signal 上方；4H MACD 柱体连续扩张；4H RSI 位于健康强势区间
2026-07-24,2026-07-29,Prism,Nasdaq Liquid 500,LNT,Alliant Energy,Utilities,40,364,-0.03923141,74.940002,72.000000,4H当日前50,4H MACD 刚金叉但仍需零轴确认；4H MACD 柱体连续扩张；4H RSI 位于健康强势区间
2026-07-24,2026-07-29,Prism,Nasdaq Liquid 500,XEL,Xcel Energy,Utilities,41,302,-0.03575362,81.669998,78.750000,4H当日前50,4H EMA 多头排列已连续维持；4H MACD 位于 Signal 上方；4H MACD 柱体连续扩张；4H RSI 位于健康强势区间
2026-07-24,2026-07-29,Prism,Nasdaq Liquid 500,CLSK,CLEANSPARK INC,Information Technology,42,368,-0.17286501,14.520000,12.010000,4H当日前50,4H EMA9 已站上 EMA26，等待 26/50 确认；4H MACD 位于 Signal 上方；4H RSI 位于健康强势区间
2026-07-24,2026-07-29,Prism,Nasdaq Liquid 500,LITE,Lumentum,Information Technology,43,458,-0.21054013,762.989990,602.349976,4H当日前50,4H EMA9 已站上 EMA26，等待 26/50 确认；4H MACD 位于 Signal 上方
2026-07-24,2026-07-29,Prism,Nasdaq Liquid 500,HUT,HUT CORP,Information Technology,44,370,-0.19829074,109.989998,88.180000,4H当日前50,4H EMA9 已站上 EMA26，等待 26/50 确认；4H MACD 位于 Signal 上方；4H RSI 位于健康强势区间
2026-07-24,2026-07-29,Prism,Nasdaq Liquid 500,STX,Seagate Technology,Information Technology,45,349,-0.10245513,851.690002,764.429993,4H当日前50,4H EMA9 已站上 EMA26，等待 26/50 确认；4H MACD 位于 Signal 上方
2026-07-24,2026-07-29,Prism,Nasdaq Liquid 500,ESLT,Elbit Systems Ltd. - Ordinary Shares,,46,317,-0.06231336,820.210022,769.099976,4H当日前50,4H EMA9 已站上 EMA26，等待 26/50 确认；4H MACD 位于 Signal 上方
2026-07-24,2026-07-29,Prism,Nasdaq Liquid 500,AMGN,Amgen,Health Care,47,93,0.03084780,376.040009,387.640015,4H当日前50,4H EMA 多头排列已连续维持；4H MACD 位于 Signal 上方；4H MACD 柱体连续扩张；4H RSI 位于健康强势区间
2026-07-24,2026-07-29,Prism,Nasdaq Liquid 500,NTAP,NetApp,Information Technology,48,62,0.03272917,167.740005,173.229996,4H当日前50,4H MACD 零轴上方刚金叉；4H MACD 柱体连续扩张；4H RSI 位于健康强势区间
2026-07-24,2026-07-29,Prism,Nasdaq Liquid 500,CAMT,Camtek Ltd. - Ordinary Shares,,49,424,-0.14087552,147.789993,126.970001,4H当日前50,4H EMA9 已站上 EMA26，等待 26/50 确认；4H MACD 位于 Signal 上方
2026-07-24,2026-07-29,Prism,Nasdaq Liquid 500,CALM,CAL MAINE FOODS INC,Consumer Staples,50,105,0.03520815,90.320000,93.500000,4H当日前50,4H EMA 多头排列已连续维持；4H MACD 零轴上方刚金叉；4H MACD 柱体连续扩张；4H RSI 位于健康强势区间
2026-07-24,2026-07-29,Prism,Russell,FRD,FRIEDMAN INDUSTRIES INC,Materials,1,907,-0.03539320,35.599998,34.340000,4H当日前50,4H EMA9/26 最近金叉且价格在 EMA50 上方；4H MACD 零轴上方刚金叉；4H MACD 柱体连续扩张；4H RSI 位于健康强势区间
2026-07-24,2026-07-29,Prism,Russell,IBOC,INTERNATIONAL BANCSHARES CORP,Financials,2,324,-0.00169289,76.790001,76.660004,4H当日前50,4H EMA9/26 最近金叉且价格在 EMA50 上方；4H MACD 零轴上方刚金叉；4H MACD 柱体连续扩张；4H RSI 位于健康强势区间
2026-07-24,2026-07-29,Prism,Russell,FNRN,FIRST NORTHERN COMMUNITY BANCORP,Financials,3,416,0.02185803,18.299999,18.700001,4H当日前50,4H EMA9/26 最近金叉且价格在 EMA50 上方；4H MACD 零轴上方刚金叉；4H MACD 柱体连续扩张；4H RSI 位于健康强势区间
2026-07-24,2026-07-29,Prism,Russell,HTH,HILLTOP HOLDINGS INC,Financials,4,253,0.01047522,39.139999,39.549999,4H当日前50,4H EMA9/26 最近金叉且价格在 EMA50 上方；4H MACD 刚金叉但仍需零轴确认；4H MACD 柱体连续扩张；4H RSI 位于健康强势区间
2026-07-24,2026-07-29,Prism,Russell,ACR,ACRES COMMERCIAL REALTY CORP,Financials,5,81,0.04438208,17.799999,18.590000,4H当日前50,4H EMA9/26 最近金叉且价格在 EMA50 上方；4H MACD 刚金叉但仍需零轴确认；4H MACD 柱体连续扩张；4H RSI 位于健康强势区间
2026-07-24,2026-07-29,Prism,Russell,TVTX,TRAVERE THERAPEUTICS INC,Health Care,6,1066,-0.03138075,57.360001,55.560001,4H当日前50,4H EMA9/26 最近金叉且价格在 EMA50 上方；4H MACD 零轴上方刚金叉；4H MACD 柱体连续扩张；4H RSI 位于健康强势区间
2026-07-24,2026-07-29,Prism,Russell,HZO,MARINEMAX INC,Consumer Discretionary,7,1015,-0.06521736,36.340000,33.970001,4H当日前50,4H EMA9/26 最近金叉且价格在 EMA50 上方；4H MACD 刚金叉但仍需零轴确认；4H MACD 柱体连续扩张；4H RSI 位于健康强势区间
2026-07-24,2026-07-29,Prism,Russell,ISTR,INVESTAR HOLDING CORP,Financials,8,345,-0.00200944,29.860001,29.799999,4H当日前50,4H EMA9/26 最近金叉且价格在 EMA50 上方；4H MACD 零轴上方刚金叉；4H MACD 柱体连续扩张；4H RSI 位于健康强势区间
2026-07-24,2026-07-29,Prism,Russell,CMTV,COMMUNITY BANCORP VT,Financials,9,437,0.01134120,40.560001,41.020000,4H当日前50,4H EMA9/26 最近金叉且价格在 EMA50 上方；4H MACD 零轴上方刚金叉；4H MACD 柱体连续扩张；4H RSI 位于健康强势区间
2026-07-24,2026-07-29,Prism,Russell,COSO,COASTALSOUTH BANCSHARES INC,Financials,10,159,0.00922850,27.090000,27.340000,4H当日前50,4H EMA9/26 最近金叉且价格在 EMA50 上方；4H MACD 零轴上方刚金叉；4H MACD 柱体连续扩张；4H RSI 位于健康强势区间
2026-07-24,2026-07-29,Prism,Russell,TNC,TENNANT,Industrials,11,1120,-0.03770691,87.915001,84.599998,4H当日前50,4H EMA9/26 最近金叉且价格在 EMA50 上方；4H MACD 位于 Signal 上方；4H MACD 柱体连续扩张；4H RSI 位于健康强势区间
2026-07-24,2026-07-29,Prism,Russell,ATLO,AMES NATIONAL CORP,Financials,12,161,0.01763731,30.049999,30.580000,4H当日前50,4H EMA9/26 最近金叉且价格在 EMA50 上方；4H MACD 零轴上方刚金叉；4H MACD 柱体连续扩张；4H RSI 位于健康强势区间
2026-07-24,2026-07-29,Prism,Russell,THFF,FIRST FINANCIAL CORPORATION CORP,Financials,13,282,0.02851244,77.510002,79.720001,4H当日前50,4H EMA9/26 最近金叉且价格在 EMA50 上方；4H MACD 零轴上方刚金叉；4H MACD 柱体连续扩张；4H RSI 位于健康强势区间
2026-07-24,2026-07-29,Prism,Russell,UNTY,UNITY BANCORP INC,Financials,14,224,0.01283492,58.044998,58.790001,4H当日前50,4H EMA9/26 最近金叉且价格在 EMA50 上方；4H MACD 零轴上方刚金叉；4H MACD 柱体连续扩张；4H RSI 位于健康强势区间
2026-07-24,2026-07-29,Prism,Russell,PRAX,PRAXIS PRECISION MEDICINES INC,Health Care,15,1506,-0.10534888,325.299988,291.029999,4H当日前50,4H EMA9/26 最近金叉且价格在 EMA50 上方；4H MACD 零轴上方刚金叉；4H MACD 柱体连续扩张；4H RSI 位于健康强势区间
2026-07-24,2026-07-29,Prism,Russell,HQI,HIREQUEST INC,Industrials,16,276,0.05426357,12.900000,13.600000,4H当日前50,4H EMA9/26 最近金叉且价格在 EMA50 上方；4H MACD 位于 Signal 上方；4H MACD 柱体连续扩张；4H RSI 位于健康强势区间
2026-07-24,2026-07-29,Prism,Russell,SD,SANDRIDGE ENERGY INC,Energy,17,957,-0.01447178,13.820000,13.620000,4H当日前50,4H EMA9 已站上 EMA26，等待 26/50 确认；4H MACD 位于 Signal 上方；4H RSI 位于健康强势区间
2026-07-24,2026-07-29,Prism,Russell,VTS,VITESSE ENERGY INC,Energy,18,972,-0.02088608,15.800000,15.470000,4H当日前50,4H EMA9 已站上 EMA26，等待 26/50 确认；4H MACD 位于 Signal 上方；4H RSI 位于健康强势区间
2026-07-24,2026-07-29,Prism,Russell,CRC,CALIFORNIA RESOURCES CORP,Energy,19,1093,-0.05400090,53.424999,50.540001,4H当日前50,4H EMA9 已站上 EMA26，等待 26/50 确认；4H MACD 位于 Signal 上方；4H RSI 位于健康强势区间
2026-07-24,2026-07-29,Prism,Russell,ADNT,ADIENT PLC,Consumer Discretionary,20,555,0.05781480,20.410000,21.590000,4H当日前50,4H EMA9 已站上 EMA26，等待 26/50 确认；4H MACD 位于 Signal 上方；4H RSI 位于健康强势区间
2026-07-24,2026-07-29,Prism,Russell,HOV,HOVNANIAN ENTERPRISES INC CLASS A,Consumer Discretionary,21,355,-0.00531200,133.789993,133.079300,4H当日前50,4H EMA9/26 最近金叉且价格在 EMA50 上方；4H MACD 零轴上方刚金叉；4H MACD 柱体连续扩张；4H RSI 位于健康强势区间
2026-07-24,2026-07-29,Prism,Russell,CRK,COMSTOCK RESOURCES INC,Energy,22,1325,-0.06762749,13.530000,12.615000,4H当日前50,4H EMA9 已站上 EMA26，等待 26/50 确认；4H MACD 位于 Signal 上方；4H RSI 位于健康强势区间
2026-07-24,2026-07-29,Prism,Russell,CWCO,CONSOLIDATED WATER LTD,Utilities,23,47,0.00511593,29.320000,29.469999,4H当日前50,4H EMA9 已站上 EMA26，等待 26/50 确认；4H MACD 位于 Signal 上方；4H RSI 位于健康强势区间
2026-07-24,2026-07-29,Prism,Russell,ZUMZ,ZUMIEZ INC,Consumer Discretionary,24,775,0.03220686,18.940001,19.549999,4H当日前50,4H EMA9 已站上 EMA26，等待 26/50 确认；4H MACD 位于 Signal 上方；4H RSI 位于健康强势区间
2026-07-24,2026-07-29,Prism,Russell,KMT,KENNAMETAL INC,Industrials,25,1230,-0.04754471,35.230000,33.555000,4H当日前50,4H EMA9 已站上 EMA26，等待 26/50 确认；4H MACD 位于 Signal 上方；4H RSI 位于健康强势区间
2026-07-24,2026-07-29,Prism,Russell,ULH,UNIVERSAL LOGISTICS HOLDINGS INC,Industrials,26,121,-0.06717364,15.780000,14.720000,4H当日前50,4H EMA9 已站上 EMA26，等待 26/50 确认；4H MACD 位于 Signal 上方；4H RSI 位于健康强势区间
2026-07-24,2026-07-29,Prism,Russell,NLOP,NET LEASE OFFICE PROPERTIES,Real Estate,27,326,0.04151943,11.320000,11.790000,4H当日前50,4H EMA9 已站上 EMA26，等待 26/50 确认；4H MACD 零轴上方刚金叉
2026-07-24,2026-07-29,Prism,Russell,FMC,FMC CORP,Materials,28,1614,-0.11499337,11.305000,10.005000,4H当日前50,4H EMA9 已站上 EMA26，等待 26/50 确认；4H MACD 位于 Signal 上方；4H RSI 位于健康强势区间
2026-07-24,2026-07-29,Prism,Russell,NBR,NABORS INDUSTRIES LTD,Energy,29,1158,-0.04872201,83.330002,79.269997,4H当日前50,4H EMA9 已站上 EMA26，等待 26/50 确认；4H MACD 位于 Signal 上方；4H RSI 位于健康强势区间
2026-07-24,2026-07-29,Prism,Russell,UFPI,UFP INDUSTRIES INC,Industrials,30,298,-0.00261545,87.940002,87.709999,4H当日前50,4H EMA9/26 最近金叉且价格在 EMA50 上方；4H MACD 位于 Signal 上方；4H MACD 柱体连续扩张；4H RSI 位于健康强势区间
2026-07-24,2026-07-29,Prism,Russell,ZWS,ZURN ELKAY WATER SOLUTIONS CORP,Industrials,31,821,0.06501964,48.369999,51.514999,4H当日前50,4H EMA9/26 最近金叉且价格在 EMA50 上方；4H MACD 位于 Signal 上方；4H MACD 柱体连续扩张；4H RSI 位于健康强势区间
2026-07-24,2026-07-29,Prism,Russell,VGNT,VERSIGENT PLC,Consumer Discretionary,32,113,0.03160324,41.673000,42.990002,4H当日前50,4H EMA9/26 最近金叉且价格在 EMA50 上方；4H MACD 位于 Signal 上方；4H MACD 柱体连续扩张；4H RSI 位于健康强势区间
2026-07-24,2026-07-29,Prism,Russell,MLP,MAUI LAND AND PINEAPPLE INC,Real Estate,33,59,0.04314863,17.150000,17.889999,4H当日前50,4H EMA9/26 最近金叉且价格在 EMA50 上方；4H MACD 位于 Signal 上方；4H MACD 柱体连续扩张；4H RSI 位于健康强势区间
2026-07-24,2026-07-29,Prism,Russell,VREX,VAREX IMAGING CORP,Health Care,34,714,0.00274725,10.920000,10.950000,4H当日前50,4H EMA9/26 最近金叉且价格在 EMA50 上方；4H MACD 零轴上方刚金叉；4H MACD 柱体连续扩张；4H RSI 位于健康强势区间
2026-07-24,2026-07-29,Prism,Russell,WSBF,WATERSTONE FINANCIAL INC,Financials,35,192,0.02542378,20.059999,20.570000,4H当日前50,4H EMA9/26 最近金叉且价格在 EMA50 上方；4H MACD 刚金叉但仍需零轴确认；4H MACD 柱体连续扩张；4H RSI 位于健康强势区间
2026-07-24,2026-07-29,Prism,Russell,WOR,WORTHINGTON ENTERPRISES INC,Industrials,36,975,-0.00811632,56.060001,55.605000,4H当日前50,4H EMA9/26 最近金叉且价格在 EMA50 上方；4H MACD 位于 Signal 上方；4H MACD 柱体连续扩张；4H RSI 位于健康强势区间
2026-07-24,2026-07-29,Prism,Russell,ATKR,ATKORE INC,Industrials,37,127,-0.06851103,76.629997,71.379997,4H当日前50,4H EMA9 已站上 EMA26，等待 26/50 确认；4H MACD 位于 Signal 上方；4H MACD 柱体连续扩张；4H RSI 位于健康强势区间
2026-07-24,2026-07-29,Prism,Russell,FRBA,FIRST BANK,Financials,38,565,0.04282536,17.980000,18.750000,4H当日前50,4H EMA9/26 最近金叉且价格在 EMA50 上方；4H MACD 零轴上方刚金叉；4H MACD 柱体连续扩张；4H RSI 位于健康强势区间
2026-07-24,2026-07-29,Prism,Russell,FSTR,LB FOSTER,Industrials,39,1447,-0.05000007,42.400002,40.279999,4H当日前50,4H EMA9/26 最近金叉且价格在 EMA50 上方；4H MACD 位于 Signal 上方；4H RSI 位于健康强势区间
2026-07-24,2026-07-29,Prism,Russell,INR,INFINITY NATURAL RESOURCES INC CLA,Energy,40,1223,-0.06363636,13.200000,12.360000,4H当日前50,4H EMA9 已站上 EMA26，等待 26/50 确认；4H MACD 位于 Signal 上方；4H RSI 位于健康强势区间
2026-07-24,2026-07-29,Prism,Russell,HASI,HA SUSTAINABLE INFRASTRUCTURE CAPI,Financials,41,1195,-0.01929098,38.360001,37.619999,4H当日前50,4H EMA9 已站上 EMA26，等待 26/50 确认；4H MACD 位于 Signal 上方；4H RSI 位于健康强势区间
2026-07-24,2026-07-29,Prism,Russell,BKD,BROOKDALE SENIOR LIVING INC,Health Care,42,921,-0.01848795,15.145000,14.865000,4H当日前50,4H EMA9/26 最近金叉且价格在 EMA50 上方；4H MACD 刚金叉但仍需零轴确认；4H MACD 柱体连续扩张；4H RSI 位于健康强势区间
2026-07-24,2026-07-29,Prism,Russell,RDNW,RIDENOW GROUP INC CLASS B,Consumer Discretionary,43,80,0.03593750,6.400000,6.630000,4H当日前50,4H EMA9/26 最近金叉且价格在 EMA50 上方；4H MACD 位于 Signal 上方；4H RSI 位于健康强势区间
2026-07-24,2026-07-29,Prism,Russell,OPBK,OP BANCORP,Financials,44,476,0.00574713,15.660000,15.750000,4H当日前50,4H EMA9/26 最近金叉且价格在 EMA50 上方；4H MACD 零轴上方刚金叉；4H MACD 柱体连续扩张；4H RSI 位于健康强势区间
2026-07-24,2026-07-29,Prism,Russell,TGTX,TG THERAPEUTICS INC,Health Care,45,1182,-0.04568167,56.040001,53.480000,4H当日前50,4H EMA9/26 最近金叉且价格在 EMA50 上方；4H MACD 刚金叉但仍需零轴确认；4H MACD 柱体连续扩张；4H RSI 位于健康强势区间
2026-07-24,2026-07-29,Prism,Russell,SMP,STANDARD MOTOR PRODUCTS INC,Consumer Discretionary,46,320,0.04824734,38.654999,40.520000,4H当日前50,4H EMA9 已站上 EMA26，等待 26/50 确认；4H MACD 位于 Signal 上方；4H MACD 柱体连续扩张；4H RSI 位于健康强势区间
2026-07-24,2026-07-29,Prism,Russell,MMS,MAXIMUS INC,Industrials,47,681,0.05834030,59.650002,63.130001,4H当日前50,4H EMA9 已站上 EMA26，等待 26/50 确认；4H MACD 零轴上方刚金叉；4H MACD 柱体连续扩张；4H RSI 位于健康强势区间
2026-07-24,2026-07-29,Prism,Russell,DCH,DAUCH CORPORATION,Consumer Discretionary,48,98,0.00911577,5.485000,5.535000,4H当日前50,4H EMA9 已站上 EMA26，等待 26/50 确认；4H MACD 位于 Signal 上方；4H RSI 位于健康强势区间
2026-07-24,2026-07-29,Prism,Russell,AVBC,AVIDIA BANCORP INC,Financials,49,396,0.03489777,21.520000,22.271000,4H当日前50,4H EMA9/26 最近金叉且价格在 EMA50 上方；4H MACD 零轴上方刚金叉；4H MACD 柱体连续扩张；4H RSI 位于健康强势区间
2026-07-24,2026-07-29,Prism,Russell,APOG,APOGEE ENTERPRISES INC,Industrials,50,1080,-0.02061856,40.740002,39.900002,4H当日前50,4H EMA9/26 最近金叉且价格在 EMA50 上方；4H MACD 位于 Signal 上方；4H MACD 柱体连续扩张；4H RSI 位于健康强势区间
2026-07-24,2026-07-29,Aster Call,Aster,UHS,Universal Health Services,Health Care,1,,0.07822127,155.839996,168.029999,Aster当日前50,4H EMA 刚转强；4H MACD 新金叉
2026-07-24,2026-07-29,Aster Call,Aster,KMPR,KEMPER CORP,Financials,2,,0.06981584,28.790001,30.799999,Aster当日前50,4H EMA 刚转强；4H MACD 新金叉
2026-07-24,2026-07-29,Aster Call,Aster,OPBK,OP BANCORP,Financials,3,,0.00574713,15.660000,15.750000,Aster当日前50,4H EMA 刚转强；4H MACD 新金叉
2026-07-24,2026-07-29,Aster Call,Aster,VREX,VAREX IMAGING CORP,Health Care,4,,0.00274725,10.920000,10.950000,Aster当日前50,4H EMA 刚转强；4H MACD 新金叉
2026-07-24,2026-07-29,Aster Call,Aster,NWFL,NORWOOD FINANCIAL CORP,Financials,5,,0.03034012,32.630001,33.619999,Aster当日前50,4H EMA 刚转强；4H MACD 新金叉
2026-07-24,2026-07-29,Aster Call,Aster,AVBC,AVIDIA BANCORP INC,Financials,6,,0.03489777,21.520000,22.271000,Aster当日前50,4H EMA 刚转强；4H MACD 新金叉
2026-07-24,2026-07-29,Aster Call,Aster,PRAX,PRAXIS PRECISION MEDICINES INC,Health Care,7,,-0.10534888,325.299988,291.029999,Aster当日前50,4H EMA 刚转强；4H MACD 新金叉
2026-07-24,2026-07-29,Aster Call,Aster,EGBN,EAGLE BANCORP INC,Financials,8,,-0.01933903,28.440001,27.889999,Aster当日前50,4H EMA 刚转强；4H MACD 新金叉
2026-07-24,2026-07-29,Aster Call,Aster,TGTX,TG THERAPEUTICS INC,Health Care,9,,-0.04568167,56.040001,53.480000,Aster当日前50,4H EMA 刚转强；4H MACD 新金叉
2026-07-24,2026-07-29,Aster Call,Aster,NE,NOBLE CORPORATION PLC,Energy,10,,-0.05223023,43.270000,41.009998,Aster当日前50,4H EMA 刚转强；4H MACD 多头
2026-07-24,2026-07-29,Aster Call,Aster,AMCR,Amcor,Materials,11,,0.02959007,44.542000,45.860001,Aster当日前50,4H EMA 刚转强；4H MACD 新金叉
2026-07-24,2026-07-29,Aster Call,Aster,FRBA,FIRST BANK,Financials,12,,0.04282536,17.980000,18.750000,Aster当日前50,4H EMA 刚转强；4H MACD 新金叉
2026-07-24,2026-07-29,Aster Call,Aster,LOGI,Logitech International S.A. - Registered Shares,,13,,-0.02637551,105.779999,102.989998,Aster当日前50,4H EMA 刚转强；4H MACD 多头
2026-07-24,2026-07-29,Aster Call,Aster,CBNA,CHAIN BRIDGE BANCORP INC CLASS A,Financials,14,,0.01732250,43.584999,44.340000,Aster当日前50,4H EMA 刚转强；4H MACD 新金叉
2026-07-24,2026-07-29,Aster Call,Aster,DXC,DXC TECHNOLOGY,Information Technology,15,,0.17164179,10.050000,11.775000,Aster当日前50,4H EMA 刚转强；4H MACD 新金叉
2026-07-24,2026-07-29,Aster Call,Aster,MAS,Masco,Industrials,16,,-0.08466001,79.269997,72.558998,Aster当日前50,4H EMA 刚转强；4H MACD 新金叉
2026-07-24,2026-07-29,Aster Call,Aster,CTSH,Cognizant,Information Technology,17,,0.23146314,45.450001,55.970001,Aster当日前50,4H EMA 刚转强；4H MACD 新金叉
2026-07-24,2026-07-29,Aster Call,Aster,ATLO,AMES NATIONAL CORP,Financials,18,,0.01763731,30.049999,30.580000,Aster当日前50,4H EMA 刚转强；4H MACD 新金叉
2026-07-24,2026-07-29,Aster Call,Aster,ROP,Roper Technologies,Information Technology,19,,-0.01225023,367.339996,362.839996,Aster当日前50,4H EMA 刚转强；4H MACD 新金叉
2026-07-24,2026-07-29,Aster Call,Aster,SYY,Sysco,Consumer Staples,20,,0.02695220,83.110001,85.349998,Aster当日前50,4H EMA 刚转强；4H MACD 新金叉
2026-07-24,2026-07-29,Aster Call,Aster,WSBF,WATERSTONE FINANCIAL INC,Financials,21,,0.02542378,20.059999,20.570000,Aster当日前50,4H EMA 刚转强；4H MACD 新金叉
2026-07-24,2026-07-29,Aster Call,Aster,SWK,Stanley Black & Decker,Industrials,22,,0.02027841,91.230003,93.080002,Aster当日前50,4H EMA 刚转强；4H MACD 新金叉
2026-07-24,2026-07-29,Aster Call,Aster,SYK,Stryker Corporation,Health Care,23,,0.06642648,330.290009,352.230011,Aster当日前50,4H EMA 刚转强；4H MACD 新金叉
2026-07-24,2026-07-29,Aster Call,Aster,MMS,MAXIMUS INC,Industrials,24,,0.05834030,59.650002,63.130001,Aster当日前50,4H EMA 刚转强；4H MACD 新金叉
2026-07-24,2026-07-29,Aster Call,Aster,LYB,LyondellBasell,Materials,25,,0.00256904,60.334999,60.490002,Aster当日前50,4H EMA 刚转强；4H MACD 多头
2026-07-24,2026-07-29,Aster Call,Aster,SKYW,SKYWEST INC,Industrials,26,,0.05798362,103.650002,109.660004,Aster当日前50,4H EMA 刚转强；4H MACD 新金叉
2026-07-24,2026-07-29,Aster Call,Aster,CME,CME Group,Financials,27,,0.03967727,255.309998,265.440002,Aster当日前50,4H EMA 刚转强；4H MACD 多头
2026-07-24,2026-07-29,Aster Call,Aster,ACN,Accenture,Information Technology,28,,0.17872817,146.955002,173.220001,Aster当日前50,4H EMA 刚转强；4H MACD 新金叉
2026-07-24,2026-07-29,Aster Call,Aster,FNLC,FIRST BANCORP INC,Financials,29,,0.01629500,34.980000,35.549999,Aster当日前50,4H EMA 刚转强；4H MACD 新金叉
2026-07-24,2026-07-29,Aster Call,Aster,EXR,Extra Space Storage,Real Estate,30,,0.03433336,147.669998,152.740005,Aster当日前50,4H EMA 刚转强；4H MACD 新金叉
2026-07-24,2026-07-29,Aster Call,Aster,BKR,Baker Hughes,Energy,31,15,0.02567687,57.250000,58.720001,Aster当日前50,4H EMA 刚转强；4H MACD 多头
2026-07-24,2026-07-29,Aster Call,Aster,ARX,ACCELERANT HOLDINGS CLASS A,Financials,32,,-0.12979351,14.238000,12.390000,Aster当日前50,4H EMA 刚转强；4H MACD 多头
2026-07-24,2026-07-29,Aster Call,Aster,UFPI,UFP INDUSTRIES INC,Industrials,33,,-0.00261545,87.940002,87.709999,Aster当日前50,4H EMA 刚转强；4H MACD 多头
2026-07-24,2026-07-29,Aster Call,Aster,NRG,NRG Energy,Utilities,34,,-0.11897328,141.039993,124.260002,Aster当日前50,4H EMA 刚转强；4H MACD 多头
2026-07-24,2026-07-29,Aster Call,Aster,JCI,Johnson Controls,Industrials,35,,-0.02760538,143.449997,139.490005,Aster当日前50,4H EMA 刚转强；4H MACD 多头
2026-07-24,2026-07-29,Aster Call,Aster,ULH,UNIVERSAL LOGISTICS HOLDINGS INC,Industrials,36,,-0.06717364,15.780000,14.720000,Aster当日前50,4H EMA 刚转强；4H MACD 多头
2026-07-24,2026-07-29,Aster Call,Aster,SMC,SUMMIT MIDSTREAM CORP,Energy,37,21,-0.00948025,30.590000,30.299999,Aster当日前50,4H EMA 多头趋势；4H MACD 新金叉
2026-07-24,2026-07-29,Aster Call,Aster,GIC,GLOBAL INDUSTRIAL,Industrials,38,,0.02519567,35.125000,36.009998,Aster当日前50,4H EMA 多头趋势；4H MACD 新金叉
2026-07-24,2026-07-29,Aster Call,Aster,BKD,BROOKDALE SENIOR LIVING INC,Health Care,39,,-0.01848795,15.145000,14.865000,Aster当日前50,4H EMA 刚转强；4H MACD 新金叉
2026-07-24,2026-07-29,Aster Call,Aster,IBCP,INDEPENDENT BANK CORP,Financials,40,,0.02628789,37.660000,38.650002,Aster当日前50,4H EMA 多头趋势；4H MACD 新金叉
2026-07-24,2026-07-29,Aster Call,Aster,MSBI,MIDLAND STATES BANCORP INC,Financials,41,,0.04248059,32.250000,33.619999,Aster当日前50,4H EMA 多头趋势；4H MACD 新金叉
2026-07-24,2026-07-29,Aster Call,Aster,HTH,HILLTOP HOLDINGS INC,Financials,42,,0.01047522,39.139999,39.549999,Aster当日前50,4H EMA 刚转强；4H MACD 新金叉
2026-07-24,2026-07-29,Aster Call,Aster,BFC,BANK FIRST CORP,Financials,43,,0.00663218,150.779999,151.779999,Aster当日前50,4H EMA 刚转强；4H MACD 新金叉
2026-07-24,2026-07-29,Aster Call,Aster,FRD,FRIEDMAN INDUSTRIES INC,Materials,44,,-0.03539320,35.599998,34.340000,Aster当日前50,4H EMA 刚转强；4H MACD 新金叉
2026-07-24,2026-07-29,Aster Call,Aster,FNRN,FIRST NORTHERN COMMUNITY BANCORP,Financials,45,,0.02185803,18.299999,18.700001,Aster当日前50,4H EMA 刚转强；4H MACD 新金叉
2026-07-24,2026-07-29,Aster Call,Aster,BHB,BAR HARBOR BANKSHARES,Financials,46,,0.01431122,39.130001,39.689999,Aster当日前50,4H EMA 多头趋势；4H MACD 新金叉
2026-07-24,2026-07-29,Aster Call,Aster,ITW,Illinois Tool Works,Industrials,47,,0.03335572,283.010010,292.450012,Aster当日前50,4H EMA 多头趋势；4H MACD 新金叉
2026-07-24,2026-07-29,Aster Call,Aster,KVUE,Kenvue,Consumer Staples,48,,0.02830434,19.254999,19.799999,Aster当日前50,4H EMA 刚转强；4H MACD 新金叉
2026-07-24,2026-07-29,Aster Call,Aster,TVTX,TRAVERE THERAPEUTICS INC,Health Care,49,,-0.03138075,57.360001,55.560001,Aster当日前50,4H EMA 刚转强；4H MACD 新金叉
2026-07-24,2026-07-29,Aster Call,Aster,BX,Blackstone Inc.,Financials,50,,-0.00392394,129.970001,129.460007,Aster当日前50,4H EMA 多头趋势；4H MACD 新金叉
2026-07-23,2026-07-29,Early,S&P 500,ETN,Eaton Corporation,Industrials,1,460,-0.12828234,415.100006,361.850006,4H当日前50,4H EMA9/26 最近金叉且价格在 EMA50 上方；4H MACD 位于 Signal 上方；4H MACD 柱体连续扩张；4H RSI 位于健康强势区间
2026-07-23,2026-07-29,Early,S&P 500,CNP,CenterPoint Energy,Utilities,2,396,-0.02850029,44.209999,42.950001,4H当日前50,4H EMA9/26 最近金叉且价格在 EMA50 上方；4H MACD 刚金叉但仍需零轴确认；4H MACD 柱体连续扩张；4H RSI 位于健康强势区间
2026-07-23,2026-07-29,Early,S&P 500,EXC,Exelon,Utilities,3,130,-0.00528765,47.279999,47.029999,4H当日前50,4H EMA9/26 最近金叉且价格在 EMA50 上方；4H MACD 刚金叉但仍需零轴确认；4H MACD 柱体连续扩张；4H RSI 位于健康强势区间
2026-07-23,2026-07-29,Early,S&P 500,XEL,Xcel Energy,Utilities,4,400,-0.02500925,80.769997,78.750000,4H当日前50,4H EMA9/26 最近金叉且价格在 EMA50 上方；4H MACD 刚金叉但仍需零轴确认；4H MACD 柱体连续扩张；4H RSI 位于健康强势区间
2026-07-23,2026-07-29,Early,S&P 500,PKG,Packaging Corporation of America,Materials,5,131,0.06556749,234.110001,249.460007,4H当日前50,4H EMA9/26 最近金叉且价格在 EMA50 上方；4H MACD 位于 Signal 上方；4H MACD 柱体连续扩张；4H RSI 位于健康强势区间
2026-07-23,2026-07-29,Early,S&P 500,NDSN,Nordson Corporation,Industrials,6,175,0.00985965,292.100006,294.980011,4H当日前50,4H EMA9/26 最近金叉且价格在 EMA50 上方；4H MACD 位于 Signal 上方；4H MACD 柱体连续扩张；4H RSI 位于健康强势区间
2026-07-23,2026-07-29,Early,S&P 500,COIN,Coinbase,Financials,7,1,-0.00663941,161.160004,160.089996,4H当日前50,4H EMA9 已站上 EMA26，等待 26/50 确认
2026-07-23,2026-07-29,Early,S&P 500,EXE,Expand Energy,Energy,8,40,0.00795809,91.730003,92.459999,4H当日前50,4H EMA9 已站上 EMA26，等待 26/50 确认；4H MACD 位于 Signal 上方；4H RSI 位于健康强势区间
2026-07-23,2026-07-29,Early,S&P 500,LYB,LyondellBasell,Materials,9,24,-0.01976984,61.709999,60.490002,4H当日前50,4H EMA9 已站上 EMA26，等待 26/50 确认；4H MACD 位于 Signal 上方；4H RSI 位于健康强势区间
2026-07-23,2026-07-29,Early,S&P 500,NEE,NextEra Energy,Utilities,10,231,-0.01436687,89.790001,88.500000,4H当日前50,4H EMA 多头排列已连续维持；4H MACD 零轴上方刚金叉；4H MACD 柱体连续扩张；4H RSI 位于健康强势区间
2026-07-23,2026-07-29,Early,S&P 500,EVRG,Evergy,Utilities,11,410,-0.03058283,86.650002,84.000000,4H当日前50,4H EMA9/26 最近金叉且价格在 EMA50 上方；4H MACD 零轴上方刚金叉；4H MACD 柱体连续扩张；4H RSI 位于健康强势区间
2026-07-23,2026-07-29,Early,S&P 500,ETR,Entergy,Utilities,12,456,-0.06873327,115.809998,107.849998,4H当日前50,4H EMA9/26 最近金叉且价格在 EMA50 上方；4H MACD 刚金叉但仍需零轴确认；4H MACD 柱体连续扩张；4H RSI 位于健康强势区间
2026-07-23,2026-07-29,Early,S&P 500,URI,United Rentals,Industrials,13,392,-0.07401495,1140.040039,1055.660034,4H当日前50,4H EMA9/26 最近金叉且价格在 EMA50 上方；4H MACD 刚金叉但仍需零轴确认；4H MACD 柱体连续扩张；4H RSI 位于健康强势区间
2026-07-23,2026-07-29,Early,S&P 500,SO,Southern Company,Utilities,14,144,-0.00544719,96.599998,96.073799,4H当日前50,4H EMA9/26 最近金叉且价格在 EMA50 上方；4H MACD 刚金叉但仍需零轴确认；4H MACD 柱体连续扩张；4H RSI 位于健康强势区间
2026-07-23,2026-07-29,Early,S&P 500,T,AT&T,Communication Services,15,76,0.04380989,22.940001,23.945000,4H当日前50,4H EMA9 已站上 EMA26，等待 26/50 确认；4H MACD 位于 Signal 上方
2026-07-23,2026-07-29,Early,S&P 500,IP,International Paper,Materials,16,227,0.12562690,37.889999,42.650002,4H当日前50,4H EMA9/26 最近金叉且价格在 EMA50 上方；4H MACD 刚金叉但仍需零轴确认；4H MACD 柱体连续扩张；4H RSI 位于健康强势区间
2026-07-23,2026-07-29,Early,S&P 500,DE,Deere & Company,Industrials,17,302,0.00109751,610.460022,611.130005,4H当日前50,4H EMA9/26 最近金叉且价格在 EMA50 上方；4H MACD 位于 Signal 上方；4H MACD 柱体连续扩张；4H RSI 位于健康强势区间
2026-07-23,2026-07-29,Early,S&P 500,WMB,Williams Companies,Energy,18,448,-0.06771215,75.245003,70.150002,4H当日前50,4H EMA9/26 最近金叉且价格在 EMA50 上方；4H MACD 刚金叉但仍需零轴确认；4H MACD 柱体连续扩张；4H RSI 位于健康强势区间
2026-07-23,2026-07-29,Early,S&P 500,ATO,Atmos Energy,Utilities,19,310,-0.00147264,177.917007,177.654999,4H当日前50,4H EMA 多头排列已连续维持；4H MACD 柱体连续扩张；4H RSI 位于健康强势区间
2026-07-23,2026-07-29,Early,S&P 500,DVN,Devon Energy,Energy,20,65,-0.01821194,45.299999,44.474998,4H当日前50,4H MACD 位于 Signal 上方；4H RSI 位于健康强势区间
2026-07-23,2026-07-29,Early,S&P 500,ICE,Intercontinental Exchange,Financials,21,293,0.07814794,143.190002,154.380005,4H当日前50,4H EMA 多头排列已连续维持；4H MACD 位于 Signal 上方；4H MACD 柱体连续扩张；4H RSI 位于健康强势区间
2026-07-23,2026-07-29,Early,S&P 500,AEE,Ameren,Utilities,22,420,-0.02895991,113.260002,109.980003,4H当日前50,4H MACD 刚金叉但仍需零轴确认；4H MACD 柱体连续扩张；4H RSI 位于健康强势区间
2026-07-23,2026-07-29,Early,S&P 500,WAT,Waters Corporation,Health Care,23,47,-0.00805360,382.440002,379.359985,4H当日前50,4H EMA9/26 最近金叉且价格在 EMA50 上方；4H MACD 刚金叉但仍需零轴确认；4H MACD 柱体连续扩张；4H RSI 位于健康强势区间
2026-07-23,2026-07-29,Early,S&P 500,JNJ,Johnson & Johnson,Health Care,24,60,0.02478406,259.239990,265.665009,4H当日前50,4H EMA9/26 最近金叉且价格在 EMA50 上方；4H MACD 零轴上方刚金叉；4H MACD 柱体连续扩张；4H RSI 位于健康强势区间
2026-07-23,2026-07-29,Early,S&P 500,GM,General Motors,Consumer Discretionary,25,278,0.10727110,80.730003,89.389999,4H当日前50,4H MACD 位于 Signal 上方；4H RSI 位于健康强势区间
2026-07-23,2026-07-29,Early,S&P 500,AEP,American Electric Power,Utilities,26,430,-0.04091316,134.919998,129.399994,4H当日前50,4H MACD 刚金叉但仍需零轴确认；4H MACD 柱体连续扩张；4H RSI 位于健康强势区间
2026-07-23,2026-07-29,Early,S&P 500,CEG,Constellation Energy,Utilities,27,288,-0.06404207,275.600006,257.950012,4H当日前50,4H MACD 位于 Signal 上方；4H MACD 柱体连续扩张
2026-07-23,2026-07-29,Early,S&P 500,BG,Bunge Global,Consumer Staples,28,440,-0.11972203,122.324997,107.680000,4H当日前50,4H EMA 多头排列已连续维持；4H MACD 位于 Signal 上方；4H RSI 位于健康强势区间
2026-07-23,2026-07-29,Early,S&P 500,FE,FirstEnergy,Utilities,29,298,-0.00687079,49.485001,49.145000,4H当日前50,4H EMA 多头排列已连续维持；4H MACD 零轴上方刚金叉；4H MACD 柱体连续扩张；4H RSI 位于健康强势区间
2026-07-23,2026-07-29,Early,S&P 500,RVTY,Revvity,Health Care,30,51,0.00194382,113.180000,113.400002,4H当日前50,4H EMA9/26 最近金叉且价格在 EMA50 上方；4H MACD 零轴上方刚金叉；4H MACD 柱体连续扩张；4H RSI 位于健康强势区间
2026-07-23,2026-07-29,Early,S&P 500,APA,APA Corporation,Energy,31,110,0.00768817,36.419998,36.700001,4H当日前50,4H MACD 位于 Signal 上方；4H RSI 位于健康强势区间
2026-07-23,2026-07-29,Early,S&P 500,KMI,Kinder Morgan,Energy,32,375,-0.02687847,32.740002,31.860001,4H当日前50,4H EMA 多头排列已连续维持；4H MACD 位于 Signal 上方；4H MACD 柱体连续扩张；4H RSI 位于健康强势区间
2026-07-23,2026-07-29,Early,S&P 500,JPM,JPMorgan Chase,Financials,33,332,-0.01426699,349.760010,344.769989,4H当日前50,4H EMA 多头排列已连续维持；4H MACD 零轴上方刚金叉；4H MACD 柱体连续扩张；4H RSI 位于健康强势区间
2026-07-23,2026-07-29,Early,S&P 500,HWM,Howmet Aerospace,Industrials,34,339,-0.05010266,287.209991,272.820007,4H当日前50,4H EMA 多头排列已连续维持；4H MACD 位于 Signal 上方；4H MACD 柱体连续扩张；4H RSI 位于健康强势区间
2026-07-23,2026-07-29,Early,S&P 500,AME,Ametek,Industrials,35,361,-0.02373740,240.970001,235.250000,4H当日前50,4H EMA 多头排列已连续维持；4H MACD 位于 Signal 上方；4H MACD 柱体连续扩张；4H RSI 位于健康强势区间
2026-07-23,2026-07-29,Early,S&P 500,ED,Consolidated Edison,Utilities,36,139,-0.00421310,112.745003,112.269997,4H当日前50,4H EMA 多头排列已连续维持；4H MACD 零轴上方刚金叉；4H MACD 柱体连续扩张；4H RSI 位于健康强势区间
2026-07-23,2026-07-29,Early,S&P 500,VST,Vistra Corp.,Utilities,37,463,-0.15482040,168.970001,142.809998,4H当日前50,4H EMA 多头排列已连续维持；4H MACD 位于 Signal 上方；4H MACD 柱体连续扩张；4H RSI 位于健康强势区间
2026-07-23,2026-07-29,Early,S&P 500,CASY,Casey's,Consumer Staples,38,220,-0.00924310,875.250000,867.159973,4H当日前50,4H EMA 多头排列已连续维持；4H MACD 位于 Signal 上方；4H RSI 位于健康强势区间
2026-07-23,2026-07-29,Early,S&P 500,ULTA,Ulta Beauty,Consumer Discretionary,39,53,0.06304989,477.954987,508.089996,4H当日前50,4H RSI 位于健康强势区间
2026-07-23,2026-07-29,Early,S&P 500,TRGP,Targa Resources,Energy,40,393,-0.07237211,285.399994,264.744995,4H当日前50,4H EMA 多头排列已连续维持；4H MACD 零轴上方刚金叉；4H RSI 位于健康强势区间
2026-07-23,2026-07-29,Early,S&P 500,TXT,Textron,Industrials,41,405,-0.08068667,93.199997,85.680000,4H当日前50,4H MACD 位于 Signal 上方；4H MACD 柱体连续扩张；4H RSI 位于健康强势区间
2026-07-23,2026-07-29,Early,S&P 500,MOS,Mosaic Company (The),Materials,42,27,0.01457730,22.295000,22.620001,4H当日前50,4H RSI 位于健康强势区间
2026-07-23,2026-07-29,Early,S&P 500,DUK,Duke Energy,Utilities,43,84,-0.00092839,129.250000,129.130005,4H当日前50,4H EMA 多头排列已连续维持；4H MACD 位于 Signal 上方；4H MACD 柱体连续扩张；4H RSI 位于健康强势区间
2026-07-23,2026-07-29,Early,S&P 500,PH,Parker Hannifin,Industrials,44,387,-0.03466229,985.510010,951.349976,4H当日前50,4H EMA 多头排列已连续维持；4H MACD 位于 Signal 上方；4H MACD 柱体连续扩张；4H RSI 位于健康强势区间
2026-07-23,2026-07-29,Early,S&P 500,NVDA,Nvidia,Information Technology,45,436,-0.08981606,208.759995,190.009995,4H当日前50,4H EMA 多头排列已连续维持；4H MACD 位于 Signal 上方；4H RSI 位于健康强势区间
2026-07-23,2026-07-29,Early,S&P 500,NTAP,NetApp,Information Technology,46,129,0.05217442,164.639999,173.229996,4H当日前50,4H MACD 零轴上方刚金叉；4H RSI 位于健康强势区间
2026-07-23,2026-07-29,Early,S&P 500,HPQ,HP Inc.,Information Technology,47,318,0.15929028,24.514999,28.420000,4H当日前50,4H MACD 位于 Signal 上方；4H RSI 位于健康强势区间
2026-07-23,2026-07-29,Early,S&P 500,FRT,Federal Realty Investment Trust,Real Estate,48,185,0.00853334,124.805000,125.870003,4H当日前50,4H MACD 位于 Signal 上方；4H RSI 位于健康强势区间
2026-07-23,2026-07-29,Early,S&P 500,HAS,Hasbro,Consumer Discretionary,49,183,0.08952490,87.349998,95.169998,4H当日前50,4H MACD 位于 Signal 上方；4H RSI 位于健康强势区间
2026-07-23,2026-07-29,Early,S&P 500,AWK,American Water Works,Utilities,50,97,0.02776327,134.350006,138.080002,4H当日前50,4H EMA 多头排列已连续维持；4H MACD 零轴上方刚金叉；4H MACD 柱体连续扩张；4H RSI 位于健康强势区间
2026-07-23,2026-07-29,Early,Nasdaq 200,XEL,Xcel Energy,Utilities,1,132,-0.02500925,80.769997,78.750000,4H当日前50,4H EMA9/26 最近金叉且价格在 EMA50 上方；4H MACD 刚金叉但仍需零轴确认；4H MACD 柱体连续扩张；4H RSI 位于健康强势区间
2026-07-23,2026-07-29,Early,Nasdaq 200,NDSN,Nordson Corporation,Industrials,2,45,0.00985965,292.100006,294.980011,4H当日前50,4H EMA9/26 最近金叉且价格在 EMA50 上方；4H MACD 位于 Signal 上方；4H MACD 柱体连续扩张；4H RSI 位于健康强势区间
2026-07-23,2026-07-29,Early,Nasdaq 200,EXC,Exelon,Utilities,3,33,-0.00528765,47.279999,47.029999,4H当日前50,4H EMA9/26 最近金叉且价格在 EMA50 上方；4H MACD 刚金叉但仍需零轴确认；4H MACD 柱体连续扩张；4H RSI 位于健康强势区间
2026-07-23,2026-07-29,Early,Nasdaq 200,WWD,"Woodward, Inc. - Common Stock",,4,151,-0.06437828,411.940002,385.420013,4H当日前50,4H EMA9/26 最近金叉且价格在 EMA50 上方；4H MACD 位于 Signal 上方；4H MACD 柱体连续扩张；4H RSI 位于健康强势区间
2026-07-23,2026-07-29,Early,Nasdaq 200,EXE,Expand Energy,Energy,5,20,0.00795809,91.730003,92.459999,4H当日前50,4H EMA9 已站上 EMA26，等待 26/50 确认；4H MACD 位于 Signal 上方；4H RSI 位于健康强势区间
2026-07-23,2026-07-29,Early,Nasdaq 200,ARGX,argenx SE - American Depositary Shares,,6,121,-0.04546829,924.599976,882.559998,4H当日前50,4H EMA9/26 最近金叉且价格在 EMA50 上方；4H MACD 刚金叉但仍需零轴确认；4H MACD 柱体连续扩张；4H RSI 位于健康强势区间
2026-07-23,2026-07-29,Early,Nasdaq 200,EVRG,Evergy,Utilities,7,138,-0.03058283,86.650002,84.000000,4H当日前50,4H EMA9/26 最近金叉且价格在 EMA50 上方；4H MACD 零轴上方刚金叉；4H MACD 柱体连续扩张；4H RSI 位于健康强势区间
2026-07-23,2026-07-29,Early,Nasdaq 200,AEP,American Electric Power,Utilities,8,153,-0.04091316,134.919998,129.399994,4H当日前50,4H MACD 刚金叉但仍需零轴确认；4H MACD 柱体连续扩张；4H RSI 位于健康强势区间
2026-07-23,2026-07-29,Early,Nasdaq 200,BNTX,BioNTech SE - American Depositary Shares,,9,1,0.00966760,92.059998,92.949997,4H当日前50,4H MACD 位于 Signal 上方；4H RSI 位于健康强势区间
2026-07-23,2026-07-29,Early,Nasdaq 200,CEG,Constellation Energy,Utilities,10,88,-0.06404207,275.600006,257.950012,4H当日前50,4H MACD 位于 Signal 上方；4H MACD 柱体连续扩张
2026-07-23,2026-07-29,Early,Nasdaq 200,ROST,Ross Stores,Consumer Discretionary,11,109,0.08421192,232.389999,251.960007,4H当日前50,4H MACD 位于 Signal 上方；4H RSI 位于健康强势区间
2026-07-23,2026-07-29,Early,Nasdaq 200,CASY,Casey's,Consumer Staples,12,77,-0.00924310,875.250000,867.159973,4H当日前50,4H EMA 多头排列已连续维持；4H MACD 位于 Signal 上方；4H RSI 位于健康强势区间
2026-07-23,2026-07-29,Early,Nasdaq 200,ULTA,Ulta Beauty,Consumer Discretionary,13,22,0.06304989,477.954987,508.089996,4H当日前50,4H RSI 位于健康强势区间
2026-07-23,2026-07-29,Early,Nasdaq 200,NVDA,Nvidia,Information Technology,14,159,-0.08981606,208.759995,190.009995,4H当日前50,4H EMA 多头排列已连续维持；4H MACD 位于 Signal 上方；4H RSI 位于健康强势区间
2026-07-23,2026-07-29,Early,Nasdaq 200,AMD,Advanced Micro Devices,Information Technology,15,199,-0.20406160,539.690002,429.559998,4H当日前50,4H EMA 多头排列已连续维持；4H MACD 位于 Signal 上方；4H RSI 位于健康强势区间
2026-07-23,2026-07-29,Early,Nasdaq 200,NTAP,NetApp,Information Technology,16,48,0.05217442,164.639999,173.229996,4H当日前50,4H MACD 零轴上方刚金叉；4H RSI 位于健康强势区间
2026-07-23,2026-07-29,Early,Nasdaq 200,STLD,Steel Dynamics,Materials,17,46,0.04892542,240.570007,252.339996,4H当日前50,4H EMA9 已站上 EMA26，等待 26/50 确认；4H MACD 位于 Signal 上方；4H RSI 位于健康强势区间
2026-07-23,2026-07-29,Early,Nasdaq 200,RPRX,Royalty Pharma plc - Class A Ordinary Shares,,18,38,0.00271095,59.020000,59.180000,4H当日前50,4H EMA 多头排列已连续维持；4H MACD 位于 Signal 上方；4H MACD 柱体连续扩张；4H RSI 位于健康强势区间
2026-07-23,2026-07-29,Early,Nasdaq 200,AVGO,Broadcom,Information Technology,19,133,-0.05643742,392.470001,370.320007,4H当日前50,4H EMA9 已站上 EMA26，等待 26/50 确认；4H MACD 位于 Signal 上方；4H RSI 位于健康强势区间
2026-07-23,2026-07-29,Early,Nasdaq 200,AMGN,Amgen,Health Care,20,76,0.04344553,371.500000,387.640015,4H当日前50,4H EMA 多头排列已连续维持；4H MACD 位于 Signal 上方；4H MACD 柱体连续扩张；4H RSI 位于健康强势区间
2026-07-23,2026-07-29,Early,Nasdaq 200,AVAV,"AeroVironment, Inc. - Common Stock",,21,145,-0.10464311,158.729996,142.119995,4H当日前50,4H EMA9/26 最近金叉且价格在 EMA50 上方；4H MACD 位于 Signal 上方；4H MACD 柱体连续扩张；4H RSI 位于健康强势区间
2026-07-23,2026-07-29,Early,Nasdaq 200,DPZ,Domino's,Consumer Discretionary,22,96,0.11368910,323.250000,360.000000,4H当日前50,4H RSI 位于健康强势区间
2026-07-23,2026-07-29,Early,Nasdaq 200,ESLT,Elbit Systems Ltd. - Ordinary Shares,,23,98,-0.04884987,808.599976,769.099976,4H当日前50,4H EMA9 已站上 EMA26，等待 26/50 确认；4H MACD 位于 Signal 上方；4H MACD 柱体连续扩张；4H RSI 位于健康强势区间
2026-07-23,2026-07-29,Early,Nasdaq 200,ILMN,"Illumina, Inc. - Common Stock",,24,67,-0.01036266,196.860001,194.820007,4H当日前50,4H EMA 多头排列已连续维持；4H MACD 零轴上方刚金叉；4H MACD 柱体连续扩张；4H RSI 位于健康强势区间
2026-07-23,2026-07-29,Early,Nasdaq 200,MDLZ,Mondelez International,Consumer Staples,25,86,0.08226476,60.049999,64.989998,4H当日前50,4H EMA9 已站上 EMA26，等待 26/50 确认；4H MACD 位于 Signal 上方；4H RSI 位于健康强势区间
2026-07-23,2026-07-29,Early,Nasdaq 200,MPWR,Monolithic Power Systems,Information Technology,26,155,-0.10620908,1397.150024,1248.760010,4H当日前50,4H EMA9 已站上 EMA26，等待 26/50 确认；4H MACD 位于 Signal 上方；4H RSI 位于健康强势区间
2026-07-23,2026-07-29,Early,Nasdaq 200,LOGI,Logitech International S.A. - Registered Shares,,27,127,0.00087460,102.900002,102.989998,4H当日前50,4H EMA9 已站上 EMA26，等待 26/50 确认；4H MACD 位于 Signal 上方；4H RSI 位于健康强势区间
2026-07-23,2026-07-29,Early,Nasdaq 200,LITE,Lumentum,Information Technology,28,189,-0.27744594,833.640015,602.349976,4H当日前50,4H EMA9 已站上 EMA26，等待 26/50 确认；4H MACD 位于 Signal 上方；4H RSI 位于健康强势区间
2026-07-23,2026-07-29,Early,Nasdaq 200,SMCI,Supermicro,Information Technology,29,152,-0.17628205,31.200001,25.700001,4H当日前50,4H EMA9/26 最近金叉且价格在 EMA50 上方；4H MACD 位于 Signal 上方；4H MACD 柱体连续扩张；4H RSI 位于健康强势区间
2026-07-23,2026-07-29,Early,Nasdaq 200,SSNC,"SS&C Technologies Holdings, Inc. - Common Stock",,30,104,0.16967889,66.949997,78.309998,4H当日前50,
2026-07-23,2026-07-29,Early,Nasdaq 200,RVMD,"Revolution Medicines, Inc. - Common Stock",,31,137,-0.04148345,188.750000,180.919998,4H当日前50,4H MACD 零轴上方刚金叉；4H MACD 柱体连续扩张；4H RSI 位于健康强势区间
2026-07-23,2026-07-29,Early,Nasdaq 200,RGLD,"Royal Gold, Inc. - Common Stock",,32,72,-0.02083752,199.639999,195.479996,4H当日前50,4H EMA9 已站上 EMA26，等待 26/50 确认；4H MACD 位于 Signal 上方；4H RSI 位于健康强势区间
2026-07-23,2026-07-29,Early,Nasdaq 200,STX,Seagate Technology,Information Technology,33,157,-0.16305728,913.359985,764.429993,4H当日前50,4H EMA9/26 最近金叉且价格在 EMA50 上方；4H MACD 位于 Signal 上方；4H RSI 位于健康强势区间
2026-07-23,2026-07-29,Early,Nasdaq 200,HON,Honeywell Technologies,Industrials,34,50,-0.02091204,246.270004,241.119995,4H当日前50,4H MACD 位于 Signal 上方；4H MACD 柱体连续扩张
2026-07-23,2026-07-29,Early,Nasdaq 200,ROIV,Roivant Sciences Ltd. - Common Shares,,35,158,-0.06353274,35.099998,32.869999,4H当日前50,4H EMA 多头排列已连续维持；4H MACD 柱体连续扩张；4H RSI 位于健康强势区间
2026-07-23,2026-07-29,Early,Nasdaq 200,JD,"JD.com, Inc. - American Depositary Shares",,36,112,0.07012300,30.090000,32.200001,4H当日前50,4H RSI 位于健康强势区间
2026-07-23,2026-07-29,Early,Nasdaq 200,MU,Micron Technology,Information Technology,37,183,-0.25369368,990.210022,739.000000,4H当日前50,4H EMA9/26 最近金叉且价格在 EMA50 上方；4H MACD 位于 Signal 上方；4H MACD 柱体连续扩张；4H RSI 位于健康强势区间
2026-07-23,2026-07-29,Early,Nasdaq 200,TSEM,Tower Semiconductor Ltd. - Ordinary Shares,,38,185,-0.27870368,260.420013,187.839996,4H当日前50,4H EMA9 已站上 EMA26，等待 26/50 确认；4H MACD 位于 Signal 上方；4H MACD 柱体连续扩张；4H RSI 位于健康强势区间
2026-07-23,2026-07-29,Early,Nasdaq 200,MDGL,"Madrigal Pharmaceuticals, Inc. - Common Stock",,39,63,0.00649679,543.349976,546.880005,4H当日前50,4H MACD 柱体连续扩张；4H RSI 位于健康强势区间
2026-07-23,2026-07-29,Early,Nasdaq 200,PCAR,Paccar,Industrials,40,78,0.02386229,130.750000,133.869995,4H当日前50,4H EMA 多头排列已连续维持；4H MACD 位于 Signal 上方；4H RSI 位于健康强势区间
2026-07-23,2026-07-29,Early,Nasdaq 200,MSFT,Microsoft,Information Technology,41,69,0.02348137,381.579987,390.540009,4H当日前50,
2026-07-23,2026-07-29,Early,Nasdaq 200,NBIS,Nebius Group N.V. - Class A Ordinary Shares,,42,194,-0.32923021,220.970001,148.220001,4H当日前50,4H EMA9/26 最近金叉且价格在 EMA50 上方；4H MACD 位于 Signal 上方；4H RSI 位于健康强势区间
2026-07-23,2026-07-29,Early,Nasdaq 200,BBIO,"BridgeBio Pharma, Inc. - Common Stock",,43,93,0.00735561,82.930000,83.540001,4H当日前50,4H EMA 多头排列已连续维持；4H MACD 柱体连续扩张；4H RSI 位于健康强势区间
2026-07-23,2026-07-29,Early,Nasdaq 200,ROP,Roper Technologies,Information Technology,44,99,0.14910456,355.119995,408.070007,4H当日前50,4H MACD 柱体连续扩张；4H RSI 位于健康强势区间
2026-07-23,2026-07-29,Early,Nasdaq 200,SNY,Sanofi - American Depositary Shares,,45,8,0.03436340,43.360001,44.849998,4H当日前50,
2026-07-23,2026-07-29,Early,Nasdaq 200,GILD,Gilead Sciences,Health Care,46,10,0.01429004,130.860001,132.729996,4H当日前50,4H RSI 位于健康强势区间
2026-07-23,2026-07-29,Early,Nasdaq 200,JBHT,J.B. Hunt,Industrials,47,128,-0.04571994,289.369995,276.140015,4H当日前50,4H RSI 位于健康强势区间
2026-07-23,2026-07-29,Early,Nasdaq 200,TER,Teradyne,Information Technology,48,162,-0.14539129,373.750000,319.410004,4H当日前50,4H EMA9/26 最近金叉且价格在 EMA50 上方；4H MACD 位于 Signal 上方；4H RSI 位于健康强势区间
2026-07-23,2026-07-29,Early,Nasdaq 200,NBIX,"Neurocrine Biosciences, Inc. - Common Stock",,49,32,0.03812805,174.149994,180.789993,4H当日前50,4H RSI 位于健康强势区间
2026-07-23,2026-07-29,Early,Nasdaq 200,FANG,Diamondback Energy,Energy,50,80,-0.03095041,205.490005,199.130005,4H当日前50,4H EMA 多头排列已连续维持；4H MACD 位于 Signal 上方
2026-07-23,2026-07-29,Early,Nasdaq Liquid 500,XEL,Xcel Energy,Utilities,1,294,-0.02500925,80.769997,78.750000,4H当日前50,4H EMA9/26 最近金叉且价格在 EMA50 上方；4H MACD 刚金叉但仍需零轴确认；4H MACD 柱体连续扩张；4H RSI 位于健康强势区间
2026-07-23,2026-07-29,Early,Nasdaq Liquid 500,NDSN,Nordson Corporation,Industrials,2,69,0.00985965,292.100006,294.980011,4H当日前50,4H EMA9/26 最近金叉且价格在 EMA50 上方；4H MACD 位于 Signal 上方；4H MACD 柱体连续扩张；4H RSI 位于健康强势区间
2026-07-23,2026-07-29,Early,Nasdaq Liquid 500,EXC,Exelon,Utilities,3,62,-0.00528765,47.279999,47.029999,4H当日前50,4H EMA9/26 最近金叉且价格在 EMA50 上方；4H MACD 刚金叉但仍需零轴确认；4H MACD 柱体连续扩张；4H RSI 位于健康强势区间
2026-07-23,2026-07-29,Early,Nasdaq Liquid 500,WWD,"Woodward, Inc. - Common Stock",,4,337,-0.06437828,411.940002,385.420013,4H当日前50,4H EMA9/26 最近金叉且价格在 EMA50 上方；4H MACD 位于 Signal 上方；4H MACD 柱体连续扩张；4H RSI 位于健康强势区间
2026-07-23,2026-07-29,Early,Nasdaq Liquid 500,PTEN,PATTERSON UTI ENERGY INC,Energy,5,285,-0.09767892,10.340000,9.330000,4H当日前50,4H EMA9 已站上 EMA26，等待 26/50 确认；4H MACD 位于 Signal 上方；4H RSI 位于健康强势区间
2026-07-23,2026-07-29,Early,Nasdaq Liquid 500,EXE,Expand Energy,Energy,6,33,0.00795809,91.730003,92.459999,4H当日前50,4H EMA9 已站上 EMA26，等待 26/50 确认；4H MACD 位于 Signal 上方；4H RSI 位于健康强势区间
2026-07-23,2026-07-29,Early,Nasdaq Liquid 500,COIN,Coinbase,Financials,7,3,-0.00663941,161.160004,160.089996,4H当日前50,4H EMA9 已站上 EMA26，等待 26/50 确认
2026-07-23,2026-07-29,Early,Nasdaq Liquid 500,ARGX,argenx SE - American Depositary Shares,,8,267,-0.04546829,924.599976,882.559998,4H当日前50,4H EMA9/26 最近金叉且价格在 EMA50 上方；4H MACD 刚金叉但仍需零轴确认；4H MACD 柱体连续扩张；4H RSI 位于健康强势区间
2026-07-23,2026-07-29,Early,Nasdaq Liquid 500,EVRG,Evergy,Utilities,9,312,-0.03058283,86.650002,84.000000,4H当日前50,4H EMA9/26 最近金叉且价格在 EMA50 上方；4H MACD 零轴上方刚金叉；4H MACD 柱体连续扩张；4H RSI 位于健康强势区间
2026-07-23,2026-07-29,Early,Nasdaq Liquid 500,ASML,ASML Holding N.V. - New York Registry Shares,,10,405,-0.13993902,1803.000000,1550.689941,4H当日前50,4H EMA9/26 最近金叉且价格在 EMA50 上方；4H MACD 位于 Signal 上方；4H RSI 位于健康强势区间
2026-07-23,2026-07-29,Early,Nasdaq Liquid 500,AEP,American Electric Power,Utilities,11,341,-0.04091316,134.919998,129.399994,4H当日前50,4H MACD 刚金叉但仍需零轴确认；4H MACD 柱体连续扩张；4H RSI 位于健康强势区间
2026-07-23,2026-07-29,Early,Nasdaq Liquid 500,INDV,INDIVIOR PHARMACEUTICALS INC,Health Care,12,246,-0.01012096,40.509998,40.099998,4H当日前50,4H EMA9/26 最近金叉且价格在 EMA50 上方；4H MACD 柱体连续扩张；4H RSI 位于健康强势区间
2026-07-23,2026-07-29,Early,Nasdaq Liquid 500,FCNCA,"First Citizens BancShares, Inc. - Class A Common Stock",,13,74,-0.01847464,2212.770020,2171.889893,4H当日前50,4H EMA9/26 最近金叉且价格在 EMA50 上方；4H MACD 零轴上方刚金叉；4H MACD 柱体连续扩张；4H RSI 位于健康强势区间
2026-07-23,2026-07-29,Early,Nasdaq Liquid 500,BNTX,BioNTech SE - American Depositary Shares,,14,1,0.00966760,92.059998,92.949997,4H当日前50,4H MACD 位于 Signal 上方；4H RSI 位于健康强势区间
2026-07-23,2026-07-29,Early,Nasdaq Liquid 500,CEG,Constellation Energy,Utilities,15,177,-0.06404207,275.600006,257.950012,4H当日前50,4H MACD 位于 Signal 上方；4H MACD 柱体连续扩张
2026-07-23,2026-07-29,Early,Nasdaq Liquid 500,MAT,"Mattel, Inc. - Common Stock",,16,76,0.07935393,14.240000,15.370000,4H当日前50,4H MACD 位于 Signal 上方；4H RSI 位于健康强势区间
2026-07-23,2026-07-29,Early,Nasdaq Liquid 500,APA,APA Corporation,Energy,17,68,0.00768817,36.419998,36.700001,4H当日前50,4H MACD 位于 Signal 上方；4H RSI 位于健康强势区间
2026-07-23,2026-07-29,Early,Nasdaq Liquid 500,AVT,"Avnet, Inc. - Common Stock",,18,289,-0.07039593,89.919998,83.589996,4H当日前50,4H EMA 多头排列已连续维持；4H MACD 位于 Signal 上方；4H RSI 位于健康强势区间
2026-07-23,2026-07-29,Early,Nasdaq Liquid 500,CASY,Casey's,Consumer Staples,19,160,-0.00924310,875.250000,867.159973,4H当日前50,4H EMA 多头排列已连续维持；4H MACD 位于 Signal 上方；4H RSI 位于健康强势区间
2026-07-23,2026-07-29,Early,Nasdaq Liquid 500,LASR,NLIGHT INC,Information Technology,20,,-0.19082192,73.000000,59.070000,4H当日前50,4H EMA 多头排列已连续维持；4H MACD 位于 Signal 上方；4H RSI 位于健康强势区间
2026-07-23,2026-07-29,Early,Nasdaq Liquid 500,ULTA,Ulta Beauty,Consumer Discretionary,21,40,0.06304989,477.954987,508.089996,4H当日前50,4H RSI 位于健康强势区间
2026-07-23,2026-07-29,Early,Nasdaq Liquid 500,FIVE,"Five Below, Inc. - Common Stock",,22,28,0.04063388,201.309998,209.490005,4H当日前50,4H MACD 位于 Signal 上方；4H RSI 位于健康强势区间
2026-07-23,2026-07-29,Early,Nasdaq Liquid 500,ROST,Ross Stores,Consumer Discretionary,23,232,0.08421192,232.389999,251.960007,4H当日前50,4H MACD 位于 Signal 上方；4H RSI 位于健康强势区间
2026-07-23,2026-07-29,Early,Nasdaq Liquid 500,HAS,Hasbro,Consumer Discretionary,24,111,0.08952490,87.349998,95.169998,4H当日前50,4H MACD 位于 Signal 上方；4H RSI 位于健康强势区间
2026-07-23,2026-07-29,Early,Nasdaq Liquid 500,NVDA,Nvidia,Information Technology,25,355,-0.08981606,208.759995,190.009995,4H当日前50,4H EMA 多头排列已连续维持；4H MACD 位于 Signal 上方；4H RSI 位于健康强势区间
2026-07-23,2026-07-29,Early,Nasdaq Liquid 500,AMD,Advanced Micro Devices,Information Technology,26,474,-0.20406160,539.690002,429.559998,4H当日前50,4H EMA 多头排列已连续维持；4H MACD 位于 Signal 上方；4H RSI 位于健康强势区间
2026-07-23,2026-07-29,Early,Nasdaq Liquid 500,ARWR,"Arrowhead Pharmaceuticals, Inc. - Common Stock",,28,75,-0.00645308,86.779999,86.220001,4H当日前50,4H MACD 位于 Signal 上方；4H RSI 位于健康强势区间
2026-07-23,2026-07-29,Early,Nasdaq Liquid 500,BELFB,BEL FUSE INC CLASS B,Information Technology,29,361,-0.15210555,285.920013,242.429993,4H当日前50,4H EMA9/26 最近金叉且价格在 EMA50 上方；4H MACD 位于 Signal 上方；4H MACD 柱体连续扩张；4H RSI 位于健康强势区间
2026-07-23,2026-07-29,Early,Nasdaq Liquid 500,NTAP,NetApp,Information Technology,30,90,0.05217442,164.639999,173.229996,4H当日前50,4H MACD 零轴上方刚金叉；4H RSI 位于健康强势区间
2026-07-23,2026-07-29,Early,Nasdaq Liquid 500,RPRX,Royalty Pharma plc - Class A Ordinary Shares,,31,77,0.00271095,59.020000,59.180000,4H当日前50,4H EMA 多头排列已连续维持；4H MACD 位于 Signal 上方；4H MACD 柱体连续扩张；4H RSI 位于健康强势区间
2026-07-23,2026-07-29,Early,Nasdaq Liquid 500,AXSM,"Axsome Therapeutics, Inc. - Common Stock",,32,343,-0.05841925,241.529999,227.419998,4H当日前50,4H EMA9/26 最近金叉且价格在 EMA50 上方；4H MACD 位于 Signal 上方；4H MACD 柱体连续扩张；4H RSI 位于健康强势区间
2026-07-23,2026-07-29,Early,Nasdaq Liquid 500,STLD,Steel Dynamics,Materials,33,92,0.04892542,240.570007,252.339996,4H当日前50,4H EMA9 已站上 EMA26，等待 26/50 确认；4H MACD 位于 Signal 上方；4H RSI 位于健康强势区间
2026-07-23,2026-07-29,Early,Nasdaq Liquid 500,LSCC,Lattice Semiconductor Corporation - Common Stock,,34,428,-0.18221968,138.130005,112.959999,4H当日前50,4H EMA9/26 最近金叉且价格在 EMA50 上方；4H MACD 位于 Signal 上方；4H RSI 位于健康强势区间
2026-07-23,2026-07-29,Early,Nasdaq Liquid 500,COGT,COGENT BIOSCIENCES INC,Health Care,35,230,-0.01665015,40.240002,39.570000,4H当日前50,4H EMA 多头排列已连续维持；4H MACD 零轴上方刚金叉；4H MACD 柱体连续扩张；4H RSI 位于健康强势区间
2026-07-23,2026-07-29,Early,Nasdaq Liquid 500,AVGO,Broadcom,Information Technology,36,298,-0.05643742,392.470001,370.320007,4H当日前50,4H EMA9 已站上 EMA26，等待 26/50 确认；4H MACD 位于 Signal 上方；4H RSI 位于健康强势区间
2026-07-23,2026-07-29,Early,Nasdaq Liquid 500,JAZZ,Jazz Pharmaceuticals plc - Ordinary Shares,,37,72,0.00431595,254.869995,255.970001,4H当日前50,4H EMA 多头排列已连续维持；4H MACD 位于 Signal 上方；4H MACD 柱体连续扩张；4H RSI 位于健康强势区间
2026-07-23,2026-07-29,Early,Nasdaq Liquid 500,PRAX,PRAXIS PRECISION MEDICINES INC,Health Care,38,357,-0.09730148,322.399994,291.029999,4H当日前50,4H MACD 刚金叉但仍需零轴确认；4H MACD 柱体连续扩张；4H RSI 位于健康强势区间
2026-07-23,2026-07-29,Early,Nasdaq Liquid 500,AMGN,Amgen,Health Care,39,158,0.04344553,371.500000,387.640015,4H当日前50,4H EMA 多头排列已连续维持；4H MACD 位于 Signal 上方；4H MACD 柱体连续扩张；4H RSI 位于健康强势区间
2026-07-23,2026-07-29,Early,Nasdaq Liquid 500,LCID,LUCID GROUP INC,Consumer Discretionary,40,59,0.23410853,6.450000,7.960000,4H当日前50,4H RSI 位于健康强势区间
2026-07-23,2026-07-29,Early,Nasdaq Liquid 500,IOVA,IOVANCE BIOTHERAPEUTICS INC,Health Care,41,385,-0.11111111,5.130000,4.560000,4H当日前50,4H EMA 多头排列已连续维持；4H MACD 位于 Signal 上方；4H RSI 位于健康强势区间
2026-07-23,2026-07-29,Early,Nasdaq Liquid 500,ICHR,ICHOR HOLDINGS LTD,Information Technology,42,,-0.33790681,94.019997,62.250000,4H当日前50,4H EMA 多头排列已连续维持；4H MACD 位于 Signal 上方；4H RSI 位于健康强势区间
2026-07-23,2026-07-29,Early,Nasdaq Liquid 500,IESC,"IES Holdings, Inc. - Common Stock",,43,469,-0.25234294,663.700012,496.220001,4H当日前50,4H EMA9/26 最近金叉且价格在 EMA50 上方；4H MACD 位于 Signal 上方；4H RSI 位于健康强势区间
2026-07-23,2026-07-29,Early,Nasdaq Liquid 500,TVTX,TRAVERE THERAPEUTICS INC,Health Care,44,271,-0.01976004,56.680000,55.560001,4H当日前50,4H MACD 柱体连续扩张；4H RSI 位于健康强势区间
2026-07-23,2026-07-29,Early,Nasdaq Liquid 500,DPZ,Domino's,Consumer Discretionary,45,193,0.11368910,323.250000,360.000000,4H当日前50,4H RSI 位于健康强势区间
2026-07-23,2026-07-29,Early,Nasdaq Liquid 500,AVAV,"AeroVironment, Inc. - Common Stock",,46,321,-0.10464311,158.729996,142.119995,4H当日前50,4H EMA9/26 最近金叉且价格在 EMA50 上方；4H MACD 位于 Signal 上方；4H MACD 柱体连续扩张；4H RSI 位于健康强势区间
2026-07-23,2026-07-29,Early,Nasdaq Liquid 500,ESLT,Elbit Systems Ltd. - Ordinary Shares,,47,206,-0.04884987,808.599976,769.099976,4H当日前50,4H EMA9 已站上 EMA26，等待 26/50 确认；4H MACD 位于 Signal 上方；4H MACD 柱体连续扩张；4H RSI 位于健康强势区间
2026-07-23,2026-07-29,Early,Nasdaq Liquid 500,VSAT,VIASAT INC,Information Technology,48,334,-0.05493463,74.269997,70.190002,4H当日前50,4H EMA 多头排列已连续维持；4H MACD 位于 Signal 上方；4H RSI 位于健康强势区间
2026-07-23,2026-07-29,Early,Nasdaq Liquid 500,ILMN,"Illumina, Inc. - Common Stock",,49,138,-0.01036266,196.860001,194.820007,4H当日前50,4H EMA 多头排列已连续维持；4H MACD 零轴上方刚金叉；4H MACD 柱体连续扩张；4H RSI 位于健康强势区间
2026-07-23,2026-07-29,Early,Nasdaq Liquid 500,GLPI,"Gaming and Leisure Properties, Inc. - Common Stock",,50,22,0.03579469,44.419998,46.009998,4H当日前50,4H EMA9 已站上 EMA26，等待 26/50 确认；4H MACD 位于 Signal 上方；4H RSI 位于健康强势区间
2026-07-23,2026-07-29,Early,Russell,HE,HAWAIIAN ELECTRIC INDUSTRIES INC,Utilities,1,1357,-0.03362897,13.530000,13.075000,4H当日前50,4H EMA9/26 最近金叉且价格在 EMA50 上方；4H MACD 零轴上方刚金叉；4H MACD 柱体连续扩张；4H RSI 位于健康强势区间
2026-07-23,2026-07-29,Early,Russell,UVV,UNIVERSAL CORP,Consumer Staples,2,187,0.04060334,52.705002,54.845001,4H当日前50,4H EMA9 已站上 EMA26，等待 26/50 确认；4H MACD 位于 Signal 上方；4H RSI 位于健康强势区间
2026-07-23,2026-07-29,Early,Russell,ECVT,ECOVYST INC,Materials,3,1185,-0.06669252,12.895000,12.035000,4H当日前50,4H EMA9 已站上 EMA26，等待 26/50 确认；4H MACD 位于 Signal 上方；4H RSI 位于健康强势区间
2026-07-23,2026-07-29,Early,Russell,NKTR,NEKTAR THERAPEUTICS,Health Care,4,445,0.01903113,69.360001,70.680000,4H当日前50,4H EMA9/26 最近金叉且价格在 EMA50 上方；4H MACD 零轴上方刚金叉；4H MACD 柱体连续扩张；4H RSI 位于健康强势区间
2026-07-23,2026-07-29,Early,Russell,CMRE,COSTAMARE INC,Industrials,5,335,-0.02044728,15.650000,15.330000,4H当日前50,4H EMA9 已站上 EMA26，等待 26/50 确认；4H MACD 位于 Signal 上方；4H MACD 柱体连续扩张；4H RSI 位于健康强势区间
2026-07-23,2026-07-29,Early,Russell,INR,INFINITY NATURAL RESOURCES INC CLA,Energy,6,1313,-0.06997743,13.290000,12.360000,4H当日前50,4H EMA9 已站上 EMA26，等待 26/50 确认；4H MACD 位于 Signal 上方；4H RSI 位于健康强势区间
2026-07-23,2026-07-29,Early,Russell,TEX,TEREX CORP,Industrials,7,1288,-0.05622088,68.480003,64.629997,4H当日前50,4H EMA9/26 最近金叉且价格在 EMA50 上方；4H MACD 位于 Signal 上方；4H MACD 柱体连续扩张；4H RSI 位于健康强势区间
2026-07-23,2026-07-29,Early,Russell,INVX,INNOVEX INTERNATIONAL INC,Energy,8,664,-0.03541312,26.684999,25.740000,4H当日前50,4H EMA9 已站上 EMA26，等待 26/50 确认；4H MACD 位于 Signal 上方；4H RSI 位于健康强势区间
2026-07-23,2026-07-29,Early,Russell,CNX,CNX RESOURCES CORP,Energy,9,64,0.00841803,34.450001,34.740002,4H当日前50,4H EMA9 已站上 EMA26，等待 26/50 确认；4H MACD 位于 Signal 上方；4H RSI 位于健康强势区间
2026-07-23,2026-07-29,Early,Russell,NE,NOBLE CORPORATION PLC,Energy,10,1349,-0.04871266,43.110001,41.009998,4H当日前50,4H EMA9 已站上 EMA26，等待 26/50 确认；4H MACD 位于 Signal 上方；4H RSI 位于健康强势区间
2026-07-23,2026-07-29,Early,Russell,NVGS,NAVIGATOR HOLDINGS LTD,Energy,11,119,0.01083199,21.695000,21.930000,4H当日前50,4H EMA9 已站上 EMA26，等待 26/50 确认；4H MACD 位于 Signal 上方；4H RSI 位于健康强势区间
2026-07-23,2026-07-29,Early,Russell,WHD,CACTUS INC CLASS A,Energy,12,1333,-0.05471295,55.380001,52.349998,4H当日前50,4H EMA9 已站上 EMA26，等待 26/50 确认；4H MACD 位于 Signal 上方；4H RSI 位于健康强势区间
2026-07-23,2026-07-29,Early,Russell,PTEN,PATTERSON UTI ENERGY INC,Energy,13,1168,-0.09767892,10.340000,9.330000,4H当日前50,4H EMA9 已站上 EMA26，等待 26/50 确认；4H MACD 位于 Signal 上方；4H RSI 位于健康强势区间
2026-07-23,2026-07-29,Early,Russell,CRBP,CORBUS PHARMACEUTICALS HOLDINGS IN,Health Care,14,588,-0.04291845,9.320000,8.920000,4H当日前50,4H EMA9/26 最近金叉且价格在 EMA50 上方；4H MACD 零轴上方刚金叉；4H MACD 柱体连续扩张；4H RSI 位于健康强势区间
2026-07-23,2026-07-29,Early,Russell,CTOS,CUSTOM TRUCK ONE SOURCE INC,Industrials,15,1903,-0.10661765,10.880000,9.720000,4H当日前50,4H EMA9/26 最近金叉且价格在 EMA50 上方；4H MACD 位于 Signal 上方；4H MACD 柱体连续扩张；4H RSI 位于健康强势区间
2026-07-23,2026-07-29,Early,Russell,MATV,MATIV HOLDINGS INC,Materials,16,152,0.10553083,7.865000,8.695000,4H当日前50,4H EMA9 已站上 EMA26，等待 26/50 确认；4H RSI 位于健康强势区间
2026-07-23,2026-07-29,Early,Russell,PHAT,PHATHOM PHARMACEUTICALS INC,Health Care,17,408,0.00344828,11.600000,11.640000,4H当日前50,4H EMA 多头排列已连续维持；4H MACD 零轴上方刚金叉；4H MACD 柱体连续扩张；4H RSI 位于健康强势区间
2026-07-23,2026-07-29,Early,Russell,SGP,SPYGLASS PHARMA INC SHS,Health Care,18,44,0.04932955,20.879999,21.910000,4H当日前50,4H EMA 多头排列已连续维持；4H MACD 零轴上方刚金叉；4H MACD 柱体连续扩张；4H RSI 位于健康强势区间
2026-07-23,2026-07-29,Early,Russell,OGS,ONE GAS INC,Utilities,19,101,-0.00306129,80.029999,79.785004,4H当日前50,4H EMA 多头排列已连续维持；4H MACD 零轴上方刚金叉；4H MACD 柱体连续扩张；4H RSI 位于健康强势区间
2026-07-23,2026-07-29,Early,Russell,SPOK,SPOK HOLDINGS INC,Communication,20,60,0.04281637,10.510000,10.960000,4H当日前50,4H EMA9 已站上 EMA26，等待 26/50 确认
2026-07-23,2026-07-29,Early,Russell,GATX,GATX CORP,Industrials,21,802,-0.00915627,183.589996,181.908997,4H当日前50,4H EMA 多头排列已连续维持；4H MACD 零轴上方刚金叉；4H MACD 柱体连续扩张；4H RSI 位于健康强势区间
2026-07-23,2026-07-29,Early,Russell,NLOP,NET LEASE OFFICE PROPERTIES,Real Estate,22,76,0.00941781,11.680000,11.790000,4H当日前50,4H EMA9 已站上 EMA26，等待 26/50 确认；4H RSI 位于健康强势区间
2026-07-23,2026-07-29,Early,Russell,ULH,UNIVERSAL LOGISTICS HOLDINGS INC,Industrials,23,716,-0.10787879,16.500000,14.720000,4H当日前50,4H EMA9 已站上 EMA26，等待 26/50 确认；4H MACD 位于 Signal 上方；4H MACD 柱体连续扩张；4H RSI 位于健康强势区间
2026-07-23,2026-07-29,Early,Russell,HUN,HUNTSMAN CORP,Materials,24,1291,-0.06601563,12.800000,11.955000,4H当日前50,4H EMA9 已站上 EMA26，等待 26/50 确认；4H MACD 位于 Signal 上方；4H RSI 位于健康强势区间
2026-07-23,2026-07-29,Early,Russell,MGRC,MCGRATH RENT,Industrials,25,1039,-0.01647612,118.959999,117.000000,4H当日前50,4H EMA9/26 最近金叉且价格在 EMA50 上方；4H MACD 零轴上方刚金叉；4H MACD 柱体连续扩张；4H RSI 位于健康强势区间
2026-07-23,2026-07-29,Early,Russell,ALG,ALAMO GROUP INC,Industrials,26,1342,-0.04910755,165.065994,156.960007,4H当日前50,4H EMA9/26 最近金叉且价格在 EMA50 上方；4H MACD 刚金叉但仍需零轴确认；4H MACD 柱体连续扩张；4H RSI 位于健康强势区间
2026-07-23,2026-07-29,Early,Russell,SR,SPIRE INC,Utilities,27,597,-0.01780310,82.570000,81.099998,4H当日前50,4H EMA 多头排列已连续维持；4H MACD 零轴上方刚金叉；4H MACD 柱体连续扩张；4H RSI 位于健康强势区间
2026-07-23,2026-07-29,Early,Russell,TCBX,THIRD COAST BANCSHARES INC,Financials,28,700,0.04613574,42.375000,44.330002,4H当日前50,4H EMA9/26 最近金叉且价格在 EMA50 上方；4H MACD 零轴上方刚金叉；4H MACD 柱体连续扩张；4H RSI 位于健康强势区间
2026-07-23,2026-07-29,Early,Russell,CIX,COMPX INTERNATIONAL INC CLASS A,Industrials,29,472,0.10055545,26.105000,28.730000,4H当日前50,4H EMA9/26 最近金叉且价格在 EMA50 上方；4H MACD 位于 Signal 上方；4H RSI 位于健康强势区间
2026-07-23,2026-07-29,Early,Russell,IMAX,IMAX CORP,Communication,30,918,0.10765033,43.985001,48.720001,4H当日前50,4H EMA9/26 最近金叉且价格在 EMA50 上方；4H MACD 位于 Signal 上方；4H MACD 柱体连续扩张
2026-07-23,2026-07-29,Early,Russell,LXU,LSB INDUSTRIES INC,Materials,31,724,-0.06260229,12.220000,11.455000,4H当日前50,4H EMA9 已站上 EMA26，等待 26/50 确认；4H MACD 位于 Signal 上方；4H MACD 柱体连续扩张
2026-07-23,2026-07-29,Early,Russell,AROC,ARCHROCK INC,Energy,32,1578,-0.08441902,38.380001,35.139999,4H当日前50,4H EMA9/26 最近金叉且价格在 EMA50 上方；4H MACD 位于 Signal 上方；4H RSI 位于健康强势区间
2026-07-23,2026-07-29,Early,Russell,GPI,GROUP AUTOMOTIVE INC,Consumer Discretionary,33,637,0.09153165,327.100006,357.040009,4H当日前50,4H EMA 多头排列已连续维持；4H MACD 位于 Signal 上方；4H RSI 位于健康强势区间
2026-07-23,2026-07-29,Early,Russell,TXNM,TXNM ENERGY INC,Utilities,34,514,-0.01054709,58.310001,57.695000,4H当日前50,4H EMA 多头排列已连续维持；4H MACD 位于 Signal 上方
2026-07-23,2026-07-29,Early,Russell,ATMU,ATMUS FILTRATION TECHNOLOGIES INC,Industrials,35,628,-0.04954787,53.080002,50.450001,4H当日前50,4H EMA 多头排列已连续维持；4H MACD 位于 Signal 上方；4H MACD 柱体连续扩张；4H RSI 位于健康强势区间
2026-07-23,2026-07-29,Early,Russell,GWRS,GLOBAL WATER RESOURCES INC,Utilities,36,45,0.04615385,7.150000,7.480000,4H当日前50,4H MACD 位于 Signal 上方；4H RSI 位于健康强势区间
2026-07-23,2026-07-29,Early,Russell,OEC,ORION SA,Materials,37,90,0.04005827,6.865000,7.140000,4H当日前50,4H MACD 位于 Signal 上方；4H RSI 位于健康强势区间
2026-07-23,2026-07-29,Early,Russell,FCCO,FIRST COMMUNITY CORP,Financials,38,281,0.05430828,32.959999,34.750000,4H当日前50,4H EMA9/26 最近金叉且价格在 EMA50 上方；4H MACD 柱体连续扩张；4H RSI 位于健康强势区间
2026-07-23,2026-07-29,Early,Russell,PANL,PANGAEA LOGISTICS SOLUTIONS LTD,Industrials,39,275,-0.03014417,7.630000,7.400000,4H当日前50,4H MACD 位于 Signal 上方；4H RSI 位于健康强势区间
2026-07-23,2026-07-29,Early,Russell,KAI,KADANT INC,Industrials,40,584,-0.01530809,307.679993,302.970001,4H当日前50,4H MACD 位于 Signal 上方；4H RSI 位于健康强势区间
2026-07-23,2026-07-29,Early,Russell,INDV,INDIVIOR PHARMACEUTICALS INC,Health Care,41,931,-0.01012096,40.509998,40.099998,4H当日前50,4H EMA9/26 最近金叉且价格在 EMA50 上方；4H MACD 柱体连续扩张；4H RSI 位于健康强势区间
2026-07-23,2026-07-29,Early,Russell,TNK,TEEKAY TANKERS LTD CLASS A,Energy,42,548,0.03116325,75.730003,78.089996,4H当日前50,4H EMA 多头排列已连续维持；4H MACD 位于 Signal 上方；4H RSI 位于健康强势区间
2026-07-23,2026-07-29,Early,Russell,CPS,COOPER STANDARD HOLDINGS INC,Consumer Discretionary,43,190,-0.00632810,29.235001,29.049999,4H当日前50,4H MACD 位于 Signal 上方；4H MACD 柱体连续扩张；4H RSI 位于健康强势区间
2026-07-23,2026-07-29,Early,Russell,RNGR,RANGER ENERGY SERVICES INC CLASS A,Energy,44,1195,-0.05519177,16.035000,15.150000,4H当日前50,4H MACD 位于 Signal 上方；4H RSI 位于健康强势区间
2026-07-23,2026-07-29,Early,Russell,TWI,TITAN INTERNATIONAL INC,Industrials,45,988,-0.02726696,7.885000,7.670000,4H当日前50,4H EMA 多头排列已连续维持；4H MACD 位于 Signal 上方；4H RSI 位于健康强势区间
2026-07-23,2026-07-29,Early,Russell,AURA,AURA BIOSCIENCES INC,Health Care,46,995,-0.02638889,7.200000,7.010000,4H当日前50,4H EMA 多头排列已连续维持；4H MACD 零轴上方刚金叉；4H MACD 柱体连续扩张；4H RSI 位于健康强势区间
2026-07-23,2026-07-29,Early,Russell,KGEI,KOLIBRI GLOBAL ENERGY INC,Energy,47,680,-0.04629630,5.400000,5.150000,4H当日前50,4H EMA 多头排列已连续维持；4H MACD 位于 Signal 上方；4H MACD 柱体连续扩张；4H RSI 位于健康强势区间
2026-07-23,2026-07-29,Early,Russell,HLX,HELIX ENERGY SOLUTIONS GROUP INC,Energy,48,789,-0.06346749,9.690000,9.075000,4H当日前50,4H EMA 多头排列已连续维持；4H MACD 位于 Signal 上方；4H RSI 位于健康强势区间
2026-07-23,2026-07-29,Early,Russell,NVCR,NOVOCURE LTD,Health Care,49,1128,-0.23961981,19.990000,15.200000,4H当日前50,4H EMA9/26 最近金叉且价格在 EMA50 上方；4H MACD 零轴上方刚金叉；4H MACD 柱体连续扩张
2026-07-23,2026-07-29,Early,Russell,UFPI,UFP INDUSTRIES INC,Industrials,50,208,0.01781254,86.175003,87.709999,4H当日前50,4H MACD 位于 Signal 上方；4H RSI 位于健康强势区间
2026-07-23,2026-07-29,Prism,S&P 500,AVGO,Broadcom,Information Technology,1,382,-0.05643742,392.470001,370.320007,4H当日前50,4H EMA9 已站上 EMA26，等待 26/50 确认；4H MACD 位于 Signal 上方；4H RSI 位于健康强势区间
2026-07-23,2026-07-29,Prism,S&P 500,EVRG,Evergy,Utilities,2,416,-0.03058283,86.650002,84.000000,4H当日前50,4H EMA9/26 最近金叉且价格在 EMA50 上方；4H MACD 零轴上方刚金叉；4H MACD 柱体连续扩张；4H RSI 位于健康强势区间
2026-07-23,2026-07-29,Prism,S&P 500,ETR,Entergy,Utilities,3,467,-0.06873327,115.809998,107.849998,4H当日前50,4H EMA9/26 最近金叉且价格在 EMA50 上方；4H MACD 刚金叉但仍需零轴确认；4H MACD 柱体连续扩张；4H RSI 位于健康强势区间
2026-07-23,2026-07-29,Prism,S&P 500,EXC,Exelon,Utilities,4,180,-0.00528765,47.279999,47.029999,4H当日前50,4H EMA9/26 最近金叉且价格在 EMA50 上方；4H MACD 刚金叉但仍需零轴确认；4H MACD 柱体连续扩张；4H RSI 位于健康强势区间
2026-07-23,2026-07-29,Prism,S&P 500,SO,Southern Company,Utilities,5,207,-0.00544719,96.599998,96.073799,4H当日前50,4H EMA9/26 最近金叉且价格在 EMA50 上方；4H MACD 刚金叉但仍需零轴确认；4H MACD 柱体连续扩张；4H RSI 位于健康强势区间
2026-07-23,2026-07-29,Prism,S&P 500,RVTY,Revvity,Health Care,6,46,0.00194382,113.180000,113.400002,4H当日前50,4H EMA9/26 最近金叉且价格在 EMA50 上方；4H MACD 零轴上方刚金叉；4H MACD 柱体连续扩张；4H RSI 位于健康强势区间
2026-07-23,2026-07-29,Prism,S&P 500,LHX,L3Harris,Industrials,7,127,-0.00597546,299.559998,297.769989,4H当日前50,4H EMA9/26 最近金叉且价格在 EMA50 上方；4H MACD 刚金叉但仍需零轴确认；4H MACD 柱体连续扩张；4H RSI 位于健康强势区间
2026-07-23,2026-07-29,Prism,S&P 500,JNJ,Johnson & Johnson,Health Care,8,65,0.02478406,259.239990,265.665009,4H当日前50,4H EMA9/26 最近金叉且价格在 EMA50 上方；4H MACD 零轴上方刚金叉；4H MACD 柱体连续扩张；4H RSI 位于健康强势区间
2026-07-23,2026-07-29,Prism,S&P 500,WAT,Waters Corporation,Health Care,9,63,-0.00805360,382.440002,379.359985,4H当日前50,4H EMA9/26 最近金叉且价格在 EMA50 上方；4H MACD 刚金叉但仍需零轴确认；4H MACD 柱体连续扩张；4H RSI 位于健康强势区间
2026-07-23,2026-07-29,Prism,S&P 500,CNP,CenterPoint Energy,Utilities,10,413,-0.02850029,44.209999,42.950001,4H当日前50,4H EMA9/26 最近金叉且价格在 EMA50 上方；4H MACD 刚金叉但仍需零轴确认；4H MACD 柱体连续扩张；4H RSI 位于健康强势区间
2026-07-23,2026-07-29,Prism,S&P 500,PFE,Pfizer,Health Care,11,67,0.00660128,24.995001,25.160000,4H当日前50,4H EMA9 已站上 EMA26，等待 26/50 确认；4H MACD 位于 Signal 上方；4H RSI 位于健康强势区间
2026-07-23,2026-07-29,Prism,S&P 500,DE,Deere & Company,Industrials,12,232,0.00109751,610.460022,611.130005,4H当日前50,4H EMA9/26 最近金叉且价格在 EMA50 上方；4H MACD 位于 Signal 上方；4H MACD 柱体连续扩张；4H RSI 位于健康强势区间
2026-07-23,2026-07-29,Prism,S&P 500,NRG,NRG Energy,Utilities,13,463,-0.13159546,143.089996,124.260002,4H当日前50,4H EMA9/26 最近金叉且价格在 EMA50 上方；4H MACD 刚金叉但仍需零轴确认；4H MACD 柱体连续扩张；4H RSI 位于健康强势区间
2026-07-23,2026-07-29,Prism,S&P 500,WMB,Williams Companies,Energy,14,450,-0.06771215,75.245003,70.150002,4H当日前50,4H EMA9/26 最近金叉且价格在 EMA50 上方；4H MACD 刚金叉但仍需零轴确认；4H MACD 柱体连续扩张；4H RSI 位于健康强势区间
2026-07-23,2026-07-29,Prism,S&P 500,ETN,Eaton Corporation,Industrials,15,471,-0.12828234,415.100006,361.850006,4H当日前50,4H EMA9/26 最近金叉且价格在 EMA50 上方；4H MACD 位于 Signal 上方；4H MACD 柱体连续扩张；4H RSI 位于健康强势区间
2026-07-23,2026-07-29,Prism,S&P 500,EMR,Emerson Electric,Industrials,16,181,0.00648860,144.869995,145.809998,4H当日前50,4H EMA9/26 最近金叉且价格在 EMA50 上方；4H MACD 位于 Signal 上方；4H MACD 柱体连续扩张；4H RSI 位于健康强势区间
2026-07-23,2026-07-29,Prism,S&P 500,NDSN,Nordson Corporation,Industrials,17,249,0.00985965,292.100006,294.980011,4H当日前50,4H EMA9/26 最近金叉且价格在 EMA50 上方；4H MACD 位于 Signal 上方；4H MACD 柱体连续扩张；4H RSI 位于健康强势区间
2026-07-23,2026-07-29,Prism,S&P 500,JCI,Johnson Controls,Industrials,18,363,-0.02658756,143.300003,139.490005,4H当日前50,4H EMA9/26 最近金叉且价格在 EMA50 上方；4H MACD 位于 Signal 上方；4H MACD 柱体连续扩张；4H RSI 位于健康强势区间
2026-07-23,2026-07-29,Prism,S&P 500,DOW,Dow Inc.,Materials,19,305,-0.01359663,30.889999,30.469999,4H当日前50,4H EMA9 已站上 EMA26，等待 26/50 确认；4H MACD 位于 Signal 上方；4H RSI 位于健康强势区间
2026-07-23,2026-07-29,Prism,S&P 500,IP,International Paper,Materials,20,224,0.12562690,37.889999,42.650002,4H当日前50,4H EMA9/26 最近金叉且价格在 EMA50 上方；4H MACD 刚金叉但仍需零轴确认；4H MACD 柱体连续扩张；4H RSI 位于健康强势区间
2026-07-23,2026-07-29,Prism,S&P 500,CME,CME Group,Financials,21,185,0.04372442,254.320007,265.440002,4H当日前50,4H EMA9 已站上 EMA26，等待 26/50 确认；4H MACD 位于 Signal 上方；4H MACD 柱体连续扩张；4H RSI 位于健康强势区间
2026-07-23,2026-07-29,Prism,S&P 500,URI,United Rentals,Industrials,22,395,-0.07401495,1140.040039,1055.660034,4H当日前50,4H EMA9/26 最近金叉且价格在 EMA50 上方；4H MACD 刚金叉但仍需零轴确认；4H MACD 柱体连续扩张；4H RSI 位于健康强势区间
2026-07-23,2026-07-29,Prism,S&P 500,XEL,Xcel Energy,Utilities,23,419,-0.02500925,80.769997,78.750000,4H当日前50,4H EMA9/26 最近金叉且价格在 EMA50 上方；4H MACD 刚金叉但仍需零轴确认；4H MACD 柱体连续扩张；4H RSI 位于健康强势区间
2026-07-23,2026-07-29,Prism,S&P 500,PPL,PPL Corporation,Utilities,24,348,-0.01489658,36.250000,35.709999,4H当日前50,4H EMA9/26 最近金叉且价格在 EMA50 上方；4H MACD 刚金叉但仍需零轴确认；4H MACD 柱体连续扩张；4H RSI 位于健康强势区间
2026-07-23,2026-07-29,Prism,S&P 500,FIX,Comfort Systems USA,Industrials,25,482,-0.17000892,1828.609985,1517.729980,4H当日前50,4H EMA9/26 最近金叉且价格在 EMA50 上方；4H MACD 位于 Signal 上方；4H MACD 柱体连续扩张；4H RSI 位于健康强势区间
2026-07-23,2026-07-29,Prism,S&P 500,PKG,Packaging Corporation of America,Materials,26,188,0.06556749,234.110001,249.460007,4H当日前50,4H EMA9/26 最近金叉且价格在 EMA50 上方；4H MACD 位于 Signal 上方；4H MACD 柱体连续扩张；4H RSI 位于健康强势区间
2026-07-23,2026-07-29,Prism,S&P 500,STLD,Steel Dynamics,Materials,27,210,0.04892542,240.570007,252.339996,4H当日前50,4H EMA9 已站上 EMA26，等待 26/50 确认；4H MACD 位于 Signal 上方；4H RSI 位于健康强势区间
2026-07-23,2026-07-29,Prism,S&P 500,LDOS,Leidos,Industrials,28,280,0.03689601,110.309998,114.379997,4H当日前50,4H EMA9/26 最近金叉且价格在 EMA50 上方；4H MACD 刚金叉但仍需零轴确认；4H MACD 柱体连续扩张；4H RSI 位于健康强势区间
2026-07-23,2026-07-29,Prism,S&P 500,MDLZ,Mondelez International,Consumer Staples,29,195,0.08226476,60.049999,64.989998,4H当日前50,4H EMA9 已站上 EMA26，等待 26/50 确认；4H MACD 位于 Signal 上方；4H RSI 位于健康强势区间
2026-07-23,2026-07-29,Prism,S&P 500,FDX,FedEx,Industrials,30,417,-0.02198708,315.640015,308.700012,4H当日前50,4H EMA9 已站上 EMA26，等待 26/50 确认；4H MACD 位于 Signal 上方；4H RSI 位于健康强势区间
2026-07-23,2026-07-29,Prism,S&P 500,FCX,Freeport-McMoRan,Materials,31,406,-0.05510076,63.520000,60.020000,4H当日前50,4H EMA9 已站上 EMA26，等待 26/50 确认；4H MACD 位于 Signal 上方；4H RSI 位于健康强势区间
2026-07-23,2026-07-29,Prism,S&P 500,MPWR,Monolithic Power Systems,Information Technology,32,430,-0.10620908,1397.150024,1248.760010,4H当日前50,4H EMA9 已站上 EMA26，等待 26/50 确认；4H MACD 位于 Signal 上方；4H RSI 位于健康强势区间
2026-07-23,2026-07-29,Prism,S&P 500,EQT,EQT Corporation,Energy,33,8,-0.01507773,53.389999,52.584999,4H当日前50,4H EMA9/26 最近金叉且价格在 EMA50 上方；4H MACD 位于 Signal 上方；4H RSI 位于健康强势区间
2026-07-23,2026-07-29,Prism,S&P 500,EXE,Expand Energy,Energy,34,167,0.00795809,91.730003,92.459999,4H当日前50,4H EMA9 已站上 EMA26，等待 26/50 确认；4H MACD 位于 Signal 上方；4H RSI 位于健康强势区间
2026-07-23,2026-07-29,Prism,S&P 500,COIN,Coinbase,Financials,35,1,-0.00663941,161.160004,160.089996,4H当日前50,4H EMA9 已站上 EMA26，等待 26/50 确认
2026-07-23,2026-07-29,Prism,S&P 500,NUE,Nucor,Materials,36,228,0.06156713,241.199997,256.049988,4H当日前50,4H EMA9 已站上 EMA26，等待 26/50 确认；4H MACD 位于 Signal 上方；4H MACD 柱体连续扩张；4H RSI 位于健康强势区间
2026-07-23,2026-07-29,Prism,S&P 500,IQV,IQVIA,Health Care,37,319,0.19481142,207.380005,247.779999,4H当日前50,4H EMA9/26 最近金叉且价格在 EMA50 上方；4H MACD 柱体连续扩张；4H RSI 位于健康强势区间
2026-07-23,2026-07-29,Prism,S&P 500,DD,DuPont,Materials,38,31,0.00509470,137.399994,138.100006,4H当日前50,4H EMA9 已站上 EMA26，等待 26/50 确认；4H MACD 位于 Signal 上方；4H RSI 位于健康强势区间
2026-07-23,2026-07-29,Prism,S&P 500,CRL,Charles River Laboratories,Health Care,39,57,0.02376383,229.339996,234.789993,4H当日前50,4H EMA9/26 最近金叉且价格在 EMA50 上方；4H MACD 柱体连续扩张；4H RSI 位于健康强势区间
2026-07-23,2026-07-29,Prism,S&P 500,INTU,Intuit,Information Technology,40,245,0.18328422,281.529999,333.130005,4H当日前50,4H EMA9 已站上 EMA26，等待 26/50 确认
2026-07-23,2026-07-29,Prism,S&P 500,LYB,LyondellBasell,Materials,41,97,-0.01976984,61.709999,60.490002,4H当日前50,4H EMA9 已站上 EMA26，等待 26/50 确认；4H MACD 位于 Signal 上方；4H RSI 位于健康强势区间
2026-07-23,2026-07-29,Prism,S&P 500,FE,FirstEnergy,Utilities,42,215,-0.00687079,49.485001,49.145000,4H当日前50,4H EMA 多头排列已连续维持；4H MACD 零轴上方刚金叉；4H MACD 柱体连续扩张；4H RSI 位于健康强势区间
2026-07-23,2026-07-29,Prism,S&P 500,FDXF,FedEx Freight,Industrials,43,410,-0.06730405,154.820007,144.399994,4H当日前50,4H EMA9/26 最近金叉且价格在 EMA50 上方；4H MACD 位于 Signal 上方；4H MACD 柱体连续扩张；4H RSI 位于健康强势区间
2026-07-23,2026-07-29,Prism,S&P 500,AWK,American Water Works,Utilities,44,72,0.02776327,134.350006,138.080002,4H当日前50,4H EMA 多头排列已连续维持；4H MACD 零轴上方刚金叉；4H MACD 柱体连续扩张；4H RSI 位于健康强势区间
2026-07-23,2026-07-29,Prism,S&P 500,KMI,Kinder Morgan,Energy,45,345,-0.02687847,32.740002,31.860001,4H当日前50,4H EMA 多头排列已连续维持；4H MACD 位于 Signal 上方；4H MACD 柱体连续扩张；4H RSI 位于健康强势区间
2026-07-23,2026-07-29,Prism,S&P 500,ARES,Ares Management,Financials,46,255,0.02825677,121.209999,124.635002,4H当日前50,4H EMA9 已站上 EMA26，等待 26/50 确认；4H MACD 柱体连续扩张；4H RSI 位于健康强势区间
2026-07-23,2026-07-29,Prism,S&P 500,VLTO,Veralto,Industrials,47,261,0.07939277,91.570000,98.839996,4H当日前50,4H EMA9/26 最近金叉且价格在 EMA50 上方；4H RSI 位于健康强势区间
2026-07-23,2026-07-29,Prism,S&P 500,MU,Micron Technology,Information Technology,48,492,-0.25369368,990.210022,739.000000,4H当日前50,4H EMA9/26 最近金叉且价格在 EMA50 上方；4H MACD 位于 Signal 上方；4H MACD 柱体连续扩张；4H RSI 位于健康强势区间
2026-07-23,2026-07-29,Prism,S&P 500,A,Agilent Technologies,Health Care,49,62,0.00404280,139.755005,140.320007,4H当日前50,4H EMA 多头排列已连续维持；4H MACD 零轴上方刚金叉；4H MACD 柱体连续扩张；4H RSI 位于健康强势区间
2026-07-23,2026-07-29,Prism,S&P 500,ANET,Arista Networks,Information Technology,50,459,-0.10610092,176.529999,157.800003,4H当日前50,4H EMA 多头排列已连续维持；4H MACD 零轴上方刚金叉；4H MACD 柱体连续扩张；4H RSI 位于健康强势区间
2026-07-23,2026-07-29,Prism,Nasdaq 200,EVRG,Evergy,Utilities,1,140,-0.03058283,86.650002,84.000000,4H当日前50,4H EMA9/26 最近金叉且价格在 EMA50 上方；4H MACD 零轴上方刚金叉；4H MACD 柱体连续扩张；4H RSI 位于健康强势区间
2026-07-23,2026-07-29,Prism,Nasdaq 200,AVGO,Broadcom,Information Technology,2,117,-0.05643742,392.470001,370.320007,4H当日前50,4H EMA9 已站上 EMA26，等待 26/50 确认；4H MACD 位于 Signal 上方；4H RSI 位于健康强势区间
2026-07-23,2026-07-29,Prism,Nasdaq 200,EXC,Exelon,Utilities,3,40,-0.00528765,47.279999,47.029999,4H当日前50,4H EMA9/26 最近金叉且价格在 EMA50 上方；4H MACD 刚金叉但仍需零轴确认；4H MACD 柱体连续扩张；4H RSI 位于健康强势区间
2026-07-23,2026-07-29,Prism,Nasdaq 200,NDSN,Nordson Corporation,Industrials,4,59,0.00985965,292.100006,294.980011,4H当日前50,4H EMA9/26 最近金叉且价格在 EMA50 上方；4H MACD 位于 Signal 上方；4H MACD 柱体连续扩张；4H RSI 位于健康强势区间
2026-07-23,2026-07-29,Prism,Nasdaq 200,XEL,Xcel Energy,Utilities,5,143,-0.02500925,80.769997,78.750000,4H当日前50,4H EMA9/26 最近金叉且价格在 EMA50 上方；4H MACD 刚金叉但仍需零轴确认；4H MACD 柱体连续扩张；4H RSI 位于健康强势区间
2026-07-23,2026-07-29,Prism,Nasdaq 200,MDLZ,Mondelez International,Consumer Staples,6,72,0.08226476,60.049999,64.989998,4H当日前50,4H EMA9 已站上 EMA26，等待 26/50 确认；4H MACD 位于 Signal 上方；4H RSI 位于健康强势区间
2026-07-23,2026-07-29,Prism,Nasdaq 200,MPWR,Monolithic Power Systems,Information Technology,7,156,-0.10620908,1397.150024,1248.760010,4H当日前50,4H EMA9 已站上 EMA26，等待 26/50 确认；4H MACD 位于 Signal 上方；4H RSI 位于健康强势区间
2026-07-23,2026-07-29,Prism,Nasdaq 200,AVAV,"AeroVironment, Inc. - Common Stock",,8,145,-0.10464311,158.729996,142.119995,4H当日前50,4H EMA9/26 最近金叉且价格在 EMA50 上方；4H MACD 位于 Signal 上方；4H MACD 柱体连续扩张；4H RSI 位于健康强势区间
2026-07-23,2026-07-29,Prism,Nasdaq 200,STLD,Steel Dynamics,Materials,9,56,0.04892542,240.570007,252.339996,4H当日前50,4H EMA9 已站上 EMA26，等待 26/50 确认；4H MACD 位于 Signal 上方；4H RSI 位于健康强势区间
2026-07-23,2026-07-29,Prism,Nasdaq 200,EXE,Expand Energy,Energy,10,45,0.00795809,91.730003,92.459999,4H当日前50,4H EMA9 已站上 EMA26，等待 26/50 确认；4H MACD 位于 Signal 上方；4H RSI 位于健康强势区间
2026-07-23,2026-07-29,Prism,Nasdaq 200,LOGI,Logitech International S.A. - Registered Shares,,11,126,0.00087460,102.900002,102.989998,4H当日前50,4H EMA9 已站上 EMA26，等待 26/50 确认；4H MACD 位于 Signal 上方；4H RSI 位于健康强势区间
2026-07-23,2026-07-29,Prism,Nasdaq 200,RGLD,"Royal Gold, Inc. - Common Stock",,12,21,-0.02083752,199.639999,195.479996,4H当日前50,4H EMA9 已站上 EMA26，等待 26/50 确认；4H MACD 位于 Signal 上方；4H RSI 位于健康强势区间
2026-07-23,2026-07-29,Prism,Nasdaq 200,SMCI,Supermicro,Information Technology,13,154,-0.17628205,31.200001,25.700001,4H当日前50,4H EMA9/26 最近金叉且价格在 EMA50 上方；4H MACD 位于 Signal 上方；4H MACD 柱体连续扩张；4H RSI 位于健康强势区间
2026-07-23,2026-07-29,Prism,Nasdaq 200,WWD,"Woodward, Inc. - Common Stock",,14,159,-0.06437828,411.940002,385.420013,4H当日前50,4H EMA9/26 最近金叉且价格在 EMA50 上方；4H MACD 位于 Signal 上方；4H MACD 柱体连续扩张；4H RSI 位于健康强势区间
2026-07-23,2026-07-29,Prism,Nasdaq 200,MU,Micron Technology,Information Technology,15,188,-0.25369368,990.210022,739.000000,4H当日前50,4H EMA9/26 最近金叉且价格在 EMA50 上方；4H MACD 位于 Signal 上方；4H MACD 柱体连续扩张；4H RSI 位于健康强势区间
2026-07-23,2026-07-29,Prism,Nasdaq 200,ESLT,Elbit Systems Ltd. - Ordinary Shares,,16,142,-0.04884987,808.599976,769.099976,4H当日前50,4H EMA9 已站上 EMA26，等待 26/50 确认；4H MACD 位于 Signal 上方；4H MACD 柱体连续扩张；4H RSI 位于健康强势区间
2026-07-23,2026-07-29,Prism,Nasdaq 200,INTU,Intuit,Information Technology,17,91,0.18328422,281.529999,333.130005,4H当日前50,4H EMA9 已站上 EMA26，等待 26/50 确认
2026-07-23,2026-07-29,Prism,Nasdaq 200,ARGX,argenx SE - American Depositary Shares,,18,130,-0.04546829,924.599976,882.559998,4H当日前50,4H EMA9/26 最近金叉且价格在 EMA50 上方；4H MACD 刚金叉但仍需零轴确认；4H MACD 柱体连续扩张；4H RSI 位于健康强势区间
2026-07-23,2026-07-29,Prism,Nasdaq 200,LITE,Lumentum,Information Technology,19,195,-0.27744594,833.640015,602.349976,4H当日前50,4H EMA9 已站上 EMA26，等待 26/50 确认；4H MACD 位于 Signal 上方；4H RSI 位于健康强势区间
2026-07-23,2026-07-29,Prism,Nasdaq 200,AEP,American Electric Power,Utilities,20,148,-0.04091316,134.919998,129.399994,4H当日前50,4H MACD 刚金叉但仍需零轴确认；4H MACD 柱体连续扩张；4H RSI 位于健康强势区间
2026-07-23,2026-07-29,Prism,Nasdaq 200,NTAP,NetApp,Information Technology,21,49,0.05217442,164.639999,173.229996,4H当日前50,4H MACD 零轴上方刚金叉；4H RSI 位于健康强势区间
2026-07-23,2026-07-29,Prism,Nasdaq 200,CASY,Casey's,Consumer Staples,22,90,-0.00924310,875.250000,867.159973,4H当日前50,4H EMA 多头排列已连续维持；4H MACD 位于 Signal 上方；4H RSI 位于健康强势区间
2026-07-23,2026-07-29,Prism,Nasdaq 200,STX,Seagate Technology,Information Technology,23,158,-0.16305728,913.359985,764.429993,4H当日前50,4H EMA9/26 最近金叉且价格在 EMA50 上方；4H MACD 位于 Signal 上方；4H RSI 位于健康强势区间
2026-07-23,2026-07-29,Prism,Nasdaq 200,NVDA,Nvidia,Information Technology,24,150,-0.08981606,208.759995,190.009995,4H当日前50,4H EMA 多头排列已连续维持；4H MACD 位于 Signal 上方；4H RSI 位于健康强势区间
2026-07-23,2026-07-29,Prism,Nasdaq 200,TSEM,Tower Semiconductor Ltd. - Ordinary Shares,,25,186,-0.27870368,260.420013,187.839996,4H当日前50,4H EMA9 已站上 EMA26，等待 26/50 确认；4H MACD 位于 Signal 上方；4H MACD 柱体连续扩张；4H RSI 位于健康强势区间
2026-07-23,2026-07-29,Prism,Nasdaq 200,TER,Teradyne,Information Technology,26,162,-0.14539129,373.750000,319.410004,4H当日前50,4H EMA9/26 最近金叉且价格在 EMA50 上方；4H MACD 位于 Signal 上方；4H RSI 位于健康强势区间
2026-07-23,2026-07-29,Prism,Nasdaq 200,AMD,Advanced Micro Devices,Information Technology,27,179,-0.20406160,539.690002,429.559998,4H当日前50,4H EMA 多头排列已连续维持；4H MACD 位于 Signal 上方；4H RSI 位于健康强势区间
2026-07-23,2026-07-29,Prism,Nasdaq 200,TCOM,Trip.com Group Limited - American Depositary Shares,,28,104,0.06927011,43.020000,46.000000,4H当日前50,4H EMA9 已站上 EMA26，等待 26/50 确认；4H RSI 位于健康强势区间
2026-07-23,2026-07-29,Prism,Nasdaq 200,AMGN,Amgen,Health Care,29,60,0.04344553,371.500000,387.640015,4H当日前50,4H EMA 多头排列已连续维持；4H MACD 位于 Signal 上方；4H MACD 柱体连续扩张；4H RSI 位于健康强势区间
2026-07-23,2026-07-29,Prism,Nasdaq 200,FAST,Fastenal,Industrials,30,29,0.03531954,46.150002,47.779999,4H当日前50,4H MACD 刚金叉但仍需零轴确认；4H MACD 柱体连续扩张；4H RSI 位于健康强势区间
2026-07-23,2026-07-29,Prism,Nasdaq 200,ROST,Ross Stores,Consumer Discretionary,31,112,0.08421192,232.389999,251.960007,4H当日前50,4H MACD 位于 Signal 上方；4H RSI 位于健康强势区间
2026-07-23,2026-07-29,Prism,Nasdaq 200,CEG,Constellation Energy,Utilities,32,122,-0.06404207,275.600006,257.950012,4H当日前50,4H MACD 位于 Signal 上方；4H MACD 柱体连续扩张
2026-07-23,2026-07-29,Prism,Nasdaq 200,NBIS,Nebius Group N.V. - Class A Ordinary Shares,,33,202,-0.32923021,220.970001,148.220001,4H当日前50,4H EMA9/26 最近金叉且价格在 EMA50 上方；4H MACD 位于 Signal 上方；4H RSI 位于健康强势区间
2026-07-23,2026-07-29,Prism,Nasdaq 200,KTOS,"Kratos Defense & Security Solutions, Inc. - Common Stock",,34,160,-0.11245951,49.439999,43.880001,4H当日前50,4H MACD 位于 Signal 上方；4H MACD 柱体连续扩张；4H RSI 位于健康强势区间
2026-07-23,2026-07-29,Prism,Nasdaq 200,PCAR,Paccar,Industrials,35,50,0.02386229,130.750000,133.869995,4H当日前50,4H EMA 多头排列已连续维持；4H MACD 位于 Signal 上方；4H RSI 位于健康强势区间
2026-07-23,2026-07-29,Prism,Nasdaq 200,ILMN,"Illumina, Inc. - Common Stock",,36,93,-0.01036266,196.860001,194.820007,4H当日前50,4H EMA 多头排列已连续维持；4H MACD 零轴上方刚金叉；4H MACD 柱体连续扩张；4H RSI 位于健康强势区间
2026-07-23,2026-07-29,Prism,Nasdaq 200,FOX,Fox Corporation (Class B),Communication Services,37,96,0.07218381,49.180000,52.730000,4H当日前50,4H EMA9 已站上 EMA26，等待 26/50 确认
2026-07-23,2026-07-29,Prism,Nasdaq 200,BNTX,BioNTech SE - American Depositary Shares,,38,10,0.00966760,92.059998,92.949997,4H当日前50,4H MACD 位于 Signal 上方；4H RSI 位于健康强势区间
2026-07-23,2026-07-29,Prism,Nasdaq 200,FOXA,Fox Corporation (Class A),Communication Services,39,81,0.07006718,55.090000,58.950001,4H当日前50,4H EMA9 已站上 EMA26，等待 26/50 确认
2026-07-23,2026-07-29,Prism,Nasdaq 200,SMMT,Summit Therapeutics Inc.  - Common Stock,,40,161,-0.14552737,14.980000,12.800000,4H当日前50,4H MACD 刚金叉但仍需零轴确认；4H MACD 柱体连续扩张；4H RSI 位于健康强势区间
2026-07-23,2026-07-29,Prism,Nasdaq 200,RPRX,Royalty Pharma plc - Class A Ordinary Shares,,41,68,0.00271095,59.020000,59.180000,4H当日前50,4H EMA 多头排列已连续维持；4H MACD 位于 Signal 上方；4H MACD 柱体连续扩张；4H RSI 位于健康强势区间
2026-07-23,2026-07-29,Prism,Nasdaq 200,TSCO,Tractor Supply,Consumer Discretionary,42,44,0.02242744,30.320000,31.000000,4H当日前50,4H MACD 柱体连续扩张；4H RSI 位于健康强势区间
2026-07-23,2026-07-29,Prism,Nasdaq 200,RVMD,"Revolution Medicines, Inc. - Common Stock",,43,146,-0.04148345,188.750000,180.919998,4H当日前50,4H MACD 零轴上方刚金叉；4H MACD 柱体连续扩张；4H RSI 位于健康强势区间
2026-07-23,2026-07-29,Prism,Nasdaq 200,MDGL,"Madrigal Pharmaceuticals, Inc. - Common Stock",,44,64,0.00649679,543.349976,546.880005,4H当日前50,4H MACD 柱体连续扩张；4H RSI 位于健康强势区间
2026-07-23,2026-07-29,Prism,Nasdaq 200,FANG,Diamondback Energy,Energy,45,97,-0.03095041,205.490005,199.130005,4H当日前50,4H EMA 多头排列已连续维持；4H MACD 位于 Signal 上方
2026-07-23,2026-07-29,Prism,Nasdaq 200,AAPL,Apple Inc.,Information Technology,46,55,0.05138966,321.660004,338.190002,4H当日前50,4H RSI 位于健康强势区间
2026-07-23,2026-07-29,Prism,Nasdaq 200,ROIV,Roivant Sciences Ltd. - Common Shares,,47,169,-0.06353274,35.099998,32.869999,4H当日前50,4H EMA 多头排列已连续维持；4H MACD 柱体连续扩张；4H RSI 位于健康强势区间
2026-07-23,2026-07-29,Prism,Nasdaq 200,ULTA,Ulta Beauty,Consumer Discretionary,48,66,0.06304989,477.954987,508.089996,4H当日前50,4H RSI 位于健康强势区间
2026-07-23,2026-07-29,Prism,Nasdaq 200,TLN,Talen Energy Corporation - Common Stock,,49,184,-0.16631948,379.269989,316.190002,4H当日前50,4H MACD 刚金叉但仍需零轴确认；4H MACD 柱体连续扩张；4H RSI 位于健康强势区间
2026-07-23,2026-07-29,Prism,Nasdaq 200,INCY,Incyte,Health Care,50,67,0.08921069,116.690002,127.099998,4H当日前50,4H RSI 位于健康强势区间
2026-07-23,2026-07-29,Prism,Nasdaq Liquid 500,EVRG,Evergy,Utilities,1,318,-0.03058283,86.650002,84.000000,4H当日前50,4H EMA9/26 最近金叉且价格在 EMA50 上方；4H MACD 零轴上方刚金叉；4H MACD 柱体连续扩张；4H RSI 位于健康强势区间
2026-07-23,2026-07-29,Prism,Nasdaq Liquid 500,AVGO,Broadcom,Information Technology,2,251,-0.05643742,392.470001,370.320007,4H当日前50,4H EMA9 已站上 EMA26，等待 26/50 确认；4H MACD 位于 Signal 上方；4H RSI 位于健康强势区间
2026-07-23,2026-07-29,Prism,Nasdaq Liquid 500,EXC,Exelon,Utilities,3,85,-0.00528765,47.279999,47.029999,4H当日前50,4H EMA9/26 最近金叉且价格在 EMA50 上方；4H MACD 刚金叉但仍需零轴确认；4H MACD 柱体连续扩张；4H RSI 位于健康强势区间
2026-07-23,2026-07-29,Prism,Nasdaq Liquid 500,XEL,Xcel Energy,Utilities,4,302,-0.02500925,80.769997,78.750000,4H当日前50,4H EMA9/26 最近金叉且价格在 EMA50 上方；4H MACD 刚金叉但仍需零轴确认；4H MACD 柱体连续扩张；4H RSI 位于健康强势区间
2026-07-23,2026-07-29,Prism,Nasdaq Liquid 500,NDSN,Nordson Corporation,Industrials,5,107,0.00985965,292.100006,294.980011,4H当日前50,4H EMA9/26 最近金叉且价格在 EMA50 上方；4H MACD 位于 Signal 上方；4H MACD 柱体连续扩张；4H RSI 位于健康强势区间
2026-07-23,2026-07-29,Prism,Nasdaq Liquid 500,MDLZ,Mondelez International,Consumer Staples,6,150,0.08226476,60.049999,64.989998,4H当日前50,4H EMA9 已站上 EMA26，等待 26/50 确认；4H MACD 位于 Signal 上方；4H RSI 位于健康强势区间
2026-07-23,2026-07-29,Prism,Nasdaq Liquid 500,BELFB,BEL FUSE INC CLASS B,Information Technology,7,362,-0.15210555,285.920013,242.429993,4H当日前50,4H EMA9/26 最近金叉且价格在 EMA50 上方；4H MACD 位于 Signal 上方；4H MACD 柱体连续扩张；4H RSI 位于健康强势区间
2026-07-23,2026-07-29,Prism,Nasdaq Liquid 500,INDV,INDIVIOR PHARMACEUTICALS INC,Health Care,8,227,-0.01012096,40.509998,40.099998,4H当日前50,4H EMA9/26 最近金叉且价格在 EMA50 上方；4H MACD 柱体连续扩张；4H RSI 位于健康强势区间
2026-07-23,2026-07-29,Prism,Nasdaq Liquid 500,MPWR,Monolithic Power Systems,Information Technology,9,329,-0.10620908,1397.150024,1248.760010,4H当日前50,4H EMA9 已站上 EMA26，等待 26/50 确认；4H MACD 位于 Signal 上方；4H RSI 位于健康强势区间
2026-07-23,2026-07-29,Prism,Nasdaq Liquid 500,STLD,Steel Dynamics,Materials,10,131,0.04892542,240.570007,252.339996,4H当日前50,4H EMA9 已站上 EMA26，等待 26/50 确认；4H MACD 位于 Signal 上方；4H RSI 位于健康强势区间
2026-07-23,2026-07-29,Prism,Nasdaq Liquid 500,AXSM,"Axsome Therapeutics, Inc. - Common Stock",,11,344,-0.05841925,241.529999,227.419998,4H当日前50,4H EMA9/26 最近金叉且价格在 EMA50 上方；4H MACD 位于 Signal 上方；4H MACD 柱体连续扩张；4H RSI 位于健康强势区间
2026-07-23,2026-07-29,Prism,Nasdaq Liquid 500,AVAV,"AeroVironment, Inc. - Common Stock",,12,322,-0.10464311,158.729996,142.119995,4H当日前50,4H EMA9/26 最近金叉且价格在 EMA50 上方；4H MACD 位于 Signal 上方；4H MACD 柱体连续扩张；4H RSI 位于健康强势区间
2026-07-23,2026-07-29,Prism,Nasdaq Liquid 500,LSCC,Lattice Semiconductor Corporation - Common Stock,,13,426,-0.18221968,138.130005,112.959999,4H当日前50,4H EMA9/26 最近金叉且价格在 EMA50 上方；4H MACD 位于 Signal 上方；4H RSI 位于健康强势区间
2026-07-23,2026-07-29,Prism,Nasdaq Liquid 500,GLPI,"Gaming and Leisure Properties, Inc. - Common Stock",,14,129,0.03579469,44.419998,46.009998,4H当日前50,4H EMA9 已站上 EMA26，等待 26/50 确认；4H MACD 位于 Signal 上方；4H RSI 位于健康强势区间
2026-07-23,2026-07-29,Prism,Nasdaq Liquid 500,EXE,Expand Energy,Energy,15,90,0.00795809,91.730003,92.459999,4H当日前50,4H EMA9 已站上 EMA26，等待 26/50 确认；4H MACD 位于 Signal 上方；4H RSI 位于健康强势区间
2026-07-23,2026-07-29,Prism,Nasdaq Liquid 500,ASML,ASML Holding N.V. - New York Registry Shares,,16,409,-0.13993902,1803.000000,1550.689941,4H当日前50,4H EMA9/26 最近金叉且价格在 EMA50 上方；4H MACD 位于 Signal 上方；4H RSI 位于健康强势区间
2026-07-23,2026-07-29,Prism,Nasdaq Liquid 500,CME,CME Group,Financials,17,113,0.04372442,254.320007,265.440002,4H当日前50,4H EMA9 已站上 EMA26，等待 26/50 确认；4H MACD 位于 Signal 上方；4H MACD 柱体连续扩张；4H RSI 位于健康强势区间
2026-07-23,2026-07-29,Prism,Nasdaq Liquid 500,LOGI,Logitech International S.A. - Registered Shares,,18,269,0.00087460,102.900002,102.989998,4H当日前50,4H EMA9 已站上 EMA26，等待 26/50 确认；4H MACD 位于 Signal 上方；4H RSI 位于健康强势区间
2026-07-23,2026-07-29,Prism,Nasdaq Liquid 500,FUTU,Futu Holdings Limited - American Depositary Shares,,19,19,0.02950685,98.959999,101.879997,4H当日前50,4H EMA9 已站上 EMA26，等待 26/50 确认；4H MACD 位于 Signal 上方；4H RSI 位于健康强势区间
2026-07-23,2026-07-29,Prism,Nasdaq Liquid 500,WFRD,Weatherford International plc - Ordinary shares,,20,54,-0.03843458,85.599998,82.309998,4H当日前50,4H EMA9 已站上 EMA26，等待 26/50 确认；4H MACD 位于 Signal 上方；4H RSI 位于健康强势区间
2026-07-23,2026-07-29,Prism,Nasdaq Liquid 500,FCNCA,"First Citizens BancShares, Inc. - Class A Common Stock",,21,118,-0.01847464,2212.770020,2171.889893,4H当日前50,4H EMA9/26 最近金叉且价格在 EMA50 上方；4H MACD 零轴上方刚金叉；4H MACD 柱体连续扩张；4H RSI 位于健康强势区间
2026-07-23,2026-07-29,Prism,Nasdaq Liquid 500,ESLT,Elbit Systems Ltd. - Ordinary Shares,,22,317,-0.04884987,808.599976,769.099976,4H当日前50,4H EMA9 已站上 EMA26，等待 26/50 确认；4H MACD 位于 Signal 上方；4H MACD 柱体连续扩张；4H RSI 位于健康强势区间
2026-07-23,2026-07-29,Prism,Nasdaq Liquid 500,COIN,Coinbase,Financials,23,1,-0.00663941,161.160004,160.089996,4H当日前50,4H EMA9 已站上 EMA26，等待 26/50 确认
2026-07-23,2026-07-29,Prism,Nasdaq Liquid 500,LGND,LIGAND PHARMACEUTICALS INC,Health Care,24,324,-0.04679790,302.149994,288.010010,4H当日前50,4H EMA9/26 最近金叉且价格在 EMA50 上方；4H RSI 位于健康强势区间
2026-07-23,2026-07-29,Prism,Nasdaq Liquid 500,WWD,"Woodward, Inc. - Common Stock",,25,346,-0.06437828,411.940002,385.420013,4H当日前50,4H EMA9/26 最近金叉且价格在 EMA50 上方；4H MACD 位于 Signal 上方；4H MACD 柱体连续扩张；4H RSI 位于健康强势区间
2026-07-23,2026-07-29,Prism,Nasdaq Liquid 500,PTEN,PATTERSON UTI ENERGY INC,Energy,26,271,-0.09767892,10.340000,9.330000,4H当日前50,4H EMA9 已站上 EMA26，等待 26/50 确认；4H MACD 位于 Signal 上方；4H RSI 位于健康强势区间
2026-07-23,2026-07-29,Prism,Nasdaq Liquid 500,RGLD,"Royal Gold, Inc. - Common Stock",,27,31,-0.02083752,199.639999,195.479996,4H当日前50,4H EMA9 已站上 EMA26，等待 26/50 确认；4H MACD 位于 Signal 上方；4H RSI 位于健康强势区间
2026-07-23,2026-07-29,Prism,Nasdaq Liquid 500,SMCI,Supermicro,Information Technology,28,331,-0.17628205,31.200001,25.700001,4H当日前50,4H EMA9/26 最近金叉且价格在 EMA50 上方；4H MACD 位于 Signal 上方；4H MACD 柱体连续扩张；4H RSI 位于健康强势区间
2026-07-23,2026-07-29,Prism,Nasdaq Liquid 500,ONDS,ONDAS INC,Information Technology,29,356,-0.13916772,7.930000,6.826400,4H当日前50,4H EMA9 已站上 EMA26，等待 26/50 确认；4H MACD 位于 Signal 上方；4H RSI 位于健康强势区间
2026-07-23,2026-07-29,Prism,Nasdaq Liquid 500,IESC,"IES Holdings, Inc. - Common Stock",,30,444,-0.25234294,663.700012,496.220001,4H当日前50,4H EMA9/26 最近金叉且价格在 EMA50 上方；4H MACD 位于 Signal 上方；4H RSI 位于健康强势区间
2026-07-23,2026-07-29,Prism,Nasdaq Liquid 500,MU,Micron Technology,Information Technology,31,447,-0.25369368,990.210022,739.000000,4H当日前50,4H EMA9/26 最近金叉且价格在 EMA50 上方；4H MACD 位于 Signal 上方；4H MACD 柱体连续扩张；4H RSI 位于健康强势区间
2026-07-23,2026-07-29,Prism,Nasdaq Liquid 500,FCEL,FUELCELL ENERGY INC,Industrials,32,376,-0.22403430,23.299999,18.080000,4H当日前50,4H EMA9/26 最近金叉且价格在 EMA50 上方；4H MACD 位于 Signal 上方；4H MACD 柱体连续扩张；4H RSI 位于健康强势区间
2026-07-23,2026-07-29,Prism,Nasdaq Liquid 500,LITE,Lumentum,Information Technology,33,458,-0.27744594,833.640015,602.349976,4H当日前50,4H EMA9 已站上 EMA26，等待 26/50 确认；4H MACD 位于 Signal 上方；4H RSI 位于健康强势区间
2026-07-23,2026-07-29,Prism,Nasdaq Liquid 500,ARGX,argenx SE - American Depositary Shares,,34,282,-0.04546829,924.599976,882.559998,4H当日前50,4H EMA9/26 最近金叉且价格在 EMA50 上方；4H MACD 刚金叉但仍需零轴确认；4H MACD 柱体连续扩张；4H RSI 位于健康强势区间
2026-07-23,2026-07-29,Prism,Nasdaq Liquid 500,HUT,HUT CORP,Information Technology,35,370,-0.25061612,117.669998,88.180000,4H当日前50,4H EMA9 已站上 EMA26，等待 26/50 确认；4H MACD 位于 Signal 上方；4H MACD 柱体连续扩张；4H RSI 位于健康强势区间
2026-07-23,2026-07-29,Prism,Nasdaq Liquid 500,STX,Seagate Technology,Information Technology,36,349,-0.16305728,913.359985,764.429993,4H当日前50,4H EMA9/26 最近金叉且价格在 EMA50 上方；4H MACD 位于 Signal 上方；4H RSI 位于健康强势区间
2026-07-23,2026-07-29,Prism,Nasdaq Liquid 500,INTU,Intuit,Information Technology,37,165,0.18328422,281.529999,333.130005,4H当日前50,4H EMA9 已站上 EMA26，等待 26/50 确认
2026-07-23,2026-07-29,Prism,Nasdaq Liquid 500,TSEM,Tower Semiconductor Ltd. - Ordinary Shares,,38,436,-0.27870368,260.420013,187.839996,4H当日前50,4H EMA9 已站上 EMA26，等待 26/50 确认；4H MACD 位于 Signal 上方；4H MACD 柱体连续扩张；4H RSI 位于健康强势区间
2026-07-23,2026-07-29,Prism,Nasdaq Liquid 500,AEP,American Electric Power,Utilities,39,333,-0.04091316,134.919998,129.399994,4H当日前50,4H MACD 刚金叉但仍需零轴确认；4H MACD 柱体连续扩张；4H RSI 位于健康强势区间
2026-07-23,2026-07-29,Prism,Nasdaq Liquid 500,CBRS,Cerebras Systems Inc. - Class A Common Stock,,40,367,-0.23004546,220.000000,169.389999,4H当日前50,4H EMA9/26 最近金叉且价格在 EMA50 上方；4H MACD 位于 Signal 上方；4H MACD 柱体连续扩张；4H RSI 位于健康强势区间
2026-07-23,2026-07-29,Prism,Nasdaq Liquid 500,SANM,Sanmina Corporation - Common Stock,,41,437,-0.25032024,218.559998,163.850006,4H当日前50,4H EMA9 已站上 EMA26，等待 26/50 确认；4H MACD 位于 Signal 上方；4H RSI 位于健康强势区间
2026-07-23,2026-07-29,Prism,Nasdaq Liquid 500,CLSK,CLEANSPARK INC,Information Technology,42,368,-0.23062140,15.610000,12.010000,4H当日前50,4H EMA9 已站上 EMA26，等待 26/50 确认；4H MACD 位于 Signal 上方；4H RSI 位于健康强势区间
2026-07-23,2026-07-29,Prism,Nasdaq Liquid 500,NTAP,NetApp,Information Technology,43,62,0.05217442,164.639999,173.229996,4H当日前50,4H MACD 零轴上方刚金叉；4H RSI 位于健康强势区间
2026-07-23,2026-07-29,Prism,Nasdaq Liquid 500,NVDA,Nvidia,Information Technology,44,345,-0.08981606,208.759995,190.009995,4H当日前50,4H EMA 多头排列已连续维持；4H MACD 位于 Signal 上方；4H RSI 位于健康强势区间
2026-07-23,2026-07-29,Prism,Nasdaq Liquid 500,TER,Teradyne,Information Technology,45,365,-0.14539129,373.750000,319.410004,4H当日前50,4H EMA9/26 最近金叉且价格在 EMA50 上方；4H MACD 位于 Signal 上方；4H RSI 位于健康强势区间
2026-07-23,2026-07-29,Prism,Nasdaq Liquid 500,CAMT,Camtek Ltd. - Ordinary Shares,,46,424,-0.18184162,155.190002,126.970001,4H当日前50,4H EMA9 已站上 EMA26，等待 26/50 确认；4H MACD 位于 Signal 上方；4H RSI 位于健康强势区间
2026-07-23,2026-07-29,Prism,Nasdaq Liquid 500,TCOM,Trip.com Group Limited - American Depositary Shares,,47,216,0.06927011,43.020000,46.000000,4H当日前50,4H EMA9 已站上 EMA26，等待 26/50 确认；4H RSI 位于健康强势区间
2026-07-23,2026-07-29,Prism,Nasdaq Liquid 500,EQPT,EquipmentShare.com Inc - Class A Common Stock,,48,45,-0.07422686,19.400000,17.959999,4H当日前50,4H EMA9/26 最近金叉且价格在 EMA50 上方；4H MACD 位于 Signal 上方；4H MACD 柱体连续扩张；4H RSI 位于健康强势区间
2026-07-23,2026-07-29,Prism,Nasdaq Liquid 500,AMGN,Amgen,Health Care,49,93,0.04344553,371.500000,387.640015,4H当日前50,4H EMA 多头排列已连续维持；4H MACD 位于 Signal 上方；4H MACD 柱体连续扩张；4H RSI 位于健康强势区间
2026-07-23,2026-07-29,Prism,Nasdaq Liquid 500,CIFR,CIPHER DIGITAL INC,Information Technology,50,386,-0.31506588,25.820000,17.684999,4H当日前50,4H EMA9 已站上 EMA26，等待 26/50 确认；4H MACD 位于 Signal 上方；4H MACD 柱体连续扩张；4H RSI 位于健康强势区间
2026-07-23,2026-07-29,Prism,Russell,CRBP,CORBUS PHARMACEUTICALS HOLDINGS IN,Health Care,1,924,-0.04291845,9.320000,8.920000,4H当日前50,4H EMA9/26 最近金叉且价格在 EMA50 上方；4H MACD 零轴上方刚金叉；4H MACD 柱体连续扩张；4H RSI 位于健康强势区间
2026-07-23,2026-07-29,Prism,Russell,MGRC,MCGRATH RENT,Industrials,2,1018,-0.01647612,118.959999,117.000000,4H当日前50,4H EMA9/26 最近金叉且价格在 EMA50 上方；4H MACD 零轴上方刚金叉；4H MACD 柱体连续扩张；4H RSI 位于健康强势区间
2026-07-23,2026-07-29,Prism,Russell,HE,HAWAIIAN ELECTRIC INDUSTRIES INC,Utilities,3,1283,-0.03362897,13.530000,13.075000,4H当日前50,4H EMA9/26 最近金叉且价格在 EMA50 上方；4H MACD 零轴上方刚金叉；4H MACD 柱体连续扩张；4H RSI 位于健康强势区间
2026-07-23,2026-07-29,Prism,Russell,NKTR,NEKTAR THERAPEUTICS,Health Care,4,663,0.01903113,69.360001,70.680000,4H当日前50,4H EMA9/26 最近金叉且价格在 EMA50 上方；4H MACD 零轴上方刚金叉；4H MACD 柱体连续扩张；4H RSI 位于健康强势区间
2026-07-23,2026-07-29,Prism,Russell,ALG,ALAMO GROUP INC,Industrials,5,1416,-0.04910755,165.065994,156.960007,4H当日前50,4H EMA9/26 最近金叉且价格在 EMA50 上方；4H MACD 刚金叉但仍需零轴确认；4H MACD 柱体连续扩张；4H RSI 位于健康强势区间
2026-07-23,2026-07-29,Prism,Russell,UVV,UNIVERSAL CORP,Consumer Staples,6,167,0.04060334,52.705002,54.845001,4H当日前50,4H EMA9 已站上 EMA26，等待 26/50 确认；4H MACD 位于 Signal 上方；4H RSI 位于健康强势区间
2026-07-23,2026-07-29,Prism,Russell,CWCO,CONSOLIDATED WATER LTD,Utilities,7,47,0.00580205,29.299999,29.469999,4H当日前50,4H EMA9 已站上 EMA26，等待 26/50 确认；4H MACD 位于 Signal 上方；4H RSI 位于健康强势区间
2026-07-23,2026-07-29,Prism,Russell,CIX,COMPX INTERNATIONAL INC CLASS A,Industrials,8,706,0.10055545,26.105000,28.730000,4H当日前50,4H EMA9/26 最近金叉且价格在 EMA50 上方；4H MACD 位于 Signal 上方；4H RSI 位于健康强势区间
2026-07-23,2026-07-29,Prism,Russell,VAL,VALARIS LTD,Energy,9,1251,-0.06242105,79.139999,74.199997,4H当日前50,4H EMA9 已站上 EMA26，等待 26/50 确认；4H MACD 位于 Signal 上方；4H MACD 柱体连续扩张；4H RSI 位于健康强势区间
2026-07-23,2026-07-29,Prism,Russell,CRK,COMSTOCK RESOURCES INC,Energy,10,1325,-0.08120903,13.730000,12.615000,4H当日前50,4H EMA9/26 最近金叉且价格在 EMA50 上方；4H MACD 位于 Signal 上方；4H RSI 位于健康强势区间
2026-07-23,2026-07-29,Prism,Russell,ECVT,ECOVYST INC,Materials,11,1141,-0.06669252,12.895000,12.035000,4H当日前50,4H EMA9 已站上 EMA26，等待 26/50 确认；4H MACD 位于 Signal 上方；4H RSI 位于健康强势区间
2026-07-23,2026-07-29,Prism,Russell,INDV,INDIVIOR PHARMACEUTICALS INC,Health Care,12,763,-0.01012096,40.509998,40.099998,4H当日前50,4H EMA9/26 最近金叉且价格在 EMA50 上方；4H MACD 柱体连续扩张；4H RSI 位于健康强势区间
2026-07-23,2026-07-29,Prism,Russell,NEXT,NEXTDECADE CORP,Energy,13,1588,-0.20351759,7.960000,6.340000,4H当日前50,4H EMA9/26 最近金叉且价格在 EMA50 上方；4H MACD 刚金叉但仍需零轴确认；4H MACD 柱体连续扩张；4H RSI 位于健康强势区间
2026-07-23,2026-07-29,Prism,Russell,TEX,TEREX CORP,Industrials,14,1357,-0.05622088,68.480003,64.629997,4H当日前50,4H EMA9/26 最近金叉且价格在 EMA50 上方；4H MACD 位于 Signal 上方；4H MACD 柱体连续扩张；4H RSI 位于健康强势区间
2026-07-23,2026-07-29,Prism,Russell,SD,SANDRIDGE ENERGY INC,Energy,15,957,-0.03983081,14.185000,13.620000,4H当日前50,4H EMA9 已站上 EMA26，等待 26/50 确认；4H MACD 位于 Signal 上方；4H MACD 柱体连续扩张；4H RSI 位于健康强势区间
2026-07-23,2026-07-29,Prism,Russell,KALU,KAISER ALUMINIUM CORP,Materials,16,1482,-0.16146181,180.600006,151.440002,4H当日前50,4H EMA9/26 最近金叉且价格在 EMA50 上方；4H MACD 位于 Signal 上方；4H MACD 柱体连续扩张；4H RSI 位于健康强势区间
2026-07-23,2026-07-29,Prism,Russell,CMRE,COSTAMARE INC,Industrials,17,858,-0.02044728,15.650000,15.330000,4H当日前50,4H EMA9 已站上 EMA26，等待 26/50 确认；4H MACD 位于 Signal 上方；4H MACD 柱体连续扩张；4H RSI 位于健康强势区间
2026-07-23,2026-07-29,Prism,Russell,BELFB,BEL FUSE INC CLASS B,Information Technology,18,1520,-0.15210555,285.920013,242.429993,4H当日前50,4H EMA9/26 最近金叉且价格在 EMA50 上方；4H MACD 位于 Signal 上方；4H MACD 柱体连续扩张；4H RSI 位于健康强势区间
2026-07-23,2026-07-29,Prism,Russell,AROC,ARCHROCK INC,Energy,19,1571,-0.08441902,38.380001,35.139999,4H当日前50,4H EMA9/26 最近金叉且价格在 EMA50 上方；4H MACD 位于 Signal 上方；4H RSI 位于健康强势区间
2026-07-23,2026-07-29,Prism,Russell,USLM,UNITED STATES LIME AND MINERALS IN,Materials,20,753,0.06113252,106.489998,113.000000,4H当日前50,4H EMA9 已站上 EMA26，等待 26/50 确认；4H MACD 位于 Signal 上方；4H RSI 位于健康强势区间
2026-07-23,2026-07-29,Prism,Russell,SRI,STONERIDGE INC,Consumer Discretionary,21,1313,-0.00561010,7.130000,7.090000,4H当日前50,4H EMA9 已站上 EMA26，等待 26/50 确认；4H MACD 位于 Signal 上方；4H RSI 位于健康强势区间
2026-07-23,2026-07-29,Prism,Russell,CLB,CORE LABORATORIES INC,Energy,22,1569,-0.16455161,11.820000,9.875000,4H当日前50,4H EMA9 已站上 EMA26，等待 26/50 确认；4H MACD 位于 Signal 上方；4H RSI 位于健康强势区间
2026-07-23,2026-07-29,Prism,Russell,BKV,BKV CORP,Energy,23,1574,-0.10380627,26.010000,23.309999,4H当日前50,4H EMA9 已站上 EMA26，等待 26/50 确认；4H MACD 位于 Signal 上方；4H RSI 位于健康强势区间
2026-07-23,2026-07-29,Prism,Russell,RIG,TRANSOCEAN LTD,Energy,24,1741,-0.06773283,5.315000,4.955000,4H当日前50,4H EMA9 已站上 EMA26，等待 26/50 确认；4H MACD 位于 Signal 上方；4H MACD 柱体连续扩张；4H RSI 位于健康强势区间
2026-07-23,2026-07-29,Prism,Russell,CRC,CALIFORNIA RESOURCES CORP,Energy,25,1093,-0.06804350,54.230000,50.540001,4H当日前50,4H EMA9 已站上 EMA26，等待 26/50 确认；4H MACD 位于 Signal 上方；4H RSI 位于健康强势区间
2026-07-23,2026-07-29,Prism,Russell,EFOR,EVERFORTH INC,Information Technology,26,719,0.19236641,19.650000,23.430000,4H当日前50,4H EMA9 已站上 EMA26，等待 26/50 确认；4H MACD 位于 Signal 上方；4H RSI 位于健康强势区间
2026-07-23,2026-07-29,Prism,Russell,KMT,KENNAMETAL INC,Industrials,27,1230,-0.03715920,34.849998,33.555000,4H当日前50,4H EMA9 已站上 EMA26，等待 26/50 确认；4H MACD 位于 Signal 上方；4H RSI 位于健康强势区间
2026-07-23,2026-07-29,Prism,Russell,VTS,VITESSE ENERGY INC,Energy,28,972,-0.02978990,15.945000,15.470000,4H当日前50,4H EMA9 已站上 EMA26，等待 26/50 确认；4H MACD 位于 Signal 上方；4H RSI 位于健康强势区间
2026-07-23,2026-07-29,Prism,Russell,BTU,PEABODY ENERGY CORP,Energy,29,1495,-0.12589173,23.830000,20.830000,4H当日前50,4H EMA9/26 最近金叉且价格在 EMA50 上方；4H MACD 位于 Signal 上方；4H MACD 柱体连续扩张；4H RSI 位于健康强势区间
2026-07-23,2026-07-29,Prism,Russell,ADNT,ADIENT PLC,Consumer Discretionary,30,555,0.07359517,20.110001,21.590000,4H当日前50,4H EMA9 已站上 EMA26，等待 26/50 确认；4H MACD 位于 Signal 上方；4H RSI 位于健康强势区间
2026-07-23,2026-07-29,Prism,Russell,INR,INFINITY NATURAL RESOURCES INC CLA,Energy,31,1223,-0.06997743,13.290000,12.360000,4H当日前50,4H EMA9 已站上 EMA26，等待 26/50 确认；4H MACD 位于 Signal 上方；4H RSI 位于健康强势区间
2026-07-23,2026-07-29,Prism,Russell,RDNW,RIDENOW GROUP INC CLASS B,Consumer Discretionary,32,80,0.03755869,6.390000,6.630000,4H当日前50,4H EMA9/26 最近金叉且价格在 EMA50 上方；4H MACD 位于 Signal 上方；4H MACD 柱体连续扩张；4H RSI 位于健康强势区间
2026-07-23,2026-07-29,Prism,Russell,DCH,DAUCH CORPORATION,Consumer Discretionary,33,98,-0.00983900,5.590000,5.535000,4H当日前50,4H EMA9 已站上 EMA26，等待 26/50 确认；4H MACD 位于 Signal 上方；4H RSI 位于健康强势区间
2026-07-23,2026-07-29,Prism,Russell,HP,HELMERICH & PAYNE INC,Energy,34,1008,-0.04463137,35.064999,33.500000,4H当日前50,4H EMA9 已站上 EMA26，等待 26/50 确认；4H MACD 位于 Signal 上方；4H RSI 位于健康强势区间
2026-07-23,2026-07-29,Prism,Russell,FCCO,FIRST COMMUNITY CORP,Financials,35,409,0.05430828,32.959999,34.750000,4H当日前50,4H EMA9/26 最近金叉且价格在 EMA50 上方；4H MACD 柱体连续扩张；4H RSI 位于健康强势区间
2026-07-23,2026-07-29,Prism,Russell,SMC,SUMMIT MIDSTREAM CORP,Energy,36,34,0.00530856,30.139999,30.299999,4H当日前50,4H EMA9/26 最近金叉且价格在 EMA50 上方；4H RSI 位于健康强势区间
2026-07-23,2026-07-29,Prism,Russell,CNX,CNX RESOURCES CORP,Energy,37,343,0.00841803,34.450001,34.740002,4H当日前50,4H EMA9 已站上 EMA26，等待 26/50 确认；4H MACD 位于 Signal 上方；4H RSI 位于健康强势区间
2026-07-23,2026-07-29,Prism,Russell,NE,NOBLE CORPORATION PLC,Energy,38,1362,-0.04871266,43.110001,41.009998,4H当日前50,4H EMA9 已站上 EMA26，等待 26/50 确认；4H MACD 位于 Signal 上方；4H RSI 位于健康强势区间
2026-07-23,2026-07-29,Prism,Russell,CMP,COMPASS MINERALS INTERNATIONAL INC,Materials,39,937,-0.01676727,29.820000,29.320000,4H当日前50,4H EMA9/26 最近金叉且价格在 EMA50 上方；4H MACD 位于 Signal 上方；4H RSI 位于健康强势区间
2026-07-23,2026-07-29,Prism,Russell,KN,KNOWLES CORP,Information Technology,40,1367,-0.11028090,38.810001,34.529999,4H当日前50,4H EMA9/26 最近金叉且价格在 EMA50 上方；4H MACD 位于 Signal 上方；4H MACD 柱体连续扩张；4H RSI 位于健康强势区间
2026-07-23,2026-07-29,Prism,Russell,BELFA,BEL FUSE INC CLASS A,Information Technology,41,1524,-0.16114863,241.330002,202.440002,4H当日前50,4H EMA9/26 最近金叉且价格在 EMA50 上方；4H MACD 位于 Signal 上方；4H RSI 位于健康强势区间
2026-07-23,2026-07-29,Prism,Russell,MRX,MAREX GROUP LTD,Financials,42,1402,-0.01712327,64.239998,63.139999,4H当日前50,4H EMA9/26 最近金叉且价格在 EMA50 上方；4H MACD 位于 Signal 上方；4H RSI 位于健康强势区间
2026-07-23,2026-07-29,Prism,Russell,INVX,INNOVEX INTERNATIONAL INC,Energy,43,1164,-0.03541312,26.684999,25.740000,4H当日前50,4H EMA9 已站上 EMA26，等待 26/50 确认；4H MACD 位于 Signal 上方；4H RSI 位于健康强势区间
2026-07-23,2026-07-29,Prism,Russell,CTOS,CUSTOM TRUCK ONE SOURCE INC,Industrials,44,1624,-0.10661765,10.880000,9.720000,4H当日前50,4H EMA9/26 最近金叉且价格在 EMA50 上方；4H MACD 位于 Signal 上方；4H MACD 柱体连续扩张；4H RSI 位于健康强势区间
2026-07-23,2026-07-29,Prism,Russell,NVGS,NAVIGATOR HOLDINGS LTD,Energy,45,532,0.01083199,21.695000,21.930000,4H当日前50,4H EMA9 已站上 EMA26，等待 26/50 确认；4H MACD 位于 Signal 上方；4H RSI 位于健康强势区间
2026-07-23,2026-07-29,Prism,Russell,PLOW,DOUGLAS DYNAMICS INC,Industrials,46,1642,-0.07090202,46.119999,42.849998,4H当日前50,4H EMA9 已站上 EMA26，等待 26/50 确认；4H MACD 位于 Signal 上方；4H RSI 位于健康强势区间
2026-07-23,2026-07-29,Prism,Russell,ARX,ACCELERANT HOLDINGS CLASS A,Financials,47,1247,-0.10087083,13.780000,12.390000,4H当日前50,4H EMA9 已站上 EMA26，等待 26/50 确认；4H MACD 位于 Signal 上方；4H RSI 位于健康强势区间
2026-07-23,2026-07-29,Prism,Russell,NVRI,ENVIRI CORP,Industrials,48,956,-0.01552098,22.549999,22.200001,4H当日前50,4H EMA9/26 最近金叉且价格在 EMA50 上方；4H MACD 柱体连续扩张；4H RSI 位于健康强势区间
2026-07-23,2026-07-29,Prism,Russell,ULH,UNIVERSAL LOGISTICS HOLDINGS INC,Industrials,49,121,-0.10787879,16.500000,14.720000,4H当日前50,4H EMA9 已站上 EMA26，等待 26/50 确认；4H MACD 位于 Signal 上方；4H MACD 柱体连续扩张；4H RSI 位于健康强势区间
2026-07-23,2026-07-29,Prism,Russell,NBR,NABORS INDUSTRIES LTD,Energy,50,1158,-0.05910983,84.250000,79.269997,4H当日前50,4H EMA9 已站上 EMA26，等待 26/50 确认；4H MACD 位于 Signal 上方；4H RSI 位于健康强势区间
2026-07-23,2026-07-29,Aster Call,Aster,JNJ,Johnson & Johnson,Health Care,1,,0.02478406,259.239990,265.665009,Aster当日前50,4H EMA 刚转强；4H MACD 新金叉
2026-07-23,2026-07-29,Aster Call,Aster,TCBX,THIRD COAST BANCSHARES INC,Financials,2,,0.04613574,42.375000,44.330002,Aster当日前50,4H EMA 刚转强；4H MACD 新金叉
2026-07-23,2026-07-29,Aster Call,Aster,CRBP,CORBUS PHARMACEUTICALS HOLDINGS IN,Health Care,3,,-0.04291845,9.320000,8.920000,Aster当日前50,4H EMA 刚转强；4H MACD 新金叉
2026-07-23,2026-07-29,Aster Call,Aster,WAT,Waters Corporation,Health Care,4,,-0.00805360,382.440002,379.359985,Aster当日前50,4H EMA 刚转强；4H MACD 新金叉
2026-07-23,2026-07-29,Aster Call,Aster,RVTY,Revvity,Health Care,5,,0.00194382,113.180000,113.400002,Aster当日前50,4H EMA 刚转强；4H MACD 新金叉
2026-07-23,2026-07-29,Aster Call,Aster,XEL,Xcel Energy,Utilities,6,,-0.02500925,80.769997,78.750000,Aster当日前50,4H EMA 刚转强；4H MACD 新金叉
2026-07-23,2026-07-29,Aster Call,Aster,NRG,NRG Energy,Utilities,7,,-0.13159546,143.089996,124.260002,Aster当日前50,4H EMA 刚转强；4H MACD 新金叉
2026-07-23,2026-07-29,Aster Call,Aster,NKTR,NEKTAR THERAPEUTICS,Health Care,8,,0.01903113,69.360001,70.680000,Aster当日前50,4H EMA 刚转强；4H MACD 新金叉
2026-07-23,2026-07-29,Aster Call,Aster,CNP,CenterPoint Energy,Utilities,9,,-0.02850029,44.209999,42.950001,Aster当日前50,4H EMA 刚转强；4H MACD 新金叉
2026-07-23,2026-07-29,Aster Call,Aster,CCS,CENTURY COMMUNITIES INC,Consumer Discretionary,10,,0.00497873,69.294998,69.639999,Aster当日前50,4H EMA 刚转强；4H MACD 新金叉
2026-07-23,2026-07-29,Aster Call,Aster,EVRG,Evergy,Utilities,11,,-0.03058283,86.650002,84.000000,Aster当日前50,4H EMA 刚转强；4H MACD 新金叉
2026-07-23,2026-07-29,Aster Call,Aster,ETR,Entergy,Utilities,12,,-0.06873327,115.809998,107.849998,Aster当日前50,4H EMA 刚转强；4H MACD 新金叉
2026-07-23,2026-07-29,Aster Call,Aster,SO,Southern Company,Utilities,13,,-0.00544719,96.599998,96.073799,Aster当日前50,4H EMA 刚转强；4H MACD 新金叉
2026-07-23,2026-07-29,Aster Call,Aster,CMRE,COSTAMARE INC,Industrials,14,,-0.02044728,15.650000,15.330000,Aster当日前50,4H EMA 刚转强；4H MACD 多头
2026-07-23,2026-07-29,Aster Call,Aster,TEX,TEREX CORP,Industrials,15,,-0.05622088,68.480003,64.629997,Aster当日前50,4H EMA 刚转强；4H MACD 多头
2026-07-23,2026-07-29,Aster Call,Aster,ARGX,argenx SE - American Depositary Shares,,16,,-0.04546829,924.599976,882.559998,Aster当日前50,4H EMA 刚转强；4H MACD 新金叉
2026-07-23,2026-07-29,Aster Call,Aster,EXC,Exelon,Utilities,17,,-0.00528765,47.279999,47.029999,Aster当日前50,4H EMA 刚转强；4H MACD 新金叉
2026-07-23,2026-07-29,Aster Call,Aster,LHX,L3Harris,Industrials,18,,-0.00597546,299.559998,297.769989,Aster当日前50,4H EMA 刚转强；4H MACD 新金叉
2026-07-23,2026-07-29,Aster Call,Aster,LYB,LyondellBasell,Materials,19,,-0.01976984,61.709999,60.490002,Aster当日前50,4H EMA 刚转强；4H MACD 多头
2026-07-23,2026-07-29,Aster Call,Aster,INVX,INNOVEX INTERNATIONAL INC,Energy,20,,-0.03541312,26.684999,25.740000,Aster当日前50,4H EMA 刚转强；4H MACD 多头
2026-07-23,2026-07-29,Aster Call,Aster,ULH,UNIVERSAL LOGISTICS HOLDINGS INC,Industrials,21,,-0.10787879,16.500000,14.720000,Aster当日前50,4H EMA 刚转强；4H MACD 多头
2026-07-23,2026-07-29,Aster Call,Aster,EXE,Expand Energy,Energy,22,,0.00795809,91.730003,92.459999,Aster当日前50,4H EMA 刚转强；4H MACD 多头
2026-07-23,2026-07-29,Aster Call,Aster,CNX,CNX RESOURCES CORP,Energy,23,,0.00841803,34.450001,34.740002,Aster当日前50,4H EMA 刚转强；4H MACD 多头
2026-07-23,2026-07-29,Aster Call,Aster,MGRC,MCGRATH RENT,Industrials,24,,-0.01647612,118.959999,117.000000,Aster当日前50,4H EMA 刚转强；4H MACD 新金叉
2026-07-23,2026-07-29,Aster Call,Aster,TRST,TRUSTCO BANK CORP,Financials,25,,-0.01789197,56.450001,55.439999,Aster当日前50,4H EMA 多头趋势；4H MACD 新金叉
2026-07-23,2026-07-29,Aster Call,Aster,NVGS,NAVIGATOR HOLDINGS LTD,Energy,26,,0.01083199,21.695000,21.930000,Aster当日前50,4H EMA 刚转强；4H MACD 多头
2026-07-23,2026-07-29,Aster Call,Aster,NEXT,NEXTDECADE CORP,Energy,27,,-0.20351759,7.960000,6.340000,Aster当日前50,4H EMA 刚转强；4H MACD 新金叉
2026-07-23,2026-07-29,Aster Call,Aster,NEE,NextEra Energy,Utilities,28,,-0.01436687,89.790001,88.500000,Aster当日前50,4H EMA 多头趋势；4H MACD 新金叉
2026-07-23,2026-07-29,Aster Call,Aster,A,Agilent Technologies,Health Care,29,,0.00404280,139.755005,140.320007,Aster当日前50,4H EMA 多头趋势；4H MACD 新金叉
2026-07-23,2026-07-29,Aster Call,Aster,LDOS,Leidos,Industrials,30,,0.03689601,110.309998,114.379997,Aster当日前50,4H EMA 刚转强；4H MACD 新金叉
2026-07-23,2026-07-29,Aster Call,Aster,GATX,GATX CORP,Industrials,31,,-0.00915627,183.589996,181.908997,Aster当日前50,4H EMA 多头趋势；4H MACD 新金叉
2026-07-23,2026-07-29,Aster Call,Aster,WWD,"Woodward, Inc. - Common Stock",,32,,-0.06437828,411.940002,385.420013,Aster当日前50,4H EMA 刚转强；4H MACD 多头
2026-07-23,2026-07-29,Aster Call,Aster,PKG,Packaging Corporation of America,Materials,33,,0.06556749,234.110001,249.460007,Aster当日前50,4H EMA 刚转强；4H MACD 多头
2026-07-23,2026-07-29,Aster Call,Aster,SR,SPIRE INC,Utilities,34,,-0.01780310,82.570000,81.099998,Aster当日前50,4H EMA 多头趋势；4H MACD 新金叉
2026-07-23,2026-07-29,Aster Call,Aster,URI,United Rentals,Industrials,35,,-0.07401495,1140.040039,1055.660034,Aster当日前50,4H EMA 刚转强；4H MACD 新金叉
2026-07-23,2026-07-29,Aster Call,Aster,GD,General Dynamics,Industrials,36,,-0.00061318,381.630005,381.395996,Aster当日前50,4H EMA 多头趋势；4H MACD 新金叉
2026-07-23,2026-07-29,Aster Call,Aster,DE,Deere & Company,Industrials,37,,0.00109751,610.460022,611.130005,Aster当日前50,4H EMA 刚转强；4H MACD 多头
2026-07-23,2026-07-29,Aster Call,Aster,PTEN,PATTERSON UTI ENERGY INC,Energy,38,,-0.09767892,10.340000,9.330000,Aster当日前50,4H EMA 刚转强；4H MACD 多头
2026-07-23,2026-07-29,Aster Call,Aster,INR,INFINITY NATURAL RESOURCES INC CLA,Energy,39,,-0.06997743,13.290000,12.360000,Aster当日前50,4H EMA 刚转强；4H MACD 多头
2026-07-23,2026-07-29,Aster Call,Aster,HUN,HUNTSMAN CORP,Materials,40,,-0.06601563,12.800000,11.955000,Aster当日前50,4H EMA 刚转强；4H MACD 多头
2026-07-23,2026-07-29,Aster Call,Aster,COGT,COGENT BIOSCIENCES INC,Health Care,41,,-0.01665015,40.240002,39.570000,Aster当日前50,4H EMA 多头趋势；4H MACD 新金叉
2026-07-23,2026-07-29,Aster Call,Aster,HE,HAWAIIAN ELECTRIC INDUSTRIES INC,Utilities,42,,-0.03362897,13.530000,13.075000,Aster当日前50,4H EMA 刚转强；4H MACD 新金叉
2026-07-23,2026-07-29,Aster Call,Aster,CME,CME Group,Financials,43,,0.04372442,254.320007,265.440002,Aster当日前50,4H EMA 刚转强；4H MACD 多头
2026-07-23,2026-07-29,Aster Call,Aster,NE,NOBLE CORPORATION PLC,Energy,44,,-0.04871266,43.110001,41.009998,Aster当日前50,4H EMA 刚转强；4H MACD 多头
2026-07-23,2026-07-29,Aster Call,Aster,SWX,SOUTHWEST GAS HOLDINGS INC,Utilities,45,,-0.01279572,93.000000,91.809998,Aster当日前50,4H EMA 多头趋势；4H MACD 新金叉
2026-07-23,2026-07-29,Aster Call,Aster,ECVT,ECOVYST INC,Materials,46,,-0.06669252,12.895000,12.035000,Aster当日前50,4H EMA 刚转强；4H MACD 多头
2026-07-23,2026-07-29,Aster Call,Aster,ETN,Eaton Corporation,Industrials,47,,-0.12828234,415.100006,361.850006,Aster当日前50,4H EMA 刚转强；4H MACD 多头
2026-07-23,2026-07-29,Aster Call,Aster,EQT,EQT Corporation,Energy,48,,-0.01507773,53.389999,52.584999,Aster当日前50,4H EMA 刚转强；4H MACD 多头
2026-07-23,2026-07-29,Aster Call,Aster,IP,International Paper,Materials,49,,0.12562690,37.889999,42.650002,Aster当日前50,4H EMA 刚转强；4H MACD 新金叉
2026-07-23,2026-07-29,Aster Call,Aster,NVCT,NUVECTIS PHARMA INC,Health Care,50,,0.02679906,20.150000,20.690001,Aster当日前50,4H EMA 多头趋势；4H MACD 新金叉
2026-07-22,2026-07-29,Early,S&P 500,DVN,Devon Energy,Energy,1,65,-0.00858232,44.860001,44.474998,4H当日前50,4H EMA9 已站上 EMA26，等待 26/50 确认；4H MACD 位于 Signal 上方；4H MACD 柱体连续扩张；4H RSI 位于健康强势区间
2026-07-22,2026-07-29,Early,S&P 500,GM,General Motors,Consumer Discretionary,2,278,0.08839647,82.129997,89.389999,4H当日前50,4H EMA9/26 最近金叉且价格在 EMA50 上方；4H MACD 位于 Signal 上方；4H MACD 柱体连续扩张；4H RSI 位于健康强势区间
2026-07-22,2026-07-29,Early,S&P 500,COIN,Coinbase,Financials,3,1,-0.03629906,166.119995,160.089996,4H当日前50,4H EMA9 已站上 EMA26，等待 26/50 确认；4H MACD 位于 Signal 上方；4H RSI 位于健康强势区间
2026-07-22,2026-07-29,Early,S&P 500,APA,APA Corporation,Energy,4,110,0.01437261,36.180000,36.700001,4H当日前50,4H EMA9 已站上 EMA26，等待 26/50 确认；4H MACD 位于 Signal 上方；4H MACD 柱体连续扩张；4H RSI 位于健康强势区间
2026-07-22,2026-07-29,Early,S&P 500,TXT,Textron,Industrials,5,405,-0.06539409,91.675003,85.680000,4H当日前50,4H EMA9 已站上 EMA26，等待 26/50 确认；4H MACD 位于 Signal 上方；4H MACD 柱体连续扩张；4H RSI 位于健康强势区间
2026-07-22,2026-07-29,Early,S&P 500,LYB,LyondellBasell,Materials,6,24,-0.02874112,62.279999,60.490002,4H当日前50,4H EMA9 已站上 EMA26，等待 26/50 确认；4H MACD 位于 Signal 上方
2026-07-22,2026-07-29,Early,S&P 500,SWK,Stanley Black & Decker,Industrials,7,61,0.04267957,89.269997,93.080002,4H当日前50,4H EMA9/26 最近金叉且价格在 EMA50 上方；4H MACD 零轴上方刚金叉；4H MACD 柱体连续扩张；4H RSI 位于健康强势区间
2026-07-22,2026-07-29,Early,S&P 500,CEG,Constellation Energy,Utilities,8,288,-0.06165872,274.899994,257.950012,4H当日前50,4H EMA9 已站上 EMA26，等待 26/50 确认；4H MACD 位于 Signal 上方；4H MACD 柱体连续扩张
2026-07-22,2026-07-29,Early,S&P 500,TAP,Molson Coors Beverage Company,Consumer Staples,9,32,0.04216425,41.029999,42.759998,4H当日前50,4H EMA 多头排列已连续维持；4H MACD 位于 Signal 上方；4H RSI 位于健康强势区间
2026-07-22,2026-07-29,Early,S&P 500,MOS,Mosaic Company (The),Materials,10,27,-0.00745941,22.790001,22.620001,4H当日前50,4H MACD 零轴上方刚金叉；4H MACD 柱体连续扩张；4H RSI 位于健康强势区间
2026-07-22,2026-07-29,Early,S&P 500,FOXA,Fox Corporation (Class A),Communication Services,11,69,0.04428698,56.450001,58.950001,4H当日前50,4H EMA9 已站上 EMA26，等待 26/50 确认；4H MACD 位于 Signal 上方；4H RSI 位于健康强势区间
2026-07-22,2026-07-29,Early,S&P 500,DUK,Duke Energy,Utilities,12,84,0.00945909,127.919998,129.130005,4H当日前50,4H EMA9/26 最近金叉且价格在 EMA50 上方；4H MACD 刚金叉但仍需零轴确认；4H MACD 柱体连续扩张；4H RSI 位于健康强势区间
2026-07-22,2026-07-29,Early,S&P 500,HPE,Hewlett Packard Enterprise,Information Technology,13,406,-0.07704897,48.149899,44.439999,4H当日前50,4H EMA9/26 最近金叉且价格在 EMA50 上方；4H MACD 零轴上方刚金叉；4H MACD 柱体连续扩张；4H RSI 位于健康强势区间
2026-07-22,2026-07-29,Early,S&P 500,ULTA,Ulta Beauty,Consumer Discretionary,14,53,0.05081487,483.519989,508.089996,4H当日前50,4H MACD 位于 Signal 上方；4H RSI 位于健康强势区间
2026-07-22,2026-07-29,Early,S&P 500,ADSK,Autodesk,Information Technology,15,215,0.20515971,203.500000,245.250000,4H当日前50,4H EMA9 已站上 EMA26，等待 26/50 确认
2026-07-22,2026-07-29,Early,S&P 500,ALLE,Allegion,Industrials,16,256,0.13145308,140.050003,158.460007,4H当日前50,4H MACD 零轴上方刚金叉；4H MACD 柱体连续扩张；4H RSI 位于健康强势区间
2026-07-22,2026-07-29,Early,S&P 500,DELL,Dell Technologies,Information Technology,17,424,-0.16335422,441.799988,369.630096,4H当日前50,4H EMA9/26 最近金叉且价格在 EMA50 上方；4H MACD 刚金叉但仍需零轴确认；4H MACD 柱体连续扩张；4H RSI 位于健康强势区间
2026-07-22,2026-07-29,Early,S&P 500,ED,Consolidated Edison,Utilities,18,139,0.00151649,112.099998,112.269997,4H当日前50,4H EMA9/26 最近金叉且价格在 EMA50 上方；4H MACD 柱体连续扩张；4H RSI 位于健康强势区间
2026-07-22,2026-07-29,Early,S&P 500,DGX,Quest Diagnostics,Health Care,19,312,0.11976758,209.990005,235.139999,4H当日前50,4H EMA9/26 最近金叉且价格在 EMA50 上方；4H MACD 零轴上方刚金叉；4H MACD 柱体连续扩张；4H RSI 位于健康强势区间
2026-07-22,2026-07-29,Early,S&P 500,NEE,NextEra Energy,Utilities,20,231,-0.01006714,89.400002,88.500000,4H当日前50,4H MACD 柱体连续扩张；4H RSI 位于健康强势区间
2026-07-22,2026-07-29,Early,S&P 500,ICE,Intercontinental Exchange,Financials,21,293,0.08310240,142.535004,154.380005,4H当日前50,4H MACD 零轴上方刚金叉；4H MACD 柱体连续扩张；4H RSI 位于健康强势区间
2026-07-22,2026-07-29,Early,S&P 500,WAB,Wabtec,Industrials,22,184,0.00598312,289.980011,291.714996,4H当日前50,4H EMA9/26 最近金叉且价格在 EMA50 上方；4H MACD 位于 Signal 上方；4H MACD 柱体连续扩张
2026-07-22,2026-07-29,Early,S&P 500,DE,Deere & Company,Industrials,23,302,0.00556979,607.744995,611.130005,4H当日前50,4H MACD 刚金叉但仍需零轴确认；4H MACD 柱体连续扩张；4H RSI 位于健康强势区间
2026-07-22,2026-07-29,Early,S&P 500,JPM,JPMorgan Chase,Financials,24,332,-0.01030577,348.360107,344.769989,4H当日前50,4H EMA 多头排列已连续维持；4H MACD 零轴上方刚金叉；4H MACD 柱体连续扩张；4H RSI 位于健康强势区间
2026-07-22,2026-07-29,Early,S&P 500,ATO,Atmos Energy,Utilities,25,310,-0.00448294,178.455002,177.654999,4H当日前50,4H MACD 柱体连续扩张；4H RSI 位于健康强势区间
2026-07-22,2026-07-29,Early,S&P 500,AMD,Advanced Micro Devices,Information Technology,26,487,-0.22227657,552.330017,429.559998,4H当日前50,4H EMA9/26 最近金叉且价格在 EMA50 上方；4H MACD 刚金叉但仍需零轴确认；4H MACD 柱体连续扩张；4H RSI 位于健康强势区间
2026-07-22,2026-07-29,Early,S&P 500,HAS,Hasbro,Consumer Discretionary,27,183,0.06884543,89.040001,95.169998,4H当日前50,4H EMA9 已站上 EMA26，等待 26/50 确认；4H MACD 位于 Signal 上方
2026-07-22,2026-07-29,Early,S&P 500,A,Agilent Technologies,Health Care,28,85,0.05160533,133.434097,140.320007,4H当日前50,4H EMA9/26 最近金叉且价格在 EMA50 上方；4H MACD 柱体连续扩张；4H RSI 位于健康强势区间
2026-07-22,2026-07-29,Early,S&P 500,FRT,Federal Realty Investment Trust,Real Estate,29,185,0.00631597,125.080002,125.870003,4H当日前50,4H EMA 多头排列已连续维持；4H MACD 位于 Signal 上方；4H RSI 位于健康强势区间
2026-07-22,2026-07-29,Early,S&P 500,FE,FirstEnergy,Utilities,30,298,-0.00324511,49.305000,49.145000,4H当日前50,4H MACD 零轴上方刚金叉；4H MACD 柱体连续扩张；4H RSI 位于健康强势区间
2026-07-22,2026-07-29,Early,S&P 500,SW,Smurfit Westrock,Materials,31,148,0.08438204,44.500000,48.255001,4H当日前50,4H MACD 刚金叉但仍需零轴确认；4H MACD 柱体连续扩张；4H RSI 位于健康强势区间
2026-07-22,2026-07-29,Early,S&P 500,TMUS,T-Mobile US,Communication Services,32,372,-0.04933486,190.940002,181.520004,4H当日前50,4H RSI 位于健康强势区间
2026-07-22,2026-07-29,Early,S&P 500,CASY,Casey's,Consumer Staples,33,220,0.01216236,856.739990,867.159973,4H当日前50,4H EMA 多头排列已连续维持；4H MACD 位于 Signal 上方；4H RSI 位于健康强势区间
2026-07-22,2026-07-29,Early,S&P 500,PH,Parker Hannifin,Industrials,34,387,-0.02053851,971.299011,951.349976,4H当日前50,4H EMA 多头排列已连续维持；4H MACD 零轴上方刚金叉；4H MACD 柱体连续扩张；4H RSI 位于健康强势区间
2026-07-22,2026-07-29,Early,S&P 500,KIM,Kimco Realty,Real Estate,35,305,-0.00447757,26.129999,26.013000,4H当日前50,4H EMA 多头排列已连续维持；4H MACD 位于 Signal 上方；4H RSI 位于健康强势区间
2026-07-22,2026-07-29,Early,S&P 500,NVDA,Nvidia,Information Technology,36,436,-0.10398002,212.059998,190.009995,4H当日前50,4H MACD 零轴上方刚金叉；4H MACD 柱体连续扩张；4H RSI 位于健康强势区间
2026-07-22,2026-07-29,Early,S&P 500,KMI,Kinder Morgan,Energy,37,375,-0.01893755,32.474998,31.860001,4H当日前50,4H MACD 零轴上方刚金叉；4H RSI 位于健康强势区间
2026-07-22,2026-07-29,Early,S&P 500,HPQ,HP Inc.,Information Technology,38,318,0.13204541,25.105000,28.420000,4H当日前50,4H EMA 多头排列已连续维持；4H MACD 位于 Signal 上方；4H MACD 柱体连续扩张；4H RSI 位于健康强势区间
2026-07-22,2026-07-29,Early,S&P 500,AMGN,Amgen,Health Care,39,216,0.05898109,366.049988,387.640015,4H当日前50,4H EMA 多头排列已连续维持；4H MACD 零轴上方刚金叉；4H RSI 位于健康强势区间
2026-07-22,2026-07-29,Early,S&P 500,HWM,Howmet Aerospace,Industrials,40,339,-0.02853983,280.834991,272.820007,4H当日前50,4H EMA 多头排列已连续维持；4H MACD 位于 Signal 上方；4H MACD 柱体连续扩张；4H RSI 位于健康强势区间
2026-07-22,2026-07-29,Early,S&P 500,VST,Vistra Corp.,Utilities,41,463,-0.14336277,166.710007,142.809998,4H当日前50,4H EMA 多头排列已连续维持；4H MACD 位于 Signal 上方；4H MACD 柱体连续扩张；4H RSI 位于健康强势区间
2026-07-22,2026-07-29,Early,S&P 500,AME,Ametek,Industrials,42,361,-0.00767709,237.070007,235.250000,4H当日前50,4H EMA 多头排列已连续维持；4H MACD 位于 Signal 上方；4H RSI 位于健康强势区间
2026-07-22,2026-07-29,Early,S&P 500,WMB,Williams Companies,Energy,43,448,-0.05813642,74.480003,70.150002,4H当日前50,4H MACD 柱体连续扩张；4H RSI 位于健康强势区间
2026-07-22,2026-07-29,Early,S&P 500,DPZ,Domino's,Consumer Discretionary,44,280,0.12559802,319.829987,360.000000,4H当日前50,4H MACD 位于 Signal 上方；4H RSI 位于健康强势区间
2026-07-22,2026-07-29,Early,S&P 500,FANG,Diamondback Energy,Energy,45,229,-0.01916067,203.020004,199.130005,4H当日前50,4H EMA 多头排列已连续维持；4H MACD 位于 Signal 上方
2026-07-22,2026-07-29,Early,S&P 500,REG,Regency Centers,Real Estate,46,337,-0.01350036,82.220001,81.110001,4H当日前50,4H EMA 多头排列已连续维持；4H MACD 位于 Signal 上方；4H RSI 位于健康强势区间
2026-07-22,2026-07-29,Early,S&P 500,COP,ConocoPhillips,Energy,47,114,-0.00622900,118.800003,118.059998,4H当日前50,4H EMA 多头排列已连续维持；4H MACD 位于 Signal 上方
2026-07-22,2026-07-29,Early,S&P 500,IP,International Paper,Materials,48,227,0.11927574,38.105000,42.650002,4H当日前50,4H MACD 刚金叉但仍需零轴确认；4H MACD 柱体连续扩张；4H RSI 位于健康强势区间
2026-07-22,2026-07-29,Early,S&P 500,ANET,Arista Networks,Information Technology,49,451,-0.09795064,174.934998,157.800003,4H当日前50,4H EMA9/26 最近金叉且价格在 EMA50 上方；4H MACD 柱体连续扩张；4H RSI 位于健康强势区间
2026-07-22,2026-07-29,Early,S&P 500,UNH,UnitedHealth Group,Health Care,50,346,-0.02457050,431.309998,420.712494,4H当日前50,4H EMA 多头排列已连续维持；4H MACD 零轴上方刚金叉；4H RSI 位于健康强势区间
2026-07-22,2026-07-29,Early,Nasdaq 200,CEG,Constellation Energy,Utilities,1,88,-0.06165872,274.899994,257.950012,4H当日前50,4H EMA9 已站上 EMA26，等待 26/50 确认；4H MACD 位于 Signal 上方；4H MACD 柱体连续扩张
2026-07-22,2026-07-29,Early,Nasdaq 200,FOXA,Fox Corporation (Class A),Communication Services,2,25,0.04428698,56.450001,58.950001,4H当日前50,4H EMA9 已站上 EMA26，等待 26/50 确认；4H MACD 位于 Signal 上方；4H RSI 位于健康强势区间
2026-07-22,2026-07-29,Early,Nasdaq 200,ADSK,Autodesk,Information Technology,3,73,0.20515971,203.500000,245.250000,4H当日前50,4H EMA9 已站上 EMA26，等待 26/50 确认
2026-07-22,2026-07-29,Early,Nasdaq 200,AMD,Advanced Micro Devices,Information Technology,4,199,-0.22227657,552.330017,429.559998,4H当日前50,4H EMA9/26 最近金叉且价格在 EMA50 上方；4H MACD 刚金叉但仍需零轴确认；4H MACD 柱体连续扩张；4H RSI 位于健康强势区间
2026-07-22,2026-07-29,Early,Nasdaq 200,ULTA,Ulta Beauty,Consumer Discretionary,5,22,0.05081487,483.519989,508.089996,4H当日前50,4H MACD 位于 Signal 上方；4H RSI 位于健康强势区间
2026-07-22,2026-07-29,Early,Nasdaq 200,CASY,Casey's,Consumer Staples,6,77,0.01216236,856.739990,867.159973,4H当日前50,4H EMA 多头排列已连续维持；4H MACD 位于 Signal 上方；4H RSI 位于健康强势区间
2026-07-22,2026-07-29,Early,Nasdaq 200,NVDA,Nvidia,Information Technology,7,159,-0.10398002,212.059998,190.009995,4H当日前50,4H MACD 零轴上方刚金叉；4H MACD 柱体连续扩张；4H RSI 位于健康强势区间
2026-07-22,2026-07-29,Early,Nasdaq 200,TMUS,T-Mobile US,Communication Services,8,134,-0.04933486,190.940002,181.520004,4H当日前50,4H RSI 位于健康强势区间
2026-07-22,2026-07-29,Early,Nasdaq 200,DPZ,Domino's,Consumer Discretionary,9,96,0.12559802,319.829987,360.000000,4H当日前50,4H MACD 位于 Signal 上方；4H RSI 位于健康强势区间
2026-07-22,2026-07-29,Early,Nasdaq 200,AMGN,Amgen,Health Care,10,76,0.05898109,366.049988,387.640015,4H当日前50,4H EMA 多头排列已连续维持；4H MACD 零轴上方刚金叉；4H RSI 位于健康强势区间
2026-07-22,2026-07-29,Early,Nasdaq 200,SNY,Sanofi - American Depositary Shares,,11,8,0.02420637,43.790001,44.849998,4H当日前50,4H RSI 位于健康强势区间
2026-07-22,2026-07-29,Early,Nasdaq 200,JD,"JD.com, Inc. - American Depositary Shares",,12,112,0.06799340,30.150000,32.200001,4H当日前50,4H EMA 多头排列已连续维持；4H MACD 位于 Signal 上方；4H RSI 位于健康强势区间
2026-07-22,2026-07-29,Early,Nasdaq 200,ESLT,Elbit Systems Ltd. - Ordinary Shares,,13,98,-0.02975946,792.690002,769.099976,4H当日前50,4H EMA9/26 最近金叉且价格在 EMA50 上方；4H MACD 位于 Signal 上方；4H MACD 柱体连续扩张；4H RSI 位于健康强势区间
2026-07-22,2026-07-29,Early,Nasdaq 200,AVGO,Broadcom,Information Technology,14,133,-0.06675737,396.809998,370.320007,4H当日前50,4H EMA9/26 最近金叉且价格在 EMA50 上方；4H MACD 刚金叉但仍需零轴确认；4H MACD 柱体连续扩张；4H RSI 位于健康强势区间
2026-07-22,2026-07-29,Early,Nasdaq 200,FANG,Diamondback Energy,Energy,15,80,-0.01916067,203.020004,199.130005,4H当日前50,4H EMA 多头排列已连续维持；4H MACD 位于 Signal 上方
2026-07-22,2026-07-29,Early,Nasdaq 200,HON,Honeywell Technologies,Industrials,16,50,0.03489416,232.990005,241.119995,4H当日前50,4H EMA9 已站上 EMA26，等待 26/50 确认；4H MACD 位于 Signal 上方；4H MACD 柱体连续扩张；4H RSI 位于健康强势区间
2026-07-22,2026-07-29,Early,Nasdaq 200,AKAM,Akamai Technologies,Information Technology,17,171,-0.13588092,124.300003,107.410004,4H当日前50,4H EMA9 已站上 EMA26，等待 26/50 确认；4H MACD 位于 Signal 上方；4H RSI 位于健康强势区间
2026-07-22,2026-07-29,Early,Nasdaq 200,ODFL,Old Dominion,Industrials,18,124,-0.04299832,232.800003,222.789993,4H当日前50,4H MACD 位于 Signal 上方；4H RSI 位于健康强势区间
2026-07-22,2026-07-29,Early,Nasdaq 200,EVRG,Evergy,Utilities,19,138,-0.02957484,86.559998,84.000000,4H当日前50,4H MACD 刚金叉但仍需零轴确认；4H MACD 柱体连续扩张；4H RSI 位于健康强势区间
2026-07-22,2026-07-29,Early,Nasdaq 200,RPRX,Royalty Pharma plc - Class A Ordinary Shares,,20,38,0.00783377,58.720001,59.180000,4H当日前50,4H EMA 多头排列已连续维持；4H MACD 位于 Signal 上方；4H MACD 柱体连续扩张；4H RSI 位于健康强势区间
2026-07-22,2026-07-29,Early,Nasdaq 200,NTAP,NetApp,Information Technology,21,48,0.04017055,166.539993,173.229996,4H当日前50,4H EMA 多头排列已连续维持；4H MACD 柱体连续扩张；4H RSI 位于健康强势区间
2026-07-22,2026-07-29,Early,Nasdaq 200,MDLZ,Mondelez International,Consumer Staples,22,86,0.06786061,60.860001,64.989998,4H当日前50,4H EMA9 已站上 EMA26，等待 26/50 确认；4H MACD 位于 Signal 上方；4H MACD 柱体连续扩张；4H RSI 位于健康强势区间
2026-07-22,2026-07-29,Early,Nasdaq 200,JBHT,J.B. Hunt,Industrials,23,128,-0.05509162,292.239990,276.140015,4H当日前50,4H EMA 多头排列已连续维持；4H MACD 位于 Signal 上方；4H RSI 位于健康强势区间
2026-07-22,2026-07-29,Early,Nasdaq 200,STLD,Steel Dynamics,Materials,24,46,0.05740864,238.639999,252.339996,4H当日前50,4H EMA9/26 最近金叉且价格在 EMA50 上方；4H MACD 位于 Signal 上方；4H MACD 柱体连续扩张；4H RSI 位于健康强势区间
2026-07-22,2026-07-29,Early,Nasdaq 200,LOGI,Logitech International S.A. - Registered Shares,,25,127,-0.01369469,104.419998,102.989998,4H当日前50,4H EMA9 已站上 EMA26，等待 26/50 确认；4H MACD 位于 Signal 上方；4H MACD 柱体连续扩张；4H RSI 位于健康强势区间
2026-07-22,2026-07-29,Early,Nasdaq 200,GILD,Gilead Sciences,Health Care,26,10,0.01833666,130.339996,132.729996,4H当日前50,
2026-07-22,2026-07-29,Early,Nasdaq 200,SSNC,"SS&C Technologies Holdings, Inc. - Common Stock",,27,104,0.16845720,67.019997,78.309998,4H当日前50,
2026-07-22,2026-07-29,Early,Nasdaq 200,LITE,Lumentum,Information Technology,28,189,-0.27401474,829.700012,602.349976,4H当日前50,4H EMA9/26 最近金叉且价格在 EMA50 上方；4H MACD 位于 Signal 上方；4H RSI 位于健康强势区间
2026-07-22,2026-07-29,Early,Nasdaq 200,PCAR,Paccar,Industrials,29,78,0.02105098,131.110001,133.869995,4H当日前50,4H EMA 多头排列已连续维持；4H MACD 零轴上方刚金叉；4H MACD 柱体连续扩张
2026-07-22,2026-07-29,Early,Nasdaq 200,EXE,Expand Energy,Energy,30,20,-0.00762047,93.169998,92.459999,4H当日前50,4H EMA9/26 最近金叉且价格在 EMA50 上方；4H MACD 位于 Signal 上方；4H MACD 柱体连续扩张
2026-07-22,2026-07-29,Early,Nasdaq 200,AMZN,Amazon,Consumer Discretionary,31,170,-0.07433127,244.850006,226.649994,4H当日前50,
2026-07-22,2026-07-29,Early,Nasdaq 200,KMB,Kimberly-Clark,Consumer Staples,32,21,0.03976857,108.879997,113.209999,4H当日前50,4H MACD 柱体连续扩张；4H RSI 位于健康强势区间
2026-07-22,2026-07-29,Early,Nasdaq 200,ROIV,Roivant Sciences Ltd. - Common Shares,,33,158,-0.05843601,34.910000,32.869999,4H当日前50,4H EMA 多头排列已连续维持；4H MACD 柱体连续扩张；4H RSI 位于健康强势区间
2026-07-22,2026-07-29,Early,Nasdaq 200,EA,Electronic Arts,Communication Services,34,95,-0.00019140,208.949997,208.910004,4H当日前50,4H EMA 多头排列已连续维持；4H MACD 位于 Signal 上方
2026-07-22,2026-07-29,Early,Nasdaq 200,AAPL,Apple Inc.,Information Technology,35,82,0.03774276,325.890015,338.190002,4H当日前50,4H RSI 位于健康强势区间
2026-07-22,2026-07-29,Early,Nasdaq 200,KHC,Kraft Heinz,Consumer Staples,36,94,0.06394461,25.959999,27.620001,4H当日前50,4H EMA 多头排列已连续维持；4H RSI 位于健康强势区间
2026-07-22,2026-07-29,Early,Nasdaq 200,CHRW,C.H. Robinson,Industrials,37,160,-0.16204488,207.350006,173.750000,4H当日前50,4H EMA 多头排列已连续维持；4H MACD 位于 Signal 上方；4H RSI 位于健康强势区间
2026-07-22,2026-07-29,Early,Nasdaq 200,CSX,CSX Corporation,Industrials,38,111,0.01622275,49.930000,50.740002,4H当日前50,4H RSI 位于健康强势区间
2026-07-22,2026-07-29,Early,Nasdaq 200,TCOM,Trip.com Group Limited - American Depositary Shares,,39,37,0.08031935,42.580002,46.000000,4H当日前50,4H EMA9 已站上 EMA26，等待 26/50 确认；4H MACD 位于 Signal 上方
2026-07-22,2026-07-29,Early,Nasdaq 200,PLTR,Palantir Technologies,Information Technology,40,143,-0.01260336,124.570000,123.000000,4H当日前50,
2026-07-22,2026-07-29,Early,Nasdaq 200,CTSH,Cognizant,Information Technology,41,107,0.29620197,43.180000,55.970001,4H当日前50,4H EMA9 已站上 EMA26，等待 26/50 确认
2026-07-22,2026-07-29,Early,Nasdaq 200,STX,Seagate Technology,Information Technology,42,157,-0.15820943,908.099976,764.429993,4H当日前50,4H EMA9/26 最近金叉且价格在 EMA50 上方；4H MACD 位于 Signal 上方；4H MACD 柱体连续扩张；4H RSI 位于健康强势区间
2026-07-22,2026-07-29,Early,Nasdaq 200,TSEM,Tower Semiconductor Ltd. - Ordinary Shares,,43,185,-0.24722480,249.529999,187.839996,4H当日前50,4H EMA9/26 最近金叉且价格在 EMA50 上方；4H MACD 位于 Signal 上方；4H RSI 位于健康强势区间
2026-07-22,2026-07-29,Early,Nasdaq 200,MSFT,Microsoft,Information Technology,44,69,0.00051241,390.339996,390.540009,4H当日前50,4H RSI 位于健康强势区间
2026-07-22,2026-07-29,Early,Nasdaq 200,REGN,Regeneron Pharmaceuticals,Health Care,45,28,0.06793819,651.179993,695.419983,4H当日前50,
2026-07-22,2026-07-29,Early,Nasdaq 200,PDD,PDD Holdings Inc. - American Depositary Shares,,46,18,0.05658577,83.589996,88.320000,4H当日前50,
2026-07-22,2026-07-29,Early,Nasdaq 200,CTAS,Cintas,Industrials,47,106,0.07533769,201.360001,216.529999,4H当日前50,4H EMA 多头排列已连续维持；4H MACD 位于 Signal 上方；4H RSI 位于健康强势区间
2026-07-22,2026-07-29,Early,Nasdaq 200,ILMN,"Illumina, Inc. - Common Stock",,48,67,0.02069478,190.869995,194.820007,4H当日前50,4H EMA 多头排列已连续维持；4H MACD 柱体连续扩张；4H RSI 位于健康强势区间
2026-07-22,2026-07-29,Early,Nasdaq 200,BBIO,"BridgeBio Pharma, Inc. - Common Stock",,49,93,0.01064598,82.660004,83.540001,4H当日前50,4H EMA 多头排列已连续维持；4H MACD 柱体连续扩张；4H RSI 位于健康强势区间
2026-07-22,2026-07-29,Early,Nasdaq 200,MPWR,Monolithic Power Systems,Information Technology,50,155,-0.10703990,1398.449951,1248.760010,4H当日前50,4H EMA9/26 最近金叉且价格在 EMA50 上方；4H MACD 位于 Signal 上方；4H MACD 柱体连续扩张；4H RSI 位于健康强势区间
2026-07-22,2026-07-29,Early,Nasdaq Liquid 500,COIN,Coinbase,Financials,1,3,-0.03629906,166.119995,160.089996,4H当日前50,4H EMA9 已站上 EMA26，等待 26/50 确认；4H MACD 位于 Signal 上方；4H RSI 位于健康强势区间
2026-07-22,2026-07-29,Early,Nasdaq Liquid 500,APA,APA Corporation,Energy,2,68,0.01437261,36.180000,36.700001,4H当日前50,4H EMA9 已站上 EMA26，等待 26/50 确认；4H MACD 位于 Signal 上方；4H MACD 柱体连续扩张；4H RSI 位于健康强势区间
2026-07-22,2026-07-29,Early,Nasdaq Liquid 500,CEG,Constellation Energy,Utilities,3,177,-0.06165872,274.899994,257.950012,4H当日前50,4H EMA9 已站上 EMA26，等待 26/50 确认；4H MACD 位于 Signal 上方；4H MACD 柱体连续扩张
2026-07-22,2026-07-29,Early,Nasdaq Liquid 500,COCO,THE VITA COCO COMPANY INC,Consumer Staples,4,302,-0.09281392,74.449997,67.540001,4H当日前50,4H EMA9 已站上 EMA26，等待 26/50 确认；4H MACD 位于 Signal 上方；4H RSI 位于健康强势区间
2026-07-22,2026-07-29,Early,Nasdaq Liquid 500,PTEN,PATTERSON UTI ENERGY INC,Energy,5,285,-0.12966418,10.720000,9.330000,4H当日前50,4H EMA9 已站上 EMA26，等待 26/50 确认；4H MACD 位于 Signal 上方；4H MACD 柱体连续扩张
2026-07-22,2026-07-29,Early,Nasdaq Liquid 500,CZR,"Caesars Entertainment, Inc. - Common Stock",,6,283,-0.00567806,29.940001,29.770000,4H当日前50,4H EMA9/26 最近金叉且价格在 EMA50 上方；4H MACD 零轴上方刚金叉；4H RSI 位于健康强势区间
2026-07-22,2026-07-29,Early,Nasdaq Liquid 500,FOXA,Fox Corporation (Class A),Communication Services,8,41,0.04428698,56.450001,58.950001,4H当日前50,4H EMA9 已站上 EMA26，等待 26/50 确认；4H MACD 位于 Signal 上方；4H RSI 位于健康强势区间
2026-07-22,2026-07-29,Early,Nasdaq Liquid 500,BRKR,Bruker Corporation - Common Stock,,9,47,0.03347841,59.740002,61.740002,4H当日前50,4H EMA9/26 最近金叉且价格在 EMA50 上方；4H MACD 零轴上方刚金叉；4H MACD 柱体连续扩张；4H RSI 位于健康强势区间
2026-07-22,2026-07-29,Early,Nasdaq Liquid 500,AMD,Advanced Micro Devices,Information Technology,11,474,-0.22227657,552.330017,429.559998,4H当日前50,4H EMA9/26 最近金叉且价格在 EMA50 上方；4H MACD 刚金叉但仍需零轴确认；4H MACD 柱体连续扩张；4H RSI 位于健康强势区间
2026-07-22,2026-07-29,Early,Nasdaq Liquid 500,ADSK,Autodesk,Information Technology,12,142,0.20515971,203.500000,245.250000,4H当日前50,4H EMA9 已站上 EMA26，等待 26/50 确认
2026-07-22,2026-07-29,Early,Nasdaq Liquid 500,FIVE,"Five Below, Inc. - Common Stock",,13,28,0.02255094,204.869995,209.490005,4H当日前50,4H EMA 多头排列已连续维持；4H MACD 位于 Signal 上方；4H RSI 位于健康强势区间
2026-07-22,2026-07-29,Early,Nasdaq Liquid 500,ULTA,Ulta Beauty,Consumer Discretionary,14,40,0.05081487,483.519989,508.089996,4H当日前50,4H MACD 位于 Signal 上方；4H RSI 位于健康强势区间
2026-07-22,2026-07-29,Early,Nasdaq Liquid 500,VSAT,VIASAT INC,Information Technology,15,334,-0.05620547,74.370003,70.190002,4H当日前50,4H EMA9/26 最近金叉且价格在 EMA50 上方；4H MACD 刚金叉但仍需零轴确认；4H MACD 柱体连续扩张；4H RSI 位于健康强势区间
2026-07-22,2026-07-29,Early,Nasdaq Liquid 500,HAS,Hasbro,Consumer Discretionary,16,111,0.06884543,89.040001,95.169998,4H当日前50,4H EMA9 已站上 EMA26，等待 26/50 确认；4H MACD 位于 Signal 上方
2026-07-22,2026-07-29,Early,Nasdaq Liquid 500,ICHR,ICHOR HOLDINGS LTD,Information Technology,17,,-0.34700515,95.330002,62.250000,4H当日前50,4H EMA9/26 最近金叉且价格在 EMA50 上方；4H MACD 刚金叉但仍需零轴确认；4H MACD 柱体连续扩张；4H RSI 位于健康强势区间
2026-07-22,2026-07-29,Early,Nasdaq Liquid 500,VNOM,"Viper Energy, Inc.  - Class A Common Stock",,18,274,-0.04616744,45.270000,43.180000,4H当日前50,4H MACD 位于 Signal 上方
2026-07-22,2026-07-29,Early,Nasdaq Liquid 500,MAT,"Mattel, Inc. - Common Stock",,19,76,0.06736111,14.400000,15.370000,4H当日前50,4H MACD 位于 Signal 上方；4H RSI 位于健康强势区间
2026-07-22,2026-07-29,Early,Nasdaq Liquid 500,CASY,Casey's,Consumer Staples,20,160,0.01216236,856.739990,867.159973,4H当日前50,4H EMA 多头排列已连续维持；4H MACD 位于 Signal 上方；4H RSI 位于健康强势区间
2026-07-22,2026-07-29,Early,Nasdaq Liquid 500,TWST,TWIST BIOSCIENCE CORP,Health Care,21,330,-0.09277145,94.209999,85.470001,4H当日前50,4H EMA 多头排列已连续维持；4H MACD 零轴上方刚金叉；4H MACD 柱体连续扩张；4H RSI 位于健康强势区间
2026-07-22,2026-07-29,Early,Nasdaq Liquid 500,NVDA,Nvidia,Information Technology,22,355,-0.10398002,212.059998,190.009995,4H当日前50,4H MACD 零轴上方刚金叉；4H MACD 柱体连续扩张；4H RSI 位于健康强势区间
2026-07-22,2026-07-29,Early,Nasdaq Liquid 500,ENSG,"The Ensign Group, Inc. - Common Stock",,23,56,0.07557210,169.110001,181.889999,4H当日前50,4H RSI 位于健康强势区间
2026-07-22,2026-07-29,Early,Nasdaq Liquid 500,TMUS,T-Mobile US,Communication Services,24,314,-0.04933486,190.940002,181.520004,4H当日前50,4H RSI 位于健康强势区间
2026-07-22,2026-07-29,Early,Nasdaq Liquid 500,HST,Host Hotels & Resorts,Real Estate,25,129,0.04244902,24.500000,25.540001,4H当日前50,4H EMA 多头排列已连续维持；4H MACD 位于 Signal 上方；4H RSI 位于健康强势区间
2026-07-22,2026-07-29,Early,Nasdaq Liquid 500,DPZ,Domino's,Consumer Discretionary,26,193,0.12559802,319.829987,360.000000,4H当日前50,4H MACD 位于 Signal 上方；4H RSI 位于健康强势区间
2026-07-22,2026-07-29,Early,Nasdaq Liquid 500,LASR,NLIGHT INC,Information Technology,27,,-0.18456656,72.440002,59.070000,4H当日前50,4H EMA 多头排列已连续维持；4H MACD 位于 Signal 上方；4H RSI 位于健康强势区间
2026-07-22,2026-07-29,Early,Nasdaq Liquid 500,AMGN,Amgen,Health Care,28,158,0.05898109,366.049988,387.640015,4H当日前50,4H EMA 多头排列已连续维持；4H MACD 零轴上方刚金叉；4H RSI 位于健康强势区间
2026-07-22,2026-07-29,Early,Nasdaq Liquid 500,JD,"JD.com, Inc. - American Depositary Shares",,29,241,0.06799340,30.150000,32.200001,4H当日前50,4H EMA 多头排列已连续维持；4H MACD 位于 Signal 上方；4H RSI 位于健康强势区间
2026-07-22,2026-07-29,Early,Nasdaq Liquid 500,SNY,Sanofi - American Depositary Shares,,30,16,0.02420637,43.790001,44.849998,4H当日前50,4H RSI 位于健康强势区间
2026-07-22,2026-07-29,Early,Nasdaq Liquid 500,AVGO,Broadcom,Information Technology,31,298,-0.06675737,396.809998,370.320007,4H当日前50,4H EMA9/26 最近金叉且价格在 EMA50 上方；4H MACD 刚金叉但仍需零轴确认；4H MACD 柱体连续扩张；4H RSI 位于健康强势区间
2026-07-22,2026-07-29,Early,Nasdaq Liquid 500,FANG,Diamondback Energy,Energy,32,164,-0.01916067,203.020004,199.130005,4H当日前50,4H EMA 多头排列已连续维持；4H MACD 位于 Signal 上方
2026-07-22,2026-07-29,Early,Nasdaq Liquid 500,LCID,LUCID GROUP INC,Consumer Discretionary,33,59,0.17404130,6.780000,7.960000,4H当日前50,4H MACD 位于 Signal 上方；4H RSI 位于健康强势区间
2026-07-22,2026-07-29,Early,Nasdaq Liquid 500,REG,Regency Centers,Real Estate,34,259,-0.01350036,82.220001,81.110001,4H当日前50,4H EMA 多头排列已连续维持；4H MACD 位于 Signal 上方；4H RSI 位于健康强势区间
2026-07-22,2026-07-29,Early,Nasdaq Liquid 500,AUR,"Aurora Innovation, Inc.  - Class A Common Stock",,35,288,-0.09531014,6.610000,5.980000,4H当日前50,4H EMA9/26 最近金叉且价格在 EMA50 上方；4H MACD 位于 Signal 上方；4H MACD 柱体连续扩张；4H RSI 位于健康强势区间
2026-07-22,2026-07-29,Early,Nasdaq Liquid 500,LGND,LIGAND PHARMACEUTICALS INC,Health Care,36,323,-0.05340827,304.260010,288.010010,4H当日前50,4H EMA9/26 最近金叉且价格在 EMA50 上方；4H MACD 柱体连续扩张；4H RSI 位于健康强势区间
2026-07-22,2026-07-29,Early,Nasdaq Liquid 500,COKE,"Coca-Cola Consolidated, Inc. - Common Stock",,37,46,0.04355607,184.360001,192.389999,4H当日前50,4H EMA9/26 最近金叉且价格在 EMA50 上方；4H MACD 位于 Signal 上方；4H MACD 柱体连续扩张；4H RSI 位于健康强势区间
2026-07-22,2026-07-29,Early,Nasdaq Liquid 500,URBN,URBAN OUTFITTERS INC,Consumer Discretionary,38,63,0.02292773,73.709999,75.400002,4H当日前50,4H MACD 位于 Signal 上方；4H RSI 位于健康强势区间
2026-07-22,2026-07-29,Early,Nasdaq Liquid 500,FSLY,FASTLY INC CLASS A,Information Technology,39,35,0.01124155,20.459999,20.690001,4H当日前50,4H RSI 位于健康强势区间
2026-07-22,2026-07-29,Early,Nasdaq Liquid 500,HON,Honeywell Technologies,Industrials,40,98,0.03489416,232.990005,241.119995,4H当日前50,4H EMA9 已站上 EMA26，等待 26/50 确认；4H MACD 位于 Signal 上方；4H MACD 柱体连续扩张；4H RSI 位于健康强势区间
2026-07-22,2026-07-29,Early,Nasdaq Liquid 500,RPRX,Royalty Pharma plc - Class A Ordinary Shares,,41,77,0.00783377,58.720001,59.180000,4H当日前50,4H EMA 多头排列已连续维持；4H MACD 位于 Signal 上方；4H MACD 柱体连续扩张；4H RSI 位于健康强势区间
2026-07-22,2026-07-29,Early,Nasdaq Liquid 500,JAZZ,Jazz Pharmaceuticals plc - Ordinary Shares,,42,72,0.02220357,250.410004,255.970001,4H当日前50,4H EMA 多头排列已连续维持；4H MACD 位于 Signal 上方；4H RSI 位于健康强势区间
2026-07-22,2026-07-29,Early,Nasdaq Liquid 500,ODFL,Old Dominion,Industrials,43,280,-0.04299832,232.800003,222.789993,4H当日前50,4H MACD 位于 Signal 上方；4H RSI 位于健康强势区间
2026-07-22,2026-07-29,Early,Nasdaq Liquid 500,AVT,"Avnet, Inc. - Common Stock",,44,289,-0.07256187,90.129997,83.589996,4H当日前50,4H MACD 位于 Signal 上方；4H MACD 柱体连续扩张；4H RSI 位于健康强势区间
2026-07-22,2026-07-29,Early,Nasdaq Liquid 500,AKAM,Akamai Technologies,Information Technology,45,389,-0.13588092,124.300003,107.410004,4H当日前50,4H EMA9 已站上 EMA26，等待 26/50 确认；4H MACD 位于 Signal 上方；4H RSI 位于健康强势区间
2026-07-22,2026-07-29,Early,Nasdaq Liquid 500,EVRG,Evergy,Utilities,46,312,-0.02957484,86.559998,84.000000,4H当日前50,4H MACD 刚金叉但仍需零轴确认；4H MACD 柱体连续扩张；4H RSI 位于健康强势区间
2026-07-22,2026-07-29,Early,Nasdaq Liquid 500,JBHT,J.B. Hunt,Industrials,47,276,-0.05509162,292.239990,276.140015,4H当日前50,4H EMA 多头排列已连续维持；4H MACD 位于 Signal 上方；4H RSI 位于健康强势区间
2026-07-22,2026-07-29,Early,Nasdaq Liquid 500,STLD,Steel Dynamics,Materials,48,92,0.05740864,238.639999,252.339996,4H当日前50,4H EMA9/26 最近金叉且价格在 EMA50 上方；4H MACD 位于 Signal 上方；4H MACD 柱体连续扩张；4H RSI 位于健康强势区间
2026-07-22,2026-07-29,Early,Nasdaq Liquid 500,ORKA,ORUKA THERAPEUTICS INC,Health Care,49,272,-0.04820057,92.529999,88.070000,4H当日前50,4H EMA 多头排列已连续维持；4H MACD 位于 Signal 上方；4H RSI 位于健康强势区间
2026-07-22,2026-07-29,Early,Nasdaq Liquid 500,IBKR,Interactive Brokers,Financials,50,317,-0.07743313,93.500000,86.260002,4H当日前50,4H EMA 多头排列已连续维持；4H MACD 柱体连续扩张；4H RSI 位于健康强势区间
2026-07-22,2026-07-29,Early,Russell,GWRS,GLOBAL WATER RESOURCES INC,Utilities,1,45,0.04469274,7.160000,7.480000,4H当日前50,4H EMA9/26 最近金叉且价格在 EMA50 上方；4H MACD 零轴上方刚金叉；4H MACD 柱体连续扩张；4H RSI 位于健康强势区间
2026-07-22,2026-07-29,Early,Russell,PHAT,PHATHOM PHARMACEUTICALS INC,Health Care,2,408,-0.00512821,11.700000,11.640000,4H当日前50,4H EMA9/26 最近金叉且价格在 EMA50 上方；4H MACD 刚金叉但仍需零轴确认；4H MACD 柱体连续扩张；4H RSI 位于健康强势区间
2026-07-22,2026-07-29,Early,Russell,SPOK,SPOK HOLDINGS INC,Communication,3,60,0.02910798,10.650000,10.960000,4H当日前50,4H EMA9 已站上 EMA26，等待 26/50 确认；4H MACD 位于 Signal 上方；4H RSI 位于健康强势区间
2026-07-22,2026-07-29,Early,Russell,GNL,GLOBAL NET LEASE INC,Real Estate,4,1184,-0.03113053,9.155000,8.870000,4H当日前50,4H EMA9 已站上 EMA26，等待 26/50 确认；4H MACD 位于 Signal 上方；4H RSI 位于健康强势区间
2026-07-22,2026-07-29,Early,Russell,MATV,MATIV HOLDINGS INC,Materials,5,152,0.07015385,8.125000,8.695000,4H当日前50,4H EMA9 已站上 EMA26，等待 26/50 确认；4H MACD 位于 Signal 上方；4H RSI 位于健康强势区间
2026-07-22,2026-07-29,Early,Russell,SRI,STONERIDGE INC,Consumer Discretionary,6,1159,-0.04059540,7.390000,7.090000,4H当日前50,4H EMA9/26 最近金叉且价格在 EMA50 上方；4H MACD 位于 Signal 上方；4H MACD 柱体连续扩张；4H RSI 位于健康强势区间
2026-07-22,2026-07-29,Early,Russell,NLOP,NET LEASE OFFICE PROPERTIES,Real Estate,7,76,0.02139825,11.543000,11.790000,4H当日前50,4H EMA9 已站上 EMA26，等待 26/50 确认；4H MACD 位于 Signal 上方；4H RSI 位于健康强势区间
2026-07-22,2026-07-29,Early,Russell,WHD,CACTUS INC CLASS A,Energy,8,1333,-0.06517861,56.000000,52.349998,4H当日前50,4H EMA9 已站上 EMA26，等待 26/50 确认；4H MACD 位于 Signal 上方；4H MACD 柱体连续扩张；4H RSI 位于健康强势区间
2026-07-22,2026-07-29,Early,Russell,ECVT,ECOVYST INC,Materials,9,1185,-0.07065637,12.950000,12.035000,4H当日前50,4H EMA9 已站上 EMA26，等待 26/50 确认；4H MACD 位于 Signal 上方；4H MACD 柱体连续扩张；4H RSI 位于健康强势区间
2026-07-22,2026-07-29,Early,Russell,SGP,SPYGLASS PHARMA INC SHS,Health Care,10,44,0.06669907,20.540001,21.910000,4H当日前50,4H EMA9/26 最近金叉且价格在 EMA50 上方；4H MACD 柱体连续扩张；4H RSI 位于健康强势区间
2026-07-22,2026-07-29,Early,Russell,INR,INFINITY NATURAL RESOURCES INC CLA,Energy,11,1313,-0.09217775,13.615000,12.360000,4H当日前50,4H EMA9 已站上 EMA26，等待 26/50 确认；4H MACD 位于 Signal 上方；4H MACD 柱体连续扩张；4H RSI 位于健康强势区间
2026-07-22,2026-07-29,Early,Russell,CNR,CORE NATURAL RESOURCES INC,Energy,12,1478,-0.10894035,87.525002,77.989998,4H当日前50,4H EMA9 已站上 EMA26，等待 26/50 确认；4H MACD 位于 Signal 上方；4H MACD 柱体连续扩张；4H RSI 位于健康强势区间
2026-07-22,2026-07-29,Early,Russell,VVX,V2X INC,Industrials,13,471,0.06646921,81.014999,86.400002,4H当日前50,4H EMA9 已站上 EMA26，等待 26/50 确认；4H MACD 位于 Signal 上方；4H MACD 柱体连续扩张；4H RSI 位于健康强势区间
2026-07-22,2026-07-29,Early,Russell,PANL,PANGAEA LOGISTICS SOLUTIONS LTD,Industrials,14,275,-0.01069519,7.480000,7.400000,4H当日前50,4H EMA9 已站上 EMA26，等待 26/50 确认；4H MACD 位于 Signal 上方；4H RSI 位于健康强势区间
2026-07-22,2026-07-29,Early,Russell,NTGR,NETGEAR INC,Information Technology,15,737,-0.07432981,24.620001,22.790001,4H当日前50,4H EMA9 已站上 EMA26，等待 26/50 确认；4H MACD 位于 Signal 上方；4H MACD 柱体连续扩张；4H RSI 位于健康强势区间
2026-07-22,2026-07-29,Early,Russell,CPS,COOPER STANDARD HOLDINGS INC,Consumer Discretionary,16,190,0.00103374,29.020000,29.049999,4H当日前50,4H EMA9 已站上 EMA26，等待 26/50 确认；4H MACD 位于 Signal 上方；4H RSI 位于健康强势区间
2026-07-22,2026-07-29,Early,Russell,UVV,UNIVERSAL CORP,Consumer Staples,17,187,0.02037211,53.750000,54.845001,4H当日前50,4H EMA9 已站上 EMA26，等待 26/50 确认；4H MACD 位于 Signal 上方；4H RSI 位于健康强势区间
2026-07-22,2026-07-29,Early,Russell,RELL,RICHARDSON ELECTRONICS LTD,Information Technology,18,1223,-0.07329256,18.010000,16.690001,4H当日前50,4H EMA9/26 最近金叉且价格在 EMA50 上方；4H MACD 位于 Signal 上方；4H MACD 柱体连续扩张；4H RSI 位于健康强势区间
2026-07-22,2026-07-29,Early,Russell,HMH,HMH HOLDING INC CLASS A,Energy,19,1216,-0.11353915,21.049999,18.660000,4H当日前50,4H EMA9 已站上 EMA26，等待 26/50 确认；4H MACD 位于 Signal 上方；4H MACD 柱体连续扩张；4H RSI 位于健康强势区间
2026-07-22,2026-07-29,Early,Russell,RWT,REDWOOD TRUST REIT INC,Financials,20,1602,-0.08169291,5.080000,4.665000,4H当日前50,4H EMA9 已站上 EMA26，等待 26/50 确认；4H MACD 柱体连续扩张；4H RSI 位于健康强势区间
2026-07-22,2026-07-29,Early,Russell,EPSN,EPSILON ENERGY LTD,Energy,21,556,-0.01766784,5.660000,5.560000,4H当日前50,4H EMA9 已站上 EMA26，等待 26/50 确认；4H MACD 位于 Signal 上方；4H MACD 柱体连续扩张；4H RSI 位于健康强势区间
2026-07-22,2026-07-29,Early,Russell,INVX,INNOVEX INTERNATIONAL INC,Energy,22,664,-0.05332846,27.190001,25.740000,4H当日前50,4H EMA9 已站上 EMA26，等待 26/50 确认；4H MACD 位于 Signal 上方；4H MACD 柱体连续扩张
2026-07-22,2026-07-29,Early,Russell,AURA,AURA BIOSCIENCES INC,Health Care,23,995,0.00000000,7.010000,7.010000,4H当日前50,4H EMA9/26 最近金叉且价格在 EMA50 上方；4H MACD 刚金叉但仍需零轴确认；4H MACD 柱体连续扩张；4H RSI 位于健康强势区间
2026-07-22,2026-07-29,Early,Russell,RNGR,RANGER ENERGY SERVICES INC CLASS A,Energy,24,1195,-0.06998164,16.290001,15.150000,4H当日前50,4H EMA 多头排列已连续维持；4H MACD 零轴上方刚金叉；4H MACD 柱体连续扩张；4H RSI 位于健康强势区间
2026-07-22,2026-07-29,Early,Russell,PTEN,PATTERSON UTI ENERGY INC,Energy,25,1168,-0.12966418,10.720000,9.330000,4H当日前50,4H EMA9 已站上 EMA26，等待 26/50 确认；4H MACD 位于 Signal 上方；4H MACD 柱体连续扩张
2026-07-22,2026-07-29,Early,Russell,FLR,FLUOR CORP,Industrials,26,1561,-0.09213848,51.580002,46.827499,4H当日前50,4H EMA9/26 最近金叉且价格在 EMA50 上方；4H MACD 位于 Signal 上方；4H MACD 柱体连续扩张；4H RSI 位于健康强势区间
2026-07-22,2026-07-29,Early,Russell,GNE,GENIE ENERGY LTD CLASS B,Utilities,27,1143,-0.03372333,14.530000,14.040000,4H当日前50,4H EMA9/26 最近金叉且价格在 EMA50 上方；4H MACD 位于 Signal 上方；4H MACD 柱体连续扩张；4H RSI 位于健康强势区间
2026-07-22,2026-07-29,Early,Russell,PNRG,PRIMEENERGY RESOURCES CORP,Energy,28,1332,-0.04671787,193.395004,184.360001,4H当日前50,4H EMA9 已站上 EMA26，等待 26/50 确认；4H MACD 位于 Signal 上方；4H RSI 位于健康强势区间
2026-07-22,2026-07-29,Early,Russell,COCO,THE VITA COCO COMPANY INC,Consumer Staples,29,1183,-0.09281392,74.449997,67.540001,4H当日前50,4H EMA9 已站上 EMA26，等待 26/50 确认；4H MACD 位于 Signal 上方；4H RSI 位于健康强势区间
2026-07-22,2026-07-29,Early,Russell,GATX,GATX CORP,Industrials,30,802,0.00875614,180.330002,181.908997,4H当日前50,4H EMA 多头排列已连续维持；4H MACD 零轴上方刚金叉；4H MACD 柱体连续扩张；4H RSI 位于健康强势区间
2026-07-22,2026-07-29,Early,Russell,STNE,STONECO LTD CLASS A,Financials,31,1098,-0.03521127,11.360000,10.960000,4H当日前50,4H EMA 多头排列已连续维持；4H MACD 零轴上方刚金叉；4H RSI 位于健康强势区间
2026-07-22,2026-07-29,Early,Russell,PAHC,PHIBRO ANIMAL HEALTH CORP CLASS A,Health Care,32,679,0.09287193,33.810001,36.950001,4H当日前50,4H EMA9 已站上 EMA26，等待 26/50 确认；4H MACD 柱体连续扩张；4H RSI 位于健康强势区间
2026-07-22,2026-07-29,Early,Russell,GBX,GREENBRIER INC,Industrials,33,872,-0.00669405,51.090000,50.748001,4H当日前50,4H EMA 多头排列已连续维持；4H MACD 位于 Signal 上方；4H MACD 柱体连续扩张；4H RSI 位于健康强势区间
2026-07-22,2026-07-29,Early,Russell,BRCB,BLACK ROCK COFFEE BAR INC CLASS A,Consumer Discretionary,34,426,0.00501882,7.970000,8.010000,4H当日前50,4H EMA9/26 最近金叉且价格在 EMA50 上方；4H MACD 柱体连续扩张；4H RSI 位于健康强势区间
2026-07-22,2026-07-29,Early,Russell,TWI,TITAN INTERNATIONAL INC,Industrials,35,988,-0.03522013,7.950000,7.670000,4H当日前50,4H EMA 多头排列已连续维持；4H MACD 位于 Signal 上方；4H MACD 柱体连续扩张；4H RSI 位于健康强势区间
2026-07-22,2026-07-29,Early,Russell,CIX,COMPX INTERNATIONAL INC CLASS A,Industrials,36,472,0.09719309,26.184999,28.730000,4H当日前50,4H EMA9/26 最近金叉且价格在 EMA50 上方；4H MACD 刚金叉但仍需零轴确认；4H MACD 柱体连续扩张；4H RSI 位于健康强势区间
2026-07-22,2026-07-29,Early,Russell,JOUT,JOHNSON OUTDOORS INC CLASS A,Consumer Discretionary,37,39,0.01435300,46.680000,47.349998,4H当日前50,4H EMA 多头排列已连续维持；4H MACD 位于 Signal 上方；4H RSI 位于健康强势区间
2026-07-22,2026-07-29,Early,Russell,ILPT,INDUSTRIAL LOGISTICS PROPERTIES TR,Real Estate,38,1260,-0.04381161,9.130000,8.730000,4H当日前50,4H EMA9/26 最近金叉且价格在 EMA50 上方；4H MACD 零轴上方刚金叉；4H RSI 位于健康强势区间
2026-07-22,2026-07-29,Early,Russell,MRX,MAREX GROUP LTD,Financials,39,1315,-0.04115412,65.849998,63.139999,4H当日前50,4H EMA9/26 最近金叉且价格在 EMA50 上方；4H MACD 刚金叉但仍需零轴确认；4H MACD 柱体连续扩张；4H RSI 位于健康强势区间
2026-07-22,2026-07-29,Early,Russell,SFL,SFL LTD,Energy,40,719,0.07059955,11.330100,12.130000,4H当日前50,4H EMA 多头排列已连续维持；4H MACD 位于 Signal 上方；4H RSI 位于健康强势区间
2026-07-22,2026-07-29,Early,Russell,VTOL,BRISTOW GROUP INC,Energy,41,900,-0.00279510,45.080002,44.953999,4H当日前50,4H EMA 多头排列已连续维持；4H MACD 位于 Signal 上方；4H RSI 位于健康强势区间
2026-07-22,2026-07-29,Early,Russell,NUAI,NEW ERA ENERGY AND DIGITAL INC,Energy,42,1896,-0.30034423,5.810000,4.065000,4H当日前50,4H EMA9 已站上 EMA26，等待 26/50 确认；4H MACD 位于 Signal 上方；4H RSI 位于健康强势区间
2026-07-22,2026-07-29,Early,Russell,MGEE,MGE ENERGY INC,Utilities,43,1113,-0.03241348,82.989998,80.300003,4H当日前50,4H EMA9/26 最近金叉且价格在 EMA50 上方；4H MACD 零轴上方刚金叉；4H MACD 柱体连续扩张；4H RSI 位于健康强势区间
2026-07-22,2026-07-29,Early,Russell,NWN,NORTHWEST NATURAL HOLDING COMPANY,Utilities,44,847,-0.00591831,51.535000,51.230000,4H当日前50,4H MACD 零轴上方刚金叉；4H MACD 柱体连续扩张；4H RSI 位于健康强势区间
2026-07-22,2026-07-29,Early,Russell,ATMU,ATMUS FILTRATION TECHNOLOGIES INC,Industrials,45,628,-0.03904760,52.500000,50.450001,4H当日前50,4H MACD 零轴上方刚金叉；4H MACD 柱体连续扩张；4H RSI 位于健康强势区间
2026-07-22,2026-07-29,Early,Russell,ARKO,ARKO,Consumer Discretionary,46,1160,-0.05378973,8.180000,7.740000,4H当日前50,4H EMA9/26 最近金叉且价格在 EMA50 上方；4H MACD 零轴上方刚金叉；4H MACD 柱体连续扩张；4H RSI 位于健康强势区间
2026-07-22,2026-07-29,Early,Russell,PGEN,PRECIGEN INC,Health Care,47,301,0.02443609,5.320000,5.450000,4H当日前50,4H EMA9/26 最近金叉且价格在 EMA50 上方；4H MACD 位于 Signal 上方；4H MACD 柱体连续扩张；4H RSI 位于健康强势区间
2026-07-22,2026-07-29,Early,Russell,OIS,OIL STATES INTERNATIONAL INC,Energy,48,1488,-0.10951835,8.720000,7.765000,4H当日前50,4H EMA 多头排列已连续维持；4H MACD 零轴上方刚金叉；4H MACD 柱体连续扩张；4H RSI 位于健康强势区间
2026-07-22,2026-07-29,Early,Russell,UNFI,UNITED NATURAL FOODS INC,Consumer Staples,49,350,0.00279607,50.070000,50.209999,4H当日前50,4H EMA9 已站上 EMA26，等待 26/50 确认；4H MACD 位于 Signal 上方；4H RSI 位于健康强势区间
2026-07-22,2026-07-29,Early,Russell,SMC,SUMMIT MIDSTREAM CORP,Energy,50,95,-0.00098915,30.330000,30.299999,4H当日前50,4H EMA9/26 最近金叉且价格在 EMA50 上方；4H MACD 柱体连续扩张；4H RSI 位于健康强势区间
2026-07-22,2026-07-29,Prism,S&P 500,SWK,Stanley Black & Decker,Industrials,1,66,0.04267957,89.269997,93.080002,4H当日前50,4H EMA9/26 最近金叉且价格在 EMA50 上方；4H MACD 零轴上方刚金叉；4H MACD 柱体连续扩张；4H RSI 位于健康强势区间
2026-07-22,2026-07-29,Prism,S&P 500,CME,CME Group,Financials,2,185,0.06499758,249.240005,265.440002,4H当日前50,4H EMA9 已站上 EMA26，等待 26/50 确认；4H MACD 零轴上方刚金叉；4H MACD 柱体连续扩张；4H RSI 位于健康强势区间
2026-07-22,2026-07-29,Prism,S&P 500,AVGO,Broadcom,Information Technology,3,382,-0.06675737,396.809998,370.320007,4H当日前50,4H EMA9/26 最近金叉且价格在 EMA50 上方；4H MACD 刚金叉但仍需零轴确认；4H MACD 柱体连续扩张；4H RSI 位于健康强势区间
2026-07-22,2026-07-29,Prism,S&P 500,DUK,Duke Energy,Utilities,4,94,0.00945909,127.919998,129.130005,4H当日前50,4H EMA9/26 最近金叉且价格在 EMA50 上方；4H MACD 刚金叉但仍需零轴确认；4H MACD 柱体连续扩张；4H RSI 位于健康强势区间
2026-07-22,2026-07-29,Prism,S&P 500,DGX,Quest Diagnostics,Health Care,5,309,0.11976758,209.990005,235.139999,4H当日前50,4H EMA9/26 最近金叉且价格在 EMA50 上方；4H MACD 零轴上方刚金叉；4H MACD 柱体连续扩张；4H RSI 位于健康强势区间
2026-07-22,2026-07-29,Prism,S&P 500,DVN,Devon Energy,Energy,6,236,-0.00858232,44.860001,44.474998,4H当日前50,4H EMA9 已站上 EMA26，等待 26/50 确认；4H MACD 位于 Signal 上方；4H MACD 柱体连续扩张；4H RSI 位于健康强势区间
2026-07-22,2026-07-29,Prism,S&P 500,CBOE,Cboe Global Markets,Financials,7,320,0.08997429,282.024994,307.399994,4H当日前50,4H EMA9 已站上 EMA26，等待 26/50 确认；4H MACD 零轴上方刚金叉；4H MACD 柱体连续扩张；4H RSI 位于健康强势区间
2026-07-22,2026-07-29,Prism,S&P 500,AKAM,Akamai Technologies,Information Technology,8,465,-0.13588092,124.300003,107.410004,4H当日前50,4H EMA9 已站上 EMA26，等待 26/50 确认；4H MACD 位于 Signal 上方；4H RSI 位于健康强势区间
2026-07-22,2026-07-29,Prism,S&P 500,MDLZ,Mondelez International,Consumer Staples,9,195,0.06786061,60.860001,64.989998,4H当日前50,4H EMA9 已站上 EMA26，等待 26/50 确认；4H MACD 位于 Signal 上方；4H MACD 柱体连续扩张；4H RSI 位于健康强势区间
2026-07-22,2026-07-29,Prism,S&P 500,COIN,Coinbase,Financials,10,1,-0.03629906,166.119995,160.089996,4H当日前50,4H EMA9 已站上 EMA26，等待 26/50 确认；4H MACD 位于 Signal 上方；4H RSI 位于健康强势区间
2026-07-22,2026-07-29,Prism,S&P 500,HPE,Hewlett Packard Enterprise,Information Technology,11,422,-0.07704897,48.149899,44.439999,4H当日前50,4H EMA9/26 最近金叉且价格在 EMA50 上方；4H MACD 零轴上方刚金叉；4H MACD 柱体连续扩张；4H RSI 位于健康强势区间
2026-07-22,2026-07-29,Prism,S&P 500,GM,General Motors,Consumer Discretionary,12,296,0.08839647,82.129997,89.389999,4H当日前50,4H EMA9/26 最近金叉且价格在 EMA50 上方；4H MACD 位于 Signal 上方；4H MACD 柱体连续扩张；4H RSI 位于健康强势区间
2026-07-22,2026-07-29,Prism,S&P 500,APA,APA Corporation,Energy,13,278,0.01437261,36.180000,36.700001,4H当日前50,4H EMA9 已站上 EMA26，等待 26/50 确认；4H MACD 位于 Signal 上方；4H MACD 柱体连续扩张；4H RSI 位于健康强势区间
2026-07-22,2026-07-29,Prism,S&P 500,A,Agilent Technologies,Health Care,14,62,0.05160533,133.434097,140.320007,4H当日前50,4H EMA9/26 最近金叉且价格在 EMA50 上方；4H MACD 柱体连续扩张；4H RSI 位于健康强势区间
2026-07-22,2026-07-29,Prism,S&P 500,DELL,Dell Technologies,Information Technology,15,441,-0.16335422,441.799988,369.630096,4H当日前50,4H EMA9/26 最近金叉且价格在 EMA50 上方；4H MACD 刚金叉但仍需零轴确认；4H MACD 柱体连续扩张；4H RSI 位于健康强势区间
2026-07-22,2026-07-29,Prism,S&P 500,PFE,Pfizer,Health Care,16,67,0.01329037,24.830000,25.160000,4H当日前50,4H EMA9 已站上 EMA26，等待 26/50 确认；4H MACD 位于 Signal 上方；4H RSI 位于健康强势区间
2026-07-22,2026-07-29,Prism,S&P 500,TXT,Textron,Industrials,17,385,-0.06539409,91.675003,85.680000,4H当日前50,4H EMA9 已站上 EMA26，等待 26/50 确认；4H MACD 位于 Signal 上方；4H MACD 柱体连续扩张；4H RSI 位于健康强势区间
2026-07-22,2026-07-29,Prism,S&P 500,HON,Honeywell Technologies,Industrials,18,229,0.03489416,232.990005,241.119995,4H当日前50,4H EMA9 已站上 EMA26，等待 26/50 确认；4H MACD 位于 Signal 上方；4H MACD 柱体连续扩张；4H RSI 位于健康强势区间
2026-07-22,2026-07-29,Prism,S&P 500,DOW,Dow Inc.,Materials,19,305,-0.02433561,31.230000,30.469999,4H当日前50,4H EMA9 已站上 EMA26，等待 26/50 确认；4H MACD 位于 Signal 上方；4H MACD 柱体连续扩张；4H RSI 位于健康强势区间
2026-07-22,2026-07-29,Prism,S&P 500,FDX,FedEx,Industrials,20,417,-0.03825783,320.980011,308.700012,4H当日前50,4H EMA9/26 最近金叉且价格在 EMA50 上方；4H MACD 刚金叉但仍需零轴确认；4H MACD 柱体连续扩张；4H RSI 位于健康强势区间
2026-07-22,2026-07-29,Prism,S&P 500,VICI,Vici Properties,Real Estate,21,43,0.02146084,26.559999,27.129999,4H当日前50,4H EMA9 已站上 EMA26，等待 26/50 确认；4H MACD 位于 Signal 上方；4H RSI 位于健康强势区间
2026-07-22,2026-07-29,Prism,S&P 500,ED,Consolidated Edison,Utilities,22,204,0.00151649,112.099998,112.269997,4H当日前50,4H EMA9/26 最近金叉且价格在 EMA50 上方；4H MACD 柱体连续扩张；4H RSI 位于健康强势区间
2026-07-22,2026-07-29,Prism,S&P 500,EQT,EQT Corporation,Energy,23,8,-0.02683448,54.035000,52.584999,4H当日前50,4H EMA9/26 最近金叉且价格在 EMA50 上方；4H MACD 位于 Signal 上方；4H MACD 柱体连续扩张
2026-07-22,2026-07-29,Prism,S&P 500,CEG,Constellation Energy,Utilities,24,386,-0.06165872,274.899994,257.950012,4H当日前50,4H EMA9 已站上 EMA26，等待 26/50 确认；4H MACD 位于 Signal 上方；4H MACD 柱体连续扩张
2026-07-22,2026-07-29,Prism,S&P 500,EXE,Expand Energy,Energy,25,167,-0.00762047,93.169998,92.459999,4H当日前50,4H EMA9/26 最近金叉且价格在 EMA50 上方；4H MACD 位于 Signal 上方；4H MACD 柱体连续扩张
2026-07-22,2026-07-29,Prism,S&P 500,CTSH,Cognizant,Information Technology,26,323,0.29620197,43.180000,55.970001,4H当日前50,4H EMA9 已站上 EMA26，等待 26/50 确认
2026-07-22,2026-07-29,Prism,S&P 500,AMD,Advanced Micro Devices,Information Technology,27,485,-0.22227657,552.330017,429.559998,4H当日前50,4H EMA9/26 最近金叉且价格在 EMA50 上方；4H MACD 刚金叉但仍需零轴确认；4H MACD 柱体连续扩张；4H RSI 位于健康强势区间
2026-07-22,2026-07-29,Prism,S&P 500,STLD,Steel Dynamics,Materials,28,210,0.05740864,238.639999,252.339996,4H当日前50,4H EMA9/26 最近金叉且价格在 EMA50 上方；4H MACD 位于 Signal 上方；4H MACD 柱体连续扩张；4H RSI 位于健康强势区间
2026-07-22,2026-07-29,Prism,S&P 500,WY,Weyerhaeuser,Real Estate,29,254,0.02729946,23.809999,24.459999,4H当日前50,4H EMA9 已站上 EMA26，等待 26/50 确认；4H MACD 位于 Signal 上方；4H RSI 位于健康强势区间
2026-07-22,2026-07-29,Prism,S&P 500,VZ,Verizon,Communication Services,30,172,0.06696781,44.275002,47.240002,4H当日前50,4H EMA9 已站上 EMA26，等待 26/50 确认；4H MACD 位于 Signal 上方；4H RSI 位于健康强势区间
2026-07-22,2026-07-29,Prism,S&P 500,WAB,Wabtec,Industrials,31,209,0.00598312,289.980011,291.714996,4H当日前50,4H EMA9/26 最近金叉且价格在 EMA50 上方；4H MACD 位于 Signal 上方；4H MACD 柱体连续扩张
2026-07-22,2026-07-29,Prism,S&P 500,UNH,UnitedHealth Group,Health Care,32,341,-0.02457050,431.309998,420.712494,4H当日前50,4H EMA 多头排列已连续维持；4H MACD 零轴上方刚金叉；4H RSI 位于健康强势区间
2026-07-22,2026-07-29,Prism,S&P 500,AMGN,Amgen,Health Care,33,156,0.05898109,366.049988,387.640015,4H当日前50,4H EMA 多头排列已连续维持；4H MACD 零轴上方刚金叉；4H RSI 位于健康强势区间
2026-07-22,2026-07-29,Prism,S&P 500,DD,DuPont,Materials,34,31,-0.01109909,139.649994,138.100006,4H当日前50,4H EMA9/26 最近金叉且价格在 EMA50 上方；4H MACD 位于 Signal 上方；4H MACD 柱体连续扩张；4H RSI 位于健康强势区间
2026-07-22,2026-07-29,Prism,S&P 500,TPR,"Tapestry, Inc.",Consumer Discretionary,35,123,0.04547314,143.667007,150.199997,4H当日前50,4H EMA9/26 最近金叉且价格在 EMA50 上方；4H MACD 位于 Signal 上方；4H MACD 柱体连续扩张；4H RSI 位于健康强势区间
2026-07-22,2026-07-29,Prism,S&P 500,BF-B,Brown–Forman,Consumer Staples,36,312,0.11856310,26.391001,29.520000,4H当日前50,4H EMA9/26 最近金叉且价格在 EMA50 上方；4H MACD 位于 Signal 上方；4H RSI 位于健康强势区间
2026-07-22,2026-07-29,Prism,S&P 500,LYB,LyondellBasell,Materials,37,97,-0.02874112,62.279999,60.490002,4H当日前50,4H EMA9 已站上 EMA26，等待 26/50 确认；4H MACD 位于 Signal 上方
2026-07-22,2026-07-29,Prism,S&P 500,MRK,Merck & Co.,Health Care,38,176,0.02250629,127.519997,130.389999,4H当日前50,4H EMA 多头排列已连续维持；4H MACD 零轴上方刚金叉；4H MACD 柱体连续扩张；4H RSI 位于健康强势区间
2026-07-22,2026-07-29,Prism,S&P 500,FCX,Freeport-McMoRan,Materials,39,406,-0.07647328,64.989998,60.020000,4H当日前50,4H EMA9/26 最近金叉且价格在 EMA50 上方；4H MACD 位于 Signal 上方；4H MACD 柱体连续扩张；4H RSI 位于健康强势区间
2026-07-22,2026-07-29,Prism,S&P 500,EL,Estée Lauder Companies (The),Consumer Staples,40,12,0.01785419,82.669998,84.146004,4H当日前50,4H EMA9 已站上 EMA26，等待 26/50 确认；4H MACD 位于 Signal 上方；4H RSI 位于健康强势区间
2026-07-22,2026-07-29,Prism,S&P 500,INTU,Intuit,Information Technology,41,245,0.17105496,284.470001,333.130005,4H当日前50,4H EMA9 已站上 EMA26，等待 26/50 确认；4H RSI 位于健康强势区间
2026-07-22,2026-07-29,Prism,S&P 500,AES,AES Corporation,Utilities,42,262,-0.00134771,14.840000,14.820000,4H当日前50,4H EMA 多头排列已连续维持；4H MACD 零轴上方刚金叉；4H RSI 位于健康强势区间
2026-07-22,2026-07-29,Prism,S&P 500,TAP,Molson Coors Beverage Company,Consumer Staples,43,140,0.04216425,41.029999,42.759998,4H当日前50,4H EMA 多头排列已连续维持；4H MACD 位于 Signal 上方；4H RSI 位于健康强势区间
2026-07-22,2026-07-29,Prism,S&P 500,PH,Parker Hannifin,Industrials,44,388,-0.02053851,971.299011,951.349976,4H当日前50,4H EMA 多头排列已连续维持；4H MACD 零轴上方刚金叉；4H MACD 柱体连续扩张；4H RSI 位于健康强势区间
2026-07-22,2026-07-29,Prism,S&P 500,IRM,Iron Mountain,Real Estate,45,242,-0.03018869,124.550003,120.790001,4H当日前50,4H EMA9 已站上 EMA26，等待 26/50 确认；4H MACD 位于 Signal 上方；4H RSI 位于健康强势区间
2026-07-22,2026-07-29,Prism,S&P 500,HPQ,HP Inc.,Information Technology,46,314,0.13204541,25.105000,28.420000,4H当日前50,4H EMA 多头排列已连续维持；4H MACD 位于 Signal 上方；4H MACD 柱体连续扩张；4H RSI 位于健康强势区间
2026-07-22,2026-07-29,Prism,S&P 500,NUE,Nucor,Materials,47,228,0.08532549,235.919998,256.049988,4H当日前50,4H EMA9 已站上 EMA26，等待 26/50 确认；4H MACD 位于 Signal 上方；4H MACD 柱体连续扩张；4H RSI 位于健康强势区间
2026-07-22,2026-07-29,Prism,S&P 500,TJX,TJX Companies,Consumer Discretionary,48,184,0.04021879,155.399994,161.649994,4H当日前50,4H EMA9 已站上 EMA26，等待 26/50 确认；4H MACD 位于 Signal 上方；4H RSI 位于健康强势区间
2026-07-22,2026-07-29,Prism,S&P 500,ACN,Accenture,Information Technology,49,324,0.23649087,140.089996,173.220001,4H当日前50,4H EMA9 已站上 EMA26，等待 26/50 确认；4H MACD 位于 Signal 上方；4H RSI 位于健康强势区间
2026-07-22,2026-07-29,Prism,S&P 500,FRT,Federal Realty Investment Trust,Real Estate,50,294,0.00631597,125.080002,125.870003,4H当日前50,4H EMA 多头排列已连续维持；4H MACD 位于 Signal 上方；4H RSI 位于健康强势区间
2026-07-22,2026-07-29,Prism,Nasdaq 200,AVGO,Broadcom,Information Technology,1,117,-0.06675737,396.809998,370.320007,4H当日前50,4H EMA9/26 最近金叉且价格在 EMA50 上方；4H MACD 刚金叉但仍需零轴确认；4H MACD 柱体连续扩张；4H RSI 位于健康强势区间
2026-07-22,2026-07-29,Prism,Nasdaq 200,AKAM,Akamai Technologies,Information Technology,2,167,-0.13588092,124.300003,107.410004,4H当日前50,4H EMA9 已站上 EMA26，等待 26/50 确认；4H MACD 位于 Signal 上方；4H RSI 位于健康强势区间
2026-07-22,2026-07-29,Prism,Nasdaq 200,MDLZ,Mondelez International,Consumer Staples,3,72,0.06786061,60.860001,64.989998,4H当日前50,4H EMA9 已站上 EMA26，等待 26/50 确认；4H MACD 位于 Signal 上方；4H MACD 柱体连续扩张；4H RSI 位于健康强势区间
2026-07-22,2026-07-29,Prism,Nasdaq 200,ESLT,Elbit Systems Ltd. - Ordinary Shares,,4,142,-0.02975946,792.690002,769.099976,4H当日前50,4H EMA9/26 最近金叉且价格在 EMA50 上方；4H MACD 位于 Signal 上方；4H MACD 柱体连续扩张；4H RSI 位于健康强势区间
2026-07-22,2026-07-29,Prism,Nasdaq 200,CEG,Constellation Energy,Utilities,5,122,-0.06165872,274.899994,257.950012,4H当日前50,4H EMA9 已站上 EMA26，等待 26/50 确认；4H MACD 位于 Signal 上方；4H MACD 柱体连续扩张
2026-07-22,2026-07-29,Prism,Nasdaq 200,HON,Honeywell Technologies,Industrials,6,85,0.03489416,232.990005,241.119995,4H当日前50,4H EMA9 已站上 EMA26，等待 26/50 确认；4H MACD 位于 Signal 上方；4H MACD 柱体连续扩张；4H RSI 位于健康强势区间
2026-07-22,2026-07-29,Prism,Nasdaq 200,AMD,Advanced Micro Devices,Information Technology,7,179,-0.22227657,552.330017,429.559998,4H当日前50,4H EMA9/26 最近金叉且价格在 EMA50 上方；4H MACD 刚金叉但仍需零轴确认；4H MACD 柱体连续扩张；4H RSI 位于健康强势区间
2026-07-22,2026-07-29,Prism,Nasdaq 200,STLD,Steel Dynamics,Materials,8,56,0.05740864,238.639999,252.339996,4H当日前50,4H EMA9/26 最近金叉且价格在 EMA50 上方；4H MACD 位于 Signal 上方；4H MACD 柱体连续扩张；4H RSI 位于健康强势区间
2026-07-22,2026-07-29,Prism,Nasdaq 200,LOGI,Logitech International S.A. - Registered Shares,,9,126,-0.01369469,104.419998,102.989998,4H当日前50,4H EMA9 已站上 EMA26，等待 26/50 确认；4H MACD 位于 Signal 上方；4H MACD 柱体连续扩张；4H RSI 位于健康强势区间
2026-07-22,2026-07-29,Prism,Nasdaq 200,EXE,Expand Energy,Energy,10,45,-0.00762047,93.169998,92.459999,4H当日前50,4H EMA9/26 最近金叉且价格在 EMA50 上方；4H MACD 位于 Signal 上方；4H MACD 柱体连续扩张
2026-07-22,2026-07-29,Prism,Nasdaq 200,AMGN,Amgen,Health Care,11,60,0.05898109,366.049988,387.640015,4H当日前50,4H EMA 多头排列已连续维持；4H MACD 零轴上方刚金叉；4H RSI 位于健康强势区间
2026-07-22,2026-07-29,Prism,Nasdaq 200,NVDA,Nvidia,Information Technology,12,150,-0.10398002,212.059998,190.009995,4H当日前50,4H MACD 零轴上方刚金叉；4H MACD 柱体连续扩张；4H RSI 位于健康强势区间
2026-07-22,2026-07-29,Prism,Nasdaq 200,INTU,Intuit,Information Technology,13,91,0.17105496,284.470001,333.130005,4H当日前50,4H EMA9 已站上 EMA26，等待 26/50 确认；4H RSI 位于健康强势区间
2026-07-22,2026-07-29,Prism,Nasdaq 200,TCOM,Trip.com Group Limited - American Depositary Shares,,14,104,0.08031935,42.580002,46.000000,4H当日前50,4H EMA9 已站上 EMA26，等待 26/50 确认；4H MACD 位于 Signal 上方
2026-07-22,2026-07-29,Prism,Nasdaq 200,CTSH,Cognizant,Information Technology,15,116,0.29620197,43.180000,55.970001,4H当日前50,4H EMA9 已站上 EMA26，等待 26/50 确认
2026-07-22,2026-07-29,Prism,Nasdaq 200,CASY,Casey's,Consumer Staples,16,90,0.01216236,856.739990,867.159973,4H当日前50,4H EMA 多头排列已连续维持；4H MACD 位于 Signal 上方；4H RSI 位于健康强势区间
2026-07-22,2026-07-29,Prism,Nasdaq 200,ADSK,Autodesk,Information Technology,17,94,0.20515971,203.500000,245.250000,4H当日前50,4H EMA9 已站上 EMA26，等待 26/50 确认
2026-07-22,2026-07-29,Prism,Nasdaq 200,MPWR,Monolithic Power Systems,Information Technology,18,156,-0.10703990,1398.449951,1248.760010,4H当日前50,4H EMA9/26 最近金叉且价格在 EMA50 上方；4H MACD 位于 Signal 上方；4H MACD 柱体连续扩张；4H RSI 位于健康强势区间
2026-07-22,2026-07-29,Prism,Nasdaq 200,CMCSA,Comcast,Communication Services,19,18,0.04634358,23.520000,24.610001,4H当日前50,4H EMA9 已站上 EMA26，等待 26/50 确认
2026-07-22,2026-07-29,Prism,Nasdaq 200,LITE,Lumentum,Information Technology,20,195,-0.27401474,829.700012,602.349976,4H当日前50,4H EMA9/26 最近金叉且价格在 EMA50 上方；4H MACD 位于 Signal 上方；4H RSI 位于健康强势区间
2026-07-22,2026-07-29,Prism,Nasdaq 200,FOXA,Fox Corporation (Class A),Communication Services,21,81,0.04428698,56.450001,58.950001,4H当日前50,4H EMA9 已站上 EMA26，等待 26/50 确认；4H MACD 位于 Signal 上方；4H RSI 位于健康强势区间
2026-07-22,2026-07-29,Prism,Nasdaq 200,STX,Seagate Technology,Information Technology,22,158,-0.15820943,908.099976,764.429993,4H当日前50,4H EMA9/26 最近金叉且价格在 EMA50 上方；4H MACD 位于 Signal 上方；4H MACD 柱体连续扩张；4H RSI 位于健康强势区间
2026-07-22,2026-07-29,Prism,Nasdaq 200,EXC,Exelon,Utilities,23,40,0.00706634,46.700001,47.029999,4H当日前50,4H MACD 刚金叉但仍需零轴确认；4H MACD 柱体连续扩张；4H RSI 位于健康强势区间
2026-07-22,2026-07-29,Prism,Nasdaq 200,MSTR,Strategy Inc - Class A Common Stock,,24,149,-0.06679332,100.010002,93.330002,4H当日前50,4H EMA9 已站上 EMA26，等待 26/50 确认；4H MACD 位于 Signal 上方；4H RSI 位于健康强势区间
2026-07-22,2026-07-29,Prism,Nasdaq 200,TSEM,Tower Semiconductor Ltd. - Ordinary Shares,,25,186,-0.24722480,249.529999,187.839996,4H当日前50,4H EMA9/26 最近金叉且价格在 EMA50 上方；4H MACD 位于 Signal 上方；4H RSI 位于健康强势区间
2026-07-22,2026-07-29,Prism,Nasdaq 200,EVRG,Evergy,Utilities,26,140,-0.02957484,86.559998,84.000000,4H当日前50,4H MACD 刚金叉但仍需零轴确认；4H MACD 柱体连续扩张；4H RSI 位于健康强势区间
2026-07-22,2026-07-29,Prism,Nasdaq 200,NTAP,NetApp,Information Technology,27,49,0.04017055,166.539993,173.229996,4H当日前50,4H EMA 多头排列已连续维持；4H MACD 柱体连续扩张；4H RSI 位于健康强势区间
2026-07-22,2026-07-29,Prism,Nasdaq 200,ORLY,O’Reilly Automotive,Consumer Discretionary,28,47,0.04738239,86.529999,90.629997,4H当日前50,4H MACD 位于 Signal 上方；4H RSI 位于健康强势区间
2026-07-22,2026-07-29,Prism,Nasdaq 200,PCAR,Paccar,Industrials,29,50,0.02105098,131.110001,133.869995,4H当日前50,4H EMA 多头排列已连续维持；4H MACD 零轴上方刚金叉；4H MACD 柱体连续扩张
2026-07-22,2026-07-29,Prism,Nasdaq 200,FOX,Fox Corporation (Class B),Communication Services,30,96,0.04147736,50.630001,52.730000,4H当日前50,4H EMA9 已站上 EMA26，等待 26/50 确认；4H RSI 位于健康强势区间
2026-07-22,2026-07-29,Prism,Nasdaq 200,XEL,Xcel Energy,Utilities,31,143,-0.01795738,80.190002,78.750000,4H当日前50,4H MACD 刚金叉但仍需零轴确认；4H MACD 柱体连续扩张；4H RSI 位于健康强势区间
2026-07-22,2026-07-29,Prism,Nasdaq 200,NDSN,Nordson Corporation,Industrials,32,59,0.01162596,291.589996,294.980011,4H当日前50,4H MACD 位于 Signal 上方；4H MACD 柱体连续扩张；4H RSI 位于健康强势区间
2026-07-22,2026-07-29,Prism,Nasdaq 200,ULTA,Ulta Beauty,Consumer Discretionary,33,66,0.05081487,483.519989,508.089996,4H当日前50,4H MACD 位于 Signal 上方；4H RSI 位于健康强势区间
2026-07-22,2026-07-29,Prism,Nasdaq 200,BKR,Baker Hughes,Energy,34,11,0.03745588,56.599998,58.720001,4H当日前50,4H MACD 刚金叉但仍需零轴确认；4H MACD 柱体连续扩张；4H RSI 位于健康强势区间
2026-07-22,2026-07-29,Prism,Nasdaq 200,CHRW,C.H. Robinson,Industrials,35,152,-0.16204488,207.350006,173.750000,4H当日前50,4H EMA 多头排列已连续维持；4H MACD 位于 Signal 上方；4H RSI 位于健康强势区间
2026-07-22,2026-07-29,Prism,Nasdaq 200,SMMT,Summit Therapeutics Inc.  - Common Stock,,36,161,-0.13161465,14.740000,12.800000,4H当日前50,4H MACD 刚金叉但仍需零轴确认；4H MACD 柱体连续扩张；4H RSI 位于健康强势区间
2026-07-22,2026-07-29,Prism,Nasdaq 200,FANG,Diamondback Energy,Energy,37,97,-0.01916067,203.020004,199.130005,4H当日前50,4H EMA 多头排列已连续维持；4H MACD 位于 Signal 上方
2026-07-22,2026-07-29,Prism,Nasdaq 200,SYM,Symbotic Inc. - Class A Common Stock,,38,125,-0.04992932,42.459999,40.340000,4H当日前50,4H MACD 刚金叉但仍需零轴确认；4H MACD 柱体连续扩张；4H RSI 位于健康强势区间
2026-07-22,2026-07-29,Prism,Nasdaq 200,JBHT,J.B. Hunt,Industrials,39,137,-0.05509162,292.239990,276.140015,4H当日前50,4H EMA 多头排列已连续维持；4H MACD 位于 Signal 上方；4H RSI 位于健康强势区间
2026-07-22,2026-07-29,Prism,Nasdaq 200,JD,"JD.com, Inc. - American Depositary Shares",,40,119,0.06799340,30.150000,32.200001,4H当日前50,4H EMA 多头排列已连续维持；4H MACD 位于 Signal 上方；4H RSI 位于健康强势区间
2026-07-22,2026-07-29,Prism,Nasdaq 200,EA,Electronic Arts,Communication Services,41,102,-0.00019140,208.949997,208.910004,4H当日前50,4H EMA 多头排列已连续维持；4H MACD 位于 Signal 上方
2026-07-22,2026-07-29,Prism,Nasdaq 200,ODFL,Old Dominion,Industrials,42,134,-0.04299832,232.800003,222.789993,4H当日前50,4H MACD 位于 Signal 上方；4H RSI 位于健康强势区间
2026-07-22,2026-07-29,Prism,Nasdaq 200,CTAS,Cintas,Industrials,43,101,0.07533769,201.360001,216.529999,4H当日前50,4H EMA 多头排列已连续维持；4H MACD 位于 Signal 上方；4H RSI 位于健康强势区间
2026-07-22,2026-07-29,Prism,Nasdaq 200,RPRX,Royalty Pharma plc - Class A Ordinary Shares,,44,68,0.00783377,58.720001,59.180000,4H当日前50,4H EMA 多头排列已连续维持；4H MACD 位于 Signal 上方；4H MACD 柱体连续扩张；4H RSI 位于健康强势区间
2026-07-22,2026-07-29,Prism,Nasdaq 200,KMB,Kimberly-Clark,Consumer Staples,45,34,0.03976857,108.879997,113.209999,4H当日前50,4H MACD 柱体连续扩张；4H RSI 位于健康强势区间
2026-07-22,2026-07-29,Prism,Nasdaq 200,AAPL,Apple Inc.,Information Technology,46,55,0.03774276,325.890015,338.190002,4H当日前50,4H RSI 位于健康强势区间
2026-07-22,2026-07-29,Prism,Nasdaq 200,KHC,Kraft Heinz,Consumer Staples,47,71,0.06394461,25.959999,27.620001,4H当日前50,4H EMA 多头排列已连续维持；4H RSI 位于健康强势区间
2026-07-22,2026-07-29,Prism,Nasdaq 200,DPZ,Domino's,Consumer Discretionary,48,78,0.12559802,319.829987,360.000000,4H当日前50,4H MACD 位于 Signal 上方；4H RSI 位于健康强势区间
2026-07-22,2026-07-29,Prism,Nasdaq 200,ZBRA,Zebra Technologies,Information Technology,49,83,0.07699338,262.750000,282.980011,4H当日前50,4H MACD 柱体连续扩张；4H RSI 位于健康强势区间
2026-07-22,2026-07-29,Prism,Nasdaq 200,RGLD,"Royal Gold, Inc. - Common Stock",,50,21,-0.02871907,201.259995,195.479996,4H当日前50,4H MACD 位于 Signal 上方；4H MACD 柱体连续扩张；4H RSI 位于健康强势区间
2026-07-22,2026-07-29,Prism,Nasdaq Liquid 500,AVGO,Broadcom,Information Technology,1,251,-0.06675737,396.809998,370.320007,4H当日前50,4H EMA9/26 最近金叉且价格在 EMA50 上方；4H MACD 刚金叉但仍需零轴确认；4H MACD 柱体连续扩张；4H RSI 位于健康强势区间
2026-07-22,2026-07-29,Prism,Nasdaq Liquid 500,CME,CME Group,Financials,2,113,0.06499758,249.240005,265.440002,4H当日前50,4H EMA9 已站上 EMA26，等待 26/50 确认；4H MACD 零轴上方刚金叉；4H MACD 柱体连续扩张；4H RSI 位于健康强势区间
2026-07-22,2026-07-29,Prism,Nasdaq Liquid 500,COIN,Coinbase,Financials,3,1,-0.03629906,166.119995,160.089996,4H当日前50,4H EMA9 已站上 EMA26，等待 26/50 确认；4H MACD 位于 Signal 上方；4H RSI 位于健康强势区间
2026-07-22,2026-07-29,Prism,Nasdaq Liquid 500,CZR,"Caesars Entertainment, Inc. - Common Stock",,4,312,-0.00567806,29.940001,29.770000,4H当日前50,4H EMA9/26 最近金叉且价格在 EMA50 上方；4H MACD 零轴上方刚金叉；4H RSI 位于健康强势区间
2026-07-22,2026-07-29,Prism,Nasdaq Liquid 500,BRKR,Bruker Corporation - Common Stock,,5,75,0.03347841,59.740002,61.740002,4H当日前50,4H EMA9/26 最近金叉且价格在 EMA50 上方；4H MACD 零轴上方刚金叉；4H MACD 柱体连续扩张；4H RSI 位于健康强势区间
2026-07-22,2026-07-29,Prism,Nasdaq Liquid 500,COKE,"Coca-Cola Consolidated, Inc. - Common Stock",,6,71,0.04355607,184.360001,192.389999,4H当日前50,4H EMA9/26 最近金叉且价格在 EMA50 上方；4H MACD 位于 Signal 上方；4H MACD 柱体连续扩张；4H RSI 位于健康强势区间
2026-07-22,2026-07-29,Prism,Nasdaq Liquid 500,HON,Honeywell Technologies,Industrials,7,161,0.03489416,232.990005,241.119995,4H当日前50,4H EMA9 已站上 EMA26，等待 26/50 确认；4H MACD 位于 Signal 上方；4H MACD 柱体连续扩张；4H RSI 位于健康强势区间
2026-07-22,2026-07-29,Prism,Nasdaq Liquid 500,AKAM,Akamai Technologies,Information Technology,8,373,-0.13588092,124.300003,107.410004,4H当日前50,4H EMA9 已站上 EMA26，等待 26/50 确认；4H MACD 位于 Signal 上方；4H RSI 位于健康强势区间
2026-07-22,2026-07-29,Prism,Nasdaq Liquid 500,AUR,"Aurora Innovation, Inc.  - Class A Common Stock",,10,278,-0.09531014,6.610000,5.980000,4H当日前50,4H EMA9/26 最近金叉且价格在 EMA50 上方；4H MACD 位于 Signal 上方；4H MACD 柱体连续扩张；4H RSI 位于健康强势区间
2026-07-22,2026-07-29,Prism,Nasdaq Liquid 500,MDLZ,Mondelez International,Consumer Staples,11,150,0.06786061,60.860001,64.989998,4H当日前50,4H EMA9 已站上 EMA26，等待 26/50 确认；4H MACD 位于 Signal 上方；4H MACD 柱体连续扩张；4H RSI 位于健康强势区间
2026-07-22,2026-07-29,Prism,Nasdaq Liquid 500,AMD,Advanced Micro Devices,Information Technology,12,420,-0.22227657,552.330017,429.559998,4H当日前50,4H EMA9/26 最近金叉且价格在 EMA50 上方；4H MACD 刚金叉但仍需零轴确认；4H MACD 柱体连续扩张；4H RSI 位于健康强势区间
2026-07-22,2026-07-29,Prism,Nasdaq Liquid 500,WFRD,Weatherford International plc - Ordinary shares,,13,54,-0.05510278,87.110001,82.309998,4H当日前50,4H EMA9/26 最近金叉且价格在 EMA50 上方；4H MACD 位于 Signal 上方；4H MACD 柱体连续扩张；4H RSI 位于健康强势区间
2026-07-22,2026-07-29,Prism,Nasdaq Liquid 500,ARWR,"Arrowhead Pharmaceuticals, Inc. - Common Stock",,14,68,-0.02795937,88.699997,86.220001,4H当日前50,4H EMA9/26 最近金叉且价格在 EMA50 上方；4H MACD 刚金叉但仍需零轴确认；4H MACD 柱体连续扩张；4H RSI 位于健康强势区间
2026-07-22,2026-07-29,Prism,Nasdaq Liquid 500,GLPI,"Gaming and Leisure Properties, Inc. - Common Stock",,15,129,0.02907625,44.709999,46.009998,4H当日前50,4H EMA9 已站上 EMA26，等待 26/50 确认；4H MACD 位于 Signal 上方；4H RSI 位于健康强势区间
2026-07-22,2026-07-29,Prism,Nasdaq Liquid 500,APA,APA Corporation,Energy,16,206,0.01437261,36.180000,36.700001,4H当日前50,4H EMA9 已站上 EMA26，等待 26/50 确认；4H MACD 位于 Signal 上方；4H MACD 柱体连续扩张；4H RSI 位于健康强势区间
2026-07-22,2026-07-29,Prism,Nasdaq Liquid 500,SAIA,"Saia, Inc. - Common Stock",,17,388,-0.07471441,426.290009,394.440002,4H当日前50,4H EMA9 已站上 EMA26，等待 26/50 确认；4H MACD 位于 Signal 上方
2026-07-22,2026-07-29,Prism,Nasdaq Liquid 500,STLD,Steel Dynamics,Materials,18,131,0.05740864,238.639999,252.339996,4H当日前50,4H EMA9/26 最近金叉且价格在 EMA50 上方；4H MACD 位于 Signal 上方；4H MACD 柱体连续扩张；4H RSI 位于健康强势区间
2026-07-22,2026-07-29,Prism,Nasdaq Liquid 500,CEG,Constellation Energy,Utilities,19,275,-0.06165872,274.899994,257.950012,4H当日前50,4H EMA9 已站上 EMA26，等待 26/50 确认；4H MACD 位于 Signal 上方；4H MACD 柱体连续扩张
2026-07-22,2026-07-29,Prism,Nasdaq Liquid 500,LOGI,Logitech International S.A. - Registered Shares,,20,269,-0.01369469,104.419998,102.989998,4H当日前50,4H EMA9 已站上 EMA26，等待 26/50 确认；4H MACD 位于 Signal 上方；4H MACD 柱体连续扩张；4H RSI 位于健康强势区间
2026-07-22,2026-07-29,Prism,Nasdaq Liquid 500,EXE,Expand Energy,Energy,21,90,-0.00762047,93.169998,92.459999,4H当日前50,4H EMA9/26 最近金叉且价格在 EMA50 上方；4H MACD 位于 Signal 上方；4H MACD 柱体连续扩张
2026-07-22,2026-07-29,Prism,Nasdaq Liquid 500,VSAT,VIASAT INC,Information Technology,22,343,-0.05620547,74.370003,70.190002,4H当日前50,4H EMA9/26 最近金叉且价格在 EMA50 上方；4H MACD 刚金叉但仍需零轴确认；4H MACD 柱体连续扩张；4H RSI 位于健康强势区间
2026-07-22,2026-07-29,Prism,Nasdaq Liquid 500,FUTU,Futu Holdings Limited - American Depositary Shares,,23,19,-0.03968328,106.089996,101.879997,4H当日前50,4H EMA9 已站上 EMA26，等待 26/50 确认；4H MACD 位于 Signal 上方；4H MACD 柱体连续扩张
2026-07-22,2026-07-29,Prism,Nasdaq Liquid 500,LGND,LIGAND PHARMACEUTICALS INC,Health Care,24,324,-0.05340827,304.260010,288.010010,4H当日前50,4H EMA9/26 最近金叉且价格在 EMA50 上方；4H MACD 柱体连续扩张；4H RSI 位于健康强势区间
2026-07-22,2026-07-29,Prism,Nasdaq Liquid 500,COCO,THE VITA COCO COMPANY INC,Consumer Staples,25,274,-0.09281392,74.449997,67.540001,4H当日前50,4H EMA9 已站上 EMA26，等待 26/50 确认；4H MACD 位于 Signal 上方；4H RSI 位于健康强势区间
2026-07-22,2026-07-29,Prism,Nasdaq Liquid 500,ONDS,ONDAS INC,Information Technology,26,356,-0.14670000,8.000000,6.826400,4H当日前50,4H EMA9/26 最近金叉且价格在 EMA50 上方；4H MACD 位于 Signal 上方；4H MACD 柱体连续扩张；4H RSI 位于健康强势区间
2026-07-22,2026-07-29,Prism,Nasdaq Liquid 500,MPWR,Monolithic Power Systems,Information Technology,27,329,-0.10703990,1398.449951,1248.760010,4H当日前50,4H EMA9/26 最近金叉且价格在 EMA50 上方；4H MACD 位于 Signal 上方；4H MACD 柱体连续扩张；4H RSI 位于健康强势区间
2026-07-22,2026-07-29,Prism,Nasdaq Liquid 500,AMGN,Amgen,Health Care,28,93,0.05898109,366.049988,387.640015,4H当日前50,4H EMA 多头排列已连续维持；4H MACD 零轴上方刚金叉；4H RSI 位于健康强势区间
2026-07-22,2026-07-29,Prism,Nasdaq Liquid 500,ASO,ACADEMY SPORTS AND OUTDOORS INC,Consumer Discretionary,29,,0.00429797,48.860001,49.070000,4H当日前50,4H EMA9 已站上 EMA26，等待 26/50 确认；4H MACD 位于 Signal 上方；4H RSI 位于健康强势区间
2026-07-22,2026-07-29,Prism,Nasdaq Liquid 500,CTSH,Cognizant,Information Technology,30,243,0.29620197,43.180000,55.970001,4H当日前50,4H EMA9 已站上 EMA26，等待 26/50 确认
2026-07-22,2026-07-29,Prism,Nasdaq Liquid 500,INTU,Intuit,Information Technology,31,165,0.17105496,284.470001,333.130005,4H当日前50,4H EMA9 已站上 EMA26，等待 26/50 确认；4H RSI 位于健康强势区间
2026-07-22,2026-07-29,Prism,Nasdaq Liquid 500,TCOM,Trip.com Group Limited - American Depositary Shares,,32,216,0.08031935,42.580002,46.000000,4H当日前50,4H EMA9 已站上 EMA26，等待 26/50 确认；4H MACD 位于 Signal 上方
2026-07-22,2026-07-29,Prism,Nasdaq Liquid 500,PTEN,PATTERSON UTI ENERGY INC,Energy,33,271,-0.12966418,10.720000,9.330000,4H当日前50,4H EMA9 已站上 EMA26，等待 26/50 确认；4H MACD 位于 Signal 上方；4H MACD 柱体连续扩张
2026-07-22,2026-07-29,Prism,Nasdaq Liquid 500,NVDA,Nvidia,Information Technology,34,345,-0.10398002,212.059998,190.009995,4H当日前50,4H MACD 零轴上方刚金叉；4H MACD 柱体连续扩张；4H RSI 位于健康强势区间
2026-07-22,2026-07-29,Prism,Nasdaq Liquid 500,QRVO,"Qorvo, Inc. - Common Stock",,35,23,0.00022348,89.480003,89.500000,4H当日前50,4H EMA9/26 最近金叉且价格在 EMA50 上方；4H MACD 位于 Signal 上方；4H MACD 柱体连续扩张；4H RSI 位于健康强势区间
2026-07-22,2026-07-29,Prism,Nasdaq Liquid 500,CAR,"Avis Budget Group, Inc. - Common Stock",,36,303,-0.05786076,164.360001,154.850006,4H当日前50,4H EMA9/26 最近金叉且价格在 EMA50 上方；4H MACD 位于 Signal 上方；4H MACD 柱体连续扩张；4H RSI 位于健康强势区间
2026-07-22,2026-07-29,Prism,Nasdaq Liquid 500,BELFB,BEL FUSE INC CLASS B,Information Technology,37,362,-0.14050204,282.059998,242.429993,4H当日前50,4H EMA9/26 最近金叉且价格在 EMA50 上方；4H MACD 位于 Signal 上方；4H MACD 柱体连续扩张；4H RSI 位于健康强势区间
2026-07-22,2026-07-29,Prism,Nasdaq Liquid 500,LITE,Lumentum,Information Technology,38,458,-0.27401474,829.700012,602.349976,4H当日前50,4H EMA9/26 最近金叉且价格在 EMA50 上方；4H MACD 位于 Signal 上方；4H RSI 位于健康强势区间
2026-07-22,2026-07-29,Prism,Nasdaq Liquid 500,ICHR,ICHOR HOLDINGS LTD,Information Technology,39,,-0.34700515,95.330002,62.250000,4H当日前50,4H EMA9/26 最近金叉且价格在 EMA50 上方；4H MACD 刚金叉但仍需零轴确认；4H MACD 柱体连续扩张；4H RSI 位于健康强势区间
2026-07-22,2026-07-29,Prism,Nasdaq Liquid 500,TWST,TWIST BIOSCIENCE CORP,Health Care,40,339,-0.09277145,94.209999,85.470001,4H当日前50,4H EMA 多头排列已连续维持；4H MACD 零轴上方刚金叉；4H MACD 柱体连续扩张；4H RSI 位于健康强势区间
2026-07-22,2026-07-29,Prism,Nasdaq Liquid 500,IESC,"IES Holdings, Inc. - Common Stock",,41,444,-0.26398696,674.200012,496.220001,4H当日前50,4H EMA9/26 最近金叉且价格在 EMA50 上方；4H MACD 位于 Signal 上方；4H MACD 柱体连续扩张；4H RSI 位于健康强势区间
2026-07-22,2026-07-29,Prism,Nasdaq Liquid 500,STX,Seagate Technology,Information Technology,42,349,-0.15820943,908.099976,764.429993,4H当日前50,4H EMA9/26 最近金叉且价格在 EMA50 上方；4H MACD 位于 Signal 上方；4H MACD 柱体连续扩张；4H RSI 位于健康强势区间
2026-07-22,2026-07-29,Prism,Nasdaq Liquid 500,CASY,Casey's,Consumer Staples,43,198,0.01216236,856.739990,867.159973,4H当日前50,4H EMA 多头排列已连续维持；4H MACD 位于 Signal 上方；4H RSI 位于健康强势区间
2026-07-22,2026-07-29,Prism,Nasdaq Liquid 500,CBRS,Cerebras Systems Inc. - Class A Common Stock,,44,367,-0.19261203,209.800003,169.389999,4H当日前50,4H EMA9/26 最近金叉且价格在 EMA50 上方；4H MACD 位于 Signal 上方；4H MACD 柱体连续扩张；4H RSI 位于健康强势区间
2026-07-22,2026-07-29,Prism,Nasdaq Liquid 500,CMCSA,Comcast,Communication Services,45,25,0.04634358,23.520000,24.610001,4H当日前50,4H EMA9 已站上 EMA26，等待 26/50 确认
2026-07-22,2026-07-29,Prism,Nasdaq Liquid 500,FOXA,Fox Corporation (Class A),Communication Services,46,175,0.04428698,56.450001,58.950001,4H当日前50,4H EMA9 已站上 EMA26，等待 26/50 确认；4H MACD 位于 Signal 上方；4H RSI 位于健康强势区间
2026-07-22,2026-07-29,Prism,Nasdaq Liquid 500,MSTR,Strategy Inc - Class A Common Stock,,47,332,-0.06679332,100.010002,93.330002,4H当日前50,4H EMA9 已站上 EMA26，等待 26/50 确认；4H MACD 位于 Signal 上方；4H RSI 位于健康强势区间
2026-07-22,2026-07-29,Prism,Nasdaq Liquid 500,HUT,HUT CORP,Information Technology,48,370,-0.19734208,109.860001,88.180000,4H当日前50,4H EMA9/26 最近金叉且价格在 EMA50 上方；4H MACD 位于 Signal 上方；4H MACD 柱体连续扩张；4H RSI 位于健康强势区间
2026-07-22,2026-07-29,Prism,Nasdaq Liquid 500,CLSK,CLEANSPARK INC,Information Technology,49,368,-0.21631321,15.325000,12.010000,4H当日前50,4H EMA9 已站上 EMA26，等待 26/50 确认；4H MACD 位于 Signal 上方；4H RSI 位于健康强势区间
2026-07-22,2026-07-29,Prism,Nasdaq Liquid 500,CIFR,CIPHER DIGITAL INC,Information Technology,50,386,-0.27698284,24.459999,17.684999,4H当日前50,4H EMA9/26 最近金叉且价格在 EMA50 上方；4H MACD 位于 Signal 上方；4H MACD 柱体连续扩张；4H RSI 位于健康强势区间
2026-07-22,2026-07-29,Prism,Russell,PHAT,PHATHOM PHARMACEUTICALS INC,Health Care,1,296,-0.00512821,11.700000,11.640000,4H当日前50,4H EMA9/26 最近金叉且价格在 EMA50 上方；4H MACD 刚金叉但仍需零轴确认；4H MACD 柱体连续扩张；4H RSI 位于健康强势区间
2026-07-22,2026-07-29,Prism,Russell,GWRS,GLOBAL WATER RESOURCES INC,Utilities,2,240,0.04469274,7.160000,7.480000,4H当日前50,4H EMA9/26 最近金叉且价格在 EMA50 上方；4H MACD 零轴上方刚金叉；4H MACD 柱体连续扩张；4H RSI 位于健康强势区间
2026-07-22,2026-07-29,Prism,Russell,IPI,INTREPID POTASH INC,Materials,3,60,0.01866746,34.820000,35.470001,4H当日前50,4H EMA9/26 最近金叉且价格在 EMA50 上方；4H MACD 零轴上方刚金叉；4H MACD 柱体连续扩张；4H RSI 位于健康强势区间
2026-07-22,2026-07-29,Prism,Russell,BKV,BKV CORP,Energy,4,1574,-0.12137210,26.530001,23.309999,4H当日前50,4H EMA9/26 最近金叉且价格在 EMA50 上方；4H MACD 刚金叉但仍需零轴确认；4H MACD 柱体连续扩张；4H RSI 位于健康强势区间
2026-07-22,2026-07-29,Prism,Russell,CLB,CORE LABORATORIES INC,Energy,5,1569,-0.17605340,11.985000,9.875000,4H当日前50,4H EMA9/26 最近金叉且价格在 EMA50 上方；4H MACD 位于 Signal 上方；4H MACD 柱体连续扩张；4H RSI 位于健康强势区间
2026-07-22,2026-07-29,Prism,Russell,CMP,COMPASS MINERALS INTERNATIONAL INC,Materials,6,937,-0.02639880,30.115000,29.320000,4H当日前50,4H EMA9/26 最近金叉且价格在 EMA50 上方；4H MACD 位于 Signal 上方；4H MACD 柱体连续扩张；4H RSI 位于健康强势区间
2026-07-22,2026-07-29,Prism,Russell,CIX,COMPX INTERNATIONAL INC CLASS A,Industrials,7,706,0.09719309,26.184999,28.730000,4H当日前50,4H EMA9/26 最近金叉且价格在 EMA50 上方；4H MACD 刚金叉但仍需零轴确认；4H MACD 柱体连续扩张；4H RSI 位于健康强势区间
2026-07-22,2026-07-29,Prism,Russell,GNL,GLOBAL NET LEASE INC,Real Estate,8,1064,-0.03113053,9.155000,8.870000,4H当日前50,4H EMA9 已站上 EMA26，等待 26/50 确认；4H MACD 位于 Signal 上方；4H RSI 位于健康强势区间
2026-07-22,2026-07-29,Prism,Russell,MRX,MAREX GROUP LTD,Financials,9,1402,-0.04115412,65.849998,63.139999,4H当日前50,4H EMA9/26 最近金叉且价格在 EMA50 上方；4H MACD 刚金叉但仍需零轴确认；4H MACD 柱体连续扩张；4H RSI 位于健康强势区间
2026-07-22,2026-07-29,Prism,Russell,LAND,GLADSTONE LAND REIT CORP,Real Estate,10,1070,-0.02649770,8.680000,8.450000,4H当日前50,4H EMA9 已站上 EMA26，等待 26/50 确认；4H MACD 位于 Signal 上方；4H RSI 位于健康强势区间
2026-07-22,2026-07-29,Prism,Russell,CMRE,COSTAMARE INC,Industrials,11,858,0.00722733,15.220000,15.330000,4H当日前50,4H EMA9 已站上 EMA26，等待 26/50 确认；4H MACD 零轴上方刚金叉；4H RSI 位于健康强势区间
2026-07-22,2026-07-29,Prism,Russell,NE,NOBLE CORPORATION PLC,Energy,12,1362,-0.05376101,43.340000,41.009998,4H当日前50,4H EMA9 已站上 EMA26，等待 26/50 确认；4H MACD 位于 Signal 上方；4H MACD 柱体连续扩张；4H RSI 位于健康强势区间
2026-07-22,2026-07-29,Prism,Russell,GNE,GENIE ENERGY LTD CLASS B,Utilities,13,1177,-0.03372333,14.530000,14.040000,4H当日前50,4H EMA9/26 最近金叉且价格在 EMA50 上方；4H MACD 位于 Signal 上方；4H MACD 柱体连续扩张；4H RSI 位于健康强势区间
2026-07-22,2026-07-29,Prism,Russell,SPOK,SPOK HOLDINGS INC,Communication,14,362,0.02910798,10.650000,10.960000,4H当日前50,4H EMA9 已站上 EMA26，等待 26/50 确认；4H MACD 位于 Signal 上方；4H RSI 位于健康强势区间
2026-07-22,2026-07-29,Prism,Russell,ULH,UNIVERSAL LOGISTICS HOLDINGS INC,Industrials,15,121,-0.08343705,16.059999,14.720000,4H当日前50,4H EMA9/26 最近金叉且价格在 EMA50 上方；4H MACD 位于 Signal 上方；4H MACD 柱体连续扩张；4H RSI 位于健康强势区间
2026-07-22,2026-07-29,Prism,Russell,MATV,MATIV HOLDINGS INC,Materials,16,749,0.07015385,8.125000,8.695000,4H当日前50,4H EMA9 已站上 EMA26，等待 26/50 确认；4H MACD 位于 Signal 上方；4H RSI 位于健康强势区间
2026-07-22,2026-07-29,Prism,Russell,SRI,STONERIDGE INC,Consumer Discretionary,17,1313,-0.04059540,7.390000,7.090000,4H当日前50,4H EMA9/26 最近金叉且价格在 EMA50 上方；4H MACD 位于 Signal 上方；4H MACD 柱体连续扩张；4H RSI 位于健康强势区间
2026-07-22,2026-07-29,Prism,Russell,NUS,NU SKIN ENTERPRISES INC CLASS A,Consumer Staples,18,5,0.00956938,5.225000,5.275000,4H当日前50,4H EMA9 已站上 EMA26，等待 26/50 确认；4H MACD 位于 Signal 上方；4H RSI 位于健康强势区间
2026-07-22,2026-07-29,Prism,Russell,PATK,PATRICK INDUSTRIES INC,Consumer Discretionary,19,68,0.00231434,86.419998,86.620003,4H当日前50,4H EMA9 已站上 EMA26，等待 26/50 确认；4H MACD 位于 Signal 上方；4H RSI 位于健康强势区间
2026-07-22,2026-07-29,Prism,Russell,CNX,CNX RESOURCES CORP,Energy,20,343,0.00288692,34.639999,34.740002,4H当日前50,4H EMA9/26 最近金叉且价格在 EMA50 上方；4H MACD 位于 Signal 上方；4H MACD 柱体连续扩张；4H RSI 位于健康强势区间
2026-07-22,2026-07-29,Prism,Russell,MGEE,MGE ENERGY INC,Utilities,21,1142,-0.03241348,82.989998,80.300003,4H当日前50,4H EMA9/26 最近金叉且价格在 EMA50 上方；4H MACD 零轴上方刚金叉；4H MACD 柱体连续扩张；4H RSI 位于健康强势区间
2026-07-22,2026-07-29,Prism,Russell,NLOP,NET LEASE OFFICE PROPERTIES,Real Estate,22,326,0.02139825,11.543000,11.790000,4H当日前50,4H EMA9 已站上 EMA26，等待 26/50 确认；4H MACD 位于 Signal 上方；4H RSI 位于健康强势区间
2026-07-22,2026-07-29,Prism,Russell,WHD,CACTUS INC CLASS A,Energy,23,1330,-0.06517861,56.000000,52.349998,4H当日前50,4H EMA9 已站上 EMA26，等待 26/50 确认；4H MACD 位于 Signal 上方；4H MACD 柱体连续扩张；4H RSI 位于健康强势区间
2026-07-22,2026-07-29,Prism,Russell,ILPT,INDUSTRIAL LOGISTICS PROPERTIES TR,Real Estate,24,1306,-0.04381161,9.130000,8.730000,4H当日前50,4H EMA9/26 最近金叉且价格在 EMA50 上方；4H MACD 零轴上方刚金叉；4H RSI 位于健康强势区间
2026-07-22,2026-07-29,Prism,Russell,ADNT,ADIENT PLC,Consumer Discretionary,25,555,0.04450895,20.670000,21.590000,4H当日前50,4H EMA9 已站上 EMA26，等待 26/50 确认；4H MACD 位于 Signal 上方；4H MACD 柱体连续扩张；4H RSI 位于健康强势区间
2026-07-22,2026-07-29,Prism,Russell,UVV,UNIVERSAL CORP,Consumer Staples,26,167,0.02037211,53.750000,54.845001,4H当日前50,4H EMA9 已站上 EMA26，等待 26/50 确认；4H MACD 位于 Signal 上方；4H RSI 位于健康强势区间
2026-07-22,2026-07-29,Prism,Russell,SD,SANDRIDGE ENERGY INC,Energy,27,957,-0.02714286,14.000000,13.620000,4H当日前50,4H EMA9 已站上 EMA26，等待 26/50 确认；4H MACD 位于 Signal 上方；4H MACD 柱体连续扩张；4H RSI 位于健康强势区间
2026-07-22,2026-07-29,Prism,Russell,ECVT,ECOVYST INC,Materials,28,1141,-0.07065637,12.950000,12.035000,4H当日前50,4H EMA9 已站上 EMA26，等待 26/50 确认；4H MACD 位于 Signal 上方；4H MACD 柱体连续扩张；4H RSI 位于健康强势区间
2026-07-22,2026-07-29,Prism,Russell,MLAB,MESA LABORATORIES INC,Health Care,29,23,0.01105817,98.570000,99.660004,4H当日前50,4H EMA9/26 最近金叉且价格在 EMA50 上方；4H MACD 位于 Signal 上方；4H RSI 位于健康强势区间
2026-07-22,2026-07-29,Prism,Russell,CODI,COMPASS DIVERSIFIED,Financials,30,906,-0.03143133,10.340000,10.015000,4H当日前50,4H EMA9/26 最近金叉且价格在 EMA50 上方；4H MACD 位于 Signal 上方；4H MACD 柱体连续扩张；4H RSI 位于健康强势区间
2026-07-22,2026-07-29,Prism,Russell,ZUMZ,ZUMIEZ INC,Consumer Discretionary,31,775,0.03548729,18.879999,19.549999,4H当日前50,4H EMA9 已站上 EMA26，等待 26/50 确认；4H MACD 位于 Signal 上方；4H RSI 位于健康强势区间
2026-07-22,2026-07-29,Prism,Russell,ARKO,ARKO,Consumer Discretionary,32,1213,-0.05378973,8.180000,7.740000,4H当日前50,4H EMA9/26 最近金叉且价格在 EMA50 上方；4H MACD 零轴上方刚金叉；4H MACD 柱体连续扩张；4H RSI 位于健康强势区间
2026-07-22,2026-07-29,Prism,Russell,PGEN,PRECIGEN INC,Health Care,33,283,0.02443609,5.320000,5.450000,4H当日前50,4H EMA9/26 最近金叉且价格在 EMA50 上方；4H MACD 位于 Signal 上方；4H MACD 柱体连续扩张；4H RSI 位于健康强势区间
2026-07-22,2026-07-29,Prism,Russell,SMP,STANDARD MOTOR PRODUCTS INC,Consumer Discretionary,34,320,0.04702840,38.700001,40.520000,4H当日前50,4H EMA9 已站上 EMA26，等待 26/50 确认；4H MACD 位于 Signal 上方；4H RSI 位于健康强势区间
2026-07-22,2026-07-29,Prism,Russell,CAL,CALERES INC,Consumer Discretionary,35,36,0.02429311,12.555000,12.860000,4H当日前50,4H EMA9/26 最近金叉且价格在 EMA50 上方；4H MACD 位于 Signal 上方；4H MACD 柱体连续扩张；4H RSI 位于健康强势区间
2026-07-22,2026-07-29,Prism,Russell,CV,CAPSOVISION INC,Health Care,36,148,-0.04052098,6.910000,6.630000,4H当日前50,4H EMA9 已站上 EMA26，等待 26/50 确认；4H MACD 位于 Signal 上方；4H RSI 位于健康强势区间
2026-07-22,2026-07-29,Prism,Russell,BTU,PEABODY ENERGY CORP,Energy,37,1495,-0.12735655,23.870001,20.830000,4H当日前50,4H EMA9/26 最近金叉且价格在 EMA50 上方；4H MACD 位于 Signal 上方；4H MACD 柱体连续扩张；4H RSI 位于健康强势区间
2026-07-22,2026-07-29,Prism,Russell,CRC,CALIFORNIA RESOURCES CORP,Energy,38,1093,-0.06129270,53.840000,50.540001,4H当日前50,4H EMA9/26 最近金叉且价格在 EMA50 上方；4H MACD 位于 Signal 上方；4H MACD 柱体连续扩张；4H RSI 位于健康强势区间
2026-07-22,2026-07-29,Prism,Russell,RIG,TRANSOCEAN LTD,Energy,39,1741,-0.06244087,5.285000,4.955000,4H当日前50,4H EMA9 已站上 EMA26，等待 26/50 确认；4H MACD 位于 Signal 上方；4H MACD 柱体连续扩张；4H RSI 位于健康强势区间
2026-07-22,2026-07-29,Prism,Russell,INR,INFINITY NATURAL RESOURCES INC CLA,Energy,40,1223,-0.09217775,13.615000,12.360000,4H当日前50,4H EMA9 已站上 EMA26，等待 26/50 确认；4H MACD 位于 Signal 上方；4H MACD 柱体连续扩张；4H RSI 位于健康强势区间
2026-07-22,2026-07-29,Prism,Russell,CNR,CORE NATURAL RESOURCES INC,Energy,41,1471,-0.10894035,87.525002,77.989998,4H当日前50,4H EMA9 已站上 EMA26，等待 26/50 确认；4H MACD 位于 Signal 上方；4H MACD 柱体连续扩张；4H RSI 位于健康强势区间
2026-07-22,2026-07-29,Prism,Russell,VVX,V2X INC,Industrials,42,312,0.06646921,81.014999,86.400002,4H当日前50,4H EMA9 已站上 EMA26，等待 26/50 确认；4H MACD 位于 Signal 上方；4H MACD 柱体连续扩张；4H RSI 位于健康强势区间
2026-07-22,2026-07-29,Prism,Russell,PPHC,PUBLIC POLICY HOLDING INC,Industrials,43,940,0.22363847,8.630000,10.560000,4H当日前50,4H EMA9 已站上 EMA26，等待 26/50 确认；4H MACD 位于 Signal 上方；4H RSI 位于健康强势区间
2026-07-22,2026-07-29,Prism,Russell,HP,HELMERICH & PAYNE INC,Energy,44,1008,-0.04897085,35.224998,33.500000,4H当日前50,4H EMA9 已站上 EMA26，等待 26/50 确认；4H MACD 位于 Signal 上方；4H MACD 柱体连续扩张；4H RSI 位于健康强势区间
2026-07-22,2026-07-29,Prism,Russell,PANL,PANGAEA LOGISTICS SOLUTIONS LTD,Industrials,45,779,-0.01069519,7.480000,7.400000,4H当日前50,4H EMA9 已站上 EMA26，等待 26/50 确认；4H MACD 位于 Signal 上方；4H RSI 位于健康强势区间
2026-07-22,2026-07-29,Prism,Russell,NTGR,NETGEAR INC,Information Technology,46,1318,-0.07432981,24.620001,22.790001,4H当日前50,4H EMA9 已站上 EMA26，等待 26/50 确认；4H MACD 位于 Signal 上方；4H MACD 柱体连续扩张；4H RSI 位于健康强势区间
2026-07-22,2026-07-29,Prism,Russell,LXU,LSB INDUSTRIES INC,Materials,47,1258,-0.03333333,11.850000,11.455000,4H当日前50,4H EMA9 已站上 EMA26，等待 26/50 确认；4H MACD 位于 Signal 上方；4H MACD 柱体连续扩张；4H RSI 位于健康强势区间
2026-07-22,2026-07-29,Prism,Russell,VTS,VITESSE ENERGY INC,Energy,48,972,-0.02643172,15.890000,15.470000,4H当日前50,4H EMA9 已站上 EMA26，等待 26/50 确认；4H MACD 位于 Signal 上方；4H RSI 位于健康强势区间
2026-07-22,2026-07-29,Prism,Russell,VAL,VALARIS LTD,Energy,49,1251,-0.05753850,78.730003,74.199997,4H当日前50,4H EMA9 已站上 EMA26，等待 26/50 确认；4H MACD 位于 Signal 上方；4H MACD 柱体连续扩张；4H RSI 位于健康强势区间
2026-07-22,2026-07-29,Prism,Russell,KMT,KENNAMETAL INC,Industrials,50,1230,-0.03383242,34.730000,33.555000,4H当日前50,4H EMA9/26 最近金叉且价格在 EMA50 上方；4H MACD 位于 Signal 上方；4H MACD 柱体连续扩张；4H RSI 位于健康强势区间
2026-07-22,2026-07-29,Aster Call,Aster,ILPT,INDUSTRIAL LOGISTICS PROPERTIES TR,Real Estate,1,,-0.04381161,9.130000,8.730000,Aster当日前50,4H EMA 刚转强；4H MACD 新金叉
2026-07-22,2026-07-29,Aster Call,Aster,RCUS,ARCUS BIOSCIENCES INC,Health Care,2,,-0.11707809,29.980000,26.469999,Aster当日前50,4H EMA 刚转强；4H MACD 新金叉
2026-07-22,2026-07-29,Aster Call,Aster,CBOE,Cboe Global Markets,Financials,3,,0.08997429,282.024994,307.399994,Aster当日前50,4H EMA 刚转强；4H MACD 新金叉
2026-07-22,2026-07-29,Aster Call,Aster,CME,CME Group,Financials,4,,0.06499758,249.240005,265.440002,Aster当日前50,4H EMA 刚转强；4H MACD 新金叉
2026-07-22,2026-07-29,Aster Call,Aster,GWRS,GLOBAL WATER RESOURCES INC,Utilities,5,,0.04469274,7.160000,7.480000,Aster当日前50,4H EMA 刚转强；4H MACD 新金叉
2026-07-22,2026-07-29,Aster Call,Aster,MGEE,MGE ENERGY INC,Utilities,6,,-0.03241348,82.989998,80.300003,Aster当日前50,4H EMA 刚转强；4H MACD 新金叉
2026-07-22,2026-07-29,Aster Call,Aster,DUK,Duke Energy,Utilities,7,,0.00945909,127.919998,129.130005,Aster当日前50,4H EMA 刚转强；4H MACD 新金叉
2026-07-22,2026-07-29,Aster Call,Aster,DGX,Quest Diagnostics,Health Care,8,,0.11976758,209.990005,235.139999,Aster当日前50,4H EMA 刚转强；4H MACD 新金叉
2026-07-22,2026-07-29,Aster Call,Aster,GLIBA,LIBERTY CAPITAL CORP SERIES A,Communication,9,,0.03812821,23.080000,23.959999,Aster当日前50,4H EMA 刚转强；4H MACD 新金叉
2026-07-22,2026-07-29,Aster Call,Aster,GM,General Motors,Consumer Discretionary,10,,0.08839647,82.129997,89.389999,Aster当日前50,4H EMA 刚转强；4H MACD 多头
2026-07-22,2026-07-29,Aster Call,Aster,SWK,Stanley Black & Decker,Industrials,11,,0.04267957,89.269997,93.080002,Aster当日前50,4H EMA 刚转强；4H MACD 新金叉
2026-07-22,2026-07-29,Aster Call,Aster,NTGR,NETGEAR INC,Information Technology,12,,-0.07432981,24.620001,22.790001,Aster当日前50,4H EMA 刚转强；4H MACD 多头
2026-07-22,2026-07-29,Aster Call,Aster,CNR,CORE NATURAL RESOURCES INC,Energy,13,,-0.10894035,87.525002,77.989998,Aster当日前50,4H EMA 刚转强；4H MACD 多头
2026-07-22,2026-07-29,Aster Call,Aster,FDX,FedEx,Industrials,14,,-0.03825783,320.980011,308.700012,Aster当日前50,4H EMA 刚转强；4H MACD 新金叉
2026-07-22,2026-07-29,Aster Call,Aster,PHAT,PHATHOM PHARMACEUTICALS INC,Health Care,15,,-0.00512821,11.700000,11.640000,Aster当日前50,4H EMA 刚转强；4H MACD 新金叉
2026-07-22,2026-07-29,Aster Call,Aster,PNRG,PRIMEENERGY RESOURCES CORP,Energy,16,,-0.03182605,193.395004,187.240005,Aster当日前50,4H EMA 刚转强；4H MACD 多头
2026-07-22,2026-07-29,Aster Call,Aster,DVN,Devon Energy,Energy,17,,-0.00858232,44.860001,44.474998,Aster当日前50,4H EMA 刚转强；4H MACD 多头
2026-07-22,2026-07-29,Aster Call,Aster,TXT,Textron,Industrials,18,,-0.06539409,91.675003,85.680000,Aster当日前50,4H EMA 刚转强；4H MACD 多头
2026-07-22,2026-07-29,Aster Call,Aster,ALLE,Allegion,Industrials,19,,0.13145308,140.050003,158.460007,Aster当日前50,4H MACD 新金叉
2026-07-22,2026-07-29,Aster Call,Aster,BRKR,Bruker Corporation - Common Stock,,20,,0.03347841,59.740002,61.740002,Aster当日前50,4H EMA 刚转强；4H MACD 新金叉
2026-07-22,2026-07-29,Aster Call,Aster,VVX,V2X INC,Industrials,21,,0.06646921,81.014999,86.400002,Aster当日前50,4H EMA 刚转强；4H MACD 多头
2026-07-22,2026-07-29,Aster Call,Aster,GLIBK,LIBERTY CAPITAL CORP SERIES C,Communication,22,,0.02210554,22.844999,23.350000,Aster当日前50,4H EMA 刚转强；4H MACD 新金叉
2026-07-22,2026-07-29,Aster Call,Aster,ARKO,ARKO,Consumer Discretionary,23,,-0.05378973,8.180000,7.740000,Aster当日前50,4H EMA 刚转强；4H MACD 新金叉
2026-07-22,2026-07-29,Aster Call,Aster,BKV,BKV CORP,Energy,24,,-0.12137210,26.530001,23.309999,Aster当日前50,4H EMA 刚转强；4H MACD 新金叉
2026-07-22,2026-07-29,Aster Call,Aster,GATX,GATX CORP,Industrials,25,,0.00875614,180.330002,181.908997,Aster当日前50,4H EMA 多头趋势；4H MACD 新金叉
2026-07-22,2026-07-29,Aster Call,Aster,ARWR,"Arrowhead Pharmaceuticals, Inc. - Common Stock",,26,,-0.02795937,88.699997,86.220001,Aster当日前50,4H EMA 刚转强；4H MACD 新金叉
2026-07-22,2026-07-29,Aster Call,Aster,VSAT,VIASAT INC,Information Technology,27,,-0.05620547,74.370003,70.190002,Aster当日前50,4H EMA 刚转强；4H MACD 新金叉
2026-07-22,2026-07-29,Aster Call,Aster,ICE,Intercontinental Exchange,Financials,28,,0.08310240,142.535004,154.380005,Aster当日前50,4H MACD 新金叉
2026-07-22,2026-07-29,Aster Call,Aster,CSTL,CASTLE BIOSCIENCES INC,Health Care,29,,-0.01410722,24.809999,24.459999,Aster当日前50,4H EMA 多头趋势；4H MACD 新金叉
2026-07-22,2026-07-29,Aster Call,Aster,ECVT,ECOVYST INC,Materials,30,,-0.07065637,12.950000,12.035000,Aster当日前50,4H EMA 刚转强；4H MACD 多头
2026-07-22,2026-07-29,Aster Call,Aster,CIX,COMPX INTERNATIONAL INC CLASS A,Industrials,32,,0.09719309,26.184999,28.730000,Aster当日前50,4H EMA 刚转强；4H MACD 新金叉
2026-07-22,2026-07-29,Aster Call,Aster,CDRE,CADRE HOLDINGS INC,Industrials,33,,0.02305383,29.930000,30.620001,Aster当日前50,4H MACD 新金叉
2026-07-22,2026-07-29,Aster Call,Aster,FLR,FLUOR CORP,Industrials,34,,-0.09213848,51.580002,46.827499,Aster当日前50,4H EMA 刚转强；4H MACD 多头
2026-07-22,2026-07-29,Aster Call,Aster,AVGO,Broadcom,Information Technology,35,,-0.06675737,396.809998,370.320007,Aster当日前50,4H EMA 刚转强；4H MACD 新金叉
2026-07-22,2026-07-29,Aster Call,Aster,TPL,Texas Pacific Land Corporation,Energy,36,,-0.10117701,433.299988,389.459991,Aster当日前50,4H EMA 多头趋势；4H MACD 新金叉
2026-07-22,2026-07-29,Aster Call,Aster,TFIN,TRIUMPH FINANCIAL INC,Financials,37,,-0.06959080,81.620003,75.940002,Aster当日前50,4H EMA 多头趋势；4H MACD 新金叉
2026-07-22,2026-07-29,Aster Call,Aster,TWIN,TWIN DISC INC,Industrials,38,,-0.04506434,23.299999,22.250000,Aster当日前50,4H EMA 多头趋势；4H MACD 新金叉
2026-07-22,2026-07-29,Aster Call,Aster,TWST,TWIST BIOSCIENCE CORP,Health Care,39,,-0.09277145,94.209999,85.470001,Aster当日前50,4H EMA 多头趋势；4H MACD 新金叉
2026-07-22,2026-07-29,Aster Call,Aster,INVX,INNOVEX INTERNATIONAL INC,Energy,40,,-0.05332846,27.190001,25.740000,Aster当日前50,4H EMA 刚转强；4H MACD 多头
2026-07-22,2026-07-29,Aster Call,Aster,CMP,COMPASS MINERALS INTERNATIONAL INC,Materials,41,,-0.02639880,30.115000,29.320000,Aster当日前50,4H EMA 刚转强；4H MACD 多头
2026-07-22,2026-07-29,Aster Call,Aster,CNX,CNX RESOURCES CORP,Energy,42,,0.00288692,34.639999,34.740002,Aster当日前50,4H EMA 刚转强；4H MACD 多头
2026-07-22,2026-07-29,Aster Call,Aster,APA,APA Corporation,Energy,43,,0.01437261,36.180000,36.700001,Aster当日前50,4H EMA 刚转强；4H MACD 多头
2026-07-22,2026-07-29,Aster Call,Aster,EXE,Expand Energy,Energy,44,,-0.00762047,93.169998,92.459999,Aster当日前50,4H EMA 刚转强；4H MACD 多头
2026-07-22,2026-07-29,Aster Call,Aster,HMH,HMH HOLDING INC CLASS A,Energy,45,,-0.11353915,21.049999,18.660000,Aster当日前50,4H EMA 刚转强；4H MACD 多头
2026-07-22,2026-07-29,Aster Call,Aster,CZR,"Caesars Entertainment, Inc. - Common Stock",,46,,-0.00567806,29.940001,29.770000,Aster当日前50,4H EMA 刚转强；4H MACD 新金叉
2026-07-22,2026-07-29,Aster Call,Aster,HPE,Hewlett Packard Enterprise,Information Technology,47,,-0.07704897,48.149899,44.439999,Aster当日前50,4H EMA 刚转强；4H MACD 新金叉
2026-07-22,2026-07-29,Aster Call,Aster,UVV,UNIVERSAL CORP,Consumer Staples,48,,0.02037211,53.750000,54.845001,Aster当日前50,4H EMA 刚转强；4H MACD 多头
2026-07-22,2026-07-29,Aster Call,Aster,ONC,BeOne Medicines Ltd. - American Depositary Shares,,49,,0.02275497,319.929993,327.209991,Aster当日前50,4H EMA 多头趋势；4H MACD 新金叉
2026-07-22,2026-07-29,Aster Call,Aster,RNGR,RANGER ENERGY SERVICES INC CLASS A,Energy,50,,-0.06998164,16.290001,15.150000,Aster当日前50,4H EMA 多头趋势；4H MACD 新金叉
2026-07-21,2026-07-29,Early,S&P 500,DVN,Devon Energy,Energy,1,65,0.00850340,44.099998,44.474998,4H当日前50,4H EMA9 已站上 EMA26，等待 26/50 确认；4H MACD 位于 Signal 上方；4H RSI 位于健康强势区间
2026-07-21,2026-07-29,Early,S&P 500,F,Ford Motor Company,Consumer Discretionary,2,134,0.07042747,14.270000,15.275000,4H当日前50,4H EMA9 已站上 EMA26，等待 26/50 确认；4H MACD 位于 Signal 上方；4H RSI 位于健康强势区间
2026-07-21,2026-07-29,Early,S&P 500,COIN,Coinbase,Financials,3,1,-0.08962189,175.850006,160.089996,4H当日前50,4H EMA9 已站上 EMA26，等待 26/50 确认；4H MACD 零轴上方刚金叉；4H MACD 柱体连续扩张；4H RSI 位于健康强势区间
2026-07-21,2026-07-29,Early,S&P 500,APA,APA Corporation,Energy,4,110,0.02599947,35.770000,36.700001,4H当日前50,4H EMA9 已站上 EMA26，等待 26/50 确认；4H MACD 位于 Signal 上方；4H MACD 柱体连续扩张；4H RSI 位于健康强势区间
2026-07-21,2026-07-29,Early,S&P 500,VST,Vistra Corp.,Utilities,5,463,-0.11992362,162.270004,142.809998,4H当日前50,4H EMA9/26 最近金叉且价格在 EMA50 上方；4H MACD 刚金叉但仍需零轴确认；4H MACD 柱体连续扩张；4H RSI 位于健康强势区间
2026-07-21,2026-07-29,Early,S&P 500,GEV,GE Vernova,Industrials,6,486,-0.16573220,1079.030029,900.200012,4H当日前50,4H EMA9/26 最近金叉且价格在 EMA50 上方；4H MACD 刚金叉但仍需零轴确认；4H MACD 柱体连续扩张；4H RSI 位于健康强势区间
2026-07-21,2026-07-29,Early,S&P 500,TMUS,T-Mobile US,Communication Services,7,372,-0.04848771,190.770004,181.520004,4H当日前50,4H MACD 位于 Signal 上方；4H RSI 位于健康强势区间
2026-07-21,2026-07-29,Early,S&P 500,TAP,Molson Coors Beverage Company,Consumer Staples,8,32,0.04624417,40.869999,42.759998,4H当日前50,4H MACD 位于 Signal 上方；4H RSI 位于健康强势区间
2026-07-21,2026-07-29,Early,S&P 500,ARES,Ares Management,Financials,9,214,0.03200302,120.769997,124.635002,4H当日前50,4H EMA9 已站上 EMA26，等待 26/50 确认
2026-07-21,2026-07-29,Early,S&P 500,TDY,Teledyne Technologies,Information Technology,10,364,-0.02406184,646.875000,631.309998,4H当日前50,4H EMA9/26 最近金叉且价格在 EMA50 上方；4H MACD 刚金叉但仍需零轴确认；4H MACD 柱体连续扩张；4H RSI 位于健康强势区间
2026-07-21,2026-07-29,Early,S&P 500,MSFT,Microsoft,Information Technology,11,176,-0.01812694,397.750000,390.540009,4H当日前50,4H MACD 位于 Signal 上方；4H RSI 位于健康强势区间
2026-07-21,2026-07-29,Early,S&P 500,DPZ,Domino's,Consumer Discretionary,12,280,0.10314397,326.339996,360.000000,4H当日前50,4H EMA 多头排列已连续维持；4H MACD 位于 Signal 上方；4H RSI 位于健康强势区间
2026-07-21,2026-07-29,Early,S&P 500,PH,Parker Hannifin,Industrials,13,387,-0.00825632,959.270020,951.349976,4H当日前50,4H EMA9/26 最近金叉且价格在 EMA50 上方；4H MACD 柱体连续扩张；4H RSI 位于健康强势区间
2026-07-21,2026-07-29,Early,S&P 500,HST,Host Hotels & Resorts,Real Estate,14,150,0.04500818,24.440001,25.540001,4H当日前50,4H MACD 位于 Signal 上方；4H MACD 柱体连续扩张；4H RSI 位于健康强势区间
2026-07-21,2026-07-29,Early,S&P 500,ICE,Intercontinental Exchange,Financials,15,293,0.11369218,138.619995,154.380005,4H当日前50,4H RSI 位于健康强势区间
2026-07-21,2026-07-29,Early,S&P 500,ULTA,Ulta Beauty,Consumer Discretionary,16,53,0.03804114,489.470001,508.089996,4H当日前50,4H MACD 位于 Signal 上方；4H RSI 位于健康强势区间
2026-07-21,2026-07-29,Early,S&P 500,PLTR,Palantir Technologies,Information Technology,17,386,-0.07281776,132.660004,123.000000,4H当日前50,4H RSI 位于健康强势区间
2026-07-21,2026-07-29,Early,S&P 500,AMZN,Amazon,Consumer Discretionary,18,457,-0.08442742,247.550003,226.649994,4H当日前50,4H RSI 位于健康强势区间
2026-07-21,2026-07-29,Early,S&P 500,IBKR,Interactive Brokers,Financials,19,411,-0.08642233,94.419998,86.260002,4H当日前50,4H EMA9/26 最近金叉且价格在 EMA50 上方；4H MACD 柱体连续扩张；4H RSI 位于健康强势区间
2026-07-21,2026-07-29,Early,S&P 500,COP,ConocoPhillips,Energy,20,114,0.00450948,117.529999,118.059998,4H当日前50,4H EMA 多头排列已连续维持；4H MACD 位于 Signal 上方
2026-07-21,2026-07-29,Early,S&P 500,NVDA,Nvidia,Information Technology,21,436,-0.08336147,207.289993,190.009995,4H当日前50,4H EMA9 已站上 EMA26，等待 26/50 确认；4H MACD 柱体连续扩张；4H RSI 位于健康强势区间
2026-07-21,2026-07-29,Early,S&P 500,BG,Bunge Global,Consumer Staples,22,440,-0.11381781,121.510002,107.680000,4H当日前50,4H MACD 位于 Signal 上方
2026-07-21,2026-07-29,Early,S&P 500,TPL,Texas Pacific Land Corporation,Energy,23,313,-0.07063429,419.059998,389.459991,4H当日前50,4H MACD 零轴上方刚金叉；4H MACD 柱体连续扩张；4H RSI 位于健康强势区间
2026-07-21,2026-07-29,Early,S&P 500,CASY,Casey's,Consumer Staples,24,220,0.01036977,858.260010,867.159973,4H当日前50,4H EMA 多头排列已连续维持；4H MACD 位于 Signal 上方；4H RSI 位于健康强势区间
2026-07-21,2026-07-29,Early,S&P 500,FRT,Federal Realty Investment Trust,Real Estate,25,185,0.00266857,125.535004,125.870003,4H当日前50,4H EMA 多头排列已连续维持；4H MACD 位于 Signal 上方；4H RSI 位于健康强势区间
2026-07-21,2026-07-29,Early,S&P 500,ODFL,Old Dominion,Industrials,26,341,-0.05110950,234.789993,222.789993,4H当日前50,4H EMA 多头排列已连续维持；4H MACD 位于 Signal 上方；4H RSI 位于健康强势区间
2026-07-21,2026-07-29,Early,S&P 500,OXY,Occidental Petroleum,Energy,27,119,-0.00787680,56.494999,56.049999,4H当日前50,4H MACD 位于 Signal 上方；4H MACD 柱体连续扩张
2026-07-21,2026-07-29,Early,S&P 500,FIS,Fidelity National Information Services,Financials,28,204,0.12564632,41.584999,46.810001,4H当日前50,4H RSI 位于健康强势区间
2026-07-21,2026-07-29,Early,S&P 500,AIG,American International Group,Financials,29,75,-0.00049858,80.230003,80.190002,4H当日前50,4H EMA 多头排列已连续维持；4H MACD 零轴上方刚金叉；4H RSI 位于健康强势区间
2026-07-21,2026-07-29,Early,S&P 500,SJM,J.M. Smucker Company (The),Consumer Staples,30,266,0.09142733,115.775002,126.360001,4H当日前50,4H EMA 多头排列已连续维持；4H MACD 位于 Signal 上方；4H MACD 柱体连续扩张；4H RSI 位于健康强势区间
2026-07-21,2026-07-29,Early,S&P 500,KIM,Kimco Realty,Real Estate,31,305,-0.00256902,26.080000,26.013000,4H当日前50,4H EMA 多头排列已连续维持；4H MACD 位于 Signal 上方；4H RSI 位于健康强势区间
2026-07-21,2026-07-29,Early,S&P 500,AME,Ametek,Industrials,32,361,-0.01059849,237.770004,235.250000,4H当日前50,4H MACD 位于 Signal 上方；4H MACD 柱体连续扩张；4H RSI 位于健康强势区间
2026-07-21,2026-07-29,Early,S&P 500,FANG,Diamondback Energy,Energy,33,229,-0.00335334,199.800003,199.130005,4H当日前50,4H EMA 多头排列已连续维持；4H MACD 位于 Signal 上方；4H MACD 柱体连续扩张
2026-07-21,2026-07-29,Early,S&P 500,GM,General Motors,Consumer Discretionary,34,278,0.12426106,79.510002,89.389999,4H当日前50,4H EMA9/26 最近金叉且价格在 EMA50 上方；4H MACD 刚金叉但仍需零轴确认；4H MACD 柱体连续扩张；4H RSI 位于健康强势区间
2026-07-21,2026-07-29,Early,S&P 500,REG,Regency Centers,Real Estate,35,337,-0.01193806,82.089996,81.110001,4H当日前50,4H EMA 多头排列已连续维持；4H MACD 位于 Signal 上方；4H RSI 位于健康强势区间
2026-07-21,2026-07-29,Early,S&P 500,IVZ,Invesco,Financials,36,394,-0.06695461,30.094999,28.080000,4H当日前50,4H EMA 多头排列已连续维持；4H MACD 位于 Signal 上方；4H RSI 位于健康强势区间
2026-07-21,2026-07-29,Early,S&P 500,ROST,Ross Stores,Consumer Discretionary,37,315,0.06848738,235.809998,251.960007,4H当日前50,4H EMA 多头排列已连续维持；4H MACD 位于 Signal 上方
2026-07-21,2026-07-29,Early,S&P 500,REGN,Regeneron Pharmaceuticals,Health Care,38,72,0.02996191,675.190002,695.419983,4H当日前50,4H RSI 位于健康强势区间
2026-07-21,2026-07-29,Early,S&P 500,HIG,Hartford (The),Financials,39,200,0.02634364,141.970001,145.710007,4H当日前50,4H EMA 多头排列已连续维持；4H MACD 零轴上方刚金叉；4H MACD 柱体连续扩张；4H RSI 位于健康强势区间
2026-07-21,2026-07-29,Early,S&P 500,HPQ,HP Inc.,Information Technology,40,318,0.14573675,24.805000,28.420000,4H当日前50,4H MACD 位于 Signal 上方；4H RSI 位于健康强势区间
2026-07-21,2026-07-29,Early,S&P 500,EIX,Edison International,Utilities,41,163,0.00627046,78.144997,78.635002,4H当日前50,4H EMA 多头排列已连续维持；4H MACD 位于 Signal 上方；4H MACD 柱体连续扩张；4H RSI 位于健康强势区间
2026-07-21,2026-07-29,Early,S&P 500,AKAM,Akamai Technologies,Information Technology,42,482,-0.14010087,124.910004,107.410004,4H当日前50,4H EMA9/26 最近金叉且价格在 EMA50 上方；4H MACD 零轴上方刚金叉；4H MACD 柱体连续扩张；4H RSI 位于健康强势区间
2026-07-21,2026-07-29,Early,S&P 500,SPG,Simon Property Group,Real Estate,43,121,0.03920617,226.750000,235.639999,4H当日前50,4H EMA 多头排列已连续维持；4H MACD 位于 Signal 上方；4H RSI 位于健康强势区间
2026-07-21,2026-07-29,Early,S&P 500,ADSK,Autodesk,Information Technology,44,215,0.16149660,211.149994,245.250000,4H当日前50,4H RSI 位于健康强势区间
2026-07-21,2026-07-29,Early,S&P 500,WRB,W. R. Berkley Corporation,Financials,45,140,0.04821286,72.180000,75.660004,4H当日前50,4H EMA 多头排列已连续维持；4H MACD 零轴上方刚金叉；4H RSI 位于健康强势区间
2026-07-21,2026-07-29,Early,S&P 500,CPAY,Corpay,Financials,46,273,0.07297954,366.130005,392.850006,4H当日前50,4H MACD 位于 Signal 上方；4H RSI 位于健康强势区间
2026-07-21,2026-07-29,Early,S&P 500,PLD,Prologis,Real Estate,47,338,-0.02922146,149.889999,145.509995,4H当日前50,4H EMA 多头排列已连续维持；4H MACD 位于 Signal 上方；4H RSI 位于健康强势区间
2026-07-21,2026-07-29,Early,S&P 500,AES,AES Corporation,Utilities,48,186,0.00067522,14.810000,14.820000,4H当日前50,4H EMA 多头排列已连续维持；4H RSI 位于健康强势区间
2026-07-21,2026-07-29,Early,S&P 500,XOM,ExxonMobil,Energy,49,289,0.03358160,151.720001,156.815002,4H当日前50,4H EMA 多头排列已连续维持；4H MACD 位于 Signal 上方；4H MACD 柱体连续扩张
2026-07-21,2026-07-29,Early,S&P 500,TGT,Target Corporation,Consumer Staples,50,205,0.05365003,138.490005,145.919998,4H当日前50,4H MACD 位于 Signal 上方；4H RSI 位于健康强势区间
2026-07-21,2026-07-29,Early,Nasdaq 200,BNTX,BioNTech SE - American Depositary Shares,,1,1,0.00671499,92.330002,92.949997,4H当日前50,4H MACD 刚金叉但仍需零轴确认；4H MACD 柱体连续扩张；4H RSI 位于健康强势区间
2026-07-21,2026-07-29,Early,Nasdaq 200,TMUS,T-Mobile US,Communication Services,2,134,-0.04848771,190.770004,181.520004,4H当日前50,4H MACD 位于 Signal 上方；4H RSI 位于健康强势区间
2026-07-21,2026-07-29,Early,Nasdaq 200,DPZ,Domino's,Consumer Discretionary,3,96,0.10314397,326.339996,360.000000,4H当日前50,4H EMA 多头排列已连续维持；4H MACD 位于 Signal 上方；4H RSI 位于健康强势区间
2026-07-21,2026-07-29,Early,Nasdaq 200,MSFT,Microsoft,Information Technology,4,69,-0.01812694,397.750000,390.540009,4H当日前50,4H MACD 位于 Signal 上方；4H RSI 位于健康强势区间
2026-07-21,2026-07-29,Early,Nasdaq 200,NVDA,Nvidia,Information Technology,5,159,-0.08336147,207.289993,190.009995,4H当日前50,4H EMA9 已站上 EMA26，等待 26/50 确认；4H MACD 柱体连续扩张；4H RSI 位于健康强势区间
2026-07-21,2026-07-29,Early,Nasdaq 200,AMZN,Amazon,Consumer Discretionary,6,170,-0.08442742,247.550003,226.649994,4H当日前50,4H RSI 位于健康强势区间
2026-07-21,2026-07-29,Early,Nasdaq 200,ULTA,Ulta Beauty,Consumer Discretionary,7,22,0.03804114,489.470001,508.089996,4H当日前50,4H MACD 位于 Signal 上方；4H RSI 位于健康强势区间
2026-07-21,2026-07-29,Early,Nasdaq 200,PLTR,Palantir Technologies,Information Technology,8,143,-0.07281776,132.660004,123.000000,4H当日前50,4H RSI 位于健康强势区间
2026-07-21,2026-07-29,Early,Nasdaq 200,CASY,Casey's,Consumer Staples,9,77,0.01036977,858.260010,867.159973,4H当日前50,4H EMA 多头排列已连续维持；4H MACD 位于 Signal 上方；4H RSI 位于健康强势区间
2026-07-21,2026-07-29,Early,Nasdaq 200,SSNC,"SS&C Technologies Holdings, Inc. - Common Stock",,10,104,0.15297409,67.919998,78.309998,4H当日前50,4H RSI 位于健康强势区间
2026-07-21,2026-07-29,Early,Nasdaq 200,SNY,Sanofi - American Depositary Shares,,11,8,0.02514281,43.750000,44.849998,4H当日前50,4H RSI 位于健康强势区间
2026-07-21,2026-07-29,Early,Nasdaq 200,PDD,PDD Holdings Inc. - American Depositary Shares,,12,18,0.04114108,84.830002,88.320000,4H当日前50,4H RSI 位于健康强势区间
2026-07-21,2026-07-29,Early,Nasdaq 200,ROIV,Roivant Sciences Ltd. - Common Shares,,13,158,-0.05978261,34.959999,32.869999,4H当日前50,4H EMA9/26 最近金叉且价格在 EMA50 上方；4H MACD 柱体连续扩张；4H RSI 位于健康强势区间
2026-07-21,2026-07-29,Early,Nasdaq 200,AKAM,Akamai Technologies,Information Technology,14,171,-0.14010087,124.910004,107.410004,4H当日前50,4H EMA9/26 最近金叉且价格在 EMA50 上方；4H MACD 零轴上方刚金叉；4H MACD 柱体连续扩张；4H RSI 位于健康强势区间
2026-07-21,2026-07-29,Early,Nasdaq 200,ROST,Ross Stores,Consumer Discretionary,15,109,0.06848738,235.809998,251.960007,4H当日前50,4H EMA 多头排列已连续维持；4H MACD 位于 Signal 上方
2026-07-21,2026-07-29,Early,Nasdaq 200,ODFL,Old Dominion,Industrials,16,124,-0.05110950,234.789993,222.789993,4H当日前50,4H EMA 多头排列已连续维持；4H MACD 位于 Signal 上方；4H RSI 位于健康强势区间
2026-07-21,2026-07-29,Early,Nasdaq 200,FANG,Diamondback Energy,Energy,17,80,-0.00335334,199.800003,199.130005,4H当日前50,4H EMA 多头排列已连续维持；4H MACD 位于 Signal 上方；4H MACD 柱体连续扩张
2026-07-21,2026-07-29,Early,Nasdaq 200,REGN,Regeneron Pharmaceuticals,Health Care,18,28,0.02996191,675.190002,695.419983,4H当日前50,4H RSI 位于健康强势区间
2026-07-21,2026-07-29,Early,Nasdaq 200,ADSK,Autodesk,Information Technology,19,73,0.16149660,211.149994,245.250000,4H当日前50,4H RSI 位于健康强势区间
2026-07-21,2026-07-29,Early,Nasdaq 200,JD,"JD.com, Inc. - American Depositary Shares",,20,112,0.05816632,30.430000,32.200001,4H当日前50,4H EMA 多头排列已连续维持；4H MACD 位于 Signal 上方
2026-07-21,2026-07-29,Early,Nasdaq 200,PODD,Insulet Corporation,Health Care,21,17,0.04214509,163.720001,170.619995,4H当日前50,4H RSI 位于健康强势区间
2026-07-21,2026-07-29,Early,Nasdaq 200,BIIB,Biogen,Health Care,22,4,0.02987789,203.160004,209.229996,4H当日前50,4H MACD 位于 Signal 上方；4H RSI 位于健康强势区间
2026-07-21,2026-07-29,Early,Nasdaq 200,NBIX,"Neurocrine Biosciences, Inc. - Common Stock",,23,32,0.00971790,179.050003,180.789993,4H当日前50,4H EMA 多头排列已连续维持；4H MACD 零轴上方刚金叉；4H MACD 柱体连续扩张；4H RSI 位于健康强势区间
2026-07-21,2026-07-29,Early,Nasdaq 200,HON,Honeywell Technologies,Industrials,24,50,0.04898631,229.860001,241.119995,4H当日前50,4H EMA9/26 最近金叉且价格在 EMA50 上方；4H MACD 位于 Signal 上方；4H MACD 柱体连续扩张；4H RSI 位于健康强势区间
2026-07-21,2026-07-29,Early,Nasdaq 200,MDLZ,Mondelez International,Consumer Staples,25,86,0.08569992,59.860001,64.989998,4H当日前50,4H EMA9 已站上 EMA26，等待 26/50 确认；4H MACD 位于 Signal 上方；4H RSI 位于健康强势区间
2026-07-21,2026-07-29,Early,Nasdaq 200,JBHT,J.B. Hunt,Industrials,26,128,-0.05837821,293.260010,276.140015,4H当日前50,4H EMA 多头排列已连续维持；4H MACD 位于 Signal 上方；4H RSI 位于健康强势区间
2026-07-21,2026-07-29,Early,Nasdaq 200,RIVN,"Rivian Automotive, Inc. - Class A Common Stock",,27,140,-0.08051802,17.760000,16.330000,4H当日前50,4H MACD 柱体连续扩张；4H RSI 位于健康强势区间
2026-07-21,2026-07-29,Early,Nasdaq 200,AMD,Advanced Micro Devices,Information Technology,28,199,-0.21099131,544.429993,429.559998,4H当日前50,4H MACD 刚金叉但仍需零轴确认；4H MACD 柱体连续扩张；4H RSI 位于健康强势区间
2026-07-21,2026-07-29,Early,Nasdaq 200,RPRX,Royalty Pharma plc - Class A Ordinary Shares,,29,38,0.01300928,58.419998,59.180000,4H当日前50,4H MACD 位于 Signal 上方；4H RSI 位于健康强势区间
2026-07-21,2026-07-29,Early,Nasdaq 200,LOGI,Logitech International S.A. - Registered Shares,,30,127,0.00077732,102.910004,102.989998,4H当日前50,4H EMA9 已站上 EMA26，等待 26/50 确认；4H MACD 位于 Signal 上方；4H RSI 位于健康强势区间
2026-07-21,2026-07-29,Early,Nasdaq 200,ADBE,Adobe Inc.,Information Technology,31,59,0.15966714,227.160004,263.429993,4H当日前50,4H RSI 位于健康强势区间
2026-07-21,2026-07-29,Early,Nasdaq 200,NTAP,NetApp,Information Technology,32,48,0.04506516,165.759995,173.229996,4H当日前50,4H MACD 柱体连续扩张；4H RSI 位于健康强势区间
2026-07-21,2026-07-29,Early,Nasdaq 200,CTSH,Cognizant,Information Technology,33,107,0.28283291,43.630001,55.970001,4H当日前50,4H EMA9 已站上 EMA26，等待 26/50 确认；4H MACD 位于 Signal 上方；4H RSI 位于健康强势区间
2026-07-21,2026-07-29,Early,Nasdaq 200,LITE,Lumentum,Information Technology,34,189,-0.28082767,837.559998,602.349976,4H当日前50,4H EMA9/26 最近金叉且价格在 EMA50 上方；4H MACD 位于 Signal 上方；4H MACD 柱体连续扩张；4H RSI 位于健康强势区间
2026-07-21,2026-07-29,Early,Nasdaq 200,TCOM,Trip.com Group Limited - American Depositary Shares,,35,37,0.05383729,43.650002,46.000000,4H当日前50,4H EMA9 已站上 EMA26，等待 26/50 确认；4H MACD 位于 Signal 上方；4H RSI 位于健康强势区间
2026-07-21,2026-07-29,Early,Nasdaq 200,EBAY,eBay Inc.,Consumer Discretionary,36,27,0.01994785,113.044998,115.300003,4H当日前50,4H EMA9/26 最近金叉且价格在 EMA50 上方；4H MACD 柱体连续扩张；4H RSI 位于健康强势区间
2026-07-21,2026-07-29,Early,Nasdaq 200,AAPL,Apple Inc.,Information Technology,37,82,0.03188507,327.739990,338.190002,4H当日前50,4H EMA 多头排列已连续维持；4H RSI 位于健康强势区间
2026-07-21,2026-07-29,Early,Nasdaq 200,PCAR,Paccar,Industrials,38,78,0.06035640,126.250000,133.869995,4H当日前50,4H MACD 柱体连续扩张；4H RSI 位于健康强势区间
2026-07-21,2026-07-29,Early,Nasdaq 200,TSEM,Tower Semiconductor Ltd. - Ordinary Shares,,39,185,-0.25136506,250.910004,187.839996,4H当日前50,4H EMA9/26 最近金叉且价格在 EMA50 上方；4H MACD 位于 Signal 上方；4H MACD 柱体连续扩张；4H RSI 位于健康强势区间
2026-07-21,2026-07-29,Early,Nasdaq 200,IDXX,Idexx Laboratories,Health Care,40,15,0.03133258,552.460022,569.770020,4H当日前50,
2026-07-21,2026-07-29,Early,Nasdaq 200,CMCSA,Comcast,Communication Services,41,49,0.03359941,23.809999,24.610001,4H当日前50,4H EMA9 已站上 EMA26，等待 26/50 确认；4H MACD 位于 Signal 上方；4H RSI 位于健康强势区间
2026-07-21,2026-07-29,Early,Nasdaq 200,DASH,DoorDash,Consumer Discretionary,42,41,0.02919595,188.039993,193.529999,4H当日前50,4H MACD 柱体连续扩张；4H RSI 位于健康强势区间
2026-07-21,2026-07-29,Early,Nasdaq 200,CEG,Constellation Energy,Utilities,43,88,-0.01628399,262.220001,257.950012,4H当日前50,4H EMA9 已站上 EMA26，等待 26/50 确认；4H MACD 位于 Signal 上方；4H MACD 柱体连续扩张；4H RSI 位于健康强势区间
2026-07-21,2026-07-29,Early,Nasdaq 200,LULU,Lululemon Athletica,Consumer Discretionary,44,74,0.02057791,116.629997,119.029999,4H当日前50,4H EMA9 已站上 EMA26，等待 26/50 确认；4H RSI 位于健康强势区间
2026-07-21,2026-07-29,Early,Nasdaq 200,VRSN,Verisign,Information Technology,45,81,0.09306789,266.149994,290.920013,4H当日前50,
2026-07-21,2026-07-29,Early,Nasdaq 200,MDGL,"Madrigal Pharmaceuticals, Inc. - Common Stock",,46,63,0.00016465,546.789978,546.880005,4H当日前50,4H MACD 柱体连续扩张；4H RSI 位于健康强势区间
2026-07-21,2026-07-29,Early,Nasdaq 200,GILD,Gilead Sciences,Health Care,47,10,0.01880563,130.279999,132.729996,4H当日前50,
2026-07-21,2026-07-29,Early,Nasdaq 200,INTU,Intuit,Information Technology,48,71,0.14904108,289.920013,333.130005,4H当日前50,4H EMA9 已站上 EMA26，等待 26/50 确认；4H MACD 位于 Signal 上方；4H RSI 位于健康强势区间
2026-07-21,2026-07-29,Early,Nasdaq 200,ZM,"Zoom Communications, Inc. - Class A Common Stock",,49,65,0.02940857,89.769997,92.410004,4H当日前50,4H EMA9 已站上 EMA26，等待 26/50 确认
2026-07-21,2026-07-29,Early,Nasdaq 200,FOX,Fox Corporation (Class B),Communication Services,50,35,0.02448026,51.470001,52.730000,4H当日前50,4H EMA9 已站上 EMA26，等待 26/50 确认；4H MACD 位于 Signal 上方；4H RSI 位于健康强势区间
2026-07-21,2026-07-29,Early,Nasdaq Liquid 500,AVT,"Avnet, Inc. - Common Stock",,1,289,-0.06967170,89.849998,83.589996,4H当日前50,4H EMA9/26 最近金叉且价格在 EMA50 上方；4H MACD 位于 Signal 上方；4H MACD 柱体连续扩张；4H RSI 位于健康强势区间
2026-07-21,2026-07-29,Early,Nasdaq Liquid 500,MAT,"Mattel, Inc. - Common Stock",,2,76,0.08239437,14.200000,15.370000,4H当日前50,4H EMA9 已站上 EMA26，等待 26/50 确认；4H MACD 位于 Signal 上方；4H RSI 位于健康强势区间
2026-07-21,2026-07-29,Early,Nasdaq Liquid 500,VNOM,"Viper Energy, Inc.  - Class A Common Stock",,3,274,-0.03744987,44.860001,43.180000,4H当日前50,4H EMA9 已站上 EMA26，等待 26/50 确认；4H MACD 位于 Signal 上方；4H RSI 位于健康强势区间
2026-07-21,2026-07-29,Early,Nasdaq Liquid 500,COIN,Coinbase,Financials,4,3,-0.08962189,175.850006,160.089996,4H当日前50,4H EMA9 已站上 EMA26，等待 26/50 确认；4H MACD 零轴上方刚金叉；4H MACD 柱体连续扩张；4H RSI 位于健康强势区间
2026-07-21,2026-07-29,Early,Nasdaq Liquid 500,APA,APA Corporation,Energy,5,68,0.02599947,35.770000,36.700001,4H当日前50,4H EMA9 已站上 EMA26，等待 26/50 确认；4H MACD 位于 Signal 上方；4H MACD 柱体连续扩张；4H RSI 位于健康强势区间
2026-07-21,2026-07-29,Early,Nasdaq Liquid 500,TWST,TWIST BIOSCIENCE CORP,Health Care,6,330,-0.10838723,95.860001,85.470001,4H当日前50,4H EMA9/26 最近金叉且价格在 EMA50 上方；4H MACD 零轴上方刚金叉；4H MACD 柱体连续扩张；4H RSI 位于健康强势区间
2026-07-21,2026-07-29,Early,Nasdaq Liquid 500,LNTH,LANTHEUS HOLDINGS INC,Health Care,7,328,-0.07364518,107.949997,100.000000,4H当日前50,4H EMA9/26 最近金叉且价格在 EMA50 上方；4H MACD 位于 Signal 上方；4H MACD 柱体连续扩张；4H RSI 位于健康强势区间
2026-07-21,2026-07-29,Early,Nasdaq Liquid 500,FRPT,"Freshpet, Inc. - Common Stock",,8,,0.05800070,58.619999,62.020000,4H当日前50,4H EMA 多头排列已连续维持；4H MACD 位于 Signal 上方；4H MACD 柱体连续扩张；4H RSI 位于健康强势区间
2026-07-21,2026-07-29,Early,Nasdaq Liquid 500,HST,Host Hotels & Resorts,Real Estate,9,129,0.04500818,24.440001,25.540001,4H当日前50,4H MACD 位于 Signal 上方；4H MACD 柱体连续扩张；4H RSI 位于健康强势区间
2026-07-21,2026-07-29,Early,Nasdaq Liquid 500,CZR,"Caesars Entertainment, Inc. - Common Stock",,10,283,-0.00865804,30.030001,29.770000,4H当日前50,4H EMA9/26 最近金叉且价格在 EMA50 上方；4H MACD 柱体连续扩张；4H RSI 位于健康强势区间
2026-07-21,2026-07-29,Early,Nasdaq Liquid 500,TMUS,T-Mobile US,Communication Services,11,314,-0.04848771,190.770004,181.520004,4H当日前50,4H MACD 位于 Signal 上方；4H RSI 位于健康强势区间
2026-07-21,2026-07-29,Early,Nasdaq Liquid 500,DPZ,Domino's,Consumer Discretionary,12,193,0.10314397,326.339996,360.000000,4H当日前50,4H EMA 多头排列已连续维持；4H MACD 位于 Signal 上方；4H RSI 位于健康强势区间
2026-07-21,2026-07-29,Early,Nasdaq Liquid 500,BNTX,BioNTech SE - American Depositary Shares,,13,1,0.00671499,92.330002,92.949997,4H当日前50,4H MACD 刚金叉但仍需零轴确认；4H MACD 柱体连续扩张；4H RSI 位于健康强势区间
2026-07-21,2026-07-29,Early,Nasdaq Liquid 500,MSFT,Microsoft,Information Technology,14,136,-0.01812694,397.750000,390.540009,4H当日前50,4H MACD 位于 Signal 上方；4H RSI 位于健康强势区间
2026-07-21,2026-07-29,Early,Nasdaq Liquid 500,NVDA,Nvidia,Information Technology,15,355,-0.08336147,207.289993,190.009995,4H当日前50,4H EMA9 已站上 EMA26，等待 26/50 确认；4H MACD 柱体连续扩张；4H RSI 位于健康强势区间
2026-07-21,2026-07-29,Early,Nasdaq Liquid 500,IBKR,Interactive Brokers,Financials,16,317,-0.08642233,94.419998,86.260002,4H当日前50,4H EMA9/26 最近金叉且价格在 EMA50 上方；4H MACD 柱体连续扩张；4H RSI 位于健康强势区间
2026-07-21,2026-07-29,Early,Nasdaq Liquid 500,TPG,TPG Inc. - Class A Common Stock,,17,152,-0.01587302,42.840000,42.160000,4H当日前50,4H RSI 位于健康强势区间
2026-07-21,2026-07-29,Early,Nasdaq Liquid 500,AMZN,Amazon,Consumer Discretionary,18,378,-0.08442742,247.550003,226.649994,4H当日前50,4H RSI 位于健康强势区间
2026-07-21,2026-07-29,Early,Nasdaq Liquid 500,FIVE,"Five Below, Inc. - Common Stock",,19,28,0.02837366,203.710007,209.490005,4H当日前50,4H MACD 位于 Signal 上方；4H RSI 位于健康强势区间
2026-07-21,2026-07-29,Early,Nasdaq Liquid 500,CHRD,Chord Energy Corporation - Common Stock,,20,89,0.01699083,134.190002,136.470001,4H当日前50,4H EMA9 已站上 EMA26，等待 26/50 确认；4H MACD 位于 Signal 上方；4H MACD 柱体连续扩张
2026-07-21,2026-07-29,Early,Nasdaq Liquid 500,ASML,ASML Holding N.V. - New York Registry Shares,,21,405,-0.13922769,1801.510010,1550.689941,4H当日前50,4H MACD 刚金叉但仍需零轴确认；4H MACD 柱体连续扩张；4H RSI 位于健康强势区间
2026-07-21,2026-07-29,Early,Nasdaq Liquid 500,ULTA,Ulta Beauty,Consumer Discretionary,22,40,0.03804114,489.470001,508.089996,4H当日前50,4H MACD 位于 Signal 上方；4H RSI 位于健康强势区间
2026-07-21,2026-07-29,Early,Nasdaq Liquid 500,PLTR,Palantir Technologies,Information Technology,23,331,-0.07281776,132.660004,123.000000,4H当日前50,4H RSI 位于健康强势区间
2026-07-21,2026-07-29,Early,Nasdaq Liquid 500,LSTR,"Landstar System, Inc. - Common Stock",,24,394,-0.16983336,214.210007,177.830002,4H当日前50,4H EMA 多头排列已连续维持；4H MACD 位于 Signal 上方；4H MACD 柱体连续扩张；4H RSI 位于健康强势区间
2026-07-21,2026-07-29,Early,Nasdaq Liquid 500,SSNC,"SS&C Technologies Holdings, Inc. - Common Stock",,25,203,0.15297409,67.919998,78.309998,4H当日前50,4H RSI 位于健康强势区间
2026-07-21,2026-07-29,Early,Nasdaq Liquid 500,VSAT,VIASAT INC,Information Technology,26,334,-0.04749627,73.690002,70.190002,4H当日前50,4H MACD 刚金叉但仍需零轴确认；4H MACD 柱体连续扩张；4H RSI 位于健康强势区间
2026-07-21,2026-07-29,Early,Nasdaq Liquid 500,CASY,Casey's,Consumer Staples,27,160,0.01036977,858.260010,867.159973,4H当日前50,4H EMA 多头排列已连续维持；4H MACD 位于 Signal 上方；4H RSI 位于健康强势区间
2026-07-21,2026-07-29,Early,Nasdaq Liquid 500,LCID,LUCID GROUP INC,Consumer Discretionary,28,59,0.08743169,7.320000,7.960000,4H当日前50,4H EMA 多头排列已连续维持；4H MACD 位于 Signal 上方；4H RSI 位于健康强势区间
2026-07-21,2026-07-29,Early,Nasdaq Liquid 500,FSLY,FASTLY INC CLASS A,Information Technology,29,35,-0.00192952,20.730000,20.690001,4H当日前50,4H EMA 多头排列已连续维持；4H RSI 位于健康强势区间
2026-07-21,2026-07-29,Early,Nasdaq Liquid 500,SNY,Sanofi - American Depositary Shares,,30,16,0.02514281,43.750000,44.849998,4H当日前50,4H RSI 位于健康强势区间
2026-07-21,2026-07-29,Early,Nasdaq Liquid 500,PDD,PDD Holdings Inc. - American Depositary Shares,,31,24,0.04114108,84.830002,88.320000,4H当日前50,4H RSI 位于健康强势区间
2026-07-21,2026-07-29,Early,Nasdaq Liquid 500,LASR,NLIGHT INC,Information Technology,32,,-0.21480795,75.230003,59.070000,4H当日前50,4H MACD 零轴上方刚金叉；4H MACD 柱体连续扩张；4H RSI 位于健康强势区间
2026-07-21,2026-07-29,Early,Nasdaq Liquid 500,ROIV,Roivant Sciences Ltd. - Common Shares,,33,352,-0.05978261,34.959999,32.869999,4H当日前50,4H EMA9/26 最近金叉且价格在 EMA50 上方；4H MACD 柱体连续扩张；4H RSI 位于健康强势区间
2026-07-21,2026-07-29,Early,Nasdaq Liquid 500,ODFL,Old Dominion,Industrials,34,280,-0.05110950,234.789993,222.789993,4H当日前50,4H EMA 多头排列已连续维持；4H MACD 位于 Signal 上方；4H RSI 位于健康强势区间
2026-07-21,2026-07-29,Early,Nasdaq Liquid 500,URBN,URBAN OUTFITTERS INC,Consumer Discretionary,35,63,0.02251158,73.739998,75.400002,4H当日前50,4H EMA 多头排列已连续维持；4H MACD 位于 Signal 上方；4H RSI 位于健康强势区间
2026-07-21,2026-07-29,Early,Nasdaq Liquid 500,FANG,Diamondback Energy,Energy,36,164,-0.00335334,199.800003,199.130005,4H当日前50,4H EMA 多头排列已连续维持；4H MACD 位于 Signal 上方；4H MACD 柱体连续扩张
2026-07-21,2026-07-29,Early,Nasdaq Liquid 500,ICHR,ICHOR HOLDINGS LTD,Information Technology,37,,-0.35054772,95.849998,62.250000,4H当日前50,4H MACD 刚金叉但仍需零轴确认；4H MACD 柱体连续扩张；4H RSI 位于健康强势区间
2026-07-21,2026-07-29,Early,Nasdaq Liquid 500,VOD,Vodafone Group Plc - American Depositary Shares each representing ten Ordinary Shares,,38,169,0.05631952,15.270000,16.129999,4H当日前50,4H RSI 位于健康强势区间
2026-07-21,2026-07-29,Early,Nasdaq Liquid 500,AKAM,Akamai Technologies,Information Technology,39,389,-0.14010087,124.910004,107.410004,4H当日前50,4H EMA9/26 最近金叉且价格在 EMA50 上方；4H MACD 零轴上方刚金叉；4H MACD 柱体连续扩张；4H RSI 位于健康强势区间
2026-07-21,2026-07-29,Early,Nasdaq Liquid 500,ROST,Ross Stores,Consumer Discretionary,40,232,0.06848738,235.809998,251.960007,4H当日前50,4H EMA 多头排列已连续维持；4H MACD 位于 Signal 上方
2026-07-21,2026-07-29,Early,Nasdaq Liquid 500,REG,Regency Centers,Real Estate,41,259,-0.01193806,82.089996,81.110001,4H当日前50,4H EMA 多头排列已连续维持；4H MACD 位于 Signal 上方；4H RSI 位于健康强势区间
2026-07-21,2026-07-29,Early,Nasdaq Liquid 500,REGN,Regeneron Pharmaceuticals,Health Care,43,49,0.02996191,675.190002,695.419983,4H当日前50,4H RSI 位于健康强势区间
2026-07-21,2026-07-29,Early,Nasdaq Liquid 500,SYRE,SPYRE THERAPEUTICS INC,Health Care,44,261,-0.04703013,102.699997,97.870003,4H当日前50,4H MACD 零轴上方刚金叉；4H MACD 柱体连续扩张；4H RSI 位于健康强势区间
2026-07-21,2026-07-29,Early,Nasdaq Liquid 500,ENSG,"The Ensign Group, Inc. - Common Stock",,45,56,0.06449350,170.869995,181.889999,4H当日前50,4H RSI 位于健康强势区间
2026-07-21,2026-07-29,Early,Nasdaq Liquid 500,ADSK,Autodesk,Information Technology,46,142,0.16149660,211.149994,245.250000,4H当日前50,4H RSI 位于健康强势区间
2026-07-21,2026-07-29,Early,Nasdaq Liquid 500,JD,"JD.com, Inc. - American Depositary Shares",,47,241,0.05816632,30.430000,32.200001,4H当日前50,4H EMA 多头排列已连续维持；4H MACD 位于 Signal 上方
2026-07-21,2026-07-29,Early,Nasdaq Liquid 500,PODD,Insulet Corporation,Health Care,48,23,0.04214509,163.720001,170.619995,4H当日前50,4H RSI 位于健康强势区间
2026-07-21,2026-07-29,Early,Nasdaq Liquid 500,CPB,The Campbell's Company - Common Stock,,49,34,0.02775286,22.340000,22.959999,4H当日前50,4H MACD 刚金叉但仍需零轴确认；4H MACD 柱体连续扩张；4H RSI 位于健康强势区间
2026-07-21,2026-07-29,Early,Nasdaq Liquid 500,FIGR,"Figure Technology Solutions, Inc. - Class A Common Stock",,50,402,-0.20704989,31.490000,24.969999,4H当日前50,4H EMA9/26 最近金叉且价格在 EMA50 上方；4H MACD 零轴上方刚金叉；4H MACD 柱体连续扩张；4H RSI 位于健康强势区间
2026-07-21,2026-07-29,Early,Russell,KRO,KRONOS WORLDWIDE INC,Materials,1,1339,-0.08234421,6.740000,6.185000,4H当日前50,4H EMA9 已站上 EMA26，等待 26/50 确认；4H MACD 位于 Signal 上方；4H MACD 柱体连续扩张；4H RSI 位于健康强势区间
2026-07-21,2026-07-29,Early,Russell,NLOP,NET LEASE OFFICE PROPERTIES,Real Estate,2,76,-0.00253807,11.820000,11.790000,4H当日前50,4H EMA9 已站上 EMA26，等待 26/50 确认；4H MACD 位于 Signal 上方；4H RSI 位于健康强势区间
2026-07-21,2026-07-29,Early,Russell,CMCO,COLUMBUS MCKINNON CORP,Industrials,3,1156,-0.01149425,14.790000,14.620000,4H当日前50,4H EMA9 已站上 EMA26，等待 26/50 确认；4H MACD 位于 Signal 上方；4H RSI 位于健康强势区间
2026-07-21,2026-07-29,Early,Russell,TNK,TEEKAY TANKERS LTD CLASS A,Energy,4,548,0.03192631,75.674004,78.089996,4H当日前50,4H EMA9 已站上 EMA26，等待 26/50 确认；4H MACD 位于 Signal 上方；4H MACD 柱体连续扩张；4H RSI 位于健康强势区间
2026-07-21,2026-07-29,Early,Russell,MATV,MATIV HOLDINGS INC,Materials,5,152,0.07945376,8.055000,8.695000,4H当日前50,4H EMA9 已站上 EMA26，等待 26/50 确认；4H MACD 位于 Signal 上方；4H RSI 位于健康强势区间
2026-07-21,2026-07-29,Early,Russell,SPOK,SPOK HOLDINGS INC,Communication,6,60,0.02814259,10.660000,10.960000,4H当日前50,4H EMA9 已站上 EMA26，等待 26/50 确认；4H MACD 位于 Signal 上方；4H RSI 位于健康强势区间
2026-07-21,2026-07-29,Early,Russell,GPI,GROUP AUTOMOTIVE INC,Consumer Discretionary,7,637,0.14527669,311.750000,357.040009,4H当日前50,4H EMA9 已站上 EMA26，等待 26/50 确认；4H MACD 位于 Signal 上方；4H RSI 位于健康强势区间
2026-07-21,2026-07-29,Early,Russell,TXNM,TXNM ENERGY INC,Utilities,8,514,-0.00645772,58.070000,57.695000,4H当日前50,4H EMA9 已站上 EMA26，等待 26/50 确认；4H MACD 位于 Signal 上方；4H MACD 柱体连续扩张；4H RSI 位于健康强势区间
2026-07-21,2026-07-29,Early,Russell,PANL,PANGAEA LOGISTICS SOLUTIONS LTD,Industrials,9,275,-0.01333333,7.500000,7.400000,4H当日前50,4H EMA9 已站上 EMA26，等待 26/50 确认；4H MACD 位于 Signal 上方；4H MACD 柱体连续扩张；4H RSI 位于健康强势区间
2026-07-21,2026-07-29,Early,Russell,AEO,AMERICAN EAGLE OUTFITTERS INC,Consumer Discretionary,10,68,0.01182238,17.340000,17.545000,4H当日前50,4H EMA9 已站上 EMA26，等待 26/50 确认；4H MACD 位于 Signal 上方；4H RSI 位于健康强势区间
2026-07-21,2026-07-29,Early,Russell,RNGR,RANGER ENERGY SERVICES INC CLASS A,Energy,11,1195,-0.06365884,16.180000,15.150000,4H当日前50,4H EMA9/26 最近金叉且价格在 EMA50 上方；4H MACD 柱体连续扩张；4H RSI 位于健康强势区间
2026-07-21,2026-07-29,Early,Russell,UNFI,UNITED NATURAL FOODS INC,Consumer Staples,12,350,0.00560783,49.930000,50.209999,4H当日前50,4H EMA9 已站上 EMA26，等待 26/50 确认；4H MACD 位于 Signal 上方；4H MACD 柱体连续扩张；4H RSI 位于健康强势区间
2026-07-21,2026-07-29,Early,Russell,CDRE,CADRE HOLDINGS INC,Industrials,13,662,0.04970864,29.170000,30.620001,4H当日前50,4H EMA9 已站上 EMA26，等待 26/50 确认；4H RSI 位于健康强势区间
2026-07-21,2026-07-29,Early,Russell,PNRG,PRIMEENERGY RESOURCES CORP,Energy,14,1332,-0.02896871,189.860001,184.360001,4H当日前50,4H EMA9 已站上 EMA26，等待 26/50 确认；4H MACD 位于 Signal 上方；4H RSI 位于健康强势区间
2026-07-21,2026-07-29,Early,Russell,BGC,BGC GROUP INC CLASS A,Financials,15,390,0.03700441,11.350000,11.770000,4H当日前50,4H EMA9 已站上 EMA26，等待 26/50 确认；4H MACD 位于 Signal 上方；4H RSI 位于健康强势区间
2026-07-21,2026-07-29,Early,Russell,PAHC,PHIBRO ANIMAL HEALTH CORP CLASS A,Health Care,16,679,0.09125812,33.860001,36.950001,4H当日前50,4H EMA9 已站上 EMA26，等待 26/50 确认；4H RSI 位于健康强势区间
2026-07-21,2026-07-29,Early,Russell,MUR,MURPHY OIL CORP,Energy,17,322,0.03807986,37.290001,38.709999,4H当日前50,4H EMA9 已站上 EMA26，等待 26/50 确认；4H MACD 位于 Signal 上方
2026-07-21,2026-07-29,Early,Russell,SDRL,SEADRILL LTD,Energy,18,773,-0.05982705,43.959999,41.330002,4H当日前50,4H EMA9 已站上 EMA26，等待 26/50 确认；4H MACD 位于 Signal 上方；4H MACD 柱体连续扩张；4H RSI 位于健康强势区间
2026-07-21,2026-07-29,Early,Russell,TWST,TWIST BIOSCIENCE CORP,Health Care,19,1374,-0.10838723,95.860001,85.470001,4H当日前50,4H EMA9/26 最近金叉且价格在 EMA50 上方；4H MACD 零轴上方刚金叉；4H MACD 柱体连续扩张；4H RSI 位于健康强势区间
2026-07-21,2026-07-29,Early,Russell,GBX,GREENBRIER INC,Industrials,20,872,0.01354106,50.070000,50.748001,4H当日前50,4H EMA 多头排列已连续维持；4H MACD 位于 Signal 上方；4H RSI 位于健康强势区间
2026-07-21,2026-07-29,Early,Russell,RWT,REDWOOD TRUST REIT INC,Financials,21,1602,-0.07079117,5.020400,4.665000,4H当日前50,4H EMA9 已站上 EMA26，等待 26/50 确认；4H RSI 位于健康强势区间
2026-07-21,2026-07-29,Early,Russell,SMC,SUMMIT MIDSTREAM CORP,Energy,22,95,-0.00688302,30.510000,30.299999,4H当日前50,4H EMA9/26 最近金叉且价格在 EMA50 上方；4H MACD 柱体连续扩张；4H RSI 位于健康强势区间
2026-07-21,2026-07-29,Early,Russell,LNTH,LANTHEUS HOLDINGS INC,Health Care,23,1310,-0.07364518,107.949997,100.000000,4H当日前50,4H EMA9/26 最近金叉且价格在 EMA50 上方；4H MACD 位于 Signal 上方；4H MACD 柱体连续扩张；4H RSI 位于健康强势区间
2026-07-21,2026-07-29,Early,Russell,BIPC,BROOKFIELD INFRASTRUCTURE CORP CLA,Utilities,24,765,0.05563685,40.980000,43.259998,4H当日前50,4H EMA 多头排列已连续维持；4H MACD 位于 Signal 上方；4H MACD 柱体连续扩张；4H RSI 位于健康强势区间
2026-07-21,2026-07-29,Early,Russell,FLNG,FLEX LNG LTD,Energy,25,156,-0.00095843,31.299999,31.270000,4H当日前50,4H MACD 零轴上方刚金叉；4H MACD 柱体连续扩张；4H RSI 位于健康强势区间
2026-07-21,2026-07-29,Early,Russell,VTOL,BRISTOW GROUP INC,Energy,26,900,-0.00301621,45.090000,44.953999,4H当日前50,4H EMA 多头排列已连续维持；4H MACD 位于 Signal 上方；4H MACD 柱体连续扩张；4H RSI 位于健康强势区间
2026-07-21,2026-07-29,Early,Russell,MSGE,MADISON SQUARE GARDEN ENTERTAINMEN,Communication,27,1147,-0.00653851,76.470001,75.970001,4H当日前50,4H EMA9/26 最近金叉且价格在 EMA50 上方；4H MACD 位于 Signal 上方；4H MACD 柱体连续扩张；4H RSI 位于健康强势区间
2026-07-21,2026-07-29,Early,Russell,NAVI,NAVIENT CORP,Financials,28,160,0.00345622,8.680000,8.710000,4H当日前50,4H EMA 多头排列已连续维持；4H MACD 位于 Signal 上方；4H RSI 位于健康强势区间
2026-07-21,2026-07-29,Early,Russell,REPL,REPLIMUNE GROUP INC,Health Care,29,1804,-0.50818182,11.000000,5.410000,4H当日前50,4H EMA9/26 最近金叉且价格在 EMA50 上方；4H MACD 刚金叉但仍需零轴确认；4H MACD 柱体连续扩张；4H RSI 位于健康强势区间
2026-07-21,2026-07-29,Early,Russell,PAGS,PAGSEGURO DIGITAL LTD CLASS A,Financials,30,37,-0.00522193,9.575000,9.525000,4H当日前50,4H EMA 多头排列已连续维持；4H MACD 零轴上方刚金叉；4H MACD 柱体连续扩张；4H RSI 位于健康强势区间
2026-07-21,2026-07-29,Early,Russell,SFL,SFL LTD,Energy,31,719,0.06031469,11.440000,12.130000,4H当日前50,4H EMA 多头排列已连续维持；4H MACD 位于 Signal 上方；4H MACD 柱体连续扩张；4H RSI 位于健康强势区间
2026-07-21,2026-07-29,Early,Russell,REPX,RILEY EXPLORATION PERMIAN INC,Energy,32,699,-0.05018429,35.270000,33.500000,4H当日前50,4H EMA 多头排列已连续维持；4H MACD 位于 Signal 上方；4H RSI 位于健康强势区间
2026-07-21,2026-07-29,Early,Russell,ISSC,INNOVATIVE SOLUTIONS AND SUPPORT I,Industrials,33,653,-0.07232045,19.219999,17.830000,4H当日前50,4H EMA 多头排列已连续维持；4H MACD 零轴上方刚金叉；4H MACD 柱体连续扩张；4H RSI 位于健康强势区间
2026-07-21,2026-07-29,Early,Russell,JJSF,J AND J SNACK FOODS CORP,Consumer Staples,34,66,0.03420816,76.589996,79.209999,4H当日前50,4H MACD 位于 Signal 上方；4H RSI 位于健康强势区间
2026-07-21,2026-07-29,Early,Russell,MEI,METHODE ELECTRONICS INC,Information Technology,35,1647,-0.21781274,16.504999,12.910000,4H当日前50,4H EMA9/26 最近金叉且价格在 EMA50 上方；4H MACD 零轴上方刚金叉；4H MACD 柱体连续扩张；4H RSI 位于健康强势区间
2026-07-21,2026-07-29,Early,Russell,BFH,BREAD FINANCIAL HOLDINGS INC,Financials,36,137,0.05222264,101.680000,106.989998,4H当日前50,4H EMA9/26 最近金叉且价格在 EMA50 上方；4H MACD 位于 Signal 上方；4H MACD 柱体连续扩张；4H RSI 位于健康强势区间
2026-07-21,2026-07-29,Early,Russell,OIS,OIL STATES INTERNATIONAL INC,Energy,37,1488,-0.09498834,8.580000,7.765000,4H当日前50,4H MACD 零轴上方刚金叉；4H MACD 柱体连续扩张；4H RSI 位于健康强势区间
2026-07-21,2026-07-29,Early,Russell,AVNT,AVIENT CORP,Materials,38,1144,-0.02710027,36.900002,35.900002,4H当日前50,4H EMA9/26 最近金叉且价格在 EMA50 上方；4H MACD 位于 Signal 上方；4H MACD 柱体连续扩张；4H RSI 位于健康强势区间
2026-07-21,2026-07-29,Early,Russell,AZZ,AZZ INC,Industrials,39,1383,-0.06218030,150.529999,141.169998,4H当日前50,4H EMA9/26 最近金叉且价格在 EMA50 上方；4H MACD 位于 Signal 上方；4H MACD 柱体连续扩张；4H RSI 位于健康强势区间
2026-07-21,2026-07-29,Early,Russell,WGO,WINNEBAGO INDUSTRIES INC,Consumer Discretionary,40,30,0.04935834,30.389999,31.889999,4H当日前50,4H MACD 位于 Signal 上方；4H RSI 位于健康强势区间
2026-07-21,2026-07-29,Early,Russell,KGEI,KOLIBRI GLOBAL ENERGY INC,Energy,41,680,-0.01717557,5.240000,5.150000,4H当日前50,4H MACD 位于 Signal 上方；4H RSI 位于健康强势区间
2026-07-21,2026-07-29,Early,Russell,LE,LAND END INC,Consumer Discretionary,42,74,0.03532380,11.890000,12.310000,4H当日前50,4H EMA 多头排列已连续维持；4H MACD 位于 Signal 上方；4H RSI 位于健康强势区间
2026-07-21,2026-07-29,Early,Russell,SONO,SONOS INC,Consumer Discretionary,43,911,0.18458418,14.790000,17.520000,4H当日前50,4H MACD 位于 Signal 上方；4H RSI 位于健康强势区间
2026-07-21,2026-07-29,Early,Russell,BRBR,BELLRING BRANDS INC,Consumer Staples,44,273,0.04976303,12.660000,13.290000,4H当日前50,4H EMA9/26 最近金叉且价格在 EMA50 上方；4H MACD 柱体连续扩张；4H RSI 位于健康强势区间
2026-07-21,2026-07-29,Early,Russell,TWI,TITAN INTERNATIONAL INC,Industrials,45,988,-0.00904393,7.740000,7.670000,4H当日前50,4H MACD 位于 Signal 上方；4H MACD 柱体连续扩张；4H RSI 位于健康强势区间
2026-07-21,2026-07-29,Early,Russell,AROC,ARCHROCK INC,Energy,46,1578,-0.08226696,38.290001,35.139999,4H当日前50,4H MACD 刚金叉但仍需零轴确认；4H MACD 柱体连续扩张；4H RSI 位于健康强势区间
2026-07-21,2026-07-29,Early,Russell,ARLO,ARLO TECHNOLOGIES INC,Information Technology,47,485,0.09584906,13.250000,14.520000,4H当日前50,4H MACD 位于 Signal 上方；4H RSI 位于健康强势区间
2026-07-21,2026-07-29,Early,Russell,KAI,KADANT INC,Industrials,48,584,-0.01196848,306.640015,302.970001,4H当日前50,4H MACD 位于 Signal 上方；4H RSI 位于健康强势区间
2026-07-21,2026-07-29,Early,Russell,PMTS,CPI CARD GROUP INC,Information Technology,49,136,0.03368004,20.190001,20.870001,4H当日前50,4H EMA9/26 最近金叉且价格在 EMA50 上方；4H MACD 刚金叉但仍需零轴确认；4H MACD 柱体连续扩张；4H RSI 位于健康强势区间
2026-07-21,2026-07-29,Early,Russell,ILPT,INDUSTRIAL LOGISTICS PROPERTIES TR,Real Estate,50,1260,-0.05108696,9.200000,8.730000,4H当日前50,4H EMA9/26 最近金叉且价格在 EMA50 上方；4H MACD 零轴上方刚金叉；4H MACD 柱体连续扩张；4H RSI 位于健康强势区间
2026-07-21,2026-07-29,Prism,S&P 500,TXT,Textron,Industrials,1,385,-0.05362571,90.535004,85.680000,4H当日前50,4H EMA9 已站上 EMA26，等待 26/50 确认；4H MACD 位于 Signal 上方；4H RSI 位于健康强势区间
2026-07-21,2026-07-29,Prism,S&P 500,AKAM,Akamai Technologies,Information Technology,2,465,-0.14010087,124.910004,107.410004,4H当日前50,4H EMA9/26 最近金叉且价格在 EMA50 上方；4H MACD 零轴上方刚金叉；4H MACD 柱体连续扩张；4H RSI 位于健康强势区间
2026-07-21,2026-07-29,Prism,S&P 500,COIN,Coinbase,Financials,3,1,-0.08962189,175.850006,160.089996,4H当日前50,4H EMA9 已站上 EMA26，等待 26/50 确认；4H MACD 零轴上方刚金叉；4H MACD 柱体连续扩张；4H RSI 位于健康强势区间
2026-07-21,2026-07-29,Prism,S&P 500,VST,Vistra Corp.,Utilities,4,472,-0.11992362,162.270004,142.809998,4H当日前50,4H EMA9/26 最近金叉且价格在 EMA50 上方；4H MACD 刚金叉但仍需零轴确认；4H MACD 柱体连续扩张；4H RSI 位于健康强势区间
2026-07-21,2026-07-29,Prism,S&P 500,MDLZ,Mondelez International,Consumer Staples,5,195,0.08569992,59.860001,64.989998,4H当日前50,4H EMA9 已站上 EMA26，等待 26/50 确认；4H MACD 位于 Signal 上方；4H RSI 位于健康强势区间
2026-07-21,2026-07-29,Prism,S&P 500,DVN,Devon Energy,Energy,6,236,0.00850340,44.099998,44.474998,4H当日前50,4H EMA9 已站上 EMA26，等待 26/50 确认；4H MACD 位于 Signal 上方；4H RSI 位于健康强势区间
2026-07-21,2026-07-29,Prism,S&P 500,GM,General Motors,Consumer Discretionary,7,296,0.12426106,79.510002,89.389999,4H当日前50,4H EMA9/26 最近金叉且价格在 EMA50 上方；4H MACD 刚金叉但仍需零轴确认；4H MACD 柱体连续扩张；4H RSI 位于健康强势区间
2026-07-21,2026-07-29,Prism,S&P 500,GEV,GE Vernova,Industrials,8,480,-0.16573220,1079.030029,900.200012,4H当日前50,4H EMA9/26 最近金叉且价格在 EMA50 上方；4H MACD 刚金叉但仍需零轴确认；4H MACD 柱体连续扩张；4H RSI 位于健康强势区间
2026-07-21,2026-07-29,Prism,S&P 500,INTU,Intuit,Information Technology,9,245,0.14904108,289.920013,333.130005,4H当日前50,4H EMA9 已站上 EMA26，等待 26/50 确认；4H MACD 位于 Signal 上方；4H RSI 位于健康强势区间
2026-07-21,2026-07-29,Prism,S&P 500,PFE,Pfizer,Health Care,10,67,0.00963082,24.920000,25.160000,4H当日前50,4H EMA9 已站上 EMA26，等待 26/50 确认；4H MACD 位于 Signal 上方；4H RSI 位于健康强势区间
2026-07-21,2026-07-29,Prism,S&P 500,F,Ford Motor Company,Consumer Discretionary,11,196,0.07042747,14.270000,15.275000,4H当日前50,4H EMA9 已站上 EMA26，等待 26/50 确认；4H MACD 位于 Signal 上方；4H RSI 位于健康强势区间
2026-07-21,2026-07-29,Prism,S&P 500,BF-B,Brown–Forman,Consumer Staples,12,312,0.12350143,26.275000,29.520000,4H当日前50,4H EMA9/26 最近金叉且价格在 EMA50 上方；4H MACD 位于 Signal 上方；4H RSI 位于健康强势区间
2026-07-21,2026-07-29,Prism,S&P 500,IRM,Iron Mountain,Real Estate,13,242,-0.03756819,125.504997,120.790001,4H当日前50,4H EMA9 已站上 EMA26，等待 26/50 确认；4H MACD 位于 Signal 上方；4H RSI 位于健康强势区间
2026-07-21,2026-07-29,Prism,S&P 500,T,AT&T,Communication Services,14,265,0.07497194,22.275000,23.945000,4H当日前50,4H EMA9 已站上 EMA26，等待 26/50 确认；4H MACD 位于 Signal 上方；4H RSI 位于健康强势区间
2026-07-21,2026-07-29,Prism,S&P 500,PH,Parker Hannifin,Industrials,15,388,-0.00825632,959.270020,951.349976,4H当日前50,4H EMA9/26 最近金叉且价格在 EMA50 上方；4H MACD 柱体连续扩张；4H RSI 位于健康强势区间
2026-07-21,2026-07-29,Prism,S&P 500,VICI,Vici Properties,Real Estate,16,43,0.02165314,26.555000,27.129999,4H当日前50,4H EMA9 已站上 EMA26，等待 26/50 确认；4H MACD 位于 Signal 上方；4H RSI 位于健康强势区间
2026-07-21,2026-07-29,Prism,S&P 500,EBAY,eBay Inc.,Consumer Discretionary,17,73,0.01994785,113.044998,115.300003,4H当日前50,4H EMA9/26 最近金叉且价格在 EMA50 上方；4H MACD 柱体连续扩张；4H RSI 位于健康强势区间
2026-07-21,2026-07-29,Prism,S&P 500,HON,Honeywell Technologies,Industrials,18,229,0.04898631,229.860001,241.119995,4H当日前50,4H EMA9/26 最近金叉且价格在 EMA50 上方；4H MACD 位于 Signal 上方；4H MACD 柱体连续扩张；4H RSI 位于健康强势区间
2026-07-21,2026-07-29,Prism,S&P 500,APA,APA Corporation,Energy,19,278,0.02599947,35.770000,36.700001,4H当日前50,4H EMA9 已站上 EMA26，等待 26/50 确认；4H MACD 位于 Signal 上方；4H MACD 柱体连续扩张；4H RSI 位于健康强势区间
2026-07-21,2026-07-29,Prism,S&P 500,CTSH,Cognizant,Information Technology,20,323,0.28283291,43.630001,55.970001,4H当日前50,4H EMA9 已站上 EMA26，等待 26/50 确认；4H MACD 位于 Signal 上方；4H RSI 位于健康强势区间
2026-07-21,2026-07-29,Prism,S&P 500,LYB,LyondellBasell,Materials,21,97,-0.01135898,61.185001,60.490002,4H当日前50,4H EMA9 已站上 EMA26，等待 26/50 确认；4H MACD 位于 Signal 上方
2026-07-21,2026-07-29,Prism,S&P 500,TDY,Teledyne Technologies,Information Technology,22,396,-0.02406184,646.875000,631.309998,4H当日前50,4H EMA9/26 最近金叉且价格在 EMA50 上方；4H MACD 刚金叉但仍需零轴确认；4H MACD 柱体连续扩张；4H RSI 位于健康强势区间
2026-07-21,2026-07-29,Prism,S&P 500,ARE,Alexandria Real Estate Equities,Real Estate,23,267,0.06303098,50.610001,53.799999,4H当日前50,4H EMA9/26 最近金叉且价格在 EMA50 上方；4H MACD 位于 Signal 上方；4H RSI 位于健康强势区间
2026-07-21,2026-07-29,Prism,S&P 500,LULU,Lululemon Athletica,Consumer Discretionary,24,17,0.02057791,116.629997,119.029999,4H当日前50,4H EMA9 已站上 EMA26，等待 26/50 确认；4H RSI 位于健康强势区间
2026-07-21,2026-07-29,Prism,S&P 500,CMCSA,Comcast,Communication Services,25,14,0.03359941,23.809999,24.610001,4H当日前50,4H EMA9 已站上 EMA26，等待 26/50 确认；4H MACD 位于 Signal 上方；4H RSI 位于健康强势区间
2026-07-21,2026-07-29,Prism,S&P 500,FOX,Fox Corporation (Class B),Communication Services,26,287,0.02448026,51.470001,52.730000,4H当日前50,4H EMA9 已站上 EMA26，等待 26/50 确认；4H MACD 位于 Signal 上方；4H RSI 位于健康强势区间
2026-07-21,2026-07-29,Prism,S&P 500,ZTS,Zoetis,Health Care,27,3,0.03464755,75.330002,77.940002,4H当日前50,4H EMA9 已站上 EMA26，等待 26/50 确认；4H MACD 位于 Signal 上方
2026-07-21,2026-07-29,Prism,S&P 500,DD,DuPont,Materials,28,31,-0.00518658,138.820007,138.100006,4H当日前50,4H EMA9/26 最近金叉且价格在 EMA50 上方；4H MACD 位于 Signal 上方；4H MACD 柱体连续扩张；4H RSI 位于健康强势区间
2026-07-21,2026-07-29,Prism,S&P 500,CEG,Constellation Energy,Utilities,29,386,-0.01628399,262.220001,257.950012,4H当日前50,4H EMA9 已站上 EMA26，等待 26/50 确认；4H MACD 位于 Signal 上方；4H MACD 柱体连续扩张；4H RSI 位于健康强势区间
2026-07-21,2026-07-29,Prism,S&P 500,FOXA,Fox Corporation (Class A),Communication Services,30,248,0.02397084,57.570000,58.950001,4H当日前50,4H EMA9 已站上 EMA26，等待 26/50 确认；4H MACD 位于 Signal 上方；4H RSI 位于健康强势区间
2026-07-21,2026-07-29,Prism,S&P 500,WY,Weyerhaeuser,Real Estate,31,254,0.03644064,23.600000,24.459999,4H当日前50,4H EMA9 已站上 EMA26，等待 26/50 确认；4H MACD 位于 Signal 上方
2026-07-21,2026-07-29,Prism,S&P 500,FISV,Fiserv,Financials,32,214,0.09918988,50.610001,55.630001,4H当日前50,4H EMA9 已站上 EMA26，等待 26/50 确认；4H RSI 位于健康强势区间
2026-07-21,2026-07-29,Prism,S&P 500,VZ,Verizon,Communication Services,33,172,0.07940142,43.764999,47.240002,4H当日前50,4H EMA9 已站上 EMA26，等待 26/50 确认；4H MACD 位于 Signal 上方；4H RSI 位于健康强势区间
2026-07-21,2026-07-29,Prism,S&P 500,TEL,TE Connectivity,Information Technology,34,220,-0.01040223,209.089996,206.914993,4H当日前50,4H EMA9 已站上 EMA26，等待 26/50 确认；4H MACD 位于 Signal 上方；4H MACD 柱体连续扩张；4H RSI 位于健康强势区间
2026-07-21,2026-07-29,Prism,S&P 500,NVDA,Nvidia,Information Technology,35,434,-0.08336147,207.289993,190.009995,4H当日前50,4H EMA9 已站上 EMA26，等待 26/50 确认；4H MACD 柱体连续扩张；4H RSI 位于健康强势区间
2026-07-21,2026-07-29,Prism,S&P 500,PTC,PTC Inc.,Information Technology,36,34,0.09679565,120.769997,132.460007,4H当日前50,4H EMA9 已站上 EMA26，等待 26/50 确认
2026-07-21,2026-07-29,Prism,S&P 500,TJX,TJX Companies,Consumer Discretionary,37,184,0.04249965,155.059998,161.649994,4H当日前50,4H EMA9/26 最近金叉且价格在 EMA50 上方；4H MACD 位于 Signal 上方；4H RSI 位于健康强势区间
2026-07-21,2026-07-29,Prism,S&P 500,EL,Estée Lauder Companies (The),Consumer Staples,38,12,0.02180942,82.349998,84.146004,4H当日前50,4H EMA9 已站上 EMA26，等待 26/50 确认；4H MACD 位于 Signal 上方；4H RSI 位于健康强势区间
2026-07-21,2026-07-29,Prism,S&P 500,ACN,Accenture,Information Technology,39,324,0.22912091,140.929993,173.220001,4H当日前50,4H EMA9 已站上 EMA26，等待 26/50 确认；4H MACD 位于 Signal 上方；4H RSI 位于健康强势区间
2026-07-21,2026-07-29,Prism,S&P 500,CBOE,Cboe Global Markets,Financials,40,320,0.12075250,274.279999,307.399994,4H当日前50,4H EMA9 已站上 EMA26，等待 26/50 确认；4H RSI 位于健康强势区间
2026-07-21,2026-07-29,Prism,S&P 500,IBKR,Interactive Brokers,Financials,41,408,-0.08642233,94.419998,86.260002,4H当日前50,4H EMA9/26 最近金叉且价格在 EMA50 上方；4H MACD 柱体连续扩张；4H RSI 位于健康强势区间
2026-07-21,2026-07-29,Prism,S&P 500,IT,Gartner,Information Technology,42,277,0.23110051,134.660004,165.779999,4H当日前50,4H EMA9 已站上 EMA26，等待 26/50 确认
2026-07-21,2026-07-29,Prism,S&P 500,DOW,Dow Inc.,Materials,43,305,0.00016409,30.465000,30.469999,4H当日前50,4H EMA9 已站上 EMA26，等待 26/50 确认；4H MACD 位于 Signal 上方；4H RSI 位于健康强势区间
2026-07-21,2026-07-29,Prism,S&P 500,NUE,Nucor,Materials,44,228,0.09812579,233.169998,256.049988,4H当日前50,4H EMA9 已站上 EMA26，等待 26/50 确认；4H MACD 位于 Signal 上方；4H RSI 位于健康强势区间
2026-07-21,2026-07-29,Prism,S&P 500,TRMB,Trimble Inc.,Information Technology,45,193,0.12324020,51.849998,58.240002,4H当日前50,4H EMA9 已站上 EMA26，等待 26/50 确认
2026-07-21,2026-07-29,Prism,S&P 500,HAS,Hasbro,Consumer Discretionary,46,304,0.07197566,88.779999,95.169998,4H当日前50,4H EMA9 已站上 EMA26，等待 26/50 确认；4H MACD 位于 Signal 上方；4H MACD 柱体连续扩张
2026-07-21,2026-07-29,Prism,S&P 500,SJM,J.M. Smucker Company (The),Consumer Staples,47,266,0.09142733,115.775002,126.360001,4H当日前50,4H EMA 多头排列已连续维持；4H MACD 位于 Signal 上方；4H MACD 柱体连续扩张；4H RSI 位于健康强势区间
2026-07-21,2026-07-29,Prism,S&P 500,LITE,Lumentum,Information Technology,48,503,-0.28082767,837.559998,602.349976,4H当日前50,4H EMA9/26 最近金叉且价格在 EMA50 上方；4H MACD 位于 Signal 上方；4H MACD 柱体连续扩张；4H RSI 位于健康强势区间
2026-07-21,2026-07-29,Prism,S&P 500,WRB,W. R. Berkley Corporation,Financials,49,107,0.04821286,72.180000,75.660004,4H当日前50,4H EMA 多头排列已连续维持；4H MACD 零轴上方刚金叉；4H RSI 位于健康强势区间
2026-07-21,2026-07-29,Prism,S&P 500,CASY,Casey's,Consumer Staples,50,300,0.01036977,858.260010,867.159973,4H当日前50,4H EMA 多头排列已连续维持；4H MACD 位于 Signal 上方；4H RSI 位于健康强势区间
2026-07-21,2026-07-29,Prism,Nasdaq 200,AKAM,Akamai Technologies,Information Technology,1,167,-0.14010087,124.910004,107.410004,4H当日前50,4H EMA9/26 最近金叉且价格在 EMA50 上方；4H MACD 零轴上方刚金叉；4H MACD 柱体连续扩张；4H RSI 位于健康强势区间
2026-07-21,2026-07-29,Prism,Nasdaq 200,MDLZ,Mondelez International,Consumer Staples,2,72,0.08569992,59.860001,64.989998,4H当日前50,4H EMA9 已站上 EMA26，等待 26/50 确认；4H MACD 位于 Signal 上方；4H RSI 位于健康强势区间
2026-07-21,2026-07-29,Prism,Nasdaq 200,HON,Honeywell Technologies,Industrials,3,85,0.04898631,229.860001,241.119995,4H当日前50,4H EMA9/26 最近金叉且价格在 EMA50 上方；4H MACD 位于 Signal 上方；4H MACD 柱体连续扩张；4H RSI 位于健康强势区间
2026-07-21,2026-07-29,Prism,Nasdaq 200,INTU,Intuit,Information Technology,4,91,0.14904108,289.920013,333.130005,4H当日前50,4H EMA9 已站上 EMA26，等待 26/50 确认；4H MACD 位于 Signal 上方；4H RSI 位于健康强势区间
2026-07-21,2026-07-29,Prism,Nasdaq 200,CTSH,Cognizant,Information Technology,5,116,0.28283291,43.630001,55.970001,4H当日前50,4H EMA9 已站上 EMA26，等待 26/50 确认；4H MACD 位于 Signal 上方；4H RSI 位于健康强势区间
2026-07-21,2026-07-29,Prism,Nasdaq 200,CEG,Constellation Energy,Utilities,6,122,-0.01628399,262.220001,257.950012,4H当日前50,4H EMA9 已站上 EMA26，等待 26/50 确认；4H MACD 位于 Signal 上方；4H MACD 柱体连续扩张；4H RSI 位于健康强势区间
2026-07-21,2026-07-29,Prism,Nasdaq 200,CMCSA,Comcast,Communication Services,7,18,0.03359941,23.809999,24.610001,4H当日前50,4H EMA9 已站上 EMA26，等待 26/50 确认；4H MACD 位于 Signal 上方；4H RSI 位于健康强势区间
2026-07-21,2026-07-29,Prism,Nasdaq 200,EBAY,eBay Inc.,Consumer Discretionary,8,39,0.01994785,113.044998,115.300003,4H当日前50,4H EMA9/26 最近金叉且价格在 EMA50 上方；4H MACD 柱体连续扩张；4H RSI 位于健康强势区间
2026-07-21,2026-07-29,Prism,Nasdaq 200,TCOM,Trip.com Group Limited - American Depositary Shares,,9,104,0.05383729,43.650002,46.000000,4H当日前50,4H EMA9 已站上 EMA26，等待 26/50 确认；4H MACD 位于 Signal 上方；4H RSI 位于健康强势区间
2026-07-21,2026-07-29,Prism,Nasdaq 200,NVDA,Nvidia,Information Technology,10,150,-0.08336147,207.289993,190.009995,4H当日前50,4H EMA9 已站上 EMA26，等待 26/50 确认；4H MACD 柱体连续扩张；4H RSI 位于健康强势区间
2026-07-21,2026-07-29,Prism,Nasdaq 200,LOGI,Logitech International S.A. - Registered Shares,,11,126,0.00077732,102.910004,102.989998,4H当日前50,4H EMA9 已站上 EMA26，等待 26/50 确认；4H MACD 位于 Signal 上方；4H RSI 位于健康强势区间
2026-07-21,2026-07-29,Prism,Nasdaq 200,FOX,Fox Corporation (Class B),Communication Services,12,96,0.02448026,51.470001,52.730000,4H当日前50,4H EMA9 已站上 EMA26，等待 26/50 确认；4H MACD 位于 Signal 上方；4H RSI 位于健康强势区间
2026-07-21,2026-07-29,Prism,Nasdaq 200,FISV,Fiserv,Financials,13,74,0.09918988,50.610001,55.630001,4H当日前50,4H EMA9 已站上 EMA26，等待 26/50 确认；4H RSI 位于健康强势区间
2026-07-21,2026-07-29,Prism,Nasdaq 200,PTC,PTC Inc.,Information Technology,14,23,0.09679565,120.769997,132.460007,4H当日前50,4H EMA9 已站上 EMA26，等待 26/50 确认
2026-07-21,2026-07-29,Prism,Nasdaq 200,LULU,Lululemon Athletica,Consumer Discretionary,15,22,0.02057791,116.629997,119.029999,4H当日前50,4H EMA9 已站上 EMA26，等待 26/50 确认；4H RSI 位于健康强势区间
2026-07-21,2026-07-29,Prism,Nasdaq 200,FOXA,Fox Corporation (Class A),Communication Services,16,81,0.02397084,57.570000,58.950001,4H当日前50,4H EMA9 已站上 EMA26，等待 26/50 确认；4H MACD 位于 Signal 上方；4H RSI 位于健康强势区间
2026-07-21,2026-07-29,Prism,Nasdaq 200,LITE,Lumentum,Information Technology,17,195,-0.28082767,837.559998,602.349976,4H当日前50,4H EMA9/26 最近金叉且价格在 EMA50 上方；4H MACD 位于 Signal 上方；4H MACD 柱体连续扩张；4H RSI 位于健康强势区间
2026-07-21,2026-07-29,Prism,Nasdaq 200,ZM,"Zoom Communications, Inc. - Class A Common Stock",,18,27,0.02940857,89.769997,92.410004,4H当日前50,4H EMA9 已站上 EMA26，等待 26/50 确认
2026-07-21,2026-07-29,Prism,Nasdaq 200,TRMB,Trimble Inc.,Information Technology,19,70,0.12324020,51.849998,58.240002,4H当日前50,4H EMA9 已站上 EMA26，等待 26/50 确认
2026-07-21,2026-07-29,Prism,Nasdaq 200,CASY,Casey's,Consumer Staples,20,90,0.01036977,858.260010,867.159973,4H当日前50,4H EMA 多头排列已连续维持；4H MACD 位于 Signal 上方；4H RSI 位于健康强势区间
2026-07-21,2026-07-29,Prism,Nasdaq 200,TSEM,Tower Semiconductor Ltd. - Ordinary Shares,,21,186,-0.25136506,250.910004,187.839996,4H当日前50,4H EMA9/26 最近金叉且价格在 EMA50 上方；4H MACD 位于 Signal 上方；4H MACD 柱体连续扩张；4H RSI 位于健康强势区间
2026-07-21,2026-07-29,Prism,Nasdaq 200,ROIV,Roivant Sciences Ltd. - Common Shares,,22,169,-0.05978261,34.959999,32.869999,4H当日前50,4H EMA9/26 最近金叉且价格在 EMA50 上方；4H MACD 柱体连续扩张；4H RSI 位于健康强势区间
2026-07-21,2026-07-29,Prism,Nasdaq 200,BIIB,Biogen,Health Care,23,1,0.02987789,203.160004,209.229996,4H当日前50,4H MACD 位于 Signal 上方；4H RSI 位于健康强势区间
2026-07-21,2026-07-29,Prism,Nasdaq 200,MSTR,Strategy Inc - Class A Common Stock,,24,149,-0.08455120,101.949997,93.330002,4H当日前50,4H EMA9 已站上 EMA26，等待 26/50 确认；4H MACD 位于 Signal 上方；4H MACD 柱体连续扩张；4H RSI 位于健康强势区间
2026-07-21,2026-07-29,Prism,Nasdaq 200,EXE,Expand Energy,Energy,25,45,0.04380218,88.580002,92.459999,4H当日前50,4H MACD 位于 Signal 上方；4H MACD 柱体连续扩张；4H RSI 位于健康强势区间
2026-07-21,2026-07-29,Prism,Nasdaq 200,Z,"Zillow Group, Inc. - Class C Capital Stock",,26,26,0.06750392,31.850000,34.000000,4H当日前50,4H EMA9 已站上 EMA26，等待 26/50 确认
2026-07-21,2026-07-29,Prism,Nasdaq 200,ROST,Ross Stores,Consumer Discretionary,27,112,0.06848738,235.809998,251.960007,4H当日前50,4H EMA 多头排列已连续维持；4H MACD 位于 Signal 上方
2026-07-21,2026-07-29,Prism,Nasdaq 200,NDSN,Nordson Corporation,Industrials,28,59,0.01692696,290.070007,294.980011,4H当日前50,4H MACD 刚金叉但仍需零轴确认；4H MACD 柱体连续扩张；4H RSI 位于健康强势区间
2026-07-21,2026-07-29,Prism,Nasdaq 200,MSFT,Microsoft,Information Technology,29,5,-0.01812694,397.750000,390.540009,4H当日前50,4H MACD 位于 Signal 上方；4H RSI 位于健康强势区间
2026-07-21,2026-07-29,Prism,Nasdaq 200,DPZ,Domino's,Consumer Discretionary,30,78,0.10314397,326.339996,360.000000,4H当日前50,4H EMA 多头排列已连续维持；4H MACD 位于 Signal 上方；4H RSI 位于健康强势区间
2026-07-21,2026-07-29,Prism,Nasdaq 200,TMUS,T-Mobile US,Communication Services,31,123,-0.04848771,190.770004,181.520004,4H当日前50,4H MACD 位于 Signal 上方；4H RSI 位于健康强势区间
2026-07-21,2026-07-29,Prism,Nasdaq 200,BNTX,BioNTech SE - American Depositary Shares,,32,10,0.00671499,92.330002,92.949997,4H当日前50,4H MACD 刚金叉但仍需零轴确认；4H MACD 柱体连续扩张；4H RSI 位于健康强势区间
2026-07-21,2026-07-29,Prism,Nasdaq 200,ORLY,O’Reilly Automotive,Consumer Discretionary,33,47,0.03023754,87.970001,90.629997,4H当日前50,4H MACD 位于 Signal 上方；4H MACD 柱体连续扩张；4H RSI 位于健康强势区间
2026-07-21,2026-07-29,Prism,Nasdaq 200,FANG,Diamondback Energy,Energy,34,97,-0.00335334,199.800003,199.130005,4H当日前50,4H EMA 多头排列已连续维持；4H MACD 位于 Signal 上方；4H MACD 柱体连续扩张
2026-07-21,2026-07-29,Prism,Nasdaq 200,NTAP,NetApp,Information Technology,35,49,0.04506516,165.759995,173.229996,4H当日前50,4H MACD 柱体连续扩张；4H RSI 位于健康强势区间
2026-07-21,2026-07-29,Prism,Nasdaq 200,ODFL,Old Dominion,Industrials,36,134,-0.05110950,234.789993,222.789993,4H当日前50,4H EMA 多头排列已连续维持；4H MACD 位于 Signal 上方；4H RSI 位于健康强势区间
2026-07-21,2026-07-29,Prism,Nasdaq 200,ULTA,Ulta Beauty,Consumer Discretionary,37,66,0.03804114,489.470001,508.089996,4H当日前50,4H MACD 位于 Signal 上方；4H RSI 位于健康强势区间
2026-07-21,2026-07-29,Prism,Nasdaq 200,AMZN,Amazon,Consumer Discretionary,38,172,-0.08442742,247.550003,226.649994,4H当日前50,4H RSI 位于健康强势区间
2026-07-21,2026-07-29,Prism,Nasdaq 200,PLTR,Palantir Technologies,Information Technology,39,120,-0.07281776,132.660004,123.000000,4H当日前50,4H RSI 位于健康强势区间
2026-07-21,2026-07-29,Prism,Nasdaq 200,NBIX,"Neurocrine Biosciences, Inc. - Common Stock",,40,69,0.00971790,179.050003,180.789993,4H当日前50,4H EMA 多头排列已连续维持；4H MACD 零轴上方刚金叉；4H MACD 柱体连续扩张；4H RSI 位于健康强势区间
2026-07-21,2026-07-29,Prism,Nasdaq 200,AMD,Advanced Micro Devices,Information Technology,41,179,-0.21099131,544.429993,429.559998,4H当日前50,4H MACD 刚金叉但仍需零轴确认；4H MACD 柱体连续扩张；4H RSI 位于健康强势区间
2026-07-21,2026-07-29,Prism,Nasdaq 200,DXCM,Dexcom,Health Care,42,30,0.00521738,74.750000,75.139999,4H当日前50,4H RSI 位于健康强势区间
2026-07-21,2026-07-29,Prism,Nasdaq 200,AAPL,Apple Inc.,Information Technology,43,55,0.03188507,327.739990,338.190002,4H当日前50,4H EMA 多头排列已连续维持；4H RSI 位于健康强势区间
2026-07-21,2026-07-29,Prism,Nasdaq 200,CHRW,C.H. Robinson,Industrials,44,152,-0.17032756,209.419998,173.750000,4H当日前50,4H EMA 多头排列已连续维持；4H MACD 位于 Signal 上方
2026-07-21,2026-07-29,Prism,Nasdaq 200,ESLT,Elbit Systems Ltd. - Ordinary Shares,,45,142,-0.00713893,774.630005,769.099976,4H当日前50,4H MACD 位于 Signal 上方；4H MACD 柱体连续扩张；4H RSI 位于健康强势区间
2026-07-21,2026-07-29,Prism,Nasdaq 200,JBHT,J.B. Hunt,Industrials,46,137,-0.05837821,293.260010,276.140015,4H当日前50,4H EMA 多头排列已连续维持；4H MACD 位于 Signal 上方；4H RSI 位于健康强势区间
2026-07-21,2026-07-29,Prism,Nasdaq 200,CTAS,Cintas,Industrials,47,101,0.08043508,200.410004,216.529999,4H当日前50,4H EMA 多头排列已连续维持；4H MACD 位于 Signal 上方；4H RSI 位于健康强势区间
2026-07-21,2026-07-29,Prism,Nasdaq 200,SYM,Symbotic Inc. - Class A Common Stock,,48,125,-0.05879610,42.860001,40.340000,4H当日前50,4H MACD 柱体连续扩张；4H RSI 位于健康强势区间
2026-07-21,2026-07-29,Prism,Nasdaq 200,PYPL,PayPal,Financials,49,105,0.04476276,55.849998,58.349998,4H当日前50,4H EMA 多头排列已连续维持；4H MACD 位于 Signal 上方
2026-07-21,2026-07-29,Prism,Nasdaq 200,RIVN,"Rivian Automotive, Inc. - Class A Common Stock",,50,138,-0.08051802,17.760000,16.330000,4H当日前50,4H MACD 柱体连续扩张；4H RSI 位于健康强势区间
2026-07-21,2026-07-29,Prism,Nasdaq Liquid 500,TWST,TWIST BIOSCIENCE CORP,Health Care,1,339,-0.10838723,95.860001,85.470001,4H当日前50,4H EMA9/26 最近金叉且价格在 EMA50 上方；4H MACD 零轴上方刚金叉；4H MACD 柱体连续扩张；4H RSI 位于健康强势区间
2026-07-21,2026-07-29,Prism,Nasdaq Liquid 500,AKAM,Akamai Technologies,Information Technology,2,373,-0.14010087,124.910004,107.410004,4H当日前50,4H EMA9/26 最近金叉且价格在 EMA50 上方；4H MACD 零轴上方刚金叉；4H MACD 柱体连续扩张；4H RSI 位于健康强势区间
2026-07-21,2026-07-29,Prism,Nasdaq Liquid 500,COIN,Coinbase,Financials,3,1,-0.08962189,175.850006,160.089996,4H当日前50,4H EMA9 已站上 EMA26，等待 26/50 确认；4H MACD 零轴上方刚金叉；4H MACD 柱体连续扩张；4H RSI 位于健康强势区间
2026-07-21,2026-07-29,Prism,Nasdaq Liquid 500,MDLZ,Mondelez International,Consumer Staples,4,150,0.08569992,59.860001,64.989998,4H当日前50,4H EMA9 已站上 EMA26，等待 26/50 确认；4H MACD 位于 Signal 上方；4H RSI 位于健康强势区间
2026-07-21,2026-07-29,Prism,Nasdaq Liquid 500,FIGR,"Figure Technology Solutions, Inc. - Class A Common Stock",,5,405,-0.20704989,31.490000,24.969999,4H当日前50,4H EMA9/26 最近金叉且价格在 EMA50 上方；4H MACD 零轴上方刚金叉；4H MACD 柱体连续扩张；4H RSI 位于健康强势区间
2026-07-21,2026-07-29,Prism,Nasdaq Liquid 500,LNTH,LANTHEUS HOLDINGS INC,Health Care,6,304,-0.07364518,107.949997,100.000000,4H当日前50,4H EMA9/26 最近金叉且价格在 EMA50 上方；4H MACD 位于 Signal 上方；4H MACD 柱体连续扩张；4H RSI 位于健康强势区间
2026-07-21,2026-07-29,Prism,Nasdaq Liquid 500,CTSH,Cognizant,Information Technology,7,243,0.28283291,43.630001,55.970001,4H当日前50,4H EMA9 已站上 EMA26，等待 26/50 确认；4H MACD 位于 Signal 上方；4H RSI 位于健康强势区间
2026-07-21,2026-07-29,Prism,Nasdaq Liquid 500,VNOM,"Viper Energy, Inc.  - Class A Common Stock",,8,262,-0.03744987,44.860001,43.180000,4H当日前50,4H EMA9 已站上 EMA26，等待 26/50 确认；4H MACD 位于 Signal 上方；4H RSI 位于健康强势区间
2026-07-21,2026-07-29,Prism,Nasdaq Liquid 500,INTU,Intuit,Information Technology,9,165,0.14904108,289.920013,333.130005,4H当日前50,4H EMA9 已站上 EMA26，等待 26/50 确认；4H MACD 位于 Signal 上方；4H RSI 位于健康强势区间
2026-07-21,2026-07-29,Prism,Nasdaq Liquid 500,APA,APA Corporation,Energy,10,206,0.02599947,35.770000,36.700001,4H当日前50,4H EMA9 已站上 EMA26，等待 26/50 确认；4H MACD 位于 Signal 上方；4H MACD 柱体连续扩张；4H RSI 位于健康强势区间
2026-07-21,2026-07-29,Prism,Nasdaq Liquid 500,MAT,"Mattel, Inc. - Common Stock",,11,186,0.08239437,14.200000,15.370000,4H当日前50,4H EMA9 已站上 EMA26，等待 26/50 确认；4H MACD 位于 Signal 上方；4H RSI 位于健康强势区间
2026-07-21,2026-07-29,Prism,Nasdaq Liquid 500,FUTU,Futu Holdings Limited - American Depositary Shares,,12,19,-0.01717159,103.660004,101.879997,4H当日前50,4H EMA9 已站上 EMA26，等待 26/50 确认；4H MACD 位于 Signal 上方；4H MACD 柱体连续扩张；4H RSI 位于健康强势区间
2026-07-21,2026-07-29,Prism,Nasdaq Liquid 500,HON,Honeywell Technologies,Industrials,13,161,0.04898631,229.860001,241.119995,4H当日前50,4H EMA9/26 最近金叉且价格在 EMA50 上方；4H MACD 位于 Signal 上方；4H MACD 柱体连续扩张；4H RSI 位于健康强势区间
2026-07-21,2026-07-29,Prism,Nasdaq Liquid 500,SAIA,"Saia, Inc. - Common Stock",,14,388,-0.08951572,433.220001,394.440002,4H当日前50,4H EMA9 已站上 EMA26，等待 26/50 确认；4H MACD 位于 Signal 上方；4H RSI 位于健康强势区间
2026-07-21,2026-07-29,Prism,Nasdaq Liquid 500,GLPI,"Gaming and Leisure Properties, Inc. - Common Stock",,15,129,0.03370029,44.509998,46.009998,4H当日前50,4H EMA9 已站上 EMA26，等待 26/50 确认；4H MACD 位于 Signal 上方；4H RSI 位于健康强势区间
2026-07-21,2026-07-29,Prism,Nasdaq Liquid 500,PTEN,PATTERSON UTI ENERGY INC,Energy,16,271,-0.11396011,10.530000,9.330000,4H当日前50,4H EMA9 已站上 EMA26，等待 26/50 确认；4H MACD 位于 Signal 上方；4H MACD 柱体连续扩张；4H RSI 位于健康强势区间
2026-07-21,2026-07-29,Prism,Nasdaq Liquid 500,CEG,Constellation Energy,Utilities,17,275,-0.01628399,262.220001,257.950012,4H当日前50,4H EMA9 已站上 EMA26，等待 26/50 确认；4H MACD 位于 Signal 上方；4H MACD 柱体连续扩张；4H RSI 位于健康强势区间
2026-07-21,2026-07-29,Prism,Nasdaq Liquid 500,CMCSA,Comcast,Communication Services,18,25,0.03359941,23.809999,24.610001,4H当日前50,4H EMA9 已站上 EMA26，等待 26/50 确认；4H MACD 位于 Signal 上方；4H RSI 位于健康强势区间
2026-07-21,2026-07-29,Prism,Nasdaq Liquid 500,AVT,"Avnet, Inc. - Common Stock",,19,315,-0.06967170,89.849998,83.589996,4H当日前50,4H EMA9/26 最近金叉且价格在 EMA50 上方；4H MACD 位于 Signal 上方；4H MACD 柱体连续扩张；4H RSI 位于健康强势区间
2026-07-21,2026-07-29,Prism,Nasdaq Liquid 500,TCOM,Trip.com Group Limited - American Depositary Shares,,20,216,0.05383729,43.650002,46.000000,4H当日前50,4H EMA9 已站上 EMA26，等待 26/50 确认；4H MACD 位于 Signal 上方；4H RSI 位于健康强势区间
2026-07-21,2026-07-29,Prism,Nasdaq Liquid 500,EBAY,eBay Inc.,Consumer Discretionary,21,78,0.01994785,113.044998,115.300003,4H当日前50,4H EMA9/26 最近金叉且价格在 EMA50 上方；4H MACD 柱体连续扩张；4H RSI 位于健康强势区间
2026-07-21,2026-07-29,Prism,Nasdaq Liquid 500,CZR,"Caesars Entertainment, Inc. - Common Stock",,22,312,-0.00865804,30.030001,29.770000,4H当日前50,4H EMA9/26 最近金叉且价格在 EMA50 上方；4H MACD 柱体连续扩张；4H RSI 位于健康强势区间
2026-07-21,2026-07-29,Prism,Nasdaq Liquid 500,LULU,Lululemon Athletica,Consumer Discretionary,23,29,0.02057791,116.629997,119.029999,4H当日前50,4H EMA9 已站上 EMA26，等待 26/50 确认；4H RSI 位于健康强势区间
2026-07-21,2026-07-29,Prism,Nasdaq Liquid 500,LOGI,Logitech International S.A. - Registered Shares,,24,269,0.00077732,102.910004,102.989998,4H当日前50,4H EMA9 已站上 EMA26，等待 26/50 确认；4H MACD 位于 Signal 上方；4H RSI 位于健康强势区间
2026-07-21,2026-07-29,Prism,Nasdaq Liquid 500,COCO,THE VITA COCO COMPANY INC,Consumer Staples,25,274,-0.11002765,75.889999,67.540001,4H当日前50,4H EMA9 已站上 EMA26，等待 26/50 确认；4H MACD 位于 Signal 上方；4H MACD 柱体连续扩张；4H RSI 位于健康强势区间
2026-07-21,2026-07-29,Prism,Nasdaq Liquid 500,FOX,Fox Corporation (Class B),Communication Services,26,207,0.02448026,51.470001,52.730000,4H当日前50,4H EMA9 已站上 EMA26，等待 26/50 确认；4H MACD 位于 Signal 上方；4H RSI 位于健康强势区间
2026-07-21,2026-07-29,Prism,Nasdaq Liquid 500,NVDA,Nvidia,Information Technology,27,345,-0.08336147,207.289993,190.009995,4H当日前50,4H EMA9 已站上 EMA26，等待 26/50 确认；4H MACD 柱体连续扩张；4H RSI 位于健康强势区间
2026-07-21,2026-07-29,Prism,Nasdaq Liquid 500,PTC,PTC Inc.,Information Technology,28,34,0.09679565,120.769997,132.460007,4H当日前50,4H EMA9 已站上 EMA26，等待 26/50 确认
2026-07-21,2026-07-29,Prism,Nasdaq Liquid 500,LITE,Lumentum,Information Technology,29,458,-0.28082767,837.559998,602.349976,4H当日前50,4H EMA9/26 最近金叉且价格在 EMA50 上方；4H MACD 位于 Signal 上方；4H MACD 柱体连续扩张；4H RSI 位于健康强势区间
2026-07-21,2026-07-29,Prism,Nasdaq Liquid 500,IBKR,Interactive Brokers,Financials,30,291,-0.08642233,94.419998,86.260002,4H当日前50,4H EMA9/26 最近金叉且价格在 EMA50 上方；4H MACD 柱体连续扩张；4H RSI 位于健康强势区间
2026-07-21,2026-07-29,Prism,Nasdaq Liquid 500,ASO,ACADEMY SPORTS AND OUTDOORS INC,Consumer Discretionary,31,,0.01699482,48.250000,49.070000,4H当日前50,4H EMA9 已站上 EMA26，等待 26/50 确认；4H MACD 位于 Signal 上方；4H RSI 位于健康强势区间
2026-07-21,2026-07-29,Prism,Nasdaq Liquid 500,FOXA,Fox Corporation (Class A),Communication Services,32,175,0.02397084,57.570000,58.950001,4H当日前50,4H EMA9 已站上 EMA26，等待 26/50 确认；4H MACD 位于 Signal 上方；4H RSI 位于健康强势区间
2026-07-21,2026-07-29,Prism,Nasdaq Liquid 500,TRMB,Trimble Inc.,Information Technology,33,127,0.12324020,51.849998,58.240002,4H当日前50,4H EMA9 已站上 EMA26，等待 26/50 确认
2026-07-21,2026-07-29,Prism,Nasdaq Liquid 500,FISV,Fiserv,Financials,34,154,0.09918988,50.610001,55.630001,4H当日前50,4H EMA9 已站上 EMA26，等待 26/50 确认；4H RSI 位于健康强势区间
2026-07-21,2026-07-29,Prism,Nasdaq Liquid 500,CLSK,CLEANSPARK INC,Information Technology,35,368,-0.21911573,15.380000,12.010000,4H当日前50,4H EMA9/26 最近金叉且价格在 EMA50 上方；4H MACD 位于 Signal 上方；4H MACD 柱体连续扩张；4H RSI 位于健康强势区间
2026-07-21,2026-07-29,Prism,Nasdaq Liquid 500,ZM,"Zoom Communications, Inc. - Class A Common Stock",,36,38,0.02940857,89.769997,92.410004,4H当日前50,4H EMA9 已站上 EMA26，等待 26/50 确认
2026-07-21,2026-07-29,Prism,Nasdaq Liquid 500,AEHR,AEHR TEST SYSTEMS,Information Technology,37,385,-0.33879285,98.910004,65.400002,4H当日前50,4H EMA9/26 最近金叉且价格在 EMA50 上方；4H MACD 位于 Signal 上方；4H MACD 柱体连续扩张；4H RSI 位于健康强势区间
2026-07-21,2026-07-29,Prism,Nasdaq Liquid 500,TSEM,Tower Semiconductor Ltd. - Ordinary Shares,,38,436,-0.25136506,250.910004,187.839996,4H当日前50,4H EMA9/26 最近金叉且价格在 EMA50 上方；4H MACD 位于 Signal 上方；4H MACD 柱体连续扩张；4H RSI 位于健康强势区间
2026-07-21,2026-07-29,Prism,Nasdaq Liquid 500,CAR,"Avis Budget Group, Inc. - Common Stock",,39,303,-0.04554980,162.240005,154.850006,4H当日前50,4H EMA9 已站上 EMA26，等待 26/50 确认；4H MACD 位于 Signal 上方；4H MACD 柱体连续扩张；4H RSI 位于健康强势区间
2026-07-21,2026-07-29,Prism,Nasdaq Liquid 500,ROIV,Roivant Sciences Ltd. - Common Shares,,40,372,-0.05978261,34.959999,32.869999,4H当日前50,4H EMA9/26 最近金叉且价格在 EMA50 上方；4H MACD 柱体连续扩张；4H RSI 位于健康强势区间
2026-07-21,2026-07-29,Prism,Nasdaq Liquid 500,MSTR,Strategy Inc - Class A Common Stock,,41,332,-0.08455120,101.949997,93.330002,4H当日前50,4H EMA9 已站上 EMA26，等待 26/50 确认；4H MACD 位于 Signal 上方；4H MACD 柱体连续扩张；4H RSI 位于健康强势区间
2026-07-21,2026-07-29,Prism,Nasdaq Liquid 500,HAS,Hasbro,Consumer Discretionary,42,222,0.07197566,88.779999,95.169998,4H当日前50,4H EMA9 已站上 EMA26，等待 26/50 确认；4H MACD 位于 Signal 上方；4H MACD 柱体连续扩张
2026-07-21,2026-07-29,Prism,Nasdaq Liquid 500,CASY,Casey's,Consumer Staples,43,198,0.01036977,858.260010,867.159973,4H当日前50,4H EMA 多头排列已连续维持；4H MACD 位于 Signal 上方；4H RSI 位于健康强势区间
2026-07-21,2026-07-29,Prism,Nasdaq Liquid 500,CME,CME Group,Financials,44,113,0.11820708,237.380005,265.440002,4H当日前50,4H EMA9 已站上 EMA26，等待 26/50 确认
2026-07-21,2026-07-29,Prism,Nasdaq Liquid 500,LASR,NLIGHT INC,Information Technology,45,,-0.21480795,75.230003,59.070000,4H当日前50,4H MACD 零轴上方刚金叉；4H MACD 柱体连续扩张；4H RSI 位于健康强势区间
2026-07-21,2026-07-29,Prism,Nasdaq Liquid 500,AGEN,AGENUS INC,Health Care,46,,0.18817204,5.580000,6.630000,4H当日前50,4H EMA 多头排列已连续维持；4H MACD 零轴上方刚金叉；4H MACD 柱体连续扩张；4H RSI 位于健康强势区间
2026-07-21,2026-07-29,Prism,Nasdaq Liquid 500,LSTR,"Landstar System, Inc. - Common Stock",,47,399,-0.16983336,214.210007,177.830002,4H当日前50,4H EMA 多头排列已连续维持；4H MACD 位于 Signal 上方；4H MACD 柱体连续扩张；4H RSI 位于健康强势区间
2026-07-21,2026-07-29,Prism,Nasdaq Liquid 500,CAMT,Camtek Ltd. - Ordinary Shares,,48,424,-0.18687156,156.149994,126.970001,4H当日前50,4H EMA9/26 最近金叉且价格在 EMA50 上方；4H MACD 位于 Signal 上方；4H MACD 柱体连续扩张；4H RSI 位于健康强势区间
2026-07-21,2026-07-29,Prism,Nasdaq Liquid 500,Z,"Zillow Group, Inc. - Class C Capital Stock",,49,36,0.06750392,31.850000,34.000000,4H当日前50,4H EMA9 已站上 EMA26，等待 26/50 确认
2026-07-21,2026-07-29,Prism,Nasdaq Liquid 500,CHRD,Chord Energy Corporation - Common Stock,,50,224,0.01699083,134.190002,136.470001,4H当日前50,4H EMA9 已站上 EMA26，等待 26/50 确认；4H MACD 位于 Signal 上方；4H MACD 柱体连续扩张
2026-07-21,2026-07-29,Prism,Russell,TWST,TWIST BIOSCIENCE CORP,Health Care,1,1434,-0.10838723,95.860001,85.470001,4H当日前50,4H EMA9/26 最近金叉且价格在 EMA50 上方；4H MACD 零轴上方刚金叉；4H MACD 柱体连续扩张；4H RSI 位于健康强势区间
2026-07-21,2026-07-29,Prism,Russell,AMPH,AMPHASTAR PHARMACEUTICALS INC,Health Care,2,1,0.05053599,19.590000,20.580000,4H当日前50,4H EMA9 已站上 EMA26，等待 26/50 确认；4H MACD 位于 Signal 上方；4H RSI 位于健康强势区间
2026-07-21,2026-07-29,Prism,Russell,HMH,HMH HOLDING INC CLASS A,Energy,3,1098,-0.05994962,19.850000,18.660000,4H当日前50,4H EMA9 已站上 EMA26，等待 26/50 确认；4H MACD 零轴上方刚金叉；4H MACD 柱体连续扩张；4H RSI 位于健康强势区间
2026-07-21,2026-07-29,Prism,Russell,CMRE,COSTAMARE INC,Industrials,4,858,0.00196078,15.300000,15.330000,4H当日前50,4H EMA9 已站上 EMA26，等待 26/50 确认；4H MACD 零轴上方刚金叉；4H MACD 柱体连续扩张；4H RSI 位于健康强势区间
2026-07-21,2026-07-29,Prism,Russell,ULH,UNIVERSAL LOGISTICS HOLDINGS INC,Industrials,5,121,-0.04786546,15.460000,14.720000,4H当日前50,4H EMA9/26 最近金叉且价格在 EMA50 上方；4H MACD 位于 Signal 上方；4H MACD 柱体连续扩张；4H RSI 位于健康强势区间
2026-07-21,2026-07-29,Prism,Russell,LNTH,LANTHEUS HOLDINGS INC,Health Care,6,1235,-0.07364518,107.949997,100.000000,4H当日前50,4H EMA9/26 最近金叉且价格在 EMA50 上方；4H MACD 位于 Signal 上方；4H MACD 柱体连续扩张；4H RSI 位于健康强势区间
2026-07-21,2026-07-29,Prism,Russell,CNX,CNX RESOURCES CORP,Energy,7,343,0.03269926,33.639999,34.740002,4H当日前50,4H EMA9/26 最近金叉且价格在 EMA50 上方；4H MACD 位于 Signal 上方；4H MACD 柱体连续扩张；4H RSI 位于健康强势区间
2026-07-21,2026-07-29,Prism,Russell,LAND,GLADSTONE LAND REIT CORP,Real Estate,8,1070,-0.04303511,8.830000,8.450000,4H当日前50,4H EMA9 已站上 EMA26，等待 26/50 确认；4H MACD 位于 Signal 上方；4H RSI 位于健康强势区间
2026-07-21,2026-07-29,Prism,Russell,UVV,UNIVERSAL CORP,Consumer Staples,9,167,0.03932160,52.770000,54.845001,4H当日前50,4H EMA9 已站上 EMA26，等待 26/50 确认；4H MACD 位于 Signal 上方；4H RSI 位于健康强势区间
2026-07-21,2026-07-29,Prism,Russell,HUN,HUNTSMAN CORP,Materials,10,1268,-0.05156684,12.605000,11.955000,4H当日前50,4H EMA9 已站上 EMA26，等待 26/50 确认；4H MACD 位于 Signal 上方；4H MACD 柱体连续扩张；4H RSI 位于健康强势区间
2026-07-21,2026-07-29,Prism,Russell,MSGE,MADISON SQUARE GARDEN ENTERTAINMEN,Communication,11,1191,-0.00653851,76.470001,75.970001,4H当日前50,4H EMA9/26 最近金叉且价格在 EMA50 上方；4H MACD 位于 Signal 上方；4H MACD 柱体连续扩张；4H RSI 位于健康强势区间
2026-07-21,2026-07-29,Prism,Russell,WHD,CACTUS INC CLASS A,Energy,12,1330,-0.05180223,55.209999,52.349998,4H当日前50,4H EMA9 已站上 EMA26，等待 26/50 确认；4H MACD 位于 Signal 上方；4H RSI 位于健康强势区间
2026-07-21,2026-07-29,Prism,Russell,INVX,INNOVEX INTERNATIONAL INC,Energy,13,1164,-0.02389082,26.370001,25.740000,4H当日前50,4H EMA9 已站上 EMA26，等待 26/50 确认；4H MACD 位于 Signal 上方；4H MACD 柱体连续扩张；4H RSI 位于健康强势区间
2026-07-21,2026-07-29,Prism,Russell,REPL,REPLIMUNE GROUP INC,Health Care,14,1789,-0.50818182,11.000000,5.410000,4H当日前50,4H EMA9/26 最近金叉且价格在 EMA50 上方；4H MACD 刚金叉但仍需零轴确认；4H MACD 柱体连续扩张；4H RSI 位于健康强势区间
2026-07-21,2026-07-29,Prism,Russell,NE,NOBLE CORPORATION PLC,Energy,15,1362,-0.03732395,42.599998,41.009998,4H当日前50,4H EMA9 已站上 EMA26，等待 26/50 确认；4H MACD 位于 Signal 上方；4H MACD 柱体连续扩张；4H RSI 位于健康强势区间
2026-07-21,2026-07-29,Prism,Russell,NLOP,NET LEASE OFFICE PROPERTIES,Real Estate,16,326,-0.00253807,11.820000,11.790000,4H当日前50,4H EMA9 已站上 EMA26，等待 26/50 确认；4H MACD 位于 Signal 上方；4H RSI 位于健康强势区间
2026-07-21,2026-07-29,Prism,Russell,KRO,KRONOS WORLDWIDE INC,Materials,17,1246,-0.08234421,6.740000,6.185000,4H当日前50,4H EMA9 已站上 EMA26，等待 26/50 确认；4H MACD 位于 Signal 上方；4H MACD 柱体连续扩张；4H RSI 位于健康强势区间
2026-07-21,2026-07-29,Prism,Russell,NUS,NU SKIN ENTERPRISES INC CLASS A,Consumer Staples,18,5,0.00285171,5.260000,5.275000,4H当日前50,4H EMA9 已站上 EMA26，等待 26/50 确认；4H MACD 位于 Signal 上方；4H RSI 位于健康强势区间
2026-07-21,2026-07-29,Prism,Russell,PRGO,PERRIGO PLC,Health Care,19,463,-0.00382226,10.465000,10.425000,4H当日前50,4H EMA9 已站上 EMA26，等待 26/50 确认；4H MACD 位于 Signal 上方；4H RSI 位于健康强势区间
2026-07-21,2026-07-29,Prism,Russell,CMCO,COLUMBUS MCKINNON CORP,Industrials,20,1317,-0.01149425,14.790000,14.620000,4H当日前50,4H EMA9 已站上 EMA26，等待 26/50 确认；4H MACD 位于 Signal 上方；4H RSI 位于健康强势区间
2026-07-21,2026-07-29,Prism,Russell,GNL,GLOBAL NET LEASE INC,Real Estate,21,1064,-0.03482046,9.190000,8.870000,4H当日前50,4H EMA9 已站上 EMA26，等待 26/50 确认；4H MACD 位于 Signal 上方；4H RSI 位于健康强势区间
2026-07-21,2026-07-29,Prism,Russell,TNK,TEEKAY TANKERS LTD CLASS A,Energy,22,710,0.03192631,75.674004,78.089996,4H当日前50,4H EMA9 已站上 EMA26，等待 26/50 确认；4H MACD 位于 Signal 上方；4H MACD 柱体连续扩张；4H RSI 位于健康强势区间
2026-07-21,2026-07-29,Prism,Russell,MATV,MATIV HOLDINGS INC,Materials,23,749,0.07945376,8.055000,8.695000,4H当日前50,4H EMA9 已站上 EMA26，等待 26/50 确认；4H MACD 位于 Signal 上方；4H RSI 位于健康强势区间
2026-07-21,2026-07-29,Prism,Russell,NTGR,NETGEAR INC,Information Technology,24,1318,-0.05962451,24.235001,22.790001,4H当日前50,4H EMA9/26 最近金叉且价格在 EMA50 上方；4H MACD 位于 Signal 上方；4H MACD 柱体连续扩张；4H RSI 位于健康强势区间
2026-07-21,2026-07-29,Prism,Russell,TXNM,TXNM ENERGY INC,Utilities,25,997,-0.00645772,58.070000,57.695000,4H当日前50,4H EMA9 已站上 EMA26，等待 26/50 确认；4H MACD 位于 Signal 上方；4H MACD 柱体连续扩张；4H RSI 位于健康强势区间
2026-07-21,2026-07-29,Prism,Russell,INR,INFINITY NATURAL RESOURCES INC CLA,Energy,26,1223,-0.07864331,13.415000,12.360000,4H当日前50,4H EMA9 已站上 EMA26，等待 26/50 确认；4H MACD 位于 Signal 上方；4H MACD 柱体连续扩张；4H RSI 位于健康强势区间
2026-07-21,2026-07-29,Prism,Russell,ASIX,ADVANSIX INC,Materials,27,1154,-0.06759582,21.525000,20.070000,4H当日前50,4H EMA9 已站上 EMA26，等待 26/50 确认；4H MACD 零轴上方刚金叉；4H MACD 柱体连续扩张；4H RSI 位于健康强势区间
2026-07-21,2026-07-29,Prism,Russell,EGY,VAALCO ENERGY INC,Energy,28,1241,-0.03489440,5.445000,5.255000,4H当日前50,4H EMA9 已站上 EMA26，等待 26/50 确认；4H MACD 零轴上方刚金叉；4H MACD 柱体连续扩张；4H RSI 位于健康强势区间
2026-07-21,2026-07-29,Prism,Russell,SPOK,SPOK HOLDINGS INC,Communication,29,362,0.02814259,10.660000,10.960000,4H当日前50,4H EMA9 已站上 EMA26，等待 26/50 确认；4H MACD 位于 Signal 上方；4H RSI 位于健康强势区间
2026-07-21,2026-07-29,Prism,Russell,GPI,GROUP AUTOMOTIVE INC,Consumer Discretionary,30,399,0.14527669,311.750000,357.040009,4H当日前50,4H EMA9 已站上 EMA26，等待 26/50 确认；4H MACD 位于 Signal 上方；4H RSI 位于健康强势区间
2026-07-21,2026-07-29,Prism,Russell,LXU,LSB INDUSTRIES INC,Materials,31,1258,-0.00908304,11.560000,11.455000,4H当日前50,4H EMA9 已站上 EMA26，等待 26/50 确认；4H MACD 位于 Signal 上方；4H RSI 位于健康强势区间
2026-07-21,2026-07-29,Prism,Russell,PANL,PANGAEA LOGISTICS SOLUTIONS LTD,Industrials,32,779,-0.01333333,7.500000,7.400000,4H当日前50,4H EMA9 已站上 EMA26，等待 26/50 确认；4H MACD 位于 Signal 上方；4H MACD 柱体连续扩张；4H RSI 位于健康强势区间
2026-07-21,2026-07-29,Prism,Russell,MEI,METHODE ELECTRONICS INC,Information Technology,33,1735,-0.21781274,16.504999,12.910000,4H当日前50,4H EMA9/26 最近金叉且价格在 EMA50 上方；4H MACD 零轴上方刚金叉；4H MACD 柱体连续扩张；4H RSI 位于健康强势区间
2026-07-21,2026-07-29,Prism,Russell,BFH,BREAD FINANCIAL HOLDINGS INC,Financials,34,183,0.05222264,101.680000,106.989998,4H当日前50,4H EMA9/26 最近金叉且价格在 EMA50 上方；4H MACD 位于 Signal 上方；4H MACD 柱体连续扩张；4H RSI 位于健康强势区间
2026-07-21,2026-07-29,Prism,Russell,ILPT,INDUSTRIAL LOGISTICS PROPERTIES TR,Real Estate,35,1306,-0.05108696,9.200000,8.730000,4H当日前50,4H EMA9/26 最近金叉且价格在 EMA50 上方；4H MACD 零轴上方刚金叉；4H MACD 柱体连续扩张；4H RSI 位于健康强势区间
2026-07-21,2026-07-29,Prism,Russell,PATK,PATRICK INDUSTRIES INC,Consumer Discretionary,36,68,0.01511779,85.330002,86.620003,4H当日前50,4H EMA9 已站上 EMA26，等待 26/50 确认；4H MACD 位于 Signal 上方
2026-07-21,2026-07-29,Prism,Russell,EPSN,EPSILON ENERGY LTD,Energy,37,1047,-0.01243339,5.630000,5.560000,4H当日前50,4H EMA9 已站上 EMA26，等待 26/50 确认；4H MACD 位于 Signal 上方；4H RSI 位于健康强势区间
2026-07-21,2026-07-29,Prism,Russell,VOR,VOR BIOPHARMA INC,Health Care,38,146,-0.02493766,20.049999,19.549999,4H当日前50,4H EMA9/26 最近金叉且价格在 EMA50 上方；4H MACD 零轴上方刚金叉；4H MACD 柱体连续扩张；4H RSI 位于健康强势区间
2026-07-21,2026-07-29,Prism,Russell,PTEN,PATTERSON UTI ENERGY INC,Energy,39,1107,-0.11396011,10.530000,9.330000,4H当日前50,4H EMA9 已站上 EMA26，等待 26/50 确认；4H MACD 位于 Signal 上方；4H MACD 柱体连续扩张；4H RSI 位于健康强势区间
2026-07-21,2026-07-29,Prism,Russell,CNR,CORE NATURAL RESOURCES INC,Energy,40,1471,-0.07474200,84.290001,77.989998,4H当日前50,4H EMA9 已站上 EMA26，等待 26/50 确认；4H MACD 位于 Signal 上方；4H RSI 位于健康强势区间
2026-07-21,2026-07-29,Prism,Russell,TG,TREDEGAR CORP,Materials,41,1184,-0.03367876,7.720000,7.460000,4H当日前50,4H EMA9/26 最近金叉且价格在 EMA50 上方；4H MACD 位于 Signal 上方；4H MACD 柱体连续扩张；4H RSI 位于健康强势区间
2026-07-21,2026-07-29,Prism,Russell,ZUMZ,ZUMIEZ INC,Consumer Discretionary,42,775,0.03823680,18.830000,19.549999,4H当日前50,4H EMA9 已站上 EMA26，等待 26/50 确认；4H MACD 位于 Signal 上方；4H RSI 位于健康强势区间
2026-07-21,2026-07-29,Prism,Russell,AVNT,AVIENT CORP,Materials,43,1181,-0.02710027,36.900002,35.900002,4H当日前50,4H EMA9/26 最近金叉且价格在 EMA50 上方；4H MACD 位于 Signal 上方；4H MACD 柱体连续扩张；4H RSI 位于健康强势区间
2026-07-21,2026-07-29,Prism,Russell,PAX,PATRIA INVESTMENTS LTD CLASS A,Financials,44,1266,-0.04129264,11.140000,10.680000,4H当日前50,4H EMA9 已站上 EMA26，等待 26/50 确认；4H MACD 刚金叉但仍需零轴确认；4H MACD 柱体连续扩张；4H RSI 位于健康强势区间
2026-07-21,2026-07-29,Prism,Russell,NVGS,NAVIGATOR HOLDINGS LTD,Energy,45,532,0.02285443,21.440001,21.930000,4H当日前50,4H EMA9 已站上 EMA26，等待 26/50 确认；4H MACD 位于 Signal 上方；4H MACD 柱体连续扩张；4H RSI 位于健康强势区间
2026-07-21,2026-07-29,Prism,Russell,FMC,FMC CORP,Materials,46,1614,-0.12005277,11.370000,10.005000,4H当日前50,4H EMA9 已站上 EMA26，等待 26/50 确认；4H MACD 位于 Signal 上方；4H RSI 位于健康强势区间
2026-07-21,2026-07-29,Prism,Russell,AZZ,AZZ INC,Industrials,47,1331,-0.06218030,150.529999,141.169998,4H当日前50,4H EMA9/26 最近金叉且价格在 EMA50 上方；4H MACD 位于 Signal 上方；4H MACD 柱体连续扩张；4H RSI 位于健康强势区间
2026-07-21,2026-07-29,Prism,Russell,SWMR,SWARMER INC,Industrials,48,1522,-0.20225206,46.180000,36.840000,4H当日前50,4H EMA9/26 最近金叉且价格在 EMA50 上方；4H MACD 刚金叉但仍需零轴确认；4H MACD 柱体连续扩张；4H RSI 位于健康强势区间
2026-07-21,2026-07-29,Prism,Russell,CV,CAPSOVISION INC,Health Care,49,148,-0.05555556,7.020000,6.630000,4H当日前50,4H EMA9 已站上 EMA26，等待 26/50 确认；4H MACD 位于 Signal 上方；4H MACD 柱体连续扩张；4H RSI 位于健康强势区间
2026-07-21,2026-07-29,Prism,Russell,SMC,SUMMIT MIDSTREAM CORP,Energy,50,34,-0.00688302,30.510000,30.299999,4H当日前50,4H EMA9/26 最近金叉且价格在 EMA50 上方；4H MACD 柱体连续扩张；4H RSI 位于健康强势区间
2026-07-21,2026-07-29,Aster Call,Aster,COIN,Coinbase,Financials,1,,-0.08962189,175.850006,160.089996,Aster当日前50,4H EMA 刚转强；4H MACD 新金叉
2026-07-21,2026-07-29,Aster Call,Aster,PMTS,CPI CARD GROUP INC,Information Technology,2,,0.03368004,20.190001,20.870001,Aster当日前50,4H EMA 刚转强；4H MACD 新金叉
2026-07-21,2026-07-29,Aster Call,Aster,ILPT,INDUSTRIAL LOGISTICS PROPERTIES TR,Real Estate,3,,-0.05108696,9.200000,8.730000,Aster当日前50,4H EMA 刚转强；4H MACD 新金叉
2026-07-21,2026-07-29,Aster Call,Aster,AKAM,Akamai Technologies,Information Technology,4,,-0.01425032,124.910004,123.129997,Aster当日前50,4H EMA 刚转强；4H MACD 新金叉
2026-07-21,2026-07-29,Aster Call,Aster,LNTH,LANTHEUS HOLDINGS INC,Health Care,5,,-0.07364518,107.949997,100.000000,Aster当日前50,4H EMA 刚转强；4H MACD 多头
2026-07-21,2026-07-29,Aster Call,Aster,HMH,HMH HOLDING INC CLASS A,Energy,6,,-0.05994962,19.850000,18.660000,Aster当日前50,4H EMA 刚转强；4H MACD 新金叉
2026-07-21,2026-07-29,Aster Call,Aster,MSGE,MADISON SQUARE GARDEN ENTERTAINMEN,Communication,7,,-0.00653851,76.470001,75.970001,Aster当日前50,4H EMA 刚转强；4H MACD 多头
2026-07-21,2026-07-29,Aster Call,Aster,GM,General Motors,Consumer Discretionary,8,,0.12426106,79.510002,89.389999,Aster当日前50,4H EMA 刚转强；4H MACD 新金叉
2026-07-21,2026-07-29,Aster Call,Aster,TNK,TEEKAY TANKERS LTD CLASS A,Energy,9,,0.03192631,75.674004,78.089996,Aster当日前50,4H EMA 刚转强；4H MACD 多头
2026-07-21,2026-07-29,Aster Call,Aster,VOR,VOR BIOPHARMA INC,Health Care,10,,-0.02493766,20.049999,19.549999,Aster当日前50,4H EMA 刚转强；4H MACD 新金叉
2026-07-21,2026-07-29,Aster Call,Aster,FIGR,"Figure Technology Solutions, Inc. - Class A Common Stock",,11,,-0.20704989,31.490000,24.969999,Aster当日前50,4H EMA 刚转强；4H MACD 新金叉
2026-07-21,2026-07-29,Aster Call,Aster,ASIX,ADVANSIX INC,Materials,12,,-0.06759582,21.525000,20.070000,Aster当日前50,4H EMA 刚转强；4H MACD 新金叉
2026-07-21,2026-07-29,Aster Call,Aster,REPL,REPLIMUNE GROUP INC,Health Care,13,,-0.50818182,11.000000,5.410000,Aster当日前50,4H EMA 刚转强；4H MACD 新金叉
2026-07-21,2026-07-29,Aster Call,Aster,TDY,Teledyne Technologies,Information Technology,14,,-0.02406184,646.875000,631.309998,Aster当日前50,4H EMA 刚转强；4H MACD 新金叉
2026-07-21,2026-07-29,Aster Call,Aster,PAGS,PAGSEGURO DIGITAL LTD CLASS A,Financials,15,,-0.00522193,9.575000,9.525000,Aster当日前50,4H EMA 多头趋势；4H MACD 新金叉
2026-07-21,2026-07-29,Aster Call,Aster,HIG,Hartford (The),Financials,16,,-0.01035431,141.970001,140.500000,Aster当日前50,4H EMA 多头趋势；4H MACD 新金叉
2026-07-21,2026-07-29,Aster Call,Aster,AIG,American International Group,Financials,17,,-0.00049858,80.230003,80.190002,Aster当日前50,4H EMA 多头趋势；4H MACD 新金叉
2026-07-21,2026-07-29,Aster Call,Aster,INSW,INTERNATIONAL SEAWAYS INC,Energy,18,,0.04627977,90.449997,94.636002,Aster当日前50,4H EMA 多头趋势；4H MACD 新金叉
2026-07-21,2026-07-29,Aster Call,Aster,NLOP,NET LEASE OFFICE PROPERTIES,Real Estate,19,,-0.00253807,11.820000,11.790000,Aster当日前50,4H EMA 刚转强；4H MACD 多头
2026-07-21,2026-07-29,Aster Call,Aster,MATV,MATIV HOLDINGS INC,Materials,20,,0.07945376,8.055000,8.695000,Aster当日前50,4H EMA 刚转强；4H MACD 多头
2026-07-21,2026-07-29,Aster Call,Aster,TWST,TWIST BIOSCIENCE CORP,Health Care,21,,-0.10838723,95.860001,85.470001,Aster当日前50,4H EMA 刚转强；4H MACD 新金叉
2026-07-21,2026-07-29,Aster Call,Aster,F,Ford Motor Company,Consumer Discretionary,22,,0.07042747,14.270000,15.275000,Aster当日前50,4H EMA 刚转强；4H MACD 多头
2026-07-21,2026-07-29,Aster Call,Aster,PNRG,PRIMEENERGY RESOURCES CORP,Energy,23,,-0.01379962,189.860001,187.240005,Aster当日前50,4H EMA 刚转强；4H MACD 多头
2026-07-21,2026-07-29,Aster Call,Aster,DBD,DIEBOLD NIXDORF INC,Information Technology,24,,-0.14818166,88.269997,75.190002,Aster当日前50,4H EMA 多头趋势；4H MACD 新金叉
2026-07-21,2026-07-29,Aster Call,Aster,CB,Chubb Limited,Financials,25,,0.02038681,354.640015,361.869995,Aster当日前50,4H EMA 多头趋势；4H MACD 新金叉
2026-07-21,2026-07-29,Aster Call,Aster,SWMR,SWARMER INC,Industrials,26,,-0.20225206,46.180000,36.840000,Aster当日前50,4H EMA 刚转强；4H MACD 新金叉
2026-07-21,2026-07-29,Aster Call,Aster,TXNM,TXNM ENERGY INC,Utilities,27,,-0.00430515,58.070000,57.820000,Aster当日前50,4H EMA 刚转强；4H MACD 多头
2026-07-21,2026-07-29,Aster Call,Aster,NBIX,"Neurocrine Biosciences, Inc. - Common Stock",,28,,0.00971790,179.050003,180.789993,Aster当日前50,4H EMA 多头趋势；4H MACD 新金叉
2026-07-21,2026-07-29,Aster Call,Aster,CNX,CNX RESOURCES CORP,Energy,29,,0.03269926,33.639999,34.740002,Aster当日前50,4H EMA 刚转强；4H MACD 多头
2026-07-21,2026-07-29,Aster Call,Aster,INVX,INNOVEX INTERNATIONAL INC,Energy,30,,-0.02389082,26.370001,25.740000,Aster当日前50,4H EMA 刚转强；4H MACD 多头
2026-07-21,2026-07-29,Aster Call,Aster,SIGI,SELECTIVE INSURANCE GROUP INC,Financials,31,,-0.02106118,98.760002,96.680000,Aster当日前50,4H EMA 多头趋势；4H MACD 新金叉
2026-07-21,2026-07-29,Aster Call,Aster,FSBC,FIVE STAR BANCORP,Financials,32,,-0.03871891,49.330002,47.419998,Aster当日前50,4H EMA 多头趋势；4H MACD 新金叉
2026-07-21,2026-07-29,Aster Call,Aster,CDRE,CADRE HOLDINGS INC,Industrials,33,,0.04970864,29.170000,30.620001,Aster当日前50,4H EMA 刚转强
2026-07-21,2026-07-29,Aster Call,Aster,VST,Vistra Corp.,Utilities,34,,-0.11992362,162.270004,142.809998,Aster当日前50,4H EMA 刚转强；4H MACD 新金叉
2026-07-21,2026-07-29,Aster Call,Aster,AMPH,AMPHASTAR PHARMACEUTICALS INC,Health Care,35,,0.05053599,19.590000,20.580000,Aster当日前50,4H EMA 刚转强；4H MACD 多头
2026-07-21,2026-07-29,Aster Call,Aster,CMCSA,Comcast,Communication Services,36,,-0.00125989,23.809999,23.780001,Aster当日前50,4H EMA 刚转强；4H MACD 多头
2026-07-21,2026-07-29,Aster Call,Aster,NTGR,NETGEAR INC,Information Technology,37,,-0.05962451,24.235001,22.790001,Aster当日前50,4H EMA 刚转强；4H MACD 多头
2026-07-21,2026-07-29,Aster Call,Aster,ISSC,INNOVATIVE SOLUTIONS AND SUPPORT I,Industrials,38,,-0.07232045,19.219999,17.830000,Aster当日前50,4H EMA 多头趋势；4H MACD 新金叉
2026-07-21,2026-07-29,Aster Call,Aster,BFH,BREAD FINANCIAL HOLDINGS INC,Financials,39,,0.05222264,101.680000,106.989998,Aster当日前50,4H EMA 刚转强；4H MACD 多头
2026-07-21,2026-07-29,Aster Call,Aster,FUTU,Futu Holdings Limited - American Depositary Shares,,40,,-0.01717159,103.660004,101.879997,Aster当日前50,4H EMA 刚转强；4H MACD 多头
2026-07-21,2026-07-29,Aster Call,Aster,SDRL,SEADRILL LTD,Energy,41,,-0.03421288,43.959999,42.456001,Aster当日前50,4H EMA 刚转强；4H MACD 多头
2026-07-21,2026-07-29,Aster Call,Aster,T,AT&T,Communication Services,42,,0.07497194,22.275000,23.945000,Aster当日前50,4H EMA 刚转强；4H MACD 多头
2026-07-21,2026-07-29,Aster Call,Aster,CMCO,COLUMBUS MCKINNON CORP,Industrials,43,,-0.01149425,14.790000,14.620000,Aster当日前50,4H EMA 刚转强；4H MACD 多头
2026-07-21,2026-07-29,Aster Call,Aster,ULH,UNIVERSAL LOGISTICS HOLDINGS INC,Industrials,44,,-0.04786546,15.460000,14.720000,Aster当日前50,4H EMA 刚转强；4H MACD 多头
2026-07-21,2026-07-29,Aster Call,Aster,AVT,"Avnet, Inc. - Common Stock",,45,,-0.06967170,89.849998,83.589996,Aster当日前50,4H EMA 刚转强；4H MACD 多头
2026-07-21,2026-07-29,Aster Call,Aster,AEO,AMERICAN EAGLE OUTFITTERS INC,Consumer Discretionary,46,,0.01182238,17.340000,17.545000,Aster当日前50,4H EMA 刚转强；4H MACD 多头
2026-07-21,2026-07-29,Aster Call,Aster,APA,APA Corporation,Energy,47,,0.02599947,35.770000,36.700001,Aster当日前50,4H EMA 刚转强；4H MACD 多头
2026-07-21,2026-07-29,Aster Call,Aster,DVN,Devon Energy,Energy,48,,0.00850340,44.099998,44.474998,Aster当日前50,4H EMA 刚转强；4H MACD 多头
2026-07-21,2026-07-29,Aster Call,Aster,VNOM,"Viper Energy, Inc.  - Class A Common Stock",,49,,-0.03744987,44.860001,43.180000,Aster当日前50,4H EMA 刚转强；4H MACD 多头
2026-07-21,2026-07-29,Aster Call,Aster,CMRE,COSTAMARE INC,Industrials,50,,0.00196078,15.300000,15.330000,Aster当日前50,4H EMA 刚转强；4H MACD 新金叉
2026-07-20,2026-07-29,Early,S&P 500,COP,ConocoPhillips,Energy,1,114,0.02070632,115.665001,118.059998,4H当日前50,4H EMA9 已站上 EMA26，等待 26/50 确认；4H MACD 位于 Signal 上方；4H RSI 位于健康强势区间
2026-07-20,2026-07-29,Early,S&P 500,OXY,Occidental Petroleum,Energy,2,119,0.01530653,55.205002,56.049999,4H当日前50,4H EMA9 已站上 EMA26，等待 26/50 确认；4H MACD 位于 Signal 上方；4H RSI 位于健康强势区间
2026-07-20,2026-07-29,Early,S&P 500,MSFT,Microsoft,Information Technology,3,176,-0.02920778,402.290009,390.540009,4H当日前50,4H EMA9 已站上 EMA26，等待 26/50 确认；4H MACD 位于 Signal 上方；4H MACD 柱体连续扩张；4H RSI 位于健康强势区间
2026-07-20,2026-07-29,Early,S&P 500,BG,Bunge Global,Consumer Staples,4,440,-0.10750105,120.650002,107.680000,4H当日前50,4H EMA9 已站上 EMA26，等待 26/50 确认；4H MACD 位于 Signal 上方；4H MACD 柱体连续扩张
2026-07-20,2026-07-29,Early,S&P 500,ULTA,Ulta Beauty,Consumer Discretionary,5,53,0.04099740,488.079987,508.089996,4H当日前50,4H EMA9 已站上 EMA26，等待 26/50 确认；4H MACD 位于 Signal 上方；4H MACD 柱体连续扩张；4H RSI 位于健康强势区间
2026-07-20,2026-07-29,Early,S&P 500,ARES,Ares Management,Financials,6,214,0.02766328,121.279999,124.635002,4H当日前50,4H EMA9 已站上 EMA26，等待 26/50 确认；4H MACD 位于 Signal 上方；4H RSI 位于健康强势区间
2026-07-20,2026-07-29,Early,S&P 500,MDT,Medtronic,Health Care,7,162,0.05094198,83.330002,87.574997,4H当日前50,4H EMA 多头排列已连续维持；4H MACD 零轴上方刚金叉；4H MACD 柱体连续扩张；4H RSI 位于健康强势区间
2026-07-20,2026-07-29,Early,S&P 500,NKE,"Nike, Inc.",Consumer Discretionary,8,291,-0.00552173,43.465000,43.224998,4H当日前50,4H EMA9 已站上 EMA26，等待 26/50 确认；4H RSI 位于健康强势区间
2026-07-20,2026-07-29,Early,S&P 500,OTIS,Otis Worldwide,Industrials,9,17,-0.00163312,73.480003,73.360001,4H当日前50,4H MACD 位于 Signal 上方；4H RSI 位于健康强势区间
2026-07-20,2026-07-29,Early,S&P 500,PLTR,Palantir Technologies,Information Technology,10,386,-0.08787546,134.850006,123.000000,4H当日前50,4H MACD 位于 Signal 上方；4H RSI 位于健康强势区间
2026-07-20,2026-07-29,Early,S&P 500,CLX,Clorox,Consumer Staples,11,11,0.03446843,96.320000,99.639999,4H当日前50,4H MACD 位于 Signal 上方；4H RSI 位于健康强势区间
2026-07-20,2026-07-29,Early,S&P 500,IDXX,Idexx Laboratories,Health Care,12,26,0.01057098,563.809998,569.770020,4H当日前50,4H MACD 位于 Signal 上方；4H RSI 位于健康强势区间
2026-07-20,2026-07-29,Early,S&P 500,TMUS,T-Mobile US,Communication Services,13,372,-0.07217335,195.639999,181.520004,4H当日前50,4H EMA 多头排列已连续维持；4H MACD 位于 Signal 上方；4H MACD 柱体连续扩张；4H RSI 位于健康强势区间
2026-07-20,2026-07-29,Early,S&P 500,SJM,J.M. Smucker Company (The),Consumer Staples,14,266,0.12300039,112.519997,126.360001,4H当日前50,4H EMA9/26 最近金叉且价格在 EMA50 上方；4H MACD 位于 Signal 上方；4H RSI 位于健康强势区间
2026-07-20,2026-07-29,Early,S&P 500,TYL,Tyler Technologies,Information Technology,15,59,0.05004395,317.920013,333.829987,4H当日前50,4H EMA 多头排列已连续维持；4H MACD 零轴上方刚金叉；4H MACD 柱体连续扩张；4H RSI 位于健康强势区间
2026-07-20,2026-07-29,Early,S&P 500,ICE,Intercontinental Exchange,Financials,16,293,0.09025423,141.600006,154.380005,4H当日前50,4H MACD 位于 Signal 上方；4H RSI 位于健康强势区间
2026-07-20,2026-07-29,Early,S&P 500,FANG,Diamondback Energy,Energy,17,229,0.01919337,195.380005,199.130005,4H当日前50,4H MACD 位于 Signal 上方；4H RSI 位于健康强势区间
2026-07-20,2026-07-29,Early,S&P 500,VRSN,Verisign,Information Technology,18,238,0.04794506,277.609985,290.920013,4H当日前50,4H MACD 位于 Signal 上方；4H RSI 位于健康强势区间
2026-07-20,2026-07-29,Early,S&P 500,XOM,ExxonMobil,Energy,19,289,0.05671197,148.399002,156.815002,4H当日前50,4H MACD 位于 Signal 上方；4H RSI 位于健康强势区间
2026-07-20,2026-07-29,Early,S&P 500,DPZ,Domino's,Consumer Discretionary,20,280,0.09432471,328.970001,360.000000,4H当日前50,4H EMA 多头排列已连续维持；4H MACD 位于 Signal 上方；4H RSI 位于健康强势区间
2026-07-20,2026-07-29,Early,S&P 500,EBAY,eBay Inc.,Consumer Discretionary,21,52,0.00972065,114.190002,115.300003,4H当日前50,4H EMA9/26 最近金叉且价格在 EMA50 上方；4H MACD 柱体连续扩张；4H RSI 位于健康强势区间
2026-07-20,2026-07-29,Early,S&P 500,BR,Broadridge Financial Solutions,Industrials,22,105,0.06174814,150.044998,159.309998,4H当日前50,4H EMA 多头排列已连续维持；4H RSI 位于健康强势区间
2026-07-20,2026-07-29,Early,S&P 500,ATO,Atmos Energy,Utilities,23,310,0.00183272,177.330002,177.654999,4H当日前50,4H RSI 位于健康强势区间
2026-07-20,2026-07-29,Early,S&P 500,MOS,Mosaic Company (The),Materials,24,27,0.00914566,22.415001,22.620001,4H当日前50,4H MACD 位于 Signal 上方；4H RSI 位于健康强势区间
2026-07-20,2026-07-29,Early,S&P 500,TAP,Molson Coors Beverage Company,Consumer Staples,25,32,0.02689719,41.639999,42.759998,4H当日前50,4H MACD 位于 Signal 上方；4H RSI 位于健康强势区间
2026-07-20,2026-07-29,Early,S&P 500,CPAY,Corpay,Financials,26,273,0.06362529,369.350006,392.850006,4H当日前50,4H EMA 多头排列已连续维持；4H MACD 位于 Signal 上方；4H RSI 位于健康强势区间
2026-07-20,2026-07-29,Early,S&P 500,CRM,Salesforce,Information Technology,27,161,0.08453705,173.770004,188.460007,4H当日前50,4H EMA 多头排列已连续维持；4H MACD 位于 Signal 上方；4H RSI 位于健康强势区间
2026-07-20,2026-07-29,Early,S&P 500,IVZ,Invesco,Financials,28,394,-0.05343000,29.665001,28.080000,4H当日前50,4H EMA 多头排列已连续维持；4H MACD 位于 Signal 上方；4H RSI 位于健康强势区间
2026-07-20,2026-07-29,Early,S&P 500,KMI,Kinder Morgan,Energy,29,375,-0.02254947,32.595001,31.860001,4H当日前50,4H MACD 零轴上方刚金叉；4H MACD 柱体连续扩张；4H RSI 位于健康强势区间
2026-07-20,2026-07-29,Early,S&P 500,ALLE,Allegion,Industrials,30,256,0.14742940,138.100006,158.460007,4H当日前50,4H MACD 位于 Signal 上方；4H RSI 位于健康强势区间
2026-07-20,2026-07-29,Early,S&P 500,EFX,Equifax,Industrials,31,179,0.03903820,180.080002,187.110001,4H当日前50,4H EMA 多头排列已连续维持；4H MACD 位于 Signal 上方；4H RSI 位于健康强势区间
2026-07-20,2026-07-29,Early,S&P 500,PODD,Insulet Corporation,Health Care,32,30,0.01941806,167.369995,170.619995,4H当日前50,4H EMA 多头排列已连续维持；4H MACD 位于 Signal 上方；4H MACD 柱体连续扩张；4H RSI 位于健康强势区间
2026-07-20,2026-07-29,Early,S&P 500,FRT,Federal Realty Investment Trust,Real Estate,33,185,0.00234924,125.574997,125.870003,4H当日前50,4H EMA 多头排列已连续维持；4H MACD 位于 Signal 上方；4H RSI 位于健康强势区间
2026-07-20,2026-07-29,Early,S&P 500,GILD,Gilead Sciences,Health Care,34,15,-0.00360342,133.210007,132.729996,4H当日前50,4H RSI 位于健康强势区间
2026-07-20,2026-07-29,Early,S&P 500,FIS,Fidelity National Information Services,Financials,35,204,0.10688106,42.290001,46.810001,4H当日前50,4H EMA 多头排列已连续维持；4H MACD 柱体连续扩张；4H RSI 位于健康强势区间
2026-07-20,2026-07-29,Early,S&P 500,AIG,American International Group,Financials,36,75,0.00463545,79.820000,80.190002,4H当日前50,4H EMA 多头排列已连续维持；4H MACD 零轴上方刚金叉；4H MACD 柱体连续扩张；4H RSI 位于健康强势区间
2026-07-20,2026-07-29,Early,S&P 500,HRL,Hormel Foods,Consumer Staples,37,109,0.01976285,25.299999,25.799999,4H当日前50,4H EMA 多头排列已连续维持；4H MACD 位于 Signal 上方；4H RSI 位于健康强势区间
2026-07-20,2026-07-29,Early,S&P 500,AMZN,Amazon,Consumer Discretionary,38,457,-0.09336378,249.990005,226.649994,4H当日前50,4H RSI 位于健康强势区间
2026-07-20,2026-07-29,Early,S&P 500,ADBE,Adobe Inc.,Information Technology,39,177,0.12222028,234.740005,263.429993,4H当日前50,4H EMA 多头排列已连续维持；4H MACD 位于 Signal 上方；4H RSI 位于健康强势区间
2026-07-20,2026-07-29,Early,S&P 500,CASY,Casey's,Consumer Staples,40,220,0.00080783,866.460022,867.159973,4H当日前50,4H EMA 多头排列已连续维持；4H MACD 位于 Signal 上方；4H MACD 柱体连续扩张；4H RSI 位于健康强势区间
2026-07-20,2026-07-29,Early,S&P 500,KIM,Kimco Realty,Real Estate,41,305,-0.00084502,26.035000,26.013000,4H当日前50,4H EMA 多头排列已连续维持；4H MACD 位于 Signal 上方；4H RSI 位于健康强势区间
2026-07-20,2026-07-29,Early,S&P 500,EOG,EOG Resources,Energy,42,225,0.03455486,141.080002,145.955002,4H当日前50,4H EMA 多头排列已连续维持；4H MACD 位于 Signal 上方；4H RSI 位于健康强势区间
2026-07-20,2026-07-29,Early,S&P 500,CHD,Church & Dwight,Consumer Staples,43,66,0.02121565,97.805000,99.879997,4H当日前50,4H EMA 多头排列已连续维持；4H MACD 位于 Signal 上方；4H RSI 位于健康强势区间
2026-07-20,2026-07-29,Early,S&P 500,BLK,BlackRock,Financials,44,159,0.02603125,1054.119995,1081.560059,4H当日前50,4H MACD 位于 Signal 上方；4H RSI 位于健康强势区间
2026-07-20,2026-07-29,Early,S&P 500,EXR,Extra Space Storage,Real Estate,45,102,0.03707228,147.279999,152.740005,4H当日前50,4H MACD 位于 Signal 上方；4H RSI 位于健康强势区间
2026-07-20,2026-07-29,Early,S&P 500,REG,Regency Centers,Real Estate,46,337,-0.01253954,82.139999,81.110001,4H当日前50,4H EMA 多头排列已连续维持；4H MACD 位于 Signal 上方；4H RSI 位于健康强势区间
2026-07-20,2026-07-29,Early,S&P 500,HIG,Hartford (The),Financials,47,200,0.03708190,140.500000,145.710007,4H当日前50,4H EMA 多头排列已连续维持；4H MACD 零轴上方刚金叉；4H MACD 柱体连续扩张；4H RSI 位于健康强势区间
2026-07-20,2026-07-29,Early,S&P 500,COF,Capital One,Financials,48,87,0.00996420,206.740005,208.800003,4H当日前50,4H MACD 位于 Signal 上方；4H RSI 位于健康强势区间
2026-07-20,2026-07-29,Early,S&P 500,ROP,Roper Technologies,Information Technology,49,286,0.12465553,362.839996,408.070007,4H当日前50,4H EMA 多头排列已连续维持；4H MACD 零轴上方刚金叉；4H RSI 位于健康强势区间
2026-07-20,2026-07-29,Early,S&P 500,J,Jacobs Solutions,Industrials,50,157,0.04943225,129.470001,135.869995,4H当日前50,4H MACD 位于 Signal 上方；4H RSI 位于健康强势区间
2026-07-20,2026-07-29,Early,Nasdaq 200,MSFT,Microsoft,Information Technology,1,69,-0.02920778,402.290009,390.540009,4H当日前50,4H EMA9 已站上 EMA26，等待 26/50 确认；4H MACD 位于 Signal 上方；4H MACD 柱体连续扩张；4H RSI 位于健康强势区间
2026-07-20,2026-07-29,Early,Nasdaq 200,ULTA,Ulta Beauty,Consumer Discretionary,2,22,0.04099740,488.079987,508.089996,4H当日前50,4H EMA9 已站上 EMA26，等待 26/50 确认；4H MACD 位于 Signal 上方；4H MACD 柱体连续扩张；4H RSI 位于健康强势区间
2026-07-20,2026-07-29,Early,Nasdaq 200,SSNC,"SS&C Technologies Holdings, Inc. - Common Stock",,3,104,0.12660043,69.510002,78.309998,4H当日前50,4H EMA 多头排列已连续维持；4H MACD 位于 Signal 上方；4H RSI 位于健康强势区间
2026-07-20,2026-07-29,Early,Nasdaq 200,SNY,Sanofi - American Depositary Shares,,4,8,0.01978167,43.980000,44.849998,4H当日前50,4H EMA 多头排列已连续维持；4H MACD 位于 Signal 上方；4H RSI 位于健康强势区间
2026-07-20,2026-07-29,Early,Nasdaq 200,PLTR,Palantir Technologies,Information Technology,5,143,-0.08787546,134.850006,123.000000,4H当日前50,4H MACD 位于 Signal 上方；4H RSI 位于健康强势区间
2026-07-20,2026-07-29,Early,Nasdaq 200,TMUS,T-Mobile US,Communication Services,6,134,-0.07217335,195.639999,181.520004,4H当日前50,4H EMA 多头排列已连续维持；4H MACD 位于 Signal 上方；4H MACD 柱体连续扩张；4H RSI 位于健康强势区间
2026-07-20,2026-07-29,Early,Nasdaq 200,IDXX,Idexx Laboratories,Health Care,7,15,0.01057098,563.809998,569.770020,4H当日前50,4H MACD 位于 Signal 上方；4H RSI 位于健康强势区间
2026-07-20,2026-07-29,Early,Nasdaq 200,FANG,Diamondback Energy,Energy,8,80,0.01919337,195.380005,199.130005,4H当日前50,4H MACD 位于 Signal 上方；4H RSI 位于健康强势区间
2026-07-20,2026-07-29,Early,Nasdaq 200,VRSN,Verisign,Information Technology,9,81,0.04794506,277.609985,290.920013,4H当日前50,4H MACD 位于 Signal 上方；4H RSI 位于健康强势区间
2026-07-20,2026-07-29,Early,Nasdaq 200,DPZ,Domino's,Consumer Discretionary,10,96,0.09432471,328.970001,360.000000,4H当日前50,4H EMA 多头排列已连续维持；4H MACD 位于 Signal 上方；4H RSI 位于健康强势区间
2026-07-20,2026-07-29,Early,Nasdaq 200,EBAY,eBay Inc.,Consumer Discretionary,11,27,0.00972065,114.190002,115.300003,4H当日前50,4H EMA9/26 最近金叉且价格在 EMA50 上方；4H MACD 柱体连续扩张；4H RSI 位于健康强势区间
2026-07-20,2026-07-29,Early,Nasdaq 200,PODD,Insulet Corporation,Health Care,12,17,0.01941806,167.369995,170.619995,4H当日前50,4H EMA 多头排列已连续维持；4H MACD 位于 Signal 上方；4H MACD 柱体连续扩张；4H RSI 位于健康强势区间
2026-07-20,2026-07-29,Early,Nasdaq 200,CASY,Casey's,Consumer Staples,13,77,0.00080783,866.460022,867.159973,4H当日前50,4H EMA 多头排列已连续维持；4H MACD 位于 Signal 上方；4H MACD 柱体连续扩张；4H RSI 位于健康强势区间
2026-07-20,2026-07-29,Early,Nasdaq 200,GILD,Gilead Sciences,Health Care,14,10,-0.00360342,133.210007,132.729996,4H当日前50,4H RSI 位于健康强势区间
2026-07-20,2026-07-29,Early,Nasdaq 200,AMZN,Amazon,Consumer Discretionary,15,170,-0.09336378,249.990005,226.649994,4H当日前50,4H RSI 位于健康强势区间
2026-07-20,2026-07-29,Early,Nasdaq 200,ADBE,Adobe Inc.,Information Technology,16,59,0.12222028,234.740005,263.429993,4H当日前50,4H EMA 多头排列已连续维持；4H MACD 位于 Signal 上方；4H RSI 位于健康强势区间
2026-07-20,2026-07-29,Early,Nasdaq 200,ADSK,Autodesk,Information Technology,17,73,0.12603304,217.800003,245.250000,4H当日前50,4H MACD 位于 Signal 上方；4H RSI 位于健康强势区间
2026-07-20,2026-07-29,Early,Nasdaq 200,TEAM,Atlassian Corporation  - Class A Common Stock,,18,84,0.08140619,96.430000,104.279999,4H当日前50,4H EMA 多头排列已连续维持；4H MACD 位于 Signal 上方；4H MACD 柱体连续扩张；4H RSI 位于健康强势区间
2026-07-20,2026-07-29,Early,Nasdaq 200,ROP,Roper Technologies,Information Technology,19,99,0.12465553,362.839996,408.070007,4H当日前50,4H EMA 多头排列已连续维持；4H MACD 零轴上方刚金叉；4H RSI 位于健康强势区间
2026-07-20,2026-07-29,Early,Nasdaq 200,PDD,PDD Holdings Inc. - American Depositary Shares,,20,18,0.02637998,86.050003,88.320000,4H当日前50,4H MACD 柱体连续扩张；4H RSI 位于健康强势区间
2026-07-20,2026-07-29,Early,Nasdaq 200,REGN,Regeneron Pharmaceuticals,Health Care,21,28,0.03462019,672.150024,695.419983,4H当日前50,4H RSI 位于健康强势区间
2026-07-20,2026-07-29,Early,Nasdaq 200,NWSA,News Corp (Class A),Communication Services,22,54,0.01873450,28.290001,28.820000,4H当日前50,4H EMA 多头排列已连续维持；4H MACD 位于 Signal 上方；4H RSI 位于健康强势区间
2026-07-20,2026-07-29,Early,Nasdaq 200,ODFL,Old Dominion,Industrials,23,124,-0.03870384,231.759995,222.789993,4H当日前50,4H MACD 位于 Signal 上方；4H RSI 位于健康强势区间
2026-07-20,2026-07-29,Early,Nasdaq 200,NWS,News Corp (Class B),Communication Services,24,52,0.01334989,32.209999,32.639999,4H当日前50,4H EMA 多头排列已连续维持；4H MACD 位于 Signal 上方；4H RSI 位于健康强势区间
2026-07-20,2026-07-29,Early,Nasdaq 200,CHKP,Check Point Software Technologies Ltd. - Ordinary Shares,,25,40,0.02902823,135.729996,139.669998,4H当日前50,4H RSI 位于健康强势区间
2026-07-20,2026-07-29,Early,Nasdaq 200,MDLZ,Mondelez International,Consumer Staples,26,86,0.07831422,60.270000,64.989998,4H当日前50,4H EMA9 已站上 EMA26，等待 26/50 确认；4H MACD 位于 Signal 上方；4H RSI 位于健康强势区间
2026-07-20,2026-07-29,Early,Nasdaq 200,DXCM,Dexcom,Health Care,27,36,-0.00726652,75.690002,75.139999,4H当日前50,4H MACD 位于 Signal 上方；4H RSI 位于健康强势区间
2026-07-20,2026-07-29,Early,Nasdaq 200,AMGN,Amgen,Health Care,28,76,0.06444793,364.170013,387.640015,4H当日前50,4H MACD 零轴上方刚金叉；4H RSI 位于健康强势区间
2026-07-20,2026-07-29,Early,Nasdaq 200,ROST,Ross Stores,Consumer Discretionary,29,109,0.06862333,235.779999,251.960007,4H当日前50,4H EMA 多头排列已连续维持；4H MACD 位于 Signal 上方
2026-07-20,2026-07-29,Early,Nasdaq 200,KHC,Kraft Heinz,Consumer Staples,30,94,0.06805878,25.860001,27.620001,4H当日前50,4H EMA 多头排列已连续维持；4H MACD 位于 Signal 上方；4H RSI 位于健康强势区间
2026-07-20,2026-07-29,Early,Nasdaq 200,WDAY,"Workday, Inc.",Information Technology,31,101,0.14121718,147.220001,168.009995,4H当日前50,4H EMA 多头排列已连续维持；4H MACD 零轴上方刚金叉；4H MACD 柱体连续扩张；4H RSI 位于健康强势区间
2026-07-20,2026-07-29,Early,Nasdaq 200,JBHT,J.B. Hunt,Industrials,32,128,-0.04979172,290.609985,276.140015,4H当日前50,4H EMA 多头排列已连续维持；4H MACD 位于 Signal 上方；4H RSI 位于健康强势区间
2026-07-20,2026-07-29,Early,Nasdaq 200,ZG,"Zillow Group, Inc. - Class A Common Stock",,33,87,0.04506699,32.840000,34.320000,4H当日前50,4H EMA9 已站上 EMA26，等待 26/50 确认；4H MACD 位于 Signal 上方；4H RSI 位于健康强势区间
2026-07-20,2026-07-29,Early,Nasdaq 200,Z,"Zillow Group, Inc. - Class C Capital Stock",,34,79,0.02936727,33.029999,34.000000,4H当日前50,4H EMA9 已站上 EMA26，等待 26/50 确认；4H MACD 位于 Signal 上方；4H RSI 位于健康强势区间
2026-07-20,2026-07-29,Early,Nasdaq 200,ZM,"Zoom Communications, Inc. - Class A Common Stock",,35,65,0.01649983,90.910004,92.410004,4H当日前50,4H EMA9 已站上 EMA26，等待 26/50 确认；4H MACD 位于 Signal 上方；4H RSI 位于健康强势区间
2026-07-20,2026-07-29,Early,Nasdaq 200,RPRX,Royalty Pharma plc - Class A Ordinary Shares,,36,38,0.03289994,57.294998,59.180000,4H当日前50,4H MACD 位于 Signal 上方；4H RSI 位于健康强势区间
2026-07-20,2026-07-29,Early,Nasdaq 200,FISV,Fiserv,Financials,37,47,0.07643191,51.680000,55.630001,4H当日前50,4H EMA9 已站上 EMA26，等待 26/50 确认；4H MACD 零轴上方刚金叉；4H MACD 柱体连续扩张；4H RSI 位于健康强势区间
2026-07-20,2026-07-29,Early,Nasdaq 200,DOCU,"DocuSign, Inc. - Common Stock",,38,103,0.11223708,52.299999,58.169998,4H当日前50,4H EMA 多头排列已连续维持；4H MACD 位于 Signal 上方；4H RSI 位于健康强势区间
2026-07-20,2026-07-29,Early,Nasdaq 200,AKAM,Akamai Technologies,Information Technology,39,171,-0.12766989,123.129997,107.410004,4H当日前50,4H EMA9 已站上 EMA26，等待 26/50 确认；4H MACD 零轴上方刚金叉；4H MACD 柱体连续扩张；4H RSI 位于健康强势区间
2026-07-20,2026-07-29,Early,Nasdaq 200,PCAR,Paccar,Industrials,40,78,0.07673122,124.330002,133.869995,4H当日前50,4H RSI 位于健康强势区间
2026-07-20,2026-07-29,Early,Nasdaq 200,CMCSA,Comcast,Communication Services,41,49,0.03490328,23.780001,24.610001,4H当日前50,4H EMA9 已站上 EMA26，等待 26/50 确认；4H MACD 位于 Signal 上方；4H RSI 位于健康强势区间
2026-07-20,2026-07-29,Early,Nasdaq 200,CCEP,Coca-Cola Europacific Partners plc - Ordinary Shares,,42,85,0.04673072,106.139999,111.099998,4H当日前50,4H EMA 多头排列已连续维持；4H MACD 柱体连续扩张；4H RSI 位于健康强势区间
2026-07-20,2026-07-29,Early,Nasdaq 200,NVDA,Nvidia,Information Technology,43,159,-0.06527944,203.279999,190.009995,4H当日前50,4H EMA9 已站上 EMA26，等待 26/50 确认
2026-07-20,2026-07-29,Early,Nasdaq 200,LOGI,Logitech International S.A. - Registered Shares,,44,127,0.01188838,101.779999,102.989998,4H当日前50,4H EMA9 已站上 EMA26，等待 26/50 确认；4H MACD 位于 Signal 上方；4H RSI 位于健康强势区间
2026-07-20,2026-07-29,Early,Nasdaq 200,COO,Cooper Companies (The),Health Care,45,23,0.02053362,71.589996,73.059998,4H当日前50,4H EMA 多头排列已连续维持；4H RSI 位于健康强势区间
2026-07-20,2026-07-29,Early,Nasdaq 200,TCOM,Trip.com Group Limited - American Depositary Shares,,46,37,0.04095952,44.189999,46.000000,4H当日前50,4H EMA9 已站上 EMA26，等待 26/50 确认；4H MACD 位于 Signal 上方；4H MACD 柱体连续扩张；4H RSI 位于健康强势区间
2026-07-20,2026-07-29,Early,Nasdaq 200,LULU,Lululemon Athletica,Consumer Discretionary,47,74,0.02022800,116.669998,119.029999,4H当日前50,4H EMA9 已站上 EMA26，等待 26/50 确认；4H RSI 位于健康强势区间
2026-07-20,2026-07-29,Early,Nasdaq 200,ZBRA,Zebra Technologies,Information Technology,48,60,0.06909974,264.690002,282.980011,4H当日前50,4H EMA 多头排列已连续维持；4H MACD 柱体连续扩张；4H RSI 位于健康强势区间
2026-07-20,2026-07-29,Early,Nasdaq 200,CEG,Constellation Energy,Utilities,49,88,0.01755429,253.500000,257.950012,4H当日前50,4H EMA9 已站上 EMA26，等待 26/50 确认；4H MACD 位于 Signal 上方；4H RSI 位于健康强势区间
2026-07-20,2026-07-29,Early,Nasdaq 200,MELI,"MercadoLibre, Inc. - Common Stock",,50,43,0.01685750,1832.420044,1863.310059,4H当日前50,4H RSI 位于健康强势区间
2026-07-20,2026-07-29,Early,Nasdaq Liquid 500,LASR,NLIGHT INC,Information Technology,2,,-0.13526568,68.309998,59.070000,4H当日前50,4H EMA9 已站上 EMA26，等待 26/50 确认；4H MACD 零轴上方刚金叉；4H RSI 位于健康强势区间
2026-07-20,2026-07-29,Early,Nasdaq Liquid 500,MSFT,Microsoft,Information Technology,3,136,-0.02920778,402.290009,390.540009,4H当日前50,4H EMA9 已站上 EMA26，等待 26/50 确认；4H MACD 位于 Signal 上方；4H MACD 柱体连续扩张；4H RSI 位于健康强势区间
2026-07-20,2026-07-29,Early,Nasdaq Liquid 500,MAT,"Mattel, Inc. - Common Stock",,4,76,0.08698727,14.140000,15.370000,4H当日前50,4H EMA9 已站上 EMA26，等待 26/50 确认；4H MACD 位于 Signal 上方；4H RSI 位于健康强势区间
2026-07-20,2026-07-29,Early,Nasdaq Liquid 500,ULTA,Ulta Beauty,Consumer Discretionary,5,40,0.04099740,488.079987,508.089996,4H当日前50,4H EMA9 已站上 EMA26，等待 26/50 确认；4H MACD 位于 Signal 上方；4H MACD 柱体连续扩张；4H RSI 位于健康强势区间
2026-07-20,2026-07-29,Early,Nasdaq Liquid 500,FIVE,"Five Below, Inc. - Common Stock",,6,28,0.02620753,204.139999,209.490005,4H当日前50,4H EMA9 已站上 EMA26，等待 26/50 确认；4H MACD 位于 Signal 上方；4H RSI 位于健康强势区间
2026-07-20,2026-07-29,Early,Nasdaq Liquid 500,FRPT,"Freshpet, Inc. - Common Stock",,7,,0.08902544,56.950001,62.020000,4H当日前50,4H EMA 多头排列已连续维持；4H MACD 位于 Signal 上方；4H MACD 柱体连续扩张；4H RSI 位于健康强势区间
2026-07-20,2026-07-29,Early,Nasdaq Liquid 500,SSNC,"SS&C Technologies Holdings, Inc. - Common Stock",,8,203,0.12660043,69.510002,78.309998,4H当日前50,4H EMA 多头排列已连续维持；4H MACD 位于 Signal 上方；4H RSI 位于健康强势区间
2026-07-20,2026-07-29,Early,Nasdaq Liquid 500,SNY,Sanofi - American Depositary Shares,,9,16,0.01978167,43.980000,44.849998,4H当日前50,4H EMA 多头排列已连续维持；4H MACD 位于 Signal 上方；4H RSI 位于健康强势区间
2026-07-20,2026-07-29,Early,Nasdaq Liquid 500,TMUS,T-Mobile US,Communication Services,10,314,-0.07217335,195.639999,181.520004,4H当日前50,4H EMA 多头排列已连续维持；4H MACD 位于 Signal 上方；4H MACD 柱体连续扩张；4H RSI 位于健康强势区间
2026-07-20,2026-07-29,Early,Nasdaq Liquid 500,PLTR,Palantir Technologies,Information Technology,11,331,-0.08787546,134.850006,123.000000,4H当日前50,4H MACD 位于 Signal 上方；4H RSI 位于健康强势区间
2026-07-20,2026-07-29,Early,Nasdaq Liquid 500,IDXX,Idexx Laboratories,Health Care,12,21,0.01057098,563.809998,569.770020,4H当日前50,4H MACD 位于 Signal 上方；4H RSI 位于健康强势区间
2026-07-20,2026-07-29,Early,Nasdaq Liquid 500,VOD,Vodafone Group Plc - American Depositary Shares each representing ten Ordinary Shares,,13,169,0.04740253,15.400000,16.129999,4H当日前50,4H EMA 多头排列已连续维持；4H MACD 位于 Signal 上方；4H RSI 位于健康强势区间
2026-07-20,2026-07-29,Early,Nasdaq Liquid 500,ENSG,"The Ensign Group, Inc. - Common Stock",,14,56,0.05725416,172.039993,181.889999,4H当日前50,4H EMA 多头排列已连续维持；4H MACD 位于 Signal 上方；4H RSI 位于健康强势区间
2026-07-20,2026-07-29,Early,Nasdaq Liquid 500,DPZ,Domino's,Consumer Discretionary,15,193,0.09432471,328.970001,360.000000,4H当日前50,4H EMA 多头排列已连续维持；4H MACD 位于 Signal 上方；4H RSI 位于健康强势区间
2026-07-20,2026-07-29,Early,Nasdaq Liquid 500,FANG,Diamondback Energy,Energy,16,164,0.01919337,195.380005,199.130005,4H当日前50,4H MACD 位于 Signal 上方；4H RSI 位于健康强势区间
2026-07-20,2026-07-29,Early,Nasdaq Liquid 500,VRSN,Verisign,Information Technology,17,156,0.04794506,277.609985,290.920013,4H当日前50,4H MACD 位于 Signal 上方；4H RSI 位于健康强势区间
2026-07-20,2026-07-29,Early,Nasdaq Liquid 500,BSY,"Bentley Systems, Incorporated - Class B Common Stock",,18,196,0.14250390,32.349998,36.959999,4H当日前50,4H EMA 多头排列已连续维持；4H MACD 位于 Signal 上方；4H RSI 位于健康强势区间
2026-07-20,2026-07-29,Early,Nasdaq Liquid 500,FSLY,FASTLY INC CLASS A,Information Technology,19,35,0.01074753,20.469999,20.690001,4H当日前50,4H EMA 多头排列已连续维持；4H MACD 位于 Signal 上方；4H RSI 位于健康强势区间
2026-07-20,2026-07-29,Early,Nasdaq Liquid 500,ZS,"Zscaler, Inc. - Common Stock",,20,85,0.02636495,149.820007,153.770004,4H当日前50,4H EMA 多头排列已连续维持；4H MACD 零轴上方刚金叉；4H RSI 位于健康强势区间
2026-07-20,2026-07-29,Early,Nasdaq Liquid 500,EBAY,eBay Inc.,Consumer Discretionary,21,50,0.00972065,114.190002,115.300003,4H当日前50,4H EMA9/26 最近金叉且价格在 EMA50 上方；4H MACD 柱体连续扩张；4H RSI 位于健康强势区间
2026-07-20,2026-07-29,Early,Nasdaq Liquid 500,PODD,Insulet Corporation,Health Care,22,23,0.01941806,167.369995,170.619995,4H当日前50,4H EMA 多头排列已连续维持；4H MACD 位于 Signal 上方；4H MACD 柱体连续扩张；4H RSI 位于健康强势区间
2026-07-20,2026-07-29,Early,Nasdaq Liquid 500,TPG,TPG Inc. - Class A Common Stock,,24,152,-0.01885038,42.970001,42.160000,4H当日前50,4H RSI 位于健康强势区间
2026-07-20,2026-07-29,Early,Nasdaq Liquid 500,ADBE,Adobe Inc.,Information Technology,25,106,0.12222028,234.740005,263.429993,4H当日前50,4H EMA 多头排列已连续维持；4H MACD 位于 Signal 上方；4H RSI 位于健康强势区间
2026-07-20,2026-07-29,Early,Nasdaq Liquid 500,LCID,LUCID GROUP INC,Consumer Discretionary,26,59,0.11954993,7.110000,7.960000,4H当日前50,4H EMA 多头排列已连续维持；4H MACD 位于 Signal 上方；4H RSI 位于健康强势区间
2026-07-20,2026-07-29,Early,Nasdaq Liquid 500,CASY,Casey's,Consumer Staples,27,160,0.00080783,866.460022,867.159973,4H当日前50,4H EMA 多头排列已连续维持；4H MACD 位于 Signal 上方；4H MACD 柱体连续扩张；4H RSI 位于健康强势区间
2026-07-20,2026-07-29,Early,Nasdaq Liquid 500,GILD,Gilead Sciences,Health Care,28,18,-0.00360342,133.210007,132.729996,4H当日前50,4H RSI 位于健康强势区间
2026-07-20,2026-07-29,Early,Nasdaq Liquid 500,AMZN,Amazon,Consumer Discretionary,29,378,-0.09336378,249.990005,226.649994,4H当日前50,4H RSI 位于健康强势区间
2026-07-20,2026-07-29,Early,Nasdaq Liquid 500,ADSK,Autodesk,Information Technology,30,142,0.12603304,217.800003,245.250000,4H当日前50,4H MACD 位于 Signal 上方；4H RSI 位于健康强势区间
2026-07-20,2026-07-29,Early,Nasdaq Liquid 500,ROP,Roper Technologies,Information Technology,31,195,0.12465553,362.839996,408.070007,4H当日前50,4H EMA 多头排列已连续维持；4H MACD 零轴上方刚金叉；4H RSI 位于健康强势区间
2026-07-20,2026-07-29,Early,Nasdaq Liquid 500,TIGO,Millicom International Cellular S.A. - Common Stock,,32,277,-0.03286093,97.379997,94.180000,4H当日前50,4H EMA 多头排列已连续维持；4H MACD 零轴上方刚金叉；4H RSI 位于健康强势区间
2026-07-20,2026-07-29,Early,Nasdaq Liquid 500,TEAM,Atlassian Corporation  - Class A Common Stock,,33,172,0.08140619,96.430000,104.279999,4H当日前50,4H EMA 多头排列已连续维持；4H MACD 位于 Signal 上方；4H MACD 柱体连续扩张；4H RSI 位于健康强势区间
2026-07-20,2026-07-29,Early,Nasdaq Liquid 500,LSTR,"Landstar System, Inc. - Common Stock",,34,394,-0.15788226,211.169998,177.830002,4H当日前50,4H EMA 多头排列已连续维持；4H MACD 位于 Signal 上方；4H RSI 位于健康强势区间
2026-07-20,2026-07-29,Early,Nasdaq Liquid 500,REG,Regency Centers,Real Estate,35,259,-0.01253954,82.139999,81.110001,4H当日前50,4H EMA 多头排列已连续维持；4H MACD 位于 Signal 上方；4H RSI 位于健康强势区间
2026-07-20,2026-07-29,Early,Nasdaq Liquid 500,PDD,PDD Holdings Inc. - American Depositary Shares,,36,24,0.02637998,86.050003,88.320000,4H当日前50,4H MACD 柱体连续扩张；4H RSI 位于健康强势区间
2026-07-20,2026-07-29,Early,Nasdaq Liquid 500,NTES,"NetEase, Inc. - American Depositary Shares, each representing 5 ordinary shares",,37,26,-0.03412818,134.199997,129.619995,4H当日前50,4H EMA 多头排列已连续维持；4H MACD 零轴上方刚金叉；4H MACD 柱体连续扩张；4H RSI 位于健康强势区间
2026-07-20,2026-07-29,Early,Nasdaq Liquid 500,DUOL,"Duolingo, Inc. - Class A Common Stock",,38,108,0.04690417,133.889999,140.169998,4H当日前50,4H EMA 多头排列已连续维持；4H MACD 位于 Signal 上方；4H RSI 位于健康强势区间
2026-07-20,2026-07-29,Early,Nasdaq Liquid 500,NWSA,News Corp (Class A),Communication Services,39,100,0.01873450,28.290001,28.820000,4H当日前50,4H EMA 多头排列已连续维持；4H MACD 位于 Signal 上方；4H RSI 位于健康强势区间
2026-07-20,2026-07-29,Early,Nasdaq Liquid 500,REGN,Regeneron Pharmaceuticals,Health Care,40,49,0.03462019,672.150024,695.419983,4H当日前50,4H RSI 位于健康强势区间
2026-07-20,2026-07-29,Early,Nasdaq Liquid 500,LAMR,Lamar Advertising Company - Class A Common Stock,,41,57,0.01966988,161.160004,164.330002,4H当日前50,4H EMA 多头排列已连续维持；4H MACD 位于 Signal 上方；4H RSI 位于健康强势区间
2026-07-20,2026-07-29,Early,Nasdaq Liquid 500,CHKP,Check Point Software Technologies Ltd. - Ordinary Shares,,42,71,0.02902823,135.729996,139.669998,4H当日前50,4H RSI 位于健康强势区间
2026-07-20,2026-07-29,Early,Nasdaq Liquid 500,ODFL,Old Dominion,Industrials,43,280,-0.03870384,231.759995,222.789993,4H当日前50,4H MACD 位于 Signal 上方；4H RSI 位于健康强势区间
2026-07-20,2026-07-29,Early,Nasdaq Liquid 500,URBN,URBAN OUTFITTERS INC,Consumer Discretionary,45,63,0.00761727,74.830002,75.400002,4H当日前50,4H MACD 位于 Signal 上方；4H RSI 位于健康强势区间
2026-07-20,2026-07-29,Early,Nasdaq Liquid 500,WEN,WENDYS,Consumer Discretionary,46,,-0.02547771,7.850000,7.650000,4H当日前50,4H EMA 多头排列已连续维持；4H MACD 零轴上方刚金叉；4H MACD 柱体连续扩张；4H RSI 位于健康强势区间
2026-07-20,2026-07-29,Early,Nasdaq Liquid 500,EWBC,"East West Bancorp, Inc. - Common Stock",,47,258,-0.02718040,133.919998,130.279999,4H当日前50,4H MACD 位于 Signal 上方；4H RSI 位于健康强势区间
2026-07-20,2026-07-29,Early,Nasdaq Liquid 500,JAZZ,Jazz Pharmaceuticals plc - Ordinary Shares,,48,72,0.05134103,243.470001,255.970001,4H当日前50,4H MACD 零轴上方刚金叉；4H RSI 位于健康强势区间
2026-07-20,2026-07-29,Early,Nasdaq Liquid 500,AMGN,Amgen,Health Care,49,158,0.06444793,364.170013,387.640015,4H当日前50,4H MACD 零轴上方刚金叉；4H RSI 位于健康强势区间
2026-07-20,2026-07-29,Early,Nasdaq Liquid 500,DXCM,Dexcom,Health Care,50,64,-0.00726652,75.690002,75.139999,4H当日前50,4H MACD 位于 Signal 上方；4H RSI 位于健康强势区间
2026-07-20,2026-07-29,Early,Russell,KAI,KADANT INC,Industrials,1,584,-0.00925437,305.799988,302.970001,4H当日前50,4H EMA9 已站上 EMA26，等待 26/50 确认；4H MACD 位于 Signal 上方；4H RSI 位于健康强势区间
2026-07-20,2026-07-29,Early,Russell,SPOK,SPOK HOLDINGS INC,Communication,2,60,0.02910798,10.650000,10.960000,4H当日前50,4H EMA9 已站上 EMA26，等待 26/50 确认；4H MACD 位于 Signal 上方；4H RSI 位于健康强势区间
2026-07-20,2026-07-29,Early,Russell,PRGO,PERRIGO PLC,Health Care,3,835,-0.01465028,10.580000,10.425000,4H当日前50,4H EMA9 已站上 EMA26，等待 26/50 确认；4H MACD 位于 Signal 上方；4H RSI 位于健康强势区间
2026-07-20,2026-07-29,Early,Russell,TALO,TALOS ENERGY INC,Energy,4,690,0.00175747,14.225000,14.250000,4H当日前50,4H EMA9 已站上 EMA26，等待 26/50 确认；4H MACD 位于 Signal 上方；4H RSI 位于健康强势区间
2026-07-20,2026-07-29,Early,Russell,MUR,MURPHY OIL CORP,Energy,5,322,0.05118800,36.825001,38.709999,4H当日前50,4H EMA9 已站上 EMA26，等待 26/50 确认；4H MACD 位于 Signal 上方；4H RSI 位于健康强势区间
2026-07-20,2026-07-29,Early,Russell,GPI,GROUP AUTOMOTIVE INC,Consumer Discretionary,6,637,0.16630191,306.130005,357.040009,4H当日前50,4H EMA9 已站上 EMA26，等待 26/50 确认；4H MACD 位于 Signal 上方
2026-07-20,2026-07-29,Early,Russell,SDRL,SEADRILL LTD,Energy,7,773,-0.02652155,42.456001,41.330002,4H当日前50,4H EMA9 已站上 EMA26，等待 26/50 确认；4H MACD 位于 Signal 上方；4H RSI 位于健康强势区间
2026-07-20,2026-07-29,Early,Russell,KGEI,KOLIBRI GLOBAL ENERGY INC,Energy,8,680,-0.01340996,5.220000,5.150000,4H当日前50,4H EMA9 已站上 EMA26，等待 26/50 确认；4H MACD 位于 Signal 上方；4H RSI 位于健康强势区间
2026-07-20,2026-07-29,Early,Russell,CLW,CLEARWATER PAPER CORP,Materials,9,926,0.31689500,16.424999,21.629999,4H当日前50,4H EMA9 已站上 EMA26，等待 26/50 确认；4H MACD 位于 Signal 上方；4H RSI 位于健康强势区间
2026-07-20,2026-07-29,Early,Russell,BRCB,BLACK ROCK COFFEE BAR INC CLASS A,Consumer Discretionary,10,426,-0.00124688,8.020000,8.010000,4H当日前50,4H EMA9/26 最近金叉且价格在 EMA50 上方；4H RSI 位于健康强势区间
2026-07-20,2026-07-29,Early,Russell,LASR,NLIGHT INC,Information Technology,11,1500,-0.13526568,68.309998,59.070000,4H当日前50,4H EMA9 已站上 EMA26，等待 26/50 确认；4H MACD 零轴上方刚金叉；4H RSI 位于健康强势区间
2026-07-20,2026-07-29,Early,Russell,GWRS,GLOBAL WATER RESOURCES INC,Utilities,12,45,0.06401138,7.030000,7.480000,4H当日前50,4H EMA9 已站上 EMA26，等待 26/50 确认
2026-07-20,2026-07-29,Early,Russell,NOG,NORTHERN OIL AND GAS INC,Energy,13,375,-0.00660387,21.200001,21.059999,4H当日前50,4H EMA9 已站上 EMA26，等待 26/50 确认；4H MACD 位于 Signal 上方；4H RSI 位于健康强势区间
2026-07-20,2026-07-29,Early,Russell,OIS,OIL STATES INTERNATIONAL INC,Energy,14,1488,-0.05935796,8.255000,7.765000,4H当日前50,4H EMA9 已站上 EMA26，等待 26/50 确认；4H RSI 位于健康强势区间
2026-07-20,2026-07-29,Early,Russell,SXC,SUNCOKE ENERGY INC,Materials,15,723,0.12268103,8.355000,9.380000,4H当日前50,4H EMA9 已站上 EMA26，等待 26/50 确认；4H MACD 位于 Signal 上方；4H RSI 位于健康强势区间
2026-07-20,2026-07-29,Early,Russell,JJSF,J AND J SNACK FOODS CORP,Consumer Staples,16,66,0.01864708,77.760002,79.209999,4H当日前50,4H EMA 多头排列已连续维持；4H MACD 位于 Signal 上方；4H MACD 柱体连续扩张；4H RSI 位于健康强势区间
2026-07-20,2026-07-29,Early,Russell,VTOL,BRISTOW GROUP INC,Energy,17,900,0.01855672,44.134998,44.953999,4H当日前50,4H EMA 多头排列已连续维持；4H MACD 位于 Signal 上方；4H RSI 位于健康强势区间
2026-07-20,2026-07-29,Early,Russell,RHP,RYMAN HOSPITALITY PROPERTIES REIT,Real Estate,18,494,0.05998747,127.860001,135.529999,4H当日前50,4H EMA9/26 最近金叉且价格在 EMA50 上方；4H MACD 刚金叉但仍需零轴确认；4H MACD 柱体连续扩张；4H RSI 位于健康强势区间
2026-07-20,2026-07-29,Early,Russell,ARLO,ARLO TECHNOLOGIES INC,Information Technology,19,485,0.10083397,13.190000,14.520000,4H当日前50,4H EMA 多头排列已连续维持；4H MACD 位于 Signal 上方；4H RSI 位于健康强势区间
2026-07-20,2026-07-29,Early,Russell,RWT,REDWOOD TRUST REIT INC,Financials,20,1602,-0.06700000,5.000000,4.665000,4H当日前50,4H EMA9 已站上 EMA26，等待 26/50 确认；4H RSI 位于健康强势区间
2026-07-20,2026-07-29,Early,Russell,AIR,AAR CORP,Industrials,21,360,-0.00345971,135.850006,135.380005,4H当日前50,4H EMA9/26 最近金叉且价格在 EMA50 上方；4H MACD 刚金叉但仍需零轴确认；4H MACD 柱体连续扩张；4H RSI 位于健康强势区间
2026-07-20,2026-07-29,Early,Russell,GBX,GREENBRIER INC,Industrials,22,872,0.02417764,49.549999,50.748001,4H当日前50,4H EMA 多头排列已连续维持；4H MACD 位于 Signal 上方；4H RSI 位于健康强势区间
2026-07-20,2026-07-29,Early,Russell,GLRE,GREENLIGHT CAPITAL LTD CLASS A,Financials,23,259,0.02949852,16.950001,17.450001,4H当日前50,4H EMA 多头排列已连续维持；4H MACD 位于 Signal 上方；4H RSI 位于健康强势区间
2026-07-20,2026-07-29,Early,Russell,GENI,GENIUS SPORTS LTD,Consumer Discretionary,24,437,0.08290155,6.755000,7.315000,4H当日前50,4H EMA9/26 最近金叉且价格在 EMA50 上方；4H MACD 零轴上方刚金叉；4H MACD 柱体连续扩张；4H RSI 位于健康强势区间
2026-07-20,2026-07-29,Early,Russell,EVI,EVI INDUSTRIES INC,Industrials,25,1021,-0.06119874,15.850000,14.880000,4H当日前50,4H EMA9 已站上 EMA26，等待 26/50 确认
2026-07-20,2026-07-29,Early,Russell,NAVI,NAVIENT CORP,Financials,26,160,0.00810185,8.640000,8.710000,4H当日前50,4H EMA 多头排列已连续维持；4H MACD 位于 Signal 上方；4H RSI 位于健康强势区间
2026-07-20,2026-07-29,Early,Russell,NWN,NORTHWEST NATURAL HOLDING COMPANY,Utilities,27,847,0.00529829,50.959999,51.230000,4H当日前50,4H MACD 位于 Signal 上方；4H RSI 位于健康强势区间
2026-07-20,2026-07-29,Early,Russell,TPC,TUTOR PERINI CORP,Industrials,28,1400,-0.04959702,80.650002,76.650002,4H当日前50,4H MACD 位于 Signal 上方；4H MACD 柱体连续扩张；4H RSI 位于健康强势区间
2026-07-20,2026-07-29,Early,Russell,PBH,PRESTIGE CONSUMER HEALTHCARE INC,Health Care,29,70,0.03449645,50.439999,52.180000,4H当日前50,4H EMA 多头排列已连续维持；4H MACD 位于 Signal 上方；4H MACD 柱体连续扩张；4H RSI 位于健康强势区间
2026-07-20,2026-07-29,Early,Russell,GCO,GENESCO INC,Consumer Discretionary,30,403,0.05060557,37.150002,39.029999,4H当日前50,4H EMA9 已站上 EMA26，等待 26/50 确认；4H MACD 位于 Signal 上方；4H RSI 位于健康强势区间
2026-07-20,2026-07-29,Early,Russell,OGS,ONE GAS INC,Utilities,31,101,0.00459590,79.419998,79.785004,4H当日前50,4H MACD 位于 Signal 上方；4H RSI 位于健康强势区间
2026-07-20,2026-07-29,Early,Russell,PENN,PENN ENTERTAINMENT INC,Consumer Discretionary,32,222,-0.00141305,21.230000,21.200001,4H当日前50,4H EMA9/26 最近金叉且价格在 EMA50 上方；4H MACD 位于 Signal 上方；4H MACD 柱体连续扩张；4H RSI 位于健康强势区间
2026-07-20,2026-07-29,Early,Russell,FET,FORUM ENERGY TECHNOLOGIES INC,Energy,33,671,-0.03551863,52.930000,51.049999,4H当日前50,4H MACD 位于 Signal 上方；4H RSI 位于健康强势区间
2026-07-20,2026-07-29,Early,Russell,WGO,WINNEBAGO INDUSTRIES INC,Consumer Discretionary,34,30,0.04454628,30.530001,31.889999,4H当日前50,4H EMA 多头排列已连续维持；4H MACD 位于 Signal 上方；4H RSI 位于健康强势区间
2026-07-20,2026-07-29,Early,Russell,SFL,SFL LTD,Energy,35,719,0.07966177,11.235000,12.130000,4H当日前50,4H MACD 位于 Signal 上方；4H RSI 位于健康强势区间
2026-07-20,2026-07-29,Early,Russell,REPX,RILEY EXPLORATION PERMIAN INC,Energy,36,699,-0.04093902,34.930000,33.500000,4H当日前50,4H MACD 位于 Signal 上方；4H RSI 位于健康强势区间
2026-07-20,2026-07-29,Early,Russell,TWI,TITAN INTERNATIONAL INC,Industrials,37,988,0.01589404,7.550000,7.670000,4H当日前50,4H MACD 位于 Signal 上方；4H RSI 位于健康强势区间
2026-07-20,2026-07-29,Early,Russell,HLX,HELIX ENERGY SOLUTIONS GROUP INC,Energy,38,789,-0.03713528,9.425000,9.075000,4H当日前50,4H MACD 位于 Signal 上方；4H RSI 位于健康强势区间
2026-07-20,2026-07-29,Early,Russell,SIGI,SELECTIVE INSURANCE GROUP INC,Financials,39,574,-0.00062020,96.739998,96.680000,4H当日前50,4H EMA9/26 最近金叉且价格在 EMA50 上方；4H MACD 柱体连续扩张；4H RSI 位于健康强势区间
2026-07-20,2026-07-29,Early,Russell,BIPC,BROOKFIELD INFRASTRUCTURE CORP CLA,Utilities,40,765,0.06735749,40.529999,43.259998,4H当日前50,4H MACD 位于 Signal 上方；4H RSI 位于健康强势区间
2026-07-20,2026-07-29,Early,Russell,DLX,DELUXE CORP,Industrials,41,576,0.04082810,26.084999,27.150000,4H当日前50,4H EMA 多头排列已连续维持；4H MACD 位于 Signal 上方；4H RSI 位于健康强势区间
2026-07-20,2026-07-29,Early,Russell,FSLY,FASTLY INC CLASS A,Information Technology,42,111,0.01074753,20.469999,20.690001,4H当日前50,4H EMA 多头排列已连续维持；4H MACD 位于 Signal 上方；4H RSI 位于健康强势区间
2026-07-20,2026-07-29,Early,Russell,TDW,TIDEWATER INC,Energy,43,790,-0.03105552,75.380997,73.040001,4H当日前50,4H EMA 多头排列已连续维持；4H MACD 位于 Signal 上方；4H RSI 位于健康强势区间
2026-07-20,2026-07-29,Early,Russell,HURN,HURON CONSULTING GROUP INC,Industrials,44,929,0.51265204,112.629997,170.369995,4H当日前50,4H MACD 位于 Signal 上方；4H RSI 位于健康强势区间
2026-07-20,2026-07-29,Early,Russell,BL,BLACKLINE INC,Information Technology,45,105,0.07384102,30.200001,32.430000,4H当日前50,4H EMA 多头排列已连续维持；4H MACD 位于 Signal 上方；4H RSI 位于健康强势区间
2026-07-20,2026-07-29,Early,Russell,SM,SM ENERGY,Energy,46,701,0.01421952,31.295000,31.740000,4H当日前50,4H EMA 多头排列已连续维持；4H MACD 位于 Signal 上方；4H RSI 位于健康强势区间
2026-07-20,2026-07-29,Early,Russell,JOUT,JOHNSON OUTDOORS INC CLASS A,Consumer Discretionary,47,39,0.02356247,46.259998,47.349998,4H当日前50,4H MACD 位于 Signal 上方；4H RSI 位于健康强势区间
2026-07-20,2026-07-29,Early,Russell,RBKB,RHINEBECK BANCORP INC,Financials,48,892,-0.29760551,17.540001,12.320000,4H当日前50,4H EMA9/26 最近金叉且价格在 EMA50 上方；4H MACD 刚金叉但仍需零轴确认；4H MACD 柱体连续扩张；4H RSI 位于健康强势区间
2026-07-20,2026-07-29,Early,Russell,DOLE,DOLE PLC,Consumer Staples,49,43,0.01297335,14.260000,14.445000,4H当日前50,4H MACD 位于 Signal 上方；4H RSI 位于健康强势区间
2026-07-20,2026-07-29,Early,Russell,SBRA,SABRA HEALTH CARE REIT INC,Real Estate,50,805,0.10249995,20.000000,22.049999,4H当日前50,4H MACD 零轴上方刚金叉；4H RSI 位于健康强势区间
2026-07-20,2026-07-29,Prism,S&P 500,APA,APA Corporation,Energy,1,278,0.05338694,34.840000,36.700001,4H当日前50,4H EMA9 已站上 EMA26，等待 26/50 确认；4H MACD 位于 Signal 上方；4H RSI 位于健康强势区间
2026-07-20,2026-07-29,Prism,S&P 500,COP,ConocoPhillips,Energy,2,290,0.02070632,115.665001,118.059998,4H当日前50,4H EMA9 已站上 EMA26，等待 26/50 确认；4H MACD 位于 Signal 上方；4H RSI 位于健康强势区间
2026-07-20,2026-07-29,Prism,S&P 500,OXY,Occidental Petroleum,Energy,3,295,0.01530653,55.205002,56.049999,4H当日前50,4H EMA9 已站上 EMA26，等待 26/50 确认；4H MACD 位于 Signal 上方；4H RSI 位于健康强势区间
2026-07-20,2026-07-29,Prism,S&P 500,FISV,Fiserv,Financials,4,214,0.07643191,51.680000,55.630001,4H当日前50,4H EMA9 已站上 EMA26，等待 26/50 确认；4H MACD 零轴上方刚金叉；4H MACD 柱体连续扩张；4H RSI 位于健康强势区间
2026-07-20,2026-07-29,Prism,S&P 500,DVN,Devon Energy,Energy,5,236,0.01587481,43.779999,44.474998,4H当日前50,4H EMA9 已站上 EMA26，等待 26/50 确认；4H MACD 位于 Signal 上方；4H RSI 位于健康强势区间
2026-07-20,2026-07-29,Prism,S&P 500,T,AT&T,Communication Services,6,265,0.08915164,21.985001,23.945000,4H当日前50,4H EMA9 已站上 EMA26，等待 26/50 确认；4H MACD 位于 Signal 上方；4H RSI 位于健康强势区间
2026-07-20,2026-07-29,Prism,S&P 500,MDLZ,Mondelez International,Consumer Staples,7,195,0.07831422,60.270000,64.989998,4H当日前50,4H EMA9 已站上 EMA26，等待 26/50 确认；4H MACD 位于 Signal 上方；4H RSI 位于健康强势区间
2026-07-20,2026-07-29,Prism,S&P 500,EL,Estée Lauder Companies (The),Consumer Staples,8,12,0.00604980,83.639999,84.146004,4H当日前50,4H EMA9/26 最近金叉且价格在 EMA50 上方；4H MACD 位于 Signal 上方；4H MACD 柱体连续扩张；4H RSI 位于健康强势区间
2026-07-20,2026-07-29,Prism,S&P 500,SJM,J.M. Smucker Company (The),Consumer Staples,9,266,0.12300039,112.519997,126.360001,4H当日前50,4H EMA9/26 最近金叉且价格在 EMA50 上方；4H MACD 位于 Signal 上方；4H RSI 位于健康强势区间
2026-07-20,2026-07-29,Prism,S&P 500,IRM,Iron Mountain,Real Estate,10,242,-0.02823815,124.300003,120.790001,4H当日前50,4H EMA9 已站上 EMA26，等待 26/50 确认；4H MACD 位于 Signal 上方；4H RSI 位于健康强势区间
2026-07-20,2026-07-29,Prism,S&P 500,MSFT,Microsoft,Information Technology,11,6,-0.02920778,402.290009,390.540009,4H当日前50,4H EMA9 已站上 EMA26，等待 26/50 确认；4H MACD 位于 Signal 上方；4H MACD 柱体连续扩张；4H RSI 位于健康强势区间
2026-07-20,2026-07-29,Prism,S&P 500,BG,Bunge Global,Consumer Staples,12,440,-0.10750105,120.650002,107.680000,4H当日前50,4H EMA9 已站上 EMA26，等待 26/50 确认；4H MACD 位于 Signal 上方；4H MACD 柱体连续扩张
2026-07-20,2026-07-29,Prism,S&P 500,CBOE,Cboe Global Markets,Financials,13,320,0.10655150,277.799988,307.399994,4H当日前50,4H EMA9 已站上 EMA26，等待 26/50 确认；4H MACD 位于 Signal 上方；4H RSI 位于健康强势区间
2026-07-20,2026-07-29,Prism,S&P 500,TXT,Textron,Industrials,14,385,-0.05597181,90.760002,85.680000,4H当日前50,4H EMA9 已站上 EMA26，等待 26/50 确认；4H MACD 位于 Signal 上方；4H RSI 位于健康强势区间
2026-07-20,2026-07-29,Prism,S&P 500,TRMB,Trimble Inc.,Information Technology,15,193,0.09453116,53.209999,58.240002,4H当日前50,4H EMA9 已站上 EMA26，等待 26/50 确认；4H MACD 位于 Signal 上方；4H RSI 位于健康强势区间
2026-07-20,2026-07-29,Prism,S&P 500,DGX,Quest Diagnostics,Health Care,16,309,0.13216812,207.690002,235.139999,4H当日前50,4H EMA9/26 最近金叉且价格在 EMA50 上方；4H RSI 位于健康强势区间
2026-07-20,2026-07-29,Prism,S&P 500,ROL,"Rollins, Inc.",Industrials,17,446,-0.13396646,44.750000,38.755001,4H当日前50,4H EMA9 已站上 EMA26，等待 26/50 确认；4H MACD 位于 Signal 上方；4H RSI 位于健康强势区间
2026-07-20,2026-07-29,Prism,S&P 500,INTU,Intuit,Information Technology,18,245,0.13378938,293.820007,333.130005,4H当日前50,4H EMA9 已站上 EMA26，等待 26/50 确认；4H MACD 位于 Signal 上方；4H RSI 位于健康强势区间
2026-07-20,2026-07-29,Prism,S&P 500,ZTS,Zoetis,Health Care,19,3,0.02270047,76.209999,77.940002,4H当日前50,4H EMA9 已站上 EMA26，等待 26/50 确认；4H MACD 位于 Signal 上方；4H RSI 位于健康强势区间
2026-07-20,2026-07-29,Prism,S&P 500,CMCSA,Comcast,Communication Services,20,14,0.03490328,23.780001,24.610001,4H当日前50,4H EMA9 已站上 EMA26，等待 26/50 确认；4H MACD 位于 Signal 上方；4H RSI 位于健康强势区间
2026-07-20,2026-07-29,Prism,S&P 500,IT,Gartner,Information Technology,21,277,0.17582802,140.990005,165.779999,4H当日前50,4H EMA9 已站上 EMA26，等待 26/50 确认；4H MACD 位于 Signal 上方；4H RSI 位于健康强势区间
2026-07-20,2026-07-29,Prism,S&P 500,HAS,Hasbro,Consumer Discretionary,22,304,0.16644200,81.589996,95.169998,4H当日前50,4H EMA9 已站上 EMA26，等待 26/50 确认；4H MACD 位于 Signal 上方；4H RSI 位于健康强势区间
2026-07-20,2026-07-29,Prism,S&P 500,AKAM,Akamai Technologies,Information Technology,23,465,-0.12766989,123.129997,107.410004,4H当日前50,4H EMA9 已站上 EMA26，等待 26/50 确认；4H MACD 零轴上方刚金叉；4H MACD 柱体连续扩张；4H RSI 位于健康强势区间
2026-07-20,2026-07-29,Prism,S&P 500,LYV,Live Nation Entertainment,Communication Services,24,33,0.01920150,180.975006,184.449997,4H当日前50,4H EMA9/26 最近金叉且价格在 EMA50 上方；4H MACD 柱体连续扩张；4H RSI 位于健康强势区间
2026-07-20,2026-07-29,Prism,S&P 500,EBAY,eBay Inc.,Consumer Discretionary,25,73,0.00972065,114.190002,115.300003,4H当日前50,4H EMA9/26 最近金叉且价格在 EMA50 上方；4H MACD 柱体连续扩张；4H RSI 位于健康强势区间
2026-07-20,2026-07-29,Prism,S&P 500,ULTA,Ulta Beauty,Consumer Discretionary,26,231,0.04099740,488.079987,508.089996,4H当日前50,4H EMA9 已站上 EMA26，等待 26/50 确认；4H MACD 位于 Signal 上方；4H MACD 柱体连续扩张；4H RSI 位于健康强势区间
2026-07-20,2026-07-29,Prism,S&P 500,LULU,Lululemon Athletica,Consumer Discretionary,27,17,0.02022800,116.669998,119.029999,4H当日前50,4H EMA9 已站上 EMA26，等待 26/50 确认；4H RSI 位于健康强势区间
2026-07-20,2026-07-29,Prism,S&P 500,CSGP,CoStar Group,Real Estate,28,51,0.00505391,29.680000,29.830000,4H当日前50,4H EMA9 已站上 EMA26，等待 26/50 确认；4H MACD 位于 Signal 上方；4H RSI 位于健康强势区间
2026-07-20,2026-07-29,Prism,S&P 500,HAL,Halliburton,Energy,29,464,-0.11201255,35.130001,31.195000,4H当日前50,4H EMA9 已站上 EMA26，等待 26/50 确认；4H MACD 位于 Signal 上方；4H RSI 位于健康强势区间
2026-07-20,2026-07-29,Prism,S&P 500,PFE,Pfizer,Health Care,30,67,0.01677102,24.745001,25.160000,4H当日前50,4H EMA9 已站上 EMA26，等待 26/50 确认；4H MACD 位于 Signal 上方；4H RSI 位于健康强势区间
2026-07-20,2026-07-29,Prism,S&P 500,F,Ford Motor Company,Consumer Discretionary,31,196,0.09107143,14.000000,15.275000,4H当日前50,4H EMA9 已站上 EMA26，等待 26/50 确认；4H MACD 位于 Signal 上方；4H RSI 位于健康强势区间
2026-07-20,2026-07-29,Prism,S&P 500,CME,CME Group,Financials,32,185,0.08294236,245.110001,265.440002,4H当日前50,4H EMA9 已站上 EMA26，等待 26/50 确认；4H MACD 位于 Signal 上方；4H RSI 位于健康强势区间
2026-07-20,2026-07-29,Prism,S&P 500,HST,Host Hotels & Resorts,Real Estate,33,106,0.06151297,24.059999,25.540001,4H当日前50,4H EMA9/26 最近金叉且价格在 EMA50 上方；4H MACD 位于 Signal 上方；4H RSI 位于健康强势区间
2026-07-20,2026-07-29,Prism,S&P 500,WY,Weyerhaeuser,Real Estate,34,254,0.02062527,23.965700,24.459999,4H当日前50,4H EMA9 已站上 EMA26，等待 26/50 确认；4H MACD 位于 Signal 上方；4H RSI 位于健康强势区间
2026-07-20,2026-07-29,Prism,S&P 500,VICI,Vici Properties,Real Estate,35,43,0.01099311,26.834999,27.129999,4H当日前50,4H EMA9 已站上 EMA26，等待 26/50 确认；4H MACD 位于 Signal 上方；4H RSI 位于健康强势区间
2026-07-20,2026-07-29,Prism,S&P 500,MDT,Medtronic,Health Care,36,84,0.05094198,83.330002,87.574997,4H当日前50,4H EMA 多头排列已连续维持；4H MACD 零轴上方刚金叉；4H MACD 柱体连续扩张；4H RSI 位于健康强势区间
2026-07-20,2026-07-29,Prism,S&P 500,FOX,Fox Corporation (Class B),Communication Services,37,287,0.02289042,51.549999,52.730000,4H当日前50,4H EMA9 已站上 EMA26，等待 26/50 确认；4H MACD 位于 Signal 上方；4H RSI 位于健康强势区间
2026-07-20,2026-07-29,Prism,S&P 500,PTC,PTC Inc.,Information Technology,38,34,0.06112317,124.830002,132.460007,4H当日前50,4H EMA9 已站上 EMA26，等待 26/50 确认；4H RSI 位于健康强势区间
2026-07-20,2026-07-29,Prism,S&P 500,CEG,Constellation Energy,Utilities,39,386,0.01755429,253.500000,257.950012,4H当日前50,4H EMA9 已站上 EMA26，等待 26/50 确认；4H MACD 位于 Signal 上方；4H RSI 位于健康强势区间
2026-07-20,2026-07-29,Prism,S&P 500,TEL,TE Connectivity,Information Technology,40,220,0.01843282,203.169998,206.914993,4H当日前50,4H EMA9/26 最近金叉且价格在 EMA50 上方；4H MACD 位于 Signal 上方；4H RSI 位于健康强势区间
2026-07-20,2026-07-29,Prism,S&P 500,TJX,TJX Companies,Consumer Discretionary,41,184,0.03841457,155.669998,161.649994,4H当日前50,4H EMA9/26 最近金叉且价格在 EMA50 上方；4H MACD 位于 Signal 上方；4H MACD 柱体连续扩张；4H RSI 位于健康强势区间
2026-07-20,2026-07-29,Prism,S&P 500,NVDA,Nvidia,Information Technology,42,434,-0.06527944,203.279999,190.009995,4H当日前50,4H EMA9 已站上 EMA26，等待 26/50 确认
2026-07-20,2026-07-29,Prism,S&P 500,HRL,Hormel Foods,Consumer Staples,43,219,0.01976285,25.299999,25.799999,4H当日前50,4H EMA 多头排列已连续维持；4H MACD 位于 Signal 上方；4H RSI 位于健康强势区间
2026-07-20,2026-07-29,Prism,S&P 500,CPAY,Corpay,Financials,44,211,0.06362529,369.350006,392.850006,4H当日前50,4H EMA 多头排列已连续维持；4H MACD 位于 Signal 上方；4H RSI 位于健康强势区间
2026-07-20,2026-07-29,Prism,S&P 500,FOXA,Fox Corporation (Class A),Communication Services,45,248,0.02557413,57.480000,58.950001,4H当日前50,4H EMA9 已站上 EMA26，等待 26/50 确认；4H MACD 位于 Signal 上方；4H RSI 位于健康强势区间
2026-07-20,2026-07-29,Prism,S&P 500,VZ,Verizon,Communication Services,46,172,0.08610192,43.494999,47.240002,4H当日前50,4H EMA9 已站上 EMA26，等待 26/50 确认；4H MACD 位于 Signal 上方；4H RSI 位于健康强势区间
2026-07-20,2026-07-29,Prism,S&P 500,IVZ,Invesco,Financials,47,398,-0.05343000,29.665001,28.080000,4H当日前50,4H EMA 多头排列已连续维持；4H MACD 位于 Signal 上方；4H RSI 位于健康强势区间
2026-07-20,2026-07-29,Prism,S&P 500,ABBV,AbbVie,Health Care,48,60,0.04024938,253.419998,263.619995,4H当日前50,4H EMA 多头排列已连续维持；4H MACD 零轴上方刚金叉；4H MACD 柱体连续扩张；4H RSI 位于健康强势区间
2026-07-20,2026-07-29,Prism,S&P 500,KMI,Kinder Morgan,Energy,49,345,-0.02254947,32.595001,31.860001,4H当日前50,4H MACD 零轴上方刚金叉；4H MACD 柱体连续扩张；4H RSI 位于健康强势区间
2026-07-20,2026-07-29,Prism,S&P 500,LYB,LyondellBasell,Materials,50,97,-0.00419783,60.744999,60.490002,4H当日前50,4H EMA9 已站上 EMA26，等待 26/50 确认；4H MACD 位于 Signal 上方；4H MACD 柱体连续扩张
2026-07-20,2026-07-29,Prism,Nasdaq 200,FISV,Fiserv,Financials,1,74,0.07643191,51.680000,55.630001,4H当日前50,4H EMA9 已站上 EMA26，等待 26/50 确认；4H MACD 零轴上方刚金叉；4H MACD 柱体连续扩张；4H RSI 位于健康强势区间
2026-07-20,2026-07-29,Prism,Nasdaq 200,MDLZ,Mondelez International,Consumer Staples,2,72,0.07831422,60.270000,64.989998,4H当日前50,4H EMA9 已站上 EMA26，等待 26/50 确认；4H MACD 位于 Signal 上方；4H RSI 位于健康强势区间
2026-07-20,2026-07-29,Prism,Nasdaq 200,AKAM,Akamai Technologies,Information Technology,3,167,-0.12766989,123.129997,107.410004,4H当日前50,4H EMA9 已站上 EMA26，等待 26/50 确认；4H MACD 零轴上方刚金叉；4H MACD 柱体连续扩张；4H RSI 位于健康强势区间
2026-07-20,2026-07-29,Prism,Nasdaq 200,MSFT,Microsoft,Information Technology,4,5,-0.02920778,402.290009,390.540009,4H当日前50,4H EMA9 已站上 EMA26，等待 26/50 确认；4H MACD 位于 Signal 上方；4H MACD 柱体连续扩张；4H RSI 位于健康强势区间
2026-07-20,2026-07-29,Prism,Nasdaq 200,ZG,"Zillow Group, Inc. - Class A Common Stock",,5,24,0.04506699,32.840000,34.320000,4H当日前50,4H EMA9 已站上 EMA26，等待 26/50 确认；4H MACD 位于 Signal 上方；4H RSI 位于健康强势区间
2026-07-20,2026-07-29,Prism,Nasdaq 200,Z,"Zillow Group, Inc. - Class C Capital Stock",,6,26,0.02936727,33.029999,34.000000,4H当日前50,4H EMA9 已站上 EMA26，等待 26/50 确认；4H MACD 位于 Signal 上方；4H RSI 位于健康强势区间
2026-07-20,2026-07-29,Prism,Nasdaq 200,ZM,"Zoom Communications, Inc. - Class A Common Stock",,7,27,0.01649983,90.910004,92.410004,4H当日前50,4H EMA9 已站上 EMA26，等待 26/50 确认；4H MACD 位于 Signal 上方；4H RSI 位于健康强势区间
2026-07-20,2026-07-29,Prism,Nasdaq 200,TRMB,Trimble Inc.,Information Technology,8,70,0.09453116,53.209999,58.240002,4H当日前50,4H EMA9 已站上 EMA26，等待 26/50 确认；4H MACD 位于 Signal 上方；4H RSI 位于健康强势区间
2026-07-20,2026-07-29,Prism,Nasdaq 200,INTU,Intuit,Information Technology,9,91,0.13378938,293.820007,333.130005,4H当日前50,4H EMA9 已站上 EMA26，等待 26/50 确认；4H MACD 位于 Signal 上方；4H RSI 位于健康强势区间
2026-07-20,2026-07-29,Prism,Nasdaq 200,CEG,Constellation Energy,Utilities,10,122,0.01755429,253.500000,257.950012,4H当日前50,4H EMA9 已站上 EMA26，等待 26/50 确认；4H MACD 位于 Signal 上方；4H RSI 位于健康强势区间
2026-07-20,2026-07-29,Prism,Nasdaq 200,CMCSA,Comcast,Communication Services,11,18,0.03490328,23.780001,24.610001,4H当日前50,4H EMA9 已站上 EMA26，等待 26/50 确认；4H MACD 位于 Signal 上方；4H RSI 位于健康强势区间
2026-07-20,2026-07-29,Prism,Nasdaq 200,ULTA,Ulta Beauty,Consumer Discretionary,12,66,0.04099740,488.079987,508.089996,4H当日前50,4H EMA9 已站上 EMA26，等待 26/50 确认；4H MACD 位于 Signal 上方；4H MACD 柱体连续扩张；4H RSI 位于健康强势区间
2026-07-20,2026-07-29,Prism,Nasdaq 200,EBAY,eBay Inc.,Consumer Discretionary,13,39,0.00972065,114.190002,115.300003,4H当日前50,4H EMA9/26 最近金叉且价格在 EMA50 上方；4H MACD 柱体连续扩张；4H RSI 位于健康强势区间
2026-07-20,2026-07-29,Prism,Nasdaq 200,LOGI,Logitech International S.A. - Registered Shares,,14,126,0.01188838,101.779999,102.989998,4H当日前50,4H EMA9 已站上 EMA26，等待 26/50 确认；4H MACD 位于 Signal 上方；4H RSI 位于健康强势区间
2026-07-20,2026-07-29,Prism,Nasdaq 200,PTC,PTC Inc.,Information Technology,15,23,0.06112317,124.830002,132.460007,4H当日前50,4H EMA9 已站上 EMA26，等待 26/50 确认；4H RSI 位于健康强势区间
2026-07-20,2026-07-29,Prism,Nasdaq 200,TCOM,Trip.com Group Limited - American Depositary Shares,,16,104,0.04095952,44.189999,46.000000,4H当日前50,4H EMA9 已站上 EMA26，等待 26/50 确认；4H MACD 位于 Signal 上方；4H MACD 柱体连续扩张；4H RSI 位于健康强势区间
2026-07-20,2026-07-29,Prism,Nasdaq 200,NVDA,Nvidia,Information Technology,17,150,-0.06527944,203.279999,190.009995,4H当日前50,4H EMA9 已站上 EMA26，等待 26/50 确认
2026-07-20,2026-07-29,Prism,Nasdaq 200,LULU,Lululemon Athletica,Consumer Discretionary,18,22,0.02022800,116.669998,119.029999,4H当日前50,4H EMA9 已站上 EMA26，等待 26/50 确认；4H RSI 位于健康强势区间
2026-07-20,2026-07-29,Prism,Nasdaq 200,FOX,Fox Corporation (Class B),Communication Services,19,96,0.02289042,51.549999,52.730000,4H当日前50,4H EMA9 已站上 EMA26，等待 26/50 确认；4H MACD 位于 Signal 上方；4H RSI 位于健康强势区间
2026-07-20,2026-07-29,Prism,Nasdaq 200,FOXA,Fox Corporation (Class A),Communication Services,20,81,0.02557413,57.480000,58.950001,4H当日前50,4H EMA9 已站上 EMA26，等待 26/50 确认；4H MACD 位于 Signal 上方；4H RSI 位于健康强势区间
2026-07-20,2026-07-29,Prism,Nasdaq 200,CTSH,Cognizant,Information Technology,21,116,0.25380829,44.639999,55.970001,4H当日前50,4H EMA9 已站上 EMA26，等待 26/50 确认；4H MACD 位于 Signal 上方；4H RSI 位于健康强势区间
2026-07-20,2026-07-29,Prism,Nasdaq 200,AMGN,Amgen,Health Care,22,60,0.06444793,364.170013,387.640015,4H当日前50,4H MACD 零轴上方刚金叉；4H RSI 位于健康强势区间
2026-07-20,2026-07-29,Prism,Nasdaq 200,CASY,Casey's,Consumer Staples,23,90,0.00080783,866.460022,867.159973,4H当日前50,4H EMA 多头排列已连续维持；4H MACD 位于 Signal 上方；4H MACD 柱体连续扩张；4H RSI 位于健康强势区间
2026-07-20,2026-07-29,Prism,Nasdaq 200,PLTR,Palantir Technologies,Information Technology,24,120,-0.08787546,134.850006,123.000000,4H当日前50,4H MACD 位于 Signal 上方；4H RSI 位于健康强势区间
2026-07-20,2026-07-29,Prism,Nasdaq 200,IDXX,Idexx Laboratories,Health Care,25,36,0.01057098,563.809998,569.770020,4H当日前50,4H MACD 位于 Signal 上方；4H RSI 位于健康强势区间
2026-07-20,2026-07-29,Prism,Nasdaq 200,DXCM,Dexcom,Health Care,26,30,-0.00726652,75.690002,75.139999,4H当日前50,4H MACD 位于 Signal 上方；4H RSI 位于健康强势区间
2026-07-20,2026-07-29,Prism,Nasdaq 200,FANG,Diamondback Energy,Energy,27,97,0.01919337,195.380005,199.130005,4H当日前50,4H MACD 位于 Signal 上方；4H RSI 位于健康强势区间
2026-07-20,2026-07-29,Prism,Nasdaq 200,VRSN,Verisign,Information Technology,28,53,0.04794506,277.609985,290.920013,4H当日前50,4H MACD 位于 Signal 上方；4H RSI 位于健康强势区间
2026-07-20,2026-07-29,Prism,Nasdaq 200,ROP,Roper Technologies,Information Technology,29,88,0.12465553,362.839996,408.070007,4H当日前50,4H EMA 多头排列已连续维持；4H MACD 零轴上方刚金叉；4H RSI 位于健康强势区间
2026-07-20,2026-07-29,Prism,Nasdaq 200,DPZ,Domino's,Consumer Discretionary,30,78,0.09432471,328.970001,360.000000,4H当日前50,4H EMA 多头排列已连续维持；4H MACD 位于 Signal 上方；4H RSI 位于健康强势区间
2026-07-20,2026-07-29,Prism,Nasdaq 200,WDAY,"Workday, Inc.",Information Technology,31,82,0.14121718,147.220001,168.009995,4H当日前50,4H EMA 多头排列已连续维持；4H MACD 零轴上方刚金叉；4H MACD 柱体连续扩张；4H RSI 位于健康强势区间
2026-07-20,2026-07-29,Prism,Nasdaq 200,TMUS,T-Mobile US,Communication Services,32,123,-0.07217335,195.639999,181.520004,4H当日前50,4H EMA 多头排列已连续维持；4H MACD 位于 Signal 上方；4H MACD 柱体连续扩张；4H RSI 位于健康强势区间
2026-07-20,2026-07-29,Prism,Nasdaq 200,SSNC,"SS&C Technologies Holdings, Inc. - Common Stock",,33,95,0.12660043,69.510002,78.309998,4H当日前50,4H EMA 多头排列已连续维持；4H MACD 位于 Signal 上方；4H RSI 位于健康强势区间
2026-07-20,2026-07-29,Prism,Nasdaq 200,NWSA,News Corp (Class A),Communication Services,34,52,0.01873450,28.290001,28.820000,4H当日前50,4H EMA 多头排列已连续维持；4H MACD 位于 Signal 上方；4H RSI 位于健康强势区间
2026-07-20,2026-07-29,Prism,Nasdaq 200,SNY,Sanofi - American Depositary Shares,,35,48,0.01978167,43.980000,44.849998,4H当日前50,4H EMA 多头排列已连续维持；4H MACD 位于 Signal 上方；4H RSI 位于健康强势区间
2026-07-20,2026-07-29,Prism,Nasdaq 200,NWS,News Corp (Class B),Communication Services,36,51,0.01334989,32.209999,32.639999,4H当日前50,4H EMA 多头排列已连续维持；4H MACD 位于 Signal 上方；4H RSI 位于健康强势区间
2026-07-20,2026-07-29,Prism,Nasdaq 200,COST,Costco,Consumer Staples,37,19,0.04085279,935.799988,974.030029,4H当日前50,4H MACD 位于 Signal 上方；4H RSI 位于健康强势区间
2026-07-20,2026-07-29,Prism,Nasdaq 200,ADP,Automatic Data Processing,Industrials,38,76,0.07103115,255.240005,273.369995,4H当日前50,4H EMA 多头排列已连续维持；4H MACD 位于 Signal 上方；4H RSI 位于健康强势区间
2026-07-20,2026-07-29,Prism,Nasdaq 200,KHC,Kraft Heinz,Consumer Staples,39,71,0.06805878,25.860001,27.620001,4H当日前50,4H EMA 多头排列已连续维持；4H MACD 位于 Signal 上方；4H RSI 位于健康强势区间
2026-07-20,2026-07-29,Prism,Nasdaq 200,TEAM,Atlassian Corporation  - Class A Common Stock,,40,77,0.08140619,96.430000,104.279999,4H当日前50,4H EMA 多头排列已连续维持；4H MACD 位于 Signal 上方；4H MACD 柱体连续扩张；4H RSI 位于健康强势区间
2026-07-20,2026-07-29,Prism,Nasdaq 200,PODD,Insulet Corporation,Health Care,41,38,0.01941806,167.369995,170.619995,4H当日前50,4H EMA 多头排列已连续维持；4H MACD 位于 Signal 上方；4H MACD 柱体连续扩张；4H RSI 位于健康强势区间
2026-07-20,2026-07-29,Prism,Nasdaq 200,BNTX,BioNTech SE - American Depositary Shares,,42,10,0.00857197,92.160004,92.949997,4H当日前50,4H MACD 刚金叉但仍需零轴确认；4H MACD 柱体连续扩张；4H RSI 位于健康强势区间
2026-07-20,2026-07-29,Prism,Nasdaq 200,ROST,Ross Stores,Consumer Discretionary,43,112,0.06862333,235.779999,251.960007,4H当日前50,4H EMA 多头排列已连续维持；4H MACD 位于 Signal 上方
2026-07-20,2026-07-29,Prism,Nasdaq 200,ADBE,Adobe Inc.,Information Technology,44,79,0.12222028,234.740005,263.429993,4H当日前50,4H EMA 多头排列已连续维持；4H MACD 位于 Signal 上方；4H RSI 位于健康强势区间
2026-07-20,2026-07-29,Prism,Nasdaq 200,AAPL,Apple Inc.,Information Technology,45,55,0.03551856,326.589996,338.190002,4H当日前50,4H MACD 位于 Signal 上方；4H RSI 位于健康强势区间
2026-07-20,2026-07-29,Prism,Nasdaq 200,CHRW,C.H. Robinson,Industrials,46,152,-0.15573373,205.800003,173.750000,4H当日前50,4H EMA 多头排列已连续维持；4H MACD 位于 Signal 上方
2026-07-20,2026-07-29,Prism,Nasdaq 200,ADSK,Autodesk,Information Technology,47,94,0.12603304,217.800003,245.250000,4H当日前50,4H MACD 位于 Signal 上方；4H RSI 位于健康强势区间
2026-07-20,2026-07-29,Prism,Nasdaq 200,ODFL,Old Dominion,Industrials,48,134,-0.03870384,231.759995,222.789993,4H当日前50,4H MACD 位于 Signal 上方；4H RSI 位于健康强势区间
2026-07-20,2026-07-29,Prism,Nasdaq 200,GILD,Gilead Sciences,Health Care,49,28,-0.00360342,133.210007,132.729996,4H当日前50,4H RSI 位于健康强势区间
2026-07-20,2026-07-29,Prism,Nasdaq 200,JBHT,J.B. Hunt,Industrials,50,137,-0.04979172,290.609985,276.140015,4H当日前50,4H EMA 多头排列已连续维持；4H MACD 位于 Signal 上方；4H RSI 位于健康强势区间
2026-07-20,2026-07-29,Prism,Nasdaq Liquid 500,MSFT,Microsoft,Information Technology,1,2,-0.02920778,402.290009,390.540009,4H当日前50,4H EMA9 已站上 EMA26，等待 26/50 确认；4H MACD 位于 Signal 上方；4H MACD 柱体连续扩张；4H RSI 位于健康强势区间
2026-07-20,2026-07-29,Prism,Nasdaq Liquid 500,FISV,Fiserv,Financials,2,154,0.07643191,51.680000,55.630001,4H当日前50,4H EMA9 已站上 EMA26，等待 26/50 确认；4H MACD 零轴上方刚金叉；4H MACD 柱体连续扩张；4H RSI 位于健康强势区间
2026-07-20,2026-07-29,Prism,Nasdaq Liquid 500,MDLZ,Mondelez International,Consumer Staples,3,150,0.07831422,60.270000,64.989998,4H当日前50,4H EMA9 已站上 EMA26，等待 26/50 确认；4H MACD 位于 Signal 上方；4H RSI 位于健康强势区间
2026-07-20,2026-07-29,Prism,Nasdaq Liquid 500,CHRD,Chord Energy Corporation - Common Stock,,4,224,0.05954967,128.800003,136.470001,4H当日前50,4H EMA9 已站上 EMA26，等待 26/50 确认；4H MACD 位于 Signal 上方；4H RSI 位于健康强势区间
2026-07-20,2026-07-29,Prism,Nasdaq Liquid 500,APA,APA Corporation,Energy,5,206,0.05338694,34.840000,36.700001,4H当日前50,4H EMA9 已站上 EMA26，等待 26/50 确认；4H MACD 位于 Signal 上方；4H RSI 位于健康强势区间
2026-07-20,2026-07-29,Prism,Nasdaq Liquid 500,VNOM,"Viper Energy, Inc.  - Class A Common Stock",,6,262,-0.02660056,44.360001,43.180000,4H当日前50,4H EMA9 已站上 EMA26，等待 26/50 确认；4H MACD 位于 Signal 上方；4H RSI 位于健康强势区间
2026-07-20,2026-07-29,Prism,Nasdaq Liquid 500,AKAM,Akamai Technologies,Information Technology,7,373,-0.12766989,123.129997,107.410004,4H当日前50,4H EMA9 已站上 EMA26，等待 26/50 确认；4H MACD 零轴上方刚金叉；4H MACD 柱体连续扩张；4H RSI 位于健康强势区间
2026-07-20,2026-07-29,Prism,Nasdaq Liquid 500,HAS,Hasbro,Consumer Discretionary,8,222,0.16644200,81.589996,95.169998,4H当日前50,4H EMA9 已站上 EMA26，等待 26/50 确认；4H MACD 位于 Signal 上方；4H RSI 位于健康强势区间
2026-07-20,2026-07-29,Prism,Nasdaq Liquid 500,HST,Host Hotels & Resorts,Real Estate,9,125,0.06151297,24.059999,25.540001,4H当日前50,4H EMA9/26 最近金叉且价格在 EMA50 上方；4H MACD 位于 Signal 上方；4H RSI 位于健康强势区间
2026-07-20,2026-07-29,Prism,Nasdaq Liquid 500,SAIA,"Saia, Inc. - Common Stock",,10,388,-0.07845425,428.019989,394.440002,4H当日前50,4H EMA9 已站上 EMA26，等待 26/50 确认；4H MACD 位于 Signal 上方；4H RSI 位于健康强势区间
2026-07-20,2026-07-29,Prism,Nasdaq Liquid 500,CSGP,CoStar Group,Real Estate,11,11,0.00505391,29.680000,29.830000,4H当日前50,4H EMA9 已站上 EMA26，等待 26/50 确认；4H MACD 位于 Signal 上方；4H RSI 位于健康强势区间
2026-07-20,2026-07-29,Prism,Nasdaq Liquid 500,TRMB,Trimble Inc.,Information Technology,12,127,0.09453116,53.209999,58.240002,4H当日前50,4H EMA9 已站上 EMA26，等待 26/50 确认；4H MACD 位于 Signal 上方；4H RSI 位于健康强势区间
2026-07-20,2026-07-29,Prism,Nasdaq Liquid 500,CMCSA,Comcast,Communication Services,13,25,0.03490328,23.780001,24.610001,4H当日前50,4H EMA9 已站上 EMA26，等待 26/50 确认；4H MACD 位于 Signal 上方；4H RSI 位于健康强势区间
2026-07-20,2026-07-29,Prism,Nasdaq Liquid 500,CME,CME Group,Financials,14,113,0.08294236,245.110001,265.440002,4H当日前50,4H EMA9 已站上 EMA26，等待 26/50 确认；4H MACD 位于 Signal 上方；4H RSI 位于健康强势区间
2026-07-20,2026-07-29,Prism,Nasdaq Liquid 500,PEGA,Pegasystems Inc. - Common Stock,,15,103,-0.02335121,31.690001,30.950001,4H当日前50,4H EMA9 已站上 EMA26，等待 26/50 确认；4H MACD 位于 Signal 上方；4H RSI 位于健康强势区间
2026-07-20,2026-07-29,Prism,Nasdaq Liquid 500,INTU,Intuit,Information Technology,16,165,0.13378938,293.820007,333.130005,4H当日前50,4H EMA9 已站上 EMA26，等待 26/50 确认；4H MACD 位于 Signal 上方；4H RSI 位于健康强势区间
2026-07-20,2026-07-29,Prism,Nasdaq Liquid 500,Z,"Zillow Group, Inc. - Class C Capital Stock",,17,36,0.02936727,33.029999,34.000000,4H当日前50,4H EMA9 已站上 EMA26，等待 26/50 确认；4H MACD 位于 Signal 上方；4H RSI 位于健康强势区间
2026-07-20,2026-07-29,Prism,Nasdaq Liquid 500,ZM,"Zoom Communications, Inc. - Class A Common Stock",,18,38,0.01649983,90.910004,92.410004,4H当日前50,4H EMA9 已站上 EMA26，等待 26/50 确认；4H MACD 位于 Signal 上方；4H RSI 位于健康强势区间
2026-07-20,2026-07-29,Prism,Nasdaq Liquid 500,TW,Tradeweb Markets Inc. - Class A Common Stock,,20,225,0.07620377,100.519997,108.180000,4H当日前50,4H EMA9 已站上 EMA26，等待 26/50 确认；4H MACD 位于 Signal 上方；4H RSI 位于健康强势区间
2026-07-20,2026-07-29,Prism,Nasdaq Liquid 500,FUTU,Futu Holdings Limited - American Depositary Shares,,21,19,0.03663002,98.279999,101.879997,4H当日前50,4H EMA9 已站上 EMA26，等待 26/50 确认；4H MACD 刚金叉但仍需零轴确认；4H MACD 柱体连续扩张；4H RSI 位于健康强势区间
2026-07-20,2026-07-29,Prism,Nasdaq Liquid 500,CEG,Constellation Energy,Utilities,22,275,0.01755429,253.500000,257.950012,4H当日前50,4H EMA9 已站上 EMA26，等待 26/50 确认；4H MACD 位于 Signal 上方；4H RSI 位于健康强势区间
2026-07-20,2026-07-29,Prism,Nasdaq Liquid 500,MAT,"Mattel, Inc. - Common Stock",,23,186,0.08698727,14.140000,15.370000,4H当日前50,4H EMA9 已站上 EMA26，等待 26/50 确认；4H MACD 位于 Signal 上方；4H RSI 位于健康强势区间
2026-07-20,2026-07-29,Prism,Nasdaq Liquid 500,GLPI,"Gaming and Leisure Properties, Inc. - Common Stock",,24,129,0.03022835,44.660000,46.009998,4H当日前50,4H EMA9 已站上 EMA26，等待 26/50 确认；4H MACD 位于 Signal 上方；4H RSI 位于健康强势区间
2026-07-20,2026-07-29,Prism,Nasdaq Liquid 500,ULTA,Ulta Beauty,Consumer Discretionary,25,138,0.04099740,488.079987,508.089996,4H当日前50,4H EMA9 已站上 EMA26，等待 26/50 确认；4H MACD 位于 Signal 上方；4H MACD 柱体连续扩张；4H RSI 位于健康强势区间
2026-07-20,2026-07-29,Prism,Nasdaq Liquid 500,LASR,NLIGHT INC,Information Technology,26,,-0.13526568,68.309998,59.070000,4H当日前50,4H EMA9 已站上 EMA26，等待 26/50 确认；4H MACD 零轴上方刚金叉；4H RSI 位于健康强势区间
2026-07-20,2026-07-29,Prism,Nasdaq Liquid 500,PTEN,PATTERSON UTI ENERGY INC,Energy,27,271,-0.07623762,10.100000,9.330000,4H当日前50,4H EMA9 已站上 EMA26，等待 26/50 确认；4H MACD 位于 Signal 上方；4H RSI 位于健康强势区间
2026-07-20,2026-07-29,Prism,Nasdaq Liquid 500,DOX,Amdocs Limited - Ordinary Shares,,28,53,0.06824593,53.189999,56.820000,4H当日前50,4H EMA9 已站上 EMA26，等待 26/50 确认；4H MACD 位于 Signal 上方；4H MACD 柱体连续扩张；4H RSI 位于健康强势区间
2026-07-20,2026-07-29,Prism,Nasdaq Liquid 500,LULU,Lululemon Athletica,Consumer Discretionary,29,29,0.02022800,116.669998,119.029999,4H当日前50,4H EMA9 已站上 EMA26，等待 26/50 确认；4H RSI 位于健康强势区间
2026-07-20,2026-07-29,Prism,Nasdaq Liquid 500,PTC,PTC Inc.,Information Technology,30,34,0.06112317,124.830002,132.460007,4H当日前50,4H EMA9 已站上 EMA26，等待 26/50 确认；4H RSI 位于健康强势区间
2026-07-20,2026-07-29,Prism,Nasdaq Liquid 500,FIVE,"Five Below, Inc. - Common Stock",,31,135,0.02620753,204.139999,209.490005,4H当日前50,4H EMA9 已站上 EMA26，等待 26/50 确认；4H MACD 位于 Signal 上方；4H RSI 位于健康强势区间
2026-07-20,2026-07-29,Prism,Nasdaq Liquid 500,LOGI,Logitech International S.A. - Registered Shares,,32,269,0.01188838,101.779999,102.989998,4H当日前50,4H EMA9 已站上 EMA26，等待 26/50 确认；4H MACD 位于 Signal 上方；4H RSI 位于健康强势区间
2026-07-20,2026-07-29,Prism,Nasdaq Liquid 500,ASO,ACADEMY SPORTS AND OUTDOORS INC,Consumer Discretionary,33,,0.02613969,47.820000,49.070000,4H当日前50,4H EMA9 已站上 EMA26，等待 26/50 确认；4H MACD 位于 Signal 上方；4H RSI 位于健康强势区间
2026-07-20,2026-07-29,Prism,Nasdaq Liquid 500,EBAY,eBay Inc.,Consumer Discretionary,34,78,0.00972065,114.190002,115.300003,4H当日前50,4H EMA9/26 最近金叉且价格在 EMA50 上方；4H MACD 柱体连续扩张；4H RSI 位于健康强势区间
2026-07-20,2026-07-29,Prism,Nasdaq Liquid 500,TCOM,Trip.com Group Limited - American Depositary Shares,,35,216,0.04095952,44.189999,46.000000,4H当日前50,4H EMA9 已站上 EMA26，等待 26/50 确认；4H MACD 位于 Signal 上方；4H MACD 柱体连续扩张；4H RSI 位于健康强势区间
2026-07-20,2026-07-29,Prism,Nasdaq Liquid 500,COCO,THE VITA COCO COMPANY INC,Consumer Staples,36,274,-0.08569110,73.870003,67.540001,4H当日前50,4H EMA9 已站上 EMA26，等待 26/50 确认；4H MACD 位于 Signal 上方；4H RSI 位于健康强势区间
2026-07-20,2026-07-29,Prism,Nasdaq Liquid 500,FOX,Fox Corporation (Class B),Communication Services,37,207,0.02289042,51.549999,52.730000,4H当日前50,4H EMA9 已站上 EMA26，等待 26/50 确认；4H MACD 位于 Signal 上方；4H RSI 位于健康强势区间
2026-07-20,2026-07-29,Prism,Nasdaq Liquid 500,NVDA,Nvidia,Information Technology,38,345,-0.06527944,203.279999,190.009995,4H当日前50,4H EMA9 已站上 EMA26，等待 26/50 确认
2026-07-20,2026-07-29,Prism,Nasdaq Liquid 500,CTSH,Cognizant,Information Technology,39,243,0.25380829,44.639999,55.970001,4H当日前50,4H EMA9 已站上 EMA26，等待 26/50 确认；4H MACD 位于 Signal 上方；4H RSI 位于健康强势区间
2026-07-20,2026-07-29,Prism,Nasdaq Liquid 500,COIN,Coinbase,Financials,40,1,-0.00211929,160.429993,160.089996,4H当日前50,4H EMA9 已站上 EMA26，等待 26/50 确认；4H RSI 位于健康强势区间
2026-07-20,2026-07-29,Prism,Nasdaq Liquid 500,FOXA,Fox Corporation (Class A),Communication Services,41,175,0.02557413,57.480000,58.950001,4H当日前50,4H EMA9 已站上 EMA26，等待 26/50 确认；4H MACD 位于 Signal 上方；4H RSI 位于健康强势区间
2026-07-20,2026-07-29,Prism,Nasdaq Liquid 500,CASY,Casey's,Consumer Staples,42,198,0.00080783,866.460022,867.159973,4H当日前50,4H EMA 多头排列已连续维持；4H MACD 位于 Signal 上方；4H MACD 柱体连续扩张；4H RSI 位于健康强势区间
2026-07-20,2026-07-29,Prism,Nasdaq Liquid 500,JAZZ,Jazz Pharmaceuticals plc - Ordinary Shares,,43,67,0.05134103,243.470001,255.970001,4H当日前50,4H MACD 零轴上方刚金叉；4H RSI 位于健康强势区间
2026-07-20,2026-07-29,Prism,Nasdaq Liquid 500,AMGN,Amgen,Health Care,44,93,0.06444793,364.170013,387.640015,4H当日前50,4H MACD 零轴上方刚金叉；4H RSI 位于健康强势区间
2026-07-20,2026-07-29,Prism,Nasdaq Liquid 500,WDAY,"Workday, Inc.",Information Technology,45,140,0.14121718,147.220001,168.009995,4H当日前50,4H EMA 多头排列已连续维持；4H MACD 零轴上方刚金叉；4H MACD 柱体连续扩张；4H RSI 位于健康强势区间
2026-07-20,2026-07-29,Prism,Nasdaq Liquid 500,IDXX,Idexx Laboratories,Health Care,46,56,0.01057098,563.809998,569.770020,4H当日前50,4H MACD 位于 Signal 上方；4H RSI 位于健康强势区间
2026-07-20,2026-07-29,Prism,Nasdaq Liquid 500,SSNC,"SS&C Technologies Holdings, Inc. - Common Stock",,47,196,0.12660043,69.510002,78.309998,4H当日前50,4H EMA 多头排列已连续维持；4H MACD 位于 Signal 上方；4H RSI 位于健康强势区间
2026-07-20,2026-07-29,Prism,Nasdaq Liquid 500,SNY,Sanofi - American Depositary Shares,,48,76,0.01978167,43.980000,44.849998,4H当日前50,4H EMA 多头排列已连续维持；4H MACD 位于 Signal 上方；4H RSI 位于健康强势区间
2026-07-20,2026-07-29,Prism,Nasdaq Liquid 500,NDAQ,"Nasdaq, Inc.",Financials,49,80,0.04005660,91.870003,95.550003,4H当日前50,4H EMA 多头排列已连续维持；4H MACD 位于 Signal 上方；4H RSI 位于健康强势区间
2026-07-20,2026-07-29,Prism,Nasdaq Liquid 500,FRPT,"Freshpet, Inc. - Common Stock",,50,,0.08902544,56.950001,62.020000,4H当日前50,4H EMA 多头排列已连续维持；4H MACD 位于 Signal 上方；4H MACD 柱体连续扩张；4H RSI 位于健康强势区间
2026-07-20,2026-07-29,Prism,Russell,RHP,RYMAN HOSPITALITY PROPERTIES REIT,Real Estate,1,420,0.05998747,127.860001,135.529999,4H当日前50,4H EMA9/26 最近金叉且价格在 EMA50 上方；4H MACD 刚金叉但仍需零轴确认；4H MACD 柱体连续扩张；4H RSI 位于健康强势区间
2026-07-20,2026-07-29,Prism,Russell,AIR,AAR CORP,Industrials,2,24,-0.00345971,135.850006,135.380005,4H当日前50,4H EMA9/26 最近金叉且价格在 EMA50 上方；4H MACD 刚金叉但仍需零轴确认；4H MACD 柱体连续扩张；4H RSI 位于健康强势区间
2026-07-20,2026-07-29,Prism,Russell,RBKB,RHINEBECK BANCORP INC,Financials,3,551,-0.29760551,17.540001,12.320000,4H当日前50,4H EMA9/26 最近金叉且价格在 EMA50 上方；4H MACD 刚金叉但仍需零轴确认；4H MACD 柱体连续扩张；4H RSI 位于健康强势区间
2026-07-20,2026-07-29,Prism,Russell,UVV,UNIVERSAL CORP,Consumer Staples,4,167,0.02860092,53.320000,54.845001,4H当日前50,4H EMA9 已站上 EMA26，等待 26/50 确认；4H MACD 位于 Signal 上方；4H MACD 柱体连续扩张；4H RSI 位于健康强势区间
2026-07-20,2026-07-29,Prism,Russell,MDWD,MEDIWOUND LTD,Health Care,5,74,-0.01712329,14.600000,14.350000,4H当日前50,4H EMA9 已站上 EMA26，等待 26/50 确认；4H MACD 位于 Signal 上方；4H RSI 位于健康强势区间
2026-07-20,2026-07-29,Prism,Russell,AEO,AMERICAN EAGLE OUTFITTERS INC,Consumer Discretionary,6,432,0.00000000,17.545000,17.545000,4H当日前50,4H EMA9 已站上 EMA26，等待 26/50 确认；4H MACD 位于 Signal 上方；4H MACD 柱体连续扩张；4H RSI 位于健康强势区间
2026-07-20,2026-07-29,Prism,Russell,CMCO,COLUMBUS MCKINNON CORP,Industrials,7,1317,0.02023726,14.330000,14.620000,4H当日前50,4H EMA9 已站上 EMA26，等待 26/50 确认；4H MACD 位于 Signal 上方；4H RSI 位于健康强势区间
2026-07-20,2026-07-29,Prism,Russell,SPOK,SPOK HOLDINGS INC,Communication,8,362,0.02910798,10.650000,10.960000,4H当日前50,4H EMA9 已站上 EMA26，等待 26/50 确认；4H MACD 位于 Signal 上方；4H RSI 位于健康强势区间
2026-07-20,2026-07-29,Prism,Russell,KAI,KADANT INC,Industrials,9,1079,-0.00925437,305.799988,302.970001,4H当日前50,4H EMA9 已站上 EMA26，等待 26/50 确认；4H MACD 位于 Signal 上方；4H RSI 位于健康强势区间
2026-07-20,2026-07-29,Prism,Russell,GNL,GLOBAL NET LEASE INC,Real Estate,10,1064,-0.03165939,9.160000,8.870000,4H当日前50,4H EMA9 已站上 EMA26，等待 26/50 确认；4H MACD 位于 Signal 上方；4H RSI 位于健康强势区间
2026-07-20,2026-07-29,Prism,Russell,PRGO,PERRIGO PLC,Health Care,11,463,-0.01465028,10.580000,10.425000,4H当日前50,4H EMA9 已站上 EMA26，等待 26/50 确认；4H MACD 位于 Signal 上方；4H RSI 位于健康强势区间
2026-07-20,2026-07-29,Prism,Russell,GENI,GENIUS SPORTS LTD,Consumer Discretionary,12,556,0.08290155,6.755000,7.315000,4H当日前50,4H EMA9/26 最近金叉且价格在 EMA50 上方；4H MACD 零轴上方刚金叉；4H MACD 柱体连续扩张；4H RSI 位于健康强势区间
2026-07-20,2026-07-29,Prism,Russell,PATK,PATRICK INDUSTRIES INC,Consumer Discretionary,13,68,-0.00892447,87.400002,86.620003,4H当日前50,4H EMA9 已站上 EMA26，等待 26/50 确认；4H MACD 位于 Signal 上方；4H RSI 位于健康强势区间
2026-07-20,2026-07-29,Prism,Russell,CDRE,CADRE HOLDINGS INC,Industrials,14,1200,0.04970864,29.170000,30.620001,4H当日前50,4H EMA9 已站上 EMA26，等待 26/50 确认；4H MACD 位于 Signal 上方；4H RSI 位于健康强势区间
2026-07-20,2026-07-29,Prism,Russell,MUR,MURPHY OIL CORP,Energy,15,725,0.05118800,36.825001,38.709999,4H当日前50,4H EMA9 已站上 EMA26，等待 26/50 确认；4H MACD 位于 Signal 上方；4H RSI 位于健康强势区间
2026-07-20,2026-07-29,Prism,Russell,LAND,GLADSTONE LAND REIT CORP,Real Estate,16,1070,-0.02873563,8.700000,8.450000,4H当日前50,4H EMA9 已站上 EMA26，等待 26/50 确认；4H MACD 位于 Signal 上方；4H RSI 位于健康强势区间
2026-07-20,2026-07-29,Prism,Russell,NTGR,NETGEAR INC,Information Technology,17,1318,-0.01978490,23.250000,22.790001,4H当日前50,4H EMA9/26 最近金叉且价格在 EMA50 上方；4H MACD 位于 Signal 上方；4H MACD 柱体连续扩张；4H RSI 位于健康强势区间
2026-07-20,2026-07-29,Prism,Russell,MATV,MATIV HOLDINGS INC,Materials,18,749,0.09233668,7.960000,8.695000,4H当日前50,4H EMA9 已站上 EMA26，等待 26/50 确认；4H MACD 位于 Signal 上方；4H RSI 位于健康强势区间
2026-07-20,2026-07-29,Prism,Russell,TALO,TALOS ENERGY INC,Energy,19,1248,0.00175747,14.225000,14.250000,4H当日前50,4H EMA9 已站上 EMA26，等待 26/50 确认；4H MACD 位于 Signal 上方；4H RSI 位于健康强势区间
2026-07-20,2026-07-29,Prism,Russell,EPSN,EPSILON ENERGY LTD,Energy,20,1047,0.01459854,5.480000,5.560000,4H当日前50,4H EMA9 已站上 EMA26，等待 26/50 确认；4H MACD 位于 Signal 上方；4H RSI 位于健康强势区间
2026-07-20,2026-07-29,Prism,Russell,AMPH,AMPHASTAR PHARMACEUTICALS INC,Health Care,21,1,0.04839537,19.629999,20.580000,4H当日前50,4H EMA9/26 最近金叉且价格在 EMA50 上方；4H MACD 位于 Signal 上方；4H RSI 位于健康强势区间
2026-07-20,2026-07-29,Prism,Russell,TXNM,TXNM ENERGY INC,Utilities,22,997,-0.00216188,57.820000,57.695000,4H当日前50,4H EMA9 已站上 EMA26，等待 26/50 确认；4H MACD 位于 Signal 上方；4H MACD 柱体连续扩张；4H RSI 位于健康强势区间
2026-07-20,2026-07-29,Prism,Russell,GPI,GROUP AUTOMOTIVE INC,Consumer Discretionary,23,399,0.16630191,306.130005,357.040009,4H当日前50,4H EMA9 已站上 EMA26，等待 26/50 确认；4H MACD 位于 Signal 上方
2026-07-20,2026-07-29,Prism,Russell,SAM,BOSTON BEER INC CLASS A,Consumer Staples,24,465,0.03542375,180.669998,187.070007,4H当日前50,4H EMA9/26 最近金叉且价格在 EMA50 上方；4H MACD 位于 Signal 上方；4H MACD 柱体连续扩张；4H RSI 位于健康强势区间
2026-07-20,2026-07-29,Prism,Russell,FEIM,FREQUENCY ELECTRONICS INC,Information Technology,25,1375,-0.13534175,66.720001,57.689999,4H当日前50,4H EMA9/26 最近金叉且价格在 EMA50 上方；4H MACD 位于 Signal 上方；4H MACD 柱体连续扩张；4H RSI 位于健康强势区间
2026-07-20,2026-07-29,Prism,Russell,SDRL,SEADRILL LTD,Energy,26,1383,-0.02652155,42.456001,41.330002,4H当日前50,4H EMA9 已站上 EMA26，等待 26/50 确认；4H MACD 位于 Signal 上方；4H RSI 位于健康强势区间
2026-07-20,2026-07-29,Prism,Russell,PENN,PENN ENTERTAINMENT INC,Consumer Discretionary,27,204,-0.00141305,21.230000,21.200001,4H当日前50,4H EMA9/26 最近金叉且价格在 EMA50 上方；4H MACD 位于 Signal 上方；4H MACD 柱体连续扩张；4H RSI 位于健康强势区间
2026-07-20,2026-07-29,Prism,Russell,CNK,CINEMARK HOLDINGS INC,Communication,28,680,0.09086647,31.969999,34.875000,4H当日前50,4H EMA9/26 最近金叉且价格在 EMA50 上方；4H MACD 位于 Signal 上方；4H MACD 柱体连续扩张；4H RSI 位于健康强势区间
2026-07-20,2026-07-29,Prism,Russell,NUS,NU SKIN ENTERPRISES INC CLASS A,Consumer Staples,29,5,-0.01217228,5.340000,5.275000,4H当日前50,4H EMA9 已站上 EMA26，等待 26/50 确认；4H MACD 位于 Signal 上方；4H MACD 柱体连续扩张；4H RSI 位于健康强势区间
2026-07-20,2026-07-29,Prism,Russell,NLOP,NET LEASE OFFICE PROPERTIES,Real Estate,30,326,0.00683177,11.710000,11.790000,4H当日前50,4H EMA9 已站上 EMA26，等待 26/50 确认；4H MACD 位于 Signal 上方；4H RSI 位于健康强势区间
2026-07-20,2026-07-29,Prism,Russell,KGEI,KOLIBRI GLOBAL ENERGY INC,Energy,31,1233,-0.01340996,5.220000,5.150000,4H当日前50,4H EMA9 已站上 EMA26，等待 26/50 确认；4H MACD 位于 Signal 上方；4H RSI 位于健康强势区间
2026-07-20,2026-07-29,Prism,Russell,SMP,STANDARD MOTOR PRODUCTS INC,Consumer Discretionary,32,320,0.07139080,37.820000,40.520000,4H当日前50,4H EMA9 已站上 EMA26，等待 26/50 确认；4H MACD 位于 Signal 上方
2026-07-20,2026-07-29,Prism,Russell,NWPX,NWPX INFRASTRUCTURE INC,Industrials,33,1580,-0.09524155,136.179993,123.209999,4H当日前50,4H EMA9/26 最近金叉且价格在 EMA50 上方；4H MACD 位于 Signal 上方
2026-07-20,2026-07-29,Prism,Russell,PNRG,PRIMEENERGY RESOURCES CORP,Energy,34,1332,-0.01538135,187.240005,184.360001,4H当日前50,4H EMA9 已站上 EMA26，等待 26/50 确认；4H MACD 位于 Signal 上方；4H RSI 位于健康强势区间
2026-07-20,2026-07-29,Prism,Russell,ASC,ARDMORE SHIPPING CORP,Energy,35,552,0.05780171,15.830000,16.745001,4H当日前50,4H EMA9 已站上 EMA26，等待 26/50 确认；4H MACD 零轴上方刚金叉；4H MACD 柱体连续扩张；4H RSI 位于健康强势区间
2026-07-20,2026-07-29,Prism,Russell,NOG,NORTHERN OIL AND GAS INC,Energy,36,767,-0.00660387,21.200001,21.059999,4H当日前50,4H EMA9 已站上 EMA26，等待 26/50 确认；4H MACD 位于 Signal 上方；4H RSI 位于健康强势区间
2026-07-20,2026-07-29,Prism,Russell,INR,INFINITY NATURAL RESOURCES INC CLA,Energy,37,1223,-0.05141980,13.030000,12.360000,4H当日前50,4H EMA9 已站上 EMA26，等待 26/50 确认；4H MACD 位于 Signal 上方；4H RSI 位于健康强势区间
2026-07-20,2026-07-29,Prism,Russell,SIGI,SELECTIVE INSURANCE GROUP INC,Financials,38,639,-0.00062020,96.739998,96.680000,4H当日前50,4H EMA9/26 最近金叉且价格在 EMA50 上方；4H MACD 柱体连续扩张；4H RSI 位于健康强势区间
2026-07-20,2026-07-29,Prism,Russell,GCO,GENESCO INC,Consumer Discretionary,39,610,0.05060557,37.150002,39.029999,4H当日前50,4H EMA9 已站上 EMA26，等待 26/50 确认；4H MACD 位于 Signal 上方；4H RSI 位于健康强势区间
2026-07-20,2026-07-29,Prism,Russell,IRON,DISC MEDICINE INC,Health Care,40,966,-0.00954556,74.379997,73.669998,4H当日前50,4H EMA9/26 最近金叉且价格在 EMA50 上方
2026-07-20,2026-07-29,Prism,Russell,KRO,KRONOS WORLDWIDE INC,Materials,41,1246,-0.04992320,6.510000,6.185000,4H当日前50,4H EMA9 已站上 EMA26，等待 26/50 确认；4H MACD 位于 Signal 上方；4H RSI 位于健康强势区间
2026-07-20,2026-07-29,Prism,Russell,UNFI,UNITED NATURAL FOODS INC,Consumer Staples,42,315,0.03397854,48.560001,50.209999,4H当日前50,4H EMA9 已站上 EMA26，等待 26/50 确认；4H MACD 位于 Signal 上方；4H RSI 位于健康强势区间
2026-07-20,2026-07-29,Prism,Russell,PTEN,PATTERSON UTI ENERGY INC,Energy,43,1107,-0.07623762,10.100000,9.330000,4H当日前50,4H EMA9 已站上 EMA26，等待 26/50 确认；4H MACD 位于 Signal 上方；4H RSI 位于健康强势区间
2026-07-20,2026-07-29,Prism,Russell,CPS,COOPER STANDARD HOLDINGS INC,Consumer Discretionary,44,765,0.04496403,27.799999,29.049999,4H当日前50,4H EMA9 已站上 EMA26，等待 26/50 确认；4H MACD 位于 Signal 上方；4H RSI 位于健康强势区间
2026-07-20,2026-07-29,Prism,Russell,CV,CAPSOVISION INC,Health Care,45,148,-0.01777778,6.750000,6.630000,4H当日前50,4H EMA9/26 最近金叉且价格在 EMA50 上方；4H MACD 位于 Signal 上方；4H MACD 柱体连续扩张；4H RSI 位于健康强势区间
2026-07-20,2026-07-29,Prism,Russell,LASR,NLIGHT INC,Information Technology,46,1496,-0.13526568,68.309998,59.070000,4H当日前50,4H EMA9 已站上 EMA26，等待 26/50 确认；4H MACD 零轴上方刚金叉；4H RSI 位于健康强势区间
2026-07-20,2026-07-29,Prism,Russell,MMS,MAXIMUS INC,Industrials,47,681,0.08995171,57.919998,63.130001,4H当日前50,4H EMA9 已站上 EMA26，等待 26/50 确认；4H MACD 位于 Signal 上方；4H RSI 位于健康强势区间
2026-07-20,2026-07-29,Prism,Russell,BRCB,BLACK ROCK COFFEE BAR INC CLASS A,Consumer Discretionary,48,925,-0.00124688,8.020000,8.010000,4H当日前50,4H EMA9/26 最近金叉且价格在 EMA50 上方；4H RSI 位于健康强势区间
2026-07-20,2026-07-29,Prism,Russell,CRGY,CRESCENT ENERGY CLASS A,Energy,49,848,0.05494505,10.465000,11.040000,4H当日前50,4H EMA9 已站上 EMA26，等待 26/50 确认；4H MACD 位于 Signal 上方；4H RSI 位于健康强势区间
2026-07-20,2026-07-29,Prism,Russell,CLW,CLEARWATER PAPER CORP,Materials,50,917,0.31689500,16.424999,21.629999,4H当日前50,4H EMA9 已站上 EMA26，等待 26/50 确认；4H MACD 位于 Signal 上方；4H RSI 位于健康强势区间
2026-07-20,2026-07-29,Aster Call,Aster,COP,ConocoPhillips,Energy,1,,0.00000000,115.665001,115.665001,Aster当日前50,4H EMA 刚转强；4H MACD 多头
2026-07-20,2026-07-29,Aster Call,Aster,MUR,MURPHY OIL CORP,Energy,2,,0.00000000,36.825001,36.825001,Aster当日前50,4H EMA 刚转强；4H MACD 多头
2026-07-20,2026-07-29,Aster Call,Aster,FIVE,"Five Below, Inc. - Common Stock",,3,26,0.02620753,204.139999,209.490005,Aster当日前50,4H EMA 刚转强；4H MACD 多头
2026-07-20,2026-07-29,Aster Call,Aster,CLW,CLEARWATER PAPER CORP,Materials,4,,0.00000000,16.424999,16.424999,Aster当日前50,4H EMA 刚转强；4H MACD 多头
2026-07-20,2026-07-29,Aster Call,Aster,AIR,AAR CORP,Industrials,5,,0.00000000,135.850006,135.850006,Aster当日前50,4H EMA 刚转强；4H MACD 新金叉
2026-07-20,2026-07-29,Aster Call,Aster,GCO,GENESCO INC,Consumer Discretionary,6,,0.00000000,37.150002,37.150002,Aster当日前50,4H EMA 刚转强；4H MACD 多头
2026-07-20,2026-07-29,Aster Call,Aster,ULTA,Ulta Beauty,Consumer Discretionary,7,,0.00000000,488.079987,488.079987,Aster当日前50,4H EMA 刚转强；4H MACD 多头
2026-07-20,2026-07-29,Aster Call,Aster,FOXA,Fox Corporation (Class A),Communication Services,8,,0.00000000,57.480000,57.480000,Aster当日前50,4H EMA 刚转强；4H MACD 多头
2026-07-20,2026-07-29,Aster Call,Aster,FOX,Fox Corporation (Class B),Communication Services,9,,0.00000000,51.549999,51.549999,Aster当日前50,4H EMA 刚转强；4H MACD 多头
2026-07-20,2026-07-29,Aster Call,Aster,NOG,NORTHERN OIL AND GAS INC,Energy,10,,0.00000000,21.200001,21.200001,Aster当日前50,4H EMA 刚转强；4H MACD 多头
2026-07-20,2026-07-29,Aster Call,Aster,AKAM,Akamai Technologies,Information Technology,11,,0.00000000,123.129997,123.129997,Aster当日前50,4H EMA 刚转强；4H MACD 新金叉
2026-07-20,2026-07-29,Aster Call,Aster,FISV,Fiserv,Financials,12,,0.00000000,51.680000,51.680000,Aster当日前50,4H EMA 刚转强；4H MACD 新金叉
2026-07-20,2026-07-29,Aster Call,Aster,TRMB,Trimble Inc.,Information Technology,13,,0.00000000,53.209999,53.209999,Aster当日前50,4H EMA 刚转强；4H MACD 多头
2026-07-20,2026-07-29,Aster Call,Aster,BG,Bunge Global,Consumer Staples,14,,0.00000000,120.650002,120.650002,Aster当日前50,4H EMA 刚转强；4H MACD 多头
2026-07-20,2026-07-29,Aster Call,Aster,RHP,RYMAN HOSPITALITY PROPERTIES REIT,Real Estate,15,,0.00000000,127.860001,127.860001,Aster当日前50,4H EMA 刚转强；4H MACD 新金叉
2026-07-20,2026-07-29,Aster Call,Aster,GENI,GENIUS SPORTS LTD,Consumer Discretionary,16,,0.00000000,6.755000,6.755000,Aster当日前50,4H EMA 刚转强；4H MACD 新金叉
2026-07-20,2026-07-29,Aster Call,Aster,MAT,"Mattel, Inc. - Common Stock",,17,,0.00000000,14.140000,14.140000,Aster当日前50,4H EMA 刚转强；4H MACD 多头
2026-07-20,2026-07-29,Aster Call,Aster,LH,Labcorp,Health Care,18,,0.00000000,281.531006,281.531006,Aster当日前50,4H EMA 多头趋势；4H MACD 新金叉
2026-07-20,2026-07-29,Aster Call,Aster,CTVA,Corteva,Materials,19,,0.00000000,86.790001,86.790001,Aster当日前50,4H EMA 多头趋势；4H MACD 新金叉
2026-07-20,2026-07-29,Aster Call,Aster,SBRA,SABRA HEALTH CARE REIT INC,Real Estate,20,,0.00000000,20.000000,20.000000,Aster当日前50,4H MACD 新金叉
2026-07-20,2026-07-29,Aster Call,Aster,ROP,Roper Technologies,Information Technology,21,,0.00000000,362.839996,362.839996,Aster当日前50,4H EMA 多头趋势；4H MACD 新金叉
2026-07-20,2026-07-29,Aster Call,Aster,MSFT,Microsoft,Information Technology,22,18,-0.02920778,402.290009,390.540009,Aster当日前50,4H EMA 刚转强；4H MACD 多头
2026-07-20,2026-07-29,Aster Call,Aster,TYL,Tyler Technologies,Information Technology,23,,0.05004395,317.920013,333.829987,Aster当日前50,4H EMA 多头趋势；4H MACD 新金叉
2026-07-20,2026-07-29,Aster Call,Aster,EG,Everest Group,Financials,24,,0.00000000,379.089996,379.089996,Aster当日前50,4H EMA 多头趋势；4H MACD 新金叉
2026-07-20,2026-07-29,Aster Call,Aster,PRGO,PERRIGO PLC,Health Care,25,,0.00000000,10.580000,10.580000,Aster当日前50,4H EMA 刚转强；4H MACD 多头
2026-07-20,2026-07-29,Aster Call,Aster,HIG,Hartford (The),Financials,26,,0.00000000,140.500000,140.500000,Aster当日前50,4H EMA 多头趋势；4H MACD 新金叉
2026-07-20,2026-07-29,Aster Call,Aster,PBH,PRESTIGE CONSUMER HEALTHCARE INC,Health Care,27,,0.00000000,50.439999,50.439999,Aster当日前50,4H EMA 多头趋势；4H MACD 多头
2026-07-20,2026-07-29,Aster Call,Aster,TRST,TRUSTCO BANK CORP,Financials,28,,0.00000000,55.439999,55.439999,Aster当日前50,4H EMA 多头趋势；4H MACD 新金叉
2026-07-20,2026-07-29,Aster Call,Aster,PENN,PENN ENTERTAINMENT INC,Consumer Discretionary,29,,0.00000000,21.230000,21.230000,Aster当日前50,4H EMA 刚转强；4H MACD 多头
2026-07-20,2026-07-29,Aster Call,Aster,SSNC,"SS&C Technologies Holdings, Inc. - Common Stock",,30,,0.00000000,69.510002,69.510002,Aster当日前50,4H EMA 多头趋势；4H MACD 多头
2026-07-20,2026-07-29,Aster Call,Aster,SPOK,SPOK HOLDINGS INC,Communication,31,,0.00000000,10.650000,10.650000,Aster当日前50,4H EMA 刚转强；4H MACD 多头
2026-07-20,2026-07-29,Aster Call,Aster,SDRL,SEADRILL LTD,Energy,32,,0.00000000,42.456001,42.456001,Aster当日前50,4H EMA 刚转强；4H MACD 多头
2026-07-20,2026-07-29,Aster Call,Aster,MDT,Medtronic,Health Care,33,,0.00000000,83.330002,83.330002,Aster当日前50,4H EMA 多头趋势；4H MACD 新金叉
2026-07-20,2026-07-29,Aster Call,Aster,CMCSA,Comcast,Communication Services,34,,0.00000000,23.780001,23.780001,Aster当日前50,4H EMA 刚转强；4H MACD 多头
2026-07-20,2026-07-29,Aster Call,Aster,SAM,BOSTON BEER INC CLASS A,Consumer Staples,35,,0.00000000,180.669998,180.669998,Aster当日前50,4H EMA 刚转强；4H MACD 多头
2026-07-20,2026-07-29,Aster Call,Aster,DPZ,Domino's,Consumer Discretionary,36,,0.00000000,328.970001,328.970001,Aster当日前50,4H EMA 多头趋势；4H MACD 多头
2026-07-20,2026-07-29,Aster Call,Aster,ARDT,ARDENT HEALTH INC,Health Care,37,,0.00000000,10.460000,10.460000,Aster当日前50,4H EMA 多头趋势；4H MACD 新金叉
2026-07-20,2026-07-29,Aster Call,Aster,GPN,Global Payments,Financials,38,,0.00000000,82.370003,82.370003,Aster当日前50,4H MACD 新金叉
2026-07-20,2026-07-29,Aster Call,Aster,ORKA,ORUKA THERAPEUTICS INC,Health Care,39,,0.00000000,91.709999,91.709999,Aster当日前50,4H EMA 多头趋势；4H MACD 新金叉
2026-07-20,2026-07-29,Aster Call,Aster,OXY,Occidental Petroleum,Energy,40,,0.00000000,55.205002,55.205002,Aster当日前50,4H EMA 刚转强；4H MACD 多头
2026-07-20,2026-07-29,Aster Call,Aster,EL,Estée Lauder Companies (The),Consumer Staples,41,22,0.00604980,83.639999,84.146004,Aster当日前50,4H EMA 刚转强；4H MACD 多头
2026-07-20,2026-07-29,Aster Call,Aster,EIG,EMPLOYERS HOLDINGS INC,Financials,42,,0.00000000,50.320000,50.320000,Aster当日前50,4H EMA 刚转强
2026-07-20,2026-07-29,Aster Call,Aster,PODD,Insulet Corporation,Health Care,43,,0.01941806,167.369995,170.619995,Aster当日前50,4H EMA 多头趋势；4H MACD 多头
2026-07-20,2026-07-29,Aster Call,Aster,PNRG,PRIMEENERGY RESOURCES CORP,Energy,44,,0.00000000,187.240005,187.240005,Aster当日前50,4H EMA 刚转强；4H MACD 多头
2026-07-20,2026-07-29,Aster Call,Aster,SJM,J.M. Smucker Company (The),Consumer Staples,45,,0.00000000,112.519997,112.519997,Aster当日前50,4H EMA 刚转强；4H MACD 多头
2026-07-20,2026-07-29,Aster Call,Aster,AORT,ARTIVION INC,Health Care,46,,0.00000000,25.350000,25.350000,Aster当日前50,4H EMA 多头趋势；4H MACD 多头
2026-07-20,2026-07-29,Aster Call,Aster,PLUS,EPLUS,Information Technology,47,,0.00000000,90.400002,90.400002,Aster当日前50,4H EMA 多头趋势；4H MACD 新金叉
2026-07-20,2026-07-29,Aster Call,Aster,Z,"Zillow Group, Inc. - Class C Capital Stock",,48,38,0.02936727,33.029999,34.000000,Aster当日前50,4H EMA 刚转强；4H MACD 多头
2026-07-20,2026-07-29,Aster Call,Aster,KMI,Kinder Morgan,Energy,49,,0.00000000,32.595001,32.595001,Aster当日前50,4H MACD 新金叉
2026-07-20,2026-07-29,Aster Call,Aster,TXNM,TXNM ENERGY INC,Utilities,50,,0.00000000,57.820000,57.820000,Aster当日前50,4H EMA 刚转强；4H MACD 多头
2026-07-17,2026-07-29,Early,S&P 500,TAP,Molson Coors Beverage Company,Consumer Staples,1,32,0.04471043,40.930000,42.759998,4H当日前50,4H EMA9 已站上 EMA26，等待 26/50 确认；4H MACD 位于 Signal 上方；4H RSI 位于健康强势区间
2026-07-17,2026-07-29,Early,S&P 500,OXY,Occidental Petroleum,Energy,2,119,0.02169154,54.860001,56.049999,4H当日前50,4H EMA9 已站上 EMA26，等待 26/50 确认；4H MACD 位于 Signal 上方；4H RSI 位于健康强势区间
2026-07-17,2026-07-29,Early,S&P 500,COP,ConocoPhillips,Energy,3,114,0.02920407,114.709999,118.059998,4H当日前50,4H EMA9 已站上 EMA26，等待 26/50 确认；4H MACD 位于 Signal 上方；4H MACD 柱体连续扩张；4H RSI 位于健康强势区间
2026-07-17,2026-07-29,Early,S&P 500,VRSN,Verisign,Information Technology,4,238,0.04775628,277.660004,290.920013,4H当日前50,4H EMA9 已站上 EMA26，等待 26/50 确认；4H MACD 位于 Signal 上方；4H RSI 位于健康强势区间
2026-07-17,2026-07-29,Early,S&P 500,FANG,Diamondback Energy,Energy,5,229,0.01835948,195.539993,199.130005,4H当日前50,4H EMA9 已站上 EMA26，等待 26/50 确认；4H MACD 位于 Signal 上方；4H MACD 柱体连续扩张；4H RSI 位于健康强势区间
2026-07-17,2026-07-29,Early,S&P 500,MSFT,Microsoft,Information Technology,6,176,-0.00832867,393.820007,390.540009,4H当日前50,4H EMA9 已站上 EMA26，等待 26/50 确认；4H MACD 位于 Signal 上方；4H RSI 位于健康强势区间
2026-07-17,2026-07-29,Early,S&P 500,XOM,ExxonMobil,Energy,7,289,0.06416260,147.360001,156.815002,4H当日前50,4H EMA9 已站上 EMA26，等待 26/50 确认；4H MACD 位于 Signal 上方；4H RSI 位于健康强势区间
2026-07-17,2026-07-29,Early,S&P 500,ICE,Intercontinental Exchange,Financials,8,293,0.10547806,139.649994,154.380005,4H当日前50,4H EMA9 已站上 EMA26，等待 26/50 确认；4H MACD 位于 Signal 上方；4H RSI 位于健康强势区间
2026-07-17,2026-07-29,Early,S&P 500,CRM,Salesforce,Information Technology,9,161,0.10358964,170.770004,188.460007,4H当日前50,4H EMA9 已站上 EMA26，等待 26/50 确认；4H MACD 位于 Signal 上方；4H RSI 位于健康强势区间
2026-07-17,2026-07-29,Early,S&P 500,MDT,Medtronic,Health Care,10,162,0.05258414,83.199997,87.574997,4H当日前50,4H EMA 多头排列已连续维持；4H MACD 零轴上方刚金叉；4H MACD 柱体连续扩张；4H RSI 位于健康强势区间
2026-07-17,2026-07-29,Early,S&P 500,NKE,"Nike, Inc.",Consumer Discretionary,11,291,-0.01222578,43.759998,43.224998,4H当日前50,4H EMA9 已站上 EMA26，等待 26/50 确认；4H MACD 位于 Signal 上方；4H RSI 位于健康强势区间
2026-07-17,2026-07-29,Early,S&P 500,ADSK,Autodesk,Information Technology,12,215,0.12319667,218.350006,245.250000,4H当日前50,4H EMA9 已站上 EMA26，等待 26/50 确认；4H MACD 位于 Signal 上方；4H MACD 柱体连续扩张；4H RSI 位于健康强势区间
2026-07-17,2026-07-29,Early,S&P 500,MO,Altria,Consumer Staples,13,78,0.00970221,74.209999,74.930000,4H当日前50,4H EMA9/26 最近金叉且价格在 EMA50 上方；4H MACD 零轴上方刚金叉；4H MACD 柱体连续扩张；4H RSI 位于健康强势区间
2026-07-17,2026-07-29,Early,S&P 500,ARES,Ares Management,Financials,14,214,-0.00831475,125.680000,124.635002,4H当日前50,4H EMA9 已站上 EMA26，等待 26/50 确认；4H MACD 位于 Signal 上方；4H RSI 位于健康强势区间
2026-07-17,2026-07-29,Early,S&P 500,KKR,KKR & Co.,Financials,15,306,-0.01664355,100.940002,99.260002,4H当日前50,4H EMA 多头排列已连续维持；4H MACD 位于 Signal 上方；4H RSI 位于健康强势区间
2026-07-17,2026-07-29,Early,S&P 500,DPZ,Domino's,Consumer Discretionary,16,280,0.11738782,322.179993,360.000000,4H当日前50,4H EMA 多头排列已连续维持；4H MACD 位于 Signal 上方；4H RSI 位于健康强势区间
2026-07-17,2026-07-29,Early,S&P 500,GILD,Gilead Sciences,Health Care,17,15,-0.01154307,134.279999,132.729996,4H当日前50,4H EMA 多头排列已连续维持；4H MACD 零轴上方刚金叉；4H RSI 位于健康强势区间
2026-07-17,2026-07-29,Early,S&P 500,BR,Broadridge Financial Solutions,Industrials,18,105,0.06270425,149.910004,159.309998,4H当日前50,4H EMA 多头排列已连续维持；4H MACD 位于 Signal 上方；4H RSI 位于健康强势区间
2026-07-17,2026-07-29,Early,S&P 500,STE,Steris,Health Care,19,268,0.07845206,217.839996,234.929993,4H当日前50,4H EMA 多头排列已连续维持；4H MACD 零轴上方刚金叉；4H RSI 位于健康强势区间
2026-07-17,2026-07-29,Early,S&P 500,WSM,"Williams-Sonoma, Inc.",Consumer Discretionary,20,136,0.02372925,228.410004,233.830002,4H当日前50,4H EMA9/26 最近金叉且价格在 EMA50 上方；4H MACD 位于 Signal 上方；4H MACD 柱体连续扩张；4H RSI 位于健康强势区间
2026-07-17,2026-07-29,Early,S&P 500,TMUS,T-Mobile US,Communication Services,21,372,-0.05669589,192.429993,181.520004,4H当日前50,4H EMA 多头排列已连续维持；4H MACD 位于 Signal 上方；4H RSI 位于健康强势区间
2026-07-17,2026-07-29,Early,S&P 500,TYL,Tyler Technologies,Information Technology,22,59,0.04481856,319.510010,333.829987,4H当日前50,4H EMA 多头排列已连续维持；4H MACD 零轴上方刚金叉；4H MACD 柱体连续扩张；4H RSI 位于健康强势区间
2026-07-17,2026-07-29,Early,S&P 500,NDAQ,"Nasdaq, Inc.",Financials,23,254,0.04266700,91.639999,95.550003,4H当日前50,4H EMA 多头排列已连续维持；4H MACD 位于 Signal 上方；4H RSI 位于健康强势区间
2026-07-17,2026-07-29,Early,S&P 500,MOS,Mosaic Company (The),Materials,24,27,0.02214198,22.129999,22.620001,4H当日前50,4H MACD 位于 Signal 上方；4H RSI 位于健康强势区间
2026-07-17,2026-07-29,Early,S&P 500,EFX,Equifax,Industrials,25,179,0.05664106,177.080002,187.110001,4H当日前50,4H EMA 多头排列已连续维持；4H MACD 位于 Signal 上方；4H RSI 位于健康强势区间
2026-07-17,2026-07-29,Early,S&P 500,OTIS,Otis Worldwide,Industrials,26,17,-0.00122527,73.449997,73.360001,4H当日前50,4H MACD 位于 Signal 上方；4H RSI 位于健康强势区间
2026-07-17,2026-07-29,Early,S&P 500,NEE,NextEra Energy,Utilities,27,231,-0.00337841,88.800003,88.500000,4H当日前50,4H MACD 位于 Signal 上方；4H RSI 位于健康强势区间
2026-07-17,2026-07-29,Early,S&P 500,REGN,Regeneron Pharmaceuticals,Health Care,28,72,0.02767882,676.690002,695.419983,4H当日前50,4H EMA 多头排列已连续维持；4H MACD 零轴上方刚金叉；4H MACD 柱体连续扩张；4H RSI 位于健康强势区间
2026-07-17,2026-07-29,Early,S&P 500,BLK,BlackRock,Financials,29,159,0.00872982,1072.199951,1081.560059,4H当日前50,4H EMA 多头排列已连续维持；4H MACD 位于 Signal 上方；4H RSI 位于健康强势区间
2026-07-17,2026-07-29,Early,S&P 500,IDXX,Idexx Laboratories,Health Care,30,26,0.00410619,567.440002,569.770020,4H当日前50,4H MACD 位于 Signal 上方；4H RSI 位于健康强势区间
2026-07-17,2026-07-29,Early,S&P 500,AMZN,Amazon,Consumer Discretionary,31,457,-0.08324233,247.229996,226.649994,4H当日前50,4H MACD 位于 Signal 上方；4H RSI 位于健康强势区间
2026-07-17,2026-07-29,Early,S&P 500,ALLE,Allegion,Industrials,32,256,0.15461965,137.240005,158.460007,4H当日前50,4H MACD 位于 Signal 上方；4H RSI 位于健康强势区间
2026-07-17,2026-07-29,Early,S&P 500,CLX,Clorox,Consumer Staples,33,11,0.03446843,96.320000,99.639999,4H当日前50,4H MACD 位于 Signal 上方；4H RSI 位于健康强势区间
2026-07-17,2026-07-29,Early,S&P 500,FTV,Fortive,Industrials,34,366,-0.03593393,61.779999,59.560001,4H当日前50,4H EMA9/26 最近金叉且价格在 EMA50 上方；4H MACD 柱体连续扩张；4H RSI 位于健康强势区间
2026-07-17,2026-07-29,Early,S&P 500,PLTR,Palantir Technologies,Information Technology,35,386,-0.07085666,132.380005,123.000000,4H当日前50,4H MACD 位于 Signal 上方；4H RSI 位于健康强势区间
2026-07-17,2026-07-29,Early,S&P 500,PODD,Insulet Corporation,Health Care,36,30,0.03998535,164.059998,170.619995,4H当日前50,4H EMA 多头排列已连续维持；4H MACD 零轴上方刚金叉；4H RSI 位于健康强势区间
2026-07-17,2026-07-29,Early,S&P 500,FRT,Federal Realty Investment Trust,Real Estate,37,185,-0.00119024,126.019997,125.870003,4H当日前50,4H EMA 多头排列已连续维持；4H MACD 位于 Signal 上方；4H MACD 柱体连续扩张；4H RSI 位于健康强势区间
2026-07-17,2026-07-29,Early,S&P 500,EXR,Extra Space Storage,Real Estate,38,102,0.03091253,148.160004,152.740005,4H当日前50,4H EMA 多头排列已连续维持；4H MACD 位于 Signal 上方；4H RSI 位于健康强势区间
2026-07-17,2026-07-29,Early,S&P 500,CBRE,CBRE Group,Real Estate,39,120,0.04909192,140.960007,147.880005,4H当日前50,4H EMA 多头排列已连续维持；4H MACD 零轴上方刚金叉；4H RSI 位于健康强势区间
2026-07-17,2026-07-29,Early,S&P 500,CF,CF Industries,Materials,40,237,0.04850931,121.419998,127.309998,4H当日前50,4H EMA 多头排列已连续维持；4H MACD 零轴上方刚金叉；4H MACD 柱体连续扩张；4H RSI 位于健康强势区间
2026-07-17,2026-07-29,Early,S&P 500,CL,Colgate-Palmolive,Consumer Staples,41,100,0.00537750,92.980003,93.480003,4H当日前50,4H EMA 多头排列已连续维持；4H MACD 零轴上方刚金叉；4H RSI 位于健康强势区间
2026-07-17,2026-07-29,Early,S&P 500,AWK,American Water Works,Utilities,42,97,0.02198210,135.110001,138.080002,4H当日前50,4H EMA 多头排列已连续维持；4H MACD 零轴上方刚金叉；4H MACD 柱体连续扩张；4H RSI 位于健康强势区间
2026-07-17,2026-07-29,Early,S&P 500,FIS,Fidelity National Information Services,Financials,43,204,0.11691723,41.910000,46.810001,4H当日前50,4H EMA 多头排列已连续维持；4H RSI 位于健康强势区间
2026-07-17,2026-07-29,Early,S&P 500,PCAR,Paccar,Industrials,44,224,0.06077653,126.199997,133.869995,4H当日前50,4H EMA 多头排列已连续维持；4H MACD 零轴上方刚金叉；4H MACD 柱体连续扩张；4H RSI 位于健康强势区间
2026-07-17,2026-07-29,Early,S&P 500,SNA,Snap-on,Industrials,45,81,0.00939200,410.989990,414.850006,4H当日前50,4H EMA 多头排列已连续维持；4H MACD 零轴上方刚金叉；4H RSI 位于健康强势区间
2026-07-17,2026-07-29,Early,S&P 500,IVZ,Invesco,Financials,46,394,-0.05231181,29.629999,28.080000,4H当日前50,4H EMA 多头排列已连续维持；4H MACD 位于 Signal 上方；4H RSI 位于健康强势区间
2026-07-17,2026-07-29,Early,S&P 500,HPQ,HP Inc.,Information Technology,47,318,0.14412238,24.840000,28.420000,4H当日前50,4H EMA 多头排列已连续维持；4H MACD 位于 Signal 上方；4H MACD 柱体连续扩张；4H RSI 位于健康强势区间
2026-07-17,2026-07-29,Early,S&P 500,DGX,Quest Diagnostics,Health Care,48,312,0.11610028,210.679993,235.139999,4H当日前50,4H EMA9/26 最近金叉且价格在 EMA50 上方；4H MACD 柱体连续扩张；4H RSI 位于健康强势区间
2026-07-17,2026-07-29,Early,S&P 500,WRB,W. R. Berkley Corporation,Financials,49,140,0.05655639,71.610001,75.660004,4H当日前50,4H EMA9/26 最近金叉且价格在 EMA50 上方；4H MACD 柱体连续扩张；4H RSI 位于健康强势区间
2026-07-17,2026-07-29,Early,S&P 500,CPAY,Corpay,Financials,50,273,0.07397686,365.790009,392.850006,4H当日前50,4H EMA 多头排列已连续维持；4H MACD 位于 Signal 上方；4H RSI 位于健康强势区间
2026-07-17,2026-07-29,Early,Nasdaq 200,VRSN,Verisign,Information Technology,1,81,0.04775628,277.660004,290.920013,4H当日前50,4H EMA9 已站上 EMA26，等待 26/50 确认；4H MACD 位于 Signal 上方；4H RSI 位于健康强势区间
2026-07-17,2026-07-29,Early,Nasdaq 200,MSFT,Microsoft,Information Technology,2,69,-0.00832867,393.820007,390.540009,4H当日前50,4H EMA9 已站上 EMA26，等待 26/50 确认；4H MACD 位于 Signal 上方；4H RSI 位于健康强势区间
2026-07-17,2026-07-29,Early,Nasdaq 200,FANG,Diamondback Energy,Energy,3,80,0.01835948,195.539993,199.130005,4H当日前50,4H EMA9 已站上 EMA26，等待 26/50 确认；4H MACD 位于 Signal 上方；4H MACD 柱体连续扩张；4H RSI 位于健康强势区间
2026-07-17,2026-07-29,Early,Nasdaq 200,ADSK,Autodesk,Information Technology,4,73,0.12319667,218.350006,245.250000,4H当日前50,4H EMA9 已站上 EMA26，等待 26/50 确认；4H MACD 位于 Signal 上方；4H MACD 柱体连续扩张；4H RSI 位于健康强势区间
2026-07-17,2026-07-29,Early,Nasdaq 200,SSNC,"SS&C Technologies Holdings, Inc. - Common Stock",,5,104,0.12579069,69.559998,78.309998,4H当日前50,4H EMA 多头排列已连续维持；4H MACD 位于 Signal 上方；4H RSI 位于健康强势区间
2026-07-17,2026-07-29,Early,Nasdaq 200,SNY,Sanofi - American Depositary Shares,,6,8,0.00425432,44.660000,44.849998,4H当日前50,4H EMA 多头排列已连续维持；4H MACD 位于 Signal 上方；4H RSI 位于健康强势区间
2026-07-17,2026-07-29,Early,Nasdaq 200,GILD,Gilead Sciences,Health Care,7,10,-0.01154307,134.279999,132.729996,4H当日前50,4H EMA 多头排列已连续维持；4H MACD 零轴上方刚金叉；4H RSI 位于健康强势区间
2026-07-17,2026-07-29,Early,Nasdaq 200,DPZ,Domino's,Consumer Discretionary,8,96,0.11738782,322.179993,360.000000,4H当日前50,4H EMA 多头排列已连续维持；4H MACD 位于 Signal 上方；4H RSI 位于健康强势区间
2026-07-17,2026-07-29,Early,Nasdaq 200,IDXX,Idexx Laboratories,Health Care,9,15,0.00410619,567.440002,569.770020,4H当日前50,4H MACD 位于 Signal 上方；4H RSI 位于健康强势区间
2026-07-17,2026-07-29,Early,Nasdaq 200,TMUS,T-Mobile US,Communication Services,10,134,-0.05669589,192.429993,181.520004,4H当日前50,4H EMA 多头排列已连续维持；4H MACD 位于 Signal 上方；4H RSI 位于健康强势区间
2026-07-17,2026-07-29,Early,Nasdaq 200,AMZN,Amazon,Consumer Discretionary,11,170,-0.08324233,247.229996,226.649994,4H当日前50,4H MACD 位于 Signal 上方；4H RSI 位于健康强势区间
2026-07-17,2026-07-29,Early,Nasdaq 200,REGN,Regeneron Pharmaceuticals,Health Care,12,28,0.02767882,676.690002,695.419983,4H当日前50,4H EMA 多头排列已连续维持；4H MACD 零轴上方刚金叉；4H MACD 柱体连续扩张；4H RSI 位于健康强势区间
2026-07-17,2026-07-29,Early,Nasdaq 200,PLTR,Palantir Technologies,Information Technology,13,143,-0.07085666,132.380005,123.000000,4H当日前50,4H MACD 位于 Signal 上方；4H RSI 位于健康强势区间
2026-07-17,2026-07-29,Early,Nasdaq 200,PODD,Insulet Corporation,Health Care,14,17,0.03998535,164.059998,170.619995,4H当日前50,4H EMA 多头排列已连续维持；4H MACD 零轴上方刚金叉；4H RSI 位于健康强势区间
2026-07-17,2026-07-29,Early,Nasdaq 200,ODFL,Old Dominion,Industrials,15,124,-0.04725455,233.839996,222.789993,4H当日前50,4H EMA 多头排列已连续维持；4H MACD 位于 Signal 上方；4H RSI 位于健康强势区间
2026-07-17,2026-07-29,Early,Nasdaq 200,ADBE,Adobe Inc.,Information Technology,16,59,0.11034770,237.250000,263.429993,4H当日前50,4H EMA 多头排列已连续维持；4H MACD 位于 Signal 上方；4H MACD 柱体连续扩张；4H RSI 位于健康强势区间
2026-07-17,2026-07-29,Early,Nasdaq 200,PCAR,Paccar,Industrials,17,78,0.06077653,126.199997,133.869995,4H当日前50,4H EMA 多头排列已连续维持；4H MACD 零轴上方刚金叉；4H MACD 柱体连续扩张；4H RSI 位于健康强势区间
2026-07-17,2026-07-29,Early,Nasdaq 200,RPRX,Royalty Pharma plc - Class A Ordinary Shares,,18,38,0.01718804,58.180000,59.180000,4H当日前50,4H EMA 多头排列已连续维持；4H MACD 零轴上方刚金叉；4H MACD 柱体连续扩张；4H RSI 位于健康强势区间
2026-07-17,2026-07-29,Early,Nasdaq 200,TEAM,Atlassian Corporation  - Class A Common Stock,,19,84,0.11780467,93.290001,104.279999,4H当日前50,4H EMA 多头排列已连续维持；4H MACD 位于 Signal 上方；4H RSI 位于健康强势区间
2026-07-17,2026-07-29,Early,Nasdaq 200,CASY,Casey's,Consumer Staples,20,77,0.00935839,859.119995,867.159973,4H当日前50,4H MACD 零轴上方刚金叉；4H MACD 柱体连续扩张；4H RSI 位于健康强势区间
2026-07-17,2026-07-29,Early,Nasdaq 200,PDD,PDD Holdings Inc. - American Depositary Shares,,21,18,0.04967912,84.139999,88.320000,4H当日前50,4H RSI 位于健康强势区间
2026-07-17,2026-07-29,Early,Nasdaq 200,CHKP,Check Point Software Technologies Ltd. - Ordinary Shares,,22,40,0.01874538,137.100006,139.669998,4H当日前50,4H EMA 多头排列已连续维持；4H MACD 柱体连续扩张；4H RSI 位于健康强势区间
2026-07-17,2026-07-29,Early,Nasdaq 200,JD,"JD.com, Inc. - American Depositary Shares",,23,112,0.08710331,29.620001,32.200001,4H当日前50,4H EMA 多头排列已连续维持；4H MACD 位于 Signal 上方
2026-07-17,2026-07-29,Early,Nasdaq 200,AMGN,Amgen,Health Care,24,76,0.05828716,366.290009,387.640015,4H当日前50,4H EMA 多头排列已连续维持；4H MACD 零轴上方刚金叉；4H RSI 位于健康强势区间
2026-07-17,2026-07-29,Early,Nasdaq 200,DXCM,Dexcom,Health Care,25,36,-0.01969997,76.650002,75.139999,4H当日前50,4H EMA 多头排列已连续维持；4H MACD 位于 Signal 上方；4H RSI 位于健康强势区间
2026-07-17,2026-07-29,Early,Nasdaq 200,COO,Cooper Companies (The),Health Care,26,23,0.01882581,71.709999,73.059998,4H当日前50,4H EMA 多头排列已连续维持；4H MACD 零轴上方刚金叉；4H RSI 位于健康强势区间
2026-07-17,2026-07-29,Early,Nasdaq 200,BKNG,Booking Holdings,Consumer Discretionary,27,92,0.10799213,181.679993,201.300003,4H当日前50,4H EMA 多头排列已连续维持；4H MACD 位于 Signal 上方；4H RSI 位于健康强势区间
2026-07-17,2026-07-29,Early,Nasdaq 200,MDLZ,Mondelez International,Consumer Staples,28,86,0.06540980,61.000000,64.989998,4H当日前50,4H EMA9/26 最近金叉且价格在 EMA50 上方；4H MACD 位于 Signal 上方；4H MACD 柱体连续扩张；4H RSI 位于健康强势区间
2026-07-17,2026-07-29,Early,Nasdaq 200,GEN,Gen Digital,Information Technology,29,34,0.03328343,26.740000,27.629999,4H当日前50,4H EMA 多头排列已连续维持；4H MACD 位于 Signal 上方；4H RSI 位于健康强势区间
2026-07-17,2026-07-29,Early,Nasdaq 200,JBHT,J.B. Hunt,Industrials,30,128,-0.05240036,291.410004,276.140015,4H当日前50,4H EMA 多头排列已连续维持；4H MACD 位于 Signal 上方；4H RSI 位于健康强势区间
2026-07-17,2026-07-29,Early,Nasdaq 200,KHC,Kraft Heinz,Consumer Staples,31,94,0.06723346,25.879999,27.620001,4H当日前50,4H EMA 多头排列已连续维持；4H MACD 位于 Signal 上方；4H RSI 位于健康强势区间
2026-07-17,2026-07-29,Early,Nasdaq 200,ROST,Ross Stores,Consumer Discretionary,32,109,0.07924269,233.460007,251.960007,4H当日前50,4H MACD 位于 Signal 上方
2026-07-17,2026-07-29,Early,Nasdaq 200,ROP,Roper Technologies,Information Technology,33,99,0.12372636,363.140015,408.070007,4H当日前50,4H EMA 多头排列已连续维持；4H MACD 柱体连续扩张；4H RSI 位于健康强势区间
2026-07-17,2026-07-29,Early,Nasdaq 200,CMCSA,Comcast,Communication Services,34,49,0.03446826,23.790001,24.610001,4H当日前50,4H EMA9 已站上 EMA26，等待 26/50 确认；4H MACD 位于 Signal 上方；4H RSI 位于健康强势区间
2026-07-17,2026-07-29,Early,Nasdaq 200,ZG,"Zillow Group, Inc. - Class A Common Stock",,35,87,0.01809555,33.709999,34.320000,4H当日前50,4H EMA9 已站上 EMA26，等待 26/50 确认；4H MACD 位于 Signal 上方；4H RSI 位于健康强势区间
2026-07-17,2026-07-29,Early,Nasdaq 200,TRMB,Trimble Inc.,Information Technology,36,51,0.10470411,52.720001,58.240002,4H当日前50,4H EMA9 已站上 EMA26，等待 26/50 确认；4H MACD 零轴上方刚金叉；4H RSI 位于健康强势区间
2026-07-17,2026-07-29,Early,Nasdaq 200,Z,"Zillow Group, Inc. - Class C Capital Stock",,37,79,0.00280198,33.904999,34.000000,4H当日前50,4H EMA9 已站上 EMA26，等待 26/50 确认；4H MACD 位于 Signal 上方；4H RSI 位于健康强势区间
2026-07-17,2026-07-29,Early,Nasdaq 200,TRI,Thomson Reuters Corp - Common Shares,,38,102,0.10540540,96.199997,106.339996,4H当日前50,4H EMA 多头排列已连续维持；4H MACD 位于 Signal 上方；4H RSI 位于健康强势区间
2026-07-17,2026-07-29,Early,Nasdaq 200,MDGL,"Madrigal Pharmaceuticals, Inc. - Common Stock",,39,63,-0.01192451,553.479980,546.880005,4H当日前50,4H EMA 多头排列已连续维持；4H MACD 柱体连续扩张；4H RSI 位于健康强势区间
2026-07-17,2026-07-29,Early,Nasdaq 200,ULTA,Ulta Beauty,Consumer Discretionary,40,22,0.05946992,479.570007,508.089996,4H当日前50,4H EMA9 已站上 EMA26，等待 26/50 确认；4H MACD 位于 Signal 上方；4H RSI 位于健康强势区间
2026-07-17,2026-07-29,Early,Nasdaq 200,ZM,"Zoom Communications, Inc. - Class A Common Stock",,41,65,0.01404595,91.129997,92.410004,4H当日前50,4H EMA9 已站上 EMA26，等待 26/50 确认；4H MACD 位于 Signal 上方；4H RSI 位于健康强势区间
2026-07-17,2026-07-29,Early,Nasdaq 200,RIVN,"Rivian Automotive, Inc. - Class A Common Stock",,42,140,-0.06445145,17.455000,16.330000,4H当日前50,4H MACD 柱体连续扩张；4H RSI 位于健康强势区间
2026-07-17,2026-07-29,Early,Nasdaq 200,WBD,Warner Bros. Discovery,Communication Services,43,142,-0.04577603,26.870001,25.639999,4H当日前50,4H MACD 位于 Signal 上方；4H RSI 位于健康强势区间
2026-07-17,2026-07-29,Early,Nasdaq 200,LOGI,Logitech International S.A. - Registered Shares,,44,127,0.00155593,102.830002,102.989998,4H当日前50,4H EMA9/26 最近金叉且价格在 EMA50 上方；4H MACD 位于 Signal 上方；4H RSI 位于健康强势区间
2026-07-17,2026-07-29,Early,Nasdaq 200,CSX,CSX Corporation,Industrials,45,111,-0.00019700,50.750000,50.740002,4H当日前50,4H EMA 多头排列已连续维持；4H MACD 位于 Signal 上方；4H RSI 位于健康强势区间
2026-07-17,2026-07-29,Early,Nasdaq 200,FWONA,Liberty Media Corporation - Series A Liberty Formula One Common Stock,,46,39,-0.00404769,93.879997,93.500000,4H当日前50,4H EMA 多头排列已连续维持；4H MACD 零轴上方刚金叉；4H MACD 柱体连续扩张；4H RSI 位于健康强势区间
2026-07-17,2026-07-29,Early,Nasdaq 200,FWONK,Liberty Media Corporation - Series C Liberty Formula One Common Stock,,47,42,-0.00303325,102.199997,101.889999,4H当日前50,4H EMA 多头排列已连续维持；4H MACD 零轴上方刚金叉；4H MACD 柱体连续扩张；4H RSI 位于健康强势区间
2026-07-17,2026-07-29,Early,Nasdaq 200,BIIB,Biogen,Health Care,48,4,0.01572887,205.990005,209.229996,4H当日前50,4H MACD 刚金叉但仍需零轴确认；4H MACD 柱体连续扩张；4H RSI 位于健康强势区间
2026-07-17,2026-07-29,Early,Nasdaq 200,NVDA,Nvidia,Information Technology,49,159,-0.06311327,202.809998,190.009995,4H当日前50,4H EMA9 已站上 EMA26，等待 26/50 确认
2026-07-17,2026-07-29,Early,Nasdaq 200,WMT,Walmart,Consumer Staples,50,56,-0.00017504,114.239998,114.220001,4H当日前50,4H EMA9 已站上 EMA26，等待 26/50 确认；4H MACD 位于 Signal 上方；4H RSI 位于健康强势区间
2026-07-17,2026-07-29,Early,Nasdaq Liquid 500,VRSN,Verisign,Information Technology,1,156,0.04775628,277.660004,290.920013,4H当日前50,4H EMA9 已站上 EMA26，等待 26/50 确认；4H MACD 位于 Signal 上方；4H RSI 位于健康强势区间
2026-07-17,2026-07-29,Early,Nasdaq Liquid 500,MSFT,Microsoft,Information Technology,2,136,-0.00832867,393.820007,390.540009,4H当日前50,4H EMA9 已站上 EMA26，等待 26/50 确认；4H MACD 位于 Signal 上方；4H RSI 位于健康强势区间
2026-07-17,2026-07-29,Early,Nasdaq Liquid 500,EXLS,"ExlService Holdings, Inc. - Common Stock",,3,219,0.27805405,28.160000,35.990002,4H当日前50,4H EMA9 已站上 EMA26，等待 26/50 确认；4H MACD 位于 Signal 上方；4H RSI 位于健康强势区间
2026-07-17,2026-07-29,Early,Nasdaq Liquid 500,FANG,Diamondback Energy,Energy,4,164,0.01835948,195.539993,199.130005,4H当日前50,4H EMA9 已站上 EMA26，等待 26/50 确认；4H MACD 位于 Signal 上方；4H MACD 柱体连续扩张；4H RSI 位于健康强势区间
2026-07-17,2026-07-29,Early,Nasdaq Liquid 500,LASR,NLIGHT INC,Information Technology,5,,-0.14700361,69.250000,59.070000,4H当日前50,4H EMA9 已站上 EMA26，等待 26/50 确认；4H MACD 零轴上方刚金叉；4H MACD 柱体连续扩张；4H RSI 位于健康强势区间
2026-07-17,2026-07-29,Early,Nasdaq Liquid 500,URBN,URBAN OUTFITTERS INC,Consumer Discretionary,6,63,0.03315975,72.980003,75.400002,4H当日前50,4H EMA9 已站上 EMA26，等待 26/50 确认；4H MACD 位于 Signal 上方；4H RSI 位于健康强势区间
2026-07-17,2026-07-29,Early,Nasdaq Liquid 500,ADSK,Autodesk,Information Technology,7,142,0.12319667,218.350006,245.250000,4H当日前50,4H EMA9 已站上 EMA26，等待 26/50 确认；4H MACD 位于 Signal 上方；4H MACD 柱体连续扩张；4H RSI 位于健康强势区间
2026-07-17,2026-07-29,Early,Nasdaq Liquid 500,LCID,LUCID GROUP INC,Consumer Discretionary,8,59,0.08152174,7.360000,7.960000,4H当日前50,4H EMA9/26 最近金叉且价格在 EMA50 上方；4H MACD 位于 Signal 上方；4H MACD 柱体连续扩张；4H RSI 位于健康强势区间
2026-07-17,2026-07-29,Early,Nasdaq Liquid 500,GILD,Gilead Sciences,Health Care,9,18,-0.01154307,134.279999,132.729996,4H当日前50,4H EMA 多头排列已连续维持；4H MACD 零轴上方刚金叉；4H RSI 位于健康强势区间
2026-07-17,2026-07-29,Early,Nasdaq Liquid 500,SSNC,"SS&C Technologies Holdings, Inc. - Common Stock",,10,203,0.12579069,69.559998,78.309998,4H当日前50,4H EMA 多头排列已连续维持；4H MACD 位于 Signal 上方；4H RSI 位于健康强势区间
2026-07-17,2026-07-29,Early,Nasdaq Liquid 500,SNY,Sanofi - American Depositary Shares,,11,16,0.00425432,44.660000,44.849998,4H当日前50,4H EMA 多头排列已连续维持；4H MACD 位于 Signal 上方；4H RSI 位于健康强势区间
2026-07-17,2026-07-29,Early,Nasdaq Liquid 500,DPZ,Domino's,Consumer Discretionary,12,193,0.11738782,322.179993,360.000000,4H当日前50,4H EMA 多头排列已连续维持；4H MACD 位于 Signal 上方；4H RSI 位于健康强势区间
2026-07-17,2026-07-29,Early,Nasdaq Liquid 500,MORN,"Morningstar, Inc. - Common Stock",,13,240,0.15178576,172.479996,198.660004,4H当日前50,4H EMA 多头排列已连续维持；4H MACD 位于 Signal 上方；4H RSI 位于健康强势区间
2026-07-17,2026-07-29,Early,Nasdaq Liquid 500,WEN,WENDYS,Consumer Discretionary,14,,-0.01417526,7.760000,7.650000,4H当日前50,4H EMA9/26 最近金叉且价格在 EMA50 上方；4H MACD 零轴上方刚金叉；4H MACD 柱体连续扩张；4H RSI 位于健康强势区间
2026-07-17,2026-07-29,Early,Nasdaq Liquid 500,CG,The Carlyle Group Inc. - Common Stock,,15,205,-0.02973733,46.070000,44.700001,4H当日前50,4H EMA 多头排列已连续维持；4H MACD 位于 Signal 上方；4H RSI 位于健康强势区间
2026-07-17,2026-07-29,Early,Nasdaq Liquid 500,TMUS,T-Mobile US,Communication Services,16,314,-0.05669589,192.429993,181.520004,4H当日前50,4H EMA 多头排列已连续维持；4H MACD 位于 Signal 上方；4H RSI 位于健康强势区间
2026-07-17,2026-07-29,Early,Nasdaq Liquid 500,TPG,TPG Inc. - Class A Common Stock,,17,152,-0.03612259,43.740002,42.160000,4H当日前50,4H EMA 多头排列已连续维持；4H MACD 位于 Signal 上方；4H RSI 位于健康强势区间
2026-07-17,2026-07-29,Early,Nasdaq Liquid 500,REGN,Regeneron Pharmaceuticals,Health Care,18,49,0.02767882,676.690002,695.419983,4H当日前50,4H EMA 多头排列已连续维持；4H MACD 零轴上方刚金叉；4H MACD 柱体连续扩张；4H RSI 位于健康强势区间
2026-07-17,2026-07-29,Early,Nasdaq Liquid 500,NDAQ,"Nasdaq, Inc.",Financials,19,173,0.04266700,91.639999,95.550003,4H当日前50,4H EMA 多头排列已连续维持；4H MACD 位于 Signal 上方；4H RSI 位于健康强势区间
2026-07-17,2026-07-29,Early,Nasdaq Liquid 500,IDXX,Idexx Laboratories,Health Care,20,21,0.00410619,567.440002,569.770020,4H当日前50,4H MACD 位于 Signal 上方；4H RSI 位于健康强势区间
2026-07-17,2026-07-29,Early,Nasdaq Liquid 500,AMZN,Amazon,Consumer Discretionary,21,378,-0.08324233,247.229996,226.649994,4H当日前50,4H MACD 位于 Signal 上方；4H RSI 位于健康强势区间
2026-07-17,2026-07-29,Early,Nasdaq Liquid 500,PODD,Insulet Corporation,Health Care,22,23,0.03998535,164.059998,170.619995,4H当日前50,4H EMA 多头排列已连续维持；4H MACD 零轴上方刚金叉；4H RSI 位于健康强势区间
2026-07-17,2026-07-29,Early,Nasdaq Liquid 500,PLTR,Palantir Technologies,Information Technology,23,331,-0.07085666,132.380005,123.000000,4H当日前50,4H MACD 位于 Signal 上方；4H RSI 位于健康强势区间
2026-07-17,2026-07-29,Early,Nasdaq Liquid 500,FRPT,"Freshpet, Inc. - Common Stock",,24,,0.09498590,56.639999,62.020000,4H当日前50,4H MACD 位于 Signal 上方；4H RSI 位于健康强势区间
2026-07-17,2026-07-29,Early,Nasdaq Liquid 500,ENSG,"The Ensign Group, Inc. - Common Stock",,25,56,0.06194535,171.279999,181.889999,4H当日前50,4H EMA 多头排列已连续维持；4H MACD 位于 Signal 上方；4H RSI 位于健康强势区间
2026-07-17,2026-07-29,Early,Nasdaq Liquid 500,FSLY,FASTLY INC CLASS A,Information Technology,26,35,-0.00144778,20.719999,20.690001,4H当日前50,4H EMA 多头排列已连续维持；4H MACD 零轴上方刚金叉；4H RSI 位于健康强势区间
2026-07-17,2026-07-29,Early,Nasdaq Liquid 500,BSY,"Bentley Systems, Incorporated - Class B Common Stock",,27,196,0.14285711,32.340000,36.959999,4H当日前50,4H EMA 多头排列已连续维持；4H MACD 位于 Signal 上方；4H RSI 位于健康强势区间
2026-07-17,2026-07-29,Early,Nasdaq Liquid 500,TWST,TWIST BIOSCIENCE CORP,Health Care,28,330,-0.08929139,93.849998,85.470001,4H当日前50,4H EMA9/26 最近金叉且价格在 EMA50 上方；4H MACD 柱体连续扩张；4H RSI 位于健康强势区间
2026-07-17,2026-07-29,Early,Nasdaq Liquid 500,TVTX,TRAVERE THERAPEUTICS INC,Health Care,29,271,-0.02027858,56.709999,55.560001,4H当日前50,4H EMA9/26 最近金叉且价格在 EMA50 上方；4H MACD 柱体连续扩张；4H RSI 位于健康强势区间
2026-07-17,2026-07-29,Early,Nasdaq Liquid 500,ADBE,Adobe Inc.,Information Technology,31,106,0.11034770,237.250000,263.429993,4H当日前50,4H EMA 多头排列已连续维持；4H MACD 位于 Signal 上方；4H MACD 柱体连续扩张；4H RSI 位于健康强势区间
2026-07-17,2026-07-29,Early,Nasdaq Liquid 500,PCAR,Paccar,Industrials,32,150,0.06077653,126.199997,133.869995,4H当日前50,4H EMA 多头排列已连续维持；4H MACD 零轴上方刚金叉；4H MACD 柱体连续扩张；4H RSI 位于健康强势区间
2026-07-17,2026-07-29,Early,Nasdaq Liquid 500,RPRX,Royalty Pharma plc - Class A Ordinary Shares,,33,77,0.01718804,58.180000,59.180000,4H当日前50,4H EMA 多头排列已连续维持；4H MACD 零轴上方刚金叉；4H MACD 柱体连续扩张；4H RSI 位于健康强势区间
2026-07-17,2026-07-29,Early,Nasdaq Liquid 500,ODFL,Old Dominion,Industrials,34,280,-0.04725455,233.839996,222.789993,4H当日前50,4H EMA 多头排列已连续维持；4H MACD 位于 Signal 上方；4H RSI 位于健康强势区间
2026-07-17,2026-07-29,Early,Nasdaq Liquid 500,DUOL,"Duolingo, Inc. - Class A Common Stock",,35,108,0.04721697,133.850006,140.169998,4H当日前50,4H MACD 零轴上方刚金叉；4H MACD 柱体连续扩张；4H RSI 位于健康强势区间
2026-07-17,2026-07-29,Early,Nasdaq Liquid 500,FCNCA,"First Citizens BancShares, Inc. - Class A Common Stock",,36,74,0.02344815,2122.129883,2171.889893,4H当日前50,4H EMA 多头排列已连续维持；4H MACD 位于 Signal 上方；4H RSI 位于健康强势区间
2026-07-17,2026-07-29,Early,Nasdaq Liquid 500,EWBC,"East West Bancorp, Inc. - Common Stock",,37,258,-0.03151951,134.520004,130.279999,4H当日前50,4H EMA 多头排列已连续维持；4H MACD 位于 Signal 上方；4H RSI 位于健康强势区间
2026-07-17,2026-07-29,Early,Nasdaq Liquid 500,TEAM,Atlassian Corporation  - Class A Common Stock,,38,172,0.11780467,93.290001,104.279999,4H当日前50,4H EMA 多头排列已连续维持；4H MACD 位于 Signal 上方；4H RSI 位于健康强势区间
2026-07-17,2026-07-29,Early,Nasdaq Liquid 500,LQDA,LIQUIDIA CORP,Health Care,39,78,0.08606452,79.940002,86.820000,4H当日前50,4H EMA9/26 最近金叉且价格在 EMA50 上方；4H MACD 柱体连续扩张；4H RSI 位于健康强势区间
2026-07-17,2026-07-29,Early,Nasdaq Liquid 500,PDD,PDD Holdings Inc. - American Depositary Shares,,40,24,0.04967912,84.139999,88.320000,4H当日前50,4H RSI 位于健康强势区间
2026-07-17,2026-07-29,Early,Nasdaq Liquid 500,CHKP,Check Point Software Technologies Ltd. - Ordinary Shares,,41,71,0.01874538,137.100006,139.669998,4H当日前50,4H EMA 多头排列已连续维持；4H MACD 柱体连续扩张；4H RSI 位于健康强势区间
2026-07-17,2026-07-29,Early,Nasdaq Liquid 500,JD,"JD.com, Inc. - American Depositary Shares",,42,241,0.08710331,29.620001,32.200001,4H当日前50,4H EMA 多头排列已连续维持；4H MACD 位于 Signal 上方
2026-07-17,2026-07-29,Early,Nasdaq Liquid 500,CASY,Casey's,Consumer Staples,43,160,0.00935839,859.119995,867.159973,4H当日前50,4H MACD 零轴上方刚金叉；4H MACD 柱体连续扩张；4H RSI 位于健康强势区间
2026-07-17,2026-07-29,Early,Nasdaq Liquid 500,LAMR,Lamar Advertising Company - Class A Common Stock,,44,57,0.01238292,162.320007,164.330002,4H当日前50,4H EMA 多头排列已连续维持；4H MACD 零轴上方刚金叉；4H MACD 柱体连续扩张；4H RSI 位于健康强势区间
2026-07-17,2026-07-29,Early,Nasdaq Liquid 500,AMGN,Amgen,Health Care,45,158,0.05828716,366.290009,387.640015,4H当日前50,4H EMA 多头排列已连续维持；4H MACD 零轴上方刚金叉；4H RSI 位于健康强势区间
2026-07-17,2026-07-29,Early,Nasdaq Liquid 500,DXCM,Dexcom,Health Care,46,64,-0.01969997,76.650002,75.139999,4H当日前50,4H EMA 多头排列已连续维持；4H MACD 位于 Signal 上方；4H RSI 位于健康强势区间
2026-07-17,2026-07-29,Early,Nasdaq Liquid 500,REG,Regency Centers,Real Estate,47,259,-0.01898886,82.680000,81.110001,4H当日前50,4H EMA 多头排列已连续维持；4H MACD 位于 Signal 上方；4H MACD 柱体连续扩张；4H RSI 位于健康强势区间
2026-07-17,2026-07-29,Early,Nasdaq Liquid 500,COO,Cooper Companies (The),Health Care,48,45,0.01882581,71.709999,73.059998,4H当日前50,4H EMA 多头排列已连续维持；4H MACD 零轴上方刚金叉；4H RSI 位于健康强势区间
2026-07-17,2026-07-29,Early,Nasdaq Liquid 500,TRVI,TREVI THERAPEUTICS INC,Health Care,49,,-0.05138962,19.070000,18.090000,4H当日前50,4H EMA9/26 最近金叉且价格在 EMA50 上方；4H MACD 零轴上方刚金叉；4H MACD 柱体连续扩张；4H RSI 位于健康强势区间
2026-07-17,2026-07-29,Early,Nasdaq Liquid 500,LSTR,"Landstar System, Inc. - Common Stock",,50,394,-0.15943466,211.559998,177.830002,4H当日前50,4H EMA 多头排列已连续维持；4H MACD 位于 Signal 上方；4H RSI 位于健康强势区间
2026-07-17,2026-07-29,Early,Russell,YOU,CLEAR SECURE INC CLASS A,Information Technology,1,7,0.04238801,56.029999,58.404999,4H当日前50,4H EMA9/26 最近金叉且价格在 EMA50 上方；4H MACD 零轴上方刚金叉；4H MACD 柱体连续扩张；4H RSI 位于健康强势区间
2026-07-17,2026-07-29,Early,Russell,TPC,TUTOR PERINI CORP,Industrials,2,1400,-0.02505725,78.620003,76.650002,4H当日前50,4H EMA9 已站上 EMA26，等待 26/50 确认；4H MACD 位于 Signal 上方；4H RSI 位于健康强势区间
2026-07-17,2026-07-29,Early,Russell,ARLO,ARLO TECHNOLOGIES INC,Information Technology,3,485,0.09090909,13.310000,14.520000,4H当日前50,4H EMA9/26 最近金叉且价格在 EMA50 上方；4H MACD 零轴上方刚金叉；4H MACD 柱体连续扩张；4H RSI 位于健康强势区间
2026-07-17,2026-07-29,Early,Russell,SONO,SONOS INC,Consumer Discretionary,4,911,0.15949702,15.110000,17.520000,4H当日前50,4H EMA9 已站上 EMA26，等待 26/50 确认；4H MACD 零轴上方刚金叉；4H MACD 柱体连续扩张；4H RSI 位于健康强势区间
2026-07-17,2026-07-29,Early,Russell,REPX,RILEY EXPLORATION PERMIAN INC,Energy,5,699,-0.04285714,35.000000,33.500000,4H当日前50,4H EMA9 已站上 EMA26，等待 26/50 确认；4H MACD 位于 Signal 上方；4H RSI 位于健康强势区间
2026-07-17,2026-07-29,Early,Russell,FET,FORUM ENERGY TECHNOLOGIES INC,Energy,6,671,-0.02650648,52.439999,51.049999,4H当日前50,4H EMA9 已站上 EMA26，等待 26/50 确认；4H MACD 位于 Signal 上方；4H RSI 位于健康强势区间
2026-07-17,2026-07-29,Early,Russell,KAI,KADANT INC,Industrials,7,584,-0.02585129,311.010010,302.970001,4H当日前50,4H EMA9/26 最近金叉且价格在 EMA50 上方；4H MACD 位于 Signal 上方；4H RSI 位于健康强势区间
2026-07-17,2026-07-29,Early,Russell,OIS,OIL STATES INTERNATIONAL INC,Energy,8,1488,-0.07888493,8.430000,7.765000,4H当日前50,4H EMA9 已站上 EMA26，等待 26/50 确认；4H MACD 位于 Signal 上方；4H RSI 位于健康强势区间
2026-07-17,2026-07-29,Early,Russell,GCO,GENESCO INC,Consumer Discretionary,9,403,0.05572080,36.970001,39.029999,4H当日前50,4H EMA9 已站上 EMA26，等待 26/50 确认；4H MACD 位于 Signal 上方；4H RSI 位于健康强势区间
2026-07-17,2026-07-29,Early,Russell,KGEI,KOLIBRI GLOBAL ENERGY INC,Energy,10,680,-0.01529637,5.230000,5.150000,4H当日前50,4H EMA9 已站上 EMA26，等待 26/50 确认；4H MACD 位于 Signal 上方；4H RSI 位于健康强势区间
2026-07-17,2026-07-29,Early,Russell,PAHC,PHIBRO ANIMAL HEALTH CORP CLASS A,Health Care,11,679,0.10927649,33.310001,36.950001,4H当日前50,4H EMA9 已站上 EMA26，等待 26/50 确认；4H MACD 位于 Signal 上方；4H RSI 位于健康强势区间
2026-07-17,2026-07-29,Early,Russell,TNDM,TANDEM DIABETES CARE INC,Health Care,12,110,0.08840749,17.080000,18.590000,4H当日前50,4H EMA9 已站上 EMA26，等待 26/50 确认；4H MACD 位于 Signal 上方；4H MACD 柱体连续扩张；4H RSI 位于健康强势区间
2026-07-17,2026-07-29,Early,Russell,GPI,GROUP AUTOMOTIVE INC,Consumer Discretionary,13,637,0.09501322,326.059998,357.040009,4H当日前50,4H EMA9 已站上 EMA26，等待 26/50 确认；4H MACD 位于 Signal 上方；4H RSI 位于健康强势区间
2026-07-17,2026-07-29,Early,Russell,EVI,EVI INDUSTRIES INC,Industrials,14,1021,-0.09927361,16.520000,14.880000,4H当日前50,4H EMA9 已站上 EMA26，等待 26/50 确认；4H MACD 位于 Signal 上方；4H RSI 位于健康强势区间
2026-07-17,2026-07-29,Early,Russell,JOUT,JOHNSON OUTDOORS INC CLASS A,Consumer Discretionary,15,39,0.02378374,46.250000,47.349998,4H当日前50,4H EMA9 已站上 EMA26，等待 26/50 确认；4H MACD 位于 Signal 上方；4H RSI 位于健康强势区间
2026-07-17,2026-07-29,Early,Russell,SFL,SFL LTD,Energy,16,719,0.09180918,11.110000,12.130000,4H当日前50,4H EMA9 已站上 EMA26，等待 26/50 确认；4H MACD 位于 Signal 上方；4H RSI 位于健康强势区间
2026-07-17,2026-07-29,Early,Russell,PRLB,PROTO LABS INC,Industrials,17,1603,-0.08116468,77.620003,71.320000,4H当日前50,4H EMA9/26 最近金叉且价格在 EMA50 上方；4H MACD 位于 Signal 上方；4H RSI 位于健康强势区间
2026-07-17,2026-07-29,Early,Russell,RWT,REDWOOD TRUST REIT INC,Financials,18,1602,-0.08886719,5.120000,4.665000,4H当日前50,4H EMA9 已站上 EMA26，等待 26/50 确认；4H MACD 位于 Signal 上方；4H RSI 位于健康强势区间
2026-07-17,2026-07-29,Early,Russell,LASR,NLIGHT INC,Information Technology,19,1500,-0.14700361,69.250000,59.070000,4H当日前50,4H EMA9 已站上 EMA26，等待 26/50 确认；4H MACD 零轴上方刚金叉；4H MACD 柱体连续扩张；4H RSI 位于健康强势区间
2026-07-17,2026-07-29,Early,Russell,URBN,URBAN OUTFITTERS INC,Consumer Discretionary,20,254,0.03315975,72.980003,75.400002,4H当日前50,4H EMA9 已站上 EMA26，等待 26/50 确认；4H MACD 位于 Signal 上方；4H RSI 位于健康强势区间
2026-07-17,2026-07-29,Early,Russell,TALO,TALOS ENERGY INC,Energy,21,690,-0.04490617,14.920000,14.250000,4H当日前50,4H EMA9 已站上 EMA26，等待 26/50 确认；4H MACD 位于 Signal 上方；4H MACD 柱体连续扩张；4H RSI 位于健康强势区间
2026-07-17,2026-07-29,Early,Russell,PBH,PRESTIGE CONSUMER HEALTHCARE INC,Health Care,22,70,0.04527248,49.919998,52.180000,4H当日前50,4H EMA 多头排列已连续维持；4H MACD 零轴上方刚金叉；4H MACD 柱体连续扩张；4H RSI 位于健康强势区间
2026-07-17,2026-07-29,Early,Russell,ITRI,ITRON INC,Information Technology,23,757,0.19002215,85.989998,102.330002,4H当日前50,4H EMA 多头排列已连续维持；4H MACD 零轴上方刚金叉；4H MACD 柱体连续扩张；4H RSI 位于健康强势区间
2026-07-17,2026-07-29,Early,Russell,GLRE,GREENLIGHT CAPITAL LTD CLASS A,Financials,24,259,0.02226134,17.070000,17.450001,4H当日前50,4H EMA 多头排列已连续维持；4H MACD 零轴上方刚金叉；4H MACD 柱体连续扩张；4H RSI 位于健康强势区间
2026-07-17,2026-07-29,Early,Russell,OXM,OXFORD INDUSTRIES INC,Consumer Discretionary,25,784,-0.03734855,40.430000,38.919998,4H当日前50,4H EMA9 已站上 EMA26，等待 26/50 确认；4H MACD 位于 Signal 上方；4H RSI 位于健康强势区间
2026-07-17,2026-07-29,Early,Russell,CXDO,CREXENDO INC,Information Technology,26,1461,-0.12793734,7.660000,6.680000,4H当日前50,4H EMA9 已站上 EMA26，等待 26/50 确认
2026-07-17,2026-07-29,Early,Russell,NWN,NORTHWEST NATURAL HOLDING COMPANY,Utilities,27,847,0.00058592,51.200001,51.230000,4H当日前50,4H EMA 多头排列已连续维持；4H MACD 位于 Signal 上方；4H RSI 位于健康强势区间
2026-07-17,2026-07-29,Early,Russell,NAVI,NAVIENT CORP,Financials,28,160,0.00693642,8.650000,8.710000,4H当日前50,4H EMA 多头排列已连续维持；4H MACD 位于 Signal 上方；4H RSI 位于健康强势区间
2026-07-17,2026-07-29,Early,Russell,MBI,MBIA INC,Financials,29,1702,-0.17737003,6.540000,5.380000,4H当日前50,4H EMA9/26 最近金叉且价格在 EMA50 上方；4H MACD 刚金叉但仍需零轴确认；4H MACD 柱体连续扩张；4H RSI 位于健康强势区间
2026-07-17,2026-07-29,Early,Russell,LCID,LUCID GROUP INC,Consumer Discretionary,30,247,0.08152174,7.360000,7.960000,4H当日前50,4H EMA9/26 最近金叉且价格在 EMA50 上方；4H MACD 位于 Signal 上方；4H MACD 柱体连续扩张；4H RSI 位于健康强势区间
2026-07-17,2026-07-29,Early,Russell,HLX,HELIX ENERGY SOLUTIONS GROUP INC,Energy,31,789,-0.05271399,9.580000,9.075000,4H当日前50,4H EMA 多头排列已连续维持；4H MACD 位于 Signal 上方；4H RSI 位于健康强势区间
2026-07-17,2026-07-29,Early,Russell,WEN,WENDYS,Consumer Discretionary,32,836,-0.01417526,7.760000,7.650000,4H当日前50,4H EMA9/26 最近金叉且价格在 EMA50 上方；4H MACD 零轴上方刚金叉；4H MACD 柱体连续扩张；4H RSI 位于健康强势区间
2026-07-17,2026-07-29,Early,Russell,DHC,DIVERSIFIED HEALTHCARE TRUST,Real Estate,33,1275,-0.02947598,9.160000,8.890000,4H当日前50,4H EMA9/26 最近金叉且价格在 EMA50 上方；4H MACD 位于 Signal 上方；4H MACD 柱体连续扩张；4H RSI 位于健康强势区间
2026-07-17,2026-07-29,Early,Russell,KSS,KOHLS CORP,Consumer Discretionary,34,167,0.10173411,17.299999,19.059999,4H当日前50,4H EMA9/26 最近金叉且价格在 EMA50 上方；4H MACD 位于 Signal 上方；4H RSI 位于健康强势区间
2026-07-17,2026-07-29,Early,Russell,VTOL,BRISTOW GROUP INC,Energy,35,900,0.01774963,44.169998,44.953999,4H当日前50,4H EMA 多头排列已连续维持；4H MACD 位于 Signal 上方；4H RSI 位于健康强势区间
2026-07-17,2026-07-29,Early,Russell,MIAX,MIAMI INTERNATIONAL HOLDINGS INC,Financials,36,211,0.09709418,42.330002,46.439999,4H当日前50,4H MACD 零轴上方刚金叉；4H RSI 位于健康强势区间
2026-07-17,2026-07-29,Early,Russell,HTLD,HEARTLAND EXPRESS INC,Industrials,37,1740,-0.15594542,15.390000,12.990000,4H当日前50,4H EMA9/26 最近金叉且价格在 EMA50 上方；4H MACD 位于 Signal 上方；4H MACD 柱体连续扩张；4H RSI 位于健康强势区间
2026-07-17,2026-07-29,Early,Russell,IVR,INVESCO MORTGAGE CAPITAL REIT INC,Financials,38,1513,-0.08580247,8.100000,7.405000,4H当日前50,4H EMA 多头排列已连续维持；4H MACD 位于 Signal 上方；4H RSI 位于健康强势区间
2026-07-17,2026-07-29,Early,Russell,PFSI,PENNYMAC FINANCIAL SERVICES INC,Financials,39,34,0.00809007,85.290001,85.980003,4H当日前50,4H EMA 多头排列已连续维持；4H MACD 位于 Signal 上方；4H RSI 位于健康强势区间
2026-07-17,2026-07-29,Early,Russell,SBRA,SABRA HEALTH CARE REIT INC,Real Estate,40,805,0.09646931,20.110001,22.049999,4H当日前50,4H EMA 多头排列已连续维持；4H MACD 零轴上方刚金叉；4H MACD 柱体连续扩张；4H RSI 位于健康强势区间
2026-07-17,2026-07-29,Early,Russell,NWPX,NWPX INFRASTRUCTURE INC,Industrials,41,1586,-0.10846598,138.199997,123.209999,4H当日前50,4H EMA9/26 最近金叉且价格在 EMA50 上方；4H MACD 位于 Signal 上方；4H MACD 柱体连续扩张；4H RSI 位于健康强势区间
2026-07-17,2026-07-29,Early,Russell,MLR,MILLER INDUSTRIES INC,Industrials,42,833,0.01792909,49.639999,50.529999,4H当日前50,4H EMA9/26 最近金叉且价格在 EMA50 上方；4H MACD 位于 Signal 上方；4H RSI 位于健康强势区间
2026-07-17,2026-07-29,Early,Russell,JBI,JANUS INTERNATIONAL GROUP INC,Industrials,43,1405,-0.04722222,5.400000,5.145000,4H当日前50,4H EMA 多头排列已连续维持；4H MACD 位于 Signal 上方；4H RSI 位于健康强势区间
2026-07-17,2026-07-29,Early,Russell,WGO,WINNEBAGO INDUSTRIES INC,Consumer Discretionary,44,30,0.03876215,30.700001,31.889999,4H当日前50,4H EMA 多头排列已连续维持；4H MACD 位于 Signal 上方；4H RSI 位于健康强势区间
2026-07-17,2026-07-29,Early,Russell,ONIT,ONITY GROUP INC,Financials,45,98,-0.00294050,40.810001,40.689999,4H当日前50,4H EMA 多头排列已连续维持；4H MACD 位于 Signal 上方；4H RSI 位于健康强势区间
2026-07-17,2026-07-29,Early,Russell,BL,BLACKLINE INC,Information Technology,46,105,0.07065034,30.290001,32.430000,4H当日前50,4H EMA 多头排列已连续维持；4H MACD 位于 Signal 上方；4H RSI 位于健康强势区间
2026-07-17,2026-07-29,Early,Russell,MCS,THE MARCUS CORP,Communication,47,621,0.08286334,23.049999,24.959999,4H当日前50,4H EMA9/26 最近金叉且价格在 EMA50 上方；4H MACD 位于 Signal 上方；4H MACD 柱体连续扩张；4H RSI 位于健康强势区间
2026-07-17,2026-07-29,Early,Russell,SIG,SIGNET JEWELERS LTD,Consumer Discretionary,48,868,0.07839604,91.650002,98.834999,4H当日前50,4H EMA 多头排列已连续维持；4H MACD 位于 Signal 上方；4H MACD 柱体连续扩张
2026-07-17,2026-07-29,Early,Russell,BLX,BLADEX INC CLASS E,Financials,49,1229,-0.03343458,59.250000,57.269001,4H当日前50,4H EMA9/26 最近金叉且价格在 EMA50 上方；4H MACD 位于 Signal 上方；4H RSI 位于健康强势区间
2026-07-17,2026-07-29,Early,Russell,OGS,ONE GAS INC,Utilities,50,101,0.00056441,79.739998,79.785004,4H当日前50,4H MACD 位于 Signal 上方；4H RSI 位于健康强势区间
2026-07-17,2026-07-29,Prism,S&P 500,TRMB,Trimble Inc.,Information Technology,1,193,0.10470411,52.720001,58.240002,4H当日前50,4H EMA9 已站上 EMA26，等待 26/50 确认；4H MACD 零轴上方刚金叉；4H RSI 位于健康强势区间
2026-07-17,2026-07-29,Prism,S&P 500,WSM,"Williams-Sonoma, Inc.",Consumer Discretionary,2,238,0.02372925,228.410004,233.830002,4H当日前50,4H EMA9/26 最近金叉且价格在 EMA50 上方；4H MACD 位于 Signal 上方；4H MACD 柱体连续扩张；4H RSI 位于健康强势区间
2026-07-17,2026-07-29,Prism,S&P 500,TAP,Molson Coors Beverage Company,Consumer Staples,3,140,0.04471043,40.930000,42.759998,4H当日前50,4H EMA9 已站上 EMA26，等待 26/50 确认；4H MACD 位于 Signal 上方；4H RSI 位于健康强势区间
2026-07-17,2026-07-29,Prism,S&P 500,DVN,Devon Energy,Energy,4,236,0.01471586,43.830002,44.474998,4H当日前50,4H EMA9 已站上 EMA26，等待 26/50 确认；4H MACD 位于 Signal 上方；4H MACD 柱体连续扩张；4H RSI 位于健康强势区间
2026-07-17,2026-07-29,Prism,S&P 500,OXY,Occidental Petroleum,Energy,5,295,0.02169154,54.860001,56.049999,4H当日前50,4H EMA9 已站上 EMA26，等待 26/50 确认；4H MACD 位于 Signal 上方；4H RSI 位于健康强势区间
2026-07-17,2026-07-29,Prism,S&P 500,VRSN,Verisign,Information Technology,6,151,0.04775628,277.660004,290.920013,4H当日前50,4H EMA9 已站上 EMA26，等待 26/50 确认；4H MACD 位于 Signal 上方；4H RSI 位于健康强势区间
2026-07-17,2026-07-29,Prism,S&P 500,COP,ConocoPhillips,Energy,7,290,0.02920407,114.709999,118.059998,4H当日前50,4H EMA9 已站上 EMA26，等待 26/50 确认；4H MACD 位于 Signal 上方；4H MACD 柱体连续扩张；4H RSI 位于健康强势区间
2026-07-17,2026-07-29,Prism,S&P 500,MDLZ,Mondelez International,Consumer Staples,8,195,0.06540980,61.000000,64.989998,4H当日前50,4H EMA9/26 最近金叉且价格在 EMA50 上方；4H MACD 位于 Signal 上方；4H MACD 柱体连续扩张；4H RSI 位于健康强势区间
2026-07-17,2026-07-29,Prism,S&P 500,ULTA,Ulta Beauty,Consumer Discretionary,9,231,0.05946992,479.570007,508.089996,4H当日前50,4H EMA9 已站上 EMA26，等待 26/50 确认；4H MACD 位于 Signal 上方；4H RSI 位于健康强势区间
2026-07-17,2026-07-29,Prism,S&P 500,CBOE,Cboe Global Markets,Financials,10,320,0.12431875,273.410004,307.399994,4H当日前50,4H EMA9 已站上 EMA26，等待 26/50 确认；4H MACD 位于 Signal 上方；4H RSI 位于健康强势区间
2026-07-17,2026-07-29,Prism,S&P 500,MO,Altria,Consumer Staples,11,91,0.00970221,74.209999,74.930000,4H当日前50,4H EMA9/26 最近金叉且价格在 EMA50 上方；4H MACD 零轴上方刚金叉；4H MACD 柱体连续扩张；4H RSI 位于健康强势区间
2026-07-17,2026-07-29,Prism,S&P 500,MSFT,Microsoft,Information Technology,12,6,-0.00832867,393.820007,390.540009,4H当日前50,4H EMA9 已站上 EMA26，等待 26/50 确认；4H MACD 位于 Signal 上方；4H RSI 位于健康强势区间
2026-07-17,2026-07-29,Prism,S&P 500,APA,APA Corporation,Energy,13,278,0.04202158,35.220001,36.700001,4H当日前50,4H EMA9 已站上 EMA26，等待 26/50 确认；4H MACD 位于 Signal 上方；4H MACD 柱体连续扩张；4H RSI 位于健康强势区间
2026-07-17,2026-07-29,Prism,S&P 500,FANG,Diamondback Energy,Energy,14,303,0.01835948,195.539993,199.130005,4H当日前50,4H EMA9 已站上 EMA26，等待 26/50 确认；4H MACD 位于 Signal 上方；4H MACD 柱体连续扩张；4H RSI 位于健康强势区间
2026-07-17,2026-07-29,Prism,S&P 500,IRM,Iron Mountain,Real Estate,15,242,-0.02447100,123.820000,120.790001,4H当日前50,4H EMA9/26 最近金叉且价格在 EMA50 上方；4H MACD 位于 Signal 上方；4H RSI 位于健康强势区间
2026-07-17,2026-07-29,Prism,S&P 500,INTU,Intuit,Information Technology,16,245,0.14442272,291.089996,333.130005,4H当日前50,4H EMA9 已站上 EMA26，等待 26/50 确认；4H MACD 位于 Signal 上方；4H RSI 位于健康强势区间
2026-07-17,2026-07-29,Prism,S&P 500,DGX,Quest Diagnostics,Health Care,17,309,0.11610028,210.679993,235.139999,4H当日前50,4H EMA9/26 最近金叉且价格在 EMA50 上方；4H MACD 柱体连续扩张；4H RSI 位于健康强势区间
2026-07-17,2026-07-29,Prism,S&P 500,XOM,ExxonMobil,Energy,18,301,0.06416260,147.360001,156.815002,4H当日前50,4H EMA9 已站上 EMA26，等待 26/50 确认；4H MACD 位于 Signal 上方；4H RSI 位于健康强势区间
2026-07-17,2026-07-29,Prism,S&P 500,FISV,Fiserv,Financials,19,214,0.09875568,50.630001,55.630001,4H当日前50,4H EMA9 已站上 EMA26，等待 26/50 确认；4H RSI 位于健康强势区间
2026-07-17,2026-07-29,Prism,S&P 500,CMCSA,Comcast,Communication Services,20,14,0.03446826,23.790001,24.610001,4H当日前50,4H EMA9 已站上 EMA26，等待 26/50 确认；4H MACD 位于 Signal 上方；4H RSI 位于健康强势区间
2026-07-17,2026-07-29,Prism,S&P 500,ICE,Intercontinental Exchange,Financials,21,318,0.10547806,139.649994,154.380005,4H当日前50,4H EMA9 已站上 EMA26，等待 26/50 确认；4H MACD 位于 Signal 上方；4H RSI 位于健康强势区间
2026-07-17,2026-07-29,Prism,S&P 500,MDT,Medtronic,Health Care,22,84,0.05258414,83.199997,87.574997,4H当日前50,4H EMA 多头排列已连续维持；4H MACD 零轴上方刚金叉；4H MACD 柱体连续扩张；4H RSI 位于健康强势区间
2026-07-17,2026-07-29,Prism,S&P 500,PFE,Pfizer,Health Care,23,67,0.00439126,25.049999,25.160000,4H当日前50,4H EMA9 已站上 EMA26，等待 26/50 确认；4H MACD 位于 Signal 上方；4H RSI 位于健康强势区间
2026-07-17,2026-07-29,Prism,S&P 500,BG,Bunge Global,Consumer Staples,24,440,-0.09626523,119.150002,107.680000,4H当日前50,4H EMA9 已站上 EMA26，等待 26/50 确认；4H MACD 位于 Signal 上方；4H MACD 柱体连续扩张；4H RSI 位于健康强势区间
2026-07-17,2026-07-29,Prism,S&P 500,FTV,Fortive,Industrials,25,368,-0.03593393,61.779999,59.560001,4H当日前50,4H EMA9/26 最近金叉且价格在 EMA50 上方；4H MACD 柱体连续扩张；4H RSI 位于健康强势区间
2026-07-17,2026-07-29,Prism,S&P 500,CRM,Salesforce,Information Technology,26,223,0.10358964,170.770004,188.460007,4H当日前50,4H EMA9 已站上 EMA26，等待 26/50 确认；4H MACD 位于 Signal 上方；4H RSI 位于健康强势区间
2026-07-17,2026-07-29,Prism,S&P 500,ADSK,Autodesk,Information Technology,27,246,0.12319667,218.350006,245.250000,4H当日前50,4H EMA9 已站上 EMA26，等待 26/50 确认；4H MACD 位于 Signal 上方；4H MACD 柱体连续扩张；4H RSI 位于健康强势区间
2026-07-17,2026-07-29,Prism,S&P 500,ZTS,Zoetis,Health Care,28,3,0.01802513,76.559998,77.940002,4H当日前50,4H EMA9 已站上 EMA26，等待 26/50 确认；4H MACD 位于 Signal 上方；4H RSI 位于健康强势区间
2026-07-17,2026-07-29,Prism,S&P 500,WY,Weyerhaeuser,Real Estate,29,254,-0.00122503,24.490000,24.459999,4H当日前50,4H EMA9 已站上 EMA26，等待 26/50 确认；4H MACD 位于 Signal 上方；4H RSI 位于健康强势区间
2026-07-17,2026-07-29,Prism,S&P 500,IT,Gartner,Information Technology,30,277,0.18253796,140.190002,165.779999,4H当日前50,4H EMA9 已站上 EMA26，等待 26/50 确认；4H MACD 位于 Signal 上方；4H RSI 位于健康强势区间
2026-07-17,2026-07-29,Prism,S&P 500,HST,Host Hotels & Resorts,Real Estate,31,106,0.06683375,23.940001,25.540001,4H当日前50,4H EMA9/26 最近金叉且价格在 EMA50 上方；4H MACD 位于 Signal 上方；4H MACD 柱体连续扩张；4H RSI 位于健康强势区间
2026-07-17,2026-07-29,Prism,S&P 500,F,Ford Motor Company,Consumer Discretionary,32,196,0.07343640,14.230000,15.275000,4H当日前50,4H EMA9 已站上 EMA26，等待 26/50 确认；4H MACD 位于 Signal 上方；4H RSI 位于健康强势区间
2026-07-17,2026-07-29,Prism,S&P 500,CL,Colgate-Palmolive,Consumer Staples,33,89,0.00537750,92.980003,93.480003,4H当日前50,4H EMA 多头排列已连续维持；4H MACD 零轴上方刚金叉；4H RSI 位于健康强势区间
2026-07-17,2026-07-29,Prism,S&P 500,T,AT&T,Communication Services,34,265,0.09789093,21.809999,23.945000,4H当日前50,4H EMA9 已站上 EMA26，等待 26/50 确认；4H MACD 位于 Signal 上方；4H RSI 位于健康强势区间
2026-07-17,2026-07-29,Prism,S&P 500,ROL,"Rollins, Inc.",Industrials,35,446,-0.14087785,45.110001,38.755001,4H当日前50,4H EMA9 已站上 EMA26，等待 26/50 确认；4H MACD 位于 Signal 上方；4H RSI 位于健康强势区间
2026-07-17,2026-07-29,Prism,S&P 500,FOX,Fox Corporation (Class B),Communication Services,36,287,0.02130542,51.630001,52.730000,4H当日前50,4H EMA9 已站上 EMA26，等待 26/50 确认；4H MACD 位于 Signal 上方；4H RSI 位于健康强势区间
2026-07-17,2026-07-29,Prism,S&P 500,VICI,Vici Properties,Real Estate,37,43,0.00967614,26.870001,27.129999,4H当日前50,4H EMA9/26 最近金叉且价格在 EMA50 上方；4H MACD 位于 Signal 上方；4H RSI 位于健康强势区间
2026-07-17,2026-07-29,Prism,S&P 500,AWK,American Water Works,Utilities,38,72,0.02198210,135.110001,138.080002,4H当日前50,4H EMA 多头排列已连续维持；4H MACD 零轴上方刚金叉；4H MACD 柱体连续扩张；4H RSI 位于健康强势区间
2026-07-17,2026-07-29,Prism,S&P 500,PTC,PTC Inc.,Information Technology,39,34,0.06504787,124.370003,132.460007,4H当日前50,4H EMA9 已站上 EMA26，等待 26/50 确认；4H RSI 位于健康强势区间
2026-07-17,2026-07-29,Prism,S&P 500,CEG,Constellation Energy,Utilities,40,386,0.02202945,252.389999,257.950012,4H当日前50,4H EMA9 已站上 EMA26，等待 26/50 确认；4H MACD 位于 Signal 上方；4H RSI 位于健康强势区间
2026-07-17,2026-07-29,Prism,S&P 500,AMGN,Amgen,Health Care,41,156,0.05828716,366.290009,387.640015,4H当日前50,4H EMA 多头排列已连续维持；4H MACD 零轴上方刚金叉；4H RSI 位于健康强势区间
2026-07-17,2026-07-29,Prism,S&P 500,WRB,W. R. Berkley Corporation,Financials,42,107,0.05655639,71.610001,75.660004,4H当日前50,4H EMA9/26 最近金叉且价格在 EMA50 上方；4H MACD 柱体连续扩张；4H RSI 位于健康强势区间
2026-07-17,2026-07-29,Prism,S&P 500,GILD,Gilead Sciences,Health Care,43,45,-0.01154307,134.279999,132.729996,4H当日前50,4H EMA 多头排列已连续维持；4H MACD 零轴上方刚金叉；4H RSI 位于健康强势区间
2026-07-17,2026-07-29,Prism,S&P 500,CBRE,CBRE Group,Real Estate,44,178,0.04909192,140.960007,147.880005,4H当日前50,4H EMA 多头排列已连续维持；4H MACD 零轴上方刚金叉；4H RSI 位于健康强势区间
2026-07-17,2026-07-29,Prism,S&P 500,CME,CME Group,Financials,45,185,0.08320750,245.050003,265.440002,4H当日前50,4H EMA9 已站上 EMA26，等待 26/50 确认；4H MACD 位于 Signal 上方；4H RSI 位于健康强势区间
2026-07-17,2026-07-29,Prism,S&P 500,HAS,Hasbro,Consumer Discretionary,46,304,0.16701403,81.550003,95.169998,4H当日前50,4H EMA9 已站上 EMA26，等待 26/50 确认；4H MACD 位于 Signal 上方；4H RSI 位于健康强势区间
2026-07-17,2026-07-29,Prism,S&P 500,NKE,"Nike, Inc.",Consumer Discretionary,47,166,-0.01222578,43.759998,43.224998,4H当日前50,4H EMA9 已站上 EMA26，等待 26/50 确认；4H MACD 位于 Signal 上方；4H RSI 位于健康强势区间
2026-07-17,2026-07-29,Prism,S&P 500,STE,Steris,Health Care,48,227,0.07845206,217.839996,234.929993,4H当日前50,4H EMA 多头排列已连续维持；4H MACD 零轴上方刚金叉；4H RSI 位于健康强势区间
2026-07-17,2026-07-29,Prism,S&P 500,CSGP,CoStar Group,Real Estate,49,51,0.00167895,29.780001,29.830000,4H当日前50,4H EMA9 已站上 EMA26，等待 26/50 确认；4H MACD 位于 Signal 上方；4H RSI 位于健康强势区间
2026-07-17,2026-07-29,Prism,S&P 500,WMT,Walmart,Consumer Staples,50,13,-0.00017504,114.239998,114.220001,4H当日前50,4H EMA9 已站上 EMA26，等待 26/50 确认；4H MACD 位于 Signal 上方；4H RSI 位于健康强势区间
2026-07-17,2026-07-29,Prism,Nasdaq 200,VRSN,Verisign,Information Technology,1,53,0.04775628,277.660004,290.920013,4H当日前50,4H EMA9 已站上 EMA26，等待 26/50 确认；4H MACD 位于 Signal 上方；4H RSI 位于健康强势区间
2026-07-17,2026-07-29,Prism,Nasdaq 200,TRMB,Trimble Inc.,Information Technology,2,70,0.10470411,52.720001,58.240002,4H当日前50,4H EMA9 已站上 EMA26，等待 26/50 确认；4H MACD 零轴上方刚金叉；4H RSI 位于健康强势区间
2026-07-17,2026-07-29,Prism,Nasdaq 200,MDLZ,Mondelez International,Consumer Staples,3,72,0.06540980,61.000000,64.989998,4H当日前50,4H EMA9/26 最近金叉且价格在 EMA50 上方；4H MACD 位于 Signal 上方；4H MACD 柱体连续扩张；4H RSI 位于健康强势区间
2026-07-17,2026-07-29,Prism,Nasdaq 200,MSFT,Microsoft,Information Technology,4,5,-0.00832867,393.820007,390.540009,4H当日前50,4H EMA9 已站上 EMA26，等待 26/50 确认；4H MACD 位于 Signal 上方；4H RSI 位于健康强势区间
2026-07-17,2026-07-29,Prism,Nasdaq 200,FANG,Diamondback Energy,Energy,5,97,0.01835948,195.539993,199.130005,4H当日前50,4H EMA9 已站上 EMA26，等待 26/50 确认；4H MACD 位于 Signal 上方；4H MACD 柱体连续扩张；4H RSI 位于健康强势区间
2026-07-17,2026-07-29,Prism,Nasdaq 200,INTU,Intuit,Information Technology,6,91,0.14442272,291.089996,333.130005,4H当日前50,4H EMA9 已站上 EMA26，等待 26/50 确认；4H MACD 位于 Signal 上方；4H RSI 位于健康强势区间
2026-07-17,2026-07-29,Prism,Nasdaq 200,ULTA,Ulta Beauty,Consumer Discretionary,7,66,0.05946992,479.570007,508.089996,4H当日前50,4H EMA9 已站上 EMA26，等待 26/50 确认；4H MACD 位于 Signal 上方；4H RSI 位于健康强势区间
2026-07-17,2026-07-29,Prism,Nasdaq 200,ZG,"Zillow Group, Inc. - Class A Common Stock",,8,24,0.01809555,33.709999,34.320000,4H当日前50,4H EMA9 已站上 EMA26，等待 26/50 确认；4H MACD 位于 Signal 上方；4H RSI 位于健康强势区间
2026-07-17,2026-07-29,Prism,Nasdaq 200,CMCSA,Comcast,Communication Services,9,18,0.03446826,23.790001,24.610001,4H当日前50,4H EMA9 已站上 EMA26，等待 26/50 确认；4H MACD 位于 Signal 上方；4H RSI 位于健康强势区间
2026-07-17,2026-07-29,Prism,Nasdaq 200,WMT,Walmart,Consumer Staples,10,3,-0.00017504,114.239998,114.220001,4H当日前50,4H EMA9 已站上 EMA26，等待 26/50 确认；4H MACD 位于 Signal 上方；4H RSI 位于健康强势区间
2026-07-17,2026-07-29,Prism,Nasdaq 200,Z,"Zillow Group, Inc. - Class C Capital Stock",,11,26,0.00280198,33.904999,34.000000,4H当日前50,4H EMA9 已站上 EMA26，等待 26/50 确认；4H MACD 位于 Signal 上方；4H RSI 位于健康强势区间
2026-07-17,2026-07-29,Prism,Nasdaq 200,CEG,Constellation Energy,Utilities,12,122,0.02202945,252.389999,257.950012,4H当日前50,4H EMA9 已站上 EMA26，等待 26/50 确认；4H MACD 位于 Signal 上方；4H RSI 位于健康强势区间
2026-07-17,2026-07-29,Prism,Nasdaq 200,ADSK,Autodesk,Information Technology,13,94,0.12319667,218.350006,245.250000,4H当日前50,4H EMA9 已站上 EMA26，等待 26/50 确认；4H MACD 位于 Signal 上方；4H MACD 柱体连续扩张；4H RSI 位于健康强势区间
2026-07-17,2026-07-29,Prism,Nasdaq 200,ZM,"Zoom Communications, Inc. - Class A Common Stock",,14,27,0.01404595,91.129997,92.410004,4H当日前50,4H EMA9 已站上 EMA26，等待 26/50 确认；4H MACD 位于 Signal 上方；4H RSI 位于健康强势区间
2026-07-17,2026-07-29,Prism,Nasdaq 200,FISV,Fiserv,Financials,15,74,0.09875568,50.630001,55.630001,4H当日前50,4H EMA9 已站上 EMA26，等待 26/50 确认；4H RSI 位于健康强势区间
2026-07-17,2026-07-29,Prism,Nasdaq 200,LOGI,Logitech International S.A. - Registered Shares,,16,126,0.00155593,102.830002,102.989998,4H当日前50,4H EMA9/26 最近金叉且价格在 EMA50 上方；4H MACD 位于 Signal 上方；4H RSI 位于健康强势区间
2026-07-17,2026-07-29,Prism,Nasdaq 200,PTC,PTC Inc.,Information Technology,17,23,0.06504787,124.370003,132.460007,4H当日前50,4H EMA9 已站上 EMA26，等待 26/50 确认；4H RSI 位于健康强势区间
2026-07-17,2026-07-29,Prism,Nasdaq 200,FOX,Fox Corporation (Class B),Communication Services,18,96,0.02130542,51.630001,52.730000,4H当日前50,4H EMA9 已站上 EMA26，等待 26/50 确认；4H MACD 位于 Signal 上方；4H RSI 位于健康强势区间
2026-07-17,2026-07-29,Prism,Nasdaq 200,NVDA,Nvidia,Information Technology,19,150,-0.06311327,202.809998,190.009995,4H当日前50,4H EMA9 已站上 EMA26，等待 26/50 确认
2026-07-17,2026-07-29,Prism,Nasdaq 200,AMGN,Amgen,Health Care,20,60,0.05828716,366.290009,387.640015,4H当日前50,4H EMA 多头排列已连续维持；4H MACD 零轴上方刚金叉；4H RSI 位于健康强势区间
2026-07-17,2026-07-29,Prism,Nasdaq 200,GILD,Gilead Sciences,Health Care,21,28,-0.01154307,134.279999,132.729996,4H当日前50,4H EMA 多头排列已连续维持；4H MACD 零轴上方刚金叉；4H RSI 位于健康强势区间
2026-07-17,2026-07-29,Prism,Nasdaq 200,FOXA,Fox Corporation (Class A),Communication Services,22,81,0.02308230,57.619999,58.950001,4H当日前50,4H EMA9 已站上 EMA26，等待 26/50 确认；4H MACD 位于 Signal 上方；4H MACD 柱体连续扩张；4H RSI 位于健康强势区间
2026-07-17,2026-07-29,Prism,Nasdaq 200,TCOM,Trip.com Group Limited - American Depositary Shares,,23,104,0.08362777,42.450001,46.000000,4H当日前50,4H EMA9 已站上 EMA26，等待 26/50 确认；4H MACD 位于 Signal 上方；4H RSI 位于健康强势区间
2026-07-17,2026-07-29,Prism,Nasdaq 200,PCAR,Paccar,Industrials,24,50,0.06077653,126.199997,133.869995,4H当日前50,4H EMA 多头排列已连续维持；4H MACD 零轴上方刚金叉；4H MACD 柱体连续扩张；4H RSI 位于健康强势区间
2026-07-17,2026-07-29,Prism,Nasdaq 200,LULU,Lululemon Athletica,Consumer Discretionary,25,22,0.02320981,116.330002,119.029999,4H当日前50,4H EMA9 已站上 EMA26，等待 26/50 确认
2026-07-17,2026-07-29,Prism,Nasdaq 200,REGN,Regeneron Pharmaceuticals,Health Care,26,37,0.02767882,676.690002,695.419983,4H当日前50,4H EMA 多头排列已连续维持；4H MACD 零轴上方刚金叉；4H MACD 柱体连续扩张；4H RSI 位于健康强势区间
2026-07-17,2026-07-29,Prism,Nasdaq 200,CTSH,Cognizant,Information Technology,27,116,0.25016755,44.770000,55.970001,4H当日前50,4H EMA9 已站上 EMA26，等待 26/50 确认；4H MACD 位于 Signal 上方；4H RSI 位于健康强势区间
2026-07-17,2026-07-29,Prism,Nasdaq 200,IDXX,Idexx Laboratories,Health Care,28,36,0.00410619,567.440002,569.770020,4H当日前50,4H MACD 位于 Signal 上方；4H RSI 位于健康强势区间
2026-07-17,2026-07-29,Prism,Nasdaq 200,PODD,Insulet Corporation,Health Care,29,38,0.03998535,164.059998,170.619995,4H当日前50,4H EMA 多头排列已连续维持；4H MACD 零轴上方刚金叉；4H RSI 位于健康强势区间
2026-07-17,2026-07-29,Prism,Nasdaq 200,DPZ,Domino's,Consumer Discretionary,30,78,0.11738782,322.179993,360.000000,4H当日前50,4H EMA 多头排列已连续维持；4H MACD 位于 Signal 上方；4H RSI 位于健康强势区间
2026-07-17,2026-07-29,Prism,Nasdaq 200,CASY,Casey's,Consumer Staples,31,90,0.00935839,859.119995,867.159973,4H当日前50,4H MACD 零轴上方刚金叉；4H MACD 柱体连续扩张；4H RSI 位于健康强势区间
2026-07-17,2026-07-29,Prism,Nasdaq 200,DXCM,Dexcom,Health Care,32,30,-0.01969997,76.650002,75.139999,4H当日前50,4H EMA 多头排列已连续维持；4H MACD 位于 Signal 上方；4H RSI 位于健康强势区间
2026-07-17,2026-07-29,Prism,Nasdaq 200,COO,Cooper Companies (The),Health Care,33,33,0.01882581,71.709999,73.059998,4H当日前50,4H EMA 多头排列已连续维持；4H MACD 零轴上方刚金叉；4H RSI 位于健康强势区间
2026-07-17,2026-07-29,Prism,Nasdaq 200,TMUS,T-Mobile US,Communication Services,34,123,-0.05669589,192.429993,181.520004,4H当日前50,4H EMA 多头排列已连续维持；4H MACD 位于 Signal 上方；4H RSI 位于健康强势区间
2026-07-17,2026-07-29,Prism,Nasdaq 200,ODFL,Old Dominion,Industrials,35,134,-0.04725455,233.839996,222.789993,4H当日前50,4H EMA 多头排列已连续维持；4H MACD 位于 Signal 上方；4H RSI 位于健康强势区间
2026-07-17,2026-07-29,Prism,Nasdaq 200,AMZN,Amazon,Consumer Discretionary,36,172,-0.08324233,247.229996,226.649994,4H当日前50,4H MACD 位于 Signal 上方；4H RSI 位于健康强势区间
2026-07-17,2026-07-29,Prism,Nasdaq 200,SSNC,"SS&C Technologies Holdings, Inc. - Common Stock",,37,95,0.12579069,69.559998,78.309998,4H当日前50,4H EMA 多头排列已连续维持；4H MACD 位于 Signal 上方；4H RSI 位于健康强势区间
2026-07-17,2026-07-29,Prism,Nasdaq 200,GEN,Gen Digital,Information Technology,38,41,0.03328343,26.740000,27.629999,4H当日前50,4H EMA 多头排列已连续维持；4H MACD 位于 Signal 上方；4H RSI 位于健康强势区间
2026-07-17,2026-07-29,Prism,Nasdaq 200,SNY,Sanofi - American Depositary Shares,,39,48,0.00425432,44.660000,44.849998,4H当日前50,4H EMA 多头排列已连续维持；4H MACD 位于 Signal 上方；4H RSI 位于健康强势区间
2026-07-17,2026-07-29,Prism,Nasdaq 200,PLTR,Palantir Technologies,Information Technology,40,120,-0.07085666,132.380005,123.000000,4H当日前50,4H MACD 位于 Signal 上方；4H RSI 位于健康强势区间
2026-07-17,2026-07-29,Prism,Nasdaq 200,TEAM,Atlassian Corporation  - Class A Common Stock,,41,77,0.11780467,93.290001,104.279999,4H当日前50,4H EMA 多头排列已连续维持；4H MACD 位于 Signal 上方；4H RSI 位于健康强势区间
2026-07-17,2026-07-29,Prism,Nasdaq 200,BKNG,Booking Holdings,Consumer Discretionary,42,98,0.10799213,181.679993,201.300003,4H当日前50,4H EMA 多头排列已连续维持；4H MACD 位于 Signal 上方；4H RSI 位于健康强势区间
2026-07-17,2026-07-29,Prism,Nasdaq 200,KHC,Kraft Heinz,Consumer Staples,43,71,0.06723346,25.879999,27.620001,4H当日前50,4H EMA 多头排列已连续维持；4H MACD 位于 Signal 上方；4H RSI 位于健康强势区间
2026-07-17,2026-07-29,Prism,Nasdaq 200,ADBE,Adobe Inc.,Information Technology,44,79,0.11034770,237.250000,263.429993,4H当日前50,4H EMA 多头排列已连续维持；4H MACD 位于 Signal 上方；4H MACD 柱体连续扩张；4H RSI 位于健康强势区间
2026-07-17,2026-07-29,Prism,Nasdaq 200,RPRX,Royalty Pharma plc - Class A Ordinary Shares,,45,68,0.01718804,58.180000,59.180000,4H当日前50,4H EMA 多头排列已连续维持；4H MACD 零轴上方刚金叉；4H MACD 柱体连续扩张；4H RSI 位于健康强势区间
2026-07-17,2026-07-29,Prism,Nasdaq 200,ADP,Automatic Data Processing,Industrials,46,76,0.07092628,255.264999,273.369995,4H当日前50,4H EMA 多头排列已连续维持；4H MACD 位于 Signal 上方；4H RSI 位于健康强势区间
2026-07-17,2026-07-29,Prism,Nasdaq 200,COST,Costco,Consumer Staples,47,19,0.03524401,940.869995,974.030029,4H当日前50,4H MACD 位于 Signal 上方；4H MACD 柱体连续扩张；4H RSI 位于健康强势区间
2026-07-17,2026-07-29,Prism,Nasdaq 200,NTAP,NetApp,Information Technology,48,49,0.05705389,163.880005,173.229996,4H当日前50,4H MACD 柱体连续扩张；4H RSI 位于健康强势区间
2026-07-17,2026-07-29,Prism,Nasdaq 200,BIIB,Biogen,Health Care,49,1,0.01572887,205.990005,209.229996,4H当日前50,4H MACD 刚金叉但仍需零轴确认；4H MACD 柱体连续扩张；4H RSI 位于健康强势区间
2026-07-17,2026-07-29,Prism,Nasdaq 200,PANW,Palo Alto Networks,Information Technology,50,141,-0.12414966,358.679993,314.149994,4H当日前50,4H EMA 多头排列已连续维持；4H MACD 位于 Signal 上方；4H RSI 位于健康强势区间
2026-07-17,2026-07-29,Prism,Nasdaq Liquid 500,TRMB,Trimble Inc.,Information Technology,1,127,0.10470411,52.720001,58.240002,4H当日前50,4H EMA9 已站上 EMA26，等待 26/50 确认；4H MACD 零轴上方刚金叉；4H RSI 位于健康强势区间
2026-07-17,2026-07-29,Prism,Nasdaq Liquid 500,MDLZ,Mondelez International,Consumer Staples,2,150,0.06540980,61.000000,64.989998,4H当日前50,4H EMA9/26 最近金叉且价格在 EMA50 上方；4H MACD 位于 Signal 上方；4H MACD 柱体连续扩张；4H RSI 位于健康强势区间
2026-07-17,2026-07-29,Prism,Nasdaq Liquid 500,INTU,Intuit,Information Technology,3,165,0.14442272,291.089996,333.130005,4H当日前50,4H EMA9 已站上 EMA26，等待 26/50 确认；4H MACD 位于 Signal 上方；4H RSI 位于健康强势区间
2026-07-17,2026-07-29,Prism,Nasdaq Liquid 500,VRSN,Verisign,Information Technology,4,99,0.04775628,277.660004,290.920013,4H当日前50,4H EMA9 已站上 EMA26，等待 26/50 确认；4H MACD 位于 Signal 上方；4H RSI 位于健康强势区间
2026-07-17,2026-07-29,Prism,Nasdaq Liquid 500,CMCSA,Comcast,Communication Services,5,25,0.03446826,23.790001,24.610001,4H当日前50,4H EMA9 已站上 EMA26，等待 26/50 确认；4H MACD 位于 Signal 上方；4H RSI 位于健康强势区间
2026-07-17,2026-07-29,Prism,Nasdaq Liquid 500,MSFT,Microsoft,Information Technology,6,2,-0.00832867,393.820007,390.540009,4H当日前50,4H EMA9 已站上 EMA26，等待 26/50 确认；4H MACD 位于 Signal 上方；4H RSI 位于健康强势区间
2026-07-17,2026-07-29,Prism,Nasdaq Liquid 500,WEN,WENDYS,Consumer Discretionary,7,,-0.01417526,7.760000,7.650000,4H当日前50,4H EMA9/26 最近金叉且价格在 EMA50 上方；4H MACD 零轴上方刚金叉；4H MACD 柱体连续扩张；4H RSI 位于健康强势区间
2026-07-17,2026-07-29,Prism,Nasdaq Liquid 500,PEGA,Pegasystems Inc. - Common Stock,,8,103,-0.03762435,32.160000,30.950001,4H当日前50,4H EMA9 已站上 EMA26，等待 26/50 确认；4H MACD 位于 Signal 上方；4H RSI 位于健康强势区间
2026-07-17,2026-07-29,Prism,Nasdaq Liquid 500,ASO,ACADEMY SPORTS AND OUTDOORS INC,Consumer Discretionary,9,,0.01405251,48.389999,49.070000,4H当日前50,4H EMA9/26 最近金叉且价格在 EMA50 上方；4H MACD 位于 Signal 上方；4H RSI 位于健康强势区间
2026-07-17,2026-07-29,Prism,Nasdaq Liquid 500,PATK,PATRICK INDUSTRIES INC,Consumer Discretionary,10,,-0.01668740,88.089996,86.620003,4H当日前50,4H EMA9/26 最近金叉且价格在 EMA50 上方；4H MACD 位于 Signal 上方；4H MACD 柱体连续扩张；4H RSI 位于健康强势区间
2026-07-17,2026-07-29,Prism,Nasdaq Liquid 500,HST,Host Hotels & Resorts,Real Estate,11,125,0.06683375,23.940001,25.540001,4H当日前50,4H EMA9/26 最近金叉且价格在 EMA50 上方；4H MACD 位于 Signal 上方；4H MACD 柱体连续扩张；4H RSI 位于健康强势区间
2026-07-17,2026-07-29,Prism,Nasdaq Liquid 500,VNOM,"Viper Energy, Inc.  - Class A Common Stock",,12,262,-0.02703923,44.380001,43.180000,4H当日前50,4H EMA9 已站上 EMA26，等待 26/50 确认；4H MACD 位于 Signal 上方；4H RSI 位于健康强势区间
2026-07-17,2026-07-29,Prism,Nasdaq Liquid 500,ULTA,Ulta Beauty,Consumer Discretionary,13,138,0.05946992,479.570007,508.089996,4H当日前50,4H EMA9 已站上 EMA26，等待 26/50 确认；4H MACD 位于 Signal 上方；4H RSI 位于健康强势区间
2026-07-17,2026-07-29,Prism,Nasdaq Liquid 500,TRVI,TREVI THERAPEUTICS INC,Health Care,14,,-0.05138962,19.070000,18.090000,4H当日前50,4H EMA9/26 最近金叉且价格在 EMA50 上方；4H MACD 零轴上方刚金叉；4H MACD 柱体连续扩张；4H RSI 位于健康强势区间
2026-07-17,2026-07-29,Prism,Nasdaq Liquid 500,APA,APA Corporation,Energy,15,206,0.04202158,35.220001,36.700001,4H当日前50,4H EMA9 已站上 EMA26，等待 26/50 确认；4H MACD 位于 Signal 上方；4H MACD 柱体连续扩张；4H RSI 位于健康强势区间
2026-07-17,2026-07-29,Prism,Nasdaq Liquid 500,FANG,Diamondback Energy,Energy,16,201,0.01835948,195.539993,199.130005,4H当日前50,4H EMA9 已站上 EMA26，等待 26/50 确认；4H MACD 位于 Signal 上方；4H MACD 柱体连续扩张；4H RSI 位于健康强势区间
2026-07-17,2026-07-29,Prism,Nasdaq Liquid 500,ADSK,Autodesk,Information Technology,18,171,0.12319667,218.350006,245.250000,4H当日前50,4H EMA9 已站上 EMA26，等待 26/50 确认；4H MACD 位于 Signal 上方；4H MACD 柱体连续扩张；4H RSI 位于健康强势区间
2026-07-17,2026-07-29,Prism,Nasdaq Liquid 500,SAIA,"Saia, Inc. - Common Stock",,19,388,-0.09708139,436.850006,394.440002,4H当日前50,4H EMA9/26 最近金叉且价格在 EMA50 上方；4H MACD 位于 Signal 上方；4H RSI 位于健康强势区间
2026-07-17,2026-07-29,Prism,Nasdaq Liquid 500,Z,"Zillow Group, Inc. - Class C Capital Stock",,20,36,0.00280198,33.904999,34.000000,4H当日前50,4H EMA9 已站上 EMA26，等待 26/50 确认；4H MACD 位于 Signal 上方；4H RSI 位于健康强势区间
2026-07-17,2026-07-29,Prism,Nasdaq Liquid 500,WMT,Walmart,Consumer Staples,21,7,-0.00017504,114.239998,114.220001,4H当日前50,4H EMA9 已站上 EMA26，等待 26/50 确认；4H MACD 位于 Signal 上方；4H RSI 位于健康强势区间
2026-07-17,2026-07-29,Prism,Nasdaq Liquid 500,CSGP,CoStar Group,Real Estate,22,11,0.00167895,29.780001,29.830000,4H当日前50,4H EMA9 已站上 EMA26，等待 26/50 确认；4H MACD 位于 Signal 上方；4H RSI 位于健康强势区间
2026-07-17,2026-07-29,Prism,Nasdaq Liquid 500,MAT,"Mattel, Inc. - Common Stock",,23,186,0.07482517,14.300000,15.370000,4H当日前50,4H EMA9 已站上 EMA26，等待 26/50 确认；4H MACD 位于 Signal 上方；4H RSI 位于健康强势区间
2026-07-17,2026-07-29,Prism,Nasdaq Liquid 500,GLPI,"Gaming and Leisure Properties, Inc. - Common Stock",,24,129,0.02062990,45.080002,46.009998,4H当日前50,4H EMA9/26 最近金叉且价格在 EMA50 上方；4H MACD 位于 Signal 上方；4H RSI 位于健康强势区间
2026-07-17,2026-07-29,Prism,Nasdaq Liquid 500,TW,Tradeweb Markets Inc. - Class A Common Stock,,25,225,0.08288286,99.900002,108.180000,4H当日前50,4H EMA9 已站上 EMA26，等待 26/50 确认；4H MACD 位于 Signal 上方；4H RSI 位于健康强势区间
2026-07-17,2026-07-29,Prism,Nasdaq Liquid 500,SBAC,SBA Communications,Real Estate,26,144,0.00323114,185.690002,186.289993,4H当日前50,4H EMA9 已站上 EMA26，等待 26/50 确认；4H MACD 位于 Signal 上方；4H RSI 位于健康强势区间
2026-07-17,2026-07-29,Prism,Nasdaq Liquid 500,CEG,Constellation Energy,Utilities,27,275,0.02202945,252.389999,257.950012,4H当日前50,4H EMA9 已站上 EMA26，等待 26/50 确认；4H MACD 位于 Signal 上方；4H RSI 位于健康强势区间
2026-07-17,2026-07-29,Prism,Nasdaq Liquid 500,CME,CME Group,Financials,28,113,0.08320750,245.050003,265.440002,4H当日前50,4H EMA9 已站上 EMA26，等待 26/50 确认；4H MACD 位于 Signal 上方；4H RSI 位于健康强势区间
2026-07-17,2026-07-29,Prism,Nasdaq Liquid 500,LCID,LUCID GROUP INC,Consumer Discretionary,29,88,0.08152174,7.360000,7.960000,4H当日前50,4H EMA9/26 最近金叉且价格在 EMA50 上方；4H MACD 位于 Signal 上方；4H MACD 柱体连续扩张；4H RSI 位于健康强势区间
2026-07-17,2026-07-29,Prism,Nasdaq Liquid 500,CHRD,Chord Energy Corporation - Common Stock,,30,224,0.06533954,128.100006,136.470001,4H当日前50,4H EMA9 已站上 EMA26，等待 26/50 确认；4H MACD 位于 Signal 上方；4H MACD 柱体连续扩张
2026-07-17,2026-07-29,Prism,Nasdaq Liquid 500,ZM,"Zoom Communications, Inc. - Class A Common Stock",,31,38,0.01404595,91.129997,92.410004,4H当日前50,4H EMA9 已站上 EMA26，等待 26/50 确认；4H MACD 位于 Signal 上方；4H RSI 位于健康强势区间
2026-07-17,2026-07-29,Prism,Nasdaq Liquid 500,EXLS,"ExlService Holdings, Inc. - Common Stock",,32,246,0.27805405,28.160000,35.990002,4H当日前50,4H EMA9 已站上 EMA26，等待 26/50 确认；4H MACD 位于 Signal 上方；4H RSI 位于健康强势区间
2026-07-17,2026-07-29,Prism,Nasdaq Liquid 500,FISV,Fiserv,Financials,33,154,0.09875568,50.630001,55.630001,4H当日前50,4H EMA9 已站上 EMA26，等待 26/50 确认；4H RSI 位于健康强势区间
2026-07-17,2026-07-29,Prism,Nasdaq Liquid 500,URBN,URBAN OUTFITTERS INC,Consumer Discretionary,34,96,0.03315975,72.980003,75.400002,4H当日前50,4H EMA9 已站上 EMA26，等待 26/50 确认；4H MACD 位于 Signal 上方；4H RSI 位于健康强势区间
2026-07-17,2026-07-29,Prism,Nasdaq Liquid 500,TWST,TWIST BIOSCIENCE CORP,Health Care,35,339,-0.08929139,93.849998,85.470001,4H当日前50,4H EMA9/26 最近金叉且价格在 EMA50 上方；4H MACD 柱体连续扩张；4H RSI 位于健康强势区间
2026-07-17,2026-07-29,Prism,Nasdaq Liquid 500,PTC,PTC Inc.,Information Technology,36,34,0.06504787,124.370003,132.460007,4H当日前50,4H EMA9 已站上 EMA26，等待 26/50 确认；4H RSI 位于健康强势区间
2026-07-17,2026-07-29,Prism,Nasdaq Liquid 500,LASR,NLIGHT INC,Information Technology,37,,-0.14700361,69.250000,59.070000,4H当日前50,4H EMA9 已站上 EMA26，等待 26/50 确认；4H MACD 零轴上方刚金叉；4H MACD 柱体连续扩张；4H RSI 位于健康强势区间
2026-07-17,2026-07-29,Prism,Nasdaq Liquid 500,LOGI,Logitech International S.A. - Registered Shares,,38,269,0.00155593,102.830002,102.989998,4H当日前50,4H EMA9/26 最近金叉且价格在 EMA50 上方；4H MACD 位于 Signal 上方；4H RSI 位于健康强势区间
2026-07-17,2026-07-29,Prism,Nasdaq Liquid 500,PTEN,PATTERSON UTI ENERGY INC,Energy,39,271,-0.06886228,10.020000,9.330000,4H当日前50,4H EMA9 已站上 EMA26，等待 26/50 确认；4H MACD 位于 Signal 上方；4H MACD 柱体连续扩张；4H RSI 位于健康强势区间
2026-07-17,2026-07-29,Prism,Nasdaq Liquid 500,FOX,Fox Corporation (Class B),Communication Services,40,207,0.02130542,51.630001,52.730000,4H当日前50,4H EMA9 已站上 EMA26，等待 26/50 确认；4H MACD 位于 Signal 上方；4H RSI 位于健康强势区间
2026-07-17,2026-07-29,Prism,Nasdaq Liquid 500,HAS,Hasbro,Consumer Discretionary,41,222,0.16701403,81.550003,95.169998,4H当日前50,4H EMA9 已站上 EMA26，等待 26/50 确认；4H MACD 位于 Signal 上方；4H RSI 位于健康强势区间
2026-07-17,2026-07-29,Prism,Nasdaq Liquid 500,TVTX,TRAVERE THERAPEUTICS INC,Health Care,42,272,-0.02027858,56.709999,55.560001,4H当日前50,4H EMA9/26 最近金叉且价格在 EMA50 上方；4H MACD 柱体连续扩张；4H RSI 位于健康强势区间
2026-07-17,2026-07-29,Prism,Nasdaq Liquid 500,DOX,Amdocs Limited - Ordinary Shares,,43,53,0.07961237,52.630001,56.820000,4H当日前50,4H EMA9 已站上 EMA26，等待 26/50 确认；4H MACD 位于 Signal 上方；4H RSI 位于健康强势区间
2026-07-17,2026-07-29,Prism,Nasdaq Liquid 500,LULU,Lululemon Athletica,Consumer Discretionary,44,29,0.02320981,116.330002,119.029999,4H当日前50,4H EMA9 已站上 EMA26，等待 26/50 确认
2026-07-17,2026-07-29,Prism,Nasdaq Liquid 500,FIVE,"Five Below, Inc. - Common Stock",,45,135,0.03385481,202.630005,209.490005,4H当日前50,4H EMA9 已站上 EMA26，等待 26/50 确认；4H MACD 位于 Signal 上方；4H RSI 位于健康强势区间
2026-07-17,2026-07-29,Prism,Nasdaq Liquid 500,COCO,THE VITA COCO COMPANY INC,Consumer Staples,46,274,-0.07707022,73.180000,67.540001,4H当日前50,4H EMA9 已站上 EMA26，等待 26/50 确认；4H MACD 位于 Signal 上方；4H RSI 位于健康强势区间
2026-07-17,2026-07-29,Prism,Nasdaq Liquid 500,NVDA,Nvidia,Information Technology,47,345,-0.06311327,202.809998,190.009995,4H当日前50,4H EMA9 已站上 EMA26，等待 26/50 确认
2026-07-17,2026-07-29,Prism,Nasdaq Liquid 500,PCAR,Paccar,Industrials,48,87,0.06077653,126.199997,133.869995,4H当日前50,4H EMA 多头排列已连续维持；4H MACD 零轴上方刚金叉；4H MACD 柱体连续扩张；4H RSI 位于健康强势区间
2026-07-17,2026-07-29,Prism,Nasdaq Liquid 500,TCOM,Trip.com Group Limited - American Depositary Shares,,49,216,0.08362777,42.450001,46.000000,4H当日前50,4H EMA9 已站上 EMA26，等待 26/50 确认；4H MACD 位于 Signal 上方；4H RSI 位于健康强势区间
2026-07-17,2026-07-29,Prism,Nasdaq Liquid 500,FOXA,Fox Corporation (Class A),Communication Services,50,175,0.02308230,57.619999,58.950001,4H当日前50,4H EMA9 已站上 EMA26，等待 26/50 确认；4H MACD 位于 Signal 上方；4H MACD 柱体连续扩张；4H RSI 位于健康强势区间
2026-07-17,2026-07-29,Prism,Russell,YOU,CLEAR SECURE INC CLASS A,Information Technology,1,64,0.04238801,56.029999,58.404999,4H当日前50,4H EMA9/26 最近金叉且价格在 EMA50 上方；4H MACD 零轴上方刚金叉；4H MACD 柱体连续扩张；4H RSI 位于健康强势区间
2026-07-17,2026-07-29,Prism,Russell,MBI,MBIA INC,Financials,2,1616,-0.17737003,6.540000,5.380000,4H当日前50,4H EMA9/26 最近金叉且价格在 EMA50 上方；4H MACD 刚金叉但仍需零轴确认；4H MACD 柱体连续扩张；4H RSI 位于健康强势区间
2026-07-17,2026-07-29,Prism,Russell,PRGO,PERRIGO PLC,Health Care,3,463,-0.02751866,10.720000,10.425000,4H当日前50,4H EMA9/26 最近金叉且价格在 EMA50 上方；4H MACD 零轴上方刚金叉；4H RSI 位于健康强势区间
2026-07-17,2026-07-29,Prism,Russell,WEN,WENDYS,Consumer Discretionary,4,520,-0.01417526,7.760000,7.650000,4H当日前50,4H EMA9/26 最近金叉且价格在 EMA50 上方；4H MACD 零轴上方刚金叉；4H MACD 柱体连续扩张；4H RSI 位于健康强势区间
2026-07-17,2026-07-29,Prism,Russell,DHC,DIVERSIFIED HEALTHCARE TRUST,Real Estate,5,1328,-0.02947598,9.160000,8.890000,4H当日前50,4H EMA9/26 最近金叉且价格在 EMA50 上方；4H MACD 位于 Signal 上方；4H MACD 柱体连续扩张；4H RSI 位于健康强势区间
2026-07-17,2026-07-29,Prism,Russell,KSS,KOHLS CORP,Consumer Discretionary,6,233,0.10173411,17.299999,19.059999,4H当日前50,4H EMA9/26 最近金叉且价格在 EMA50 上方；4H MACD 位于 Signal 上方；4H RSI 位于健康强势区间
2026-07-17,2026-07-29,Prism,Russell,AVBH,AVIDBANK HOLDINGS INC,Financials,7,219,0.01473788,32.230000,32.705002,4H当日前50,4H EMA9/26 最近金叉且价格在 EMA50 上方；4H MACD 刚金叉但仍需零轴确认
2026-07-17,2026-07-29,Prism,Russell,ARLO,ARLO TECHNOLOGIES INC,Information Technology,8,721,0.09090909,13.310000,14.520000,4H当日前50,4H EMA9/26 最近金叉且价格在 EMA50 上方；4H MACD 零轴上方刚金叉；4H MACD 柱体连续扩张；4H RSI 位于健康强势区间
2026-07-17,2026-07-29,Prism,Russell,PATK,PATRICK INDUSTRIES INC,Consumer Discretionary,9,68,-0.01668740,88.089996,86.620003,4H当日前50,4H EMA9/26 最近金叉且价格在 EMA50 上方；4H MACD 位于 Signal 上方；4H MACD 柱体连续扩张；4H RSI 位于健康强势区间
2026-07-17,2026-07-29,Prism,Russell,SONO,SONOS INC,Consumer Discretionary,10,968,0.15949702,15.110000,17.520000,4H当日前50,4H EMA9 已站上 EMA26，等待 26/50 确认；4H MACD 零轴上方刚金叉；4H MACD 柱体连续扩张；4H RSI 位于健康强势区间
2026-07-17,2026-07-29,Prism,Russell,GNL,GLOBAL NET LEASE INC,Real Estate,11,1064,-0.04211663,9.260000,8.870000,4H当日前50,4H EMA9/26 最近金叉且价格在 EMA50 上方；4H MACD 位于 Signal 上方；4H RSI 位于健康强势区间
2026-07-17,2026-07-29,Prism,Russell,TPC,TUTOR PERINI CORP,Industrials,12,1473,-0.02505725,78.620003,76.650002,4H当日前50,4H EMA9 已站上 EMA26，等待 26/50 确认；4H MACD 位于 Signal 上方；4H RSI 位于健康强势区间
2026-07-17,2026-07-29,Prism,Russell,SKY,CHAMPION HOMES INC,Consumer Discretionary,13,1339,-0.02865774,82.699997,80.330002,4H当日前50,4H EMA9/26 最近金叉且价格在 EMA50 上方；4H MACD 位于 Signal 上方；4H RSI 位于健康强势区间
2026-07-17,2026-07-29,Prism,Russell,CMCO,COLUMBUS MCKINNON CORP,Industrials,14,1317,0.01810585,14.360000,14.620000,4H当日前50,4H EMA9/26 最近金叉且价格在 EMA50 上方；4H MACD 位于 Signal 上方；4H RSI 位于健康强势区间
2026-07-17,2026-07-29,Prism,Russell,FET,FORUM ENERGY TECHNOLOGIES INC,Energy,15,1203,-0.02650648,52.439999,51.049999,4H当日前50,4H EMA9 已站上 EMA26，等待 26/50 确认；4H MACD 位于 Signal 上方；4H RSI 位于健康强势区间
2026-07-17,2026-07-29,Prism,Russell,HTLD,HEARTLAND EXPRESS INC,Industrials,16,1617,-0.15594542,15.390000,12.990000,4H当日前50,4H EMA9/26 最近金叉且价格在 EMA50 上方；4H MACD 位于 Signal 上方；4H MACD 柱体连续扩张；4H RSI 位于健康强势区间
2026-07-17,2026-07-29,Prism,Russell,KAI,KADANT INC,Industrials,17,1079,-0.02585129,311.010010,302.970001,4H当日前50,4H EMA9/26 最近金叉且价格在 EMA50 上方；4H MACD 位于 Signal 上方；4H RSI 位于健康强势区间
2026-07-17,2026-07-29,Prism,Russell,GCO,GENESCO INC,Consumer Discretionary,18,610,0.05572080,36.970001,39.029999,4H当日前50,4H EMA9 已站上 EMA26，等待 26/50 确认；4H MACD 位于 Signal 上方；4H RSI 位于健康强势区间
2026-07-17,2026-07-29,Prism,Russell,REPX,RILEY EXPLORATION PERMIAN INC,Energy,19,1151,-0.04285714,35.000000,33.500000,4H当日前50,4H EMA9 已站上 EMA26，等待 26/50 确认；4H MACD 位于 Signal 上方；4H RSI 位于健康强势区间
2026-07-17,2026-07-29,Prism,Russell,UVV,UNIVERSAL CORP,Consumer Staples,20,167,0.03208510,53.139999,54.845001,4H当日前50,4H EMA9/26 最近金叉且价格在 EMA50 上方；4H MACD 位于 Signal 上方；4H MACD 柱体连续扩张；4H RSI 位于健康强势区间
2026-07-17,2026-07-29,Prism,Russell,OIS,OIL STATES INTERNATIONAL INC,Energy,21,1480,-0.07888493,8.430000,7.765000,4H当日前50,4H EMA9 已站上 EMA26，等待 26/50 确认；4H MACD 位于 Signal 上方；4H RSI 位于健康强势区间
2026-07-17,2026-07-29,Prism,Russell,CODI,COMPASS DIVERSIFIED,Financials,22,906,-0.03049371,10.330000,10.015000,4H当日前50,4H EMA9 已站上 EMA26，等待 26/50 确认；4H MACD 位于 Signal 上方；4H MACD 柱体连续扩张；4H RSI 位于健康强势区间
2026-07-17,2026-07-29,Prism,Russell,NUS,NU SKIN ENTERPRISES INC CLASS A,Consumer Staples,23,5,0.00667939,5.240000,5.275000,4H当日前50,4H EMA9 已站上 EMA26，等待 26/50 确认；4H MACD 位于 Signal 上方；4H RSI 位于健康强势区间
2026-07-17,2026-07-29,Prism,Russell,EPSN,EPSILON ENERGY LTD,Energy,24,1047,0.00724638,5.520000,5.560000,4H当日前50,4H EMA9 已站上 EMA26，等待 26/50 确认；4H MACD 位于 Signal 上方；4H RSI 位于健康强势区间
2026-07-17,2026-07-29,Prism,Russell,NWPX,NWPX INFRASTRUCTURE INC,Industrials,25,1580,-0.10846598,138.199997,123.209999,4H当日前50,4H EMA9/26 最近金叉且价格在 EMA50 上方；4H MACD 位于 Signal 上方；4H MACD 柱体连续扩张；4H RSI 位于健康强势区间
2026-07-17,2026-07-29,Prism,Russell,KGEI,KOLIBRI GLOBAL ENERGY INC,Energy,26,1233,-0.01529637,5.230000,5.150000,4H当日前50,4H EMA9 已站上 EMA26，等待 26/50 确认；4H MACD 位于 Signal 上方；4H RSI 位于健康强势区间
2026-07-17,2026-07-29,Prism,Russell,MLR,MILLER INDUSTRIES INC,Industrials,27,647,0.01792909,49.639999,50.529999,4H当日前50,4H EMA9/26 最近金叉且价格在 EMA50 上方；4H MACD 位于 Signal 上方；4H RSI 位于健康强势区间
2026-07-17,2026-07-29,Prism,Russell,TNDM,TANDEM DIABETES CARE INC,Health Care,28,534,0.08840749,17.080000,18.590000,4H当日前50,4H EMA9 已站上 EMA26，等待 26/50 确认；4H MACD 位于 Signal 上方；4H MACD 柱体连续扩张；4H RSI 位于健康强势区间
2026-07-17,2026-07-29,Prism,Russell,PAHC,PHIBRO ANIMAL HEALTH CORP CLASS A,Health Care,29,931,0.10927649,33.310001,36.950001,4H当日前50,4H EMA9 已站上 EMA26，等待 26/50 确认；4H MACD 位于 Signal 上方；4H RSI 位于健康强势区间
2026-07-17,2026-07-29,Prism,Russell,SPOK,SPOK HOLDINGS INC,Communication,30,362,0.03007519,10.640000,10.960000,4H当日前50,4H EMA9 已站上 EMA26，等待 26/50 确认；4H MACD 位于 Signal 上方；4H RSI 位于健康强势区间
2026-07-17,2026-07-29,Prism,Russell,KRO,KRONOS WORLDWIDE INC,Materials,31,1246,-0.06003040,6.580000,6.185000,4H当日前50,4H EMA9 已站上 EMA26，等待 26/50 确认；4H MACD 位于 Signal 上方；4H RSI 位于健康强势区间
2026-07-17,2026-07-29,Prism,Russell,INR,INFINITY NATURAL RESOURCES INC CLA,Energy,32,1223,-0.04923077,13.000000,12.360000,4H当日前50,4H EMA9 已站上 EMA26，等待 26/50 确认；4H MACD 位于 Signal 上方；4H RSI 位于健康强势区间
2026-07-17,2026-07-29,Prism,Russell,MFA,MFA FINANCIAL INC,Financials,33,1017,-0.03015873,9.450000,9.165000,4H当日前50,4H EMA9 已站上 EMA26，等待 26/50 确认；4H MACD 位于 Signal 上方；4H RSI 位于健康强势区间
2026-07-17,2026-07-29,Prism,Russell,LADR,LADDER CAPITAL CORP CLASS A,Financials,34,352,-0.02191235,10.040000,9.820000,4H当日前50,4H EMA9/26 最近金叉且价格在 EMA50 上方；4H MACD 位于 Signal 上方；4H RSI 位于健康强势区间
2026-07-17,2026-07-29,Prism,Russell,MCS,THE MARCUS CORP,Communication,35,650,0.08286334,23.049999,24.959999,4H当日前50,4H EMA9/26 最近金叉且价格在 EMA50 上方；4H MACD 位于 Signal 上方；4H MACD 柱体连续扩张；4H RSI 位于健康强势区间
2026-07-17,2026-07-29,Prism,Russell,GPI,GROUP AUTOMOTIVE INC,Consumer Discretionary,36,399,0.09501322,326.059998,357.040009,4H当日前50,4H EMA9 已站上 EMA26，等待 26/50 确认；4H MACD 位于 Signal 上方；4H RSI 位于健康强势区间
2026-07-17,2026-07-29,Prism,Russell,BLX,BLADEX INC CLASS E,Financials,37,1277,-0.03343458,59.250000,57.269001,4H当日前50,4H EMA9/26 最近金叉且价格在 EMA50 上方；4H MACD 位于 Signal 上方；4H RSI 位于健康强势区间
2026-07-17,2026-07-29,Prism,Russell,CNX,CNX RESOURCES CORP,Energy,38,343,0.04387028,33.279999,34.740002,4H当日前50,4H EMA9 已站上 EMA26，等待 26/50 确认；4H MACD 位于 Signal 上方；4H RSI 位于健康强势区间
2026-07-17,2026-07-29,Prism,Russell,HMH,HMH HOLDING INC CLASS A,Energy,39,1098,-0.05038168,19.650000,18.660000,4H当日前50,4H EMA9 已站上 EMA26，等待 26/50 确认；4H MACD 位于 Signal 上方；4H RSI 位于健康强势区间
2026-07-17,2026-07-29,Prism,Russell,REAL,THE REALREAL INC,Consumer Discretionary,40,226,0.04281891,11.210000,11.690000,4H当日前50,4H EMA9/26 最近金叉且价格在 EMA50 上方；4H MACD 位于 Signal 上方；4H RSI 位于健康强势区间
2026-07-17,2026-07-29,Prism,Russell,LAND,GLADSTONE LAND REIT CORP,Real Estate,41,1070,-0.03483724,8.755000,8.450000,4H当日前50,4H EMA9 已站上 EMA26，等待 26/50 确认；4H MACD 位于 Signal 上方；4H RSI 位于健康强势区间
2026-07-17,2026-07-29,Prism,Russell,NOG,NORTHERN OIL AND GAS INC,Energy,42,767,-0.00613506,21.190001,21.059999,4H当日前50,4H EMA9 已站上 EMA26，等待 26/50 确认；4H MACD 位于 Signal 上方；4H MACD 柱体连续扩张；4H RSI 位于健康强势区间
2026-07-17,2026-07-29,Prism,Russell,FPI,FARMLAND PARTNERS INC,Real Estate,43,1150,-0.01853759,9.710000,9.530000,4H当日前50,4H EMA9 已站上 EMA26，等待 26/50 确认；4H MACD 位于 Signal 上方；4H RSI 位于健康强势区间
2026-07-17,2026-07-29,Prism,Russell,UNTY,UNITY BANCORP INC,Financials,44,224,0.02689958,57.250000,58.790001,4H当日前50,4H EMA9/26 最近金叉且价格在 EMA50 上方；4H MACD 位于 Signal 上方；4H RSI 位于健康强势区间
2026-07-17,2026-07-29,Prism,Russell,ECVT,ECOVYST INC,Materials,45,1141,-0.06633049,12.890000,12.035000,4H当日前50,4H EMA9 已站上 EMA26，等待 26/50 确认；4H MACD 位于 Signal 上方；4H RSI 位于健康强势区间
2026-07-17,2026-07-29,Prism,Russell,PRLB,PROTO LABS INC,Industrials,46,1601,-0.08116468,77.620003,71.320000,4H当日前50,4H EMA9/26 最近金叉且价格在 EMA50 上方；4H MACD 位于 Signal 上方；4H RSI 位于健康强势区间
2026-07-17,2026-07-29,Prism,Russell,MGY,MAGNOLIA OIL GAS CORP CLASS A,Energy,47,1027,-0.08198826,27.260000,25.025000,4H当日前50,4H EMA9 已站上 EMA26，等待 26/50 确认；4H MACD 位于 Signal 上方；4H RSI 位于健康强势区间
2026-07-17,2026-07-29,Prism,Russell,TWST,TWIST BIOSCIENCE CORP,Health Care,48,1434,-0.08929139,93.849998,85.470001,4H当日前50,4H EMA9/26 最近金叉且价格在 EMA50 上方；4H MACD 柱体连续扩张；4H RSI 位于健康强势区间
2026-07-17,2026-07-29,Prism,Russell,SMP,STANDARD MOTOR PRODUCTS INC,Consumer Discretionary,49,320,0.05001296,38.590000,40.520000,4H当日前50,4H EMA9/26 最近金叉且价格在 EMA50 上方；4H MACD 位于 Signal 上方；4H RSI 位于健康强势区间
2026-07-17,2026-07-29,Prism,Russell,ABR,ARBOR REALTY TRUST REIT INC,Financials,50,415,-0.01737452,5.180000,5.090000,4H当日前50,4H EMA9 已站上 EMA26，等待 26/50 确认；4H MACD 位于 Signal 上方；4H MACD 柱体连续扩张；4H RSI 位于健康强势区间
2026-07-17,2026-07-29,Aster Call,Aster,YOU,CLEAR SECURE INC CLASS A,Information Technology,1,24,0.04238801,56.029999,58.404999,Aster当日前50,4H EMA 刚转强；4H MACD 新金叉
2026-07-17,2026-07-29,Aster Call,Aster,MO,Altria,Consumer Staples,2,,0.00970221,74.209999,74.930000,Aster当日前50,4H EMA 刚转强；4H MACD 新金叉
2026-07-17,2026-07-29,Aster Call,Aster,FANG,Diamondback Energy,Energy,3,,0.01835948,195.539993,199.130005,Aster当日前50,4H EMA 刚转强；4H MACD 多头
2026-07-17,2026-07-29,Aster Call,Aster,ADSK,Autodesk,Information Technology,4,,0.12319667,218.350006,245.250000,Aster当日前50,4H EMA 刚转强；4H MACD 多头
2026-07-17,2026-07-29,Aster Call,Aster,TRVI,TREVI THERAPEUTICS INC,Health Care,5,,-0.05138962,19.070000,18.090000,Aster当日前50,4H EMA 刚转强；4H MACD 新金叉
2026-07-17,2026-07-29,Aster Call,Aster,SONO,SONOS INC,Consumer Discretionary,6,,0.15949702,15.110000,17.520000,Aster当日前50,4H EMA 刚转强；4H MACD 新金叉
2026-07-17,2026-07-29,Aster Call,Aster,ARLO,ARLO TECHNOLOGIES INC,Information Technology,7,,0.09090909,13.310000,14.520000,Aster当日前50,4H EMA 刚转强；4H MACD 新金叉
2026-07-17,2026-07-29,Aster Call,Aster,TYL,Tyler Technologies,Information Technology,8,,0.04481856,319.510010,333.829987,Aster当日前50,4H EMA 多头趋势；4H MACD 新金叉
2026-07-17,2026-07-29,Aster Call,Aster,SBRA,SABRA HEALTH CARE REIT INC,Real Estate,9,,-0.00546996,20.110001,20.000000,Aster当日前50,4H EMA 多头趋势；4H MACD 新金叉
2026-07-17,2026-07-29,Aster Call,Aster,TRMB,Trimble Inc.,Information Technology,10,,0.00929435,52.720001,53.209999,Aster当日前50,4H EMA 刚转强；4H MACD 新金叉
2026-07-17,2026-07-29,Aster Call,Aster,KAI,KADANT INC,Industrials,11,,-0.02585129,311.010010,302.970001,Aster当日前50,4H EMA 刚转强；4H MACD 多头
2026-07-17,2026-07-29,Aster Call,Aster,ABBV,AbbVie,Health Care,12,,0.03587563,254.490005,263.619995,Aster当日前50,4H EMA 多头趋势；4H MACD 新金叉
2026-07-17,2026-07-29,Aster Call,Aster,XOM,ExxonMobil,Energy,13,,0.06416260,147.360001,156.815002,Aster当日前50,4H EMA 刚转强；4H MACD 多头
2026-07-17,2026-07-29,Aster Call,Aster,TPC,TUTOR PERINI CORP,Industrials,14,,-0.02505725,78.620003,76.650002,Aster当日前50,4H EMA 刚转强；4H MACD 多头
2026-07-17,2026-07-29,Aster Call,Aster,REPX,RILEY EXPLORATION PERMIAN INC,Energy,15,,-0.04285714,35.000000,33.500000,Aster当日前50,4H EMA 刚转强；4H MACD 多头
2026-07-17,2026-07-29,Aster Call,Aster,FOXA,Fox Corporation (Class A),Communication Services,16,,-0.00242969,57.619999,57.480000,Aster当日前50,4H EMA 刚转强；4H MACD 多头
2026-07-17,2026-07-29,Aster Call,Aster,COP,ConocoPhillips,Energy,17,,0.00832536,114.709999,115.665001,Aster当日前50,4H EMA 刚转强；4H MACD 多头
2026-07-17,2026-07-29,Aster Call,Aster,GCO,GENESCO INC,Consumer Discretionary,18,,0.00486884,36.970001,37.150002,Aster当日前50,4H EMA 刚转强；4H MACD 多头
2026-07-17,2026-07-29,Aster Call,Aster,BMI,BADGER METER INC,Information Technology,19,,-0.10670322,149.479996,133.529999,Aster当日前50,4H EMA 多头趋势；4H MACD 新金叉
2026-07-17,2026-07-29,Aster Call,Aster,SNA,Snap-on,Industrials,20,,0.00939200,410.989990,414.850006,Aster当日前50,4H EMA 多头趋势；4H MACD 新金叉
2026-07-17,2026-07-29,Aster Call,Aster,AWK,American Water Works,Utilities,21,,0.02198210,135.110001,138.080002,Aster当日前50,4H EMA 多头趋势；4H MACD 新金叉
2026-07-17,2026-07-29,Aster Call,Aster,GPI,GROUP AUTOMOTIVE INC,Consumer Discretionary,22,,0.09501322,326.059998,357.040009,Aster当日前50,4H EMA 刚转强；4H MACD 多头
2026-07-17,2026-07-29,Aster Call,Aster,ITRI,ITRON INC,Information Technology,23,,0.19002215,85.989998,102.330002,Aster当日前50,4H EMA 多头趋势；4H MACD 新金叉
2026-07-17,2026-07-29,Aster Call,Aster,DGX,Quest Diagnostics,Health Care,24,,0.11610028,210.679993,235.139999,Aster当日前50,4H EMA 刚转强
2026-07-17,2026-07-29,Aster Call,Aster,BKD,BROOKDALE SENIOR LIVING INC,Health Care,25,,-0.00966023,15.010000,14.865000,Aster当日前50,4H EMA 刚转强；4H MACD 新金叉
2026-07-17,2026-07-29,Aster Call,Aster,CTVA,Corteva,Materials,26,,-0.00584195,87.300003,86.790001,Aster当日前50,4H EMA 多头趋势；4H MACD 新金叉
2026-07-17,2026-07-29,Aster Call,Aster,CADL,CANDEL THERAPEUTICS INC,Health Care,27,,-0.07662083,10.180000,9.400000,Aster当日前50,4H EMA 刚转强；4H MACD 新金叉
2026-07-17,2026-07-29,Aster Call,Aster,ACT,ENACT HOLDINGS INC,Financials,28,,0.03912296,46.520000,48.340000,Aster当日前50,4H EMA 多头趋势；4H MACD 新金叉
2026-07-17,2026-07-29,Aster Call,Aster,GRMN,Garmin,Consumer Discretionary,29,,0.18155953,249.559998,294.869995,Aster当日前50,4H EMA 多头趋势；4H MACD 新金叉
2026-07-17,2026-07-29,Aster Call,Aster,CF,CF Industries,Materials,30,,0.04850931,121.419998,127.309998,Aster当日前50,4H EMA 多头趋势；4H MACD 新金叉
2026-07-17,2026-07-29,Aster Call,Aster,WSM,"Williams-Sonoma, Inc.",Consumer Discretionary,31,,0.02372925,228.410004,233.830002,Aster当日前50,4H EMA 刚转强；4H MACD 多头
2026-07-17,2026-07-29,Aster Call,Aster,FSLY,FASTLY INC CLASS A,Information Technology,32,,-0.00144778,20.719999,20.690001,Aster当日前50,4H EMA 多头趋势；4H MACD 新金叉
2026-07-17,2026-07-29,Aster Call,Aster,ARES,Ares Management,Financials,33,,-0.00831475,125.680000,124.635002,Aster当日前50,4H EMA 刚转强；4H MACD 多头
2026-07-17,2026-07-29,Aster Call,Aster,GLRE,GREENLIGHT CAPITAL LTD CLASS A,Financials,34,,0.02226134,17.070000,17.450001,Aster当日前50,4H EMA 多头趋势；4H MACD 新金叉
2026-07-17,2026-07-29,Aster Call,Aster,FIVE,"Five Below, Inc. - Common Stock",,35,26,0.03385481,202.630005,209.490005,Aster当日前50,4H EMA 刚转强；4H MACD 多头
2026-07-17,2026-07-29,Aster Call,Aster,VRSN,Verisign,Information Technology,36,,0.04775628,277.660004,290.920013,Aster当日前50,4H EMA 刚转强；4H MACD 多头
2026-07-17,2026-07-29,Aster Call,Aster,TNDM,TANDEM DIABETES CARE INC,Health Care,37,,0.08840749,17.080000,18.590000,Aster当日前50,4H EMA 刚转强；4H MACD 多头
2026-07-17,2026-07-29,Aster Call,Aster,FWONK,Liberty Media Corporation - Series C Liberty Formula One Common Stock,,38,,-0.00303325,102.199997,101.889999,Aster当日前50,4H EMA 多头趋势；4H MACD 新金叉
2026-07-17,2026-07-29,Aster Call,Aster,FWONA,Liberty Media Corporation - Series A Liberty Formula One Common Stock,,39,,-0.00404769,93.879997,93.500000,Aster当日前50,4H EMA 多头趋势；4H MACD 新金叉
2026-07-17,2026-07-29,Aster Call,Aster,MRK,Merck & Co.,Health Care,40,,0.02266666,127.500000,130.389999,Aster当日前50,4H EMA 多头趋势；4H MACD 新金叉
2026-07-17,2026-07-29,Aster Call,Aster,NNI,NELNET INC CLASS A,Financials,41,,0.02815013,134.279999,138.059998,Aster当日前50,4H EMA 多头趋势；4H MACD 新金叉
2026-07-17,2026-07-29,Aster Call,Aster,CARE,CARTER BANKSHARES INC,Financials,42,,0.03478261,33.349998,34.509998,Aster当日前50,4H EMA 多头趋势；4H MACD 新金叉
2026-07-17,2026-07-29,Aster Call,Aster,LASR,NLIGHT INC,Information Technology,43,,-0.14700361,69.250000,59.070000,Aster当日前50,4H EMA 刚转强；4H MACD 新金叉
2026-07-17,2026-07-29,Aster Call,Aster,ESTA,ESTABLISHMENT LABS INC,Health Care,44,,-0.00702098,92.580002,91.930000,Aster当日前50,4H EMA 多头趋势；4H MACD 新金叉
2026-07-17,2026-07-29,Aster Call,Aster,LH,Labcorp,Health Care,45,,-0.00645461,283.359985,281.531006,Aster当日前50,4H EMA 多头趋势；4H MACD 新金叉
2026-07-17,2026-07-29,Aster Call,Aster,QTWO,Q2 HOLDINGS INC,Information Technology,46,,0.10043744,54.860001,60.369999,Aster当日前50,4H EMA 多头趋势；4H MACD 新金叉
2026-07-17,2026-07-29,Aster Call,Aster,AMN,AMN HEALTHCARE INC,Health Care,47,,-0.00982863,35.000000,34.655998,Aster当日前50,4H EMA 多头趋势；4H MACD 新金叉
2026-07-17,2026-07-29,Aster Call,Aster,ULTA,Ulta Beauty,Consumer Discretionary,48,,0.01774502,479.570007,488.079987,Aster当日前50,4H EMA 刚转强；4H MACD 多头
2026-07-17,2026-07-29,Aster Call,Aster,AIN,ALBANY INTERNATIONAL CORP CLASS A,Industrials,49,,-0.00979344,74.540001,73.809998,Aster当日前50,4H EMA 多头趋势；4H MACD 新金叉
2026-07-17,2026-07-29,Aster Call,Aster,FBLA,FB BANCORP INC,Financials,50,,0.01469628,15.310000,15.535000,Aster当日前50,4H EMA 多头趋势；4H MACD 新金叉
