rank,ticker,name,sector,daily_strategy,daily_universe,daily_rank,calibrated_score,daily_setup_score,h4_timing_score,cat_mid_score,risk_score,4h_signal_score,4h_technical_score,early_signal_score,daily_ema_score,daily_ema_state,daily_macd_score,daily_macd_state,cat_score,prism_score,overheat_penalty,ema_score,ema_state,macd_score,macd_state,rsi14,latest_price,volume_ratio,return_3_blocks,return_1w,return_1m,return_60_blocks,reasons,risks
1,BNTX,BioNTech SE - American Depositary Shares,,Early,Nasdaq Liquid 500,12,95.47,75.42,92.8,93.8,58.8,78.22,75.8,68.68,100.0,fresh_bullish_cross,71.8,fresh_below_zero_cross_proxy,46.45,45.29,0.0,94,fresh_bullish_cross,72,fresh_below_zero_cross,55.58,92.949997,1.17,0.01043482,0.01186584,-0.01379314,0.02322767,4H EMA9/26 最近金叉且价格在 EMA50 上方；4H MACD 刚金叉但仍需零轴确认；4H MACD 柱体连续扩张；4H RSI 位于健康强势区间,
2,CHDN,"Churchill Downs, Incorporated - Common Stock",,Early,Nasdaq Liquid 500,45,92.78,71.59,87.7,98.4,58.8,68.89,67.1,63.81,100.0,fresh_bullish_cross,51.15,bullish_below_zero_proxy,47.35,45.47,0.0,76,early_transition,70,bullish_above_signal,61.6,88.529999,2.23,-0.00460988,0.07740053,-0.02564387,-0.04105287,4H EMA9 已站上 EMA26，等待 26/50 确认；4H MACD 位于 Signal 上方；4H RSI 位于健康强势区间,
3,COIN,Coinbase,Financials,Early,Nasdaq Liquid 500,65,92.27,74.35,95.5,67.8,58.8,67.66,67.4,61.06,82.0,early_transition,49.8,bullish_below_zero_proxy,54.24,51.6,0.0,76,early_transition,80,fresh_above_zero_cross,45.92,160.089996,0.86,-0.03832525,-0.03635712,0.05565448,-0.05632354,4H EMA9 已站上 EMA26，等待 26/50 确认；4H MACD 零轴上方刚金叉,
4,FUTU,Futu Holdings Limited - American Depositary Shares,,Early,Nasdaq Liquid 500,82,91.14,73.08,87.7,84.0,58.8,66.58,66.2,59.21,82.0,early_transition,49.8,bullish_below_zero_proxy,50.8,46.16,0.0,76,early_transition,70,bullish_above_signal,53.7,101.879997,0.58,0.00196693,-0.03959281,0.04857959,0.01768051,4H EMA9 已站上 EMA26，等待 26/50 确认；4H MACD 位于 Signal 上方；4H RSI 位于健康强势区间,
5,ERIE,Erie Indemnity,Financials,Early,Nasdaq Liquid 500,3,90.23,77.18,90.4,61.2,58.8,71.74,68.6,72.34,100.0,fresh_bullish_cross,71.8,fresh_below_zero_cross_proxy,55.83,50.92,0.0,82,fresh_bullish_cross,66,bullish_above_signal,65.06,248.550003,1.14,0.03364383,0.17969529,0.04652633,0.10935059,4H EMA9/26 最近金叉且价格在 EMA50 上方；4H MACD 位于 Signal 上方；4H MACD 柱体连续扩张；4H RSI 位于健康强势区间,4H 相对 EMA26 超过 2 ATR，短线偏追高
6,COST,Costco,Consumer Staples,Early,Nasdaq Liquid 500,34,86.8,72.57,79.7,77.6,58.8,63.4,61.0,65.58,100.0,fresh_bullish_cross,49.8,bullish_below_zero_proxy,52.03,50.16,0.0,64,early_transition,78,bullish_above_signal,68.74,974.030029,0.91,0.00500946,0.05057490,0.02930365,-0.00553370,4H EMA9 已站上 EMA26，等待 26/50 确认；4H MACD 位于 Signal 上方；4H MACD 柱体连续扩张,4H 相对 EMA26 超过 2 ATR，短线偏追高；4H RSI 偏热
7,BIIB,Biogen,Health Care,Early,Nasdaq Liquid 500,29,85.54,67.19,90.4,93.2,58.8,75.1,74.0,66.49,75.0,confirmed_bullish_trend,90.15,fresh_above_zero_cross_proxy,46.24,50.5,0.0,94,fresh_bullish_cross,66,bullish_above_signal,59.32,209.229996,1.89,0.03743556,0.05799960,-0.03438249,0.05235886,4H EMA9/26 最近金叉且价格在 EMA50 上方；4H MACD 位于 Signal 上方；4H MACD 柱体连续扩张；4H RSI 位于健康强势区间,
8,PTC,PTC Inc.,Information Technology,Early,Nasdaq Liquid 500,5,82.97,74.78,87.7,25.6,58.8,66.66,62.95,71.47,100.0,fresh_bullish_cross,51.15,bullish_below_zero_proxy,68.62,53.97,0.0,64,early_transition,78,bullish_above_signal,67.01,132.460007,2.83,0.03025589,0.17107246,0.16315429,0.15338069,4H EMA9 已站上 EMA26，等待 26/50 确认；4H MACD 位于 Signal 上方；4H MACD 柱体连续扩张；4H RSI 位于健康强势区间,4H 相对 EMA26 超过 2 ATR，短线偏追高
9,MNST,Monster Beverage,Consumer Staples,Early,Nasdaq Liquid 500,192,81.47,54.53,90.4,95.6,58.8,70.79,73.1,49.73,72.0,confirmed_bullish_trend,25.0,bearish_proxy,48.24,49.4,0.0,94,fresh_bullish_cross,66,bullish_above_signal,56.33,97.230003,0.93,-0.00389302,0.01651857,-0.00419906,0.04284874,4H EMA9/26 最近金叉且价格在 EMA50 上方；4H MACD 位于 Signal 上方；4H MACD 柱体连续扩张；4H RSI 位于健康强势区间,
10,DOX,Amdocs Limited - Ordinary Shares,,Early,Nasdaq Liquid 500,15,81.25,72.99,79.7,39.6,58.8,65.71,61.9,68.32,100.0,fresh_bullish_cross,49.8,bullish_below_zero_proxy,62.03,48.41,0.0,64,early_transition,78,bullish_above_signal,69.16,56.82,1.13,0.02711497,0.10933227,0.10437316,0.01645792,4H EMA9 已站上 EMA26，等待 26/50 确认；4H MACD 位于 Signal 上方；4H MACD 柱体连续扩张,4H 相对 EMA26 超过 2 ATR，短线偏追高；4H RSI 偏热
11,CPRT,Copart,Industrials,Early,Nasdaq Liquid 500,9,80.83,73.44,79.7,35.8,58.8,63.55,59.5,69.23,100.0,fresh_bullish_cross,49.8,bullish_below_zero_proxy,64.32,49.86,0.0,64,early_transition,70,bullish_above_signal,69.77,30.82,1.13,-0.00307297,0.13475700,0.09679715,0.01749749,4H EMA9 已站上 EMA26，等待 26/50 确认；4H MACD 位于 Signal 上方,4H 相对 EMA26 超过 2 ATR，短线偏追高；4H RSI 偏热
12,MDLN,Medline Inc. - Class A common stock,,Early,Nasdaq Liquid 500,158,80.61,68.02,75.1,99.2,58.8,71.06,73.4,51.99,82.0,early_transition,25.0,bearish_proxy,47.7,45.54,0.0,100,confirmed_bullish_trend,58,bullish_above_signal,54.22,40.119999,0.7,-0.00791296,0.07907474,0.01261989,0.07416335,4H EMA 多头排列已连续维持；4H MACD 位于 Signal 上方；4H RSI 位于健康强势区间,
13,VRTX,Vertex Pharmaceuticals,Health Care,Early,Nasdaq Liquid 500,198,80.37,54.49,90.4,88.4,58.8,69.44,71.6,49.0,72.0,confirmed_bullish_trend,25.0,bearish_proxy,45.34,50.32,0.0,94,fresh_bullish_cross,58,bullish_above_signal,50.2,483.329987,1.23,-0.00596430,0.02279073,-0.03266288,0.07294600,4H EMA9/26 最近金叉且价格在 EMA50 上方；4H MACD 位于 Signal 上方；4H RSI 位于健康强势区间,
14,OZK,Bank OZK - Common Stock,,Early,Nasdaq Liquid 500,189,80.31,54.14,92.8,82.4,58.8,73.22,75.8,50.1,72.0,confirmed_bullish_trend,25.0,bearish_proxy,51.05,46.21,0.0,94,fresh_bullish_cross,72,fresh_below_zero_cross,56.03,51.549999,1.47,0.00920119,0.01078429,-0.00135606,0.00782008,4H EMA9/26 最近金叉且价格在 EMA50 上方；4H MACD 刚金叉但仍需零轴确认；4H MACD 柱体连续扩张；4H RSI 位于健康强势区间,
15,MAR,Marriott International,Consumer Discretionary,Early,Nasdaq Liquid 500,103,79.71,59.11,87.7,80.4,58.8,65.39,67.1,56.64,72.0,confirmed_bullish_trend,49.8,bullish_below_zero_proxy,51.63,47.33,0.0,76,early_transition,70,bullish_above_signal,58.71,381.119995,1.28,0.00591214,0.03072259,0.01672666,-0.04869832,4H EMA9 已站上 EMA26，等待 26/50 确认；4H MACD 位于 Signal 上方；4H RSI 位于健康强势区间,
16,SNY,Sanofi - American Depositary Shares,,Early,Nasdaq Liquid 500,50,79.6,75.59,75.1,74.8,58.8,78.61,77.9,62.9,82.0,early_transition,61.8,bullish_above_signal_proxy,52.89,46.58,0.0,100,confirmed_bullish_trend,70,bullish_above_signal,58.92,44.849998,1.35,-0.00889020,0.02397258,0.03293413,0.02385568,4H EMA 多头排列已连续维持；4H MACD 位于 Signal 上方；4H RSI 位于健康强势区间,
17,LYFT,"Lyft, Inc. - Class A Common Stock",,Early,Nasdaq Liquid 500,185,79.58,54.28,92.8,77.2,58.8,73.22,75.8,50.49,72.0,confirmed_bullish_trend,25.0,bearish_proxy,52.23,46.45,0.0,94,fresh_bullish_cross,72,fresh_below_zero_cross,54.74,15.44,1.09,0.00776054,0.05464481,0.01146413,0.08503162,4H EMA9/26 最近金叉且价格在 EMA50 上方；4H MACD 刚金叉但仍需零轴确认；4H MACD 柱体连续扩张；4H RSI 位于健康强势区间,
18,GILD,Gilead Sciences,Health Care,Early,Nasdaq Liquid 500,117,79.51,69.76,82.9,67.0,58.8,77.0,80.0,55.01,82.0,early_transition,25.0,bearish_proxy,54.45,52.14,0.0,100,confirmed_bullish_trend,80,fresh_above_zero_cross,52.91,132.729996,1.03,-0.00740357,0.01849286,0.05074411,0.06786273,4H EMA 多头排列已连续维持；4H MACD 零轴上方刚金叉；4H RSI 位于健康强势区间,
19,AXON,Axon Enterprise,Industrials,Early,Nasdaq Liquid 500,156,78.92,55.31,90.4,76.8,58.8,69.44,71.6,52.06,75.0,confirmed_bullish_trend,25.0,bearish_proxy,52.33,50.72,0.0,94,fresh_bullish_cross,58,bullish_above_signal,51.37,531.200012,1.17,-0.02922482,0.08075116,0.04038549,0.19863708,4H EMA9/26 最近金叉且价格在 EMA50 上方；4H MACD 位于 Signal 上方；4H RSI 位于健康强势区间,
20,DDOG,Datadog,Information Technology,Early,Nasdaq Liquid 500,137,78.33,55.85,92.8,65.2,58.8,73.22,75.8,53.22,75.0,confirmed_bullish_trend,26.35,bearish_proxy,54.82,51.21,0.0,94,fresh_bullish_cross,72,fresh_below_zero_cross,59.7,264.200012,2.13,0.05179350,0.07538269,0.06279422,0.13303036,4H EMA9/26 最近金叉且价格在 EMA50 上方；4H MACD 刚金叉但仍需零轴确认；4H MACD 柱体连续扩张；4H RSI 位于健康强势区间,
21,IDXX,Idexx Laboratories,Health Care,Early,Nasdaq Liquid 500,61,77.62,74.56,75.1,64.0,58.8,76.03,76.7,61.47,82.0,early_transition,49.8,bullish_below_zero_proxy,55.26,52.3,0.0,100,confirmed_bullish_trend,66,bullish_above_signal,58.68,569.77002,1.1,0.00225163,0.04556468,0.06333106,-0.00064895,4H EMA 多头排列已连续维持；4H MACD 位于 Signal 上方；4H MACD 柱体连续扩张；4H RSI 位于健康强势区间,
22,GLPI,"Gaming and Leisure Properties, Inc. - Common Stock",,Early,Nasdaq Liquid 500,84,77.38,72.86,65.2,92.8,58.8,60.1,59.0,58.58,82.0,early_transition,49.8,bullish_below_zero_proxy,48.87,45.77,0.0,58,mixed_sideways,70,bullish_above_signal,62.76,46.009998,1.49,-0.00010868,0.02884609,0.00174174,-0.01582892,4H MACD 位于 Signal 上方；4H RSI 位于健康强势区间,4H EMA 仍偏震荡
23,PODD,Insulet Corporation,Health Care,Early,Nasdaq Liquid 500,35,77.07,77.12,75.1,54.4,58.8,79.96,79.4,65.29,82.0,early_transition,61.8,bullish_above_signal_proxy,57.73,52.8,0.0,100,confirmed_bullish_trend,78,bullish_above_signal,63.09,170.619995,0.8,0.00821367,0.07321675,0.08062573,0.15174832,4H EMA 多头排列已连续维持；4H MACD 位于 Signal 上方；4H MACD 柱体连续扩张；4H RSI 位于健康强势区间,
24,PDD,PDD Holdings Inc. - American Depositary Shares,,Early,Nasdaq Liquid 500,14,77.04,77.54,82.9,32.4,58.8,80.52,78.35,68.44,85.0,early_transition,63.15,bullish_above_signal_proxy,65.93,49.19,0.0,89,confirmed_bullish_trend,88,fresh_above_zero_cross,64.55,88.32,1.94,0.02901685,0.05683858,0.15390644,0.05671211,4H EMA 多头排列已连续维持；4H MACD 零轴上方刚金叉；4H MACD 柱体连续扩张；4H RSI 位于健康强势区间,4H 相对 EMA26 超过 2 ATR，短线偏追高
25,UMBF,UMB FINANCIAL CORP,Financials,Early,Nasdaq Liquid 500,131,76.85,55.5,92.8,56.2,58.8,68.36,70.4,53.49,75.0,confirmed_bullish_trend,26.35,bearish_proxy,57.12,48.42,0.0,82,fresh_bullish_cross,72,fresh_below_zero_cross,63.24,148.270004,1.7,0.03707073,0.05365266,0.04437559,0.10410315,4H EMA9/26 最近金叉且价格在 EMA50 上方；4H MACD 刚金叉但仍需零轴确认；4H MACD 柱体连续扩张；4H RSI 位于健康强势区间,4H 相对 EMA26 超过 2 ATR，短线偏追高
26,NTES,"NetEase, Inc. - American Depositary Shares, each representing 5 ordinary shares",,Early,Nasdaq Liquid 500,96,76.75,66.61,67.6,96.8,58.8,59.83,58.7,57.23,100.0,fresh_bullish_cross,25.0,bearish_proxy,47.22,45.44,0.0,58,mixed_sideways,72,fresh_below_zero_cross,56.09,129.619995,0.64,0.01020963,0.07008997,0.00433904,0.02873012,4H MACD 刚金叉但仍需零轴确认；4H MACD 柱体连续扩张；4H RSI 位于健康强势区间,4H EMA 仍偏震荡
27,TSCO,Tractor Supply,Consumer Discretionary,Early,Nasdaq Liquid 500,77,76.65,73.51,65.2,86.4,58.8,59.29,58.1,59.38,82.0,early_transition,49.8,bullish_below_zero_proxy,50.05,48.76,0.0,58,mixed_sideways,70,bullish_above_signal,53.14,31.0,0.93,-0.02171169,0.05370496,-0.00672858,0.00404858,4H MACD 位于 Signal 上方；4H RSI 位于健康强势区间,4H EMA 仍偏震荡
28,FIVE,"Five Below, Inc. - Common Stock",,Early,Nasdaq Liquid 500,16,75.79,77.4,82.9,24.4,58.8,82.81,80.9,68.22,82.0,early_transition,61.8,bullish_above_signal_proxy,68.99,49.8,0.0,100,confirmed_bullish_trend,80,fresh_above_zero_cross,62.46,209.490005,1.52,0.01669499,0.02200219,0.17532540,0.08023520,4H EMA 多头排列已连续维持；4H MACD 零轴上方刚金叉；4H RSI 位于健康强势区间,
29,LKQ,LKQ Corporation - Common Stock,,Early,Nasdaq Liquid 500,39,75.71,71.69,65.2,84.4,58.8,61.6,59.0,64.52,100.0,fresh_bullish_cross,49.8,bullish_below_zero_proxy,50.51,46.1,0.0,58,mixed_sideways,70,bullish_above_signal,58.93,26.389999,1.4,-0.01364231,0.04826217,0.01033683,0.00956389,4H MACD 位于 Signal 上方；4H RSI 位于健康强势区间,4H EMA 仍偏震荡
30,ORLY,O’Reilly Automotive,Consumer Discretionary,Early,Nasdaq Liquid 500,72,75.64,73.71,65.2,79.2,58.8,59.29,58.1,59.97,82.0,early_transition,49.8,bullish_below_zero_proxy,51.85,49.12,0.0,58,mixed_sideways,70,bullish_above_signal,60.57,90.629997,0.74,-0.00853306,0.04738239,0.00532440,0.00409921,4H MACD 位于 Signal 上方；4H RSI 位于健康强势区间,4H EMA 仍偏震荡
31,NICE,NICE Ltd - American Depositary Shares each representing one Ordinary Share,,Early,Nasdaq Liquid 500,1,75.19,82.55,75.1,29.2,58.8,74.58,71.75,75.24,85.0,early_transition,88.8,fresh_above_zero_cross_proxy,67.1,49.42,0.0,89,confirmed_bullish_trend,66,bullish_above_signal,66.99,105.019997,1.14,0.05030502,0.18599654,0.14438270,0.21340258,4H EMA 多头排列已连续维持；4H MACD 位于 Signal 上方；4H MACD 柱体连续扩张；4H RSI 位于健康强势区间,4H 相对 EMA26 超过 2 ATR，短线偏追高
32,HSIC,Henry Schein,Health Care,Early,Nasdaq Liquid 500,170,74.9,54.81,79.6,80.0,58.8,67.28,69.2,51.5,75.0,confirmed_bullish_trend,25.0,bearish_proxy,51.68,48.34,0.0,94,fresh_bullish_cross,50,mixed_or_bearish,52.47,85.830002,1.9,0.00491743,0.01166910,0.01802875,0.05806212,4H EMA9/26 最近金叉且价格在 EMA50 上方；4H MACD 柱体连续扩张；4H RSI 位于健康强势区间,4H MACD 尚未确认多头
33,EXE,Expand Energy,Energy,Early,Nasdaq Liquid 500,46,74.83,75.18,73.0,49.6,58.8,65.25,63.05,63.71,85.0,early_transition,51.15,bullish_below_zero_proxy,58.96,51.54,0.0,55,mixed_sideways,88,fresh_above_zero_cross,59.11,92.459999,1.45,0.04233129,-0.00762047,0.05620286,0.05187710,4H MACD 零轴上方刚金叉；4H MACD 柱体连续扩张；4H RSI 位于健康强势区间,4H EMA 仍偏震荡
34,CPB,The Campbell's Company - Common Stock,,Early,Nasdaq Liquid 500,36,73.85,65.85,75.1,99.2,58.8,78.61,77.9,64.84,72.0,confirmed_bullish_trend,88.8,fresh_above_zero_cross_proxy,47.39,45.48,0.0,100,confirmed_bullish_trend,70,bullish_above_signal,59.31,22.959999,1.27,-0.00021777,0.04888077,-0.00208623,0.02959641,4H EMA 多头排列已连续维持；4H MACD 位于 Signal 上方；4H RSI 位于健康强势区间,
35,FSLY,FASTLY INC CLASS A,Information Technology,Early,Nasdaq Liquid 500,42,73.2,76.18,64.3,59.6,58.8,73.21,71.9,64.24,82.0,early_transition,61.8,bullish_above_signal_proxy,56.49,48.3,0.0,100,confirmed_bullish_trend,50,mixed_or_bearish,55.39,20.690001,1.13,-0.00528837,0.01124155,0.15040311,0.11536400,4H EMA 多头排列已连续维持；4H MACD 柱体连续扩张；4H RSI 位于健康强势区间,4H MACD 尚未确认多头
36,TMDX,TRANSMEDICS GROUP INC,Health Care,Early,Nasdaq Liquid 500,31,73.15,75.68,75.1,31.6,58.8,80.77,80.3,65.86,85.0,early_transition,51.15,bullish_below_zero_proxy,66.28,51.26,0.0,100,confirmed_bullish_trend,78,bullish_above_signal,65.7,78.0,2.06,0.04838707,0.09535179,0.15855928,0.03366023,4H EMA 多头排列已连续维持；4H MACD 位于 Signal 上方；4H MACD 柱体连续扩张；4H RSI 位于健康强势区间,
37,GEHC,GE HealthCare,Health Care,Early,Nasdaq Liquid 500,66,73.13,74.61,75.4,28.4,6.0,66.76,66.4,60.96,100.0,fresh_bullish_cross,69.55,fresh_below_zero_cross_proxy,67.27,54.7,14.82,82,fresh_bullish_cross,66,bullish_above_signal,74.9,71.900002,1.72,0.14545168,0.17081912,0.10547357,0.11042474,4H EMA9/26 最近金叉且价格在 EMA50 上方；4H MACD 位于 Signal 上方；4H MACD 柱体连续扩张,4H 相对 EMA26 超过 2 ATR，短线偏追高；4H RSI 偏热
38,LOPE,"Grand Canyon Education, Inc. - Common Stock",,Early,Nasdaq Liquid 500,100,72.83,70.09,75.4,34.4,9.8,66.76,66.4,56.84,100.0,fresh_bullish_cross,48.9,bullish_below_zero_proxy,65.01,49.0,12.23,82,fresh_bullish_cross,66,bullish_above_signal,74.55,159.309998,1.31,0.05706317,0.16633723,0.12269207,0.11319961,4H EMA9/26 最近金叉且价格在 EMA50 上方；4H MACD 位于 Signal 上方；4H MACD 柱体连续扩张,4H 相对 EMA26 超过 2 ATR，短线偏追高；4H RSI 偏热
39,HLNE,Hamilton Lane Incorporated - Class A Common Stock,,Early,Nasdaq Liquid 500,13,72.6,77.54,75.1,23.6,58.8,80.11,77.9,68.63,82.0,early_transition,61.8,bullish_above_signal_proxy,70.24,50.05,0.0,100,confirmed_bullish_trend,70,bullish_above_signal,63.89,88.690002,1.53,-0.01510273,0.09385792,0.18316440,0.08158539,4H EMA 多头排列已连续维持；4H MACD 位于 Signal 上方；4H RSI 位于健康强势区间,
40,ULTA,Ulta Beauty,Consumer Discretionary,Early,Nasdaq Liquid 500,33,72.24,76.92,67.1,44.0,58.8,73.53,72.25,65.71,82.0,early_transition,61.8,bullish_above_signal_proxy,60.13,50.78,0.0,89,confirmed_bullish_trend,78,bullish_above_signal,69.61,508.089996,1.04,0.01320118,0.05083656,0.10687754,0.07748915,4H EMA 多头排列已连续维持；4H MACD 位于 Signal 上方；4H MACD 柱体连续扩张,4H 相对 EMA26 超过 2 ATR，短线偏追高；4H RSI 偏热
41,FOXA,Fox Corporation (Class A),Communication Services,Early,Nasdaq Liquid 500,37,71.8,75.08,73.0,29.6,58.8,61.6,59.0,64.7,82.0,early_transition,49.8,bullish_below_zero_proxy,66.96,50.39,0.0,46,mixed_sideways,88,fresh_above_zero_cross,64.37,58.950001,1.08,0.02130977,0.04447204,0.17010718,0.07631917,4H MACD 零轴上方刚金叉；4H MACD 柱体连续扩张；4H RSI 位于健康强势区间,4H EMA 仍偏震荡；4H 相对 EMA26 超过 2 ATR，短线偏追高
42,KMB,Kimberly-Clark,Consumer Staples,Early,Nasdaq Liquid 500,28,71.78,66.97,75.1,82.8,58.8,78.61,77.9,66.6,72.0,confirmed_bullish_trend,88.8,fresh_above_zero_cross_proxy,51.03,49.96,0.0,100,confirmed_bullish_trend,70,bullish_above_signal,63.49,113.209999,1.1,-0.00088253,0.03948209,0.03011826,0.09774074,4H EMA 多头排列已连续维持；4H MACD 位于 Signal 上方；4H RSI 位于健康强势区间,
43,BRZE,BRAZE INC CLASS A,Information Technology,Early,Nasdaq Liquid 500,92,71.61,56.89,92.8,18.0,58.8,70.36,70.4,57.74,72.0,confirmed_bullish_trend,25.0,bearish_proxy,73.77,51.75,0.0,82,fresh_bullish_cross,72,fresh_below_zero_cross,63.42,26.83,1.34,0.06977671,0.19297466,0.28005731,0.23469857,4H EMA9/26 最近金叉且价格在 EMA50 上方；4H MACD 刚金叉但仍需零轴确认；4H MACD 柱体连续扩张；4H RSI 位于健康强势区间,4H 相对 EMA26 超过 2 ATR，短线偏追高
44,MTCH,"Match Group, Inc. - Common Stock",,Early,Nasdaq Liquid 500,193,71.6,53.95,82.9,91.2,58.8,79.97,83.3,49.54,72.0,confirmed_bullish_trend,25.0,bearish_proxy,49.37,45.87,0.0,100,confirmed_bullish_trend,88,fresh_above_zero_cross,56.36,39.400002,1.26,0.00127075,0.03602427,0.01729930,0.09566193,4H EMA 多头排列已连续维持；4H MACD 零轴上方刚金叉；4H MACD 柱体连续扩张；4H RSI 位于健康强势区间,
45,COO,Cooper Companies (The),Health Care,Early,Nasdaq Liquid 500,190,71.43,54.39,82.9,89.0,58.8,79.97,83.3,50.01,72.0,confirmed_bullish_trend,25.0,bearish_proxy,49.88,47.98,0.0,100,confirmed_bullish_trend,88,fresh_above_zero_cross,63.45,73.059998,1.09,0.02253325,0.03616503,0.02339262,0.07821718,4H EMA 多头排列已连续维持；4H MACD 零轴上方刚金叉；4H MACD 柱体连续扩张；4H RSI 位于健康强势区间,
46,COKE,"Coca-Cola Consolidated, Inc. - Common Stock",,Early,Nasdaq Liquid 500,85,71.32,60.87,75.1,94.0,58.8,77.11,77.9,58.52,72.0,confirmed_bullish_trend,61.8,bullish_above_signal_proxy,48.69,45.74,0.0,100,confirmed_bullish_trend,70,bullish_above_signal,60.71,192.389999,1.09,-0.02111526,0.04321658,0.00093643,0.03675159,4H EMA 多头排列已连续维持；4H MACD 位于 Signal 上方；4H RSI 位于健康强势区间,
47,BRKR,Bruker Corporation - Common Stock,,Early,Nasdaq Liquid 500,21,70.62,66.91,75.1,75.2,58.8,78.61,77.9,67.76,75.0,confirmed_bullish_trend,90.15,fresh_above_zero_cross_proxy,52.49,46.5,0.0,100,confirmed_bullish_trend,70,bullish_above_signal,56.46,61.740002,1.86,-0.00603719,0.03382453,0.03434416,0.09042747,4H EMA 多头排列已连续维持；4H MACD 位于 Signal 上方；4H RSI 位于健康强势区间,
48,JBLU,JETBLUE AIRWAYS CORP,Industrials,Early,Nasdaq Liquid 500,17,70.41,67.17,75.1,73.2,58.8,76.87,74.3,68.12,75.0,confirmed_bullish_trend,90.15,fresh_above_zero_cross_proxy,53.11,47.62,0.0,100,confirmed_bullish_trend,58,bullish_above_signal,54.37,5.72,1.65,-0.06382979,0.11067961,0.01598579,0.06716418,4H EMA 多头排列已连续维持；4H MACD 位于 Signal 上方；4H RSI 位于健康强势区间,
49,REGN,Regeneron Pharmaceuticals,Health Care,Early,Nasdaq Liquid 500,104,70.23,74.77,75.1,42.4,16.6,77.27,80.3,56.63,85.0,early_transition,59.55,bullish_above_signal_proxy,61.12,53.47,10.12,100,confirmed_bullish_trend,78,bullish_above_signal,65.23,695.419983,1.55,0.01206464,0.06793819,0.10057447,0.13083771,4H EMA 多头排列已连续维持；4H MACD 位于 Signal 上方；4H MACD 柱体连续扩张；4H RSI 位于健康强势区间,
50,EBAY,eBay Inc.,Consumer Discretionary,Early,Nasdaq Liquid 500,23,70.07,67.06,75.1,71.2,58.8,78.61,77.9,67.27,72.0,confirmed_bullish_trend,88.8,fresh_above_zero_cross_proxy,53.5,49.45,0.0,100,confirmed_bullish_trend,70,bullish_above_signal,57.75,115.300003,1.11,-0.00851318,0.03939424,0.04089560,0.05537760,4H EMA 多头排列已连续维持；4H MACD 位于 Signal 上方；4H RSI 位于健康强势区间,
51,TTWO,Take-Two Interactive,Communication Services,Early,Nasdaq Liquid 500,187,69.96,54.41,75.1,100,58.8,71.87,74.3,50.3,75.0,confirmed_bullish_trend,26.35,bearish_proxy,47.47,46.49,0.0,100,confirmed_bullish_trend,58,bullish_above_signal,59.95,246.429993,1.95,-0.00352689,0.05505838,-0.00335680,0.13966608,4H EMA 多头排列已连续维持；4H MACD 位于 Signal 上方；4H RSI 位于健康强势区间,
52,FAST,Fastenal,Industrials,Early,Nasdaq Liquid 500,71,69.84,61.95,75.1,81.6,58.8,77.11,77.9,60.0,72.0,confirmed_bullish_trend,61.8,bullish_above_signal_proxy,51.24,50.5,0.0,100,confirmed_bullish_trend,70,bullish_above_signal,62.59,47.779999,1.73,-0.00240111,0.05416432,0.00822958,0.03644254,4H EMA 多头排列已连续维持；4H MACD 位于 Signal 上方；4H RSI 位于健康强势区间,
53,SLM,SLM Corporation - Common Stock,,Early,Nasdaq Liquid 500,184,69.45,54.3,82.9,76.0,58.8,79.97,83.3,50.56,72.0,confirmed_bullish_trend,25.0,bearish_proxy,52.44,46.49,0.0,100,confirmed_bullish_trend,88,fresh_above_zero_cross,59.75,25.690001,1.52,0.01823230,0.01843413,-0.01570877,0.17145467,4H EMA 多头排列已连续维持；4H MACD 零轴上方刚金叉；4H MACD 柱体连续扩张；4H RSI 位于健康强势区间,
54,ABNB,Airbnb,Consumer Discretionary,Early,Nasdaq Liquid 500,22,69.17,66.87,75.1,65.6,58.8,76.31,75.35,67.43,72.0,confirmed_bullish_trend,88.8,fresh_above_zero_cross_proxy,54.78,47.96,0.0,89,confirmed_bullish_trend,78,bullish_above_signal,65.83,153.009995,1.11,0.00870191,0.09269439,0.03954068,0.10118747,4H EMA 多头排列已连续维持；4H MACD 位于 Signal 上方；4H MACD 柱体连续扩张；4H RSI 位于健康强势区间,4H 相对 EMA26 超过 2 ATR，短线偏追高
55,DLTR,Dollar Tree,Consumer Staples,Early,Nasdaq Liquid 500,169,68.96,55.14,82.9,70.8,58.8,79.16,82.4,51.51,72.0,confirmed_bullish_trend,25.0,bearish_proxy,53.64,50.48,0.0,100,confirmed_bullish_trend,88,fresh_above_zero_cross,61.86,128.949997,0.61,0.01523441,0.05566922,0.05153715,0.14226236,4H EMA 多头排列已连续维持；4H MACD 零轴上方刚金叉；4H MACD 柱体连续扩张；4H RSI 位于健康强势区间,
56,ENSG,"The Ensign Group, Inc. - Common Stock",,Early,Nasdaq Liquid 500,106,68.55,74.07,75.1,33.2,16.1,70.66,72.95,56.42,82.0,early_transition,59.55,bullish_above_signal_proxy,65.76,49.15,10.17,89,confirmed_bullish_trend,70,bullish_above_signal,67.3,181.889999,1.16,0.00977069,0.07582653,0.14873060,0.20684739,4H EMA 多头排列已连续维持；4H MACD 位于 Signal 上方；4H RSI 位于健康强势区间,4H 相对 EMA26 超过 2 ATR，短线偏追高
57,LAMR,Lamar Advertising Company - Class A Common Stock,,Early,Nasdaq Liquid 500,10,68.49,67.33,75.1,60.0,58.8,81.24,79.15,69.01,75.0,confirmed_bullish_trend,90.15,fresh_above_zero_cross_proxy,56.27,47.25,0.0,100,confirmed_bullish_trend,78,bullish_above_signal,63.81,164.330002,2.98,0.01328811,0.03410734,0.05130832,0.06390000,4H EMA 多头排列已连续维持；4H MACD 位于 Signal 上方；4H MACD 柱体连续扩张；4H RSI 位于健康强势区间,
58,FOX,Fox Corporation (Class B),Communication Services,Early,Nasdaq Liquid 500,8,68.42,73.66,65.2,31.2,58.8,65.26,61.4,69.89,100.0,fresh_bullish_cross,49.8,bullish_below_zero_proxy,66.34,50.27,0.0,58,mixed_sideways,78,bullish_above_signal,62.82,52.73,1.2,0.01854356,0.04168315,0.15382930,0.05565563,4H MACD 位于 Signal 上方；4H MACD 柱体连续扩张；4H RSI 位于健康强势区间,4H EMA 仍偏震荡
59,LCID,LUCID GROUP INC,Consumer Discretionary,Early,Nasdaq Liquid 500,54,67.97,62.27,82.9,47.6,58.8,75.99,76.65,62.23,72.0,confirmed_bullish_trend,61.8,bullish_above_signal_proxy,59.47,48.89,0.0,89,confirmed_bullish_trend,88,fresh_above_zero_cross,66.28,7.96,0.41,0.15736365,0.17231222,0.22461538,0.51763584,4H EMA 多头排列已连续维持；4H MACD 零轴上方刚金叉；4H MACD 柱体连续扩张；4H RSI 位于健康强势区间,4H 相对 EMA26 超过 2 ATR，短线偏追高
60,TCOM,Trip.com Group Limited - American Depositary Shares,,Early,Nasdaq Liquid 500,26,67.95,75.75,65.2,23.2,58.8,56.74,53.6,66.87,85.0,early_transition,51.15,bullish_below_zero_proxy,70.25,50.05,0.0,46,mixed_sideways,70,bullish_above_signal,64.64,46.0,1.22,0.00700525,0.08082704,0.15201603,-0.02994513,4H MACD 位于 Signal 上方；4H RSI 位于健康强势区间,4H EMA 仍偏震荡；4H 相对 EMA26 超过 2 ATR，短线偏追高
61,NBIX,"Neurocrine Biosciences, Inc. - Common Stock",,Early,Nasdaq Liquid 500,19,67.93,66.95,75.1,57.2,58.8,79.3,77.0,68.04,72.0,confirmed_bullish_trend,88.8,fresh_above_zero_cross_proxy,57.08,47.42,0.0,100,confirmed_bullish_trend,70,bullish_above_signal,61.97,180.789993,1.05,0.00049804,0.04702609,0.06334542,0.13305337,4H EMA 多头排列已连续维持；4H MACD 位于 Signal 上方；4H RSI 位于健康强势区间,
62,EXC,Exelon,Utilities,Early,Nasdaq Liquid 500,80,67.62,61.76,65.2,93.6,58.8,60.1,59.0,59.24,72.0,confirmed_bullish_trend,61.8,bullish_above_signal_proxy,48.71,50.49,0.0,58,mixed_sideways,70,bullish_above_signal,52.06,47.029999,1.07,-0.01238975,0.00728207,-0.00222762,0.01851651,4H MACD 位于 Signal 上方；4H RSI 位于健康强势区间,4H EMA 仍偏震荡
63,URBN,URBAN OUTFITTERS INC,Consumer Discretionary,Early,Nasdaq Liquid 500,69,67.42,61.72,75.1,66.0,58.8,78.46,79.4,60.62,72.0,confirmed_bullish_trend,61.8,bullish_above_signal_proxy,54.6,47.92,0.0,100,confirmed_bullish_trend,78,bullish_above_signal,60.74,75.400002,0.84,0.00734808,0.02292773,0.05528349,-0.02147814,4H EMA 多头排列已连续维持；4H MACD 位于 Signal 上方；4H MACD 柱体连续扩张；4H RSI 位于健康强势区间,
64,DXCM,Dexcom,Health Care,Early,Nasdaq Liquid 500,146,67.38,55.78,82.9,58.8,58.8,79.97,83.3,52.8,72.0,confirmed_bullish_trend,25.0,bearish_proxy,56.87,52.62,0.0,100,confirmed_bullish_trend,88,fresh_above_zero_cross,55.1,75.139999,1.18,-0.00674161,0.05208627,0.07373529,0.01294148,4H EMA 多头排列已连续维持；4H MACD 零轴上方刚金叉；4H MACD 柱体连续扩张；4H RSI 位于健康强势区间,
65,ONB,OLD NATIONAL BANCORP,Financials,Early,Nasdaq Liquid 500,160,67.32,54.92,82.9,60.4,58.8,77.81,80.9,51.97,72.0,confirmed_bullish_trend,25.0,bearish_proxy,56.26,48.25,0.0,100,confirmed_bullish_trend,80,fresh_above_zero_cross,55.73,26.68,1.17,-0.00317575,0.01175574,0.03434903,0.07710941,4H EMA 多头排列已连续维持；4H MACD 零轴上方刚金叉；4H RSI 位于健康强势区间,
66,GEN,Gen Digital,Information Technology,Early,Nasdaq Liquid 500,7,67.28,68.17,75.1,50.0,58.8,77.81,75.35,70.18,75.0,confirmed_bullish_trend,88.8,fresh_above_zero_cross_proxy,58.93,52.04,0.0,89,confirmed_bullish_trend,78,bullish_above_signal,64.85,27.629999,1.95,0.00417954,0.08014070,0.10343442,0.13144959,4H EMA 多头排列已连续维持；4H MACD 位于 Signal 上方；4H MACD 柱体连续扩张；4H RSI 位于健康强势区间,4H 相对 EMA26 超过 2 ATR，短线偏追高
67,CHYM,"Chime Financial, Inc. - Class A Common Stock",,Early,Nasdaq Liquid 500,153,66.51,54.84,82.9,55.2,58.8,79.97,83.3,52.14,72.0,confirmed_bullish_trend,25.0,bearish_proxy,57.23,47.45,0.0,100,confirmed_bullish_trend,88,fresh_above_zero_cross,60.05,22.42,1.17,0.00000000,0.02702703,0.06812768,0.26953567,4H EMA 多头排列已连续维持；4H MACD 零轴上方刚金叉；4H MACD 柱体连续扩张；4H RSI 位于健康强势区间,
68,APA,APA Corporation,Energy,Early,Nasdaq Liquid 500,27,66.39,77.45,54.4,37.6,58.8,54.98,51.65,66.86,82.0,early_transition,61.8,bullish_above_signal_proxy,63.17,52.38,0.0,55,mixed_sideways,50,mixed_or_bearish,61.82,36.700001,1.12,0.07090753,0.01437261,0.11347094,0.05581137,4H MACD 柱体连续扩张；4H RSI 位于健康强势区间,4H EMA 仍偏震荡；4H MACD 尚未确认多头
69,NDSN,Nordson Corporation,Industrials,Early,Nasdaq Liquid 500,90,66.23,61.22,65.2,85.6,58.8,60.1,59.0,57.85,72.0,confirmed_bullish_trend,61.8,bullish_above_signal_proxy,44.73,49.2,0.0,58,mixed_sideways,70,bullish_above_signal,52.75,294.980011,1.78,-0.02248440,0.01169532,-0.02376222,0.00937593,4H MACD 位于 Signal 上方；4H RSI 位于健康强势区间,4H EMA 仍偏震荡
70,BMRN,BioMarin Pharmaceutical Inc. - Common Stock,,Early,Nasdaq Liquid 500,59,66.18,62.62,75.1,55.6,58.8,77.11,77.9,61.94,72.0,confirmed_bullish_trend,61.8,bullish_above_signal_proxy,57.14,51.68,0.0,100,confirmed_bullish_trend,70,bullish_above_signal,64.19,61.369999,1.75,-0.01223245,0.05103614,0.06452727,0.10238910,4H EMA 多头排列已连续维持；4H MACD 位于 Signal 上方；4H RSI 位于健康强势区间,
71,CHKP,Check Point Software Technologies Ltd. - Ordinary Shares,,Early,Nasdaq Liquid 500,6,66.09,67.86,75.1,42.8,58.8,79.03,76.7,70.55,75.0,confirmed_bullish_trend,90.15,fresh_above_zero_cross_proxy,60.94,48.19,0.0,100,confirmed_bullish_trend,66,bullish_above_signal,63.16,139.669998,1.77,0.01570797,0.09245209,0.08506834,0.13129758,4H EMA 多头排列已连续维持；4H MACD 位于 Signal 上方；4H MACD 柱体连续扩张；4H RSI 位于健康强势区间,
72,JAZZ,Jazz Pharmaceuticals plc - Ordinary Shares,,Early,Nasdaq Liquid 500,57,66.06,62.64,75.1,54.8,58.8,77.11,77.9,62.01,72.0,confirmed_bullish_trend,61.8,bullish_above_signal_proxy,57.33,51.72,0.0,100,confirmed_bullish_trend,70,bullish_above_signal,61.79,255.970001,1.26,-0.01166064,0.02240773,0.07677099,0.11078805,4H EMA 多头排列已连续维持；4H MACD 位于 Signal 上方；4H RSI 位于健康强势区间,
73,ACGL,Arch Capital Group,Financials,Early,Nasdaq Liquid 500,47,66.04,63.08,75.1,53.6,58.8,78.61,77.9,63.34,75.0,confirmed_bullish_trend,63.15,bullish_above_signal_proxy,57.86,51.32,0.0,100,confirmed_bullish_trend,70,bullish_above_signal,60.69,104.550003,1.38,-0.01544401,0.05980741,0.06629271,0.14262298,4H EMA 多头排列已连续维持；4H MACD 位于 Signal 上方；4H RSI 位于健康强势区间,
74,FCNCA,"First Citizens BancShares, Inc. - Class A Common Stock",,Early,Nasdaq Liquid 500,62,65.99,61.82,75.1,56.2,58.8,76.3,77.0,61.3,72.0,confirmed_bullish_trend,61.8,bullish_above_signal_proxy,57.12,47.42,0.0,100,confirmed_bullish_trend,70,bullish_above_signal,56.55,2171.889893,0.77,-0.00645476,0.04808801,0.04434356,0.04985614,4H EMA 多头排列已连续维持；4H MACD 位于 Signal 上方；4H RSI 位于健康强势区间,
75,ARWR,"Arrowhead Pharmaceuticals, Inc. - Common Stock",,Early,Nasdaq Liquid 500,55,65.96,62.69,75.1,54.0,58.8,76.3,77.0,62.16,72.0,confirmed_bullish_trend,61.8,bullish_above_signal_proxy,57.81,51.81,0.0,100,confirmed_bullish_trend,70,bullish_above_signal,59.39,86.220001,0.64,0.02716225,-0.02752090,0.07065692,0.11741831,4H EMA 多头排列已连续维持；4H MACD 位于 Signal 上方；4H RSI 位于健康强势区间,
76,MAT,"Mattel, Inc. - Common Stock",,Early,Nasdaq Liquid 500,124,65.67,73.45,67.1,39.2,12.4,67.86,69.85,54.28,82.0,early_transition,59.55,bullish_above_signal_proxy,62.83,48.57,11.35,89,confirmed_bullish_trend,70,bullish_above_signal,72.54,15.37,0.86,0.00018871,0.06699063,0.12230741,0.07070707,4H EMA 多头排列已连续维持；4H MACD 位于 Signal 上方,4H 相对 EMA26 超过 2 ATR，短线偏追高；4H RSI 偏热
77,RPRX,Royalty Pharma plc - Class A Ordinary Shares,,Early,Nasdaq Liquid 500,76,65.55,61.17,65.2,81.2,58.8,59.29,58.1,59.4,72.0,confirmed_bullish_trend,61.8,bullish_above_signal_proxy,51.36,46.27,0.0,58,mixed_sideways,70,bullish_above_signal,58.04,59.18,0.93,-0.00454165,0.00783377,0.03679043,0.09067457,4H MACD 位于 Signal 上方；4H RSI 位于健康强势区间,4H EMA 仍偏震荡
78,LQDA,LIQUIDIA CORP,Health Care,Early,Nasdaq Liquid 500,58,65.53,62.31,75.1,52.0,58.8,76.3,77.0,61.95,72.0,confirmed_bullish_trend,61.8,bullish_above_signal_proxy,58.17,49.63,0.0,100,confirmed_bullish_trend,70,bullish_above_signal,60.39,86.82,0.69,0.02218144,-0.00241295,0.15513565,0.20969770,4H EMA 多头排列已连续维持；4H MACD 位于 Signal 上方；4H RSI 位于健康强势区间,
79,NAVN,NAVAN INC CLASS A,Consumer Discretionary,Early,Nasdaq Liquid 500,178,65.49,54.65,75.1,69.6,58.8,77.27,80.3,51.19,72.0,confirmed_bullish_trend,25.0,bearish_proxy,53.92,47.78,0.0,100,confirmed_bullish_trend,78,bullish_above_signal,58.6,26.559999,1.11,0.00720508,0.12877169,0.11996622,0.32139299,4H EMA 多头排列已连续维持；4H MACD 位于 Signal 上方；4H MACD 柱体连续扩张；4H RSI 位于健康强势区间,
80,DASH,DoorDash,Consumer Discretionary,Early,Nasdaq Liquid 500,175,65.44,54.67,75.1,69.2,58.8,74.03,76.7,51.25,72.0,confirmed_bullish_trend,25.0,bearish_proxy,54.08,47.82,0.0,100,confirmed_bullish_trend,66,bullish_above_signal,59.84,193.529999,1.2,-0.00072287,0.08908274,0.04712689,0.15155302,4H EMA 多头排列已连续维持；4H MACD 位于 Signal 上方；4H MACD 柱体连续扩张；4H RSI 位于健康强势区间,
81,FWONK,Liberty Media Corporation - Series C Liberty Formula One Common Stock,,Early,Nasdaq Liquid 500,125,65.34,55.61,82.9,45.6,58.8,79.97,83.3,54.22,75.0,confirmed_bullish_trend,26.35,bearish_proxy,59.8,47.96,0.0,100,confirmed_bullish_trend,88,fresh_above_zero_cross,63.1,101.889999,1.99,0.01544751,0.05117094,0.08984919,0.13135689,4H EMA 多头排列已连续维持；4H MACD 零轴上方刚金叉；4H MACD 柱体连续扩张；4H RSI 位于健康强势区间,
82,MELI,"MercadoLibre, Inc. - Common Stock",,Early,Nasdaq Liquid 500,141,65.23,55.11,82.9,46.0,58.8,79.16,82.4,52.94,72.0,confirmed_bullish_trend,25.0,bearish_proxy,59.68,47.94,0.0,100,confirmed_bullish_trend,88,fresh_above_zero_cross,59.83,1863.310059,0.97,-0.00446659,0.03537356,0.10681386,0.13176184,4H EMA 多头排列已连续维持；4H MACD 零轴上方刚金叉；4H MACD 柱体连续扩张；4H RSI 位于健康强势区间,
83,FISV,Fiserv,Financials,Early,Nasdaq Liquid 500,129,65.09,72.37,67.1,35.2,16.4,70.84,73.15,53.62,82.0,early_transition,47.55,bullish_below_zero_proxy,64.55,52.66,10.13,89,confirmed_bullish_trend,78,bullish_above_signal,70.7,55.630001,1.15,0.02317458,0.10772600,0.13937532,0.16149913,4H EMA 多头排列已连续维持；4H MACD 位于 Signal 上方；4H MACD 柱体连续扩张,4H 相对 EMA26 超过 2 ATR，短线偏追高；4H RSI 偏热
84,BLLN,"BillionToOne, Inc. - Class A common stock",,Early,Nasdaq Liquid 500,139,65.06,55.15,82.9,44.8,58.8,79.16,82.4,53.05,72.0,confirmed_bullish_trend,25.0,bearish_proxy,60.0,48.0,0.0,100,confirmed_bullish_trend,88,fresh_above_zero_cross,60.29,132.520004,0.75,-0.00345911,0.02450713,0.10130476,0.27736277,4H EMA 多头排列已连续维持；4H MACD 零轴上方刚金叉；4H MACD 柱体连续扩张；4H RSI 位于健康强势区间,
85,ZS,"Zscaler, Inc. - Common Stock",,Early,Nasdaq Liquid 500,56,64.91,62.07,75.1,48.4,58.8,79.27,80.3,62.05,72.0,confirmed_bullish_trend,61.8,bullish_above_signal_proxy,59.4,47.88,0.0,100,confirmed_bullish_trend,78,bullish_above_signal,61.38,153.770004,1.16,0.00006509,0.08098421,0.11824602,0.17840446,4H EMA 多头排列已连续维持；4H MACD 位于 Signal 上方；4H MACD 柱体连续扩张；4H RSI 位于健康强势区间,
86,TTAN,SERVICETITAN INC CLASS A,Information Technology,Early,Nasdaq Liquid 500,4,64.91,68.26,75.1,34.0,58.8,76.78,74.2,71.74,75.0,confirmed_bullish_trend,88.8,fresh_above_zero_cross_proxy,65.12,50.02,0.0,89,confirmed_bullish_trend,78,bullish_above_signal,63.48,84.220001,2.87,0.04907825,0.20451950,0.19937340,0.22395006,4H EMA 多头排列已连续维持；4H MACD 位于 Signal 上方；4H MACD 柱体连续扩张；4H RSI 位于健康强势区间,4H 相对 EMA26 超过 2 ATR，短线偏追高
87,ICLR,ICON plc - Ordinary Shares,,Early,Nasdaq Liquid 500,147,64.75,55.11,75.1,63.6,58.8,75.11,77.9,52.75,75.0,confirmed_bullish_trend,26.35,bearish_proxy,55.34,47.07,0.0,100,confirmed_bullish_trend,70,bullish_above_signal,63.55,178.179993,2.13,-0.01579761,0.06496919,0.03000166,0.20611926,4H EMA 多头排列已连续维持；4H MACD 位于 Signal 上方；4H RSI 位于健康强势区间,
88,VTRS,Viatris,Health Care,Early,Nasdaq Liquid 500,49,64.5,63.15,75.1,43.2,58.8,78.61,77.9,63.12,72.0,confirmed_bullish_trend,61.8,bullish_above_signal_proxy,60.24,53.3,0.0,100,confirmed_bullish_trend,70,bullish_above_signal,66.7,17.82,1.15,0.00934574,0.04761905,0.09864372,0.09224633,4H EMA 多头排列已连续维持；4H MACD 位于 Signal 上方；4H RSI 位于健康强势区间,
89,CHRD,Chord Energy Corporation - Common Stock,,Early,Nasdaq Liquid 500,11,64.44,77.72,54.4,24.0,58.8,56.48,51.65,68.75,82.0,early_transition,61.8,bullish_above_signal_proxy,70.16,51.03,0.0,55,mixed_sideways,50,mixed_or_bearish,62.07,136.470001,1.22,0.06276767,-0.00626230,0.17687135,0.06892773,4H MACD 柱体连续扩张；4H RSI 位于健康强势区间,4H EMA 仍偏震荡；4H MACD 尚未确认多头
90,NTAP,NetApp,Information Technology,Early,Nasdaq Liquid 500,38,64.33,63.68,75.1,40.8,58.8,78.61,77.9,64.69,75.0,confirmed_bullish_trend,63.15,bullish_above_signal_proxy,61.5,53.05,0.0,100,confirmed_bullish_trend,70,bullish_above_signal,61.11,173.229996,2.13,0.00493091,0.04054541,0.11710833,0.07037815,4H EMA 多头排列已连续维持；4H MACD 位于 Signal 上方；4H RSI 位于健康强势区间,
91,GTLB,GitLab Inc. - Class A Common Stock,,Early,Nasdaq Liquid 500,164,64.19,54.7,75.1,60.8,58.8,77.27,80.3,51.74,72.0,confirmed_bullish_trend,25.0,bearish_proxy,56.03,47.21,0.0,100,confirmed_bullish_trend,78,bullish_above_signal,56.72,34.029999,1.19,-0.00859438,0.08548641,0.13888889,0.20247351,4H EMA 多头排列已连续维持；4H MACD 位于 Signal 上方；4H MACD 柱体连续扩张；4H RSI 位于健康强势区间,
92,STLD,Steel Dynamics,Materials,Early,Nasdaq Liquid 500,81,64.0,59.99,75.1,47.2,58.8,76.3,77.0,59.23,72.0,confirmed_bullish_trend,49.8,bullish_below_zero_proxy,59.48,48.9,0.0,100,confirmed_bullish_trend,70,bullish_above_signal,63.37,252.339996,1.02,-0.02000075,0.05683290,0.07717921,-0.07255216,4H EMA 多头排列已连续维持；4H MACD 位于 Signal 上方；4H RSI 位于健康强势区间,
93,RYTM,RHYTHM PHARMACEUTICALS INC,Health Care,Early,Nasdaq Liquid 500,199,63.72,54.39,65.2,84.8,58.8,54.05,54.5,48.72,72.0,confirmed_bullish_trend,25.0,bearish_proxy,44.48,50.15,0.0,58,mixed_sideways,58,bullish_above_signal,50.33,106.529999,0.82,-0.00722241,0.02388391,-0.03172149,0.18630284,4H MACD 位于 Signal 上方；4H RSI 位于健康强势区间,4H EMA 仍偏震荡
94,TRMB,Trimble Inc.,Information Technology,Early,Nasdaq Liquid 500,135,63.62,72.46,67.1,28.0,12.2,68.68,70.75,53.33,82.0,early_transition,47.55,bullish_below_zero_proxy,67.45,53.74,11.45,89,confirmed_bullish_trend,70,bullish_above_signal,71.6,58.240002,1.1,0.00223715,0.16201124,0.14781237,0.15969735,4H EMA 多头排列已连续维持；4H MACD 位于 Signal 上方,4H 相对 EMA26 超过 2 ATR，短线偏追高；4H RSI 偏热
95,AGNC,AGNC Investment Corp. - Common Stock,,Early,Nasdaq Liquid 500,183,63.27,54.3,67.6,75.6,58.8,58.64,59.6,50.56,72.0,confirmed_bullish_trend,25.0,bearish_proxy,52.45,46.49,0.0,58,mixed_sideways,72,fresh_below_zero_cross,51.23,10.9,1.08,-0.00228833,0.01821579,-0.00909091,0.04156713,4H MACD 刚金叉但仍需零轴确认；4H MACD 柱体连续扩张；4H RSI 位于健康强势区间,4H EMA 仍偏震荡
96,SHOP,Shopify Inc. - Class A Subordinate Voting Shares,,Early,Nasdaq Liquid 500,44,63.08,62.68,75.1,34.8,58.8,77.8,77.0,63.83,72.0,confirmed_bullish_trend,61.8,bullish_above_signal_proxy,64.78,48.96,0.0,100,confirmed_bullish_trend,70,bullish_above_signal,60.14,129.169998,0.83,-0.02542625,0.09087065,0.13098677,0.14909700,4H EMA 多头排列已连续维持；4H MACD 位于 Signal 上方；4H RSI 位于健康强势区间,
97,CME,CME Group,Financials,Early,Nasdaq Liquid 500,108,62.92,73.43,67.1,19.2,15.0,70.84,73.15,56.24,82.0,early_transition,47.55,bullish_below_zero_proxy,73.13,55.38,10.49,89,confirmed_bullish_trend,78,bullish_above_signal,72.67,265.440002,1.37,0.02316621,0.06551063,0.21449490,-0.00240524,4H EMA 多头排列已连续维持；4H MACD 位于 Signal 上方；4H MACD 柱体连续扩张,4H 相对 EMA26 超过 2 ATR，短线偏追高；4H RSI 偏热
98,HON,Honeywell Technologies,Industrials,Early,Nasdaq Liquid 500,67,62.9,61.84,65.2,62.0,58.8,59.29,58.1,60.96,72.0,confirmed_bullish_trend,61.8,bullish_above_signal_proxy,55.63,48.13,0.0,58,mixed_sideways,70,bullish_above_signal,57.81,241.119995,0.81,-0.02711427,0.03569433,0.05889064,0.01049539,4H MACD 位于 Signal 上方；4H RSI 位于健康强势区间,4H EMA 仍偏震荡
99,ROKU,"Roku, Inc. - Class A Common Stock",,Early,Nasdaq Liquid 500,225,62.8,51.52,82.9,67.0,15.6,75.52,78.35,40.34,72.0,confirmed_bullish_trend,22.75,bearish_proxy,54.45,46.89,10.32,89,confirmed_bullish_trend,88,fresh_above_zero_cross,63.7,145.330002,1.21,0.00874571,0.01544164,0.06429878,0.03151397,4H EMA 多头排列已连续维持；4H MACD 零轴上方刚金叉；4H MACD 柱体连续扩张；4H RSI 位于健康强势区间,4H 相对 EMA26 超过 2 ATR，短线偏追高
100,NWSA,News Corp (Class A),Communication Services,Early,Nasdaq Liquid 500,74,62.72,64.88,82.9,35.8,14.8,77.52,78.35,59.47,72.0,confirmed_bullish_trend,86.55,fresh_above_zero_cross_proxy,64.32,49.86,10.55,89,confirmed_bullish_trend,88,fresh_above_zero_cross,65.65,28.82,1.63,0.02270755,0.05374771,0.14116021,0.12118265,4H EMA 多头排列已连续维持；4H MACD 零轴上方刚金叉；4H MACD 柱体连续扩张；4H RSI 位于健康强势区间,4H 相对 EMA26 超过 2 ATR，短线偏追高
101,PFG,Principal Financial Group,Financials,Early,Nasdaq Liquid 500,132,62.65,55.79,75.1,48.0,58.8,74.3,77.0,53.43,72.0,confirmed_bullish_trend,25.0,bearish_proxy,59.45,51.64,0.0,100,confirmed_bullish_trend,70,bullish_above_signal,58.6,113.18,0.96,-0.00522964,0.04534962,0.04327786,0.02351237,4H EMA 多头排列已连续维持；4H MACD 位于 Signal 上方；4H RSI 位于健康强势区间,
102,CMCSA,Comcast,Communication Services,Early,Nasdaq Liquid 500,209,62.16,43.93,90.4,71.6,58.8,71.6,74.0,46.12,35.0,mixed_sideways,49.8,bullish_below_zero_proxy,53.41,47.68,0.0,94,fresh_bullish_cross,66,bullish_above_signal,61.57,24.610001,1.25,0.01883668,0.04523258,0.01736255,0.02712863,4H EMA9/26 最近金叉且价格在 EMA50 上方；4H MACD 位于 Signal 上方；4H MACD 柱体连续扩张；4H RSI 位于健康强势区间,
103,TROW,T. Rowe Price,Financials,Early,Nasdaq Liquid 500,176,62.11,54.94,65.2,72.8,58.8,58.1,59.0,51.24,72.0,confirmed_bullish_trend,25.0,bearish_proxy,53.16,49.63,0.0,58,mixed_sideways,70,bullish_above_signal,54.79,118.870003,1.38,-0.01926487,0.02421166,0.03925517,0.09507139,4H MACD 位于 Signal 上方；4H RSI 位于健康强势区间,4H EMA 仍偏震荡
104,APPF,"AppFolio, Inc. - Class A Common Stock",,Early,Nasdaq Liquid 500,2,62.01,69.4,75.1,12.0,58.8,81.46,79.4,75.23,72.0,confirmed_bullish_trend,88.8,fresh_above_zero_cross_proxy,78.89,51.78,0.0,100,confirmed_bullish_trend,78,bullish_above_signal,61.34,186.994995,0.8,0.01051063,0.15229847,0.19295053,0.18119511,4H EMA 多头排列已连续维持；4H MACD 位于 Signal 上方；4H MACD 柱体连续扩张；4H RSI 位于健康强势区间,
105,HWC,HANCOCK WHITNEY CORP,Financials,Early,Nasdaq Liquid 500,181,61.79,54.54,64.3,74.0,58.8,69.71,71.9,50.86,72.0,confirmed_bullish_trend,25.0,bearish_proxy,52.92,47.58,0.0,100,confirmed_bullish_trend,50,mixed_or_bearish,55.32,76.980003,1.33,0.00772358,0.00878004,0.02955739,0.08087619,4H EMA 多头排列已连续维持；4H MACD 柱体连续扩张；4H RSI 位于健康强势区间,4H MACD 尚未确认多头
106,ADBE,Adobe Inc.,Information Technology,Early,Nasdaq Liquid 500,70,61.68,76.35,67.1,9.2,7.4,72.84,73.15,60.22,85.0,early_transition,60.9,bullish_above_signal_proxy,83.18,56.89,13.99,89,confirmed_bullish_trend,78,bullish_above_signal,71.91,263.429993,1.43,0.04180176,0.20640223,0.27599902,0.27711246,4H EMA 多头排列已连续维持；4H MACD 位于 Signal 上方；4H MACD 柱体连续扩张,4H 相对 EMA26 超过 2 ATR，短线偏追高；4H RSI 偏热
107,KRYS,KRYSTAL BIOTECH INC,Health Care,Early,Nasdaq Liquid 500,126,61.47,55.7,75.1,40.4,58.8,73.22,75.8,53.86,72.0,confirmed_bullish_trend,25.0,bearish_proxy,61.56,50.31,0.0,100,confirmed_bullish_trend,66,bullish_above_signal,61.14,363.279999,0.8,0.02392962,0.07984063,-0.03945006,0.11816302,4H EMA 多头排列已连续维持；4H MACD 位于 Signal 上方；4H MACD 柱体连续扩张；4H RSI 位于健康强势区间,
108,DUOL,"Duolingo, Inc. - Class A Common Stock",,Early,Nasdaq Liquid 500,20,61.35,64.09,75.1,20.0,58.8,77.81,75.35,67.78,75.0,confirmed_bullish_trend,63.15,bullish_above_signal_proxy,73.0,50.6,0.0,89,confirmed_bullish_trend,78,bullish_above_signal,64.77,140.169998,1.82,-0.00092162,0.17277444,0.20804964,0.10363560,4H EMA 多头排列已连续维持；4H MACD 位于 Signal 上方；4H MACD 柱体连续扩张；4H RSI 位于健康强势区间,4H 相对 EMA26 超过 2 ATR，短线偏追高
109,KDP,Keurig Dr Pepper,Consumer Staples,Early,Nasdaq Liquid 500,271,61.34,38.51,90.4,78.8,58.8,71.6,74.0,36.73,35.0,mixed_sideways,25.0,bearish_proxy,42.49,48.25,0.0,94,fresh_bullish_cross,66,bullish_above_signal,60.35,31.450001,1.79,0.01681219,0.04121837,-0.06147410,-0.01038389,4H EMA9/26 最近金叉且价格在 EMA50 上方；4H MACD 位于 Signal 上方；4H MACD 柱体连续扩张；4H RSI 位于健康强势区间,
110,BLFS,BIOLIFE SOLUTIONS INC,Health Care,Early,Nasdaq Liquid 500,25,61.15,64.03,75.1,18.8,58.8,77.08,76.2,66.98,72.0,confirmed_bullish_trend,61.8,bullish_above_signal_proxy,73.43,52.69,0.0,100,confirmed_bullish_trend,70,bullish_above_signal,60.07,31.5,0.36,-0.03210933,0.01123596,0.11425539,0.18065967,4H EMA 多头排列已连续维持；4H MACD 位于 Signal 上方；4H RSI 位于健康强势区间,
111,HAS,Hasbro,Consumer Discretionary,Early,Nasdaq Liquid 500,179,61.04,72.85,60.1,33.6,4.6,67.86,69.85,50.97,82.0,early_transition,59.55,bullish_above_signal_proxy,65.61,50.12,15.72,89,confirmed_bullish_trend,70,bullish_above_signal,74.82,95.169998,0.62,-0.00136417,0.06884543,0.12693903,0.11951530,4H EMA 多头排列已连续维持；4H MACD 位于 Signal 上方,4H 相对 EMA26 超过 2 ATR，短线偏追高；4H RSI 偏热
112,PEP,PepsiCo,Consumer Staples,Early,Nasdaq Liquid 500,205,61.03,44.5,87.7,70.0,58.8,56.48,57.2,46.68,35.0,mixed_sideways,49.8,bullish_below_zero_proxy,53.84,50.52,0.0,64,early_transition,58,bullish_above_signal,65.09,143.5,0.88,0.00910656,0.05786956,0.03498021,-0.01880342,4H EMA9 已站上 EMA26，等待 26/50 确认；4H MACD 位于 Signal 上方；4H RSI 位于健康强势区间,4H 相对 EMA26 超过 2 ATR，短线偏追高
113,ZBRA,Zebra Technologies,Information Technology,Early,Nasdaq Liquid 500,43,60.99,62.95,67.1,41.6,58.8,74.34,73.15,64.05,75.0,confirmed_bullish_trend,63.15,bullish_above_signal_proxy,61.25,49.25,0.0,89,confirmed_bullish_trend,78,bullish_above_signal,68.18,282.980011,1.68,0.03025448,0.07723937,0.10642797,0.17947655,4H EMA 多头排列已连续维持；4H MACD 位于 Signal 上方；4H MACD 柱体连续扩张,4H 相对 EMA26 超过 2 ATR，短线偏追高；4H RSI 偏热
114,WMT,Walmart,Consumer Staples,Early,Nasdaq Liquid 500,237,60.98,31.66,90.4,92.4,58.8,70.79,73.1,39.1,15.0,bearish_transition,49.8,bullish_below_zero_proxy,49.05,49.56,0.0,92,fresh_bullish_cross,66,bullish_above_signal,58.95,114.220001,1.16,0.00754204,0.04467922,-0.00296785,-0.05478314,4H EMA9/26 最近金叉且价格在 EMA50 上方；4H MACD 位于 Signal 上方；4H MACD 柱体连续扩张；4H RSI 位于健康强势区间,
115,FIVN,FIVE9 INC,Information Technology,Early,Nasdaq Liquid 500,24,60.89,63.98,75.1,17.2,58.8,79.96,79.4,67.23,72.0,confirmed_bullish_trend,61.8,bullish_above_signal_proxy,74.64,51.93,0.0,100,confirmed_bullish_trend,78,bullish_above_signal,62.51,27.165001,0.76,0.00239856,0.18366012,0.27535222,0.31358806,4H EMA 多头排列已连续维持；4H MACD 位于 Signal 上方；4H MACD 柱体连续扩张；4H RSI 位于健康强势区间,
116,TW,Tradeweb Markets Inc. - Class A Common Stock,,Early,Nasdaq Liquid 500,122,60.67,72.31,60.1,26.4,13.6,68.76,70.85,54.51,85.0,early_transition,48.9,bullish_below_zero_proxy,68.21,49.64,11.12,89,confirmed_bullish_trend,78,bullish_above_signal,75.85,108.18,2.39,0.03839509,0.09438545,0.17421039,0.06256755,4H EMA 多头排列已连续维持；4H MACD 位于 Signal 上方；4H MACD 柱体连续扩张,4H 相对 EMA26 超过 2 ATR，短线偏追高；4H RSI 过热
117,ONC,BeOne Medicines Ltd. - American Depositary Shares,,Early,Nasdaq Liquid 500,134,60.59,59.81,82.9,32.8,15.8,76.28,79.2,53.38,72.0,confirmed_bullish_trend,59.55,bullish_above_signal_proxy,65.78,49.16,10.22,100,confirmed_bullish_trend,80,fresh_above_zero_cross,63.49,327.209991,0.4,-0.00054988,0.02285088,0.12761044,0.21970405,4H EMA 多头排列已连续维持；4H MACD 零轴上方刚金叉；4H RSI 位于健康强势区间,
118,NFLX,Netflix,Communication Services,Early,Nasdaq Liquid 500,242,60.58,31.19,90.4,90.8,58.8,69.98,72.2,38.82,15.0,bearish_transition,49.8,bullish_below_zero_proxy,49.47,46.89,0.0,92,fresh_bullish_cross,66,bullish_above_signal,57.73,73.629997,0.64,0.00498189,0.07441993,-0.00162716,-0.09844498,4H EMA9/26 最近金叉且价格在 EMA50 上方；4H MACD 位于 Signal 上方；4H MACD 柱体连续扩张；4H RSI 位于健康强势区间,
119,OLLI,"Ollie's Bargain Outlet Holdings, Inc. - Common Stock",,Early,Nasdaq Liquid 500,249,60.45,30.83,90.4,90.8,58.8,71.6,74.0,38.41,18.0,bearish_transition,49.8,bullish_below_zero_proxy,45.95,45.19,0.0,94,fresh_bullish_cross,66,bullish_above_signal,60.45,71.370003,1.85,0.01133630,0.07428321,-0.01327249,-0.16084656,4H EMA9/26 最近金叉且价格在 EMA50 上方；4H MACD 位于 Signal 上方；4H MACD 柱体连续扩张；4H RSI 位于健康强势区间,
120,QRVO,"Qorvo, Inc. - Common Stock",,Early,Nasdaq Liquid 500,241,60.41,30.98,87.7,97.4,58.8,65.39,67.1,38.84,18.0,bearish_transition,49.8,bullish_below_zero_proxy,47.24,45.45,0.0,76,early_transition,70,bullish_above_signal,54.7,89.5,1.28,-0.01126820,0.00055901,-0.04359908,-0.11631121,4H EMA9 已站上 EMA26，等待 26/50 确认；4H MACD 位于 Signal 上方；4H RSI 位于健康强势区间,
121,GT,GOODYEAR TIRE & RUBBER,Consumer Discretionary,Early,Nasdaq Liquid 500,53,60.36,62.29,64.3,46.4,58.8,68.74,68.6,62.28,72.0,confirmed_bullish_trend,61.8,bullish_above_signal_proxy,59.65,48.93,0.0,100,confirmed_bullish_trend,42,mixed_or_bearish,56.36,7.28,0.86,-0.00749830,-0.02347418,0.09556057,0.10303030,4H EMA 多头排列已连续维持；4H RSI 位于健康强势区间,4H MACD 尚未确认多头
122,SFM,"Sprouts Farmers Market, Inc. - Common Stock",,Early,Nasdaq Liquid 500,266,60.25,30.59,90.4,90.0,58.8,70.79,73.1,37.48,15.0,bearish_transition,49.8,bullish_below_zero_proxy,45.85,45.17,0.0,92,fresh_bullish_cross,66,bullish_above_signal,57.54,79.160004,1.32,0.01513210,0.07088753,-0.03310124,-0.07339337,4H EMA9/26 最近金叉且价格在 EMA50 上方；4H MACD 位于 Signal 上方；4H MACD 柱体连续扩张；4H RSI 位于健康强势区间,
123,TTD,Trade Desk (The),Communication Services,Early,Nasdaq Liquid 500,211,60.22,35.65,90.4,78.0,58.8,71.6,74.0,45.15,15.0,bearish_transition,71.8,fresh_below_zero_cross_proxy,51.97,47.39,0.0,94,fresh_bullish_cross,66,bullish_above_signal,56.5,19.09,1.08,0.01005825,0.08620193,0.02359249,-0.00985482,4H EMA9/26 最近金叉且价格在 EMA50 上方；4H MACD 位于 Signal 上方；4H MACD 柱体连续扩张；4H RSI 位于健康强势区间,
124,RGEN,Repligen Corporation - Common Stock,,Early,Nasdaq Liquid 500,148,60.07,54.93,67.6,52.8,58.8,57.83,58.7,52.41,72.0,confirmed_bullish_trend,25.0,bearish_proxy,58.06,47.61,0.0,58,mixed_sideways,72,fresh_below_zero_cross,50.92,141.229996,1.01,-0.05865496,0.00820955,0.03087588,0.07908000,4H MACD 刚金叉但仍需零轴确认；4H MACD 柱体连续扩张；4H RSI 位于健康强势区间,4H EMA 仍偏震荡
125,HTHT,H World Group Limited - American Depositary Shares,,Early,Nasdaq Liquid 500,259,60.05,30.73,87.7,95.6,58.8,63.5,65.0,37.87,15.0,bearish_transition,49.8,bullish_below_zero_proxy,47.03,45.41,0.0,76,early_transition,66,bullish_above_signal,64.55,43.25,0.94,0.00464578,0.06816493,-0.00080859,-0.03567443,4H EMA9 已站上 EMA26，等待 26/50 确认；4H MACD 位于 Signal 上方；4H MACD 柱体连续扩张；4H RSI 位于健康强势区间,
126,CSGP,CoStar Group,Real Estate,Early,Nasdaq Liquid 500,240,60.0,31.36,87.7,93.8,58.8,62.15,63.5,38.95,18.0,bearish_transition,49.8,bullish_below_zero_proxy,46.45,47.79,0.0,76,early_transition,58,bullish_above_signal,54.3,29.83,1.77,-0.03929143,0.07728418,0.01774142,-0.06868558,4H EMA9 已站上 EMA26，等待 26/50 确认；4H MACD 位于 Signal 上方；4H RSI 位于健康强势区间,
127,FRSH,FRESHWORKS INC CLASS A,Information Technology,Early,Nasdaq Liquid 500,75,59.74,64.87,75.1,36.4,15.3,74.01,74.45,59.46,72.0,confirmed_bullish_trend,86.55,fresh_above_zero_cross_proxy,64.1,49.82,10.48,89,confirmed_bullish_trend,78,bullish_above_signal,64.7,11.61,0.78,0.03475936,0.15292949,0.13712047,0.22146239,4H EMA 多头排列已连续维持；4H MACD 位于 Signal 上方；4H MACD 柱体连续扩张；4H RSI 位于健康强势区间,4H 相对 EMA26 超过 2 ATR，短线偏追高
128,RGLD,"Royal Gold, Inc. - Common Stock",,Early,Nasdaq Liquid 500,244,59.4,31.09,87.7,90.4,58.8,60.53,61.7,38.75,18.0,bearish_transition,51.15,bullish_below_zero_proxy,45.94,45.19,0.0,68,early_transition,70,bullish_above_signal,46.67,195.479996,1.74,-0.01060357,-0.02867083,-0.03270820,-0.09327891,4H EMA9 已站上 EMA26，等待 26/50 确认；4H MACD 位于 Signal 上方,
129,HST,Host Hotels & Resorts,Real Estate,Early,Nasdaq Liquid 500,200,59.33,58.55,67.1,72.0,12.0,68.68,70.75,48.34,72.0,confirmed_bullish_trend,59.55,bullish_above_signal_proxy,53.23,49.15,11.49,89,confirmed_bullish_trend,70,bullish_above_signal,72.5,25.540001,1.45,0.02200884,0.04266177,0.02446855,0.02900890,4H EMA 多头排列已连续维持；4H MACD 位于 Signal 上方,4H 相对 EMA26 超过 2 ATR，短线偏追高；4H RSI 偏热
130,CBSH,"Commerce Bancshares, Inc. - Common Stock",,Early,Nasdaq Liquid 500,224,59.27,51.54,75.1,64.4,15.3,72.81,75.35,40.35,72.0,confirmed_bullish_trend,22.75,bearish_proxy,54.98,47.0,10.48,89,confirmed_bullish_trend,78,bullish_above_signal,65.25,60.330002,1.17,0.01131511,0.02776833,0.03873967,0.10211910,4H EMA 多头排列已连续维持；4H MACD 位于 Signal 上方；4H MACD 柱体连续扩张；4H RSI 位于健康强势区间,4H 相对 EMA26 超过 2 ATR，短线偏追高
131,LECO,"Lincoln Electric Holdings, Inc. - Common Shares",,Early,Nasdaq Liquid 500,228,59.26,31.53,87.7,88.4,58.8,64.36,65.95,40.05,18.0,bearish_transition,51.15,bullish_below_zero_proxy,49.89,45.98,0.0,76,early_transition,70,bullish_above_signal,53.37,257.98999,3.54,-0.02917188,0.03502365,-0.02361587,-0.03720705,4H EMA9 已站上 EMA26，等待 26/50 确认；4H MACD 位于 Signal 上方；4H RSI 位于健康强势区间,
132,LBRDK,Liberty Broadband Corporation - Class C Common Stock,,Early,Nasdaq Liquid 500,203,59.17,44.2,82.4,72.4,58.8,64.76,66.4,47.14,38.0,mixed_sideways,51.15,bullish_below_zero_proxy,53.19,46.64,0.0,82,fresh_bullish_cross,66,bullish_above_signal,68.57,34.099998,1.52,0.05360716,0.12171046,-0.00437962,0.01337284,4H EMA9/26 最近金叉且价格在 EMA50 上方；4H MACD 位于 Signal 上方；4H MACD 柱体连续扩张,4H 相对 EMA26 超过 2 ATR，短线偏追高；4H RSI 偏热
133,ZM,"Zoom Communications, Inc. - Class A Common Stock",,Early,Nasdaq Liquid 500,204,59.11,44.14,87.7,58.0,58.8,66.74,68.6,47.14,35.0,mixed_sideways,49.8,bullish_below_zero_proxy,56.92,47.38,0.0,76,early_transition,78,bullish_above_signal,59.44,92.410004,1.0,0.01354539,0.07703964,0.07266398,-0.01910620,4H EMA9 已站上 EMA26，等待 26/50 确认；4H MACD 位于 Signal 上方；4H MACD 柱体连续扩张；4H RSI 位于健康强势区间,
134,EBC,EASTERN BANKSHARES INC,Financials,Early,Nasdaq Liquid 500,130,59.02,55.38,65.2,51.2,58.8,58.1,59.0,53.56,75.0,confirmed_bullish_trend,25.0,bearish_proxy,58.37,48.67,0.0,58,mixed_sideways,70,bullish_above_signal,53.77,23.040001,1.57,-0.01622541,0.02059801,0.04395111,0.12775335,4H MACD 位于 Signal 上方；4H RSI 位于健康强势区间,4H EMA 仍偏震荡
135,CHEF,CHEFS WAREHOUSE INC,Consumer Staples,Early,Nasdaq Liquid 500,64,58.97,65.97,75.1,30.4,12.8,74.81,75.35,61.19,75.0,confirmed_bullish_trend,87.9,fresh_above_zero_cross_proxy,66.84,53.12,11.31,89,confirmed_bullish_trend,78,bullish_above_signal,65.7,105.629997,2.21,0.06078178,0.12503992,0.10827824,0.12264854,4H EMA 多头排列已连续维持；4H MACD 位于 Signal 上方；4H MACD 柱体连续扩张；4H RSI 位于健康强势区间,4H 相对 EMA26 超过 2 ATR，短线偏追高
136,MSFT,Microsoft,Information Technology,Early,Nasdaq Liquid 500,217,58.95,32.71,95.5,62.8,58.8,68.09,70.1,42.24,18.0,bearish_transition,49.8,bullish_below_zero_proxy,55.6,51.37,0.0,76,early_transition,80,fresh_above_zero_cross,49.86,390.540009,1.38,-0.01891627,0.00066621,0.05981007,-0.02357675,4H EMA9 已站上 EMA26，等待 26/50 确认；4H MACD 零轴上方刚金叉；4H RSI 位于健康强势区间,
137,MDGL,"Madrigal Pharmaceuticals, Inc. - Common Stock",,Early,Nasdaq Liquid 500,152,58.83,55.52,54.4,78.4,58.8,49.33,49.25,52.27,75.0,confirmed_bullish_trend,26.35,bearish_proxy,51.94,50.64,0.0,55,mixed_sideways,42,mixed_or_bearish,53.53,546.880005,2.06,0.01980382,0.01661896,0.03681792,0.09430716,4H RSI 位于健康强势区间,4H EMA 仍偏震荡；4H MACD 尚未确认多头
138,ILMN,"Illumina, Inc. - Common Stock",,Early,Nasdaq Liquid 500,150,58.8,54.92,64.3,53.2,58.8,69.71,71.9,52.39,72.0,confirmed_bullish_trend,25.0,bearish_proxy,58.0,47.6,0.0,100,confirmed_bullish_trend,50,mixed_or_bearish,57.94,194.820007,1.15,0.01558674,0.02069478,0.07581872,0.16701318,4H EMA 多头排列已连续维持；4H MACD 柱体连续扩张；4H RSI 位于健康强势区间,4H MACD 尚未确认多头
139,CDW,CDW Corporation,Information Technology,Early,Nasdaq Liquid 500,196,58.79,58.59,67.1,68.4,11.8,70.84,73.15,49.29,75.0,confirmed_bullish_trend,59.55,bullish_above_signal_proxy,54.17,47.83,11.53,89,confirmed_bullish_trend,78,bullish_above_signal,73.86,147.919998,2.1,0.03447789,0.13924833,0.05793156,0.12683777,4H EMA 多头排列已连续维持；4H MACD 位于 Signal 上方；4H MACD 柱体连续扩张,4H 相对 EMA26 超过 2 ATR，短线偏追高；4H RSI 偏热
140,INTU,Intuit,Information Technology,Early,Nasdaq Liquid 500,98,58.78,73.88,60.1,12.8,9.6,72.84,73.15,57.03,85.0,early_transition,48.9,bullish_below_zero_proxy,78.41,55.93,12.61,89,confirmed_bullish_trend,78,bullish_above_signal,74.44,333.130005,1.4,0.05297598,0.17134322,0.25058187,0.18265412,4H EMA 多头排列已连续维持；4H MACD 位于 Signal 上方；4H MACD 柱体连续扩张,4H 相对 EMA26 超过 2 ATR，短线偏追高；4H RSI 偏热
141,WIX,Wix.com Ltd. - Ordinary Shares,,Early,Nasdaq Liquid 500,52,58.68,76.39,60.1,6.4,9.4,69.96,69.95,62.34,85.0,early_transition,60.9,bullish_above_signal_proxy,88.13,53.63,12.86,89,confirmed_bullish_trend,78,bullish_above_signal,75.02,61.220001,1.04,0.06082138,0.25889368,0.32711900,0.34372256,4H EMA 多头排列已连续维持；4H MACD 位于 Signal 上方；4H MACD 柱体连续扩张,4H 相对 EMA26 超过 2 ATR，短线偏追高；4H RSI 过热
142,ADSK,Autodesk,Information Technology,Early,Nasdaq Liquid 500,93,58.59,75.47,60.1,10.0,6.4,70.76,70.85,57.66,82.0,early_transition,59.55,bullish_above_signal_proxy,80.81,56.41,14.53,89,confirmed_bullish_trend,78,bullish_above_signal,75.3,245.25,1.1,0.02251405,0.20557444,0.25582472,0.23489422,4H EMA 多头排列已连续维持；4H MACD 位于 Signal 上方；4H MACD 柱体连续扩张,4H 相对 EMA26 超过 2 ATR，短线偏追高；4H RSI 过热
143,XRAY,DENTSPLY SIRONA INC,Health Care,Early,Nasdaq Liquid 500,40,58.57,66.94,82.9,7.2,9.0,79.02,78.35,64.43,72.0,confirmed_bullish_trend,86.55,fresh_above_zero_cross_proxy,86.48,55.3,13.04,89,confirmed_bullish_trend,88,fresh_above_zero_cross,67.36,14.2,1.4,0.06726794,0.07008289,0.31238447,0.40177690,4H EMA 多头排列已连续维持；4H MACD 零轴上方刚金叉；4H MACD 柱体连续扩张；4H RSI 位于健康强势区间,4H 相对 EMA26 超过 2 ATR，短线偏追高
144,CHTR,Charter Communications,Communication Services,Early,Nasdaq Liquid 500,207,58.57,44.02,82.4,68.8,58.8,64.76,66.4,46.37,35.0,mixed_sideways,49.8,bullish_below_zero_proxy,54.15,47.83,0.0,82,fresh_bullish_cross,66,bullish_above_signal,68.35,145.199997,1.19,0.05308958,0.12357813,-0.00656819,0.01093081,4H EMA9/26 最近金叉且价格在 EMA50 上方；4H MACD 位于 Signal 上方；4H MACD 柱体连续扩张,4H 相对 EMA26 超过 2 ATR，短线偏追高；4H RSI 偏热
145,WYNN,Wynn Resorts,Consumer Discretionary,Early,Nasdaq Liquid 500,235,58.41,31.36,87.7,83.2,58.8,62.15,63.5,39.31,15.0,bearish_transition,49.8,bullish_below_zero_proxy,50.95,47.19,0.0,76,early_transition,58,bullish_above_signal,56.1,99.010002,1.06,-0.00417401,0.04927937,-0.00422406,-0.06559076,4H EMA9 已站上 EMA26，等待 26/50 确认；4H MACD 位于 Signal 上方；4H RSI 位于健康强势区间,
146,LPLA,LPL Financial Holdings Inc. - Common Stock,,Early,Nasdaq Liquid 500,99,57.96,61.09,82.9,13.2,14.4,79.81,80.9,56.99,72.0,confirmed_bullish_trend,59.55,bullish_above_signal_proxy,78.22,51.64,10.72,100,confirmed_bullish_trend,80,fresh_above_zero_cross,66.12,337.779999,1.37,-0.00565208,0.03201959,0.25428895,0.14377621,4H EMA 多头排列已连续维持；4H MACD 零轴上方刚金叉；4H RSI 位于健康强势区间,
147,MEDP,"Medpace Holdings, Inc. - Common Stock",,Early,Nasdaq Liquid 500,30,57.86,63.37,65.2,24.8,58.8,61.6,59.0,66.09,75.0,confirmed_bullish_trend,61.8,bullish_above_signal_proxy,68.9,49.78,0.0,58,mixed_sideways,70,bullish_above_signal,60.9,584.929993,1.28,0.00380111,0.11173828,0.09304103,0.25118715,4H MACD 位于 Signal 上方；4H RSI 位于健康强势区间,4H EMA 仍偏震荡
148,SIGI,SELECTIVE INSURANCE GROUP INC,Financials,Early,Nasdaq Liquid 500,168,57.5,55.15,54.4,70.4,58.8,49.46,49.4,51.56,72.0,confirmed_bullish_trend,25.0,bearish_proxy,53.78,50.51,0.0,50,mixed_sideways,50,mixed_or_bearish,53.61,96.68,1.29,0.02725391,0.00634954,-0.01033885,0.04711359,4H MACD 柱体连续扩张；4H RSI 位于健康强势区间,4H EMA 仍偏震荡；4H MACD 尚未确认多头
149,SWKS,Skyworks Solutions,Information Technology,Early,Nasdaq Liquid 500,261,57.42,31.27,87.7,76.8,58.8,59.72,60.8,37.8,18.0,bearish_transition,49.8,bullish_below_zero_proxy,41.94,49.14,0.0,74,early_transition,58,bullish_above_signal,47.75,61.189999,2.07,-0.04651350,-0.03057668,-0.09642649,-0.19813916,4H EMA9 已站上 EMA26，等待 26/50 确认；4H MACD 位于 Signal 上方,
150,PCAR,Paccar,Industrials,Early,Nasdaq Liquid 500,120,57.12,60.87,75.1,27.2,17.0,75.11,77.9,54.82,72.0,confirmed_bullish_trend,59.55,bullish_above_signal_proxy,67.7,53.79,10.04,100,confirmed_bullish_trend,70,bullish_above_signal,60.95,133.869995,1.23,-0.01944698,0.02132365,0.11959517,0.10966509,4H EMA 多头排列已连续维持；4H MACD 位于 Signal 上方；4H RSI 位于健康强势区间,
151,LULU,Lululemon Athletica,Consumer Discretionary,Early,Nasdaq Liquid 500,229,57.06,31.6,87.7,73.6,58.8,65.39,67.1,40.02,15.0,bearish_transition,49.8,bullish_below_zero_proxy,53.1,47.62,0.0,76,early_transition,70,bullish_above_signal,56.07,119.029999,1.2,-0.01497846,0.04946219,0.04156458,0.02391397,4H EMA9 已站上 EMA26，等待 26/50 确认；4H MACD 位于 Signal 上方；4H RSI 位于健康强势区间,
152,TPG,TPG Inc. - Class A Common Stock,,Early,Nasdaq Liquid 500,123,56.98,68.35,59.5,49.2,58.8,53.51,53.9,54.5,82.0,early_transition,20.0,fresh_bearish_cross_proxy,59.1,47.82,0.0,44,bearish_transition,80,fresh_above_zero_cross,45.11,42.16,1.12,-0.02991254,0.00933684,0.07881264,-0.03080460,4H MACD 零轴上方刚金叉,4H EMA 转弱或跌破 EMA26
153,DYN,DYNE THERAPEUTICS INC,Health Care,Early,Nasdaq Liquid 500,18,56.78,64.41,65.2,15.2,58.8,62.29,58.1,68.11,72.0,confirmed_bullish_trend,61.8,bullish_above_signal_proxy,76.86,53.37,0.0,58,mixed_sideways,70,bullish_above_signal,58.81,25.1,0.56,-0.03051367,0.08212977,0.18006582,0.33973839,4H MACD 位于 Signal 上方；4H RSI 位于健康强势区间,4H EMA 仍偏震荡
154,DFNS,T3 Defense Inc. - Common Stock,,Early,Nasdaq Liquid 500,60,56.59,72.97,66.45,1.8,2.0,59.11,57.9,61.59,100.0,fresh_bullish_cross,48.9,bullish_below_zero_proxy,100.0,60.25,19.68,64,early_transition,78,bullish_above_signal,89.55,50.220001,0.44,1.12095629,9.75374754,1.34399082,0.92968304,4H EMA9 已站上 EMA26，等待 26/50 确认；4H MACD 位于 Signal 上方；4H MACD 柱体连续扩张,4H 相对 EMA26 超过 2 ATR，短线偏追高；4H RSI 过热
155,SKYW,SKYWEST INC,Industrials,Early,Nasdaq Liquid 500,161,56.56,59.63,75.1,30.8,10.3,75.11,77.9,51.94,72.0,confirmed_bullish_trend,59.55,bullish_above_signal_proxy,66.73,50.35,12.12,100,confirmed_bullish_trend,70,bullish_above_signal,64.15,109.660004,1.31,-0.03527751,0.14587260,0.11093106,0.19247505,4H EMA 多头排列已连续维持；4H MACD 位于 Signal 上方；4H RSI 位于健康强势区间,
156,VRSN,Verisign,Information Technology,Early,Nasdaq Liquid 500,111,56.43,61.19,75.1,22.4,16.1,72.81,75.35,55.75,72.0,confirmed_bullish_trend,59.55,bullish_above_signal_proxy,70.89,54.43,10.17,89,confirmed_bullish_trend,78,bullish_above_signal,67.65,290.920013,1.3,0.03624404,0.10830898,0.15252363,0.06665698,4H EMA 多头排列已连续维持；4H MACD 位于 Signal 上方；4H MACD 柱体连续扩张；4H RSI 位于健康强势区间,4H 相对 EMA26 超过 2 ATR，短线偏追高
157,GLBE,Global-E Online Ltd. - ordinary shares,,Early,Nasdaq Liquid 500,73,56.35,64.93,67.1,36.8,12.6,72.84,73.15,59.62,75.0,confirmed_bullish_trend,87.9,fresh_above_zero_cross_proxy,63.89,48.78,11.34,89,confirmed_bullish_trend,78,bullish_above_signal,68.67,40.259998,1.91,0.03204307,0.13248943,0.12709958,0.27324468,4H EMA 多头排列已连续维持；4H MACD 位于 Signal 上方；4H MACD 柱体连续扩张,4H 相对 EMA26 超过 2 ATR，短线偏追高；4H RSI 偏热
158,AMGN,Amgen,Health Care,Early,Nasdaq Liquid 500,165,56.31,59.98,67.1,46.8,14.6,68.68,70.75,51.67,72.0,confirmed_bullish_trend,59.55,bullish_above_signal_proxy,59.56,53.16,10.66,89,confirmed_bullish_trend,70,bullish_above_signal,68.59,387.640015,1.27,-0.00873273,0.05889431,0.07528437,0.10569484,4H EMA 多头排列已连续维持；4H MACD 位于 Signal 上方,4H 相对 EMA26 超过 2 ATR，短线偏追高；4H RSI 偏热
159,TECH,Bio-Techne,Health Care,Early,Nasdaq Liquid 500,296,56.19,50.99,64.3,82.0,3.2,65.25,66.95,34.77,75.0,confirmed_bullish_trend,24.1,bearish_proxy,51.16,51.48,16.83,89,confirmed_bullish_trend,50,mixed_or_bearish,67.43,72.029999,1.87,-0.00006948,0.00334306,0.01622463,0.28235716,4H EMA 多头排列已连续维持；4H MACD 柱体连续扩张；4H RSI 位于健康强势区间,4H 相对 EMA26 超过 2 ATR，短线偏追高；4H MACD 尚未确认多头
160,CASY,Casey's,Consumer Staples,Early,Nasdaq Liquid 500,51,56.18,62.87,54.4,43.6,58.8,52.54,50.6,62.89,72.0,confirmed_bullish_trend,61.8,bullish_above_signal_proxy,60.22,51.79,0.0,58,mixed_sideways,42,mixed_or_bearish,55.49,867.159973,1.29,0.00633042,0.01217419,0.11193602,-0.00622292,4H RSI 位于健康强势区间,4H EMA 仍偏震荡；4H MACD 尚未确认多头
161,BPOP,"Popular, Inc. - Common Stock",,Early,Nasdaq Liquid 500,166,56.13,54.66,54.4,62.4,58.8,50.54,50.6,51.6,72.0,confirmed_bullish_trend,25.0,bearish_proxy,55.62,47.12,0.0,58,mixed_sideways,42,mixed_or_bearish,53.03,172.220001,1.05,-0.00364481,-0.00937593,0.04489743,0.08076558,4H RSI 位于健康强势区间,4H EMA 仍偏震荡；4H MACD 尚未确认多头
162,HALO,"Halozyme Therapeutics, Inc. - Common Stock",,Early,Nasdaq Liquid 500,188,56.08,58.84,67.1,48.8,13.3,68.68,70.75,50.28,72.0,confirmed_bullish_trend,59.55,bullish_above_signal_proxy,59.17,47.83,11.13,89,confirmed_bullish_trend,70,bullish_above_signal,69.86,83.279999,1.07,-0.00673865,0.07016190,0.07924575,0.16835017,4H EMA 多头排列已连续维持；4H MACD 位于 Signal 上方,4H 相对 EMA26 超过 2 ATR，短线偏追高；4H RSI 偏热
163,SIRI,SiriusXM Holdings Inc. - Common Stock,,Early,Nasdaq Liquid 500,97,55.87,64.29,67.1,38.0,8.3,71.8,72.0,57.17,75.0,confirmed_bullish_trend,87.9,fresh_above_zero_cross_proxy,63.09,48.62,13.52,89,confirmed_bullish_trend,78,bullish_above_signal,72.07,32.59,2.61,0.03988513,0.09215818,0.11456908,0.18724950,4H EMA 多头排列已连续维持；4H MACD 位于 Signal 上方；4H MACD 柱体连续扩张,4H 相对 EMA26 超过 2 ATR，短线偏追高；4H RSI 偏热
164,FANG,Diamondback Energy,Energy,Early,Nasdaq Liquid 500,48,55.87,63.01,54.4,41.2,58.8,52.96,49.4,63.28,72.0,confirmed_bullish_trend,61.8,bullish_above_signal_proxy,61.43,52.04,0.0,52,mixed_sideways,50,mixed_or_bearish,55.87,199.130005,1.04,0.04486306,-0.01911231,0.10321332,0.04821816,4H MACD 柱体连续扩张；4H RSI 位于健康强势区间,4H EMA 仍偏震荡；4H MACD 尚未确认多头
165,AAPL,Apple Inc.,Information Technology,Early,Nasdaq Liquid 500,113,55.72,61.26,75.1,19.6,13.0,74.3,77.0,55.44,72.0,confirmed_bullish_trend,59.55,bullish_above_signal_proxy,73.01,55.35,11.25,100,confirmed_bullish_trend,70,bullish_above_signal,63.76,338.190002,0.95,-0.00247765,0.03780651,0.20083086,0.14091487,4H EMA 多头排列已连续维持；4H MACD 位于 Signal 上方；4H RSI 位于健康强势区间,
166,CORT,Corcept Therapeutics Incorporated - Common Stock,,Early,Nasdaq Liquid 500,157,55.58,54.8,54.4,58.4,58.8,49.33,49.25,52.03,72.0,confirmed_bullish_trend,25.0,bearish_proxy,56.91,47.38,0.0,55,mixed_sideways,42,mixed_or_bearish,51.84,92.949997,1.87,0.00649701,0.02176537,0.05769231,0.11826268,4H RSI 位于健康强势区间,4H EMA 仍偏震荡；4H MACD 尚未确认多头
167,CALM,CAL MAINE FOODS INC,Consumer Staples,Early,Nasdaq Liquid 500,102,55.51,61.44,75.1,17.6,13.3,75.11,77.9,56.65,75.0,confirmed_bullish_trend,59.55,bullish_above_signal_proxy,74.02,54.55,11.13,100,confirmed_bullish_trend,70,bullish_above_signal,66.72,93.5,1.38,0.01092012,0.06395088,0.17862092,0.17491829,4H EMA 多头排列已连续维持；4H MACD 位于 Signal 上方；4H RSI 位于健康强势区间,
168,VRSK,Verisk Analytics,Industrials,Early,Nasdaq Liquid 500,119,55.41,60.71,75.1,20.8,10.0,70.66,72.95,54.93,75.0,confirmed_bullish_trend,60.9,bullish_above_signal_proxy,72.13,51.43,12.15,89,confirmed_bullish_trend,70,bullish_above_signal,66.63,213.149994,1.83,-0.00770466,0.10810740,0.18958590,0.18114810,4H EMA 多头排列已连续维持；4H MACD 位于 Signal 上方；4H RSI 位于健康强势区间,4H 相对 EMA26 超过 2 ATR，短线偏追高
169,VOD,Vodafone Group Plc - American Depositary Shares each representing ten Ordinary Shares,,Early,Nasdaq Liquid 500,133,55.35,59.98,75.1,21.6,10.8,69.84,72.05,53.39,72.0,confirmed_bullish_trend,59.55,bullish_above_signal_proxy,71.47,50.29,12.08,89,confirmed_bullish_trend,70,bullish_above_signal,65.68,16.129999,0.91,-0.01284586,0.03963899,0.17823221,0.07497494,4H EMA 多头排列已连续维持；4H MACD 位于 Signal 上方；4H RSI 位于健康强势区间,4H 相对 EMA26 超过 2 ATR，短线偏追高
170,WAY,WAYSTAR HOLDING CORP,Health Care,Early,Nasdaq Liquid 500,88,55.21,61.76,75.1,14.4,14.0,74.81,75.35,57.88,75.0,confirmed_bullish_trend,60.9,bullish_above_signal_proxy,77.42,53.48,11.1,89,confirmed_bullish_trend,78,bullish_above_signal,67.25,24.52,2.03,0.02251877,0.17941312,0.22722723,0.32112076,4H EMA 多头排列已连续维持；4H MACD 位于 Signal 上方；4H MACD 柱体连续扩张；4H RSI 位于健康强势区间,4H 相对 EMA26 超过 2 ATR，短线偏追高
171,Z,"Zillow Group, Inc. - Class C Capital Stock",,Early,Nasdaq Liquid 500,216,55.06,32.22,90.4,51.6,58.8,71.6,74.0,42.48,18.0,bearish_transition,49.8,bullish_below_zero_proxy,58.29,47.66,0.0,94,fresh_bullish_cross,66,bullish_above_signal,59.58,34.0,1.35,0.01356393,0.08435656,0.08418364,0.05035530,4H EMA9/26 最近金叉且价格在 EMA50 上方；4H MACD 位于 Signal 上方；4H MACD 柱体连续扩张；4H RSI 位于健康强势区间,
172,TEAM,Atlassian Corporation  - Class A Common Stock,,Early,Nasdaq Liquid 500,79,55.05,61.86,75.1,11.2,16.8,74.81,75.35,59.25,75.0,confirmed_bullish_trend,60.9,bullish_above_signal_proxy,79.42,51.88,10.08,89,confirmed_bullish_trend,78,bullish_above_signal,65.8,104.279999,1.29,0.02005384,0.22150633,0.31566990,0.13855228,4H EMA 多头排列已连续维持；4H MACD 位于 Signal 上方；4H MACD 柱体连续扩张；4H RSI 位于健康强势区间,4H 相对 EMA26 超过 2 ATR，短线偏追高
173,NDAQ,"Nasdaq, Inc.",Financials,Early,Nasdaq Liquid 500,87,54.93,62.07,75.1,11.6,14.2,71.84,72.05,57.96,72.0,confirmed_bullish_trend,59.55,bullish_above_signal_proxy,79.31,56.61,10.81,89,confirmed_bullish_trend,70,bullish_above_signal,65.26,95.550003,0.77,-0.00675669,0.05092395,0.24300767,0.04953869,4H EMA 多头排列已连续维持；4H MACD 位于 Signal 上方；4H RSI 位于健康强势区间,4H 相对 EMA26 超过 2 ATR，短线偏追高
174,SEIC,SEI Investments Company - Common Stock,,Early,Nasdaq Liquid 500,118,54.87,60.49,75.1,16.8,11.4,74.3,77.0,54.96,72.0,confirmed_bullish_trend,59.55,bullish_above_signal_proxy,75.25,51.05,11.76,100,confirmed_bullish_trend,70,bullish_above_signal,66.35,102.879997,0.7,-0.00213386,0.04161183,0.18867699,0.14885532,4H EMA 多头排列已连续维持；4H MACD 位于 Signal 上方；4H RSI 位于健康强势区间,
175,DNTH,DIANTHUS THERAPEUTICS INC,Health Care,Early,Nasdaq Liquid 500,140,54.59,55.4,54.4,50.4,58.8,49.33,49.25,52.97,72.0,confirmed_bullish_trend,25.0,bearish_proxy,58.86,49.77,0.0,55,mixed_sideways,42,mixed_or_bearish,55.51,104.089996,1.35,0.00970026,0.01383070,0.08789712,0.26062730,4H RSI 位于健康强势区间,4H EMA 仍偏震荡；4H MACD 尚未确认多头
176,CCEP,Coca-Cola Europacific Partners plc - Ordinary Shares,,Early,Nasdaq Liquid 500,163,54.45,59.5,67.1,38.4,10.3,70.84,73.15,51.78,75.0,confirmed_bullish_trend,60.9,bullish_above_signal_proxy,62.95,48.59,12.12,89,confirmed_bullish_trend,78,bullish_above_signal,69.06,111.099998,1.61,0.00352271,0.04910289,0.09598495,0.11781869,4H EMA 多头排列已连续维持；4H MACD 位于 Signal 上方；4H MACD 柱体连续扩张,4H 相对 EMA26 超过 2 ATR，短线偏追高；4H RSI 偏热
177,CEG,Constellation Energy,Utilities,Early,Nasdaq Liquid 500,83,54.17,73.58,29.3,98.8,58.8,38.23,34.7,58.79,82.0,early_transition,49.8,bullish_below_zero_proxy,47.36,50.22,0.0,38,bearish_transition,28,fresh_bearish_cross,43.84,257.950012,1.05,-0.02109976,-0.06124895,-0.00516795,-0.01680886,,4H EMA 转弱或跌破 EMA26；4H MACD 最近死叉
178,MDLZ,Mondelez International,Consumer Staples,Early,Nasdaq Liquid 500,191,54.14,58.05,67.1,38.8,11.6,70.84,73.15,49.86,75.0,confirmed_bullish_trend,48.9,bullish_below_zero_proxy,62.86,52.32,11.57,89,confirmed_bullish_trend,78,bullish_above_signal,72.25,64.989998,1.66,0.04451940,0.06794837,0.08046543,0.05657617,4H EMA 多头排列已连续维持；4H MACD 位于 Signal 上方；4H MACD 柱体连续扩张,4H 相对 EMA26 超过 2 ATR，短线偏追高；4H RSI 偏热
179,BKR,Baker Hughes,Energy,Early,Nasdaq Liquid 500,218,54.03,32.72,87.7,50.8,58.8,65.39,67.1,42.2,15.0,bearish_transition,49.8,bullish_below_zero_proxy,58.45,51.44,0.0,76,early_transition,70,bullish_above_signal,54.94,58.720001,1.39,0.01223932,0.03754749,0.04307670,-0.05972778,4H EMA9 已站上 EMA26，等待 26/50 确认；4H MACD 位于 Signal 上方；4H RSI 位于健康强势区间,
180,ROAD,CONSTRUCTION PARTNERS INC CLASS A,Industrials,Early,Nasdaq Liquid 500,301,53.98,29.84,87.7,57.2,58.8,59.03,61.7,33.57,15.0,bearish_transition,49.8,bullish_below_zero_proxy,32.06,46.66,0.0,74,early_transition,58,bullish_above_signal,49.36,104.029999,1.02,-0.01654377,-0.00191887,-0.13517335,-0.13463376,4H EMA9 已站上 EMA26，等待 26/50 确认；4H MACD 位于 Signal 上方；4H RSI 位于健康强势区间,
181,EQPT,EquipmentShare.com Inc - Class A Common Stock,,Early,Nasdaq Liquid 500,306,53.96,29.09,87.7,58.8,58.8,61.46,64.4,33.07,15.0,bearish_transition,49.8,bullish_below_zero_proxy,32.5,42.5,0.0,76,early_transition,70,bullish_above_signal,46.58,17.959999,0.95,-0.08320577,0.03755055,-0.11264827,-0.15482358,4H EMA9 已站上 EMA26，等待 26/50 确认；4H MACD 位于 Signal 上方,
182,TXRH,"Texas Roadhouse, Inc. - Common Stock",,Early,Nasdaq Liquid 500,208,53.58,57.78,60.1,57.6,6.8,70.84,73.15,46.3,72.0,confirmed_bullish_trend,59.55,bullish_above_signal_proxy,57.02,47.4,14.4,89,confirmed_bullish_trend,78,bullish_above_signal,74.74,209.160004,1.22,0.02796483,0.09290416,0.07908993,0.24849284,4H EMA 多头排列已连续维持；4H MACD 位于 Signal 上方；4H MACD 柱体连续扩张,4H 相对 EMA26 超过 2 ATR，短线偏追高；4H RSI 偏热
183,INCY,Incyte,Health Care,Early,Nasdaq Liquid 500,145,53.25,60.5,67.1,28.8,9.2,68.68,70.75,52.82,75.0,confirmed_bullish_trend,59.55,bullish_above_signal_proxy,67.11,54.67,12.9,89,confirmed_bullish_trend,70,bullish_above_signal,70.08,127.099998,1.36,-0.01239371,0.09767680,0.10839801,0.24620061,4H EMA 多头排列已连续维持；4H MACD 位于 Signal 上方,4H 相对 EMA26 超过 2 ATR，短线偏追高；4H RSI 偏热
184,NTNX,"Nutanix, Inc. - Class A Common Stock",,Early,Nasdaq Liquid 500,155,52.92,59.55,67.1,27.6,11.0,70.84,73.15,52.12,72.0,confirmed_bullish_trend,59.55,bullish_above_signal_proxy,67.46,49.49,12.03,89,confirmed_bullish_trend,78,bullish_above_signal,71.25,59.57,1.46,0.01017465,0.11658861,0.16666664,0.20587040,4H EMA 多头排列已连续维持；4H MACD 位于 Signal 上方；4H MACD 柱体连续扩张,4H 相对 EMA26 超过 2 ATR，短线偏追高；4H RSI 偏热
185,JKHY,Jack Henry & Associates,Financials,Early,Nasdaq Liquid 500,167,52.73,59.98,67.1,26.8,8.8,70.84,73.15,51.57,72.0,confirmed_bullish_trend,59.55,bullish_above_signal_proxy,67.8,53.31,13.26,89,confirmed_bullish_trend,78,bullish_above_signal,69.49,161.149994,1.29,0.01919482,0.10263428,0.17894500,0.23666638,4H EMA 多头排列已连续维持；4H MACD 位于 Signal 上方；4H MACD 柱体连续扩张,4H 相对 EMA26 超过 2 ATR，短线偏追高；4H RSI 偏热
186,EXPE,Expedia Group,Consumer Discretionary,Early,Nasdaq Liquid 500,186,52.7,59.42,67.1,30.0,5.6,70.84,73.15,50.4,75.0,confirmed_bullish_trend,60.9,bullish_above_signal_proxy,66.93,50.39,14.96,89,confirmed_bullish_trend,78,bullish_above_signal,73.46,304.269989,2.19,0.04061287,0.16578540,0.14693346,0.28394799,4H EMA 多头排列已连续维持；4H MACD 位于 Signal 上方；4H MACD 柱体连续扩张,4H 相对 EMA26 超过 2 ATR，短线偏追高；4H RSI 偏热
187,KHC,Kraft Heinz,Consumer Staples,Early,Nasdaq Liquid 500,180,52.4,59.84,67.1,26.0,7.2,70.84,73.15,50.96,72.0,confirmed_bullish_trend,59.55,bullish_above_signal_proxy,68.23,53.4,14.01,89,confirmed_bullish_trend,78,bullish_above_signal,71.62,27.620001,1.2,0.02315243,0.06353493,0.14179412,0.15179320,4H EMA 多头排列已连续维持；4H MACD 位于 Signal 上方；4H MACD 柱体连续扩张,4H 相对 EMA26 超过 2 ATR，短线偏追高；4H RSI 偏热
188,BBIO,"BridgeBio Pharma, Inc. - Common Stock",,Early,Nasdaq Liquid 500,116,51.98,55.83,54.4,32.0,58.8,49.73,49.7,55.03,72.0,confirmed_bullish_trend,25.0,bearish_proxy,65.98,49.2,0.0,58,mixed_sideways,42,mixed_or_bearish,54.64,83.540001,0.94,-0.00583123,0.01015724,0.16027779,0.22816825,4H RSI 位于健康强势区间,4H EMA 仍偏震荡；4H MACD 尚未确认多头
189,HQY,HEALTHEQUITY INC,Health Care,Early,Nasdaq Liquid 500,154,51.96,59.96,67.1,22.0,8.3,70.84,73.15,52.13,72.0,confirmed_bullish_trend,59.55,bullish_above_signal_proxy,71.1,52.22,13.52,89,confirmed_bullish_trend,78,bullish_above_signal,73.36,104.129997,1.65,0.03073492,0.08593178,0.18639627,0.19662147,4H EMA 多头排列已连续维持；4H MACD 位于 Signal 上方；4H MACD 柱体连续扩张,4H 相对 EMA26 超过 2 ATR，短线偏追高；4H RSI 偏热
190,TTEK,"Tetra Tech, Inc. - Common Stock",,Early,Nasdaq Liquid 500,151,51.93,59.68,67.1,22.8,7.8,67.64,69.6,52.33,75.0,confirmed_bullish_trend,59.55,bullish_above_signal_proxy,70.31,50.06,13.66,89,confirmed_bullish_trend,70,bullish_above_signal,68.14,33.779999,3.23,0.01471907,0.08967739,0.16987010,0.20642854,4H EMA 多头排列已连续维持；4H MACD 位于 Signal 上方,4H 相对 EMA26 超过 2 ATR，短线偏追高；4H RSI 偏热
191,MNDY,monday.com Ltd. - Ordinary Shares,,Early,Nasdaq Liquid 500,91,51.88,61.32,67.1,12.4,17.2,72.03,72.25,57.84,72.0,confirmed_bullish_trend,59.55,bullish_above_signal_proxy,78.75,51.75,10.03,89,confirmed_bullish_trend,78,bullish_above_signal,69.65,90.25,0.84,0.02562642,0.22174085,0.22705637,0.16813354,4H EMA 多头排列已连续维持；4H MACD 位于 Signal 上方；4H MACD 柱体连续扩张,4H 相对 EMA26 超过 2 ATR，短线偏追高；4H RSI 偏热
192,BKNG,Booking Holdings,Consumer Discretionary,Early,Nasdaq Liquid 500,194,51.74,58.85,60.1,42.0,8.0,70.84,73.15,49.49,75.0,confirmed_bullish_trend,59.55,bullish_above_signal_proxy,61.16,49.23,13.63,89,confirmed_bullish_trend,78,bullish_above_signal,74.28,201.300003,1.1,0.01947280,0.13178906,0.10380001,0.15259095,4H EMA 多头排列已连续维持；4H MACD 位于 Signal 上方；4H MACD 柱体连续扩张,4H 相对 EMA26 超过 2 ATR，短线偏追高；4H RSI 偏热
193,DPZ,Domino's,Consumer Discretionary,Early,Nasdaq Liquid 500,121,51.22,60.86,67.1,14.8,8.6,70.84,73.15,54.53,72.0,confirmed_bullish_trend,59.55,bullish_above_signal_proxy,77.36,54.22,13.29,89,confirmed_bullish_trend,78,bullish_above_signal,73.32,360.0,1.08,0.02160986,0.12559802,0.22419829,0.13736893,4H EMA 多头排列已连续维持；4H MACD 位于 Signal 上方；4H MACD 柱体连续扩张,4H 相对 EMA26 超过 2 ATR，短线偏追高；4H RSI 偏热
194,ADP,Automatic Data Processing,Industrials,Early,Nasdaq Liquid 500,136,51.07,60.81,67.1,16.4,4.8,70.84,73.15,53.26,75.0,confirmed_bullish_trend,60.9,bullish_above_signal_proxy,75.75,54.9,15.42,89,confirmed_bullish_trend,78,bullish_above_signal,69.45,273.369995,2.36,0.02751365,0.12442416,0.21481579,0.22461139,4H EMA 多头排列已连续维持；4H MACD 位于 Signal 上方；4H MACD 柱体连续扩张,4H 相对 EMA26 超过 2 ATR，短线偏追高；4H RSI 偏热
195,ROP,Roper Technologies,Information Technology,Early,Nasdaq Liquid 500,149,50.69,60.04,67.1,16.0,4.4,70.84,73.15,52.41,75.0,confirmed_bullish_trend,59.55,bullish_above_signal_proxy,76.36,52.27,15.73,89,confirmed_bullish_trend,78,bullish_above_signal,72.61,408.070007,1.49,0.03915066,0.21232917,0.21801035,0.22746275,4H EMA 多头排列已连续维持；4H MACD 位于 Signal 上方；4H MACD 柱体连续扩张,4H 相对 EMA26 超过 2 ATR，短线偏追高；4H RSI 偏热
196,BSY,"Bentley Systems, Incorporated - Class B Common Stock",,Early,Nasdaq Liquid 500,89,50.54,75.03,60.1,10.8,6.2,70.76,70.85,57.86,85.0,early_transition,60.9,bullish_above_signal_proxy,80.0,52.0,14.67,89,confirmed_bullish_trend,78,bullish_above_signal,77.13,36.959999,2.27,0.03240224,0.24235291,0.24360701,0.21100914,4H EMA 多头排列已连续维持；4H MACD 位于 Signal 上方；4H MACD 柱体连续扩张,4H 相对 EMA26 超过 2 ATR，短线偏追高；4H RSI 过热
197,EA,Electronic Arts,Communication Services,Early,Nasdaq Liquid 500,252,50.47,50.55,54.4,66.4,10.6,45.68,45.2,38.39,75.0,confirmed_bullish_trend,17.75,fresh_bearish_cross_proxy,54.56,47.91,12.1,46,mixed_sideways,42,mixed_or_bearish,67.6,208.910004,1.3,-0.00066969,0.00014362,0.01889921,0.02865729,4H RSI 位于健康强势区间,4H EMA 仍偏震荡；4H 相对 EMA26 超过 2 ATR，短线偏追高；4H MACD 尚未确认多头
198,PAYX,Paychex,Industrials,Early,Nasdaq Liquid 500,144,50.43,60.19,67.1,14.0,4.2,70.84,73.15,52.85,75.0,confirmed_bullish_trend,59.55,bullish_above_signal_proxy,77.93,52.59,15.81,89,confirmed_bullish_trend,78,bullish_above_signal,70.91,122.129997,1.6,0.02643187,0.10275392,0.22374743,0.21028632,4H EMA 多头排列已连续维持；4H MACD 位于 Signal 上方；4H MACD 柱体连续扩张,4H 相对 EMA26 超过 2 ATR，短线偏追高；4H RSI 偏热
199,TRI,Thomson Reuters Corp - Common Shares,,Early,Nasdaq Liquid 500,95,50.31,61.64,67.1,7.6,7.6,72.84,73.15,57.56,75.0,confirmed_bullish_trend,60.9,bullish_above_signal_proxy,86.06,53.21,13.97,89,confirmed_bullish_trend,78,bullish_above_signal,70.54,106.339996,1.13,0.01838726,0.21837760,0.28686384,0.32148620,4H EMA 多头排列已连续维持；4H MACD 位于 Signal 上方；4H MACD 柱体连续扩张,4H 相对 EMA26 超过 2 ATR，短线偏追高；4H RSI 偏热
200,WDAY,"Workday, Inc.",Information Technology,Early,Nasdaq Liquid 500,68,50.3,63.31,67.1,4.0,7.0,72.84,73.15,60.7,75.0,confirmed_bullish_trend,60.9,bullish_above_signal_proxy,94.29,59.11,14.18,89,confirmed_bullish_trend,78,bullish_above_signal,73.95,168.009995,1.77,0.05539685,0.26924531,0.35985424,0.29637336,4H EMA 多头排列已连续维持；4H MACD 位于 Signal 上方；4H MACD 柱体连续扩张,4H 相对 EMA26 超过 2 ATR，短线偏追高；4H RSI 偏热
201,DOCU,"DocuSign, Inc. - Common Stock",,Early,Nasdaq Liquid 500,107,50.26,61.26,67.1,8.8,6.6,70.84,73.15,56.32,75.0,confirmed_bullish_trend,60.9,bullish_above_signal_proxy,83.73,52.75,14.43,89,confirmed_bullish_trend,78,bullish_above_signal,71.35,58.169998,1.44,0.04415723,0.21516606,0.29180545,0.31606327,4H EMA 多头排列已连续维持；4H MACD 位于 Signal 上方；4H MACD 柱体连续扩张,4H 相对 EMA26 超过 2 ATR，短线偏追高；4H RSI 偏热
202,TXG,10X GENOMICS INC CLASS A,Health Care,Early,Nasdaq Liquid 500,78,49.82,57.55,54.4,13.6,58.8,51.73,49.7,59.28,72.0,confirmed_bullish_trend,25.0,bearish_proxy,77.96,53.59,0.0,58,mixed_sideways,42,mixed_or_bearish,56.8,46.32,0.9,-0.02030455,-0.01572463,0.24717289,0.43717034,4H RSI 位于健康强势区间,4H EMA 仍偏震荡；4H MACD 尚未确认多头
203,SSNC,"SS&C Technologies Holdings, Inc. - Common Stock",,Early,Nasdaq Liquid 500,162,49.76,59.87,67.1,10.4,4.0,68.68,70.75,51.91,72.0,confirmed_bullish_trend,59.55,bullish_above_signal_proxy,80.12,52.02,16.41,89,confirmed_bullish_trend,70,bullish_above_signal,71.39,78.309998,1.09,0.00019158,0.16845720,0.24449741,0.16135248,4H EMA 多头排列已连续维持；4H MACD 位于 Signal 上方,4H 相对 EMA26 超过 2 ATR，短线偏追高；4H RSI 偏热
204,ITRI,ITRON INC,Information Technology,Early,Nasdaq Liquid 500,94,49.63,62.03,67.1,4.8,3.6,70.68,70.75,57.62,75.0,confirmed_bullish_trend,60.9,bullish_above_signal_proxy,93.81,55.76,16.61,89,confirmed_bullish_trend,70,bullish_above_signal,72.71,102.330002,1.46,0.00574966,0.23051945,0.22214258,0.26771557,4H EMA 多头排列已连续维持；4H MACD 位于 Signal 上方,4H 相对 EMA26 超过 2 ATR，短线偏追高；4H RSI 偏热
205,CG,The Carlyle Group Inc. - Common Stock,,Early,Nasdaq Liquid 500,32,49.61,76.59,37.3,40.0,58.8,42.97,38.3,65.83,82.0,early_transition,61.8,bullish_above_signal_proxy,61.77,48.35,0.0,44,bearish_transition,28,fresh_bearish_cross,46.28,44.700001,1.29,-0.03541139,0.01406531,0.10302280,-0.03340897,,4H EMA 转弱或跌破 EMA26；4H MACD 最近死叉
206,ESLT,Elbit Systems Ltd. - Ordinary Shares,,Early,Nasdaq Liquid 500,63,49.56,73.69,29.3,67.8,58.8,39.45,36.05,61.25,85.0,early_transition,49.8,bullish_below_zero_proxy,54.24,46.85,0.0,41,bearish_transition,28,fresh_bearish_cross,43.89,769.099976,0.57,-0.06074453,-0.02967376,0.05076915,-0.05497401,,4H EMA 转弱或跌破 EMA26；4H MACD 最近死叉
207,PCTY,Paylocity Holding Corporation - Common Stock,,Early,Nasdaq Liquid 500,101,49.37,61.65,67.1,4.4,2.9,70.84,73.15,56.69,75.0,confirmed_bullish_trend,60.9,bullish_above_signal_proxy,93.84,54.77,17.4,89,confirmed_bullish_trend,78,bullish_above_signal,71.93,144.789993,2.2,0.05061126,0.19879114,0.36917251,0.35533081,4H EMA 多头排列已连续维持；4H MACD 位于 Signal 上方；4H MACD 柱体连续扩张,4H 相对 EMA26 超过 2 ATR，短线偏追高；4H RSI 偏热
208,BIYA,Baiya International Group Inc.  - Ordinary Shares,,Early,Nasdaq Liquid 500,114,49.15,36.69,90.4,1.8,58.8,67.91,69.9,55.35,15.0,bearish_transition,49.8,bullish_below_zero_proxy,100.0,56.0,0.0,94,fresh_bullish_cross,58,bullish_above_signal,61.04,5.83,0.06,-0.02752294,0.95309883,1.08214286,-0.02833333,4H EMA9/26 最近金叉且价格在 EMA50 上方；4H MACD 位于 Signal 上方；4H RSI 位于健康强势区间,
209,WFRD,Weatherford International plc - Ordinary shares,,Early,Nasdaq Liquid 500,232,48.77,31.27,65.3,78.8,58.8,48.38,48.2,39.47,15.0,bearish_transition,49.8,bullish_below_zero_proxy,51.88,46.38,0.0,68,early_transition,28,fresh_bearish_cross,44.61,82.309998,0.6,-0.02302673,-0.05521126,0.01705175,-0.17788658,4H EMA9 已站上 EMA26，等待 26/50 确认,4H MACD 最近死叉
210,CINF,Cincinnati Financial,Financials,Early,Nasdaq Liquid 500,247,48.17,39.12,65.2,96.8,58.8,58.1,59.0,38.53,35.0,mixed_sideways,25.0,bearish_proxy,47.92,49.33,0.0,58,mixed_sideways,70,bullish_above_signal,51.52,181.330002,1.21,-0.00022051,0.01126543,-0.02641610,0.07061467,4H MACD 位于 Signal 上方；4H RSI 位于健康强势区间,4H EMA 仍偏震荡
211,SBRA,SABRA HEALTH CARE REIT INC,Real Estate,Early,Nasdaq Liquid 500,172,47.88,59.6,50.8,37.2,11.2,45.95,45.5,51.33,72.0,confirmed_bullish_trend,59.55,bullish_above_signal_proxy,63.36,51.17,11.84,58,mixed_sideways,28,fresh_bearish_cross,67.26,22.049999,0.64,-0.01759862,0.00272847,0.13018960,0.18675990,4H RSI 位于健康强势区间,4H EMA 仍偏震荡；4H MACD 最近死叉
212,DBX,"Dropbox, Inc. - Class A Common Stock",,Early,Nasdaq Liquid 500,182,47.56,59.43,60.1,15.6,3.8,70.03,72.25,50.58,72.0,confirmed_bullish_trend,59.55,bullish_above_signal_proxy,76.53,51.31,16.56,89,confirmed_bullish_trend,78,bullish_above_signal,74.26,33.330002,0.98,0.04156256,0.16132407,0.21642343,0.22311934,4H EMA 多头排列已连续维持；4H MACD 位于 Signal 上方；4H MACD 柱体连续扩张,4H 相对 EMA26 超过 2 ATR，短线偏追高；4H RSI 偏热
213,CLBK,COLUMBIA FINANCIAL INC,Financials,Early,Nasdaq Liquid 500,332,47.5,52.38,64.3,13.8,13.8,64.52,67.8,30.93,72.0,confirmed_bullish_trend,59.55,bullish_above_signal_proxy,0.0,37.0,11.11,100,confirmed_bullish_trend,42,mixed_or_bearish,62.79,10.91,0.34,-0.00319781,-0.00365297,0.14023751,0.19234973,4H EMA 多头排列已连续维持；4H RSI 位于健康强势区间,4H MACD 尚未确认多头
214,ALNY,"Alnylam Pharmaceuticals, Inc. - Common Stock",,Early,Nasdaq Liquid 500,213,46.92,35.72,65.2,96.4,58.8,54.05,54.5,44.06,15.0,bearish_transition,71.8,fresh_below_zero_cross_proxy,47.2,49.69,0.0,56,mixed_sideways,58,bullish_above_signal,54.51,286.619995,1.28,-0.00055793,0.07352337,-0.02354105,-0.00399623,4H MACD 位于 Signal 上方；4H RSI 位于健康强势区间,4H EMA 仍偏震荡
215,APGE,APOGEE THERAPEUTICS INC,Health Care,Early,Nasdaq Liquid 500,357,46.55,48.52,39.4,91.2,1.3,43.14,44.05,28.16,72.0,confirmed_bullish_trend,22.75,bearish_proxy,45.97,47.19,20.0,43,mixed_sideways,50,mixed_or_bearish,74.77,134.199997,1.83,0.00093231,0.00089495,0.01145617,0.55720581,4H MACD 柱体连续扩张,4H EMA 仍偏震荡；4H 相对 EMA26 超过 2 ATR，短线偏追高；4H MACD 尚未确认多头；4H RSI 偏热
216,CART,Maplebear Inc. - Common Stock,,Early,Nasdaq Liquid 500,273,46.51,37.98,67.6,82.0,58.8,57.83,58.7,36.68,35.0,mixed_sideways,25.0,bearish_proxy,44.03,44.81,0.0,56,mixed_sideways,72,fresh_below_zero_cross,52.31,45.639999,1.25,0.01467317,0.02011616,-0.03325567,0.08177293,4H MACD 刚金叉但仍需零轴确认；4H MACD 柱体连续扩张；4H RSI 位于健康强势区间,4H EMA 仍偏震荡
217,CTAS,Cintas,Industrials,Early,Nasdaq Liquid 500,171,46.47,60.04,60.1,8.0,2.2,66.61,68.45,51.43,72.0,confirmed_bullish_trend,59.55,bullish_above_signal_proxy,84.65,53.93,18.55,89,confirmed_bullish_trend,70,bullish_above_signal,75.85,216.529999,1.15,0.00094766,0.07587203,0.28086362,0.23904891,4H EMA 多头排列已连续维持；4H MACD 位于 Signal 上方,4H 相对 EMA26 超过 2 ATR，短线偏追高；4H RSI 过热
218,CTSH,Cognizant,Information Technology,Early,Nasdaq Liquid 500,86,46.06,74.32,53.85,1.8,2.4,70.76,70.85,58.13,85.0,early_transition,48.9,bullish_below_zero_proxy,100.0,57.0,18.15,89,confirmed_bullish_trend,78,bullish_above_signal,81.5,55.970001,2.23,0.10383589,0.29680262,0.44531966,0.10155481,4H EMA 多头排列已连续维持；4H MACD 位于 Signal 上方；4H MACD 柱体连续扩张,4H 相对 EMA26 超过 2 ATR，短线偏追高；4H RSI 过热
219,EXLS,"ExlService Holdings, Inc. - Common Stock",,Early,Nasdaq Liquid 500,110,46.06,74.94,53.85,1.8,0.2,67.73,69.7,55.79,85.0,early_transition,59.55,bullish_above_signal_proxy,100.0,56.0,23.0,89,confirmed_bullish_trend,78,bullish_above_signal,82.59,35.990002,3.98,0.18524624,0.34140895,0.40750888,0.26703048,4H EMA 多头排列已连续维持；4H MACD 位于 Signal 上方；4H MACD 柱体连续扩张,4H 相对 EMA26 超过 2 ATR，短线偏追高；4H RSI 过热
220,RELY,REMITLY GLOBAL INC,Financials,Early,Nasdaq Liquid 500,195,45.43,54.03,40.9,95.2,58.8,45.01,44.45,49.37,72.0,confirmed_bullish_trend,25.0,bearish_proxy,48.41,46.68,0.0,41,bearish_transition,50,mixed_or_bearish,49.6,23.290001,0.73,0.00301473,0.00866180,0.02238806,0.18584533,4H MACD 柱体连续扩张；4H RSI 位于健康强势区间,4H EMA 转弱或跌破 EMA26；4H MACD 尚未确认多头
221,PEGA,Pegasystems Inc. - Common Stock,,Early,Nasdaq Liquid 500,212,45.39,35.96,65.2,85.6,58.8,55.4,56.0,44.95,15.0,bearish_transition,71.8,fresh_below_zero_cross_proxy,50.11,49.77,0.0,56,mixed_sideways,66,bullish_above_signal,55.79,30.950001,0.74,0.03373413,0.19038465,0.01642036,-0.05409535,4H MACD 位于 Signal 上方；4H MACD 柱体连续扩张；4H RSI 位于健康强势区间,4H EMA 仍偏震荡
222,LFUS,"Littelfuse, Inc. - Common Stock",,Early,Nasdaq Liquid 500,214,45.28,34.97,67.6,80.8,58.8,55.4,56.0,43.38,18.0,bearish_transition,73.15,fresh_below_zero_cross_proxy,43.31,44.66,0.0,50,mixed_sideways,72,fresh_below_zero_cross,50.36,410.470001,2.17,0.07042365,-0.01334068,-0.08650464,-0.13895238,4H MACD 刚金叉但仍需零轴确认；4H MACD 柱体连续扩张；4H RSI 位于健康强势区间,4H EMA 仍偏震荡
223,PYPL,PayPal,Financials,Early,Nasdaq Liquid 500,127,45.22,61.11,56.3,6.8,2.9,60.31,61.45,53.76,72.0,confirmed_bullish_trend,59.55,bullish_above_signal_proxy,87.01,57.15,17.4,89,confirmed_bullish_trend,42,mixed_or_bearish,73.32,58.349998,0.75,-0.00477576,0.05125659,0.31567081,0.37342584,4H EMA 多头排列已连续维持,4H 相对 EMA26 超过 2 ATR，短线偏追高；4H MACD 尚未确认多头；4H RSI 偏热
224,ALGN,Align Technology,Health Care,Early,Nasdaq Liquid 500,219,44.66,40.06,67.6,64.8,58.8,58.64,59.6,41.81,38.0,mixed_sideways,26.35,bearish_proxy,54.92,48.98,0.0,58,mixed_sideways,72,fresh_below_zero_cross,58.79,180.080002,1.86,0.03882618,0.04400253,0.03783536,0.00998317,4H MACD 刚金叉但仍需零轴确认；4H MACD 柱体连续扩张；4H RSI 位于健康强势区间,4H EMA 仍偏震荡
225,AMBA,AMBARELLA INC,Information Technology,Early,Nasdaq Liquid 500,305,43.71,26.7,65.2,96.0,58.8,51.34,53.15,33.11,18.0,bearish_transition,26.35,bearish_proxy,47.18,46.44,0.0,53,mixed_sideways,58,bullish_above_signal,50.09,69.190002,2.21,0.00948353,0.00333531,0.03253246,-0.01396603,4H MACD 位于 Signal 上方；4H RSI 位于健康强势区间,4H EMA 仍偏震荡
226,GNTX,Gentex Corporation - Common Stock,,Early,Nasdaq Liquid 500,309,43.64,26.33,67.6,90.0,58.8,55.12,57.35,32.6,15.0,bearish_transition,25.0,bearish_proxy,49.84,45.97,0.0,53,mixed_sideways,72,fresh_below_zero_cross,51.33,23.969999,1.76,0.00947559,0.00229973,-0.04653938,-0.07984645,4H MACD 刚金叉但仍需零轴确认；4H MACD 柱体连续扩张；4H RSI 位于健康强势区间,4H EMA 仍偏震荡
227,SBAC,SBA Communications,Real Estate,Early,Nasdaq Liquid 500,201,43.09,36.93,67.6,61.6,58.8,55.58,56.2,47.93,18.0,bearish_transition,73.15,fresh_below_zero_cross_proxy,55.74,50.15,0.0,53,mixed_sideways,72,fresh_below_zero_cross,59.22,186.289993,3.17,0.04078433,0.04633790,0.03834786,-0.04900713,4H MACD 刚金叉但仍需零轴确认；4H MACD 柱体连续扩张；4H RSI 位于健康强势区间,4H EMA 仍偏震荡
228,ATAI,ATAIBECKLEY INC,Health Care,Early,Nasdaq Liquid 500,112,42.34,61.42,49.3,5.2,3.4,60.31,61.45,55.55,72.0,confirmed_bullish_trend,59.55,bullish_above_signal_proxy,91.34,56.27,16.78,89,confirmed_bullish_trend,42,mixed_or_bearish,74.36,7.18,0.56,0.00209351,0.00000000,0.33705773,0.86979167,4H EMA 多头排列已连续维持,4H 相对 EMA26 超过 2 ATR，短线偏追高；4H MACD 尚未确认多头；4H RSI 偏热
229,QURE,uniQure N.V. - Ordinary Shares,,Early,Nasdaq Liquid 500,302,42.12,36.75,67.6,55.6,58.8,53.9,56.0,33.31,38.0,mixed_sideways,25.0,bearish_proxy,31.09,42.22,0.0,50,mixed_sideways,72,fresh_below_zero_cross,51.28,40.07,2.27,0.12335302,-0.00767709,-0.15446295,0.43800467,4H MACD 刚金叉但仍需零轴确认；4H MACD 柱体连续扩张；4H RSI 位于健康强势区间,4H EMA 仍偏震荡
230,COGT,COGENT BIOSCIENCES INC,Health Care,Early,Nasdaq Liquid 500,239,40.91,39.03,50.8,87.0,58.8,45.95,45.5,38.95,35.0,mixed_sideways,25.0,bearish_proxy,50.01,48.0,0.0,58,mixed_sideways,28,fresh_bearish_cross,51.34,39.57,0.58,-0.00777334,0.00063224,0.02116129,0.19114987,4H RSI 位于健康强势区间,4H EMA 仍偏震荡；4H MACD 最近死叉
231,WTW,Willis Towers Watson,Financials,Early,Nasdaq Liquid 500,159,40.87,60.38,60.1,21.2,5.2,66.61,68.45,51.99,75.0,confirmed_bullish_trend,60.9,bullish_above_signal_proxy,71.69,54.09,15.36,89,confirmed_bullish_trend,70,bullish_above_signal,77.8,315.929993,2.14,0.00603432,0.10249161,0.19349478,0.22524718,4H EMA 多头排列已连续维持；4H MACD 位于 Signal 上方,4H 相对 EMA26 超过 2 ATR，短线偏追高；4H RSI 过热
232,ROST,Ross Stores,Consumer Discretionary,Early,Nasdaq Liquid 500,173,40.61,59.92,60.1,20.4,5.4,66.61,68.45,51.32,72.0,confirmed_bullish_trend,59.55,bullish_above_signal_proxy,72.8,53.31,15.0,89,confirmed_bullish_trend,70,bullish_above_signal,76.6,251.960007,1.4,0.00370477,0.05750026,0.20676285,0.06411018,4H EMA 多头排列已连续维持；4H MACD 位于 Signal 上方,4H 相对 EMA26 超过 2 ATR，短线偏追高；4H RSI 过热
233,DKNG,DraftKings Inc. - Class A Common Stock,,Early,Nasdaq Liquid 500,338,40.61,25.49,65.2,78.2,58.8,53.9,56.0,30.14,15.0,bearish_transition,25.0,bearish_proxy,42.39,44.48,0.0,56,mixed_sideways,66,bullish_above_signal,51.23,24.549999,0.7,0.00676641,0.07533942,-0.04881829,-0.14742146,4H MACD 位于 Signal 上方；4H MACD 柱体连续扩张；4H RSI 位于健康强势区间,4H EMA 仍偏震荡
234,MMSI,MERIT MEDICAL SYSTEMS INC,Health Care,Early,Nasdaq Liquid 500,177,38.84,59.83,53.85,25.2,5.8,67.73,69.7,51.21,75.0,confirmed_bullish_trend,60.9,bullish_above_signal_proxy,68.85,51.77,14.93,89,confirmed_bullish_trend,78,bullish_above_signal,78.22,80.839996,2.62,0.03780729,0.10588233,0.15337424,0.20710758,4H EMA 多头排列已连续维持；4H MACD 位于 Signal 上方；4H MACD 柱体连续扩张,4H 相对 EMA26 超过 2 ATR，短线偏追高；4H RSI 过热
235,CAKE,CHEESECAKE FACTORY INC,Consumer Discretionary,Early,Nasdaq Liquid 500,197,38.43,59.58,61.65,6.0,0.2,71.47,73.85,49.13,75.0,confirmed_bullish_trend,59.55,bullish_above_signal_proxy,88.47,54.69,23.0,89,confirmed_bullish_trend,88,fresh_above_zero_cross,86.3,101.139999,2.37,0.15509367,0.18057665,0.27452580,0.37083221,4H EMA 多头排列已连续维持；4H MACD 零轴上方刚金叉；4H MACD 柱体连续扩张,4H 相对 EMA26 超过 2 ATR，短线偏追高；4H RSI 过热
236,CROX,"Crocs, Inc. - Common Stock",,Early,Nasdaq Liquid 500,220,38.38,39.61,54.4,59.2,58.8,50.54,50.6,41.71,38.0,mixed_sideways,25.0,bearish_proxy,56.55,47.31,0.0,58,mixed_sideways,42,mixed_or_bearish,50.82,133.520004,1.93,-0.01315594,-0.01967689,0.06551757,0.05775173,4H RSI 位于健康强势区间,4H EMA 仍偏震荡；4H MACD 尚未确认多头
237,MANH,"Manhattan Associates, Inc. - Common Stock",,Early,Nasdaq Liquid 500,138,37.65,60.8,60.1,1.8,0.6,67.73,69.7,53.21,75.0,confirmed_bullish_trend,59.55,bullish_above_signal_proxy,100.0,56.0,22.58,89,confirmed_bullish_trend,78,bullish_above_signal,77.51,204.020004,2.77,0.20786217,0.36871063,0.47744232,0.41680558,4H EMA 多头排列已连续维持；4H MACD 位于 Signal 上方；4H MACD 柱体连续扩张,4H 相对 EMA26 超过 2 ATR，短线偏追高；4H RSI 过热
238,MDB,"MongoDB, Inc. - Class A Common Stock",,Early,Nasdaq Liquid 500,358,37.35,24.83,65.2,58.0,58.8,53.49,55.55,28.01,18.0,bearish_transition,26.35,bearish_proxy,32.19,42.44,0.0,53,mixed_sideways,66,bullish_above_signal,51.25,321.100006,1.67,0.02990943,0.05306307,-0.05056181,-0.09411495,4H MACD 位于 Signal 上方；4H MACD 柱体连续扩张；4H RSI 位于健康强势区间,4H EMA 仍偏震荡
239,CSX,CSX Corporation,Industrials,Early,Nasdaq Liquid 500,174,37.3,46.96,50.8,44.4,58.8,44.73,44.15,51.31,35.0,mixed_sideways,61.8,bullish_above_signal_proxy,60.03,49.01,0.0,55,mixed_sideways,28,fresh_bearish_cross,50.93,50.740002,0.98,-0.01284047,0.01722101,0.05730360,0.07012551,4H RSI 位于健康强势区间,4H EMA 仍偏震荡；4H MACD 最近死叉
240,MORN,"Morningstar, Inc. - Common Stock",,Early,Nasdaq Liquid 500,115,36.59,60.83,53.85,8.4,5.0,67.73,69.7,55.23,75.0,confirmed_bullish_trend,59.55,bullish_above_signal_proxy,84.27,52.85,15.37,89,confirmed_bullish_trend,78,bullish_above_signal,78.08,198.660004,3.55,0.02425821,0.19000840,0.27534184,0.14732897,4H EMA 多头排列已连续维持；4H MACD 位于 Signal 上方；4H MACD 柱体连续扩张,4H 相对 EMA26 超过 2 ATR，短线偏追高；4H RSI 过热
241,JD,"JD.com, Inc. - American Depositary Shares",,Early,Nasdaq Liquid 500,143,36.37,60.37,53.85,9.6,2.6,68.76,70.85,52.92,75.0,confirmed_bullish_trend,60.9,bullish_above_signal_proxy,82.43,52.49,17.41,89,confirmed_bullish_trend,78,bullish_above_signal,80.96,32.200001,1.51,0.01369438,0.06728542,0.27550009,0.12312525,4H EMA 多头排列已连续维持；4H MACD 位于 Signal 上方；4H MACD 柱体连续扩张,4H 相对 EMA26 超过 2 ATR，短线偏追高；4H RSI 过热
242,KNSA,KINIKSA PHARMACEUTICALS INTERNATIO,Health Care,Early,Nasdaq Liquid 500,128,36.06,61.58,53.85,5.6,1.3,68.76,70.85,53.68,75.0,confirmed_bullish_trend,60.9,bullish_above_signal_proxy,90.19,59.29,20.0,89,confirmed_bullish_trend,78,bullish_above_signal,82.96,80.919998,1.17,0.02378539,0.29658705,0.29783481,0.54280260,4H EMA 多头排列已连续维持；4H MACD 位于 Signal 上方；4H MACD 柱体连续扩张,4H 相对 EMA26 超过 2 ATR，短线偏追高；4H RSI 过热
243,FBRX,FORTE BIOSCIENCES INC,Health Care,Early,Nasdaq Liquid 500,109,35.58,61.82,53.85,1.8,1.3,66.61,68.45,56.09,75.0,confirmed_bullish_trend,59.55,bullish_above_signal_proxy,100.0,58.0,20.0,89,confirmed_bullish_trend,70,bullish_above_signal,82.44,76.529999,1.15,-0.00045717,0.35068830,2.62186477,3.22467563,4H EMA 多头排列已连续维持；4H MACD 位于 Signal 上方,4H 相对 EMA26 超过 2 ATR，短线偏追高；4H RSI 过热
244,HONA,Honeywell Aerospace,Industrials,Early,Nasdaq Liquid 500,276,35.36,38.53,41.5,76.0,58.8,5.0,0.0,36.59,35.0,mixed_sideways,25.0,bearish_proxy,41.83,48.62,0.0,0,insufficient_data,0,insufficient_data,,,,,,,,,4H样本不足：44根
245,HURN,HURON CONSULTING GROUP INC,Industrials,Early,Nasdaq Liquid 500,142,35.14,60.88,53.85,1.8,0.2,67.73,69.7,52.94,75.0,confirmed_bullish_trend,59.55,bullish_above_signal_proxy,100.0,57.0,23.0,89,confirmed_bullish_trend,78,bullish_above_signal,86.71,170.369995,4.18,0.37617117,0.52743405,0.78341879,0.59060772,4H EMA 多头排列已连续维持；4H MACD 位于 Signal 上方；4H MACD 柱体连续扩张,4H 相对 EMA26 超过 2 ATR，短线偏追高；4H RSI 过热
246,INDV,INDIVIOR PHARMACEUTICALS INC,Health Care,Early,Nasdaq Liquid 500,262,34.37,39.06,59.5,86.8,58.8,53.51,53.9,37.76,35.0,mixed_sideways,25.0,bearish_proxy,44.92,50.23,0.0,44,bearish_transition,80,fresh_above_zero_cross,47.24,40.099998,1.09,-0.00446874,-0.00840754,-0.02834994,0.04399891,4H MACD 零轴上方刚金叉,4H EMA 转弱或跌破 EMA26
247,EXEL,"Exelixis, Inc. - Common Stock",,Early,Nasdaq Liquid 500,243,33.95,38.7,59.5,84.8,58.8,53.51,53.9,38.8,35.0,mixed_sideways,25.0,bearish_proxy,50.45,46.09,0.0,44,bearish_transition,80,fresh_above_zero_cross,46.52,55.330002,1.36,-0.02131419,0.00636599,0.01934420,0.04356850,4H MACD 零轴上方刚金叉,4H EMA 转弱或跌破 EMA26
248,WTFC,Wintrust Financial Corporation - Common Stock,,Early,Nasdaq Liquid 500,246,32.59,38.61,54.1,90.4,58.8,47.16,46.85,38.53,35.0,mixed_sideways,25.0,bearish_proxy,49.65,45.93,0.0,41,bearish_transition,64,fresh_below_zero_cross,45.95,159.210007,0.67,-0.01167043,0.00454289,-0.00710944,0.01614765,4H MACD 刚金叉但仍需零轴确认,4H EMA 转弱或跌破 EMA26
249,ADVB,Advanced Biomed Inc. - Common Stock,,Early,Nasdaq Liquid 500,41,32.41,51.27,50.8,1.8,58.8,47.52,43.35,64.35,35.0,mixed_sideways,61.8,bullish_above_signal_proxy,100.0,56.0,0.0,55,mixed_sideways,28,fresh_bearish_cross,51.88,10.98,0.01,0.10574018,-0.09331880,1.20040080,1.83720930,4H RSI 位于健康强势区间,4H EMA 仍偏震荡；4H MACD 最近死叉
250,SKHY,SK hynix Inc. - American Depositary Shares,,Early,Nasdaq Liquid 500,425,29.67,33.7,41.5,87.6,1.3,3.5,0.0,19.32,38.0,mixed_sideways,24.1,bearish_proxy,50.0,46.0,20.0,0,insufficient_data,0,insufficient_data,,,,,,,,,4H样本不足：26根
251,CRNX,CRINETICS PHARMACEUTICALS INC,Health Care,Early,Nasdaq Liquid 500,206,28.94,55.21,43.05,1.8,1.3,59.68,60.75,46.47,72.0,confirmed_bullish_trend,22.75,bearish_proxy,100.0,61.25,20.0,89,confirmed_bullish_trend,50,mixed_or_bearish,89.22,83.879997,0.32,-0.00041714,0.00179140,1.28182812,1.40965224,4H EMA 多头排列已连续维持；4H MACD 柱体连续扩张,4H 相对 EMA26 超过 2 ATR，短线偏追高；4H MACD 尚未确认多头；4H RSI 过热
252,FTNT,Fortinet,Information Technology,Early,Nasdaq Liquid 500,231,28.77,39.68,40.9,97.6,58.8,38.98,37.75,39.79,38.0,mixed_sideways,26.35,bearish_proxy,47.76,49.8,0.0,36,bearish_transition,42,mixed_or_bearish,47.06,153.220001,3.65,0.00935440,-0.01129251,-0.01425031,0.02488295,,4H EMA 转弱或跌破 EMA26；4H MACD 尚未确认多头
253,GOOG,Alphabet Inc. (Class C),Communication Services,Early,Nasdaq Liquid 500,318,28.65,26.48,54.1,92.4,58.8,47.02,48.35,31.82,15.0,bearish_transition,25.0,bearish_proxy,46.11,48.22,0.0,39,bearish_transition,72,fresh_below_zero_cross,45.83,335.76001,0.97,0.00412706,-0.01798717,-0.04363671,-0.08542162,4H MACD 刚金叉但仍需零轴确认；4H MACD 柱体连续扩张,4H EMA 转弱或跌破 EMA26
254,CSCO,Cisco,Information Technology,Early,Nasdaq Liquid 500,215,28.32,42.76,43.7,80.0,58.8,41.09,40.1,42.67,35.0,mixed_sideways,49.8,bullish_below_zero_proxy,42.93,45.59,0.0,28,confirmed_bearish_trend,58,bullish_above_signal,44.71,112.480003,1.23,-0.03172210,0.00240624,-0.04370005,-0.06414842,4H MACD 位于 Signal 上方,4H EMA 空头排列
255,LIN,Linde plc,Materials,Early,Nasdaq Liquid 500,308,28.16,26.89,51.7,94.6,58.8,44.05,45.05,32.72,15.0,bearish_transition,25.0,bearish_proxy,48.5,49.45,0.0,39,bearish_transition,58,bullish_above_signal,47.09,511.170013,1.16,-0.01374694,0.00485552,0.00033271,-0.01977059,4H MACD 位于 Signal 上方,4H EMA 转弱或跌破 EMA26
256,GOOGL,Alphabet Inc. (Class A),Communication Services,Early,Nasdaq Liquid 500,320,28.08,26.4,54.1,88.8,58.8,47.02,48.35,31.59,15.0,bearish_transition,25.0,bearish_proxy,45.41,48.08,0.0,39,bearish_transition,72,fresh_below_zero_cross,45.89,336.709991,0.81,0.00492447,-0.01566935,-0.04741565,-0.08827274,4H MACD 刚金叉但仍需零轴确认；4H MACD 柱体连续扩张,4H EMA 转弱或跌破 EMA26
257,BSP,Bending Spoons S.p.A. - Ordinary Shares,,Early,Nasdaq Liquid 500,499,27.62,32.32,41.5,77.2,1.3,3.5,0.0,15.45,35.0,mixed_sideways,22.75,bearish_proxy,42.0,44.4,20.0,0,insufficient_data,0,insufficient_data,,,,,,,,,4H样本不足：40根
258,EWBC,"East West Bancorp, Inc. - Common Stock",,Early,Nasdaq Liquid 500,248,27.48,38.57,40.9,91.6,58.8,39.2,38.0,38.41,35.0,mixed_sideways,25.0,bearish_proxy,49.27,45.85,0.0,36,bearish_transition,42,mixed_or_bearish,45.11,130.279999,0.95,-0.00466040,-0.00965415,0.01000073,-0.00822170,,4H EMA 转弱或跌破 EMA26；4H MACD 尚未确认多头
259,REG,Regency Centers,Real Estate,Early,Nasdaq Liquid 500,238,27.29,39.15,40.9,89.0,58.8,42.03,41.15,39.02,35.0,mixed_sideways,25.0,bearish_proxy,49.88,48.73,0.0,41,bearish_transition,42,mixed_or_bearish,47.95,81.110001,1.61,-0.01097428,-0.01314030,-0.00209151,0.02321186,,4H EMA 转弱或跌破 EMA26；4H MACD 尚未确认多头
260,BTSG,BRIGHTSPRING HEALTH SERVICES INC,Health Care,Early,Nasdaq Liquid 500,254,27.13,38.77,37.3,98.4,58.8,37.45,36.05,38.2,35.0,mixed_sideways,25.0,bearish_proxy,47.74,47.55,0.0,41,bearish_transition,28,fresh_bearish_cross,45.07,69.370003,0.58,-0.03919659,-0.00530535,0.00550812,0.08289112,,4H EMA 转弱或跌破 EMA26；4H MACD 最近死叉
261,SYRE,SPYRE THERAPEUTICS INC,Health Care,Early,Nasdaq Liquid 500,227,27.12,39.51,40.9,87.0,58.8,43.66,42.95,40.19,38.0,mixed_sideways,26.35,bearish_proxy,50.01,48.0,0.0,41,bearish_transition,42,mixed_or_bearish,49.33,97.870003,1.07,-0.00219194,-0.01251133,0.08611699,0.16985415,4H RSI 位于健康强势区间,4H EMA 转弱或跌破 EMA26；4H MACD 尚未确认多头
262,SBUX,Starbucks,Consumer Discretionary,Early,Nasdaq Liquid 500,226,27.02,39.65,40.9,86.0,58.8,43.79,43.1,40.32,38.0,mixed_sideways,26.35,bearish_proxy,50.07,48.76,0.0,36,bearish_transition,50,mixed_or_bearish,49.54,104.139999,2.06,0.00964663,0.00144246,0.00105739,0.02500001,4H MACD 柱体连续扩张；4H RSI 位于健康强势区间,4H EMA 转弱或跌破 EMA26；4H MACD 尚未确认多头
263,ECHO,EchoStar,Communication Services,Early,Nasdaq Liquid 500,377,26.83,24.18,41.5,52.6,58.8,3.5,0.0,26.43,18.0,bearish_transition,21.35,fresh_bearish_cross_proxy,29.83,44.97,0.0,0,insufficient_data,0,insufficient_data,,,,,,,,,4H样本不足：50根
264,CELH,"Celsius Holdings, Inc. - Common Stock",,Early,Nasdaq Liquid 500,331,26.48,25.77,51.7,86.0,58.8,46.07,47.3,30.94,15.0,bearish_transition,25.0,bearish_proxy,44.81,44.96,0.0,42,bearish_transition,58,bullish_above_signal,48.77,28.879999,0.62,-0.01332426,0.01440112,-0.03054723,0.00487122,4H MACD 位于 Signal 上方；4H RSI 位于健康强势区间,4H EMA 转弱或跌破 EMA26
265,FCFS,FIRSTCASH HOLDINGS INC,Financials,Early,Nasdaq Liquid 500,312,26.1,26.29,46.1,97.2,58.8,39.99,40.55,32.07,15.0,bearish_transition,25.0,bearish_proxy,47.8,46.56,0.0,25,confirmed_bearish_trend,64,fresh_below_zero_cross,42.13,202.220001,1.27,-0.01449843,-0.02984073,-0.06092688,-0.09634462,4H MACD 刚金叉但仍需零轴确认,4H EMA 空头排列
266,OKTA,"Okta, Inc. - Class A Common Stock",,Early,Nasdaq Liquid 500,272,26.02,37.99,40.9,83.2,58.8,42.17,41.3,36.72,35.0,mixed_sideways,25.0,bearish_proxy,44.16,44.83,0.0,36,bearish_transition,50,mixed_or_bearish,45.1,136.910004,1.2,0.00913987,0.00190274,0.04280609,0.15907552,4H MACD 柱体连续扩张,4H EMA 转弱或跌破 EMA26；4H MACD 尚未确认多头
267,ARGX,argenx SE - American Depositary Shares,,Early,Nasdaq Liquid 500,268,25.97,38.21,37.3,92.0,58.8,36.32,34.8,37.36,35.0,mixed_sideways,25.0,bearish_proxy,46.09,45.22,0.0,36,bearish_transition,28,fresh_bearish_cross,49.34,882.559998,0.5,0.00611034,0.03416917,-0.03372906,-0.00161766,4H RSI 位于健康强势区间,4H EMA 转弱或跌破 EMA26；4H MACD 最近死叉
268,POOL,Pool Corporation - Common Stock,,Early,Nasdaq Liquid 500,345,25.57,25.41,54.1,74.4,58.8,47.02,48.35,29.88,15.0,bearish_transition,25.0,bearish_proxy,41.61,44.32,0.0,39,bearish_transition,72,fresh_below_zero_cross,46.84,193.449997,0.87,0.02301447,-0.01225432,-0.08637956,0.01272114,4H MACD 刚金叉但仍需零轴确认；4H MACD 柱体连续扩张,4H EMA 转弱或跌破 EMA26
269,QLYS,QUALYS INC,Information Technology,Early,Nasdaq Liquid 500,258,25.22,38.53,32.9,98.0,58.8,40.01,38.9,37.89,35.0,mixed_sideways,25.0,bearish_proxy,47.25,46.45,0.0,36,bearish_transition,50,mixed_or_bearish,39.06,135.130005,1.51,-0.01119566,-0.03554347,0.05257828,0.17760353,4H MACD 柱体连续扩张,4H EMA 转弱或跌破 EMA26；4H MACD 尚未确认多头；4H RSI 偏弱
270,ZION,Zions Bancorporation N.A. - Common Stock,,Early,Nasdaq Liquid 500,255,24.7,38.48,32.9,94.6,58.8,41.36,40.4,38.15,35.0,mixed_sideways,25.0,bearish_proxy,48.5,45.7,0.0,36,bearish_transition,50,mixed_or_bearish,44.18,68.919998,0.96,-0.00755997,-0.01627177,-0.00877321,0.03983101,4H MACD 柱体连续扩张,4H EMA 转弱或跌破 EMA26；4H MACD 尚未确认多头
271,TVTX,TRAVERE THERAPEUTICS INC,Health Care,Early,Nasdaq Liquid 500,283,24.61,38.07,40.9,73.6,58.8,40.82,39.8,36.15,35.0,mixed_sideways,25.0,bearish_proxy,41.53,46.31,0.0,38,bearish_transition,42,mixed_or_bearish,45.02,55.560001,1.1,-0.00179660,-0.01244218,-0.04683479,0.03252184,,4H EMA 转弱或跌破 EMA26；4H MACD 尚未确认多头
272,ORKA,ORUKA THERAPEUTICS INC,Health Care,Early,Nasdaq Liquid 500,289,24.13,37.92,40.9,70.8,58.8,40.01,38.9,35.7,35.0,mixed_sideways,25.0,bearish_proxy,40.16,46.03,0.0,38,bearish_transition,42,mixed_or_bearish,46.87,88.07,0.69,-0.02187918,-0.04789189,-0.04881733,0.27730245,,4H EMA 转弱或跌破 EMA26；4H MACD 尚未确认多头
273,CWST,CASELLA WASTE SYSTEMS INC CLASS A,Industrials,Early,Nasdaq Liquid 500,329,24.05,25.91,46.1,84.4,58.8,40.13,40.7,30.97,15.0,bearish_transition,25.0,bearish_proxy,44.44,45.89,0.0,22,confirmed_bearish_trend,72,fresh_below_zero_cross,42.8,90.480003,0.98,0.00712385,0.00077424,-0.04101744,0.02585041,4H MACD 刚金叉但仍需零轴确认；4H MACD 柱体连续扩张,4H EMA 空头排列
274,VNOM,"Viper Energy, Inc.  - Class A Common Stock",,Early,Nasdaq Liquid 500,236,23.75,31.34,40.9,83.6,58.8,35.69,34.1,39.28,15.0,bearish_transition,49.8,bullish_below_zero_proxy,50.84,47.17,0.0,22,confirmed_bearish_trend,50,mixed_or_bearish,45.88,43.18,0.96,0.02346530,-0.04595665,0.01815610,-0.01189934,4H MACD 柱体连续扩张,4H EMA 空头排列；4H MACD 尚未确认多头
275,MIDD,The Middleby Corporation - Common Stock,,Early,Nasdaq Liquid 500,352,23.51,35.28,51.7,44.0,58.8,46.07,47.3,28.76,35.0,mixed_sideways,25.0,bearish_proxy,20.02,40.0,0.0,44,bearish_transition,58,bullish_above_signal,47.5,133.020004,1.55,-0.02090385,0.01549736,-0.04450365,0.01096831,4H MACD 位于 Signal 上方,4H EMA 转弱或跌破 EMA26
276,JBHT,J.B. Hunt,Industrials,Early,Nasdaq Liquid 500,270,23.51,38.27,32.9,87.2,58.8,39.2,38.0,37.13,35.0,mixed_sideways,25.0,bearish_proxy,44.93,45.99,0.0,36,bearish_transition,42,mixed_or_bearish,40.7,276.140015,0.74,-0.00654762,-0.05489759,-0.04088079,-0.02479160,,4H EMA 转弱或跌破 EMA26；4H MACD 尚未确认多头
277,TIGO,Millicom International Cellular S.A. - Common Stock,,Early,Nasdaq Liquid 500,245,23.36,38.68,32.9,85.2,58.8,40.82,39.8,38.75,35.0,mixed_sideways,25.0,bearish_proxy,50.29,46.06,0.0,38,bearish_transition,42,mixed_or_bearish,43.6,94.18,1.25,-0.01092209,-0.03760475,0.02058952,0.05299640,,4H EMA 转弱或跌破 EMA26；4H MACD 尚未确认多头
278,ERIC,Ericsson - American Depositary Shares each representing 1 underlying Class B share,,Early,Nasdaq Liquid 500,222,23.28,34.0,43.7,66.8,58.8,44.73,44.15,40.7,15.0,bearish_transition,71.8,fresh_below_zero_cross_proxy,38.95,43.79,0.0,39,bearish_transition,58,bullish_above_signal,44.21,9.79,0.69,-0.01558572,0.03324538,-0.12157918,-0.19819820,4H MACD 位于 Signal 上方,4H EMA 转弱或跌破 EMA26
279,CRUS,"Cirrus Logic, Inc. - Common Stock",,Early,Nasdaq Liquid 500,269,23.05,30.59,43.7,73.2,58.8,36.5,35.0,37.28,18.0,bearish_transition,51.15,bullish_below_zero_proxy,41.5,44.3,0.0,22,confirmed_bearish_trend,58,bullish_above_signal,39.67,134.070007,1.6,-0.00766141,-0.03795920,-0.08403353,-0.19169202,4H MACD 位于 Signal 上方,4H EMA 空头排列；4H RSI 偏弱
280,ODFL,Old Dominion,Industrials,Early,Nasdaq Liquid 500,223,22.98,39.48,32.9,80.8,58.8,40.01,38.9,40.52,38.0,mixed_sideways,26.35,bearish_proxy,51.46,47.29,0.0,36,bearish_transition,42,mixed_or_bearish,42.53,222.789993,1.67,-0.02158498,-0.04254591,0.01443401,-0.06114627,,4H EMA 转弱或跌破 EMA26；4H MACD 尚未确认多头
281,LOGI,Logitech International S.A. - Registered Shares,,Early,Nasdaq Liquid 500,210,22.59,43.95,51.7,45.2,17.5,50.81,50.9,46.02,38.0,mixed_sideways,49.8,bullish_below_zero_proxy,59.92,47.98,3.0,44,bearish_transition,70,bullish_above_signal,47.05,102.989998,2.25,-0.05902238,-0.01397797,0.04399388,-0.07107427,4H MACD 位于 Signal 上方,4H EMA 转弱或跌破 EMA26
282,CRWD,CrowdStrike,Information Technology,Early,Nasdaq Liquid 500,253,22.55,39.14,25.9,97.4,58.8,39.2,38.0,38.38,35.0,mixed_sideways,25.0,bearish_proxy,47.24,49.7,0.0,36,bearish_transition,50,mixed_or_bearish,37.23,179.380005,0.85,-0.02309063,-0.04838194,-0.03372115,0.03539738,4H MACD 柱体连续扩张,4H EMA 转弱或跌破 EMA26；4H MACD 尚未确认多头；4H RSI 偏弱
283,CZR,"Caesars Entertainment, Inc. - Common Stock",,Early,Nasdaq Liquid 500,257,22.41,38.36,29.3,89.2,58.8,36.23,34.7,38.05,38.0,mixed_sideways,25.0,bearish_proxy,45.45,45.09,0.0,38,bearish_transition,28,fresh_bearish_cross,44.24,29.77,1.0,-0.00717028,-0.00567806,-0.00184412,0.00881057,,4H EMA 转弱或跌破 EMA26；4H MACD 最近死叉
284,NTRS,Northern Trust,Financials,Early,Nasdaq Liquid 500,230,22.32,39.48,32.9,76.4,58.8,40.01,38.9,39.9,35.0,mixed_sideways,25.0,bearish_proxy,52.42,49.48,0.0,38,bearish_transition,42,mixed_or_bearish,41.25,177.649994,0.78,-0.01535309,-0.00604265,0.01601366,0.02872194,,4H EMA 转弱或跌破 EMA26；4H MACD 尚未确认多头
285,PTEN,PATTERSON UTI ENERGY INC,Energy,Early,Nasdaq Liquid 500,250,22.3,31.04,32.9,96.0,58.8,36.5,35.0,38.39,15.0,bearish_transition,49.8,bullish_below_zero_proxy,48.16,46.63,0.0,22,confirmed_bearish_trend,50,mixed_or_bearish,40.3,9.33,1.21,0.02583837,-0.13006993,-0.02149974,-0.12394366,4H MACD 柱体连续扩张,4H EMA 空头排列；4H MACD 尚未确认多头
286,PTGX,PROTAGONIST THERAPEUTICS INC,Health Care,Early,Nasdaq Liquid 500,221,22.08,39.94,40.9,52.4,58.8,42.03,41.15,41.62,35.0,mixed_sideways,25.0,bearish_proxy,58.1,49.62,0.0,41,bearish_transition,42,mixed_or_bearish,46.68,133.0,1.35,-0.02284917,-0.01649039,0.09348025,0.18201212,,4H EMA 转弱或跌破 EMA26；4H MACD 尚未确认多头
287,TGTX,TG THERAPEUTICS INC,Health Care,Early,Nasdaq Liquid 500,251,21.99,38.89,29.3,85.2,58.8,37.04,35.6,38.39,38.0,mixed_sideways,26.35,bearish_proxy,44.56,46.91,0.0,38,bearish_transition,28,fresh_bearish_cross,41.64,53.48,1.67,-0.03674352,0.01460825,-0.04002870,0.06322070,,4H EMA 转弱或跌破 EMA26；4H MACD 最近死叉
288,AUR,"Aurora Innovation, Inc.  - Class A Common Stock",,Early,Nasdaq Liquid 500,382,21.78,23.65,54.1,53.2,58.8,38.78,39.2,26.09,18.0,bearish_transition,21.35,fresh_bearish_cross_proxy,30.17,42.03,0.0,22,confirmed_bearish_trend,64,fresh_below_zero_cross,45.65,5.98,1.28,0.01441900,-0.09667674,-0.09803922,-0.06489445,4H MACD 刚金叉但仍需零轴确认,4H EMA 空头排列
289,AVT,"Avnet, Inc. - Common Stock",,Early,Nasdaq Liquid 500,292,21.67,36.84,32.9,78.2,58.8,32.18,30.2,34.89,35.0,mixed_sideways,20.0,fresh_bearish_cross_proxy,42.39,44.48,0.0,22,confirmed_bearish_trend,42,mixed_or_bearish,38.8,83.589996,1.39,-0.02745784,-0.07251045,-0.04642948,-0.08943362,,4H EMA 空头排列；4H MACD 尚未确认多头；4H RSI 偏弱
290,ASND,Ascendis Pharma A/S - Ordinary Share,,Early,Nasdaq Liquid 500,286,21.46,37.71,32.9,74.8,58.8,41.36,40.4,35.9,35.0,mixed_sideways,25.0,bearish_proxy,41.66,44.33,0.0,36,bearish_transition,50,mixed_or_bearish,43.94,252.050003,0.79,0.01404090,0.00067492,-0.04405213,0.12774051,4H MACD 柱体连续扩张,4H EMA 转弱或跌破 EMA26；4H MACD 尚未确认多头
291,CAR,"Avis Budget Group, Inc. - Common Stock",,Early,Nasdaq Liquid 500,234,21.25,31.29,29.3,98.0,58.8,30.56,28.4,39.35,18.0,bearish_transition,51.15,bullish_below_zero_proxy,47.75,45.55,0.0,22,confirmed_bearish_trend,28,fresh_bearish_cross,43.47,154.850006,2.15,-0.04924166,-0.05599413,-0.00135426,-0.18422716,,4H EMA 空头排列；4H MACD 最近死叉
292,FFIV,"F5, Inc.",Information Technology,Early,Nasdaq Liquid 500,313,21.17,26.25,32.9,99.6,58.8,30.68,30.2,31.96,15.0,bearish_transition,25.0,bearish_proxy,47.45,46.49,0.0,22,confirmed_bearish_trend,42,mixed_or_bearish,38.44,386.950012,1.24,-0.03661099,-0.03380853,-0.05732313,-0.02533941,,4H EMA 空头排列；4H MACD 尚未确认多头；4H RSI 偏弱
293,RYAAY,"Ryanair Holdings plc - American Depositary Shares, each representing five Ordinary Shares",,Early,Nasdaq Liquid 500,351,21.07,25.1,46.1,66.4,58.8,40.62,41.25,28.99,15.0,bearish_transition,25.0,bearish_proxy,38.91,43.78,0.0,25,confirmed_bearish_trend,72,fresh_below_zero_cross,40.06,57.860001,0.48,-0.02180898,-0.00924659,-0.10099440,-0.06496445,4H MACD 刚金叉但仍需零轴确认；4H MACD 柱体连续扩张,4H EMA 空头排列
294,XEL,Xcel Energy,Utilities,Early,Nasdaq Liquid 500,279,20.94,37.59,29.3,81.2,58.8,37.04,35.6,36.51,38.0,mixed_sideways,20.0,fresh_bearish_cross_proxy,43.67,46.73,0.0,38,bearish_transition,28,fresh_bearish_cross,40.98,78.75,1.81,-0.03005299,-0.01777366,-0.03904816,-0.00768650,,4H EMA 转弱或跌破 EMA26；4H MACD 最近死叉
295,CDNS,Cadence Design Systems,Information Technology,Early,Nasdaq Liquid 500,341,20.91,26.03,43.7,69.6,58.8,35.41,35.45,30.0,15.0,bearish_transition,25.0,bearish_proxy,40.03,48.26,0.0,25,confirmed_bearish_trend,58,bullish_above_signal,38.58,332.76001,0.93,-0.03213981,-0.01275734,-0.10663660,-0.15673697,4H MACD 位于 Signal 上方,4H EMA 空头排列；4H RSI 偏弱
296,RVMD,"Revolution Medicines, Inc. - Common Stock",,Early,Nasdaq Liquid 500,290,20.52,37.52,32.9,69.0,58.8,40.01,38.9,35.34,35.0,mixed_sideways,25.0,bearish_proxy,39.98,44.0,0.0,38,bearish_transition,42,mixed_or_bearish,43.58,180.919998,0.82,-0.01060923,-0.01152817,-0.06059504,0.13074999,,4H EMA 转弱或跌破 EMA26；4H MACD 尚未确认多头
297,SLAB,SILICON LABORATORIES INC,Information Technology,Early,Nasdaq Liquid 500,263,20.48,38.46,22.3,94.8,58.8,28.4,26.0,37.69,35.0,mixed_sideways,25.0,bearish_proxy,46.62,46.32,0.0,22,confirmed_bearish_trend,28,fresh_bearish_cross,34.54,216.440002,1.85,-0.00411809,-0.00372841,-0.01177976,-0.01736543,,4H EMA 空头排列；4H MACD 最近死叉；4H RSI 偏弱
298,AVGO,Broadcom,Information Technology,Early,Nasdaq Liquid 500,327,20.4,25.94,32.9,95.2,58.8,30.68,30.2,31.07,15.0,bearish_transition,20.0,fresh_bearish_cross_proxy,46.83,50.12,0.0,22,confirmed_bearish_trend,42,mixed_or_bearish,39.45,370.320007,1.3,-0.02713776,-0.06647507,-0.00569218,-0.06041153,,4H EMA 空头排列；4H MACD 尚未确认多头；4H RSI 偏弱
299,DFTX,DEFINIUM THERAPEUTICS INC,Health Care,Early,Nasdaq Liquid 500,326,20.3,36.4,40.9,48.8,58.8,40.67,41.3,31.26,35.0,mixed_sideways,25.0,bearish_proxy,26.7,43.34,0.0,38,bearish_transition,50,mixed_or_bearish,45.02,42.16,1.01,0.02529185,-0.03457747,-0.09411261,0.77366428,4H MACD 柱体连续扩张,4H EMA 转弱或跌破 EMA26；4H MACD 尚未确认多头
300,MBLY,Mobileye Global Inc. - Class A Common Stock,,Early,Nasdaq Liquid 500,322,20.28,25.95,32.9,94.4,58.8,34.19,34.1,31.49,15.0,bearish_transition,25.0,bearish_proxy,46.49,45.3,0.0,22,confirmed_bearish_trend,50,mixed_or_bearish,41.94,8.01,0.65,-0.04982206,-0.08873720,-0.03435805,-0.16037736,4H MACD 柱体连续扩张,4H EMA 空头排列；4H MACD 尚未确认多头
301,CGON,CG ONCOLOGY INC,Health Care,Early,Nasdaq Liquid 500,282,20.25,38.1,29.3,75.4,58.8,38.26,36.95,36.24,35.0,mixed_sideways,25.0,bearish_proxy,41.78,46.36,0.0,41,bearish_transition,28,fresh_bearish_cross,44.98,69.120003,1.16,-0.04239397,-0.00230941,-0.06430215,0.16012086,,4H EMA 转弱或跌破 EMA26；4H MACD 最近死叉
302,COCO,THE VITA COCO COMPANY INC,Consumer Staples,Early,Nasdaq Liquid 500,317,20.09,26.61,32.9,91.6,58.8,32.84,32.6,31.9,15.0,bearish_transition,25.0,bearish_proxy,46.04,48.96,0.0,22,confirmed_bearish_trend,50,mixed_or_bearish,39.46,67.540001,1.06,-0.00632632,-0.09293578,-0.06905585,-0.18508683,4H MACD 柱体连续扩张,4H EMA 空头排列；4H MACD 尚未确认多头；4H RSI 偏弱
303,FHB,"First Hawaiian, Inc. - Common Stock",,Early,Nasdaq Liquid 500,311,20.03,26.26,32.9,92.0,58.8,35.0,35.0,32.38,15.0,bearish_transition,25.0,bearish_proxy,49.18,45.84,0.0,22,confirmed_bearish_trend,50,mixed_or_bearish,40.33,28.0,1.23,0.00955468,-0.02777774,-0.04306220,-0.00744413,4H MACD 柱体连续扩张,4H EMA 空头排列；4H MACD 尚未确认多头
304,ISRG,Intuitive Surgical,Health Care,Early,Nasdaq Liquid 500,349,19.96,25.88,43.7,63.6,58.8,36.84,37.05,29.18,15.0,bearish_transition,25.0,bearish_proxy,37.09,48.67,0.0,25,confirmed_bearish_trend,58,bullish_above_signal,43.13,353.100006,0.45,-0.03363532,0.03633483,-0.13005989,-0.15211911,4H MACD 位于 Signal 上方,4H EMA 空头排列
305,BULL,WEBULL CORP CLASS A,Financials,Early,Nasdaq Liquid 500,233,19.84,39.04,25.9,79.6,58.8,37.04,35.6,39.38,35.0,mixed_sideways,25.0,bearish_proxy,51.77,47.35,0.0,36,bearish_transition,42,mixed_or_bearish,35.93,7.01,0.81,-0.05461902,-0.13242574,0.03851852,0.02261123,,4H EMA 转弱或跌破 EMA26；4H MACD 尚未确认多头；4H RSI 偏弱
306,WING,Wingstop Inc. - Common Stock,,Early,Nasdaq Liquid 500,389,19.82,23.71,51.7,46.4,58.8,46.21,47.45,25.16,18.0,bearish_transition,25.0,bearish_proxy,24.56,40.91,0.0,39,bearish_transition,66,bullish_above_signal,45.24,139.449997,1.71,0.01836637,0.00926394,-0.15806320,-0.16120303,4H MACD 位于 Signal 上方；4H MACD 柱体连续扩张,4H EMA 转弱或跌破 EMA26
307,KYMR,KYMERA THERAPEUTICS INC,Health Care,Early,Nasdaq Liquid 500,278,19.56,38.22,25.9,79.6,58.8,37.04,35.6,36.58,35.0,mixed_sideways,25.0,bearish_proxy,42.83,46.57,0.0,36,bearish_transition,42,mixed_or_bearish,36.07,105.25,0.97,-0.01571121,-0.04535147,-0.03828584,0.22941244,,4H EMA 转弱或跌破 EMA26；4H MACD 尚未确认多头；4H RSI 偏弱
308,VLY,VALLEY NATIONAL,Financials,Early,Nasdaq Liquid 500,307,19.53,26.53,32.9,88.0,58.8,37.7,38.0,32.78,15.0,bearish_transition,25.0,bearish_proxy,49.94,46.99,0.0,36,bearish_transition,42,mixed_or_bearish,41.96,14.28,0.77,-0.01551189,-0.01449275,-0.02525597,-0.00209644,,4H EMA 转弱或跌破 EMA26；4H MACD 尚未确认多头
309,ERAS,ERASCA INC,Health Care,Early,Nasdaq Liquid 500,298,19.51,37.44,32.9,62.4,58.8,37.85,36.5,34.31,35.0,mixed_sideways,25.0,bearish_proxy,35.95,45.19,0.0,38,bearish_transition,42,mixed_or_bearish,39.85,17.719999,0.94,-0.02315325,-0.09151500,-0.03116468,0.22799716,,4H EMA 转弱或跌破 EMA26；4H MACD 尚未确认多头；4H RSI 偏弱
310,XE,"X-Energy, Inc. - Class A Common Stock",,Early,Nasdaq Liquid 500,379,19.27,26.95,51.7,35.2,58.8,38.38,38.75,26.38,15.0,bearish_transition,49.8,bullish_below_zero_proxy,11.75,39.35,0.0,25,confirmed_bearish_trend,58,bullish_above_signal,45.93,15.27,1.1,0.00098328,-0.07116794,-0.18819772,-0.27630332,4H MACD 位于 Signal 上方,4H EMA 空头排列
311,FER,Ferrovial N.V. - Ordinary Shares,,Early,Nasdaq Liquid 500,356,19.01,25.04,46.1,80.4,17.5,38.78,39.2,28.24,18.0,bearish_transition,25.0,bearish_proxy,43.01,44.6,3.0,22,confirmed_bearish_trend,72,fresh_below_zero_cross,39.1,62.540001,1.41,0.00773445,-0.02464133,-0.08527134,-0.08714058,4H MACD 刚金叉但仍需零轴确认；4H MACD 柱体连续扩张,4H EMA 空头排列；4H RSI 偏弱
312,EVRG,Evergy,Utilities,Early,Nasdaq Liquid 500,267,18.95,38.9,22.3,83.6,58.8,34.07,32.3,37.48,35.0,mixed_sideways,25.0,bearish_proxy,44.28,49.61,0.0,36,bearish_transition,28,fresh_bearish_cross,37.23,84.0,1.47,-0.02569154,-0.02946277,-0.03448276,0.00647018,,4H EMA 转弱或跌破 EMA26；4H MACD 最近死叉；4H RSI 偏弱
313,RIVN,"Rivian Automotive, Inc. - Class A Common Stock",,Early,Nasdaq Liquid 500,328,18.74,26.0,32.9,84.0,58.8,39.86,40.4,31.02,15.0,bearish_transition,25.0,bearish_proxy,44.39,46.38,0.0,36,bearish_transition,50,mixed_or_bearish,44.1,16.33,0.63,-0.00647954,-0.04892254,-0.02768681,-0.02040174,4H MACD 柱体连续扩张,4H EMA 转弱或跌破 EMA26；4H MACD 尚未确认多头
314,TMUS,T-Mobile US,Communication Services,Early,Nasdaq Liquid 500,274,18.63,28.19,40.9,56.8,58.8,36.5,35.0,36.68,18.0,bearish_transition,26.35,bearish_proxy,57.09,50.42,0.0,22,confirmed_bearish_trend,50,mixed_or_bearish,46.93,181.520004,1.49,-0.01556481,-0.04898618,0.04333836,-0.03886475,4H MACD 柱体连续扩张,4H EMA 空头排列；4H MACD 尚未确认多头
315,PANW,Palo Alto Networks,Information Technology,Early,Nasdaq Liquid 500,277,18.6,38.73,25.9,72.0,58.8,39.2,38.0,36.59,35.0,mixed_sideways,25.0,bearish_proxy,41.14,49.98,0.0,36,bearish_transition,50,mixed_or_bearish,35.94,314.149994,0.98,-0.01699103,-0.06302197,-0.05352278,0.10398509,4H MACD 柱体连续扩张,4H EMA 转弱或跌破 EMA26；4H MACD 尚未确认多头；4H RSI 偏弱
316,DAVE,DAVE INC CLASS A,Financials,Early,Nasdaq Liquid 500,284,18.6,37.89,25.9,74.0,58.8,38.66,37.4,36.01,35.0,mixed_sideways,25.0,bearish_proxy,41.56,45.31,0.0,38,bearish_transition,42,mixed_or_bearish,37.76,378.98999,1.17,-0.05691036,-0.10482771,0.01988693,0.22721968,,4H EMA 转弱或跌破 EMA26；4H MACD 尚未确认多头；4H RSI 偏弱
317,IBKR,Interactive Brokers,Financials,Early,Nasdaq Liquid 500,303,18.54,26.74,25.9,99.6,58.8,30.68,30.2,33.23,18.0,bearish_transition,26.35,bearish_proxy,47.55,46.51,0.0,22,confirmed_bearish_trend,42,mixed_or_bearish,34.45,86.260002,1.15,-0.04947656,-0.07733443,-0.02199541,-0.07027373,,4H EMA 空头排列；4H MACD 尚未确认多头；4H RSI 偏弱
318,WBD,Warner Bros. Discovery,Communication Services,Early,Nasdaq Liquid 500,334,18.52,25.87,32.9,82.8,58.8,34.19,34.1,30.85,15.0,bearish_transition,25.0,bearish_proxy,44.1,45.82,0.0,22,confirmed_bearish_trend,50,mixed_or_bearish,40.33,25.639999,0.57,0.00476913,-0.00831564,-0.05474658,-0.04346208,4H MACD 柱体连续扩张,4H EMA 空头排列；4H MACD 尚未确认多头
319,CRSP,CRISPR THERAPEUTICS AG,Health Care,Early,Nasdaq Liquid 500,374,18.37,24.61,43.7,56.0,58.8,42.83,43.7,26.74,15.0,bearish_transition,25.0,bearish_proxy,31.17,44.23,0.0,36,bearish_transition,58,bullish_above_signal,41.89,47.639999,1.44,0.00294944,0.00889449,-0.15456964,-0.09360734,4H MACD 位于 Signal 上方,4H EMA 转弱或跌破 EMA26
320,COLB,"Columbia Banking System, Inc. - Common Stock",,Early,Nasdaq Liquid 500,316,18.19,26.09,25.9,98.8,58.8,37.7,38.0,31.9,15.0,bearish_transition,25.0,bearish_proxy,47.72,45.54,0.0,36,bearish_transition,50,mixed_or_bearish,35.44,30.780001,0.82,-0.01298695,-0.05640705,-0.03782429,-0.00581389,4H MACD 柱体连续扩张,4H EMA 转弱或跌破 EMA26；4H MACD 尚未确认多头；4H RSI 偏弱
321,AVAV,"AeroVironment, Inc. - Common Stock",,Early,Nasdaq Liquid 500,281,18.06,30.22,29.3,79.2,58.8,29.75,27.5,36.38,15.0,bearish_transition,49.8,bullish_below_zero_proxy,42.52,44.5,0.0,22,confirmed_bearish_trend,28,fresh_bearish_cross,40.72,142.119995,0.76,-0.08229755,-0.05467608,0.01965842,-0.17372096,,4H EMA 空头排列；4H MACD 最近死叉
322,EQIX,Equinix,Real Estate,Early,Nasdaq Liquid 500,264,17.97,31.16,29.3,76.4,58.8,30.56,28.4,37.69,18.0,bearish_transition,49.8,bullish_below_zero_proxy,41.84,48.62,0.0,22,confirmed_bearish_trend,28,fresh_bearish_cross,40.96,1008.02002,1.34,-0.03869918,-0.01980766,-0.07159105,-0.05295100,,4H EMA 空头排列；4H MACD 最近死叉
323,LGND,LIGAND PHARMACEUTICALS INC,Health Care,Early,Nasdaq Liquid 500,285,17.78,38.47,25.9,67.2,58.8,37.04,35.6,36.01,35.0,mixed_sideways,25.0,bearish_proxy,39.6,49.17,0.0,36,bearish_transition,42,mixed_or_bearish,36.04,288.01001,1.03,-0.02827357,-0.05340827,-0.08282906,0.13389768,,4H EMA 转弱或跌破 EMA26；4H MACD 尚未确认多头；4H RSI 偏弱
324,GH,"Guardant Health, Inc. - Common Stock",,Early,Nasdaq Liquid 500,280,17.67,37.96,25.9,67.6,58.8,40.01,38.9,36.46,38.0,mixed_sideways,26.35,bearish_proxy,39.62,43.92,0.0,36,bearish_transition,50,mixed_or_bearish,36.8,144.070007,1.56,-0.00197422,-0.04374085,-0.06283737,0.11079422,4H MACD 柱体连续扩张,4H EMA 转弱或跌破 EMA26；4H MACD 尚未确认多头；4H RSI 偏弱
325,AAL,"American Airlines Group, Inc. - Common Stock",,Early,Nasdaq Liquid 500,387,17.32,23.84,43.7,50.8,58.8,36.84,37.05,25.28,15.0,bearish_transition,25.0,bearish_proxy,27.66,41.53,0.0,25,confirmed_bearish_trend,58,bullish_above_signal,44.14,14.84,0.36,-0.03290974,0.00712589,-0.17187500,-0.04041384,4H MACD 位于 Signal 上方,4H EMA 空头排列
326,NTRA,"Natera, Inc. - Common Stock",,Early,Nasdaq Liquid 500,294,17.12,37.33,25.9,65.4,58.8,37.85,36.5,34.79,35.0,mixed_sideways,25.0,bearish_proxy,38.3,43.66,0.0,36,bearish_transition,42,mixed_or_bearish,35.65,253.820007,1.05,-0.00583601,-0.03936112,-0.06820847,0.17091850,,4H EMA 转弱或跌破 EMA26；4H MACD 尚未确认多头；4H RSI 偏弱
327,MSTR,Strategy Inc - Class A Common Stock,,Early,Nasdaq Liquid 500,288,16.85,30.02,29.3,71.6,58.8,30.56,28.4,35.79,15.0,bearish_transition,49.8,bullish_below_zero_proxy,40.72,44.14,0.0,22,confirmed_bearish_trend,28,fresh_bearish_cross,43.43,93.330002,1.21,-0.04286643,-0.06641992,0.00701340,-0.28793777,,4H EMA 空头排列；4H MACD 最近死叉
328,LNTH,LANTHEUS HOLDINGS INC,Health Care,Early,Nasdaq Liquid 500,333,16.73,26.09,32.9,70.4,58.8,30.68,30.2,30.92,18.0,bearish_transition,26.35,bearish_proxy,40.09,46.02,0.0,22,confirmed_bearish_trend,42,mixed_or_bearish,39.11,100.0,2.21,-0.01404982,-0.04406845,-0.08767449,-0.04498137,,4H EMA 空头排列；4H MACD 尚未确认多头；4H RSI 偏弱
329,TXN,Texas Instruments,Information Technology,Early,Nasdaq Liquid 500,319,16.72,26.69,25.9,87.6,58.8,30.68,30.2,31.74,15.0,bearish_transition,25.0,bearish_proxy,45.08,49.77,0.0,22,confirmed_bearish_trend,42,mixed_or_bearish,35.33,271.299988,1.47,-0.03293655,-0.07651988,-0.04963749,-0.13416739,,4H EMA 空头排列；4H MACD 尚未确认多头；4H RSI 偏弱
330,TWST,TWIST BIOSCIENCE CORP,Health Care,Early,Nasdaq Liquid 500,323,16.54,36.35,32.9,45.2,58.8,35.54,35.6,31.35,38.0,mixed_sideways,25.0,bearish_proxy,24.25,42.85,0.0,36,bearish_transition,42,mixed_or_bearish,39.96,85.470001,1.0,-0.01509562,-0.09286776,-0.13122582,0.05792796,,4H EMA 转弱或跌破 EMA26；4H MACD 尚未确认多头；4H RSI 偏弱
331,PLTR,Palantir Technologies,Information Technology,Early,Nasdaq Liquid 500,291,16.24,27.78,32.9,63.2,58.8,33.53,31.7,35.13,15.0,bearish_transition,25.0,bearish_proxy,55.59,51.37,0.0,22,confirmed_bearish_trend,42,mixed_or_bearish,42.29,123.0,0.78,-0.01458100,-0.01268263,0.06336995,-0.08685967,,4H EMA 空头排列；4H MACD 尚未确认多头
332,GSAT,"Globalstar, Inc. - Common Stock",,Early,Nasdaq Liquid 500,330,16.22,25.77,25.9,86.4,58.8,30.68,30.2,30.95,15.0,bearish_transition,25.0,bearish_proxy,44.84,44.97,0.0,22,confirmed_bearish_trend,42,mixed_or_bearish,37.34,78.57,1.06,-0.00757860,-0.01750658,-0.03155426,-0.03972134,,4H EMA 空头排列；4H MACD 尚未确认多头；4H RSI 偏弱
333,BIDU,"Baidu, Inc. - American Depositary Shares, each representing 8 ordinary share",,Early,Nasdaq Liquid 500,348,16.07,25.21,32.9,68.0,58.8,32.03,31.7,29.32,15.0,bearish_transition,25.0,bearish_proxy,39.91,43.98,0.0,22,confirmed_bearish_trend,50,mixed_or_bearish,39.11,105.269997,0.83,0.00448468,-0.02119950,-0.06201556,-0.09825254,4H MACD 柱体连续扩张,4H EMA 空头排列；4H MACD 尚未确认多头；4H RSI 偏弱
334,VSAT,VIASAT INC,Information Technology,Early,Nasdaq Liquid 500,321,15.79,35.75,29.3,51.2,58.8,35.54,35.6,31.51,38.0,mixed_sideways,20.0,fresh_bearish_cross_proxy,28.98,42.8,0.0,38,bearish_transition,28,fresh_bearish_cross,44.7,70.190002,1.79,-0.03252930,-0.05557048,-0.08451801,0.06461401,,4H EMA 转弱或跌破 EMA26；4H MACD 最近死叉
335,CENX,CENTURY ALUMINUM,Materials,Early,Nasdaq Liquid 500,293,15.64,29.82,29.3,64.0,58.8,28.4,26.0,34.81,15.0,bearish_transition,49.8,bullish_below_zero_proxy,37.3,44.46,0.0,22,confirmed_bearish_trend,28,fresh_bearish_cross,39.85,42.66,1.4,-0.03111513,-0.05869373,-0.08376291,-0.21796516,,4H EMA 空头排列；4H MACD 最近死叉；4H RSI 偏弱
336,INSM,Insmed Incorporated - Common Stock,,Early,Nasdaq Liquid 500,335,15.59,25.68,25.9,82.4,58.8,30.68,30.2,30.68,15.0,bearish_transition,25.0,bearish_proxy,44.04,44.81,0.0,22,confirmed_bearish_trend,42,mixed_or_bearish,34.72,103.120003,1.16,-0.02023750,-0.03278146,-0.01541985,0.05807515,,4H EMA 空头排列；4H MACD 尚未确认多头；4H RSI 偏弱
337,WWD,"Woodward, Inc. - Common Stock",,Early,Nasdaq Liquid 500,295,15.51,36.87,22.3,65.4,58.8,33.84,32.05,34.78,38.0,mixed_sideways,21.35,fresh_bearish_cross_proxy,38.3,43.66,0.0,38,bearish_transition,28,fresh_bearish_cross,36.5,385.420013,2.77,-0.06444641,-0.04738126,-0.08884158,-0.04243475,,4H EMA 转弱或跌破 EMA26；4H MACD 最近死叉；4H RSI 偏弱
338,SEZL,SEZZLE INC,Financials,Early,Nasdaq Liquid 500,325,14.5,36.29,25.9,50.4,58.8,37.7,38.0,31.33,35.0,mixed_sideways,25.0,bearish_proxy,27.36,42.47,0.0,36,bearish_transition,50,mixed_or_bearish,37.54,152.699997,0.81,-0.01081815,-0.12492838,-0.10487133,0.04360299,4H MACD 柱体连续扩张,4H EMA 转弱或跌破 EMA26；4H MACD 尚未确认多头；4H RSI 偏弱
339,SMCI,Supermicro,Information Technology,Early,Nasdaq Liquid 500,304,14.18,29.78,29.3,54.4,58.8,28.25,27.5,33.19,15.0,bearish_transition,49.8,bullish_below_zero_proxy,30.68,46.89,0.0,22,confirmed_bearish_trend,28,fresh_bearish_cross,40.82,25.700001,0.79,-0.09139116,-0.15847516,-0.08670924,-0.16707175,,4H EMA 空头排列；4H MACD 最近死叉
340,MPWR,Monolithic Power Systems,Information Technology,Early,Nasdaq Liquid 500,365,12.31,24.72,25.9,62.8,58.8,30.68,30.2,27.5,15.0,bearish_transition,20.0,fresh_bearish_cross_proxy,36.02,47.95,0.0,22,confirmed_bearish_trend,42,mixed_or_bearish,37.23,1248.76001,1.57,-0.04412858,-0.10692499,-0.04877401,-0.24414920,,4H EMA 空头排列；4H MACD 尚未确认多头；4H RSI 偏弱
341,AEP,American Electric Power,Utilities,Early,Nasdaq Liquid 500,339,12.29,26.11,22.3,69.0,58.8,26.9,26.0,30.06,15.0,bearish_transition,25.0,bearish_proxy,39.98,48.75,0.0,22,confirmed_bearish_trend,28,fresh_bearish_cross,34.46,129.399994,1.54,-0.03393193,-0.02750642,-0.06204706,0.00073470,,4H EMA 空头排列；4H MACD 最近死叉；4H RSI 偏弱
342,CYTK,CYTOKINETICS INC,Health Care,Early,Nasdaq Liquid 500,360,12.17,25.0,25.9,61.2,58.8,36.35,36.5,27.9,15.0,bearish_transition,25.0,bearish_proxy,34.69,44.94,0.0,36,bearish_transition,42,mixed_or_bearish,36.11,78.385002,1.19,-0.02189914,-0.04594695,-0.10129556,0.09813681,,4H EMA 转弱或跌破 EMA26；4H MACD 尚未确认多头；4H RSI 偏弱
343,AXSM,"Axsome Therapeutics, Inc. - Common Stock",,Early,Nasdaq Liquid 500,347,11.89,25.22,22.3,68.4,58.8,26.09,25.1,29.34,15.0,bearish_transition,25.0,bearish_proxy,39.96,43.99,0.0,22,confirmed_bearish_trend,28,fresh_bearish_cross,37.72,227.419998,0.93,-0.03225533,-0.05186360,-0.05705280,-0.10263187,,4H EMA 空头排列；4H MACD 最近死叉；4H RSI 偏弱
344,KTOS,"Kratos Defense & Security Solutions, Inc. - Common Stock",,Early,Nasdaq Liquid 500,297,11.77,30.02,22.3,56.4,58.8,28.4,26.0,34.34,18.0,bearish_transition,49.8,bullish_below_zero_proxy,31.66,46.58,0.0,22,confirmed_bearish_trend,28,fresh_bearish_cross,35.51,43.880001,1.24,-0.08621406,-0.08373352,-0.06578667,-0.23071528,,4H EMA 空头排列；4H MACD 最近死叉；4H RSI 偏弱
345,IONS,"Ionis Pharmaceuticals, Inc. - Common Stock",,Early,Nasdaq Liquid 500,421,11.76,22.79,36.7,34.8,58.8,34.19,34.1,20.52,15.0,bearish_transition,25.0,bearish_proxy,11.3,42.51,0.0,22,confirmed_bearish_trend,58,bullish_above_signal,34.29,54.040001,0.8,-0.00934918,0.00037025,-0.33060821,-0.26933475,4H MACD 位于 Signal 上方,4H EMA 空头排列；4H RSI 偏弱
346,ONDS,ONDAS INC,Information Technology,Early,Nasdaq Liquid 500,366,10.98,27.31,29.3,38.8,58.8,25.37,24.3,27.44,15.0,bearish_transition,49.8,bullish_below_zero_proxy,14.98,40.0,0.0,22,confirmed_bearish_trend,28,fresh_bearish_cross,39.03,6.8264,0.29,-0.11705513,-0.14723298,-0.14988792,-0.28294118,,4H EMA 空头排列；4H MACD 最近死叉；4H RSI 偏弱
347,SNEX,STONEX GROUP INC,Financials,Early,Nasdaq Liquid 500,489,10.75,20.91,43.7,13.8,58.8,36.35,36.5,16.3,15.0,bearish_transition,25.0,bearish_proxy,0.0,37.0,0.0,22,confirmed_bearish_trend,58,bullish_above_signal,40.69,72.07,0.92,-0.02330940,-0.02568610,-0.06757808,-0.20446682,4H MACD 位于 Signal 上方,4H EMA 空头排列
348,STX,Seagate Technology,Information Technology,Early,Nasdaq Liquid 500,414,10.64,23.44,32.9,36.0,58.8,32.84,32.6,22.04,18.0,bearish_transition,26.35,bearish_proxy,11.93,43.14,0.0,22,confirmed_bearish_trend,42,mixed_or_bearish,40.79,764.429993,1.08,0.01640088,-0.15764361,-0.21034854,-0.24971843,,4H EMA 空头排列；4H MACD 尚未确认多头
349,QUBT,QUANTUM COMPUTING INC,Information Technology,Early,Nasdaq Liquid 500,479,10.51,20.6,36.7,31.6,58.8,34.19,34.1,16.91,15.0,bearish_transition,20.0,fresh_bearish_cross_proxy,5.64,38.13,0.0,22,confirmed_bearish_trend,58,bullish_above_signal,34.75,7.3,0.98,-0.06410256,-0.07770057,-0.26262626,-0.34352518,4H MACD 位于 Signal 上方,4H EMA 空头排列；4H RSI 偏弱
350,PLXS,PLEXUS CORP,Information Technology,Early,Nasdaq Liquid 500,359,10.43,24.82,22.3,59.6,58.8,25.87,24.85,27.99,18.0,bearish_transition,25.0,bearish_proxy,32.7,43.54,0.0,22,confirmed_bearish_trend,28,fresh_bearish_cross,37.96,240.490005,3.23,-0.03811695,-0.07243408,-0.16464625,-0.18511111,,4H EMA 空头排列；4H MACD 最近死叉；4H RSI 偏弱
351,VRNS,VARONIS SYSTEMS INC,Information Technology,Early,Nasdaq Liquid 500,256,10.42,38.51,19.65,88.0,58.8,38.66,37.4,38.08,38.0,mixed_sideways,25.0,bearish_proxy,45.09,46.02,0.0,38,bearish_transition,42,mixed_or_bearish,31.72,40.650002,1.79,-0.11860358,-0.10324288,0.01119405,0.19911503,,4H EMA 转弱或跌破 EMA26；4H MACD 尚未确认多头；4H RSI 偏弱
352,ROIV,Roivant Sciences Ltd. - Common Shares,,Early,Nasdaq Liquid 500,287,10.35,37.69,25.9,72.8,58.8,37.85,36.5,35.84,35.0,mixed_sideways,25.0,bearish_proxy,41.49,44.3,0.0,36,bearish_transition,42,mixed_or_bearish,33.38,32.869999,1.67,-0.03066945,-0.05843601,-0.05369230,0.09493668,,4H EMA 转弱或跌破 EMA26；4H MACD 尚未确认多头；4H RSI 偏弱
353,ACHC,ACADIA HEALTHCARE COMPANY INC,Health Care,Early,Nasdaq Liquid 500,260,9.48,38.56,19.65,81.6,58.8,37.85,36.5,37.82,38.0,mixed_sideways,25.0,bearish_proxy,43.85,46.77,0.0,36,bearish_transition,42,mixed_or_bearish,28.1,27.35,2.23,-0.14903544,-0.21362850,-0.01263541,0.09487590,,4H EMA 转弱或跌破 EMA26；4H MACD 尚未确认多头；4H RSI 偏弱
354,GLNG,GOLAR LNG LTD,Energy,Early,Nasdaq Liquid 500,315,9.48,26.62,25.9,92.8,58.8,30.68,30.2,31.95,15.0,bearish_transition,25.0,bearish_proxy,46.17,48.98,0.0,22,confirmed_bearish_trend,42,mixed_or_bearish,33.75,47.349998,1.64,-0.02772080,-0.04747538,-0.04670828,-0.07519537,,4H EMA 空头排列；4H MACD 尚未确认多头；4H RSI 偏弱
355,NVDA,Nvidia,Information Technology,Early,Nasdaq Liquid 500,314,9.05,26.76,25.9,89.6,58.8,29.87,29.3,31.96,15.0,bearish_transition,25.0,bearish_proxy,45.74,49.9,0.0,22,confirmed_bearish_trend,42,mixed_or_bearish,32.8,190.009995,0.98,-0.03889733,-0.10397963,-0.02508979,-0.10566700,,4H EMA 空头排列；4H MACD 尚未确认多头；4H RSI 偏弱
356,CELC,CELCUITY INC,Health Care,Early,Nasdaq Liquid 500,403,8.92,23.25,25.9,43.6,58.8,32.03,31.7,22.77,15.0,bearish_transition,25.0,bearish_proxy,19.15,41.83,0.0,22,confirmed_bearish_trend,50,mixed_or_bearish,34.86,83.260002,0.62,0.01252583,-0.07612074,-0.18766770,-0.05622307,4H MACD 柱体连续扩张,4H EMA 空头排列；4H MACD 尚未确认多头；4H RSI 偏弱
357,PRAX,PRAXIS PRECISION MEDICINES INC,Health Care,Early,Nasdaq Liquid 500,404,8.86,23.25,25.9,43.2,58.8,29.87,29.3,22.77,15.0,bearish_transition,25.0,bearish_proxy,19.14,41.83,0.0,22,confirmed_bearish_trend,42,mixed_or_bearish,35.75,291.029999,1.03,-0.00885470,-0.06765976,-0.16841444,0.10076017,,4H EMA 空头排列；4H MACD 尚未确认多头；4H RSI 偏弱
358,CBRS,Cerebras Systems Inc. - Class A Common Stock,,Early,Nasdaq Liquid 500,390,8.56,26.34,25.9,34.0,58.8,30.68,30.2,25.0,15.0,bearish_transition,49.8,bullish_below_zero_proxy,8.04,37.61,0.0,22,confirmed_bearish_trend,42,mixed_or_bearish,37.28,169.389999,1.1,-0.10557856,-0.19203432,-0.21723658,-0.22289256,,4H EMA 空头排列；4H MACD 尚未确认多头；4H RSI 偏弱
359,TNGX,TANGO THERAPEUTICS INC,Health Care,Early,Nasdaq Liquid 500,418,8.1,22.79,25.9,39.2,58.8,29.87,29.3,21.4,15.0,bearish_transition,25.0,bearish_proxy,15.0,41.0,0.0,22,confirmed_bearish_trend,42,mixed_or_bearish,34.06,25.85,1.01,-0.02416006,-0.07908799,-0.20583715,-0.21404680,,4H EMA 空头排列；4H MACD 尚未确认多头；4H RSI 偏弱
360,CHRW,C.H. Robinson,Industrials,Early,Nasdaq Liquid 500,300,7.8,27.42,19.65,96.4,58.8,33.3,31.45,33.91,18.0,bearish_transition,26.35,bearish_proxy,48.13,49.88,0.0,22,confirmed_bearish_trend,50,mixed_or_bearish,31.58,173.75,3.1,0.02025835,-0.16208120,-0.06004872,-0.08691993,4H MACD 柱体连续扩张,4H EMA 空头排列；4H MACD 尚未确认多头；4H RSI 偏弱
361,BELFB,BEL FUSE INC CLASS B,Information Technology,Early,Nasdaq Liquid 500,413,7.79,22.95,25.9,36.8,58.8,30.68,30.2,22.09,18.0,bearish_transition,26.35,bearish_proxy,13.81,39.76,0.0,22,confirmed_bearish_trend,42,mixed_or_bearish,36.55,242.429993,1.22,-0.04081189,-0.13879221,-0.23305920,-0.19857854,,4H EMA 空头排列；4H MACD 尚未确认多头；4H RSI 偏弱
362,ALKS,ALKERMES,Health Care,Early,Nasdaq Liquid 500,275,7.77,38.15,19.65,71.2,58.8,36.81,35.35,36.61,38.0,mixed_sideways,25.0,bearish_proxy,40.18,46.04,0.0,36,bearish_transition,42,mixed_or_bearish,30.75,48.34,2.63,-0.03972984,-0.08028921,-0.07976393,0.08947489,,4H EMA 转弱或跌破 EMA26；4H MACD 尚未确认多头；4H RSI 偏弱
363,SNPS,Synopsys,Information Technology,Early,Nasdaq Liquid 500,372,7.6,25.02,36.7,55.2,58.8,34.19,34.1,27.04,15.0,bearish_transition,25.0,bearish_proxy,31.07,46.46,0.0,22,confirmed_bearish_trend,58,bullish_above_signal,32.39,373.690002,0.83,-0.02972948,-0.01004029,-0.16449047,-0.17796255,4H MACD 位于 Signal 上方,4H EMA 空头排列；4H RSI 偏弱
364,FSLR,First Solar,Information Technology,Early,Nasdaq Liquid 500,373,7.42,25.04,36.7,54.0,58.8,34.19,34.1,26.91,15.0,bearish_transition,25.0,bearish_proxy,30.45,46.84,0.0,22,confirmed_bearish_trend,58,bullish_above_signal,32.92,199.240005,1.05,-0.01131401,-0.04599103,-0.14397420,-0.27170377,4H MACD 位于 Signal 上方,4H EMA 空头排列；4H RSI 偏弱
365,HBAN,Huntington Bancshares,Financials,Early,Nasdaq Liquid 500,310,6.96,26.4,19.65,93.2,58.8,35.54,35.6,32.4,15.0,bearish_transition,25.0,bearish_proxy,48.78,46.76,0.0,36,bearish_transition,42,mixed_or_bearish,29.79,16.84,0.92,-0.01921957,-0.07952993,-0.05393253,-0.02178333,,4H EMA 转弱或跌破 EMA26；4H MACD 尚未确认多头；4H RSI 偏弱
366,TER,Teradyne,Information Technology,Early,Nasdaq Liquid 500,440,6.75,21.84,32.9,13.8,58.8,32.84,32.6,17.76,18.0,bearish_transition,25.0,bearish_proxy,0.0,40.75,0.0,22,confirmed_bearish_trend,42,mixed_or_bearish,40.61,319.410004,2.18,0.02618388,-0.13551479,-0.31062091,-0.26125770,,4H EMA 空头排列；4H MACD 尚未确认多头
367,WDC,Western Digital,Information Technology,Early,Nasdaq Liquid 500,441,6.75,21.84,32.9,13.8,58.8,29.87,29.3,17.76,18.0,bearish_transition,25.0,bearish_proxy,0.0,40.75,0.0,22,confirmed_bearish_trend,42,mixed_or_bearish,38.71,462.040009,0.92,0.01111699,-0.17002280,-0.29102348,-0.29330068,,4H EMA 空头排列；4H MACD 尚未确认多头；4H RSI 偏弱
368,CLSK,CLEANSPARK INC,Information Technology,Early,Nasdaq Liquid 500,429,6.5,20.97,25.9,32.8,58.8,29.87,29.3,18.25,18.0,bearish_transition,20.0,fresh_bearish_cross_proxy,6.97,38.39,0.0,22,confirmed_bearish_trend,42,mixed_or_bearish,34.02,12.01,0.83,-0.10706320,-0.21605744,-0.21733464,-0.29889079,,4H EMA 空头排列；4H MACD 尚未确认多头；4H RSI 偏弱
369,HUT,HUT CORP,Information Technology,Early,Nasdaq Liquid 500,442,6.12,20.91,25.9,30.4,58.8,30.68,30.2,17.66,18.0,bearish_transition,21.35,fresh_bearish_cross_proxy,4.17,37.83,0.0,22,confirmed_bearish_trend,42,mixed_or_bearish,35.61,88.18,1.52,-0.12372053,-0.19726899,-0.25429175,-0.26547274,,4H EMA 空头排列；4H MACD 尚未确认多头；4H RSI 偏弱
370,FTAI,FTAI Aviation Ltd. - Common Stock,,Early,Nasdaq Liquid 500,420,6.01,21.62,22.3,37.6,58.8,26.9,26.0,20.55,18.0,bearish_transition,20.0,fresh_bearish_cross_proxy,14.4,38.88,0.0,22,confirmed_bearish_trend,28,fresh_bearish_cross,36.85,197.369995,1.82,-0.04925459,-0.11250508,-0.25085401,-0.25110983,,4H EMA 空头排列；4H MACD 最近死叉；4H RSI 偏弱
371,SOLS,Solstice Advanced Materials Inc. - Common Stock,,Early,Nasdaq Liquid 500,354,5.97,27.74,36.7,38.0,58.8,35.0,35.0,28.52,18.0,bearish_transition,51.15,bullish_below_zero_proxy,14.48,39.9,0.0,22,confirmed_bearish_trend,58,bullish_above_signal,32.6,55.66,2.07,-0.03735732,-0.08227538,-0.32606850,-0.35801613,4H MACD 位于 Signal 上方,4H EMA 空头排列；4H RSI 偏弱
372,FCEL,FUELCELL ENERGY INC,Industrials,Early,Nasdaq Liquid 500,471,5.07,21.14,29.3,13.8,58.8,26.09,25.1,17.2,18.0,bearish_transition,25.0,bearish_proxy,0.0,37.0,0.0,22,confirmed_bearish_trend,28,fresh_bearish_cross,38.21,18.08,0.88,-0.09645177,-0.19501332,-0.39267719,0.03196347,,4H EMA 空头排列；4H MACD 最近死叉；4H RSI 偏弱
373,APP,AppLovin,Information Technology,Early,Nasdaq Liquid 500,405,4.97,23.53,36.7,41.2,58.8,34.19,34.1,22.67,15.0,bearish_transition,25.0,bearish_proxy,17.81,43.81,0.0,22,confirmed_bearish_trend,58,bullish_above_signal,33.7,399.459991,0.92,-0.04727153,-0.03194073,-0.19906164,-0.23258992,4H MACD 位于 Signal 上方,4H EMA 空头排列；4H RSI 偏弱
374,LNT,Alliant Energy,Utilities,Early,Nasdaq Liquid 500,324,4.93,26.47,22.3,72.4,58.8,26.9,26.0,31.35,18.0,bearish_transition,25.0,bearish_proxy,41.16,48.98,0.0,22,confirmed_bearish_trend,28,fresh_bearish_cross,32.69,72.0,1.72,-0.02964956,-0.02728988,-0.06699492,-0.02120715,,4H EMA 空头排列；4H MACD 最近死叉；4H RSI 偏弱
375,FRMI,Fermi Inc. - Common Stock,,Early,Nasdaq Liquid 500,491,4.92,20.72,29.3,13.8,58.8,26.09,25.1,16.15,15.0,bearish_transition,25.0,bearish_proxy,0.0,36.0,0.0,22,confirmed_bearish_trend,28,fresh_bearish_cross,38.15,5.86,0.7,-0.07934014,-0.11077390,-0.37956591,-0.21866667,,4H EMA 空头排列；4H MACD 最近死叉；4H RSI 偏弱
376,PTCT,PTC THERAPEUTICS INC,Health Care,Early,Nasdaq Liquid 500,353,4.55,25.22,25.9,63.2,58.8,32.03,31.7,28.54,15.0,bearish_transition,25.0,bearish_proxy,36.65,45.33,0.0,22,confirmed_bearish_trend,50,mixed_or_bearish,33.67,74.489998,0.93,0.01609603,-0.04902341,-0.08690860,-0.02894018,4H MACD 柱体连续扩张,4H EMA 空头排列；4H MACD 尚未确认多头；4H RSI 偏弱
377,META,Meta Platforms,Communication Services,Early,Nasdaq Liquid 500,299,4.5,27.43,19.65,74.4,58.8,40.01,38.9,34.21,15.0,bearish_transition,25.0,bearish_proxy,52.9,50.58,0.0,36,bearish_transition,50,mixed_or_bearish,30.77,585.609985,1.27,-0.01337714,-0.06611705,0.04139912,-0.01327740,4H MACD 柱体连续扩张,4H EMA 转弱或跌破 EMA26；4H MACD 尚未确认多头；4H RSI 偏弱
378,AMZN,Amazon,Consumer Discretionary,Early,Nasdaq Liquid 500,336,4.47,25.98,19.65,77.6,58.8,30.68,30.2,30.46,15.0,bearish_transition,25.0,bearish_proxy,42.11,47.17,0.0,22,confirmed_bearish_trend,42,mixed_or_bearish,27.13,226.649994,1.1,-0.02318668,-0.07402872,-0.05609696,-0.07903296,,4H EMA 空头排列；4H MACD 尚未确认多头；4H RSI 偏弱
379,SSRM,SSR MINING INC,Materials,Early,Nasdaq Liquid 500,350,4.35,25.36,25.9,61.6,58.8,30.68,30.2,29.16,18.0,bearish_transition,26.35,bearish_proxy,35.21,44.04,0.0,22,confirmed_bearish_trend,42,mixed_or_bearish,33.97,25.01,1.37,-0.01998433,-0.10933048,-0.11874556,-0.13609675,,4H EMA 空头排列；4H MACD 尚未确认多头；4H RSI 偏弱
380,PSNL,PERSONALIS INC,Health Care,Early,Nasdaq Liquid 500,367,4.28,35.08,25.9,38.4,58.8,36.98,37.2,27.38,35.0,mixed_sideways,25.0,bearish_proxy,14.93,40.99,0.0,36,bearish_transition,50,mixed_or_bearish,33.5,11.73,0.35,-0.01262626,-0.05782376,-0.14752907,0.19816139,4H MACD 柱体连续扩张,4H EMA 转弱或跌破 EMA26；4H MACD 尚未确认多头；4H RSI 偏弱
381,RIOT,RIOT PLATFORMS INC,Information Technology,Early,Nasdaq Liquid 500,396,4.07,26.29,22.3,13.8,58.8,26.09,25.1,23.89,18.0,bearish_transition,51.15,bullish_below_zero_proxy,0.0,38.0,0.0,22,confirmed_bearish_trend,28,fresh_bearish_cross,34.85,18.24,1.03,-0.13184198,-0.22001283,-0.34282109,-0.33357693,,4H EMA 空头排列；4H MACD 最近死叉；4H RSI 偏弱
382,SAIA,"Saia, Inc. - Common Stock",,Early,Nasdaq Liquid 500,342,3.95,25.43,19.65,75.4,58.8,30.68,30.2,29.94,15.0,bearish_transition,25.0,bearish_proxy,41.78,44.36,0.0,22,confirmed_bearish_trend,42,mixed_or_bearish,30.89,394.440002,1.56,-0.04443044,-0.07512664,-0.07319250,-0.16884760,,4H EMA 空头排列；4H MACD 尚未确认多头；4H RSI 偏弱
383,TENB,TENABLE HOLDINGS INC,Information Technology,Early,Nasdaq Liquid 500,369,3.94,24.68,25.9,60.4,58.8,37.7,38.0,27.36,15.0,bearish_transition,25.0,bearish_proxy,33.53,43.71,0.0,36,bearish_transition,50,mixed_or_bearish,33.83,31.48,0.97,-0.01900904,-0.04024387,-0.05973716,0.13564218,4H MACD 柱体连续扩张,4H EMA 转弱或跌破 EMA26；4H MACD 尚未确认多头；4H RSI 偏弱
384,SLS,SELLAS LIFE SCIENCES GROUP INC,Health Care,Early,Nasdaq Liquid 500,478,3.91,21.71,25.9,13.8,58.8,37.7,38.0,16.94,15.0,bearish_transition,25.0,bearish_proxy,0.0,41.25,0.0,36,bearish_transition,50,mixed_or_bearish,35.08,10.1,0.61,-0.00098912,-0.16390728,-0.34627832,0.30744337,4H MACD 柱体连续扩张,4H EMA 转弱或跌破 EMA26；4H MACD 尚未确认多头；4H RSI 偏弱
385,IOVA,IOVANCE BIOTHERAPEUTICS INC,Health Care,Early,Nasdaq Liquid 500,265,3.8,38.06,32.9,89.6,58.8,39.29,38.1,37.66,35.0,mixed_sideways,20.0,fresh_bearish_cross_proxy,49.87,47.97,0.0,38,bearish_transition,42,mixed_or_bearish,42.61,4.56,0.53,-0.03898841,-0.11969112,0.08056872,0.13011152,,4H EMA 转弱或跌破 EMA26；4H MACD 尚未确认多头
386,AEHR,AEHR TEST SYSTEMS,Information Technology,Early,Nasdaq Liquid 500,484,3.63,20.91,25.9,13.8,58.8,29.87,29.3,16.3,15.0,bearish_transition,25.0,bearish_proxy,0.0,37.0,0.0,22,confirmed_bearish_trend,42,mixed_or_bearish,36.78,65.400002,0.65,-0.05340851,-0.30075909,-0.30947099,-0.43567174,,4H EMA 空头排列；4H MACD 尚未确认多头；4H RSI 偏弱
387,CIFR,CIPHER DIGITAL INC,Information Technology,Early,Nasdaq Liquid 500,490,3.47,20.44,25.9,13.8,58.8,29.87,29.3,16.29,18.0,bearish_transition,21.35,fresh_bearish_cross_proxy,0.0,37.0,0.0,22,confirmed_bearish_trend,42,mixed_or_bearish,36.19,17.684999,1.03,-0.12752842,-0.27609501,-0.28761336,-0.32085260,,4H EMA 空头排列；4H MACD 尚未确认多头；4H RSI 偏弱
388,VKTX,"Viking Therapeutics, Inc. - Common Stock",,Early,Nasdaq Liquid 500,361,3.44,24.79,25.9,56.8,58.8,30.68,30.2,27.89,18.0,bearish_transition,26.35,bearish_proxy,31.83,42.37,0.0,22,confirmed_bearish_trend,42,mixed_or_bearish,33.46,33.43,1.69,-0.00268496,-0.10471344,-0.15431316,0.12862927,,4H EMA 空头排列；4H MACD 尚未确认多头；4H RSI 偏弱
389,AKAM,Akamai Technologies,Information Technology,Early,Nasdaq Liquid 500,340,3.35,26.03,19.65,70.0,58.8,29.87,29.3,30.01,15.0,bearish_transition,25.0,bearish_proxy,40.07,48.26,0.0,22,confirmed_bearish_trend,42,mixed_or_bearish,27.84,107.410004,0.98,-0.03978184,-0.13560275,-0.05598519,-0.19968707,,4H EMA 空头排列；4H MACD 尚未确认多头；4H RSI 偏弱
390,ADI,Analog Devices,Information Technology,Early,Nasdaq Liquid 500,346,2.52,25.88,19.65,64.8,58.8,30.68,30.2,29.38,15.0,bearish_transition,25.0,bearish_proxy,37.95,48.34,0.0,22,confirmed_bearish_trend,42,mixed_or_bearish,31.8,353.369995,1.65,-0.04455863,-0.08619089,-0.09790158,-0.17355815,,4H EMA 空头排列；4H MACD 尚未确认多头；4H RSI 偏弱
391,WERN,WERNER ENTERPRISES INC,Industrials,Early,Nasdaq Liquid 500,344,2.36,25.61,19.65,64.4,58.8,30.68,30.2,29.91,18.0,bearish_transition,26.35,bearish_proxy,37.49,44.5,0.0,22,confirmed_bearish_trend,42,mixed_or_bearish,21.21,36.650002,1.8,-0.05674940,-0.20030547,-0.16199837,-0.14915842,,4H EMA 空头排列；4H MACD 尚未确认多头；4H RSI 偏弱
392,UPST,UPSTART HOLDINGS INC,Financials,Early,Nasdaq Liquid 500,417,2.32,22.73,32.85,35.6,58.8,36.62,36.8,21.46,18.0,bearish_transition,26.35,bearish_proxy,11.88,39.38,0.0,22,confirmed_bearish_trend,64,fresh_below_zero_cross,29.26,26.6,1.47,-0.03901734,-0.07074236,-0.24086760,-0.17850528,4H MACD 刚金叉但仍需零轴确认,4H EMA 空头排列；4H RSI 偏弱
393,NXPI,NXP Semiconductors,Information Technology,Early,Nasdaq Liquid 500,343,2.18,26.13,19.65,62.0,58.8,30.68,30.2,29.92,18.0,bearish_transition,26.35,bearish_proxy,35.82,47.91,0.0,22,confirmed_bearish_trend,42,mixed_or_bearish,27.85,240.979996,2.16,-0.08057997,-0.13658190,-0.13472174,-0.23711539,,4H EMA 空头排列；4H MACD 尚未确认多头；4H RSI 偏弱
394,LSTR,"Landstar System, Inc. - Common Stock",,Early,Nasdaq Liquid 500,355,1.46,24.92,19.65,60.0,58.8,30.68,30.2,28.28,18.0,bearish_transition,26.35,bearish_proxy,33.01,42.6,0.0,22,confirmed_bearish_trend,42,mixed_or_bearish,17.24,177.830002,2.13,-0.04832494,-0.15327112,-0.14905730,-0.18791668,,4H EMA 空头排列；4H MACD 尚未确认多头；4H RSI 偏弱
395,CACC,Credit Acceptance Corporation - Common Stock,,Early,Nasdaq Liquid 500,370,1.44,24.51,19.65,60.8,58.8,32.03,31.7,27.25,15.0,bearish_transition,25.0,bearish_proxy,33.62,42.72,0.0,22,confirmed_bearish_trend,50,mixed_or_bearish,30.75,556.710022,0.87,-0.00635408,-0.08204101,-0.12933791,-0.02853100,4H MACD 柱体连续扩张,4H EMA 空头排列；4H MACD 尚未确认多头；4H RSI 偏弱
396,MIRM,MIRUM PHARMACEUTICALS INC,Health Care,Early,Nasdaq Liquid 500,363,1.37,25.35,19.65,58.4,58.8,36.35,36.5,27.63,15.0,bearish_transition,25.0,bearish_proxy,32.41,47.73,0.0,36,bearish_transition,42,mixed_or_bearish,28.34,107.57,1.25,-0.03770635,-0.05970281,-0.12551826,0.06504950,,4H EMA 转弱或跌破 EMA26；4H MACD 尚未确认多头；4H RSI 偏弱
397,IRDM,Iridium Communications Inc - Common Stock,,Early,Nasdaq Liquid 500,394,1.36,23.47,25.9,46.0,58.8,29.87,29.3,24.21,15.0,bearish_transition,25.0,bearish_proxy,24.43,40.89,0.0,22,confirmed_bearish_trend,42,mixed_or_bearish,33.58,44.360001,0.89,-0.02096667,-0.05314828,-0.18732249,-0.02269218,,4H EMA 空头排列；4H MACD 尚未确认多头；4H RSI 偏弱
398,SOFI,"SoFi Technologies, Inc.  - Common Stock",,Early,Nasdaq Liquid 500,362,1.24,24.63,19.65,59.2,58.8,30.68,30.2,27.83,18.0,bearish_transition,25.0,bearish_proxy,32.68,42.54,0.0,22,confirmed_bearish_trend,42,mixed_or_bearish,26.73,15.23,1.15,-0.08829692,-0.10883558,-0.16203572,-0.11013731,,4H EMA 空头排列；4H MACD 尚未确认多头；4H RSI 偏弱
399,GRAB,Grab Holdings Limited - Class A Ordinary Shares,,Early,Nasdaq Liquid 500,337,1.17,25.57,46.1,66.0,58.8,38.78,39.2,30.18,18.0,bearish_transition,26.35,bearish_proxy,38.77,43.75,0.0,22,confirmed_bearish_trend,72,fresh_below_zero_cross,38.72,3.35,1.94,-0.01473486,0.00149477,-0.10547397,-0.03039074,4H MACD 刚金叉但仍需零轴确认；4H MACD 柱体连续扩张,4H EMA 空头排列；4H RSI 偏弱
400,ABVX,Abivax SA - American Depositary Shares,,Early,Nasdaq Liquid 500,202,1.04,41.55,19.65,18.4,58.8,37.85,36.5,47.38,38.0,mixed_sideways,25.0,bearish_proxy,73.73,50.75,0.0,36,bearish_transition,42,mixed_or_bearish,30.64,118.839996,1.65,-0.04315621,-0.08348434,0.23572838,0.20846045,,4H EMA 转弱或跌破 EMA26；4H MACD 尚未确认多头；4H RSI 偏弱
401,VSEC,VSE CORP,Industrials,Early,Nasdaq Liquid 500,386,0.69,23.98,22.3,50.0,58.8,26.09,25.1,25.31,15.0,bearish_transition,25.0,bearish_proxy,27.31,42.46,0.0,22,confirmed_bearish_trend,28,fresh_bearish_cross,33.02,184.979996,0.85,-0.05963098,-0.06091989,-0.17471225,-0.06860351,,4H EMA 空头排列；4H MACD 最近死叉；4H RSI 偏弱
402,FIGR,"Figure Technology Solutions, Inc. - Class A Common Stock",,Early,Nasdaq Liquid 500,364,0.59,24.66,19.65,54.8,58.8,30.68,30.2,27.53,18.0,bearish_transition,26.35,bearish_proxy,30.74,42.15,0.0,22,confirmed_bearish_trend,42,mixed_or_bearish,31.0,24.969999,1.94,-0.11249337,-0.16822122,-0.07692884,-0.13807387,,4H EMA 空头排列；4H MACD 尚未确认多头；4H RSI 偏弱
403,PSKY,Paramount Skydance Corporation,Communication Services,Early,Nasdaq Liquid 500,368,0.29,24.75,19.65,52.6,58.8,32.84,32.6,27.38,18.0,bearish_transition,26.35,bearish_proxy,29.83,42.97,0.0,22,confirmed_bearish_trend,50,mixed_or_bearish,27.28,7.95,1.4,-0.00188324,-0.09401709,-0.18918919,-0.24177396,4H MACD 柱体连续扩张,4H EMA 空头排列；4H MACD 尚未确认多头；4H RSI 偏弱
404,AFRM,"Affirm Holdings, Inc. - Class A Common Stock",,Early,Nasdaq Liquid 500,381,0.23,24.14,19.65,53.6,58.8,29.87,29.3,26.18,15.0,bearish_transition,25.0,bearish_proxy,30.39,42.08,0.0,22,confirmed_bearish_trend,42,mixed_or_bearish,31.94,70.110001,1.04,-0.03602368,-0.05154217,-0.14280267,-0.02503133,,4H EMA 空头排列；4H MACD 尚未确认多头；4H RSI 偏弱
405,ASML,ASML Holding N.V. - New York Registry Shares,,Early,Nasdaq Liquid 500,371,0.13,24.55,19.65,52.0,58.8,29.87,29.3,27.21,18.0,bearish_transition,26.35,bearish_proxy,29.75,41.95,0.0,22,confirmed_bearish_trend,42,mixed_or_bearish,28.1,1550.689941,1.02,-0.02125769,-0.13869700,-0.17588384,-0.18050039,,4H EMA 空头排列；4H MACD 尚未确认多头；4H RSI 偏弱
406,VIVK,"Vivakor, Inc. - Common Stock",,Early,Nasdaq Liquid 500,105,0,37.17,43.7,1.8,58.8,44.96,44.4,56.59,18.0,bearish_transition,51.15,bullish_below_zero_proxy,100.0,56.0,0.0,36,bearish_transition,66,bullish_above_signal,42.0,2.4,0.2,0.27659574,0.47692308,-0.63156279,-0.75165565,4H MACD 位于 Signal 上方；4H MACD 柱体连续扩张,4H EMA 转弱或跌破 EMA26
407,CVLT,COMMVAULT SYSTEMS INC,Information Technology,Early,Nasdaq Liquid 500,384,0,24.19,19.65,47.2,58.8,36.35,36.5,25.73,18.0,bearish_transition,26.35,bearish_proxy,24.82,41.96,0.0,36,bearish_transition,42,mixed_or_bearish,29.29,120.309998,1.34,-0.05185595,-0.14119494,-0.16607753,-0.05572566,,4H EMA 转弱或跌破 EMA26；4H MACD 尚未确认多头；4H RSI 偏弱
408,FLY,FIREFLY AEROSPACE INC,Industrials,Early,Nasdaq Liquid 500,395,0,26.46,30.45,13.8,58.8,35.0,35.0,23.89,18.0,bearish_transition,49.8,bullish_below_zero_proxy,0.0,40.25,0.0,22,confirmed_bearish_trend,58,bullish_above_signal,28.6,17.84,1.09,-0.06962185,-0.11770520,-0.38567495,-0.46520539,4H MACD 位于 Signal 上方,4H EMA 空头排列；4H RSI 偏弱
409,RXRX,RECURSION PHARMACEUTICALS INC CLAS,Health Care,Early,Nasdaq Liquid 500,401,0,23.75,43.7,41.6,58.8,34.19,34.1,22.92,15.0,bearish_transition,25.0,bearish_proxy,18.13,44.88,0.0,22,confirmed_bearish_trend,58,bullish_above_signal,38.7,2.97,0.82,-0.00672218,-0.01000000,-0.19402985,-0.09726444,4H MACD 位于 Signal 上方,4H EMA 空头排列；4H RSI 偏弱
410,RKLB,Rocket Lab Corporation - Common Stock,,Early,Nasdaq Liquid 500,493,0,20.72,30.45,13.8,58.8,34.19,34.1,16.15,15.0,bearish_transition,25.0,bearish_proxy,0.0,36.0,0.0,22,confirmed_bearish_trend,58,bullish_above_signal,28.64,58.599998,0.9,-0.08064016,-0.15985666,-0.40216283,-0.46376282,4H MACD 位于 Signal 上方,4H EMA 空头排列；4H RSI 偏弱
411,ALHC,ALIGNMENT HEALTHCARE INC,Health Care,Early,Nasdaq Liquid 500,397,0,23.53,19.65,44.4,58.8,32.84,32.6,23.59,15.0,bearish_transition,25.0,bearish_proxy,21.64,42.33,0.0,22,confirmed_bearish_trend,50,mixed_or_bearish,29.61,18.290001,1.55,-0.01135130,-0.11897876,-0.21400941,-0.07532861,4H MACD 柱体连续扩张,4H EMA 空头排列；4H MACD 尚未确认多头；4H RSI 偏弱
412,SEDG,"SolarEdge Technologies, Inc. - Common Stock",,Early,Nasdaq Liquid 500,494,0,20.72,19.65,13.8,58.8,32.84,32.6,16.15,15.0,bearish_transition,25.0,bearish_proxy,0.0,36.0,0.0,22,confirmed_bearish_trend,50,mixed_or_bearish,30.49,39.040001,1.31,0.00880902,-0.18347710,-0.29505236,-0.35160270,4H MACD 柱体连续扩张,4H EMA 空头排列；4H MACD 尚未确认多头；4H RSI 偏弱
413,XMTR,XOMETRY INC CLASS A,Industrials,Early,Nasdaq Liquid 500,392,0,23.7,19.65,46.8,58.8,32.03,31.7,24.49,15.0,bearish_transition,25.0,bearish_proxy,24.81,41.96,0.0,22,confirmed_bearish_trend,50,mixed_or_bearish,30.22,80.970001,0.93,-0.01854544,-0.17755202,-0.14081067,-0.06973805,4H MACD 柱体连续扩张,4H EMA 空头排列；4H MACD 尚未确认多头；4H RSI 偏弱
414,TSLA,"Tesla, Inc.",Consumer Discretionary,Early,Nasdaq Liquid 500,406,0,23.06,19.65,42.8,58.8,32.03,31.7,22.59,15.0,bearish_transition,25.0,bearish_proxy,19.06,40.81,0.0,22,confirmed_bearish_trend,50,mixed_or_bearish,19.08,298.320007,0.73,-0.02884298,-0.20246167,-0.27555307,-0.27454889,4H MACD 柱体连续扩张,4H EMA 空头排列；4H MACD 尚未确认多头；4H RSI 偏弱
415,MRNA,Moderna,Health Care,Early,Nasdaq Liquid 500,419,0,23.15,19.65,36.4,58.8,32.03,31.7,21.16,15.0,bearish_transition,25.0,bearish_proxy,12.79,43.81,0.0,22,confirmed_bearish_trend,50,mixed_or_bearish,29.14,54.490002,0.71,-0.01678087,-0.06181129,-0.21788426,0.04507102,4H MACD 柱体连续扩张,4H EMA 空头排列；4H MACD 尚未确认多头；4H RSI 偏弱
416,RUN,SUNRUN INC,Industrials,Early,Nasdaq Liquid 500,426,0,21.66,19.65,32.4,58.8,32.03,31.7,18.48,15.0,bearish_transition,25.0,bearish_proxy,6.61,38.32,0.0,22,confirmed_bearish_trend,50,mixed_or_bearish,24.71,9.47,0.87,-0.02671148,-0.13357731,-0.29799852,-0.24148979,4H MACD 柱体连续扩张,4H EMA 空头排列；4H MACD 尚未确认多头；4H RSI 偏弱
417,TEM,"Tempus AI, Inc. - Class A Common Stock",,Early,Nasdaq Liquid 500,431,0,21.4,19.65,32.0,58.8,32.03,31.7,18.13,15.0,bearish_transition,25.0,bearish_proxy,6.01,37.2,0.0,22,confirmed_bearish_trend,50,mixed_or_bearish,24.12,41.549999,0.76,-0.01842672,-0.11520443,-0.28706246,-0.20569684,4H MACD 柱体连续扩张,4H EMA 空头排列；4H MACD 尚未确认多头；4H RSI 偏弱
418,QS,QuantumScape Corporation - Common Stock,,Early,Nasdaq Liquid 500,437,0,21.31,19.65,31.2,58.8,32.03,31.7,17.86,15.0,bearish_transition,25.0,bearish_proxy,5.2,37.04,0.0,22,confirmed_bearish_trend,50,mixed_or_bearish,31.67,4.96,0.85,-0.02840353,-0.15574468,-0.34478203,-0.31301939,4H MACD 柱体连续扩张,4H EMA 空头排列；4H MACD 尚未确认多头；4H RSI 偏弱
419,MCHP,Microchip Technology,Information Technology,Early,Nasdaq Liquid 500,376,0,24.8,19.65,48.4,58.8,30.68,30.2,26.44,18.0,bearish_transition,25.0,bearish_proxy,26.29,46.01,0.0,22,confirmed_bearish_trend,42,mixed_or_bearish,27.31,71.370003,1.83,-0.07347781,-0.16079717,-0.19863009,-0.28850559,,4H EMA 空头排列；4H MACD 尚未确认多头；4H RSI 偏弱
420,GTX,GARRETT MOTION,Consumer Discretionary,Early,Nasdaq Liquid 500,378,0,24.42,19.65,49.6,58.8,30.68,30.2,26.4,18.0,bearish_transition,26.35,bearish_proxy,26.85,42.37,0.0,22,confirmed_bearish_trend,42,mixed_or_bearish,31.97,28.780001,1.45,-0.02803107,-0.09695638,-0.17935555,-0.15724746,,4H EMA 空头排列；4H MACD 尚未确认多头；4H RSI 偏弱
421,CGNX,Cognex Corporation - Common Stock,,Early,Nasdaq Liquid 500,383,0,24.04,19.65,51.6,58.8,30.68,30.2,25.86,15.0,bearish_transition,25.0,bearish_proxy,29.44,41.89,0.0,22,confirmed_bearish_trend,42,mixed_or_bearish,31.28,57.82,1.26,-0.03585128,-0.07547171,-0.15412190,-0.12300925,,4H EMA 空头排列；4H MACD 尚未确认多头；4H RSI 偏弱
422,SYNA,SYNAPTICS INC,Information Technology,Early,Nasdaq Liquid 500,388,0,23.88,19.65,45.6,58.8,30.68,30.2,25.23,18.0,bearish_transition,25.0,bearish_proxy,24.34,41.87,0.0,22,confirmed_bearish_trend,42,mixed_or_bearish,31.67,103.639999,1.83,-0.07161735,-0.14119988,-0.11893223,-0.26166558,,4H EMA 空头排列；4H MACD 尚未确认多头；4H RSI 偏弱
423,INIO,INNIO N.V. - Ordinary Shares,,Early,Nasdaq Liquid 500,398,0,33.51,19.65,13.8,58.8,30.68,30.2,23.39,38.0,mixed_sideways,26.35,bearish_proxy,0.0,36.0,0.0,22,confirmed_bearish_trend,42,mixed_or_bearish,30.23,21.77,1.34,-0.07988166,-0.20648803,-0.43047741,-0.37325466,,4H EMA 空头排列；4H MACD 尚未确认多头；4H RSI 偏弱
424,NXT,Nextpower Inc. - Class A Common Stock,,Early,Nasdaq Liquid 500,399,0,23.19,19.65,44.8,58.8,30.68,30.2,23.39,15.0,bearish_transition,25.0,bearish_proxy,21.95,40.39,0.0,22,confirmed_bearish_trend,42,mixed_or_bearish,31.94,92.669998,1.07,-0.04914838,-0.11658726,-0.16272138,-0.26446544,,4H EMA 空头排列；4H MACD 尚未确认多头；4H RSI 偏弱
425,FROG,JFROG LTD,Information Technology,Early,Nasdaq Liquid 500,400,0,23.38,19.65,40.8,58.8,30.68,30.2,23.37,18.0,bearish_transition,26.35,bearish_proxy,17.66,40.53,0.0,22,confirmed_bearish_trend,42,mixed_or_bearish,28.75,73.275002,1.84,-0.05329457,-0.07957542,-0.18664663,-0.08883927,,4H EMA 空头排列；4H MACD 尚未确认多头；4H RSI 偏弱
426,TLN,Talen Energy Corporation - Common Stock,,Early,Nasdaq Liquid 500,402,0,23.21,19.65,39.8,58.8,30.68,30.2,22.86,18.0,bearish_transition,26.35,bearish_proxy,16.14,40.23,0.0,22,confirmed_bearish_trend,42,mixed_or_bearish,26.41,316.190002,1.28,-0.03335373,-0.16165553,-0.20809957,-0.18064264,,4H EMA 空头排列；4H MACD 尚未确认多头；4H RSI 偏弱
427,CAMT,Camtek Ltd. - Ordinary Shares,,Early,Nasdaq Liquid 500,411,0,22.32,19.65,42.0,58.8,30.68,30.2,22.19,18.0,bearish_transition,21.35,fresh_bearish_cross_proxy,18.33,39.67,0.0,22,confirmed_bearish_trend,42,mixed_or_bearish,30.13,126.970001,1.11,-0.09076589,-0.19122239,-0.19240555,-0.35859160,,4H EMA 空头排列；4H MACD 尚未确认多头；4H RSI 偏弱
428,LSCC,Lattice Semiconductor Corporation - Common Stock,,Early,Nasdaq Liquid 500,416,0,23.23,19.65,37.2,58.8,30.68,30.2,21.61,15.0,bearish_transition,25.0,bearish_proxy,14.39,43.63,0.0,22,confirmed_bearish_trend,42,mixed_or_bearish,31.95,112.959999,1.1,-0.05500485,-0.17685636,-0.23015060,-0.24177741,,4H EMA 空头排列；4H MACD 尚未确认多头；4H RSI 偏弱
429,NVMI,Nova Ltd. - Ordinary Shares,,Early,Nasdaq Liquid 500,422,0,22.19,19.65,34.4,58.8,30.68,30.2,20.26,18.0,bearish_transition,26.35,bearish_proxy,8.71,37.74,0.0,22,confirmed_bearish_trend,42,mixed_or_bearish,25.76,366.910004,2.37,-0.09257059,-0.19328526,-0.29498682,-0.39395789,,4H EMA 空头排列；4H MACD 尚未确认多头；4H RSI 偏弱
430,ENPH,"Enphase Energy, Inc. - Common Stock",,Early,Nasdaq Liquid 500,423,0,22.24,19.65,33.6,58.8,30.68,30.2,20.03,18.0,bearish_transition,26.35,bearish_proxy,7.55,38.51,0.0,22,confirmed_bearish_trend,42,mixed_or_bearish,30.02,35.07,1.82,-0.04154140,-0.11372252,-0.27421358,-0.33066132,,4H EMA 空头排列；4H MACD 尚未确认多头；4H RSI 偏弱
431,AEIS,"Advanced Energy Industries, Inc. - Common Stock",,Early,Nasdaq Liquid 500,424,0,22.2,19.65,33.2,58.8,30.68,30.2,19.89,18.0,bearish_transition,26.35,bearish_proxy,7.12,38.42,0.0,22,confirmed_bearish_trend,42,mixed_or_bearish,29.65,252.485001,1.95,-0.07001968,-0.20427037,-0.27550932,-0.31935573,,4H EMA 空头排列；4H MACD 尚未确认多头；4H RSI 偏弱
432,SANM,Sanmina Corporation - Common Stock,,Early,Nasdaq Liquid 500,427,0,21.43,19.65,30.8,58.8,30.68,30.2,18.47,18.0,bearish_transition,25.0,bearish_proxy,4.29,36.86,0.0,22,confirmed_bearish_trend,42,mixed_or_bearish,27.88,163.850006,1.12,-0.02667215,-0.24604270,-0.31845596,-0.36954097,,4H EMA 空头排列；4H MACD 尚未确认多头；4H RSI 偏弱
433,AAON,"AAON, Inc. - Common Stock",,Early,Nasdaq Liquid 500,428,0,21.52,19.65,30.0,58.8,30.68,30.2,18.32,18.0,bearish_transition,26.35,bearish_proxy,2.82,36.56,0.0,22,confirmed_bearish_trend,42,mixed_or_bearish,20.02,84.870003,1.94,-0.10266440,-0.20793279,-0.32460608,-0.35356838,,4H EMA 空头排列；4H MACD 尚未确认多头；4H RSI 偏弱
434,MYRG,MYR GROUP INC,Industrials,Early,Nasdaq Liquid 500,430,0,21.6,19.65,29.2,58.8,30.68,30.2,18.15,18.0,bearish_transition,26.35,bearish_proxy,1.84,37.37,0.0,22,confirmed_bearish_trend,42,mixed_or_bearish,22.02,322.059998,2.17,-0.05421813,-0.21270200,-0.35729396,-0.28431112,,4H EMA 空头排列；4H MACD 尚未确认多头；4H RSI 偏弱
435,POWL,"Powell Industries, Inc. - Common Stock",,Early,Nasdaq Liquid 500,432,0,21.46,19.65,29.6,58.8,30.68,30.2,18.12,18.0,bearish_transition,26.35,bearish_proxy,2.23,36.45,0.0,22,confirmed_bearish_trend,42,mixed_or_bearish,24.58,186.389999,1.54,-0.08668171,-0.22526345,-0.33593415,-0.38677417,,4H EMA 空头排列；4H MACD 尚未确认多头；4H RSI 偏弱
436,KLAC,KLA Corporation,Information Technology,Early,Nasdaq Liquid 500,433,0,22.1,19.65,13.8,58.8,30.68,30.2,18.1,18.0,bearish_transition,26.35,bearish_proxy,0.0,40.75,0.0,22,confirmed_bearish_trend,42,mixed_or_bearish,24.75,170.190002,1.47,-0.11155772,-0.20694316,-0.38848765,-0.33612883,,4H EMA 空头排列；4H MACD 尚未确认多头；4H RSI 偏弱
437,MU,Micron Technology,Information Technology,Early,Nasdaq Liquid 500,434,0,22.1,19.65,13.8,58.8,30.68,30.2,18.1,18.0,bearish_transition,26.35,bearish_proxy,0.0,40.75,0.0,22,confirmed_bearish_trend,42,mixed_or_bearish,31.8,739.0,1.25,-0.09865959,-0.22982326,-0.35476263,-0.32054100,,4H EMA 空头排列；4H MACD 尚未确认多头；4H RSI 偏弱
438,SNDK,Sandisk,Information Technology,Early,Nasdaq Liquid 500,435,0,22.1,19.65,13.8,58.8,30.68,30.2,18.1,18.0,bearish_transition,26.35,bearish_proxy,0.0,40.75,0.0,22,confirmed_bearish_trend,42,mixed_or_bearish,28.49,1015.890015,1.09,-0.07207712,-0.36512827,-0.50475555,-0.51819073,,4H EMA 空头排列；4H MACD 尚未确认多头；4H RSI 偏弱
439,TSEM,Tower Semiconductor Ltd. - Ordinary Shares,,Early,Nasdaq Liquid 500,436,0,21.9,19.65,28.0,58.8,30.68,30.2,17.93,18.0,bearish_transition,25.0,bearish_proxy,0.51,40.85,0.0,22,confirmed_bearish_trend,42,mixed_or_bearish,30.7,187.839996,1.05,-0.08602573,-0.24779755,-0.26397872,-0.34518578,,4H EMA 空头排列；4H MACD 尚未确认多头；4H RSI 偏弱
440,AMAT,Applied Materials,Information Technology,Early,Nasdaq Liquid 500,438,0,21.84,19.65,13.8,58.8,30.68,30.2,17.76,18.0,bearish_transition,25.0,bearish_proxy,0.0,40.75,0.0,22,confirmed_bearish_trend,42,mixed_or_bearish,27.08,436.450012,1.22,-0.08029624,-0.21238315,-0.37095542,-0.25456872,,4H EMA 空头排列；4H MACD 尚未确认多头；4H RSI 偏弱
441,LRCX,Lam Research,Information Technology,Early,Nasdaq Liquid 500,439,0,21.84,19.65,13.8,58.8,30.68,30.2,17.76,18.0,bearish_transition,25.0,bearish_proxy,0.0,40.75,0.0,22,confirmed_bearish_trend,42,mixed_or_bearish,25.1,252.350006,1.41,-0.06151217,-0.20940504,-0.38550138,-0.35120196,,4H EMA 空头排列；4H MACD 尚未确认多头；4H RSI 偏弱
442,ACMR,ACM RESEARCH CLASS A INC,Information Technology,Early,Nasdaq Liquid 500,443,0,21.39,19.65,13.8,58.8,30.68,30.2,17.54,18.0,bearish_transition,26.35,bearish_proxy,0.0,37.0,0.0,22,confirmed_bearish_trend,42,mixed_or_bearish,27.8,65.300003,2.24,-0.10121942,-0.26973826,-0.45070656,-0.31501100,,4H EMA 空头排列；4H MACD 尚未确认多头；4H RSI 偏弱
443,KEEL,KEEL INFRASTRUCTURE CORP,Information Technology,Early,Nasdaq Liquid 500,445,0,21.39,19.65,13.8,58.8,30.68,30.2,17.54,18.0,bearish_transition,26.35,bearish_proxy,0.0,37.0,0.0,22,confirmed_bearish_trend,42,mixed_or_bearish,27.09,3.175,1.3,-0.14422792,-0.32158120,-0.44974003,-0.43904594,,4H EMA 空头排列；4H MACD 尚未确认多头；4H RSI 偏弱
444,KLIC,KULICKE AND SOFFA INDUSTRIES INC,Information Technology,Early,Nasdaq Liquid 500,446,0,21.39,19.65,13.8,58.8,30.68,30.2,17.54,18.0,bearish_transition,26.35,bearish_proxy,0.0,37.0,0.0,22,confirmed_bearish_trend,42,mixed_or_bearish,27.86,82.860001,1.9,-0.07979341,-0.21496922,-0.35712622,-0.28222454,,4H EMA 空头排列；4H MACD 尚未确认多头；4H RSI 偏弱
445,SHAZ,SHARONAI HOLDINGS INC CLASS A,Information Technology,Early,Nasdaq Liquid 500,448,0,21.39,19.65,13.8,58.8,30.68,30.2,17.54,18.0,bearish_transition,26.35,bearish_proxy,0.0,37.0,0.0,22,confirmed_bearish_trend,42,mixed_or_bearish,24.24,40.09,1.62,-0.17974425,-0.42883603,-0.50521445,-0.42891735,,4H EMA 空头排列；4H MACD 尚未确认多头；4H RSI 偏弱
446,UCTT,ULTRA CLEAN HOLDINGS INC,Information Technology,Early,Nasdaq Liquid 500,449,0,21.39,19.65,13.8,58.8,30.68,30.2,17.54,18.0,bearish_transition,26.35,bearish_proxy,0.0,37.0,0.0,22,confirmed_bearish_trend,42,mixed_or_bearish,27.83,69.57,1.36,-0.10612877,-0.31376995,-0.46785482,-0.38753409,,4H EMA 空头排列；4H MACD 尚未确认多头；4H RSI 偏弱
447,FLEX,Flex Ltd.,Information Technology,Early,Nasdaq Liquid 500,451,0,21.39,25.9,13.8,58.8,30.68,30.2,17.54,18.0,bearish_transition,26.35,bearish_proxy,0.0,37.0,0.0,22,confirmed_bearish_trend,42,mixed_or_bearish,32.79,103.019997,1.93,-0.03970919,-0.18869118,-0.35447083,-0.30965624,,4H EMA 空头排列；4H MACD 尚未确认多头；4H RSI 偏弱
448,LITE,Lumentum,Information Technology,Early,Nasdaq Liquid 500,452,0,21.39,19.65,13.8,58.8,30.68,30.2,17.54,18.0,bearish_transition,26.35,bearish_proxy,0.0,37.0,0.0,22,confirmed_bearish_trend,42,mixed_or_bearish,30.1,602.349976,1.49,-0.06811787,-0.27402350,-0.29250994,-0.37065752,,4H EMA 空头排列；4H MACD 尚未确认多头；4H RSI 偏弱
449,AAOI,"Applied Optoelectronics, Inc. - Common Stock",,Early,Nasdaq Liquid 500,453,0,21.21,19.65,13.8,58.8,30.68,30.2,17.39,18.0,bearish_transition,26.35,bearish_proxy,0.0,36.0,0.0,22,confirmed_bearish_trend,42,mixed_or_bearish,28.18,76.519997,1.22,-0.12986132,-0.30813745,-0.49024424,-0.60052208,,4H EMA 空头排列；4H MACD 尚未确认多头；4H RSI 偏弱
450,ALGM,"Allegro MicroSystems, Inc. - Common Stock",,Early,Nasdaq Liquid 500,454,0,21.21,25.9,13.8,58.8,30.68,30.2,17.39,18.0,bearish_transition,26.35,bearish_proxy,0.0,36.0,0.0,22,confirmed_bearish_trend,42,mixed_or_bearish,33.5,42.209999,2.19,-0.04588614,-0.15308991,-0.36421148,-0.23254547,,4H EMA 空头排列；4H MACD 尚未确认多头；4H RSI 偏弱
451,ALM,Almonty Industries Inc. - Common Shares,,Early,Nasdaq Liquid 500,455,0,21.21,19.65,13.8,58.8,30.68,30.2,17.39,18.0,bearish_transition,26.35,bearish_proxy,0.0,36.0,0.0,22,confirmed_bearish_trend,42,mixed_or_bearish,26.73,10.95,1.72,-0.10685155,-0.23372988,-0.32156130,-0.38997218,,4H EMA 空头排列；4H MACD 尚未确认多头；4H RSI 偏弱
452,AMKR,"Amkor Technology, Inc. - Common Stock",,Early,Nasdaq Liquid 500,456,0,21.21,19.65,13.8,58.8,30.68,30.2,17.39,18.0,bearish_transition,26.35,bearish_proxy,0.0,36.0,0.0,22,confirmed_bearish_trend,42,mixed_or_bearish,19.97,42.73,1.34,-0.07108696,-0.36176248,-0.48086501,-0.49988297,,4H EMA 空头排列；4H MACD 尚未确认多头；4H RSI 偏弱
453,ARM,Arm Holdings plc - American Depositary Shares,,Early,Nasdaq Liquid 500,457,0,21.21,19.65,13.8,58.8,30.68,30.2,17.39,18.0,bearish_transition,26.35,bearish_proxy,0.0,36.0,0.0,22,confirmed_bearish_trend,42,mixed_or_bearish,27.21,224.889999,1.72,-0.08873939,-0.20589693,-0.34602188,-0.45479889,,4H EMA 空头排列；4H MACD 尚未确认多头；4H RSI 偏弱
454,CRWV,"CoreWeave, Inc. - Class A Common Stock",,Early,Nasdaq Liquid 500,458,0,21.21,19.65,13.8,58.8,30.68,30.2,17.39,18.0,bearish_transition,26.35,bearish_proxy,0.0,36.0,0.0,22,confirmed_bearish_trend,42,mixed_or_bearish,25.02,60.82,1.17,-0.09621812,-0.26368037,-0.36287450,-0.43004404,,4H EMA 空头排列；4H MACD 尚未确认多头；4H RSI 偏弱
455,ENTG,"Entegris, Inc. - Common Stock",,Early,Nasdaq Liquid 500,459,0,21.21,19.65,13.8,58.8,30.68,30.2,17.39,18.0,bearish_transition,26.35,bearish_proxy,0.0,36.0,0.0,22,confirmed_bearish_trend,42,mixed_or_bearish,26.57,107.010002,1.96,-0.09893904,-0.22129236,-0.37457628,-0.34265000,,4H EMA 空头排列；4H MACD 尚未确认多头；4H RSI 偏弱
456,FORM,"FormFactor, Inc. - Common Stock",,Early,Nasdaq Liquid 500,460,0,21.21,19.65,13.8,58.8,30.68,30.2,17.39,18.0,bearish_transition,26.35,bearish_proxy,0.0,36.0,0.0,22,confirmed_bearish_trend,42,mixed_or_bearish,26.03,83.449997,1.82,-0.05658250,-0.26410939,-0.42137015,-0.45314552,,4H EMA 空头排列；4H MACD 尚未确认多头；4H RSI 偏弱
457,GFS,GlobalFoundries Inc. - Ordinary Share,,Early,Nasdaq Liquid 500,461,0,21.21,19.65,13.8,58.8,30.68,30.2,17.39,18.0,bearish_transition,26.35,bearish_proxy,0.0,36.0,0.0,22,confirmed_bearish_trend,42,mixed_or_bearish,20.66,47.07,1.38,-0.04870655,-0.19469634,-0.41888889,-0.43950943,,4H EMA 空头排列；4H MACD 尚未确认多头；4H RSI 偏弱
458,GLXY,Galaxy Digital Inc. - Class A common stock,,Early,Nasdaq Liquid 500,462,0,21.21,19.65,13.8,58.8,30.68,30.2,17.39,18.0,bearish_transition,26.35,bearish_proxy,0.0,36.0,0.0,22,confirmed_bearish_trend,42,mixed_or_bearish,25.64,18.26,1.26,-0.12021195,-0.26311545,-0.35952297,-0.45670933,,4H EMA 空头排列；4H MACD 尚未确认多头；4H RSI 偏弱
459,MKSI,MKS Inc. - Common Stock,,Early,Nasdaq Liquid 500,463,0,21.21,19.65,13.8,58.8,30.68,30.2,17.39,18.0,bearish_transition,26.35,bearish_proxy,0.0,36.0,0.0,22,confirmed_bearish_trend,42,mixed_or_bearish,25.03,257.609985,2.0,-0.09116255,-0.25306627,-0.38122685,-0.31366231,,4H EMA 空头排列；4H MACD 尚未确认多头；4H RSI 偏弱
460,MTSI,"MACOM Technology Solutions Holdings, Inc. - Common Stock",,Early,Nasdaq Liquid 500,464,0,21.21,19.65,13.8,58.8,30.68,30.2,17.39,18.0,bearish_transition,26.35,bearish_proxy,0.0,36.0,0.0,22,confirmed_bearish_trend,42,mixed_or_bearish,24.86,228.710007,1.77,-0.08547094,-0.19089399,-0.38568355,-0.40528382,,4H EMA 空头排列；4H MACD 尚未确认多头；4H RSI 偏弱
461,NBIS,Nebius Group N.V. - Class A Ordinary Shares,,Early,Nasdaq Liquid 500,465,0,21.21,19.65,13.8,58.8,30.68,30.2,17.39,18.0,bearish_transition,26.35,bearish_proxy,0.0,36.0,0.0,22,confirmed_bearish_trend,42,mixed_or_bearish,30.8,148.220001,1.36,-0.11731728,-0.32077720,-0.43225956,-0.43025176,,4H EMA 空头排列；4H MACD 尚未确认多头；4H RSI 偏弱
462,SIMO,"Silicon Motion Technology Corporation - American Depositary Shares, each representing four ordinary shares",,Early,Nasdaq Liquid 500,466,0,21.21,19.65,13.8,58.8,30.68,30.2,17.39,18.0,bearish_transition,26.35,bearish_proxy,0.0,36.0,0.0,22,confirmed_bearish_trend,42,mixed_or_bearish,26.01,209.679993,1.66,-0.07141118,-0.25603181,-0.36944037,-0.24234872,,4H EMA 空头排列；4H MACD 尚未确认多头；4H RSI 偏弱
463,VIAV,Viavi Solutions Inc. - Common Stock,,Early,Nasdaq Liquid 500,467,0,21.21,19.65,13.8,58.8,30.68,30.2,17.39,18.0,bearish_transition,26.35,bearish_proxy,0.0,36.0,0.0,22,confirmed_bearish_trend,42,mixed_or_bearish,27.75,32.23,1.96,-0.08019409,-0.23697920,-0.32032895,-0.40403109,,4H EMA 空头排列；4H MACD 尚未确认多头；4H RSI 偏弱
464,WULF,TeraWulf Inc. - Common Stock,,Early,Nasdaq Liquid 500,468,0,21.21,19.65,13.8,58.8,30.68,30.2,17.39,18.0,bearish_transition,26.35,bearish_proxy,0.0,36.0,0.0,22,confirmed_bearish_trend,42,mixed_or_bearish,29.62,15.09,1.46,-0.08959282,-0.22416456,-0.41020127,-0.46451384,,4H EMA 空头排列；4H MACD 尚未确认多头；4H RSI 偏弱
465,ALAB,"Astera Labs, Inc. - Common Stock",,Early,Nasdaq Liquid 500,472,0,20.95,19.65,13.8,58.8,30.68,30.2,17.05,18.0,bearish_transition,25.0,bearish_proxy,0.0,36.0,0.0,22,confirmed_bearish_trend,42,mixed_or_bearish,27.39,249.740005,1.49,-0.04628420,-0.24515641,-0.45270862,-0.35833298,,4H EMA 空头排列；4H MACD 尚未确认多头；4H RSI 偏弱
466,RMBS,"Rambus, Inc. - Common Stock",,Early,Nasdaq Liquid 500,474,0,20.95,19.65,13.8,58.8,30.68,30.2,17.05,18.0,bearish_transition,25.0,bearish_proxy,0.0,36.0,0.0,22,confirmed_bearish_trend,42,mixed_or_bearish,26.5,82.809998,1.43,-0.05779953,-0.20190828,-0.33066604,-0.42183900,,4H EMA 空头排列；4H MACD 尚未确认多头；4H RSI 偏弱
467,STRL,"Sterling Infrastructure, Inc. - Common Stock",,Early,Nasdaq Liquid 500,476,0,20.95,19.65,13.8,58.8,30.68,30.2,17.05,18.0,bearish_transition,25.0,bearish_proxy,0.0,36.0,0.0,22,confirmed_bearish_trend,42,mixed_or_bearish,24.28,494.23999,1.19,-0.08924391,-0.31253391,-0.39245238,-0.43011325,,4H EMA 空头排列；4H MACD 尚未确认多头；4H RSI 偏弱
468,TTMI,"TTM Technologies, Inc. - Common Stock",,Early,Nasdaq Liquid 500,477,0,20.95,19.65,13.8,58.8,30.68,30.2,17.05,18.0,bearish_transition,25.0,bearish_proxy,0.0,36.0,0.0,22,confirmed_bearish_trend,42,mixed_or_bearish,24.75,101.769997,2.24,-0.05637635,-0.29673145,-0.45516355,-0.50740564,,4H EMA 空头排列；4H MACD 尚未确认多头；4H RSI 偏弱
469,IESC,"IES Holdings, Inc. - Common Stock",,Early,Nasdaq Liquid 500,483,0,20.89,19.65,28.8,58.8,30.68,30.2,16.63,15.0,bearish_transition,25.0,bearish_proxy,1.45,36.29,0.0,22,confirmed_bearish_trend,42,mixed_or_bearish,23.55,496.220001,1.21,-0.08510639,-0.26350083,-0.31336137,-0.31688713,,4H EMA 空头排列；4H MACD 尚未确认多头；4H RSI 偏弱
470,SMTC,Semtech Corporation - Common Stock,,Early,Nasdaq Liquid 500,495,0,20.72,19.65,13.8,58.8,30.68,30.2,16.15,15.0,bearish_transition,25.0,bearish_proxy,0.0,36.0,0.0,22,confirmed_bearish_trend,42,mixed_or_bearish,26.84,103.550003,1.1,-0.06938073,-0.24427091,-0.33702541,-0.40635208,,4H EMA 空头排列；4H MACD 尚未确认多头；4H RSI 偏弱
471,VICR,Vicor Corporation - Common Stock,,Early,Nasdaq Liquid 500,496,0,20.72,19.65,13.8,58.8,30.68,30.2,16.15,15.0,bearish_transition,25.0,bearish_proxy,0.0,36.0,0.0,22,confirmed_bearish_trend,42,mixed_or_bearish,30.58,182.764999,1.18,-0.04015023,-0.15927596,-0.50167006,-0.43328682,,4H EMA 空头排列；4H MACD 尚未确认多头；4H RSI 偏弱
472,IREN,IREN Limited - Ordinary Shares,,Early,Nasdaq Liquid 500,498,0,20.26,19.65,13.8,58.8,30.68,30.2,16.14,18.0,bearish_transition,21.35,fresh_bearish_cross_proxy,0.0,36.0,0.0,22,confirmed_bearish_trend,42,mixed_or_bearish,27.29,29.309999,1.44,-0.13625439,-0.28997094,-0.36129877,-0.51828419,,4H EMA 空头排列；4H MACD 尚未确认多头；4H RSI 偏弱
473,HOOD,Robinhood Markets,Financials,Early,Nasdaq Liquid 500,391,0,23.8,19.65,47.6,58.8,29.87,29.3,24.78,15.0,bearish_transition,25.0,bearish_proxy,25.7,42.14,0.0,22,confirmed_bearish_trend,42,mixed_or_bearish,29.27,89.839996,1.05,-0.03718789,-0.14020483,-0.11765865,-0.08447978,,4H EMA 空头排列；4H MACD 尚未确认多头；4H RSI 偏弱
474,AMD,Advanced Micro Devices,Information Technology,Early,Nasdaq Liquid 500,409,0,23.53,19.65,40.4,58.8,29.87,29.3,22.47,15.0,bearish_transition,25.0,bearish_proxy,17.0,44.15,0.0,22,confirmed_bearish_trend,42,mixed_or_bearish,30.21,429.559998,0.92,-0.06424135,-0.22200894,-0.20386982,-0.21507146,,4H EMA 空头排列；4H MACD 尚未确认多头；4H RSI 偏弱
475,QNT,Quantinuum Inc. - Class A Common Stock,,Early,Nasdaq Liquid 500,412,0,33.02,19.65,13.8,58.8,29.87,29.3,22.15,35.0,mixed_sideways,25.0,bearish_proxy,0.0,36.0,0.0,22,confirmed_bearish_trend,42,mixed_or_bearish,27.92,47.34,0.75,-0.07240129,-0.13502649,-0.34748452,-0.18139377,,4H EMA 空头排列；4H MACD 尚未确认多头；4H RSI 偏弱
476,CRDO,Credo Technology Group Holding Ltd - Ordinary Shares,,Early,Nasdaq Liquid 500,473,0,20.95,19.65,13.8,58.8,29.87,29.3,17.05,18.0,bearish_transition,25.0,bearish_proxy,0.0,36.0,0.0,22,confirmed_bearish_trend,42,mixed_or_bearish,30.18,177.449997,1.01,-0.08974331,-0.22198353,-0.27810098,-0.31594775,,4H EMA 空头排列；4H MACD 尚未确认多头；4H RSI 偏弱
477,SITM,SiTime Corporation - Common Stock,,Early,Nasdaq Liquid 500,475,0,20.95,19.65,13.8,58.8,29.87,29.3,17.05,18.0,bearish_transition,25.0,bearish_proxy,0.0,36.0,0.0,22,confirmed_bearish_trend,42,mixed_or_bearish,24.61,462.160004,0.91,-0.04785844,-0.21673103,-0.34990361,-0.37824057,,4H EMA 空头排列；4H MACD 尚未确认多头；4H RSI 偏弱
478,INTC,Intel,Information Technology,Early,Nasdaq Liquid 500,480,0,21.61,19.65,13.8,58.8,29.87,29.3,16.86,15.0,bearish_transition,25.0,bearish_proxy,0.0,40.75,0.0,22,confirmed_bearish_trend,42,mixed_or_bearish,26.37,81.879997,0.93,-0.06078731,-0.20171593,-0.37833124,-0.35931146,,4H EMA 空头排列；4H MACD 尚未确认多头；4H RSI 偏弱
479,MRVL,Marvell Technology,Information Technology,Early,Nasdaq Liquid 500,481,0,21.61,19.65,13.8,58.8,29.87,29.3,16.86,15.0,bearish_transition,25.0,bearish_proxy,0.0,40.75,0.0,22,confirmed_bearish_trend,42,mixed_or_bearish,27.03,163.399994,0.87,-0.07444128,-0.22570253,-0.41123484,-0.47099200,,4H EMA 空头排列；4H MACD 尚未确认多头；4H RSI 偏弱
480,MARA,MARA HOLDINGS INC,Information Technology,Early,Nasdaq Liquid 500,482,0,21.07,25.9,28.4,58.8,29.87,29.3,16.75,15.0,bearish_transition,25.0,bearish_proxy,1.35,37.27,0.0,22,confirmed_bearish_trend,42,mixed_or_bearish,32.86,10.05,0.66,-0.10943731,-0.18886199,-0.28329982,-0.31305537,,4H EMA 空头排列；4H MACD 尚未确认多头；4H RSI 偏弱
481,FLNC,FLUENCE ENERGY INC CLASS A,Industrials,Early,Nasdaq Liquid 500,485,0,20.91,19.65,13.8,58.8,29.87,29.3,16.3,15.0,bearish_transition,25.0,bearish_proxy,0.0,37.0,0.0,22,confirmed_bearish_trend,42,mixed_or_bearish,26.9,11.89,0.94,-0.06045041,-0.18784153,-0.37911227,-0.50806785,,4H EMA 空头排列；4H MACD 尚未确认多头；4H RSI 偏弱
482,OUST,OUSTER INC,Information Technology,Early,Nasdaq Liquid 500,487,0,20.91,25.9,13.8,58.8,29.87,29.3,16.3,15.0,bearish_transition,25.0,bearish_proxy,0.0,37.0,0.0,22,confirmed_bearish_trend,42,mixed_or_bearish,33.87,31.299999,0.89,-0.06345194,-0.19454457,-0.42133483,-0.30690879,,4H EMA 空头排列；4H MACD 尚未确认多头；4H RSI 偏弱
483,PENG,PENGUIN SOLUTIONS INC,Information Technology,Early,Nasdaq Liquid 500,488,0,20.91,19.65,13.8,58.8,29.87,29.3,16.3,15.0,bearish_transition,25.0,bearish_proxy,0.0,37.0,0.0,22,confirmed_bearish_trend,42,mixed_or_bearish,29.46,43.700001,0.96,-0.06951983,-0.26145002,-0.35725839,-0.31665363,,4H EMA 空头排列；4H MACD 尚未确认多头；4H RSI 偏弱
484,POET,POET Technologies Inc. - Common Shares,,Early,Nasdaq Liquid 500,492,0,20.72,19.65,13.8,58.8,29.87,29.3,16.15,15.0,bearish_transition,25.0,bearish_proxy,0.0,36.0,0.0,22,confirmed_bearish_trend,42,mixed_or_bearish,30.48,6.37,0.76,-0.04783259,-0.16840731,-0.35264228,-0.54205607,,4H EMA 空头排列；4H MACD 尚未确认多头；4H RSI 偏弱
485,AXTI,AXT INC,Information Technology,Early,Nasdaq Liquid 500,500,0,19.96,19.65,13.8,58.8,29.87,29.3,15.05,15.0,bearish_transition,20.0,fresh_bearish_cross_proxy,0.0,37.0,0.0,22,confirmed_bearish_trend,42,mixed_or_bearish,29.11,36.970001,0.95,-0.12827161,-0.30179414,-0.48243034,-0.66606448,,4H EMA 空头排列；4H MACD 尚未确认多头；4H RSI 偏弱
486,LGN,LEGENCE CORP CLASS A,Industrials,Early,Nasdaq Liquid 500,447,0,21.39,19.65,13.8,58.8,29.64,29.05,17.54,18.0,bearish_transition,26.35,bearish_proxy,0.0,37.0,0.0,22,confirmed_bearish_trend,42,mixed_or_bearish,22.76,53.080002,2.69,-0.13097577,-0.27077894,-0.34135743,-0.38847926,,4H EMA 空头排列；4H MACD 尚未确认多头；4H RSI 偏弱
487,CORZ,CORE SCIENTIFIC INC,Information Technology,Early,Nasdaq Liquid 500,469,0,21.15,19.65,27.6,58.8,29.64,29.05,17.23,18.0,bearish_transition,25.0,bearish_proxy,0.1,37.02,0.0,22,confirmed_bearish_trend,42,mixed_or_bearish,29.74,18.120001,2.85,-0.10980098,-0.23285350,-0.30173409,-0.35835691,,4H EMA 空头排列；4H MACD 尚未确认多头；4H RSI 偏弱
488,OPEN,OPENDOOR TECHNOLOGIES INC CLASS A,Real Estate,Early,Nasdaq Liquid 500,415,0,23.01,19.65,39.8,58.8,29.15,28.5,21.85,15.0,bearish_transition,25.0,bearish_proxy,16.14,41.73,0.0,22,confirmed_bearish_trend,42,mixed_or_bearish,29.56,3.67,0.39,-0.05290323,-0.16018307,-0.20390456,-0.20304017,,4H EMA 空头排列；4H MACD 尚未确认多头；4H RSI 偏弱
489,MXL,MAXLINEAR INC,Information Technology,Early,Nasdaq Liquid 500,486,0,20.91,19.65,13.8,58.8,29.15,28.5,16.3,15.0,bearish_transition,25.0,bearish_proxy,0.0,37.0,0.0,22,confirmed_bearish_trend,42,mixed_or_bearish,31.32,57.25,0.46,-0.03195805,-0.33975319,-0.47210695,-0.35500227,,4H EMA 空头排列；4H MACD 尚未确认多头；4H RSI 偏弱
490,QCOM,Qualcomm,Information Technology,Early,Nasdaq Liquid 500,380,0,24.75,16.05,48.0,58.8,26.9,26.0,26.31,18.0,bearish_transition,25.0,bearish_proxy,25.9,45.93,0.0,22,confirmed_bearish_trend,28,fresh_bearish_cross,26.53,155.679993,1.52,-0.05338692,-0.11359114,-0.17498678,-0.29489561,,4H EMA 空头排列；4H MACD 最近死叉；4H RSI 偏弱
491,ON,ON Semiconductor,Information Technology,Early,Nasdaq Liquid 500,385,0,23.9,16.05,49.2,58.8,26.9,26.0,25.35,18.0,bearish_transition,20.0,fresh_bearish_cross_proxy,26.79,46.11,0.0,22,confirmed_bearish_trend,28,fresh_bearish_cross,31.4,78.860001,1.54,-0.07473896,-0.14598219,-0.11003273,-0.37358010,,4H EMA 空头排列；4H MACD 最近死叉；4H RSI 偏弱
492,EOSE,EOS ENERGY ENTERPRISES INC CLASS A,Industrials,Early,Nasdaq Liquid 500,444,0,21.39,16.05,13.8,58.8,26.9,26.0,17.54,18.0,bearish_transition,26.35,bearish_proxy,0.0,37.0,0.0,22,confirmed_bearish_trend,28,fresh_bearish_cross,25.07,3.14,1.12,-0.09117221,-0.21204517,-0.48482363,-0.50706436,,4H EMA 空头排列；4H MACD 最近死叉；4H RSI 偏弱
493,USAR,USA RARE EARTH INC CLASS A,Materials,Early,Nasdaq Liquid 500,450,0,21.39,16.05,13.8,58.8,26.9,26.0,17.54,18.0,bearish_transition,26.35,bearish_proxy,0.0,37.0,0.0,22,confirmed_bearish_trend,28,fresh_bearish_cross,27.12,13.07,1.26,-0.06542724,-0.17356940,-0.37880231,-0.43223284,,4H EMA 空头排列；4H MACD 最近死叉；4H RSI 偏弱
494,BTDR,BITDEER TECHNOLOGIES GROUP CLASS A,Information Technology,Early,Nasdaq Liquid 500,470,0,21.14,16.05,13.8,58.8,26.9,26.0,17.2,18.0,bearish_transition,25.0,bearish_proxy,0.0,37.0,0.0,22,confirmed_bearish_trend,28,fresh_bearish_cross,24.99,8.9,2.4,-0.14464200,-0.27228128,-0.43883985,-0.51445717,,4H EMA 空头排列；4H MACD 最近死叉；4H RSI 偏弱
495,APLD,Applied Digital Corporation - Common Stock,,Early,Nasdaq Liquid 500,497,0,20.26,16.05,13.8,58.8,26.9,26.0,16.14,18.0,bearish_transition,21.35,fresh_bearish_cross_proxy,0.0,36.0,0.0,22,confirmed_bearish_trend,28,fresh_bearish_cross,27.13,23.219999,1.31,-0.11677451,-0.22780183,-0.38555178,-0.50053779,,4H EMA 空头排列；4H MACD 最近死叉；4H RSI 偏弱
496,SOUN,SOUNDHOUND AI INC CLASS A,Information Technology,Early,Nasdaq Liquid 500,375,0,23.8,16.05,57.6,58.8,26.09,25.1,26.55,18.0,bearish_transition,20.0,fresh_bearish_cross_proxy,32.11,43.42,0.0,22,confirmed_bearish_trend,28,fresh_bearish_cross,31.28,5.7,0.78,-0.09667195,-0.11764706,-0.11007026,-0.22184300,,4H EMA 空头排列；4H MACD 最近死叉；4H RSI 偏弱
497,NVTS,NAVITAS SEMICONDUCTOR CORP,Information Technology,Early,Nasdaq Liquid 500,393,0,26.81,16.05,13.8,58.8,26.09,25.1,24.3,18.0,bearish_transition,51.15,bullish_below_zero_proxy,0.0,40.75,0.0,22,confirmed_bearish_trend,28,fresh_bearish_cross,28.94,9.735,0.98,-0.03374690,-0.23104265,-0.45124014,-0.58958683,,4H EMA 空头排列；4H MACD 最近死叉；4H RSI 偏弱
498,LUNR,INTUITIVE MACHINES INC CLASS A,Industrials,Early,Nasdaq Liquid 500,407,0,25.62,16.05,13.8,58.8,26.09,25.1,22.5,15.0,bearish_transition,49.8,bullish_below_zero_proxy,0.0,37.0,0.0,22,confirmed_bearish_trend,28,fresh_bearish_cross,22.67,11.39,0.81,-0.09170654,-0.19219858,-0.45684308,-0.55758401,,4H EMA 空头排列；4H MACD 最近死叉；4H RSI 偏弱
499,RGTI,RIGETTI COMPUTING INC,Information Technology,Early,Nasdaq Liquid 500,408,0,25.62,22.3,13.8,58.8,26.09,25.1,22.5,15.0,bearish_transition,49.8,bullish_below_zero_proxy,0.0,37.0,0.0,22,confirmed_bearish_trend,28,fresh_bearish_cross,33.4,13.22,0.87,-0.10463935,-0.13197636,-0.31960885,-0.41864556,,4H EMA 空头排列；4H MACD 最近死叉；4H RSI 偏弱
500,MRCY,MERCURY SYSTEMS INC,Industrials,Early,Nasdaq Liquid 500,410,0,23.0,22.3,42.4,58.8,26.09,25.1,22.42,15.0,bearish_transition,25.0,bearish_proxy,18.53,40.71,0.0,22,confirmed_bearish_trend,28,fresh_bearish_cross,32.93,90.169998,1.0,-0.09766839,-0.08790211,-0.18198317,-0.22287341,,4H EMA 空头排列；4H MACD 最近死叉；4H RSI 偏弱
