rank,ticker,name,sector,daily_strategy,daily_universe,daily_rank,calibrated_score,daily_setup_score,h4_timing_score,cat_mid_score,risk_score,4h_signal_score,4h_technical_score,early_signal_score,daily_ema_score,daily_ema_state,daily_macd_score,daily_macd_state,cat_score,prism_score,overheat_penalty,ema_score,ema_state,macd_score,macd_state,rsi14,latest_price,volume_ratio,return_3_blocks,return_1w,return_1m,return_60_blocks,reasons,risks
1,BRCB,BLACK ROCK COFFEE BAR CLASS A,Consumer Discretionary,Early,Russell,19,96.6,80.99,98.2,75.47,56.52,81.01,78.9,70.04,82.0,early_transition,88.8,fresh_above_zero_cross_proxy,53.62,47.72,0.0,94,fresh_bullish_cross,88,fresh_above_zero_cross,54.85,8.225,0.1,0.02684145,0.02684145,0.06541451,0.15519663,4H EMA9/26 最近金叉且价格在 EMA50 上方；4H MACD 零轴上方刚金叉；4H MACD 柱体连续扩张；4H RSI 位于健康强势区间,
2,WAFD,WAFD INC,Financials,Early,Russell,22,95.11,75.95,90.4,98.1,56.52,71.41,69.9,69.83,100.0,fresh_bullish_cross,71.8,fresh_below_zero_cross_proxy,49.48,46.9,0.0,94,fresh_bullish_cross,58,bullish_above_signal,59.25,37.720001,0.33,-0.00317122,0.02947604,0.00159323,0.01261748,4H EMA9/26 最近金叉且价格在 EMA50 上方；4H MACD 位于 Signal 上方；4H RSI 位于健康强势区间,
3,FEIM,FREQUENCY ELECTRONICS INC,Information Technology,Early,Russell,5,95.04,79.5,92.8,82.91,56.52,76.69,74.1,75.04,100.0,fresh_bullish_cross,88.8,fresh_above_zero_cross_proxy,52.38,47.48,0.0,94,fresh_bullish_cross,72,fresh_below_zero_cross,59.0,70.945,0.11,0.01350000,0.23008238,0.13949570,0.02997972,4H EMA9/26 最近金叉且价格在 EMA50 上方；4H MACD 刚金叉但仍需零轴确认；4H MACD 柱体连续扩张；4H RSI 位于健康强势区间,
4,TNC,TENNANT,Industrials,Early,Russell,141,93.62,71.82,90.4,97.79,56.52,70.07,72.3,64.49,100.0,fresh_bullish_cross,49.8,bullish_below_zero_proxy,49.97,46.99,0.0,94,fresh_bullish_cross,66,bullish_above_signal,56.54,88.067497,0.15,0.00419042,0.04098699,0.01530435,-0.00443706,4H EMA9/26 最近金叉且价格在 EMA50 上方；4H MACD 位于 Signal 上方；4H MACD 柱体连续扩张；4H RSI 位于健康强势区间,
5,FLYW,FLYWIRE,Financials,Early,Russell,6,93.19,79.43,82.4,98.51,56.52,68.23,64.7,74.42,100.0,fresh_bullish_cross,90.15,fresh_above_zero_cross_proxy,49.5,46.9,0.0,82,fresh_bullish_cross,66,bullish_above_signal,68.63,18.4,0.33,0.06883532,0.11211846,-0.00862064,0.17797695,4H EMA9/26 最近金叉且价格在 EMA50 上方；4H MACD 位于 Signal 上方；4H MACD 柱体连续扩张,4H 相对 EMA26 超过 2 ATR，短线偏追高；4H RSI 偏热
6,SDGR,SCHRODINGER INC,Health Care,Early,Russell,26,92.69,76.08,90.4,81.68,56.52,74.29,73.1,69.42,100.0,fresh_bullish_cross,73.15,fresh_below_zero_cross_proxy,46.76,47.35,0.0,94,fresh_bullish_cross,66,bullish_above_signal,66.57,16.23,0.64,0.03971813,0.07270324,-0.01576713,0.07912234,4H EMA9/26 最近金叉且价格在 EMA50 上方；4H MACD 位于 Signal 上方；4H MACD 柱体连续扩张；4H RSI 位于健康强势区间,
7,STOK,STOKE THERAPEUTICS,Health Care,Early,Russell,127,92.41,72.03,87.7,96.46,56.52,66.02,67.8,64.7,100.0,fresh_bullish_cross,49.8,bullish_below_zero_proxy,50.16,48.03,0.0,76,early_transition,78,bullish_above_signal,64.91,31.809999,0.13,0.02978310,0.07903660,-0.03606064,0.02348774,4H EMA9 已站上 EMA26，等待 26/50 确认；4H MACD 位于 Signal 上方；4H MACD 柱体连续扩张；4H RSI 位于健康强势区间,
8,ESP,ESPEY MANUFACTURING AND ELECTRONIC,Industrials,Early,Russell,151,92.29,71.74,87.7,96.31,56.52,63.86,65.4,64.26,100.0,fresh_bullish_cross,49.8,bullish_below_zero_proxy,49.27,46.85,0.0,76,early_transition,70,bullish_above_signal,57.85,61.419998,0.3,0.00163076,0.07471559,0.02128366,-0.07178480,4H EMA9 已站上 EMA26，等待 26/50 确认；4H MACD 位于 Signal 上方；4H RSI 位于健康强势区间,
9,WD,WALKER & DUNLOP INC,Financials,Early,Russell,495,92.25,73.03,87.7,93.07,56.52,62.36,65.4,58.68,82.0,early_transition,49.8,bullish_below_zero_proxy,48.73,46.75,0.0,76,early_transition,70,bullish_above_signal,58.1,51.700001,0.19,-0.01147224,0.02589545,0.00897734,0.01104924,4H EMA9 已站上 EMA26，等待 26/50 确认；4H MACD 位于 Signal 上方；4H RSI 位于健康强势区间,
10,HOG,HARLEY DAVIDSON,Consumer Discretionary,Early,Russell,518,92.17,67.07,90.4,99.23,56.52,68.57,72.3,58.19,100.0,fresh_bullish_cross,25.0,bearish_proxy,49.66,46.93,0.0,94,fresh_bullish_cross,66,bullish_above_signal,56.11,26.375,0.11,-0.01732489,0.06222312,0.01794674,0.03027344,4H EMA9/26 最近金叉且价格在 EMA50 上方；4H MACD 位于 Signal 上方；4H MACD 柱体连续扩张；4H RSI 位于健康强势区间,
11,SLVM,SYLVAMO CORP,Materials,Early,Russell,167,91.69,71.67,87.7,92.46,56.52,63.86,65.4,64.05,100.0,fresh_bullish_cross,49.8,bullish_below_zero_proxy,48.64,46.73,0.0,76,early_transition,70,bullish_above_signal,57.13,39.195,0.16,-0.00564470,0.02443811,0.01200620,0.02070307,4H EMA9 已站上 EMA26，等待 26/50 确认；4H MACD 位于 Signal 上方；4H RSI 位于健康强势区间,
12,MEI,METHODE ELECTRONICS,Information Technology,Early,Russell,528,90.92,66.93,90.4,91.23,56.52,64.43,67.7,57.76,100.0,fresh_bullish_cross,25.0,bearish_proxy,48.37,46.67,0.0,82,fresh_bullish_cross,66,bullish_above_signal,66.25,17.26,0.63,0.17655078,0.33694810,0.10006373,0.28805970,4H EMA9/26 最近金叉且价格在 EMA50 上方；4H MACD 位于 Signal 上方；4H MACD 柱体连续扩张；4H RSI 位于健康强势区间,4H 相对 EMA26 超过 2 ATR，短线偏追高
13,SHOE,SHOE STATION GROUP INC,Consumer Discretionary,Early,Russell,114,90.76,72.05,87.7,85.38,56.52,63.86,65.4,65.17,100.0,fresh_bullish_cross,49.8,bullish_below_zero_proxy,52.04,47.41,0.0,76,early_transition,70,bullish_above_signal,56.17,15.575,0.14,0.00386723,-0.00288092,0.03145695,0.02265266,4H EMA9 已站上 EMA26，等待 26/50 确认；4H MACD 位于 Signal 上方；4H RSI 位于健康强势区间,
14,XPER,XPERI INC,Information Technology,Early,Russell,178,90.67,71.54,87.7,85.99,56.52,63.86,65.4,63.67,100.0,fresh_bullish_cross,49.8,bullish_below_zero_proxy,47.49,46.5,0.0,76,early_transition,70,bullish_above_signal,57.25,7.86,0.25,-0.01565435,0.03693931,-0.00380228,-0.02238806,4H EMA9 已站上 EMA26，等待 26/50 确认；4H MACD 位于 Signal 上方；4H RSI 位于健康强势区间,
15,AIRO,AIRO GROUP HOLDINGS INC,Industrials,Early,Russell,113,90.5,72.08,87.7,83.58,56.52,61.16,62.4,65.24,100.0,fresh_bullish_cross,49.8,bullish_below_zero_proxy,52.26,47.45,0.0,64,early_transition,78,bullish_above_signal,65.18,7.65,0.4,0.03169252,0.22497998,0.11272727,0.02960969,4H EMA9 已站上 EMA26，等待 26/50 确认；4H MACD 位于 Signal 上方；4H MACD 柱体连续扩张；4H RSI 位于健康强势区间,4H 相对 EMA26 超过 2 ATR，短线偏追高
16,TIC,TIC SOLUTIONS INC,Industrials,Early,Russell,111,90.4,72.09,87.7,82.91,56.52,59.0,60.0,65.28,100.0,fresh_bullish_cross,49.8,bullish_below_zero_proxy,52.38,47.48,0.0,64,early_transition,70,bullish_above_signal,65.39,8.08,0.1,0.00185989,0.12066574,0.02343255,-0.01041029,4H EMA9 已站上 EMA26，等待 26/50 确认；4H MACD 位于 Signal 上方；4H RSI 位于健康强势区间,4H 相对 EMA26 超过 2 ATR，短线偏追高
17,ISBA,ISABELLA BANK CORP,Financials,Early,Russell,97,89.85,72.18,87.7,79.07,56.52,65.86,65.4,65.54,100.0,fresh_bullish_cross,49.8,bullish_below_zero_proxy,53.15,47.63,0.0,76,early_transition,70,bullish_above_signal,56.56,40.689999,0.18,-0.00318474,0.00817636,-0.00134986,0.01750430,4H EMA9 已站上 EMA26，等待 26/50 确认；4H MACD 位于 Signal 上方；4H RSI 位于健康强势区间,
18,NUAI,NEW ERA ENERGY AND DIGITAL INC,Energy,Early,Russell,94,89.4,72.23,87.7,75.94,56.52,65.86,65.4,65.68,100.0,fresh_bullish_cross,49.8,bullish_below_zero_proxy,53.58,47.72,0.0,76,early_transition,70,bullish_above_signal,55.21,5.145,0.12,0.00684932,0.26568266,0.18140069,-0.16477273,4H EMA9 已站上 EMA26，等待 26/50 确认；4H MACD 位于 Signal 上方；4H RSI 位于健康强势区间,
19,RYTM,RHYTHM PHARMACEUTICALS,Health Care,Early,Russell,532,89.27,67.38,92.8,72.76,56.52,70.19,74.1,57.39,100.0,fresh_bullish_cross,25.0,bearish_proxy,45.31,50.31,0.0,94,fresh_bullish_cross,72,fresh_below_zero_cross,60.16,109.769997,0.23,0.04438413,0.03022050,-0.04030425,0.03274058,4H EMA9/26 最近金叉且价格在 EMA50 上方；4H MACD 刚金叉但仍需零轴确认；4H MACD 柱体连续扩张；4H RSI 位于健康强势区间,
20,DXPE,DXP ENTERPRISES,Industrials,Early,Russell,1,87.68,80.48,90.4,38.02,56.52,75.07,72.3,77.89,100.0,fresh_bullish_cross,88.8,fresh_above_zero_cross_proxy,61.03,49.21,0.0,94,fresh_bullish_cross,66,bullish_above_signal,59.14,171.242493,0.2,0.00018974,0.15641876,0.10315337,0.03557385,4H EMA9/26 最近金叉且价格在 EMA50 上方；4H MACD 位于 Signal 上方；4H MACD 柱体连续扩张；4H RSI 位于健康强势区间,
21,VSEC,VSE CORP,Industrials,Early,Russell,247,87.63,71.12,87.7,66.7,56.52,60.62,61.8,62.43,100.0,fresh_bullish_cross,49.8,bullish_below_zero_proxy,43.72,45.74,0.0,76,early_transition,58,bullish_above_signal,62.97,213.830002,0.3,-0.00272831,0.15596284,-0.03274983,0.00168642,4H EMA9 已站上 EMA26，等待 26/50 确认；4H MACD 位于 Signal 上方；4H RSI 位于健康强势区间,
22,LCII,LCI INDUSTRIES,Consumer Discretionary,Early,Russell,36,87.46,80.5,82.9,96.46,56.52,81.94,81.6,68.61,82.0,early_transition,88.8,fresh_above_zero_cross_proxy,49.28,46.86,0.0,100,confirmed_bullish_trend,88,fresh_above_zero_cross,59.26,107.849998,0.22,0.01611079,0.01087258,0.01985814,0.17012043,4H EMA 多头排列已连续维持；4H MACD 零轴上方刚金叉；4H MACD 柱体连续扩张；4H RSI 位于健康强势区间,
23,DNA,GINKGO BIOWORKS HOLDINGS CLASS A,Health Care,Early,Russell,177,87.2,71.7,79.7,83.84,56.52,57.02,57.8,63.72,100.0,fresh_bullish_cross,49.8,bullish_below_zero_proxy,47.2,47.44,0.0,64,early_transition,70,bullish_above_signal,69.06,9.27,0.24,0.00000000,0.21813403,-0.00643087,0.04745763,4H EMA9 已站上 EMA26，等待 26/50 确认；4H MACD 位于 Signal 上方,4H 相对 EMA26 超过 2 ATR，短线偏追高；4H RSI 偏热
24,PNRG,PRIMEENERGY RESOURCES CORP,Energy,Early,Russell,67,86.82,72.6,87.7,57.88,56.52,65.86,65.4,66.78,100.0,fresh_bullish_cross,49.8,bullish_below_zero_proxy,56.9,48.38,0.0,76,early_transition,70,bullish_above_signal,54.83,187.514999,0.25,-0.00037321,0.01783099,0.04663426,0.09296766,4H EMA9 已站上 EMA26，等待 26/50 确认；4H MACD 位于 Signal 上方；4H RSI 位于健康强势区间,
25,ROOT,ROOT INC CLASS A,Financials,Early,Russell,578,86.59,66.34,90.4,63.72,56.52,68.57,72.3,56.03,100.0,fresh_bullish_cross,25.0,bearish_proxy,43.12,45.62,0.0,94,fresh_bullish_cross,66,bullish_above_signal,56.45,60.73,0.35,0.02307950,0.07145378,-0.04422413,0.16586677,4H EMA9/26 最近金叉且价格在 EMA50 上方；4H MACD 位于 Signal 上方；4H MACD 柱体连续扩张；4H RSI 位于健康强势区间,
26,PAL,PROFICIENT AUTO LOGISTICS INC,Industrials,Early,Russell,307,86.33,68.65,92.8,50.18,56.52,70.19,74.1,61.52,100.0,fresh_bullish_cross,25.0,bearish_proxy,58.29,51.91,0.0,94,fresh_bullish_cross,72,fresh_below_zero_cross,53.4,7.06,0.05,0.00498221,0.04437870,0.11006289,-0.03945578,4H EMA9/26 最近金叉且价格在 EMA50 上方；4H MACD 刚金叉但仍需零轴确认；4H MACD 柱体连续扩张；4H RSI 位于健康强势区间,
27,ATRO,ASTRONICS,Industrials,Early,Russell,63,86.33,72.68,87.7,54.39,56.52,63.16,62.4,67.02,100.0,fresh_bullish_cross,49.8,bullish_below_zero_proxy,57.63,48.53,0.0,64,early_transition,78,bullish_above_signal,67.2,76.639999,0.17,0.01174916,0.17654283,0.09251599,-0.07316487,4H EMA9 已站上 EMA26，等待 26/50 确认；4H MACD 位于 Signal 上方；4H MACD 柱体连续扩张；4H RSI 位于健康强势区间,4H 相对 EMA26 超过 2 ATR，短线偏追高
28,CTGO,CONTANGO SILVER AND GOLD INC,Materials,Early,Russell,57,85.69,72.76,87.7,49.92,56.52,63.16,62.4,67.24,100.0,fresh_bullish_cross,49.8,bullish_below_zero_proxy,58.31,48.66,0.0,64,early_transition,78,bullish_above_signal,67.35,18.1101,0.35,0.07542162,0.16990310,0.08900187,0.16239409,4H EMA9 已站上 EMA26，等待 26/50 确认；4H MACD 位于 Signal 上方；4H MACD 柱体连续扩张；4H RSI 位于健康强势区间,4H 相对 EMA26 超过 2 ATR，短线偏追高
29,HNGE,HINGE HEALTH CLASS A,Health Care,Early,Russell,587,85.45,66.3,90.4,56.23,56.52,69.29,73.1,55.53,100.0,fresh_bullish_cross,25.0,bearish_proxy,41.15,46.23,0.0,94,fresh_bullish_cross,66,bullish_above_signal,56.27,82.555,0.56,0.02387453,0.11455380,-0.07548013,0.17315612,4H EMA9/26 最近金叉且价格在 EMA50 上方；4H MACD 位于 Signal 上方；4H MACD 柱体连续扩张；4H RSI 位于健康强势区间,
30,NMRK,NEWMARK GROUP INC CLASS A,Real Estate,Early,Russell,71,85.3,66.81,92.8,87.63,56.52,73.69,74.1,66.65,72.0,confirmed_bullish_trend,88.8,fresh_above_zero_cross_proxy,51.74,48.85,0.0,94,fresh_bullish_cross,72,fresh_below_zero_cross,54.96,15.685,0.13,0.01193548,0.05268456,0.00223642,0.04357951,4H EMA9/26 最近金叉且价格在 EMA50 上方；4H MACD 刚金叉但仍需零轴确认；4H MACD 柱体连续扩张；4H RSI 位于健康强势区间,
31,CVRX,CVRX,Health Care,Early,Russell,333,85.16,70.84,87.7,50.9,56.52,62.36,65.4,61.22,100.0,fresh_bullish_cross,49.8,bullish_below_zero_proxy,39.59,45.92,0.0,76,early_transition,70,bullish_above_signal,58.55,5.45,0.06,-0.01446655,0.09879032,-0.05134900,0.05825243,4H EMA9 已站上 EMA26，等待 26/50 确认；4H MACD 位于 Signal 上方；4H RSI 位于健康强势区间,
32,ASO,ACADEMY SPORTS AND OUTDOORS,Consumer Discretionary,Early,Russell,385,85.0,73.65,76.9,72.09,56.52,54.8,57.0,60.48,82.0,early_transition,49.8,bullish_below_zero_proxy,54.19,47.84,0.0,76,early_transition,42,mixed_or_bearish,49.53,48.310001,0.09,-0.00983808,-0.01588916,0.06386261,-0.02718484,4H EMA9 已站上 EMA26，等待 26/50 确认；4H RSI 位于健康强势区间,4H MACD 尚未确认多头
33,RDNW,RIDENOW GROUP INC CLASS B,Consumer Discretionary,Early,Russell,226,84.39,74.44,87.7,37.35,56.52,63.86,65.4,62.81,82.0,early_transition,49.8,bullish_below_zero_proxy,61.25,49.25,0.0,76,early_transition,70,bullish_above_signal,56.95,6.73,0.14,-0.01464129,0.01355422,0.12730318,0.04341085,4H EMA9 已站上 EMA26，等待 26/50 确认；4H MACD 位于 Signal 上方；4H RSI 位于健康强势区间,
34,DNLI,DENALI THERAPEUTICS,Health Care,Early,Russell,631,83.85,65.91,90.4,46.49,56.52,68.57,72.3,54.36,100.0,fresh_bullish_cross,25.0,bearish_proxy,37.59,45.52,0.0,94,fresh_bullish_cross,66,bullish_above_signal,55.85,24.33,0.2,0.00891561,0.02055369,-0.07525652,-0.01855591,4H EMA9/26 最近金叉且价格在 EMA50 上方；4H MACD 位于 Signal 上方；4H MACD 柱体连续扩张；4H RSI 位于健康强势区间,
35,BVFL,BV FINANCIAL INC,Financials,Early,Russell,73,83.83,66.58,90.4,84.76,56.52,72.07,72.3,66.56,72.0,confirmed_bullish_trend,88.8,fresh_above_zero_cross_proxy,52.16,47.43,0.0,94,fresh_bullish_cross,66,bullish_above_signal,57.33,21.540001,0.17,0.01364711,0.02376426,0.00560229,0.07164184,4H EMA9/26 最近金叉且价格在 EMA50 上方；4H MACD 位于 Signal 上方；4H MACD 柱体连续扩张；4H RSI 位于健康强势区间,
36,OUST,OUSTER,Information Technology,Early,Russell,428,83.78,70.25,87.7,43.1,56.52,57.5,60.0,59.88,100.0,fresh_bullish_cross,49.8,bullish_below_zero_proxy,36.01,44.2,0.0,64,early_transition,70,bullish_above_signal,63.37,45.869999,0.15,-0.03268661,0.46689646,0.04108030,0.01594678,4H EMA9 已站上 EMA26，等待 26/50 确认；4H MACD 位于 Signal 上方；4H RSI 位于健康强势区间,4H 相对 EMA26 超过 2 ATR，短线偏追高
37,CGON,CG ONCOLOGY,Health Care,Early,Russell,827,83.47,54.56,98.2,89.64,56.52,74.51,78.9,50.51,72.0,confirmed_bullish_trend,25.0,bearish_proxy,51.4,48.28,0.0,94,fresh_bullish_cross,88,fresh_above_zero_cross,52.7,71.925003,0.12,0.01869556,0.04058160,0.04118415,0.09350058,4H EMA9/26 最近金叉且价格在 EMA50 上方；4H MACD 零轴上方刚金叉；4H MACD 柱体连续扩张；4H RSI 位于健康强势区间,
38,MTX,MINERALS TECHNOLOGIES,Materials,Early,Russell,180,83.43,74.72,87.7,30.27,56.52,66.02,67.8,63.64,82.0,early_transition,49.8,bullish_below_zero_proxy,63.77,49.75,0.0,76,early_transition,78,bullish_above_signal,57.42,77.110001,0.2,0.03198608,0.04570115,0.05500076,0.00784210,4H EMA9 已站上 EMA26，等待 26/50 确认；4H MACD 位于 Signal 上方；4H MACD 柱体连续扩张；4H RSI 位于健康强势区间,
39,FIGS,FIGS CLASS A,Consumer Discretionary,Early,Russell,34,83.39,73.25,87.7,33.45,56.52,67.36,65.4,68.67,100.0,fresh_bullish_cross,49.8,bullish_below_zero_proxy,62.65,49.53,0.0,76,early_transition,70,bullish_above_signal,56.79,10.805,0.14,-0.01906491,0.02320076,0.09141414,-0.01950998,4H EMA9 已站上 EMA26，等待 26/50 确认；4H MACD 位于 Signal 上方；4H RSI 位于健康强势区间,
40,MHO,M I HOMES INC,Consumer Discretionary,Early,Russell,834,83.32,54.38,98.2,89.02,56.52,74.51,78.9,50.38,72.0,confirmed_bullish_trend,25.0,bearish_proxy,51.47,47.29,0.0,94,fresh_bullish_cross,88,fresh_above_zero_cross,55.9,152.119995,0.42,0.01251325,-0.01565936,0.01224379,0.02318169,4H EMA9/26 最近金叉且价格在 EMA50 上方；4H MACD 零轴上方刚金叉；4H MACD 柱体连续扩张；4H RSI 位于健康强势区间,
41,MUX,MCEWEN INC,Materials,Early,Russell,65,83.2,72.67,79.7,54.9,56.52,61.18,60.2,66.99,100.0,fresh_bullish_cross,49.8,bullish_below_zero_proxy,57.55,48.51,0.0,64,early_transition,78,bullish_above_signal,70.55,19.719999,0.28,0.04949430,0.17872080,0.08590303,0.08890104,4H EMA9 已站上 EMA26，等待 26/50 确认；4H MACD 位于 Signal 上方；4H MACD 柱体连续扩张,4H 相对 EMA26 超过 2 ATR，短线偏追高；4H RSI 偏热
42,ONDS,ONDAS INC,Information Technology,Early,Russell,117,83.13,75.11,87.7,27.4,56.52,64.58,66.2,65.02,85.0,early_transition,49.8,bullish_below_zero_proxy,65.22,50.04,0.0,76,early_transition,70,bullish_above_signal,64.61,8.895,0.6,0.00168919,0.30329670,0.21020408,0.04279015,4H EMA9 已站上 EMA26，等待 26/50 确认；4H MACD 位于 Signal 上方；4H RSI 位于健康强势区间,
43,CMCL,CALEDONIA MINING PLC,Materials,Early,Russell,60,82.74,72.72,79.7,51.67,56.52,61.18,60.2,67.14,100.0,fresh_bullish_cross,49.8,bullish_below_zero_proxy,58.01,48.6,0.0,64,early_transition,78,bullish_above_signal,72.54,20.6,0.35,0.05912591,0.13124663,0.08764514,0.02030703,4H EMA9 已站上 EMA26，等待 26/50 确认；4H MACD 位于 Signal 上方；4H MACD 柱体连续扩张,4H 相对 EMA26 超过 2 ATR，短线偏追高；4H RSI 偏热
44,PLAB,PHOTRONICS,Information Technology,Early,Russell,21,82.23,73.66,87.7,24.78,56.52,67.36,65.4,69.87,100.0,fresh_bullish_cross,49.8,bullish_below_zero_proxy,66.28,50.26,0.0,76,early_transition,70,bullish_above_signal,60.64,32.09,0.16,-0.01382916,0.14976711,0.16436869,0.01743814,4H EMA9 已站上 EMA26，等待 26/50 确认；4H MACD 位于 Signal 上方；4H RSI 位于健康强势区间,
45,MCY,MERCURY GENERAL,Financials,Early,Russell,923,82.08,53.86,98.2,81.99,56.52,72.35,76.5,48.86,72.0,confirmed_bullish_trend,25.0,bearish_proxy,46.84,46.37,0.0,94,fresh_bullish_cross,80,fresh_above_zero_cross,51.48,107.684998,0.22,0.00677823,-0.00613752,-0.02802602,0.01312444,4H EMA9/26 最近金叉且价格在 EMA50 上方；4H MACD 零轴上方刚金叉；4H RSI 位于健康强势区间,
46,GOLD,GOLD INC,Consumer Discretionary,Early,Russell,473,82.02,73.17,75.1,98.15,56.52,72.08,76.2,59.08,82.0,early_transition,49.8,bullish_below_zero_proxy,49.95,46.99,0.0,100,confirmed_bullish_trend,70,bullish_above_signal,63.8,43.689999,0.14,0.00114574,0.08762761,0.00714610,0.03164111,4H EMA 多头排列已连续维持；4H MACD 位于 Signal 上方；4H RSI 位于健康强势区间,
47,BELFB,BEL FUSE CLASS B,Information Technology,Early,Russell,18,81.99,73.74,87.7,22.99,56.52,71.02,67.8,70.11,100.0,fresh_bullish_cross,49.8,bullish_below_zero_proxy,67.0,50.4,0.0,76,early_transition,78,bullish_above_signal,62.11,301.029999,0.23,0.01623792,0.23855172,0.19812935,0.04382948,4H EMA9 已站上 EMA26，等待 26/50 确认；4H MACD 位于 Signal 上方；4H MACD 柱体连续扩张；4H RSI 位于健康强势区间,
48,WLTH,WEALTHFRONT,Financials,Early,Russell,487,81.77,73.1,75.1,96.66,56.52,72.08,76.2,58.87,82.0,early_transition,49.8,bullish_below_zero_proxy,49.31,46.86,0.0,100,confirmed_bullish_trend,70,bullish_above_signal,61.94,9.73,0.29,-0.00358423,0.05474255,0.02691293,0.18441875,4H EMA 多头排列已连续维持；4H MACD 位于 Signal 上方；4H RSI 位于健康强势区间,
49,OTTR,OTTER TAIL,Utilities,Early,Russell,778,81.64,54.79,98.2,76.91,56.52,72.35,76.5,51.19,72.0,confirmed_bullish_trend,25.0,bearish_proxy,53.44,48.69,0.0,94,fresh_bullish_cross,80,fresh_above_zero_cross,53.59,92.209999,0.24,-0.01421854,0.01608814,0.01508150,0.04665154,4H EMA9/26 最近金叉且价格在 EMA50 上方；4H MACD 零轴上方刚金叉；4H RSI 位于健康强势区间,
50,RBB,RBB BANCORP,Financials,Early,Russell,873,81.35,54.14,90.4,97.28,56.52,66.41,69.9,49.7,72.0,confirmed_bullish_trend,25.0,bearish_proxy,49.39,46.88,0.0,94,fresh_bullish_cross,58,bullish_above_signal,52.85,26.780001,0.15,-0.00260704,0.01709081,0.00638858,0.03557618,4H EMA9/26 最近金叉且价格在 EMA50 上方；4H MACD 位于 Signal 上方；4H RSI 位于健康强势区间,
51,ASUR,ASURE SOFTWARE INC,Industrials,Early,Russell,496,81.17,73.03,75.1,92.77,56.52,72.08,76.2,58.67,82.0,early_transition,49.8,bullish_below_zero_proxy,48.68,46.74,0.0,100,confirmed_bullish_trend,70,bullish_above_signal,56.1,8.565,0.15,-0.02114286,0.01420959,0.03317250,0.11233766,4H EMA 多头排列已连续维持；4H MACD 位于 Signal 上方；4H RSI 位于健康强势区间,
52,TENB,TENABLE HOLDINGS,Information Technology,Early,Russell,733,81.12,64.95,90.4,30.53,56.52,68.57,72.3,51.96,100.0,fresh_bullish_cross,25.0,bearish_proxy,30.79,43.16,0.0,94,fresh_bullish_cross,66,bullish_above_signal,60.51,36.555,0.17,0.03262706,0.16047619,-0.09940872,0.34146789,4H EMA9/26 最近金叉且价格在 EMA50 上方；4H MACD 位于 Signal 上方；4H MACD 柱体连续扩张；4H RSI 位于健康强势区间,
53,ERII,ENERGY RECOVERY,Industrials,Early,Russell,451,80.68,73.34,75.1,88.76,56.52,72.08,76.2,59.6,82.0,early_transition,49.8,bullish_below_zero_proxy,51.52,47.3,0.0,100,confirmed_bullish_trend,70,bullish_above_signal,59.15,8.93,0.24,-0.01976927,0.09705160,0.01477273,0.00676437,4H EMA 多头排列已连续维持；4H MACD 位于 Signal 上方；4H RSI 位于健康强势区间,
54,MGTX,MEIRAGTX HOLDINGS PLC,Health Care,Early,Russell,780,80.25,64.81,90.4,25.04,56.52,68.57,72.3,51.14,100.0,fresh_bullish_cross,25.0,bearish_proxy,27.85,43.57,0.0,94,fresh_bullish_cross,66,bullish_above_signal,56.09,12.45,0.14,0.01384365,0.07188980,-0.15075034,0.05597964,4H EMA9/26 最近金叉且价格在 EMA50 上方；4H MACD 位于 Signal 上方；4H MACD 柱体连续扩张；4H RSI 位于健康强势区间,
55,MCBS,METROCITY BANKSHARES INC,Financials,Early,Russell,899,80.23,54.0,90.4,90.1,56.52,66.41,69.9,49.28,72.0,confirmed_bullish_trend,25.0,bearish_proxy,48.12,46.62,0.0,94,fresh_bullish_cross,58,bullish_above_signal,51.05,35.77,0.23,-0.00859207,0.00449309,-0.00278782,0.02787359,4H EMA9/26 最近金叉且价格在 EMA50 上方；4H MACD 位于 Signal 上方；4H RSI 位于健康强势区间,
56,NB,NIOCORP DEVELOPMENTS,Materials,Early,Russell,31,80.05,73.3,79.7,32.43,56.52,60.52,57.8,68.82,100.0,fresh_bullish_cross,49.8,bullish_below_zero_proxy,63.09,49.62,0.0,64,early_transition,70,bullish_above_signal,68.22,5.09,0.15,0.01495513,0.31694696,0.14898420,0.03771662,4H EMA9 已站上 EMA26，等待 26/50 确认；4H MACD 位于 Signal 上方,4H 相对 EMA26 超过 2 ATR，短线偏追高；4H RSI 偏热
57,CNXC,CONCENTRIX,Industrials,Early,Russell,195,79.68,75.85,75.1,76.24,56.52,73.58,76.2,63.27,82.0,early_transition,61.8,bullish_above_signal_proxy,53.55,47.71,0.0,100,confirmed_bullish_trend,70,bullish_above_signal,57.15,25.58,0.21,0.00986972,-0.03726007,0.11996497,0.05008206,4H EMA 多头排列已连续维持；4H MACD 位于 Signal 上方；4H RSI 位于健康强势区间,
58,CWCO,CONSOLIDATED WATER LTD,Utilities,Early,Russell,429,79.59,73.57,73.0,86.56,56.52,57.77,60.3,59.87,82.0,early_transition,49.8,bullish_below_zero_proxy,51.89,48.38,0.0,58,mixed_sideways,80,fresh_above_zero_cross,54.06,29.684999,0.15,-0.00117766,0.00729556,0.03360028,0.00866459,4H MACD 零轴上方刚金叉；4H RSI 位于健康强势区间,4H EMA 仍偏震荡
59,ADMA,ADMA BIOLOGICS,Health Care,Early,Russell,514,79.56,73.01,75.1,82.09,56.52,69.79,73.65,58.22,82.0,early_transition,49.8,bullish_below_zero_proxy,46.89,47.38,0.0,89,confirmed_bullish_trend,78,bullish_above_signal,65.48,9.21,0.35,0.03193277,0.05801264,-0.00021711,0.06044905,4H EMA 多头排列已连续维持；4H MACD 位于 Signal 上方；4H MACD 柱体连续扩张；4H RSI 位于健康强势区间,4H 相对 EMA26 超过 2 ATR，短线偏追高
60,LCUT,LIFETIME BRANDS INC,Consumer Discretionary,Early,Russell,737,79.54,54.88,98.2,62.7,56.52,74.51,78.9,51.85,72.0,confirmed_bullish_trend,25.0,bearish_proxy,55.91,48.18,0.0,94,fresh_bullish_cross,88,fresh_above_zero_cross,51.07,8.57,0.12,0.00468933,0.02389486,0.08070618,0.02267303,4H EMA9/26 最近金叉且价格在 EMA50 上方；4H MACD 零轴上方刚金叉；4H MACD 柱体连续扩张；4H RSI 位于健康强势区间,
61,COLL,COLLEGIUM PHARMACEUTICAL INC,Health Care,Early,Russell,906,79.29,54.55,92.8,76.19,56.52,70.19,74.1,49.19,72.0,confirmed_bullish_trend,25.0,bearish_proxy,45.91,50.43,0.0,94,fresh_bullish_cross,72,fresh_below_zero_cross,51.05,35.759998,0.37,0.00874463,-0.01460466,-0.01866084,0.03382475,4H EMA9/26 最近金叉且价格在 EMA50 上方；4H MACD 刚金叉但仍需零轴确认；4H MACD 柱体连续扩张；4H RSI 位于健康强势区间,
62,MRX,MAREX GROUP LTD,Financials,Early,Russell,969,79.23,53.45,98.2,63.98,56.52,72.08,76.2,47.65,72.0,confirmed_bullish_trend,25.0,bearish_proxy,43.18,45.64,0.0,88,fresh_bullish_cross,88,fresh_above_zero_cross,51.93,64.940002,0.08,0.00736843,0.02850813,-0.03247916,-0.02345862,4H EMA9/26 最近金叉且价格在 EMA50 上方；4H MACD 零轴上方刚金叉；4H MACD 柱体连续扩张；4H RSI 位于健康强势区间,
63,CSV,CARRIAGE SERVICES INC,Consumer Discretionary,Early,Russell,186,79.17,75.92,75.1,72.7,56.52,73.58,76.2,63.47,82.0,early_transition,61.8,bullish_above_signal_proxy,54.14,47.83,0.0,100,confirmed_bullish_trend,70,bullish_above_signal,61.3,40.755001,0.49,0.01424755,-0.00012260,0.04500003,0.03386614,4H EMA 多头排列已连续维持；4H MACD 位于 Signal 上方；4H RSI 位于健康强势区间,
64,OVLY,OAK VALLEY BANCORP,Financials,Early,Russell,615,79.08,58.51,87.7,79.12,56.52,61.14,64.05,54.87,72.0,confirmed_bullish_trend,49.8,bullish_below_zero_proxy,46.28,46.26,0.0,73,early_transition,70,bullish_above_signal,51.14,33.544998,0.04,0.00254032,-0.00754441,0.00224072,-0.01454180,4H EMA9 已站上 EMA26，等待 26/50 确认；4H MACD 位于 Signal 上方；4H RSI 位于健康强势区间,
65,PWP,PERELLA WEINBERG PARTNERS CLASS A,Financials,Early,Russell,400,78.98,73.56,75.1,76.91,56.52,72.08,76.2,60.24,82.0,early_transition,49.8,bullish_below_zero_proxy,53.44,47.69,0.0,100,confirmed_bullish_trend,70,bullish_above_signal,60.62,17.459999,0.15,0.00576025,0.17417613,0.07116565,0.08413530,4H EMA 多头排列已连续维持；4H MACD 位于 Signal 上方；4H RSI 位于健康强势区间,
66,PBH,PRESTIGE CONSUMER HEALTHCARE INC,Health Care,Early,Russell,176,78.88,76.15,75.1,70.24,56.52,75.74,78.6,63.73,82.0,early_transition,61.8,bullish_above_signal_proxy,54.49,48.9,0.0,100,confirmed_bullish_trend,78,bullish_above_signal,62.67,52.82,0.28,0.00437346,0.01207130,0.04822387,0.14801135,4H EMA 多头排列已连续维持；4H MACD 位于 Signal 上方；4H MACD 柱体连续扩张；4H RSI 位于健康强势区间,
67,ASLE,AERSALE CORP,Industrials,Early,Russell,396,78.8,73.58,75.1,75.68,56.52,72.08,76.2,60.29,82.0,early_transition,49.8,bullish_below_zero_proxy,53.61,47.72,0.0,100,confirmed_bullish_trend,70,bullish_above_signal,59.45,6.46,0.13,-0.00154560,0.05040650,0.06337449,0.00232739,4H EMA 多头排列已连续维持；4H MACD 位于 Signal 上方；4H RSI 位于健康强势区间,
68,ARVN,ARVINAS INC,Health Care,Early,Russell,316,78.75,74.02,75.1,74.35,56.52,72.08,76.2,61.42,85.0,early_transition,49.8,bullish_below_zero_proxy,53.84,48.77,0.0,100,confirmed_bullish_trend,70,bullish_above_signal,56.95,8.58,0.28,-0.02721088,0.04506699,0.00000000,0.05211527,4H EMA 多头排列已连续维持；4H MACD 位于 Signal 上方；4H RSI 位于健康强势区间,
69,GLIBK,LIBERTY CAPITAL CORP SERIES C,Communication,Early,Russell,291,78.62,75.19,65.2,97.13,56.52,56.57,57.3,61.73,82.0,early_transition,61.8,bullish_above_signal_proxy,49.34,45.87,0.0,58,mixed_sideways,70,bullish_above_signal,53.95,23.24,0.14,-0.02680063,-0.00385769,0.03197158,0.14539176,4H MACD 位于 Signal 上方；4H RSI 位于健康强势区间,4H EMA 仍偏震荡
70,IE,IVANHOE ELECTRIC,Materials,Early,Russell,12,78.53,73.85,79.7,21.04,56.52,62.02,57.8,70.44,100.0,fresh_bullish_cross,49.8,bullish_below_zero_proxy,68.0,50.6,0.0,64,early_transition,70,bullish_above_signal,70.77,10.615,0.26,0.00330813,0.21453089,0.15317762,0.04943154,4H EMA9 已站上 EMA26，等待 26/50 确认；4H MACD 位于 Signal 上方,4H 相对 EMA26 超过 2 ATR，短线偏追高；4H RSI 偏热
71,MYFW,FIRST WESTERN FINANCIAL INC,Financials,Early,Russell,932,78.49,53.79,90.4,79.01,56.52,68.57,72.3,48.67,72.0,confirmed_bullish_trend,25.0,bearish_proxy,46.27,46.25,0.0,94,fresh_bullish_cross,66,bullish_above_signal,53.98,32.299999,0.2,0.01828499,0.02899013,-0.01793858,0.04260810,4H EMA9/26 最近金叉且价格在 EMA50 上方；4H MACD 位于 Signal 上方；4H MACD 柱体连续扩张；4H RSI 位于健康强势区间,
72,UPWK,UPWORK,Industrials,Early,Russell,116,78.45,76.5,82.9,45.77,56.52,78.44,81.6,65.16,82.0,early_transition,61.8,bullish_above_signal_proxy,59.29,48.86,0.0,100,confirmed_bullish_trend,88,fresh_above_zero_cross,57.75,9.665,0.12,0.03093333,0.01416579,0.08962796,0.17865854,4H EMA 多头排列已连续维持；4H MACD 零轴上方刚金叉；4H MACD 柱体连续扩张；4H RSI 位于健康强势区间,
73,SKY,CHAMPION HOMES INC,Consumer Discretionary,Early,Russell,59,77.72,77.75,82.4,31.61,8.06,68.47,68.3,67.15,100.0,fresh_bullish_cross,87.9,fresh_above_zero_cross_proxy,63.46,49.69,11.32,82,fresh_bullish_cross,78,bullish_above_signal,72.93,92.360001,0.41,0.09965476,0.14990041,0.11371037,0.10320115,4H EMA9/26 最近金叉且价格在 EMA50 上方；4H MACD 位于 Signal 上方；4H MACD 柱体连续扩张,4H 相对 EMA26 超过 2 ATR，短线偏追高；4H RSI 偏热
74,BKE,BUCKLE,Consumer Discretionary,Early,Russell,166,77.71,76.12,75.1,62.49,56.52,73.58,76.2,64.06,82.0,early_transition,61.8,bullish_above_signal_proxy,55.93,48.19,0.0,100,confirmed_bullish_trend,70,bullish_above_signal,62.2,45.705002,0.39,-0.00131098,0.01544110,0.07112735,0.03592482,4H EMA 多头排列已连续维持；4H MACD 位于 Signal 上方；4H RSI 位于健康强势区间,
75,NBN,NORTHEAST BANK,Financials,Early,Russell,62,77.67,73.97,65.2,93.69,56.52,55.33,53.7,67.11,100.0,fresh_bullish_cross,61.8,bullish_above_signal_proxy,48.81,46.76,0.0,58,mixed_sideways,58,bullish_above_signal,58.45,134.350006,0.15,-0.00713148,0.10685458,0.01258677,0.04887197,4H MACD 位于 Signal 上方；4H RSI 位于健康强势区间,4H EMA 仍偏震荡
76,LEU,CENTRUS ENERGY CLASS A,Energy,Early,Russell,165,77.65,76.13,75.1,62.08,56.52,73.58,76.2,64.07,82.0,early_transition,61.8,bullish_above_signal_proxy,55.96,48.19,0.0,100,confirmed_bullish_trend,70,bullish_above_signal,63.04,188.242706,0.13,-0.01070523,0.17754726,0.13769309,0.06058201,4H EMA 多头排列已连续维持；4H MACD 位于 Signal 上方；4H RSI 位于健康强势区间,
77,MBC,MASTERBRAND,Industrials,Early,Russell,142,77.62,71.82,65.2,98.36,56.52,56.57,57.3,64.48,100.0,fresh_bullish_cross,49.8,bullish_below_zero_proxy,49.94,46.99,0.0,58,mixed_sideways,70,bullish_above_signal,57.28,9.195,0.16,-0.03057459,0.08495575,0.01940133,0.09856631,4H MACD 位于 Signal 上方；4H RSI 位于健康强势区间,4H EMA 仍偏震荡
78,GLIBA,LIBERTY CAPITAL CORP SERIES A,Communication,Early,Russell,242,77.44,75.44,65.2,88.66,56.52,56.57,57.3,62.46,82.0,early_transition,61.8,bullish_above_signal_proxy,51.54,46.31,0.0,58,mixed_sideways,70,bullish_above_signal,57.46,24.01,0.11,-0.02239410,0.00334308,0.05353220,0.17696078,4H MACD 位于 Signal 上方；4H RSI 位于健康强势区间,4H EMA 仍偏震荡
79,AP,AMPCO PITTSBURGH CORP,Materials,Early,Russell,8,77.37,74.7,79.7,11.29,56.52,64.18,60.2,72.93,100.0,fresh_bullish_cross,49.8,bullish_below_zero_proxy,75.55,52.11,0.0,64,early_transition,78,bullish_above_signal,70.04,9.68,0.32,0.08764045,0.20698254,0.31254237,-0.05376344,4H EMA9 已站上 EMA26，等待 26/50 确认；4H MACD 位于 Signal 上方；4H MACD 柱体连续扩张,4H 相对 EMA26 超过 2 ATR，短线偏追高；4H RSI 偏热
80,MWA,MUELLER WATER PRODUCTS SERIES A,Industrials,Early,Russell,353,77.1,73.81,75.1,63.83,56.52,72.08,76.2,60.95,82.0,early_transition,49.8,bullish_below_zero_proxy,55.61,48.12,0.0,100,confirmed_bullish_trend,70,bullish_above_signal,65.55,26.491501,0.34,0.00156900,0.05292134,0.05585895,0.03320991,4H EMA 多头排列已连续维持；4H MACD 位于 Signal 上方；4H RSI 位于健康强势区间,
81,AMPH,AMPHASTAR PHARMACEUTICALS,Health Care,Early,Russell,279,77.09,75.95,65.2,85.17,56.52,56.57,57.3,61.86,82.0,early_transition,61.8,bullish_above_signal_proxy,47.34,50.72,0.0,58,mixed_sideways,70,bullish_above_signal,55.9,20.184999,0.21,0.00173692,-0.01895514,0.00472867,0.03459759,4H MACD 位于 Signal 上方；4H RSI 位于健康强势区间,4H EMA 仍偏震荡
82,JANX,JANUX THERAPEUTICS,Health Care,Early,Russell,945,77.07,53.78,90.4,69.57,56.52,68.57,72.3,48.23,72.0,confirmed_bullish_trend,25.0,bearish_proxy,44.49,46.9,0.0,94,fresh_bullish_cross,66,bullish_above_signal,57.15,15.935,0.15,0.00854430,0.06446226,-0.01270130,0.06874581,4H EMA9/26 最近金叉且价格在 EMA50 上方；4H MACD 位于 Signal 上方；4H MACD 柱体连续扩张；4H RSI 位于健康强势区间,
83,STNE,STONECO CLASS A,Financials,Early,Russell,223,76.73,75.71,65.2,83.32,56.52,56.57,57.3,62.86,82.0,early_transition,61.8,bullish_above_signal_proxy,52.31,47.46,0.0,58,mixed_sideways,70,bullish_above_signal,50.87,11.18,0.29,-0.00445236,0.02100457,0.04681648,0.04437179,4H MACD 位于 Signal 上方；4H RSI 位于健康强势区间,4H EMA 仍偏震荡
84,INGN,INOGEN,Health Care,Early,Russell,501,76.7,73.14,65.2,89.12,56.52,55.07,57.3,58.59,82.0,early_transition,49.8,bullish_below_zero_proxy,48.01,47.6,0.0,58,mixed_sideways,70,bullish_above_signal,50.41,6.53,0.32,-0.04392387,0.01318852,-0.00152905,0.00000000,4H MACD 位于 Signal 上方；4H RSI 位于健康强势区间,4H EMA 仍偏震荡
85,IBP,INSTALLED BUILDING PRODUCTS INC,Consumer Discretionary,Early,Russell,115,76.6,76.94,75.1,53.16,56.52,75.74,78.6,65.17,82.0,early_transition,61.8,bullish_above_signal_proxy,57.83,51.82,0.0,100,confirmed_bullish_trend,78,bullish_above_signal,63.56,241.714996,0.25,0.02127346,0.04942905,0.08821809,0.14790800,4H EMA 多头排列已连续维持；4H MACD 位于 Signal 上方；4H MACD 柱体连续扩张；4H RSI 位于健康强势区间,
86,KREF,KKR REAL ESTATE FINANCE INC TRUST,Financials,Early,Russell,494,76.41,67.46,67.6,94.05,56.52,54.39,56.55,58.71,100.0,fresh_bullish_cross,25.0,bearish_proxy,50.55,48.61,0.0,55,mixed_sideways,72,fresh_below_zero_cross,51.21,7.26,0.18,0.00068918,0.00137931,0.01966292,0.03022563,4H MACD 刚金叉但仍需零轴确认；4H MACD 柱体连续扩张；4H RSI 位于健康强势区间,4H EMA 仍偏震荡
87,SPOK,SPOK HOLDINGS INC,Communication,Early,Russell,135,76.29,76.15,75.1,52.95,56.52,73.58,76.2,64.55,82.0,early_transition,61.8,bullish_above_signal_proxy,57.89,47.58,0.0,100,confirmed_bullish_trend,70,bullish_above_signal,59.8,11.105,0.27,-0.00045005,0.01508227,0.06064947,0.03688142,4H EMA 多头排列已连续维持；4H MACD 位于 Signal 上方；4H RSI 位于健康强势区间,
88,DMRA,DAMORA THERAPEUTICS INC,Health Care,Early,Russell,978,76.14,53.44,92.8,57.77,56.52,70.19,74.1,47.24,72.0,confirmed_bullish_trend,25.0,bearish_proxy,41.49,46.3,0.0,94,fresh_bullish_cross,72,fresh_below_zero_cross,57.64,30.719999,0.23,0.04012186,0.08283391,0.02468309,0.34148467,4H EMA9/26 最近金叉且价格在 EMA50 上方；4H MACD 刚金叉但仍需零轴确认；4H MACD 柱体连续扩张；4H RSI 位于健康强势区间,
89,HCKT,HACKETT GROUP,Information Technology,Early,Russell,430,75.95,73.43,65.2,83.43,56.52,55.07,57.3,59.86,82.0,early_transition,49.8,bullish_below_zero_proxy,52.29,47.46,0.0,58,mixed_sideways,70,bullish_above_signal,56.71,11.06,0.41,-0.03406114,-0.00807175,0.02931596,0.05283198,4H MACD 位于 Signal 上方；4H RSI 位于健康强势区间,4H EMA 仍偏震荡
90,VEL,VELOCITY FINANCIAL INC,Financials,Early,Russell,519,75.72,72.85,65.2,83.27,56.52,55.07,57.3,58.14,82.0,early_transition,49.8,bullish_below_zero_proxy,47.1,46.42,0.0,58,mixed_sideways,70,bullish_above_signal,50.9,17.635,0.1,-0.00982588,-0.00367237,-0.00871282,0.00085125,4H MACD 位于 Signal 上方；4H RSI 位于健康强势区间,4H EMA 仍偏震荡
91,ACIC,AMERICAN COASTAL INSURANCE CORP,Financials,Early,Russell,560,75.59,72.7,75.1,56.34,56.52,72.08,76.2,56.6,82.0,early_transition,49.8,bullish_below_zero_proxy,41.17,47.98,0.0,100,confirmed_bullish_trend,70,bullish_above_signal,58.32,10.94,0.18,-0.00545455,-0.00905797,-0.05034722,0.00000000,4H EMA 多头排列已连续维持；4H MACD 位于 Signal 上方；4H RSI 位于健康强势区间,
92,GFF,GRIFFON,Industrials,Early,Russell,377,75.55,73.96,82.4,28.73,3.93,65.69,69.1,60.55,100.0,fresh_bullish_cross,70.9,fresh_below_zero_cross_proxy,64.5,49.9,14.01,82,fresh_bullish_cross,78,bullish_above_signal,73.57,103.239998,0.8,0.11070469,0.18002058,0.11792096,0.14336970,4H EMA9/26 最近金叉且价格在 EMA50 上方；4H MACD 位于 Signal 上方；4H MACD 柱体连续扩张,4H 相对 EMA26 超过 2 ATR，短线偏追高；4H RSI 偏热
93,PLGO,PELAGOS INSURANCE CAPITAL LTD,Financials,Early,Russell,781,75.14,55.0,79.6,82.66,56.52,64.25,67.5,51.11,72.0,confirmed_bullish_trend,25.0,bearish_proxy,52.4,50.23,0.0,94,fresh_bullish_cross,50,mixed_or_bearish,54.15,25.48,0.12,0.01392762,-0.00078431,0.04000000,0.08195334,4H EMA9/26 最近金叉且价格在 EMA50 上方；4H MACD 柱体连续扩张；4H RSI 位于健康强势区间,4H MACD 尚未确认多头
94,CPSS,CONSUMER PORTFOLIO SERVICES INC,Financials,Early,Russell,543,74.94,59.28,76.9,78.5,56.52,53.72,55.8,57.15,72.0,confirmed_bullish_trend,49.8,bullish_below_zero_proxy,53.2,47.64,0.0,68,early_transition,50,mixed_or_bearish,51.24,9.445,0.0,0.02440347,-0.00683491,0.05672410,-0.01614583,4H EMA9 已站上 EMA26，等待 26/50 确认；4H MACD 柱体连续扩张；4H RSI 位于健康强势区间,4H MACD 尚未确认多头
95,RPD,RAPID7,Information Technology,Early,Russell,984,74.74,53.19,90.4,55.41,56.52,63.71,66.9,46.89,72.0,confirmed_bullish_trend,25.0,bearish_proxy,40.88,45.18,0.0,82,fresh_bullish_cross,66,bullish_above_signal,63.97,11.26,0.28,0.07648184,0.20042644,0.00446030,0.67559524,4H EMA9/26 最近金叉且价格在 EMA50 上方；4H MACD 位于 Signal 上方；4H MACD 柱体连续扩张；4H RSI 位于健康强势区间,4H 相对 EMA26 超过 2 ATR，短线偏追高
96,MCHB,MECHANICS BANCORP CLASS A,Financials,Early,Russell,181,74.69,75.97,65.2,69.11,56.52,56.57,57.3,63.62,82.0,early_transition,61.8,bullish_above_signal_proxy,54.6,47.92,0.0,58,mixed_sideways,70,bullish_above_signal,57.99,16.700001,0.13,-0.01445848,0.01273505,0.03985069,0.09079040,4H MACD 位于 Signal 上方；4H RSI 位于健康强势区间,4H EMA 仍偏震荡
97,USLM,UNITED STATES LIME AND MINERALS IN,Materials,Early,Russell,29,74.68,77.81,82.9,17.55,56.52,81.94,81.6,69.02,82.0,early_transition,61.8,bullish_above_signal_proxy,70.98,51.2,0.0,100,confirmed_bullish_trend,88,fresh_above_zero_cross,62.35,117.449997,0.12,0.01354850,0.03758997,0.17708958,0.11063827,4H EMA 多头排列已连续维持；4H MACD 零轴上方刚金叉；4H MACD 柱体连续扩张；4H RSI 位于健康强势区间,
98,MH,MCGRAW HILL,Consumer Discretionary,Early,Russell,100,74.54,76.61,75.1,40.23,56.52,71.12,71.25,65.49,82.0,early_transition,61.8,bullish_above_signal_proxy,60.28,49.06,0.0,89,confirmed_bullish_trend,70,bullish_above_signal,67.06,11.635,0.05,0.03606411,0.03976765,0.11553212,0.22732068,4H EMA 多头排列已连续维持；4H MACD 位于 Signal 上方；4H RSI 位于健康强势区间,4H 相对 EMA26 超过 2 ATR，短线偏追高
99,OPCH,OPTION CARE HEALTH INC,Health Care,Early,Russell,92,74.47,76.84,75.1,39.2,56.52,75.58,76.2,65.77,82.0,early_transition,61.8,bullish_above_signal_proxy,60.67,50.13,0.0,100,confirmed_bullish_trend,70,bullish_above_signal,58.63,23.49,0.19,0.00298890,-0.01838696,0.09002325,0.06918530,4H EMA 多头排列已连续维持；4H MACD 位于 Signal 上方；4H RSI 位于健康强势区间,
100,RCUS,ARCUS BIOSCIENCES,Health Care,Early,Russell,986,74.44,53.31,90.4,53.16,56.52,66.41,69.9,46.85,72.0,confirmed_bullish_trend,25.0,bearish_proxy,40.3,46.06,0.0,94,fresh_bullish_cross,58,bullish_above_signal,51.29,28.3414,0.3,-0.00556491,0.07069894,-0.06371325,0.00608449,4H EMA9/26 最近金叉且价格在 EMA50 上方；4H MACD 位于 Signal 上方；4H RSI 位于健康强势区间,
101,MMS,MAXIMUS,Industrials,Early,Russell,96,74.34,76.67,75.1,38.79,56.52,75.58,76.2,65.66,82.0,early_transition,61.8,bullish_above_signal_proxy,60.79,49.16,0.0,100,confirmed_bullish_trend,70,bullish_above_signal,63.64,63.075001,0.4,0.00807098,-0.00118766,0.10930355,0.12795070,4H EMA 多头排列已连续维持；4H MACD 位于 Signal 上方；4H RSI 位于健康强势区间,
102,JOE,ST JOE,Real Estate,Early,Russell,239,74.25,74.55,75.1,43.1,56.52,73.58,76.2,62.55,82.0,early_transition,49.8,bullish_below_zero_proxy,59.76,50.45,0.0,100,confirmed_bullish_trend,70,bullish_above_signal,61.14,64.949997,0.28,-0.00869963,0.04774955,0.08935378,-0.01962269,4H EMA 多头排列已连续维持；4H MACD 位于 Signal 上方；4H RSI 位于健康强势区间,
103,SXI,STANDEX INTERNATIONAL CORP,Industrials,Early,Russell,93,74.22,72.25,65.2,74.65,56.52,55.33,53.7,65.74,100.0,fresh_bullish_cross,49.8,bullish_below_zero_proxy,53.77,47.75,0.0,58,mixed_sideways,58,bullish_above_signal,60.91,323.584991,0.14,-0.00977724,0.17928851,0.04341866,0.02416515,4H MACD 位于 Signal 上方；4H RSI 位于健康强势区间,4H EMA 仍偏震荡
104,WGO,WINNEBAGO INDUSTRIES INC,Consumer Discretionary,Early,Russell,456,73.88,61.33,82.9,90.71,56.52,76.94,81.6,59.47,72.0,confirmed_bullish_trend,61.8,bullish_above_signal_proxy,51.13,47.23,0.0,100,confirmed_bullish_trend,88,fresh_above_zero_cross,60.35,32.080002,0.14,0.01134940,0.00753775,0.03852389,0.13597741,4H EMA 多头排列已连续维持；4H MACD 零轴上方刚金叉；4H MACD 柱体连续扩张；4H RSI 位于健康强势区间,
105,KE,KIMBALL ELECTRONICS INC,Information Technology,Early,Russell,240,73.76,74.33,75.1,40.33,56.52,69.12,71.25,62.49,82.0,early_transition,49.8,bullish_below_zero_proxy,60.27,49.05,0.0,89,confirmed_bullish_trend,70,bullish_above_signal,67.51,27.08,0.1,-0.00678522,0.15726496,0.09813463,0.05698669,4H EMA 多头排列已连续维持；4H MACD 位于 Signal 上方；4H RSI 位于健康强势区间,4H 相对 EMA26 超过 2 ATR，短线偏追高
106,ALGT,ALLEGIANT TRAVEL,Industrials,Early,Russell,47,73.7,75.24,65.2,64.24,56.52,56.83,53.7,67.76,100.0,fresh_bullish_cross,71.8,fresh_below_zero_cross_proxy,43.22,45.64,0.0,58,mixed_sideways,58,bullish_above_signal,58.33,107.019997,0.44,-0.00478920,0.11805261,-0.03655028,0.03420945,4H MACD 位于 Signal 上方；4H RSI 位于健康强势区间,4H EMA 仍偏震荡
107,DSP,VIANT TECHNOLOGY INC CLASS A,Information Technology,Early,Russell,753,73.45,57.4,87.7,44.18,56.52,62.36,65.4,51.63,72.0,confirmed_bullish_trend,49.8,bullish_below_zero_proxy,36.46,44.29,0.0,76,early_transition,70,bullish_above_signal,58.27,12.345,0.36,-0.02488152,0.07534843,-0.02565114,0.11416968,4H EMA9 已站上 EMA26，等待 26/50 确认；4H MACD 位于 Signal 上方；4H RSI 位于健康强势区间,
108,WTTR,SELECT WATER SOLUTIONS CLASS A,Energy,Early,Russell,654,73.43,66.21,84.8,20.83,12.16,64.88,68.2,53.68,100.0,fresh_bullish_cross,22.75,bearish_proxy,68.07,50.61,10.02,82,fresh_bullish_cross,72,fresh_below_zero_cross,68.64,21.23,2.09,0.14509163,0.18868974,0.13711837,0.14478296,4H EMA9/26 最近金叉且价格在 EMA50 上方；4H MACD 刚金叉但仍需零轴确认；4H MACD 柱体连续扩张,4H 相对 EMA26 超过 2 ATR，短线偏追高；4H RSI 偏热
109,TRNS,TRANSCAT,Industrials,Early,Russell,84,73.23,72.36,65.2,67.78,56.52,55.33,53.7,66.08,100.0,fresh_bullish_cross,49.8,bullish_below_zero_proxy,54.78,47.96,0.0,58,mixed_sideways,58,bullish_above_signal,63.33,92.120003,0.21,-0.00076037,0.13197354,0.05280003,0.02732246,4H MACD 位于 Signal 上方；4H RSI 位于健康强势区间,4H EMA 仍偏震荡
110,ASB,ASSOCIATED BANCORP,Financials,Early,Russell,88,73.21,66.38,75.1,95.23,56.52,75.58,76.2,65.97,72.0,confirmed_bullish_trend,88.8,fresh_above_zero_cross_proxy,50.36,47.07,0.0,100,confirmed_bullish_trend,70,bullish_above_signal,59.32,31.57,0.14,-0.01173893,0.02766930,0.02850627,0.05655961,4H EMA 多头排列已连续维持；4H MACD 位于 Signal 上方；4H RSI 位于健康强势区间,
111,MASS,908 DEVICES,Information Technology,Early,Russell,510,73.17,59.68,79.7,58.34,56.52,60.38,63.2,58.33,72.0,confirmed_bullish_trend,49.8,bullish_below_zero_proxy,56.75,48.35,0.0,76,early_transition,70,bullish_above_signal,70.94,8.495,0.13,-0.00117578,0.11776316,0.05266419,-0.02580275,4H EMA9 已站上 EMA26，等待 26/50 确认；4H MACD 位于 Signal 上方,4H RSI 偏热
112,AMPL,AMPLITUDE CLASS A,Information Technology,Early,Russell,98,73.05,66.23,75.1,94.51,56.52,71.12,71.25,65.53,72.0,confirmed_bullish_trend,88.8,fresh_above_zero_cross_proxy,49.04,46.81,0.0,89,confirmed_bullish_trend,70,bullish_above_signal,63.77,9.865,0.16,0.01075820,0.10905003,0.07637752,0.47901049,4H EMA 多头排列已连续维持；4H MACD 位于 Signal 上方；4H RSI 位于健康强势区间,4H 相对 EMA26 超过 2 ATR，短线偏追高
113,EGAN,EGAIN CORP,Information Technology,Early,Russell,210,72.99,74.52,75.1,34.74,56.52,73.58,76.2,63.06,82.0,early_transition,49.8,bullish_below_zero_proxy,61.99,49.4,0.0,100,confirmed_bullish_trend,70,bullish_above_signal,64.95,7.21,0.01,-0.00276625,0.06499261,0.14353688,0.09491268,4H EMA 多头排列已连续维持；4H MACD 位于 Signal 上方；4H RSI 位于健康强势区间,
114,IDYA,IDEAYA BIOSCIENCES,Health Care,Early,Russell,1022,72.91,52.64,92.8,38.07,56.52,70.91,74.9,44.89,72.0,confirmed_bullish_trend,25.0,bearish_proxy,34.35,44.87,0.0,94,fresh_bullish_cross,72,fresh_below_zero_cross,52.9,36.310001,0.76,0.00387069,0.02023043,-0.10345677,0.04010315,4H EMA9/26 最近金叉且价格在 EMA50 上方；4H MACD 刚金叉但仍需零轴确认；4H MACD 柱体连续扩张；4H RSI 位于健康强势区间,
115,KBH,KB HOME,Consumer Discretionary,Early,Russell,103,72.74,66.18,75.1,92.56,56.52,75.74,78.6,65.4,72.0,confirmed_bullish_trend,88.8,fresh_above_zero_cross_proxy,48.65,46.73,0.0,100,confirmed_bullish_trend,78,bullish_above_signal,62.14,59.049999,0.16,0.02286504,0.03523839,0.00630537,0.11964347,4H EMA 多头排列已连续维持；4H MACD 位于 Signal 上方；4H MACD 柱体连续扩张；4H RSI 位于健康强势区间,
116,FBNC,FIRST BANCORP,Financials,Early,Russell,83,72.74,66.44,75.1,91.94,56.52,75.58,76.2,66.15,72.0,confirmed_bullish_trend,88.8,fresh_above_zero_cross_proxy,50.91,47.18,0.0,100,confirmed_bullish_trend,70,bullish_above_signal,57.71,65.025002,0.14,-0.01034929,0.03083386,0.02952821,0.04895951,4H EMA 多头排列已连续维持；4H MACD 位于 Signal 上方；4H RSI 位于健康强势区间,
117,SYRE,SPYRE THERAPEUTICS INC,Health Care,Early,Russell,864,72.61,54.34,82.9,98.51,56.52,76.94,81.6,49.89,72.0,confirmed_bullish_trend,25.0,bearish_proxy,49.5,47.9,0.0,100,confirmed_bullish_trend,88,fresh_above_zero_cross,55.93,102.660004,0.16,0.01613387,0.04851394,0.08853787,0.05813242,4H EMA 多头排列已连续维持；4H MACD 零轴上方刚金叉；4H MACD 柱体连续扩张；4H RSI 位于健康强势区间,
118,PGNY,PROGYNY,Health Care,Early,Russell,860,72.5,54.4,82.9,97.69,56.52,76.94,81.6,50.04,72.0,confirmed_bullish_trend,25.0,bearish_proxy,49.98,48.0,0.0,100,confirmed_bullish_trend,88,fresh_above_zero_cross,56.58,31.74,0.11,0.00890022,0.01179468,0.03051951,0.19278462,4H EMA 多头排列已连续维持；4H MACD 零轴上方刚金叉；4H MACD 柱体连续扩张；4H RSI 位于健康强势区间,
119,VAC,MARRIOTT VACATIONS WORLDWIDE,Consumer Discretionary,Early,Russell,872,72.48,54.15,82.9,98.1,56.52,76.94,81.6,49.73,72.0,confirmed_bullish_trend,25.0,bearish_proxy,49.48,46.9,0.0,100,confirmed_bullish_trend,88,fresh_above_zero_cross,57.38,100.959999,0.21,0.02310498,-0.01823309,0.01610304,0.03601849,4H EMA 多头排列已连续维持；4H MACD 零轴上方刚金叉；4H MACD 柱体连续扩张；4H RSI 位于健康强势区间,
120,CRBP,CORBUS PHARMACEUTICALS HOLDINGS,Health Care,Early,Russell,91,72.36,66.89,75.1,88.35,56.52,77.74,78.6,65.79,72.0,confirmed_bullish_trend,88.8,fresh_above_zero_cross_proxy,47.88,50.83,0.0,100,confirmed_bullish_trend,78,bullish_above_signal,63.86,9.55,0.19,0.02248394,0.07002801,0.01921025,0.12884161,4H EMA 多头排列已连续维持；4H MACD 位于 Signal 上方；4H MACD 柱体连续扩张；4H RSI 位于健康强势区间,
121,WAY,WAYSTAR HOLDING,Health Care,Early,Russell,852,72.29,54.42,82.9,96.2,56.52,74.78,79.2,50.12,72.0,confirmed_bullish_trend,25.0,bearish_proxy,50.21,48.04,0.0,100,confirmed_bullish_trend,80,fresh_above_zero_cross,54.44,23.209999,0.2,-0.00257847,-0.05496743,-0.02519950,0.26004338,4H EMA 多头排列已连续维持；4H MACD 零轴上方刚金叉；4H RSI 位于健康强势区间,
122,RCMT,RCM TECHNOLOGIES INC,Industrials,Early,Russell,409,72.25,61.55,82.9,79.32,56.52,76.94,81.6,60.12,72.0,confirmed_bullish_trend,61.8,bullish_above_signal_proxy,53.09,47.62,0.0,100,confirmed_bullish_trend,88,fresh_above_zero_cross,62.76,29.1,0.06,0.02681722,0.01358415,0.05092087,0.04940498,4H EMA 多头排列已连续维持；4H MACD 零轴上方刚金叉；4H MACD 柱体连续扩张；4H RSI 位于健康强势区间,
123,HLF,HERBALIFE LTD,Consumer Staples,Early,Russell,552,72.25,72.81,65.2,60.24,56.52,55.07,57.3,56.92,82.0,early_transition,49.8,bullish_below_zero_proxy,42.14,48.18,0.0,58,mixed_sideways,70,bullish_above_signal,53.52,12.6,0.43,-0.02852737,0.00800000,-0.04182510,0.02857143,4H MACD 位于 Signal 上方；4H RSI 位于健康强势区间,4H EMA 仍偏震荡
124,NESR,NATIONAL ENERGY SERVICES REUNITED,Energy,Early,Russell,78,72.16,66.52,75.1,87.89,56.52,72.34,72.6,66.4,72.0,confirmed_bullish_trend,88.8,fresh_above_zero_cross_proxy,51.68,47.34,0.0,100,confirmed_bullish_trend,58,bullish_above_signal,58.68,28.59,0.19,-0.01038418,0.17172131,0.03027027,0.13995215,4H EMA 多头排列已连续维持；4H MACD 位于 Signal 上方；4H RSI 位于健康强势区间,
125,IRTC,IRHYTHM HOLDINGS INC,Health Care,Early,Russell,469,72.1,61.36,75.1,99.54,56.52,72.08,76.2,59.15,72.0,confirmed_bullish_trend,61.8,bullish_above_signal_proxy,49.69,47.94,0.0,100,confirmed_bullish_trend,70,bullish_above_signal,61.53,124.449997,0.19,-0.01810727,0.01600130,-0.00487767,0.12900294,4H EMA 多头排列已连续维持；4H MACD 位于 Signal 上方；4H RSI 位于健康强势区间,
126,UMBF,UMB FINANCIAL CORP,Financials,Early,Russell,479,72.08,61.17,75.1,99.85,56.52,72.08,76.2,59.0,72.0,confirmed_bullish_trend,61.8,bullish_above_signal_proxy,49.71,46.94,0.0,100,confirmed_bullish_trend,70,bullish_above_signal,56.48,147.350006,0.09,-0.01602667,-0.00667379,0.00924662,0.05642393,4H EMA 多头排列已连续维持；4H MACD 位于 Signal 上方；4H RSI 位于健康强势区间,
127,TVTX,TRAVERE THERAPEUTICS,Health Care,Early,Russell,452,72.08,64.94,90.2,40.64,11.8,67.67,71.3,59.6,75.0,confirmed_bullish_trend,86.55,fresh_above_zero_cross_proxy,60.19,50.04,10.1,82,fresh_bullish_cross,88,fresh_above_zero_cross,68.56,62.27,0.54,0.11176580,0.12177990,0.07752204,0.11335598,4H EMA9/26 最近金叉且价格在 EMA50 上方；4H MACD 零轴上方刚金叉；4H MACD 柱体连续扩张,4H 相对 EMA26 超过 2 ATR，短线偏追高；4H RSI 偏热
128,APPS,DIGITAL TURBINE,Information Technology,Early,Russell,525,72.03,73.16,75.4,27.09,2.05,60.38,63.2,57.93,100.0,fresh_bullish_cross,69.55,fresh_below_zero_cross_proxy,65.31,50.06,16.56,82,fresh_bullish_cross,66,bullish_above_signal,75.47,12.43,0.66,0.29209979,0.53456790,0.19749518,0.34305781,4H EMA9/26 最近金叉且价格在 EMA50 上方；4H MACD 位于 Signal 上方；4H MACD 柱体连续扩张,4H 相对 EMA26 超过 2 ATR，短线偏追高；4H RSI 过热
129,OPFI,OPPFI INC CLASS A,Financials,Early,Russell,477,71.97,61.18,75.1,99.13,56.52,72.08,76.2,59.03,72.0,confirmed_bullish_trend,61.8,bullish_above_signal_proxy,49.77,46.95,0.0,100,confirmed_bullish_trend,70,bullish_above_signal,56.54,9.7501,0.09,-0.02303607,0.02417017,0.03066596,0.11175599,4H EMA 多头排列已连续维持；4H MACD 位于 Signal 上方；4H RSI 位于健康强势区间,
130,ANRO,ALTO NEUROSCIENCE INC,Health Care,Early,Russell,846,71.93,54.47,82.9,93.69,56.52,76.94,81.6,50.25,72.0,confirmed_bullish_trend,25.0,bearish_proxy,50.61,48.12,0.0,100,confirmed_bullish_trend,88,fresh_above_zero_cross,55.03,27.985001,0.12,0.01211577,0.04793114,0.08848705,0.14645641,4H EMA 多头排列已连续维持；4H MACD 零轴上方刚金叉；4H MACD 柱体连续扩张；4H RSI 位于健康强势区间,
131,GPGI,GPGI INC CLASS A,Information Technology,Early,Russell,274,71.93,70.98,65.2,62.39,56.52,53.33,53.7,62.03,100.0,fresh_bullish_cross,49.8,bullish_below_zero_proxy,42.53,45.51,0.0,58,mixed_sideways,58,bullish_above_signal,58.14,15.17,0.29,-0.03252551,0.13888889,-0.04108723,0.04692892,4H MACD 位于 Signal 上方；4H RSI 位于健康强势区间,4H EMA 仍偏震荡
132,FBLA,FB BANCORP INC,Financials,Early,Russell,52,71.9,66.95,82.9,64.39,56.52,80.44,81.6,67.65,72.0,confirmed_bullish_trend,88.8,fresh_above_zero_cross_proxy,55.44,48.09,0.0,100,confirmed_bullish_trend,88,fresh_above_zero_cross,66.43,15.8617,0.52,0.01029936,0.02070142,0.05956580,0.06597446,4H EMA 多头排列已连续维持；4H MACD 零轴上方刚金叉；4H MACD 柱体连续扩张；4H RSI 位于健康强势区间,
133,GERN,GERON,Health Care,Early,Russell,486,71.86,67.45,92.8,89.89,56.52,70.19,74.1,58.88,100.0,fresh_bullish_cross,25.0,bearish_proxy,51.32,48.26,0.0,94,fresh_bullish_cross,72,fresh_below_zero_cross,65.3,1.5594,0.37,0.16808989,0.10204947,0.05364865,0.15084871,4H EMA9/26 最近金叉且价格在 EMA50 上方；4H MACD 刚金叉但仍需零轴确认；4H MACD 柱体连续扩张；4H RSI 位于健康强势区间,
134,FTRE,FORTREA HOLDINGS INC,Health Care,Early,Russell,722,71.81,55.11,79.6,60.18,56.52,61.82,64.8,52.12,72.0,confirmed_bullish_trend,25.0,bearish_proxy,56.27,49.25,0.0,88,fresh_bullish_cross,50,mixed_or_bearish,51.92,19.040001,0.18,0.06072423,-0.06620883,0.08924491,0.15744680,4H EMA9/26 最近金叉且价格在 EMA50 上方；4H MACD 柱体连续扩张；4H RSI 位于健康强势区间,4H MACD 尚未确认多头
135,ATEX,ANTERIX INC,Communication,Early,Russell,1026,71.78,52.26,90.4,37.87,56.52,66.41,69.9,44.56,72.0,confirmed_bullish_trend,25.0,bearish_proxy,34.28,42.86,0.0,94,fresh_bullish_cross,58,bullish_above_signal,49.99,97.129997,0.23,-0.06767137,0.10400084,-0.03679095,0.21442852,4H EMA9/26 最近金叉且价格在 EMA50 上方；4H MACD 位于 Signal 上方；4H RSI 位于健康强势区间,
136,MCFT,MASTERCRAFT BOAT HOLDINGS INC,Consumer Discretionary,Early,Russell,48,71.77,66.99,82.9,63.42,56.52,81.94,81.6,67.76,72.0,confirmed_bullish_trend,88.8,fresh_above_zero_cross_proxy,55.78,48.16,0.0,100,confirmed_bullish_trend,88,fresh_above_zero_cross,60.05,25.32,0.25,0.00836316,0.02926829,0.05500000,0.06700379,4H EMA 多头排列已连续维持；4H MACD 零轴上方刚金叉；4H MACD 柱体连续扩张；4H RSI 位于健康强势区间,
137,LOCO,EL POLLO LOCO INC,Consumer Discretionary,Early,Russell,72,71.62,66.58,75.1,84.15,56.52,77.74,78.6,66.58,72.0,confirmed_bullish_trend,88.8,fresh_above_zero_cross_proxy,52.2,47.44,0.0,100,confirmed_bullish_trend,78,bullish_above_signal,63.56,16.860001,0.37,0.02027238,0.01953196,0.03945759,0.08844422,4H EMA 多头排列已连续维持；4H MACD 位于 Signal 上方；4H MACD 柱体连续扩张；4H RSI 位于健康强势区间,
138,GCMG,GCM GROSVENOR CLASS A,Financials,Early,Russell,471,71.6,61.22,75.1,96.56,56.52,67.62,71.25,59.14,72.0,confirmed_bullish_trend,61.8,bullish_above_signal_proxy,50.12,47.02,0.0,89,confirmed_bullish_trend,70,bullish_above_signal,67.08,13.54,0.12,0.00744048,0.11074651,0.01347305,0.10440457,4H EMA 多头排列已连续维持；4H MACD 位于 Signal 上方；4H RSI 位于健康强势区间,4H 相对 EMA26 超过 2 ATR，短线偏追高
139,HZO,MARINEMAX INC,Consumer Discretionary,Early,Russell,468,71.57,61.23,75.1,96.36,56.52,72.08,76.2,59.16,72.0,confirmed_bullish_trend,61.8,bullish_above_signal_proxy,50.18,47.04,0.0,100,confirmed_bullish_trend,70,bullish_above_signal,59.06,36.380001,0.43,0.00386311,0.07094495,0.02142235,0.04540236,4H EMA 多头排列已连续维持；4H MACD 位于 Signal 上方；4H RSI 位于健康强势区间,
140,CWK,CUSHMAN AND WAKEFIELD LTD,Real Estate,Early,Russell,475,71.57,61.4,75.1,95.95,56.52,72.08,76.2,59.07,72.0,confirmed_bullish_trend,61.8,bullish_above_signal_proxy,49.23,48.35,0.0,100,confirmed_bullish_trend,70,bullish_above_signal,57.83,13.87,0.28,0.01388889,0.02626711,0.00434468,0.08444097,4H EMA 多头排列已连续维持；4H MACD 位于 Signal 上方；4H RSI 位于健康强势区间,
141,LQDA,LIQUIDIA,Health Care,Early,Russell,831,71.56,54.52,82.9,91.12,56.52,76.94,81.6,50.4,72.0,confirmed_bullish_trend,25.0,bearish_proxy,51.07,48.21,0.0,100,confirmed_bullish_trend,88,fresh_above_zero_cross,61.9,89.739998,0.12,0.01907790,0.03303781,0.10435634,0.21270268,4H EMA 多头排列已连续维持；4H MACD 零轴上方刚金叉；4H MACD 柱体连续扩张；4H RSI 位于健康强势区间,
142,CENTA,CENTRAL GARDEN AND PET CLASS A,Consumer Staples,Early,Russell,810,71.53,54.87,82.9,90.1,56.52,74.78,79.2,50.74,72.0,confirmed_bullish_trend,25.0,bearish_proxy,51.28,50.01,0.0,100,confirmed_bullish_trend,80,fresh_above_zero_cross,53.02,38.555,0.14,-0.00528891,-0.00657050,0.03060679,0.01647772,4H EMA 多头排列已连续维持；4H MACD 零轴上方刚金叉；4H RSI 位于健康强势区间,
143,TTAN,SERVICETITAN INC CLASS A,Information Technology,Early,Russell,488,71.53,61.12,75.1,96.31,56.52,72.08,76.2,58.86,72.0,confirmed_bullish_trend,61.8,bullish_above_signal_proxy,49.27,46.85,0.0,100,confirmed_bullish_trend,70,bullish_above_signal,62.21,86.169998,0.08,0.01507833,0.02254659,0.08153632,0.34200279,4H EMA 多头排列已连续维持；4H MACD 位于 Signal 上方；4H RSI 位于健康强势区间,
144,STRA,STRATEGIC EDUCATION,Consumer Discretionary,Early,Russell,467,71.51,61.23,75.1,95.95,56.52,72.08,76.2,59.18,72.0,confirmed_bullish_trend,61.8,bullish_above_signal_proxy,50.25,47.05,0.0,100,confirmed_bullish_trend,70,bullish_above_signal,57.26,83.589996,0.13,0.00480820,-0.04675568,-0.00393234,0.08361417,4H EMA 多头排列已连续维持；4H MACD 位于 Signal 上方；4H RSI 位于健康强势区间,
145,MOV,MOVADO GROUP INC,Consumer Discretionary,Early,Russell,466,71.5,61.24,75.1,95.84,56.52,72.08,76.2,59.19,72.0,confirmed_bullish_trend,61.8,bullish_above_signal_proxy,50.28,47.06,0.0,100,confirmed_bullish_trend,70,bullish_above_signal,57.29,38.994999,0.17,-0.01328444,0.03380164,0.02862039,0.00788317,4H EMA 多头排列已连续维持；4H MACD 位于 Signal 上方；4H RSI 位于健康强势区间,
146,GLOB,GLOBANT,Information Technology,Early,Russell,28,71.49,77.85,75.1,17.03,56.52,77.08,76.2,69.13,82.0,early_transition,61.8,bullish_above_signal_proxy,71.29,51.26,0.0,100,confirmed_bullish_trend,70,bullish_above_signal,64.96,37.919998,0.17,0.01716736,-0.00628936,0.19749883,0.29508185,4H EMA 多头排列已连续维持；4H MACD 位于 Signal 上方；4H RSI 位于健康强势区间,
147,YSWY,YESWAY INC CLASS A,Consumer Staples,Early,Russell,264,71.48,74.6,65.2,50.9,56.52,56.57,57.3,62.19,82.0,early_transition,49.8,bullish_below_zero_proxy,58.12,51.37,0.0,58,mixed_sideways,70,bullish_above_signal,63.08,21.865,0.08,0.00482537,0.07868772,0.09325000,0.01508816,4H MACD 位于 Signal 上方；4H RSI 位于健康强势区间,4H EMA 仍偏震荡
148,BRZE,BRAZE INC CLASS A,Information Technology,Early,Russell,489,71.44,61.12,75.1,95.69,56.52,72.08,76.2,58.84,72.0,confirmed_bullish_trend,61.8,bullish_above_signal_proxy,49.2,46.84,0.0,100,confirmed_bullish_trend,70,bullish_above_signal,58.42,26.280001,0.39,0.00267081,-0.02086434,0.07660799,0.36519486,4H EMA 多头排列已连续维持；4H MACD 位于 Signal 上方；4H RSI 位于健康强势区间,
149,HRMY,HARMONY BIOSCIENCES HLDG,Health Care,Early,Russell,481,71.41,61.29,75.1,95.13,56.52,72.8,77.0,58.96,72.0,confirmed_bullish_trend,61.8,bullish_above_signal_proxy,49.11,47.82,0.0,100,confirmed_bullish_trend,70,bullish_above_signal,59.52,37.615002,0.62,-0.02526556,0.04923303,-0.01711518,0.10178685,4H EMA 多头排列已连续维持；4H MACD 位于 Signal 上方；4H RSI 位于健康强势区间,
150,CENT,CENTRAL GARDEN AND PET,Consumer Staples,Early,Russell,804,71.38,54.89,82.9,89.02,56.52,76.94,81.6,50.8,72.0,confirmed_bullish_trend,25.0,bearish_proxy,51.47,50.04,0.0,100,confirmed_bullish_trend,88,fresh_above_zero_cross,54.83,44.064999,0.31,0.00054951,-0.00192532,0.02931553,0.01649368,4H EMA 多头排列已连续维持；4H MACD 零轴上方刚金叉；4H MACD 柱体连续扩张；4H RSI 位于健康强势区间,
151,SEG,SEAPORT ENTERTAINMENT GROUP INC,Real Estate,Early,Russell,819,71.34,54.66,82.9,89.33,56.52,76.94,81.6,50.6,72.0,confirmed_bullish_trend,25.0,bearish_proxy,51.44,48.79,0.0,100,confirmed_bullish_trend,88,fresh_above_zero_cross,57.99,26.620001,0.06,0.02641226,0.00718884,0.00528705,0.03862669,4H EMA 多头排列已连续维持；4H MACD 零轴上方刚金叉；4H MACD 柱体连续扩张；4H RSI 位于健康强势区间,
152,PKE,PARK AEROSPACE CORP,Industrials,Early,Russell,437,71.31,61.89,75.1,93.02,56.52,69.79,73.65,59.81,72.0,confirmed_bullish_trend,61.8,bullish_above_signal_proxy,50.67,50.38,0.0,89,confirmed_bullish_trend,78,bullish_above_signal,64.31,37.900002,0.17,0.02460124,0.14674745,0.02710027,0.16903160,4H EMA 多头排列已连续维持；4H MACD 位于 Signal 上方；4H MACD 柱体连续扩张；4H RSI 位于健康强势区间,4H 相对 EMA26 超过 2 ATR，短线偏追高
153,DCH,DAUCH CORPORATION,Consumer Discretionary,Early,Russell,122,71.28,75.14,75.1,21.96,56.52,75.74,78.6,64.86,82.0,early_transition,49.8,bullish_below_zero_proxy,67.45,50.49,0.0,100,confirmed_bullish_trend,78,bullish_above_signal,66.66,6.035,0.26,0.01684920,0.08935018,0.16618357,0.06418621,4H EMA 多头排列已连续维持；4H MACD 位于 Signal 上方；4H MACD 柱体连续扩张；4H RSI 位于健康强势区间,
154,ALKT,ALKAMI TECHNOLOGY,Information Technology,Early,Russell,491,71.28,61.1,75.1,94.72,56.52,72.08,76.2,58.79,72.0,confirmed_bullish_trend,61.8,bullish_above_signal_proxy,49.07,46.81,0.0,100,confirmed_bullish_trend,70,bullish_above_signal,59.61,18.74,0.1,0.00160347,0.02348449,0.01187905,0.24435591,4H EMA 多头排列已连续维持；4H MACD 位于 Signal 上方；4H RSI 位于健康强势区间,
155,MAMA,MAMAS CREATIONS INC,Consumer Staples,Early,Russell,442,71.21,61.81,75.1,92.56,56.52,72.08,76.2,59.77,72.0,confirmed_bullish_trend,61.8,bullish_above_signal_proxy,50.78,49.91,0.0,100,confirmed_bullish_trend,70,bullish_above_signal,60.95,18.684999,0.21,-0.02044571,0.02664824,0.01659412,-0.01137571,4H EMA 多头排列已连续维持；4H MACD 位于 Signal 上方；4H RSI 位于健康强势区间,
156,CTNM,CONTINEUM THERAPEUTICS INC CLASS A,Health Care,Early,Russell,457,71.21,61.46,75.1,93.38,56.52,72.08,76.2,59.46,72.0,confirmed_bullish_trend,61.8,bullish_above_signal_proxy,50.63,48.13,0.0,100,confirmed_bullish_trend,70,bullish_above_signal,56.69,15.55,0.11,-0.00448143,0.08061154,0.06872852,0.30125523,4H EMA 多头排列已连续维持；4H MACD 位于 Signal 上方；4H RSI 位于健康强势区间,
157,CBFV,CB FINANCIAL SERVICES INC,Financials,Early,Russell,462,71.2,61.27,75.1,93.79,56.52,72.8,77.0,59.29,72.0,confirmed_bullish_trend,61.8,bullish_above_signal_proxy,50.58,47.12,0.0,100,confirmed_bullish_trend,70,bullish_above_signal,58.69,37.98,0.65,0.02982644,0.05004153,0.03459551,0.10086957,4H EMA 多头排列已连续维持；4H MACD 位于 Signal 上方；4H RSI 位于健康强势区间,
158,KMT,KENNAMETAL,Industrials,Early,Russell,204,71.19,74.62,65.2,48.95,56.52,56.57,57.3,63.16,85.0,early_transition,51.15,bullish_below_zero_proxy,58.56,48.71,0.0,58,mixed_sideways,70,bullish_above_signal,52.24,34.965,0.42,-0.02982800,0.04186528,0.04842585,-0.00299401,4H MACD 位于 Signal 上方；4H RSI 位于健康强势区间,4H EMA 仍偏震荡
159,DRUG,BRIGHT MINDS BIOSCIENCES,Health Care,Early,Russell,15,71.1,78.37,75.1,13.19,56.52,80.74,78.6,70.24,82.0,early_transition,61.8,bullish_above_signal_proxy,74.22,52.84,0.0,100,confirmed_bullish_trend,78,bullish_above_signal,63.81,79.470001,0.15,0.03248019,0.12436334,0.23611759,0.22563242,4H EMA 多头排列已连续维持；4H MACD 位于 Signal 上方；4H MACD 柱体连续扩张；4H RSI 位于健康强势区间,
160,MGNI,MAGNITE,Communication,Early,Russell,128,71.06,65.8,75.1,82.25,56.52,73.58,76.2,64.68,72.0,confirmed_bullish_trend,88.8,fresh_above_zero_cross_proxy,46.9,45.38,0.0,100,confirmed_bullish_trend,70,bullish_above_signal,60.65,20.475,0.24,0.00122244,0.03775976,-0.00219298,0.13844864,4H EMA 多头排列已连续维持；4H MACD 位于 Signal 上方；4H RSI 位于健康强势区间,
161,TCX,TUCOWS INC,Information Technology,Early,Russell,105,71.01,75.31,75.1,19.7,56.52,73.58,76.2,65.37,82.0,early_transition,49.8,bullish_below_zero_proxy,69.01,50.8,0.0,100,confirmed_bullish_trend,70,bullish_above_signal,64.45,14.05,0.06,-0.03898769,0.49468085,0.13123994,0.03232917,4H EMA 多头排列已连续维持；4H MACD 位于 Signal 上方；4H RSI 位于健康强势区间,
162,BUR,BURFORD CAPITAL LTD,Financials,Early,Russell,515,70.98,72.87,87.7,84.97,56.52,62.36,65.4,58.22,82.0,early_transition,49.8,bullish_below_zero_proxy,47.32,46.46,0.0,76,early_transition,70,bullish_above_signal,55.6,4.295,0.1,-0.00578704,0.02874251,-0.00348028,0.03121248,4H EMA9 已站上 EMA26，等待 26/50 确认；4H MACD 位于 Signal 上方；4H RSI 位于健康强势区间,
163,IRT,INDEPENDENCE REALTY,Real Estate,Early,Russell,448,70.95,61.6,75.1,91.33,56.52,74.24,78.6,59.67,72.0,confirmed_bullish_trend,61.8,bullish_above_signal_proxy,51.04,48.71,0.0,100,confirmed_bullish_trend,78,bullish_above_signal,59.32,17.0,0.27,0.01765938,0.00591716,-0.02073738,0.04551046,4H EMA 多头排列已连续维持；4H MACD 位于 Signal 上方；4H MACD 柱体连续扩张；4H RSI 位于健康强势区间,
164,SKWD,SKYWARD SPECIALTY INSURANCE GROUP,Financials,Early,Russell,886,70.93,54.47,82.9,87.02,56.52,76.94,81.6,49.55,72.0,confirmed_bullish_trend,25.0,bearish_proxy,47.68,49.29,0.0,100,confirmed_bullish_trend,88,fresh_above_zero_cross,59.44,62.255001,0.48,0.02216570,-0.00439786,-0.00280312,0.17706565,4H EMA 多头排列已连续维持；4H MACD 零轴上方刚金叉；4H MACD 柱体连续扩张；4H RSI 位于健康强势区间,
165,PKBK,PARKE BANCORP INC,Financials,Early,Russell,460,70.93,61.31,75.1,91.84,56.52,72.08,76.2,59.41,72.0,confirmed_bullish_trend,61.8,bullish_above_signal_proxy,50.93,47.19,0.0,100,confirmed_bullish_trend,70,bullish_above_signal,59.9,34.283001,0.1,-0.00513633,0.01309105,0.04585119,0.05114208,4H EMA 多头排列已连续维持；4H MACD 位于 Signal 上方；4H RSI 位于健康强势区间,
166,IIIV,I3 VERTICALS CLASS A,Information Technology,Early,Russell,458,70.91,61.31,75.1,91.74,56.52,75.77,80.3,59.41,72.0,confirmed_bullish_trend,61.8,bullish_above_signal_proxy,50.95,47.19,0.0,100,confirmed_bullish_trend,78,bullish_above_signal,64.09,22.149,1.11,0.01787684,0.03548392,0.03500000,0.11245605,4H EMA 多头排列已连续维持；4H MACD 位于 Signal 上方；4H MACD 柱体连续扩张；4H RSI 位于健康强势区间,
167,MSEX,MIDDLESEX WATER,Utilities,Early,Russell,813,70.91,54.61,82.9,86.56,56.52,74.78,79.2,50.67,72.0,confirmed_bullish_trend,25.0,bearish_proxy,51.89,48.38,0.0,100,confirmed_bullish_trend,80,fresh_above_zero_cross,52.97,57.115002,0.15,-0.00008748,-0.00288053,0.02228393,0.08070017,4H EMA 多头排列已连续维持；4H MACD 零轴上方刚金叉；4H RSI 位于健康强势区间,
168,ULH,UNIVERSAL LOGISTICS HOLDINGS INC,Industrials,Early,Russell,9,70.79,79.41,75.1,8.72,56.52,78.58,76.2,72.39,82.0,early_transition,61.8,bullish_above_signal_proxy,79.69,56.19,0.0,100,confirmed_bullish_trend,70,bullish_above_signal,64.44,18.344999,0.14,0.00355569,0.24795912,0.30198715,0.24626352,4H EMA 多头排列已连续维持；4H MACD 位于 Signal 上方；4H RSI 位于健康强势区间,
169,AXGN,AXOGEN,Health Care,Early,Russell,569,70.75,59.15,75.1,95.74,56.52,72.08,76.2,56.35,72.0,confirmed_bullish_trend,49.8,bullish_below_zero_proxy,50.31,48.06,0.0,100,confirmed_bullish_trend,70,bullish_above_signal,63.62,44.970001,0.14,-0.01088747,0.08965353,0.00942765,0.00649062,4H EMA 多头排列已连续维持；4H MACD 位于 Signal 上方；4H RSI 位于健康强势区间,
170,PAX,PATRIA INVESTMENTS LTD CLASS A,Financials,Early,Russell,56,70.69,72.76,65.2,49.92,56.52,58.57,57.3,67.24,100.0,fresh_bullish_cross,49.8,bullish_below_zero_proxy,58.31,48.66,0.0,58,mixed_sideways,70,bullish_above_signal,61.44,11.435,0.15,-0.00305144,0.07119438,0.03390597,0.03765880,4H MACD 位于 Signal 上方；4H RSI 位于健康强势区间,4H EMA 仍偏震荡
171,XZO,EXZEO GROUP INC,Financials,Early,Russell,1041,70.64,52.07,90.4,30.68,56.52,66.41,69.9,43.61,72.0,confirmed_bullish_trend,25.0,bearish_proxy,30.94,43.19,0.0,94,fresh_bullish_cross,58,bullish_above_signal,52.13,16.209999,0.04,0.01059838,-0.01817087,-0.12283555,0.18494145,4H EMA9/26 最近金叉且价格在 EMA50 上方；4H MACD 位于 Signal 上方；4H RSI 位于健康强势区间,
172,EVEX,EVE HOLDING,Industrials,Early,Russell,182,70.51,71.52,87.7,84.97,56.52,63.86,65.4,63.62,100.0,fresh_bullish_cross,49.8,bullish_below_zero_proxy,47.32,46.46,0.0,76,early_transition,70,bullish_above_signal,58.85,2.655,0.21,-0.04667864,0.19325843,0.04527559,-0.01301115,4H EMA9 已站上 EMA26，等待 26/50 确认；4H MACD 位于 Signal 上方；4H RSI 位于健康强势区间,
173,VOR,VOR BIOPHARMA,Health Care,Early,Russell,438,70.5,61.58,75.1,88.4,56.52,72.08,76.2,59.79,72.0,confirmed_bullish_trend,61.8,bullish_above_signal_proxy,51.63,48.33,0.0,100,confirmed_bullish_trend,70,bullish_above_signal,64.86,22.16,0.12,0.00362319,0.13234543,0.10248756,0.49517576,4H EMA 多头排列已连续维持；4H MACD 位于 Signal 上方；4H RSI 位于健康强势区间,
174,ALG,ALAMO GROUP,Industrials,Early,Russell,506,70.48,60.99,75.1,89.64,56.52,72.08,76.2,58.46,72.0,confirmed_bullish_trend,61.8,bullish_above_signal_proxy,48.06,46.61,0.0,100,confirmed_bullish_trend,70,bullish_above_signal,56.0,166.589996,0.09,-0.02976122,0.06142083,0.00216567,0.04671545,4H EMA 多头排列已连续维持；4H MACD 位于 Signal 上方；4H RSI 位于健康强势区间,
175,SAM,BOSTON BEER CLASS A,Consumer Staples,Early,Russell,320,70.45,75.57,50.8,80.19,56.52,43.73,44.7,61.35,82.0,early_transition,61.8,bullish_above_signal_proxy,46.47,49.04,0.0,58,mixed_sideways,28,fresh_bearish_cross,50.7,182.070007,0.1,-0.02317717,-0.02677996,-0.00676445,0.00797211,4H RSI 位于健康强势区间,4H EMA 仍偏震荡；4H MACD 最近死叉
176,FWRD,FORWARD AIR CORP,Industrials,Early,Russell,40,70.43,67.2,82.9,53.98,56.52,81.94,81.6,68.4,72.0,confirmed_bullish_trend,88.8,fresh_above_zero_cross_proxy,57.72,48.54,0.0,100,confirmed_bullish_trend,88,fresh_above_zero_cross,58.76,15.3,0.24,0.01023440,0.04794521,0.16704805,0.17151608,4H EMA 多头排列已连续维持；4H MACD 零轴上方刚金叉；4H MACD 柱体连续扩张；4H RSI 位于健康强势区间,
177,LMNR,LIMONEIRA,Consumer Staples,Early,Russell,836,70.37,54.73,77.5,97.08,56.52,72.62,76.8,50.33,72.0,confirmed_bullish_trend,25.0,bearish_proxy,50.05,49.76,0.0,100,confirmed_bullish_trend,72,fresh_below_zero_cross,56.29,13.53,0.1,0.00857249,0.00520059,0.00744602,0.02267574,4H EMA 多头排列已连续维持；4H MACD 刚金叉但仍需零轴确认；4H MACD 柱体连续扩张；4H RSI 位于健康强势区间,
178,WRBY,WARBY PARKER INC CLASS A,Consumer Discretionary,Early,Russell,585,70.34,58.79,75.1,93.84,56.52,72.08,76.2,55.71,72.0,confirmed_bullish_trend,49.8,bullish_below_zero_proxy,48.82,46.76,0.0,100,confirmed_bullish_trend,70,bullish_above_signal,58.37,28.360001,0.32,-0.04752306,0.09034990,0.01147363,0.10522217,4H EMA 多头排列已连续维持；4H MACD 位于 Signal 上方；4H RSI 位于健康强势区间,
179,SBET,SHARPLINK INC,Financials,Early,Russell,101,70.34,76.6,64.3,41.05,56.52,66.02,67.8,65.45,82.0,early_transition,61.8,bullish_above_signal_proxy,60.14,49.03,0.0,100,confirmed_bullish_trend,42,mixed_or_bearish,56.76,6.355,0.18,0.01598721,0.03670473,0.16498625,0.27882642,4H EMA 多头排列已连续维持；4H RSI 位于健康强势区间,4H MACD 尚未确认多头
180,PPHC,PUBLIC POLICY HOLDING INC,Industrials,Early,Russell,3,70.29,79.96,75.1,4.1,56.52,79.3,77.0,75.32,82.0,early_transition,61.8,bullish_above_signal_proxy,90.05,55.01,0.0,100,confirmed_bullish_trend,70,bullish_above_signal,64.28,11.13,0.94,-0.03301477,0.05397727,0.40176322,0.34582830,4H EMA 多头排列已连续维持；4H MACD 位于 Signal 上方；4H RSI 位于健康强势区间,
181,NTB,BANK OF NT BUTTERFIELD & SON LTD,Financials,Early,Russell,445,70.24,61.41,75.1,87.02,56.52,72.08,76.2,59.7,72.0,confirmed_bullish_trend,61.8,bullish_above_signal_proxy,51.81,47.36,0.0,100,confirmed_bullish_trend,70,bullish_above_signal,55.99,61.810001,0.31,-0.00642980,0.01311265,0.01694640,0.04851569,4H EMA 多头排列已连续维持；4H MACD 位于 Signal 上方；4H RSI 位于健康强势区间,
182,SRBK,SR BANCORP INC,Financials,Early,Russell,443,70.22,61.41,75.1,86.92,56.52,73.61,77.9,59.71,72.0,confirmed_bullish_trend,61.8,bullish_above_signal_proxy,51.86,47.37,0.0,100,confirmed_bullish_trend,70,bullish_above_signal,59.31,19.754999,1.09,0.00457656,0.01934985,0.03429314,0.02013938,4H EMA 多头排列已连续维持；4H MACD 位于 Signal 上方；4H RSI 位于健康强势区间,
183,AURA,AURA BIOSCIENCES,Health Care,Early,Russell,504,70.22,61.14,75.1,87.53,56.52,72.08,76.2,58.51,72.0,confirmed_bullish_trend,61.8,bullish_above_signal_proxy,47.75,47.55,0.0,100,confirmed_bullish_trend,70,bullish_above_signal,52.9,7.115,0.16,-0.01249133,0.01425517,0.01353276,0.01497860,4H EMA 多头排列已连续维持；4H MACD 位于 Signal 上方；4H RSI 位于健康强势区间,
184,WLY,JOHN WILEY AND SONS CLASS A,Communication,Early,Russell,454,70.19,61.22,75.1,87.12,56.52,72.08,76.2,59.54,72.0,confirmed_bullish_trend,61.8,bullish_above_signal_proxy,51.79,46.36,0.0,100,confirmed_bullish_trend,70,bullish_above_signal,60.6,54.220001,0.23,0.00463220,-0.02639609,0.03710792,0.23423631,4H EMA 多头排列已连续维持；4H MACD 位于 Signal 上方；4H RSI 位于健康强势区间,
185,AVNW,AVIAT NETWORKS INC,Information Technology,Early,Russell,49,70.18,67.46,75.1,72.5,56.52,77.08,76.2,67.74,72.0,confirmed_bullish_trend,88.8,fresh_above_zero_cross_proxy,54.15,51.33,0.0,100,confirmed_bullish_trend,70,bullish_above_signal,53.85,21.08,0.09,-0.03236172,0.07770967,0.02604040,0.01870193,4H EMA 多头排列已连续维持；4H MACD 位于 Signal 上方；4H RSI 位于健康强势区间,
186,MNKD,MANNKIND,Health Care,Early,Russell,538,70.13,66.89,92.8,79.63,56.52,70.19,74.1,57.26,100.0,fresh_bullish_cross,25.0,bearish_proxy,46.38,47.28,0.0,94,fresh_bullish_cross,72,fresh_below_zero_cross,55.86,4.105,0.33,0.04055767,0.06762029,-0.02494062,0.04719388,4H EMA9/26 最近金叉且价格在 EMA50 上方；4H MACD 刚金叉但仍需零轴确认；4H MACD 柱体连续扩张；4H RSI 位于健康强势区间,
187,CCS,CENTURY COMMUNITIES INC,Consumer Discretionary,Early,Russell,38,70.12,67.23,82.9,51.87,56.52,81.94,81.6,68.48,72.0,confirmed_bullish_trend,88.8,fresh_above_zero_cross_proxy,57.97,48.59,0.0,100,confirmed_bullish_trend,88,fresh_above_zero_cross,62.69,71.68,0.14,0.01630513,0.02944138,0.09518722,0.14276608,4H EMA 多头排列已连续维持；4H MACD 零轴上方刚金叉；4H MACD 柱体连续扩张；4H RSI 位于健康强势区间,
188,CNNE,CANNAE HOLDINGS INC,Financials,Early,Russell,809,70.12,54.5,82.9,81.58,56.52,74.78,79.2,50.75,72.0,confirmed_bullish_trend,25.0,bearish_proxy,52.59,47.52,0.0,100,confirmed_bullish_trend,80,fresh_above_zero_cross,54.86,14.96,0.13,0.00335345,0.00605245,0.03636993,0.08405797,4H EMA 多头排列已连续维持；4H MACD 零轴上方刚金叉；4H RSI 位于健康强势区间,
189,AMBP,ARDAGH METAL PACKAGING SA,Materials,Early,Russell,37,70.07,67.24,82.9,51.51,56.52,81.94,81.6,68.5,72.0,confirmed_bullish_trend,88.8,fresh_above_zero_cross_proxy,58.02,48.6,0.0,100,confirmed_bullish_trend,88,fresh_above_zero_cross,62.86,5.11,0.21,0.04928131,0.02816901,0.07465825,0.11572052,4H EMA 多头排列已连续维持；4H MACD 零轴上方刚金叉；4H MACD 柱体连续扩张；4H RSI 位于健康强势区间,
190,ISTR,INVESTAR HOLDING CORP,Financials,Early,Russell,441,70.0,61.43,75.1,85.38,56.52,72.08,76.2,59.77,72.0,confirmed_bullish_trend,61.8,bullish_above_signal_proxy,52.04,47.41,0.0,100,confirmed_bullish_trend,70,bullish_above_signal,56.83,30.41,0.11,-0.00976877,0.02064105,0.04108186,0.01807831,4H EMA 多头排列已连续维持；4H MACD 位于 Signal 上方；4H RSI 位于健康强势区间,
191,CMT,CORE MOLDING TECHNOLOGIES INC,Materials,Early,Russell,58,69.98,66.8,75.1,72.7,56.52,75.58,76.2,67.22,72.0,confirmed_bullish_trend,88.8,fresh_above_zero_cross_proxy,54.14,47.83,0.0,100,confirmed_bullish_trend,70,bullish_above_signal,52.92,24.52,0.02,-0.01959216,0.04207390,0.05055698,0.03766403,4H EMA 多头排列已连续维持；4H MACD 位于 Signal 上方；4H RSI 位于健康强势区间,
192,PHR,PHREESIA INC,Health Care,Early,Russell,422,69.93,61.64,75.1,84.45,56.52,72.08,76.2,59.97,72.0,confirmed_bullish_trend,61.8,bullish_above_signal_proxy,52.19,48.44,0.0,100,confirmed_bullish_trend,70,bullish_above_signal,63.35,11.425,0.18,0.01106195,0.02512337,0.04337900,0.24727074,4H EMA 多头排列已连续维持；4H MACD 位于 Signal 上方；4H RSI 位于健康强势区间,
193,RDNT,RADNET,Health Care,Early,Russell,507,69.93,61.11,75.1,85.68,56.52,72.08,76.2,58.42,72.0,confirmed_bullish_trend,61.8,bullish_above_signal_proxy,47.47,47.49,0.0,100,confirmed_bullish_trend,70,bullish_above_signal,59.2,66.879997,0.21,-0.01211226,0.05472318,-0.01429626,0.19056517,4H EMA 多头排列已连续维持；4H MACD 位于 Signal 上方；4H RSI 位于健康强势区间,
194,MSGE,MADISON SQUARE GARDEN ENTERTAINMEN,Communication,Early,Russell,450,69.9,61.25,75.1,85.17,56.52,74.24,78.6,59.63,72.0,confirmed_bullish_trend,61.8,bullish_above_signal_proxy,52.05,46.41,0.0,100,confirmed_bullish_trend,78,bullish_above_signal,57.11,78.184998,0.2,0.00172960,0.02874997,0.04288378,0.02426884,4H EMA 多头排列已连续维持；4H MACD 位于 Signal 上方；4H MACD 柱体连续扩张；4H RSI 位于健康强势区间,
195,AVNT,AVIENT CORP,Materials,Early,Russell,512,69.88,60.92,75.1,85.79,56.52,74.96,79.4,58.27,72.0,confirmed_bullish_trend,61.8,bullish_above_signal_proxy,47.48,46.5,0.0,100,confirmed_bullish_trend,78,bullish_above_signal,59.28,38.099998,0.66,-0.00104879,0.06113352,-0.00026248,0.06543625,4H EMA 多头排列已连续维持；4H MACD 位于 Signal 上方；4H MACD 柱体连续扩张；4H RSI 位于健康强势区间,
196,WEN,WENDYS,Consumer Discretionary,Early,Russell,147,69.85,65.83,75.1,74.09,56.52,75.74,78.6,64.38,72.0,confirmed_bullish_trend,88.8,fresh_above_zero_cross_proxy,45.55,46.11,0.0,100,confirmed_bullish_trend,78,bullish_above_signal,61.19,7.8999,0.15,0.02729519,0.03266667,0.01541131,0.26396378,4H EMA 多头排列已连续维持；4H MACD 位于 Signal 上方；4H MACD 柱体连续扩张；4H RSI 位于健康强势区间,
197,COUR,COURSERA,Consumer Discretionary,Early,Russell,513,69.83,60.92,75.1,85.48,56.52,72.08,76.2,58.26,72.0,confirmed_bullish_trend,61.8,bullish_above_signal_proxy,47.45,46.49,0.0,100,confirmed_bullish_trend,70,bullish_above_signal,53.81,5.85,0.07,-0.02500000,-0.05492730,0.00775194,0.08133087,4H EMA 多头排列已连续维持；4H MACD 位于 Signal 上方；4H RSI 位于健康强势区间,
198,PJT,PJT PARTNERS CLASS A,Financials,Early,Russell,435,69.79,61.46,75.1,83.94,56.52,74.24,78.6,59.84,72.0,confirmed_bullish_trend,61.8,bullish_above_signal_proxy,52.23,47.45,0.0,100,confirmed_bullish_trend,78,bullish_above_signal,61.93,173.304993,0.06,0.00303851,0.05071536,0.02723600,0.11615243,4H EMA 多头排列已连续维持；4H MACD 位于 Signal 上方；4H MACD 柱体连续扩张；4H RSI 位于健康强势区间,
199,FTDR,FRONTDOOR INC,Consumer Discretionary,Early,Russell,149,69.78,65.83,75.1,73.68,56.52,73.58,76.2,64.36,72.0,confirmed_bullish_trend,88.8,fresh_above_zero_cross_proxy,45.48,46.1,0.0,100,confirmed_bullish_trend,70,bullish_above_signal,60.23,76.339996,0.18,-0.00423929,0.01827391,-0.02627559,0.04261124,4H EMA 多头排列已连续维持；4H MACD 位于 Signal 上方；4H RSI 位于健康强势区间,
200,CCSI,CONSENSUS CLOUD SOLUTIONS INC,Information Technology,Early,Russell,390,69.77,62.09,75.1,82.35,56.52,72.08,76.2,60.39,72.0,confirmed_bullish_trend,61.8,bullish_above_signal_proxy,52.44,50.74,0.0,100,confirmed_bullish_trend,70,bullish_above_signal,60.36,38.275002,0.23,0.00380281,0.04748224,0.04391111,0.13273160,4H EMA 多头排列已连续维持；4H MACD 位于 Signal 上方；4H RSI 位于健康强势区间,
201,ZURA,ZURA BIO LTD CLASS A,Health Care,Early,Russell,777,69.76,54.85,75.1,99.13,56.52,72.08,76.2,51.21,75.0,confirmed_bullish_trend,26.35,bearish_proxy,49.77,47.95,0.0,100,confirmed_bullish_trend,70,bullish_above_signal,55.05,5.57,0.21,-0.00889680,0.04896422,0.09753695,0.29234339,4H EMA 多头排列已连续维持；4H MACD 位于 Signal 上方；4H RSI 位于健康强势区间,
202,CMTV,COMMUNITY BANCORP VT,Financials,Early,Russell,249,69.75,62.38,82.9,60.7,56.52,78.44,81.6,62.36,75.0,confirmed_bullish_trend,63.15,bullish_above_signal_proxy,56.14,48.23,0.0,100,confirmed_bullish_trend,88,fresh_above_zero_cross,55.1,40.790001,0.53,0.00990349,-0.00024505,0.03200503,0.00384911,4H EMA 多头排列已连续维持；4H MACD 零轴上方刚金叉；4H MACD 柱体连续扩张；4H RSI 位于健康强势区间,
203,NVRI,ENVIRI CORP,Industrials,Early,Russell,516,69.75,60.9,75.1,84.97,56.52,72.08,76.2,58.21,72.0,confirmed_bullish_trend,61.8,bullish_above_signal_proxy,47.32,46.46,0.0,100,confirmed_bullish_trend,70,bullish_above_signal,55.28,23.205,0.1,-0.03070179,0.04432948,0.03041741,0.05477273,4H EMA 多头排列已连续维持；4H MACD 位于 Signal 上方；4H RSI 位于健康强势区间,
204,TRDA,ENTRADA THERAPEUTICS,Health Care,Early,Russell,356,69.74,70.74,65.2,48.33,56.52,55.07,57.3,60.91,100.0,fresh_bullish_cross,49.8,bullish_below_zero_proxy,38.67,45.73,0.0,58,mixed_sideways,70,bullish_above_signal,60.22,7.15,0.27,-0.01311249,0.09160305,-0.04026846,-0.01243094,4H MACD 位于 Signal 上方；4H RSI 位于健康强势区间,4H EMA 仍偏震荡
205,QDEL,QUIDELORTHO CORP,Health Care,Early,Russell,863,69.65,54.37,75.1,99.54,56.52,72.08,76.2,49.95,72.0,confirmed_bullish_trend,25.0,bearish_proxy,49.69,47.94,0.0,100,confirmed_bullish_trend,70,bullish_above_signal,55.43,17.395,0.21,0.01133715,0.05488175,0.02444052,0.45625785,4H EMA 多头排列已连续维持；4H MACD 位于 Signal 上方；4H RSI 位于健康强势区间,
206,EAF,GRAFTECH INTERNATIONAL LTD,Industrials,Early,Russell,17,69.64,76.95,75.1,6.77,56.52,80.74,78.6,70.17,82.0,early_transition,49.8,bullish_below_zero_proxy,83.55,53.71,0.0,100,confirmed_bullish_trend,78,bullish_above_signal,58.26,7.625,0.38,-0.01992288,0.08002833,0.41465677,0.08540925,4H EMA 多头排列已连续维持；4H MACD 位于 Signal 上方；4H MACD 柱体连续扩张；4H RSI 位于健康强势区间,
207,CADL,CANDEL THERAPEUTICS INC,Health Care,Early,Russell,415,69.63,61.67,75.1,82.35,56.52,72.08,76.2,60.06,72.0,confirmed_bullish_trend,61.8,bullish_above_signal_proxy,52.44,48.49,0.0,100,confirmed_bullish_trend,70,bullish_above_signal,57.96,10.35,0.09,0.00193611,0.10106383,0.05129507,0.14049587,4H EMA 多头排列已连续维持；4H MACD 位于 Signal 上方；4H RSI 位于健康强势区间,
208,PGC,PEAPACK GLADSTONE FINANCIAL CORP,Financials,Early,Russell,866,69.58,54.19,75.1,99.49,56.52,74.24,78.6,49.82,72.0,confirmed_bullish_trend,25.0,bearish_proxy,49.75,46.95,0.0,100,confirmed_bullish_trend,78,bullish_above_signal,52.03,46.639999,0.13,0.00075097,0.01413344,-0.00871413,0.01878550,4H EMA 多头排列已连续维持；4H MACD 位于 Signal 上方；4H MACD 柱体连续扩张；4H RSI 位于健康强势区间,
209,PDLB,PONCE FINANCIAL GROUP INC,Financials,Early,Russell,427,69.58,61.48,75.1,82.5,56.52,72.8,77.0,59.9,72.0,confirmed_bullish_trend,61.8,bullish_above_signal_proxy,52.41,47.48,0.0,100,confirmed_bullish_trend,70,bullish_above_signal,57.43,20.514999,0.79,-0.00218872,0.02217235,0.02268196,0.04242881,4H EMA 多头排列已连续维持；4H MACD 位于 Signal 上方；4H RSI 位于健康强势区间,
210,HAFC,HANMI FINANCIAL CORP,Financials,Early,Russell,868,69.58,54.18,75.1,99.54,56.52,68.84,72.6,49.8,72.0,confirmed_bullish_trend,25.0,bearish_proxy,49.69,46.94,0.0,100,confirmed_bullish_trend,58,bullish_above_signal,54.79,32.310001,0.15,-0.00965514,0.02376432,0.00435197,0.01063503,4H EMA 多头排列已连续维持；4H MACD 位于 Signal 上方；4H RSI 位于健康强势区间,
211,CALY,CALLAWAY GOLF COMPANY,Consumer Discretionary,Early,Russell,35,69.56,67.34,75.1,68.65,56.52,77.08,76.2,68.63,75.0,confirmed_bullish_trend,90.15,fresh_above_zero_cross_proxy,54.68,47.94,0.0,100,confirmed_bullish_trend,70,bullish_above_signal,56.44,19.07,0.27,-0.02554931,0.04493151,0.04895490,0.06476829,4H EMA 多头排列已连续维持；4H MACD 位于 Signal 上方；4H RSI 位于健康强势区间,
212,DGII,DIGI INTERNATIONAL,Information Technology,Early,Russell,425,69.5,61.48,75.1,81.94,56.52,72.08,76.2,59.92,72.0,confirmed_bullish_trend,61.8,bullish_above_signal_proxy,52.48,47.5,0.0,100,confirmed_bullish_trend,70,bullish_above_signal,65.08,72.730003,0.23,-0.01289355,0.10936555,0.03692621,0.05681492,4H EMA 多头排列已连续维持；4H MACD 位于 Signal 上方；4H RSI 位于健康强势区间,
213,HTH,HILLTOP HOLDINGS,Financials,Early,Russell,426,69.5,61.48,75.1,81.94,56.52,72.08,76.2,59.92,72.0,confirmed_bullish_trend,61.8,bullish_above_signal_proxy,52.48,47.5,0.0,100,confirmed_bullish_trend,70,bullish_above_signal,56.4,39.799999,0.2,-0.01252949,0.00683026,0.03457234,0.02948782,4H EMA 多头排列已连续维持；4H MACD 位于 Signal 上方；4H RSI 位于健康强势区间,
214,AI,C3 AI INC CLASS A,Information Technology,Early,Russell,229,69.5,74.41,65.2,38.17,56.52,51.71,51.9,62.73,82.0,early_transition,49.8,bullish_below_zero_proxy,61.01,49.2,0.0,46,mixed_sideways,70,bullish_above_signal,67.01,9.89,0.1,-0.00553042,0.11751412,0.10812325,0.02327988,4H MACD 位于 Signal 上方；4H RSI 位于健康强势区间,4H EMA 仍偏震荡；4H 相对 EMA26 超过 2 ATR，短线偏追高
215,RNST,RENASANT CORP,Financials,Early,Russell,424,69.48,61.49,75.1,81.79,56.52,72.08,76.2,59.93,72.0,confirmed_bullish_trend,61.8,bullish_above_signal_proxy,52.52,47.5,0.0,100,confirmed_bullish_trend,70,bullish_above_signal,57.1,44.139999,0.15,-0.00652714,0.00741755,0.03858821,0.03275613,4H EMA 多头排列已连续维持；4H MACD 位于 Signal 上方；4H RSI 位于健康强势区间,
216,FRST,PRIMIS FINANCIAL CORP,Financials,Early,Russell,423,69.41,61.5,75.1,81.32,56.52,72.08,76.2,59.96,72.0,confirmed_bullish_trend,61.8,bullish_above_signal_proxy,52.61,47.52,0.0,100,confirmed_bullish_trend,70,bullish_above_signal,62.55,16.459999,0.33,-0.00357164,0.02682458,0.04507930,0.05310294,4H EMA 多头排列已连续维持；4H MACD 位于 Signal 上方；4H RSI 位于健康强势区间,
217,FRD,FRIEDMAN INDUSTRIES INC,Materials,Early,Russell,786,69.39,54.61,82.9,76.4,56.52,76.94,81.6,51.07,72.0,confirmed_bullish_trend,25.0,bearish_proxy,53.54,47.71,0.0,100,confirmed_bullish_trend,88,fresh_above_zero_cross,59.68,36.450001,0.19,0.03345622,0.06954222,0.12465292,0.03698432,4H EMA 多头排列已连续维持；4H MACD 零轴上方刚金叉；4H MACD 柱体连续扩张；4H RSI 位于健康强势区间,
218,SWIM,LATHAM GROUP INC,Consumer Discretionary,Early,Russell,482,69.37,73.83,75.4,9.03,0.15,60.38,63.2,58.95,100.0,fresh_bullish_cross,69.55,fresh_below_zero_cross_proxy,79.24,52.85,20.14,82,fresh_bullish_cross,66,bullish_above_signal,75.78,7.24,0.88,0.25476603,0.28596803,0.22607959,0.23339012,4H EMA9/26 最近金叉且价格在 EMA50 上方；4H MACD 位于 Signal 上方；4H MACD 柱体连续扩张,4H 相对 EMA26 超过 2 ATR，短线偏追高；4H RSI 过热
219,WSBF,WATERSTONE FINANCIAL INC,Financials,Early,Russell,420,69.33,61.51,75.1,80.76,56.52,72.08,76.2,59.99,72.0,confirmed_bullish_trend,61.8,bullish_above_signal_proxy,52.69,47.54,0.0,100,confirmed_bullish_trend,70,bullish_above_signal,63.12,20.885599,0.0,-0.00663025,0.01484932,0.04167581,0.07436203,4H EMA 多头排列已连续维持；4H MACD 位于 Signal 上方；4H RSI 位于健康强势区间,
220,MC,MOELIS CLASS A,Financials,Early,Russell,419,69.3,61.51,75.1,80.55,56.52,74.24,78.6,60.01,72.0,confirmed_bullish_trend,61.8,bullish_above_signal_proxy,52.75,47.55,0.0,100,confirmed_bullish_trend,78,bullish_above_signal,57.77,69.449997,0.11,0.00136968,0.06420464,-0.00643784,0.03209981,4H EMA 多头排列已连续维持；4H MACD 位于 Signal 上方；4H MACD 柱体连续扩张；4H RSI 位于健康强势区间,
221,WGS,GENEDX HOLDINGS CLASS A,Health Care,Early,Russell,401,69.27,61.73,75.1,79.84,56.52,72.08,76.2,60.23,72.0,confirmed_bullish_trend,61.8,bullish_above_signal_proxy,52.98,48.6,0.0,100,confirmed_bullish_trend,70,bullish_above_signal,61.34,70.279999,0.15,0.00171030,0.10485769,0.07363275,0.21130643,4H EMA 多头排列已连续维持；4H MACD 位于 Signal 上方；4H RSI 位于健康强势区间,
222,NGVT,INGEVITY,Materials,Early,Russell,54,69.2,66.89,75.1,67.32,56.52,74.5,75.0,67.47,72.0,confirmed_bullish_trend,88.8,fresh_above_zero_cross_proxy,54.9,47.98,0.0,100,confirmed_bullish_trend,66,bullish_above_signal,59.9,75.959999,0.18,0.00809557,0.07561591,0.03530048,0.04512932,4H EMA 多头排列已连续维持；4H MACD 位于 Signal 上方；4H MACD 柱体连续扩张；4H RSI 位于健康强势区间,
223,EWTX,EDGEWISE THERAPEUTICS INC,Health Care,Early,Russell,51,69.18,67.08,75.1,66.7,56.52,77.74,78.6,67.65,72.0,confirmed_bullish_trend,88.8,fresh_above_zero_cross_proxy,55.0,49.0,0.0,100,confirmed_bullish_trend,78,bullish_above_signal,63.49,44.575001,0.26,0.02095742,0.12251327,0.03278501,0.14721403,4H EMA 多头排列已连续维持；4H MACD 位于 Signal 上方；4H MACD 柱体连续扩张；4H RSI 位于健康强势区间,
224,BFC,BANK FIRST CORP,Financials,Early,Russell,411,69.18,61.54,75.1,79.63,56.52,72.08,76.2,60.09,72.0,confirmed_bullish_trend,61.8,bullish_above_signal_proxy,53.0,47.6,0.0,100,confirmed_bullish_trend,70,bullish_above_signal,65.49,156.205002,0.08,-0.00239494,0.02990047,0.04463989,0.08062953,4H EMA 多头排列已连续维持；4H MACD 位于 Signal 上方；4H RSI 位于健康强势区间,
225,SFST,SOUTHERN FIRST BANCSHARES INC,Financials,Early,Russell,413,69.18,61.54,75.1,79.63,56.52,72.08,76.2,60.09,72.0,confirmed_bullish_trend,61.8,bullish_above_signal_proxy,53.0,47.6,0.0,100,confirmed_bullish_trend,70,bullish_above_signal,56.65,63.369999,0.14,-0.02417621,0.03410574,0.03749176,0.06138509,4H EMA 多头排列已连续维持；4H MACD 位于 Signal 上方；4H RSI 位于健康强势区间,
226,LOVE,LOVESAC COMPANY,Consumer Discretionary,Early,Russell,32,69.13,67.4,75.1,65.67,56.52,71.55,70.05,68.79,75.0,confirmed_bullish_trend,90.15,fresh_above_zero_cross_proxy,55.17,48.03,0.0,89,confirmed_bullish_trend,66,bullish_above_signal,65.54,18.530001,0.43,0.01534252,0.11963759,0.00761294,0.27091914,4H EMA 多头排列已连续维持；4H MACD 位于 Signal 上方；4H MACD 柱体连续扩张；4H RSI 位于健康强势区间,4H 相对 EMA26 超过 2 ATR，短线偏追高
227,HAPN,HAPPEN,Financials,Early,Russell,408,69.12,61.55,75.1,79.22,56.52,72.08,76.2,60.13,72.0,confirmed_bullish_trend,61.8,bullish_above_signal_proxy,53.12,47.62,0.0,100,confirmed_bullish_trend,70,bullish_above_signal,58.38,20.370001,0.15,-0.03915094,0.09870550,0.04515141,0.07493403,4H EMA 多头排列已连续维持；4H MACD 位于 Signal 上方；4H RSI 位于健康强势区间,
228,PFBC,PREFERRED BANK,Financials,Early,Russell,877,69.12,54.13,75.1,96.56,56.52,72.08,76.2,49.67,72.0,confirmed_bullish_trend,25.0,bearish_proxy,49.29,46.86,0.0,100,confirmed_bullish_trend,70,bullish_above_signal,57.3,106.669998,0.05,-0.00401494,0.02066784,0.01243353,0.04753016,4H EMA 多头排列已连续维持；4H MACD 位于 Signal 上方；4H RSI 位于健康强势区间,
229,SPT,SPROUT SOCIAL CLASS A,Information Technology,Early,Russell,407,69.04,61.56,75.1,78.71,56.52,72.08,76.2,60.15,72.0,confirmed_bullish_trend,61.8,bullish_above_signal_proxy,53.18,47.64,0.0,100,confirmed_bullish_trend,70,bullish_above_signal,55.06,8.65,0.27,-0.00345622,-0.01871809,0.05295192,0.32262997,4H EMA 多头排列已连续维持；4H MACD 位于 Signal 上方；4H RSI 位于健康强势区间,
230,RJET,REPUBLIC AIRWAYS HOLDINGS INC,Industrials,Early,Russell,524,69.04,60.81,75.1,80.45,56.52,72.08,76.2,57.95,72.0,confirmed_bullish_trend,61.8,bullish_above_signal_proxy,46.52,46.3,0.0,100,confirmed_bullish_trend,70,bullish_above_signal,65.21,21.82,0.09,0.00725668,0.21154914,0.04351985,0.23906864,4H EMA 多头排列已连续维持；4H MACD 位于 Signal 上方；4H RSI 位于健康强势区间,
231,FFIN,FIRST FINANCIAL BANKSHARES INC,Financials,Early,Russell,861,68.99,54.25,75.1,95.38,56.52,72.08,76.2,50.01,72.0,confirmed_bullish_trend,25.0,bearish_proxy,50.35,47.07,0.0,100,confirmed_bullish_trend,70,bullish_above_signal,55.04,35.395,0.17,-0.00743130,0.00468351,0.02120600,0.05625193,4H EMA 多头排列已连续维持；4H MACD 位于 Signal 上方；4H RSI 位于健康强势区间,
232,AVTX,AVALO THERAPEUTICS INC,Health Care,Early,Russell,1004,68.98,53.0,79.6,46.28,56.52,61.82,64.8,45.93,72.0,confirmed_bullish_trend,25.0,bearish_proxy,37.52,45.5,0.0,88,fresh_bullish_cross,50,mixed_or_bearish,54.18,19.084999,0.24,0.07053710,0.00447363,-0.00857148,0.07279359,4H EMA9/26 最近金叉且价格在 EMA50 上方；4H MACD 柱体连续扩张；4H RSI 位于健康强势区间,4H MACD 尚未确认多头
233,TILE,INTERFACE,Industrials,Early,Russell,404,68.97,61.57,75.1,78.19,56.52,72.08,76.2,60.18,72.0,confirmed_bullish_trend,61.8,bullish_above_signal_proxy,53.26,47.65,0.0,100,confirmed_bullish_trend,70,bullish_above_signal,60.87,35.25,0.26,-0.00028355,0.05192486,0.04723708,0.08729186,4H EMA 多头排列已连续维持；4H MACD 位于 Signal 上方；4H RSI 位于健康强势区间,
234,ELE,ELEMENTAL ROYALTY CORP,Materials,Early,Russell,313,68.96,73.98,57.2,56.9,56.52,50.39,52.1,61.46,82.0,early_transition,49.8,bullish_below_zero_proxy,57.17,48.43,0.0,46,mixed_sideways,78,bullish_above_signal,71.0,17.76,0.25,0.06730776,0.17538054,0.09629623,0.12977099,4H MACD 位于 Signal 上方；4H MACD 柱体连续扩张,4H EMA 仍偏震荡；4H 相对 EMA26 超过 2 ATR，短线偏追高；4H RSI 偏热
235,UFCS,UNITED FIRE GROUP INC,Financials,Early,Russell,405,68.94,61.57,75.1,77.99,56.52,74.24,78.6,60.18,72.0,confirmed_bullish_trend,61.8,bullish_above_signal_proxy,53.28,47.66,0.0,100,confirmed_bullish_trend,78,bullish_above_signal,63.35,54.119999,0.17,-0.00551266,0.03262734,0.02987631,0.07808761,4H EMA 多头排列已连续维持；4H MACD 位于 Signal 上方；4H MACD 柱体连续扩张；4H RSI 位于健康强势区间,
236,ABEO,ABEONA THERAPEUTICS INC,Health Care,Early,Russell,848,68.93,54.45,75.1,94.51,56.52,68.84,72.6,50.2,72.0,confirmed_bullish_trend,25.0,bearish_proxy,50.45,48.09,0.0,100,confirmed_bullish_trend,58,bullish_above_signal,58.47,6.725,0.14,0.01739788,0.07772436,0.02515244,0.17467249,4H EMA 多头排列已连续维持；4H MACD 位于 Signal 上方；4H RSI 位于健康强势区间,
237,CATY,CATHAY GENERAL BANCORP,Financials,Early,Russell,403,68.9,61.58,75.1,77.68,56.52,72.08,76.2,60.19,72.0,confirmed_bullish_trend,61.8,bullish_above_signal_proxy,53.3,47.66,0.0,100,confirmed_bullish_trend,70,bullish_above_signal,60.62,64.129997,0.13,-0.01110256,0.01407329,0.04335796,0.05321068,4H EMA 多头排列已连续维持；4H MACD 位于 Signal 上方；4H RSI 位于健康强势区间,
238,BH,BIGLARI HOLDINGS INCINARY CLASS B,Consumer Discretionary,Early,Russell,857,68.88,54.26,75.1,94.66,56.52,72.08,76.2,50.05,72.0,confirmed_bullish_trend,25.0,bearish_proxy,50.44,47.09,0.0,100,confirmed_bullish_trend,70,bullish_above_signal,54.38,395.630005,0.01,0.00324585,0.03192569,-0.04171007,0.13562776,4H EMA 多头排列已连续维持；4H MACD 位于 Signal 上方；4H RSI 位于健康强势区间,
239,SMBC,SOUTHERN MISSOURI BANCORP INC,Financials,Early,Russell,402,68.86,61.58,75.1,77.42,56.52,72.08,76.2,60.21,72.0,confirmed_bullish_trend,61.8,bullish_above_signal_proxy,53.36,47.67,0.0,100,confirmed_bullish_trend,70,bullish_above_signal,60.06,79.110001,0.37,-0.00503083,0.01008684,0.04174347,0.07326010,4H EMA 多头排列已连续维持；4H MACD 位于 Signal 上方；4H RSI 位于健康强势区间,
240,DLO,DLOCAL CLASS A,Financials,Early,Russell,883,68.86,54.11,75.1,94.87,56.52,72.08,76.2,49.6,72.0,confirmed_bullish_trend,25.0,bearish_proxy,49.09,46.82,0.0,100,confirmed_bullish_trend,70,bullish_above_signal,60.52,15.245,0.11,-0.00586893,0.04561043,0.02418542,0.25576606,4H EMA 多头排列已连续维持；4H MACD 位于 Signal 上方；4H RSI 位于健康强势区间,
241,SPFI,SOUTH PLAINS FINANCIAL INC,Financials,Early,Russell,304,68.84,62.05,82.9,55.41,56.52,74.78,79.2,61.57,72.0,confirmed_bullish_trend,61.8,bullish_above_signal_proxy,57.48,48.5,0.0,100,confirmed_bullish_trend,80,fresh_above_zero_cross,58.97,45.400002,0.24,-0.00351183,0.00754552,0.06397947,0.09108390,4H EMA 多头排列已连续维持；4H MACD 零轴上方刚金叉；4H RSI 位于健康强势区间,
242,CVBF,CVB FINANCIAL CORP,Financials,Early,Russell,855,68.79,54.27,75.1,94.05,56.52,72.08,76.2,50.08,72.0,confirmed_bullish_trend,25.0,bearish_proxy,50.55,47.11,0.0,100,confirmed_bullish_trend,70,bullish_above_signal,57.25,23.01,0.17,-0.01032258,0.00832603,0.01904340,0.06824508,4H EMA 多头排列已连续维持；4H MACD 位于 Signal 上方；4H RSI 位于健康强势区间,
243,MBX,MBX BIOSCIENCES,Health Care,Early,Russell,843,68.75,54.47,75.1,93.28,56.52,72.08,76.2,50.27,72.0,confirmed_bullish_trend,25.0,bearish_proxy,50.65,48.13,0.0,100,confirmed_bullish_trend,70,bullish_above_signal,62.02,68.199997,0.21,0.00190975,0.06645811,0.09911359,0.46951082,4H EMA 多头排列已连续维持；4H MACD 位于 Signal 上方；4H RSI 位于健康强势区间,
244,TFIN,TRIUMPH FINANCIAL,Financials,Early,Russell,853,68.72,54.28,75.1,93.54,56.52,71.0,75.0,50.1,72.0,confirmed_bullish_trend,25.0,bearish_proxy,50.62,47.12,0.0,100,confirmed_bullish_trend,66,bullish_above_signal,56.38,79.059998,0.11,0.00317219,0.04108501,0.02164497,0.06866714,4H EMA 多头排列已连续维持；4H MACD 位于 Signal 上方；4H MACD 柱体连续扩张；4H RSI 位于健康强势区间,
245,NECB,NORTHEAST COMMUNITY BANCORP INC,Financials,Early,Russell,851,68.65,54.29,75.1,93.02,56.52,72.08,76.2,50.12,72.0,confirmed_bullish_trend,25.0,bearish_proxy,50.67,47.13,0.0,100,confirmed_bullish_trend,70,bullish_above_signal,55.14,27.174999,0.42,-0.00018400,0.00499253,0.01588781,0.01969977,4H EMA 多头排列已连续维持；4H MACD 位于 Signal 上方；4H RSI 位于健康强势区间,
246,OSIS,OSI SYSTEMS,Information Technology,Early,Russell,693,68.65,73.05,67.1,61.78,9.8,65.64,69.05,52.89,82.0,early_transition,59.55,bullish_above_signal_proxy,55.98,48.2,10.62,89,confirmed_bullish_trend,70,bullish_above_signal,71.65,236.020004,0.19,-0.00276750,0.10387730,0.07756931,0.09572893,4H EMA 多头排列已连续维持；4H MACD 位于 Signal 上方,4H 相对 EMA26 超过 2 ATR，短线偏追高；4H RSI 偏热
247,XPEL,XPEL,Consumer Discretionary,Early,Russell,702,68.62,68.56,57.2,99.33,8.49,50.39,52.1,52.62,100.0,fresh_bullish_cross,47.55,bullish_below_zero_proxy,49.67,46.93,11.2,46,mixed_sideways,78,bullish_above_signal,73.8,50.130001,0.51,0.07934118,0.12879984,0.00099838,0.09120597,4H MACD 位于 Signal 上方；4H MACD 柱体连续扩张,4H EMA 仍偏震荡；4H 相对 EMA26 超过 2 ATR，短线偏追高；4H RSI 偏热
248,NTGR,NETGEAR,Information Technology,Early,Russell,64,68.55,77.13,64.3,27.91,56.52,70.18,70.2,67.02,82.0,early_transition,61.8,bullish_above_signal_proxy,64.92,49.98,0.0,100,confirmed_bullish_trend,50,mixed_or_bearish,54.29,24.35,0.33,-0.00935720,0.06751429,0.13678805,0.04686156,4H EMA 多头排列已连续维持；4H MACD 柱体连续扩张；4H RSI 位于健康强势区间,4H MACD 尚未确认多头
249,WSBC,WESBANCO,Financials,Early,Russell,762,68.52,54.72,82.9,70.4,56.52,74.78,79.2,51.38,72.0,confirmed_bullish_trend,25.0,bearish_proxy,54.48,47.9,0.0,100,confirmed_bullish_trend,80,fresh_above_zero_cross,61.3,42.060001,0.14,-0.00778481,0.00381859,0.06982073,0.12821894,4H EMA 多头排列已连续维持；4H MACD 零轴上方刚金叉；4H RSI 位于健康强势区间,
250,VLY,VALLEY NATIONAL,Financials,Early,Russell,891,68.51,54.06,75.1,92.66,56.52,68.84,72.6,49.46,72.0,confirmed_bullish_trend,25.0,bearish_proxy,48.67,46.73,0.0,100,confirmed_bullish_trend,58,bullish_above_signal,57.21,14.765,0.13,-0.01005699,0.03468816,-0.00672721,0.02641641,4H EMA 多头排列已连续维持；4H MACD 位于 Signal 上方；4H RSI 位于健康强势区间,
251,SENEA,SENECA FOODS CLASS A,Consumer Staples,Early,Russell,168,68.44,66.09,75.1,64.14,56.52,73.58,76.2,64.02,72.0,confirmed_bullish_trend,88.8,fresh_above_zero_cross_proxy,43.2,48.39,0.0,100,confirmed_bullish_trend,70,bullish_above_signal,57.14,172.660004,0.17,-0.00317535,0.01684335,-0.02885421,0.07432417,4H EMA 多头排列已连续维持；4H MACD 位于 Signal 上方；4H RSI 位于健康强势区间,
252,NCNO,NCINO,Information Technology,Early,Russell,393,68.42,61.64,75.1,74.35,56.52,72.08,76.2,60.37,72.0,confirmed_bullish_trend,61.8,bullish_above_signal_proxy,53.84,47.77,0.0,100,confirmed_bullish_trend,70,bullish_above_signal,60.97,19.195,0.11,-0.00363348,0.01884289,0.06343496,0.31382615,4H EMA 多头排列已连续维持；4H MACD 位于 Signal 上方；4H RSI 位于健康强势区间,
253,RAPP,RAPPORT THERAPEUTICS,Health Care,Early,Russell,756,68.4,54.92,82.9,69.11,56.52,76.94,81.6,51.57,72.0,confirmed_bullish_trend,25.0,bearish_proxy,54.6,48.92,0.0,100,confirmed_bullish_trend,88,fresh_above_zero_cross,52.67,41.900002,0.12,0.01171076,0.02419951,0.05594763,0.07822957,4H EMA 多头排列已连续维持；4H MACD 零轴上方刚金叉；4H MACD 柱体连续扩张；4H RSI 位于健康强势区间,
254,DAVE,DAVE CLASS A,Financials,Early,Russell,845,68.39,54.33,75.1,91.23,56.52,71.0,75.0,50.25,72.0,confirmed_bullish_trend,25.0,bearish_proxy,51.05,47.21,0.0,100,confirmed_bullish_trend,66,bullish_above_signal,58.12,423.095001,0.25,-0.01159883,0.11581573,0.10529270,0.32940045,4H EMA 多头排列已连续维持；4H MACD 位于 Signal 上方；4H MACD 柱体连续扩张；4H RSI 位于健康强势区间,
255,FSS,FEDERAL SIGNAL CORP,Industrials,Early,Russell,392,68.36,61.64,75.1,73.99,56.52,72.08,76.2,60.38,72.0,confirmed_bullish_trend,61.8,bullish_above_signal_proxy,53.88,47.78,0.0,100,confirmed_bullish_trend,70,bullish_above_signal,64.36,130.509995,0.2,-0.00862174,0.16495578,0.03161800,0.10461272,4H EMA 多头排列已连续维持；4H MACD 位于 Signal 上方；4H RSI 位于健康强势区间,
256,INDB,INDEPENDENT BANK CORP,Financials,Early,Russell,844,68.36,54.34,75.1,91.02,56.52,72.08,76.2,50.26,72.0,confirmed_bullish_trend,25.0,bearish_proxy,51.08,47.22,0.0,100,confirmed_bullish_trend,70,bullish_above_signal,54.22,85.610001,0.18,-0.00724764,0.00836277,0.01421629,0.03219193,4H EMA 多头排列已连续维持；4H MACD 位于 Signal 上方；4H RSI 位于健康强势区间,
257,CNOB,CONNECTONE BANCORP,Financials,Early,Russell,391,68.35,61.64,75.1,73.88,56.52,72.08,76.2,60.39,72.0,confirmed_bullish_trend,61.8,bullish_above_signal_proxy,53.9,47.78,0.0,100,confirmed_bullish_trend,70,bullish_above_signal,55.07,33.450001,0.12,-0.01530762,0.02012809,0.03946554,0.01149081,4H EMA 多头排列已连续维持；4H MACD 位于 Signal 上方；4H RSI 位于健康强势区间,
258,NLOP,NET LEASE OFFICE PROPERTIES,Real Estate,Early,Russell,159,68.31,76.36,50.8,64.08,56.52,45.23,44.7,64.15,82.0,early_transition,61.8,bullish_above_signal_proxy,55.52,49.6,0.0,58,mixed_sideways,28,fresh_bearish_cross,52.7,11.83,0.32,-0.00420875,0.00169348,0.06480648,0.03409091,4H RSI 位于健康强势区间,4H EMA 仍偏震荡；4H MACD 最近死叉
259,AREC,AMERICAN RESOURCES CORP CLASS A,Energy,Early,Russell,121,68.3,71.95,79.7,90.56,56.52,57.02,57.8,64.88,100.0,fresh_bullish_cross,49.8,bullish_below_zero_proxy,51.14,47.23,0.0,64,early_transition,70,bullish_above_signal,68.18,2.075,0.19,0.01965602,0.21700880,0.08923885,-0.01654107,4H EMA9 已站上 EMA26，等待 26/50 确认；4H MACD 位于 Signal 上方,4H 相对 EMA26 超过 2 ATR，短线偏追高；4H RSI 偏热
260,CNX,CNX RESOURCES,Energy,Early,Russell,171,68.29,76.06,50.8,64.65,56.52,45.23,44.7,63.88,82.0,early_transition,61.8,bullish_above_signal_proxy,55.39,48.08,0.0,58,mixed_sideways,28,fresh_bearish_cross,53.4,34.869999,0.39,-0.02584157,0.00489908,0.04840653,0.04105090,4H RSI 位于健康强势区间,4H EMA 仍偏震荡；4H MACD 最近死叉
261,EQBK,EQUITY BANCSHARES INC CLASS A,Financials,Early,Russell,388,68.22,61.66,75.1,72.96,56.52,72.08,76.2,60.45,72.0,confirmed_bullish_trend,61.8,bullish_above_signal_proxy,54.08,47.82,0.0,100,confirmed_bullish_trend,70,bullish_above_signal,61.54,51.509998,0.18,-0.00463772,0.01657786,0.05878717,0.08373657,4H EMA 多头排列已连续维持；4H MACD 位于 Signal 上方；4H RSI 位于健康强势区间,
262,NRIX,NURIX THERAPEUTICS INC,Health Care,Early,Russell,890,68.21,54.2,75.1,90.35,56.52,74.24,78.6,49.46,72.0,confirmed_bullish_trend,25.0,bearish_proxy,48.23,47.65,0.0,100,confirmed_bullish_trend,78,bullish_above_signal,62.79,24.799999,0.22,0.00813004,0.05017993,0.01660172,0.31425531,4H EMA 多头排列已连续维持；4H MACD 位于 Signal 上方；4H MACD 柱体连续扩张；4H RSI 位于健康强势区间,
263,SION,SIONNA THERAPEUTICS,Health Care,Early,Russell,470,68.17,61.36,65.2,99.74,56.52,55.79,58.1,59.15,72.0,confirmed_bullish_trend,61.8,bullish_above_signal_proxy,49.7,47.94,0.0,58,mixed_sideways,70,bullish_above_signal,53.06,47.529999,0.55,-0.06730769,0.06231277,0.05904630,0.19242343,4H MACD 位于 Signal 上方；4H RSI 位于健康强势区间,4H EMA 仍偏震荡
264,DYN,DYNE THERAPEUTICS,Health Care,Early,Russell,23,68.11,67.79,82.9,37.15,56.52,81.94,81.6,69.71,72.0,confirmed_bullish_trend,88.8,fresh_above_zero_cross_proxy,61.26,50.25,0.0,100,confirmed_bullish_trend,88,fresh_above_zero_cross,62.58,26.190001,0.12,0.01354493,0.04301075,0.09903487,0.29397238,4H EMA 多头排列已连续维持；4H MACD 零轴上方刚金叉；4H MACD 柱体连续扩张；4H RSI 位于健康强势区间,
265,DV,DOUBLEVERIFY HOLDINGS,Communication,Early,Russell,394,68.09,61.48,75.1,72.5,56.52,74.24,78.6,60.32,72.0,confirmed_bullish_trend,61.8,bullish_above_signal_proxy,54.15,46.83,0.0,100,confirmed_bullish_trend,78,bullish_above_signal,64.2,12.045,0.2,0.01774398,0.04557292,0.05288462,0.15484180,4H EMA 多头排列已连续维持；4H MACD 位于 Signal 上方；4H MACD 柱体连续扩张；4H RSI 位于健康强势区间,
266,SFBS,SERVISFIRST BANCSHARES INC,Financials,Early,Russell,386,68.09,61.68,75.1,72.09,56.52,72.08,76.2,60.48,72.0,confirmed_bullish_trend,61.8,bullish_above_signal_proxy,54.19,47.84,0.0,100,confirmed_bullish_trend,70,bullish_above_signal,60.83,90.690002,0.35,-0.01068290,0.01205224,0.05355483,0.09311163,4H EMA 多头排列已连续维持；4H MACD 位于 Signal 上方；4H RSI 位于健康强势区间,
267,LKFN,LAKELAND FINANCIAL CORP,Financials,Early,Russell,478,68.07,61.18,65.2,99.49,56.52,55.07,57.3,59.02,72.0,confirmed_bullish_trend,61.8,bullish_above_signal_proxy,49.75,46.95,0.0,58,mixed_sideways,70,bullish_above_signal,53.01,62.994999,0.22,-0.01539545,-0.00450379,0.02306127,0.02865769,4H MACD 位于 Signal 上方；4H RSI 位于健康强势区间,4H EMA 仍偏震荡
268,LZB,LA-Z-BOY INC,Consumer Discretionary,Early,Russell,383,68.05,61.68,75.1,71.78,56.52,74.24,78.6,60.51,72.0,confirmed_bullish_trend,61.8,bullish_above_signal_proxy,54.26,47.85,0.0,100,confirmed_bullish_trend,78,bullish_above_signal,62.18,41.720001,0.2,-0.00167504,0.01930127,0.06810036,0.03600698,4H EMA 多头排列已连续维持；4H MACD 位于 Signal 上方；4H MACD 柱体连续扩张；4H RSI 位于健康强势区间,
269,TRMK,TRUSTMARK,Financials,Early,Russell,382,68.05,61.68,75.1,71.78,56.52,72.08,76.2,60.51,72.0,confirmed_bullish_trend,61.8,bullish_above_signal_proxy,54.26,47.85,0.0,100,confirmed_bullish_trend,70,bullish_above_signal,65.09,48.419998,0.16,-0.00920812,0.03174937,0.04646635,0.06102772,4H EMA 多头排列已连续维持；4H MACD 位于 Signal 上方；4H RSI 位于健康强势区间,
270,EFSC,ENTERPRISE FINANCIAL SERVICES CORP,Financials,Early,Russell,833,68.05,54.38,75.1,88.87,56.52,72.08,76.2,50.39,72.0,confirmed_bullish_trend,25.0,bearish_proxy,51.49,47.3,0.0,100,confirmed_bullish_trend,70,bullish_above_signal,54.77,67.050003,0.26,-0.01295447,0.01452575,0.03082489,0.03664198,4H EMA 多头排列已连续维持；4H MACD 位于 Signal 上方；4H RSI 位于健康强势区间,
271,AOMR,ANGEL OAK MORTGAGE REIT,Financials,Early,Russell,892,68.03,54.27,75.1,88.97,56.52,68.84,72.6,49.46,72.0,confirmed_bullish_trend,25.0,bearish_proxy,47.98,48.1,0.0,100,confirmed_bullish_trend,58,bullish_above_signal,51.16,8.96,0.14,-0.00939746,-0.00775194,0.00000000,0.03823870,4H EMA 多头排列已连续维持；4H MACD 位于 Signal 上方；4H RSI 位于健康强势区间,
272,RDVT,RED VIOLET INC,Information Technology,Early,Russell,381,68.01,61.68,75.1,71.52,56.52,72.08,76.2,60.51,72.0,confirmed_bullish_trend,61.8,bullish_above_signal_proxy,54.27,47.85,0.0,100,confirmed_bullish_trend,70,bullish_above_signal,58.64,68.889999,0.1,-0.01331998,0.01308822,0.02453898,0.23858325,4H EMA 多头排列已连续维持；4H MACD 位于 Signal 上方；4H RSI 位于健康强势区间,
273,UCB,UNITED COMMUNITY BANKS INC,Financials,Early,Russell,828,67.99,54.4,75.1,88.4,56.52,72.08,76.2,50.44,72.0,confirmed_bullish_trend,25.0,bearish_proxy,51.63,47.33,0.0,100,confirmed_bullish_trend,70,bullish_above_signal,58.9,36.139999,0.12,-0.00358426,0.01516857,0.02336118,0.06169207,4H EMA 多头排列已连续维持；4H MACD 位于 Signal 上方；4H RSI 位于健康强势区间,
274,FFBC,FIRST FINANCIAL BANCORP,Financials,Early,Russell,901,67.99,53.99,75.1,89.33,56.52,68.84,72.6,49.25,72.0,confirmed_bullish_trend,25.0,bearish_proxy,48.03,46.61,0.0,100,confirmed_bullish_trend,58,bullish_above_signal,53.33,34.404999,0.11,-0.01021286,0.01729743,0.00247666,0.05943037,4H EMA 多头排列已连续维持；4H MACD 位于 Signal 上方；4H RSI 位于健康强势区间,
275,RDN,RADIAN GROUP,Financials,Early,Russell,856,67.98,54.27,73.0,94.2,56.52,57.77,60.3,50.07,72.0,confirmed_bullish_trend,25.0,bearish_proxy,50.52,47.1,0.0,58,mixed_sideways,80,fresh_above_zero_cross,53.27,39.130001,0.22,-0.01111951,-0.01485398,0.02865405,0.09854020,4H MACD 零轴上方刚金叉；4H RSI 位于健康强势区间,4H EMA 仍偏震荡
276,GSBC,GREAT SOUTHERN BANCORP INC,Financials,Early,Russell,380,67.97,61.69,75.1,71.27,56.52,72.08,76.2,60.52,72.0,confirmed_bullish_trend,61.8,bullish_above_signal_proxy,54.31,47.86,0.0,100,confirmed_bullish_trend,70,bullish_above_signal,60.46,81.699997,0.12,0.00073491,0.01251698,0.05473790,0.07599100,4H EMA 多头排列已连续维持；4H MACD 位于 Signal 上方；4H RSI 位于健康强势区间,
277,BWIN,BALDWIN INSURANCE GROUP CLASS A,Financials,Early,Russell,349,67.92,62.23,75.1,69.63,56.52,72.08,76.2,61.02,72.0,confirmed_bullish_trend,61.8,bullish_above_signal_proxy,54.56,50.66,0.0,100,confirmed_bullish_trend,70,bullish_above_signal,58.22,28.82,0.11,0.02507558,0.02162357,0.05529114,0.18260151,4H EMA 多头排列已连续维持；4H MACD 位于 Signal 上方；4H RSI 位于健康强势区间,
278,ATLO,AMES NATIONAL CORP,Financials,Early,Russell,376,67.92,61.7,75.1,70.91,56.52,72.08,76.2,60.55,72.0,confirmed_bullish_trend,61.8,bullish_above_signal_proxy,54.4,47.88,0.0,100,confirmed_bullish_trend,70,bullish_above_signal,66.59,31.195,0.34,0.00370013,0.02077883,0.07420795,0.01118314,4H EMA 多头排列已连续维持；4H MACD 位于 Signal 上方；4H RSI 位于健康强势区间,
279,PAHC,PHIBRO ANIMAL HEALTH CORP CLASS A,Health Care,Early,Russell,155,67.92,76.32,50.8,61.57,56.52,45.23,44.7,64.24,82.0,early_transition,61.8,bullish_above_signal_proxy,56.03,49.21,0.0,58,mixed_sideways,28,fresh_bearish_cross,52.59,35.650002,0.14,-0.02208202,-0.03544364,0.07703940,0.17038750,4H RSI 位于健康强势区间,4H EMA 仍偏震荡；4H MACD 最近死叉
280,GRAL,GRAIL INC,Health Care,Early,Russell,43,67.89,67.31,75.1,57.62,56.52,79.24,78.6,68.3,72.0,confirmed_bullish_trend,88.8,fresh_above_zero_cross_proxy,56.98,49.4,0.0,100,confirmed_bullish_trend,78,bullish_above_signal,61.87,74.110001,0.2,0.03882822,0.16911188,0.07749349,0.21392305,4H EMA 多头排列已连续维持；4H MACD 位于 Signal 上方；4H MACD 柱体连续扩张；4H RSI 位于健康强势区间,
281,NP,NEPTUNE INSURANCE HOLDINGS CLASS A,Financials,Early,Russell,943,67.86,54.05,82.9,67.57,56.52,76.94,81.6,48.31,72.0,confirmed_bullish_trend,25.0,bearish_proxy,43.94,48.54,0.0,100,confirmed_bullish_trend,88,fresh_above_zero_cross,53.59,32.16,0.08,0.02030457,-0.08376063,-0.04823915,0.08209963,4H EMA 多头排列已连续维持；4H MACD 零轴上方刚金叉；4H MACD 柱体连续扩张；4H RSI 位于健康强势区间,
282,ATMU,ATMUS FILTRATION TECHNOLOGIES,Industrials,Early,Russell,310,67.77,61.95,75.1,69.32,56.52,72.08,76.2,61.51,75.0,confirmed_bullish_trend,61.8,bullish_above_signal_proxy,54.59,47.92,0.0,100,confirmed_bullish_trend,70,bullish_above_signal,56.3,54.040001,0.51,-0.02021572,0.07094733,0.06315166,0.07735249,4H EMA 多头排列已连续维持；4H MACD 位于 Signal 上方；4H RSI 位于健康强势区间,
283,JBSS,JOHN B SANFILIPPO AND SON,Consumer Staples,Early,Russell,526,67.77,61.14,75.1,71.22,56.52,72.08,76.2,57.81,72.0,confirmed_bullish_trend,61.8,bullish_above_signal_proxy,44.85,48.72,0.0,100,confirmed_bullish_trend,70,bullish_above_signal,55.59,84.639999,0.24,-0.00411812,0.00248726,-0.04302110,0.03585852,4H EMA 多头排列已连续维持；4H MACD 位于 Signal 上方；4H RSI 位于健康强势区间,
284,FULT,FULTON FINANCIAL CORP,Financials,Early,Russell,824,67.75,54.42,75.1,86.76,56.52,72.08,76.2,50.52,72.0,confirmed_bullish_trend,25.0,bearish_proxy,51.88,47.38,0.0,100,confirmed_bullish_trend,70,bullish_above_signal,56.84,24.805,0.28,-0.00879121,0.01451939,0.02351966,0.04861547,4H EMA 多头排列已连续维持；4H MACD 位于 Signal 上方；4H RSI 位于健康强势区间,
285,OCFC,OCEANFIRST FINANCIAL CORP,Financials,Early,Russell,752,67.74,54.81,82.9,64.96,56.52,76.94,81.6,51.64,72.0,confirmed_bullish_trend,25.0,bearish_proxy,55.28,48.06,0.0,100,confirmed_bullish_trend,88,fresh_above_zero_cross,56.09,19.9,0.42,-0.00250632,0.00861632,0.04930134,0.07393410,4H EMA 多头排列已连续维持；4H MACD 零轴上方刚金叉；4H MACD 柱体连续扩张；4H RSI 位于健康强势区间,
286,FSUN,FIRSTSUN CAPITAL BANCORP,Financials,Early,Russell,373,67.74,61.72,75.1,69.63,56.52,72.08,76.2,60.6,72.0,confirmed_bullish_trend,61.8,bullish_above_signal_proxy,54.56,47.91,0.0,100,confirmed_bullish_trend,70,bullish_above_signal,66.93,39.84,0.23,-0.00697904,0.01944724,0.03319499,0.07530367,4H EMA 多头排列已连续维持；4H MACD 位于 Signal 上方；4H RSI 位于健康强势区间,
287,PUBM,PUBMATIC CLASS A,Communication,Early,Russell,913,67.74,53.78,75.1,88.2,56.52,72.08,76.2,49.03,72.0,confirmed_bullish_trend,25.0,bearish_proxy,47.83,45.57,0.0,100,confirmed_bullish_trend,70,bullish_above_signal,57.54,13.41,0.21,-0.00408466,0.02366412,0.00562430,0.16406250,4H EMA 多头排列已连续维持；4H MACD 位于 Signal 上方；4H RSI 位于健康强势区间,
288,SABS,SAB BIOTHERAPEUTICS INC,Health Care,Early,Russell,235,67.74,71.31,87.7,67.01,56.52,63.86,65.4,62.6,100.0,fresh_bullish_cross,49.8,bullish_below_zero_proxy,43.78,46.76,0.0,76,early_transition,70,bullish_above_signal,58.48,3.77,0.06,-0.03084833,0.08022923,-0.03826531,-0.02835052,4H EMA9 已站上 EMA26，等待 26/50 确认；4H MACD 位于 Signal 上方；4H RSI 位于健康强势区间,
289,NIC,NICOLET BANKSHARES INC,Financials,Early,Russell,821,67.69,54.43,75.1,86.3,56.52,72.08,76.2,50.54,72.0,confirmed_bullish_trend,25.0,bearish_proxy,51.93,47.39,0.0,100,confirmed_bullish_trend,70,bullish_above_signal,57.85,173.610001,0.18,-0.01408368,0.01526316,0.05027222,0.13954706,4H EMA 多头排列已连续维持；4H MACD 位于 Signal 上方；4H RSI 位于健康强势区间,
290,CRVL,CORVEL,Health Care,Early,Russell,837,67.63,47.8,92.8,94.2,56.52,70.19,74.1,50.32,35.0,mixed_sideways,71.8,fresh_below_zero_cross_proxy,49.0,47.8,0.0,94,fresh_bullish_cross,72,fresh_below_zero_cross,62.5,64.169998,0.43,0.07921290,0.03034681,-0.00248724,0.07523455,4H EMA9/26 最近金叉且价格在 EMA50 上方；4H MACD 刚金叉但仍需零轴确认；4H MACD 柱体连续扩张；4H RSI 位于健康强势区间,
291,EBF,ENNIS INC,Industrials,Early,Russell,371,67.56,61.73,75.1,68.45,56.52,72.08,76.2,60.65,72.0,confirmed_bullish_trend,61.8,bullish_above_signal_proxy,54.7,47.94,0.0,100,confirmed_bullish_trend,70,bullish_above_signal,65.08,22.280001,0.11,-0.00446819,0.01828163,0.05119137,0.03845262,4H EMA 多头排列已连续维持；4H MACD 位于 Signal 上方；4H RSI 位于健康强势区间,
292,IMNM,IMMUNOME,Health Care,Early,Russell,449,67.56,61.53,67.1,90.25,56.52,67.81,71.45,59.64,72.0,confirmed_bullish_trend,61.8,bullish_above_signal_proxy,51.18,48.24,0.0,89,confirmed_bullish_trend,78,bullish_above_signal,69.18,25.040001,0.25,0.00643095,0.08351363,0.02707145,0.29439143,4H EMA 多头排列已连续维持；4H MACD 位于 Signal 上方；4H MACD 柱体连续扩张,4H 相对 EMA26 超过 2 ATR，短线偏追高；4H RSI 偏热
293,SONO,SONOS,Consumer Discretionary,Early,Russell,268,67.53,62.24,82.9,46.23,56.52,76.28,79.2,62.13,72.0,confirmed_bullish_trend,61.8,bullish_above_signal_proxy,59.17,48.83,0.0,100,confirmed_bullish_trend,80,fresh_above_zero_cross,55.02,15.96,0.12,-0.02534351,-0.08956080,0.13111269,0.12791519,4H EMA 多头排列已连续维持；4H MACD 零轴上方刚金叉；4H RSI 位于健康强势区间,
294,DCOM,DIME COMMERCIAL BANCSHARES,Financials,Early,Russell,370,67.53,61.74,75.1,68.19,56.52,72.08,76.2,60.67,72.0,confirmed_bullish_trend,61.8,bullish_above_signal_proxy,54.74,47.95,0.0,100,confirmed_bullish_trend,70,bullish_above_signal,58.41,41.330002,0.21,-0.01313274,0.01785499,0.04368697,0.03922560,4H EMA 多头排列已连续维持；4H MACD 位于 Signal 上方；4H RSI 位于健康强势区间,
295,RELY,REMITLY GLOBAL INC,Financials,Early,Russell,910,67.5,53.93,75.1,86.2,56.52,72.08,76.2,49.08,72.0,confirmed_bullish_trend,25.0,bearish_proxy,47.53,46.51,0.0,100,confirmed_bullish_trend,70,bullish_above_signal,57.8,24.360001,0.25,-0.02207945,0.04504513,0.00953179,0.19470339,4H EMA 多头排列已连续维持；4H MACD 位于 Signal 上方；4H RSI 位于健康强势区间,
296,TKNO,ALPHA TEKNOVA,Health Care,Early,Russell,194,67.49,65.6,75.1,58.9,56.52,72.5,75.0,63.31,72.0,confirmed_bullish_trend,88.8,fresh_above_zero_cross_proxy,41.86,46.37,0.0,100,confirmed_bullish_trend,66,bullish_above_signal,61.75,5.59,0.39,-0.00533808,0.13043478,0.02946593,0.14549180,4H EMA 多头排列已连续维持；4H MACD 位于 Signal 上方；4H MACD 柱体连续扩张；4H RSI 位于健康强势区间,
297,ONB,OLD NATIONAL BANCORP,Financials,Early,Russell,818,67.49,54.45,75.1,84.92,56.52,72.08,76.2,50.61,72.0,confirmed_bullish_trend,25.0,bearish_proxy,52.14,47.43,0.0,100,confirmed_bullish_trend,70,bullish_above_signal,59.24,27.035,0.16,-0.00922064,0.01330585,0.02347147,0.06731149,4H EMA 多头排列已连续维持；4H MACD 位于 Signal 上方；4H RSI 位于健康强势区间,
298,REPL,REPLIMUNE GROUP,Health Care,Early,Russell,530,67.47,60.79,75.1,69.98,56.52,72.08,76.2,57.48,72.0,confirmed_bullish_trend,61.8,bullish_above_signal_proxy,44.64,46.93,0.0,100,confirmed_bullish_trend,70,bullish_above_signal,62.53,11.95,0.04,-0.00540990,1.23573433,0.04184830,0.06887299,4H EMA 多头排列已连续维持；4H MACD 位于 Signal 上方；4H RSI 位于健康强势区间,
299,KOD,KODIAK SCIENCES,Health Care,Early,Russell,728,67.46,55.07,82.9,62.49,56.52,76.94,81.6,52.01,72.0,confirmed_bullish_trend,25.0,bearish_proxy,55.93,49.19,0.0,100,confirmed_bullish_trend,88,fresh_above_zero_cross,58.07,43.299999,0.15,0.02558025,0.08168874,0.13084351,0.16869096,4H EMA 多头排列已连续维持；4H MACD 零轴上方刚金叉；4H MACD 柱体连续扩张；4H RSI 位于健康强势区间,
300,LE,LAND END,Consumer Discretionary,Early,Russell,367,67.45,61.75,75.1,67.62,56.52,72.08,76.2,60.69,72.0,confirmed_bullish_trend,61.8,bullish_above_signal_proxy,54.82,47.96,0.0,100,confirmed_bullish_trend,70,bullish_above_signal,62.77,12.81,0.14,-0.00851393,0.04146341,0.06395349,0.12565905,4H EMA 多头排列已连续维持；4H MACD 位于 Signal 上方；4H RSI 位于健康强势区间,
301,VSAT,VIASAT INC,Information Technology,Early,Russell,418,67.44,61.57,65.2,94.36,56.52,55.07,57.3,60.01,75.0,confirmed_bullish_trend,63.15,bullish_above_signal_proxy,49.01,46.8,0.0,58,mixed_sideways,70,bullish_above_signal,56.17,80.230003,0.29,-0.06278839,0.14304033,0.04534206,0.25516279,4H MACD 位于 Signal 上方；4H RSI 位于健康强势区间,4H EMA 仍偏震荡
302,AUB,ATLANTIC UNION BANKSHARES,Financials,Early,Russell,816,67.42,54.46,75.1,84.45,56.52,72.08,76.2,50.62,72.0,confirmed_bullish_trend,25.0,bearish_proxy,52.19,47.44,0.0,100,confirmed_bullish_trend,70,bullish_above_signal,58.76,43.23,0.13,-0.00517782,0.01407457,0.03943256,0.07110998,4H EMA 多头排列已连续维持；4H MACD 位于 Signal 上方；4H RSI 位于健康强势区间,
303,ASIC,ATEGRITY SPECIALTY INSURANCE COMPA,Financials,Early,Russell,874,67.42,54.51,73.0,89.94,56.52,59.93,62.7,49.68,72.0,confirmed_bullish_trend,25.0,bearish_proxy,48.09,49.37,0.0,58,mixed_sideways,88,fresh_above_zero_cross,57.19,24.68,0.23,0.04531974,0.00081103,-0.00803855,0.14338666,4H MACD 零轴上方刚金叉；4H MACD 柱体连续扩张；4H RSI 位于健康强势区间,4H EMA 仍偏震荡
304,OPRT,OPORTUN FINANCIAL CORP,Financials,Early,Russell,42,67.4,67.19,75.1,54.59,56.52,79.24,78.6,68.36,72.0,confirmed_bullish_trend,88.8,fresh_above_zero_cross_proxy,57.6,48.52,0.0,100,confirmed_bullish_trend,78,bullish_above_signal,61.18,6.11,0.18,0.03823280,0.07570423,0.07475814,0.10488246,4H EMA 多头排列已连续维持；4H MACD 位于 Signal 上方；4H MACD 柱体连续扩张；4H RSI 位于健康强势区间,
305,HOV,HOVNANIAN ENTERPRISES CLASS A,Consumer Discretionary,Early,Russell,16,67.39,67.81,82.9,32.32,56.52,83.44,81.6,70.18,72.0,confirmed_bullish_trend,88.8,fresh_above_zero_cross_proxy,63.12,49.62,0.0,100,confirmed_bullish_trend,88,fresh_above_zero_cross,60.79,139.25,0.09,0.02737205,0.04714998,0.09550782,0.08772063,4H EMA 多头排列已连续维持；4H MACD 零轴上方刚金叉；4H MACD 柱体连续扩张；4H RSI 位于健康强势区间,
306,AVBH,AVIDBANK HOLDINGS INC,Financials,Early,Russell,490,67.37,61.1,65.2,95.02,56.52,55.07,57.3,58.8,72.0,confirmed_bullish_trend,61.8,bullish_above_signal_proxy,49.1,46.82,0.0,58,mixed_sideways,70,bullish_above_signal,51.74,32.634998,0.05,-0.00956003,-0.00351151,0.00849805,-0.00198786,4H MACD 位于 Signal 上方；4H RSI 位于健康强势区间,4H EMA 仍偏震荡
307,AVLN,AVALYN PHARMA INC,Health Care,Early,Russell,573,67.33,59.08,65.2,99.49,56.52,57.23,59.7,56.17,72.0,confirmed_bullish_trend,49.8,bullish_below_zero_proxy,49.75,47.95,0.0,58,mixed_sideways,78,bullish_above_signal,61.79,31.315001,0.25,0.01771209,0.11600150,0.10731966,-0.02703122,4H MACD 位于 Signal 上方；4H MACD 柱体连续扩张；4H RSI 位于健康强势区间,4H EMA 仍偏震荡
308,EGBN,EAGLE BANCORP,Financials,Early,Russell,365,67.32,61.77,75.1,66.7,56.52,72.08,76.2,60.75,72.0,confirmed_bullish_trend,61.8,bullish_above_signal_proxy,55.0,48.0,0.0,100,confirmed_bullish_trend,70,bullish_above_signal,55.63,28.200001,0.09,-0.01433065,0.01256736,0.05538930,-0.00141640,4H EMA 多头排列已连续维持；4H MACD 位于 Signal 上方；4H RSI 位于健康强势区间,
309,XPOF,XPONENTIAL FITNESS CLASS A,Consumer Discretionary,Early,Russell,539,67.28,60.58,75.1,69.27,56.52,72.08,76.2,57.26,72.0,confirmed_bullish_trend,61.8,bullish_above_signal_proxy,44.41,45.88,0.0,100,confirmed_bullish_trend,70,bullish_above_signal,56.33,6.735,0.04,0.00747943,-0.01246334,-0.02813853,-0.01535088,4H EMA 多头排列已连续维持；4H MACD 位于 Signal 上方；4H RSI 位于健康强势区间,
310,PFIS,PEOPLES FINANCIAL SERVICES CORP,Financials,Early,Russell,260,67.27,62.27,82.9,44.43,56.52,76.28,79.2,62.24,72.0,confirmed_bullish_trend,61.8,bullish_above_signal_proxy,59.51,48.9,0.0,100,confirmed_bullish_trend,80,fresh_above_zero_cross,60.71,71.639999,0.07,-0.00748131,0.00308038,0.06781940,0.11432568,4H EMA 多头排列已连续维持；4H MACD 零轴上方刚金叉；4H RSI 位于健康强势区间,
311,COGT,COGENT BIOSCIENCES,Health Care,Early,Russell,355,67.27,61.97,75.1,65.93,56.52,72.08,76.2,60.94,72.0,confirmed_bullish_trend,61.8,bullish_above_signal_proxy,55.12,49.02,0.0,100,confirmed_bullish_trend,70,bullish_above_signal,59.74,42.095001,0.27,-0.02467560,0.06407988,0.05224347,0.15964193,4H EMA 多头排列已连续维持；4H MACD 位于 Signal 上方；4H RSI 位于健康强势区间,
312,ARDT,ARDENT HEALTH INC,Health Care,Early,Russell,50,67.26,67.01,64.3,82.91,56.52,72.4,71.0,67.68,75.0,confirmed_bullish_trend,88.8,fresh_above_zero_cross_proxy,52.38,48.48,0.0,100,confirmed_bullish_trend,50,mixed_or_bearish,58.05,11.085,0.56,0.04182331,0.01325411,0.02449168,0.21015284,4H EMA 多头排列已连续维持；4H MACD 柱体连续扩张；4H RSI 位于健康强势区间,4H MACD 尚未确认多头
313,SIGI,SELECTIVE INSURANCE GROUP,Financials,Early,Russell,898,67.25,54.4,75.1,83.43,56.52,71.0,75.0,49.36,72.0,confirmed_bullish_trend,25.0,bearish_proxy,47.12,49.17,0.0,100,confirmed_bullish_trend,66,bullish_above_signal,54.99,96.639999,0.11,0.00121733,-0.00072381,-0.01427991,0.02324103,4H EMA 多头排列已连续维持；4H MACD 位于 Signal 上方；4H MACD 柱体连续扩张；4H RSI 位于健康强势区间,
314,IIIN,INSTEEL INDUSTRIES INC,Industrials,Early,Russell,14,67.22,67.86,82.9,31.04,56.52,83.44,81.6,70.32,72.0,confirmed_bullish_trend,88.8,fresh_above_zero_cross_proxy,63.55,49.71,0.0,100,confirmed_bullish_trend,88,fresh_above_zero_cross,59.34,32.599998,0.11,-0.01570051,0.06675390,0.11835328,0.13273095,4H EMA 多头排列已连续维持；4H MACD 零轴上方刚金叉；4H MACD 柱体连续扩张；4H RSI 位于健康强势区间,
315,UVE,UNIVERSAL INSURANCE HOLDINGS INC,Financials,Early,Russell,328,67.22,62.33,75.1,64.75,56.52,72.08,76.2,61.29,72.0,confirmed_bullish_trend,61.8,bullish_above_signal_proxy,55.38,50.83,0.0,100,confirmed_bullish_trend,70,bullish_above_signal,64.48,44.369999,0.11,0.00407332,-0.01400002,0.05416961,0.11049923,4H EMA 多头排列已连续维持；4H MACD 位于 Signal 上方；4H RSI 位于健康强势区间,
316,ACEL,ACCEL ENTERTAINMENT INC CLASS A,Consumer Discretionary,Early,Russell,759,67.22,47.95,90.4,97.49,56.52,69.29,73.1,51.4,38.0,mixed_sideways,71.8,fresh_below_zero_cross_proxy,50.0,47.0,0.0,94,fresh_bullish_cross,66,bullish_above_signal,56.38,12.49,0.59,0.02084185,0.01462226,0.00644641,-0.04033807,4H EMA9/26 最近金叉且价格在 EMA50 上方；4H MACD 位于 Signal 上方；4H MACD 柱体连续扩张；4H RSI 位于健康强势区间,
317,CNO,CNO FINANCIAL GROUP,Financials,Early,Russell,361,67.2,61.78,75.1,65.93,56.52,72.08,76.2,60.79,72.0,confirmed_bullish_trend,61.8,bullish_above_signal_proxy,55.12,48.02,0.0,100,confirmed_bullish_trend,70,bullish_above_signal,61.64,55.32,0.32,0.00009041,0.04505524,0.04574665,0.04852165,4H EMA 多头排列已连续维持；4H MACD 位于 Signal 上方；4H RSI 位于健康强势区间,
318,OBT,ORANGE COUNTY BANCORP INC,Financials,Early,Russell,360,67.18,61.78,75.1,65.78,56.52,72.08,76.2,60.79,72.0,confirmed_bullish_trend,61.8,bullish_above_signal_proxy,55.13,48.03,0.0,100,confirmed_bullish_trend,70,bullish_above_signal,58.68,38.810001,0.17,-0.00090102,0.01756691,0.06855730,0.06445425,4H EMA 多头排列已连续维持；4H MACD 位于 Signal 上方；4H RSI 位于健康强势区间,
319,STTK,SHATTUCK LABS INC,Health Care,Early,Russell,536,67.17,60.73,75.1,68.14,56.52,72.08,76.2,57.3,72.0,confirmed_bullish_trend,61.8,bullish_above_signal_proxy,44.08,46.82,0.0,100,confirmed_bullish_trend,70,bullish_above_signal,58.09,7.54,0.16,0.00132802,0.11786509,0.04000000,0.40409683,4H EMA 多头排列已连续维持；4H MACD 位于 Signal 上方；4H RSI 位于健康强势区间,
320,CNS,COHEN & STEERS INC,Financials,Early,Russell,359,67.15,61.79,75.1,65.52,56.52,72.08,76.2,60.82,72.0,confirmed_bullish_trend,61.8,bullish_above_signal_proxy,55.2,48.04,0.0,100,confirmed_bullish_trend,70,bullish_above_signal,61.3,84.144997,0.11,-0.01400280,0.03131513,0.06270519,0.10760821,4H EMA 多头排列已连续维持；4H MACD 位于 Signal 上方；4H RSI 位于健康强势区间,
321,SRI,STONERIDGE INC,Consumer Discretionary,Early,Russell,461,67.08,61.29,65.2,92.66,56.52,55.07,57.3,59.36,72.0,confirmed_bullish_trend,61.8,bullish_above_signal_proxy,50.77,47.15,0.0,58,mixed_sideways,70,bullish_above_signal,51.85,7.32,0.07,-0.02529960,0.03682720,0.02664797,0.07017544,4H MACD 位于 Signal 上方；4H RSI 位于健康强势区间,4H EMA 仍偏震荡
322,HQY,HEALTHEQUITY,Health Care,Early,Russell,347,67.07,62.0,75.1,64.55,56.52,72.08,76.2,61.04,72.0,confirmed_bullish_trend,61.8,bullish_above_signal_proxy,55.43,49.09,0.0,100,confirmed_bullish_trend,70,bullish_above_signal,61.72,103.639999,0.15,0.00009652,-0.00518335,0.06900466,0.22044279,4H EMA 多头排列已连续维持；4H MACD 位于 Signal 上方；4H RSI 位于健康强势区间,
323,KINS,KINGSTONE COMPANIES INC,Financials,Early,Russell,916,67.04,53.89,75.1,83.27,56.52,72.08,76.2,48.94,72.0,confirmed_bullish_trend,25.0,bearish_proxy,47.1,46.42,0.0,100,confirmed_bullish_trend,70,bullish_above_signal,58.45,20.360001,0.04,0.00098333,0.00049145,0.00394477,0.18509901,4H EMA 多头排列已连续维持；4H MACD 位于 Signal 上方；4H RSI 位于健康强势区间,
324,DBI,DESIGNER BRANDS INC CLASS A,Consumer Discretionary,Early,Russell,55,66.93,75.97,67.1,12.31,56.52,69.14,69.05,67.31,82.0,early_transition,49.8,bullish_below_zero_proxy,74.89,51.98,0.0,89,confirmed_bullish_trend,70,bullish_above_signal,69.68,6.76,0.22,0.02114804,0.09385113,0.24493554,0.10728911,4H EMA 多头排列已连续维持；4H MACD 位于 Signal 上方,4H 相对 EMA26 超过 2 ATR，短线偏追高；4H RSI 偏热
325,BHRB,BURKE HERBERT FINANCIAL SERVICES C,Financials,Early,Russell,354,66.92,61.83,75.1,63.93,56.52,72.08,76.2,60.94,72.0,confirmed_bullish_trend,61.8,bullish_above_signal_proxy,55.56,48.11,0.0,100,confirmed_bullish_trend,70,bullish_above_signal,61.72,74.279999,0.11,-0.00907150,0.00923914,0.06479353,0.11031385,4H EMA 多头排列已连续维持；4H MACD 位于 Signal 上方；4H RSI 位于健康强势区间,
326,WEAV,WEAVE COMMUNICATIONS,Information Technology,Early,Russell,920,66.88,53.86,75.1,82.25,56.52,72.08,76.2,48.88,72.0,confirmed_bullish_trend,25.0,bearish_proxy,46.9,46.38,0.0,100,confirmed_bullish_trend,70,bullish_above_signal,52.95,6.8,0.14,-0.00220103,-0.02158273,0.00000000,0.25000000,4H EMA 多头排列已连续维持；4H MACD 位于 Signal 上方；4H RSI 位于健康强势区间,
327,UNTY,UNITY BANCORP INC,Financials,Early,Russell,350,66.82,61.86,75.1,63.21,56.52,72.08,76.2,61.02,72.0,confirmed_bullish_trend,61.8,bullish_above_signal_proxy,55.83,48.17,0.0,100,confirmed_bullish_trend,70,bullish_above_signal,62.61,59.9701,0.11,-0.00265925,0.01911970,0.06292276,0.05804693,4H EMA 多头排列已连续维持；4H MACD 位于 Signal 上方；4H RSI 位于健康强势区间,
328,WS,WORTHINGTON STEEL INC,Materials,Early,Russell,86,66.79,75.54,65.2,17.44,56.52,60.73,59.7,66.03,82.0,early_transition,49.8,bullish_below_zero_proxy,70.99,51.2,0.0,58,mixed_sideways,78,bullish_above_signal,66.68,38.325001,0.12,0.00855266,0.07413119,0.19151251,-0.03512085,4H MACD 位于 Signal 上方；4H MACD 柱体连续扩张；4H RSI 位于健康强势区间,4H EMA 仍偏震荡
329,CVSA,COVISTA,Consumer Discretionary,Early,Russell,551,66.74,60.48,75.1,65.88,56.52,72.08,76.2,56.97,72.0,confirmed_bullish_trend,61.8,bullish_above_signal_proxy,43.54,45.71,0.0,100,confirmed_bullish_trend,70,bullish_above_signal,59.98,129.960007,0.19,0.01191321,-0.02695411,-0.04116856,0.07734403,4H EMA 多头排列已连续维持；4H MACD 位于 Signal 上方；4H RSI 位于健康强势区间,
330,NEWT,NEWTEKONE,Financials,Early,Russell,346,66.72,61.87,75.1,62.49,56.52,72.08,76.2,61.06,72.0,confirmed_bullish_trend,61.8,bullish_above_signal_proxy,55.93,48.19,0.0,100,confirmed_bullish_trend,70,bullish_above_signal,56.08,15.1,0.36,-0.01884340,0.02477095,0.05594406,0.06789250,4H EMA 多头排列已连续维持；4H MACD 位于 Signal 上方；4H RSI 位于健康强势区间,
331,FXNC,FIRST NATIONAL CORP,Financials,Early,Russell,343,66.66,61.88,75.1,62.08,56.52,72.08,76.2,61.07,72.0,confirmed_bullish_trend,61.8,bullish_above_signal_proxy,55.96,48.19,0.0,100,confirmed_bullish_trend,70,bullish_above_signal,62.23,31.780001,0.0,-0.00718516,0.01598465,0.08575337,0.06323192,4H EMA 多头排列已连续维持；4H MACD 位于 Signal 上方；4H RSI 位于健康强势区间,
332,XMAX,XMAX INC,Consumer Discretionary,Early,Russell,432,66.54,61.46,67.1,83.58,56.52,67.81,71.45,59.85,72.0,confirmed_bullish_trend,61.8,bullish_above_signal_proxy,52.26,47.45,0.0,89,confirmed_bullish_trend,78,bullish_above_signal,71.23,9.185,0.07,0.01156388,0.10131894,0.05332569,0.06926659,4H EMA 多头排列已连续维持；4H MACD 位于 Signal 上方；4H MACD 柱体连续扩张,4H 相对 EMA26 超过 2 ATR，短线偏追高；4H RSI 偏热
333,UBSI,UNITED BANKSHARES,Financials,Early,Russell,339,66.51,61.89,75.1,61.06,56.52,72.08,76.2,61.11,72.0,confirmed_bullish_trend,61.8,bullish_above_signal_proxy,56.11,48.22,0.0,100,confirmed_bullish_trend,70,bullish_above_signal,62.35,49.09,0.1,-0.00928353,0.00368023,0.06451259,0.08390371,4H EMA 多头排列已连续维持；4H MACD 位于 Signal 上方；4H RSI 位于健康强势区间,
334,BULL,WEBULL CORP CLASS A,Financials,Early,Russell,870,66.5,54.17,67.6,98.97,56.52,55.61,57.9,49.77,72.0,confirmed_bullish_trend,25.0,bearish_proxy,49.61,46.92,0.0,58,mixed_sideways,72,fresh_below_zero_cross,52.63,7.465,0.14,-0.00133779,0.06414825,0.02541209,0.12594268,4H MACD 刚金叉但仍需零轴确认；4H MACD 柱体连续扩张；4H RSI 位于健康强势区间,4H EMA 仍偏震荡
335,EPAC,ENERPAC TOOL GROUP CLASS A,Industrials,Early,Russell,338,66.49,61.89,75.1,60.9,56.52,72.08,76.2,61.12,72.0,confirmed_bullish_trend,61.8,bullish_above_signal_proxy,56.12,48.22,0.0,100,confirmed_bullish_trend,70,bullish_above_signal,58.4,36.865002,0.11,-0.01219180,0.01500556,0.07321701,0.04167853,4H EMA 多头排列已连续维持；4H MACD 位于 Signal 上方；4H RSI 位于健康强势区间,
336,IRON,DISC MEDICINE,Health Care,Early,Russell,550,66.43,60.62,75.1,63.47,56.52,72.08,76.2,56.97,72.0,confirmed_bullish_trend,61.8,bullish_above_signal_proxy,43.09,46.62,0.0,100,confirmed_bullish_trend,70,bullish_above_signal,55.78,77.620003,0.21,-0.00614590,0.05211794,-0.02670843,0.10208722,4H EMA 多头排列已连续维持；4H MACD 位于 Signal 上方；4H RSI 位于健康强势区间,
337,CARG,CARGURUS CLASS A,Communication,Early,Russell,455,66.43,61.2,65.2,88.56,56.52,55.07,57.3,59.48,72.0,confirmed_bullish_trend,61.8,bullish_above_signal_proxy,51.6,46.32,0.0,58,mixed_sideways,70,bullish_above_signal,56.01,36.450001,0.2,-0.02016129,-0.01645979,0.04321700,0.19743758,4H MACD 位于 Signal 上方；4H RSI 位于健康强势区间,4H EMA 仍偏震荡
338,LOB,LIVE OAK BANCSHARES,Financials,Early,Russell,336,66.37,61.91,75.1,60.03,56.52,72.08,76.2,61.18,72.0,confirmed_bullish_trend,61.8,bullish_above_signal_proxy,56.3,48.26,0.0,100,confirmed_bullish_trend,70,bullish_above_signal,62.03,43.825001,0.13,-0.01516852,0.02754980,0.06630178,0.10030125,4H EMA 多头排列已连续维持；4H MACD 位于 Signal 上方；4H RSI 位于健康强势区间,
339,NKTR,NEKTAR THERAPEUTICS,Health Care,Early,Russell,553,66.35,60.59,75.1,63.01,56.52,72.08,76.2,56.91,72.0,confirmed_bullish_trend,61.8,bullish_above_signal_proxy,42.91,46.58,0.0,100,confirmed_bullish_trend,70,bullish_above_signal,57.8,72.660004,0.16,-0.00151152,0.02815913,-0.03042431,0.08968212,4H EMA 多头排列已连续维持；4H MACD 位于 Signal 上方；4H RSI 位于健康强势区间,
340,ACHV,ACHIEVE LIFE SCIENCES,Health Care,Early,Russell,904,66.34,54.56,75.1,77.01,56.52,74.24,78.6,49.22,72.0,confirmed_bullish_trend,25.0,bearish_proxy,46.01,50.45,0.0,100,confirmed_bullish_trend,78,bullish_above_signal,59.69,6.525,0.16,0.02999211,0.05668016,0.00000000,0.29721670,4H EMA 多头排列已连续维持；4H MACD 位于 Signal 上方；4H MACD 柱体连续扩张；4H RSI 位于健康强势区间,
341,DCO,DUCOMMUN,Industrials,Early,Russell,334,66.34,61.92,75.1,59.83,56.52,72.08,76.2,61.2,72.0,confirmed_bullish_trend,61.8,bullish_above_signal_proxy,56.38,48.28,0.0,100,confirmed_bullish_trend,70,bullish_above_signal,65.34,191.869995,0.13,0.00219377,0.13164253,0.06618130,0.18314113,4H EMA 多头排列已连续维持；4H MACD 位于 Signal 上方；4H RSI 位于健康强势区间,
342,URGN,UROGEN PHARMA LTD,Health Care,Early,Russell,980,66.3,54.23,98.2,9.75,5.8,70.37,74.3,47.15,75.0,confirmed_bullish_trend,22.75,bearish_proxy,78.05,53.61,12.5,82,fresh_bullish_cross,88,fresh_above_zero_cross,65.64,45.360001,0.6,0.13984177,0.12221680,0.20350231,0.29010242,4H EMA9/26 最近金叉且价格在 EMA50 上方；4H MACD 零轴上方刚金叉；4H MACD 柱体连续扩张；4H RSI 位于健康强势区间,4H 相对 EMA26 超过 2 ATR，短线偏追高
343,CPF,CENTRAL PACIFIC FINANCIAL CORP,Financials,Early,Russell,789,66.29,54.61,75.1,76.55,56.52,72.08,76.2,51.06,72.0,confirmed_bullish_trend,25.0,bearish_proxy,53.51,47.7,0.0,100,confirmed_bullish_trend,70,bullish_above_signal,56.08,39.810001,0.15,-0.00994772,0.01040607,0.04187391,0.07275667,4H EMA 多头排列已连续维持；4H MACD 位于 Signal 上方；4H RSI 位于健康强势区间,
344,AROW,ARROW FINANCIAL CORP,Financials,Early,Russell,933,66.26,53.78,75.1,78.3,56.52,68.84,72.6,48.63,72.0,confirmed_bullish_trend,25.0,bearish_proxy,46.16,46.23,0.0,100,confirmed_bullish_trend,58,bullish_above_signal,52.46,40.610001,0.1,-0.01156135,0.01398257,-0.00221130,0.01537697,4H EMA 多头排列已连续维持；4H MACD 位于 Signal 上方；4H RSI 位于健康强势区间,
345,PRGS,PROGRESS SOFTWARE CORP,Information Technology,Early,Russell,330,66.22,61.95,75.1,59.0,56.52,74.24,78.6,61.27,72.0,confirmed_bullish_trend,61.8,bullish_above_signal_proxy,56.59,48.32,0.0,100,confirmed_bullish_trend,78,bullish_above_signal,61.76,42.330002,0.11,0.00966018,-0.00959289,0.07943394,0.46877176,4H EMA 多头排列已连续维持；4H MACD 位于 Signal 上方；4H MACD 柱体连续扩张；4H RSI 位于健康强势区间,
346,KRNY,KEARNY FINANCIAL CORP,Financials,Early,Russell,784,66.22,54.61,75.1,76.09,56.52,72.08,76.2,51.08,72.0,confirmed_bullish_trend,25.0,bearish_proxy,53.57,47.71,0.0,100,confirmed_bullish_trend,70,bullish_above_signal,57.59,9.72,0.41,-0.00917431,0.01461378,0.04347826,0.10204082,4H EMA 多头排列已连续维持；4H MACD 位于 Signal 上方；4H RSI 位于健康强势区间,
347,HELE,HELEN OF TROY LTD,Consumer Discretionary,Early,Russell,61,66.21,66.77,65.2,74.09,56.52,60.73,59.7,67.13,72.0,confirmed_bullish_trend,88.8,fresh_above_zero_cross_proxy,53.87,47.77,0.0,58,mixed_sideways,78,bullish_above_signal,59.13,29.625,0.14,0.03674537,0.05258483,0.05879199,0.14073936,4H MACD 位于 Signal 上方；4H MACD 柱体连续扩张；4H RSI 位于健康强势区间,4H EMA 仍偏震荡
348,MBWM,MERCANTILE BANK CORP,Financials,Early,Russell,329,66.19,61.95,75.1,58.8,56.52,72.08,76.2,61.28,72.0,confirmed_bullish_trend,61.8,bullish_above_signal_proxy,56.62,48.32,0.0,100,confirmed_bullish_trend,70,bullish_above_signal,63.69,61.505001,0.44,-0.00146116,0.01888510,0.07039683,0.12235405,4H EMA 多头排列已连续维持；4H MACD 位于 Signal 上方；4H RSI 位于健康强势区间,
349,AVPT,AVEPOINT INC CLASS A,Information Technology,Early,Russell,325,66.18,61.96,75.1,58.7,56.52,72.08,76.2,61.31,72.0,confirmed_bullish_trend,61.8,bullish_above_signal_proxy,56.7,48.34,0.0,100,confirmed_bullish_trend,70,bullish_above_signal,63.34,13.425,0.26,-0.00408012,0.03110599,0.07400000,0.30213385,4H EMA 多头排列已连续维持；4H MACD 位于 Signal 上方；4H RSI 位于健康强势区间,
350,NWBI,NORTHWEST BANCSHARES INC,Financials,Early,Russell,327,66.17,61.96,75.1,58.59,56.52,72.08,76.2,61.31,72.0,confirmed_bullish_trend,61.8,bullish_above_signal_proxy,56.71,48.34,0.0,100,confirmed_bullish_trend,70,bullish_above_signal,60.55,15.945,0.16,-0.00839552,0.00409320,0.06052544,0.07229321,4H EMA 多头排列已连续维持；4H MACD 位于 Signal 上方；4H RSI 位于健康强势区间,
351,YOU,CLEAR SECURE CLASS A,Information Technology,Early,Russell,256,66.13,62.21,75.1,57.77,56.52,75.74,78.6,62.29,75.0,confirmed_bullish_trend,61.8,bullish_above_signal_proxy,56.94,48.39,0.0,100,confirmed_bullish_trend,78,bullish_above_signal,62.1,58.349998,0.43,0.05534449,-0.00094172,0.04364153,0.10721057,4H EMA 多头排列已连续维持；4H MACD 位于 Signal 上方；4H MACD 柱体连续扩张；4H RSI 位于健康强势区间,
352,DBRG,DIGITALBRIDGE GROUP INC CLASS A,Financials,Early,Russell,903,66.13,58.56,82.9,76.09,10.65,72.49,76.65,49.24,72.0,confirmed_bullish_trend,59.55,bullish_above_signal_proxy,53.57,47.71,10.48,89,confirmed_bullish_trend,88,fresh_above_zero_cross,67.15,15.935,0.42,0.00631512,0.00695103,0.01046290,0.01206732,4H EMA 多头排列已连续维持；4H MACD 零轴上方刚金叉；4H MACD 柱体连续扩张；4H RSI 位于健康强势区间,4H 相对 EMA26 超过 2 ATR，短线偏追高
353,FNLC,FIRST BANCORP INC,Financials,Early,Russell,782,66.13,54.62,75.1,75.47,56.52,72.08,76.2,51.1,72.0,confirmed_bullish_trend,25.0,bearish_proxy,53.62,47.72,0.0,100,confirmed_bullish_trend,70,bullish_above_signal,58.41,35.470001,0.24,-0.00644258,-0.00281133,0.04507961,0.04785829,4H EMA 多头排列已连续维持；4H MACD 位于 Signal 上方；4H RSI 位于健康强势区间,
354,HWC,HANCOCK WHITNEY,Financials,Early,Russell,783,66.1,54.62,75.1,75.27,56.52,72.08,76.2,51.1,72.0,confirmed_bullish_trend,25.0,bearish_proxy,53.65,47.73,0.0,100,confirmed_bullish_trend,70,bullish_above_signal,64.02,78.720001,0.3,-0.00101525,0.02247049,0.04680857,0.09378908,4H EMA 多头排列已连续维持；4H MACD 位于 Signal 上方；4H RSI 位于健康强势区间,
355,PAR,PAR TECHNOLOGY,Information Technology,Early,Russell,561,66.05,60.35,75.1,61.57,56.52,72.08,76.2,56.58,72.0,confirmed_bullish_trend,61.8,bullish_above_signal_proxy,42.38,45.48,0.0,100,confirmed_bullish_trend,70,bullish_above_signal,57.16,17.495001,0.11,0.00545983,0.00661692,-0.04398896,0.13825641,4H EMA 多头排列已连续维持；4H MACD 位于 Signal 上方；4H RSI 位于健康强势区间,
356,ACHC,ACADIA HEALTHCARE COMPANY,Health Care,Early,Russell,849,66.02,54.44,67.6,95.13,56.52,55.61,57.9,50.17,72.0,confirmed_bullish_trend,25.0,bearish_proxy,50.38,48.08,0.0,58,mixed_sideways,72,fresh_below_zero_cross,56.0,32.439999,0.15,0.04174695,0.18675691,0.01660918,0.32192330,4H MACD 刚金叉但仍需零轴确认；4H MACD 柱体连续扩张；4H RSI 位于健康强势区间,4H EMA 仍偏震荡
357,DCTH,DELCATH SYS INC,Health Care,Early,Russell,557,66.0,60.52,75.1,60.85,56.52,68.84,72.6,56.68,72.0,confirmed_bullish_trend,61.8,bullish_above_signal_proxy,42.2,46.44,0.0,100,confirmed_bullish_trend,58,bullish_above_signal,54.36,12.695,0.28,-0.03460076,0.09581355,-0.05613383,0.03379479,4H EMA 多头排列已连续维持；4H MACD 位于 Signal 上方；4H RSI 位于健康强势区间,
358,JBI,JANUS INTERNATIONAL GROUP,Industrials,Early,Russell,315,65.98,62.0,75.1,57.26,56.52,74.24,78.6,61.43,72.0,confirmed_bullish_trend,61.8,bullish_above_signal_proxy,57.05,48.41,0.0,100,confirmed_bullish_trend,78,bullish_above_signal,64.65,5.615,0.14,-0.00354925,0.09135083,0.07980769,0.07054337,4H EMA 多头排列已连续维持；4H MACD 位于 Signal 上方；4H MACD 柱体连续扩张；4H RSI 位于健康强势区间,
359,ZGN,ERMENEGILDO ZEGNA NV,Consumer Discretionary,Early,Russell,213,65.97,62.54,82.9,35.15,56.52,76.28,79.2,63.01,72.0,confirmed_bullish_trend,61.8,bullish_above_signal_proxy,61.86,49.37,0.0,100,confirmed_bullish_trend,80,fresh_above_zero_cross,64.09,15.265,0.11,0.01496011,0.02175368,0.12325239,0.16260472,4H EMA 多头排列已连续维持；4H MACD 零轴上方刚金叉；4H RSI 位于健康强势区间,
360,WSFS,WSFS FINANCIAL,Financials,Early,Russell,314,65.95,62.0,75.1,57.05,56.52,74.24,78.6,61.44,72.0,confirmed_bullish_trend,61.8,bullish_above_signal_proxy,57.1,48.42,0.0,100,confirmed_bullish_trend,78,bullish_above_signal,63.17,82.470001,0.18,-0.00024242,0.02282034,0.08171568,0.08513159,4H EMA 多头排列已连续维持；4H MACD 位于 Signal 上方；4H MACD 柱体连续扩张；4H RSI 位于健康强势区间,
361,AIR,AAR,Industrials,Early,Russell,311,65.93,62.01,75.1,56.9,56.52,72.08,76.2,61.47,72.0,confirmed_bullish_trend,61.8,bullish_above_signal_proxy,57.17,48.43,0.0,100,confirmed_bullish_trend,70,bullish_above_signal,64.81,148.050003,0.13,-0.00637582,0.09383078,0.08405942,0.11930142,4H EMA 多头排列已连续维持；4H MACD 位于 Signal 上方；4H RSI 位于健康强势区间,
362,CMPR,CIMPRESS PLC,Industrials,Early,Russell,30,65.92,67.41,75.1,44.23,56.52,79.24,78.6,68.99,72.0,confirmed_bullish_trend,88.8,fresh_above_zero_cross_proxy,59.53,48.91,0.0,100,confirmed_bullish_trend,78,bullish_above_signal,59.62,103.010002,0.15,0.01268188,0.05241117,0.06995585,0.17270044,4H EMA 多头排列已连续维持；4H MACD 位于 Signal 上方；4H MACD 柱体连续扩张；4H RSI 位于健康强势区间,
363,CARL,CARLSMED,Health Care,Early,Russell,297,65.91,62.21,75.1,56.34,56.52,69.12,71.25,61.64,72.0,confirmed_bullish_trend,61.8,bullish_above_signal_proxy,57.23,49.45,0.0,89,confirmed_bullish_trend,70,bullish_above_signal,67.28,13.535,0.21,0.00259259,0.05659641,0.07378025,0.26377218,4H EMA 多头排列已连续维持；4H MACD 位于 Signal 上方；4H RSI 位于健康强势区间,4H 相对 EMA26 超过 2 ATR，短线偏追高
364,SLG,SL GREEN REALTY REIT CORP,Real Estate,Early,Russell,286,65.88,62.31,75.1,55.82,56.52,73.58,76.2,61.76,72.0,confirmed_bullish_trend,61.8,bullish_above_signal_proxy,57.37,49.97,0.0,100,confirmed_bullish_trend,70,bullish_above_signal,57.15,54.654999,0.12,-0.02051971,0.01532597,0.08658052,0.09178981,4H EMA 多头排列已连续维持；4H MACD 位于 Signal 上方；4H RSI 位于健康强势区间,
365,VRDN,VIRIDIAN THERAPEUTICS ORS INC,Health Care,Early,Russell,924,65.87,58.51,75.1,94.3,12.08,69.79,73.65,48.82,72.0,confirmed_bullish_trend,59.55,bullish_above_signal_proxy,50.51,48.1,10.04,89,confirmed_bullish_trend,78,bullish_above_signal,65.09,20.940001,0.2,0.02798233,0.05279045,0.02346051,0.21391310,4H EMA 多头排列已连续维持；4H MACD 位于 Signal 上方；4H MACD 柱体连续扩张；4H RSI 位于健康强势区间,4H 相对 EMA26 超过 2 ATR，短线偏追高
366,ERAS,ERASCA,Health Care,Early,Russell,878,65.76,54.27,67.6,93.84,56.52,54.39,56.55,49.66,72.0,confirmed_bullish_trend,25.0,bearish_proxy,48.82,47.76,0.0,55,mixed_sideways,72,fresh_below_zero_cross,51.31,18.625,0.19,0.00404318,0.05047941,0.01415736,0.23589914,4H MACD 刚金叉但仍需零轴确认；4H MACD 柱体连续扩张；4H RSI 位于健康强势区间,4H EMA 仍偏震荡
367,KVHI,KVH INDUSTRIES INC,Information Technology,Early,Russell,521,65.74,59.61,75.1,61.21,56.52,74.24,78.6,58.11,72.0,confirmed_bullish_trend,49.8,bullish_below_zero_proxy,56.09,48.22,0.0,100,confirmed_bullish_trend,78,bullish_above_signal,60.6,9.68,0.1,0.01043841,0.10250569,0.08812950,0.04648649,4H EMA 多头排列已连续维持；4H MACD 位于 Signal 上方；4H MACD 柱体连续扩张；4H RSI 位于健康强势区间,
368,GO,GROCERY OUTLET HOLDING,Consumer Staples,Early,Russell,637,65.74,58.66,75.1,63.47,56.52,68.84,72.6,54.23,72.0,confirmed_bullish_trend,49.8,bullish_below_zero_proxy,43.09,48.37,0.0,100,confirmed_bullish_trend,58,bullish_above_signal,58.9,9.835,0.18,-0.02041833,0.07368996,-0.03625674,0.03854277,4H EMA 多头排列已连续维持；4H MACD 位于 Signal 上方；4H RSI 位于健康强势区间,
369,HLIO,HELIOS TECHNOLOGIES INC,Industrials,Early,Russell,1020,65.74,43.55,90.4,97.95,56.52,68.57,72.3,44.99,35.0,mixed_sideways,49.8,bullish_below_zero_proxy,49.96,46.99,0.0,94,fresh_bullish_cross,66,bullish_above_signal,58.5,82.114998,0.13,0.00250267,0.09706079,0.02630916,-0.08159049,4H EMA9/26 最近金叉且价格在 EMA50 上方；4H MACD 位于 Signal 上方；4H MACD 柱体连续扩张；4H RSI 位于健康强势区间,
370,PD,PAGERDUTY,Information Technology,Early,Russell,301,65.63,62.06,75.1,54.8,56.52,72.08,76.2,61.6,72.0,confirmed_bullish_trend,61.8,bullish_above_signal_proxy,57.57,48.51,0.0,100,confirmed_bullish_trend,70,bullish_above_signal,62.89,11.17,0.18,0.00903342,0.03906977,0.08551992,0.31257344,4H EMA 多头排列已连续维持；4H MACD 位于 Signal 上方；4H RSI 位于健康强势区间,
371,DJCO,DAILY JOURNAL,Information Technology,Early,Russell,700,65.6,55.15,82.9,49.92,56.52,76.94,81.6,52.64,72.0,confirmed_bullish_trend,25.0,bearish_proxy,58.31,48.66,0.0,100,confirmed_bullish_trend,88,fresh_above_zero_cross,57.76,600.039978,0.0,0.01718065,0.00223813,0.06573353,0.11937318,4H EMA 多头排列已连续维持；4H MACD 零轴上方刚金叉；4H MACD 柱体连续扩张；4H RSI 位于健康强势区间,
372,RMBI,RICHMOND MUTUAL BANCORPORATION INC,Financials,Early,Russell,299,65.56,62.06,75.1,54.28,56.52,73.58,76.2,61.62,72.0,confirmed_bullish_trend,61.8,bullish_above_signal_proxy,57.65,48.53,0.0,100,confirmed_bullish_trend,70,bullish_above_signal,57.2,15.775,0.08,0.01121795,0.01971558,0.07459128,0.03646518,4H EMA 多头排列已连续维持；4H MACD 位于 Signal 上方；4H RSI 位于健康强势区间,
373,BHB,BAR HARBOR BANKSHARES,Financials,Early,Russell,298,65.53,62.07,75.1,54.08,56.52,73.58,76.2,61.64,72.0,confirmed_bullish_trend,61.8,bullish_above_signal_proxy,57.68,48.54,0.0,100,confirmed_bullish_trend,70,bullish_above_signal,65.58,40.642502,0.26,-0.00263799,0.02245288,0.08380005,0.08917334,4H EMA 多头排列已连续维持；4H MACD 位于 Signal 上方；4H RSI 位于健康强势区间,
374,TBCH,TURTLE BEACH,Information Technology,Early,Russell,296,65.5,62.07,75.1,53.87,56.52,75.74,78.6,61.65,72.0,confirmed_bullish_trend,61.8,bullish_above_signal_proxy,57.73,48.55,0.0,100,confirmed_bullish_trend,78,bullish_above_signal,64.56,13.715,0.19,0.00623624,0.14578112,0.08418972,0.11867863,4H EMA 多头排列已连续维持；4H MACD 位于 Signal 上方；4H MACD 柱体连续扩张；4H RSI 位于健康强势区间,
375,HBCP,HOME BANCORP INC,Financials,Early,Russell,295,65.48,62.07,75.1,53.77,56.52,73.58,76.2,61.65,72.0,confirmed_bullish_trend,61.8,bullish_above_signal_proxy,57.74,48.55,0.0,100,confirmed_bullish_trend,70,bullish_above_signal,65.42,72.855003,0.0,0.00103056,0.02844448,0.06544320,0.07550938,4H EMA 多头排列已连续维持；4H MACD 位于 Signal 上方；4H RSI 位于健康强势区间,
376,MLR,MILLER INDUSTRIES INC,Industrials,Early,Russell,698,65.4,55.19,82.9,48.49,56.52,76.94,81.6,52.77,72.0,confirmed_bullish_trend,25.0,bearish_proxy,58.68,48.74,0.0,100,confirmed_bullish_trend,88,fresh_above_zero_cross,58.31,51.330002,0.29,0.01512910,0.01442696,0.07272736,0.03134422,4H EMA 多头排列已连续维持；4H MACD 零轴上方刚金叉；4H MACD 柱体连续扩张；4H RSI 位于健康强势区间,
377,CMP,COMPASS MINERALS INTERNATIONAL,Materials,Early,Russell,779,65.4,47.96,90.4,85.38,56.52,68.57,72.3,51.17,35.0,mixed_sideways,71.8,fresh_below_zero_cross_proxy,52.04,47.41,0.0,94,fresh_bullish_cross,66,bullish_above_signal,54.38,30.055,0.18,-0.00775837,0.02471872,0.04104603,0.06919242,4H EMA9/26 最近金叉且价格在 EMA50 上方；4H MACD 位于 Signal 上方；4H MACD 柱体连续扩张；4H RSI 位于健康强势区间,
378,DMC,DEL MONTE,Consumer Staples,Early,Russell,364,65.39,74.11,41.5,74.65,56.52,3.5,0.0,60.76,82.0,early_transition,49.8,bullish_below_zero_proxy,53.77,50.5,0.0,0,insufficient_data,0,insufficient_data,,,,,,,,,4H样本不足：54根
379,AEO,AMERICAN EAGLE OUTFITTERS,Consumer Discretionary,Early,Russell,294,65.35,62.09,75.1,52.85,56.52,73.58,76.2,61.71,72.0,confirmed_bullish_trend,61.8,bullish_above_signal_proxy,57.9,48.58,0.0,100,confirmed_bullish_trend,70,bullish_above_signal,57.98,17.995001,0.13,-0.00744611,0.02564839,0.08928577,0.01551930,4H EMA 多头排列已连续维持；4H MACD 位于 Signal 上方；4H RSI 位于健康强势区间,
380,LEGH,LEGACY HOUSING CORP,Consumer Discretionary,Early,Russell,27,65.32,67.49,75.1,40.02,56.52,79.24,78.6,69.25,72.0,confirmed_bullish_trend,88.8,fresh_above_zero_cross_proxy,60.31,49.06,0.0,100,confirmed_bullish_trend,78,bullish_above_signal,62.0,27.48,0.13,-0.00054559,0.04268640,0.05977632,0.11210041,4H EMA 多头排列已连续维持；4H MACD 位于 Signal 上方；4H MACD 柱体连续扩张；4H RSI 位于健康强势区间,
381,FELE,FRANKLIN ELECTRIC,Industrials,Early,Russell,293,65.3,62.09,75.1,52.49,56.52,75.74,78.6,61.71,72.0,confirmed_bullish_trend,61.8,bullish_above_signal_proxy,57.92,48.58,0.0,100,confirmed_bullish_trend,78,bullish_above_signal,62.98,110.129997,0.23,0.00584527,0.04438122,0.07140768,0.06282565,4H EMA 多头排列已连续维持；4H MACD 位于 Signal 上方；4H MACD 柱体连续扩张；4H RSI 位于健康强势区间,
382,JMSB,JOHN MARSHALL BANCORP INC,Financials,Early,Russell,289,65.23,62.1,75.1,52.03,56.52,73.58,76.2,61.73,72.0,confirmed_bullish_trend,61.8,bullish_above_signal_proxy,57.96,48.59,0.0,100,confirmed_bullish_trend,70,bullish_above_signal,57.95,23.705,0.25,-0.01740933,0.00979766,0.08242009,0.08291462,4H EMA 多头排列已连续维持；4H MACD 位于 Signal 上方；4H RSI 位于健康强势区间,
383,TBI,TRUEBLUE INC,Industrials,Early,Russell,622,65.2,63.86,84.8,18.57,1.39,64.88,68.2,54.72,75.0,confirmed_bullish_trend,86.55,fresh_above_zero_cross_proxy,69.78,50.96,17.99,82,fresh_bullish_cross,72,fresh_below_zero_cross,73.73,9.815,1.75,0.27966102,0.31041389,0.22687500,0.52406832,4H EMA9/26 最近金叉且价格在 EMA50 上方；4H MACD 刚金叉但仍需零轴确认；4H MACD 柱体连续扩张,4H 相对 EMA26 超过 2 ATR，短线偏追高；4H RSI 偏热
384,HDSN,HUDSON TECHNOLOGIES INC,Industrials,Early,Russell,946,65.16,53.64,75.1,71.32,56.52,68.84,72.6,48.21,72.0,confirmed_bullish_trend,25.0,bearish_proxy,44.87,45.97,0.0,100,confirmed_bullish_trend,58,bullish_above_signal,52.47,6.185,0.17,-0.00881410,0.05998286,-0.02367798,0.07378472,4H EMA 多头排列已连续维持；4H MACD 位于 Signal 上方；4H RSI 位于健康强势区间,
385,EPC,EDGEWELL PERSONAL CARE,Consumer Staples,Early,Russell,666,65.14,55.78,82.9,45.36,56.52,76.94,81.6,53.41,72.0,confirmed_bullish_trend,25.0,bearish_proxy,59.39,51.63,0.0,100,confirmed_bullish_trend,88,fresh_above_zero_cross,61.93,29.264999,0.41,0.04220082,0.03721421,0.09977444,0.11741114,4H EMA 多头排列已连续维持；4H MACD 零轴上方刚金叉；4H MACD 柱体连续扩张；4H RSI 位于健康强势区间,
386,RUSHB,RUSH ENTERPRISES CLASS B,Industrials,Early,Russell,288,65.14,62.11,75.1,51.41,56.52,73.58,76.2,61.75,72.0,confirmed_bullish_trend,61.8,bullish_above_signal_proxy,58.04,48.61,0.0,100,confirmed_bullish_trend,70,bullish_above_signal,61.9,80.589996,0.0,-0.00290753,0.02154895,0.07331687,0.12086222,4H EMA 多头排列已连续维持；4H MACD 位于 Signal 上方；4H RSI 位于健康强势区间,
387,MGRC,MCGRATH RENT,Industrials,Early,Russell,25,65.11,67.55,75.1,38.48,56.52,79.24,78.6,69.42,72.0,confirmed_bullish_trend,88.8,fresh_above_zero_cross_proxy,60.82,49.16,0.0,100,confirmed_bullish_trend,78,bullish_above_signal,61.84,121.730003,0.44,0.00661542,0.03891786,0.07203875,0.01797960,4H EMA 多头排列已连续维持；4H MACD 位于 Signal 上方；4H MACD 柱体连续扩张；4H RSI 位于健康强势区间,
388,VSXY,VICTORIA S SECRET,Consumer Discretionary,Early,Russell,169,65.04,62.86,82.9,28.22,56.52,76.28,79.2,63.95,72.0,confirmed_bullish_trend,61.8,bullish_above_signal_proxy,64.7,49.94,0.0,100,confirmed_bullish_trend,80,fresh_above_zero_cross,60.79,90.169998,0.14,-0.00353630,0.01030810,0.15277419,0.14465244,4H EMA 多头排列已连续维持；4H MACD 零轴上方刚金叉；4H RSI 位于健康强势区间,
389,LIF,LIFE360,Information Technology,Early,Russell,284,65.0,62.13,75.1,50.38,56.52,69.12,71.25,61.82,72.0,confirmed_bullish_trend,61.8,bullish_above_signal_proxy,58.26,48.65,0.0,89,confirmed_bullish_trend,70,bullish_above_signal,63.76,61.009998,0.14,-0.01485551,0.10146234,0.08385143,0.30085278,4H EMA 多头排列已连续维持；4H MACD 位于 Signal 上方；4H RSI 位于健康强势区间,4H 相对 EMA26 超过 2 ATR，短线偏追高
390,TCMD,TACTILE SYSTEMS TECHNOLOGY,Health Care,Early,Russell,574,64.95,60.34,75.1,54.28,56.52,72.08,76.2,56.17,72.0,confirmed_bullish_trend,61.8,bullish_above_signal_proxy,40.68,46.14,0.0,100,confirmed_bullish_trend,70,bullish_above_signal,62.74,29.809999,0.13,-0.01552186,0.08795617,-0.05395116,0.12745832,4H EMA 多头排列已连续维持；4H MACD 位于 Signal 上方；4H RSI 位于健康强势区间,
391,FRME,FIRST MERCHANTS,Financials,Early,Russell,858,64.92,54.26,65.2,94.66,56.52,55.07,57.3,50.04,72.0,confirmed_bullish_trend,25.0,bearish_proxy,50.44,47.09,0.0,58,mixed_sideways,70,bullish_above_signal,50.32,43.439999,0.27,-0.01474259,0.00485771,0.01376899,0.03628426,4H MACD 位于 Signal 上方；4H RSI 位于健康强势区间,4H EMA 仍偏震荡
392,FUNC,FIRST UNITED CORP,Financials,Early,Russell,876,64.89,54.14,64.3,97.13,56.52,64.52,67.8,49.68,72.0,confirmed_bullish_trend,25.0,bearish_proxy,49.34,46.87,0.0,100,confirmed_bullish_trend,42,mixed_or_bearish,50.73,44.549999,0.2,-0.00513622,-0.00089708,0.01480631,0.03316327,4H EMA 多头排列已连续维持；4H RSI 位于健康强势区间,4H MACD 尚未确认多头
393,HOPE,HOPE BANCORP INC,Financials,Early,Russell,280,64.85,62.15,75.1,49.36,56.52,73.58,76.2,61.86,72.0,confirmed_bullish_trend,61.8,bullish_above_signal_proxy,58.35,48.67,0.0,100,confirmed_bullish_trend,70,bullish_above_signal,60.11,14.235,0.17,-0.01487889,0.00814448,0.06709145,0.07759273,4H EMA 多头排列已连续维持；4H MACD 位于 Signal 上方；4H RSI 位于健康强势区间,
394,DNTH,DIANTHUS THERAPEUTICS INC,Health Care,Early,Russell,139,64.83,63.18,82.9,26.01,56.52,76.28,79.2,64.49,72.0,confirmed_bullish_trend,61.8,bullish_above_signal_proxy,65.89,51.18,0.0,100,confirmed_bullish_trend,80,fresh_above_zero_cross,57.76,109.620003,0.29,0.00283602,0.05535766,0.14485643,0.25251379,4H EMA 多头排列已连续维持；4H MACD 零轴上方刚金叉；4H RSI 位于健康强势区间,
395,PVLA,PALVELLA THERAPEUTICS INC,Health Care,Early,Russell,948,64.82,53.76,75.1,68.75,56.52,74.24,78.6,48.17,72.0,confirmed_bullish_trend,25.0,bearish_proxy,44.32,46.86,0.0,100,confirmed_bullish_trend,78,bullish_above_signal,58.42,151.860001,0.11,0.02393637,0.06703200,0.04320941,0.28151900,4H EMA 多头排列已连续维持；4H MACD 位于 Signal 上方；4H MACD 柱体连续扩张；4H RSI 位于健康强势区间,
396,ARHS,ARHAUS INC CLASS A,Consumer Discretionary,Early,Russell,221,64.81,62.41,75.1,48.49,56.52,72.01,74.45,62.87,75.0,confirmed_bullish_trend,61.8,bullish_above_signal_proxy,58.68,48.74,0.0,89,confirmed_bullish_trend,78,bullish_above_signal,64.92,8.505,0.83,0.01795332,0.12203166,0.04355828,0.20297030,4H EMA 多头排列已连续维持；4H MACD 位于 Signal 上方；4H MACD 柱体连续扩张；4H RSI 位于健康强势区间,4H 相对 EMA26 超过 2 ATR，短线偏追高
397,AFRI,FORAFRIC GLOBAL PLC,Consumer Staples,Early,Russell,741,64.78,55.23,73.0,70.65,56.52,59.93,62.7,51.78,72.0,confirmed_bullish_trend,25.0,bearish_proxy,54.44,50.64,0.0,58,mixed_sideways,88,fresh_above_zero_cross,55.58,10.8061,0.0,0.01752354,0.03506705,0.05683130,0.07630478,4H MACD 零轴上方刚金叉；4H MACD 柱体连续扩张；4H RSI 位于健康强势区间,4H EMA 仍偏震荡
398,ICFI,ICF INTERNATIONAL,Industrials,Early,Russell,276,64.76,62.17,75.1,48.74,56.52,73.58,76.2,61.94,72.0,confirmed_bullish_trend,61.8,bullish_above_signal_proxy,58.6,48.72,0.0,100,confirmed_bullish_trend,70,bullish_above_signal,61.9,84.739998,0.29,-0.00796067,0.02188719,0.10137764,0.25503557,4H EMA 多头排列已连续维持；4H MACD 位于 Signal 上方；4H RSI 位于健康强势区间,
399,LAUR,LAUREATE EDUCATION,Consumer Discretionary,Early,Russell,956,64.69,53.55,75.1,68.34,56.52,74.24,78.6,47.97,72.0,confirmed_bullish_trend,25.0,bearish_proxy,44.15,45.83,0.0,100,confirmed_bullish_trend,78,bullish_above_signal,54.91,38.169998,0.15,0.02031537,-0.00598969,-0.04263860,0.04318114,4H EMA 多头排列已连续维持；4H MACD 位于 Signal 上方；4H MACD 柱体连续扩张；4H RSI 位于健康强势区间,
400,SSRM,SSR MINING,Materials,Early,Russell,1008,64.68,43.83,90.4,90.2,56.52,63.71,66.9,45.65,38.0,mixed_sideways,51.15,bullish_below_zero_proxy,48.21,46.64,0.0,82,fresh_bullish_cross,66,bullish_above_signal,63.48,29.105,0.31,0.06377920,0.16280459,-0.02723930,-0.00495726,4H EMA9/26 最近金叉且价格在 EMA50 上方；4H MACD 位于 Signal 上方；4H MACD 柱体连续扩张；4H RSI 位于健康强势区间,4H 相对 EMA26 超过 2 ATR，短线偏追高
401,ORIC,ORIC PHARMACEUTICALS,Health Care,Early,Russell,110,64.66,63.9,82.9,23.24,56.52,78.44,81.6,65.3,72.0,confirmed_bullish_trend,61.8,bullish_above_signal_proxy,66.85,54.62,0.0,100,confirmed_bullish_trend,88,fresh_above_zero_cross,60.9,12.84,0.13,-0.02245908,0.13930790,0.18232044,0.44188658,4H EMA 多头排列已连续维持；4H MACD 零轴上方刚金叉；4H MACD 柱体连续扩张；4H RSI 位于健康强势区间,
402,UTMD,UTAH MEDICAL PRODUCTS INC,Health Care,Early,Russell,387,64.65,61.8,65.2,75.27,56.52,55.07,57.3,60.45,72.0,confirmed_bullish_trend,61.8,bullish_above_signal_proxy,53.65,48.73,0.0,58,mixed_sideways,70,bullish_above_signal,51.22,70.629997,0.0,-0.02706803,-0.00479081,0.02081218,0.07422049,4H MACD 位于 Signal 上方；4H RSI 位于健康强势区间,4H EMA 仍偏震荡
403,TSBK,TIMBERLAND BANCORP INC,Financials,Early,Russell,397,64.65,61.61,65.2,75.68,56.52,55.07,57.3,60.29,72.0,confirmed_bullish_trend,61.8,bullish_above_signal_proxy,53.61,47.72,0.0,58,mixed_sideways,70,bullish_above_signal,56.53,45.075001,0.32,0.00144419,0.00102161,0.02338524,0.02770178,4H MACD 位于 Signal 上方；4H RSI 位于健康强势区间,4H EMA 仍偏震荡
404,COFS,CHOICEONE FINANCIAL SERVICES INC,Financials,Early,Russell,926,64.64,53.31,65.2,95.02,56.52,55.07,57.3,48.78,72.0,confirmed_bullish_trend,20.0,fresh_bearish_cross_proxy,50.4,47.08,0.0,58,mixed_sideways,70,bullish_above_signal,52.93,34.189999,0.07,-0.00494767,-0.00436811,0.03230676,0.04559766,4H MACD 位于 Signal 上方；4H RSI 位于健康强势区间,4H EMA 仍偏震荡
405,KOP,KOPPERS HOLDINGS INC,Materials,Early,Russell,680,64.61,55.31,82.9,42.95,56.52,76.94,81.6,53.13,72.0,confirmed_bullish_trend,25.0,bearish_proxy,59.79,48.96,0.0,100,confirmed_bullish_trend,88,fresh_above_zero_cross,62.56,51.360001,0.16,0.00612175,0.04369035,0.09955046,0.19608762,4H EMA 多头排列已连续维持；4H MACD 零轴上方刚金叉；4H MACD 柱体连续扩张；4H RSI 位于健康强势区间,
406,HWBK,HAWTHORN BANCSHARES INC,Financials,Early,Russell,272,64.58,62.21,75.1,47.41,56.52,73.58,76.2,62.04,72.0,confirmed_bullish_trend,61.8,bullish_above_signal_proxy,58.91,48.78,0.0,100,confirmed_bullish_trend,70,bullish_above_signal,59.67,39.560001,0.1,0.00000000,0.02169421,0.04146373,-0.00908009,4H EMA 多头排列已连续维持；4H MACD 位于 Signal 上方；4H RSI 位于健康强势区间,
407,SXC,SUNCOKE ENERGY INC,Materials,Early,Russell,4,64.57,69.56,82.9,9.44,56.52,83.44,81.6,75.3,72.0,confirmed_bullish_trend,88.8,fresh_above_zero_cross_proxy,78.65,52.73,0.0,100,confirmed_bullish_trend,88,fresh_above_zero_cross,63.12,9.455,0.16,0.06355456,0.00799574,0.19381313,0.12962963,4H EMA 多头排列已连续维持；4H MACD 零轴上方刚金叉；4H MACD 柱体连续扩张；4H RSI 位于健康强势区间,
408,OFLX,OMEGA FLEX INC,Industrials,Early,Russell,1023,64.57,43.48,87.7,97.49,56.52,59.12,61.8,44.81,35.0,mixed_sideways,49.8,bullish_below_zero_proxy,49.42,46.88,0.0,76,early_transition,58,bullish_above_signal,53.48,30.309999,0.03,-0.01909388,0.04770131,0.00066022,0.02036691,4H EMA9 已站上 EMA26，等待 26/50 确认；4H MACD 位于 Signal 上方；4H RSI 位于健康强势区间,
409,BFLY,BUTTERFLY NETWORK CLASS A,Health Care,Early,Russell,220,64.54,63.11,75.1,45.1,56.52,73.58,76.2,62.88,72.0,confirmed_bullish_trend,61.8,bullish_above_signal_proxy,59.4,53.38,0.0,100,confirmed_bullish_trend,70,bullish_above_signal,62.75,8.585,0.14,-0.01829617,0.21000705,0.13331837,0.12002609,4H EMA 多头排列已连续维持；4H MACD 位于 Signal 上方；4H RSI 位于健康强势区间,
410,CXT,CRANE NXT,Information Technology,Early,Russell,749,64.54,54.83,75.1,64.39,56.52,72.08,76.2,51.7,72.0,confirmed_bullish_trend,25.0,bearish_proxy,55.44,48.09,0.0,100,confirmed_bullish_trend,70,bullish_above_signal,56.16,53.630001,0.46,-0.01731562,0.03134617,0.07442652,0.17971848,4H EMA 多头排列已连续维持；4H MACD 位于 Signal 上方；4H RSI 位于健康强势区间,
411,ADAM,ADAMAS,Financials,Early,Russell,492,64.53,59.81,75.1,52.69,56.52,72.08,76.2,58.71,72.0,confirmed_bullish_trend,49.8,bullish_below_zero_proxy,57.91,48.58,0.0,100,confirmed_bullish_trend,70,bullish_above_signal,68.0,9.465,0.13,-0.01045478,0.09295612,0.03839824,0.04355017,4H EMA 多头排列已连续维持；4H MACD 位于 Signal 上方；4H RSI 位于健康强势区间,
412,NAVN,NAVAN CLASS A,Consumer Discretionary,Early,Russell,583,64.52,60.06,75.1,52.03,56.52,72.08,76.2,55.76,72.0,confirmed_bullish_trend,61.8,bullish_above_signal_proxy,39.87,44.97,0.0,100,confirmed_bullish_trend,70,bullish_above_signal,62.28,27.67,0.12,-0.00966360,0.04218460,0.01504035,0.30028189,4H EMA 多头排列已连续维持；4H MACD 位于 Signal 上方；4H RSI 位于健康强势区间,
413,QUBT,QUANTUM COMPUTING,Information Technology,Early,Russell,1019,64.52,43.56,87.7,96.97,56.52,62.36,65.4,45.03,35.0,mixed_sideways,49.8,bullish_below_zero_proxy,50.08,47.02,0.0,76,early_transition,70,bullish_above_signal,61.53,8.98,0.1,-0.03699732,0.22761449,0.03337169,-0.14476190,4H EMA9 已站上 EMA26，等待 26/50 确认；4H MACD 位于 Signal 上方；4H RSI 位于健康强势区间,
414,IBEX,IBEX LTD,Industrials,Early,Russell,271,64.51,62.22,75.1,46.95,56.52,73.58,76.2,62.08,72.0,confirmed_bullish_trend,61.8,bullish_above_signal_proxy,59.02,48.8,0.0,100,confirmed_bullish_trend,70,bullish_above_signal,60.56,36.279999,0.26,0.00512531,-0.00982533,0.09178450,0.22691914,4H EMA 多头排列已连续维持；4H MACD 位于 Signal 上方；4H RSI 位于健康强势区间,
415,NMIH,NMI HOLDINGS,Financials,Early,Russell,270,64.47,62.23,75.1,46.64,56.52,73.58,76.2,62.1,72.0,confirmed_bullish_trend,61.8,bullish_above_signal_proxy,59.1,48.82,0.0,100,confirmed_bullish_trend,70,bullish_above_signal,65.37,44.599998,0.21,-0.00044825,0.00586373,0.08213024,0.16145822,4H EMA 多头排列已连续维持；4H MACD 位于 Signal 上方；4H RSI 位于健康强势区间,
416,NAVI,NAVIENT,Financials,Early,Russell,269,64.44,62.23,75.1,46.49,56.52,73.58,76.2,62.1,72.0,confirmed_bullish_trend,61.8,bullish_above_signal_proxy,59.11,48.82,0.0,100,confirmed_bullish_trend,70,bullish_above_signal,60.91,9.115,0.23,-0.02513369,0.04649828,0.09161677,0.14080100,4H EMA 多头排列已连续维持；4H MACD 位于 Signal 上方；4H RSI 位于健康强势区间,
417,GBTG,GLOBAL BUSINESS TRAVEL GROUP CLASS,Consumer Discretionary,Early,Russell,897,64.36,54.03,65.2,91.43,56.52,55.07,57.3,49.38,72.0,confirmed_bullish_trend,25.0,bearish_proxy,48.41,46.68,0.0,58,mixed_sideways,70,bullish_above_signal,58.75,9.44,0.13,0.00000000,0.00212314,0.00478978,0.00693333,4H MACD 位于 Signal 上方；4H RSI 位于健康强势区间,4H EMA 仍偏震荡
418,HTB,HOMETRUST BANCSHARES INC,Financials,Early,Russell,188,64.35,62.75,75.1,44.64,56.52,74.3,77.0,63.45,75.0,confirmed_bullish_trend,63.15,bullish_above_signal_proxy,59.43,48.89,0.0,100,confirmed_bullish_trend,70,bullish_above_signal,63.86,51.849998,0.83,-0.00603859,0.00503970,0.05881145,0.05773150,4H EMA 多头排列已连续维持；4H MACD 位于 Signal 上方；4H RSI 位于健康强势区间,
419,SBCF,SEACOAST BANKING OF FLORIDA,Financials,Early,Russell,265,64.34,62.25,75.1,45.77,56.52,73.58,76.2,62.17,72.0,confirmed_bullish_trend,61.8,bullish_above_signal_proxy,59.29,48.86,0.0,100,confirmed_bullish_trend,70,bullish_above_signal,61.93,34.985001,0.17,-0.01616985,0.02610353,0.07118803,0.10362776,4H EMA 多头排列已连续维持；4H MACD 位于 Signal 上方；4H RSI 位于健康强势区间,
420,BSVN,BANK7 CORP,Financials,Early,Russell,839,64.34,54.34,65.2,90.56,56.52,55.07,57.3,50.28,72.0,confirmed_bullish_trend,25.0,bearish_proxy,51.14,47.23,0.0,58,mixed_sideways,70,bullish_above_signal,53.36,50.755001,0.35,-0.00392505,0.00584625,-0.01922703,0.09385773,4H MACD 位于 Signal 上方；4H RSI 位于健康强势区间,4H EMA 仍偏震荡
421,DGICA,DONEGAL GROUP INC CLASS A,Financials,Early,Russell,389,64.32,61.65,65.2,73.37,56.52,55.07,57.3,60.42,72.0,confirmed_bullish_trend,61.8,bullish_above_signal_proxy,54.01,47.8,0.0,58,mixed_sideways,70,bullish_above_signal,58.55,19.642,0.18,0.01956922,0.01904021,0.02142486,0.08519337,4H MACD 位于 Signal 上方；4H RSI 位于健康强势区间,4H EMA 仍偏震荡
422,BOC,BOSTON OMAHA CORP CLASS A,Communication,Early,Russell,902,64.32,53.85,65.2,91.64,56.52,55.07,57.3,49.24,72.0,confirmed_bullish_trend,25.0,bearish_proxy,48.46,45.69,0.0,58,mixed_sideways,70,bullish_above_signal,54.4,14.455,0.24,-0.01196172,0.00242718,0.01652602,0.08847892,4H MACD 位于 Signal 上方；4H RSI 位于健康强势区间,4H EMA 仍偏震荡
423,AAP,ADVANCE AUTO PARTS INC,Consumer Discretionary,Early,Russell,544,64.31,59.28,65.2,78.86,56.52,57.23,59.7,57.15,72.0,confirmed_bullish_trend,49.8,bullish_below_zero_proxy,53.17,47.63,0.0,58,mixed_sideways,78,bullish_above_signal,61.37,59.130001,0.12,0.01528158,0.01245668,0.05816034,0.07862096,4H MACD 位于 Signal 上方；4H MACD 柱体连续扩张；4H RSI 位于健康强势区间,4H EMA 仍偏震荡
424,MKTW,MARKETWISE INC CLASS A,Financials,Early,Russell,674,64.27,55.36,82.9,40.53,56.52,74.78,79.2,53.27,72.0,confirmed_bullish_trend,25.0,bearish_proxy,60.22,49.04,0.0,100,confirmed_bullish_trend,80,fresh_above_zero_cross,55.73,20.775,0.05,0.00241255,0.02668638,0.10564124,0.26831510,4H EMA 多头排列已连续维持；4H MACD 零轴上方刚金叉；4H RSI 位于健康强势区间,
425,PFS,PROVIDENT FINANCIAL SERVICES INC,Financials,Early,Russell,262,64.25,62.26,75.1,45.1,56.52,73.58,76.2,62.2,72.0,confirmed_bullish_trend,61.8,bullish_above_signal_proxy,59.4,48.88,0.0,100,confirmed_bullish_trend,70,bullish_above_signal,62.94,25.16,0.18,-0.01197722,0.04528459,0.06881899,0.07521368,4H EMA 多头排列已连续维持；4H MACD 位于 Signal 上方；4H RSI 位于健康强势区间,
426,RLAY,RELAY THERAPEUTICS,Health Care,Early,Russell,962,64.16,53.64,75.1,64.6,56.52,72.08,76.2,47.83,72.0,confirmed_bullish_trend,25.0,bearish_proxy,43.28,46.66,0.0,100,confirmed_bullish_trend,70,bullish_above_signal,54.74,19.4,0.15,-0.00792636,0.05606962,-0.01672580,0.11302352,4H EMA 多头排列已连续维持；4H MACD 位于 Signal 上方；4H RSI 位于健康强势区间,
427,GEO,GEO GROUP,Industrials,Early,Russell,678,64.13,55.39,75.1,60.34,56.52,72.08,76.2,53.18,75.0,confirmed_bullish_trend,26.35,bearish_proxy,56.19,48.24,0.0,100,confirmed_bullish_trend,70,bullish_above_signal,58.37,31.27,0.34,-0.00031973,0.04407342,0.07716152,0.04389918,4H EMA 多头排列已连续维持；4H MACD 位于 Signal 上方；4H RSI 位于健康强势区间,
428,GLNG,GOLAR LNG,Energy,Early,Russell,1025,64.12,43.8,90.4,86.56,56.52,67.76,71.4,44.62,35.0,mixed_sideways,49.8,bullish_below_zero_proxy,47.6,49.27,0.0,92,fresh_bullish_cross,66,bullish_above_signal,58.93,50.23,0.17,0.01690454,0.06082370,-0.00514957,-0.01856194,4H EMA9/26 最近金叉且价格在 EMA50 上方；4H MACD 位于 Signal 上方；4H MACD 柱体连续扩张；4H RSI 位于健康强势区间,
429,PEB,PEBBLEBROOK HOTEL TRUST REIT,Real Estate,Early,Russell,738,64.08,55.07,73.0,66.39,56.52,59.93,62.7,51.81,72.0,confirmed_bullish_trend,25.0,bearish_proxy,55.09,49.52,0.0,58,mixed_sideways,88,fresh_above_zero_cross,56.04,19.41,0.06,0.00569953,0.00988559,0.05546498,0.05776567,4H MACD 零轴上方刚金叉；4H MACD 柱体连续扩张；4H RSI 位于健康强势区间,4H EMA 仍偏震荡
430,SGHT,SIGHT SCIENCES,Health Care,Early,Russell,483,64.08,61.34,65.2,72.55,56.52,55.07,57.3,58.92,75.0,confirmed_bullish_trend,63.15,bullish_above_signal_proxy,45.25,47.05,0.0,58,mixed_sideways,70,bullish_above_signal,54.06,5.39,0.16,-0.04262877,0.01125704,0.00653595,-0.00369686,4H MACD 位于 Signal 上方；4H RSI 位于健康强势区间,4H EMA 仍偏震荡
431,RXST,RXSIGHT,Health Care,Early,Russell,244,64.07,62.48,75.1,43.41,56.52,73.58,76.2,62.44,72.0,confirmed_bullish_trend,61.8,bullish_above_signal_proxy,59.68,49.94,0.0,100,confirmed_bullish_trend,70,bullish_above_signal,63.38,6.215,0.21,0.00000000,0.01303993,0.10685663,0.19404419,4H EMA 多头排列已连续维持；4H MACD 位于 Signal 上方；4H RSI 位于健康强势区间,
432,DORM,DORMAN PRODUCTS,Consumer Discretionary,Early,Russell,13,64.03,67.86,75.1,30.58,56.52,80.74,78.6,70.34,72.0,confirmed_bullish_trend,88.8,fresh_above_zero_cross_proxy,63.61,49.72,0.0,100,confirmed_bullish_trend,78,bullish_above_signal,56.68,143.470001,0.23,-0.03393707,0.01571682,0.02742769,0.11963479,4H EMA 多头排列已连续维持；4H MACD 位于 Signal 上方；4H MACD 柱体连续扩张；4H RSI 位于健康强势区间,
433,FRAF,FRANKLIN FINANCIAL SERVICES CORP,Financials,Early,Russell,842,64.01,54.34,64.3,90.82,56.52,66.68,70.2,50.27,72.0,confirmed_bullish_trend,25.0,bearish_proxy,51.12,47.22,0.0,100,confirmed_bullish_trend,50,mixed_or_bearish,53.09,63.259998,0.08,-0.00181463,-0.00784191,0.02503440,-0.00440672,4H EMA 多头排列已连续维持；4H MACD 柱体连续扩张；4H RSI 位于健康强势区间,4H MACD 尚未确认多头
434,BANR,BANNER CORP,Financials,Early,Russell,731,63.94,54.92,75.1,60.18,56.52,72.08,76.2,51.97,72.0,confirmed_bullish_trend,25.0,bearish_proxy,56.27,48.25,0.0,100,confirmed_bullish_trend,70,bullish_above_signal,56.05,71.125,0.1,-0.01747478,0.01534614,0.05652109,0.06331292,4H EMA 多头排列已连续维持；4H MACD 位于 Signal 上方；4H RSI 位于健康强势区间,
435,BBW,BUILD A BEAR WORKSHOP,Consumer Discretionary,Early,Russell,46,63.91,77.39,54.4,22.78,56.52,53.46,49.95,67.77,82.0,early_transition,61.8,bullish_above_signal_proxy,67.17,50.43,0.0,55,mixed_sideways,50,mixed_or_bearish,54.02,34.66,0.17,0.01657131,-0.02256060,0.16113903,0.12678804,4H MACD 柱体连续扩张；4H RSI 位于健康强势区间,4H EMA 仍偏震荡；4H MACD 尚未确认多头
436,VRRM,VERRA MOBILITY CLASS A,Industrials,Early,Russell,45,63.9,76.17,60.1,10.36,56.52,75.1,74.0,67.88,82.0,early_transition,49.8,bullish_below_zero_proxy,76.61,52.32,0.0,100,confirmed_bullish_trend,70,bullish_above_signal,74.09,5.505,0.13,-0.00989209,0.07414634,0.30295858,0.25398633,4H EMA 多头排列已连续维持；4H MACD 位于 Signal 上方,4H RSI 偏热
437,EXPO,EXPONENT,Industrials,Early,Russell,252,63.9,62.31,75.1,42.64,56.52,73.58,76.2,62.34,72.0,confirmed_bullish_trend,61.8,bullish_above_signal_proxy,59.81,48.96,0.0,100,confirmed_bullish_trend,70,bullish_above_signal,59.85,66.974998,0.19,-0.00983148,0.01692981,0.07954540,0.16884815,4H EMA 多头排列已连续维持；4H MACD 位于 Signal 上方；4H RSI 位于健康强势区间,
438,GCBC,GREENE COUNTY BANCORP INC,Financials,Early,Russell,600,63.88,63.43,67.1,91.64,10.98,67.81,71.45,55.26,72.0,confirmed_bullish_trend,86.55,fresh_above_zero_cross_proxy,50.98,47.2,10.36,89,confirmed_bullish_trend,78,bullish_above_signal,68.71,35.18,0.41,0.02535701,0.04021289,0.02745321,0.22407794,4H EMA 多头排列已连续维持；4H MACD 位于 Signal 上方；4H MACD 柱体连续扩张,4H 相对 EMA26 超过 2 ATR，短线偏追高；4H RSI 偏热
439,SPB,SPECTRUM BRANDS HOLDINGS,Consumer Staples,Early,Russell,222,63.81,62.87,75.1,40.79,56.52,75.74,78.6,62.87,72.0,confirmed_bullish_trend,61.8,bullish_above_signal_proxy,60.18,51.79,0.0,100,confirmed_bullish_trend,78,bullish_above_signal,63.89,91.584999,0.27,0.00043695,0.03773160,0.09932783,0.09800977,4H EMA 多头排列已连续维持；4H MACD 位于 Signal 上方；4H MACD 柱体连续扩张；4H RSI 位于健康强势区间,
440,AGYS,AGILYSYS INC,Information Technology,Early,Russell,976,63.78,53.38,75.1,62.7,56.52,72.08,76.2,47.47,72.0,confirmed_bullish_trend,25.0,bearish_proxy,42.65,45.53,0.0,100,confirmed_bullish_trend,70,bullish_above_signal,53.49,109.260002,0.25,-0.01434367,-0.03769596,-0.03215517,0.26531563,4H EMA 多头排列已连续维持；4H MACD 位于 Signal 上方；4H RSI 位于健康强势区间,
441,ALMR,ALAMAR BIOSCIENCES INC,Health Care,Early,Russell,340,63.75,62.02,67.1,63.67,56.52,67.81,71.45,61.1,72.0,confirmed_bullish_trend,61.8,bullish_above_signal_proxy,55.62,49.12,0.0,89,confirmed_bullish_trend,78,bullish_above_signal,71.05,28.785,0.21,0.07567265,0.17971311,0.14453280,0.25370215,4H EMA 多头排列已连续维持；4H MACD 位于 Signal 上方；4H MACD 柱体连续扩张,4H 相对 EMA26 超过 2 ATR，短线偏追高；4H RSI 偏热
442,SLDE,SLIDE INSURANCE HOLDINGS,Financials,Early,Russell,881,63.73,54.49,64.3,88.56,56.52,66.68,70.2,49.62,72.0,confirmed_bullish_trend,25.0,bearish_proxy,47.9,49.33,0.0,100,confirmed_bullish_trend,50,mixed_or_bearish,51.82,20.75,0.18,0.01096224,-0.06320542,-0.00192405,0.18843077,4H EMA 多头排列已连续维持；4H MACD 柱体连续扩张；4H RSI 位于健康强势区间,4H MACD 尚未确认多头
443,APOG,APOGEE ENTERPRISES INC,Industrials,Early,Russell,246,63.72,62.34,75.1,41.41,56.52,71.29,73.65,62.43,72.0,confirmed_bullish_trend,61.8,bullish_above_signal_proxy,60.08,49.02,0.0,89,confirmed_bullish_trend,78,bullish_above_signal,67.13,43.450001,0.19,0.01899630,0.08979188,0.11581926,0.08111476,4H EMA 多头排列已连续维持；4H MACD 位于 Signal 上方；4H MACD 柱体连续扩张；4H RSI 位于健康强势区间,4H 相对 EMA26 超过 2 ATR，短线偏追高
444,VIA,VIA TRANSPORTATION CLASS A,Information Technology,Early,Russell,248,63.7,62.34,75.1,41.25,56.52,73.58,76.2,62.43,72.0,confirmed_bullish_trend,61.8,bullish_above_signal_proxy,60.1,49.02,0.0,100,confirmed_bullish_trend,70,bullish_above_signal,62.53,21.25,0.11,-0.00468384,0.02805999,0.16374589,0.41478029,4H EMA 多头排列已连续维持；4H MACD 位于 Signal 上方；4H RSI 位于健康强势区间,
445,ADEA,ADEIA,Information Technology,Early,Russell,1028,63.58,43.37,87.7,91.12,56.52,62.36,65.4,44.46,35.0,mixed_sideways,49.8,bullish_below_zero_proxy,48.36,46.67,0.0,76,early_transition,70,bullish_above_signal,63.05,30.200001,0.14,-0.03791010,0.30453568,0.06300602,-0.00625199,4H EMA9 已站上 EMA26，等待 26/50 确认；4H MACD 位于 Signal 上方；4H RSI 位于健康强势区间,
446,SIBN,SI BONE,Health Care,Early,Russell,358,63.57,61.93,65.2,67.78,56.52,55.07,57.3,60.83,72.0,confirmed_bullish_trend,61.8,bullish_above_signal_proxy,54.78,48.96,0.0,58,mixed_sideways,70,bullish_above_signal,54.97,18.02,0.34,-0.01771595,-0.02330629,0.04131754,0.12999310,4H MACD 位于 Signal 上方；4H RSI 位于健康强势区间,4H EMA 仍偏震荡
447,LGIH,LGI HOMES,Consumer Discretionary,Early,Russell,703,63.55,55.14,77.5,50.69,56.52,72.62,76.8,52.61,72.0,confirmed_bullish_trend,25.0,bearish_proxy,58.2,48.64,0.0,100,confirmed_bullish_trend,72,fresh_below_zero_cross,58.65,61.490002,0.23,-0.00621091,0.05925931,0.04388427,0.09549262,4H EMA 多头排列已连续维持；4H MACD 刚金叉但仍需零轴确认；4H MACD 柱体连续扩张；4H RSI 位于健康强势区间,
448,DRVN,DRIVEN BRANDS HOLDINGS,Consumer Discretionary,Early,Russell,977,63.55,53.34,75.1,61.26,56.52,72.08,76.2,47.35,72.0,confirmed_bullish_trend,25.0,bearish_proxy,42.27,45.45,0.0,100,confirmed_bullish_trend,70,bullish_above_signal,51.61,14.68,0.29,-0.00542005,-0.01871658,-0.03006277,0.18006431,4H EMA 多头排列已连续维持；4H MACD 位于 Signal 上方；4H RSI 位于健康强势区间,
449,GWRS,GLOBAL WATER RESOURCES INC,Utilities,Early,Russell,465,63.48,61.4,54.4,97.23,56.52,47.51,48.9,59.26,72.0,confirmed_bullish_trend,61.8,bullish_above_signal_proxy,50.04,48.01,0.0,58,mixed_sideways,42,mixed_or_bearish,51.97,7.29,0.14,0.00137363,-0.02540107,0.03551136,0.03404255,4H RSI 位于健康强势区间,4H EMA 仍偏震荡；4H MACD 尚未确认多头
450,EVC,ENTRAVISION COMMUNICATIONS CORP CL,Communication,Early,Russell,979,63.47,53.16,75.1,61.16,56.52,72.08,76.2,47.2,72.0,confirmed_bullish_trend,25.0,bearish_proxy,42.26,44.45,0.0,100,confirmed_bullish_trend,70,bullish_above_signal,55.13,11.54,0.43,-0.00173010,0.04481666,-0.03025210,0.06506691,4H EMA 多头排列已连续维持；4H MACD 位于 Signal 上方；4H RSI 位于健康强势区间,
451,MATX,MATSON INC,Industrials,Early,Russell,716,63.42,55.02,75.1,56.44,56.52,68.84,72.6,52.28,72.0,confirmed_bullish_trend,25.0,bearish_proxy,57.22,48.44,0.0,100,confirmed_bullish_trend,58,bullish_above_signal,50.64,208.860001,0.2,-0.03444130,0.03462628,0.05266870,0.06691871,4H EMA 多头排列已连续维持；4H MACD 位于 Signal 上方；4H RSI 位于健康强势区间,
452,FUBO,FUBOTV CLASS A,Communication,Early,Russell,1010,63.42,43.62,87.7,89.48,56.52,62.0,65.0,45.44,38.0,mixed_sideways,51.15,bullish_below_zero_proxy,48.05,45.61,0.0,76,early_transition,66,bullish_above_signal,64.65,10.1799,0.82,0.04852299,0.15027119,0.03244422,0.17077631,4H EMA9 已站上 EMA26，等待 26/50 确认；4H MACD 位于 Signal 上方；4H MACD 柱体连续扩张；4H RSI 位于健康强势区间,
453,FCF,FIRST COMMONWEALTH FINANCIAL CORP,Financials,Early,Russell,234,63.4,62.41,75.1,39.1,56.52,73.58,76.2,62.63,72.0,confirmed_bullish_trend,61.8,bullish_above_signal_proxy,60.69,49.14,0.0,100,confirmed_bullish_trend,70,bullish_above_signal,57.78,21.725,0.13,-0.01429224,-0.00298307,0.07125241,0.08625000,4H EMA 多头排列已连续维持；4H MACD 位于 Signal 上方；4H RSI 位于健康强势区间,
454,TWIN,TWIN DISC INC,Industrials,Early,Russell,714,63.39,55.03,75.1,56.23,56.52,72.08,76.2,52.29,72.0,confirmed_bullish_trend,25.0,bearish_proxy,57.25,48.45,0.0,100,confirmed_bullish_trend,70,bullish_above_signal,61.37,23.9,0.41,0.00041863,0.07754734,0.09182280,0.07391602,4H EMA 多头排列已连续维持；4H MACD 位于 Signal 上方；4H RSI 位于健康强势区间,
455,ESQ,ESQUIRE FINANCIAL HOLDINGS INC,Financials,Early,Russell,232,63.38,62.41,75.1,38.99,56.52,73.58,76.2,62.64,72.0,confirmed_bullish_trend,61.8,bullish_above_signal_proxy,60.72,49.14,0.0,100,confirmed_bullish_trend,70,bullish_above_signal,63.67,131.639999,0.03,0.01770385,-0.00327469,0.09290164,0.13914851,4H EMA 多头排列已连续维持；4H MACD 位于 Signal 上方；4H RSI 位于健康强势区间,
456,MTH,MERITAGE CORP,Consumer Discretionary,Early,Russell,914,63.34,47.22,90.4,73.37,56.52,68.57,72.3,48.99,35.0,mixed_sideways,71.8,fresh_below_zero_cross_proxy,45.43,46.09,0.0,94,fresh_bullish_cross,66,bullish_above_signal,58.16,74.915001,0.23,0.00624586,0.04681058,-0.04301728,-0.00958485,4H EMA9/26 最近金叉且价格在 EMA50 上方；4H MACD 位于 Signal 上方；4H MACD 柱体连续扩张；4H RSI 位于健康强势区间,
457,UFPI,UFP INDUSTRIES,Industrials,Early,Russell,231,63.3,62.43,75.1,38.38,56.52,73.58,76.2,62.71,72.0,confirmed_bullish_trend,61.8,bullish_above_signal_proxy,60.92,49.18,0.0,100,confirmed_bullish_trend,70,bullish_above_signal,65.31,93.004997,0.33,-0.00465545,0.05867956,0.08917904,0.10693883,4H EMA 多头排列已连续维持；4H MACD 位于 Signal 上方；4H RSI 位于健康强势区间,
458,GNK,GENCO SHIPPING AND TRADING,Industrials,Early,Russell,362,63.29,61.78,65.2,66.24,56.52,55.07,57.3,60.78,72.0,confirmed_bullish_trend,61.8,bullish_above_signal_proxy,55.1,48.02,0.0,58,mixed_sideways,70,bullish_above_signal,54.95,26.0,0.29,-0.00725472,0.03133681,0.03792419,0.04585676,4H MACD 位于 Signal 上方；4H RSI 位于健康强势区间,4H EMA 仍偏震荡
459,FOR,FORESTAR GROUP INC,Real Estate,Early,Russell,909,63.2,47.46,90.4,71.83,56.52,68.57,72.3,49.1,35.0,mixed_sideways,71.8,fresh_below_zero_cross_proxy,45.09,47.52,0.0,94,fresh_bullish_cross,66,bullish_above_signal,57.57,29.605,0.13,0.00731545,0.02280187,-0.02196895,0.00817300,4H EMA9/26 最近金叉且价格在 EMA50 上方；4H MACD 位于 Signal 上方；4H MACD 柱体连续扩张；4H RSI 位于健康强势区间,
460,MLAB,MESA LABORATORIES,Health Care,Early,Russell,351,63.2,61.98,65.2,65.16,56.52,55.07,57.3,60.98,72.0,confirmed_bullish_trend,61.8,bullish_above_signal_proxy,55.25,49.05,0.0,58,mixed_sideways,70,bullish_above_signal,57.94,102.834999,0.06,0.00238818,0.02917335,0.07008326,0.11947527,4H MACD 位于 Signal 上方；4H RSI 位于健康强势区间,4H EMA 仍偏震荡
461,NPO,ENPRO INC,Industrials,Early,Russell,1002,63.16,43.88,90.4,79.94,56.52,66.41,69.9,45.97,35.0,mixed_sideways,49.8,bullish_below_zero_proxy,52.95,47.59,0.0,94,fresh_bullish_cross,58,bullish_above_signal,55.56,333.290009,0.2,0.00147242,0.12487765,0.03029466,-0.09353238,4H EMA9/26 最近金叉且价格在 EMA50 上方；4H MACD 位于 Signal 上方；4H RSI 位于健康强势区间,
462,LNN,LINDSAY,Industrials,Early,Russell,1036,63.15,43.18,90.4,81.48,56.52,66.41,69.9,43.92,35.0,mixed_sideways,49.8,bullish_below_zero_proxy,46.72,46.34,0.0,94,fresh_bullish_cross,58,bullish_above_signal,54.41,115.650002,0.05,-0.01949975,0.02845714,0.00373200,-0.01347779,4H EMA9/26 最近金叉且价格在 EMA50 上方；4H MACD 位于 Signal 上方；4H RSI 位于健康强势区间,
463,BCPC,BALCHEM,Materials,Early,Russell,335,63.15,61.92,67.1,59.93,56.52,65.64,69.05,61.19,72.0,confirmed_bullish_trend,61.8,bullish_above_signal_proxy,56.33,48.27,0.0,89,confirmed_bullish_trend,70,bullish_above_signal,68.32,175.210007,0.29,-0.00994515,0.06991947,0.04304090,0.05580000,4H EMA 多头排列已连续维持；4H MACD 位于 Signal 上方,4H 相对 EMA26 超过 2 ATR，短线偏追高；4H RSI 偏热
464,PEBK,PEOPLES BANCORP OF NORTH CAROLINA,Financials,Early,Russell,266,63.15,62.31,65.2,64.08,56.52,56.57,57.3,62.16,75.0,confirmed_bullish_trend,63.15,bullish_above_signal_proxy,55.52,48.1,0.0,58,mixed_sideways,70,bullish_above_signal,53.1,43.330002,0.18,-0.00610823,0.00370637,-0.00046127,0.00393888,4H MACD 位于 Signal 上方；4H RSI 位于健康强势区间,4H EMA 仍偏震荡
465,GTX,GARRETT MOTION,Consumer Discretionary,Early,Russell,918,63.13,47.18,90.4,72.04,56.52,67.76,71.4,48.89,35.0,mixed_sideways,71.8,fresh_below_zero_cross_proxy,45.13,46.03,0.0,92,fresh_bullish_cross,66,bullish_above_signal,54.07,31.620001,0.13,0.00604521,0.09848883,-0.01953485,-0.06283346,4H EMA9/26 最近金叉且价格在 EMA50 上方；4H MACD 位于 Signal 上方；4H MACD 柱体连续扩张；4H RSI 位于健康强势区间,
466,ISSC,INNOVATIVE SOLUTIONS AND SUPPORT I,Industrials,Early,Russell,225,63.11,62.47,75.1,36.99,56.52,73.58,76.2,62.82,72.0,confirmed_bullish_trend,61.8,bullish_above_signal_proxy,61.28,49.26,0.0,100,confirmed_bullish_trend,70,bullish_above_signal,64.28,20.52,0.09,0.00097561,0.15216177,0.12192449,0.25581395,4H EMA 多头排列已连续维持；4H MACD 位于 Signal 上方；4H RSI 位于健康强势区间,
467,ESE,ESCO TECHNOLOGIES,Industrials,Early,Russell,919,63.11,47.18,90.4,71.93,56.52,68.57,72.3,48.89,35.0,mixed_sideways,71.8,fresh_below_zero_cross_proxy,45.12,46.02,0.0,94,fresh_bullish_cross,66,bullish_above_signal,58.17,329.040009,0.2,0.01800634,0.09559492,-0.01278122,-0.04075558,4H EMA9/26 最近金叉且价格在 EMA50 上方；4H MACD 位于 Signal 上方；4H MACD 柱体连续扩张；4H RSI 位于健康强势区间,
468,ONT,ONTERRIS INC,Industrials,Early,Russell,871,63.06,58.69,75.1,75.06,12.21,67.62,71.25,49.74,72.0,confirmed_bullish_trend,59.55,bullish_above_signal_proxy,53.67,47.73,10.01,89,confirmed_bullish_trend,70,bullish_above_signal,67.37,22.790001,0.16,-0.01512524,0.12432171,0.05852299,0.35574077,4H EMA 多头排列已连续维持；4H MACD 位于 Signal 上方；4H RSI 位于健康强势区间,4H 相对 EMA26 超过 2 ATR，短线偏追高
469,OFG,OFG BANCORP,Financials,Early,Russell,366,63.05,61.76,64.3,67.06,56.52,64.52,67.8,60.74,72.0,confirmed_bullish_trend,61.8,bullish_above_signal_proxy,54.96,47.99,0.0,100,confirmed_bullish_trend,42,mixed_or_bearish,59.1,53.224998,0.12,-0.00939888,0.01700581,0.06727490,0.10839229,4H EMA 多头排列已连续维持；4H RSI 位于健康强势区间,4H MACD 尚未确认多头
470,FRSH,FRESHWORKS CLASS A,Information Technology,Early,Russell,217,62.99,62.51,75.1,36.12,56.52,73.58,76.2,62.93,72.0,confirmed_bullish_trend,61.8,bullish_above_signal_proxy,61.59,49.32,0.0,100,confirmed_bullish_trend,70,bullish_above_signal,59.11,11.735,0.16,-0.01799163,0.01076658,0.13162970,0.27957693,4H EMA 多头排列已连续维持；4H MACD 位于 Signal 上方；4H RSI 位于健康强势区间,
471,WOR,WORTHINGTON ENTERPRISES,Industrials,Early,Russell,215,62.89,62.53,75.1,35.4,56.52,75.74,78.6,63.0,72.0,confirmed_bullish_trend,61.8,bullish_above_signal_proxy,61.82,49.36,0.0,100,confirmed_bullish_trend,78,bullish_above_signal,66.53,59.25,0.29,0.00491861,0.06603091,0.11455982,-0.02932505,4H EMA 多头排列已连续维持；4H MACD 位于 Signal 上方；4H MACD 柱体连续扩张；4H RSI 位于健康强势区间,
472,SVV,SAVERS VALUE VILLAGE,Consumer Discretionary,Early,Russell,212,62.83,62.54,75.1,34.99,56.52,73.58,76.2,63.03,72.0,confirmed_bullish_trend,61.8,bullish_above_signal_proxy,61.92,49.38,0.0,100,confirmed_bullish_trend,70,bullish_above_signal,64.36,10.73,0.41,0.00421151,0.07568922,0.11596464,0.10561566,4H EMA 多头排列已连续维持；4H MACD 位于 Signal 上方；4H RSI 位于健康强势区间,
473,ALRS,ALERUS FINANCIAL CORP,Financials,Early,Russell,211,62.82,62.55,75.1,34.89,56.52,73.58,76.2,63.04,72.0,confirmed_bullish_trend,61.8,bullish_above_signal_proxy,61.94,49.39,0.0,100,confirmed_bullish_trend,70,bullish_above_signal,61.84,33.93,0.13,-0.01323246,0.02974200,0.09345791,0.11758890,4H EMA 多头排列已连续维持；4H MACD 位于 Signal 上方；4H RSI 位于健康强势区间,
474,ZUMZ,ZUMIEZ,Consumer Discretionary,Early,Russell,41,62.82,77.51,50.8,24.78,56.52,48.73,44.7,68.37,85.0,early_transition,61.8,bullish_above_signal_proxy,66.28,50.26,0.0,58,mixed_sideways,28,fresh_bearish_cross,53.05,19.74,0.35,-0.02830426,0.01075264,0.12382573,0.09788654,4H RSI 位于健康强势区间,4H EMA 仍偏震荡；4H MACD 最近死叉
475,PRG,PROG HOLDINGS INC,Financials,Early,Russell,706,62.81,55.11,75.1,52.18,56.52,72.08,76.2,52.53,72.0,confirmed_bullish_trend,25.0,bearish_proxy,57.95,48.59,0.0,100,confirmed_bullish_trend,70,bullish_above_signal,55.35,45.805,0.17,-0.00618355,0.06771557,0.04685176,0.16256339,4H EMA 多头排列已连续维持；4H MACD 位于 Signal 上方；4H RSI 位于健康强势区间,
476,BKU,BANKUNITED,Financials,Early,Russell,930,62.77,47.12,90.4,69.78,56.52,66.41,69.9,48.7,35.0,mixed_sideways,71.8,fresh_below_zero_cross_proxy,44.55,45.91,0.0,94,fresh_bullish_cross,58,bullish_above_signal,55.32,47.75,0.08,-0.00882198,0.03669125,-0.02161664,-0.02789086,4H EMA9/26 最近金叉且价格在 EMA50 上方；4H MACD 位于 Signal 上方；4H RSI 位于健康强势区间,
477,PII,POLARIS INC,Consumer Discretionary,Early,Russell,10,62.76,68.36,75.1,20.93,56.52,80.74,78.6,71.8,72.0,confirmed_bullish_trend,88.8,fresh_above_zero_cross_proxy,68.02,50.6,0.0,100,confirmed_bullish_trend,78,bullish_above_signal,58.59,73.93,0.32,-0.00252977,0.09851407,0.15245515,0.07612814,4H EMA 多头排列已连续维持；4H MACD 位于 Signal 上方；4H MACD 柱体连续扩张；4H RSI 位于健康强势区间,
478,NWL,NEWELL BRANDS INC,Consumer Discretionary,Early,Russell,206,62.76,62.56,75.1,34.48,56.52,73.58,76.2,63.09,72.0,confirmed_bullish_trend,61.8,bullish_above_signal_proxy,62.09,49.42,0.0,100,confirmed_bullish_trend,70,bullish_above_signal,64.09,6.2111,0.13,0.01966739,0.19329491,0.12316456,0.21192195,4H EMA 多头排列已连续维持；4H MACD 位于 Signal 上方；4H RSI 位于健康强势区间,
479,ASAN,ASANA CLASS A,Information Technology,Early,Russell,207,62.75,62.56,75.1,34.38,56.52,73.58,76.2,63.09,72.0,confirmed_bullish_trend,61.8,bullish_above_signal_proxy,62.1,49.42,0.0,100,confirmed_bullish_trend,70,bullish_above_signal,64.34,8.845,0.1,0.02669762,0.03814554,0.18248663,0.32509363,4H EMA 多头排列已连续维持；4H MACD 位于 Signal 上方；4H RSI 位于健康强势区间,
480,XPRO,EXPRO LTD,Energy,Early,Russell,203,62.73,62.59,75.1,34.17,56.52,73.58,76.2,63.18,72.0,confirmed_bullish_trend,61.8,bullish_above_signal_proxy,62.35,49.47,0.0,100,confirmed_bullish_trend,70,bullish_above_signal,55.06,16.200001,0.2,-0.04068207,0.10882964,0.12891993,0.20985818,4H EMA 多头排列已连续维持；4H MACD 位于 Signal 上方；4H RSI 位于健康强势区间,
481,BBT,BEACON FINANCIAL,Financials,Early,Russell,312,62.7,62.01,67.1,56.7,56.52,65.64,69.05,61.47,72.0,confirmed_bullish_trend,61.8,bullish_above_signal_proxy,57.18,48.44,0.0,89,confirmed_bullish_trend,70,bullish_above_signal,68.02,32.0,0.15,-0.00682809,0.07454664,0.05890142,0.05855111,4H EMA 多头排列已连续维持；4H MACD 位于 Signal 上方,4H 相对 EMA26 超过 2 ATR，短线偏追高；4H RSI 偏热
482,EBC,EASTERN BANKSHARES INC,Financials,Early,Russell,808,62.7,54.5,64.3,81.68,56.52,64.52,67.8,50.75,72.0,confirmed_bullish_trend,25.0,bearish_proxy,52.56,47.51,0.0,100,confirmed_bullish_trend,42,mixed_or_bearish,54.12,23.219999,0.14,-0.01338436,0.00781241,0.03085456,0.10676830,4H EMA 多头排列已连续维持；4H RSI 位于健康强势区间,4H MACD 尚未确认多头
483,FENC,FENNEC PHARMACEUTICALS,Health Care,Early,Russell,1234,62.69,39.26,92.8,81.17,56.52,70.91,74.9,38.35,35.0,mixed_sideways,25.0,bearish_proxy,46.69,50.59,0.0,94,fresh_bullish_cross,72,fresh_below_zero_cross,61.72,10.627,0.57,0.06057884,0.10238589,0.01113225,0.03174757,4H EMA9/26 最近金叉且价格在 EMA50 上方；4H MACD 刚金叉但仍需零轴确认；4H MACD 柱体连续扩张；4H RSI 位于健康强势区间,
484,DNOW,DNOW,Industrials,Early,Russell,199,62.67,62.61,75.1,33.76,56.52,73.58,76.2,63.22,72.0,confirmed_bullish_trend,61.8,bullish_above_signal_proxy,62.49,49.5,0.0,100,confirmed_bullish_trend,70,bullish_above_signal,58.81,14.27,0.14,-0.00868357,0.06971514,0.12672720,0.06492537,4H EMA 多头排列已连续维持；4H MACD 位于 Signal 上方；4H RSI 位于健康强势区间,
485,HUBG,HUB GROUP CLASS A,Industrials,Early,Russell,770,62.67,54.68,67.6,72.24,56.52,54.39,56.55,51.28,72.0,confirmed_bullish_trend,25.0,bearish_proxy,54.18,47.84,0.0,55,mixed_sideways,72,fresh_below_zero_cross,51.24,47.73,0.11,0.00052401,0.00104866,0.03535796,0.10537286,4H MACD 刚金叉但仍需零轴确认；4H MACD 柱体连续扩张；4H RSI 位于健康强势区间,4H EMA 仍偏震荡
486,TGLS,TECNOGLASS HOLDINGS INC,Industrials,Early,Russell,198,62.66,62.62,75.1,33.66,56.52,75.74,78.6,63.24,72.0,confirmed_bullish_trend,61.8,bullish_above_signal_proxy,62.53,49.51,0.0,100,confirmed_bullish_trend,78,bullish_above_signal,62.1,48.169998,0.47,0.02315200,0.07211213,0.11272804,0.06054602,4H EMA 多头排列已连续维持；4H MACD 位于 Signal 上方；4H MACD 柱体连续扩张；4H RSI 位于健康强势区间,
487,TRS,TRIMAS,Materials,Early,Russell,1000,62.65,43.95,90.4,76.4,56.52,68.57,72.3,46.17,35.0,mixed_sideways,49.8,bullish_below_zero_proxy,53.54,47.71,0.0,94,fresh_bullish_cross,66,bullish_above_signal,59.09,41.290001,0.14,0.01263026,0.05036886,0.01374910,-0.04088265,4H EMA9/26 最近金叉且价格在 EMA50 上方；4H MACD 位于 Signal 上方；4H MACD 柱体连续扩张；4H RSI 位于健康强势区间,
488,CLDX,CELLDEX THERAPEUTICS,Health Care,Early,Russell,953,62.65,58.32,67.1,96.2,9.65,67.81,71.45,48.07,72.0,confirmed_bullish_trend,59.55,bullish_above_signal_proxy,50.21,48.04,10.68,89,confirmed_bullish_trend,78,bullish_above_signal,70.45,40.145,0.36,0.03519858,0.06996269,0.00588825,0.21817623,4H EMA 多头排列已连续维持；4H MACD 位于 Signal 上方；4H MACD 柱体连续扩张,4H 相对 EMA26 超过 2 ATR，短线偏追高；4H RSI 偏热
489,CFFN,CAPITOL FEDERAL FINANCIAL INC,Financials,Early,Russell,196,62.64,62.62,75.1,33.56,56.52,73.58,76.2,63.26,72.0,confirmed_bullish_trend,61.8,bullish_above_signal_proxy,62.61,49.52,0.0,100,confirmed_bullish_trend,70,bullish_above_signal,66.0,9.115,0.15,-0.01138829,0.04052511,0.08900836,0.09885473,4H EMA 多头排列已连续维持；4H MACD 位于 Signal 上方；4H RSI 位于健康强势区间,
490,COSO,COASTALSOUTH BANCSHARES INC,Financials,Early,Russell,499,62.61,61.05,54.4,92.2,56.52,47.51,48.9,58.63,72.0,confirmed_bullish_trend,61.8,bullish_above_signal_proxy,48.59,46.72,0.0,58,mixed_sideways,42,mixed_or_bearish,52.63,27.23,0.08,-0.00329429,-0.00402341,0.02484005,0.00313133,4H RSI 位于健康强势区间,4H EMA 仍偏震荡；4H MACD 尚未确认多头
491,NEO,NEOGENOMICS,Health Care,Early,Russell,184,62.59,62.86,75.1,32.63,56.52,73.58,76.2,63.55,72.0,confirmed_bullish_trend,61.8,bullish_above_signal_proxy,63.03,50.61,0.0,100,confirmed_bullish_trend,70,bullish_above_signal,61.83,15.995,0.15,-0.00683018,0.04747872,0.10310345,0.39450741,4H EMA 多头排列已连续维持；4H MACD 位于 Signal 上方；4H RSI 位于健康强势区间,
492,STEP,STEPSTONE GROUP CLASS A,Financials,Early,Russell,648,62.59,72.12,67.1,22.63,11.16,67.81,71.45,53.96,82.0,early_transition,47.55,bullish_below_zero_proxy,67.27,50.45,10.28,89,confirmed_bullish_trend,78,bullish_above_signal,72.21,49.18,0.21,0.00326397,0.14372093,0.14665426,0.14611979,4H EMA 多头排列已连续维持；4H MACD 位于 Signal 上方；4H MACD 柱体连续扩张,4H 相对 EMA26 超过 2 ATR，短线偏追高；4H RSI 偏热
493,ENR,ENERGIZER HOLDINGS INC,Consumer Staples,Early,Russell,173,62.56,63.2,74.9,32.22,56.52,76.46,79.4,63.85,72.0,confirmed_bullish_trend,61.8,bullish_above_signal_proxy,63.16,52.38,0.0,100,confirmed_bullish_trend,88,fresh_above_zero_cross,68.36,22.66,0.34,0.06937229,0.05788982,0.09627479,0.05053315,4H EMA 多头排列已连续维持；4H MACD 零轴上方刚金叉；4H MACD 柱体连续扩张,4H RSI 偏热
494,JOUT,JOHNSON OUTDOORS INC CLASS A,Consumer Discretionary,Early,Russell,190,62.53,62.66,75.1,32.73,56.52,75.74,78.6,63.36,72.0,confirmed_bullish_trend,61.8,bullish_above_signal_proxy,62.91,49.58,0.0,100,confirmed_bullish_trend,78,bullish_above_signal,63.01,48.439999,0.13,-0.00533885,0.02215657,0.11445989,0.06007220,4H EMA 多头排列已连续维持；4H MACD 位于 Signal 上方；4H MACD 柱体连续扩张；4H RSI 位于健康强势区间,
495,URBN,URBAN OUTFITTERS,Consumer Discretionary,Early,Russell,187,62.44,62.69,75.1,32.02,56.52,73.58,76.2,63.46,72.0,confirmed_bullish_trend,61.8,bullish_above_signal_proxy,63.21,49.64,0.0,100,confirmed_bullish_trend,70,bullish_above_signal,62.39,77.779999,0.16,-0.00854045,0.03183871,0.14088736,0.09541585,4H EMA 多头排列已连续维持；4H MACD 位于 Signal 上方；4H RSI 位于健康强势区间,
496,SEPN,SEPTERNA,Health Care,Early,Russell,208,62.44,62.75,67.1,53.26,56.52,69.31,71.45,63.07,75.0,confirmed_bullish_trend,63.15,bullish_above_signal_proxy,57.82,49.56,0.0,89,confirmed_bullish_trend,78,bullish_above_signal,70.26,38.810001,0.38,0.05720518,0.15420077,0.08438111,0.06212370,4H EMA 多头排列已连续维持；4H MACD 位于 Signal 上方；4H MACD 柱体连续扩张,4H 相对 EMA26 超过 2 ATR，短线偏追高；4H RSI 偏热
497,FUL,HB FULLER,Materials,Early,Russell,1007,62.4,43.83,87.7,82.2,56.52,59.66,62.4,45.81,35.0,mixed_sideways,49.8,bullish_below_zero_proxy,52.45,47.49,0.0,64,early_transition,78,bullish_above_signal,65.38,59.509998,0.17,0.01743881,0.06725251,0.03351851,-0.05644525,4H EMA9 已站上 EMA26，等待 26/50 确认；4H MACD 位于 Signal 上方；4H MACD 柱体连续扩张；4H RSI 位于健康强势区间,4H 相对 EMA26 超过 2 ATR，短线偏追高
498,GIII,G III APPAREL GROUP LTD,Consumer Discretionary,Early,Russell,345,62.37,61.87,64.3,62.29,56.52,64.52,67.8,61.06,72.0,confirmed_bullish_trend,61.8,bullish_above_signal_proxy,55.94,48.19,0.0,100,confirmed_bullish_trend,42,mixed_or_bearish,57.17,36.435001,0.17,0.00013728,-0.00232746,0.07287992,0.08437509,4H EMA 多头排列已连续维持；4H RSI 位于健康强势区间,4H MACD 尚未确认多头
499,TDW,TIDEWATER,Energy,Early,Russell,185,62.36,62.72,75.1,31.45,56.52,73.58,76.2,63.55,72.0,confirmed_bullish_trend,61.8,bullish_above_signal_proxy,63.47,49.69,0.0,100,confirmed_bullish_trend,70,bullish_above_signal,55.69,78.830002,0.33,-0.05126964,0.07912387,0.10817459,0.18755658,4H EMA 多头排列已连续维持；4H MACD 位于 Signal 上方；4H RSI 位于健康强势区间,
500,BRSL,BRIGHTSTAR LOTTERY PLC,Consumer Discretionary,Early,Russell,998,62.33,43.98,90.4,74.19,56.52,63.71,66.9,46.27,35.0,mixed_sideways,49.8,bullish_below_zero_proxy,53.85,47.77,0.0,82,fresh_bullish_cross,66,bullish_above_signal,66.29,11.275,0.24,0.02174898,0.08884597,0.00669643,0.04205176,4H EMA9/26 最近金叉且价格在 EMA50 上方；4H MACD 位于 Signal 上方；4H MACD 柱体连续扩张；4H RSI 位于健康强势区间,4H 相对 EMA26 超过 2 ATR，短线偏追高
501,PATK,PATRICK INDUSTRIES,Consumer Discretionary,Early,Russell,1201,62.32,31.19,92.8,97.59,56.52,70.19,74.1,38.81,15.0,bearish_transition,49.8,bullish_below_zero_proxy,49.43,46.89,0.0,94,fresh_bullish_cross,72,fresh_below_zero_cross,57.6,87.790001,0.15,0.02071898,0.01385847,0.00297043,0.00676610,4H EMA9/26 最近金叉且价格在 EMA50 上方；4H MACD 刚金叉但仍需零轴确认；4H MACD 柱体连续扩张；4H RSI 位于健康强势区间,
502,GRC,GORMAN-RUPP,Industrials,Early,Russell,433,62.27,60.2,75.1,36.74,56.52,74.24,78.6,59.85,72.0,confirmed_bullish_trend,49.8,bullish_below_zero_proxy,61.36,49.27,0.0,100,confirmed_bullish_trend,78,bullish_above_signal,64.04,86.300003,0.1,0.00764792,0.09880318,0.08308237,-0.00196598,4H EMA 多头排列已连续维持；4H MACD 位于 Signal 上方；4H MACD 柱体连续扩张；4H RSI 位于健康强势区间,
503,RRBI,RED RIVER BANCSHARES INC,Financials,Early,Russell,379,62.19,61.69,60.7,71.11,56.52,60.74,63.6,60.53,72.0,confirmed_bullish_trend,61.8,bullish_above_signal_proxy,54.33,47.87,0.0,100,confirmed_bullish_trend,28,fresh_bearish_cross,56.12,101.43,0.05,-0.00966606,-0.00098492,0.04330384,0.12027832,4H EMA 多头排列已连续维持；4H RSI 位于健康强势区间,4H MACD 最近死叉
504,AZZ,AZZ INC,Industrials,Early,Russell,323,62.17,61.96,65.2,58.34,56.52,53.99,56.1,61.33,72.0,confirmed_bullish_trend,61.8,bullish_above_signal_proxy,56.75,48.35,0.0,58,mixed_sideways,66,bullish_above_signal,61.43,153.669998,0.11,0.00490453,0.08808329,0.06938066,0.00694579,4H MACD 位于 Signal 上方；4H MACD 柱体连续扩张；4H RSI 位于健康强势区间,4H EMA 仍偏震荡
505,JBLU,JETBLUE AIRWAYS,Industrials,Early,Russell,175,62.15,62.79,75.1,29.86,56.52,73.58,76.2,63.74,72.0,confirmed_bullish_trend,61.8,bullish_above_signal_proxy,64.05,49.81,0.0,100,confirmed_bullish_trend,70,bullish_above_signal,62.83,6.365,0.12,-0.02467055,0.11471103,0.11179039,0.15203620,4H EMA 多头排列已连续维持；4H MACD 位于 Signal 上方；4H RSI 位于健康强势区间,
506,EIG,EMPLOYERS HOLDINGS,Financials,Early,Russell,934,62.15,53.77,65.2,77.32,56.52,53.86,55.95,48.59,72.0,confirmed_bullish_trend,25.0,bearish_proxy,46.04,46.21,0.0,55,mixed_sideways,70,bullish_above_signal,51.81,50.509998,0.18,0.00999800,0.01466450,-0.02197700,0.04792525,4H MACD 位于 Signal 上方；4H RSI 位于健康强势区间,4H EMA 仍偏震荡
507,RH,RH,Consumer Discretionary,Early,Russell,7,62.13,68.81,75.1,15.7,56.52,76.29,73.65,73.12,72.0,confirmed_bullish_trend,88.8,fresh_above_zero_cross_proxy,72.03,51.41,0.0,89,confirmed_bullish_trend,78,bullish_above_signal,65.73,193.820007,0.18,0.02490617,0.10181344,0.18370588,0.36747205,4H EMA 多头排列已连续维持；4H MACD 位于 Signal 上方；4H MACD 柱体连续扩张；4H RSI 位于健康强势区间,4H 相对 EMA26 超过 2 ATR，短线偏追高
508,LYTS,LSI INDUSTRIES INC,Industrials,Early,Russell,1035,62.13,43.2,87.7,81.89,56.52,61.28,64.2,43.96,35.0,mixed_sideways,49.8,bullish_below_zero_proxy,46.83,46.37,0.0,76,early_transition,66,bullish_above_signal,64.04,25.049999,0.13,0.01008065,0.10303831,0.00602406,-0.01956947,4H EMA9 已站上 EMA26，等待 26/50 确认；4H MACD 位于 Signal 上方；4H MACD 柱体连续扩张；4H RSI 位于健康强势区间,
509,PIPR,PIPER SANDLER COMPANIES,Financials,Early,Russell,1155,62.07,31.44,95.5,88.1,56.52,65.06,68.4,39.55,15.0,bearish_transition,49.8,bullish_below_zero_proxy,51.66,47.33,0.0,76,early_transition,80,fresh_above_zero_cross,51.0,76.004997,0.22,-0.01394661,0.02987797,0.01218539,-0.05053099,4H EMA9 已站上 EMA26，等待 26/50 确认；4H MACD 零轴上方刚金叉；4H RSI 位于健康强势区间,
510,MVBF,MVB FINANCIAL CORP,Financials,Early,Russell,318,62.03,61.99,65.2,57.36,56.52,55.07,57.3,61.41,72.0,confirmed_bullish_trend,61.8,bullish_above_signal_proxy,57.01,48.4,0.0,58,mixed_sideways,70,bullish_above_signal,56.65,30.58,0.2,-0.00971499,-0.01099612,0.06923077,0.08132952,4H MACD 位于 Signal 上方；4H RSI 位于健康强势区间,4H EMA 仍偏震荡
511,REAL,THE REALREAL,Consumer Discretionary,Early,Russell,170,61.98,62.84,75.1,28.63,56.52,73.58,76.2,63.89,72.0,confirmed_bullish_trend,61.8,bullish_above_signal_proxy,64.52,49.9,0.0,100,confirmed_bullish_trend,70,bullish_above_signal,60.44,12.475,0.16,-0.02842679,0.06715141,0.14239927,0.02170352,4H EMA 多头排列已连续维持；4H MACD 位于 Signal 上方；4H RSI 位于健康强势区间,
512,TBPH,THERAVANCE BIOPHARMA,Health Care,Early,Russell,931,61.98,53.94,65.2,75.83,56.52,52.77,54.75,48.69,72.0,confirmed_bullish_trend,25.0,bearish_proxy,45.88,47.18,0.0,55,mixed_sideways,66,bullish_above_signal,53.01,16.899,0.04,0.00171897,0.00231311,-0.00623340,-0.00359664,4H MACD 位于 Signal 上方；4H MACD 柱体连续扩张；4H RSI 位于健康强势区间,4H EMA 仍偏震荡
513,RAMP,LIVERAMP HOLDINGS INC,Information Technology,Early,Russell,937,61.94,53.75,65.2,75.99,56.52,55.07,57.3,48.54,72.0,confirmed_bullish_trend,25.0,bearish_proxy,45.89,46.18,0.0,58,mixed_sideways,70,bullish_above_signal,51.01,37.834999,0.09,0.00092593,0.00225163,0.00651766,0.00625003,4H MACD 位于 Signal 上方；4H RSI 位于健康强势区间,4H EMA 仍偏震荡
514,CRGY,CRESCENT ENERGY CLASS A,Energy,Early,Russell,33,61.93,77.73,50.8,18.37,56.52,48.73,44.7,68.76,82.0,early_transition,61.8,bullish_above_signal_proxy,70.18,51.04,0.0,58,mixed_sideways,28,fresh_bearish_cross,54.16,11.12,0.3,-0.02155741,0.00724638,0.18046709,0.05803996,4H RSI 位于健康强势区间,4H EMA 仍偏震荡；4H MACD 最近死叉
515,FMAO,FARMERS AND MERCHANTS BANCORP INC,Financials,Early,Russell,162,61.88,62.9,75.1,27.81,56.52,73.58,76.2,64.08,72.0,confirmed_bullish_trend,61.8,bullish_above_signal_proxy,65.1,50.02,0.0,100,confirmed_bullish_trend,70,bullish_above_signal,61.91,34.439999,0.03,-0.01119733,-0.01768403,0.13851236,0.17904828,4H EMA 多头排列已连续维持；4H MACD 位于 Signal 上方；4H RSI 位于健康强势区间,
516,TPC,TUTOR PERINI,Industrials,Early,Russell,160,61.84,62.92,75.1,27.5,56.52,73.58,76.2,64.12,72.0,confirmed_bullish_trend,61.8,bullish_above_signal_proxy,65.2,50.04,0.0,100,confirmed_bullish_trend,70,bullish_above_signal,57.6,86.095001,0.16,-0.00272212,0.12263657,0.14808646,0.06303251,4H EMA 多头排列已连续维持；4H MACD 位于 Signal 上方；4H RSI 位于健康强势区间,
517,CCBG,CAPITAL CITY BANK INC,Financials,Early,Russell,324,61.83,61.96,64.3,58.49,56.52,64.52,67.8,61.32,72.0,confirmed_bullish_trend,61.8,bullish_above_signal_proxy,56.73,48.35,0.0,100,confirmed_bullish_trend,42,mixed_or_bearish,57.53,52.540001,0.13,-0.00811780,0.00382119,0.07202618,0.09253485,4H EMA 多头排列已连续维持；4H RSI 位于健康强势区间,4H MACD 尚未确认多头
518,SEZL,SEZZLE INC,Financials,Early,Russell,995,61.81,53.02,75.1,50.38,56.52,71.0,75.0,46.4,72.0,confirmed_bullish_trend,25.0,bearish_proxy,39.38,44.88,0.0,100,confirmed_bullish_trend,66,bullish_above_signal,62.27,177.080002,0.2,0.00045199,0.16178982,-0.00309634,0.16884490,4H EMA 多头排列已连续维持；4H MACD 位于 Signal 上方；4H MACD 柱体连续扩张；4H RSI 位于健康强势区间,
519,DFTX,DEFINIUM THERAPEUTICS INC,Health Care,Early,Russell,949,61.79,53.76,67.6,68.55,56.52,55.12,57.35,48.16,72.0,confirmed_bullish_trend,25.0,bearish_proxy,44.29,46.86,0.0,55,mixed_sideways,72,fresh_below_zero_cross,52.43,43.57,0.58,0.02590061,0.03344402,-0.02001797,0.20425650,4H MACD 刚金叉但仍需零轴确认；4H MACD 柱体连续扩张；4H RSI 位于健康强势区间,4H EMA 仍偏震荡
520,MBUU,MALIBU BOATS CLASS A INC,Consumer Discretionary,Early,Russell,158,61.77,62.94,75.1,26.99,56.52,75.74,78.6,64.18,72.0,confirmed_bullish_trend,61.8,bullish_above_signal_proxy,65.39,50.08,0.0,100,confirmed_bullish_trend,78,bullish_above_signal,63.92,29.445,0.18,0.01324849,0.05575479,0.14929738,0.12807452,4H EMA 多头排列已连续维持；4H MACD 位于 Signal 上方；4H MACD 柱体连续扩张；4H RSI 位于健康强势区间,
521,MPTI,M TRON INDUSTRIES INC,Information Technology,Early,Russell,1038,61.76,43.14,87.7,79.53,56.52,62.36,65.4,43.8,35.0,mixed_sideways,49.8,bullish_below_zero_proxy,46.36,46.27,0.0,76,early_transition,70,bullish_above_signal,59.9,88.830002,0.09,-0.02266473,0.13578830,0.02931633,-0.04411921,4H EMA9 已站上 EMA26，等待 26/50 确认；4H MACD 位于 Signal 上方；4H RSI 位于健康强势区间,
522,PMTS,CPI CARD GROUP INC,Information Technology,Early,Russell,157,61.75,62.94,75.1,26.89,56.52,69.12,71.25,64.2,72.0,confirmed_bullish_trend,61.8,bullish_above_signal_proxy,65.44,50.09,0.0,89,confirmed_bullish_trend,70,bullish_above_signal,63.98,22.129999,0.17,-0.03066145,0.06088197,0.15140479,0.21260268,4H EMA 多头排列已连续维持；4H MACD 位于 Signal 上方；4H RSI 位于健康强势区间,4H 相对 EMA26 超过 2 ATR，短线偏追高
523,SLP,SIMULATIONS PLUS,Health Care,Early,Russell,929,61.75,53.94,64.3,76.65,56.52,66.68,70.2,48.71,72.0,confirmed_bullish_trend,25.0,bearish_proxy,45.94,47.19,0.0,100,confirmed_bullish_trend,50,mixed_or_bearish,54.15,18.33,0.1,-0.00108992,-0.00054526,0.00383352,0.00963916,4H EMA 多头排列已连续维持；4H MACD 柱体连续扩张；4H RSI 位于健康强势区间,4H MACD 尚未确认多头
524,PRKS,UNITED PARKS AND RESORTS INC,Consumer Discretionary,Early,Russell,1274,61.67,38.5,90.4,82.56,56.52,66.41,69.9,37.82,35.0,mixed_sideways,25.0,bearish_proxy,47.02,46.4,0.0,94,fresh_bullish_cross,58,bullish_above_signal,50.9,45.77,0.18,-0.01654493,-0.01717844,-0.03357266,-0.01037838,4H EMA9/26 最近金叉且价格在 EMA50 上方；4H MACD 位于 Signal 上方；4H RSI 位于健康强势区间,
525,FWRG,FIRST WATCH RESTAURANT GROUP,Consumer Discretionary,Early,Russell,439,61.67,61.44,54.4,85.07,56.52,47.24,48.6,59.78,72.0,confirmed_bullish_trend,61.8,bullish_above_signal_proxy,52.06,47.41,0.0,52,mixed_sideways,50,mixed_or_bearish,52.52,12.78,0.31,0.02527076,-0.03181818,-0.00622084,0.14721724,4H MACD 柱体连续扩张；4H RSI 位于健康强势区间,4H EMA 仍偏震荡；4H MACD 尚未确认多头
526,CXW,CORECIVIC REIT,Industrials,Early,Russell,675,61.66,55.63,67.6,63.31,56.52,55.12,57.35,53.27,75.0,confirmed_bullish_trend,26.35,bearish_proxy,55.79,49.66,0.0,55,mixed_sideways,72,fresh_below_zero_cross,57.59,31.23,0.71,0.03926792,0.04974790,0.06514325,0.05080757,4H MACD 刚金叉但仍需零轴确认；4H MACD 柱体连续扩张；4H RSI 位于健康强势区间,4H EMA 仍偏震荡
527,SLAB,SILICON LABORATORIES,Information Technology,Early,Russell,1039,61.61,43.12,87.7,78.55,56.52,59.12,61.8,43.75,35.0,mixed_sideways,49.8,bullish_below_zero_proxy,46.2,46.24,0.0,76,early_transition,58,bullish_above_signal,56.01,218.220001,0.1,0.00075673,0.00813080,0.00234254,-0.00210349,4H EMA9 已站上 EMA26，等待 26/50 确认；4H MACD 位于 Signal 上方；4H RSI 位于健康强势区间,
528,CVCO,CAVCO INDUSTRIES,Consumer Discretionary,Early,Russell,1127,61.57,39.28,92.8,73.68,56.52,69.38,73.2,40.1,35.0,mixed_sideways,25.0,bearish_proxy,53.94,47.79,0.0,92,fresh_bullish_cross,72,fresh_below_zero_cross,59.02,584.619995,0.15,0.03777003,0.03452427,0.00925316,-0.00064958,4H EMA9/26 最近金叉且价格在 EMA50 上方；4H MACD 刚金叉但仍需零轴确认；4H MACD 柱体连续扩张；4H RSI 位于健康强势区间,
529,USGO,US GOLDMINING INC,Materials,Early,Russell,1130,61.57,31.67,90.4,97.85,56.52,68.48,72.2,40.06,18.0,bearish_transition,51.15,bullish_below_zero_proxy,49.47,46.89,0.0,92,fresh_bullish_cross,66,bullish_above_signal,62.02,8.08,0.63,0.05759162,0.10307167,0.00123916,-0.03694875,4H EMA9/26 最近金叉且价格在 EMA50 上方；4H MACD 位于 Signal 上方；4H MACD 柱体连续扩张；4H RSI 位于健康强势区间,
530,AMBA,AMBARELLA,Information Technology,Early,Russell,146,61.55,63.02,75.1,25.35,56.52,73.58,76.2,64.41,72.0,confirmed_bullish_trend,61.8,bullish_above_signal_proxy,66.09,50.22,0.0,100,confirmed_bullish_trend,70,bullish_above_signal,62.93,82.550003,0.08,0.00127361,0.19309150,0.14972144,0.26030539,4H EMA 多头排列已连续维持；4H MACD 位于 Signal 上方；4H RSI 位于健康强势区间,
531,FCCO,FIRST COMMUNITY CORP,Financials,Early,Russell,434,61.48,61.46,54.4,83.74,56.52,47.51,48.9,59.84,72.0,confirmed_bullish_trend,61.8,bullish_above_signal_proxy,52.25,47.45,0.0,58,mixed_sideways,42,mixed_or_bearish,54.79,34.349998,0.06,-0.00578874,-0.00865812,0.04693682,0.06677009,4H RSI 位于健康强势区间,4H EMA 仍偏震荡；4H MACD 尚未确认多头
532,GKOS,GLAUKOS,Health Care,Early,Russell,130,61.46,63.23,75.1,24.27,56.52,73.58,76.2,64.65,72.0,confirmed_bullish_trend,61.8,bullish_above_signal_proxy,66.36,51.27,0.0,100,confirmed_bullish_trend,70,bullish_above_signal,66.73,170.0,0.09,0.00472815,0.05531072,0.12956811,0.26131474,4H EMA 多头排列已连续维持；4H MACD 位于 Signal 上方；4H RSI 位于健康强势区间,
533,SBH,SALLY BEAUTY HOLDINGS INC,Consumer Discretionary,Early,Russell,138,61.4,63.05,75.1,24.27,56.52,73.58,76.2,64.5,72.0,confirmed_bullish_trend,61.8,bullish_above_signal_proxy,66.36,50.27,0.0,100,confirmed_bullish_trend,70,bullish_above_signal,62.94,16.219999,0.15,-0.01993958,0.05393106,0.13031352,0.21771764,4H EMA 多头排列已连续维持；4H MACD 位于 Signal 上方；4H RSI 位于健康强势区间,
534,UPST,UPSTART HOLDINGS,Financials,Early,Russell,1032,61.37,43.16,90.4,69.68,56.52,66.41,69.9,44.09,38.0,mixed_sideways,49.8,bullish_below_zero_proxy,44.51,45.9,0.0,94,fresh_bullish_cross,58,bullish_above_signal,60.09,30.84,0.48,0.00162387,0.15939850,-0.06759340,-0.01939590,4H EMA9/26 最近金叉且价格在 EMA50 上方；4H MACD 位于 Signal 上方；4H RSI 位于健康强势区间,
535,CASH,PATHWARD FINANCIAL INC,Financials,Early,Russell,942,61.37,53.68,65.2,72.34,56.52,55.07,57.3,48.33,72.0,confirmed_bullish_trend,25.0,bearish_proxy,45.23,46.05,0.0,58,mixed_sideways,70,bullish_above_signal,52.7,89.239998,0.06,-0.01642241,0.00506810,-0.01337755,0.05012938,4H MACD 位于 Signal 上方；4H RSI 位于健康强势区间,4H EMA 仍偏震荡
536,STBA,S AND T BANCORP INC,Financials,Early,Russell,302,61.34,62.05,64.3,55.0,56.52,64.52,67.8,61.59,72.0,confirmed_bullish_trend,61.8,bullish_above_signal_proxy,57.54,48.51,0.0,100,confirmed_bullish_trend,42,mixed_or_bearish,60.22,52.544998,0.09,-0.00727380,-0.00699240,0.07784611,0.09105062,4H EMA 多头排列已连续维持；4H RSI 位于健康强势区间,4H MACD 尚未确认多头
537,SXT,SENSIENT TECHNOLOGIES,Materials,Early,Russell,928,61.28,58.38,67.1,86.2,10.72,67.81,71.45,48.72,72.0,confirmed_bullish_trend,59.55,bullish_above_signal_proxy,51.95,47.39,10.46,89,confirmed_bullish_trend,78,bullish_above_signal,70.47,129.529999,0.07,0.01068972,0.05669764,0.05086806,0.09087082,4H EMA 多头排列已连续维持；4H MACD 位于 Signal 上方；4H MACD 柱体连续扩张,4H 相对 EMA26 超过 2 ATR，短线偏追高；4H RSI 偏热
538,IDR,IDAHO STRATEGIC RESOURCES INC,Materials,Early,Russell,988,61.26,44.11,90.4,66.7,56.52,63.71,66.9,46.65,35.0,mixed_sideways,49.8,bullish_below_zero_proxy,55.0,48.0,0.0,82,fresh_bullish_cross,66,bullish_above_signal,66.92,32.82,0.33,0.06766428,0.18227666,0.04555594,0.00705738,4H EMA9/26 最近金叉且价格在 EMA50 上方；4H MACD 位于 Signal 上方；4H MACD 柱体连续扩张；4H RSI 位于健康强势区间,4H 相对 EMA26 超过 2 ATR，短线偏追高
539,CSTM,CONSTELLIUM SE CLASS A,Materials,Early,Russell,1184,61.25,31.26,90.4,96.66,56.52,68.57,72.3,39.04,15.0,bearish_transition,49.8,bullish_below_zero_proxy,50.11,47.02,0.0,94,fresh_bullish_cross,66,bullish_above_signal,59.0,30.08,0.31,0.01330642,0.09025009,0.00905740,-0.09574625,4H EMA9/26 最近金叉且价格在 EMA50 上方；4H MACD 位于 Signal 上方；4H MACD 柱体连续扩张；4H RSI 位于健康强势区间,
540,BMI,BADGER METER,Information Technology,Early,Russell,959,61.24,46.85,90.4,60.24,56.52,66.41,69.9,47.91,35.0,mixed_sideways,71.8,fresh_below_zero_cross_proxy,42.14,45.43,0.0,94,fresh_bullish_cross,58,bullish_above_signal,56.33,139.520004,0.1,0.00758289,0.04407692,-0.05120706,0.09264627,4H EMA9/26 最近金叉且价格在 EMA50 上方；4H MACD 位于 Signal 上方；4H RSI 位于健康强势区间,
541,ALNT,ALLIENT INC,Industrials,Early,Russell,357,61.21,60.55,75.1,28.84,56.52,72.08,76.2,60.86,72.0,confirmed_bullish_trend,49.8,bullish_below_zero_proxy,64.44,49.89,0.0,100,confirmed_bullish_trend,70,bullish_above_signal,61.85,94.574997,0.14,-0.00567735,0.19836543,0.14400628,-0.01412491,4H EMA 多头排列已连续维持；4H MACD 位于 Signal 上方；4H RSI 位于健康强势区间,
542,USAU,US GOLD CORP,Materials,Early,Russell,1050,61.21,42.92,90.4,69.16,56.52,68.57,72.3,43.15,35.0,mixed_sideways,49.8,bullish_below_zero_proxy,44.39,45.88,0.0,94,fresh_bullish_cross,66,bullish_above_signal,63.3,14.98,0.13,0.02462380,0.15631030,-0.04919073,-0.01252472,4H EMA9/26 最近金叉且价格在 EMA50 上方；4H MACD 位于 Signal 上方；4H MACD 柱体连续扩张；4H RSI 位于健康强势区间,
543,CRSR,CORSAIR GAMING INC,Information Technology,Early,Russell,124,61.19,63.15,75.1,22.63,56.52,73.58,76.2,64.8,72.0,confirmed_bullish_trend,61.8,bullish_above_signal_proxy,67.27,50.45,0.0,100,confirmed_bullish_trend,70,bullish_above_signal,59.33,11.025,0.34,-0.02303943,0.07351509,0.24085537,0.27089337,4H EMA 多头排列已连续维持；4H MACD 位于 Signal 上方；4H RSI 位于健康强势区间,
544,CRI,CARTERS,Consumer Discretionary,Early,Russell,997,61.17,44.0,87.7,73.58,56.52,62.36,65.4,46.31,35.0,mixed_sideways,49.8,bullish_below_zero_proxy,53.98,47.8,0.0,76,early_transition,70,bullish_above_signal,51.26,39.18,0.09,-0.01023112,0.01266480,-0.01607233,-0.08275781,4H EMA9 已站上 EMA26，等待 26/50 确认；4H MACD 位于 Signal 上方；4H RSI 位于健康强势区间,
545,INBK,FIRST INTERNET BANCORP,Financials,Early,Russell,125,61.16,63.15,75.1,22.47,56.52,73.58,76.2,64.8,72.0,confirmed_bullish_trend,61.8,bullish_above_signal_proxy,67.28,50.46,0.0,100,confirmed_bullish_trend,70,bullish_above_signal,64.0,29.360001,0.21,0.00737349,0.10168859,0.07822259,0.12619873,4H EMA 多头排列已连续维持；4H MACD 位于 Signal 上方；4H RSI 位于健康强势区间,
546,ALT,ALTIMMUNE INC,Health Care,Early,Russell,219,61.14,75.86,75.1,85.94,56.52,73.58,76.2,62.9,82.0,early_transition,61.8,bullish_above_signal_proxy,51.98,48.4,0.0,100,confirmed_bullish_trend,70,bullish_above_signal,56.31,3.025,0.05,0.01340034,0.03418803,0.00498339,0.03595890,4H EMA 多头排列已连续维持；4H MACD 位于 Signal 上方；4H RSI 位于健康强势区间,
547,KMTS,KESTRA MEDICAL TECHNOLOGIES,Health Care,Early,Russell,681,61.14,59.29,75.1,31.3,56.52,72.08,76.2,53.09,72.0,confirmed_bullish_trend,61.8,bullish_above_signal_proxy,31.33,44.27,0.0,100,confirmed_bullish_trend,70,bullish_above_signal,61.53,25.4,0.14,0.04013104,0.11305872,-0.08764368,0.22533649,4H EMA 多头排列已连续维持；4H MACD 位于 Signal 上方；4H RSI 位于健康强势区间,
548,RNGR,RANGER ENERGY SERVICES INC CLASS A,Energy,Early,Russell,447,61.14,73.37,51.7,87.53,56.52,49.4,51.0,59.68,82.0,early_transition,49.8,bullish_below_zero_proxy,51.75,47.35,0.0,44,bearish_transition,70,bullish_above_signal,49.78,15.75,0.15,-0.01531729,0.03754941,0.00767754,0.01547389,4H MACD 位于 Signal 上方；4H RSI 位于健康强势区间,4H EMA 转弱或跌破 EMA26
549,FOXF,FOX FACTORY HOLDING,Consumer Discretionary,Early,Russell,123,61.11,63.16,75.1,22.11,56.52,73.58,76.2,64.83,72.0,confirmed_bullish_trend,61.8,bullish_above_signal_proxy,67.35,50.47,0.0,100,confirmed_bullish_trend,70,bullish_above_signal,59.68,19.575001,0.08,-0.01731923,0.03407295,0.15079371,0.11506699,4H EMA 多头排列已连续维持；4H MACD 位于 Signal 上方；4H RSI 位于健康强势区间,
550,FLR,FLUOR CORP,Industrials,Early,Russell,1137,61.11,39.22,90.4,77.17,56.52,66.41,69.9,39.93,35.0,mixed_sideways,25.0,bearish_proxy,53.42,47.68,0.0,94,fresh_bullish_cross,58,bullish_above_signal,51.06,50.645,0.28,-0.01964770,0.08169586,0.04186379,-0.05088083,4H EMA9/26 最近金叉且价格在 EMA50 上方；4H MACD 位于 Signal 上方；4H RSI 位于健康强势区间,
551,PPIH,PERMA PIPE INTERNATIONAL HOLDINGS,Industrials,Early,Russell,1181,61.1,31.29,90.4,95.59,56.52,67.76,71.4,39.11,15.0,bearish_transition,49.8,bullish_below_zero_proxy,50.33,47.07,0.0,92,fresh_bullish_cross,66,bullish_above_signal,57.8,25.855,0.06,0.01273008,0.11204301,0.02844077,-0.04646874,4H EMA9/26 最近金叉且价格在 EMA50 上方；4H MACD 位于 Signal 上方；4H MACD 柱体连续扩张；4H RSI 位于健康强势区间,
552,VTS,VITESSE ENERGY INC,Energy,Early,Russell,1208,61.09,31.16,90.4,95.84,56.52,67.76,71.4,38.74,15.0,bearish_transition,49.8,bullish_below_zero_proxy,49.22,46.84,0.0,92,fresh_bullish_cross,66,bullish_above_signal,55.33,15.75,0.23,0.01351351,0.01809955,-0.00126823,-0.02386117,4H EMA9/26 最近金叉且价格在 EMA50 上方；4H MACD 位于 Signal 上方；4H MACD 柱体连续扩张；4H RSI 位于健康强势区间,
553,MNTN,MNTN CLASS A,Communication,Early,Russell,754,61.08,57.31,75.1,35.51,56.52,74.24,78.6,51.59,75.0,confirmed_bullish_trend,51.15,bullish_below_zero_proxy,33.04,42.61,0.0,100,confirmed_bullish_trend,78,bullish_above_signal,65.14,10.41,0.36,0.04100000,0.08777429,-0.07466667,0.23487544,4H EMA 多头排列已连续维持；4H MACD 位于 Signal 上方；4H MACD 柱体连续扩张；4H RSI 位于健康强势区间,
554,AX,AXOS FINANCIAL,Financials,Early,Russell,832,61.05,58.92,75.1,61.42,11.7,72.08,76.2,50.4,72.0,confirmed_bullish_trend,59.55,bullish_above_signal_proxy,56.04,48.21,10.13,100,confirmed_bullish_trend,70,bullish_above_signal,64.94,103.830002,0.11,-0.01648194,0.05604152,0.05368379,0.13711537,4H EMA 多头排列已连续维持；4H MACD 位于 Signal 上方；4H RSI 位于健康强势区间,
555,NPK,NATIONAL PRESTO INDUSTRIES INC,Industrials,Early,Russell,825,61.01,71.09,60.1,35.92,7.03,63.58,66.75,50.52,82.0,early_transition,47.55,bullish_below_zero_proxy,61.7,49.34,11.88,89,confirmed_bullish_trend,70,bullish_above_signal,75.21,137.195007,0.12,-0.00025497,0.12621086,0.10418517,0.08104170,4H EMA 多头排列已连续维持；4H MACD 位于 Signal 上方,4H 相对 EMA26 超过 2 ATR，短线偏追高；4H RSI 过热
556,NTCT,NETSCOUT SYSTEMS,Information Technology,Early,Russell,1043,61.0,43.06,87.7,74.65,56.52,59.12,61.8,43.56,35.0,mixed_sideways,49.8,bullish_below_zero_proxy,45.63,46.13,0.0,76,early_transition,58,bullish_above_signal,57.84,41.799999,0.2,-0.01182033,0.07399797,-0.01322007,0.02803736,4H EMA9 已站上 EMA26，等待 26/50 确认；4H MACD 位于 Signal 上方；4H RSI 位于健康强势区间,
557,VCTR,VICTORY CAPITAL HOLDINGS CLASS A,Financials,Early,Russell,118,60.99,63.22,75.1,21.14,56.52,73.58,76.2,65.01,72.0,confirmed_bullish_trend,61.8,bullish_above_signal_proxy,67.92,50.58,0.0,100,confirmed_bullish_trend,70,bullish_above_signal,60.66,101.800003,0.26,-0.01203414,0.04501362,0.13870247,0.18097455,4H EMA 多头排列已连续维持；4H MACD 位于 Signal 上方；4H RSI 位于健康强势区间,
558,AMRC,AMERESCO INC CLASS A,Industrials,Early,Russell,996,60.99,44.02,87.7,72.34,56.52,59.12,61.8,46.37,35.0,mixed_sideways,49.8,bullish_below_zero_proxy,54.16,47.83,0.0,76,early_transition,58,bullish_above_signal,63.82,26.844999,0.15,-0.06820549,0.45068903,0.05357139,-0.03296113,4H EMA9 已站上 EMA26，等待 26/50 确认；4H MACD 位于 Signal 上方；4H RSI 位于健康强势区间,
559,EVTC,EVERTEC INC,Financials,Early,Russell,755,60.99,54.26,73.0,47.61,56.52,57.77,60.3,51.58,72.0,confirmed_bullish_trend,20.0,fresh_bearish_cross_proxy,58.89,48.78,0.0,58,mixed_sideways,80,fresh_above_zero_cross,53.16,31.18,0.32,-0.01516109,-0.02348888,0.08982869,0.22370487,4H MACD 零轴上方刚金叉；4H RSI 位于健康强势区间,4H EMA 仍偏震荡
560,VRNS,VARONIS SYSTEMS,Information Technology,Early,Russell,970,60.97,53.44,67.6,63.83,56.52,54.39,56.55,47.64,72.0,confirmed_bullish_trend,25.0,bearish_proxy,43.14,45.63,0.0,55,mixed_sideways,72,fresh_below_zero_cross,52.43,43.84,0.14,0.01858734,0.07907208,-0.04352567,0.25221372,4H MACD 刚金叉但仍需零轴确认；4H MACD 柱体连续扩张；4H RSI 位于健康强势区间,4H EMA 仍偏震荡
561,ELVN,ENLIVEN THERAPEUTICS,Health Care,Early,Russell,99,60.92,63.53,75.1,19.96,56.52,75.58,76.2,65.51,72.0,confirmed_bullish_trend,61.8,bullish_above_signal_proxy,68.97,51.79,0.0,100,confirmed_bullish_trend,70,bullish_above_signal,62.91,58.785,0.27,-0.00262978,0.10998869,0.15445802,0.20981683,4H EMA 多头排列已连续维持；4H MACD 位于 Signal 上方；4H RSI 位于健康强势区间,
562,SFNC,SIMMONS FIRST NATIONAL CLASS A,Financials,Early,Russell,829,60.9,58.93,75.1,60.44,11.62,67.62,71.25,50.42,72.0,confirmed_bullish_trend,59.55,bullish_above_signal_proxy,56.18,48.24,10.15,89,confirmed_bullish_trend,70,bullish_above_signal,66.13,24.084999,0.16,-0.00475215,0.02685990,0.05891396,0.07139675,4H EMA 多头排列已连续维持；4H MACD 位于 Signal 上方；4H RSI 位于健康强势区间,4H 相对 EMA26 超过 2 ATR，短线偏追高
563,VGNT,VERSIGENT PLC,Consumer Discretionary,Early,Russell,322,60.87,60.71,75.1,26.17,56.52,72.08,76.2,61.34,72.0,confirmed_bullish_trend,49.8,bullish_below_zero_proxy,65.87,50.17,0.0,100,confirmed_bullish_trend,70,bullish_above_signal,63.05,45.395,0.36,-0.02292292,0.05520688,0.14201258,0.06386225,4H EMA 多头排列已连续维持；4H MACD 位于 Signal 上方；4H RSI 位于健康强势区间,
564,KSS,KOHLS CORP,Consumer Discretionary,Early,Russell,107,60.85,63.34,75.1,19.96,56.52,73.58,76.2,65.36,72.0,confirmed_bullish_trend,61.8,bullish_above_signal_proxy,68.97,50.79,0.0,100,confirmed_bullish_trend,70,bullish_above_signal,61.25,19.785,0.16,-0.01860119,0.03803783,0.18119403,0.12960326,4H EMA 多头排列已连续维持；4H MACD 位于 Signal 上方；4H RSI 位于健康强势区间,
565,BCC,BOISE CASCADE,Industrials,Early,Russell,106,60.83,63.34,75.1,19.81,56.52,73.58,76.2,65.37,72.0,confirmed_bullish_trend,61.8,bullish_above_signal_proxy,68.99,50.8,0.0,100,confirmed_bullish_trend,70,bullish_above_signal,63.79,84.739998,0.16,-0.02899048,0.08962326,0.15449585,0.18104527,4H EMA 多头排列已连续维持；4H MACD 位于 Signal 上方；4H RSI 位于健康强势区间,
566,PBI,PITNEY BOWES,Industrials,Early,Russell,659,60.78,55.47,75.1,37.81,56.52,74.24,78.6,53.58,72.0,confirmed_bullish_trend,25.0,bearish_proxy,61.16,49.23,0.0,100,confirmed_bullish_trend,78,bullish_above_signal,58.83,18.68,0.24,0.01109608,0.05715903,0.09560124,0.09495903,4H EMA 多头排列已连续维持；4H MACD 位于 Signal 上方；4H MACD 柱体连续扩张；4H RSI 位于健康强势区间,
567,PKOH,PARK OHIO HOLDINGS CORP,Industrials,Early,Russell,102,60.76,63.36,75.1,19.29,56.52,73.58,76.2,65.42,72.0,confirmed_bullish_trend,61.8,bullish_above_signal_proxy,69.16,50.83,0.0,100,confirmed_bullish_trend,70,bullish_above_signal,65.67,41.310001,0.08,-0.00265565,0.08567680,0.17058656,0.13023262,4H EMA 多头排列已连续维持；4H MACD 位于 Signal 上方；4H RSI 位于健康强势区间,
568,COMP,COMPASS INC CLASS A,Real Estate,Early,Russell,484,60.74,64.98,75.1,46.95,9.18,69.79,73.65,58.91,75.0,confirmed_bullish_trend,87.9,fresh_above_zero_cross_proxy,59.02,50.3,10.82,89,confirmed_bullish_trend,78,bullish_above_signal,65.13,12.89,0.44,0.05916187,0.10929432,0.08433228,0.30399595,4H EMA 多头排列已连续维持；4H MACD 位于 Signal 上方；4H MACD 柱体连续扩张；4H RSI 位于健康强势区间,4H 相对 EMA26 超过 2 ATR，短线偏追高
569,SKYH,SKY HARBOUR GROUP CLASS A,Industrials,Early,Russell,254,60.72,62.31,67.1,42.79,56.52,67.14,69.05,62.33,72.0,confirmed_bullish_trend,61.8,bullish_above_signal_proxy,59.8,48.96,0.0,89,confirmed_bullish_trend,70,bullish_above_signal,68.59,11.04,0.07,0.00592255,0.04743833,0.09198813,0.15481172,4H EMA 多头排列已连续维持；4H MACD 位于 Signal 上方,4H 相对 EMA26 超过 2 ATR，短线偏追高；4H RSI 偏热
570,ABCB,AMERIS BANCORP,Financials,Early,Russell,1295,60.67,38.38,90.4,76.19,56.52,68.57,72.3,37.45,35.0,mixed_sideways,25.0,bearish_proxy,45.91,46.18,0.0,94,fresh_bullish_cross,66,bullish_above_signal,54.17,89.379997,0.16,-0.00434444,0.01649036,-0.00876124,0.01223096,4H EMA9/26 最近金叉且价格在 EMA50 上方；4H MACD 位于 Signal 上方；4H MACD 柱体连续扩张；4H RSI 位于健康强势区间,
571,WRLD,WORLD ACCEPTANCE CORP,Financials,Early,Russell,1296,60.64,38.37,90.4,75.99,56.52,68.57,72.3,37.44,35.0,mixed_sideways,25.0,bearish_proxy,45.89,46.18,0.0,94,fresh_bullish_cross,66,bullish_above_signal,55.41,194.630005,0.05,0.00693265,0.04904870,-0.02387278,0.05456224,4H EMA9/26 最近金叉且价格在 EMA50 上方；4H MACD 位于 Signal 上方；4H MACD 柱体连续扩张；4H RSI 位于健康强势区间,
572,SBMT,SILVER BOW MINING CORP,Materials,Early,Russell,1094,60.63,31.98,92.8,84.45,56.52,69.38,73.2,40.96,18.0,bearish_transition,51.15,bullish_below_zero_proxy,52.19,47.44,0.0,92,fresh_bullish_cross,72,fresh_below_zero_cross,58.1,7.04,0.21,0.07317073,0.11216430,0.05547226,0.00000000,4H EMA9/26 最近金叉且价格在 EMA50 上方；4H MACD 刚金叉但仍需零轴确认；4H MACD 柱体连续扩张；4H RSI 位于健康强势区间,
573,TNGX,TANGO THERAPEUTICS,Health Care,Early,Russell,967,60.6,46.9,90.4,55.82,56.52,66.41,69.9,47.67,35.0,mixed_sideways,71.8,fresh_below_zero_cross_proxy,40.96,46.19,0.0,94,fresh_bullish_cross,58,bullish_above_signal,58.58,29.0,0.18,0.00346021,0.12098952,-0.03718463,0.02184641,4H EMA9/26 最近金叉且价格在 EMA50 上方；4H MACD 位于 Signal 上方；4H RSI 位于健康强势区间,
574,GCO,GENESCO INC,Consumer Discretionary,Early,Russell,87,60.58,63.56,75.1,17.65,56.52,75.58,76.2,66.0,72.0,confirmed_bullish_trend,61.8,bullish_above_signal_proxy,70.9,51.18,0.0,100,confirmed_bullish_trend,70,bullish_above_signal,66.31,39.93,0.25,0.00377076,0.02371488,0.19515115,0.18346170,4H EMA 多头排列已连续维持；4H MACD 位于 Signal 上方；4H RSI 位于健康强势区间,
575,TDS,TELEPHONE AND DATA SYSTEMS,Communication,Early,Russell,1206,60.58,31.03,87.7,99.9,56.52,59.12,61.8,38.76,15.0,bearish_transition,49.8,bullish_below_zero_proxy,49.73,45.95,0.0,76,early_transition,58,bullish_above_signal,58.96,35.360001,0.42,-0.01914003,0.04153166,0.00312060,-0.09472606,4H EMA9 已站上 EMA26，等待 26/50 确认；4H MACD 位于 Signal 上方；4H RSI 位于健康强势区间,
576,CODI,COMPASS DIVERSIFIED,Financials,Early,Russell,493,60.57,59.81,65.2,52.69,56.52,50.21,51.9,58.71,72.0,confirmed_bullish_trend,49.8,bullish_below_zero_proxy,57.91,48.58,0.0,46,mixed_sideways,70,bullish_above_signal,64.42,10.915,0.17,0.00229568,0.09040959,0.08715139,0.06591797,4H MACD 位于 Signal 上方；4H RSI 位于健康强势区间,4H EMA 仍偏震荡；4H 相对 EMA26 超过 2 ATR，短线偏追高
577,BOOT,BOOT BARN HOLDINGS,Consumer Discretionary,Early,Russell,994,60.55,44.07,87.7,69.32,56.52,62.36,65.4,46.52,35.0,mixed_sideways,49.8,bullish_below_zero_proxy,54.59,47.92,0.0,76,early_transition,70,bullish_above_signal,56.71,161.240005,0.22,-0.01628942,0.06675495,0.02044181,-0.07044853,4H EMA9 已站上 EMA26，等待 26/50 确认；4H MACD 位于 Signal 上方；4H RSI 位于健康强势区间,
578,CBAN,COLONY BANKCORP INC,Financials,Early,Russell,281,60.54,62.14,64.3,49.46,56.52,66.02,67.8,61.85,72.0,confirmed_bullish_trend,61.8,bullish_above_signal_proxy,58.34,48.67,0.0,100,confirmed_bullish_trend,42,mixed_or_bearish,58.73,22.02,0.04,-0.01432408,-0.00136050,0.09280397,0.04459203,4H EMA 多头排列已连续维持；4H RSI 位于健康强势区间,4H MACD 尚未确认多头
579,VOYG,VOYAGER TECHNOLOGIES CLASS A,Industrials,Early,Russell,1012,60.53,43.67,79.7,91.43,56.52,54.44,56.6,45.34,35.0,mixed_sideways,49.8,bullish_below_zero_proxy,51.03,47.21,0.0,64,early_transition,66,bullish_above_signal,70.26,34.560001,0.25,-0.00489487,0.52852718,0.08372537,0.02857152,4H EMA9 已站上 EMA26，等待 26/50 确认；4H MACD 位于 Signal 上方；4H MACD 柱体连续扩张,4H 相对 EMA26 超过 2 ATR，短线偏追高；4H RSI 偏热
580,TSHA,TAYSHA GENE THERAPIES,Health Care,Early,Russell,1046,60.5,43.16,87.7,71.11,56.52,61.28,64.2,43.45,35.0,mixed_sideways,49.8,bullish_below_zero_proxy,44.84,46.97,0.0,76,early_transition,66,bullish_above_signal,62.4,6.29,0.19,0.04225352,0.11921708,-0.03081664,-0.08242159,4H EMA9 已站上 EMA26，等待 26/50 确认；4H MACD 位于 Signal 上方；4H MACD 柱体连续扩张；4H RSI 位于健康强势区间,
581,HNST,THE HONEST COMPANY,Consumer Staples,Early,Russell,893,60.49,54.42,92.8,84.5,56.52,70.19,74.1,49.41,72.0,confirmed_bullish_trend,25.0,bearish_proxy,47.26,49.2,0.0,94,fresh_bullish_cross,72,fresh_below_zero_cross,59.02,3.9145,0.16,0.02080997,0.04386667,-0.00647208,0.08585298,4H EMA9/26 最近金叉且价格在 EMA50 上方；4H MACD 刚金叉但仍需零轴确认；4H MACD 柱体连续扩张；4H RSI 位于健康强势区间,
582,AIOT,POWERFLEET,Information Technology,Early,Russell,179,60.49,65.58,90.4,64.8,56.52,67.91,69.9,63.64,72.0,confirmed_bullish_trend,88.8,fresh_above_zero_cross_proxy,43.3,45.66,0.0,94,fresh_bullish_cross,58,bullish_above_signal,59.3,4.205,0.23,0.00169132,0.05256571,-0.02322880,0.09362809,4H EMA9/26 最近金叉且价格在 EMA50 上方；4H MACD 位于 Signal 上方；4H RSI 位于健康强势区间,
583,NOVT,NOVANTA,Information Technology,Early,Russell,992,60.48,44.07,87.7,68.8,56.52,62.36,65.4,46.54,35.0,mixed_sideways,49.8,bullish_below_zero_proxy,54.66,47.93,0.0,76,early_transition,70,bullish_above_signal,61.15,155.509995,0.34,-0.01898820,0.12843768,0.05195152,0.02768958,4H EMA9 已站上 EMA26，等待 26/50 确认；4H MACD 位于 Signal 上方；4H RSI 位于健康强势区间,
584,RELL,RICHARDSON ELECTRONICS LTD,Information Technology,Early,Russell,82,60.46,63.62,75.1,16.68,56.52,75.58,76.2,66.17,72.0,confirmed_bullish_trend,61.8,bullish_above_signal_proxy,71.43,51.29,0.0,100,confirmed_bullish_trend,70,bullish_above_signal,62.7,20.975,0.42,-0.01014634,0.25598795,0.29876161,0.17837085,4H EMA 多头排列已连续维持；4H MACD 位于 Signal 上方；4H RSI 位于健康强势区间,
585,RYAM,RAYONIER ADVANCED MATERIALS,Materials,Early,Russell,89,60.46,77.47,65.0,3.28,8.57,57.31,55.9,65.96,85.0,early_transition,59.55,bullish_above_signal_proxy,94.58,55.92,11.19,46,mixed_sideways,88,fresh_above_zero_cross,69.27,9.7,0.56,0.07658158,0.16446579,0.36523575,0.20198265,4H MACD 零轴上方刚金叉；4H MACD 柱体连续扩张,4H EMA 仍偏震荡；4H 相对 EMA26 超过 2 ATR，短线偏追高；4H RSI 偏热
586,ELMD,ELECTROMED INC,Health Care,Early,Russell,1013,60.45,52.79,75.1,41.87,56.52,68.84,72.6,45.33,72.0,confirmed_bullish_trend,25.0,bearish_proxy,35.69,45.14,0.0,100,confirmed_bullish_trend,58,bullish_above_signal,55.52,41.700001,0.16,-0.00441678,0.03912285,-0.08732760,0.08255454,4H EMA 多头排列已连续维持；4H MACD 位于 Signal 上方；4H RSI 位于健康强势区间,
587,HASI,HA SUSTAINABLE INFRASTRUCTURE CAPI,Financials,Early,Russell,1189,60.42,31.24,87.7,98.36,56.52,62.36,65.4,38.98,15.0,bearish_transition,49.8,bullish_below_zero_proxy,49.94,46.99,0.0,76,early_transition,70,bullish_above_signal,49.59,38.290001,0.13,-0.02121672,0.01645880,0.01645880,-0.02196682,4H EMA9 已站上 EMA26，等待 26/50 确认；4H MACD 位于 Signal 上方；4H RSI 位于健康强势区间,
588,SGP,SPYGLASS PHARMA SHS,Health Care,Early,Russell,74,60.36,63.88,75.1,15.39,56.52,75.58,76.2,66.56,72.0,confirmed_bullish_trend,61.8,bullish_above_signal_proxy,72.14,52.43,0.0,100,confirmed_bullish_trend,70,bullish_above_signal,62.49,23.530001,0.11,-0.01527512,0.07738100,0.20235059,0.19260015,4H EMA 多头排列已连续维持；4H MACD 位于 Signal 上方；4H RSI 位于健康强势区间,
589,PRAX,PRAXIS PRECISION MEDICINES,Health Care,Early,Russell,1293,60.36,38.52,90.4,73.78,56.52,68.57,72.3,37.47,35.0,mixed_sideways,25.0,bearish_proxy,45.5,47.1,0.0,94,fresh_bullish_cross,66,bullish_above_signal,55.3,317.119995,0.26,0.02050699,0.08919801,-0.02106843,0.03851195,4H EMA9/26 最近金叉且价格在 EMA50 上方；4H MACD 位于 Signal 上方；4H MACD 柱体连续扩张；4H RSI 位于健康强势区间,
590,PHIN,PHINIA,Consumer Discretionary,Early,Russell,1121,60.36,39.32,90.4,71.93,56.52,66.41,69.9,40.2,35.0,mixed_sideways,25.0,bearish_proxy,54.24,47.85,0.0,94,fresh_bullish_cross,58,bullish_above_signal,51.41,78.669998,0.11,-0.01766874,-0.04282764,0.00485371,-0.02127394,4H EMA9/26 最近金叉且价格在 EMA50 上方；4H MACD 位于 Signal 上方；4H RSI 位于健康强势区间,
591,ORRF,ORRSTOWN FINANCIAL SERVICES INC,Financials,Early,Russell,319,60.32,61.98,60.7,57.98,56.52,60.74,63.6,61.37,72.0,confirmed_bullish_trend,61.8,bullish_above_signal_proxy,56.88,48.38,0.0,100,confirmed_bullish_trend,28,fresh_bearish_cross,60.21,43.285,0.14,-0.00494253,0.00080925,0.07114576,0.08920478,4H EMA 多头排列已连续维持；4H RSI 位于健康强势区间,4H MACD 最近死叉
592,PRCH,PORCH GROUP INC,Financials,Early,Russell,814,60.31,59.03,75.1,56.54,11.34,72.08,76.2,50.67,72.0,confirmed_bullish_trend,59.55,bullish_above_signal_proxy,57.21,48.44,10.25,100,confirmed_bullish_trend,70,bullish_above_signal,62.9,15.74,0.11,-0.06365253,0.27346278,0.07366985,0.21920991,4H EMA 多头排列已连续维持；4H MACD 位于 Signal 上方；4H RSI 位于健康强势区间,
593,KALU,KAISER ALUMINIUM,Materials,Early,Russell,989,60.25,44.1,87.7,67.21,56.52,56.42,58.8,46.62,35.0,mixed_sideways,49.8,bullish_below_zero_proxy,54.91,47.98,0.0,64,early_transition,66,bullish_above_signal,64.77,179.934998,0.22,0.02638184,0.18784660,0.05416249,0.00203258,4H EMA9 已站上 EMA26，等待 26/50 确认；4H MACD 位于 Signal 上方；4H MACD 柱体连续扩张；4H RSI 位于健康强势区间,4H 相对 EMA26 超过 2 ATR，短线偏追高
594,CBK,COMMERCIAL BANCGROUP INC,Financials,Early,Russell,840,60.23,58.93,75.1,57.16,9.88,74.24,78.6,50.28,72.0,confirmed_bullish_trend,59.55,bullish_above_signal_proxy,57.09,48.42,10.6,100,confirmed_bullish_trend,78,bullish_above_signal,67.02,35.345001,0.22,0.00297954,0.03803237,0.06492926,0.11322838,4H EMA 多头排列已连续维持；4H MACD 位于 Signal 上方；4H MACD 柱体连续扩张；4H RSI 位于健康强势区间,
595,LMRI,LUMEXA IMAGING HOLDINGS,Health Care,Early,Russell,1015,60.23,52.75,75.1,40.48,56.52,68.84,72.6,45.21,72.0,confirmed_bullish_trend,25.0,bearish_proxy,35.34,45.07,0.0,100,confirmed_bullish_trend,58,bullish_above_signal,55.19,11.205,0.13,-0.01103266,0.08786408,-0.08754072,0.18822906,4H EMA 多头排列已连续维持；4H MACD 位于 Signal 上方；4H RSI 位于健康强势区间,
596,ENTA,ENANTA PHARMACEUTICALS INC,Health Care,Early,Russell,964,60.22,47.39,90.4,52.18,56.52,68.57,72.3,47.8,35.0,mixed_sideways,71.8,fresh_below_zero_cross_proxy,39.89,49.23,0.0,94,fresh_bullish_cross,66,bullish_above_signal,55.6,13.31,0.22,0.00718880,0.07165862,-0.06727400,-0.05401564,4H EMA9/26 最近金叉且价格在 EMA50 上方；4H MACD 位于 Signal 上方；4H MACD 柱体连续扩张；4H RSI 位于健康强势区间,
597,BELFA,BEL FUSE CLASS A,Information Technology,Early,Russell,938,60.21,44.8,90.4,58.13,56.52,68.57,72.3,48.5,38.0,mixed_sideways,51.15,bullish_below_zero_proxy,56.86,48.37,0.0,94,fresh_bullish_cross,66,bullish_above_signal,57.55,240.490005,0.14,-0.00372838,0.19166546,0.10819783,-0.05049745,4H EMA9/26 最近金叉且价格在 EMA50 上方；4H MACD 位于 Signal 上方；4H MACD 柱体连续扩张；4H RSI 位于健康强势区间,
598,RPC,RIDGEPOST CAPITAL INC CLASS A,Financials,Early,Russell,70,60.2,63.78,75.1,14.57,56.52,75.58,76.2,66.66,72.0,confirmed_bullish_trend,61.8,bullish_above_signal_proxy,72.92,51.58,0.0,100,confirmed_bullish_trend,70,bullish_above_signal,64.05,9.14,0.29,-0.00434645,0.08551069,0.18855657,0.18240621,4H EMA 多头排列已连续维持；4H MACD 位于 Signal 上方；4H RSI 位于健康强势区间,
599,PSNL,PERSONALIS,Health Care,Early,Russell,1016,60.15,52.74,75.1,39.97,56.52,68.84,72.6,45.18,72.0,confirmed_bullish_trend,25.0,bearish_proxy,35.26,45.05,0.0,100,confirmed_bullish_trend,58,bullish_above_signal,59.25,13.51,0.07,-0.00295203,0.15223881,-0.03431022,0.34294235,4H EMA 多头排列已连续维持；4H MACD 位于 Signal 上方；4H RSI 位于健康强势区间,
600,BHE,BENCHMARK ELECTRONICS INC,Information Technology,Early,Russell,987,60.15,44.12,87.7,66.5,56.52,59.12,61.8,46.67,35.0,mixed_sideways,49.8,bullish_below_zero_proxy,55.07,48.01,0.0,76,early_transition,58,bullish_above_signal,58.38,85.294998,0.15,-0.00871637,0.14937339,0.05211543,-0.06073120,4H EMA9 已站上 EMA26，等待 26/50 确认；4H MACD 位于 Signal 上方；4H RSI 位于健康强势区间,
601,DJT,TRUMP MEDIA TECHNOLOGY GROUP CORP,Communication,Early,Russell,75,60.12,63.6,75.1,14.47,56.52,75.58,76.2,66.54,72.0,confirmed_bullish_trend,61.8,bullish_above_signal_proxy,72.99,50.6,0.0,100,confirmed_bullish_trend,70,bullish_above_signal,59.07,10.2,0.08,0.01898102,0.03658537,0.25307125,0.29688493,4H EMA 多头排列已连续维持；4H MACD 位于 Signal 上方；4H RSI 位于健康强势区间,
602,ACA,ARCOSA,Industrials,Early,Russell,894,60.1,54.05,54.4,91.84,56.52,47.51,48.9,49.41,72.0,confirmed_bullish_trend,25.0,bearish_proxy,48.52,46.7,0.0,58,mixed_sideways,42,mixed_or_bearish,57.28,145.300003,0.21,-0.00120298,0.00300278,0.00338378,0.00206899,4H RSI 位于健康强势区间,4H EMA 仍偏震荡；4H MACD 尚未确认多头
603,CALX,CALIX NETWORKS,Information Technology,Early,Russell,1203,60.07,31.66,90.4,87.84,56.52,66.41,69.9,38.79,15.0,bearish_transition,49.8,bullish_below_zero_proxy,47.79,50.06,0.0,94,fresh_bullish_cross,58,bullish_above_signal,55.45,38.18,0.19,-0.02277963,0.07337644,-0.00637603,0.04976632,4H EMA9/26 最近金叉且价格在 EMA50 上方；4H MACD 位于 Signal 上方；4H RSI 位于健康强势区间,
604,LGND,LIGAND PHARMACEUTICALS,Health Care,Early,Russell,973,60.01,54.0,67.6,56.13,56.52,55.61,57.9,47.58,72.0,confirmed_bullish_trend,25.0,bearish_proxy,41.03,49.46,0.0,58,mixed_sideways,72,fresh_below_zero_cross,56.86,302.815002,0.17,0.02033494,0.05107600,-0.05127198,0.08392099,4H MACD 刚金叉但仍需零轴确认；4H MACD 柱体连续扩张；4H RSI 位于健康强势区间,4H EMA 仍偏震荡
605,PLX,PROTALIX BIOTHERAPEUTICS INC,Health Care,Early,Russell,745,60.0,54.99,98.2,65.52,56.52,74.51,78.9,51.77,72.0,confirmed_bullish_trend,25.0,bearish_proxy,55.2,49.04,0.0,94,fresh_bullish_cross,88,fresh_above_zero_cross,62.91,2.455,0.47,0.05364807,0.07675439,0.03805497,0.12356979,4H EMA9/26 最近金叉且价格在 EMA50 上方；4H MACD 零轴上方刚金叉；4H MACD 柱体连续扩张；4H RSI 位于健康强势区间,
606,PESI,PERMA FIX ENVIRONMENTAL SERVICES I,Industrials,Early,Russell,261,59.99,65.77,82.9,17.34,12.08,78.44,81.6,62.21,72.0,confirmed_bullish_trend,86.55,fresh_above_zero_cross_proxy,71.07,51.21,10.04,100,confirmed_bullish_trend,88,fresh_above_zero_cross,66.5,17.85,0.2,0.05403018,0.12334802,0.24781545,0.61101083,4H EMA 多头排列已连续维持；4H MACD 零轴上方刚金叉；4H MACD 柱体连续扩张；4H RSI 位于健康强势区间,
607,III,INFORMATION SERVICES GROUP INC,Information Technology,Early,Russell,202,59.94,75.82,75.1,78.09,56.52,73.58,76.2,63.18,82.0,early_transition,61.8,bullish_above_signal_proxy,53.27,47.65,0.0,100,confirmed_bullish_trend,70,bullish_above_signal,58.12,4.275,0.23,-0.01601989,0.00470035,0.05425401,0.05425401,4H EMA 多头排列已连续维持；4H MACD 位于 Signal 上方；4H RSI 位于健康强势区间,
608,FCAP,FIRST CAPITAL INC,Financials,Early,Russell,250,59.91,62.31,65.2,42.43,56.52,56.57,57.3,62.35,72.0,confirmed_bullish_trend,61.8,bullish_above_signal_proxy,59.84,48.97,0.0,58,mixed_sideways,70,bullish_above_signal,55.8,64.290001,0.15,-0.01395699,0.01148521,0.02847549,-0.01395699,4H MACD 位于 Signal 上方；4H RSI 位于健康强势区间,4H EMA 仍偏震荡
609,TRVI,TREVI THERAPEUTICS,Health Care,Early,Russell,1021,59.88,52.66,75.1,38.38,56.52,72.08,76.2,44.96,72.0,confirmed_bullish_trend,25.0,bearish_proxy,34.56,44.91,0.0,100,confirmed_bullish_trend,70,bullish_above_signal,55.85,18.655001,0.34,0.00349656,0.03123278,-0.04284243,0.07521620,4H EMA 多头排列已连续维持；4H MACD 位于 Signal 上方；4H RSI 位于健康强势区间,
610,CGEM,CULLINAN THERAPEUTICS,Health Care,Early,Russell,981,59.87,53.41,67.6,56.54,56.52,55.61,57.9,47.14,72.0,confirmed_bullish_trend,25.0,bearish_proxy,41.19,46.24,0.0,58,mixed_sideways,72,fresh_below_zero_cross,51.83,17.42,0.15,0.00258993,0.01237862,-0.04022039,-0.01720733,4H MACD 刚金叉但仍需零轴确认；4H MACD 柱体连续扩张；4H RSI 位于健康强势区间,4H EMA 仍偏震荡
611,CBNK,CAPITAL BANCORP INC,Financials,Early,Russell,300,59.83,62.06,60.7,54.49,56.52,62.24,63.6,61.61,72.0,confirmed_bullish_trend,61.8,bullish_above_signal_proxy,57.61,48.52,0.0,100,confirmed_bullish_trend,28,fresh_bearish_cross,58.85,37.689999,0.1,-0.01464055,-0.00422719,0.07994260,0.10140263,4H EMA 多头排列已连续维持；4H RSI 位于健康强势区间,4H MACD 最近死叉
612,KAI,KADANT INC,Industrials,Early,Russell,153,59.82,63.02,67.1,35.15,56.52,72.32,74.8,64.25,75.0,confirmed_bullish_trend,63.15,bullish_above_signal_proxy,61.86,49.37,0.0,100,confirmed_bullish_trend,70,bullish_above_signal,68.55,336.755005,0.61,0.00487888,0.11140266,0.11187972,0.12035072,4H EMA 多头排列已连续维持；4H MACD 位于 Signal 上方,4H RSI 偏热
613,HIFS,HINGHAM INSTITUTION FOR SAVINGS,Financials,Early,Russell,476,59.8,59.93,65.2,47.31,56.52,57.23,59.7,59.05,72.0,confirmed_bullish_trend,49.8,bullish_below_zero_proxy,58.94,48.79,0.0,58,mixed_sideways,78,bullish_above_signal,65.41,303.799988,0.1,0.01121724,0.07156706,0.03319269,0.03877452,4H MACD 位于 Signal 上方；4H MACD 柱体连续扩张；4H RSI 位于健康强势区间,4H EMA 仍偏震荡
614,XFOR,X4 PHARMACEUTICALS INC,Health Care,Early,Russell,369,59.72,74.3,75.1,80.19,56.52,72.08,76.2,60.69,82.0,early_transition,49.8,bullish_below_zero_proxy,52.88,51.83,0.0,100,confirmed_bullish_trend,70,bullish_above_signal,55.89,4.13,0.15,-0.01783591,0.03250000,0.05222930,0.03250000,4H EMA 多头排列已连续维持；4H MACD 位于 Signal 上方；4H RSI 位于健康强势区间,
615,MCRI,MONARCH CASINO AND RESORT,Consumer Discretionary,Early,Russell,1056,59.71,42.84,87.7,66.6,56.52,59.12,61.8,42.91,35.0,mixed_sideways,49.8,bullish_below_zero_proxy,43.67,45.73,0.0,76,early_transition,58,bullish_above_signal,48.77,122.82,0.18,-0.01578653,-0.00024418,-0.03222759,-0.04531671,4H EMA9 已站上 EMA26，等待 26/50 确认；4H MACD 位于 Signal 上方；4H RSI 位于健康强势区间,
616,LASR,NLIGHT,Information Technology,Early,Russell,44,59.7,64.25,75.1,10.16,56.52,77.08,76.2,68.05,72.0,confirmed_bullish_trend,61.8,bullish_above_signal_proxy,77.12,52.42,0.0,100,confirmed_bullish_trend,70,bullish_above_signal,61.97,77.25,0.19,-0.01012303,0.31065493,0.30865664,0.16349128,4H EMA 多头排列已连续维持；4H MACD 位于 Signal 上方；4H RSI 位于健康强势区间,
617,BLBD,BLUE BIRD,Industrials,Early,Russell,1322,59.61,38.21,90.4,69.47,56.52,68.57,72.3,36.97,35.0,mixed_sideways,25.0,bearish_proxy,44.44,45.89,0.0,94,fresh_bullish_cross,66,bullish_above_signal,53.5,77.065002,0.16,-0.00368450,0.06502212,-0.03202909,0.04494918,4H EMA9/26 最近金叉且价格在 EMA50 上方；4H MACD 位于 Signal 上方；4H MACD 柱体连续扩张；4H RSI 位于健康强势区间,
618,DLX,DELUXE,Industrials,Early,Russell,253,59.58,62.31,64.3,42.64,56.52,66.02,67.8,62.34,72.0,confirmed_bullish_trend,61.8,bullish_above_signal_proxy,59.81,48.96,0.0,100,confirmed_bullish_trend,42,mixed_or_bearish,54.87,26.674999,0.17,-0.00873285,-0.01930154,0.09638303,0.17770415,4H EMA 多头排列已连续维持；4H RSI 位于健康强势区间,4H MACD 尚未确认多头
619,GHM,GRAHAM CORP,Industrials,Early,Russell,983,59.57,46.52,90.4,49.87,56.52,68.57,72.3,46.95,35.0,mixed_sideways,71.8,fresh_below_zero_cross_proxy,39.23,44.85,0.0,94,fresh_bullish_cross,66,bullish_above_signal,56.44,106.580002,0.09,0.00689659,0.20839009,0.00537685,-0.02764345,4H EMA9/26 最近金叉且价格在 EMA50 上方；4H MACD 位于 Signal 上方；4H MACD 柱体连续扩张；4H RSI 位于健康强势区间,
620,TG,TREDEGAR CORP,Materials,Early,Russell,1172,59.55,31.34,87.7,92.36,56.52,59.12,61.8,39.27,15.0,bearish_transition,49.8,bullish_below_zero_proxy,50.83,47.17,0.0,76,early_transition,58,bullish_above_signal,56.92,7.715,0.13,0.00455729,0.03418231,0.03696237,-0.04042289,4H EMA9 已站上 EMA26，等待 26/50 确认；4H MACD 位于 Signal 上方；4H RSI 位于健康强势区间,
621,CMDB,COSTAMARE BULKERS HOLDINGS LTD,Industrials,Early,Russell,807,59.55,53.99,65.2,59.47,56.52,53.86,55.95,50.77,72.0,confirmed_bullish_trend,20.0,fresh_bearish_cross_proxy,56.44,48.29,0.0,55,mixed_sideways,70,bullish_above_signal,52.14,19.26,0.3,0.01958714,0.04277212,0.02720000,0.09681100,4H MACD 位于 Signal 上方；4H RSI 位于健康强势区间,4H EMA 仍偏震荡
622,ULCC,FRONTIER GROUP HOLDINGS,Industrials,Early,Russell,958,59.54,58.22,67.1,77.27,7.29,65.64,69.05,47.92,72.0,confirmed_bullish_trend,59.55,bullish_above_signal_proxy,53.4,47.68,11.74,89,confirmed_bullish_trend,70,bullish_above_signal,71.52,8.055,0.23,0.00062112,0.23732719,0.09294437,0.11333794,4H EMA 多头排列已连续维持；4H MACD 位于 Signal 上方,4H 相对 EMA26 超过 2 ATR，短线偏追高；4H RSI 偏热
623,FINW,FINWISE BANCORP,Financials,Early,Russell,1169,59.53,31.35,87.7,92.15,56.52,62.36,65.4,39.29,15.0,bearish_transition,49.8,bullish_below_zero_proxy,50.88,47.18,0.0,76,early_transition,70,bullish_above_signal,51.23,14.02,0.03,-0.02973093,-0.00142450,-0.00567376,-0.01751927,4H EMA9 已站上 EMA26，等待 26/50 确认；4H MACD 位于 Signal 上方；4H RSI 位于健康强势区间,
624,ORKA,ORUKA THERAPEUTICS INC,Health Care,Early,Russell,671,59.49,54.99,75.1,30.37,56.52,72.08,76.2,53.32,72.0,confirmed_bullish_trend,20.0,fresh_bearish_cross_proxy,63.69,50.74,0.0,100,confirmed_bullish_trend,70,bullish_above_signal,56.76,96.290001,0.13,-0.00341546,0.09495109,0.13952664,0.15303555,4H EMA 多头排列已连续维持；4H MACD 位于 Signal 上方；4H RSI 位于健康强势区间,
625,FC,FRANKLIN COVEY,Industrials,Early,Russell,1223,59.47,31.09,87.7,92.36,56.52,61.55,64.5,38.54,15.0,bearish_transition,49.8,bullish_below_zero_proxy,48.6,46.72,0.0,74,early_transition,70,bullish_above_signal,51.5,21.620001,0.05,-0.01007321,0.02537358,-0.00230729,-0.07250099,4H EMA9 已站上 EMA26，等待 26/50 确认；4H MACD 位于 Signal 上方；4H RSI 位于健康强势区间,
626,HRI,HERC HOLDINGS,Industrials,Early,Russell,20,59.46,64.92,75.1,6.98,56.52,78.58,76.2,69.99,72.0,confirmed_bullish_trend,61.8,bullish_above_signal_proxy,83.0,53.6,0.0,100,confirmed_bullish_trend,70,bullish_above_signal,67.09,169.639999,0.16,-0.00714036,0.18621079,0.27750590,0.18397543,4H EMA 多头排列已连续维持；4H MACD 位于 Signal 上方；4H RSI 位于健康强势区间,
627,TOWN,TOWNEBANK,Financials,Early,Russell,290,59.45,62.1,60.7,51.87,56.52,62.24,63.6,61.73,72.0,confirmed_bullish_trend,61.8,bullish_above_signal_proxy,57.97,48.59,0.0,100,confirmed_bullish_trend,28,fresh_bearish_cross,61.19,38.34,0.13,-0.00647836,-0.01058065,0.06293319,0.07848104,4H EMA 多头排列已连续维持；4H RSI 位于健康强势区间,4H MACD 最近死叉
628,INOD,INNODATA,Industrials,Early,Russell,1225,59.37,31.08,87.7,91.74,56.52,59.12,61.8,38.51,15.0,bearish_transition,49.8,bullish_below_zero_proxy,48.51,46.7,0.0,76,early_transition,58,bullish_above_signal,62.62,69.410004,0.19,-0.01880116,0.25221007,-0.00401776,-0.20355706,4H EMA9 已站上 EMA26，等待 26/50 确认；4H MACD 位于 Signal 上方；4H RSI 位于健康强势区间,
629,OBIO,ORCHESTRA BIOMED HOLDINGS INC,Health Care,Early,Russell,395,59.28,73.72,75.1,78.6,56.52,67.62,71.25,60.3,82.0,early_transition,49.8,bullish_below_zero_proxy,53.19,48.64,0.0,89,confirmed_bullish_trend,70,bullish_above_signal,67.93,4.215,0.15,0.00716846,0.10775296,0.06708861,0.04850746,4H EMA 多头排列已连续维持；4H MACD 位于 Signal 上方；4H RSI 位于健康强势区间,4H 相对 EMA26 超过 2 ATR，短线偏追高
630,CARE,CARTER BANKSHARES INC,Financials,Early,Russell,228,59.26,62.46,65.2,37.81,56.52,56.57,57.3,62.78,72.0,confirmed_bullish_trend,61.8,bullish_above_signal_proxy,61.16,49.23,0.0,58,mixed_sideways,70,bullish_above_signal,59.8,35.174999,0.24,-0.01923889,0.01926981,0.08783053,0.08833537,4H MACD 位于 Signal 上方；4H RSI 位于健康强势区间,4H EMA 仍偏震荡
631,VISN,VISTANCE NETWORKS INC,Information Technology,Early,Russell,1111,59.25,32.2,90.4,81.12,56.52,66.41,69.9,40.39,15.0,bearish_transition,49.8,bullish_below_zero_proxy,52.62,51.02,0.0,94,fresh_bullish_cross,58,bullish_above_signal,57.87,12.325,0.15,-0.01083467,0.06756172,0.02028146,-0.01439424,4H EMA9/26 最近金叉且价格在 EMA50 上方；4H MACD 位于 Signal 上方；4H RSI 位于健康强势区间,
632,EVLV,EVOLV TECHNOLOGIES HOLDINGS CLASS,Information Technology,Early,Russell,1058,59.25,42.77,87.7,63.62,56.52,59.12,61.8,42.73,35.0,mixed_sideways,49.8,bullish_below_zero_proxy,43.11,45.62,0.0,76,early_transition,58,bullish_above_signal,64.26,5.965,0.22,0.00167926,0.07671480,-0.02929211,0.07866184,4H EMA9 已站上 EMA26，等待 26/50 确认；4H MACD 位于 Signal 上方；4H RSI 位于健康强势区间,
633,NMAX,NEWSMAX INC CLASS B,Communication,Early,Russell,990,59.24,46.27,90.4,48.23,56.52,66.41,69.9,46.61,35.0,mixed_sideways,71.8,fresh_below_zero_cross_proxy,38.66,43.73,0.0,94,fresh_bullish_cross,58,bullish_above_signal,56.04,8.19,0.1,-0.01444043,0.07198953,-0.06292906,0.11428571,4H EMA9/26 最近金叉且价格在 EMA50 上方；4H MACD 位于 Signal 上方；4H RSI 位于健康强势区间,
634,CUBI,CUSTOMERS BANCORP,Financials,Early,Russell,774,59.21,59.21,75.1,48.64,11.54,67.62,71.25,51.23,72.0,confirmed_bullish_trend,59.55,bullish_above_signal_proxy,58.65,48.73,10.16,89,confirmed_bullish_trend,70,bullish_above_signal,67.26,82.714996,0.28,-0.01017179,0.05168460,0.07898502,0.06303815,4H EMA 多头排列已连续维持；4H MACD 位于 Signal 上方；4H RSI 位于健康强势区间,4H 相对 EMA26 超过 2 ATR，短线偏追高
635,RUM,RUM GROUP CLASS A,Communication,Early,Russell,1237,59.19,30.87,87.7,91.02,56.52,62.36,65.4,38.3,15.0,bearish_transition,49.8,bullish_below_zero_proxy,48.34,45.67,0.0,76,early_transition,70,bullish_above_signal,54.25,6.235,0.1,-0.03408211,0.10178477,0.00808407,-0.07355126,4H EMA9 已站上 EMA26，等待 26/50 确认；4H MACD 位于 Signal 上方；4H RSI 位于健康强势区间,
636,FVCB,FVCBANKCORP INC,Financials,Early,Russell,775,59.15,59.21,75.1,48.33,11.39,72.08,76.2,51.21,72.0,confirmed_bullish_trend,59.55,bullish_above_signal_proxy,58.73,48.75,10.21,100,confirmed_bullish_trend,70,bullish_above_signal,66.38,18.969999,0.07,-0.00105324,0.01879688,0.09780080,0.10130618,4H EMA 多头排列已连续维持；4H MACD 位于 Signal 上方；4H RSI 位于健康强势区间,
637,DMRC,DIGIMARC,Information Technology,Early,Russell,1161,59.15,31.41,87.7,89.48,56.52,63.08,66.2,39.47,15.0,bearish_transition,49.8,bullish_below_zero_proxy,51.42,47.28,0.0,76,early_transition,70,bullish_above_signal,64.36,7.41,0.77,-0.00134771,0.16053250,0.11933535,-0.10507246,4H EMA9 已站上 EMA26，等待 26/50 确认；4H MACD 位于 Signal 上方；4H RSI 位于健康强势区间,
638,OBK,ORIGIN BANCORP INC,Financials,Early,Russell,282,59.12,62.14,60.7,49.62,56.52,62.24,63.6,61.85,72.0,confirmed_bullish_trend,61.8,bullish_above_signal_proxy,58.33,48.67,0.0,100,confirmed_bullish_trend,28,fresh_bearish_cross,60.45,55.0,0.13,-0.00829425,-0.00308135,0.07212478,0.08932458,4H EMA 多头排列已连续维持；4H RSI 位于健康强势区间,4H MACD 最近死叉
639,BUSE,FIRST BUSEY,Financials,Early,Russell,795,59.05,59.16,75.1,48.08,10.93,72.08,76.2,51.01,72.0,confirmed_bullish_trend,59.55,bullish_above_signal_proxy,58.75,48.75,10.41,100,confirmed_bullish_trend,70,bullish_above_signal,63.86,31.405001,0.14,-0.00774088,0.02246463,0.07477762,0.08761908,4H EMA 多头排列已连续维持；4H MACD 位于 Signal 上方；4H RSI 位于健康强势区间,
640,TRST,TRUSTCO BANK CORP,Financials,Early,Russell,398,59.04,61.6,50.8,76.71,56.52,43.73,44.7,60.25,72.0,confirmed_bullish_trend,61.8,bullish_above_signal_proxy,53.49,47.7,0.0,58,mixed_sideways,28,fresh_bearish_cross,53.11,57.169998,0.12,-0.01988692,0.02089282,0.04572892,0.06720175,4H RSI 位于健康强势区间,4H EMA 仍偏震荡；4H MACD 最近死叉
641,BNTC,BENITEC BIOPHARMA INC,Health Care,Early,Russell,993,59.02,46.51,90.4,46.18,56.52,66.41,69.9,46.52,35.0,mixed_sideways,71.8,fresh_below_zero_cross_proxy,37.47,45.49,0.0,94,fresh_bullish_cross,58,bullish_above_signal,53.91,12.31,0.21,-0.00965406,0.01903974,-0.08611730,-0.04202335,4H EMA9/26 最近金叉且价格在 EMA50 上方；4H MACD 位于 Signal 上方；4H RSI 位于健康强势区间,
642,KIDS,ORTHOPEDIATRICS CORP,Health Care,Early,Russell,109,58.99,63.51,67.1,28.42,56.52,70.03,72.25,65.3,75.0,confirmed_bullish_trend,63.15,bullish_above_signal_proxy,64.58,50.92,0.0,89,confirmed_bullish_trend,78,bullish_above_signal,70.55,21.629999,0.66,0.03393877,0.08312469,0.09077151,0.17618272,4H EMA 多头排列已连续维持；4H MACD 位于 Signal 上方；4H MACD 柱体连续扩张,4H 相对 EMA26 超过 2 ATR，短线偏追高；4H RSI 偏热
643,ROAD,CONSTRUCTION PARTNERS CLASS A,Industrials,Early,Russell,1126,58.97,32.07,87.7,86.76,56.52,62.36,65.4,40.11,15.0,bearish_transition,49.8,bullish_below_zero_proxy,51.88,50.63,0.0,76,early_transition,70,bullish_above_signal,54.51,106.864998,0.27,-0.01909222,0.02725174,0.03054061,-0.13047196,4H EMA9 已站上 EMA26，等待 26/50 确认；4H MACD 位于 Signal 上方；4H RSI 位于健康强势区间,
644,CLFD,CLEARFIELD INC,Information Technology,Early,Russell,1154,58.9,31.44,87.7,87.74,56.52,59.12,61.8,39.56,15.0,bearish_transition,49.8,bullish_below_zero_proxy,51.69,47.34,0.0,76,early_transition,58,bullish_above_signal,59.3,33.77,0.39,-0.00880540,0.14358276,0.03875737,-0.09147157,4H EMA9 已站上 EMA26，等待 26/50 确认；4H MACD 位于 Signal 上方；4H RSI 位于健康强势区间,
645,FLXS,FLEXSTEEL INDUSTRIES INC,Consumer Discretionary,Early,Russell,591,58.84,56.1,75.1,23.4,56.52,74.24,78.6,55.45,72.0,confirmed_bullish_trend,25.0,bearish_proxy,66.82,50.36,0.0,100,confirmed_bullish_trend,78,bullish_above_signal,63.86,78.32,0.09,0.01254043,0.04343195,0.12544912,0.16582316,4H EMA 多头排列已连续维持；4H MACD 位于 Signal 上方；4H MACD 柱体连续扩张；4H RSI 位于健康强势区间,
646,CTS,CTS CORP,Information Technology,Early,Russell,172,58.82,62.83,67.1,28.94,56.52,71.6,74.0,63.86,72.0,confirmed_bullish_trend,61.8,bullish_above_signal_proxy,64.43,49.89,0.0,100,confirmed_bullish_trend,70,bullish_above_signal,68.16,67.440002,0.1,-0.00177760,0.09640716,0.14053781,0.02476833,4H EMA 多头排列已连续维持；4H MACD 位于 Signal 上方,4H RSI 偏热
647,KFRC,KFORCE INC,Industrials,Early,Russell,708,58.67,55.09,64.3,53.46,56.52,66.68,70.2,52.47,72.0,confirmed_bullish_trend,25.0,bearish_proxy,57.78,48.56,0.0,100,confirmed_bullish_trend,50,mixed_or_bearish,54.6,58.209999,0.09,0.01694614,-0.01455901,0.07043027,0.27485762,4H EMA 多头排列已连续维持；4H MACD 柱体连续扩张；4H RSI 位于健康强势区间,4H MACD 尚未确认多头
648,FCBC,FIRST COMMUNITY BANKSHARES INC,Financials,Early,Russell,216,58.65,62.51,64.3,36.02,56.52,66.02,67.8,62.94,72.0,confirmed_bullish_trend,61.8,bullish_above_signal_proxy,61.63,49.33,0.0,100,confirmed_bullish_trend,42,mixed_or_bearish,61.62,48.560001,0.15,-0.00725749,0.02038245,0.09913990,0.09394012,4H EMA 多头排列已连续维持；4H RSI 位于健康强势区间,4H MACD 尚未确认多头
649,TMP,TOMPKINS FINANCIAL CORP,Financials,Early,Russell,263,58.49,62.26,60.7,45.1,56.52,62.24,63.6,62.2,72.0,confirmed_bullish_trend,61.8,bullish_above_signal_proxy,59.4,48.88,0.0,100,confirmed_bullish_trend,28,fresh_bearish_cross,62.68,101.339996,0.09,-0.00309875,0.02198459,0.08350259,0.10056466,4H EMA 多头排列已连续维持；4H RSI 位于健康强势区间,4H MACD 最近死叉
650,USCB,USCB FINANCIAL HOLDINGS INC CLASS,Financials,Early,Russell,209,58.45,62.56,64.3,34.58,56.52,66.02,67.8,63.07,72.0,confirmed_bullish_trend,61.8,bullish_above_signal_proxy,62.02,49.4,0.0,100,confirmed_bullish_trend,42,mixed_or_bearish,60.47,22.35,0.0,-0.00089410,0.01452560,0.10588823,0.13279270,4H EMA 多头排列已连续维持；4H RSI 位于健康强势区间,4H MACD 尚未确认多头
651,RGR,STURM RUGER,Consumer Discretionary,Early,Russell,1146,58.38,31.5,87.7,84.15,56.52,62.36,65.4,39.73,15.0,bearish_transition,49.8,bullish_below_zero_proxy,52.2,47.44,0.0,76,early_transition,70,bullish_above_signal,49.09,38.345001,0.1,-0.02367921,0.01737867,0.00156722,-0.06521207,4H EMA9 已站上 EMA26，等待 26/50 确认；4H MACD 位于 Signal 上方；4H RSI 位于健康强势区间,
652,ARTV,ARTIVA BIOTHERAPEUTICS INC,Health Care,Early,Russell,132,58.37,63.22,67.1,24.99,56.52,69.31,71.45,64.61,72.0,confirmed_bullish_trend,61.8,bullish_above_signal_proxy,66.25,51.25,0.0,89,confirmed_bullish_trend,78,bullish_above_signal,70.41,11.59,0.39,0.05459509,0.16074111,0.22386484,0.18386108,4H EMA 多头排列已连续维持；4H MACD 位于 Signal 上方；4H MACD 柱体连续扩张,4H 相对 EMA26 超过 2 ATR，短线偏追高；4H RSI 偏热
653,BFH,BREAD FINANCIAL HOLDINGS,Financials,Early,Russell,801,58.32,59.14,75.1,44.33,9.29,67.62,71.25,50.86,72.0,confirmed_bullish_trend,59.55,bullish_above_signal_proxy,59.52,48.9,10.81,89,confirmed_bullish_trend,70,bullish_above_signal,66.05,112.455002,0.05,-0.00587872,0.05107958,0.09808610,0.08254722,4H EMA 多头排列已连续维持；4H MACD 位于 Signal 上方；4H RSI 位于健康强势区间,4H 相对 EMA26 超过 2 ATR，短线偏追高
654,CTBI,COMMUNITY TRUST BANCORP,Financials,Early,Russell,259,58.32,62.28,60.7,43.97,56.52,62.24,63.6,62.25,72.0,confirmed_bullish_trend,61.8,bullish_above_signal_proxy,59.56,48.91,0.0,100,confirmed_bullish_trend,28,fresh_bearish_cross,64.29,79.0,0.16,-0.00753766,0.00816742,0.09418287,0.12647944,4H EMA 多头排列已连续维持；4H RSI 位于健康强势区间,4H MACD 最近死叉
655,CMC,COMMERCIAL METALS,Materials,Early,Russell,562,58.29,74.52,60.1,11.49,4.46,67.81,71.45,56.46,82.0,early_transition,59.55,bullish_above_signal_proxy,75.42,52.08,13.46,89,confirmed_bullish_trend,78,bullish_above_signal,74.34,75.669998,0.34,0.04035192,0.11132328,0.22781108,0.06337821,4H EMA 多头排列已连续维持；4H MACD 位于 Signal 上方；4H MACD 柱体连续扩张,4H 相对 EMA26 超过 2 ATR，短线偏追高；4H RSI 偏热
656,CSIQ,CANADIAN SOLAR,Information Technology,Early,Russell,1253,58.26,30.95,87.7,84.66,56.52,62.36,65.4,38.11,15.0,bearish_transition,49.8,bullish_below_zero_proxy,47.3,46.46,0.0,76,early_transition,70,bullish_above_signal,53.18,15.32,0.13,-0.04429201,0.11580481,0.06685237,0.04005431,4H EMA9 已站上 EMA26，等待 26/50 确认；4H MACD 位于 Signal 上方；4H RSI 位于健康强势区间,
657,RIGL,RIGEL PHARMACEUTICALS,Health Care,Early,Russell,944,58.26,54.29,65.2,50.18,56.52,53.99,56.1,48.24,75.0,confirmed_bullish_trend,26.35,bearish_proxy,39.3,49.11,0.0,58,mixed_sideways,66,bullish_above_signal,57.79,39.765099,0.45,0.01961792,0.01883423,-0.06566969,0.11731101,4H MACD 位于 Signal 上方；4H MACD 柱体连续扩张；4H RSI 位于健康强势区间,4H EMA 仍偏震荡
658,BNED,BARNES AND NOBLE EDUCATION INC,Consumer Discretionary,Early,Russell,696,58.22,55.2,65.2,47.77,56.52,55.07,57.3,52.8,72.0,confirmed_bullish_trend,25.0,bearish_proxy,58.79,48.76,0.0,58,mixed_sideways,70,bullish_above_signal,52.7,12.66,0.2,-0.02314815,0.00876494,0.11345646,0.18317757,4H MACD 位于 Signal 上方；4H RSI 位于健康强势区间,4H EMA 仍偏震荡
659,MIAX,MIAMI INTERNATIONAL HOLDINGS,Financials,Early,Russell,378,58.22,61.7,50.8,71.01,56.52,43.73,44.7,60.54,72.0,confirmed_bullish_trend,61.8,bullish_above_signal_proxy,54.36,47.87,0.0,58,mixed_sideways,28,fresh_bearish_cross,63.08,46.610001,0.24,0.02259761,0.00366068,0.06634642,0.30122839,4H RSI 位于健康强势区间,4H EMA 仍偏震荡；4H MACD 最近死叉
660,RILY,BRC GROUP HOLDINGS INC,Financials,Early,Russell,1257,58.21,30.94,87.7,84.35,56.52,62.36,65.4,38.09,15.0,bearish_transition,49.8,bullish_below_zero_proxy,47.25,46.45,0.0,76,early_transition,70,bullish_above_signal,57.52,7.47,0.4,-0.01451187,0.13785225,0.00268456,-0.13840830,4H EMA9 已站上 EMA26，等待 26/50 确认；4H MACD 位于 Signal 上方；4H RSI 位于健康强势区间,
661,MRCY,MERCURY SYSTEMS INC,Industrials,Early,Russell,1068,58.19,42.57,87.7,57.05,56.52,59.12,61.8,42.13,35.0,mixed_sideways,49.8,bullish_below_zero_proxy,41.3,45.26,0.0,76,early_transition,58,bullish_above_signal,58.41,109.099998,0.19,-0.02987730,0.21033946,-0.05806172,-0.01543182,4H EMA9 已站上 EMA26，等待 26/50 确认；4H MACD 位于 Signal 上方；4H RSI 位于健康强势区间,
662,HSHP,HIMALAYA SHIPPING LTD,Industrials,Early,Russell,375,58.19,61.7,50.8,70.81,56.52,43.73,44.7,60.56,72.0,confirmed_bullish_trend,61.8,bullish_above_signal_proxy,54.42,47.88,0.0,58,mixed_sideways,28,fresh_bearish_cross,53.31,15.605,0.2,-0.00541746,0.06737346,0.05154987,0.05868385,4H RSI 位于健康强势区间,4H EMA 仍偏震荡；4H MACD 最近死叉
663,ACT,ENACT HOLDINGS INC,Financials,Early,Russell,337,58.18,61.9,54.4,60.7,56.52,47.51,48.9,61.13,72.0,confirmed_bullish_trend,61.8,bullish_above_signal_proxy,56.14,48.23,0.0,58,mixed_sideways,42,mixed_or_bearish,58.06,47.68,0.19,-0.00365688,-0.01242749,0.04825764,0.10166361,4H RSI 位于健康强势区间,4H EMA 仍偏震荡；4H MACD 尚未确认多头
664,ASMB,ASSEMBLY BIOSCIENCES INC,Health Care,Early,Russell,1005,58.17,46.28,90.4,41.05,56.52,68.57,72.3,45.86,35.0,mixed_sideways,71.8,fresh_below_zero_cross_proxy,35.48,45.1,0.0,94,fresh_bullish_cross,66,bullish_above_signal,54.9,26.389999,0.22,0.01891888,0.05139438,-0.08890043,-0.01621629,4H EMA9/26 最近金叉且价格在 EMA50 上方；4H MACD 位于 Signal 上方；4H MACD 柱体连续扩张；4H RSI 位于健康强势区间,
665,FPI,FARMLAND PARTNERS INC,Real Estate,Early,Russell,1109,58.17,31.96,90.4,74.5,56.52,68.57,72.3,40.48,15.0,bearish_transition,49.8,bullish_below_zero_proxy,53.81,49.26,0.0,94,fresh_bullish_cross,66,bullish_above_signal,60.43,9.775,0.3,0.00825168,0.02678571,0.02248954,-0.00559512,4H EMA9/26 最近金叉且价格在 EMA50 上方；4H MACD 位于 Signal 上方；4H MACD 柱体连续扩张；4H RSI 位于健康强势区间,
666,REZI,RESIDEO TECHNOLOGIES,Industrials,Early,Russell,907,58.16,57.82,75.1,14.88,56.52,72.08,76.2,49.17,72.0,confirmed_bullish_trend,61.8,bullish_above_signal_proxy,19.92,40.98,0.0,100,confirmed_bullish_trend,70,bullish_above_signal,59.77,26.120001,0.19,-0.03527239,0.05197425,0.15526132,0.22842224,4H EMA 多头排列已连续维持；4H MACD 位于 Signal 上方；4H RSI 位于健康强势区间,
667,ALRM,ALARM.COM HOLDINGS,Information Technology,Early,Russell,847,58.14,58.98,75.1,44.54,7.77,72.08,76.2,50.21,72.0,confirmed_bullish_trend,59.55,bullish_above_signal_proxy,59.44,48.89,11.45,100,confirmed_bullish_trend,70,bullish_above_signal,63.79,56.064999,0.21,0.01401696,0.00628195,0.10277339,0.30171811,4H EMA 多头排列已连续维持；4H MACD 位于 Signal 上方；4H RSI 位于健康强势区间,
668,ATLC,ATLANTICUS HOLDINGS CORP,Financials,Early,Russell,133,58.14,63.07,67.1,23.81,56.52,67.14,69.05,64.57,72.0,confirmed_bullish_trend,61.8,bullish_above_signal_proxy,66.58,50.32,0.0,89,confirmed_bullish_trend,70,bullish_above_signal,70.03,112.195,0.1,0.02060402,0.07641751,0.15225425,0.10526054,4H EMA 多头排列已连续维持；4H MACD 位于 Signal 上方,4H 相对 EMA26 超过 2 ATR，短线偏追高；4H RSI 偏热
669,TCBX,THIRD COAST BANCSHARES INC,Financials,Early,Russell,251,58.11,62.31,60.7,42.43,56.52,62.24,63.6,62.35,72.0,confirmed_bullish_trend,61.8,bullish_above_signal_proxy,59.84,48.97,0.0,100,confirmed_bullish_trend,28,fresh_bearish_cross,63.91,44.169998,0.12,-0.00674619,-0.00450757,0.09007892,0.10798936,4H EMA 多头排列已连续维持；4H RSI 位于健康强势区间,4H MACD 最近死叉
670,HBB,HAMILTON BEACH BRANDS HOLDING COMP,Consumer Discretionary,Early,Russell,131,58.1,63.09,67.1,23.5,56.52,69.31,71.45,64.63,72.0,confirmed_bullish_trend,61.8,bullish_above_signal_proxy,66.76,50.35,0.0,89,confirmed_bullish_trend,78,bullish_above_signal,68.02,24.870001,0.36,0.06009783,0.07198276,0.17145553,0.19855427,4H EMA 多头排列已连续维持；4H MACD 位于 Signal 上方；4H MACD 柱体连续扩张,4H 相对 EMA26 超过 2 ATR，短线偏追高；4H RSI 偏热
671,NHP,NATIONAL HEALTHCARE PROPERTIES CLA,Real Estate,Early,Russell,921,58.09,54.07,54.4,78.4,56.52,48.46,49.95,48.87,72.0,confirmed_bullish_trend,25.0,bearish_proxy,46.18,47.74,0.0,55,mixed_sideways,50,mixed_or_bearish,52.46,15.69,0.14,0.00512492,-0.01165354,0.01160542,0.07983482,4H MACD 柱体连续扩张；4H RSI 位于健康强势区间,4H EMA 仍偏震荡；4H MACD 尚未确认多头
672,WEST,WESTROCK COFFEE,Consumer Staples,Early,Russell,368,58.04,60.86,65.2,33.35,56.52,55.07,57.3,60.69,72.0,confirmed_bullish_trend,49.8,bullish_below_zero_proxy,62.66,52.28,0.0,58,mixed_sideways,70,bullish_above_signal,57.78,8.2221,0.16,0.01382244,0.00514670,0.14116586,-0.09298400,4H MACD 位于 Signal 上方；4H RSI 位于健康强势区间,4H EMA 仍偏震荡
673,PLBC,PLUMAS BANCORP,Financials,Early,Russell,790,58.03,54.61,54.4,76.71,56.52,48.46,49.95,51.05,72.0,confirmed_bullish_trend,25.0,bearish_proxy,53.49,47.7,0.0,55,mixed_sideways,50,mixed_or_bearish,53.17,61.349998,0.18,-0.00048881,-0.00518891,0.05033381,0.06547405,4H MACD 柱体连续扩张；4H RSI 位于健康强势区间,4H EMA 仍偏震荡；4H MACD 尚未确认多头
674,HBNC,HORIZON BANCORP INC,Financials,Early,Russell,372,57.99,61.72,50.8,69.47,56.52,43.73,44.7,60.61,72.0,confirmed_bullish_trend,61.8,bullish_above_signal_proxy,54.57,47.91,0.0,58,mixed_sideways,28,fresh_bearish_cross,54.74,20.684999,0.16,-0.00938178,0.00072564,0.05347588,0.05160137,4H RSI 位于健康强势区间,4H EMA 仍偏震荡；4H MACD 最近死叉
675,YEXT,YEXT,Information Technology,Early,Russell,750,57.96,59.37,75.1,40.12,11.24,72.08,76.2,51.67,72.0,confirmed_bullish_trend,59.55,bullish_above_signal_proxy,60.3,49.06,10.27,100,confirmed_bullish_trend,70,bullish_above_signal,62.98,5.73,0.13,0.00614574,0.00174825,0.11587147,0.45431472,4H EMA 多头排列已连续维持；4H MACD 位于 Signal 上方；4H RSI 位于健康强势区间,
676,MAGN,MAGNERA,Materials,Early,Russell,697,57.92,55.2,64.3,48.23,56.52,66.68,70.2,52.78,72.0,confirmed_bullish_trend,25.0,bearish_proxy,58.74,48.75,0.0,100,confirmed_bullish_trend,50,mixed_or_bearish,54.06,13.67,0.17,-0.00291758,-0.01085384,0.08406027,0.13256007,4H EMA 多头排列已连续维持；4H MACD 柱体连续扩张；4H RSI 位于健康强势区间,4H MACD 尚未确认多头
677,IBCP,INDEPENDENT BANK CORP,Financials,Early,Russell,243,57.92,62.34,60.7,41.15,56.52,62.24,63.6,62.44,72.0,confirmed_bullish_trend,61.8,bullish_above_signal_proxy,60.12,49.02,0.0,100,confirmed_bullish_trend,28,fresh_bearish_cross,61.99,38.540001,0.31,-0.00232980,-0.00245883,0.07713812,0.09566459,4H EMA 多头排列已连续维持；4H RSI 位于健康强势区间,4H MACD 最近死叉
678,PDYN,PALLADYNE AI CORP,Industrials,Early,Russell,966,57.91,44.47,87.7,50.8,56.52,57.5,60.0,47.69,35.0,mixed_sideways,49.8,bullish_below_zero_proxy,58.14,48.63,0.0,64,early_transition,70,bullish_above_signal,65.53,5.93,0.17,-0.01902399,0.22520661,0.10223048,-0.08346213,4H EMA9 已站上 EMA26，等待 26/50 确认；4H MACD 位于 Signal 上方；4H RSI 位于健康强势区间,4H 相对 EMA26 超过 2 ATR，短线偏追高
679,ACHR,ARCHER AVIATION CLASS A,Industrials,Early,Russell,1287,57.9,30.77,90.4,75.42,56.52,68.57,72.3,37.6,15.0,bearish_transition,49.8,bullish_below_zero_proxy,45.75,46.15,0.0,94,fresh_bullish_cross,66,bullish_above_signal,58.24,5.2,0.16,-0.01046622,0.16201117,0.05583756,-0.00952381,4H EMA9/26 最近金叉且价格在 EMA50 上方；4H MACD 位于 Signal 上方；4H MACD 柱体连续扩张；4H RSI 位于健康强势区间,
680,TPB,TURNING POINT BRANDS INC,Consumer Staples,Early,Russell,1269,57.89,31.27,90.4,74.24,56.52,66.41,69.9,37.95,15.0,bearish_transition,49.8,bullish_below_zero_proxy,45.57,48.86,0.0,94,fresh_bullish_cross,58,bullish_above_signal,58.98,83.690002,0.45,0.00059784,0.09484563,-0.04452556,0.04534105,4H EMA9/26 最近金叉且价格在 EMA50 上方；4H MACD 位于 Signal 上方；4H RSI 位于健康强势区间,
681,THFF,FIRST FINANCIAL CORPORATION CORP,Financials,Early,Russell,884,57.89,58.83,75.1,43.97,6.64,65.64,69.05,49.6,72.0,confirmed_bullish_trend,59.55,bullish_above_signal_proxy,59.56,48.91,12.09,89,confirmed_bullish_trend,70,bullish_above_signal,68.0,82.730003,0.1,-0.00529031,0.03879965,0.09228948,0.10255212,4H EMA 多头排列已连续维持；4H MACD 位于 Signal 上方,4H 相对 EMA26 超过 2 ATR，短线偏追高；4H RSI 偏热
682,CPS,COOPER STANDARD HOLDINGS,Consumer Discretionary,Early,Russell,120,57.87,63.18,67.1,21.75,56.52,73.76,76.4,64.89,72.0,confirmed_bullish_trend,61.8,bullish_above_signal_proxy,67.55,50.51,0.0,100,confirmed_bullish_trend,78,bullish_above_signal,69.44,31.385,0.35,0.02081636,0.08037869,0.14669342,0.09051421,4H EMA 多头排列已连续维持；4H MACD 位于 Signal 上方；4H MACD 柱体连续扩张,4H RSI 偏热
683,SHO,SUNSTONE HOTEL INVESTORS REIT INC,Real Estate,Early,Russell,763,57.87,54.91,54.4,74.91,56.52,47.24,48.6,51.35,72.0,confirmed_bullish_trend,25.0,bearish_proxy,53.72,49.24,0.0,52,mixed_sideways,50,mixed_or_bearish,53.19,11.735,0.19,0.00686401,-0.00339703,0.04870420,0.00042626,4H MACD 柱体连续扩张；4H RSI 位于健康强势区间,4H EMA 仍偏震荡；4H MACD 尚未确认多头
684,SPHR,SPHERE ENTERTAINMENT CLASS A,Communication,Early,Russell,509,57.74,59.57,57.2,55.72,56.52,50.39,52.1,58.39,72.0,confirmed_bullish_trend,49.8,bullish_below_zero_proxy,57.41,47.48,0.0,46,mixed_sideways,78,bullish_above_signal,68.53,163.050003,0.19,0.04365363,0.16091140,0.04331971,0.03117890,4H MACD 位于 Signal 上方；4H MACD 柱体连续扩张,4H EMA 仍偏震荡；4H 相对 EMA26 超过 2 ATR，短线偏追高；4H RSI 偏热
685,PLUS,EPLUS,Information Technology,Early,Russell,150,57.73,62.98,65.2,26.37,56.52,56.57,57.3,64.32,72.0,confirmed_bullish_trend,61.8,bullish_above_signal_proxy,65.83,50.17,0.0,58,mixed_sideways,70,bullish_above_signal,56.03,93.595001,0.23,-0.03385805,0.00639786,0.11728548,0.18071155,4H MACD 位于 Signal 上方；4H RSI 位于健康强势区间,4H EMA 仍偏震荡
686,NUS,NU SKIN ENTERPRISES CLASS A,Consumer Staples,Early,Russell,1241,57.71,31.37,87.7,79.99,56.52,62.36,65.4,38.25,15.0,bearish_transition,49.8,bullish_below_zero_proxy,46.46,49.04,0.0,76,early_transition,70,bullish_above_signal,48.8,5.1899,0.12,-0.03263747,-0.01706439,0.00384913,0.00579457,4H EMA9 已站上 EMA26，等待 26/50 确认；4H MACD 位于 Signal 上方；4H RSI 位于健康强势区间,
687,QBTS,D WAVE QUANTUM,Information Technology,Early,Russell,1072,57.71,42.49,87.7,54.08,56.52,57.5,60.0,41.89,35.0,mixed_sideways,49.8,bullish_below_zero_proxy,40.59,45.12,0.0,64,early_transition,70,bullish_above_signal,62.85,21.32,0.11,-0.01341515,0.31726916,0.01186521,-0.14771134,4H EMA9 已站上 EMA26，等待 26/50 确认；4H MACD 位于 Signal 上方；4H RSI 位于健康强势区间,4H 相对 EMA26 超过 2 ATR，短线偏追高
688,ATNI,ATN INTERNATIONAL INC,Communication,Early,Russell,1275,57.67,30.69,87.7,81.32,56.52,62.36,65.4,37.76,15.0,bearish_transition,49.8,bullish_below_zero_proxy,46.7,45.34,0.0,76,early_transition,70,bullish_above_signal,49.56,23.969999,0.26,-0.03463556,0.01353061,-0.00868490,-0.10459473,4H EMA9 已站上 EMA26，等待 26/50 确认；4H MACD 位于 Signal 上方；4H RSI 位于健康强势区间,
689,JBIO,JADE BIOSCIENCES INC,Health Care,Early,Russell,1009,57.66,46.15,90.4,37.97,56.52,68.57,72.3,45.47,35.0,mixed_sideways,71.8,fresh_below_zero_cross_proxy,34.3,44.86,0.0,94,fresh_bullish_cross,66,bullish_above_signal,59.99,21.355,0.19,0.02841324,0.10361757,-0.04962168,-0.02175905,4H EMA9/26 最近金叉且价格在 EMA50 上方；4H MACD 位于 Signal 上方；4H MACD 柱体连续扩张；4H RSI 位于健康强势区间,
690,LWLG,LIGHTWAVE LOGIC,Information Technology,Early,Russell,1131,57.65,31.6,87.7,79.07,56.52,59.12,61.8,40.04,15.0,bearish_transition,49.8,bullish_below_zero_proxy,53.15,47.63,0.0,76,early_transition,58,bullish_above_signal,60.96,7.495,0.13,-0.04583068,0.40093458,0.11284336,-0.18972973,4H EMA9 已站上 EMA26，等待 26/50 确认；4H MACD 位于 Signal 上方；4H RSI 位于健康强势区间,
691,CENX,CENTURY ALUMINUM,Materials,Early,Russell,1129,57.56,31.61,87.7,78.4,56.52,62.36,65.4,40.06,15.0,bearish_transition,49.8,bullish_below_zero_proxy,53.21,47.64,0.0,76,early_transition,70,bullish_above_signal,60.17,47.119999,0.47,-0.00329981,0.10428876,0.04063604,-0.00422656,4H EMA9 已站上 EMA26，等待 26/50 确认；4H MACD 位于 Signal 上方；4H RSI 位于健康强势区间,
692,NBTB,NBT BANCORP,Financials,Early,Russell,688,57.54,55.27,64.3,45.51,56.52,64.52,67.8,52.99,72.0,confirmed_bullish_trend,25.0,bearish_proxy,59.35,48.87,0.0,100,confirmed_bullish_trend,42,mixed_or_bearish,56.99,53.389999,0.16,-0.01476287,-0.01330626,0.07619427,0.10928730,4H EMA 多头排列已连续维持；4H RSI 位于健康强势区间,4H MACD 尚未确认多头
693,FIZZ,NATIONAL BEVERAGE,Consumer Staples,Early,Russell,1245,57.54,31.34,87.7,78.91,56.52,63.71,66.9,38.17,15.0,bearish_transition,49.8,bullish_below_zero_proxy,46.25,49.0,0.0,74,early_transition,78,bullish_above_signal,54.32,32.139999,0.25,0.01244284,-0.01592165,-0.01016329,-0.07029219,4H EMA9 已站上 EMA26，等待 26/50 确认；4H MACD 位于 Signal 上方；4H MACD 柱体连续扩张；4H RSI 位于健康强势区间,
694,CHPT,CHARGEPOINT HOLDINGS INC CLASS A,Industrials,Early,Russell,1292,57.53,30.73,90.4,73.11,56.52,65.6,69.0,37.48,15.0,bearish_transition,49.8,bullish_below_zero_proxy,45.38,46.08,0.0,92,fresh_bullish_cross,58,bullish_above_signal,57.27,5.805,0.12,-0.00599315,0.12173913,-0.00684346,-0.14443626,4H EMA9/26 最近金叉且价格在 EMA50 上方；4H MACD 位于 Signal 上方；4H RSI 位于健康强势区间,
695,SGC,SUPERIOR GROUP OF COMPANIES INC,Consumer Discretionary,Early,Russell,374,57.52,60.45,65.2,30.89,56.52,57.23,59.7,60.59,72.0,confirmed_bullish_trend,49.8,bullish_below_zero_proxy,63.59,49.72,0.0,58,mixed_sideways,78,bullish_above_signal,63.82,14.0067,0.38,0.02089650,0.09770376,0.07661030,0.04605676,4H MACD 位于 Signal 上方；4H MACD 柱体连续扩张；4H RSI 位于健康强势区间,4H EMA 仍偏震荡
696,MNPR,MONOPAR THERAPEUTICS,Health Care,Early,Russell,508,57.5,57.25,75.1,11.8,56.52,74.24,78.6,58.41,72.0,confirmed_bullish_trend,25.0,bearish_proxy,75.34,53.07,0.0,100,confirmed_bullish_trend,78,bullish_above_signal,62.0,118.629997,0.16,-0.00185108,0.10077016,0.24637526,0.44476916,4H EMA 多头排列已连续维持；4H MACD 位于 Signal 上方；4H MACD 柱体连续扩张；4H RSI 位于健康强势区间,
697,WLDN,WILLDAN GROUP INC,Industrials,Early,Russell,1294,57.5,30.73,90.4,72.91,56.52,66.41,69.9,37.47,15.0,bearish_transition,49.8,bullish_below_zero_proxy,45.36,46.07,0.0,94,fresh_bullish_cross,58,bullish_above_signal,55.9,75.169998,0.12,-0.01777082,0.11066782,-0.02249680,-0.08552311,4H EMA9/26 最近金叉且价格在 EMA50 上方；4H MACD 位于 Signal 上方；4H RSI 位于健康强势区间,
698,DC,DAKOTA GOLD CORP,Materials,Early,Russell,563,57.48,73.14,60.1,8.0,6.39,67.81,71.45,56.43,82.0,early_transition,47.55,bullish_below_zero_proxy,80.57,53.11,12.2,89,confirmed_bullish_trend,78,bullish_above_signal,74.87,5.315,0.12,0.05982054,0.15043290,0.26247031,0.19170404,4H EMA 多头排列已连续维持；4H MACD 位于 Signal 上方；4H MACD 柱体连续扩张,4H 相对 EMA26 超过 2 ATR，短线偏追高；4H RSI 偏热
699,BBSI,BARRETT BUSINESS SERVICES INC,Industrials,Early,Russell,687,57.43,55.27,64.3,44.74,56.52,66.68,70.2,53.01,72.0,confirmed_bullish_trend,25.0,bearish_proxy,59.42,48.88,0.0,100,confirmed_bullish_trend,50,mixed_or_bearish,55.8,40.400002,0.2,0.01981573,-0.01391259,0.06245891,0.19279608,4H EMA 多头排列已连续维持；4H MACD 柱体连续扩张；4H RSI 位于健康强势区间,4H MACD 尚未确认多头
700,RLJ,RLJ LODGING TRUST REIT,Real Estate,Early,Russell,673,57.38,55.57,64.3,43.71,56.52,66.68,70.2,53.29,72.0,confirmed_bullish_trend,25.0,bearish_proxy,59.58,50.42,0.0,100,confirmed_bullish_trend,50,mixed_or_bearish,62.19,12.445,0.21,0.00443906,0.00565657,0.09214568,0.10132743,4H EMA 多头排列已连续维持；4H MACD 柱体连续扩张；4H RSI 位于健康强势区间,4H MACD 尚未确认多头
701,CCOI,COGENT COMMUNICATIONS HOLDINGS INC,Communication,Early,Russell,1135,57.35,31.44,87.7,77.42,56.52,60.34,63.15,39.96,15.0,bearish_transition,49.8,bullish_below_zero_proxy,53.36,46.67,0.0,71,early_transition,70,bullish_above_signal,50.03,12.83,0.4,-0.04325130,0.01182965,0.10128755,-0.09456598,4H EMA9 已站上 EMA26，等待 26/50 确认；4H MACD 位于 Signal 上方；4H RSI 位于健康强势区间,
702,XMTR,XOMETRY CLASS A,Industrials,Early,Russell,1382,57.28,37.8,90.4,54.9,56.52,68.57,72.3,35.77,35.0,mixed_sideways,25.0,bearish_proxy,40.81,45.16,0.0,94,fresh_bullish_cross,66,bullish_above_signal,55.39,92.650002,0.23,-0.00295939,0.14538266,-0.00494038,0.00947922,4H EMA9/26 最近金叉且价格在 EMA50 上方；4H MACD 位于 Signal 上方；4H MACD 柱体连续扩张；4H RSI 位于健康强势区间,
703,HYMC,HYCROFT MINING HOLDING CORP CLASS,Materials,Early,Russell,960,57.25,44.58,79.7,67.42,56.52,57.68,60.2,47.85,38.0,mixed_sideways,51.15,bullish_below_zero_proxy,54.88,47.98,0.0,64,early_transition,78,bullish_above_signal,69.8,24.32,0.33,0.09814192,0.26931106,0.12022115,0.05144838,4H EMA9 已站上 EMA26，等待 26/50 确认；4H MACD 位于 Signal 上方；4H MACD 柱体连续扩张,4H 相对 EMA26 超过 2 ATR，短线偏追高；4H RSI 偏热
704,SMR,NUSCALE POWER CORP CLASS A,Industrials,Early,Russell,1277,57.22,30.81,87.7,78.04,56.52,62.36,65.4,37.72,15.0,bearish_transition,49.8,bullish_below_zero_proxy,46.13,46.23,0.0,76,early_transition,70,bullish_above_signal,59.6,9.34,0.32,-0.02147721,0.23137772,0.04241071,-0.13837638,4H EMA9 已站上 EMA26，等待 26/50 确认；4H MACD 位于 Signal 上方；4H RSI 位于健康强势区间,
705,LTRX,LANTRONIX INC,Information Technology,Early,Russell,954,57.21,44.6,87.7,45.77,56.52,62.36,65.4,48.07,35.0,mixed_sideways,49.8,bullish_below_zero_proxy,59.29,48.86,0.0,76,early_transition,70,bullish_above_signal,61.27,5.95,0.08,-0.01798977,0.19238477,0.11007463,-0.02618658,4H EMA9 已站上 EMA26，等待 26/50 确认；4H MACD 位于 Signal 上方；4H RSI 位于健康强势区间,
706,ELMT,ELMET GROUP,Industrials,Early,Russell,1104,57.15,42.03,90.4,44.18,56.52,68.57,72.3,40.53,35.0,mixed_sideways,49.8,bullish_below_zero_proxy,36.46,44.29,0.0,94,fresh_bullish_cross,66,bullish_above_signal,59.73,15.76,0.12,-0.00473634,0.23802042,-0.01684348,-0.14579950,4H EMA9/26 最近金叉且价格在 EMA50 上方；4H MACD 位于 Signal 上方；4H MACD 柱体连续扩张；4H RSI 位于健康强势区间,
707,UUUU,ENERGY FUELS INC,Energy,Early,Russell,1280,57.15,30.81,87.7,77.58,56.52,58.31,60.9,37.71,15.0,bearish_transition,49.8,bullish_below_zero_proxy,46.08,46.22,0.0,74,early_transition,58,bullish_above_signal,56.89,12.6399,0.24,-0.02432266,0.17689944,-0.01711509,-0.18188350,4H EMA9 已站上 EMA26，等待 26/50 确认；4H MACD 位于 Signal 上方；4H RSI 位于健康强势区间,
708,LXFR,LUXFER HOLDINGS PLC,Industrials,Early,Russell,952,57.07,44.61,87.7,44.84,56.52,58.31,60.9,48.1,35.0,mixed_sideways,49.8,bullish_below_zero_proxy,59.41,48.88,0.0,74,early_transition,58,bullish_above_signal,52.31,17.105,0.11,0.00117068,0.00263781,0.02058473,-0.08284182,4H EMA9 已站上 EMA26，等待 26/50 确认；4H MACD 位于 Signal 上方；4H RSI 位于健康强势区间,
709,BY,BYLINE BANCORP INC,Financials,Early,Russell,348,57.06,61.87,50.8,62.9,56.52,43.73,44.7,61.04,72.0,confirmed_bullish_trend,61.8,bullish_above_signal_proxy,55.88,48.18,0.0,58,mixed_sideways,28,fresh_bearish_cross,60.72,39.525002,0.06,-0.01138064,0.00932079,0.06882104,0.09852702,4H RSI 位于健康强势区间,4H EMA 仍偏震荡；4H MACD 最近死叉
710,VHI,VALHI INC,Materials,Early,Russell,794,57.05,48.1,92.8,52.18,12.65,70.19,74.1,51.02,38.0,mixed_sideways,71.8,fresh_below_zero_cross_proxy,57.95,48.59,3.0,94,fresh_bullish_cross,72,fresh_below_zero_cross,60.08,14.45,0.13,0.06328182,0.03749336,-0.00351013,0.10221205,4H EMA9/26 最近金叉且价格在 EMA50 上方；4H MACD 刚金叉但仍需零轴确认；4H MACD 柱体连续扩张；4H RSI 位于健康强势区间,
711,NATL,NCR ATLEOS,Financials,Early,Russell,761,57.05,54.72,54.4,69.88,56.52,47.24,48.6,51.4,72.0,confirmed_bullish_trend,25.0,bearish_proxy,54.54,47.91,0.0,52,mixed_sideways,50,mixed_or_bearish,54.21,47.130001,0.33,0.00964012,-0.00862432,0.04943222,0.08170762,4H MACD 柱体连续扩张；4H RSI 位于健康强势区间,4H EMA 仍偏震荡；4H MACD 尚未确认多头
712,AVBC,AVIDIA BANCORP INC,Financials,Early,Russell,214,57.02,62.59,54.4,51.31,56.52,48.74,48.6,63.0,75.0,confirmed_bullish_trend,63.15,bullish_above_signal_proxy,58.08,48.62,0.0,52,mixed_sideways,50,mixed_or_bearish,54.45,21.745001,0.39,0.02788939,-0.02401257,0.04744706,0.06907576,4H MACD 柱体连续扩张；4H RSI 位于健康强势区间,4H EMA 仍偏震荡；4H MACD 尚未确认多头
713,FISI,FINANCIAL INSTITUTIONS INC,Financials,Early,Russell,817,57.0,59.13,75.1,36.84,7.34,67.62,71.25,50.61,72.0,confirmed_bullish_trend,59.55,bullish_above_signal_proxy,61.31,49.26,11.66,89,confirmed_bullish_trend,70,bullish_above_signal,66.88,42.605,0.07,-0.00467235,0.03284848,0.10748632,0.10892770,4H EMA 多头排列已连续维持；4H MACD 位于 Signal 上方；4H RSI 位于健康强势区间,4H 相对 EMA26 超过 2 ATR，短线偏追高
714,LTH,LIFE TIME GROUP HOLDINGS,Consumer Discretionary,Early,Russell,677,56.98,55.34,64.3,41.61,56.52,64.52,67.8,53.22,72.0,confirmed_bullish_trend,25.0,bearish_proxy,60.05,49.01,0.0,100,confirmed_bullish_trend,42,mixed_or_bearish,59.88,44.990002,0.15,0.00312161,-0.01661198,0.07259511,0.18926777,4H EMA 多头排列已连续维持；4H RSI 位于健康强势区间,4H MACD 尚未确认多头
715,HRTG,HERITAGE INSURANCE HOLDINGS INC,Financials,Early,Russell,736,56.96,59.89,75.1,33.97,8.62,72.08,76.2,51.86,72.0,confirmed_bullish_trend,59.55,bullish_above_signal_proxy,62.4,52.23,11.18,100,confirmed_bullish_trend,70,bullish_above_signal,64.55,30.299999,0.18,0.02123354,0.01507534,0.11438021,0.21394232,4H EMA 多头排列已连续维持；4H MACD 位于 Signal 上方；4H RSI 位于健康强势区间,
716,SIG,SIGNET JEWELERS,Consumer Discretionary,Early,Russell,129,56.94,63.1,64.3,23.24,56.52,68.18,70.2,64.66,72.0,confirmed_bullish_trend,61.8,bullish_above_signal_proxy,66.85,50.37,0.0,100,confirmed_bullish_trend,50,mixed_or_bearish,61.82,96.900002,0.07,0.00539536,-0.01972682,0.16173118,0.14120831,4H EMA 多头排列已连续维持；4H MACD 柱体连续扩张；4H RSI 位于健康强势区间,4H MACD 尚未确认多头
717,MTUS,METALLUS INC,Materials,Early,Russell,66,56.93,63.85,67.1,13.96,56.52,75.76,76.4,66.85,72.0,confirmed_bullish_trend,61.8,bullish_above_signal_proxy,73.5,51.7,0.0,100,confirmed_bullish_trend,78,bullish_above_signal,69.08,21.889999,0.22,0.00991926,0.09340654,0.18005392,0.13537333,4H EMA 多头排列已连续维持；4H MACD 位于 Signal 上方；4H MACD 柱体连续扩张,4H RSI 偏热
718,GHC,GRAHAM HOLDINGS COMPANY CLASS B,Consumer Discretionary,Early,Russell,344,56.91,61.88,50.8,61.88,56.52,43.73,44.7,61.07,72.0,confirmed_bullish_trend,61.8,bullish_above_signal_proxy,55.97,48.19,0.0,58,mixed_sideways,28,fresh_bearish_cross,54.93,1208.189941,0.15,0.00137577,-0.02416590,0.04943186,0.05257699,4H RSI 位于健康强势区间,4H EMA 仍偏震荡；4H MACD 最近死叉
719,BCAL,CALIFORNIA BANCORP,Financials,Early,Russell,796,56.9,54.57,50.8,78.86,56.52,43.73,44.7,50.95,72.0,confirmed_bullish_trend,25.0,bearish_proxy,53.17,47.63,0.0,58,mixed_sideways,28,fresh_bearish_cross,54.09,21.450001,0.1,-0.01106501,-0.00232553,0.03974804,0.05691062,4H RSI 位于健康强势区间,4H EMA 仍偏震荡；4H MACD 最近死叉
720,WTBA,WEST BANCORPORATION INC,Financials,Early,Russell,342,56.84,61.88,50.8,61.42,56.52,43.73,44.7,61.09,72.0,confirmed_bullish_trend,61.8,bullish_above_signal_proxy,56.04,48.21,0.0,58,mixed_sideways,28,fresh_bearish_cross,57.47,28.219999,0.11,-0.01294162,0.00749729,0.06450392,0.09720063,4H RSI 位于健康强势区间,4H EMA 仍偏震荡；4H MACD 最近死叉
721,JCAP,JEFFERSON CAPITAL INC,Financials,Early,Russell,192,56.8,62.65,60.7,32.94,56.52,62.24,63.6,63.33,72.0,confirmed_bullish_trend,61.8,bullish_above_signal_proxy,62.82,49.56,0.0,100,confirmed_bullish_trend,28,fresh_bearish_cross,59.75,20.459999,0.1,-0.00968059,0.00589966,0.12479373,0.16714192,4H EMA 多头排列已连续维持；4H RSI 位于健康强势区间,4H MACD 最近死叉
722,TITN,TITAN MACHINERY INC,Industrials,Early,Russell,811,56.73,45.95,92.8,25.86,56.52,70.19,74.1,50.74,35.0,mixed_sideways,49.8,bullish_below_zero_proxy,65.91,53.43,0.0,94,fresh_bullish_cross,72,fresh_below_zero_cross,59.8,19.815001,0.24,0.01771967,0.10083339,0.13423023,-0.01954468,4H EMA9/26 最近金叉且价格在 EMA50 上方；4H MACD 刚金叉但仍需零轴确认；4H MACD 柱体连续扩张；4H RSI 位于健康强势区间,
723,SGMT,SAGIMET BIOSCIENCES SERIES A,Health Care,Early,Russell,656,56.59,60.12,75.1,29.96,10.13,69.79,73.65,53.65,75.0,confirmed_bullish_trend,59.55,bullish_above_signal_proxy,63.97,50.79,10.55,89,confirmed_bullish_trend,78,bullish_above_signal,66.06,8.465,0.34,0.07903123,0.20412518,0.10078023,0.20156139,4H EMA 多头排列已连续维持；4H MACD 位于 Signal 上方；4H MACD 柱体连续扩张；4H RSI 位于健康强势区间,4H 相对 EMA26 超过 2 ATR，短线偏追高
724,CCNE,CNB FINANCIAL CORP,Financials,Early,Russell,332,56.59,61.93,50.8,59.62,56.52,43.73,44.7,61.22,72.0,confirmed_bullish_trend,61.8,bullish_above_signal_proxy,56.41,48.28,0.0,58,mixed_sideways,28,fresh_bearish_cross,56.9,35.43,0.37,-0.01487557,-0.00281449,0.06173213,0.07103984,4H RSI 位于健康强势区间,4H EMA 仍偏震荡；4H MACD 最近死叉
725,APEI,AMERICAN PUBLIC EDUCATION,Consumer Discretionary,Early,Russell,1092,56.56,42.18,87.7,47.1,56.52,59.12,61.8,40.99,35.0,mixed_sideways,49.8,bullish_below_zero_proxy,37.86,44.57,0.0,76,early_transition,58,bullish_above_signal,59.35,53.415001,0.09,0.00574280,0.04407742,-0.10241971,0.03197456,4H EMA9 已站上 EMA26，等待 26/50 确认；4H MACD 位于 Signal 上方；4H RSI 位于健康强势区间,
726,MZTI,MARZETTI,Consumer Staples,Early,Russell,1273,56.56,31.24,87.7,72.65,56.52,59.12,61.8,37.86,15.0,bearish_transition,49.8,bullish_below_zero_proxy,45.29,48.81,0.0,76,early_transition,58,bullish_above_signal,52.18,109.959999,0.18,-0.00574169,-0.01186197,-0.03170130,0.00834476,4H EMA9 已站上 EMA26，等待 26/50 确认；4H MACD 位于 Signal 上方；4H RSI 位于健康强势区间,
727,BFST,BUSINESS FIRST BANCSHARES INC,Financials,Early,Russell,331,56.55,61.94,50.8,59.31,56.52,43.73,44.7,61.25,72.0,confirmed_bullish_trend,61.8,bullish_above_signal_proxy,56.53,48.31,0.0,58,mixed_sideways,28,fresh_bearish_cross,59.07,31.959999,0.23,-0.00929941,-0.00093782,0.05513364,0.08137368,4H RSI 位于健康强势区间,4H EMA 仍偏震荡；4H MACD 最近死叉
728,ADPT,ADAPTIVE BIOTECHNOLOGIES,Health Care,Early,Russell,218,56.5,66.15,75.1,14.37,11.47,75.74,78.6,62.9,72.0,confirmed_bullish_trend,86.55,fresh_above_zero_cross_proxy,73.15,52.63,10.18,100,confirmed_bullish_trend,78,bullish_above_signal,65.79,24.690001,0.14,0.02703827,0.09393004,0.18530970,0.43338177,4H EMA 多头排列已连续维持；4H MACD 位于 Signal 上方；4H MACD 柱体连续扩张；4H RSI 位于健康强势区间,
729,SRZN,SURROZEN,Health Care,Early,Russell,1286,56.49,30.91,87.7,72.91,56.52,58.31,60.9,37.62,15.0,bearish_transition,49.8,bullish_below_zero_proxy,45.36,47.07,0.0,74,early_transition,58,bullish_above_signal,50.48,21.389999,0.24,0.01663489,0.11901643,-0.07121155,-0.13680395,4H EMA9 已站上 EMA26，等待 26/50 确认；4H MACD 位于 Signal 上方；4H RSI 位于健康强势区间,
730,UVV,UNIVERSAL,Consumer Staples,Early,Russell,664,56.48,69.02,40.9,95.38,56.52,36.98,37.2,53.43,82.0,early_transition,25.0,bearish_proxy,50.35,49.82,0.0,36,bearish_transition,42,mixed_or_bearish,45.34,52.450001,0.23,-0.00379674,-0.04366852,0.01548885,-0.00549869,,4H EMA 转弱或跌破 EMA26；4H MACD 尚未确认多头
731,KN,KNOWLES,Information Technology,Early,Russell,292,56.46,60.84,65.2,22.88,56.52,56.57,57.3,61.73,72.0,confirmed_bullish_trend,49.8,bullish_below_zero_proxy,67.06,50.41,0.0,58,mixed_sideways,70,bullish_above_signal,64.56,40.064999,0.1,-0.00335826,0.15962374,0.16130432,-0.00049894,4H MACD 位于 Signal 上方；4H RSI 位于健康强势区间,4H EMA 仍偏震荡
732,SI,SHOULDER INNOVATIONS,Health Care,Early,Russell,746,56.45,54.99,54.4,65.32,56.52,46.3,47.55,51.77,72.0,confirmed_bullish_trend,25.0,bearish_proxy,55.23,49.05,0.0,55,mixed_sideways,42,mixed_or_bearish,53.91,22.58,0.19,-0.00964908,-0.05443882,0.06258824,0.17298701,4H RSI 位于健康强势区间,4H EMA 仍偏震荡；4H MACD 尚未确认多头
733,ZBIO,ZENAS BIOPHARMA,Health Care,Early,Russell,740,56.39,55.0,54.4,64.85,56.52,48.46,49.95,51.8,72.0,confirmed_bullish_trend,25.0,bearish_proxy,55.31,49.06,0.0,55,mixed_sideways,50,mixed_or_bearish,54.26,31.540001,0.18,0.00960310,0.01382192,0.14151293,0.56277884,4H MACD 柱体连续扩张；4H RSI 位于健康强势区间,4H EMA 仍偏震荡；4H MACD 尚未确认多头
734,NSSC,NAPCO SECURITY TECHNOLOGIES,Information Technology,Early,Russell,985,56.3,69.93,53.85,78.3,5.44,63.58,66.75,46.86,82.0,early_transition,47.55,bullish_below_zero_proxy,53.23,47.65,12.74,89,confirmed_bullish_trend,70,bullish_above_signal,79.36,40.345001,0.17,0.01855592,0.10807473,0.05037753,0.07644080,4H EMA 多头排列已连续维持；4H MACD 位于 Signal 上方,4H 相对 EMA26 超过 2 ATR，短线偏追高；4H RSI 过热
735,BOX,BOX INC CLASS A,Information Technology,Early,Russell,174,56.29,62.82,60.7,29.14,56.52,62.24,63.6,63.84,72.0,confirmed_bullish_trend,61.8,bullish_above_signal_proxy,64.37,49.87,0.0,100,confirmed_bullish_trend,28,fresh_bearish_cross,61.74,31.934999,0.12,0.00535180,-0.01526368,0.10693237,0.27867864,4H EMA 多头排列已连续维持；4H RSI 位于健康强势区间,4H MACD 最近死叉
736,BLZE,BACKBLAZE INC CLASS A,Information Technology,Early,Russell,806,56.28,59.22,75.1,33.25,5.31,67.62,71.25,50.77,75.0,confirmed_bullish_trend,59.55,bullish_above_signal_proxy,62.68,49.54,12.85,89,confirmed_bullish_trend,70,bullish_above_signal,67.18,19.15,0.31,-0.11239865,0.68351648,0.21202532,0.64025696,4H EMA 多头排列已连续维持；4H MACD 位于 Signal 上方；4H RSI 位于健康强势区间,4H 相对 EMA26 超过 2 ATR，短线偏追高
737,SOUN,SOUNDHOUND AI CLASS A,Information Technology,Early,Russell,1303,56.2,30.68,87.7,71.52,56.52,58.31,60.9,37.34,15.0,bearish_transition,49.8,bullish_below_zero_proxy,44.96,45.99,0.0,74,early_transition,58,bullish_above_signal,53.62,6.425,0.1,0.00000000,0.12423447,-0.03383459,-0.00387597,4H EMA9 已站上 EMA26，等待 26/50 确认；4H MACD 位于 Signal 上方；4H RSI 位于健康强势区间,
738,ABX,ABACUS GLOBAL MANAGEMENT INC CLASS,Financials,Early,Russell,1018,56.2,52.56,65.2,40.48,56.52,51.83,53.7,45.06,72.0,confirmed_bullish_trend,25.0,bearish_proxy,35.34,44.07,0.0,58,mixed_sideways,58,bullish_above_signal,50.78,10.61,0.12,-0.03457689,0.03210117,-0.10107600,0.10062241,4H MACD 位于 Signal 上方；4H RSI 位于健康强势区间,4H EMA 仍偏震荡
739,KWR,QUAKER HOUGHTON CORP,Materials,Early,Russell,679,56.18,59.89,75.1,27.3,10.88,72.08,76.2,53.14,72.0,confirmed_bullish_trend,59.55,bullish_above_signal_proxy,65.23,50.05,10.42,100,confirmed_bullish_trend,70,bullish_above_signal,66.84,171.490005,0.11,-0.00591264,0.15140327,0.11698043,0.16826768,4H EMA 多头排列已连续维持；4H MACD 位于 Signal 上方；4H RSI 位于健康强势区间,
740,SENS,SENSEONICS HOLDINGS INC,Health Care,Early,Russell,1298,56.18,30.85,87.7,71.01,56.52,58.31,60.9,37.43,15.0,bearish_transition,49.8,bullish_below_zero_proxy,44.79,46.96,0.0,74,early_transition,58,bullish_above_signal,54.27,5.23,0.11,-0.01876173,0.07392197,-0.01876173,-0.13195021,4H EMA9 已站上 EMA26，等待 26/50 确认；4H MACD 位于 Signal 上方；4H RSI 位于健康强势区间,
741,HTFL,HEARTFLOW,Health Care,Early,Russell,1297,56.17,30.85,87.7,70.91,56.52,59.12,61.8,37.43,15.0,bearish_transition,49.8,bullish_below_zero_proxy,44.78,46.96,0.0,76,early_transition,58,bullish_above_signal,57.63,26.98,0.35,-0.00754089,0.07747600,-0.01099710,-0.21683602,4H EMA9 已站上 EMA26，等待 26/50 确认；4H MACD 位于 Signal 上方；4H RSI 位于健康强势区间,
742,GRPN,GROUPON,Consumer Discretionary,Early,Russell,961,56.17,53.51,54.4,66.85,56.52,47.51,48.9,47.83,72.0,confirmed_bullish_trend,25.0,bearish_proxy,43.73,45.75,0.0,58,mixed_sideways,42,mixed_or_bearish,54.38,27.77,0.18,-0.01244669,0.01983107,0.03349457,0.65741580,4H RSI 位于健康强势区间,4H EMA 仍偏震荡；4H MACD 尚未确认多头
743,PTGX,PROTAGONIST THERAPEUTICS,Health Care,Early,Russell,957,56.16,53.68,54.4,66.39,56.52,48.46,49.95,47.95,72.0,confirmed_bullish_trend,25.0,bearish_proxy,43.63,46.73,0.0,55,mixed_sideways,50,mixed_or_bearish,52.7,136.110001,0.18,0.01112451,0.02531074,-0.03403001,0.14541781,4H MACD 柱体连续扩张；4H RSI 位于健康强势区间,4H EMA 仍偏震荡；4H MACD 尚未确认多头
744,ATRC,ATRICURE,Health Care,Early,Russell,76,56.12,63.85,64.3,16.01,56.52,68.02,67.8,66.47,72.0,confirmed_bullish_trend,61.8,bullish_above_signal_proxy,71.87,52.37,0.0,100,confirmed_bullish_trend,42,mixed_or_bearish,59.66,38.84,0.1,-0.00243999,-0.04990218,0.18378540,0.36664321,4H EMA 多头排列已连续维持；4H RSI 位于健康强势区间,4H MACD 尚未确认多头
745,STRT,STRATTEC SECURITY CORP,Consumer Discretionary,Early,Russell,81,56.11,63.64,64.3,16.42,56.52,70.18,70.2,66.25,72.0,confirmed_bullish_trend,61.8,bullish_above_signal_proxy,71.67,51.33,0.0,100,confirmed_bullish_trend,50,mixed_or_bearish,63.56,90.285004,0.07,0.01913318,0.00338965,0.19314136,0.12567797,4H EMA 多头排列已连续维持；4H MACD 柱体连续扩张；4H RSI 位于健康强势区间,4H MACD 尚未确认多头
746,RES,RPC INC,Energy,Early,Russell,1102,56.08,31.78,87.7,68.19,56.52,59.12,61.8,40.56,15.0,bearish_transition,49.8,bullish_below_zero_proxy,54.74,47.95,0.0,76,early_transition,58,bullish_above_signal,55.85,5.815,0.2,-0.01357082,0.13574219,0.04211470,-0.09844961,4H EMA9 已站上 EMA26，等待 26/50 确认；4H MACD 位于 Signal 上方；4H RSI 位于健康强势区间,
747,ALTG,ALTA EQUIPMENT GROUP INC CLASS A,Industrials,Early,Russell,161,56.05,61.65,67.1,13.19,56.52,67.14,69.05,64.09,72.0,confirmed_bullish_trend,49.8,bullish_below_zero_proxy,74.22,51.84,0.0,89,confirmed_bullish_trend,70,bullish_above_signal,69.58,7.5,0.26,0.00401606,0.25628141,0.22749591,0.04895105,4H EMA 多头排列已连续维持；4H MACD 位于 Signal 上方,4H 相对 EMA26 超过 2 ATR，短线偏追高；4H RSI 偏热
748,FUN,SIX FLAGS ENTERTAINMENT CORP,Consumer Discretionary,Early,Russell,1310,56.01,30.65,87.7,70.34,56.52,60.47,63.3,37.24,15.0,bearish_transition,49.8,bullish_below_zero_proxy,44.66,45.93,0.0,74,early_transition,66,bullish_above_signal,57.05,18.66,0.52,0.02923337,0.01689373,-0.02303665,-0.19395248,4H EMA9 已站上 EMA26，等待 26/50 确认；4H MACD 位于 Signal 上方；4H MACD 柱体连续扩张；4H RSI 位于健康强势区间,
749,ASH,ASHLAND,Materials,Early,Russell,306,56.01,62.04,50.8,55.52,56.52,43.73,44.7,61.56,72.0,confirmed_bullish_trend,61.8,bullish_above_signal_proxy,57.45,48.49,0.0,58,mixed_sideways,28,fresh_bearish_cross,58.85,71.919998,0.12,-0.00690417,-0.01465954,0.09400670,0.12568476,4H RSI 位于健康强势区间,4H EMA 仍偏震荡；4H MACD 最近死叉
750,NUVB,NUVATION BIO CLASS A,Health Care,Early,Russell,727,56.0,55.07,54.4,62.08,56.52,48.46,49.95,52.02,72.0,confirmed_bullish_trend,25.0,bearish_proxy,55.96,49.19,0.0,55,mixed_sideways,50,mixed_or_bearish,51.81,6.41,0.3,-0.01003861,-0.02583587,0.13250883,0.06478405,4H MACD 柱体连续扩张；4H RSI 位于健康强势区间,4H EMA 仍偏震荡；4H MACD 尚未确认多头
751,SHEN,SHENANDOAH TELECOMMUNICATIONS,Communication,Early,Russell,1096,55.99,32.0,87.7,67.06,56.52,62.36,65.4,40.79,15.0,bearish_transition,49.8,bullish_below_zero_proxy,54.96,48.99,0.0,76,early_transition,70,bullish_above_signal,57.25,12.93,0.1,-0.00308404,0.01891253,0.01015625,-0.08375850,4H EMA9 已站上 EMA26，等待 26/50 确认；4H MACD 位于 Signal 上方；4H RSI 位于健康强势区间,
752,CHMG,CHEMUNG FINANCIAL CORP,Financials,Early,Russell,156,55.98,62.95,60.7,26.78,56.52,62.24,63.6,64.22,72.0,confirmed_bullish_trend,61.8,bullish_above_signal_proxy,65.51,50.1,0.0,100,confirmed_bullish_trend,28,fresh_bearish_cross,61.42,82.720001,0.02,-0.01017110,0.01285666,0.12026010,0.13005470,4H EMA 多头排列已连续维持；4H RSI 位于健康强势区间,4H MACD 最近死叉
753,OIS,OIL STATES INTERNATIONAL,Energy,Early,Russell,965,55.95,36.93,90.4,48.08,56.52,68.57,72.3,47.8,15.0,bearish_transition,71.8,fresh_below_zero_cross_proxy,58.75,51.5,0.0,94,fresh_bullish_cross,66,bullish_above_signal,54.48,8.4,0.29,-0.01350558,0.08108108,0.07416880,0.06463878,4H EMA9/26 最近金叉且价格在 EMA50 上方；4H MACD 位于 Signal 上方；4H MACD 柱体连续扩张；4H RSI 位于健康强势区间,
754,ALH,ALLIANCE LAUNDRY HOLDINGS INC,Industrials,Early,Russell,797,55.95,59.13,67.1,48.85,10.83,65.64,69.05,50.93,72.0,confirmed_bullish_trend,59.55,bullish_above_signal_proxy,58.57,48.71,10.43,89,confirmed_bullish_trend,70,bullish_above_signal,69.2,28.040001,0.3,0.01136162,0.07825426,0.08137297,0.06697108,4H EMA 多头排列已连续维持；4H MACD 位于 Signal 上方,4H 相对 EMA26 超过 2 ATR，短线偏追高；4H RSI 偏热
755,KODK,EASTMAN KODAK,Information Technology,Early,Russell,500,55.93,70.99,57.2,12.01,4.0,51.11,52.9,58.6,100.0,fresh_bullish_cross,48.9,bullish_below_zero_proxy,75.13,52.03,13.96,46,mixed_sideways,78,bullish_above_signal,73.65,9.77,0.63,0.06659389,0.18424242,0.20617284,0.02626050,4H MACD 位于 Signal 上方；4H MACD 柱体连续扩张,4H EMA 仍偏震荡；4H 相对 EMA26 超过 2 ATR，短线偏追高；4H RSI 偏热
756,SBC,SBC MEDICAL GROUP HOLDINGS INC,Health Care,Early,Russell,189,55.9,76.03,65.2,77.07,56.52,56.57,57.3,63.38,82.0,early_transition,61.8,bullish_above_signal_proxy,53.43,48.69,0.0,58,mixed_sideways,70,bullish_above_signal,53.93,3.13,0.25,-0.01261830,0.00967742,0.05743243,0.01954397,4H MACD 位于 Signal 上方；4H RSI 位于健康强势区间,4H EMA 仍偏震荡
757,FDBC,FIDELITY D AND D BANCORP INC,Financials,Early,Russell,164,55.89,63.09,75.1,16.68,12.65,74.08,76.75,64.07,75.0,confirmed_bullish_trend,61.8,bullish_above_signal_proxy,71.43,51.29,3.0,100,confirmed_bullish_trend,70,bullish_above_signal,58.24,54.029999,3.89,0.01943394,0.01770576,0.02001129,0.08603013,4H EMA 多头排列已连续维持；4H MACD 位于 Signal 上方；4H RSI 位于健康强势区间,
758,TBBK,BANCORP INC,Financials,Early,Russell,732,55.89,59.58,75.1,28.12,7.77,72.08,76.2,51.96,72.0,confirmed_bullish_trend,59.55,bullish_above_signal_proxy,64.74,49.95,11.45,100,confirmed_bullish_trend,70,bullish_above_signal,64.49,72.290001,0.21,-0.00262144,0.06937874,0.10080711,0.22111486,4H EMA 多头排列已连续维持；4H MACD 位于 Signal 上方；4H RSI 位于健康强势区间,
759,SCSC,SCANSOURCE,Information Technology,Early,Russell,734,55.89,59.56,75.1,28.32,7.59,72.08,76.2,51.9,72.0,confirmed_bullish_trend,59.55,bullish_above_signal_proxy,64.68,49.94,11.48,100,confirmed_bullish_trend,70,bullish_above_signal,64.29,58.470001,0.16,-0.01507624,0.01828636,0.13445867,0.18744920,4H EMA 多头排列已连续维持；4H MACD 位于 Signal 上方；4H RSI 位于健康强势区间,
760,HMH,HMH HOLDING INC CLASS A,Energy,Early,Russell,326,55.87,75.18,37.3,86.56,56.52,36.84,37.05,61.31,82.0,early_transition,61.8,bullish_above_signal_proxy,47.6,46.52,0.0,41,bearish_transition,28,fresh_bearish_cross,49.11,19.987499,0.15,-0.01781332,0.06599995,0.06770834,0.03777253,4H RSI 位于健康强势区间,4H EMA 转弱或跌破 EMA26；4H MACD 最近死叉
761,PCT,PURECYCLE TECHNOLOGIES,Materials,Early,Russell,1314,55.86,30.62,87.7,69.37,56.52,59.12,61.8,37.16,15.0,bearish_transition,49.8,bullish_below_zero_proxy,44.43,45.89,0.0,76,early_transition,58,bullish_above_signal,57.68,6.945,0.29,-0.05058100,0.17215190,-0.02867133,-0.16274864,4H EMA9 已站上 EMA26，等待 26/50 确认；4H MACD 位于 Signal 上方；4H RSI 位于健康强势区间,
762,CV,CAPSOVISION INC,Health Care,Early,Russell,154,55.82,61.75,65.2,16.52,56.52,57.29,58.1,64.24,75.0,confirmed_bullish_trend,49.8,bullish_below_zero_proxy,71.49,52.3,0.0,58,mixed_sideways,70,bullish_above_signal,52.75,6.83,0.89,-0.01655868,0.02861446,0.20458554,0.05076923,4H MACD 位于 Signal 上方；4H RSI 位于健康强势区间,4H EMA 仍偏震荡
763,TDUP,THREDUP CLASS A,Consumer Discretionary,Early,Russell,1413,55.81,37.42,90.4,45.97,56.52,66.41,69.9,34.65,35.0,mixed_sideways,25.0,bearish_proxy,37.44,44.49,0.0,94,fresh_bullish_cross,58,bullish_above_signal,53.84,6.22,0.44,-0.01191422,0.04890388,-0.09130752,0.00241741,4H EMA9/26 最近金叉且价格在 EMA50 上方；4H MACD 位于 Signal 上方；4H RSI 位于健康强势区间,
764,PLXS,PLEXUS CORP,Information Technology,Early,Russell,922,55.8,44.87,87.7,35.76,56.52,59.12,61.8,48.87,35.0,mixed_sideways,49.8,bullish_below_zero_proxy,61.74,49.35,0.0,76,early_transition,58,bullish_above_signal,62.83,275.790009,0.41,-0.00067034,0.14855079,0.07776783,-0.04422103,4H EMA9 已站上 EMA26，等待 26/50 确认；4H MACD 位于 Signal 上方；4H RSI 位于健康强势区间,
765,BWMN,BOWMAN CONSULTING GROUP,Industrials,Early,Russell,1317,55.71,30.6,87.7,68.45,56.52,59.12,61.8,37.1,15.0,bearish_transition,49.8,bullish_below_zero_proxy,44.23,45.85,0.0,76,early_transition,58,bullish_above_signal,53.35,27.139999,0.09,-0.02162945,0.04909153,-0.04335573,-0.07466761,4H EMA9 已站上 EMA26，等待 26/50 确认；4H MACD 位于 Signal 上方；4H RSI 位于健康强势区间,
766,PK,PARK HOTELS RESORTS INC,Real Estate,Early,Russell,717,55.7,55.21,54.4,59.72,56.52,47.51,48.9,52.24,72.0,confirmed_bullish_trend,25.0,bearish_proxy,56.4,49.78,0.0,58,mixed_sideways,42,mixed_or_bearish,54.66,15.07,0.19,-0.00560871,-0.01663948,0.06426554,0.04507628,4H RSI 位于健康强势区间,4H EMA 仍偏震荡；4H MACD 尚未确认多头
767,BOW,BOWHEAD SPECIALTY HOLDINGS,Financials,Early,Russell,144,55.69,63.22,75.1,15.08,12.65,73.58,76.2,64.44,75.0,confirmed_bullish_trend,61.8,bullish_above_signal_proxy,72.54,51.51,3.0,100,confirmed_bullish_trend,70,bullish_above_signal,66.46,33.59,0.38,0.00208831,0.05116570,0.05001563,0.19198013,4H EMA 多头排列已连续维持；4H MACD 位于 Signal 上方；4H RSI 位于健康强势区间,
768,DSGN,DESIGN THERAPEUTICS,Health Care,Early,Russell,1113,55.67,42.11,87.7,41.35,56.52,59.12,61.8,40.37,35.0,mixed_sideways,49.8,bullish_below_zero_proxy,35.52,45.1,0.0,76,early_transition,58,bullish_above_signal,62.35,13.44,0.5,0.02752294,0.12000000,-0.08602516,-0.02183406,4H EMA9 已站上 EMA26，等待 26/50 确认；4H MACD 位于 Signal 上方；4H RSI 位于健康强势区间,
769,MSBI,MIDLAND STATES BANCORP INC,Financials,Early,Russell,720,55.65,59.66,75.1,26.48,7.54,72.08,76.2,52.2,72.0,confirmed_bullish_trend,59.55,bullish_above_signal_proxy,65.67,50.13,11.51,100,confirmed_bullish_trend,70,bullish_above_signal,65.01,34.349998,0.15,-0.01207944,0.02201717,0.13516186,0.13854816,4H EMA 多头排列已连续维持；4H MACD 位于 Signal 上方；4H RSI 位于健康强势区间,
770,TNDM,TANDEM DIABETES CARE,Health Care,Early,Russell,24,55.6,64.9,65.2,7.7,56.52,60.79,58.1,69.54,72.0,confirmed_bullish_trend,61.8,bullish_above_signal_proxy,81.2,54.24,0.0,58,mixed_sideways,70,bullish_above_signal,60.43,19.360001,0.73,-0.04489388,0.04142017,0.25510541,0.34444451,4H MACD 位于 Signal 上方；4H RSI 位于健康强势区间,4H EMA 仍偏震荡
771,CBRL,CRACKER BARREL OLD COUNTRY STORE I,Consumer Discretionary,Early,Russell,638,55.57,60.22,75.1,21.86,11.8,72.08,76.2,54.2,72.0,confirmed_bullish_trend,59.55,bullish_above_signal_proxy,67.47,50.49,10.1,100,confirmed_bullish_trend,70,bullish_above_signal,62.5,58.110001,0.14,0.02117568,0.02722293,0.17417657,0.25102260,4H EMA 多头排列已连续维持；4H MACD 位于 Signal 上方；4H RSI 位于健康强势区间,
772,NEXN,NEXXEN INTERNATIONAL LTD,Communication,Early,Russell,641,55.57,55.53,64.3,31.76,56.52,64.52,67.8,54.16,72.0,confirmed_bullish_trend,25.0,bearish_proxy,63.37,48.67,0.0,100,confirmed_bullish_trend,42,mixed_or_bearish,60.29,10.425,0.32,0.00627413,-0.01278409,0.11140725,0.20869565,4H EMA 多头排列已连续维持；4H RSI 位于健康强势区间,4H MACD 尚未确认多头
773,AMPX,AMPRIUS TECHNOLOGIES INC,Industrials,Early,Russell,1285,55.56,30.84,90.4,59.72,56.52,62.9,66.0,37.63,18.0,bearish_transition,51.15,bullish_below_zero_proxy,42.11,45.42,0.0,80,fresh_bullish_cross,66,bullish_above_signal,66.03,11.825,0.28,0.07941579,0.39940828,0.00809889,-0.16164481,4H EMA9/26 最近金叉且价格在 EMA50 上方；4H MACD 位于 Signal 上方；4H MACD 柱体连续扩张；4H RSI 位于健康强势区间,4H 相对 EMA26 超过 2 ATR，短线偏追高
774,VABK,VIRGINIA NATIONAL BANKSHARES CORP,Financials,Early,Russell,689,55.55,59.88,75.1,24.42,8.93,68.34,72.05,52.99,72.0,confirmed_bullish_trend,59.55,bullish_above_signal_proxy,66.34,50.27,10.94,89,confirmed_bullish_trend,70,bullish_above_signal,64.46,49.122501,0.72,0.06974092,0.07371587,0.09452986,0.10239003,4H EMA 多头排列已连续维持；4H MACD 位于 Signal 上方；4H RSI 位于健康强势区间,4H 相对 EMA26 超过 2 ATR，短线偏追高
775,VAL,VALARIS LTD,Energy,Early,Russell,1095,55.52,31.87,87.7,64.24,56.52,58.31,60.9,40.81,15.0,bearish_transition,49.8,bullish_below_zero_proxy,55.48,48.1,0.0,74,early_transition,58,bullish_above_signal,50.33,77.300003,0.14,-0.01390478,0.04177906,0.03577658,-0.01603863,4H EMA9 已站上 EMA26，等待 26/50 确认；4H MACD 位于 Signal 上方；4H RSI 位于健康强势区间,
776,GRND,GRINDR INC,Communication,Early,Russell,758,55.48,59.34,75.1,26.63,6.77,72.08,76.2,51.5,72.0,confirmed_bullish_trend,59.55,bullish_above_signal_proxy,65.63,49.13,12.05,100,confirmed_bullish_trend,70,bullish_above_signal,65.52,17.639999,0.19,-0.01836394,0.02439025,0.13004478,0.34144479,4H EMA 多头排列已连续维持；4H MACD 位于 Signal 上方；4H RSI 位于健康强势区间,
777,SRTA,STRATA CRITICAL MEDICAL CLASS A,Health Care,Early,Russell,464,55.46,71.05,50.2,23.6,9.72,50.39,52.1,59.27,100.0,fresh_bullish_cross,48.9,bullish_below_zero_proxy,66.71,51.34,10.66,46,mixed_sideways,78,bullish_above_signal,74.22,5.88,0.35,0.04812834,0.20739220,0.12000000,0.05660377,4H MACD 位于 Signal 上方；4H MACD 柱体连续扩张,4H EMA 仍偏震荡；4H 相对 EMA26 超过 2 ATR，短线偏追高；4H RSI 偏热
778,CHEF,CHEFS WAREHOUSE INC,Consumer Staples,Early,Russell,657,55.42,60.48,75.1,22.27,8.72,72.08,76.2,53.62,72.0,confirmed_bullish_trend,59.55,bullish_above_signal_proxy,67.34,53.22,11.05,100,confirmed_bullish_trend,70,bullish_above_signal,62.95,110.75,0.17,0.01368361,0.04787584,0.12665307,0.17643936,4H EMA 多头排列已连续维持；4H MACD 位于 Signal 上方；4H RSI 位于健康强势区间,
779,ETD,ETHAN ALLEN INTERIORS,Consumer Discretionary,Early,Russell,616,55.41,60.55,75.1,21.55,9.44,74.24,78.6,54.84,75.0,confirmed_bullish_trend,60.9,bullish_above_signal_proxy,67.64,50.53,10.75,100,confirmed_bullish_trend,78,bullish_above_signal,64.5,24.379999,0.3,0.01880481,0.03436568,0.14031806,0.12427946,4H EMA 多头排列已连续维持；4H MACD 位于 Signal 上方；4H MACD 柱体连续扩张；4H RSI 位于健康强势区间,
780,DFIN,DONNELLEY FINANCIAL SOLUTIONS,Financials,Early,Russell,627,55.41,55.77,64.3,30.12,56.52,66.68,70.2,54.48,72.0,confirmed_bullish_trend,25.0,bearish_proxy,63.87,49.77,0.0,100,confirmed_bullish_trend,50,mixed_or_bearish,54.77,49.810001,0.16,0.02195320,-0.03168736,0.10590586,0.24028887,4H EMA 多头排列已连续维持；4H MACD 柱体连续扩张；4H RSI 位于健康强势区间,4H MACD 尚未确认多头
781,SCL,STEPAN,Materials,Early,Russell,623,55.4,60.35,75.1,20.32,11.95,72.08,76.2,54.59,72.0,confirmed_bullish_trend,59.55,bullish_above_signal_proxy,68.54,50.71,10.06,100,confirmed_bullish_trend,70,bullish_above_signal,64.58,64.029999,0.25,-0.00404421,-0.02970146,0.13478068,0.21039691,4H EMA 多头排列已连续维持；4H MACD 位于 Signal 上方；4H RSI 位于健康强势区间,
782,FRBA,FIRST BANK,Financials,Early,Russell,285,55.39,62.12,50.8,51.15,56.52,45.23,44.7,61.77,72.0,confirmed_bullish_trend,61.8,bullish_above_signal_proxy,58.09,48.62,0.0,58,mixed_sideways,28,fresh_bearish_cross,58.46,18.635,0.25,-0.00666311,-0.00507208,0.06729674,0.10790725,4H RSI 位于健康强势区间,4H EMA 仍偏震荡；4H MACD 最近死叉
783,OPBK,OP BANCORP,Financials,Early,Russell,241,55.35,62.35,54.4,40.79,56.52,49.01,48.9,62.46,72.0,confirmed_bullish_trend,61.8,bullish_above_signal_proxy,60.18,49.04,0.0,58,mixed_sideways,42,mixed_or_bearish,56.35,15.85,0.2,0.00000000,0.00826972,0.07239513,0.07823129,4H RSI 位于健康强势区间,4H EMA 仍偏震荡；4H MACD 尚未确认多头
784,GENB,GENERATE BIOMEDICINES INC,Health Care,Early,Russell,1124,55.27,42.03,87.7,38.84,56.52,61.28,64.2,40.13,35.0,mixed_sideways,49.8,bullish_below_zero_proxy,34.79,44.96,0.0,76,early_transition,66,bullish_above_signal,59.31,14.83,0.21,0.02417127,0.13509376,-0.08541474,-0.03732554,4H EMA9 已站上 EMA26，等待 26/50 确认；4H MACD 位于 Signal 上方；4H MACD 柱体连续扩张；4H RSI 位于健康强势区间,
785,LZ,LEGALZOOM COM,Industrials,Early,Russell,283,55.26,62.14,50.8,50.28,56.52,45.23,44.7,61.83,72.0,confirmed_bullish_trend,61.8,bullish_above_signal_proxy,58.28,48.66,0.0,58,mixed_sideways,28,fresh_bearish_cross,54.66,8.035,0.19,-0.03309266,-0.04572447,0.09917921,0.41585903,4H RSI 位于健康强势区间,4H EMA 仍偏震荡；4H MACD 最近死叉
786,OSCR,OSCAR HEALTH CLASS A,Financials,Early,Russell,950,55.26,53.61,50.8,70.14,56.52,42.52,43.35,48.14,72.0,confirmed_bullish_trend,25.0,bearish_proxy,44.65,45.93,0.0,55,mixed_sideways,28,fresh_bearish_cross,53.24,30.76,0.28,0.00951759,0.00588946,-0.01109146,0.02824666,4H RSI 位于健康强势区间,4H EMA 仍偏震荡；4H MACD 最近死叉
787,AII,AMERICAN INTEGRITY INSURANCE GROUP,Financials,Early,Russell,725,55.24,59.87,67.1,41.97,11.47,70.1,74.0,52.06,72.0,confirmed_bullish_trend,59.55,bullish_above_signal_proxy,59.95,51.74,10.18,100,confirmed_bullish_trend,70,bullish_above_signal,68.41,20.709999,0.18,-0.00885384,0.02296853,0.08089765,0.15633719,4H EMA 多头排列已连续维持；4H MACD 位于 Signal 上方,4H RSI 偏热
788,HNVR,HANOVER BANCORP INC,Financials,Early,Russell,611,55.21,60.48,75.1,18.78,11.9,72.08,76.2,54.97,72.0,confirmed_bullish_trend,59.55,bullish_above_signal_proxy,69.73,50.95,10.08,100,confirmed_bullish_trend,70,bullish_above_signal,64.22,26.895,0.02,-0.00037172,0.01643995,0.16051785,0.14886801,4H EMA 多头排列已连续维持；4H MACD 位于 Signal 上方；4H RSI 位于健康强势区间,
789,MMI,MARCUS & MILLICHAP INC,Real Estate,Early,Russell,975,55.21,53.61,54.4,60.24,56.52,47.24,48.6,47.53,72.0,confirmed_bullish_trend,25.0,bearish_proxy,42.14,46.93,0.0,52,mixed_sideways,50,mixed_or_bearish,50.32,30.940001,0.13,0.00585179,-0.02119582,-0.03493450,0.05059423,4H MACD 柱体连续扩张；4H RSI 位于健康强势区间,4H EMA 仍偏震荡；4H MACD 尚未确认多头
790,MPB,MID PENN BANCORP INC,Financials,Early,Russell,237,55.2,62.39,54.4,39.66,56.52,49.01,48.9,62.58,72.0,confirmed_bullish_trend,61.8,bullish_above_signal_proxy,60.54,49.11,0.0,58,mixed_sideways,42,mixed_or_bearish,60.35,38.27,0.1,-0.00880603,-0.00338547,0.09750505,0.12426554,4H RSI 位于健康强势区间,4H EMA 仍偏震荡；4H MACD 尚未确认多头
791,NREF,NEXPOINT REAL ESTATE FINANCE,Financials,Early,Russell,830,55.18,54.07,50.8,68.55,56.52,43.73,44.7,50.42,72.0,confirmed_bullish_trend,20.0,fresh_bearish_cross_proxy,54.69,49.44,0.0,58,mixed_sideways,28,fresh_bearish_cross,57.6,17.1,0.22,-0.00926999,0.01303324,0.05751391,0.13772455,4H RSI 位于健康强势区间,4H EMA 仍偏震荡；4H MACD 最近死叉
792,MTW,MANITOWOC INC,Industrials,Early,Russell,108,55.11,63.33,60.7,20.11,56.52,62.24,63.6,65.34,72.0,confirmed_bullish_trend,61.8,bullish_above_signal_proxy,68.9,50.78,0.0,100,confirmed_bullish_trend,28,fresh_bearish_cross,58.1,14.38,0.22,-0.01574264,0.05116959,0.17244191,0.09938838,4H EMA 多头排列已连续维持；4H RSI 位于健康强势区间,4H MACD 最近死叉
793,ANGO,ANGIODYNAMICS,Health Care,Early,Russell,620,55.1,60.57,75.1,18.68,10.65,72.08,76.2,54.73,72.0,confirmed_bullish_trend,59.55,bullish_above_signal_proxy,69.77,51.95,10.48,100,confirmed_bullish_trend,70,bullish_above_signal,65.58,15.08,0.18,-0.00330469,0.03075871,0.15422886,0.22105263,4H EMA 多头排列已连续维持；4H MACD 位于 Signal 上方；4H RSI 位于健康强势区间,
794,FMBH,FIRST MID BANCSHARES INC,Financials,Early,Russell,278,55.1,62.16,50.8,49.15,56.52,45.23,44.7,61.9,72.0,confirmed_bullish_trend,61.8,bullish_above_signal_proxy,58.49,48.7,0.0,58,mixed_sideways,28,fresh_bearish_cross,60.56,52.355,0.18,-0.01123703,-0.00314166,0.08755715,0.11322562,4H RSI 位于健康强势区间,4H EMA 仍偏震荡；4H MACD 最近死叉
795,APPN,APPIAN CORP CLASS A,Information Technology,Early,Russell,748,55.09,59.57,75.1,23.91,6.16,69.79,73.65,51.74,72.0,confirmed_bullish_trend,59.55,bullish_above_signal_proxy,66.49,50.3,12.24,89,confirmed_bullish_trend,78,bullish_above_signal,67.18,29.940001,0.28,0.06928575,0.04139134,0.21312808,0.46048785,4H EMA 多头排列已连续维持；4H MACD 位于 Signal 上方；4H MACD 柱体连续扩张；4H RSI 位于健康强势区间,4H 相对 EMA26 超过 2 ATR，短线偏追高
796,RUSHA,RUSH ENTERPRISES CLASS A,Industrials,Early,Russell,652,55.06,60.11,75.1,20.52,9.03,72.08,76.2,53.68,72.0,confirmed_bullish_trend,59.55,bullish_above_signal_proxy,68.36,50.67,10.92,100,confirmed_bullish_trend,70,bullish_above_signal,64.06,82.650002,0.08,-0.00397687,0.01224740,0.14664262,0.18801210,4H EMA 多头排列已连续维持；4H MACD 位于 Signal 上方；4H RSI 位于健康强势区间,
797,CTOS,CUSTOM TRUCK ONE SOURCE INC,Industrials,Early,Russell,134,55.04,61.81,65.2,11.19,56.52,58.73,59.7,64.57,72.0,confirmed_bullish_trend,49.8,bullish_below_zero_proxy,75.68,52.14,0.0,58,mixed_sideways,78,bullish_above_signal,59.47,11.085,0.2,-0.00894055,0.14043210,0.15770235,-0.01379004,4H MACD 位于 Signal 上方；4H MACD 柱体连续扩张；4H RSI 位于健康强势区间,4H EMA 仍偏震荡
798,WK,WORKIVA CLASS A,Information Technology,Early,Russell,629,55.0,60.33,75.1,18.98,10.01,72.08,76.2,54.4,72.0,confirmed_bullish_trend,59.55,bullish_above_signal_proxy,69.49,50.9,10.57,100,confirmed_bullish_trend,70,bullish_above_signal,66.3,62.415001,0.21,0.01935327,0.01537335,0.17786372,0.32826130,4H EMA 多头排列已连续维持；4H MACD 位于 Signal 上方；4H RSI 位于健康强势区间,
799,BMBL,BUMBLE CLASS A,Communication,Early,Russell,485,54.97,73.03,65.2,77.83,56.52,55.07,57.3,58.9,85.0,early_transition,51.15,bullish_below_zero_proxy,46.11,45.22,0.0,58,mixed_sideways,70,bullish_above_signal,54.74,3.065,0.5,-0.01446945,0.03547297,-0.02232855,0.09269162,4H MACD 位于 Signal 上方；4H RSI 位于健康强势区间,4H EMA 仍偏震荡
800,JJSF,J AND J SNACK FOODS CORP,Consumer Staples,Early,Russell,772,54.87,59.67,67.1,41.77,8.8,67.81,71.45,51.25,72.0,confirmed_bullish_trend,59.55,bullish_above_signal_proxy,60.04,51.76,11.02,89,confirmed_bullish_trend,78,bullish_above_signal,70.97,83.959999,0.48,0.06063662,0.06197826,0.09202051,0.15743035,4H EMA 多头排列已连续维持；4H MACD 位于 Signal 上方；4H MACD 柱体连续扩张,4H 相对 EMA26 超过 2 ATR，短线偏追高；4H RSI 偏热
801,OOMA,OOMA,Information Technology,Early,Russell,273,54.87,62.21,50.8,47.51,56.52,45.23,44.7,62.04,72.0,confirmed_bullish_trend,61.8,bullish_above_signal_proxy,58.9,48.78,0.0,58,mixed_sideways,28,fresh_bearish_cross,56.27,21.620001,0.12,-0.00848425,-0.01188291,0.06976754,0.19546598,4H RSI 位于健康强势区间,4H EMA 仍偏震荡；4H MACD 最近死叉
802,HIPO,HIPPO HOLDINGS,Financials,Early,Russell,625,54.84,60.4,75.1,18.11,9.39,72.08,76.2,54.56,72.0,confirmed_bullish_trend,59.55,bullish_above_signal_proxy,70.58,51.12,10.77,100,confirmed_bullish_trend,70,bullish_above_signal,62.0,32.529999,0.07,-0.01870296,0.09014742,0.14501932,0.23876615,4H EMA 多头排列已连续维持；4H MACD 位于 Signal 上方；4H RSI 位于健康强势区间,
803,FLOC,FLOWCO HOLDINGS CLASS A,Energy,Early,Russell,1076,54.81,32.15,90.4,51.67,56.52,67.76,71.4,41.64,15.0,bearish_transition,49.8,bullish_below_zero_proxy,58.01,48.6,0.0,92,fresh_bullish_cross,66,bullish_above_signal,61.73,20.969999,0.09,0.02844532,0.08092778,0.08596583,-0.04725129,4H EMA9/26 最近金叉且价格在 EMA50 上方；4H MACD 位于 Signal 上方；4H MACD 柱体连续扩张；4H RSI 位于健康强势区间,
804,DRH,DIAMONDROCK HOSPITALITY,Real Estate,Early,Russell,608,54.8,60.77,75.1,16.93,9.49,72.08,76.2,55.05,72.0,confirmed_bullish_trend,59.55,bullish_above_signal_proxy,71.3,52.76,10.74,100,confirmed_bullish_trend,70,bullish_above_signal,64.56,13.4,0.19,-0.00186220,0.02056359,0.14139693,0.09076109,4H EMA 多头排列已连续维持；4H MACD 位于 Signal 上方；4H RSI 位于健康强势区间,
805,CZFS,CITIZENS FINANCIAL SERVICES INC,Financials,Early,Russell,39,54.79,64.58,75.1,5.85,12.65,77.08,76.2,68.45,75.0,confirmed_bullish_trend,61.8,bullish_above_signal_proxy,84.7,53.94,3.0,100,confirmed_bullish_trend,70,bullish_above_signal,65.86,81.455002,0.23,0.01186338,0.05923277,0.11716104,0.22304811,4H EMA 多头排列已连续维持；4H MACD 位于 Signal 上方；4H RSI 位于健康强势区间,
806,CASS,CASS INFORMATION SYSTEMS INC,Financials,Early,Russell,826,54.79,59.06,67.1,42.95,8.34,70.1,74.0,50.51,72.0,confirmed_bullish_trend,59.55,bullish_above_signal_proxy,59.79,48.96,11.26,100,confirmed_bullish_trend,70,bullish_above_signal,68.58,57.099998,0.18,0.00105184,0.02055401,0.08555133,0.14601098,4H EMA 多头排列已连续维持；4H MACD 位于 Signal 上方,4H RSI 偏热
807,NG,NOVAGOLD RESOURCES INC,Materials,Early,Russell,915,54.76,44.97,79.7,49.92,56.52,57.68,60.2,48.98,38.0,mixed_sideways,51.15,bullish_below_zero_proxy,58.31,48.66,0.0,64,early_transition,78,bullish_above_signal,69.99,6.86,0.13,0.07439311,0.18377912,0.12551272,-0.04854369,4H EMA9 已站上 EMA26，等待 26/50 确认；4H MACD 位于 Signal 上方；4H MACD 柱体连续扩张,4H 相对 EMA26 超过 2 ATR，短线偏追高；4H RSI 偏热
808,ABM,ABM INDUSTRIES INC,Industrials,Early,Russell,788,54.76,54.08,54.4,56.13,56.52,47.51,48.9,51.06,72.0,confirmed_bullish_trend,20.0,fresh_bearish_cross_proxy,57.32,48.46,0.0,58,mixed_sideways,42,mixed_or_bearish,58.89,48.799999,0.22,-0.00641358,-0.01134526,0.08036310,0.11174391,4H RSI 位于健康强势区间,4H EMA 仍偏震荡；4H MACD 尚未确认多头
809,PAYS,PAYSIGN INC,Financials,Early,Russell,742,54.7,54.85,50.8,63.52,56.52,43.73,44.7,51.78,72.0,confirmed_bullish_trend,25.0,bearish_proxy,55.69,48.14,0.0,58,mixed_sideways,28,fresh_bearish_cross,53.47,9.13,0.24,-0.03027084,-0.01297297,0.07033998,0.22880215,4H RSI 位于健康强势区间,4H EMA 仍偏震荡；4H MACD 最近死叉
810,NWFL,NORWOOD FINANCIAL CORP,Financials,Early,Russell,267,54.67,62.24,50.8,46.07,56.52,45.23,44.7,62.13,72.0,confirmed_bullish_trend,61.8,bullish_above_signal_proxy,59.19,48.84,0.0,58,mixed_sideways,28,fresh_bearish_cross,60.66,33.950001,0.3,-0.00102987,0.00951531,0.07470722,0.09058792,4H RSI 位于健康强势区间,4H EMA 仍偏震荡；4H MACD 最近死叉
811,BPRN,PRINCETON BANCORP INC,Financials,Early,Russell,80,54.65,63.65,60.7,16.32,56.52,64.24,63.6,66.26,72.0,confirmed_bullish_trend,61.8,bullish_above_signal_proxy,71.7,51.34,0.0,100,confirmed_bullish_trend,28,fresh_bearish_cross,58.54,41.98,0.47,-0.01628586,0.00961996,0.09322911,0.11931739,4H EMA 多头排列已连续维持；4H RSI 位于健康强势区间,4H MACD 最近死叉
812,AEHR,AEHR TEST SYSTEMS,Information Technology,Early,Russell,11,54.62,64.2,65.2,2.77,56.52,61.57,57.3,71.57,72.0,confirmed_bullish_trend,49.8,bullish_below_zero_proxy,96.89,56.38,0.0,58,mixed_sideways,70,bullish_above_signal,62.02,101.650002,0.1,-0.05949297,0.55451909,0.52125115,-0.00635387,4H MACD 位于 Signal 上方；4H RSI 位于健康强势区间,4H EMA 仍偏震荡
813,ACAD,ACADIA PHARMACEUTICALS,Health Care,Early,Russell,576,54.55,64.64,67.1,31.91,3.03,67.81,71.45,56.08,75.0,confirmed_bullish_trend,86.55,fresh_above_zero_cross_proxy,63.3,53.91,15.14,89,confirmed_bullish_trend,78,bullish_above_signal,73.71,28.68,0.3,0.09507441,0.08842505,0.09423888,0.26986944,4H EMA 多头排列已连续维持；4H MACD 位于 Signal 上方；4H MACD 柱体连续扩张,4H 相对 EMA26 超过 2 ATR，短线偏追高；4H RSI 偏热
814,QCRH,QCR HOLDINGS INC,Financials,Early,Russell,769,54.55,59.28,67.1,39.92,9.72,65.64,69.05,51.3,72.0,confirmed_bullish_trend,59.55,bullish_above_signal_proxy,60.37,49.07,10.66,89,confirmed_bullish_trend,70,bullish_above_signal,70.91,105.379997,0.2,-0.00151605,0.02270959,0.09885292,0.10103435,4H EMA 多头排列已连续维持；4H MACD 位于 Signal 上方,4H 相对 EMA26 超过 2 ATR，短线偏追高；4H RSI 偏热
815,IMMR,IMMERSION CORP,Information Technology,Early,Russell,586,54.53,60.71,75.1,14.78,10.26,72.08,76.2,55.53,72.0,confirmed_bullish_trend,59.55,bullish_above_signal_proxy,72.82,51.56,10.54,100,confirmed_bullish_trend,70,bullish_above_signal,64.24,7.755,0.22,0.02039474,0.05942623,0.19307692,0.17767654,4H EMA 多头排列已连续维持；4H MACD 位于 Signal 上方；4H RSI 位于健康强势区间,
816,TLS,TELOS CORPORATION CORP,Information Technology,Early,Russell,197,54.53,71.4,65.2,78.76,56.52,53.33,53.7,63.25,100.0,fresh_bullish_cross,49.8,bullish_below_zero_proxy,46.21,46.24,0.0,58,mixed_sideways,58,bullish_above_signal,57.26,4.765,0.32,-0.02655771,0.07562077,0.00633580,0.10046189,4H MACD 位于 Signal 上方；4H RSI 位于健康强势区间,4H EMA 仍偏震荡
817,PACS,PACS GROUP,Health Care,Early,Russell,647,54.52,55.81,54.4,50.49,56.52,47.24,48.6,54.01,75.0,confirmed_bullish_trend,26.35,bearish_proxy,58.24,49.65,0.0,52,mixed_sideways,50,mixed_or_bearish,51.87,45.869999,0.37,0.01347771,-0.01312395,0.05278859,0.22778367,4H MACD 柱体连续扩张；4H RSI 位于健康强势区间,4H EMA 仍偏震荡；4H MACD 尚未确认多头
818,CRSP,CRISPR THERAPEUTICS AG,Health Care,Early,Russell,1168,54.48,41.75,87.7,34.22,56.52,59.12,61.8,39.33,35.0,mixed_sideways,49.8,bullish_below_zero_proxy,32.38,44.48,0.0,76,early_transition,58,bullish_above_signal,64.45,52.439999,0.37,-0.00512237,0.10075567,-0.13750000,-0.02852910,4H EMA9 已站上 EMA26，等待 26/50 确认；4H MACD 位于 Signal 上方；4H RSI 位于健康强势区间,
819,DEC,DIVERSIFIED ENERGY COMPANY,Energy,Early,Russell,1345,54.4,30.37,87.7,60.24,56.52,58.31,60.9,36.41,15.0,bearish_transition,49.8,bullish_below_zero_proxy,42.14,45.43,0.0,74,early_transition,58,bullish_above_signal,49.15,13.2124,0.18,-0.00396532,0.01205668,-0.05253496,0.02263158,4H EMA9 已站上 EMA26，等待 26/50 确认；4H MACD 位于 Signal 上方；4H RSI 位于健康强势区间,
820,DXC,DXC TECHNOLOGY,Information Technology,Early,Russell,200,54.4,62.61,54.4,33.86,56.52,49.01,48.9,63.21,72.0,confirmed_bullish_trend,61.8,bullish_above_signal_proxy,62.45,49.49,0.0,58,mixed_sideways,42,mixed_or_bearish,60.81,11.2002,0.13,0.02565934,-0.04881529,0.10183965,0.33256395,4H RSI 位于健康强势区间,4H EMA 仍偏震荡；4H MACD 尚未确认多头
821,JRVR,JAMES RIVER GROUP HOLDINGS INC,Financials,Early,Russell,721,54.39,68.21,64.3,87.63,56.52,66.68,70.2,52.16,82.0,early_transition,25.0,bearish_proxy,47.76,46.55,0.0,100,confirmed_bullish_trend,50,mixed_or_bearish,53.97,4.645,0.12,0.00107759,-0.01797040,0.02020646,0.15835411,4H EMA 多头排列已连续维持；4H MACD 柱体连续扩张；4H RSI 位于健康强势区间,4H MACD 尚未确认多头
822,BZH,BEAZER HOMES,Consumer Discretionary,Early,Russell,999,54.37,53.78,82.9,10.98,7.44,76.94,81.6,46.23,72.0,confirmed_bullish_trend,22.75,bearish_proxy,75.77,52.15,11.61,100,confirmed_bullish_trend,88,fresh_above_zero_cross,66.64,34.185001,0.19,0.02688495,0.05136097,0.24717260,0.28902719,4H EMA 多头排列已连续维持；4H MACD 零轴上方刚金叉；4H MACD 柱体连续扩张；4H RSI 位于健康强势区间,
823,SHBI,SHORE BANCSHARES INC,Financials,Early,Russell,258,54.37,62.28,50.8,43.97,56.52,45.23,44.7,62.26,72.0,confirmed_bullish_trend,61.8,bullish_above_signal_proxy,59.56,48.91,0.0,58,mixed_sideways,28,fresh_bearish_cross,61.45,24.51,0.12,-0.01169351,-0.00101895,0.08403357,0.09078777,4H RSI 位于健康强势区间,4H EMA 仍偏震荡；4H MACD 最近死叉
824,SPSC,SPS COMMERCE,Information Technology,Early,Russell,580,54.35,60.85,75.1,13.34,10.13,72.08,76.2,55.95,72.0,confirmed_bullish_trend,59.55,bullish_above_signal_proxy,74.12,51.82,10.55,100,confirmed_bullish_trend,70,bullish_above_signal,59.96,72.650002,0.15,-0.02128521,0.04788692,0.19274342,0.32597190,4H EMA 多头排列已连续维持；4H MACD 位于 Signal 上方；4H RSI 位于健康强势区间,
825,NKSH,NATIONAL BANKSHARES INC,Financials,Early,Russell,667,54.32,60.13,75.1,17.24,6.54,72.08,76.2,53.4,72.0,confirmed_bullish_trend,59.55,bullish_above_signal_proxy,71.1,51.22,12.1,100,confirmed_bullish_trend,70,bullish_above_signal,66.03,41.43,0.45,0.00241950,0.03912719,0.14195152,0.13320566,4H EMA 多头排列已连续维持；4H MACD 位于 Signal 上方；4H RSI 位于健康强势区间,
826,WASH,WASHINGTON TRUST BANCORP INC,Financials,Early,Russell,257,54.3,62.29,50.8,43.51,56.52,45.23,44.7,62.27,72.0,confirmed_bullish_trend,61.8,bullish_above_signal_proxy,59.6,48.92,0.0,58,mixed_sideways,28,fresh_bearish_cross,58.68,39.450001,0.1,-0.01743464,0.00637755,0.10103262,0.10736845,4H RSI 位于健康强势区间,4H EMA 仍偏震荡；4H MACD 最近死叉
827,CFBK,CF BANKSHARES INC,Financials,Early,Russell,193,54.29,62.64,54.4,33.04,56.52,49.01,48.9,63.32,72.0,confirmed_bullish_trend,61.8,bullish_above_signal_proxy,62.78,49.56,0.0,58,mixed_sideways,42,mixed_or_bearish,59.45,35.52,0.04,-0.01113580,-0.02175712,0.12511878,0.15700322,4H RSI 位于健康强势区间,4H EMA 仍偏震荡；4H MACD 尚未确认多头
828,CIX,COMPX INTERNATIONAL INC CLASS A,Industrials,Early,Russell,85,54.28,63.77,73.0,9.95,12.65,61.27,60.3,66.06,75.0,confirmed_bullish_trend,61.8,bullish_above_signal_proxy,77.44,52.49,3.0,58,mixed_sideways,80,fresh_above_zero_cross,60.07,29.9,0.0,0.01373111,0.04072398,0.19983949,0.15110683,4H MACD 零轴上方刚金叉；4H RSI 位于健康强势区间,4H EMA 仍偏震荡
829,CZNC,CITIZENS AND NORTHERN CORP,Financials,Early,Russell,255,54.27,62.3,50.8,43.3,56.52,45.23,44.7,62.3,72.0,confirmed_bullish_trend,61.8,bullish_above_signal_proxy,59.69,48.94,0.0,58,mixed_sideways,28,fresh_bearish_cross,61.17,25.16,0.17,-0.00828140,0.00640000,0.08308222,0.14052589,4H RSI 位于健康强势区间,4H EMA 仍偏震荡；4H MACD 最近死叉
830,LTBR,LIGHTBRIDGE CORP,Energy,Early,Russell,1082,54.26,32.09,87.7,55.31,56.52,62.36,65.4,41.47,15.0,bearish_transition,49.8,bullish_below_zero_proxy,57.49,48.5,0.0,76,early_transition,70,bullish_above_signal,65.42,8.99,0.18,0.00446927,0.17593198,0.08969697,-0.03437164,4H EMA9 已站上 EMA26，等待 26/50 确认；4H MACD 位于 Signal 上方；4H RSI 位于健康强势区间,
831,HCC,WARRIOR MET COAL INC,Materials,Early,Russell,1079,54.23,32.1,87.7,55.11,56.52,61.28,64.2,41.49,15.0,bearish_transition,49.8,bullish_below_zero_proxy,57.53,48.51,0.0,76,early_transition,66,bullish_above_signal,64.12,84.190002,0.15,0.02234370,0.06502212,0.08408444,-0.02172898,4H EMA9 已站上 EMA26，等待 26/50 确认；4H MACD 位于 Signal 上方；4H MACD 柱体连续扩张；4H RSI 位于健康强势区间,
832,KRT,KARAT PACKAGING INC,Industrials,Early,Russell,540,54.17,64.77,74.9,9.18,1.62,70.51,74.45,57.24,72.0,confirmed_bullish_trend,86.55,fresh_above_zero_cross_proxy,79.13,52.83,17.66,89,confirmed_bullish_trend,88,fresh_above_zero_cross,71.79,42.800098,0.3,0.03431844,0.05496914,0.25808636,0.43817534,4H EMA 多头排列已连续维持；4H MACD 零轴上方刚金叉；4H MACD 柱体连续扩张,4H 相对 EMA26 超过 2 ATR，短线偏追高；4H RSI 偏热
833,PRDO,PERDOCEO EDUCATION,Consumer Discretionary,Early,Russell,1352,54.13,30.32,87.7,58.54,56.52,59.12,61.8,36.28,15.0,bearish_transition,49.8,bullish_below_zero_proxy,41.75,45.35,0.0,76,early_transition,58,bullish_above_signal,52.89,32.830002,0.15,0.00152541,-0.04978284,-0.06608250,0.00366869,4H EMA9 已站上 EMA26，等待 26/50 确认；4H MACD 位于 Signal 上方；4H RSI 位于健康强势区间,
834,MYE,MYERS INDUSTRIES INC,Materials,Early,Russell,619,54.1,60.53,75.1,14.06,7.67,72.08,76.2,54.77,72.0,confirmed_bullish_trend,59.55,bullish_above_signal_proxy,73.3,51.66,11.46,100,confirmed_bullish_trend,70,bullish_above_signal,66.11,35.674999,0.13,-0.03057065,0.08467620,0.18168260,0.27547373,4H EMA 多头排列已连续维持；4H MACD 位于 Signal 上方；4H RSI 位于健康强势区间,
835,SYBT,STOCK YARDS BANCORP INC,Financials,Early,Russell,183,54.05,62.73,54.4,31.2,56.52,47.8,47.55,63.56,72.0,confirmed_bullish_trend,61.8,bullish_above_signal_proxy,63.53,49.71,0.0,55,mixed_sideways,42,mixed_or_bearish,56.5,84.699997,0.21,-0.01083416,-0.03717181,0.10329556,0.13989633,4H RSI 位于健康强势区间,4H EMA 仍偏震荡；4H MACD 尚未确认多头
836,WVE,WAVE LIFE SCIENCES,Health Care,Early,Russell,1363,54.04,30.83,90.4,49.56,56.52,68.57,72.3,36.07,15.0,bearish_transition,49.8,bullish_below_zero_proxy,39.2,49.09,0.0,94,fresh_bullish_cross,66,bullish_above_signal,53.16,5.895,0.1,0.00530364,0.01462995,-0.07601881,-0.02076412,4H EMA9/26 最近金叉且价格在 EMA50 上方；4H MACD 位于 Signal 上方；4H MACD 柱体连续扩张；4H RSI 位于健康强势区间,
837,GTN,GRAY MEDIA INC,Communication,Early,Russell,95,54.03,76.54,75.1,36.99,56.52,77.74,78.6,65.67,82.0,early_transition,61.8,bullish_above_signal_proxy,61.28,48.26,0.0,100,confirmed_bullish_trend,78,bullish_above_signal,63.07,4.315,0.24,0.02130178,0.01410106,0.10358056,0.09796438,4H EMA 多头排列已连续维持；4H MACD 位于 Signal 上方；4H MACD 柱体连续扩张；4H RSI 位于健康强势区间,
838,JACK,JACK IN THE BOX INC,Consumer Discretionary,Early,Russell,823,54.01,59.11,67.1,38.28,7.39,67.81,71.45,50.53,72.0,confirmed_bullish_trend,59.55,bullish_above_signal_proxy,60.99,49.2,11.63,89,confirmed_bullish_trend,78,bullish_above_signal,73.77,18.355,0.3,0.06006347,0.11648412,0.17059949,0.58369284,4H EMA 多头排列已连续维持；4H MACD 位于 Signal 上方；4H MACD 柱体连续扩张,4H 相对 EMA26 超过 2 ATR，短线偏追高；4H RSI 偏热
839,WT,WISDOMTREE,Financials,Early,Russell,595,54.0,60.73,75.1,12.52,8.23,67.62,71.25,55.41,72.0,confirmed_bullish_trend,59.55,bullish_above_signal_proxy,74.67,51.93,11.27,89,confirmed_bullish_trend,70,bullish_above_signal,67.38,21.92,0.2,-0.01216769,0.20109589,0.18534541,0.19618002,4H EMA 多头排列已连续维持；4H MACD 位于 Signal 上方；4H RSI 位于健康强势区间,4H 相对 EMA26 超过 2 ATR，短线偏追高
840,ICUI,ICU MEDICAL,Health Care,Early,Russell,233,53.93,62.54,50.8,40.43,56.52,45.23,44.7,62.63,72.0,confirmed_bullish_trend,61.8,bullish_above_signal_proxy,60.24,50.05,0.0,58,mixed_sideways,28,fresh_bearish_cross,54.84,167.119995,0.4,-0.02085773,0.00456837,0.07569512,0.23290292,4H RSI 位于健康强势区间,4H EMA 仍偏震荡；4H MACD 最近死叉
841,FCFS,FIRSTCASH HOLDINGS INC,Other,Early,Russell,1366,53.86,30.09,87.7,57.31,56.52,59.12,61.8,36.0,15.0,bearish_transition,49.8,bullish_below_zero_proxy,41.37,44.27,0.0,76,early_transition,58,bullish_above_signal,51.96,209.600006,0.09,-0.02448103,0.03521512,-0.06051098,-0.06198251,4H EMA9 已站上 EMA26，等待 26/50 确认；4H MACD 位于 Signal 上方；4H RSI 位于健康强势区间,
842,QTWO,Q2 HOLDINGS INC,Information Technology,Early,Russell,640,53.85,60.4,75.1,13.65,6.21,72.08,76.2,54.17,72.0,confirmed_bullish_trend,59.55,bullish_above_signal_proxy,73.78,51.76,12.22,100,confirmed_bullish_trend,70,bullish_above_signal,65.29,63.18,0.14,-0.00488269,0.04654632,0.17097577,0.46013404,4H EMA 多头排列已连续维持；4H MACD 位于 Signal 上方；4H RSI 位于健康强势区间,
843,UEC,URANIUM ENERGY,Energy,Early,Russell,1077,53.83,32.14,87.7,52.33,56.52,62.36,65.4,41.62,15.0,bearish_transition,49.8,bullish_below_zero_proxy,57.93,48.59,0.0,76,early_transition,70,bullish_above_signal,61.89,10.615,0.21,-0.01215381,0.17034179,0.06898288,-0.06352007,4H EMA9 已站上 EMA26，等待 26/50 确认；4H MACD 位于 Signal 上方；4H RSI 位于健康强势区间,
844,AMLX,AMYLYX PHARMACEUTICALS,Health Care,Early,Russell,575,53.81,61.63,75.1,10.06,6.93,67.62,71.25,56.16,72.0,confirmed_bullish_trend,59.55,bullish_above_signal_proxy,77.14,56.68,11.97,89,confirmed_bullish_trend,70,bullish_above_signal,67.43,21.85,0.18,-0.00726942,0.10745058,0.20286258,0.33639144,4H EMA 多头排列已连续维持；4H MACD 位于 Signal 上方；4H RSI 位于健康强势区间,4H 相对 EMA26 超过 2 ATR，短线偏追高
845,MFIN,MEDALLION FINANCIAL CORP,Financials,Early,Russell,776,53.81,59.3,67.1,35.76,8.49,65.64,69.05,51.21,72.0,confirmed_bullish_trend,59.55,bullish_above_signal_proxy,61.74,49.35,11.2,89,confirmed_bullish_trend,70,bullish_above_signal,71.87,10.85,0.53,0.00556070,0.09595960,0.09706775,0.12086777,4H EMA 多头排列已连续维持；4H MACD 位于 Signal 上方,4H 相对 EMA26 超过 2 ATR，短线偏追高；4H RSI 偏热
846,PTON,PELOTON INTERACTIVE CLASS A INC,Consumer Discretionary,Early,Russell,236,53.74,62.39,50.8,39.51,56.52,45.23,44.7,62.59,72.0,confirmed_bullish_trend,61.8,bullish_above_signal_proxy,60.56,49.11,0.0,58,mixed_sideways,28,fresh_bearish_cross,56.55,6.475,0.22,-0.01670463,-0.01745068,0.11158798,0.19135235,4H RSI 位于健康强势区间,4H EMA 仍偏震荡；4H MACD 最近死叉
847,CRK,COMSTOCK RESOURCES,Energy,Early,Russell,1365,53.72,30.24,87.7,56.03,56.52,58.31,60.9,36.03,15.0,bearish_transition,49.8,bullish_below_zero_proxy,41.01,45.2,0.0,74,early_transition,58,bullish_above_signal,50.03,13.19,0.12,-0.00377644,0.04558066,-0.07079958,-0.01896616,4H EMA9 已站上 EMA26，等待 26/50 确认；4H MACD 位于 Signal 上方；4H RSI 位于健康强势区间,
848,INSP,INSPIRE MEDICAL SYSTEMS,Health Care,Early,Russell,649,53.64,60.51,75.1,12.62,5.31,67.62,71.25,53.92,72.0,confirmed_bullish_trend,59.55,bullish_above_signal_proxy,74.47,52.89,12.85,89,confirmed_bullish_trend,70,bullish_above_signal,67.52,60.555,0.19,-0.04929743,0.18688750,0.20820034,0.45111431,4H EMA 多头排列已连续维持；4H MACD 位于 Signal 上方；4H RSI 位于健康强势区间,4H 相对 EMA26 超过 2 ATR，短线偏追高
849,AXTI,AXT,Information Technology,Early,Russell,768,53.63,45.7,87.7,19.39,56.52,62.36,65.4,51.3,35.0,mixed_sideways,49.8,bullish_below_zero_proxy,69.09,50.82,0.0,76,early_transition,70,bullish_above_signal,64.15,71.0,0.14,0.07698137,0.92255619,0.22140029,-0.08798970,4H EMA9 已站上 EMA26，等待 26/50 确认；4H MACD 位于 Signal 上方；4H RSI 位于健康强势区间,
850,RDW,REDWIRE,Industrials,Early,Russell,1368,53.58,30.22,87.7,55.16,56.52,59.12,61.8,35.98,15.0,bearish_transition,49.8,bullish_below_zero_proxy,40.84,45.17,0.0,76,early_transition,58,bullish_above_signal,64.16,10.475,0.16,-0.00095374,0.34640103,0.02645762,-0.14209664,4H EMA9 已站上 EMA26，等待 26/50 确认；4H MACD 位于 Signal 上方；4H RSI 位于健康强势区间,
851,CAC,CAMDEN NATIONAL CORP,Financials,Early,Russell,773,53.56,59.32,67.1,34.27,8.13,70.1,74.0,51.24,72.0,confirmed_bullish_trend,59.55,bullish_above_signal_proxy,62.15,49.43,11.31,100,confirmed_bullish_trend,70,bullish_above_signal,69.07,59.615002,0.09,0.00109157,0.01853755,0.10418596,0.13067813,4H EMA 多头排列已连续维持；4H MACD 位于 Signal 上方,4H RSI 偏热
852,OSPN,ONESPAN,Information Technology,Early,Russell,645,53.55,60.24,67.1,30.12,11.08,72.98,77.2,54.05,75.0,confirmed_bullish_trend,60.9,bullish_above_signal_proxy,63.87,49.77,10.3,100,confirmed_bullish_trend,78,bullish_above_signal,69.2,16.52,1.01,0.02038289,0.04955527,0.11433390,0.21873847,4H EMA 多头排列已连续维持；4H MACD 位于 Signal 上方；4H MACD 柱体连续扩张,4H RSI 偏热
853,DAKT,DAKTRONICS INC,Information Technology,Early,Russell,917,53.54,58.59,60.1,55.62,6.54,65.74,69.15,48.89,72.0,confirmed_bullish_trend,59.55,bullish_above_signal_proxy,57.44,48.49,12.1,89,confirmed_bullish_trend,78,bullish_above_signal,75.7,21.976299,0.39,0.01648002,0.12152591,0.07516135,0.09226133,4H EMA 多头排列已连续维持；4H MACD 位于 Signal 上方；4H MACD 柱体连续扩张,4H 相对 EMA26 超过 2 ATR，短线偏追高；4H RSI 过热
854,AMAL,AMALGAMATED FINANCIAL CORP,Financials,Early,Russell,729,53.5,59.47,64.3,38.58,11.8,66.68,70.2,52.0,72.0,confirmed_bullish_trend,59.55,bullish_above_signal_proxy,60.81,49.16,10.1,100,confirmed_bullish_trend,50,mixed_or_bearish,65.01,50.209999,0.09,0.00279607,0.02032107,0.09628821,0.10789936,4H EMA 多头排列已连续维持；4H MACD 柱体连续扩张；4H RSI 位于健康强势区间,4H MACD 尚未确认多头
855,COHU,COHU,Information Technology,Early,Russell,1116,53.5,34.01,87.7,45.77,56.52,58.31,60.9,40.34,15.0,bearish_transition,71.8,fresh_below_zero_cross_proxy,37.4,44.48,0.0,74,early_transition,58,bullish_above_signal,54.31,52.0,0.13,-0.01654846,0.32013205,0.02040818,-0.19141655,4H EMA9 已站上 EMA26，等待 26/50 确认；4H MACD 位于 Signal 上方；4H RSI 位于健康强势区间,
856,AORT,ARTIVION INC,Health Care,Early,Russell,136,53.48,76.41,40.9,58.13,56.52,42.12,41.25,64.52,82.0,early_transition,61.8,bullish_above_signal_proxy,56.86,49.37,0.0,41,bearish_transition,42,mixed_or_bearish,48.59,26.110001,0.4,-0.03044928,-0.05226853,0.06658501,0.26318341,4H RSI 位于健康强势区间,4H EMA 转弱或跌破 EMA26；4H MACD 尚未确认多头
857,ENVA,ENOVA INTERNATIONAL,Financials,Early,Russell,927,53.44,58.67,67.1,37.56,4.36,65.64,69.05,48.76,72.0,confirmed_bullish_trend,59.55,bullish_above_signal_proxy,61.24,49.25,13.48,89,confirmed_bullish_trend,70,bullish_above_signal,68.32,263.174988,0.09,0.01871562,0.07081818,0.11039616,0.24727482,4H EMA 多头排列已连续维持；4H MACD 位于 Signal 上方,4H 相对 EMA26 超过 2 ATR，短线偏追高；4H RSI 偏热
858,INVX,INNOVEX INTERNATIONAL INC,Energy,Early,Russell,497,53.43,61.84,75.1,6.05,8.41,72.08,76.2,58.66,72.0,confirmed_bullish_trend,59.55,bullish_above_signal_proxy,84.38,53.88,11.22,100,confirmed_bullish_trend,70,bullish_above_signal,62.72,30.370001,0.44,-0.09153452,0.18033428,0.26541671,0.18378483,4H EMA 多头排列已连续维持；4H MACD 位于 Signal 上方；4H RSI 位于健康强势区间,
859,AGM,FEDERAL AGRICULTURAL MORTGAGE NON,Financials,Early,Russell,820,53.42,59.46,75.1,15.19,2.92,67.62,71.25,50.58,72.0,confirmed_bullish_trend,59.55,bullish_above_signal_proxy,72.38,51.48,15.35,89,confirmed_bullish_trend,70,bullish_above_signal,67.24,236.887497,0.08,-0.02449198,0.10871241,0.18639505,0.25132058,4H EMA 多头排列已连续维持；4H MACD 位于 Signal 上方；4H RSI 位于健康强势区间,4H 相对 EMA26 超过 2 ATR，短线偏追高
860,CWH,CAMPING WORLD HOLDINGS INC CLASS A,Consumer Discretionary,Early,Russell,1374,53.39,30.19,87.7,53.98,56.52,62.36,65.4,35.88,15.0,bearish_transition,49.8,bullish_below_zero_proxy,40.53,45.11,0.0,76,early_transition,70,bullish_above_signal,55.71,6.575,0.1,-0.01276276,0.08498350,-0.01718984,-0.08743928,4H EMA9 已站上 EMA26，等待 26/50 确认；4H MACD 位于 Signal 上方；4H RSI 位于健康强势区间,
861,AEVA,AEVA TECHNOLOGIES INC,Information Technology,Early,Russell,1240,53.34,41.25,87.7,27.81,56.52,59.12,61.8,38.25,35.0,mixed_sideways,49.8,bullish_below_zero_proxy,29.56,42.91,0.0,76,early_transition,58,bullish_above_signal,60.98,19.780001,0.18,-0.02657475,0.41386712,-0.08277301,-0.15937101,4H EMA9 已站上 EMA26，等待 26/50 确认；4H MACD 位于 Signal 上方；4H RSI 位于健康强势区间,
862,AEBI,AEBI SCHMIDT HOLDING AG,Industrials,Early,Russell,148,53.32,63.0,54.4,25.76,56.52,49.01,48.9,64.36,72.0,confirmed_bullish_trend,61.8,bullish_above_signal_proxy,65.92,50.18,0.0,58,mixed_sideways,42,mixed_or_bearish,53.5,13.22,0.11,-0.01047904,0.01070336,0.14409347,0.06612903,4H RSI 位于健康强势区间,4H EMA 仍偏震荡；4H MACD 尚未确认多头
863,NEOG,NEOGEN,Health Care,Early,Russell,545,53.24,61.56,75.1,7.08,5.98,72.08,76.2,57.1,72.0,confirmed_bullish_trend,59.55,bullish_above_signal_proxy,82.93,54.59,12.45,100,confirmed_bullish_trend,70,bullish_above_signal,65.77,11.6,0.18,-0.02602855,0.23338650,0.23601492,0.31444759,4H EMA 多头排列已连续维持；4H MACD 位于 Signal 上方；4H RSI 位于健康强势区间,
864,CBLL,CERIBELL,Health Care,Early,Russell,1373,53.23,30.32,87.7,52.59,56.52,59.12,61.8,35.88,15.0,bearish_transition,49.8,bullish_below_zero_proxy,40.1,46.02,0.0,76,early_transition,58,bullish_above_signal,53.2,18.280001,0.12,-0.00272771,0.03073019,-0.07909315,-0.00571112,4H EMA9 已站上 EMA26，等待 26/50 确认；4H MACD 位于 Signal 上方；4H RSI 位于健康强势区间,
865,PALI,PALISADE BIO INC,Health Care,Early,Russell,505,53.21,61.12,82.9,86.71,56.52,76.94,81.6,58.46,72.0,confirmed_bullish_trend,61.8,bullish_above_signal_proxy,47.61,47.52,0.0,100,confirmed_bullish_trend,88,fresh_above_zero_cross,59.62,2.1001,0.29,0.05268170,0.06604061,0.01454106,0.08740227,4H EMA 多头排列已连续维持；4H MACD 零轴上方刚金叉；4H MACD 柱体连续扩张；4H RSI 位于健康强势区间,
866,FGBI,FIRST GUARANTY BANCSHARES INC,Financials,Early,Russell,1380,53.21,30.15,87.7,52.85,56.52,56.69,59.1,35.77,15.0,bearish_transition,49.8,bullish_below_zero_proxy,40.21,45.04,0.0,74,early_transition,58,bullish_above_signal,47.72,9.57,0.23,-0.01745380,0.00104603,-0.03867403,-0.08595989,4H EMA9 已站上 EMA26，等待 26/50 确认；4H MACD 位于 Signal 上方,
867,RIOT,RIOT PLATFORMS,Information Technology,Early,Russell,1334,53.18,30.51,87.7,51.77,56.52,60.47,63.3,36.68,18.0,bearish_transition,49.8,bullish_below_zero_proxy,39.79,45.96,0.0,74,early_transition,66,bullish_above_signal,51.97,21.955,0.21,-0.01237067,0.20400322,0.03732572,-0.23448396,4H EMA9 已站上 EMA26，等待 26/50 确认；4H MACD 位于 Signal 上方；4H MACD 柱体连续扩张；4H RSI 位于健康强势区间,
868,SPRB,SPRUCE BIOSCIENCES,Health Care,Early,Russell,1410,53.15,30.0,90.4,45.61,56.52,67.76,71.4,34.92,15.0,bearish_transition,49.8,bullish_below_zero_proxy,37.19,45.44,0.0,92,fresh_bullish_cross,66,bullish_above_signal,59.24,46.220001,0.16,0.03958619,0.12759207,-0.08836292,-0.11894773,4H EMA9/26 最近金叉且价格在 EMA50 上方；4H MACD 位于 Signal 上方；4H MACD 柱体连续扩张；4H RSI 位于健康强势区间,
869,AVEX,AEVEX CORP CLASS A,Industrials,Early,Russell,1107,53.15,31.76,79.7,69.98,56.52,55.52,57.8,40.5,15.0,bearish_transition,49.8,bullish_below_zero_proxy,54.53,47.91,0.0,64,early_transition,70,bullish_above_signal,72.2,19.84,0.23,0.03441084,0.37873523,0.13892078,0.10498468,4H EMA9 已站上 EMA26，等待 26/50 确认；4H MACD 位于 Signal 上方,4H 相对 EMA26 超过 2 ATR，短线偏追高；4H RSI 偏热
870,ABR,ARBOR REALTY TRUST REIT,Financials,Early,Russell,1067,53.14,32.55,87.7,46.79,56.52,64.52,67.8,42.22,15.0,bearish_transition,49.8,bullish_below_zero_proxy,59.07,50.31,0.0,76,early_transition,78,bullish_above_signal,58.89,5.22,0.19,0.01162791,0.02654867,0.05775076,0.02352941,4H EMA9 已站上 EMA26，等待 26/50 确认；4H MACD 位于 Signal 上方；4H MACD 柱体连续扩张；4H RSI 位于健康强势区间,
871,ACRS,ACLARIS THERAPEUTICS,Health Care,Early,Russell,410,53.13,65.34,67.1,19.09,5.62,69.34,73.15,60.1,75.0,confirmed_bullish_trend,86.55,fresh_above_zero_cross_proxy,69.37,51.87,12.62,89,confirmed_bullish_trend,78,bullish_above_signal,73.51,6.375,1.73,0.08326253,0.24633431,0.13333333,0.29969419,4H EMA 多头排列已连续维持；4H MACD 位于 Signal 上方；4H MACD 柱体连续扩张,4H 相对 EMA26 超过 2 ATR，短线偏追高；4H RSI 偏热
872,CABO,CABLE ONE INC,Communication,Early,Russell,1386,53.13,29.95,87.7,52.74,56.52,62.36,65.4,35.6,15.0,bearish_transition,49.8,bullish_below_zero_proxy,40.14,44.03,0.0,76,early_transition,70,bullish_above_signal,54.38,43.189999,0.27,-0.01493903,0.03226575,0.01337400,-0.01482667,4H EMA9 已站上 EMA26，等待 26/50 确认；4H MACD 位于 Signal 上方；4H RSI 位于健康强势区间,
873,CERT,CERTARA,Health Care,Early,Russell,126,53.11,63.27,54.4,23.7,56.52,51.17,51.3,64.75,72.0,confirmed_bullish_trend,61.8,bullish_above_signal_proxy,66.68,51.34,0.0,58,mixed_sideways,50,mixed_or_bearish,60.21,8.08,0.15,0.06596306,-0.00246914,0.12613240,0.49491212,4H MACD 柱体连续扩张；4H RSI 位于健康强势区间,4H EMA 仍偏震荡；4H MACD 尚未确认多头
874,SB,SAFE BULKERS INC,Industrials,Early,Russell,137,53.1,63.05,54.4,24.11,56.52,47.8,47.55,64.5,72.0,confirmed_bullish_trend,61.8,bullish_above_signal_proxy,66.38,50.28,0.0,55,mixed_sideways,42,mixed_or_bearish,54.49,7.685,0.13,-0.00655403,0.01586252,0.14360119,0.07482517,4H RSI 位于健康强势区间,4H EMA 仍偏震荡；4H MACD 尚未确认多头
875,ZWS,ZURN ELKAY WATER SOLUTIONS CORP,Industrials,Early,Russell,710,53.05,59.67,67.1,29.45,9.13,70.1,74.0,52.38,72.0,confirmed_bullish_trend,59.55,bullish_above_signal_proxy,64.28,49.86,10.87,100,confirmed_bullish_trend,70,bullish_above_signal,69.85,53.025002,0.28,0.00846329,0.03001169,0.11725670,0.09862225,4H EMA 多头排列已连续维持；4H MACD 位于 Signal 上方,4H RSI 偏热
876,ANIK,ANIKA THERAPEUTICS INC,Health Care,Early,Russell,556,53.0,61.52,75.1,6.26,4.93,72.08,76.2,56.83,72.0,confirmed_bullish_trend,59.55,bullish_above_signal_proxy,83.94,54.79,13.06,100,confirmed_bullish_trend,70,bullish_above_signal,64.61,19.344999,0.14,-0.00283510,0.19561180,0.21896654,0.32228291,4H EMA 多头排列已连续维持；4H MACD 位于 Signal 上方；4H RSI 位于健康强势区间,
877,RGTI,RIGETTI COMPUTING,Information Technology,Early,Russell,1385,52.98,30.09,87.7,51.46,56.52,59.12,61.8,35.61,15.0,bearish_transition,49.8,bullish_below_zero_proxy,39.72,44.94,0.0,76,early_transition,58,bullish_above_signal,58.21,16.754999,0.14,-0.04120177,0.26787734,0.01116470,-0.21208560,4H EMA9 已站上 EMA26，等待 26/50 确认；4H MACD 位于 Signal 上方；4H RSI 位于健康强势区间,
878,KRUS,KURA SUSHI USA,Consumer Discretionary,Early,Russell,1412,52.97,29.77,90.4,44.95,56.52,68.57,72.3,34.65,15.0,bearish_transition,49.8,bullish_below_zero_proxy,36.82,44.36,0.0,94,fresh_bullish_cross,66,bullish_above_signal,57.25,49.113998,0.11,0.00829396,0.03343495,-0.07297097,0.04497868,4H EMA9/26 最近金叉且价格在 EMA50 上方；4H MACD 位于 Signal 上方；4H MACD 柱体连续扩张；4H RSI 位于健康强势区间,
879,CFFI,C AND F FINANCIAL CORP,Financials,Early,Russell,287,52.95,62.99,75.1,2.57,4.77,69.62,71.8,61.75,75.0,confirmed_bullish_trend,59.55,bullish_above_signal_proxy,97.15,56.43,13.25,89,confirmed_bullish_trend,70,bullish_above_signal,64.75,85.830002,7.3,0.02105644,0.03791166,0.01851199,0.13682122,4H EMA 多头排列已连续维持；4H MACD 位于 Signal 上方；4H RSI 位于健康强势区间,4H 相对 EMA26 超过 2 ATR，短线偏追高
880,INTT,INTEST CORP,Information Technology,Early,Russell,1414,52.95,29.76,90.4,44.84,56.52,67.76,71.4,34.63,15.0,bearish_transition,49.8,bullish_below_zero_proxy,36.77,44.35,0.0,92,fresh_bullish_cross,66,bullish_above_signal,56.26,14.3313,0.25,0.00148847,0.26937998,-0.01705761,-0.18756798,4H EMA9/26 最近金叉且价格在 EMA50 上方；4H MACD 位于 Signal 上方；4H MACD 柱体连续扩张；4H RSI 位于健康强势区间,
881,CNMD,CONMED CORP,Health Care,Early,Russell,245,52.93,63.4,75.1,1.03,5.44,73.58,76.2,62.44,72.0,confirmed_bullish_trend,59.55,bullish_above_signal_proxy,100.0,58.0,12.74,100,confirmed_bullish_trend,70,bullish_above_signal,65.34,49.759998,0.14,-0.01328578,0.15211853,0.45327088,0.47306097,4H EMA 多头排列已连续维持；4H MACD 位于 Signal 上方；4H RSI 位于健康强势区间,
882,GSIT,GSI TECHNOLOGY INC,Information Technology,Early,Russell,1389,52.93,30.08,87.7,51.1,56.52,59.12,61.8,35.58,15.0,bearish_transition,49.8,bullish_below_zero_proxy,39.62,44.92,0.0,76,early_transition,58,bullish_above_signal,58.18,6.51,0.14,-0.03125000,0.24236641,0.01244168,-0.05102041,4H EMA9 已站上 EMA26，等待 26/50 确认；4H MACD 位于 Signal 上方；4H RSI 位于健康强势区间,
883,TXG,10X GENOMICS CLASS A,Health Care,Early,Russell,440,52.91,57.72,64.3,8.93,56.52,64.52,67.8,59.78,72.0,confirmed_bullish_trend,25.0,bearish_proxy,79.48,53.9,0.0,100,confirmed_bullish_trend,42,mixed_or_bearish,56.06,47.505001,0.15,0.01669348,0.02447708,0.25541757,0.49058674,4H EMA 多头排列已连续维持；4H RSI 位于健康强势区间,4H MACD 尚未确认多头
884,HY,HYSTER YALE INC CLASS A,Industrials,Early,Russell,565,52.9,73.28,50.2,5.64,3.28,51.11,52.9,56.42,85.0,early_transition,47.55,bullish_below_zero_proxy,85.25,54.05,14.65,46,mixed_sideways,78,bullish_above_signal,74.08,40.279999,0.79,0.10568210,0.25015511,0.27307207,0.09545823,4H MACD 位于 Signal 上方；4H MACD 柱体连续扩张,4H EMA 仍偏震荡；4H 相对 EMA26 超过 2 ATR，短线偏追高；4H RSI 偏热
885,NXDR,NEXTDOOR HOLDINGS CLASS A,Communication,Early,Russell,632,52.89,55.51,90.4,37.66,56.52,69.29,73.1,54.34,75.0,confirmed_bullish_trend,25.0,bearish_proxy,61.19,48.24,0.0,94,fresh_bullish_cross,66,bullish_above_signal,62.86,2.445,0.6,0.05793778,0.05844156,0.09887640,0.13457077,4H EMA9/26 最近金叉且价格在 EMA50 上方；4H MACD 位于 Signal 上方；4H MACD 柱体连续扩张；4H RSI 位于健康强势区间,
886,PSIX,POWER SOLUTIONS INTERNATIONAL,Industrials,Early,Russell,1416,52.87,29.74,90.4,44.33,56.52,66.41,69.9,34.58,15.0,bearish_transition,49.8,bullish_below_zero_proxy,36.6,44.32,0.0,94,fresh_bullish_cross,58,bullish_above_signal,60.17,33.619999,0.12,-0.02719913,0.32414338,-0.03140305,-0.14037335,4H EMA9/26 最近金叉且价格在 EMA50 上方；4H MACD 位于 Signal 上方；4H RSI 位于健康强势区间,
887,PEBO,PEOPLES BANCORP INC,Financials,Early,Russell,803,52.82,59.18,64.3,37.35,7.88,64.52,67.8,50.81,72.0,confirmed_bullish_trend,59.55,bullish_above_signal_proxy,61.25,49.25,11.44,100,confirmed_bullish_trend,42,mixed_or_bearish,63.91,41.68,0.11,-0.00310933,-0.00773720,0.08316008,0.11802578,4H EMA 多头排列已连续维持；4H RSI 位于健康强势区间,4H MACD 尚未确认多头
888,ACNB,ACNB CORP,Financials,Early,Russell,793,52.81,59.18,60.7,45.51,9.88,60.74,63.6,51.02,72.0,confirmed_bullish_trend,59.55,bullish_above_signal_proxy,59.35,48.87,10.6,100,confirmed_bullish_trend,28,fresh_bearish_cross,62.7,64.940002,0.11,-0.00733714,0.01659363,0.09464814,0.11561593,4H EMA 多头排列已连续维持；4H RSI 位于健康强势区间,4H MACD 最近死叉
889,GYRE,GYRE THERAPEUTICS,Health Care,Early,Russell,1195,52.78,33.65,90.4,34.58,56.52,68.57,72.3,38.89,15.0,bearish_transition,71.8,fresh_below_zero_cross_proxy,32.53,44.51,0.0,94,fresh_bullish_cross,66,bullish_above_signal,55.6,6.225,0.07,0.00403226,0.09413998,-0.11071429,0.01549755,4H EMA9/26 最近金叉且价格在 EMA50 上方；4H MACD 位于 Signal 上方；4H MACD 柱体连续扩张；4H RSI 位于健康强势区间,
890,ITRI,ITRON,Information Technology,Early,Russell,642,52.77,60.6,75.1,7.9,3.34,72.08,76.2,54.13,72.0,confirmed_bullish_trend,59.55,bullish_above_signal_proxy,80.92,53.18,14.61,100,confirmed_bullish_trend,70,bullish_above_signal,67.85,105.014999,0.16,0.00840215,0.02613839,0.24440100,0.29520223,4H EMA 多头排列已连续维持；4H MACD 位于 Signal 上方；4H RSI 位于健康强势区间,
891,USAR,USA RARE EARTH CLASS A,Materials,Early,Russell,1420,52.77,29.71,90.4,43.71,56.52,65.6,69.0,34.48,15.0,bearish_transition,49.8,bullish_below_zero_proxy,36.3,44.26,0.0,92,fresh_bullish_cross,58,bullish_above_signal,60.67,17.16,0.13,-0.01180536,0.31242830,-0.03487070,-0.25065502,4H EMA9/26 最近金叉且价格在 EMA50 上方；4H MACD 位于 Signal 上方；4H RSI 位于健康强势区间,
892,AMRX,AMNEAL PHARMACEUTICALS CLASS A,Health Care,Early,Russell,636,52.71,56.27,54.4,37.35,56.52,49.67,51.3,54.25,72.0,confirmed_bullish_trend,25.0,bearish_proxy,61.25,53.5,0.0,58,mixed_sideways,50,mixed_or_bearish,57.35,18.66,0.14,0.01247965,-0.02303665,0.09378670,0.12105737,4H MACD 柱体连续扩张；4H RSI 位于健康强势区间,4H EMA 仍偏震荡；4H MACD 尚未确认多头
893,IDT,IDT CLASS B,Communication,Early,Russell,743,52.71,54.19,54.4,42.18,56.52,47.51,48.9,51.78,72.0,confirmed_bullish_trend,20.0,fresh_bearish_cross_proxy,59.93,47.99,0.0,58,mixed_sideways,42,mixed_or_bearish,57.97,66.294998,0.17,-0.00113010,-0.01096525,0.08591317,0.22836755,4H RSI 位于健康强势区间,4H EMA 仍偏震荡；4H MACD 尚未确认多头
894,CORZ,CORE SCIENTIFIC INC,Information Technology,Early,Russell,1393,52.68,30.04,87.7,49.56,56.52,58.31,60.9,35.44,15.0,bearish_transition,49.8,bullish_below_zero_proxy,39.2,44.84,0.0,74,early_transition,58,bullish_above_signal,50.13,22.15,0.06,-0.04710695,0.21937786,0.02808076,-0.24026756,4H EMA9 已站上 EMA26，等待 26/50 确认；4H MACD 位于 Signal 上方；4H RSI 位于健康强势区间,
895,EPSN,EPSILON ENERGY LTD,Energy,Early,Russell,765,52.6,67.41,32.9,94.61,56.52,36.98,37.2,51.34,82.0,early_transition,20.0,fresh_bearish_cross_proxy,49.06,46.81,0.0,36,bearish_transition,42,mixed_or_bearish,42.99,5.465,0.3,-0.02060932,-0.01885099,0.01674419,0.03308129,,4H EMA 转弱或跌破 EMA26；4H MACD 尚未确认多头
896,TSSI,TSS INC,Information Technology,Early,Russell,1399,52.53,30.0,87.7,48.64,56.52,59.12,61.8,35.34,15.0,bearish_transition,49.8,bullish_below_zero_proxy,38.9,44.78,0.0,76,early_transition,58,bullish_above_signal,61.65,11.1745,0.12,-0.01892011,0.28886967,-0.00049195,-0.12219167,4H EMA9 已站上 EMA26，等待 26/50 确认；4H MACD 位于 Signal 上方；4H RSI 位于健康强势区间,
897,THRM,GENTHERM,Consumer Discretionary,Early,Russell,104,52.52,63.35,54.4,19.55,56.52,49.01,48.9,65.39,72.0,confirmed_bullish_trend,61.8,bullish_above_signal_proxy,69.06,50.81,0.0,58,mixed_sideways,42,mixed_or_bearish,54.56,41.619999,0.1,-0.02220134,-0.03164265,0.20812766,0.18676929,4H RSI 位于健康强势区间,4H EMA 仍偏震荡；4H MACD 尚未确认多头
898,PAY,PAYMENTUS HOLDINGS INC CLASS A,Financials,Early,Russell,431,52.51,63.19,75.1,1.03,2.0,67.62,71.25,59.86,75.0,confirmed_bullish_trend,60.9,bullish_above_signal_proxy,100.0,59.75,16.83,89,confirmed_bullish_trend,70,bullish_above_signal,66.4,40.639999,0.24,-0.08023089,0.10705530,0.42446539,0.97569271,4H EMA 多头排列已连续维持；4H MACD 位于 Signal 上方；4H RSI 位于健康强势区间,4H 相对 EMA26 超过 2 ATR，短线偏追高
899,TK,TEEKAY CORPORATION CORP LTD,Energy,Early,Russell,453,52.5,73.33,29.3,89.79,56.52,33.2,33.0,59.55,82.0,early_transition,49.8,bullish_below_zero_proxy,51.37,47.27,0.0,36,bearish_transition,28,fresh_bearish_cross,43.61,11.01,0.13,-0.02133333,-0.04010462,0.02801120,-0.11530735,,4H EMA 转弱或跌破 EMA26；4H MACD 最近死叉
900,IBTA,IBOTTA CLASS A,Communication,Early,Russell,1306,52.43,41.47,90.4,43.97,11.62,63.71,66.9,37.29,35.0,mixed_sideways,47.55,bullish_below_zero_proxy,59.56,47.91,10.15,82,fresh_bullish_cross,66,bullish_above_signal,67.15,35.855,0.41,-0.00678665,0.33937243,0.07350293,0.16753504,4H EMA9/26 最近金叉且价格在 EMA50 上方；4H MACD 位于 Signal 上方；4H MACD 柱体连续扩张；4H RSI 位于健康强势区间,4H 相对 EMA26 超过 2 ATR，短线偏追高
901,USPH,US PHYSICAL THERAPY INC,Health Care,Early,Russell,712,52.38,54.66,54.4,38.89,56.52,46.3,47.55,52.35,72.0,confirmed_bullish_trend,20.0,fresh_bearish_cross_proxy,60.75,50.15,0.0,55,mixed_sideways,42,mixed_or_bearish,54.38,77.464996,0.23,0.00382270,-0.03096079,0.07980204,0.21857788,4H RSI 位于健康强势区间,4H EMA 仍偏震荡；4H MACD 尚未确认多头
902,STRZ,STARZ ENTERTAINMENT,Communication,Early,Russell,1563,52.35,36.21,90.4,25.76,56.52,65.6,69.0,31.48,35.0,mixed_sideways,25.0,bearish_proxy,28.28,41.66,0.0,92,fresh_bullish_cross,58,bullish_above_signal,51.98,26.629999,0.13,-0.00819371,0.01680023,-0.08550831,-0.06067023,4H EMA9/26 最近金叉且价格在 EMA50 上方；4H MACD 位于 Signal 上方；4H RSI 位于健康强势区间,
903,WATT,ENERGOUS CORP,Industrials,Early,Russell,1436,52.35,29.62,90.4,41.15,56.52,61.55,64.5,34.21,15.0,bearish_transition,49.8,bullish_below_zero_proxy,35.5,44.1,0.0,82,fresh_bullish_cross,58,bullish_above_signal,64.55,17.870001,0.08,0.00280589,0.36620803,-0.03509714,-0.26852227,4H EMA9/26 最近金叉且价格在 EMA50 上方；4H MACD 位于 Signal 上方；4H RSI 位于健康强势区间,4H 相对 EMA26 超过 2 ATR，短线偏追高
904,OXM,OXFORD INDUSTRIES INC,Consumer Discretionary,Early,Russell,628,52.35,69.0,40.9,67.93,56.52,41.98,42.75,54.47,82.0,early_transition,25.0,bearish_proxy,54.77,47.95,0.0,39,bearish_transition,50,mixed_or_bearish,49.42,38.68,0.06,0.00311201,-0.00718683,0.07340086,0.01389248,4H MACD 柱体连续扩张；4H RSI 位于健康强势区间,4H EMA 转弱或跌破 EMA26；4H MACD 尚未确认多头
905,CHCO,CITY HOLDING,Financials,Early,Russell,767,52.34,59.27,60.7,41.87,10.39,60.74,63.6,51.31,72.0,confirmed_bullish_trend,59.55,bullish_above_signal_proxy,60.01,49.0,10.53,100,confirmed_bullish_trend,28,fresh_bearish_cross,67.67,145.600006,0.1,-0.00311518,0.00455364,0.09506617,0.12181226,4H EMA 多头排列已连续维持；4H RSI 位于健康强势区间,4H MACD 最近死叉
906,TXNM,TXNM ENERGY INC,Utilities,Early,Russell,766,52.26,67.54,32.9,92.05,56.52,39.14,39.6,51.33,82.0,early_transition,20.0,fresh_bearish_cross_proxy,48.57,47.71,0.0,36,bearish_transition,50,mixed_or_bearish,43.16,57.555,0.15,-0.00156128,-0.00234008,0.01705248,0.00339956,4H MACD 柱体连续扩张,4H EMA 转弱或跌破 EMA26；4H MACD 尚未确认多头
907,EYE,NATIONAL VISION HOLDINGS,Consumer Discretionary,Early,Russell,739,52.21,59.57,67.1,25.55,6.88,65.64,69.05,51.8,72.0,confirmed_bullish_trend,59.55,bullish_above_signal_proxy,65.95,50.19,12.0,89,confirmed_bullish_trend,70,bullish_above_signal,70.83,22.940001,0.24,-0.00347520,0.04367611,0.15858597,0.36955230,4H EMA 多头排列已连续维持；4H MACD 位于 Signal 上方,4H 相对 EMA26 超过 2 ATR，短线偏追高；4H RSI 偏热
908,HAE,HAEMONETICS CORP,Health Care,Early,Russell,152,52.21,63.1,50.8,27.71,56.52,45.23,44.7,64.25,72.0,confirmed_bullish_trend,61.8,bullish_above_signal_proxy,65.14,51.03,0.0,58,mixed_sideways,28,fresh_bearish_cross,61.13,84.739998,0.25,-0.01972355,-0.00807681,0.13152623,0.16433085,4H RSI 位于健康强势区间,4H EMA 仍偏震荡；4H MACD 最近死叉
909,WEYS,WEYCO GROUP INC,Consumer Discretionary,Early,Russell,621,52.13,60.53,67.1,21.34,8.98,67.81,71.45,54.73,75.0,confirmed_bullish_trend,60.9,bullish_above_signal_proxy,67.83,50.57,10.93,89,confirmed_bullish_trend,78,bullish_above_signal,71.7,42.505001,0.39,0.03620188,0.07038535,0.12685578,0.13316458,4H EMA 多头排列已连续维持；4H MACD 位于 Signal 上方；4H MACD 柱体连续扩张,4H 相对 EMA26 超过 2 ATR，短线偏追高；4H RSI 偏热
910,EVMN,EVOMMUNE,Health Care,Early,Russell,1404,52.12,30.02,87.7,45.87,56.52,58.31,60.9,35.0,15.0,bearish_transition,49.8,bullish_below_zero_proxy,37.43,45.49,0.0,74,early_transition,58,bullish_above_signal,61.56,12.97,0.21,0.03018268,0.16846847,-0.02773613,-0.46515464,4H EMA9 已站上 EMA26，等待 26/50 确认；4H MACD 位于 Signal 上方；4H RSI 位于健康强势区间,
911,PANL,PANGAEA LOGISTICS SOLUTIONS,Industrials,Early,Russell,163,52.12,76.57,32.9,70.09,56.52,39.29,38.1,64.08,82.0,early_transition,61.8,bullish_above_signal_proxy,54.52,51.15,0.0,38,bearish_transition,42,mixed_or_bearish,42.91,7.27,0.14,-0.03002001,-0.01423729,0.07464893,-0.04216074,,4H EMA 转弱或跌破 EMA26；4H MACD 尚未确认多头
912,LILA,LIBERTY LATIN AMERICA CLASS A,Communication,Early,Russell,815,52.1,58.95,60.7,42.07,8.8,60.74,63.6,50.65,72.0,confirmed_bullish_trend,59.55,bullish_above_signal_proxy,59.94,47.99,11.02,100,confirmed_bullish_trend,28,fresh_bearish_cross,62.58,8.32,0.2,-0.00715990,-0.02232667,0.10418049,0.39949537,4H EMA 多头排列已连续维持；4H RSI 位于健康强势区间,4H MACD 最近死叉
913,BOBS,BOBS DISCOUNT FURNITURE INC,Consumer Discretionary,Early,Russell,723,52.04,59.66,67.1,24.01,7.13,65.64,69.05,52.12,72.0,confirmed_bullish_trend,59.55,bullish_above_signal_proxy,66.42,50.28,11.83,89,confirmed_bullish_trend,70,bullish_above_signal,69.11,18.6,0.32,0.01472995,0.10451306,0.14110436,0.41337386,4H EMA 多头排列已连续维持；4H MACD 位于 Signal 上方,4H 相对 EMA26 超过 2 ATR，短线偏追高；4H RSI 偏热
914,JAKK,JAKKS PACIFIC INC,Consumer Discretionary,Early,Russell,79,52.04,63.69,54.4,15.6,56.52,49.8,47.55,66.38,72.0,confirmed_bullish_trend,61.8,bullish_above_signal_proxy,72.06,51.41,0.0,55,mixed_sideways,42,mixed_or_bearish,58.28,26.004999,0.13,0.00696991,-0.01941934,0.14332811,0.17034204,4H RSI 位于健康强势区间,4H EMA 仍偏震荡；4H MACD 尚未确认多头
915,OSBC,OLD SECOND BANCORP INC,Financials,Early,Russell,935,51.98,58.72,67.1,28.53,3.13,65.64,69.05,48.57,72.0,confirmed_bullish_trend,59.55,bullish_above_signal_proxy,64.55,49.91,14.77,89,confirmed_bullish_trend,70,bullish_above_signal,72.01,25.809999,0.17,-0.00692578,0.02056141,0.12217387,0.14355335,4H EMA 多头排列已连续维持；4H MACD 位于 Signal 上方,4H 相对 EMA26 超过 2 ATR，短线偏追高；4H RSI 偏热
916,FROG,JFROG LTD,Information Technology,Early,Russell,1581,51.96,36.24,90.4,23.09,56.52,68.57,72.3,31.17,35.0,mixed_sideways,25.0,bearish_proxy,26.89,42.38,0.0,94,fresh_bullish_cross,66,bullish_above_signal,59.18,86.400002,0.2,0.01111767,0.17863723,-0.10177773,0.09811899,4H EMA9/26 最近金叉且价格在 EMA50 上方；4H MACD 位于 Signal 上方；4H MACD 柱体连续扩张；4H RSI 位于健康强势区间,
917,KFY,KORN FERRY,Industrials,Early,Russell,709,51.93,59.69,64.3,29.25,9.29,64.52,67.8,52.46,72.0,confirmed_bullish_trend,59.55,bullish_above_signal_proxy,64.36,49.87,10.81,100,confirmed_bullish_trend,42,mixed_or_bearish,64.77,83.639999,0.19,0.01014488,-0.01204825,0.15000681,0.16612062,4H EMA 多头排列已连续维持；4H RSI 位于健康强势区间,4H MACD 尚未确认多头
918,ADUS,ADDUS HOMECARE CORP,Health Care,Early,Russell,634,51.88,55.85,54.4,32.84,56.52,48.46,49.95,54.29,72.0,confirmed_bullish_trend,25.0,bearish_proxy,62.86,50.57,0.0,55,mixed_sideways,50,mixed_or_bearish,58.2,116.989998,0.39,0.02613802,-0.01746873,0.10243116,0.21788466,4H MACD 柱体连续扩张；4H RSI 位于健康强势区间,4H EMA 仍偏震荡；4H MACD 尚未确认多头
919,OII,OCEANEERING INTERNATIONAL INC,Energy,Early,Russell,68,51.87,63.82,54.4,14.16,56.52,51.01,48.9,66.78,72.0,confirmed_bullish_trend,61.8,bullish_above_signal_proxy,73.26,51.65,0.0,58,mixed_sideways,42,mixed_or_bearish,54.85,48.580002,0.22,-0.03763863,0.04248936,0.21815448,0.33976847,4H RSI 位于健康强势区间,4H EMA 仍偏震荡；4H MACD 尚未确认多头
920,UTI,UNIVERSAL TECHNICAL INSTITUTE,Consumer Discretionary,Early,Russell,1349,51.74,40.6,87.7,18.68,56.52,59.12,61.8,36.36,35.0,mixed_sideways,49.8,bullish_below_zero_proxy,23.82,41.76,0.0,76,early_transition,58,bullish_above_signal,55.73,41.759998,0.32,-0.00831164,0.01729596,-0.18413603,0.05135944,4H EMA9 已站上 EMA26，等待 26/50 确认；4H MACD 位于 Signal 上方；4H RSI 位于健康强势区间,
921,ACU,ACME UNITED CORP,Health Care,Early,Russell,53,51.64,64.25,54.4,11.6,56.52,49.8,47.55,67.63,72.0,confirmed_bullish_trend,61.8,bullish_above_signal_proxy,75.41,53.08,0.0,55,mixed_sideways,42,mixed_or_bearish,57.46,56.02,0.15,0.00628708,-0.05990938,0.17393124,0.21729683,4H RSI 位于健康强势区间,4H EMA 仍偏震荡；4H MACD 尚未确认多头
922,ASST,STRIVE INC CLASS A,Health Care,Early,Russell,1418,51.6,29.86,87.7,42.79,56.52,60.47,63.3,34.52,15.0,bearish_transition,49.8,bullish_below_zero_proxy,35.97,45.19,0.0,74,early_transition,66,bullish_above_signal,54.11,12.36,0.2,0.01187065,0.11754069,-0.02753737,-0.11270639,4H EMA9 已站上 EMA26，等待 26/50 确认；4H MACD 位于 Signal 上方；4H MACD 柱体连续扩张；4H RSI 位于健康强势区间,
923,MGPI,MGP INGREDIENTS INC,Consumer Staples,Early,Russell,598,51.58,69.66,40.9,61.21,56.52,40.76,41.4,55.32,82.0,early_transition,25.0,bearish_proxy,56.09,50.97,0.0,36,bearish_transition,50,mixed_or_bearish,48.79,17.626499,0.27,0.03260100,-0.06266956,0.06055944,0.04360569,4H MACD 柱体连续扩张；4H RSI 位于健康强势区间,4H EMA 转弱或跌破 EMA26；4H MACD 尚未确认多头
924,ALMU,AELUMA INC,Information Technology,Early,Russell,1426,51.57,29.67,87.7,43.0,56.52,59.12,61.8,34.38,15.0,bearish_transition,49.8,bullish_below_zero_proxy,35.99,44.2,0.0,76,early_transition,58,bullish_above_signal,55.49,17.075001,0.12,-0.07301840,0.13304585,-0.02539949,-0.21817761,4H EMA9 已站上 EMA26，等待 26/50 确认；4H MACD 位于 Signal 上方；4H RSI 位于健康强势区间,
925,RCAT,RED CAT HOLDINGS INC,Industrials,Early,Russell,1461,51.55,29.38,90.4,36.38,56.52,66.41,69.9,33.5,15.0,bearish_transition,49.8,bullish_below_zero_proxy,33.34,43.67,0.0,94,fresh_bullish_cross,58,bullish_above_signal,59.55,8.755,0.25,-0.02505568,0.29320532,-0.05300162,-0.14082434,4H EMA9/26 最近金叉且价格在 EMA50 上方；4H MACD 位于 Signal 上方；4H RSI 位于健康强势区间,
926,ORMP,ORAMED PHARMACEUTICALS INC,Health Care,Early,Russell,459,51.51,61.89,75.1,94.36,56.52,72.08,76.2,59.41,72.0,confirmed_bullish_trend,61.8,bullish_above_signal_proxy,49.01,51.05,0.0,100,confirmed_bullish_trend,70,bullish_above_signal,58.83,4.365,0.16,0.00344828,0.10227273,0.01511628,0.04751620,4H EMA 多头排列已连续维持；4H MACD 位于 Signal 上方；4H RSI 位于健康强势区间,
927,DAN,DANA INCORPORATED INC,Consumer Discretionary,Early,Russell,1053,51.35,32.6,87.7,34.74,56.52,64.52,67.8,42.96,15.0,bearish_transition,49.8,bullish_below_zero_proxy,61.99,49.4,0.0,76,early_transition,78,bullish_above_signal,60.7,28.264999,0.41,0.01874204,0.05466418,0.11191971,-0.01567129,4H EMA9 已站上 EMA26，等待 26/50 确认；4H MACD 位于 Signal 上方；4H MACD 柱体连续扩张；4H RSI 位于健康强势区间,
928,DUOT,DUOS TECHNOLOGIES GROUP INC,Information Technology,Early,Russell,1434,51.29,29.62,87.7,41.25,56.52,59.12,61.8,34.22,15.0,bearish_transition,49.8,bullish_below_zero_proxy,35.51,44.1,0.0,76,early_transition,58,bullish_above_signal,55.23,8.96,0.09,-0.03135135,0.19866221,-0.05385428,-0.25704809,4H EMA9 已站上 EMA26，等待 26/50 确认；4H MACD 位于 Signal 上方；4H RSI 位于健康强势区间,
929,APGE,APOGEE THERAPEUTICS,Health Care,Early,Russell,1648,51.28,49.0,54.4,81.79,0.97,43.59,44.55,30.0,75.0,confirmed_bullish_trend,22.75,bearish_proxy,46.81,47.36,19.33,43,mixed_sideways,50,mixed_or_bearish,67.74,134.130005,0.41,-0.00014900,-0.00052155,0.00411741,0.00948303,4H MACD 柱体连续扩张；4H RSI 位于健康强势区间,4H EMA 仍偏震荡；4H 相对 EMA26 超过 2 ATR，短线偏追高；4H MACD 尚未确认多头
930,PTLO,PORTILLO S INC CLASS A,Consumer Discretionary,Early,Russell,841,51.26,67.57,67.6,59.47,56.52,53.18,55.2,50.28,82.0,early_transition,25.0,bearish_proxy,42.06,45.41,0.0,52,mixed_sideways,72,fresh_below_zero_cross,51.46,4.6,0.23,0.02908277,-0.03361345,-0.04365904,0.13580247,4H MACD 刚金叉但仍需零轴确认；4H MACD 柱体连续扩张；4H RSI 位于健康强势区间,4H EMA 仍偏震荡
931,BLFS,BIOLIFE SOLUTIONS,Health Care,Early,Russell,713,51.24,59.95,67.1,19.19,5.44,67.81,71.45,52.3,72.0,confirmed_bullish_trend,59.55,bullish_above_signal_proxy,69.25,51.85,12.74,89,confirmed_bullish_trend,78,bullish_above_signal,69.82,33.360001,0.03,0.03409805,0.05904765,0.19484244,0.34570390,4H EMA 多头排列已连续维持；4H MACD 位于 Signal 上方；4H MACD 柱体连续扩张,4H 相对 EMA26 超过 2 ATR，短线偏追高；4H RSI 偏热
932,AAMI,ACADIAN ASSET MANAGEMENT INC,Financials,Early,Russell,704,51.19,60.18,67.1,18.47,5.13,65.64,69.05,52.55,72.0,confirmed_bullish_trend,59.55,bullish_above_signal_proxy,70.1,53.02,12.92,89,confirmed_bullish_trend,70,bullish_above_signal,71.9,91.779999,0.11,0.00229332,0.13659441,0.17335717,0.25726026,4H EMA 多头排列已连续维持；4H MACD 位于 Signal 上方,4H 相对 EMA26 超过 2 ATR，短线偏追高；4H RSI 偏热
933,CAL,CALERES INC,Consumer Discretionary,Early,Russell,596,51.15,60.69,67.1,14.26,9.29,65.64,69.05,55.4,72.0,confirmed_bullish_trend,59.55,bullish_above_signal_proxy,73.23,51.65,10.81,89,confirmed_bullish_trend,70,bullish_above_signal,71.03,14.36,0.17,0.00139470,0.11750973,0.20268007,0.17128874,4H EMA 多头排列已连续维持；4H MACD 位于 Signal 上方,4H 相对 EMA26 超过 2 ATR，短线偏追高；4H RSI 偏热
934,ADNT,ADIENT PLC,Consumer Discretionary,Early,Russell,112,51.09,76.59,32.9,63.11,56.52,40.51,39.45,65.27,85.0,early_transition,63.15,bullish_above_signal_proxy,55.85,48.17,0.0,41,bearish_transition,42,mixed_or_bearish,42.95,20.07,0.46,-0.05508475,-0.07018759,0.04531245,-0.02001953,,4H EMA 转弱或跌破 EMA26；4H MACD 尚未确认多头
935,AGX,ARGAN,Industrials,Early,Russell,1477,51.08,29.25,90.4,33.56,56.52,66.41,69.9,33.13,15.0,bearish_transition,49.8,bullish_below_zero_proxy,32.21,43.44,0.0,94,fresh_bullish_cross,58,bullish_above_signal,56.65,614.219971,0.1,-0.00884305,0.24722312,-0.07290353,-0.16663955,4H EMA9/26 最近金叉且价格在 EMA50 上方；4H MACD 位于 Signal 上方；4H RSI 位于健康强势区间,
936,JILL,J JILL INC,Consumer Discretionary,Early,Russell,579,51.07,60.87,67.1,12.83,9.95,67.18,70.75,56.0,72.0,confirmed_bullish_trend,59.55,bullish_above_signal_proxy,74.41,51.88,10.59,89,confirmed_bullish_trend,70,bullish_above_signal,68.58,19.059999,1.15,0.03082742,0.01194585,0.22730193,0.30727016,4H EMA 多头排列已连续维持；4H MACD 位于 Signal 上方,4H 相对 EMA26 超过 2 ATR，短线偏追高；4H RSI 偏热
937,FBK,FB FINANCIAL,Financials,Early,Russell,908,51.04,58.75,60.1,39.4,5.23,63.58,66.75,49.14,72.0,confirmed_bullish_trend,59.55,bullish_above_signal_proxy,60.58,49.12,12.89,89,confirmed_bullish_trend,70,bullish_above_signal,75.0,62.005001,0.2,-0.00016122,0.03895779,0.08799787,0.13333947,4H EMA 多头排列已连续维持；4H MACD 位于 Signal 上方,4H 相对 EMA26 超过 2 ATR，短线偏追高；4H RSI 过热
938,FIVN,FIVE9,Information Technology,Early,Russell,658,51.01,60.2,67.1,16.21,6.72,65.64,69.05,53.62,72.0,confirmed_bullish_trend,59.55,bullish_above_signal_proxy,71.71,51.34,12.08,89,confirmed_bullish_trend,70,bullish_above_signal,70.65,29.65,0.15,-0.00319385,0.09208103,0.18742496,0.55643053,4H EMA 多头排列已连续维持；4H MACD 位于 Signal 上方,4H 相对 EMA26 超过 2 ATR，短线偏追高；4H RSI 偏热
939,PI,IMPINJ,Information Technology,Early,Russell,564,51.0,61.01,67.1,11.7,10.54,70.1,74.0,56.42,72.0,confirmed_bullish_trend,59.55,bullish_above_signal_proxy,75.38,52.08,10.49,100,confirmed_bullish_trend,70,bullish_above_signal,68.24,162.320007,0.16,-0.04472688,0.16325079,0.17606146,0.29741832,4H EMA 多头排列已连续维持；4H MACD 位于 Signal 上方,4H RSI 偏热
940,JOBY,JOBY AVIATION CLASS A,Industrials,Early,Russell,1444,50.98,29.57,87.7,39.3,56.52,58.31,60.9,34.07,15.0,bearish_transition,49.8,bullish_below_zero_proxy,35.06,44.01,0.0,74,early_transition,58,bullish_above_signal,56.11,7.81,0.15,-0.02416473,0.17267267,-0.03769145,-0.18091243,4H EMA9 已站上 EMA26，等待 26/50 确认；4H MACD 位于 Signal 上方；4H RSI 位于健康强势区间,
941,PDEX,PRO DEX INC,Health Care,Early,Russell,835,50.96,57.91,67.1,20.42,7.88,65.64,69.05,50.35,72.0,confirmed_bullish_trend,47.55,bullish_below_zero_proxy,68.52,51.7,11.44,89,confirmed_bullish_trend,70,bullish_above_signal,72.46,68.440002,0.16,0.00190315,0.24844951,0.16513449,0.07222309,4H EMA 多头排列已连续维持；4H MACD 位于 Signal 上方,4H 相对 EMA26 超过 2 ATR，短线偏追高；4H RSI 偏热
942,MLKN,MILLERKNOLL,Industrials,Early,Russell,726,50.94,59.77,67.1,18.11,4.62,65.64,69.05,52.02,72.0,confirmed_bullish_trend,59.55,bullish_above_signal_proxy,70.58,51.12,13.31,89,confirmed_bullish_trend,70,bullish_above_signal,68.05,24.209999,0.16,-0.01203836,0.05720520,0.18822081,0.50653385,4H EMA 多头排列已连续维持；4H MACD 位于 Signal 上方,4H 相对 EMA26 超过 2 ATR，短线偏追高；4H RSI 偏热
943,LYEL,LYELL IMMUNOPHARMA,Health Care,Early,Russell,1435,50.93,29.81,90.4,31.2,56.52,65.6,69.0,34.21,18.0,bearish_transition,51.15,bullish_below_zero_proxy,31.3,44.26,0.0,92,fresh_bullish_cross,58,bullish_above_signal,53.69,13.48,0.42,0.00074239,0.04052489,-0.15591735,0.06730008,4H EMA9/26 最近金叉且价格在 EMA50 上方；4H MACD 位于 Signal 上方；4H RSI 位于健康强势区间,
944,HBT,HBT FINANCIAL INC,Financials,Early,Russell,885,50.92,58.88,60.7,36.53,5.54,60.74,63.6,49.59,72.0,confirmed_bullish_trend,59.55,bullish_above_signal_proxy,61.44,49.29,12.72,100,confirmed_bullish_trend,28,fresh_bearish_cross,67.71,36.130001,0.14,-0.00303535,-0.01094985,0.12100531,0.16098971,4H EMA 多头排列已连续维持；4H RSI 位于健康强势区间,4H MACD 最近死叉
945,SAMG,SILVERCREST ASSET MANAGEMENT GROUP,Financials,Early,Russell,1343,50.9,30.66,79.7,57.57,56.52,59.93,62.7,36.47,15.0,bearish_transition,49.8,bullish_below_zero_proxy,41.42,47.28,0.0,74,early_transition,70,bullish_above_signal,44.5,10.05,0.16,-0.03550864,0.00500000,-0.05986904,-0.02180261,4H EMA9 已站上 EMA26，等待 26/50 确认；4H MACD 位于 Signal 上方,
946,TMDX,TRANSMEDICS GROUP,Health Care,Early,Russell,90,50.9,76.81,37.3,49.62,56.52,40.66,37.4,65.9,85.0,early_transition,61.8,bullish_above_signal_proxy,58.33,49.67,0.0,44,bearish_transition,28,fresh_bearish_cross,47.87,75.040001,0.57,-0.06562068,-0.03831857,0.05408061,0.01473974,,4H EMA 转弱或跌破 EMA26；4H MACD 最近死叉
947,ALTO,ALTO INGREDIENTS INC,Materials,Early,Russell,1321,50.87,32.87,90.4,23.7,56.52,66.41,69.9,37.0,15.0,bearish_transition,71.8,fresh_below_zero_cross_proxy,27.27,42.45,0.0,94,fresh_bullish_cross,58,bullish_above_signal,54.05,5.0804,0.14,-0.02843702,0.16790805,-0.10001771,-0.00579256,4H EMA9/26 最近金叉且价格在 EMA50 上方；4H MACD 位于 Signal 上方；4H RSI 位于健康强势区间,
948,BCO,BRINKS,Industrials,Early,Russell,605,50.86,56.01,54.4,25.65,56.52,45.08,46.2,55.16,72.0,confirmed_bullish_trend,25.0,bearish_proxy,65.93,50.19,0.0,52,mixed_sideways,42,mixed_or_bearish,51.46,117.459999,0.29,0.01197552,-0.03523615,0.13072779,0.21506156,4H RSI 位于健康强势区间,4H EMA 仍偏震荡；4H MACD 尚未确认多头
949,SRCE,1ST SOURCE CORP,Financials,Early,Russell,862,50.85,58.99,60.7,35.51,5.98,60.74,63.6,49.98,72.0,confirmed_bullish_trend,59.55,bullish_above_signal_proxy,61.81,49.36,12.45,100,confirmed_bullish_trend,28,fresh_bearish_cross,67.21,90.239998,0.13,-0.01014647,-0.00210109,0.10513746,0.14321911,4H EMA 多头排列已连续维持；4H RSI 位于健康强势区间,4H MACD 最近死叉
950,BKSY,BLACKSKY TECHNOLOGY INC CLASS A,Industrials,Early,Russell,1448,50.8,29.5,87.7,38.28,56.52,59.12,61.8,33.88,15.0,bearish_transition,49.8,bullish_below_zero_proxy,34.5,43.9,0.0,76,early_transition,58,bullish_above_signal,58.45,24.795,0.12,-0.03408648,0.20305671,-0.02573678,-0.07825279,4H EMA9 已站上 EMA26，等待 26/50 确认；4H MACD 位于 Signal 上方；4H RSI 位于健康强势区间,
951,GSHD,GOOSEHEAD INSURANCE CLASS A,Financials,Early,Russell,685,50.75,60.35,64.3,21.24,7.18,64.52,67.8,53.04,72.0,confirmed_bullish_trend,59.55,bullish_above_signal_proxy,67.9,53.33,11.82,100,confirmed_bullish_trend,42,mixed_or_bearish,63.74,67.699997,0.08,0.01644012,-0.04270368,0.21696919,0.68870035,4H EMA 多头排列已连续维持；4H RSI 位于健康强势区间,4H MACD 尚未确认多头
952,MMED,MINIMED INC,Health Care,Early,Russell,77,50.73,63.85,50.8,16.11,56.52,47.23,44.7,66.45,72.0,confirmed_bullish_trend,61.8,bullish_above_signal_proxy,71.81,52.36,0.0,58,mixed_sideways,28,fresh_bearish_cross,59.38,18.375,0.24,-0.03543302,-0.00244300,0.19473342,0.33684976,4H RSI 位于健康强势区间,4H EMA 仍偏震荡；4H MACD 最近死叉
953,SKYW,SKYWEST,Industrials,Early,Russell,798,50.71,59.49,67.1,17.96,3.54,65.64,69.05,50.9,72.0,confirmed_bullish_trend,59.55,bullish_above_signal_proxy,70.6,51.12,14.44,89,confirmed_bullish_trend,70,bullish_above_signal,69.25,115.565002,0.23,0.00886075,0.05384824,0.18055984,0.23046214,4H EMA 多头排列已连续维持；4H MACD 位于 Signal 上方,4H 相对 EMA26 超过 2 ATR，短线偏追高；4H RSI 偏热
954,NNE,NANO NUCLEAR ENERGY,Industrials,Early,Russell,1450,50.69,29.46,87.7,37.66,56.52,58.31,60.9,33.74,15.0,bearish_transition,49.8,bullish_below_zero_proxy,34.07,43.81,0.0,74,early_transition,58,bullish_above_signal,55.98,17.92,0.1,-0.01646537,0.20228111,-0.05059603,-0.24926689,4H EMA9 已站上 EMA26，等待 26/50 确认；4H MACD 位于 Signal 上方；4H RSI 位于健康强势区间,
955,MBIN,MERCHANTS BANCORP,Financials,Early,Russell,691,50.67,60.04,67.1,15.29,5.18,70.1,74.0,52.94,72.0,confirmed_bullish_trend,59.55,bullish_above_signal_proxy,72.15,51.43,12.9,100,confirmed_bullish_trend,70,bullish_above_signal,70.0,55.849998,0.1,0.00152424,0.03158476,0.17715245,0.12081067,4H EMA 多头排列已连续维持；4H MACD 位于 Signal 上方,4H RSI 偏热
956,UAMY,UNITED STATES ANTIMONY CORP,Materials,Early,Russell,1497,50.62,29.12,90.4,30.79,56.52,63.71,66.9,32.74,15.0,bearish_transition,49.8,bullish_below_zero_proxy,31.04,43.21,0.0,82,fresh_bullish_cross,66,bullish_above_signal,64.46,6.345,0.22,0.03931204,0.29357798,-0.06691176,-0.09421842,4H EMA9/26 最近金叉且价格在 EMA50 上方；4H MACD 位于 Signal 上方；4H MACD 柱体连续扩张；4H RSI 位于健康强势区间,4H 相对 EMA26 超过 2 ATR，短线偏追高
957,ANF,ABERCROMBIE AND FITCH CLASS A,Consumer Discretionary,Early,Russell,633,50.58,60.45,67.1,13.03,6.29,65.64,69.05,54.33,72.0,confirmed_bullish_trend,59.55,bullish_above_signal_proxy,74.27,51.85,12.21,89,confirmed_bullish_trend,70,bullish_above_signal,68.2,108.93,0.16,-0.00456913,0.06293908,0.22297070,0.29355185,4H EMA 多头排列已连续维持；4H MACD 位于 Signal 上方,4H 相对 EMA26 超过 2 ATR，短线偏追高；4H RSI 偏热
958,APAM,ARTISAN PARTNERS ASSET MANAGEMENT,Financials,Early,Russell,719,50.53,60.17,67.1,14.98,3.8,67.81,71.45,52.21,72.0,confirmed_bullish_trend,59.55,bullish_above_signal_proxy,72.59,53.52,14.09,89,confirmed_bullish_trend,78,bullish_above_signal,70.84,42.799999,0.14,0.01134213,0.06045585,0.18756931,0.20801578,4H EMA 多头排列已连续维持；4H MACD 位于 Signal 上方；4H MACD 柱体连续扩张,4H 相对 EMA26 超过 2 ATR，短线偏追高；4H RSI 偏热
959,CNXN,PC CONNECTION INC,Information Technology,Early,Russell,582,50.52,60.82,65.2,13.85,10.77,55.07,57.3,55.89,72.0,confirmed_bullish_trend,59.55,bullish_above_signal_proxy,73.65,51.73,10.45,58,mixed_sideways,70,bullish_above_signal,62.03,85.82,0.2,-0.02477273,0.03434975,0.15598063,0.21990053,4H MACD 位于 Signal 上方；4H RSI 位于健康强势区间,4H EMA 仍偏震荡
960,FBIZ,FIRST BUSINESS FINANCIAL SERVICES,Financials,Early,Russell,744,50.51,59.74,67.1,15.8,3.93,65.64,69.05,51.77,72.0,confirmed_bullish_trend,59.55,bullish_above_signal_proxy,71.96,51.39,14.01,89,confirmed_bullish_trend,70,bullish_above_signal,70.03,72.514999,0.11,0.00981759,0.07557106,0.14205843,0.16970997,4H EMA 多头排列已连续维持；4H MACD 位于 Signal 上方,4H 相对 EMA26 超过 2 ATR，短线偏追高；4H RSI 偏热
961,KNSA,KINIKSA PHARMACEUTICALS INTERNATIO,Health Care,Early,Russell,718,50.47,60.38,64.3,20.73,5.08,66.68,70.2,52.22,72.0,confirmed_bullish_trend,59.55,bullish_above_signal_proxy,68.1,54.87,12.93,100,confirmed_bullish_trend,50,mixed_or_bearish,65.58,77.544998,0.11,0.02633840,-0.04182629,0.15240001,0.30327728,4H EMA 多头排列已连续维持；4H MACD 柱体连续扩张；4H RSI 位于健康强势区间,4H MACD 尚未确认多头
962,ANTX,AN2 THERAPEUTICS INC,Health Care,Early,Russell,417,50.42,62.39,67.1,5.23,9.54,65.64,69.05,60.02,72.0,confirmed_bullish_trend,59.55,bullish_above_signal_proxy,86.51,55.3,10.72,89,confirmed_bullish_trend,70,bullish_above_signal,71.32,5.905,0.34,0.01722653,0.17395626,0.37006961,0.17864271,4H EMA 多头排列已连续维持；4H MACD 位于 Signal 上方,4H 相对 EMA26 超过 2 ATR，短线偏追高；4H RSI 偏热
963,SHOO,STEVEN MADDEN,Consumer Discretionary,Early,Russell,534,50.38,61.39,67.1,8.21,8.23,65.64,69.05,57.32,72.0,confirmed_bullish_trend,59.55,bullish_above_signal_proxy,80.46,53.09,11.27,89,confirmed_bullish_trend,70,bullish_above_signal,68.09,48.75,0.25,0.00598434,0.12404891,0.22211084,0.15248230,4H EMA 多头排列已连续维持；4H MACD 位于 Signal 上方,4H 相对 EMA26 超过 2 ATR，短线偏追高；4H RSI 偏热
964,CXM,SPRINKLR CLASS A,Information Technology,Early,Russell,630,50.38,60.5,67.1,11.9,5.85,65.64,69.05,54.38,72.0,confirmed_bullish_trend,59.55,bullish_above_signal_proxy,75.23,52.05,12.49,89,confirmed_bullish_trend,70,bullish_above_signal,68.12,6.685,0.17,0.00981873,0.03804348,0.22660550,0.34507042,4H EMA 多头排列已连续维持；4H MACD 位于 Signal 上方,4H 相对 EMA26 超过 2 ATR，短线偏追高；4H RSI 偏热
965,OMER,OMEROS,Health Care,Early,Russell,604,50.33,60.88,67.1,10.47,6.11,65.64,69.05,55.16,72.0,confirmed_bullish_trend,59.55,bullish_above_signal_proxy,76.6,53.32,12.31,89,confirmed_bullish_trend,70,bullish_above_signal,71.01,12.81,0.21,-0.01763804,0.09674658,0.23947750,0.22349570,4H EMA 多头排列已连续维持；4H MACD 位于 Signal 上方,4H 相对 EMA26 超过 2 ATR，短线偏追高；4H RSI 偏热
966,NRIM,NORTHRIM BANCORP INC,Financials,Early,Russell,867,50.26,54.18,51.7,99.74,56.52,46.16,47.4,49.81,72.0,confirmed_bullish_trend,25.0,bearish_proxy,49.74,46.95,0.0,44,bearish_transition,58,bullish_above_signal,48.6,26.99,0.12,-0.01026769,0.01351863,-0.00332349,0.03509104,4H MACD 位于 Signal 上方；4H RSI 位于健康强势区间,4H EMA 转弱或跌破 EMA26
967,EMBC,EMBECTA,Health Care,Early,Russell,191,50.25,76.01,50.8,77.83,56.52,45.23,44.7,63.33,82.0,early_transition,61.8,bullish_above_signal_proxy,53.29,48.66,0.0,58,mixed_sideways,28,fresh_bearish_cross,52.17,3.575,0.15,-0.06535948,-0.02853261,0.06240713,0.14035088,4H RSI 位于健康强势区间,4H EMA 仍偏震荡；4H MACD 最近死叉
968,NX,QUANEX BUILDING PRODUCTS CORP,Industrials,Early,Russell,570,50.24,61.6,67.1,8.41,5.72,67.81,71.45,56.31,72.0,confirmed_bullish_trend,59.55,bullish_above_signal_proxy,79.89,56.23,12.58,89,confirmed_bullish_trend,78,bullish_above_signal,72.27,20.915001,0.31,0.00698127,0.16453241,0.26069928,0.26298323,4H EMA 多头排列已连续维持；4H MACD 位于 Signal 上方；4H MACD 柱体连续扩张,4H 相对 EMA26 超过 2 ATR，短线偏追高；4H RSI 偏热
969,NRDS,NERDWALLET CLASS A,Financials,Early,Russell,859,50.21,67.49,40.9,57.16,56.52,37.79,38.1,50.04,82.0,early_transition,25.0,bearish_proxy,41.34,45.27,0.0,38,bearish_transition,42,mixed_or_bearish,46.54,9.08,0.47,-0.01529118,-0.05465903,-0.04471331,0.08807669,,4H EMA 转弱或跌破 EMA26；4H MACD 尚未确认多头
970,ESCA,ESCALADE INC,Consumer Discretionary,Early,Russell,463,50.2,62.17,67.1,5.95,7.08,65.64,69.05,59.28,75.0,confirmed_bullish_trend,60.9,bullish_above_signal_proxy,84.42,53.88,11.85,89,confirmed_bullish_trend,70,bullish_above_signal,73.0,22.275,0.45,0.03436267,0.13070492,0.21588428,0.18421059,4H EMA 多头排列已连续维持；4H MACD 位于 Signal 上方,4H 相对 EMA26 超过 2 ATR，短线偏追高；4H RSI 偏热
971,BETA,BETA TECHNOLOGIES CLASS A,Industrials,Early,Russell,589,50.17,60.87,67.1,9.54,5.9,67.81,71.45,55.48,72.0,confirmed_bullish_trend,59.55,bullish_above_signal_proxy,78.54,52.71,12.47,89,confirmed_bullish_trend,78,bullish_above_signal,73.33,22.135,0.18,0.00842820,0.30551460,0.30474506,0.39652997,4H EMA 多头排列已连续维持；4H MACD 位于 Signal 上方；4H MACD 柱体连续扩张,4H 相对 EMA26 超过 2 ATR，短线偏追高；4H RSI 偏热
972,SMRT,SMARTRENT INC CLASS A,Information Technology,Early,Russell,684,50.16,69.08,72.7,30.73,2.87,56.11,58.45,53.05,100.0,fresh_bullish_cross,47.55,bullish_below_zero_proxy,63.6,49.72,15.37,64,early_transition,78,bullish_above_signal,75.75,1.215,6.47,0.16826923,0.22221105,0.13023256,0.07522124,4H EMA9 已站上 EMA26，等待 26/50 确认；4H MACD 位于 Signal 上方；4H MACD 柱体连续扩张,4H 相对 EMA26 超过 2 ATR，短线偏追高；4H RSI 过热
973,ETON,ETON PHARMACEUTCIALS INC,Health Care,Early,Russell,626,50.16,55.39,54.4,22.37,56.52,46.3,47.55,54.5,72.0,confirmed_bullish_trend,20.0,fresh_bearish_cross_proxy,67.29,51.46,0.0,55,mixed_sideways,42,mixed_or_bearish,57.18,45.779999,0.12,0.00925921,-0.04773795,0.21303648,0.36758780,4H RSI 位于健康强势区间,4H EMA 仍偏震荡；4H MACD 尚未确认多头
974,UMAC,UNUSUAL MACHINES INC,Information Technology,Early,Russell,668,50.14,58.73,67.1,11.39,10.39,65.64,69.05,53.4,72.0,confirmed_bullish_trend,47.55,bullish_below_zero_proxy,75.43,52.09,10.53,89,confirmed_bullish_trend,70,bullish_above_signal,68.63,26.17,0.16,-0.01133355,0.51622248,0.30523697,0.21382195,4H EMA 多头排列已连续维持；4H MACD 位于 Signal 上方,4H 相对 EMA26 超过 2 ATR，短线偏追高；4H RSI 偏热
975,NVEC,NVE CORP,Information Technology,Early,Russell,412,50.11,62.35,67.1,4.52,7.67,67.81,71.45,60.09,72.0,confirmed_bullish_trend,59.55,bullish_above_signal_proxy,89.45,54.89,11.46,89,confirmed_bullish_trend,78,bullish_above_signal,70.49,130.169998,0.12,0.02868656,0.16016044,0.41320157,0.34209713,4H EMA 多头排列已连续维持；4H MACD 位于 Signal 上方；4H MACD 柱体连续扩张,4H 相对 EMA26 超过 2 ATR，短线偏追高；4H RSI 偏热
976,PLSE,PULSE BIOSCIENCES INC,Health Care,Early,Russell,572,50.07,61.26,67.1,8.11,5.72,70.1,74.0,56.19,72.0,confirmed_bullish_trend,59.55,bullish_above_signal_proxy,80.54,54.11,12.58,100,confirmed_bullish_trend,70,bullish_above_signal,68.64,37.455002,0.09,-0.01148052,0.09325757,0.33720107,0.44279674,4H EMA 多头排列已连续维持；4H MACD 位于 Signal 上方,4H RSI 偏热
977,BDC,BELDEN,Information Technology,Early,Russell,735,50.05,59.84,67.1,12.93,3.23,65.64,69.05,51.87,72.0,confirmed_bullish_trend,59.55,bullish_above_signal_proxy,74.32,51.86,14.7,89,confirmed_bullish_trend,70,bullish_above_signal,73.78,128.729996,0.18,-0.00007775,0.26181141,0.19838017,0.08697117,4H EMA 多头排列已连续维持；4H MACD 位于 Signal 上方,4H 相对 EMA26 超过 2 ATR，短线偏追高；4H RSI 偏热
978,CBNA,CHAIN BRIDGE BANCORP INC CLASS A,Financials,Early,Russell,558,50.05,61.1,65.2,10.57,10.06,55.07,57.3,56.66,72.0,confirmed_bullish_trend,59.55,bullish_above_signal_proxy,76.32,52.26,10.56,58,mixed_sideways,70,bullish_above_signal,63.06,47.700001,0.07,-0.00417539,0.07577810,0.13951266,0.25757978,4H MACD 位于 Signal 上方；4H RSI 位于健康强势区间,4H EMA 仍偏震荡
979,OSS,ONE STOP SYSTEMS INC,Information Technology,Early,Russell,1432,50.02,29.7,87.7,32.63,56.52,59.12,61.8,34.27,18.0,bearish_transition,51.15,bullish_below_zero_proxy,31.93,43.39,0.0,76,early_transition,58,bullish_above_signal,54.88,13.62,0.23,-0.05547850,0.25216048,-0.02084831,-0.20023493,4H EMA9 已站上 EMA26，等待 26/50 确认；4H MACD 位于 Signal 上方；4H RSI 位于健康强势区间,
980,CMRE,COSTAMARE,Industrials,Early,Russell,760,50.02,67.43,25.9,96.05,56.52,34.82,34.8,51.4,82.0,early_transition,20.0,fresh_bearish_cross_proxy,49.24,46.85,0.0,36,bearish_transition,42,mixed_or_bearish,36.26,14.78,0.32,-0.03240589,-0.03587736,0.01860786,-0.03587736,,4H EMA 转弱或跌破 EMA26；4H MACD 尚未确认多头；4H RSI 偏弱
981,HLMN,HILLMAN SOLUTIONS CORP,Industrials,Early,Russell,670,49.95,60.27,67.1,10.72,4.1,65.64,69.05,53.38,72.0,confirmed_bullish_trend,59.55,bullish_above_signal_proxy,76.1,52.22,13.77,89,confirmed_bullish_trend,70,bullish_above_signal,72.67,9.305,0.2,-0.02001053,0.16458073,0.19601542,0.19678457,4H EMA 多头排列已连续维持；4H MACD 位于 Signal 上方,4H 相对 EMA26 超过 2 ATR，短线偏追高；4H RSI 偏热
982,AMSC,AMERICAN SUPERCONDUCTOR CORP,Industrials,Early,Russell,1481,49.9,29.23,87.7,32.94,56.52,60.47,63.3,33.07,15.0,bearish_transition,49.8,bullish_below_zero_proxy,32.02,43.4,0.0,74,early_transition,66,bullish_above_signal,56.76,33.369999,0.18,-0.00388063,0.25168788,-0.06105802,-0.19855903,4H EMA9 已站上 EMA26，等待 26/50 确认；4H MACD 位于 Signal 上方；4H MACD 柱体连续扩张；4H RSI 位于健康强势区间,
983,SMHI,SEACOR MARINE HOLDINGS INC,Energy,Early,Russell,503,49.89,61.89,67.1,5.03,6.39,65.64,69.05,58.54,72.0,confirmed_bullish_trend,59.55,bullish_above_signal_proxy,86.97,54.39,12.2,89,confirmed_bullish_trend,70,bullish_above_signal,71.45,9.505,0.03,-0.00679206,0.22645161,0.25894040,0.21237245,4H EMA 多头排列已连续维持；4H MACD 位于 Signal 上方,4H 相对 EMA26 超过 2 ATR，短线偏追高；4H RSI 偏热
984,STGW,STAGWELL CLASS A,Communication,Early,Russell,751,49.84,59.66,67.1,12.11,3.08,65.64,69.05,51.65,72.0,confirmed_bullish_trend,59.55,bullish_above_signal_proxy,75.1,51.02,15.02,89,confirmed_bullish_trend,70,bullish_above_signal,73.0,9.07,0.35,0.04976852,0.12113721,0.17868746,0.29018492,4H EMA 多头排列已连续维持；4H MACD 位于 Signal 上方,4H 相对 EMA26 超过 2 ATR，短线偏追高；4H RSI 偏热
985,CTRN,CITI TRENDS INC,Consumer Discretionary,Early,Russell,646,49.77,60.52,67.1,9.18,3.75,65.64,69.05,54.01,72.0,confirmed_bullish_trend,59.55,bullish_above_signal_proxy,79.13,52.83,14.14,89,confirmed_bullish_trend,70,bullish_above_signal,71.5,72.790001,0.03,0.00372317,0.09032353,0.27433477,0.17649915,4H EMA 多头排列已连续维持；4H MACD 位于 Signal 上方,4H 相对 EMA26 超过 2 ATR，短线偏追高；4H RSI 偏热
986,LBRX,LB PHARMACEUTICALS INC,Health Care,Early,Russell,581,49.76,61.77,67.1,6.36,3.46,65.64,69.05,55.91,72.0,confirmed_bullish_trend,59.55,bullish_above_signal_proxy,83.9,58.03,14.45,89,confirmed_bullish_trend,70,bullish_above_signal,73.04,44.709999,0.21,-0.01757853,0.14699844,0.30502048,0.46182771,4H EMA 多头排列已连续维持；4H MACD 位于 Signal 上方,4H 相对 EMA26 超过 2 ATR，短线偏追高；4H RSI 偏热
987,SMPL,THE SIMPLY GOOD FOODS COMPANY,Consumer Staples,Early,Russell,1472,49.74,29.64,87.7,30.89,56.52,58.31,60.9,33.18,15.0,bearish_transition,49.8,bullish_below_zero_proxy,31.1,45.97,0.0,74,early_transition,58,bullish_above_signal,53.18,11.25,0.16,-0.02258905,0.09863281,-0.14643399,-0.07369288,4H EMA9 已站上 EMA26，等待 26/50 确认；4H MACD 位于 Signal 上方；4H RSI 位于健康强势区间,
988,NSIT,INSIGHT ENTERPRISES INC,Information Technology,Early,Russell,639,49.69,60.58,67.1,8.52,3.69,65.64,69.05,54.19,72.0,confirmed_bullish_trend,59.55,bullish_above_signal_proxy,79.77,52.95,14.17,89,confirmed_bullish_trend,70,bullish_above_signal,72.08,138.110001,0.4,-0.00918285,0.08432125,0.23191508,0.24963812,4H EMA 多头排列已连续维持；4H MACD 位于 Signal 上方,4H 相对 EMA26 超过 2 ATR，短线偏追高；4H RSI 偏热
989,XRAY,DENTSPLY SIRONA,Health Care,Early,Russell,663,49.68,55.04,50.8,29.66,56.52,43.73,44.7,53.47,72.0,confirmed_bullish_trend,20.0,fresh_bearish_cross_proxy,64.16,50.83,0.0,58,mixed_sideways,28,fresh_bearish_cross,55.35,13.845,0.11,-0.02705552,-0.02500000,0.13576702,0.36001965,4H RSI 位于健康强势区间,4H EMA 仍偏震荡；4H MACD 最近死叉
990,GDYN,GRID DYNAMICS HOLDINGS CLASS A,Information Technology,Early,Russell,555,49.67,61.41,67.1,5.75,4.72,67.81,71.45,56.85,72.0,confirmed_bullish_trend,59.55,bullish_above_signal_proxy,85.11,54.02,13.27,89,confirmed_bullish_trend,78,bullish_above_signal,72.87,7.54,0.36,0.07026260,0.10719530,0.27796610,0.39500463,4H EMA 多头排列已连续维持；4H MACD 位于 Signal 上方；4H MACD 柱体连续扩张,4H 相对 EMA26 超过 2 ATR，短线偏追高；4H RSI 偏热
991,GABC,GERMAN AMERICAN BANCORP INC,Financials,Early,Russell,812,49.67,59.06,50.8,51.0,10.26,43.73,44.7,50.68,72.0,confirmed_bullish_trend,59.55,bullish_above_signal_proxy,58.11,48.62,10.54,58,mixed_sideways,28,fresh_bearish_cross,60.59,51.040001,0.16,-0.01046919,-0.00293022,0.07091903,0.11125628,4H RSI 位于健康强势区间,4H EMA 仍偏震荡；4H MACD 最近死叉
992,RCKY,ROCKY BRANDS INC,Consumer Discretionary,Early,Russell,568,49.65,61.26,67.1,6.16,4.41,70.1,74.0,56.37,72.0,confirmed_bullish_trend,59.55,bullish_above_signal_proxy,84.24,53.85,13.47,100,confirmed_bullish_trend,70,bullish_above_signal,70.13,49.869999,0.06,-0.01110452,0.01733984,0.24831033,0.23135800,4H EMA 多头排列已连续维持；4H MACD 位于 Signal 上方,4H RSI 偏热
993,SERV,SERVE ROBOTICS INC,Consumer Discretionary,Early,Russell,1495,49.58,29.13,87.7,30.99,56.52,59.12,61.8,32.79,15.0,bearish_transition,49.8,bullish_below_zero_proxy,31.17,43.23,0.0,76,early_transition,58,bullish_above_signal,59.17,5.59,0.14,-0.02951389,0.27771429,-0.07755776,-0.12996109,4H EMA9 已站上 EMA26，等待 26/50 确认；4H MACD 位于 Signal 上方；4H RSI 位于健康强势区间,
994,FCEL,FUELCELL ENERGY INC,Industrials,Early,Russell,1516,49.58,39.21,87.7,7.49,56.52,59.12,61.8,32.27,35.0,mixed_sideways,49.8,bullish_below_zero_proxy,11.43,39.29,0.0,76,early_transition,58,bullish_above_signal,49.63,21.59,0.1,-0.06048738,0.19380709,-0.16833587,-0.00963298,4H EMA9 已站上 EMA26，等待 26/50 确认；4H MACD 位于 Signal 上方；4H RSI 位于健康强势区间,
995,SNFCA,SECURITY NATIONAL FINANCIAL CORP C,Financials,Early,Russell,882,49.56,54.12,51.7,95.28,56.52,49.4,51.0,49.62,72.0,confirmed_bullish_trend,25.0,bearish_proxy,49.14,46.83,0.0,44,bearish_transition,70,bullish_above_signal,49.74,9.56,0.39,-0.01948718,0.00314795,0.00783136,0.04671537,4H MACD 位于 Signal 上方；4H RSI 位于健康强势区间,4H EMA 转弱或跌破 EMA26
996,HNI,HNI,Industrials,Early,Russell,800,49.55,59.65,67.1,10.72,2.28,65.64,69.05,50.88,72.0,confirmed_bullish_trend,59.55,bullish_above_signal_proxy,76.1,52.22,16.27,89,confirmed_bullish_trend,70,bullish_above_signal,72.94,48.580002,0.15,0.00621382,0.13717230,0.20605768,0.41798029,4H EMA 多头排列已连续维持；4H MACD 位于 Signal 上方,4H 相对 EMA26 超过 2 ATR，短线偏追高；4H RSI 偏热
997,WKC,WORLD KINECT,Energy,Early,Russell,588,49.54,55.6,54.4,17.75,56.52,46.3,47.55,55.51,72.0,confirmed_bullish_trend,20.0,fresh_bearish_cross_proxy,70.8,51.16,0.0,55,mixed_sideways,42,mixed_or_bearish,56.77,39.040001,0.17,0.00025626,-0.03006209,0.17803265,0.22152698,4H RSI 位于健康强势区间,4H EMA 仍偏震荡；4H MACD 尚未确认多头
998,TALO,TALOS ENERGY,Energy,Early,Russell,653,49.52,68.2,37.3,60.54,56.52,33.2,33.0,53.68,82.0,early_transition,20.0,fresh_bearish_cross_proxy,56.16,48.23,0.0,36,bearish_transition,28,fresh_bearish_cross,46.58,14.22,0.31,-0.01043841,-0.00210526,0.04635762,0.01898961,,4H EMA 转弱或跌破 EMA26；4H MACD 最近死叉
999,AMCX,AMC GLOBAL MEDIA INC CLASS A,Communication,Early,Russell,523,49.48,61.68,67.1,4.21,4.21,67.81,71.45,57.96,72.0,confirmed_bullish_trend,59.55,bullish_above_signal_proxy,89.87,53.97,13.59,89,confirmed_bullish_trend,78,bullish_above_signal,68.33,12.395,0.26,0.11616389,0.20926829,0.23950000,0.26221996,4H EMA 多头排列已连续维持；4H MACD 位于 Signal 上方；4H MACD 柱体连续扩张,4H 相对 EMA26 超过 2 ATR，短线偏追高；4H RSI 偏热
1000,PBYI,PUMA BIOTECHNOLOGY INC,Health Care,Early,Russell,1167,49.48,39.61,67.6,99.49,56.52,53.59,55.65,39.35,35.0,mixed_sideways,25.0,bearish_proxy,49.75,51.2,0.0,53,mixed_sideways,72,fresh_below_zero_cross,52.91,8.04,0.18,0.04551365,0.03143040,0.00941620,-0.00248139,4H MACD 刚金叉但仍需零轴确认；4H MACD 柱体连续扩张；4H RSI 位于健康强势区间,4H EMA 仍偏震荡
1001,CSW,CSW INDUSTRIALS,Industrials,Early,Russell,571,49.41,61.31,67.1,5.13,3.46,65.64,69.05,56.25,72.0,confirmed_bullish_trend,59.55,bullish_above_signal_proxy,86.86,54.37,14.45,89,confirmed_bullish_trend,70,bullish_above_signal,68.83,348.100006,0.22,-0.00556347,0.27888608,0.28057986,0.29511127,4H EMA 多头排列已连续维持；4H MACD 位于 Signal 上方,4H 相对 EMA26 超过 2 ATR，短线偏追高；4H RSI 偏热
1002,INFQ,INFLEQTION INC,Information Technology,Early,Russell,1506,49.39,29.05,87.7,29.96,56.52,59.12,61.8,32.55,15.0,bearish_transition,49.8,bullish_below_zero_proxy,30.44,43.09,0.0,76,early_transition,58,bullish_above_signal,57.17,10.96,0.14,-0.03648352,0.24122310,-0.06003431,-0.31328321,4H EMA9 已站上 EMA26，等待 26/50 确认；4H MACD 位于 Signal 上方；4H RSI 位于健康强势区间,
1003,UVSP,UNIVEST FINANCIAL CORP,Financials,Early,Russell,1163,49.38,39.06,73.0,85.74,56.52,57.77,60.3,39.46,35.0,mixed_sideways,25.0,bearish_proxy,51.99,47.4,0.0,58,mixed_sideways,80,fresh_above_zero_cross,50.54,44.450001,0.15,-0.01156326,-0.00291613,0.01739533,0.03588909,4H MACD 零轴上方刚金叉；4H RSI 位于健康强势区间,4H EMA 仍偏震荡
1004,SABR,SABRE,Consumer Discretionary,Early,Russell,321,49.32,62.03,75.1,79.43,56.52,67.62,71.25,61.34,75.0,confirmed_bullish_trend,63.15,bullish_above_signal_proxy,53.05,47.61,0.0,89,confirmed_bullish_trend,70,bullish_above_signal,66.42,2.105,0.41,-0.02995392,0.15888571,0.03439803,0.20285714,4H EMA 多头排列已连续维持；4H MACD 位于 Signal 上方；4H RSI 位于健康强势区间,4H 相对 EMA26 超过 2 ATR，短线偏追高
1005,TARS,TARSUS PHARMACEUTICALS,Health Care,Early,Russell,1489,49.29,29.74,87.7,27.66,56.52,62.36,65.4,32.88,15.0,bearish_transition,49.8,bullish_below_zero_proxy,29.52,47.15,0.0,76,early_transition,70,bullish_above_signal,52.97,60.384998,0.1,-0.00715229,0.03186941,-0.14444607,-0.08701241,4H EMA9 已站上 EMA26，等待 26/50 确认；4H MACD 位于 Signal 上方；4H RSI 位于健康强势区间,
1006,AGEN,AGENUS INC,Health Care,Early,Russell,421,49.27,62.79,67.1,1.03,2.98,65.64,69.05,59.97,72.0,confirmed_bullish_trend,59.55,bullish_above_signal_proxy,100.0,58.0,15.21,89,confirmed_bullish_trend,70,bullish_above_signal,69.29,7.9837,0.09,-0.00823602,0.20782148,1.28105714,1.59211039,4H EMA 多头排列已连续维持；4H MACD 位于 Signal 上方,4H 相对 EMA26 超过 2 ATR，短线偏追高；4H RSI 偏热
1007,XNCR,XENCOR,Health Care,Early,Russell,511,49.27,57.22,54.4,12.21,56.52,48.46,49.95,58.31,72.0,confirmed_bullish_trend,25.0,bearish_proxy,75.03,53.01,0.0,55,mixed_sideways,50,mixed_or_bearish,56.1,19.950001,0.19,-0.00399401,0.02098260,0.27313344,0.41589787,4H MACD 柱体连续扩张；4H RSI 位于健康强势区间,4H EMA 仍偏震荡；4H MACD 尚未确认多头
1008,QUAD,QUAD GRAPHICS INC CLASS A,Industrials,Early,Russell,399,49.24,62.41,65.2,3.8,7.49,55.07,57.3,60.25,72.0,confirmed_bullish_trend,59.55,bullish_above_signal_proxy,90.26,55.05,11.57,58,mixed_sideways,70,bullish_above_signal,63.41,10.195,0.27,-0.04182331,0.09859914,0.22979493,0.27119701,4H MACD 位于 Signal 上方；4H RSI 位于健康强势区间,4H EMA 仍偏震荡
1009,VYX,NCR VOYIX,Information Technology,Early,Russell,822,49.19,59.42,60.1,26.63,3.59,68.53,72.25,50.54,75.0,confirmed_bullish_trend,60.9,bullish_above_signal_proxy,65.63,50.13,14.39,89,confirmed_bullish_trend,78,bullish_above_signal,74.48,9.73,0.93,0.12096774,0.12420566,0.14201878,0.39198856,4H EMA 多头排列已连续维持；4H MACD 位于 Signal 上方；4H MACD 柱体连续扩张,4H 相对 EMA26 超过 2 ATR，短线偏追高；4H RSI 偏热
1010,TNET,TRINET GROUPINARY,Industrials,Early,Russell,531,49.19,61.43,64.3,7.8,7.95,64.52,67.8,57.41,72.0,confirmed_bullish_trend,59.55,bullish_above_signal_proxy,81.13,53.23,11.41,100,confirmed_bullish_trend,42,mixed_or_bearish,61.06,69.480003,0.14,0.00506301,-0.01236667,0.24605462,0.51802497,4H EMA 多头排列已连续维持；4H RSI 位于健康强势区间,4H MACD 尚未确认多头
1011,CSTL,CASTLE BIOSCIENCES,Health Care,Early,Russell,554,49.18,61.85,67.1,3.18,2.1,65.64,69.05,56.89,72.0,confirmed_bullish_trend,59.55,bullish_above_signal_proxy,94.67,56.93,16.54,89,confirmed_bullish_trend,70,bullish_above_signal,71.14,31.049999,0.07,-0.01256165,0.26993856,0.30270612,0.45297134,4H EMA 多头排列已连续维持；4H MACD 位于 Signal 上方,4H 相对 EMA26 超过 2 ATR，短线偏追高；4H RSI 偏热
1012,WHD,CACTUS CLASS A,Energy,Early,Russell,635,49.17,60.78,67.1,5.44,2.36,65.64,69.05,54.27,72.0,confirmed_bullish_trend,59.55,bullish_above_signal_proxy,85.75,54.15,16.07,89,confirmed_bullish_trend,70,bullish_above_signal,72.23,66.074997,0.13,-0.00713758,0.26386760,0.27165124,0.25023651,4H EMA 多头排列已连续维持；4H MACD 位于 Signal 上方,4H 相对 EMA26 超过 2 ATR，短线偏追高；4H RSI 偏热
1013,IRWD,IRONWOOD PHARMA CLASS A,Health Care,Early,Russell,520,49.15,61.01,75.1,80.71,56.52,72.08,76.2,58.13,72.0,confirmed_bullish_trend,61.8,bullish_above_signal_proxy,46.6,47.32,0.0,100,confirmed_bullish_trend,70,bullish_above_signal,57.3,4.25,0.18,-0.04386952,0.19718310,-0.04921700,0.10246433,4H EMA 多头排列已连续维持；4H MACD 位于 Signal 上方；4H RSI 位于健康强势区间,
1014,FBP,FIRST BANCORP,Financials,Early,Russell,1112,49.09,51.31,64.3,31.76,6.46,64.52,67.8,40.39,72.0,confirmed_bullish_trend,17.75,fresh_bearish_cross_proxy,63.37,49.67,12.11,100,confirmed_bullish_trend,42,mixed_or_bearish,63.23,29.190001,0.1,-0.00612870,0.00933613,0.10904259,0.11221185,4H EMA 多头排列已连续维持；4H RSI 位于健康强势区间,4H MACD 尚未确认多头
1015,TNXP,TONIX PHARMACEUTICALS HOLDING,Health Care,Early,Russell,1565,49.07,29.26,90.4,20.11,56.52,66.41,69.9,31.47,15.0,bearish_transition,49.8,bullish_below_zero_proxy,25.24,46.3,0.0,94,fresh_bullish_cross,58,bullish_above_signal,56.44,11.215,0.09,0.00402865,0.18177028,-0.11797090,-0.06229097,4H EMA9/26 最近金叉且价格在 EMA50 上方；4H MACD 位于 Signal 上方；4H RSI 位于健康强势区间,
1016,CMCO,COLUMBUS MCKINNON CORP,Industrials,Early,Russell,480,49.07,62.39,67.1,1.03,2.41,65.64,69.05,58.99,72.0,confirmed_bullish_trend,59.55,bullish_above_signal_proxy,100.0,57.0,16.05,89,confirmed_bullish_trend,70,bullish_above_signal,71.24,21.495001,0.18,0.00467404,0.46823777,0.61981922,0.52934906,4H EMA 多头排列已连续维持；4H MACD 位于 Signal 上方,4H 相对 EMA26 超过 2 ATR，短线偏追高；4H RSI 偏热
1017,LILAK,LIBERTY LATIN AMERICA CLASS C,Communication,Early,Russell,802,49.07,58.98,50.8,47.1,10.47,43.73,44.7,50.85,72.0,confirmed_bullish_trend,59.55,bullish_above_signal_proxy,59.0,47.8,10.51,58,mixed_sideways,28,fresh_bearish_cross,61.43,8.191,0.2,-0.00895342,-0.02430018,0.10094086,0.39066214,4H RSI 位于健康强势区间,4H EMA 仍偏震荡；4H MACD 最近死叉
1018,LPTH,LIGHTPATH TECHNOLOGIES INC CLASS A,Information Technology,Early,Russell,1587,49.06,28.56,90.4,21.65,56.52,66.41,69.9,31.11,15.0,bearish_transition,49.8,bullish_below_zero_proxy,26.08,42.22,0.0,94,fresh_bullish_cross,58,bullish_above_signal,57.6,12.23,0.1,-0.02782194,0.30383795,-0.03693204,-0.10106578,4H EMA9/26 最近金叉且价格在 EMA50 上方；4H MACD 位于 Signal 上方；4H RSI 位于健康强势区间,
1019,QUIK,QUICKLOGIC CORP,Information Technology,Early,Russell,1514,49.05,28.96,87.7,27.91,56.52,58.31,60.9,32.28,15.0,bearish_transition,49.8,bullish_below_zero_proxy,29.63,42.93,0.0,74,early_transition,58,bullish_above_signal,53.52,14.0058,0.11,-0.03740206,0.17498322,-0.07061712,-0.29777889,4H EMA9 已站上 EMA26，等待 26/50 确认；4H MACD 位于 Signal 上方；4H RSI 位于健康强势区间,
1020,VELO,VELO3D INC,Industrials,Early,Russell,1597,48.9,28.5,90.4,20.73,56.52,66.41,69.9,30.93,15.0,bearish_transition,49.8,bullish_below_zero_proxy,25.53,42.11,0.0,94,fresh_bullish_cross,58,bullish_above_signal,61.51,13.04,0.26,0.00000000,0.54593954,-0.04047093,-0.36943907,4H EMA9/26 最近金叉且价格在 EMA50 上方；4H MACD 位于 Signal 上方；4H RSI 位于健康强势区间,
1021,CDNA,CAREDX,Health Care,Early,Russell,559,48.8,61.96,67.1,1.03,1.18,65.64,69.05,56.65,72.0,confirmed_bullish_trend,59.55,bullish_above_signal_proxy,100.0,58.0,18.53,89,confirmed_bullish_trend,70,bullish_above_signal,73.37,46.259998,0.19,-0.02917112,0.30714889,0.63405156,0.84302781,4H EMA 多头排列已连续维持；4H MACD 位于 Signal 上方,4H 相对 EMA26 超过 2 ATR，短线偏追高；4H RSI 偏热
1022,XENE,XENON PHARMACEUTICALS,Health Care,Early,Russell,887,48.78,54.66,54.1,82.4,56.52,48.73,50.25,49.52,72.0,confirmed_bullish_trend,25.0,bearish_proxy,46.93,50.64,0.0,41,bearish_transition,72,fresh_below_zero_cross,49.81,64.25,0.32,0.01101496,0.01854784,0.01452705,0.17673997,4H MACD 刚金叉但仍需零轴确认；4H MACD 柱体连续扩张；4H RSI 位于健康强势区间,4H EMA 转弱或跌破 EMA26
1023,ATEC,ALPHATEC HOLDNGS,Health Care,Early,Russell,869,48.7,46.49,65.2,84.66,56.52,55.07,57.3,49.77,38.0,mixed_sideways,61.8,bullish_above_signal_proxy,52.18,48.44,0.0,58,mixed_sideways,70,bullish_above_signal,52.88,9.51,0.42,-0.06120434,-0.01501813,0.01440000,0.11948205,4H MACD 位于 Signal 上方；4H RSI 位于健康强势区间,4H EMA 仍偏震荡
1024,FLNC,FLUENCE ENERGY INC CLASS A,Industrials,Early,Russell,1490,48.62,29.22,87.7,24.42,56.52,58.31,60.9,32.87,18.0,bearish_transition,51.15,bullish_below_zero_proxy,27.69,42.54,0.0,74,early_transition,58,bullish_above_signal,50.7,14.565,0.34,-0.06274131,0.22601010,-0.10148051,-0.31394253,4H EMA9 已站上 EMA26，等待 26/50 确认；4H MACD 位于 Signal 上方；4H RSI 位于健康强势区间,
1025,TWST,TWIST BIOSCIENCE,Health Care,Early,Russell,613,48.6,60.84,60.1,17.14,6.98,67.81,71.45,54.95,75.0,confirmed_bullish_trend,60.9,bullish_above_signal_proxy,71.16,52.23,11.96,89,confirmed_bullish_trend,78,bullish_above_signal,74.13,112.290001,0.24,0.10489033,0.31456338,0.23409170,0.32136970,4H EMA 多头排列已连续维持；4H MACD 位于 Signal 上方；4H MACD 柱体连续扩张,4H 相对 EMA26 超过 2 ATR，短线偏追高；4H RSI 偏热
1026,ZIP,ZIPRECRUITER INC CLASS A,Communication,Early,Russell,406,48.42,61.44,75.1,74.81,56.52,72.08,76.2,60.18,72.0,confirmed_bullish_trend,61.8,bullish_above_signal_proxy,53.74,46.75,0.0,100,confirmed_bullish_trend,70,bullish_above_signal,57.72,4.335,0.1,-0.02033898,0.04081633,0.10025381,0.34627329,4H EMA 多头排列已连续维持；4H MACD 位于 Signal 上方；4H RSI 位于健康强势区间,
1027,OSW,ONESPAWORLD HOLDINGS LTD,Consumer Discretionary,Early,Russell,1187,48.34,38.91,67.6,93.54,56.52,55.61,57.9,39.0,35.0,mixed_sideways,25.0,bearish_proxy,50.62,47.12,0.0,58,mixed_sideways,72,fresh_below_zero_cross,52.09,26.57,0.16,0.00529701,0.02211960,-0.02745242,-0.05411178,4H MACD 刚金叉但仍需零轴确认；4H MACD 柱体连续扩张；4H RSI 位于健康强势区间,4H EMA 仍偏震荡
1028,CELC,CELCUITY,Health Care,Early,Russell,1653,48.33,28.29,90.4,17.44,56.52,65.6,69.0,29.92,15.0,bearish_transition,49.8,bullish_below_zero_proxy,22.02,42.4,0.0,92,fresh_bullish_cross,58,bullish_above_signal,58.26,92.93,0.11,0.00606254,0.11708135,-0.19645483,0.03118061,4H EMA9/26 最近金叉且价格在 EMA50 上方；4H MACD 位于 Signal 上方；4H RSI 位于健康强势区间,
1029,SNEX,STONEX GROUP INC,Financials,Early,Russell,1714,48.25,37.92,87.7,1.64,56.52,58.31,60.9,28.5,35.0,mixed_sideways,49.8,bullish_below_zero_proxy,0.0,37.0,0.0,74,early_transition,58,bullish_above_signal,52.83,76.389999,0.21,0.01172111,0.05994171,-0.05644763,-0.16985436,4H EMA9 已站上 EMA26，等待 26/50 确认；4H MACD 位于 Signal 上方；4H RSI 位于健康强势区间,
1030,SDRL,SEADRILL,Energy,Early,Russell,612,48.25,68.65,40.9,41.41,56.52,38.6,39.0,54.97,82.0,early_transition,20.0,fresh_bearish_cross_proxy,60.08,49.02,0.0,36,bearish_transition,42,mixed_or_bearish,48.08,42.349998,0.17,-0.00047206,0.02393610,0.09403253,0.06540875,4H RSI 位于健康强势区间,4H EMA 转弱或跌破 EMA26；4H MACD 尚未确认多头
1031,MLP,MAUI LAND AND PINEAPPLE INC,Real Estate,Early,Russell,911,48.19,46.4,65.2,81.48,56.52,55.79,58.1,49.08,35.0,mixed_sideways,61.8,bullish_above_signal_proxy,52.6,49.02,0.0,58,mixed_sideways,70,bullish_above_signal,51.45,17.5,1.0,-0.03314917,-0.00057110,0.02249489,-0.04710046,4H MACD 位于 Signal 上方；4H RSI 位于健康强势区间,4H EMA 仍偏震荡
1032,BWB,BRIDGEWATER BANCSHARES INC,Financials,Early,Russell,1214,48.16,38.79,65.2,98.97,56.52,53.99,56.1,38.67,35.0,mixed_sideways,25.0,bearish_proxy,49.61,46.92,0.0,58,mixed_sideways,66,bullish_above_signal,52.07,21.08,0.47,-0.00094787,0.01297458,-0.00519117,0.02979976,4H MACD 位于 Signal 上方；4H MACD 柱体连续扩张；4H RSI 位于健康强势区间,4H EMA 仍偏震荡
1033,GPOR,GULFPORT ENERGY,Energy,Early,Russell,1360,48.03,30.26,73.3,56.44,56.52,48.5,50.0,36.09,15.0,bearish_transition,49.8,bullish_below_zero_proxy,41.18,45.24,0.0,68,early_transition,28,fresh_bearish_cross,48.19,156.399994,0.59,0.00243552,-0.00305973,-0.06161879,-0.03115901,4H EMA9 已站上 EMA26，等待 26/50 确认；4H RSI 位于健康强势区间,4H MACD 最近死叉
1034,CRNC,CERENCE,Information Technology,Early,Russell,1580,48.01,28.58,87.7,21.86,56.52,58.31,60.9,31.18,15.0,bearish_transition,49.8,bullish_below_zero_proxy,26.29,42.26,0.0,74,early_transition,58,bullish_above_signal,55.2,9.225,0.13,-0.00565885,0.16037736,-0.10436893,-0.08300199,4H EMA9 已站上 EMA26，等待 26/50 确认；4H MACD 位于 Signal 上方；4H RSI 位于健康强势区间,
1035,HOMB,HOME BANCSHARES INC,Financials,Early,Russell,1091,48.01,51.33,54.4,47.2,12.01,47.51,48.9,41.0,72.0,confirmed_bullish_trend,17.75,fresh_bearish_cross_proxy,58.98,48.8,10.05,58,mixed_sideways,42,mixed_or_bearish,59.66,31.295,0.14,-0.00980857,-0.00397836,0.09213048,0.11053939,4H RSI 位于健康强势区间,4H EMA 仍偏震荡；4H MACD 尚未确认多头
1036,NOG,NORTHERN OIL AND GAS,Energy,Early,Russell,643,48.0,68.72,32.9,60.9,56.52,36.98,37.2,54.08,82.0,early_transition,20.0,fresh_bearish_cross_proxy,56.12,50.97,0.0,36,bearish_transition,42,mixed_or_bearish,42.43,20.01,0.16,-0.02485380,-0.04940613,0.08279221,0.03038105,,4H EMA 转弱或跌破 EMA26；4H MACD 尚未确认多头
1037,RPAY,REPAY HOLDINGS CORP CLASS A,Financials,Early,Russell,474,47.93,61.19,65.2,98.51,56.52,55.07,57.3,59.07,72.0,confirmed_bullish_trend,61.8,bullish_above_signal_proxy,49.92,46.98,0.0,58,mixed_sideways,70,bullish_above_signal,53.82,4.04,0.1,-0.02060606,0.00248139,-0.00123609,0.27444795,4H MACD 位于 Signal 上方；4H RSI 位于健康强势区间,4H EMA 仍偏震荡
1038,ARCT,ARCTURUS THERAPEUTICS HOLDINGS INC,Health Care,Early,Russell,1589,47.91,28.69,87.7,20.93,56.52,58.31,60.9,31.08,15.0,bearish_transition,49.8,bullish_below_zero_proxy,25.56,43.11,0.0,74,early_transition,58,bullish_above_signal,56.78,6.2,0.23,0.03505843,0.07359307,-0.18259723,-0.12305516,4H EMA9 已站上 EMA26，等待 26/50 确认；4H MACD 位于 Signal 上方；4H RSI 位于健康强势区间,
1039,HVT,HAVERTY FURNITURE COMPANIES INC,Consumer Discretionary,Early,Russell,676,47.73,60.31,60.1,14.67,3.85,67.81,71.45,53.24,75.0,confirmed_bullish_trend,60.9,bullish_above_signal_proxy,72.83,51.57,14.07,89,confirmed_bullish_trend,78,bullish_above_signal,74.71,28.84,0.14,0.03778334,0.11179641,0.14717586,0.16619490,4H EMA 多头排列已连续维持；4H MACD 位于 Signal 上方；4H MACD 柱体连续扩张,4H 相对 EMA26 超过 2 ATR，短线偏追高；4H RSI 偏热
1040,VERX,VERTEX INC CLASS A,Information Technology,Early,Russell,982,47.64,65.97,40.9,43.61,56.52,36.98,37.2,47.12,82.0,early_transition,20.0,fresh_bearish_cross_proxy,36.26,44.25,0.0,36,bearish_transition,42,mixed_or_bearish,45.29,12.015,0.29,0.03578479,-0.09831144,-0.10302352,0.10128323,,4H EMA 转弱或跌破 EMA26；4H MACD 尚未确认多头
1041,DHC,DIVERSIFIED HEALTHCARE TRUST,Real Estate,Early,Russell,1152,47.63,39.31,67.6,87.89,56.52,54.31,56.45,39.58,35.0,mixed_sideways,25.0,bearish_proxy,51.68,48.84,0.0,53,mixed_sideways,72,fresh_below_zero_cross,56.07,9.205,0.64,0.04960091,0.03601576,-0.00054289,0.00766284,4H MACD 刚金叉但仍需零轴确认；4H MACD 柱体连续扩张；4H RSI 位于健康强势区间,4H EMA 仍偏震荡
1042,FLY,FIREFLY AEROSPACE,Industrials,Early,Russell,1605,47.62,28.89,87.7,18.47,56.52,58.31,60.9,30.79,15.0,bearish_transition,49.8,bullish_below_zero_proxy,23.64,44.98,0.0,74,early_transition,58,bullish_above_signal,57.6,22.58,0.12,-0.01612205,0.26515603,-0.12016490,-0.17000551,4H EMA9 已站上 EMA26，等待 26/50 确认；4H MACD 位于 Signal 上方；4H RSI 位于健康强势区间,
1043,NN,NEXTNAV,Information Technology,Early,Russell,1613,47.58,28.41,87.7,19.39,56.52,60.47,63.3,30.67,15.0,bearish_transition,49.8,bullish_below_zero_proxy,24.75,41.95,0.0,74,early_transition,66,bullish_above_signal,57.8,14.49,0.49,0.03278689,0.10526316,-0.14260355,-0.15362154,4H EMA9 已站上 EMA26，等待 26/50 确认；4H MACD 位于 Signal 上方；4H MACD 柱体连续扩张；4H RSI 位于健康强势区间,
1044,EGHT,8X8 INC,Information Technology,Early,Russell,599,47.57,73.86,75.1,31.45,9.59,67.62,71.25,55.27,82.0,early_transition,59.55,bullish_above_signal_proxy,63.47,49.69,10.71,89,confirmed_bullish_trend,70,bullish_above_signal,67.08,2.2901,0.12,0.07014019,0.15661616,0.15954430,0.38793939,4H EMA 多头排列已连续维持；4H MACD 位于 Signal 上方；4H RSI 位于健康强势区间,4H 相对 EMA26 超过 2 ATR，短线偏追高
1045,WNEB,WESTERN NEW ENGLAND BANCORP INC,Financials,Early,Russell,1166,47.45,39.04,67.6,87.33,56.52,54.31,56.45,39.38,35.0,mixed_sideways,25.0,bearish_proxy,51.77,47.35,0.0,53,mixed_sideways,72,fresh_below_zero_cross,54.7,14.04,0.6,0.02556611,0.08752905,-0.01091934,0.00071276,4H MACD 刚金叉但仍需零轴确认；4H MACD 柱体连续扩张；4H RSI 位于健康强势区间,4H EMA 仍偏震荡
1046,CMRC,BIGCOMMERCE HOLDINGS SERIES,Information Technology,Early,Russell,275,47.42,62.26,75.1,66.24,56.52,71.29,73.65,62.02,75.0,confirmed_bullish_trend,63.15,bullish_above_signal_proxy,55.1,48.02,0.0,89,confirmed_bullish_trend,78,bullish_above_signal,65.27,3.395,0.17,0.04945904,0.02878788,0.06093750,0.25508318,4H EMA 多头排列已连续维持；4H MACD 位于 Signal 上方；4H MACD 柱体连续扩张；4H RSI 位于健康强势区间,4H 相对 EMA26 超过 2 ATR，短线偏追高
1047,LXRX,LEXICON PHARMACEUTICALS INC,Health Care,Early,Russell,527,47.4,61.34,75.1,68.24,56.52,74.24,78.6,57.8,72.0,confirmed_bullish_trend,61.8,bullish_above_signal_proxy,44.13,50.08,0.0,100,confirmed_bullish_trend,78,bullish_above_signal,59.69,2.445,0.16,0.02947368,0.05387931,0.03382664,0.13457077,4H EMA 多头排列已连续维持；4H MACD 位于 Signal 上方；4H MACD 柱体连续扩张；4H RSI 位于健康强势区间,
1048,TRAX,FIRST TRACKS BIOTHERAPEUTICS INC,Health Care,Early,Russell,205,47.35,63.57,60.7,1.03,6.64,62.24,63.6,63.1,72.0,confirmed_bullish_trend,59.55,bullish_above_signal_proxy,100.0,58.0,12.09,100,confirmed_bullish_trend,28,fresh_bearish_cross,62.85,46.32,0.15,-0.04529297,0.10023758,1.33703330,1.61104848,4H EMA 多头排列已连续维持；4H RSI 位于健康强势区间,4H MACD 最近死叉
1049,LEE,LEE ENTERPRISES INC,Communication,Early,Russell,1643,47.28,28.06,87.7,18.16,56.52,58.31,60.9,30.04,15.0,bearish_transition,49.8,bullish_below_zero_proxy,23.3,40.66,0.0,74,early_transition,58,bullish_above_signal,54.16,8.13,0.41,0.01119403,0.03172589,-0.13233725,-0.09263393,4H EMA9 已站上 EMA26，等待 26/50 确认；4H MACD 位于 Signal 上方；4H RSI 位于健康强势区间,
1050,OFRM,ONCE UPON A FARM PBC,Consumer Staples,Early,Russell,1724,47.24,27.94,90.4,10.98,56.52,66.41,69.9,28.19,15.0,bearish_transition,49.8,bullish_below_zero_proxy,15.98,42.95,0.0,94,fresh_bullish_cross,58,bullish_above_signal,57.5,17.174999,0.13,-0.00319216,0.08978420,-0.20522914,-0.14210794,4H EMA9/26 最近金叉且价格在 EMA50 上方；4H MACD 位于 Signal 上方；4H RSI 位于健康强势区间,
1051,MTRN,MATERION,Materials,Early,Russell,1054,47.24,46.04,82.4,24.63,4.67,61.73,64.7,42.94,38.0,mixed_sideways,69.55,fresh_below_zero_cross_proxy,66.29,50.26,13.28,82,fresh_bullish_cross,66,bullish_above_signal,72.33,291.700012,0.45,0.28222606,0.54089973,0.18026453,0.10042261,4H EMA9/26 最近金叉且价格在 EMA50 上方；4H MACD 位于 Signal 上方；4H MACD 柱体连续扩张,4H 相对 EMA26 超过 2 ATR，短线偏追高；4H RSI 偏热
1052,NABL,N ABLE INC,Information Technology,Early,Russell,363,47.23,61.78,75.1,66.09,56.52,72.8,77.0,60.78,72.0,confirmed_bullish_trend,61.8,bullish_above_signal_proxy,55.11,48.02,0.0,100,confirmed_bullish_trend,70,bullish_above_signal,60.27,4.955,0.55,-0.03692906,0.10356347,0.12741752,0.57802548,4H EMA 多头排列已连续维持；4H MACD 位于 Signal 上方；4H RSI 位于健康强势区间,
1053,AIRJ,AIRJOULE TECHNOLOGIES CLASS A,Industrials,Early,Russell,546,47.2,61.53,60.1,7.59,4.87,65.64,69.05,57.08,75.0,confirmed_bullish_trend,60.9,bullish_above_signal_proxy,81.57,53.31,13.11,89,confirmed_bullish_trend,70,bullish_above_signal,74.02,5.935,0.23,0.00935374,0.47820672,0.31082006,0.17874876,4H EMA 多头排列已连续维持；4H MACD 位于 Signal 上方,4H 相对 EMA26 超过 2 ATR，短线偏追高；4H RSI 偏热
1054,TEX,TEREX,Industrials,Early,Russell,1162,47.2,39.07,67.6,85.58,56.52,55.61,57.9,39.47,35.0,mixed_sideways,25.0,bearish_proxy,52.03,47.41,0.0,58,mixed_sideways,72,fresh_below_zero_cross,52.63,66.739998,0.18,-0.00074866,0.03248761,0.00255367,-0.01795175,4H MACD 刚金叉但仍需零轴确认；4H MACD 柱体连续扩张；4H RSI 位于健康强势区间,4H EMA 仍偏震荡
1055,PRLB,PROTO LABS,Industrials,Early,Russell,669,47.18,60.26,60.1,10.88,4.16,65.74,69.15,53.39,72.0,confirmed_bullish_trend,59.55,bullish_above_signal_proxy,75.82,52.16,13.67,89,confirmed_bullish_trend,78,bullish_above_signal,75.08,89.584999,0.28,0.01145985,0.25627544,0.20499022,0.12346377,4H EMA 多头排列已连续维持；4H MACD 位于 Signal 上方；4H MACD 柱体连续扩张,4H 相对 EMA26 超过 2 ATR，短线偏追高；4H RSI 过热
1056,OEC,ORION SA,Materials,Early,Russell,644,47.12,68.34,32.9,55.93,56.52,36.98,37.2,54.08,82.0,early_transition,20.0,fresh_bearish_cross_proxy,57.36,48.47,0.0,36,bearish_transition,42,mixed_or_bearish,44.03,6.53,0.18,-0.01804511,-0.08543417,0.15985790,-0.04741065,,4H EMA 转弱或跌破 EMA26；4H MACD 尚未确认多头
1057,BNAI,BRAND ENGAGEMENT NETWORK INC,Information Technology,Early,Russell,1664,47.06,28.56,87.7,15.55,56.52,58.31,60.9,29.71,15.0,bearish_transition,49.8,bullish_below_zero_proxy,20.27,44.55,0.0,74,early_transition,58,bullish_above_signal,57.96,13.32,0.09,0.00376790,0.15125324,-0.12941176,-0.33244797,4H EMA9 已站上 EMA26，等待 26/50 确认；4H MACD 位于 Signal 上方；4H RSI 位于健康强势区间,
1058,MRAM,EVERSPIN TECHNOLOGIES INC,Information Technology,Early,Russell,1625,47.05,28.41,87.7,15.8,56.52,58.31,60.9,30.51,18.0,bearish_transition,51.15,bullish_below_zero_proxy,20.51,41.1,0.0,74,early_transition,58,bullish_above_signal,53.57,16.370001,0.24,-0.06829818,0.26702794,-0.07461842,-0.27376776,4H EMA9 已站上 EMA26，等待 26/50 确认；4H MACD 位于 Signal 上方；4H RSI 位于健康强势区间,
1059,PTEN,PATTERSON UTI ENERGY INC,Energy,Early,Russell,1069,47.04,32.31,73.3,45.1,56.52,48.19,49.65,42.1,15.0,bearish_transition,49.8,bullish_below_zero_proxy,59.4,48.88,0.0,73,early_transition,28,fresh_bearish_cross,46.85,9.78,0.19,-0.03597831,0.04767006,0.06943685,-0.02686567,4H EMA9 已站上 EMA26，等待 26/50 确认,4H MACD 最近死叉
1060,HSTM,HEALTHSTREAM,Health Care,Early,Russell,1307,46.95,37.93,65.2,92.97,56.52,55.07,57.3,37.28,35.0,mixed_sideways,20.0,fresh_bearish_cross_proxy,48.71,47.74,0.0,58,mixed_sideways,70,bullish_above_signal,50.25,28.41,0.36,-0.07444209,-0.03727550,-0.00140601,0.10760234,4H MACD 位于 Signal 上方；4H RSI 位于健康强势区间,4H EMA 仍偏震荡
1061,PGEN,PRECIGEN,Health Care,Early,Russell,577,46.93,61.28,60.1,7.18,3.64,65.64,69.05,56.05,75.0,confirmed_bullish_trend,59.55,bullish_above_signal_proxy,82.38,54.48,14.23,89,confirmed_bullish_trend,70,bullish_above_signal,74.7,6.835,0.45,0.02152145,0.25758970,0.24047187,0.27757009,4H EMA 多头排列已连续维持；4H MACD 位于 Signal 上方,4H 相对 EMA26 超过 2 ATR，短线偏追高；4H RSI 偏热
1062,FMNB,FARMERS NATIONAL BANC CORP,Financials,Early,Russell,854,46.92,59.02,50.8,35.61,6.05,43.73,44.7,50.09,72.0,confirmed_bullish_trend,59.55,bullish_above_signal_proxy,61.78,49.36,12.33,58,mixed_sideways,28,fresh_bearish_cross,64.53,15.915,0.1,-0.01149068,-0.00313185,0.10905923,0.10674548,4H RSI 位于健康强势区间,4H EMA 仍偏震荡；4H MACD 最近死叉
1063,TTGT,TECHTARGET INC,Communication,Early,Russell,143,46.82,76.12,50.8,54.69,56.52,44.02,43.35,64.45,82.0,early_transition,61.8,bullish_above_signal_proxy,57.58,47.52,0.0,55,mixed_sideways,28,fresh_bearish_cross,56.55,4.38,0.15,0.02217036,-0.03204420,0.13618677,0.21835883,4H RSI 位于健康强势区间,4H EMA 仍偏震荡；4H MACD 最近死叉
1064,STRO,SUTRO BIOPHARMA INC,Health Care,Early,Russell,1689,46.76,28.03,87.7,14.78,56.52,58.31,60.9,29.16,15.0,bearish_transition,49.8,bullish_below_zero_proxy,19.73,41.95,0.0,74,early_transition,58,bullish_above_signal,53.0,25.219999,0.2,-0.01098043,0.08008561,-0.21603977,-0.13452300,4H EMA9 已站上 EMA26，等待 26/50 确认；4H MACD 位于 Signal 上方；4H RSI 位于健康强势区间,
1065,JXN,JACKSON FINANCIAL CLASS A,Financials,Early,Russell,724,46.74,60.01,60.1,9.65,2.51,65.74,69.15,52.07,72.0,confirmed_bullish_trend,59.55,bullish_above_signal_proxy,78.31,52.66,15.81,89,confirmed_bullish_trend,78,bullish_above_signal,75.69,134.580002,0.19,0.00089242,0.11703186,0.23219191,0.22534826,4H EMA 多头排列已连续维持；4H MACD 位于 Signal 上方；4H MACD 柱体连续扩张,4H 相对 EMA26 超过 2 ATR，短线偏追高；4H RSI 过热
1066,IKT,INHIBIKASE THERAPEUTICS,Health Care,Early,Russell,230,46.68,62.57,82.9,39.82,56.52,78.44,81.6,62.72,72.0,confirmed_bullish_trend,61.8,bullish_above_signal_proxy,60.51,50.1,0.0,100,confirmed_bullish_trend,88,fresh_above_zero_cross,61.03,2.4,0.25,0.03004292,0.08108108,0.17359413,0.29032258,4H EMA 多头排列已连续维持；4H MACD 零轴上方刚金叉；4H MACD 柱体连续扩张；4H RSI 位于健康强势区间,
1067,SHAK,SHAKE SHACK INC CLASS A,Consumer Discretionary,Early,Russell,547,46.68,75.06,53.85,4.82,1.44,66.46,69.95,57.08,85.0,early_transition,59.55,bullish_above_signal_proxy,88.15,54.63,17.95,89,confirmed_bullish_trend,78,bullish_above_signal,80.49,71.705002,0.81,0.09406471,0.13763292,0.30515113,0.32419205,4H EMA 多头排列已连续维持；4H MACD 位于 Signal 上方；4H MACD 柱体连续扩张,4H 相对 EMA26 超过 2 ATR，短线偏追高；4H RSI 过热
1068,PRK,PARK NATIONAL CORP,Financials,Early,Russell,707,46.62,59.75,52.7,25.45,8.13,58.76,61.4,52.5,72.0,confirmed_bullish_trend,59.55,bullish_above_signal_proxy,65.99,50.2,11.31,100,confirmed_bullish_trend,28,fresh_bearish_cross,68.46,208.949997,0.03,0.00580039,-0.01350267,0.12994808,0.16543034,4H EMA 多头排列已连续维持,4H MACD 最近死叉；4H RSI 偏热
1069,GCT,GIGACLOUD TECHNOLOGY INC CLASS A,Consumer Discretionary,Early,Russell,548,46.61,62.13,60.1,3.69,2.72,63.58,66.75,57.05,72.0,confirmed_bullish_trend,59.55,bullish_above_signal_proxy,91.18,58.49,15.57,89,confirmed_bullish_trend,70,bullish_above_signal,75.38,45.744999,0.13,-0.01156007,0.09924298,0.35540738,0.37331125,4H EMA 多头排列已连续维持；4H MACD 位于 Signal 上方,4H 相对 EMA26 超过 2 ATR，短线偏追高；4H RSI 过热
1070,RBCAA,REPUBLIC BANCORP INC CLASS A,Financials,Early,Russell,879,46.61,58.98,52.7,29.76,4.26,54.31,56.45,49.66,72.0,confirmed_bullish_trend,59.55,bullish_above_signal_proxy,64.15,49.83,13.55,89,confirmed_bullish_trend,28,fresh_bearish_cross,69.56,100.879997,0.03,-0.00610840,0.01163253,0.11691759,0.15707977,4H EMA 多头排列已连续维持,4H 相对 EMA26 超过 2 ATR，短线偏追高；4H MACD 最近死叉；4H RSI 偏热
1071,BXC,BLUELINX HOLDINGS,Industrials,Early,Russell,542,46.6,61.8,60.1,4.41,2.67,65.74,69.15,57.2,75.0,confirmed_bullish_trend,60.9,bullish_above_signal_proxy,89.54,54.91,15.62,89,confirmed_bullish_trend,78,bullish_above_signal,75.27,74.099998,0.37,0.13233490,0.33851150,0.38117419,0.35739143,4H EMA 多头排列已连续维持；4H MACD 位于 Signal 上方；4H MACD 柱体连续扩张,4H 相对 EMA26 超过 2 ATR，短线偏追高；4H RSI 过热
1072,NBBK,NB BANCORP INC,Financials,Early,Russell,672,46.5,59.93,50.8,27.19,11.29,43.73,44.7,53.31,72.0,confirmed_bullish_trend,59.55,bullish_above_signal_proxy,65.24,50.05,10.26,58,mixed_sideways,28,fresh_bearish_cross,64.78,23.08,0.15,-0.01029160,0.01898455,0.10642372,0.11443752,4H RSI 位于健康强势区间,4H EMA 仍偏震荡；4H MACD 最近死叉
1073,CBU,COMMUNITY FINANCIAL SYSTEM INC,Financials,Early,Russell,1260,46.47,38.59,65.2,88.2,56.52,51.83,53.7,38.08,35.0,mixed_sideways,25.0,bearish_proxy,47.83,46.57,0.0,58,mixed_sideways,58,bullish_above_signal,50.47,66.410004,0.1,-0.01644101,0.03041128,-0.00680467,0.02801867,4H MACD 位于 Signal 上方；4H RSI 位于健康强势区间,4H EMA 仍偏震荡
1074,AMTB,AMERANT BANCORP CLASS A,Financials,Early,Russell,683,46.41,59.98,54.4,19.55,7.23,47.51,48.9,53.05,72.0,confirmed_bullish_trend,59.55,bullish_above_signal_proxy,69.06,50.81,11.78,58,mixed_sideways,42,mixed_or_bearish,63.21,29.5,0.1,-0.01732179,0.00135781,0.15324472,0.21399182,4H RSI 位于健康强势区间,4H EMA 仍偏震荡；4H MACD 尚未确认多头
1075,MAN,MANPOWER INC,Industrials,Early,Russell,747,46.36,55.72,64.3,3.39,6.29,66.68,70.2,51.75,72.0,confirmed_bullish_trend,22.75,bearish_proxy,94.31,55.86,12.21,100,confirmed_bullish_trend,50,mixed_or_bearish,62.77,54.575001,0.09,0.01308710,-0.02352832,0.38691242,0.69224809,4H EMA 多头排列已连续维持；4H MACD 柱体连续扩张；4H RSI 位于健康强势区间,4H MACD 尚未确认多头
1076,PRM,PERIMETER SOLUTIONS,Materials,Early,Russell,1144,46.35,39.18,67.6,79.63,56.52,53.59,55.65,39.79,35.0,mixed_sideways,25.0,bearish_proxy,53.0,47.6,0.0,53,mixed_sideways,72,fresh_below_zero_cross,54.5,34.82,0.16,0.04407802,0.00345818,0.04095662,-0.02791736,4H MACD 刚金叉但仍需零轴确认；4H MACD 柱体连续扩张；4H RSI 位于健康强势区间,4H EMA 仍偏震荡
1077,EAT,BRINKER INTERNATIONAL INC,Consumer Discretionary,Early,Russell,701,46.32,60.32,60.1,6.46,1.95,65.64,69.05,52.64,72.0,confirmed_bullish_trend,59.55,bullish_above_signal_proxy,83.81,53.76,17.05,89,confirmed_bullish_trend,70,bullish_above_signal,74.05,224.929993,0.15,0.03416089,0.09337931,0.28450683,0.37102277,4H EMA 多头排列已连续维持；4H MACD 位于 Signal 上方,4H 相对 EMA26 超过 2 ATR，短线偏追高；4H RSI 偏热
1078,LXP,LXP INDUSTRIAL TRUST,Real Estate,Early,Russell,1128,46.27,52.02,54.4,38.69,4.98,43.59,44.55,40.1,72.0,confirmed_bullish_trend,22.75,bearish_proxy,60.8,50.66,13.03,43,mixed_sideways,50,mixed_or_bearish,62.95,60.59,0.18,0.00123938,-0.00181221,0.07619895,0.11563246,4H MACD 柱体连续扩张；4H RSI 位于健康强势区间,4H EMA 仍偏震荡；4H 相对 EMA26 超过 2 ATR，短线偏追高；4H MACD 尚未确认多头
1079,AIRS,AIRSCULPT TECHNOLOGIES INC,Health Care,Early,Russell,305,46.07,62.18,75.1,57.47,56.52,72.08,76.2,61.56,72.0,confirmed_bullish_trend,61.8,bullish_above_signal_proxy,56.99,49.4,0.0,100,confirmed_bullish_trend,70,bullish_above_signal,57.31,4.91,0.1,-0.01603206,0.12743972,0.16350711,0.06739130,4H EMA 多头排列已连续维持；4H MACD 位于 Signal 上方；4H RSI 位于健康强势区间,
1080,SMBK,SMARTFINANCIAL INC,Financials,Early,Russell,686,46.07,59.93,52.7,21.45,8.0,58.76,61.4,53.02,72.0,confirmed_bullish_trend,59.55,bullish_above_signal_proxy,67.72,50.54,11.36,100,confirmed_bullish_trend,28,fresh_bearish_cross,69.0,53.040001,0.16,-0.00636943,0.00321547,0.13430289,0.15580741,4H EMA 多头排列已连续维持,4H MACD 最近死叉；4H RSI 偏热
1081,RENT,RENT THE RUNWAY CLASS A,Consumer Discretionary,Early,Russell,566,46.06,72.25,50.8,58.7,56.52,43.73,44.7,56.38,82.0,early_transition,49.8,bullish_below_zero_proxy,41.76,45.35,0.0,58,mixed_sideways,28,fresh_bearish_cross,53.0,3.54,0.12,-0.01803051,-0.04324324,0.03206997,0.05988024,4H RSI 位于健康强势区间,4H EMA 仍偏震荡；4H MACD 最近死叉
1082,CLW,CLEARWATER PAPER CORP,Materials,Early,Russell,535,46.04,61.97,60.1,1.03,1.54,63.58,66.75,57.31,72.0,confirmed_bullish_trend,59.55,bullish_above_signal_proxy,100.0,57.0,17.72,89,confirmed_bullish_trend,70,bullish_above_signal,75.85,22.915001,0.1,0.00416306,0.06161696,0.46421732,0.46609091,4H EMA 多头排列已连续维持；4H MACD 位于 Signal 上方,4H 相对 EMA26 超过 2 ATR，短线偏追高；4H RSI 过热
1083,BLKB,BLACKBAUD,Information Technology,Early,Russell,537,46.03,61.96,60.1,1.03,1.49,63.58,66.75,57.28,72.0,confirmed_bullish_trend,59.55,bullish_above_signal_proxy,100.0,57.0,17.76,89,confirmed_bullish_trend,70,bullish_above_signal,75.2,45.68,0.16,0.01466015,0.07850313,0.51559395,0.69247870,4H EMA 多头排列已连续维持；4H MACD 位于 Signal 上方,4H 相对 EMA26 超过 2 ATR，短线偏追高；4H RSI 过热
1084,GRBK,GREEN BRICK PARTNERS,Consumer Discretionary,Early,Russell,1271,45.83,38.52,65.2,84.09,56.52,53.18,55.2,37.88,35.0,mixed_sideways,25.0,bearish_proxy,47.22,46.44,0.0,56,mixed_sideways,66,bullish_above_signal,56.05,73.190002,0.18,0.01525879,0.02292102,-0.02047643,-0.01811107,4H MACD 位于 Signal 上方；4H MACD 柱体连续扩张；4H RSI 位于健康强势区间,4H EMA 仍偏震荡
1085,ACCO,ACCO BRANDS CORP,Industrials,Early,Russell,308,45.81,62.03,75.1,56.03,56.52,72.08,76.2,61.52,72.0,confirmed_bullish_trend,61.8,bullish_above_signal_proxy,57.35,48.47,0.0,100,confirmed_bullish_trend,70,bullish_above_signal,59.13,4.355,0.12,-0.01135074,0.00693642,0.07266010,0.12097812,4H EMA 多头排列已连续维持；4H MACD 位于 Signal 上方；4H RSI 位于健康强势区间,
1086,BTU,PEABODY ENERGY CORP,Energy,Early,Russell,1034,45.77,35.25,65.2,91.33,56.52,53.18,55.2,43.97,15.0,bearish_transition,71.8,fresh_below_zero_cross_proxy,48.4,46.68,0.0,56,mixed_sideways,66,bullish_above_signal,54.55,22.879999,0.18,0.01869991,0.09894328,0.00881830,-0.05649489,4H MACD 位于 Signal 上方；4H MACD 柱体连续扩张；4H RSI 位于健康强势区间,4H EMA 仍偏震荡
1087,MCS,THE MARCUS CORP,Communication,Early,Russell,594,45.76,61.35,60.1,1.03,0.92,65.64,69.05,55.41,72.0,confirmed_bullish_trend,59.55,bullish_above_signal_proxy,100.0,56.0,19.48,89,confirmed_bullish_trend,70,bullish_above_signal,74.95,30.77,0.09,-0.01441381,0.23178543,0.40182226,0.29204278,4H EMA 多头排列已连续维持；4H MACD 位于 Signal 上方,4H 相对 EMA26 超过 2 ATR，短线偏追高；4H RSI 偏热
1088,ALOY,REALLOYS INC,Materials,Early,Russell,1758,45.71,27.28,87.7,9.54,56.52,59.12,61.8,27.35,15.0,bearish_transition,49.8,bullish_below_zero_proxy,14.7,39.94,0.0,76,early_transition,58,bullish_above_signal,54.03,9.88,0.16,-0.05815062,0.32085561,-0.18949959,-0.48474574,4H EMA9 已站上 EMA26，等待 26/50 确认；4H MACD 位于 Signal 上方；4H RSI 位于健康强势区间,
1089,CSR,CENTERSPACE,Real Estate,Early,Russell,1200,45.71,31.39,67.6,93.54,56.52,52.37,54.3,38.82,15.0,bearish_transition,49.8,bullish_below_zero_proxy,48.79,48.26,0.0,50,mixed_sideways,72,fresh_below_zero_cross,52.82,56.060001,0.51,0.02730440,-0.00954058,-0.01285438,-0.00620456,4H MACD 刚金叉但仍需零轴确认；4H MACD 柱体连续扩张；4H RSI 位于健康强势区间,4H EMA 仍偏震荡
1090,PLAY,DAVE AND BUSTERS ENTERTAINMENT,Consumer Discretionary,Early,Russell,1429,45.71,29.65,73.3,42.38,56.52,48.19,49.65,34.32,15.0,bearish_transition,49.8,bullish_below_zero_proxy,35.83,44.17,0.0,73,early_transition,28,fresh_bearish_cross,45.89,10.3,0.2,-0.04981550,0.00487805,-0.03962704,-0.08444444,4H EMA9 已站上 EMA26，等待 26/50 确认,4H MACD 最近死叉
1091,NCMI,NATIONAL CINEMEDIA INC,Communication,Early,Russell,309,45.4,61.89,75.1,53.67,56.52,72.08,76.2,61.51,72.0,confirmed_bullish_trend,61.8,bullish_above_signal_proxy,57.76,47.55,0.0,100,confirmed_bullish_trend,70,bullish_above_signal,60.14,4.12,0.45,-0.00842359,0.02487562,0.07571802,0.18220947,4H EMA 多头排列已连续维持；4H MACD 位于 Signal 上方；4H RSI 位于健康强势区间,
1092,CCO,CLEAR CHANNEL OUTDOOR HOLDINGS INC,Communication,Early,Russell,436,45.34,61.31,65.2,80.96,56.52,55.07,57.3,59.82,72.0,confirmed_bullish_trend,61.8,bullish_above_signal_proxy,52.64,46.53,0.0,58,mixed_sideways,70,bullish_above_signal,52.92,2.42,0.03,-0.00411523,0.00623701,0.00414938,0.00833333,4H MACD 位于 Signal 上方；4H RSI 位于健康强势区间,4H EMA 仍偏震荡
1093,BWFG,BANKWELL FINANCIAL GROUP INC,Financials,Early,Russell,655,45.26,60.12,50.8,20.22,8.67,43.73,44.7,53.65,72.0,confirmed_bullish_trend,59.55,bullish_above_signal_proxy,68.83,50.77,11.1,58,mixed_sideways,28,fresh_bearish_cross,65.69,67.139999,0.0,-0.01031835,-0.01366242,0.17193224,0.16501818,4H RSI 位于健康强势区间,4H EMA 仍偏震荡；4H MACD 最近死叉
1094,SPIR,SPIRE GLOBAL CLASS A,Industrials,Early,Russell,1820,45.03,26.57,87.7,6.67,56.52,58.31,60.9,25.28,15.0,bearish_transition,49.8,bullish_below_zero_proxy,8.42,38.68,0.0,74,early_transition,58,bullish_above_signal,54.13,12.74,0.14,-0.05804067,0.20872865,-0.24391691,-0.27033215,4H EMA9 已站上 EMA26，等待 26/50 确认；4H MACD 位于 Signal 上方；4H RSI 位于健康强势区间,
1095,ENOV,ENOVIS CORP,Health Care,Early,Russell,597,45.01,60.79,50.8,15.91,10.26,44.45,45.5,55.38,72.0,confirmed_bullish_trend,59.55,bullish_above_signal_proxy,71.91,52.38,10.54,58,mixed_sideways,28,fresh_bearish_cross,61.66,30.26,0.6,-0.02166182,0.00033058,0.18573668,0.43140972,4H RSI 位于健康强势区间,4H EMA 仍偏震荡；4H MACD 最近死叉
1096,FLWS,1-800 FLOWERS.COM CLASS A,Consumer Discretionary,Early,Russell,277,44.81,62.17,75.1,49.05,56.52,75.74,78.6,61.92,72.0,confirmed_bullish_trend,61.8,bullish_above_signal_proxy,58.53,48.71,0.0,100,confirmed_bullish_trend,78,bullish_above_signal,57.3,4.14,0.22,0.00729927,0.05076142,0.09523810,0.17114569,4H EMA 多头排列已连续维持；4H MACD 位于 Signal 上方；4H MACD 柱体连续扩张；4H RSI 位于健康强势区间,
1097,ALX,ALEXANDERS REIT INC,Real Estate,Early,Russell,1100,44.78,39.65,67.6,68.03,56.52,55.61,57.9,40.59,35.0,mixed_sideways,25.0,bearish_proxy,54.75,49.45,0.0,58,mixed_sideways,72,fresh_below_zero_cross,55.62,276.109985,0.29,0.02528777,0.03796840,0.02350149,0.04043251,4H MACD 刚金叉但仍需零轴确认；4H MACD 柱体连续扩张；4H RSI 位于健康强势区间,4H EMA 仍偏震荡
1098,DIBS,1STDIBS COM INC,Consumer Discretionary,Early,Russell,711,44.72,48.29,90.4,80.04,56.52,63.71,66.9,52.37,38.0,mixed_sideways,71.8,fresh_below_zero_cross_proxy,52.94,47.59,0.0,82,fresh_bullish_cross,66,bullish_above_signal,66.93,4.9,0.27,0.13425926,0.17224880,0.05603448,0.08888889,4H EMA9/26 最近金叉且价格在 EMA50 上方；4H MACD 位于 Signal 上方；4H MACD 柱体连续扩张；4H RSI 位于健康强势区间,4H 相对 EMA26 超过 2 ATR，短线偏追高
1099,CLBK,COLUMBIA FINANCIAL INC,Financials,Early,Russell,1464,44.66,48.59,54.4,1.64,56.52,48.46,49.95,33.4,72.0,confirmed_bullish_trend,25.0,bearish_proxy,0.0,37.0,0.0,55,mixed_sideways,50,mixed_or_bearish,55.97,10.8,0.25,0.00981767,-0.01279707,0.10666056,0.19818448,4H MACD 柱体连续扩张；4H RSI 位于健康强势区间,4H EMA 仍偏震荡；4H MACD 尚未确认多头
1100,MCB,METROPOLITAN BANK HOLDING CORP,Financials,Early,Russell,1300,44.41,38.35,65.2,75.01,56.52,51.02,52.8,37.37,35.0,mixed_sideways,25.0,bearish_proxy,45.68,46.14,0.0,56,mixed_sideways,58,bullish_above_signal,51.77,94.439903,0.04,-0.01203152,0.02053060,-0.02759576,-0.02619200,4H MACD 位于 Signal 上方；4H RSI 位于健康强势区间,4H EMA 仍偏震荡
1101,SMC,SUMMIT MIDSTREAM CORP,Energy,Early,Russell,951,44.39,46.24,50.8,94.87,56.52,42.52,43.35,48.11,35.0,mixed_sideways,61.8,bullish_above_signal_proxy,49.09,49.57,0.0,55,mixed_sideways,28,fresh_bearish_cross,51.81,30.559999,0.03,0.00791553,0.00858086,0.00991404,0.04264756,4H RSI 位于健康强势区间,4H EMA 仍偏震荡；4H MACD 最近死叉
1102,FSTR,LB FOSTER,Industrials,Early,Russell,1305,44.13,38.32,65.2,73.27,56.52,53.18,55.2,37.29,35.0,mixed_sideways,25.0,bearish_proxy,45.42,46.08,0.0,56,mixed_sideways,66,bullish_above_signal,51.45,42.040001,0.23,-0.00661623,0.04059403,-0.00591156,-0.04692813,4H MACD 位于 Signal 上方；4H MACD 柱体连续扩张；4H RSI 位于健康强势区间,4H EMA 仍偏震荡
1103,LUCD,LUCID DIAGNOSTICS INC,Health Care,Early,Russell,1003,43.98,44.51,90.4,83.94,56.52,68.57,72.3,45.95,38.0,mixed_sideways,51.15,bullish_below_zero_proxy,47.21,50.69,0.0,94,fresh_bullish_cross,66,bullish_above_signal,63.2,1.0155,0.51,0.05616225,0.10548661,-0.02355769,-0.02355769,4H EMA9/26 最近金叉且价格在 EMA50 上方；4H MACD 位于 Signal 上方；4H MACD 柱体连续扩张；4H RSI 位于健康强势区间,
1104,KMPR,KEMPER,Financials,Early,Russell,1356,43.95,37.43,64.3,76.5,56.52,66.68,70.2,36.21,35.0,mixed_sideways,20.0,fresh_bearish_cross_proxy,45.93,46.19,0.0,100,confirmed_bullish_trend,50,mixed_or_bearish,52.19,29.280001,0.16,0.00994774,-0.04935059,-0.00745759,0.11755725,4H EMA 多头排列已连续维持；4H MACD 柱体连续扩张；4H RSI 位于健康强势区间,4H MACD 尚未确认多头
1105,IONQ,IONQ,Information Technology,Early,Russell,1873,43.95,25.62,87.7,1.64,56.52,59.12,61.8,22.5,15.0,bearish_transition,49.8,bullish_below_zero_proxy,0.0,37.0,0.0,76,early_transition,58,bullish_above_signal,58.9,40.459999,0.14,-0.02564727,0.26417740,-0.10831958,-0.30060501,4H EMA9 已站上 EMA26，等待 26/50 确认；4H MACD 位于 Signal 上方；4H RSI 位于健康强势区间,
1106,MANE,VERADERMICS,Health Care,Early,Russell,1332,43.9,38.28,67.6,65.42,56.52,53.59,55.65,36.76,35.0,mixed_sideways,25.0,bearish_proxy,43.37,46.67,0.0,53,mixed_sideways,72,fresh_below_zero_cross,52.06,110.839996,0.32,0.06041611,0.02834339,-0.05240664,0.07019403,4H MACD 刚金叉但仍需零轴确认；4H MACD 柱体连续扩张；4H RSI 位于健康强势区间,4H EMA 仍偏震荡
1107,AKBA,AKEBIA THERAPEUTICS INC,Health Care,Early,Russell,968,43.88,53.58,75.1,62.9,56.52,72.08,76.2,47.65,72.0,confirmed_bullish_trend,25.0,bearish_proxy,42.74,46.55,0.0,100,confirmed_bullish_trend,70,bullish_above_signal,53.89,1.3212,0.27,-0.00661654,0.04031496,-0.02133333,0.20657534,4H EMA 多头排列已连续维持；4H MACD 位于 Signal 上方；4H RSI 位于健康强势区间,
1108,ZNTL,ZENTALIS PHARMACEUTICALS INC,Health Care,Early,Russell,955,43.85,54.14,75.1,61.36,56.52,74.24,78.6,48.0,72.0,confirmed_bullish_trend,25.0,bearish_proxy,42.32,49.71,0.0,100,confirmed_bullish_trend,78,bullish_above_signal,56.27,4.885,0.12,0.00617920,0.04715970,0.02410901,0.32744565,4H EMA 多头排列已连续维持；4H MACD 位于 Signal 上方；4H MACD 柱体连续扩张；4H RSI 位于健康强势区间,
1109,GBCI,GLACIER BANCORP INC,Financials,Early,Russell,1316,43.84,38.26,65.2,71.42,56.52,51.83,53.7,37.11,35.0,mixed_sideways,25.0,bearish_proxy,44.89,45.98,0.0,58,mixed_sideways,58,bullish_above_signal,51.41,50.580002,0.15,-0.01259143,0.03626308,-0.02712060,0.01873112,4H MACD 位于 Signal 上方；4H RSI 位于健康强势区间,4H EMA 仍偏震荡
1110,ROG,ROGERS,Information Technology,Early,Russell,1239,43.79,31.0,65.2,88.05,56.52,53.18,55.2,38.28,15.0,bearish_transition,49.8,bullish_below_zero_proxy,47.81,46.56,0.0,56,mixed_sideways,66,bullish_above_signal,55.93,132.695007,0.16,0.00747855,0.13735330,-0.00521023,-0.16643630,4H MACD 位于 Signal 上方；4H MACD 柱体连续扩张；4H RSI 位于健康强势区间,4H EMA 仍偏震荡
1111,NNI,NELNET CLASS A,Financials,Early,Russell,941,43.62,45.96,50.8,90.41,56.52,43.73,44.7,48.38,35.0,mixed_sideways,61.8,bullish_above_signal_proxy,51.16,47.23,0.0,58,mixed_sideways,28,fresh_bearish_cross,50.9,135.414993,0.1,-0.01369318,-0.01915837,0.01910793,0.04478815,4H RSI 位于健康强势区间,4H EMA 仍偏震荡；4H MACD 最近死叉
1112,PPTA,PERPETUA RESOURCES,Materials,Early,Russell,1158,43.56,42.3,72.7,30.48,11.03,55.61,57.9,39.51,38.0,mixed_sideways,47.55,bullish_below_zero_proxy,63.65,49.73,10.33,64,early_transition,78,bullish_above_signal,75.06,22.42,0.29,0.07324084,0.29933360,0.12184132,0.00403045,4H EMA9 已站上 EMA26，等待 26/50 确认；4H MACD 位于 Signal 上方；4H MACD 柱体连续扩张,4H 相对 EMA26 超过 2 ATR，短线偏追高；4H RSI 过热
1113,NPKI,NPK INTERNATIONAL,Industrials,Early,Russell,1491,43.55,26.55,65.2,96.87,56.52,53.18,55.2,32.83,15.0,bearish_transition,25.0,bearish_proxy,50.09,47.02,0.0,56,mixed_sideways,66,bullish_above_signal,50.73,13.65,0.14,-0.01086957,0.13278008,-0.00510204,-0.11535969,4H MACD 位于 Signal 上方；4H MACD 柱体连续扩张；4H RSI 位于健康强势区间,4H EMA 仍偏震荡
1114,DOMO,DOMO INC CLASS B,Information Technology,Early,Russell,618,43.39,59.73,75.1,45.25,56.52,72.08,76.2,54.78,72.0,confirmed_bullish_trend,61.8,bullish_above_signal_proxy,36.9,44.38,0.0,100,confirmed_bullish_trend,70,bullish_above_signal,59.11,3.84,0.02,-0.00775194,0.05639615,0.06666667,0.72584270,4H EMA 多头排列已连续维持；4H MACD 位于 Signal 上方；4H RSI 位于健康强势区间,
1115,HURN,HURON CONSULTING GROUP,Industrials,Early,Russell,317,43.3,62.9,50.8,2.67,5.62,43.73,44.7,61.41,72.0,confirmed_bullish_trend,59.55,bullish_above_signal_proxy,96.95,56.39,12.62,58,mixed_sideways,28,fresh_bearish_cross,61.68,149.360001,0.06,-0.00466478,-0.12120502,0.40865795,0.56397907,4H RSI 位于健康强势区间,4H EMA 仍偏震荡；4H MACD 最近死叉
1116,ESNT,ESSENT GROUP,Financials,Early,Russell,1224,43.26,38.74,54.4,95.28,56.52,46.3,47.55,38.52,35.0,mixed_sideways,25.0,bearish_proxy,49.14,46.83,0.0,55,mixed_sideways,42,mixed_or_bearish,51.04,66.214996,0.38,-0.01016520,-0.02767991,0.02492056,0.10801537,4H RSI 位于健康强势区间,4H EMA 仍偏震荡；4H MACD 尚未确认多头
1117,NGNE,NEUROGENE INC,Health Care,Early,Russell,1347,43.17,38.15,67.6,60.85,56.52,53.59,55.65,36.38,35.0,mixed_sideways,25.0,bearish_proxy,42.2,46.44,0.0,53,mixed_sideways,72,fresh_below_zero_cross,55.69,35.380001,0.23,0.03601754,0.05360330,-0.03570450,0.14795591,4H MACD 刚金叉但仍需零轴确认；4H MACD 柱体连续扩张；4H RSI 位于健康强势区间,4H EMA 仍偏震荡
1118,BDN,BRANDYWINE REALTY TRUST REIT,Real Estate,Early,Russell,1006,43.11,44.05,87.7,86.4,56.52,59.12,61.8,45.86,35.0,mixed_sideways,49.8,bullish_below_zero_proxy,51.92,48.88,0.0,76,early_transition,58,bullish_above_signal,58.97,3.1995,0.13,-0.00327103,0.09197952,-0.00327103,0.00771654,4H EMA9 已站上 EMA26，等待 26/50 确认；4H MACD 位于 Signal 上方；4H RSI 位于健康强势区间,
1119,SCHL,SCHOLASTIC,Communication,Early,Russell,1338,43.08,37.95,65.2,67.11,56.52,53.18,55.2,36.61,35.0,mixed_sideways,25.0,bearish_proxy,43.82,44.76,0.0,56,mixed_sideways,66,bullish_above_signal,52.52,43.459999,0.49,0.00858666,0.05690662,-0.04167583,0.02331052,4H MACD 位于 Signal 上方；4H MACD 柱体连续扩张；4H RSI 位于健康强势区间,4H EMA 仍偏震荡
1120,ARR,ARMOUR RESIDENTIAL REIT,Financials,Early,Russell,1051,42.78,35.15,65.2,71.63,56.52,51.97,53.85,43.08,15.0,bearish_transition,71.8,fresh_below_zero_cross_proxy,45.01,47.5,0.0,53,mixed_sideways,66,bullish_above_signal,53.4,16.57,0.15,0.00882807,0.01283612,-0.02443338,-0.01310310,4H MACD 位于 Signal 上方；4H MACD 柱体连续扩张；4H RSI 位于健康强势区间,4H EMA 仍偏震荡
1121,CNDT,CONDUENT,Industrials,Early,Russell,201,42.71,62.59,75.1,34.07,56.52,73.58,76.2,63.18,72.0,confirmed_bullish_trend,61.8,bullish_above_signal_proxy,62.36,49.47,0.0,100,confirmed_bullish_trend,70,bullish_above_signal,64.82,1.765,0.14,0.01430952,0.07951070,0.12063492,0.31716418,4H EMA 多头排列已连续维持；4H MACD 位于 Signal 上方；4H RSI 位于健康强势区间,
1122,PRGO,PERRIGO PLC,Health Care,Early,Russell,865,42.69,71.64,43.95,12.72,1.33,48.32,49.8,49.87,85.0,early_transition,48.9,bullish_below_zero_proxy,74.43,52.89,18.12,46,mixed_sideways,78,bullish_above_signal,82.02,13.485,0.42,0.27216981,0.29414587,0.20401786,0.42096944,4H MACD 位于 Signal 上方；4H MACD 柱体连续扩张,4H EMA 仍偏震荡；4H 相对 EMA26 超过 2 ATR，短线偏追高；4H RSI 过热
1123,WHWK,WHITEHAWK THERAPEUTICS INC,Health Care,Early,Russell,1017,42.41,43.63,87.7,82.71,56.52,62.36,65.4,45.07,38.0,mixed_sideways,49.8,bullish_below_zero_proxy,47.04,47.41,0.0,76,early_transition,70,bullish_above_signal,63.2,4.13,0.35,-0.00601685,0.13150685,-0.00721154,-0.05166475,4H EMA9 已站上 EMA26，等待 26/50 确认；4H MACD 位于 Signal 上方；4H RSI 位于健康强势区间,
1124,GTM,ZOOMINFO TECHNOLOGIES,Communication,Early,Russell,384,42.25,75.53,67.1,12.42,11.16,65.64,69.05,60.49,85.0,early_transition,60.9,bullish_above_signal_proxy,74.69,50.94,10.28,89,confirmed_bullish_trend,70,bullish_above_signal,68.76,3.695,0.53,0.02924791,0.05420827,0.23993289,0.36095764,4H EMA 多头排列已连续维持；4H MACD 位于 Signal 上方,4H 相对 EMA26 超过 2 ATR，短线偏追高；4H RSI 偏热
1125,PAGS,PAGSEGURO DIGITAL LTD CLASS A,Financials,Early,Russell,889,42.2,46.33,54.4,70.5,56.52,46.3,47.55,49.47,35.0,mixed_sideways,61.8,bullish_above_signal_proxy,54.46,47.89,0.0,55,mixed_sideways,42,mixed_or_bearish,50.6,9.485,0.13,-0.00315292,-0.00419948,0.06692913,0.08338093,4H RSI 位于健康强势区间,4H EMA 仍偏震荡；4H MACD 尚未确认多头
1126,HRTX,HERON THERAPEUTICS INC,Health Care,Early,Russell,140,42.18,75.15,50.8,26.01,56.52,45.23,44.7,64.49,82.0,early_transition,49.8,bullish_below_zero_proxy,65.89,51.18,0.0,58,mixed_sideways,28,fresh_bearish_cross,54.69,0.5007,0.08,-0.05865764,0.01520681,0.17424953,0.19527333,4H RSI 位于健康强势区间,4H EMA 仍偏震荡；4H MACD 最近死叉
1127,IOSP,INNOSPEC INC,Materials,Early,Russell,805,42.08,59.46,61.65,28.01,4.05,69.16,72.95,50.78,75.0,confirmed_bullish_trend,60.9,bullish_above_signal_proxy,64.85,49.97,13.9,89,confirmed_bullish_trend,88,fresh_above_zero_cross,78.17,91.639999,0.64,0.05832086,0.07913332,0.12193926,0.12015648,4H EMA 多头排列已连续维持；4H MACD 零轴上方刚金叉；4H MACD 柱体连续扩张,4H 相对 EMA26 超过 2 ATR，短线偏追高；4H RSI 过热
1128,HLLY,HOLLEY,Consumer Discretionary,Early,Russell,352,41.78,75.88,67.1,9.85,9.08,67.81,71.45,60.95,85.0,early_transition,60.9,bullish_above_signal_proxy,77.45,52.49,10.89,89,confirmed_bullish_trend,78,bullish_above_signal,69.21,3.025,0.27,0.05769231,0.08422939,0.23217923,0.24485597,4H EMA 多头排列已连续维持；4H MACD 位于 Signal 上方；4H MACD 柱体连续扩张,4H 相对 EMA26 超过 2 ATR，短线偏追高；4H RSI 偏热
1129,WDFC,WD-40,Consumer Staples,Early,Russell,1348,41.76,38.38,65.2,57.31,56.52,53.18,55.2,36.37,35.0,mixed_sideways,25.0,bearish_proxy,41.37,48.02,0.0,56,mixed_sideways,66,bullish_above_signal,54.54,236.369995,0.11,0.01363692,0.06429825,-0.05228342,0.03990318,4H MACD 位于 Signal 上方；4H MACD 柱体连续扩张；4H RSI 位于健康强势区间,4H EMA 仍偏震荡
1130,FF,FUTUREFUEL CORP,Energy,Early,Russell,303,41.73,62.05,65.2,55.21,56.52,55.07,57.3,61.58,72.0,confirmed_bullish_trend,61.8,bullish_above_signal_proxy,57.51,48.5,0.0,58,mixed_sideways,70,bullish_above_signal,56.9,4.915,0.17,-0.01700000,0.04797441,0.08021978,0.21358025,4H MACD 位于 Signal 上方；4H RSI 位于健康强势区间,4H EMA 仍偏震荡
1131,ENS,ENERSYS,Industrials,Early,Russell,1289,41.7,30.76,65.2,74.65,56.52,51.02,52.8,37.56,15.0,bearish_transition,49.8,bullish_below_zero_proxy,45.63,46.13,0.0,56,mixed_sideways,58,bullish_above_signal,51.01,193.054993,0.13,-0.00732725,0.09429200,-0.01462334,-0.13598733,4H MACD 位于 Signal 上方；4H RSI 位于健康强势区间,4H EMA 仍偏震荡
1132,CDRE,CADRE HOLDINGS INC,Industrials,Early,Russell,880,41.68,46.39,54.4,66.91,56.52,46.3,47.55,49.65,35.0,mixed_sideways,61.8,bullish_above_signal_proxy,54.99,48.0,0.0,55,mixed_sideways,42,mixed_or_bearish,50.63,30.799999,0.31,-0.02222225,0.00587845,0.04904625,0.11857632,4H RSI 位于健康强势区间,4H EMA 仍偏震荡；4H MACD 尚未确认多头
1133,IPAR,INTERPARFUMS INC,Consumer Staples,Early,Russell,1132,41.6,39.63,54.4,82.09,56.52,47.51,48.9,40.03,35.0,mixed_sideways,25.0,bearish_proxy,52.46,50.24,0.0,58,mixed_sideways,42,mixed_or_bearish,55.67,125.839996,0.23,-0.01228369,-0.00960178,0.02940810,0.26446945,4H RSI 位于健康强势区间,4H EMA 仍偏震荡；4H MACD 尚未确认多头
1134,WOOF,PETCO HEALTH AND WELLNESS COMPANY,Consumer Discretionary,Early,Russell,145,41.54,63.02,75.1,25.24,56.52,73.58,76.2,64.43,72.0,confirmed_bullish_trend,61.8,bullish_above_signal_proxy,66.15,50.23,0.0,100,confirmed_bullish_trend,70,bullish_above_signal,67.97,2.935,0.37,-0.00508475,0.04821429,0.16468254,0.16237624,4H EMA 多头排列已连续维持；4H MACD 位于 Signal 上方；4H RSI 位于健康强势区间,
1135,SUPN,SUPERNUS PHARMACEUTICALS,Health Care,Early,Russell,1060,41.43,40.73,67.6,43.2,56.52,52.37,54.3,42.66,35.0,mixed_sideways,25.0,bearish_proxy,59.75,53.2,0.0,50,mixed_sideways,72,fresh_below_zero_cross,54.0,47.259998,0.26,0.07837985,0.01459845,-0.01439005,0.06226109,4H MACD 刚金叉但仍需零轴确认；4H MACD 柱体连续扩张；4H RSI 位于健康强势区间,4H EMA 仍偏震荡
1136,VREX,VAREX IMAGING,Health Care,Early,Russell,730,41.42,59.78,60.1,25.14,6.82,63.58,66.75,52.0,72.0,confirmed_bullish_trend,59.55,bullish_above_signal_proxy,66.17,51.23,12.02,89,confirmed_bullish_trend,70,bullish_above_signal,76.21,12.31,0.11,-0.00202675,0.12317518,0.15586854,0.17015209,4H EMA 多头排列已连续维持；4H MACD 位于 Signal 上方,4H 相对 EMA26 超过 2 ATR，短线偏追高；4H RSI 过热
1137,ITIC,INVESTORS TITLE,Financials,Early,Russell,1150,41.31,39.13,54.4,81.32,56.52,46.3,47.55,39.66,35.0,mixed_sideways,25.0,bearish_proxy,52.61,47.52,0.0,55,mixed_sideways,42,mixed_or_bearish,52.38,288.649994,0.52,-0.00554681,-0.02492992,0.03991781,0.09146942,4H RSI 位于健康强势区间,4H EMA 仍偏震荡；4H MACD 尚未确认多头
1138,CNR,CORE NATURAL RESOURCES,Energy,Early,Russell,1443,41.2,26.98,67.6,73.78,56.52,53.59,55.65,34.09,15.0,bearish_transition,25.0,bearish_proxy,53.91,47.78,0.0,53,mixed_sideways,72,fresh_below_zero_cross,56.49,83.330002,0.51,0.03003708,0.06915576,0.05387634,0.01350038,4H MACD 刚金叉但仍需零轴确认；4H MACD 柱体连续扩张；4H RSI 位于健康强势区间,4H EMA 仍偏震荡
1139,XRX,XEROX HOLDINGS CORP,Information Technology,Early,Russell,341,41.05,60.63,75.1,27.6,56.52,72.08,76.2,61.1,72.0,confirmed_bullish_trend,49.8,bullish_below_zero_proxy,65.15,50.03,0.0,100,confirmed_bullish_trend,70,bullish_above_signal,57.1,3.175,0.05,-0.02756508,0.20493359,0.18691589,0.01114650,4H EMA 多头排列已连续维持；4H MACD 位于 Signal 上方；4H RSI 位于健康强势区间,
1140,AMR,ALPHA METALLURGICAL RESOURCE,Materials,Early,Russell,1309,41.01,30.65,65.2,70.34,56.52,51.97,53.85,37.24,15.0,bearish_transition,49.8,bullish_below_zero_proxy,44.66,45.93,0.0,53,mixed_sideways,66,bullish_above_signal,50.47,143.990005,0.23,0.01230315,0.03481980,-0.05406646,-0.13586989,4H MACD 位于 Signal 上方；4H MACD 柱体连续扩张；4H RSI 位于健康强势区间,4H EMA 仍偏震荡
1141,AGL,AGILON HEALTH,Health Care,Early,Russell,1392,40.62,37.75,67.6,44.74,56.52,55.12,57.35,35.46,38.0,mixed_sideways,25.0,bearish_proxy,36.7,45.34,0.0,53,mixed_sideways,72,fresh_below_zero_cross,55.18,108.510002,1.24,0.20486347,0.16327190,0.01052342,-0.03003487,4H MACD 刚金叉但仍需零轴确认；4H MACD 柱体连续扩张；4H RSI 位于健康强势区间,4H EMA 仍偏震荡
1142,PRCT,PROCEPT BIOROBOTICS CORP,Health Care,Early,Russell,1238,40.6,31.2,65.2,66.29,56.52,53.9,56.0,38.28,18.0,bearish_transition,51.15,bullish_below_zero_proxy,43.62,46.72,0.0,56,mixed_sideways,66,bullish_above_signal,57.62,19.23,0.58,0.06419480,0.07430168,-0.08646076,-0.06650485,4H MACD 位于 Signal 上方；4H MACD 柱体连续扩张；4H RSI 位于健康强势区间,4H EMA 仍偏震荡
1143,ECBK,ECB BANCORP INC,Financials,Early,Russell,1256,40.53,38.07,50.8,88.25,56.52,43.73,44.7,38.09,35.0,mixed_sideways,20.0,fresh_bearish_cross_proxy,51.64,47.33,0.0,58,mixed_sideways,28,fresh_bearish_cross,50.39,20.299999,0.12,-0.01072130,-0.00343652,-0.00975615,0.04102559,4H RSI 位于健康强势区间,4H EMA 仍偏震荡；4H MACD 最近死叉
1144,URG,UR ENERGY INC,Energy,Early,Russell,1227,40.42,31.07,90.4,91.53,56.52,67.76,71.4,38.48,15.0,bearish_transition,49.8,bullish_below_zero_proxy,48.42,46.68,0.0,92,fresh_bullish_cross,66,bullish_above_signal,59.28,1.31,0.25,0.00769231,0.11489362,0.01945525,-0.07746479,4H EMA9/26 最近金叉且价格在 EMA50 上方；4H MACD 位于 Signal 上方；4H MACD 柱体连续扩张；4H RSI 位于健康强势区间,
1145,LRMR,LARIMAR THERAPEUTICS INC,Health Care,Early,Russell,69,40.3,63.93,75.1,14.88,56.52,77.74,78.6,66.71,72.0,confirmed_bullish_trend,61.8,bullish_above_signal_proxy,72.6,52.52,0.0,100,confirmed_bullish_trend,78,bullish_above_signal,62.49,4.145,0.2,0.01097561,0.14502762,0.21911765,0.12789116,4H EMA 多头排列已连续维持；4H MACD 位于 Signal 上方；4H MACD 柱体连续扩张；4H RSI 位于健康强势区间,
1146,CHCI,COMSTOCK HOLDING COMPANIES INC CLA,Real Estate,Early,Russell,1583,40.19,26.18,67.6,68.91,56.52,53.59,55.65,31.16,15.0,bearish_transition,25.0,bearish_proxy,44.34,47.37,0.0,53,mixed_sideways,72,fresh_below_zero_cross,53.7,15.3,0.0,0.03378378,0.02512563,-0.06877663,0.03099730,4H MACD 刚金叉但仍需零轴确认；4H MACD 柱体连续扩张；4H RSI 位于健康强势区间,4H EMA 仍偏震荡
1147,ACIW,ACI WORLDWIDE,Information Technology,Early,Russell,1125,40.18,39.29,54.4,73.47,56.52,48.46,49.95,40.12,35.0,mixed_sideways,25.0,bearish_proxy,54.0,47.8,0.0,55,mixed_sideways,50,mixed_or_bearish,52.5,57.470001,0.27,0.01117273,-0.04495219,0.03326145,0.27258638,4H MACD 柱体连续扩张；4H RSI 位于健康强势区间,4H EMA 仍偏震荡；4H MACD 尚未确认多头
1148,FLG,FLAGSTAR BANK NATIONAL ASSOCIATION,Financials,Early,Russell,1572,40.12,26.05,65.2,75.12,56.52,51.97,53.85,31.38,15.0,bearish_transition,25.0,bearish_proxy,45.69,46.14,0.0,53,mixed_sideways,66,bullish_above_signal,50.01,14.365,0.14,-0.00346861,0.02096660,-0.02544098,-0.04519774,4H MACD 位于 Signal 上方；4H MACD 柱体连续扩张；4H RSI 位于健康强势区间,4H EMA 仍偏震荡
1149,ACLS,AXCELIS TECHNOLOGIES,Information Technology,Early,Russell,1331,40.05,30.49,65.2,64.34,56.52,51.02,52.8,36.77,15.0,bearish_transition,49.8,bullish_below_zero_proxy,43.23,45.65,0.0,56,mixed_sideways,58,bullish_above_signal,51.84,135.3125,0.49,-0.03154524,0.20814732,0.02750777,-0.20934614,4H MACD 位于 Signal 上方；4H RSI 位于健康强势区间,4H EMA 仍偏震荡
1150,TLSI,TRISALUS LF SC CM A,Health Care,Early,Russell,238,39.86,62.52,65.2,41.61,56.52,56.57,57.3,62.57,72.0,confirmed_bullish_trend,61.8,bullish_above_signal_proxy,60.05,50.01,0.0,58,mixed_sideways,70,bullish_above_signal,57.3,4.58,0.07,-0.02345416,0.04328018,0.12392638,0.13930348,4H MACD 位于 Signal 上方；4H RSI 位于健康强势区间,4H EMA 仍偏震荡
1151,PCVX,VAXCYTE,Health Care,Early,Russell,1442,39.81,37.38,67.6,40.28,56.52,53.59,55.65,34.11,35.0,mixed_sideways,25.0,bearish_proxy,35.33,45.07,0.0,53,mixed_sideways,72,fresh_below_zero_cross,51.03,55.32,0.17,0.00820122,0.04466052,-0.08788132,0.06517761,4H MACD 刚金叉但仍需零轴确认；4H MACD 柱体连续扩张；4H RSI 位于健康强势区间,4H EMA 仍偏震荡
1152,OPAL,OPAL FUELS CLASS A,Energy,Early,Russell,624,39.66,55.81,75.1,29.55,56.52,72.08,76.2,54.58,72.0,confirmed_bullish_trend,25.0,bearish_proxy,64.18,49.84,0.0,100,confirmed_bullish_trend,70,bullish_above_signal,55.55,2.355,0.16,-0.02079002,0.14320388,0.13221154,0.26381883,4H EMA 多头排列已连续维持；4H MACD 位于 Signal 上方；4H RSI 位于健康强势区间,
1153,RMNI,RIMINI STREET INC,Information Technology,Early,Russell,416,39.54,61.53,50.8,80.19,56.52,43.73,44.7,60.05,72.0,confirmed_bullish_trend,61.8,bullish_above_signal_proxy,52.88,47.58,0.0,58,mixed_sideways,28,fresh_bearish_cross,53.97,4.81,0.08,-0.01028807,-0.02631579,0.00838574,0.15486194,4H RSI 位于健康强势区间,4H EMA 仍偏震荡；4H MACD 最近死叉
1154,AVXL,ANAVEX LIFE SCIENCES CORP,Health Care,Early,Russell,590,39.4,74.75,60.1,18.27,4.57,65.64,69.05,55.47,82.0,early_transition,59.55,bullish_above_signal_proxy,70.2,55.29,13.37,89,confirmed_bullish_trend,70,bullish_above_signal,74.78,3.155,0.31,-0.02170543,0.26452906,0.15779817,0.22050290,4H EMA 多头排列已连续维持；4H MACD 位于 Signal 上方,4H 相对 EMA26 超过 2 ATR，短线偏追高；4H RSI 偏热
1155,GSM,FERROGLOBE PLC,Materials,Early,Russell,502,39.3,70.88,69.15,15.5,5.03,63.62,66.8,58.54,100.0,fresh_bullish_cross,48.9,bullish_below_zero_proxy,72.07,51.41,13.01,82,fresh_bullish_cross,78,bullish_above_signal,78.29,3.985,0.85,0.17551622,0.26307448,0.15843023,0.08141113,4H EMA9/26 最近金叉且价格在 EMA50 上方；4H MACD 位于 Signal 上方；4H MACD 柱体连续扩张,4H 相对 EMA26 超过 2 ATR，短线偏追高；4H RSI 过热
1156,CARS,CARS.COM INC,Communication,Early,Russell,1119,39.26,39.2,54.4,67.52,56.52,46.3,47.55,40.26,35.0,mixed_sideways,25.0,bearish_proxy,54.86,46.97,0.0,55,mixed_sideways,42,mixed_or_bearish,50.59,11.935,0.28,-0.01404378,-0.07552285,0.06372549,0.21290650,4H RSI 位于健康强势区间,4H EMA 仍偏震荡；4H MACD 尚未确认多头
1157,MATV,MATIV HOLDINGS,Materials,Early,Russell,660,39.24,60.29,60.1,11.08,4.31,65.74,69.15,53.51,72.0,confirmed_bullish_trend,59.55,bullish_above_signal_proxy,75.73,52.15,13.51,89,confirmed_bullish_trend,78,bullish_above_signal,77.81,9.47,0.2,0.03046790,0.08975834,0.22430511,0.21254802,4H EMA 多头排列已连续维持；4H MACD 位于 Signal 上方；4H MACD 柱体连续扩张,4H 相对 EMA26 超过 2 ATR，短线偏追高；4H RSI 过热
1158,SFIX,STITCH FIX CLASS A,Consumer Discretionary,Early,Russell,224,39.1,62.48,65.2,36.63,56.52,56.57,57.3,62.85,72.0,confirmed_bullish_trend,61.8,bullish_above_signal_proxy,61.37,49.27,0.0,58,mixed_sideways,70,bullish_above_signal,55.81,4.135,0.22,-0.02130178,-0.02705882,0.11305518,-0.04613610,4H MACD 位于 Signal 上方；4H RSI 位于健康强势区间,4H EMA 仍偏震荡
1159,AZTA,AZENTA INC,Health Care,Early,Russell,682,39.05,60.37,60.1,10.26,3.39,65.74,69.15,53.08,72.0,confirmed_bullish_trend,59.55,bullish_above_signal_proxy,76.83,53.37,14.46,89,confirmed_bullish_trend,78,bullish_above_signal,77.34,31.360001,0.51,0.04463694,0.10891089,0.23561869,0.41197670,4H EMA 多头排列已连续维持；4H MACD 位于 Signal 上方；4H MACD 柱体连续扩张,4H 相对 EMA26 超过 2 ATR，短线偏追高；4H RSI 过热
1160,MG,MISTRAS GROUP INC,Industrials,Early,Russell,1358,38.98,30.29,65.2,57.67,56.52,51.02,52.8,36.17,15.0,bearish_transition,49.8,bullish_below_zero_proxy,41.43,45.29,0.0,56,mixed_sideways,58,bullish_above_signal,53.53,15.835,0.22,-0.00283375,0.05637091,-0.04694553,-0.16920247,4H MACD 位于 Signal 上方；4H RSI 位于健康强势区间,4H EMA 仍偏震荡
1161,FULC,FULCRUM THERAPEUTICS,Health Care,Early,Russell,1228,38.92,31.2,87.7,88.46,56.52,62.36,65.4,38.45,15.0,bearish_transition,49.8,bullish_below_zero_proxy,47.89,47.58,0.0,76,early_transition,70,bullish_above_signal,55.25,3.765,0.16,-0.00659631,0.03862069,0.00000000,-0.01697128,4H EMA9 已站上 EMA26，等待 26/50 确认；4H MACD 位于 Signal 上方；4H RSI 位于健康强势区间,
1162,IPI,INTREPID POTASH INC,Materials,Early,Russell,1052,38.86,34.94,54.4,74.81,56.52,47.15,48.5,43.06,15.0,bearish_transition,71.8,fresh_below_zero_cross_proxy,45.65,46.13,0.0,50,mixed_sideways,50,mixed_or_bearish,49.99,34.299999,0.79,0.00763801,-0.03271292,-0.02223498,0.03157892,4H MACD 柱体连续扩张；4H RSI 位于健康强势区间,4H EMA 仍偏震荡；4H MACD 尚未确认多头
1163,GATX,GATX,Industrials,Early,Russell,1098,38.78,39.47,54.4,63.67,56.52,49.67,51.3,40.65,35.0,mixed_sideways,25.0,bearish_proxy,55.62,48.12,0.0,58,mixed_sideways,50,mixed_or_bearish,50.8,180.860001,0.2,0.00016590,-0.00588134,0.03835118,0.01583918,4H MACD 柱体连续扩张；4H RSI 位于健康强势区间,4H EMA 仍偏震荡；4H MACD 尚未确认多头
1164,GENI,GENIUS SPORTS LTD,Consumer Discretionary,Early,Russell,517,38.73,62.06,60.1,4.31,3.18,66.46,69.95,58.2,75.0,confirmed_bullish_trend,60.9,bullish_above_signal_proxy,89.82,54.96,14.72,89,confirmed_bullish_trend,78,bullish_above_signal,76.54,8.4,0.73,0.06802289,0.14754098,0.29930394,0.43344710,4H EMA 多头排列已连续维持；4H MACD 位于 Signal 上方；4H MACD 柱体连续扩张,4H 相对 EMA26 超过 2 ATR，短线偏追高；4H RSI 过热
1165,SFL,SFL,Energy,Early,Russell,792,38.71,46.86,54.4,45.97,56.52,46.3,47.55,51.03,35.0,mixed_sideways,61.8,bullish_above_signal_proxy,59.2,48.84,0.0,55,mixed_sideways,42,mixed_or_bearish,53.52,11.985,0.18,-0.00498132,-0.01236094,0.09202733,0.04264537,4H RSI 位于健康强势区间,4H EMA 仍偏震荡；4H MACD 尚未确认多头
1166,ADIG,ADI GLOBAL DISTRIBUTION,Consumer Discretionary,Early,Russell,1173,38.65,39.35,41.5,97.49,56.52,3.5,0.0,39.21,35.0,mixed_sideways,25.0,bearish_proxy,50.0,49.75,0.0,0,insufficient_data,0,insufficient_data,,,,,,,,,4H样本不足：4根
1167,CRNX,CRINETICS PHARMACEUTICALS,Health Care,Early,Russell,1699,38.64,49.21,43.05,81.02,0.46,58.18,60.75,28.88,72.0,confirmed_bullish_trend,22.75,bearish_proxy,46.68,50.59,20.0,89,confirmed_bullish_trend,50,mixed_or_bearish,80.11,83.879997,0.32,-0.00130969,0.00011916,0.00419009,1.28930129,4H EMA 多头排列已连续维持；4H MACD 柱体连续扩张,4H 相对 EMA26 超过 2 ATR，短线偏追高；4H MACD 尚未确认多头；4H RSI 过热
1168,FSLY,FASTLY CLASS A,Information Technology,Early,Russell,414,38.56,62.65,60.1,2.26,2.57,65.74,69.15,60.08,75.0,confirmed_bullish_trend,59.55,bullish_above_signal_proxy,99.7,56.94,15.76,89,confirmed_bullish_trend,78,bullish_above_signal,76.85,26.25,0.45,0.06837607,0.26811588,0.41318970,0.57705017,4H EMA 多头排列已连续维持；4H MACD 位于 Signal 上方；4H MACD 柱体连续扩张,4H 相对 EMA26 超过 2 ATR，短线偏追高；4H RSI 过热
1169,STLN,STARLING ONCOLOGY INSTITUTE,Health Care,Early,Russell,1192,38.53,39.03,41.5,97.49,56.52,3.5,0.0,38.95,35.0,mixed_sideways,25.0,bearish_proxy,50.0,48.0,0.0,0,insufficient_data,0,insufficient_data,,,,,,,,,4H样本不足：4根
1170,MMSI,MERIT MEDICAL SYSTEMS INC,Health Care,Early,Russell,695,38.52,60.46,60.1,7.34,2.21,63.58,66.75,52.82,72.0,confirmed_bullish_trend,59.55,bullish_above_signal_proxy,82.01,54.4,16.43,89,confirmed_bullish_trend,70,bullish_above_signal,76.16,87.040001,0.28,0.02327772,0.07722770,0.20604134,0.29389037,4H EMA 多头排列已连续维持；4H MACD 位于 Signal 上方,4H 相对 EMA26 超过 2 ATR，短线偏追高；4H RSI 过热
1171,TCBI,TEXAS CAPITAL BANCSHARES,Financials,Early,Russell,1621,38.51,25.78,65.2,65.01,56.52,51.83,53.7,30.59,15.0,bearish_transition,25.0,bearish_proxy,43.31,45.66,0.0,58,mixed_sideways,58,bullish_above_signal,49.88,100.690002,0.12,-0.01957152,0.02306446,-0.03331415,-0.00582540,4H MACD 位于 Signal 上方；4H RSI 位于健康强势区间,4H EMA 仍偏震荡
1172,REX,REX AMERICAN RESOURCES,Energy,Early,Russell,1622,38.48,25.78,65.2,64.8,56.52,49.81,51.45,30.59,15.0,bearish_transition,25.0,bearish_proxy,43.3,45.66,0.0,53,mixed_sideways,58,bullish_above_signal,49.81,44.224998,0.3,-0.00203094,0.04699327,-0.04129640,0.02207067,4H MACD 位于 Signal 上方；4H RSI 位于健康强势区间,4H EMA 仍偏震荡
1173,ATAI,ATAIBECKLEY INC,Health Care,Early,Russell,947,38.47,55.01,46.4,2.87,2.28,42.83,43.7,48.2,72.0,confirmed_bullish_trend,22.75,bearish_proxy,95.4,57.08,16.27,46,mixed_sideways,50,mixed_or_bearish,73.29,7.2,0.21,0.00348432,0.00348432,0.38862102,0.76254590,4H MACD 柱体连续扩张,4H EMA 仍偏震荡；4H 相对 EMA26 超过 2 ATR，短线偏追高；4H MACD 尚未确认多头；4H RSI 偏热
1174,RHLD,RESOLUTE HOLDINGS MANAGEMENT INC,Industrials,Early,Russell,1454,38.44,37.09,65.2,38.17,56.52,51.83,53.7,33.67,35.0,mixed_sideways,25.0,bearish_proxy,34.46,43.89,0.0,58,mixed_sideways,58,bullish_above_signal,52.74,134.399994,0.13,-0.05002562,0.06316492,-0.05584834,0.08395835,4H MACD 位于 Signal 上方；4H RSI 位于健康强势区间,4H EMA 仍偏震荡
1175,BVS,BIOVENTUS CLASS A,Health Care,Early,Russell,567,38.41,61.59,60.1,4.0,2.15,65.74,69.15,56.37,75.0,confirmed_bullish_trend,59.55,bullish_above_signal_proxy,90.13,56.03,16.46,89,confirmed_bullish_trend,78,bullish_above_signal,77.19,14.95,0.5,0.12660136,0.14035088,0.30000000,0.60925727,4H EMA 多头排列已连续维持；4H MACD 位于 Signal 上方；4H MACD 柱体连续扩张,4H 相对 EMA26 超过 2 ATR，短线偏追高；4H RSI 过热
1176,QLYS,QUALYS,Information Technology,Early,Russell,549,38.4,64.74,53.85,13.55,1.74,65.74,69.15,57.04,75.0,confirmed_bullish_trend,87.9,fresh_above_zero_cross_proxy,74.01,51.8,17.41,89,confirmed_bullish_trend,78,bullish_above_signal,83.04,186.005005,0.21,0.18105911,0.37669309,0.18060934,0.65661744,4H EMA 多头排列已连续维持；4H MACD 位于 Signal 上方；4H MACD 柱体连续扩张,4H 相对 EMA26 超过 2 ATR，短线偏追高；4H RSI 过热
1177,IMAX,IMAX CORP,Communication,Early,Russell,529,38.37,61.76,60.1,2.98,2.62,63.58,66.75,57.64,72.0,confirmed_bullish_trend,59.55,bullish_above_signal_proxy,95.37,55.07,15.72,89,confirmed_bullish_trend,70,bullish_above_signal,76.89,51.040001,0.08,-0.00390322,0.04804928,0.36252008,0.13523136,4H EMA 多头排列已连续维持；4H MACD 位于 Signal 上方,4H 相对 EMA26 超过 2 ATR，短线偏追高；4H RSI 过热
1178,INTA,INTAPP,Information Technology,Early,Russell,617,38.36,61.15,60.1,4.93,1.8,65.74,69.15,54.82,75.0,confirmed_bullish_trend,60.9,bullish_above_signal_proxy,87.67,54.53,17.39,89,confirmed_bullish_trend,78,bullish_above_signal,76.49,36.98,0.32,0.11452682,0.16748228,0.31274405,0.68665914,4H EMA 多头排列已连续维持；4H MACD 位于 Signal 上方；4H MACD 柱体连续扩张,4H 相对 EMA26 超过 2 ATR，短线偏追高；4H RSI 过热
1179,TATT,TAT TECHNOLOGIES LTD,Industrials,Early,Russell,1045,38.18,45.53,67.6,39.61,12.65,54.8,57.0,43.48,38.0,mixed_sideways,71.8,fresh_below_zero_cross_proxy,35.09,44.02,3.0,56,mixed_sideways,72,fresh_below_zero_cross,58.43,43.139999,0.23,0.06782170,0.06047195,-0.06339561,-0.00300441,4H MACD 刚金叉但仍需零轴确认；4H MACD 柱体连续扩张；4H RSI 位于健康强势区间,4H EMA 仍偏震荡
1180,AUPH,AURINIA PHARMACEUTICALS INC,Health Care,Early,Russell,1629,38.15,26.3,67.6,55.0,56.52,53.59,55.65,30.41,15.0,bearish_transition,25.0,bearish_proxy,40.82,49.41,0.0,53,mixed_sideways,72,fresh_below_zero_cross,50.35,15.22,0.17,0.01942398,0.00263505,-0.06165222,-0.14829328,4H MACD 刚金叉但仍需零轴确认；4H MACD 柱体连续扩张；4H RSI 位于健康强势区间,4H EMA 仍偏震荡
1181,ATKR,ATKORE INC,Industrials,Early,Russell,522,38.14,62.33,60.1,1.03,1.28,63.58,66.75,58.05,75.0,confirmed_bullish_trend,60.9,bullish_above_signal_proxy,100.0,57.0,18.22,89,confirmed_bullish_trend,70,bullish_above_signal,77.49,93.639999,0.13,0.00224766,0.31075023,0.35220215,0.20251696,4H EMA 多头排列已连续维持；4H MACD 位于 Signal 上方,4H 相对 EMA26 超过 2 ATR，短线偏追高；4H RSI 过热
1182,ROCK,GIBRALTAR INDUSTRIES,Industrials,Early,Russell,705,38.13,60.53,60.1,5.34,1.08,65.74,69.15,52.53,75.0,confirmed_bullish_trend,60.9,bullish_above_signal_proxy,86.11,54.22,19.16,89,confirmed_bullish_trend,78,bullish_above_signal,77.43,55.220001,0.36,0.15984037,0.28001860,0.28061230,0.40312542,4H EMA 多头排列已连续维持；4H MACD 位于 Signal 上方；4H MACD 柱体连续扩张,4H 相对 EMA26 超过 2 ATR，短线偏追高；4H RSI 过热
1183,HPP,HUDSON PACIFIC PROPERTIES REIT,Real Estate,Early,Russell,1463,38.06,37.21,65.2,35.4,56.52,51.97,53.85,33.42,35.0,mixed_sideways,25.0,bearish_proxy,33.02,45.1,0.0,53,mixed_sideways,66,bullish_above_signal,54.6,15.02,0.29,0.06373938,0.07439199,-0.06359108,0.04450626,4H MACD 位于 Signal 上方；4H MACD 柱体连续扩张；4H RSI 位于健康强势区间,4H EMA 仍偏震荡
1184,CRVS,CORVUS PHARMACEUTICALS,Health Care,Early,Russell,1455,38.0,37.64,65.2,33.97,56.52,53.18,55.2,33.6,35.0,mixed_sideways,25.0,bearish_proxy,32.31,47.71,0.0,56,mixed_sideways,66,bullish_above_signal,53.55,13.86,0.2,-0.00072098,0.06288344,-0.11239193,0.09825674,4H MACD 位于 Signal 上方；4H MACD 柱体连续扩张；4H RSI 位于健康强势区间,4H EMA 仍偏震荡
1185,ACRE,ARES COMMERCIAL REAL ESTATE REIT C,Financials,Early,Russell,607,37.95,49.49,90.4,32.12,56.52,68.57,72.3,55.07,35.0,mixed_sideways,71.8,fresh_below_zero_cross_proxy,63.17,51.13,0.0,94,fresh_bullish_cross,66,bullish_above_signal,57.11,4.665,0.35,-0.02507837,0.04831461,0.05304740,0.02414929,4H EMA9/26 最近金叉且价格在 EMA50 上方；4H MACD 位于 Signal 上方；4H MACD 柱体连续扩张；4H RSI 位于健康强势区间,
1186,GVA,GRANITE CONSTRUCTION INC,Industrials,Early,Russell,1369,37.94,30.65,65.2,49.87,56.52,53.18,55.2,35.93,15.0,bearish_transition,49.8,bullish_below_zero_proxy,39.23,48.1,0.0,56,mixed_sideways,66,bullish_above_signal,51.71,124.805,0.28,0.01220598,0.05829730,-0.13420045,-0.16818844,4H MACD 位于 Signal 上方；4H MACD 柱体连续扩张；4H RSI 位于健康强势区间,4H EMA 仍偏震荡
1187,AIP,ARTERIS INC,Information Technology,Early,Russell,1387,37.94,30.09,65.2,51.21,56.52,51.02,52.8,35.59,15.0,bearish_transition,49.8,bullish_below_zero_proxy,39.67,44.93,0.0,56,mixed_sideways,58,bullish_above_signal,51.4,31.525,0.14,-0.00268905,0.16932497,0.00686685,-0.23445847,4H MACD 位于 Signal 上方；4H RSI 位于健康强势区间,4H EMA 仍偏震荡
1188,CVLT,COMMVAULT SYSTEMS,Information Technology,Early,Russell,1482,37.84,36.88,65.2,34.68,56.52,51.97,53.85,33.07,35.0,mixed_sideways,25.0,bearish_proxy,32.62,43.52,0.0,53,mixed_sideways,66,bullish_above_signal,51.01,132.899994,0.13,0.00165813,0.10593323,-0.13628389,0.06328503,4H MACD 位于 Signal 上方；4H MACD 柱体连续扩张；4H RSI 位于健康强势区间,4H EMA 仍偏震荡
1189,DMAC,DIAMEDICA THERAPEUTICS INC,Health Care,Early,Russell,1519,37.67,36.72,67.6,27.5,56.52,53.59,55.65,32.18,35.0,mixed_sideways,25.0,bearish_proxy,29.49,43.9,0.0,53,mixed_sideways,72,fresh_below_zero_cross,50.42,6.72,0.18,0.03543914,0.06161137,-0.16000000,0.07177033,4H MACD 刚金叉但仍需零轴确认；4H MACD 柱体连续扩张；4H RSI 位于健康强势区间,4H EMA 仍偏震荡
1190,RNA,ATRIUM THERAPEUTICS INC,Health Care,Early,Russell,1099,37.57,34.16,65.2,39.2,56.52,51.97,53.85,40.61,18.0,bearish_transition,71.8,fresh_below_zero_cross_proxy,35.03,45.01,0.0,53,mixed_sideways,66,bullish_above_signal,56.83,11.97,0.42,0.03996525,0.06684492,-0.09626274,-0.06630265,4H MACD 位于 Signal 上方；4H MACD 柱体连续扩张；4H RSI 位于健康强势区间,4H EMA 仍偏震荡
1191,PDFS,PDF SOLUTIONS,Information Technology,Early,Russell,1151,37.57,33.78,65.2,40.12,56.52,51.02,52.8,39.65,15.0,bearish_transition,71.8,fresh_below_zero_cross_proxy,35.31,44.06,0.0,56,mixed_sideways,58,bullish_above_signal,51.74,50.080002,0.1,-0.02757278,0.21878807,-0.03039690,-0.17250492,4H MACD 位于 Signal 上方；4H RSI 位于健康强势区间,4H EMA 仍偏震荡
1192,OSUR,ORASURE TECHNOLOGIES INC,Health Care,Early,Russell,1073,37.54,42.62,87.7,52.59,56.52,59.12,61.8,41.88,35.0,mixed_sideways,49.8,bullish_below_zero_proxy,40.1,46.02,0.0,76,early_transition,58,bullish_above_signal,55.35,4.125,0.18,0.00364964,0.03904282,-0.04513889,-0.02712264,4H EMA9 已站上 EMA26，等待 26/50 确认；4H MACD 位于 Signal 上方；4H RSI 位于健康强势区间,
1193,ASC,ARDMORE SHIPPING CORP,Energy,Early,Russell,799,37.52,46.82,50.8,47.77,56.52,42.52,43.35,50.9,35.0,mixed_sideways,61.8,bullish_above_signal_proxy,58.79,48.76,0.0,55,mixed_sideways,28,fresh_bearish_cross,50.34,16.674999,0.19,-0.01331367,-0.00447767,0.07928796,-0.06869600,4H RSI 位于健康强势区间,4H EMA 仍偏震荡；4H MACD 最近死叉
1194,BLMN,BLOOMIN BRANDS INC,Consumer Discretionary,Early,Russell,690,37.5,60.88,60.1,1.03,0.03,66.46,69.95,52.94,75.0,confirmed_bullish_trend,59.55,bullish_above_signal_proxy,100.0,57.0,23.0,89,confirmed_bullish_trend,78,bullish_above_signal,77.0,11.88,0.76,0.33034714,0.34846765,0.48872180,0.44087326,4H EMA 多头排列已连续维持；4H MACD 位于 Signal 上方；4H MACD 柱体连续扩张,4H 相对 EMA26 超过 2 ATR，短线偏追高；4H RSI 过热
1195,PLOW,DOUGLAS DYNAMICS INC,Industrials,Early,Russell,1377,37.3,27.57,67.6,46.38,56.52,53.59,55.65,35.82,15.0,bearish_transition,25.0,bearish_proxy,59.16,48.83,0.0,53,mixed_sideways,72,fresh_below_zero_cross,51.31,44.75,0.11,-0.00842014,0.04434077,0.01336051,-0.09229207,4H MACD 刚金叉但仍需零轴确认；4H MACD 柱体连续扩张；4H RSI 位于健康强势区间,4H EMA 仍偏震荡
1196,KOS,KOSMOS ENERGY,Energy,Early,Russell,227,37.24,75.7,40.9,84.92,56.52,38.48,37.2,62.81,82.0,early_transition,61.8,bullish_above_signal_proxy,52.14,47.43,0.0,36,bearish_transition,42,mixed_or_bearish,45.81,2.385,0.34,-0.00209205,-0.04024145,0.07674944,0.03695652,,4H EMA 转弱或跌破 EMA26；4H MACD 尚未确认多头
1197,BRBS,BLUE RIDGE BANKSHARES INC,Financials,Early,Russell,875,37.21,58.76,67.1,59.47,8.88,67.81,71.45,49.68,72.0,confirmed_bullish_trend,59.55,bullish_above_signal_proxy,56.44,48.29,10.98,89,confirmed_bullish_trend,78,bullish_above_signal,70.08,3.69,0.22,0.01513067,0.05730659,0.06801737,0.05730659,4H EMA 多头排列已连续维持；4H MACD 位于 Signal 上方；4H MACD 柱体连续扩张,4H 相对 EMA26 超过 2 ATR，短线偏追高；4H RSI 偏热
1198,GIC,GLOBAL INDUSTRIAL,Industrials,Early,Russell,787,37.19,59.55,53.85,16.83,2.8,66.46,69.95,51.07,75.0,confirmed_bullish_trend,59.55,bullish_above_signal_proxy,71.33,51.27,15.41,89,confirmed_bullish_trend,78,bullish_above_signal,78.67,38.685001,0.58,0.03880233,0.07577870,0.17619344,0.16450933,4H EMA 多头排列已连续维持；4H MACD 位于 Signal 上方；4H MACD 柱体连续扩张,4H 相对 EMA26 超过 2 ATR，短线偏追高；4H RSI 过热
1199,NUTX,NUTEX HEALTH INC,Health Care,Early,Russell,1504,37.17,36.85,65.2,30.27,56.52,51.02,52.8,32.56,35.0,mixed_sideways,25.0,bearish_proxy,30.63,44.13,0.0,56,mixed_sideways,58,bullish_above_signal,52.83,157.710007,0.28,-0.00611284,0.12449203,-0.16183034,0.07285719,4H MACD 位于 Signal 上方；4H RSI 位于健康强势区间,4H EMA 仍偏震荡
1200,STRW,STRAWBERRY FIELDS REIT INC,Real Estate,Early,Russell,1075,37.02,40.04,54.4,50.59,56.52,47.24,48.6,41.74,35.0,mixed_sideways,25.0,bearish_proxy,58.22,50.14,0.0,52,mixed_sideways,50,mixed_or_bearish,50.91,14.19,0.05,-0.00421053,-0.01560874,0.03994137,0.05345212,4H MACD 柱体连续扩张；4H RSI 位于健康强势区间,4H EMA 仍偏震荡；4H MACD 尚未确认多头
1201,CLMB,CLIMB GLOBAL SOLUTIONS INC,Information Technology,Early,Russell,1081,37.0,39.75,54.4,51.15,56.52,46.3,47.55,41.47,35.0,mixed_sideways,25.0,bearish_proxy,58.09,48.62,0.0,55,mixed_sideways,42,mixed_or_bearish,51.61,26.639999,0.24,-0.01552106,-0.06460678,0.04799367,0.21256260,4H RSI 位于健康强势区间,4H EMA 仍偏震荡；4H MACD 尚未确认多头
1202,WINA,WINMARK,Consumer Discretionary,Early,Russell,1191,36.87,33.54,65.2,36.02,56.52,53.18,55.2,38.96,15.0,bearish_transition,71.8,fresh_below_zero_cross_proxy,33.2,43.64,0.0,56,mixed_sideways,66,bullish_above_signal,53.39,356.570007,0.19,0.00415383,0.06795855,-0.13369776,-0.11597867,4H MACD 位于 Signal 上方；4H MACD 柱体连续扩张；4H RSI 位于健康强势区间,4H EMA 仍偏震荡
1203,ACTG,ACACIA RESEARCH,Financials,Early,Russell,1086,36.84,31.94,87.7,72.86,56.52,59.12,61.8,41.26,18.0,bearish_transition,49.8,bullish_below_zero_proxy,54.12,47.82,0.0,76,early_transition,58,bullish_above_signal,52.68,4.59,0.21,-0.01713062,0.01661130,0.03146067,-0.03974895,4H EMA9 已站上 EMA26，等待 26/50 确认；4H MACD 位于 Signal 上方；4H RSI 位于健康强势区间,
1204,SOC,SABLE OFFSHORE CLASS A,Energy,Early,Russell,1117,36.82,31.7,87.7,73.27,56.52,55.88,58.2,40.33,15.0,bearish_transition,49.8,bullish_below_zero_proxy,54.03,47.81,0.0,68,early_transition,58,bullish_above_signal,51.35,4.705,0.17,0.04555556,0.07789233,0.11360947,-0.47371365,4H EMA9 已站上 EMA26，等待 26/50 确认；4H MACD 位于 Signal 上方；4H RSI 位于健康强势区间,
1205,COTY,COTY INC CLASS A,Consumer Staples,Early,Russell,498,36.8,62.21,82.9,6.88,8.34,74.78,79.2,58.65,72.0,confirmed_bullish_trend,59.55,bullish_above_signal_proxy,83.22,56.39,11.26,100,confirmed_bullish_trend,80,fresh_above_zero_cross,65.28,2.87,0.14,-0.00692042,0.05514706,0.28125000,0.46055980,4H EMA 多头排列已连续维持；4H MACD 零轴上方刚金叉；4H RSI 位于健康强势区间,
1206,ARLO,ARLO TECHNOLOGIES,Information Technology,Early,Russell,785,36.71,59.64,53.85,13.44,2.8,63.58,66.75,51.08,72.0,confirmed_bullish_trend,59.55,bullish_above_signal_proxy,74.1,51.82,15.41,89,confirmed_bullish_trend,70,bullish_above_signal,80.79,15.925,0.2,0.00536616,0.09676309,0.20918755,0.24365482,4H EMA 多头排列已连续维持；4H MACD 位于 Signal 上方,4H 相对 EMA26 超过 2 ATR，短线偏追高；4H RSI 过热
1207,VECO,VEECO INSTRUMENTS INC,Information Technology,Early,Russell,1424,36.61,29.68,65.2,43.3,56.52,51.02,52.8,34.39,15.0,bearish_transition,49.8,bullish_below_zero_proxy,36.04,44.21,0.0,56,mixed_sideways,58,bullish_above_signal,50.78,52.09,0.42,-0.03465528,0.21308806,-0.02434911,-0.30407480,4H MACD 位于 Signal 上方；4H RSI 位于健康强势区间,4H EMA 仍偏震荡
1208,IDCC,INTERDIGITAL INC,Information Technology,Early,Russell,905,36.5,59.16,53.85,13.75,1.9,63.58,66.75,49.21,72.0,confirmed_bullish_trend,59.55,bullish_above_signal_proxy,73.68,51.74,17.15,89,confirmed_bullish_trend,70,bullish_above_signal,85.35,330.23999,0.24,0.03270996,0.26475435,0.19595837,0.18216018,4H EMA 多头排列已连续维持；4H MACD 位于 Signal 上方,4H 相对 EMA26 超过 2 ATR，短线偏追高；4H RSI 过热
1209,TTI,TETRA TECHNOLOGIES,Energy,Early,Russell,1220,36.45,33.43,65.2,33.45,56.52,51.02,52.8,38.62,15.0,bearish_transition,71.8,fresh_below_zero_cross_proxy,32.19,43.44,0.0,56,mixed_sideways,58,bullish_above_signal,53.09,8.48,0.28,-0.04018110,0.16244003,-0.08373852,-0.16164113,4H MACD 位于 Signal 上方；4H RSI 位于健康强势区间,4H EMA 仍偏震荡
1210,UPB,UPSTREAM BIO,Health Care,Early,Russell,1213,36.41,33.59,65.2,32.84,56.52,51.02,52.8,38.71,15.0,bearish_transition,71.8,fresh_below_zero_cross_proxy,31.99,44.4,0.0,56,mixed_sideways,58,bullish_above_signal,50.48,6.64,0.3,-0.01337296,0.03750000,-0.15414013,0.05313243,4H MACD 位于 Signal 上方；4H RSI 位于健康强势区间,4H EMA 仍偏震荡
1211,EBS,EMERGENT BIOSOLUTIONS,Health Care,Early,Russell,1430,36.25,29.79,65.2,40.64,56.52,51.02,52.8,34.32,15.0,bearish_transition,49.8,bullish_below_zero_proxy,35.36,45.07,0.0,56,mixed_sideways,58,bullish_above_signal,51.78,7.525,0.22,-0.00594452,0.02520436,-0.09337349,-0.06054931,4H MACD 位于 Signal 上方；4H RSI 位于健康强势区间,4H EMA 仍偏震荡
1212,LGN,LEGENCE CLASS A,Industrials,Early,Russell,1438,36.24,29.61,65.2,40.94,56.52,53.18,55.2,34.19,15.0,bearish_transition,49.8,bullish_below_zero_proxy,35.42,44.08,0.0,56,mixed_sideways,66,bullish_above_signal,51.33,67.315002,0.11,0.00440175,0.26937589,-0.04409253,-0.16895059,4H MACD 位于 Signal 上方；4H MACD 柱体连续扩张；4H RSI 位于健康强势区间,4H EMA 仍偏震荡
1213,AVBP,ARRIVENT BIOPHARMA,Health Care,Early,Russell,1561,36.08,36.48,65.2,23.86,56.52,53.18,55.2,31.48,35.0,mixed_sideways,25.0,bearish_proxy,27.35,43.47,0.0,56,mixed_sideways,66,bullish_above_signal,51.08,31.01,0.16,0.00080681,0.03194679,-0.09327488,-0.08035413,4H MACD 位于 Signal 上方；4H MACD 柱体连续扩张；4H RSI 位于健康强势区间,4H EMA 仍偏震荡
1214,KOPN,KOPIN CORP,Information Technology,Early,Russell,1308,36.06,30.66,87.7,70.65,56.52,59.12,61.8,37.26,15.0,bearish_transition,49.8,bullish_below_zero_proxy,44.71,45.94,0.0,76,early_transition,58,bullish_above_signal,56.0,4.005,0.14,-0.05207101,0.27021884,0.05952381,-0.00988875,4H EMA9 已站上 EMA26，等待 26/50 确认；4H MACD 位于 Signal 上方；4H RSI 位于健康强势区间,
1215,UNCY,UNICYCIVE THERAPEUTICS INC,Health Care,Early,Russell,1441,35.96,29.73,65.2,38.84,56.52,51.97,53.85,34.13,15.0,bearish_transition,49.8,bullish_below_zero_proxy,34.79,44.96,0.0,53,mixed_sideways,66,bullish_above_signal,52.5,5.3,0.16,0.03112840,0.12169312,-0.02394107,-0.33956386,4H MACD 位于 Signal 上方；4H MACD 柱体连续扩张；4H RSI 位于健康强势区间,4H EMA 仍偏震荡
1216,CNK,CINEMARK HOLDINGS INC,Communication,Early,Russell,606,35.82,60.94,53.85,4.72,2.46,63.58,66.75,55.15,72.0,confirmed_bullish_trend,59.55,bullish_above_signal_proxy,88.73,53.75,16.02,89,confirmed_bullish_trend,70,bullish_above_signal,80.82,38.16,0.09,0.00832340,0.09497854,0.29751785,0.12899412,4H EMA 多头排列已连续维持；4H MACD 位于 Signal 上方,4H 相对 EMA26 超过 2 ATR，短线偏追高；4H RSI 过热
1217,FOSL,FOSSIL GROUP INC,Consumer Discretionary,Early,Russell,533,35.72,61.97,53.85,2.15,1.69,63.58,66.75,57.34,72.0,confirmed_bullish_trend,59.55,bullish_above_signal_proxy,99.72,56.94,17.61,89,confirmed_bullish_trend,70,bullish_above_signal,78.76,5.945,0.13,-0.00167926,0.35113636,0.44823386,0.48625000,4H EMA 多头排列已连续维持；4H MACD 位于 Signal 上方,4H 相对 EMA26 超过 2 ATR，短线偏追高；4H RSI 过热
1218,SANA,SANA BIOTECHNOLOGY INC,Health Care,Early,Russell,1037,35.71,46.05,90.4,25.24,56.52,68.57,72.3,43.86,35.0,mixed_sideways,71.8,fresh_below_zero_cross_proxy,27.94,46.84,0.0,94,fresh_bullish_cross,66,bullish_above_signal,61.13,3.49,0.26,0.04334828,0.09748428,-0.15085158,0.04804805,4H EMA9/26 最近金叉且价格在 EMA50 上方；4H MACD 位于 Signal 上方；4H MACD 柱体连续扩张；4H RSI 位于健康强势区间,
1219,PRLD,PRELUDE THERAPEUTICS,Health Care,Early,Russell,895,35.67,56.78,65.2,27.14,56.52,53.86,55.95,49.4,72.0,confirmed_bullish_trend,49.8,bullish_below_zero_proxy,29.26,43.85,0.0,55,mixed_sideways,70,bullish_above_signal,54.41,4.58,0.09,0.02690583,-0.02760085,-0.08216433,0.04566210,4H MACD 位于 Signal 上方；4H RSI 位于健康强势区间,4H EMA 仍偏震荡
1220,UFPT,UFP TECHNOLOGIES INC,Health Care,Early,Russell,940,35.66,59.29,53.85,8.83,0.46,63.58,66.75,48.44,72.0,confirmed_bullish_trend,59.55,bullish_above_signal_proxy,79.55,53.91,20.0,89,confirmed_bullish_trend,70,bullish_above_signal,78.34,324.920013,0.2,-0.01888722,0.27584724,0.23043134,0.38305037,4H EMA 多头排列已连续维持；4H MACD 位于 Signal 上方,4H 相对 EMA26 超过 2 ATR，短线偏追高；4H RSI 过热
1221,LIND,LINDBLAD EXPEDITIONS HOLDINGS,Consumer Discretionary,Early,Russell,614,35.65,61.12,53.85,3.59,1.85,63.58,66.75,54.92,72.0,confirmed_bullish_trend,59.55,bullish_above_signal_proxy,91.49,55.3,17.31,89,confirmed_bullish_trend,70,bullish_above_signal,82.54,34.220001,0.15,0.02271375,0.15044545,0.33307367,0.32867413,4H EMA 多头排列已连续维持；4H MACD 位于 Signal 上方,4H 相对 EMA26 超过 2 ATR，短线偏追高；4H RSI 过热
1222,ZETA,ZETA GLOBAL HOLDINGS CLASS A,Information Technology,Early,Russell,771,35.62,59.97,53.85,6.62,1.03,65.74,69.15,51.27,75.0,confirmed_bullish_trend,59.55,bullish_above_signal_proxy,83.65,53.73,19.28,89,confirmed_bullish_trend,78,bullish_above_signal,81.28,27.310101,0.45,0.14363912,0.23575118,0.24846176,0.40123658,4H EMA 多头排列已连续维持；4H MACD 位于 Signal 上方；4H MACD 柱体连续扩张,4H 相对 EMA26 超过 2 ATR，短线偏追高；4H RSI 过热
1223,BLND,BLEND LABS CLASS A,Information Technology,Early,Russell,791,35.6,59.18,67.1,46.64,10.54,67.81,71.45,51.05,72.0,confirmed_bullish_trend,59.55,bullish_above_signal_proxy,59.1,48.82,10.49,89,confirmed_bullish_trend,78,bullish_above_signal,69.02,2.025,0.19,0.01758794,0.11878453,0.10958904,0.20535714,4H EMA 多头排列已连续维持；4H MACD 位于 Signal 上方；4H MACD 柱体连续扩张,4H 相对 EMA26 超过 2 ATR，短线偏追高；4H RSI 偏热
1224,INFU,INFUSYSTEM HOLDINGS INC,Health Care,Early,Russell,661,35.57,61.04,53.85,3.9,0.82,65.74,69.15,53.5,75.0,confirmed_bullish_trend,60.9,bullish_above_signal_proxy,90.15,56.03,19.67,89,confirmed_bullish_trend,78,bullish_above_signal,79.58,12.755,0.28,0.09391081,0.31089414,0.31630547,0.40628445,4H EMA 多头排列已连续维持；4H MACD 位于 Signal 上方；4H MACD 柱体连续扩张,4H 相对 EMA26 超过 2 ATR，短线偏追高；4H RSI 过热
1225,GEF,GREIF INC CLASS A,Materials,Early,Russell,900,35.51,59.42,53.85,7.34,0.77,63.58,66.75,49.26,72.0,confirmed_bullish_trend,59.55,bullish_above_signal_proxy,82.01,53.4,19.84,89,confirmed_bullish_trend,70,bullish_above_signal,85.43,90.165001,0.17,0.01812334,0.03530836,0.22832235,0.28899221,4H EMA 多头排列已连续维持；4H MACD 位于 Signal 上方,4H 相对 EMA26 超过 2 ATR，短线偏追高；4H RSI 过热
1226,FTK,FLOTEK INDUSTRIES INC,Materials,Early,Russell,541,35.49,61.95,53.85,1.03,1.13,66.46,69.95,57.24,75.0,confirmed_bullish_trend,59.55,bullish_above_signal_proxy,100.0,57.0,18.7,89,confirmed_bullish_trend,78,bullish_above_signal,79.15,35.209999,0.71,0.27757621,0.61810657,0.56837405,0.50534419,4H EMA 多头排列已连续维持；4H MACD 位于 Signal 上方；4H MACD 柱体连续扩张,4H 相对 EMA26 超过 2 ATR，短线偏追高；4H RSI 过热
1227,HLIT,HARMONIC,Information Technology,Early,Russell,1462,35.43,29.37,65.2,36.12,56.52,51.02,52.8,33.49,15.0,bearish_transition,49.8,bullish_below_zero_proxy,33.31,43.66,0.0,56,mixed_sideways,58,bullish_above_signal,53.17,12.155,0.11,-0.02915335,0.14669811,-0.09358688,-0.17059024,4H MACD 位于 Signal 上方；4H RSI 位于健康强势区间,4H EMA 仍偏震荡
1228,OVID,OVID THERAPEUTICS,Health Care,Early,Russell,1170,35.42,41.73,90.4,33.35,56.52,68.57,72.3,39.27,35.0,mixed_sideways,49.8,bullish_below_zero_proxy,32.18,44.44,0.0,94,fresh_bullish_cross,66,bullish_above_signal,62.53,2.585,0.13,0.04444444,0.13129103,-0.06170599,0.11422414,4H EMA9/26 最近金叉且价格在 EMA50 上方；4H MACD 位于 Signal 上方；4H MACD 柱体连续扩张；4H RSI 位于健康强势区间,
1229,EOLS,EVOLUS INC,Health Care,Early,Russell,1457,35.41,29.53,65.2,35.61,56.52,51.02,52.8,33.57,15.0,bearish_transition,49.8,bullish_below_zero_proxy,33.08,44.62,0.0,56,mixed_sideways,58,bullish_above_signal,51.25,6.09,0.5,0.01246883,0.00827815,-0.12437096,-0.09576837,4H MACD 位于 Signal 上方；4H RSI 位于健康强势区间,4H EMA 仍偏震荡
1230,PTRN,PATTERN GROUP SERIES A,Consumer Discretionary,Early,Russell,1614,35.39,36.06,65.2,20.22,56.52,52.69,54.65,30.66,35.0,mixed_sideways,25.0,bearish_proxy,25.33,42.07,0.0,53,mixed_sideways,66,bullish_above_signal,52.31,24.85,0.66,0.01844262,0.07855898,-0.12221827,0.15689013,4H MACD 位于 Signal 上方；4H MACD 柱体连续扩张；4H RSI 位于健康强势区间,4H EMA 仍偏震荡
1231,CBIO,CRESCENT BIOPHARMA,Health Care,Early,Russell,1498,35.37,29.23,67.6,29.66,56.52,54.8,57.0,32.66,15.0,bearish_transition,49.8,bullish_below_zero_proxy,30.35,44.07,0.0,56,mixed_sideways,72,fresh_below_zero_cross,50.12,15.73,0.24,0.00318878,0.07372014,-0.07361602,-0.10011442,4H MACD 刚金叉但仍需零轴确认；4H MACD 柱体连续扩张；4H RSI 位于健康强势区间,4H EMA 仍偏震荡
1232,GRNT,GRANITE RIDGE RESOURCES,Energy,Early,Russell,446,35.37,73.37,37.3,87.43,56.52,35.23,35.25,59.68,82.0,early_transition,49.8,bullish_below_zero_proxy,51.76,47.35,0.0,41,bearish_transition,28,fresh_bearish_cross,47.71,4.655,0.13,-0.01689546,-0.01272534,0.04138702,0.01971522,,4H EMA 转弱或跌破 EMA26；4H MACD 最近死叉
1233,RNAC,CARTESIAN THERAPEUTICS,Health Care,Early,Russell,1609,35.36,36.22,65.2,19.7,56.52,53.18,55.2,30.71,35.0,mixed_sideways,25.0,bearish_proxy,25.04,43.01,0.0,56,mixed_sideways,66,bullish_above_signal,54.15,8.28,0.21,-0.00600240,0.11290323,-0.17529880,-0.18100890,4H MACD 位于 Signal 上方；4H MACD 柱体连续扩张；4H RSI 位于健康强势区间,4H EMA 仍偏震荡
1234,CAKE,CHEESECAKE FACTORY INC,Consumer Discretionary,Early,Russell,665,35.34,60.85,53.85,3.08,0.46,63.58,66.75,53.41,72.0,confirmed_bullish_trend,59.55,bullish_above_signal_proxy,95.06,56.01,20.0,89,confirmed_bullish_trend,70,bullish_above_signal,78.01,105.739998,0.17,0.00599369,0.04566244,0.35999997,0.37253370,4H EMA 多头排列已连续维持；4H MACD 位于 Signal 上方,4H 相对 EMA26 超过 2 ATR，短线偏追高；4H RSI 过热
1235,FET,FORUM ENERGY TECHNOLOGIES INC,Energy,Early,Russell,593,35.3,61.5,53.85,1.03,0.87,63.58,66.75,55.41,72.0,confirmed_bullish_trend,59.55,bullish_above_signal_proxy,100.0,57.0,19.62,89,confirmed_bullish_trend,70,bullish_above_signal,82.07,74.260002,0.15,0.00128094,0.45465237,0.56600601,0.48105312,4H EMA 多头排列已连续维持；4H MACD 位于 Signal 上方,4H 相对 EMA26 超过 2 ATR，短线偏追高；4H RSI 过热
1236,SMTI,SANARA MEDTECH INC,Health Care,Early,Russell,602,35.3,61.59,53.85,1.03,0.46,63.58,66.75,55.19,72.0,confirmed_bullish_trend,59.55,bullish_above_signal_proxy,100.0,58.0,20.0,89,confirmed_bullish_trend,70,bullish_above_signal,83.71,34.09,0.12,0.00058703,0.12694215,0.36907631,0.56591640,4H EMA 多头排列已连续维持；4H MACD 位于 Signal 上方,4H 相对 EMA26 超过 2 ATR，短线偏追高；4H RSI 过热
1237,ITGR,INTEGER HOLDINGS CORP,Health Care,Early,Russell,603,35.3,61.59,53.85,1.03,0.46,63.58,66.75,55.19,72.0,confirmed_bullish_trend,59.55,bullish_above_signal_proxy,100.0,58.0,20.0,89,confirmed_bullish_trend,70,bullish_above_signal,90.02,124.739998,0.12,0.00120397,0.25077704,0.35911963,0.39397661,4H EMA 多头排列已连续维持；4H MACD 位于 Signal 上方,4H 相对 EMA26 超过 2 ATR，短线偏追高；4H RSI 过热
1238,PXED,PHOENIX EDUCATION PARTNERS,Consumer Discretionary,Early,Russell,1717,35.26,25.06,65.2,45.05,56.52,51.97,53.85,28.46,15.0,bearish_transition,25.0,bearish_proxy,36.86,44.37,0.0,53,mixed_sideways,66,bullish_above_signal,52.21,30.049999,0.01,0.05290813,-0.00496695,-0.14253101,-0.02954952,4H MACD 位于 Signal 上方；4H MACD 柱体连续扩张；4H RSI 位于健康强势区间,4H EMA 仍偏震荡
1239,EFOR,EVERFORTH INC,Information Technology,Early,Russell,610,35.23,61.4,53.85,1.03,0.46,63.58,66.75,55.04,72.0,confirmed_bullish_trend,59.55,bullish_above_signal_proxy,100.0,57.0,20.0,89,confirmed_bullish_trend,70,bullish_above_signal,84.26,31.07,0.21,0.04401882,0.32438198,0.68858696,0.73575419,4H EMA 多头排列已连续维持；4H MACD 位于 Signal 上方,4H 相对 EMA26 超过 2 ATR，短线偏追高；4H RSI 过热
1240,RZLT,REZOLUTE,Health Care,Early,Russell,1437,35.14,37.41,90.4,41.56,56.52,69.65,73.5,34.2,35.0,mixed_sideways,25.0,bearish_proxy,35.59,45.12,0.0,94,fresh_bullish_cross,70,bullish_above_signal,48.09,4.8,0.27,-0.03711133,0.02564103,-0.03517588,-0.01740020,4H EMA9/26 最近金叉且价格在 EMA50 上方；4H MACD 位于 Signal 上方；4H RSI 位于健康强势区间,
1241,CRCT,CRICUT INC CLASS A,Consumer Discretionary,Early,Russell,715,35.14,60.65,53.85,2.46,0.03,66.46,69.95,52.28,75.0,confirmed_bullish_trend,59.55,bullish_above_signal_proxy,98.0,56.6,23.0,89,confirmed_bullish_trend,78,bullish_above_signal,79.47,5.885,0.94,0.19979613,0.22732013,0.35599078,0.35287356,4H EMA 多头排列已连续维持；4H MACD 位于 Signal 上方；4H MACD 柱体连续扩张,4H 相对 EMA26 超过 2 ATR，短线偏追高；4H RSI 过热
1242,DTIL,PRECISION BIOSCIENCES INC,Health Care,Early,Russell,1637,35.1,36.05,65.2,18.37,56.52,51.97,53.85,30.23,35.0,mixed_sideways,25.0,bearish_proxy,23.57,42.71,0.0,53,mixed_sideways,66,bullish_above_signal,53.87,7.47,0.29,0.03176796,0.08104197,-0.19155844,0.07482014,4H MACD 位于 Signal 上方；4H MACD 柱体连续扩张；4H RSI 位于健康强势区间,4H EMA 仍偏震荡
1243,VGZ,VISTA GOLD CORP,Materials,Early,Russell,971,35.04,44.43,79.7,53.05,56.52,57.68,60.2,47.59,35.0,mixed_sideways,49.8,bullish_below_zero_proxy,57.85,48.57,0.0,64,early_transition,78,bullish_above_signal,71.05,2.0,0.07,0.06666667,0.16959064,0.08401084,-0.04076739,4H EMA9 已站上 EMA26，等待 26/50 确认；4H MACD 位于 Signal 上方；4H MACD 柱体连续扩张,4H 相对 EMA26 超过 2 ATR，短线偏追高；4H RSI 偏热
1244,INBX,INHIBRX BIOSCIENCES INC,Health Care,Early,Russell,1325,34.63,32.98,65.2,22.37,56.52,51.97,53.85,36.91,15.0,bearish_transition,71.8,fresh_below_zero_cross_proxy,26.56,43.31,0.0,53,mixed_sideways,66,bullish_above_signal,49.98,84.739998,0.09,-0.00164938,0.06550986,-0.15681594,-0.08660742,4H MACD 位于 Signal 上方；4H MACD 柱体连续扩张；4H RSI 位于健康强势区间,4H EMA 仍偏震荡
1245,AOSL,ALPHA AND OMEGA SEMICONDUCTOR,Information Technology,Early,Russell,1479,34.61,29.75,65.2,29.76,56.52,51.02,52.8,33.09,15.0,bearish_transition,49.8,bullish_below_zero_proxy,30.4,46.83,0.0,56,mixed_sideways,58,bullish_above_signal,50.16,32.509998,0.19,-0.03042055,0.17491861,-0.06472958,-0.27787654,4H MACD 位于 Signal 上方；4H RSI 位于健康强势区间,4H EMA 仍偏震荡
1246,VSTM,VERASTEM INC,Health Care,Early,Russell,1048,34.46,40.49,54.4,32.53,56.52,47.24,48.6,43.26,35.0,mixed_sideways,25.0,bearish_proxy,63.06,50.61,0.0,52,mixed_sideways,50,mixed_or_bearish,50.87,5.835,0.1,0.01566580,-0.02961867,0.20682523,0.38928571,4H MACD 柱体连续扩张；4H RSI 位于健康强势区间,4H EMA 仍偏震荡；4H MACD 尚未确认多头
1247,VUZI,VUZIX CORP,Information Technology,Early,Russell,1344,34.4,30.37,87.7,60.24,56.52,59.12,61.8,36.41,15.0,bearish_transition,49.8,bullish_below_zero_proxy,42.14,45.43,0.0,76,early_transition,58,bullish_above_signal,60.69,2.575,0.06,-0.00770713,0.20046620,0.03830645,-0.16260163,4H EMA9 已站上 EMA26，等待 26/50 确认；4H MACD 位于 Signal 上方；4H RSI 位于健康强势区间,
1248,SLDB,SOLID BIOSCIENCES INC,Health Care,Early,Russell,1696,34.38,35.61,65.2,14.57,56.52,53.18,55.2,28.92,35.0,mixed_sideways,25.0,bearish_proxy,19.61,41.92,0.0,56,mixed_sideways,66,bullish_above_signal,54.89,8.68,0.18,0.01401869,0.08094645,-0.22082585,-0.01138952,4H MACD 位于 Signal 上方；4H MACD 柱体连续扩张；4H RSI 位于健康强势区间,4H EMA 仍偏震荡
1249,ABUS,ARBUTUS BIOPHARMA CORP,Health Care,Early,Russell,1460,34.33,37.17,90.4,36.74,56.52,67.76,71.4,33.51,35.0,mixed_sideways,25.0,bearish_proxy,33.52,44.7,0.0,92,fresh_bullish_cross,66,bullish_above_signal,59.41,4.625,0.18,0.04519774,0.08060748,-0.10454985,0.04049494,4H EMA9/26 最近金叉且价格在 EMA50 上方；4H MACD 位于 Signal 上方；4H MACD 柱体连续扩张；4H RSI 位于健康强势区间,
1250,VIR,VIR BIOTECHNOLOGY,Health Care,Early,Russell,1727,34.29,25.52,65.2,37.51,56.52,53.18,55.2,28.11,15.0,bearish_transition,25.0,bearish_proxy,33.87,48.02,0.0,56,mixed_sideways,66,bullish_above_signal,51.47,9.115,0.15,-0.00816104,0.05497685,-0.11029771,-0.10152785,4H MACD 位于 Signal 上方；4H MACD 柱体连续扩张；4H RSI 位于健康强势区间,4H EMA 仍偏震荡
1251,GPRO,GOPRO INC CLASS A,Consumer Discretionary,Early,Russell,1353,34.1,30.31,87.7,58.39,56.52,62.36,65.4,36.25,15.0,bearish_transition,49.8,bullish_below_zero_proxy,41.68,45.34,0.0,76,early_transition,70,bullish_above_signal,48.69,0.7163,0.22,-0.08518519,0.03556455,0.01631669,-0.01322496,4H EMA9 已站上 EMA26，等待 26/50 确认；4H MACD 位于 Signal 上方；4H RSI 位于健康强势区间,
1252,ASYS,AMTECH SYSTEMS INC,Information Technology,Early,Russell,1517,34.01,28.94,65.2,27.66,56.52,51.02,52.8,32.24,15.0,bearish_transition,49.8,bullish_below_zero_proxy,29.52,42.9,0.0,56,mixed_sideways,58,bullish_above_signal,51.28,16.48,0.31,-0.03794507,0.20909758,-0.07726769,-0.18857702,4H MACD 位于 Signal 上方；4H RSI 位于健康强势区间,4H EMA 仍偏震荡
1253,ONL,ORION PROPERTIES,Real Estate,Early,Russell,1351,33.95,30.54,87.7,56.85,56.52,56.69,59.1,36.33,15.0,bearish_transition,49.8,bullish_below_zero_proxy,41.22,46.74,0.0,74,early_transition,58,bullish_above_signal,47.43,2.645,0.04,-0.00750469,-0.00188679,-0.04856115,-0.08477509,4H EMA9 已站上 EMA26，等待 26/50 确认；4H MACD 位于 Signal 上方,
1254,DFH,DREAM FINDERS HOMES INC CLASS A,Other,Early,Russell,1783,33.95,24.26,67.6,31.81,56.52,53.59,55.65,26.52,15.0,bearish_transition,25.0,bearish_proxy,31.43,42.29,0.0,53,mixed_sideways,72,fresh_below_zero_cross,52.07,14.965,0.12,0.07275986,-0.03076425,-0.09767857,0.01526459,4H MACD 刚金叉但仍需零轴确认；4H MACD 柱体连续扩张；4H RSI 位于健康强势区间,4H EMA 仍偏震荡
1255,CURI,CURIOSITYSTREAM INC CLASS A,Communication,Early,Russell,1395,33.92,29.89,90.4,51.0,56.52,66.41,69.9,35.42,15.0,bearish_transition,49.8,bullish_below_zero_proxy,39.61,43.92,0.0,94,fresh_bullish_cross,58,bullish_above_signal,55.17,2.585,0.18,0.01316924,0.03607214,-0.05656934,0.04233871,4H EMA9/26 最近金叉且价格在 EMA50 上方；4H MACD 位于 Signal 上方；4H RSI 位于健康强势区间,
1256,NODK,NI HOLDINGS INC,Financials,Early,Russell,1212,33.87,38.81,54.1,99.95,56.52,46.3,47.55,38.71,35.0,mixed_sideways,25.0,bearish_proxy,49.72,46.94,0.0,39,bearish_transition,72,fresh_below_zero_cross,47.36,15.52,0.31,-0.00192926,0.00129032,-0.01834282,-0.00830671,4H MACD 刚金叉但仍需零轴确认；4H MACD 柱体连续扩张,4H EMA 转弱或跌破 EMA26
1257,VOXR,VOX ROYALTY CORP,Materials,Early,Russell,896,33.86,45.11,79.7,43.61,56.52,58.4,61.0,49.4,38.0,mixed_sideways,51.15,bullish_below_zero_proxy,59.59,48.92,0.0,64,early_transition,78,bullish_above_signal,72.75,4.915,0.96,0.06270270,0.16193853,0.09222222,-0.02673267,4H EMA9 已站上 EMA26，等待 26/50 确认；4H MACD 位于 Signal 上方；4H MACD 柱体连续扩张,4H 相对 EMA26 超过 2 ATR，短线偏追高；4H RSI 偏热
1258,SLS,SELLAS LIFE SCIENCES GROUP INC,Health Care,Early,Russell,1738,33.8,35.72,65.2,10.47,56.52,53.99,56.1,27.95,35.0,mixed_sideways,25.0,bearish_proxy,15.2,44.29,0.0,58,mixed_sideways,66,bullish_above_signal,55.22,11.8,0.16,0.02629221,0.17179742,-0.12592593,0.30242826,4H MACD 位于 Signal 上方；4H MACD 柱体连续扩张；4H RSI 位于健康强势区间,4H EMA 仍偏震荡
1259,IMMX,IMMIX BIOPHARMA,Health Care,Early,Russell,1747,33.68,35.19,65.2,10.88,56.52,53.18,55.2,27.69,35.0,mixed_sideways,25.0,bearish_proxy,15.87,41.17,0.0,56,mixed_sideways,66,bullish_above_signal,59.21,9.585,0.11,0.04868709,0.17391304,-0.20291060,-0.03132895,4H MACD 位于 Signal 上方；4H MACD 柱体连续扩张；4H RSI 位于健康强势区间,4H EMA 仍偏震荡
1260,WWW,WOLVERINE WORLD WIDE,Consumer Discretionary,Early,Russell,1065,33.64,39.5,54.4,29.35,56.52,46.3,47.55,42.27,35.0,mixed_sideways,20.0,fresh_bearish_cross_proxy,64.29,49.86,0.0,55,mixed_sideways,42,mixed_or_bearish,52.32,19.52,0.17,-0.00076785,-0.04965925,0.13752914,0.16606930,4H RSI 位于健康强势区间,4H EMA 仍偏震荡；4H MACD 尚未确认多头
1261,ZYME,ZYMEWORKS,Health Care,Early,Russell,1770,33.57,24.76,65.2,34.48,56.52,51.97,53.85,27.18,15.0,bearish_transition,25.0,bearish_proxy,32.52,44.5,0.0,53,mixed_sideways,66,bullish_above_signal,55.39,23.51,0.31,0.04164821,0.06766576,-0.12144993,-0.01425577,4H MACD 位于 Signal 上方；4H MACD 柱体连续扩张；4H RSI 位于健康强势区间,4H EMA 仍偏震荡
1262,PURR,HYPERLIQUID STRATEGIES INC,Health Care,Early,Russell,1541,33.54,28.93,65.2,24.53,56.52,53.18,55.2,31.79,15.0,bearish_transition,49.8,bullish_below_zero_proxy,27.7,43.54,0.0,56,mixed_sideways,66,bullish_above_signal,57.01,6.945,0.18,0.02660754,0.16331658,-0.14941825,-0.14680590,4H MACD 位于 Signal 上方；4H MACD 柱体连续扩张；4H RSI 位于健康强势区间,4H EMA 仍偏震荡
1263,HIMS,HIMS HERS HEALTH CLASS A,Health Care,Early,Russell,1753,33.51,35.09,65.2,9.95,56.52,51.83,53.7,27.42,35.0,mixed_sideways,25.0,bearish_proxy,15.05,41.01,0.0,58,mixed_sideways,58,bullish_above_signal,52.42,31.24,0.07,-0.00715080,0.24984992,-0.13606195,-0.05175292,4H MACD 位于 Signal 上方；4H RSI 位于健康强势区间,4H EMA 仍偏震荡
1264,RCKT,ROCKET PHARMACEUTICALS,Health Care,Early,Russell,1484,33.44,37.45,90.4,30.17,56.52,66.41,69.9,33.03,35.0,mixed_sideways,25.0,bearish_proxy,30.59,47.37,0.0,94,fresh_bullish_cross,58,bullish_above_signal,57.21,3.47,0.17,0.00000000,0.10685805,-0.14742015,0.00144300,4H EMA9/26 最近金叉且价格在 EMA50 上方；4H MACD 位于 Signal 上方；4H RSI 位于健康强势区间,
1265,NSP,INSPERITY,Industrials,Early,Russell,1031,33.39,40.66,54.4,24.99,56.52,47.51,48.9,44.16,35.0,mixed_sideways,25.0,bearish_proxy,66.25,50.25,0.0,58,mixed_sideways,42,mixed_or_bearish,52.07,51.43,0.22,-0.01931245,-0.03308891,0.12908894,0.38962450,4H RSI 位于健康强势区间,4H EMA 仍偏震荡；4H MACD 尚未确认多头
1266,TDAY,USA TODAY INC,Communication,Early,Russell,939,33.3,45.86,51.7,86.1,56.52,49.4,51.0,48.5,35.0,mixed_sideways,61.8,bullish_above_signal_proxy,51.96,46.39,0.0,44,bearish_transition,70,bullish_above_signal,49.75,8.675,0.18,-0.04460352,-0.01532350,0.00989523,0.08302122,4H MACD 位于 Signal 上方；4H RSI 位于健康强势区间,4H EMA 转弱或跌破 EMA26
1267,PCB,PCB BANCORP,Financials,Early,Russell,1197,33.3,38.86,54.1,96.05,56.52,46.3,47.55,38.87,35.0,mixed_sideways,25.0,bearish_proxy,50.22,47.04,0.0,39,bearish_transition,72,fresh_below_zero_cross,45.33,28.049999,0.02,-0.01005823,0.00107063,-0.01475237,0.03467348,4H MACD 刚金叉但仍需零轴确认；4H MACD 柱体连续扩张,4H EMA 转弱或跌破 EMA26
1268,BJRI,BJS RESTAURANTS INC,Consumer Discretionary,Early,Russell,1024,33.12,41.12,54.4,22.11,56.52,46.3,47.55,44.79,35.0,mixed_sideways,25.0,bearish_proxy,67.35,52.22,0.0,55,mixed_sideways,42,mixed_or_bearish,51.39,67.660004,0.14,-0.00543870,-0.03535778,0.12336052,0.27395976,4H RSI 位于健康强势区间,4H EMA 仍偏震荡；4H MACD 尚未确认多头
1269,CRAI,CRA INTERNATIONAL INC,Industrials,Early,Russell,1055,32.99,39.72,54.4,24.53,56.52,46.3,47.55,42.93,35.0,mixed_sideways,20.0,fresh_bearish_cross_proxy,66.32,50.26,0.0,55,mixed_sideways,42,mixed_or_bearish,52.67,177.470001,0.07,-0.01553227,-0.06771381,0.13930793,0.23268736,4H RSI 位于健康强势区间,4H EMA 仍偏震荡；4H MACD 尚未确认多头
1270,GOGO,GOGO,Communication,Early,Russell,584,32.95,60.87,75.1,7.49,4.82,67.62,71.25,55.71,72.0,confirmed_bullish_trend,59.55,bullish_above_signal_proxy,81.7,52.34,13.14,89,confirmed_bullish_trend,70,bullish_above_signal,67.76,4.555,0.17,-0.02774813,0.16794872,0.28672316,0.35970149,4H EMA 多头排列已连续维持；4H MACD 位于 Signal 上方；4H RSI 位于健康强势区间,4H 相对 EMA26 超过 2 ATR，短线偏追高
1271,ANAB,ANAPTYSBIO,Health Care,Early,Russell,1431,32.95,32.09,65.2,13.24,56.52,51.97,53.85,34.31,15.0,bearish_transition,71.8,fresh_below_zero_cross_proxy,18.66,41.73,0.0,53,mixed_sideways,66,bullish_above_signal,51.03,55.169998,0.07,0.02565338,0.05770702,-0.18048131,-0.07199332,4H MACD 位于 Signal 上方；4H MACD 柱体连续扩张；4H RSI 位于健康强势区间,4H EMA 仍偏震荡
1272,RDZN,ROADZEN INC,Information Technology,Early,Russell,1419,32.78,29.71,90.4,43.82,56.52,67.76,71.4,34.48,15.0,bearish_transition,49.8,bullish_below_zero_proxy,36.31,44.26,0.0,92,fresh_bullish_cross,66,bullish_above_signal,57.55,1.265,0.09,0.01200000,0.09523810,-0.00784314,-0.17320261,4H EMA9/26 最近金叉且价格在 EMA50 上方；4H MACD 位于 Signal 上方；4H MACD 柱体连续扩张；4H RSI 位于健康强势区间,
1273,LZM,LIFEZONE METALS LTD,Materials,Early,Russell,925,32.69,44.84,79.7,36.43,56.52,57.68,60.2,48.79,35.0,mixed_sideways,49.8,bullish_below_zero_proxy,61.48,49.3,0.0,64,early_transition,78,bullish_above_signal,71.93,3.95,0.1,0.07046070,0.31229236,0.11111111,-0.06839623,4H EMA9 已站上 EMA26，等待 26/50 确认；4H MACD 位于 Signal 上方；4H MACD 柱体连续扩张,4H 相对 EMA26 超过 2 ATR，短线偏追高；4H RSI 偏热
1274,FWDI,FORWARD INDUSTRIES INC,Information Technology,Early,Russell,1427,32.6,29.67,90.4,42.69,56.52,68.57,72.3,34.36,15.0,bearish_transition,49.8,bullish_below_zero_proxy,35.93,44.19,0.0,94,fresh_bullish_cross,66,bullish_above_signal,53.67,4.21,0.07,0.00357569,0.10935441,-0.02206736,0.02184466,4H EMA9/26 最近金叉且价格在 EMA50 上方；4H MACD 位于 Signal 上方；4H MACD 柱体连续扩张；4H RSI 位于健康强势区间,
1275,ABSI,ABSCI CORP,Health Care,Early,Russell,1837,32.49,34.11,65.2,5.44,56.52,51.02,52.8,24.54,35.0,mixed_sideways,25.0,bearish_proxy,6.32,39.26,0.0,56,mixed_sideways,58,bullish_above_signal,54.26,8.39,0.11,-0.01525822,0.21770682,-0.25883392,0.13762712,4H MACD 位于 Signal 上方；4H RSI 位于健康强势区间,4H EMA 仍偏震荡
1276,EVCM,EVERCOMMERCE INC,Information Technology,Early,Russell,1042,32.49,39.94,54.4,20.63,56.52,46.3,47.55,43.58,35.0,mixed_sideways,20.0,fresh_bearish_cross_proxy,68.27,50.65,0.0,55,mixed_sideways,42,mixed_or_bearish,51.19,11.78,0.05,-0.01422594,-0.02805281,0.15830875,0.32210999,4H RSI 位于健康强势区间,4H EMA 仍偏震荡；4H MACD 尚未确认多头
1277,IHRT,IHEARTMEDIA CLASS A,Communication,Early,Russell,1402,32.48,29.81,87.7,48.74,56.52,59.12,61.8,35.19,15.0,bearish_transition,49.8,bullish_below_zero_proxy,38.92,43.78,0.0,76,early_transition,58,bullish_above_signal,52.94,3.805,0.1,-0.04044989,0.08559201,-0.05112219,-0.02685422,4H EMA9 已站上 EMA26，等待 26/50 确认；4H MACD 位于 Signal 上方；4H RSI 位于健康强势区间,
1278,SPCE,VIRGIN GALACTIC HOLDINGS INC SHS C,Industrials,Early,Russell,1066,32.4,32.36,87.7,42.28,56.52,62.36,65.4,42.25,15.0,bearish_transition,49.8,bullish_below_zero_proxy,59.86,48.97,0.0,76,early_transition,70,bullish_above_signal,65.18,2.9,0.08,-0.00854701,0.17413660,0.11969112,-0.03010033,4H EMA9 已站上 EMA26，等待 26/50 确认；4H MACD 位于 Signal 上方；4H RSI 位于健康强势区间,
1279,BANF,BANCFIRST CORP,Financials,Early,Russell,1247,32.25,38.62,54.1,89.64,56.52,46.3,47.55,38.16,35.0,mixed_sideways,25.0,bearish_proxy,48.06,46.61,0.0,39,bearish_transition,72,fresh_below_zero_cross,47.71,114.150002,0.15,-0.00527206,0.00661376,-0.00209806,0.01937845,4H MACD 刚金叉但仍需零轴确认；4H MACD 柱体连续扩张,4H EMA 转弱或跌破 EMA26
1280,PCRX,PACIRA BIOSCIENCES,Health Care,Early,Russell,1233,32.05,38.22,51.5,96.15,56.52,49.27,50.85,38.36,38.0,mixed_sideways,20.0,fresh_bearish_cross_proxy,49.26,47.85,0.0,41,bearish_transition,80,fresh_above_zero_cross,40.2,24.77,0.45,-0.07660768,-0.06280742,-0.04062899,0.05449127,4H MACD 零轴上方刚金叉,4H EMA 转弱或跌破 EMA26
1281,RGNX,REGENXBIO,Health Care,Early,Russell,1861,32.04,33.59,65.2,3.69,56.52,53.18,55.2,23.01,35.0,mixed_sideways,25.0,bearish_proxy,1.7,38.34,0.0,56,mixed_sideways,66,bullish_above_signal,53.76,10.51,0.29,0.02187652,0.09308372,-0.30026631,0.05628141,4H MACD 位于 Signal 上方；4H MACD 柱体连续扩张；4H RSI 位于健康强势区间,4H EMA 仍偏震荡
1282,SRPT,SAREPTA THERAPEUTICS,Health Care,Early,Russell,1809,31.92,24.23,65.2,24.73,56.52,53.18,55.2,25.64,15.0,bearish_transition,25.0,bearish_proxy,27.83,43.57,0.0,56,mixed_sideways,66,bullish_above_signal,51.92,16.295,0.2,0.00835396,0.04925950,-0.17660439,-0.05590962,4H MACD 位于 Signal 上方；4H MACD 柱体连续扩张；4H RSI 位于健康强势区间,4H EMA 仍偏震荡
1283,KGEI,KOLIBRI GLOBAL ENERGY INC,Energy,Early,Russell,757,31.86,67.47,29.3,99.13,56.52,33.2,33.0,51.53,82.0,early_transition,20.0,fresh_bearish_cross_proxy,49.63,46.93,0.0,36,bearish_transition,28,fresh_bearish_cross,44.92,4.988,0.49,-0.03239573,-0.02957198,0.02317949,0.00665994,,4H EMA 转弱或跌破 EMA26；4H MACD 最近死叉
1284,LINC,LINCOLN EDUCATIONAL SERVICES CORP,Consumer Discretionary,Early,Russell,1687,31.83,27.9,65.2,15.55,56.52,51.02,52.8,29.19,15.0,bearish_transition,49.8,bullish_below_zero_proxy,20.27,41.05,0.0,56,mixed_sideways,58,bullish_above_signal,49.69,43.279999,0.17,-0.01142074,-0.00368324,-0.22242186,-0.08149406,4H MACD 位于 Signal 上方；4H RSI 位于健康强势区间,4H EMA 仍偏震荡
1285,MIR,MIRION TECHNOLOGIES CLASS A,Information Technology,Early,Russell,1030,31.54,35.38,51.7,98.82,56.52,38.06,38.4,44.34,15.0,bearish_transition,71.8,fresh_below_zero_cross_proxy,49.53,46.91,0.0,28,confirmed_bearish_trend,58,bullish_above_signal,47.29,15.74,0.27,-0.03553922,0.08067285,-0.02053516,-0.16187438,4H MACD 位于 Signal 上方,4H EMA 空头排列
1286,EBMT,EAGLE BANCORP MONTANA INC,Financials,Early,Russell,991,31.53,45.35,51.7,75.53,56.52,49.4,51.0,46.6,35.0,mixed_sideways,61.8,bullish_above_signal_proxy,45.77,46.15,0.0,44,bearish_transition,70,bullish_above_signal,49.67,23.530001,0.15,-0.01753653,-0.01876560,-0.00042481,-0.00926312,4H MACD 位于 Signal 上方；4H RSI 位于健康强势区间,4H EMA 转弱或跌破 EMA26
1287,CAMP,CAMP4 THERAPEUTICS CORP,Health Care,Early,Russell,1371,31.52,40.58,87.7,17.24,56.52,62.36,65.4,35.89,35.0,mixed_sideways,49.8,bullish_below_zero_proxy,21.93,42.39,0.0,76,early_transition,70,bullish_above_signal,60.22,4.05,0.07,-0.00613497,0.23100304,-0.07954545,-0.06032483,4H EMA9 已站上 EMA26，等待 26/50 确认；4H MACD 位于 Signal 上方；4H RSI 位于健康强势区间,
1288,KLTR,KALTURA INC,Information Technology,Early,Russell,662,31.48,61.01,74.9,1.03,0.1,72.04,76.15,53.48,75.0,confirmed_bullish_trend,59.55,bullish_above_signal_proxy,100.0,57.0,22.46,89,confirmed_bullish_trend,88,fresh_above_zero_cross,71.0,1.821,1.97,0.26898955,0.31007194,0.41712062,0.36404494,4H EMA 多头排列已连续维持；4H MACD 零轴上方刚金叉；4H MACD 柱体连续扩张,4H 相对 EMA26 超过 2 ATR，短线偏追高；4H RSI 偏热
1289,FMC,FMC CORP,Materials,Early,Russell,1693,31.47,25.25,54.4,48.13,56.52,46.43,47.7,29.02,15.0,bearish_transition,25.0,bearish_proxy,38.55,44.71,0.0,50,mixed_sideways,50,mixed_or_bearish,50.62,11.005,0.12,0.05817308,0.09995002,-0.04965458,-0.00181406,4H MACD 柱体连续扩张；4H RSI 位于健康强势区间,4H EMA 仍偏震荡；4H MACD 尚未确认多头
1290,KRMD,KORU MEDICAL SYSTEMS INC,Health Care,Early,Russell,1422,31.42,29.82,87.7,41.66,56.52,62.36,65.4,34.4,15.0,bearish_transition,49.8,bullish_below_zero_proxy,35.6,45.12,0.0,76,early_transition,70,bullish_above_signal,48.82,4.1,0.07,-0.03529412,0.00737101,-0.10480349,-0.00606061,4H EMA9 已站上 EMA26，等待 26/50 确认；4H MACD 位于 Signal 上方；4H RSI 位于健康强势区间,
1291,NVTS,NAVITAS SEMICONDUCTOR,Information Technology,Early,Russell,1719,31.28,28.14,65.2,11.29,56.52,51.02,52.8,28.39,15.0,bearish_transition,49.8,bullish_below_zero_proxy,16.14,43.98,0.0,56,mixed_sideways,58,bullish_above_signal,53.6,12.355,0.1,-0.02601498,0.26913200,-0.11655345,-0.42198830,4H MACD 位于 Signal 上方；4H RSI 位于健康强势区间,4H EMA 仍偏震荡
1292,KLRA,KAILERA THERAPEUTICS INC,Health Care,Early,Russell,1722,31.21,27.71,65.2,11.9,56.52,53.18,55.2,28.21,15.0,bearish_transition,49.8,bullish_below_zero_proxy,16.84,41.37,0.0,56,mixed_sideways,66,bullish_above_signal,55.95,18.254999,0.12,0.02729313,0.08402607,-0.17899716,-0.14656382,4H MACD 位于 Signal 上方；4H MACD 柱体连续扩张；4H RSI 位于健康强势区间,4H EMA 仍偏震荡
1293,STC,STEWART INFO SERVICES CORP,Financials,Early,Russell,1252,31.17,38.61,51.7,88.87,56.52,46.16,47.4,38.12,35.0,mixed_sideways,25.0,bearish_proxy,47.93,46.59,0.0,44,bearish_transition,58,bullish_above_signal,49.56,68.370003,0.05,-0.00306210,-0.02745377,-0.00087676,0.00944928,4H MACD 位于 Signal 上方；4H RSI 位于健康强势区间,4H EMA 转弱或跌破 EMA26
1294,SAFT,SAFETY INSURANCE GROUP INC,Financials,Early,Russell,699,31.14,60.99,43.05,3.49,0.46,56.02,58.35,52.73,72.0,confirmed_bullish_trend,59.55,bullish_above_signal_proxy,91.75,58.1,20.0,89,confirmed_bullish_trend,42,mixed_or_bearish,86.9,103.580002,0.04,0.00377944,0.00504564,0.32184789,0.42250909,4H EMA 多头排列已连续维持,4H 相对 EMA26 超过 2 ATR，短线偏追高；4H MACD 尚未确认多头；4H RSI 过热
1295,RFIL,RF INDUSTRIES LTD,Information Technology,Early,Russell,1731,31.1,27.51,65.2,11.6,56.52,51.02,52.8,28.02,15.0,bearish_transition,49.8,bullish_below_zero_proxy,16.73,40.35,0.0,56,mixed_sideways,58,bullish_above_signal,55.11,13.74,0.1,0.03191889,0.28953543,-0.18287248,-0.34973968,4H MACD 位于 Signal 上方；4H RSI 位于健康强势区间,4H EMA 仍偏震荡
1296,UTZ,UTZ BRANDS INC CLASS A,Consumer Staples,Early,Russell,592,31.09,61.92,43.05,1.03,0.46,56.02,58.35,55.45,72.0,confirmed_bullish_trend,59.55,bullish_above_signal_proxy,100.0,59.75,20.0,89,confirmed_bullish_trend,42,mixed_or_bearish,86.25,14.115,0.21,-0.00317797,0.00319829,0.72555012,0.99929178,4H EMA 多头排列已连续维持,4H 相对 EMA26 超过 2 ATR，短线偏追高；4H MACD 尚未确认多头；4H RSI 过热
1297,VERI,VERITONE INC,Information Technology,Early,Russell,1440,31.08,29.59,87.7,39.97,56.52,59.12,61.8,34.14,15.0,bearish_transition,49.8,bullish_below_zero_proxy,35.26,44.05,0.0,76,early_transition,58,bullish_above_signal,63.37,1.205,0.11,0.00836820,0.20620621,-0.03600000,-0.15140845,4H EMA9 已站上 EMA26，等待 26/50 确认；4H MACD 位于 Signal 上方；4H RSI 位于健康强势区间,
1298,IMKTA,INGLES MARKETS CLASS A,Consumer Staples,Early,Russell,972,31.05,45.98,51.7,70.81,56.52,47.78,49.2,47.58,38.0,mixed_sideways,61.8,bullish_above_signal_proxy,44.75,48.7,0.0,44,bearish_transition,70,bullish_above_signal,46.91,89.300003,0.34,-0.02987507,-0.01500111,-0.03229298,0.00359631,4H MACD 位于 Signal 上方,4H EMA 转弱或跌破 EMA26
1299,FBRX,FORTE BIOSCIENCES INC,Health Care,Early,Russell,601,30.98,61.59,43.05,1.03,0.46,56.02,58.35,55.19,72.0,confirmed_bullish_trend,59.55,bullish_above_signal_proxy,100.0,58.0,20.0,89,confirmed_bullish_trend,42,mixed_or_bearish,81.18,76.625,0.04,0.00045703,0.00137223,2.45780686,3.24045379,4H EMA 多头排列已连续维持,4H 相对 EMA26 超过 2 ATR，短线偏追高；4H MACD 尚未确认多头；4H RSI 过热
1300,PLPC,PREFORMED LINE PRODUCTS,Industrials,Early,Russell,650,30.93,59.52,43.95,2.36,1.62,48.32,49.8,53.84,72.0,confirmed_bullish_trend,47.55,bullish_below_zero_proxy,98.38,56.68,17.66,46,mixed_sideways,78,bullish_above_signal,78.89,471.880005,0.18,0.22850231,0.66277878,0.44792885,0.22859826,4H MACD 位于 Signal 上方；4H MACD 柱体连续扩张,4H EMA 仍偏震荡；4H 相对 EMA26 超过 2 ATR，短线偏追高；4H RSI 过热
1301,CHRS,COHERUS ONCOLOGY INC,Health Care,Early,Russell,1449,30.82,29.56,90.4,31.09,56.52,66.41,69.9,33.87,18.0,bearish_transition,49.8,bullish_below_zero_proxy,31.28,44.26,0.0,94,fresh_bullish_cross,58,bullish_above_signal,52.19,1.465,0.19,-0.01677852,0.03900709,-0.12012012,0.00342466,4H EMA9/26 最近金叉且价格在 EMA50 上方；4H MACD 位于 Signal 上方；4H RSI 位于健康强势区间,
1302,CYRX,CRYOPORT,Health Care,Early,Russell,1251,30.79,38.74,51.7,85.99,56.52,39.01,39.45,38.12,35.0,mixed_sideways,25.0,bearish_proxy,47.49,47.5,0.0,25,confirmed_bearish_trend,66,bullish_above_signal,46.09,15.25,0.21,-0.00327449,0.02074967,0.01328904,0.03249831,4H MACD 位于 Signal 上方；4H MACD 柱体连续扩张,4H EMA 空头排列
1303,EE,EXCELERATE ENERGY INC CLASS A,Energy,Early,Russell,1268,30.72,38.55,51.7,85.99,56.52,49.4,51.0,37.97,35.0,mixed_sideways,25.0,bearish_proxy,47.49,46.5,0.0,44,bearish_transition,70,bullish_above_signal,48.9,38.490002,0.46,-0.01898812,0.03384373,-0.00747800,0.06561470,4H MACD 位于 Signal 上方；4H RSI 位于健康强势区间,4H EMA 转弱或跌破 EMA26
1304,CRML,CRITICAL METALS CORP,Materials,Early,Russell,1766,30.65,27.23,65.2,9.24,56.52,51.02,52.8,27.2,15.0,bearish_transition,49.8,bullish_below_zero_proxy,14.24,39.85,0.0,56,mixed_sideways,58,bullish_above_signal,55.93,6.725,0.1,-0.01609364,0.31089063,-0.23098914,-0.30883864,4H MACD 位于 Signal 上方；4H RSI 位于健康强势区间,4H EMA 仍偏震荡
1305,CATX,PERSPECTIVE THERAPEUTICS INC,Health Care,Early,Russell,1451,30.58,29.58,87.7,36.63,56.52,58.31,60.9,33.71,15.0,bearish_transition,49.8,bullish_below_zero_proxy,33.51,44.7,0.0,74,early_transition,58,bullish_above_signal,53.12,3.02,0.35,-0.00165289,0.04861111,-0.11566618,0.01003344,4H EMA9 已站上 EMA26，等待 26/50 确认；4H MACD 位于 Signal 上方；4H RSI 位于健康强势区间,
1306,REI,RING ENERGY INC,Energy,Early,Russell,119,30.51,76.44,37.3,47.92,56.52,39.56,38.4,64.99,82.0,early_transition,61.8,bullish_above_signal_proxy,58.76,48.75,0.0,44,bearish_transition,28,fresh_bearish_cross,49.82,1.225,0.09,-0.03543307,0.01239669,0.10859729,0.07929515,4H RSI 位于健康强势区间,4H EMA 转弱或跌破 EMA26；4H MACD 最近死叉
1307,HFWA,HERITAGE FINANCIAL CORP,Financials,Early,Russell,1145,30.09,39.16,51.7,80.35,56.52,49.4,51.0,39.74,35.0,mixed_sideways,25.0,bearish_proxy,52.86,47.57,0.0,44,bearish_transition,70,bullish_above_signal,50.01,30.0,0.12,-0.01864573,0.00502513,0.01902170,0.04420466,4H MACD 位于 Signal 上方；4H RSI 位于健康强势区间,4H EMA 转弱或跌破 EMA26
1308,EIKN,EIKON THERAPEUTICS INC,Health Care,Early,Russell,1867,29.99,23.28,65.2,14.06,56.52,51.97,53.85,22.83,15.0,bearish_transition,25.0,bearish_proxy,19.35,41.87,0.0,53,mixed_sideways,66,bullish_above_signal,51.2,9.69,0.34,0.03969957,0.07666667,-0.16321244,0.02269129,4H MACD 位于 Signal 上方；4H MACD 柱体连续扩张；4H RSI 位于健康强势区间,4H EMA 仍偏震荡
1309,IDN,INTELLICHECK INC,Information Technology,Early,Russell,1478,29.95,29.24,87.7,33.25,56.52,58.31,60.9,33.11,15.0,bearish_transition,49.8,bullish_below_zero_proxy,32.16,43.43,0.0,74,early_transition,58,bullish_above_signal,51.95,3.81,0.12,-0.01677419,0.02695418,-0.10563380,-0.09715640,4H EMA9 已站上 EMA26，等待 26/50 确认；4H MACD 位于 Signal 上方；4H RSI 位于健康强势区间,
1310,ANNX,ANNEXON,Health Care,Early,Russell,1868,29.94,23.26,65.2,13.8,56.52,51.02,52.8,22.78,15.0,bearish_transition,25.0,bearish_proxy,19.18,41.84,0.0,56,mixed_sideways,58,bullish_above_signal,51.92,5.355,0.16,-0.00741427,0.10185185,-0.16523772,0.01612903,4H MACD 位于 Signal 上方；4H RSI 位于健康强势区间,4H EMA 仍偏震荡
1311,FIBK,FIRST INTERSTATE BANCSYSTEM INC,Financials,Early,Russell,1283,29.9,38.46,51.7,80.71,56.52,46.16,47.4,37.68,35.0,mixed_sideways,25.0,bearish_proxy,46.6,46.32,0.0,44,bearish_transition,58,bullish_above_signal,48.91,38.299999,0.1,-0.01084716,0.01483829,-0.02121140,0.02612185,4H MACD 位于 Signal 上方；4H RSI 位于健康强势区间,4H EMA 转弱或跌破 EMA26
1312,OPTX,SYNTEC OPTICS HOLDINGS INC CLASS A,Information Technology,Early,Russell,1832,29.82,26.39,65.2,5.64,56.52,51.02,52.8,24.76,15.0,bearish_transition,49.8,bullish_below_zero_proxy,6.86,38.37,0.0,56,mixed_sideways,58,bullish_above_signal,55.03,7.8099,0.22,-0.01885678,0.33047700,-0.18477035,-0.29354138,4H MACD 位于 Signal 上方；4H RSI 位于健康强势区间,4H EMA 仍偏震荡
1313,PENG,PENGUIN SOLUTIONS INC,Information Technology,Early,Russell,1879,29.79,23.02,65.2,13.34,56.52,51.02,52.8,22.48,15.0,bearish_transition,25.0,bearish_proxy,18.74,40.75,0.0,56,mixed_sideways,58,bullish_above_signal,50.73,56.617298,0.05,-0.02852953,0.29618356,-0.09715677,-0.15433457,4H MACD 位于 Signal 上方；4H RSI 位于健康强势区间,4H EMA 仍偏震荡
1314,CLB,CORE LABORATORIES,Energy,Early,Russell,1204,29.78,31.18,51.7,96.92,56.52,47.51,48.9,38.78,15.0,bearish_transition,49.8,bullish_below_zero_proxy,49.33,46.87,0.0,42,bearish_transition,66,bullish_above_signal,49.13,10.975,0.12,-0.02487783,0.11308316,0.00965961,-0.05672540,4H MACD 位于 Signal 上方；4H MACD 柱体连续扩张；4H RSI 位于健康强势区间,4H EMA 转弱或跌破 EMA26
1315,IRD,OPUS GENETICS INC,Health Care,Early,Russell,1493,29.56,29.28,87.7,30.53,56.52,62.36,65.4,32.81,15.0,bearish_transition,49.8,bullish_below_zero_proxy,30.79,44.16,0.0,76,early_transition,70,bullish_above_signal,57.15,3.67,0.07,0.00136426,0.05611511,-0.09382716,-0.10049020,4H EMA9 已站上 EMA26，等待 26/50 确认；4H MACD 位于 Signal 上方；4H RSI 位于健康强势区间,
1316,CRC,CALIFORNIA RESOURCES,Energy,Early,Russell,1210,29.55,31.15,51.7,95.43,56.52,36.84,37.05,38.72,15.0,bearish_transition,49.8,bullish_below_zero_proxy,49.15,46.83,0.0,25,confirmed_bearish_trend,58,bullish_above_signal,47.88,51.66,0.21,-0.01195372,0.02074687,0.01135470,-0.02362502,4H MACD 位于 Signal 上方,4H EMA 空头排列
1317,SMP,STANDARD MOTOR PRODUCTS INC,Consumer Discretionary,Early,Russell,850,29.5,46.57,51.7,59.16,56.52,49.4,51.0,50.17,35.0,mixed_sideways,61.8,bullish_above_signal_proxy,56.58,48.32,0.0,44,bearish_transition,70,bullish_above_signal,49.91,39.080002,0.23,-0.04706160,-0.03482341,0.04505955,0.00877646,4H MACD 位于 Signal 上方；4H RSI 位于健康强势区间,4H EMA 转弱或跌破 EMA26
1318,CBZ,CBIZ,Industrials,Early,Russell,609,29.47,61.4,39.45,1.03,0.46,52.23,54.15,55.04,72.0,confirmed_bullish_trend,59.55,bullish_above_signal_proxy,100.0,57.0,20.0,89,confirmed_bullish_trend,28,fresh_bearish_cross,79.57,54.5,0.12,-0.01017074,-0.00728601,0.47257506,0.79335314,4H EMA 多头排列已连续维持,4H 相对 EMA26 超过 2 ATR，短线偏追高；4H MACD 最近死叉；4H RSI 过热
1319,AMC,AMC ENTERTAINMENT HOLDINGS INC CLA,Communication,Early,Russell,2,29.45,66.64,50.8,1.03,56.52,50.23,44.7,75.45,72.0,confirmed_bullish_trend,61.8,bullish_above_signal_proxy,100.0,56.0,0.0,58,mixed_sideways,28,fresh_bearish_cross,59.94,2.7,0.14,0.02079395,-0.01818182,0.56078386,0.30120482,4H RSI 位于健康强势区间,4H EMA 仍偏震荡；4H MACD 最近死叉
1320,PROK,PROKIDNEY CORP CLASS A,Health Care,Early,Russell,1548,29.43,28.87,90.4,23.45,56.52,67.76,71.4,31.63,15.0,bearish_transition,49.8,bullish_below_zero_proxy,27.21,43.44,0.0,92,fresh_bullish_cross,66,bullish_above_signal,57.71,1.635,0.17,0.01238390,0.06514658,-0.15938303,-0.08659218,4H EMA9/26 最近金叉且价格在 EMA50 上方；4H MACD 位于 Signal 上方；4H MACD 柱体连续扩张；4H RSI 位于健康强势区间,
1321,CTEV,CLARITEV CORP CLASS A,Health Care,Early,Russell,1895,29.15,22.76,65.2,9.65,56.52,51.02,52.8,21.33,15.0,bearish_transition,25.0,bearish_proxy,14.78,40.96,0.0,56,mixed_sideways,58,bullish_above_signal,52.12,25.73,0.06,-0.02036928,0.10287184,-0.19240429,-0.14233333,4H MACD 位于 Signal 上方；4H RSI 位于健康强势区间,4H EMA 仍偏震荡
1322,OUT,OUTFRONT MEDIA,Real Estate,Early,Russell,1315,29.1,38.48,54.1,68.91,56.52,47.91,49.35,37.16,35.0,mixed_sideways,25.0,bearish_proxy,44.34,47.37,0.0,39,bearish_transition,72,fresh_below_zero_cross,48.37,32.09,0.43,-0.00341618,-0.01654922,-0.03401568,-0.00186631,4H MACD 刚金叉但仍需零轴确认；4H MACD 柱体连续扩张；4H RSI 位于健康强势区间,4H EMA 转弱或跌破 EMA26
1323,SATL,SATELLOGIC CLASS A,Industrials,Early,Russell,1398,29.09,30.06,82.4,39.71,56.52,63.26,66.4,35.34,18.0,bearish_transition,51.15,bullish_below_zero_proxy,35.15,44.03,0.0,82,fresh_bullish_cross,66,bullish_above_signal,69.48,4.655,1.45,0.03559511,0.40634441,-0.03423237,-0.16126126,4H EMA9/26 最近金叉且价格在 EMA50 上方；4H MACD 位于 Signal 上方；4H MACD 柱体连续扩张,4H 相对 EMA26 超过 2 ATR，短线偏追高；4H RSI 偏热
1324,OVBC,OHIO VALLEY BANC CORP,Financials,Early,Russell,1164,28.85,31.38,51.7,90.25,56.52,45.35,46.5,39.39,15.0,bearish_transition,49.8,bullish_below_zero_proxy,51.18,47.24,0.0,42,bearish_transition,58,bullish_above_signal,49.56,42.610001,0.21,0.00011738,0.02489477,0.02145514,-0.14222442,4H MACD 位于 Signal 上方；4H RSI 位于健康强势区间,4H EMA 转弱或跌破 EMA26
1325,NWPX,NWPX INFRASTRUCTURE INC,Industrials,Early,Russell,1304,28.84,38.33,51.7,73.94,56.52,36.84,37.05,37.32,35.0,mixed_sideways,25.0,bearish_proxy,45.51,46.1,0.0,25,confirmed_bearish_trend,58,bullish_above_signal,46.19,127.190002,0.11,-0.02469137,0.03255400,-0.06087788,-0.08192574,4H MACD 位于 Signal 上方,4H EMA 空头排列
1326,HYLN,HYLIION HOLDINGS CORP,Industrials,Early,Russell,1526,28.83,28.88,87.7,26.58,56.52,58.31,60.9,32.05,15.0,bearish_transition,49.8,bullish_below_zero_proxy,28.94,42.79,0.0,74,early_transition,58,bullish_above_signal,55.17,4.04,0.08,-0.01941748,0.25271318,-0.00123609,-0.33622503,4H EMA9 已站上 EMA26，等待 26/50 确认；4H MACD 位于 Signal 上方；4H RSI 位于健康强势区间,
1327,KRRO,KORRO BIO,Health Care,Early,Russell,1907,28.82,22.54,65.2,8.0,56.52,53.18,55.2,20.67,15.0,bearish_transition,25.0,bearish_proxy,12.79,40.56,0.0,56,mixed_sideways,66,bullish_above_signal,53.15,11.42,0.1,0.04007286,0.13518887,-0.21322770,-0.16885007,4H MACD 位于 Signal 上方；4H MACD 柱体连续扩张；4H RSI 位于健康强势区间,4H EMA 仍偏震荡
1328,RXT,RACKSPACE TECHNOLOGY INC,Information Technology,Early,Russell,1685,28.71,38.18,87.7,4.1,56.52,59.12,61.8,29.24,35.0,mixed_sideways,49.8,bullish_below_zero_proxy,2.23,37.45,0.0,76,early_transition,58,bullish_above_signal,56.99,4.805,0.2,-0.06060606,0.27116402,-0.28814815,-0.33769814,4H EMA9 已站上 EMA26，等待 26/50 确认；4H MACD 位于 Signal 上方；4H RSI 位于健康强势区间,
1329,ILPT,INDUSTRIAL LOGISTICS PROPERTIES TR,Real Estate,Early,Russell,1179,28.61,39.39,40.9,98.72,56.52,41.98,42.75,39.13,35.0,mixed_sideways,25.0,bearish_proxy,49.52,50.15,0.0,39,bearish_transition,50,mixed_or_bearish,48.47,8.745,0.15,-0.00057143,0.00286697,0.01508996,0.00865052,4H MACD 柱体连续扩张；4H RSI 位于健康强势区间,4H EMA 转弱或跌破 EMA26；4H MACD 尚未确认多头
1330,RXRX,RECURSION PHARMACEUTICALS CLASS A,Health Care,Early,Russell,1529,28.47,29.44,87.7,22.88,56.52,59.12,61.8,31.99,15.0,bearish_transition,49.8,bullish_below_zero_proxy,26.82,46.61,0.0,76,early_transition,58,bullish_above_signal,51.74,3.165,0.09,-0.05097451,0.07288136,-0.17578125,-0.00157729,4H EMA9 已站上 EMA26，等待 26/50 确认；4H MACD 位于 Signal 上方；4H RSI 位于健康强势区间,
1331,NGVC,NATURAL GROCERS BY VITAMIN COTTAGE,Consumer Staples,Early,Russell,1011,28.47,45.32,51.7,55.16,56.52,49.4,51.0,45.39,35.0,mixed_sideways,61.8,bullish_above_signal_proxy,40.84,47.92,0.0,44,bearish_transition,70,bullish_above_signal,48.76,31.975,0.21,-0.03311158,-0.03047301,-0.05455352,-0.00482418,4H MACD 位于 Signal 上方；4H RSI 位于健康强势区间,4H EMA 转弱或跌破 EMA26
1332,ALLO,ALLOGENE THERAPEUTICS,Health Care,Early,Russell,1544,28.45,28.89,87.7,24.01,56.52,59.12,61.8,31.69,15.0,bearish_transition,49.8,bullish_below_zero_proxy,27.41,43.48,0.0,76,early_transition,58,bullish_above_signal,55.85,1.925,0.12,0.02122016,0.06060606,-0.10256410,-0.06230211,4H EMA9 已站上 EMA26，等待 26/50 确认；4H MACD 位于 Signal 上方；4H RSI 位于健康强势区间,
1333,SAFE,SAFEHOLD INC,Real Estate,Early,Russell,1186,28.42,39.11,40.9,98.15,56.52,37.79,38.1,39.01,35.0,mixed_sideways,25.0,bearish_proxy,49.95,48.49,0.0,38,bearish_transition,42,mixed_or_bearish,46.25,16.15,0.17,-0.01162791,-0.01283625,0.00560405,0.03925354,,4H EMA 转弱或跌破 EMA26；4H MACD 尚未确认多头
1334,DSGR,DISTRIBUTION SOLUTIONS GROUP,Industrials,Early,Russell,1085,28.41,52.73,43.05,4.62,0.46,58.18,60.75,41.34,72.0,confirmed_bullish_trend,17.75,fresh_bearish_cross_proxy,88.89,57.53,20.0,89,confirmed_bullish_trend,50,mixed_or_bearish,86.13,34.77,0.18,0.00086350,0.00680469,0.28921028,0.25750452,4H EMA 多头排列已连续维持；4H MACD 柱体连续扩张,4H 相对 EMA26 超过 2 ATR，短线偏追高；4H MACD 尚未确认多头；4H RSI 过热
1335,MPAA,MOTORCAR PARTS OF AMERICA INC,Consumer Discretionary,Early,Russell,1337,28.41,38.09,54.1,65.26,56.52,45.08,46.2,36.61,35.0,mixed_sideways,25.0,bearish_proxy,43.36,45.67,0.0,36,bearish_transition,72,fresh_below_zero_cross,47.34,13.71,0.01,0.02046892,-0.02350427,-0.03856942,-0.08416834,4H MACD 刚金叉但仍需零轴确认；4H MACD 柱体连续扩张,4H EMA 转弱或跌破 EMA26
1336,AHRT,AH REALTY INC,Real Estate,Early,Russell,1248,28.39,38.82,46.1,84.76,56.52,42.92,43.8,38.14,35.0,mixed_sideways,25.0,bearish_proxy,47.31,47.96,0.0,36,bearish_transition,64,fresh_below_zero_cross,44.92,6.94,0.21,-0.02733006,-0.01699717,-0.02390999,0.02058824,4H MACD 刚金叉但仍需零轴确认,4H EMA 转弱或跌破 EMA26
1337,PAYO,PAYONEER GLOBAL INC,Financials,Early,Russell,1205,28.39,38.83,40.9,98.61,56.52,39.41,39.9,38.77,35.0,mixed_sideways,25.0,bearish_proxy,49.91,46.98,0.0,38,bearish_transition,42,mixed_or_bearish,49.06,7.12,0.04,-0.00070175,-0.00210231,0.00211119,0.00992908,4H RSI 位于健康强势区间,4H EMA 转弱或跌破 EMA26；4H MACD 尚未确认多头
1338,FNRN,FIRST NORTHERN COMMUNITY BANCORP,Financials,Early,Russell,1218,28.36,38.78,40.9,98.51,56.52,40.62,41.25,38.63,35.0,mixed_sideways,25.0,bearish_proxy,49.5,46.9,0.0,41,bearish_transition,42,mixed_or_bearish,48.78,18.280001,0.0,-0.00733098,-0.02088907,0.03276836,0.01555561,4H RSI 位于健康强势区间,4H EMA 转弱或跌破 EMA26；4H MACD 尚未确认多头
1339,HWKN,HAWKINS INC,Materials,Early,Russell,1476,28.35,26.65,54.1,91.53,56.52,47.91,49.35,33.13,15.0,bearish_transition,25.0,bearish_proxy,50.99,47.2,0.0,39,bearish_transition,72,fresh_below_zero_cross,48.67,135.529999,0.46,0.00690931,-0.02545486,-0.00470000,-0.17081675,4H MACD 刚金叉但仍需零轴确认；4H MACD 柱体连续扩张；4H RSI 位于健康强势区间,4H EMA 转弱或跌破 EMA26
1340,WABC,WESTAMERICA BANCORPORATION,Financials,Early,Russell,1219,28.33,38.78,40.9,98.31,56.52,41.84,42.6,38.63,35.0,mixed_sideways,25.0,bearish_proxy,49.49,46.9,0.0,44,bearish_transition,42,mixed_or_bearish,48.74,60.119999,0.19,-0.01620033,-0.00397618,0.02279687,0.02192754,4H RSI 位于健康强势区间,4H EMA 转弱或跌破 EMA26；4H MACD 尚未确认多头
1341,MRBK,MERIDIAN CORP,Financials,Early,Russell,1202,28.3,38.83,40.9,97.95,56.52,39.14,39.6,38.79,35.0,mixed_sideways,25.0,bearish_proxy,49.96,46.99,0.0,36,bearish_transition,50,mixed_or_bearish,46.38,19.83,0.19,-0.00201314,-0.02555283,0.00813421,0.01432230,4H MACD 柱体连续扩张,4H EMA 转弱或跌破 EMA26；4H MACD 尚未确认多头
1342,FA,FIRST ADVANTAGE,Industrials,Early,Russell,1221,28.19,38.77,40.9,97.38,56.52,41.84,42.6,38.6,35.0,mixed_sideways,25.0,bearish_proxy,49.4,46.88,0.0,44,bearish_transition,42,mixed_or_bearish,48.82,20.24,0.15,-0.00369190,-0.05838571,0.00746640,0.22222230,4H RSI 位于健康强势区间,4H EMA 转弱或跌破 EMA26；4H MACD 尚未确认多头
1343,TALK,TALKSPACE,Health Care,Early,Russell,1209,28.16,38.95,40.9,96.77,56.52,40.76,41.4,38.73,35.0,mixed_sideways,25.0,bearish_proxy,49.32,47.86,0.0,36,bearish_transition,50,mixed_or_bearish,49.52,5.215,0.12,0.00000000,-0.00191388,-0.00095785,0.00481696,4H MACD 柱体连续扩张；4H RSI 位于健康强势区间,4H EMA 转弱或跌破 EMA26；4H MACD 尚未确认多头
1344,BBAI,BIGBEAR.AI HOLDINGS,Information Technology,Early,Russell,1575,28.14,28.63,87.7,22.58,56.52,58.31,60.9,31.31,15.0,bearish_transition,49.8,bullish_below_zero_proxy,26.69,42.34,0.0,74,early_transition,58,bullish_above_signal,54.41,3.025,0.15,-0.03968254,0.16122841,-0.11807580,-0.19654714,4H EMA9 已站上 EMA26，等待 26/50 确认；4H MACD 位于 Signal 上方；4H RSI 位于健康强势区间,
1345,APC,ARKO PETROLEUM CORP CLASS A,Consumer Discretionary,Early,Russell,1194,27.96,38.88,40.9,95.59,56.52,37.79,38.1,38.91,35.0,mixed_sideways,25.0,bearish_proxy,50.33,47.07,0.0,38,bearish_transition,42,mixed_or_bearish,45.92,19.999701,0.14,-0.02010284,0.00098604,0.03518121,0.06099210,,4H EMA 转弱或跌破 EMA26；4H MACD 尚未确认多头
1346,SIDU,SIDUS SPACE INC CLASS A,Industrials,Early,Russell,1591,27.91,28.53,87.7,21.24,56.52,58.31,60.9,31.04,15.0,bearish_transition,49.8,bullish_below_zero_proxy,25.87,42.17,0.0,74,early_transition,58,bullish_above_signal,55.64,2.095,0.16,-0.04772727,0.25074627,-0.09503240,-0.28741497,4H EMA9 已站上 EMA26，等待 26/50 确认；4H MACD 位于 Signal 上方；4H RSI 位于健康强势区间,
1347,ECPG,ENCORE CAPITAL GROUP,Financials,Early,Russell,936,27.89,46.02,37.3,88.1,56.52,36.84,37.05,48.55,35.0,mixed_sideways,61.8,bullish_above_signal_proxy,51.66,47.33,0.0,41,bearish_transition,28,fresh_bearish_cross,49.74,92.995003,0.22,-0.02208316,-0.00868772,0.03127252,0.08247001,4H RSI 位于健康强势区间,4H EMA 转弱或跌破 EMA26；4H MACD 最近死叉
1348,CTO,CTO REALTY GROWTH INC,Real Estate,Early,Russell,1174,27.81,39.18,40.9,93.89,56.52,37.79,38.1,39.21,35.0,mixed_sideways,25.0,bearish_proxy,50.57,48.61,0.0,38,bearish_transition,42,mixed_or_bearish,46.04,21.719999,0.2,-0.00206754,-0.02949062,0.00929363,0.04222644,,4H EMA 转弱或跌破 EMA26；4H MACD 尚未确认多头
1349,LARK,LANDMARK BANCORP INC,Financials,Early,Russell,1190,27.79,38.89,40.9,94.41,56.52,40.62,41.25,38.96,35.0,mixed_sideways,25.0,bearish_proxy,50.49,47.1,0.0,41,bearish_transition,42,mixed_or_bearish,50.13,31.215,0.0,-0.01296443,-0.00904762,0.00240851,0.07084048,4H RSI 位于健康强势区间,4H EMA 转弱或跌破 EMA26；4H MACD 尚未确认多头
1350,PDM,PIEDMONT REALTY TRUST CLASS A,Real Estate,Early,Russell,1217,27.76,38.99,40.9,94.0,56.52,37.79,38.1,38.65,35.0,mixed_sideways,25.0,bearish_proxy,48.87,48.27,0.0,38,bearish_transition,42,mixed_or_bearish,46.65,9.585,0.17,-0.01742696,-0.03279516,0.00366492,0.06146179,,4H EMA 转弱或跌破 EMA26；4H MACD 尚未确认多头
1351,NC,NACCO INDUSTRIES INC CLASS A,Energy,Early,Russell,1262,27.71,30.93,51.7,83.68,56.52,41.21,41.9,38.06,15.0,bearish_transition,49.8,bullish_below_zero_proxy,47.16,46.43,0.0,28,confirmed_bearish_trend,58,bullish_above_signal,48.37,47.439999,1.44,-0.02286303,0.00487185,-0.01983477,-0.05947661,4H MACD 位于 Signal 上方；4H RSI 位于健康强势区间,4H EMA 空头排列
1352,NHC,NATIONAL HEALTHCARE CORP,Health Care,Early,Russell,1176,27.63,39.1,40.9,92.87,56.52,39.14,39.6,39.18,35.0,mixed_sideways,25.0,bearish_proxy,50.7,48.14,0.0,36,bearish_transition,50,mixed_or_bearish,46.23,218.875,0.41,-0.00849377,-0.04438086,0.00840819,0.10375692,4H MACD 柱体连续扩张,4H EMA 转弱或跌破 EMA26；4H MACD 尚未确认多头
1353,ESTA,ESTABLISHMENT LABS INC,Health Care,Early,Russell,1123,27.59,39.35,40.9,92.05,56.52,42.56,43.4,40.14,38.0,mixed_sideways,25.0,bearish_proxy,50.89,48.18,0.0,44,bearish_transition,42,mixed_or_bearish,48.47,92.052498,0.63,-0.02009265,0.00144147,0.00967972,0.05710262,4H RSI 位于健康强势区间,4H EMA 转弱或跌破 EMA26；4H MACD 尚未确认多头
1354,IBOC,INTERNATIONAL BANCSHARES CORP,Financials,Early,Russell,1230,27.59,38.7,40.9,93.54,56.52,37.79,38.1,38.4,35.0,mixed_sideways,25.0,bearish_proxy,48.79,46.76,0.0,38,bearish_transition,42,mixed_or_bearish,47.92,76.169998,0.24,-0.00923516,-0.00665104,0.00263258,0.00289666,,4H EMA 转弱或跌破 EMA26；4H MACD 尚未确认多头
1355,GDOT,GREEN DOT CLASS A,Financials,Early,Russell,1525,27.57,26.28,54.1,87.22,56.52,45.76,46.95,32.05,15.0,bearish_transition,25.0,bearish_proxy,47.72,46.54,0.0,39,bearish_transition,64,fresh_below_zero_cross,48.81,13.22,0.16,-0.00676183,-0.00188750,-0.00638858,0.00151515,4H MACD 刚金叉但仍需零轴确认；4H RSI 位于健康强势区间,4H EMA 转弱或跌破 EMA26
1356,IMVT,IMMUNOVANT,Health Care,Early,Russell,1354,27.45,38.1,54.1,58.8,56.52,47.78,49.2,36.25,35.0,mixed_sideways,25.0,bearish_proxy,41.81,46.36,0.0,44,bearish_transition,64,fresh_below_zero_cross,48.44,38.880001,0.18,-0.01294740,0.00621123,-0.02921343,0.03376761,4H MACD 刚金叉但仍需零轴确认；4H RSI 位于健康强势区间,4H EMA 转弱或跌破 EMA26
1357,TRIP,TRIPADVISOR,Communication,Early,Russell,1193,27.44,38.74,40.9,92.46,56.52,39.01,39.45,38.92,35.0,mixed_sideways,25.0,bearish_proxy,50.82,46.16,0.0,41,bearish_transition,42,mixed_or_bearish,46.09,14.0,0.15,-0.02063659,-0.03945111,0.02003643,0.13177041,,4H EMA 转弱或跌破 EMA26；4H MACD 尚未确认多头
1358,PAMT,PAMT CORP,Industrials,Early,Russell,651,27.43,47.81,59.5,21.65,56.52,52.1,54.0,53.81,35.0,mixed_sideways,61.8,bullish_above_signal_proxy,67.6,50.52,0.0,44,bearish_transition,80,fresh_above_zero_cross,49.91,16.035,0.09,-0.04965951,-0.05953074,0.22685539,0.16448802,4H MACD 零轴上方刚金叉；4H RSI 位于健康强势区间,4H EMA 转弱或跌破 EMA26
1359,FG,F&G ANNUITIES AND LIFE INC,Financials,Early,Russell,1235,27.38,38.68,40.9,92.2,56.52,38.2,38.55,38.34,35.0,mixed_sideways,25.0,bearish_proxy,48.59,46.72,0.0,39,bearish_transition,42,mixed_or_bearish,47.28,29.280001,0.14,-0.01347706,-0.00813005,0.01596117,0.05172417,,4H EMA 转弱或跌破 EMA26；4H MACD 尚未确认多头
1360,HLX,HELIX ENERGY SOLUTIONS GROUP INC,Energy,Early,Russell,1083,27.2,39.72,54.1,53.36,56.52,46.16,47.4,41.38,35.0,mixed_sideways,25.0,bearish_proxy,57.81,48.56,0.0,44,bearish_transition,64,fresh_below_zero_cross,47.54,9.31,0.23,-0.03222453,0.02646086,0.07073030,0.05555556,4H MACD 刚金叉但仍需零轴确认,4H EMA 转弱或跌破 EMA26
1361,GRDN,GUARDIAN PHARMACY SERVICES CLASS A,Health Care,Early,Russell,1231,27.2,38.83,40.9,90.66,56.52,40.62,41.25,38.38,35.0,mixed_sideways,25.0,bearish_proxy,48.26,47.65,0.0,41,bearish_transition,42,mixed_or_bearish,48.77,40.52,0.11,-0.01363199,-0.01074216,0.01579346,0.03367344,4H RSI 位于健康强势区间,4H EMA 转弱或跌破 EMA26；4H MACD 尚未确认多头
1362,YORW,YORK WATER,Utilities,Early,Russell,1232,27.2,38.83,40.9,90.66,56.52,36.98,37.2,38.37,35.0,mixed_sideways,25.0,bearish_proxy,48.26,47.65,0.0,36,bearish_transition,42,mixed_or_bearish,45.52,30.745001,0.1,-0.00404924,-0.02489692,0.00836343,0.01602779,,4H EMA 转弱或跌破 EMA26；4H MACD 尚未确认多头
1363,MAC,MACERICH REIT,Real Estate,Early,Russell,1229,27.19,38.92,40.9,90.35,56.52,39.41,39.9,38.44,35.0,mixed_sideways,25.0,bearish_proxy,48.23,48.15,0.0,38,bearish_transition,42,mixed_or_bearish,49.6,25.655001,0.26,0.00391317,-0.01723804,0.00647317,0.05272876,4H RSI 位于健康强势区间,4H EMA 转弱或跌破 EMA26；4H MACD 尚未确认多头
1364,UA,UNDER ARMOUR INC CLASS C,Consumer Discretionary,Early,Russell,1242,27.16,38.65,40.9,90.82,56.52,39.95,40.5,38.24,35.0,mixed_sideways,25.0,bearish_proxy,48.3,46.66,0.0,38,bearish_transition,50,mixed_or_bearish,46.39,6.635,0.26,0.00000000,-0.04118497,0.00912548,0.18165628,4H MACD 柱体连续扩张,4H EMA 转弱或跌破 EMA26；4H MACD 尚未确认多头
1365,EFSI,EAGLE FINANCIAL SERVICES INC,Financials,Early,Russell,1243,27.11,38.64,40.9,90.51,56.52,33.47,33.3,38.22,35.0,mixed_sideways,25.0,bearish_proxy,48.25,46.65,0.0,22,confirmed_bearish_trend,50,mixed_or_bearish,45.61,40.599998,0.53,0.00000000,-0.02121509,0.00857029,-0.05140189,4H MACD 柱体连续扩张,4H EMA 空头排列；4H MACD 尚未确认多头
1366,AVIR,ATEA PHARMACEUTICALS,Health Care,Early,Russell,1226,27.0,39.31,67.6,83.68,56.52,53.59,55.65,38.5,35.0,mixed_sideways,25.0,bearish_proxy,47.16,50.68,0.0,53,mixed_sideways,72,fresh_below_zero_cross,52.46,4.77,0.11,0.04148472,0.03246753,-0.02453988,0.06473214,4H MACD 刚金叉但仍需零轴确认；4H MACD 柱体连续扩张；4H RSI 位于健康强势区间,4H EMA 仍偏震荡
1367,DEA,EASTERLY GOVERNMENT PROPERTIES INC,Real Estate,Early,Russell,1199,26.89,39.06,37.3,97.69,56.52,36.44,36.6,38.84,35.0,mixed_sideways,25.0,bearish_proxy,49.45,48.39,0.0,44,bearish_transition,28,fresh_bearish_cross,47.51,24.91,0.25,-0.01580399,-0.00558878,-0.00200317,0.03360996,,4H EMA 转弱或跌破 EMA26；4H MACD 最近死叉
1368,HCI,HCI GROUP INC,Financials,Early,Russell,1254,26.83,38.6,40.9,88.71,56.52,41.84,42.6,38.11,35.0,mixed_sideways,25.0,bearish_proxy,47.92,46.58,0.0,44,bearish_transition,42,mixed_or_bearish,49.3,178.25,0.05,-0.00699148,-0.02717893,-0.01071147,0.03243560,4H RSI 位于健康强势区间,4H EMA 转弱或跌破 EMA26；4H MACD 尚未确认多头
1369,UAA,UNDER ARMOUR INC CLASS A,Consumer Discretionary,Early,Russell,1255,26.83,38.6,40.9,88.71,56.52,39.95,40.5,38.11,35.0,mixed_sideways,25.0,bearish_proxy,47.92,46.58,0.0,38,bearish_transition,50,mixed_or_bearish,46.19,6.785,0.1,0.00073746,-0.04031117,0.00742390,0.17286085,4H MACD 柱体连续扩张,4H EMA 转弱或跌破 EMA26；4H MACD 尚未确认多头
1370,MATW,MATTHEWS INTERNATIONAL CORP CLASS,Consumer Discretionary,Early,Russell,1266,26.82,38.03,40.9,89.99,56.52,39.01,39.45,37.98,35.0,mixed_sideways,20.0,fresh_bearish_cross_proxy,51.31,47.26,0.0,41,bearish_transition,42,mixed_or_bearish,47.36,27.565001,0.17,-0.02234435,-0.02940137,0.02017028,0.06469687,,4H EMA 转弱或跌破 EMA26；4H MACD 尚未确认多头
1371,NATH,NATHANS FAMOUS INC,Consumer Discretionary,Early,Russell,1276,26.79,30.81,51.7,77.83,56.52,42.92,43.8,37.72,15.0,bearish_transition,49.8,bullish_below_zero_proxy,46.11,46.22,0.0,36,bearish_transition,58,bullish_above_signal,48.42,98.594704,0.25,0.00055513,-0.00187584,-0.02463565,-0.02352478,4H MACD 位于 Signal 上方；4H RSI 位于健康强势区间,4H EMA 转弱或跌破 EMA26
1372,HG,HAMILTON INSURANCE GROUP CLASS B,Financials,Early,Russell,1139,26.75,39.58,40.9,85.94,56.52,37.79,38.1,39.87,35.0,mixed_sideways,25.0,bearish_proxy,51.98,50.15,0.0,38,bearish_transition,42,mixed_or_bearish,45.45,35.049999,0.17,-0.01044605,-0.04182621,0.03118555,0.08245824,,4H EMA 转弱或跌破 EMA26；4H MACD 尚未确认多头
1373,SMA,SMARTSTOP SELF STORAGE REIT INC,Real Estate,Early,Russell,1149,26.64,39.34,40.9,85.74,56.52,39.14,39.6,39.68,35.0,mixed_sideways,25.0,bearish_proxy,51.99,48.9,0.0,36,bearish_transition,50,mixed_or_bearish,45.0,33.66,0.12,0.00059456,-0.03608242,0.03467352,0.03473720,4H MACD 柱体连续扩张,4H EMA 转弱或跌破 EMA26；4H MACD 尚未确认多头
1374,PBFS,PIONEER BANCORP INC,Financials,Early,Russell,1264,26.55,38.57,40.9,86.92,56.52,38.51,38.9,38.03,35.0,mixed_sideways,25.0,bearish_proxy,47.66,46.53,0.0,38,bearish_transition,42,mixed_or_bearish,46.66,17.209999,0.89,-0.00978136,-0.04388894,0.00908819,0.01593849,,4H EMA 转弱或跌破 EMA26；4H MACD 尚未确认多头
1375,MDWD,MEDIWOUND LTD,Health Care,Early,Russell,1070,26.43,34.73,54.1,59.88,56.52,40.62,41.25,42.05,15.0,bearish_transition,71.8,fresh_below_zero_cross_proxy,42.13,46.43,0.0,25,confirmed_bearish_trend,72,fresh_below_zero_cross,47.73,14.24,0.07,0.00423131,-0.00697350,-0.04621567,0.00849858,4H MACD 刚金叉但仍需零轴确认；4H MACD 柱体连续扩张,4H EMA 空头排列
1376,INN,SUMMIT HOTEL PROPERTIES REIT INC,Real Estate,Early,Russell,1143,26.28,39.38,40.9,83.22,56.52,39.41,39.9,39.79,35.0,mixed_sideways,25.0,bearish_proxy,52.33,48.97,0.0,38,bearish_transition,42,mixed_or_bearish,48.61,6.835,0.17,-0.00436999,-0.03255485,0.05073021,0.02014925,4H RSI 位于健康强势区间,4H EMA 转弱或跌破 EMA26；4H MACD 尚未确认多头
1377,INDV,INDIVIOR PHARMACEUTICALS INC,Health Care,Early,Russell,1118,26.15,39.93,40.9,81.12,56.52,39.14,39.6,40.3,35.0,mixed_sideways,25.0,bearish_proxy,52.62,51.77,0.0,36,bearish_transition,50,mixed_or_bearish,47.82,39.075001,0.5,0.06297615,-0.02592549,-0.04263134,-0.02190238,4H MACD 柱体连续扩张,4H EMA 转弱或跌破 EMA26；4H MACD 尚未确认多头
1378,BLX,BLADEX INC CLASS E,Financials,Early,Russell,1183,26.11,38.92,37.3,92.77,56.52,36.44,36.6,39.05,35.0,mixed_sideways,25.0,bearish_proxy,50.75,47.15,0.0,44,bearish_transition,28,fresh_bearish_cross,47.7,58.634998,0.16,-0.01718072,0.02544593,0.02904524,-0.05259333,,4H EMA 转弱或跌破 EMA26；4H MACD 最近死叉
1379,CYTK,CYTOKINETICS,Health Care,Early,Russell,1396,25.92,37.8,54.1,49.31,56.52,46.3,47.55,35.37,35.0,mixed_sideways,25.0,bearish_proxy,39.16,45.83,0.0,39,bearish_transition,72,fresh_below_zero_cross,45.97,78.519997,0.11,-0.00443776,0.00114748,-0.08292462,-0.01837731,4H MACD 刚金叉但仍需零轴确认；4H MACD 柱体连续扩张,4H EMA 转弱或跌破 EMA26
1380,CLDT,CHATHAM LODGING TRUST REIT,Real Estate,Early,Russell,1136,25.88,39.44,40.9,80.45,56.52,37.79,38.1,39.96,35.0,mixed_sideways,25.0,bearish_proxy,52.82,49.06,0.0,38,bearish_transition,42,mixed_or_bearish,47.8,13.27,0.12,-0.01703704,-0.02030269,0.03996865,-0.01703704,,4H EMA 转弱或跌破 EMA26；4H MACD 尚未确认多头
1381,RIG,TRANSOCEAN LTD,Energy,Early,Russell,1103,25.71,31.78,51.7,68.34,56.52,39.68,40.2,40.56,15.0,bearish_transition,49.8,bullish_below_zero_proxy,54.73,47.95,0.0,28,confirmed_bearish_trend,58,bullish_above_signal,49.34,5.165,0.1,-0.01619048,0.04238143,0.02814715,-0.02270577,4H MACD 位于 Signal 上方；4H RSI 位于健康强势区间,4H EMA 空头排列
1382,PSFE,PAYSAFE LTD,Financials,Early,Russell,1279,25.67,38.47,40.9,81.32,56.52,39.14,39.6,37.71,35.0,mixed_sideways,25.0,bearish_proxy,46.7,46.34,0.0,36,bearish_transition,50,mixed_or_bearish,45.86,8.01,0.11,0.00628141,-0.07184241,-0.00743494,0.22383499,4H MACD 柱体连续扩张,4H EMA 转弱或跌破 EMA26；4H MACD 尚未确认多头
1383,GT,GOODYEAR TIRE & RUBBER,Consumer Discretionary,Early,Russell,1278,25.63,38.47,40.9,81.02,56.52,40.22,40.8,37.71,35.0,mixed_sideways,25.0,bearish_proxy,46.68,46.34,0.0,44,bearish_transition,42,mixed_or_bearish,47.09,6.995,0.24,-0.02236198,-0.03782669,-0.00427046,0.18659881,,4H EMA 转弱或跌破 EMA26；4H MACD 尚未确认多头
1384,BL,BLACKLINE INC,Information Technology,Early,Russell,838,25.59,46.53,37.3,71.52,56.52,38.78,39.2,50.31,38.0,mixed_sideways,61.8,bullish_above_signal_proxy,54.27,47.85,0.0,44,bearish_transition,28,fresh_bearish_cross,48.4,30.584999,0.62,-0.05964651,-0.05703721,0.05320241,0.15241137,4H RSI 位于健康强势区间,4H EMA 转弱或跌破 EMA26；4H MACD 最近死叉
1385,CDP,COPT DEFENSE PROPERTIES,Real Estate,Early,Russell,1175,25.59,39.42,32.9,99.9,56.52,37.79,38.1,39.2,35.0,mixed_sideways,25.0,bearish_proxy,49.73,50.2,0.0,38,bearish_transition,42,mixed_or_bearish,42.85,37.23,0.16,-0.01481876,-0.02232148,0.01140992,0.07881780,,4H EMA 转弱或跌破 EMA26；4H MACD 尚未确认多头
1386,MD,PEDIATRIX MEDICAL GROUP INC,Health Care,Early,Russell,1216,25.52,38.84,40.9,79.43,56.52,40.76,41.4,38.65,38.0,mixed_sideways,25.0,bearish_proxy,46.35,47.27,0.0,36,bearish_transition,50,mixed_or_bearish,48.29,25.879999,0.52,0.02050465,-0.03198062,-0.03576755,0.08648191,4H MACD 柱体连续扩张；4H RSI 位于健康强势区间,4H EMA 转弱或跌破 EMA26；4H MACD 尚未确认多头
1387,NBHC,NATIONAL BANK HOLDINGS CORP CLASS,Financials,Early,Russell,1549,25.44,26.13,51.7,79.73,56.52,44.13,45.15,31.61,15.0,bearish_transition,25.0,bearish_proxy,46.4,46.28,0.0,39,bearish_transition,58,bullish_above_signal,49.06,43.450001,0.16,-0.00889596,0.02139163,-0.01896591,-0.01249998,4H MACD 位于 Signal 上方；4H RSI 位于健康强势区间,4H EMA 转弱或跌破 EMA26
1388,DX,DYNEX CAPITAL REIT INC,Financials,Early,Russell,1542,25.38,26.39,51.7,78.76,56.52,46.3,47.55,31.78,15.0,bearish_transition,25.0,bearish_proxy,46.21,47.74,0.0,39,bearish_transition,66,bullish_above_signal,48.06,12.795,0.13,0.00629178,-0.00272798,-0.02847380,-0.01005803,4H MACD 位于 Signal 上方；4H MACD 柱体连续扩张；4H RSI 位于健康强势区间,4H EMA 转弱或跌破 EMA26
1389,DDD,3D SYSTEMS CORP,Industrials,Early,Russell,692,25.34,58.88,57.2,9.34,4.52,48.23,49.7,52.92,75.0,confirmed_bullish_trend,48.9,bullish_below_zero_proxy,78.97,52.79,13.42,46,mixed_sideways,70,bullish_above_signal,70.74,3.675,0.29,-0.04172099,0.47590361,0.27826087,0.17224880,4H MACD 位于 Signal 上方,4H EMA 仍偏震荡；4H 相对 EMA26 超过 2 ATR，短线偏追高；4H RSI 偏热
1390,VCEL,VERICEL,Health Care,Early,Russell,1281,25.3,38.6,40.9,78.55,56.52,37.79,38.1,37.7,35.0,mixed_sideways,25.0,bearish_proxy,46.2,47.24,0.0,38,bearish_transition,42,mixed_or_bearish,47.68,45.790001,0.13,-0.00801770,-0.01653780,-0.02491478,0.13355616,,4H EMA 转弱或跌破 EMA26；4H MACD 尚未确认多头
1391,PRTH,PRIORITY TECHNOLOGY HOLDINGS INC,Financials,Early,Russell,1394,25.29,37.69,51.7,51.77,56.52,40.49,41.1,35.43,35.0,mixed_sideways,25.0,bearish_proxy,39.79,44.96,0.0,30,confirmed_bearish_trend,58,bullish_above_signal,49.62,6.63,0.31,-0.00748503,-0.01485884,-0.04741379,-0.06024096,4H MACD 位于 Signal 上方；4H RSI 位于健康强势区间,4H EMA 空头排列
1392,UTL,UNITIL CORP,Utilities,Early,Russell,1196,25.29,39.0,32.9,98.82,56.52,39.14,39.6,38.89,35.0,mixed_sideways,25.0,bearish_proxy,49.82,47.96,0.0,36,bearish_transition,50,mixed_or_bearish,43.36,53.5,0.37,0.00772273,-0.02850917,0.01038714,0.03381643,4H MACD 柱体连续扩张,4H EMA 转弱或跌破 EMA26；4H MACD 尚未确认多头
1393,GNW,GENWORTH FINANCIAL INC,Financials,Early,Russell,1211,25.26,38.81,32.9,99.13,56.52,37.79,38.1,38.72,35.0,mixed_sideways,25.0,bearish_proxy,49.77,46.95,0.0,38,bearish_transition,42,mixed_or_bearish,40.54,9.67,0.19,-0.01276161,-0.03972195,0.01469045,0.05452563,,4H EMA 转弱或跌破 EMA26；4H MACD 尚未确认多头
1394,HQI,HIREQUEST INC,Industrials,Early,Russell,888,25.26,46.34,37.3,69.78,56.52,37.16,37.4,49.5,35.0,mixed_sideways,61.8,bullish_above_signal_proxy,54.55,47.91,0.0,44,bearish_transition,28,fresh_bearish_cross,45.03,12.99,0.57,-0.09287709,-0.05355191,0.01168224,-0.01661683,,4H EMA 转弱或跌破 EMA26；4H MACD 最近死叉
1395,KLC,KINDERCARE LEARNING COMPANIES INC,Consumer Discretionary,Early,Russell,1327,25.22,37.67,37.3,89.79,56.52,36.84,37.05,36.91,35.0,mixed_sideways,20.0,fresh_bearish_cross_proxy,48.07,46.61,0.0,41,bearish_transition,28,fresh_bearish_cross,48.89,5.2,0.1,-0.04499541,-0.04499541,0.02261554,0.24105012,4H RSI 位于健康强势区间,4H EMA 转弱或跌破 EMA26；4H MACD 最近死叉
1396,WNC,WABASH NATIONAL,Industrials,Early,Russell,1291,25.16,38.4,40.9,78.04,56.52,39.14,39.6,37.52,35.0,mixed_sideways,25.0,bearish_proxy,46.13,46.23,0.0,36,bearish_transition,50,mixed_or_bearish,47.41,12.64,0.25,0.00998801,0.02182700,0.02931596,0.00158479,4H MACD 柱体连续扩张,4H EMA 转弱或跌破 EMA26；4H MACD 尚未确认多头
1397,AKR,ACADIA REALTY TRUST REIT,Real Estate,Early,Russell,1198,25.16,39.06,32.9,97.85,56.52,34.82,34.8,38.85,35.0,mixed_sideways,25.0,bearish_proxy,49.47,48.39,0.0,36,bearish_transition,42,mixed_or_bearish,38.66,21.549999,0.14,-0.01508227,-0.04709268,0.00653895,-0.00553766,,4H EMA 转弱或跌破 EMA26；4H MACD 尚未确认多头；4H RSI 偏弱
1398,COCO,THE VITA COCO COMPANY,Consumer Staples,Early,Russell,1499,25.13,26.86,46.1,90.92,56.52,45.08,46.2,32.66,15.0,bearish_transition,25.0,bearish_proxy,48.32,49.41,0.0,36,bearish_transition,72,fresh_below_zero_cross,43.35,66.120003,0.08,0.00715919,-0.01971822,0.00854187,-0.20058030,4H MACD 刚金叉但仍需零轴确认；4H MACD 柱体连续扩张,4H EMA 转弱或跌破 EMA26
1399,CALM,CAL MAINE FOODS,Consumer Staples,Early,Russell,1188,25.1,39.28,32.9,96.92,56.52,39.14,39.6,38.99,35.0,mixed_sideways,25.0,bearish_proxy,49.33,49.62,0.0,36,bearish_transition,50,mixed_or_bearish,43.88,85.689598,0.13,0.00918142,-0.08402357,0.00327355,0.07731452,4H MACD 柱体连续扩张,4H EMA 转弱或跌破 EMA26；4H MACD 尚未确认多头
1400,UNF,UNIFIRST,Industrials,Early,Russell,1133,25.01,39.25,40.9,75.06,56.52,37.79,38.1,40.01,35.0,mixed_sideways,25.0,bearish_proxy,53.67,47.73,0.0,38,bearish_transition,42,mixed_or_bearish,46.49,289.600006,0.07,-0.00621117,-0.03937372,0.05583609,0.10724534,,4H EMA 转弱或跌破 EMA26；4H MACD 尚未确认多头
1401,LNTH,LANTHEUS HOLDINGS,Health Care,Early,Russell,1057,24.84,40.32,54.1,36.22,56.52,45.08,46.2,42.75,35.0,mixed_sideways,25.0,bearish_proxy,61.52,50.3,0.0,36,bearish_transition,72,fresh_below_zero_cross,45.52,101.410004,0.21,0.00311591,0.01450585,-0.01915074,-0.04357253,4H MACD 刚金叉但仍需零轴确认；4H MACD 柱体连续扩张,4H EMA 转弱或跌破 EMA26
1402,DIN,DINE BRANDS GLOBAL,Consumer Discretionary,Early,Russell,1180,24.84,39.01,37.3,84.09,56.52,35.63,35.7,39.12,38.0,mixed_sideways,26.35,bearish_proxy,47.22,46.44,0.0,38,bearish_transition,28,fresh_bearish_cross,48.82,35.279999,0.52,0.00085104,-0.03076931,-0.00395254,0.06073365,4H RSI 位于健康强势区间,4H EMA 转弱或跌破 EMA26；4H MACD 最近死叉
1403,TRNO,TERRENO REALTY REIT,Real Estate,Early,Russell,1207,24.8,39.03,32.9,95.54,56.52,34.82,34.8,38.76,35.0,mixed_sideways,25.0,bearish_proxy,49.19,48.34,0.0,36,bearish_transition,42,mixed_or_bearish,39.26,70.080002,0.21,-0.01058873,-0.02313906,0.01919721,0.06699150,,4H EMA 转弱或跌破 EMA26；4H MACD 尚未确认多头；4H RSI 偏弱
1404,AVO,MISSION PRODUCE INC,Consumer Staples,Early,Russell,1400,24.76,38.01,51.7,47.46,56.52,43.33,44.25,35.28,35.0,mixed_sideways,25.0,bearish_proxy,38.09,47.37,0.0,41,bearish_transition,58,bullish_above_signal,47.76,12.69,0.16,-0.00235849,-0.01475155,-0.05720654,0.08368915,4H MACD 位于 Signal 上方,4H EMA 转弱或跌破 EMA26
1405,RHP,RYMAN HOSPITALITY PROPERTIES REIT,Real Estate,Early,Russell,1177,24.76,39.16,32.9,94.92,56.52,35.63,35.7,39.16,35.0,mixed_sideways,25.0,bearish_proxy,50.41,48.58,0.0,38,bearish_transition,42,mixed_or_bearish,39.8,128.460007,0.37,-0.02740759,-0.05300396,0.00871621,0.03404978,,4H EMA 转弱或跌破 EMA26；4H MACD 尚未确认多头；4H RSI 偏弱
1406,AWR,AMERICAN STATES WATER,Utilities,Early,Russell,1182,24.71,39.07,32.9,94.82,56.52,34.82,34.8,39.09,35.0,mixed_sideways,25.0,bearish_proxy,50.43,48.09,0.0,36,bearish_transition,42,mixed_or_bearish,39.78,84.385002,0.18,-0.00512848,-0.03977009,0.01412094,0.06789427,,4H EMA 转弱或跌破 EMA26；4H MACD 尚未确认多头；4H RSI 偏弱
1407,NVGS,NAVIGATOR HOLDINGS,Energy,Early,Russell,912,24.66,46.2,32.9,77.83,56.52,36.98,37.2,49.08,35.0,mixed_sideways,61.8,bullish_above_signal_proxy,53.29,47.66,0.0,36,bearish_transition,42,mixed_or_bearish,40.88,20.98,0.34,-0.02282250,-0.04419139,0.04378109,-0.06171739,,4H EMA 转弱或跌破 EMA26；4H MACD 尚未确认多头
1408,HNRG,HALLADOR ENERGY,Utilities,Early,Russell,1567,24.54,26.21,51.7,73.58,56.52,42.52,43.35,31.45,15.0,bearish_transition,25.0,bearish_proxy,45.45,47.09,0.0,39,bearish_transition,58,bullish_above_signal,45.93,14.84,0.32,-0.01916722,0.08321168,-0.04381443,-0.16300056,4H MACD 位于 Signal 上方,4H EMA 转弱或跌破 EMA26
1409,HIW,HIGHWOODS PROPERTIES REIT,Real Estate,Early,Russell,1222,24.38,38.97,32.9,92.87,56.52,37.79,38.1,38.6,35.0,mixed_sideways,25.0,bearish_proxy,48.7,48.24,0.0,38,bearish_transition,42,mixed_or_bearish,43.53,32.450001,0.11,-0.02581807,-0.05586261,0.01090352,0.09925478,,4H EMA 转弱或跌破 EMA26；4H MACD 尚未确认多头
1410,BMRC,BANK OF MARIN BANCORP,Financials,Early,Russell,1147,24.37,39.14,37.3,80.66,56.52,38.06,38.4,39.69,35.0,mixed_sideways,25.0,bearish_proxy,52.71,47.54,0.0,44,bearish_transition,28,fresh_bearish_cross,50.18,29.0,0.15,-0.02159241,0.02040816,0.01861612,0.09890114,4H RSI 位于健康强势区间,4H EMA 转弱或跌破 EMA26；4H MACD 最近死叉
1411,FBRT,FRANKLIN BSP REALTY TRUST INC,Financials,Early,Russell,1511,24.35,26.4,43.7,93.23,56.52,36.84,37.05,32.39,15.0,bearish_transition,25.0,bearish_proxy,48.75,46.75,0.0,25,confirmed_bearish_trend,58,bullish_above_signal,44.81,7.625,0.18,-0.00586701,0.01261620,-0.02555911,-0.08791866,4H MACD 位于 Signal 上方,4H EMA 空头排列
1412,RICK,RCI HOSPITALITY HOLDINGS INC,Consumer Discretionary,Early,Russell,1612,24.25,25.81,54.1,66.19,56.52,46.7,48.0,30.68,15.0,bearish_transition,25.0,bearish_proxy,43.57,45.71,0.0,36,bearish_transition,72,fresh_below_zero_cross,48.51,25.855,0.1,0.01551457,-0.02212560,-0.03266241,-0.03777451,4H MACD 刚金叉但仍需零轴确认；4H MACD 柱体连续扩张；4H RSI 位于健康强势区间,4H EMA 转弱或跌破 EMA26
1413,OGS,ONE GAS,Utilities,Early,Russell,1415,24.23,27.73,40.9,96.77,56.52,40.76,41.4,34.63,18.0,bearish_transition,26.35,bearish_proxy,50.1,50.77,0.0,36,bearish_transition,50,mixed_or_bearish,49.48,78.745003,0.44,0.01462443,-0.01303504,0.01149653,0.00929257,4H MACD 柱体连续扩张；4H RSI 位于健康强势区间,4H EMA 转弱或跌破 EMA26；4H MACD 尚未确认多头
1414,PCYO,PURE CYCLE CORP,Utilities,Early,Russell,1488,24.2,26.7,40.9,98.92,56.52,31.31,30.9,32.88,15.0,bearish_transition,25.0,bearish_proxy,49.78,47.96,0.0,22,confirmed_bearish_trend,42,mixed_or_bearish,45.73,10.56,0.27,0.00284900,-0.00283286,-0.01030928,-0.04434389,,4H EMA 空头排列；4H MACD 尚未确认多头
1415,ZD,ZIFF DAVIS INC,Communication,Early,Russell,1290,24.1,38.27,37.3,80.86,56.52,36.44,36.6,37.54,35.0,mixed_sideways,25.0,bearish_proxy,46.64,45.33,0.0,44,bearish_transition,28,fresh_bearish_cross,47.1,52.544998,0.31,-0.03983554,-0.03125007,-0.01342471,0.13170360,,4H EMA 转弱或跌破 EMA26；4H MACD 最近死叉
1416,ARQT,ARCUTIS BIOTHERAPEUTICS,Health Care,Early,Russell,1313,24.06,38.43,40.9,70.65,56.52,39.14,39.6,37.21,35.0,mixed_sideways,25.0,bearish_proxy,44.71,46.94,0.0,36,bearish_transition,50,mixed_or_bearish,45.39,26.709999,0.33,0.02533589,-0.04196557,-0.03469465,0.01752377,4H MACD 柱体连续扩张,4H EMA 转弱或跌破 EMA26；4H MACD 尚未确认多头
1417,APLE,APPLE HOSPITALITY REIT INC,Real Estate,Early,Russell,1159,24.0,39.28,32.9,89.64,56.52,39.14,39.6,39.49,35.0,mixed_sideways,25.0,bearish_proxy,51.4,48.78,0.0,36,bearish_transition,50,mixed_or_bearish,44.44,16.535,0.15,-0.00467115,-0.01606665,0.01255358,-0.00481493,4H MACD 柱体连续扩张,4H EMA 转弱或跌破 EMA26；4H MACD 尚未确认多头
1418,TIPT,TIPTREE INC,Financials,Early,Russell,1500,23.99,26.48,40.9,98.1,56.52,40.76,41.4,32.63,15.0,bearish_transition,25.0,bearish_proxy,49.48,46.9,0.0,36,bearish_transition,50,mixed_or_bearish,48.97,17.809999,0.19,0.00706814,-0.03625547,0.00168718,0.00792298,4H MACD 柱体连续扩张；4H RSI 位于健康强势区间,4H EMA 转弱或跌破 EMA26；4H MACD 尚未确认多头
1419,PSMT,PRICESMART,Consumer Staples,Early,Russell,1330,23.96,38.01,37.3,80.55,56.52,37.16,37.4,36.82,35.0,mixed_sideways,20.0,fresh_bearish_cross_proxy,46.55,49.06,0.0,44,bearish_transition,28,fresh_bearish_cross,45.11,189.089996,0.63,-0.03418337,-0.01873379,-0.01469443,0.01809078,,4H EMA 转弱或跌破 EMA26；4H MACD 最近死叉
1420,OPK,OPKO HEALTH,Health Care,Early,Russell,1568,23.82,28.79,76.9,22.22,56.52,51.56,53.4,31.39,15.0,bearish_transition,49.8,bullish_below_zero_proxy,26.48,43.3,0.0,68,early_transition,42,mixed_or_bearish,48.72,1.31,0.03,0.01158301,-0.03676471,-0.12666667,-0.09965636,4H EMA9 已站上 EMA26，等待 26/50 确认；4H RSI 位于健康强势区间,4H MACD 尚未确认多头
1421,SBRA,SABRA HEALTH CARE REIT,Real Estate,Early,Russell,1097,23.67,39.71,40.9,65.06,56.52,39.14,39.6,40.76,35.0,mixed_sideways,25.0,bearish_proxy,55.26,49.55,0.0,36,bearish_transition,50,mixed_or_bearish,45.49,20.805,0.2,0.03584770,-0.05646254,0.03765591,0.11704698,4H MACD 柱体连续扩张,4H EMA 转弱或跌破 EMA26；4H MACD 尚未确认多头
1422,ONIT,ONITY GROUP INC,Financials,Early,Russell,1508,23.62,26.45,40.9,95.69,56.52,34.19,34.1,32.54,15.0,bearish_transition,25.0,bearish_proxy,49.2,46.84,0.0,22,confirmed_bearish_trend,50,mixed_or_bearish,46.1,38.0,0.59,-0.00301724,-0.06265419,0.00052659,0.06539567,4H MACD 柱体连续扩张,4H EMA 空头排列；4H MACD 尚未确认多头
1423,ACVA,ACV AUCTIONS CLASS A,Industrials,Early,Russell,1106,23.61,39.42,40.9,65.32,56.52,40.62,41.25,40.52,35.0,mixed_sideways,25.0,bearish_proxy,55.23,48.05,0.0,41,bearish_transition,42,mixed_or_bearish,48.54,7.675,0.29,-0.03882279,-0.04835710,0.05209047,0.20297806,4H RSI 位于健康强势区间,4H EMA 转弱或跌破 EMA26；4H MACD 尚未确认多头
1424,MFA,MFA FINANCIAL,Financials,Early,Russell,1468,23.61,26.76,43.7,87.38,56.52,35.63,35.7,33.29,18.0,bearish_transition,26.35,bearish_proxy,47.73,46.55,0.0,22,confirmed_bearish_trend,58,bullish_above_signal,41.1,9.07,0.49,-0.00548246,-0.01036552,-0.02994652,-0.03664365,4H MACD 位于 Signal 上方,4H EMA 空头排列
1425,MNSB,MAINSTREET BANCSHARES INC,Financials,Early,Russell,1599,23.59,25.87,51.7,68.03,56.52,47.02,48.35,30.84,15.0,bearish_transition,25.0,bearish_proxy,44.07,45.81,0.0,39,bearish_transition,66,bullish_above_signal,49.04,23.459999,0.6,0.00299273,0.00428074,-0.02615197,-0.04283970,4H MACD 位于 Signal 上方；4H MACD 柱体连续扩张；4H RSI 位于健康强势区间,4H EMA 转弱或跌破 EMA26
1426,ODC,OIL DRI CORPORATION OF AMERICA,Consumer Staples,Early,Russell,1270,23.53,39.06,37.3,75.27,56.52,33.2,33.0,37.94,35.0,mixed_sideways,25.0,bearish_proxy,45.7,49.89,0.0,36,bearish_transition,28,fresh_bearish_cross,45.71,97.495003,0.26,-0.00758342,-0.00839094,-0.03134624,0.02864533,,4H EMA 转弱或跌破 EMA26；4H MACD 最近死叉
1427,HCSG,HEALTHCARE SERVICES GROUP,Industrials,Early,Russell,1355,23.5,37.95,43.7,60.54,56.52,35.63,35.7,36.21,35.0,mixed_sideways,25.0,bearish_proxy,42.16,45.43,0.0,22,confirmed_bearish_trend,58,bullish_above_signal,42.23,23.049999,0.22,-0.01453613,-0.01642842,-0.05494055,0.01833439,4H MACD 位于 Signal 上方,4H EMA 空头排列
1428,MQ,MARQETA CLASS A,Financials,Early,Russell,1165,23.4,38.57,32.9,87.22,56.52,39.73,40.25,39.38,38.0,mixed_sideways,21.35,fresh_bearish_cross_proxy,51.78,47.36,0.0,41,bearish_transition,42,mixed_or_bearish,40.99,16.73,0.62,-0.07517966,-0.08853174,0.05153991,0.09489529,,4H EMA 转弱或跌破 EMA26；4H MACD 尚未确认多头
1429,HTO,H2O AMERICA,Utilities,Early,Russell,1246,23.4,38.76,32.9,86.81,56.52,39.14,39.6,38.17,35.0,mixed_sideways,25.0,bearish_proxy,47.63,47.53,0.0,36,bearish_transition,50,mixed_or_bearish,42.18,61.560001,0.19,0.00195148,-0.03359498,-0.00323829,0.07005044,4H MACD 柱体连续扩张,4H EMA 转弱或跌破 EMA26；4H MACD 尚未确认多头
1430,VLGEA,VILLAGE SUPER MARKET INC CLASS A,Consumer Staples,Early,Russell,1267,23.4,38.41,29.3,97.23,56.52,35.23,35.25,37.98,35.0,mixed_sideways,20.0,fresh_bearish_cross_proxy,50.04,49.76,0.0,41,bearish_transition,28,fresh_bearish_cross,44.51,42.919998,0.13,-0.04175046,-0.03115126,0.01947744,0.02166151,,4H EMA 转弱或跌破 EMA26；4H MACD 最近死叉
1431,KNTK,KINETIK HOLDINGS CLASS A,Energy,Early,Russell,1263,23.38,38.58,32.9,87.12,56.52,36.98,37.2,38.04,35.0,mixed_sideways,25.0,bearish_proxy,47.71,46.54,0.0,36,bearish_transition,42,mixed_or_bearish,40.72,48.669998,0.21,-0.00297042,-0.03833240,-0.00916126,0.00350511,,4H EMA 转弱或跌破 EMA26；4H MACD 尚未确认多头
1432,CIVB,CIVISTA BANCSHARES INC,Financials,Early,Russell,1122,23.29,39.29,37.3,73.11,56.52,36.84,37.05,40.14,35.0,mixed_sideways,25.0,bearish_proxy,54.07,47.81,0.0,41,bearish_transition,28,fresh_bearish_cross,50.17,28.85,0.13,-0.01636550,-0.01300034,0.03201574,0.05291971,4H RSI 位于健康强势区间,4H EMA 转弱或跌破 EMA26；4H MACD 最近死叉
1433,FCPT,FOUR CORNERS PROPERTY INC TRUST,Real Estate,Early,Russell,1244,23.24,38.83,32.9,85.58,56.52,36.98,37.2,38.19,35.0,mixed_sideways,25.0,bearish_proxy,47.46,47.99,0.0,36,bearish_transition,42,mixed_or_bearish,40.59,25.1,0.27,-0.00278109,-0.04779973,-0.00751289,0.00601198,,4H EMA 转弱或跌破 EMA26；4H MACD 尚未确认多头
1434,CWT,CALIFORNIA WATER SERVICE GROUP,Utilities,Early,Russell,1148,23.18,39.27,32.9,84.15,56.52,39.14,39.6,39.68,35.0,mixed_sideways,25.0,bearish_proxy,52.2,48.44,0.0,36,bearish_transition,50,mixed_or_bearish,42.36,49.605,0.18,-0.00291457,-0.04080054,-0.00171059,0.07207694,4H MACD 柱体连续扩张,4H EMA 转弱或跌破 EMA26；4H MACD 尚未确认多头
1435,HMN,HORACE MANN EDUCATORS CORP,Financials,Early,Russell,1339,23.09,38.08,40.9,65.01,56.52,41.57,42.3,36.59,35.0,mixed_sideways,25.0,bearish_proxy,43.31,45.66,0.0,38,bearish_transition,50,mixed_or_bearish,49.73,51.935001,0.23,0.00202583,-0.00583846,-0.03574081,0.02476324,4H MACD 柱体连续扩张；4H RSI 位于健康强势区间,4H EMA 转弱或跌破 EMA26；4H MACD 尚未确认多头
1436,SKT,TANGER,Real Estate,Early,Russell,1142,23.06,39.38,32.9,83.12,56.52,39.95,40.5,39.8,35.0,mixed_sideways,25.0,bearish_proxy,52.34,48.97,0.0,38,bearish_transition,50,mixed_or_bearish,43.49,40.57,0.23,-0.00818968,-0.02429057,0.01653721,0.01374313,4H MACD 柱体连续扩张,4H EMA 转弱或跌破 EMA26；4H MACD 尚未确认多头
1437,XHR,XENIA HOTELS RESORTS REIT,Real Estate,Early,Russell,1141,23.0,39.39,32.9,82.66,56.52,39.14,39.6,39.82,35.0,mixed_sideways,25.0,bearish_proxy,52.4,48.98,0.0,36,bearish_transition,50,mixed_or_bearish,42.61,20.455,0.22,0.00024445,-0.06255729,0.01012346,0.02019955,4H MACD 柱体连续扩张,4H EMA 转弱或跌破 EMA26；4H MACD 尚未确认多头
1438,NMRA,NEUMORA THERAPEUTICS INC,Health Care,Early,Russell,1530,22.97,28.99,73.3,25.65,56.52,50.21,51.9,31.97,15.0,bearish_transition,49.8,bullish_below_zero_proxy,28.23,43.65,0.0,74,early_transition,28,fresh_bearish_cross,49.22,1.605,0.22,-0.02134146,-0.03313253,-0.07492795,0.00626959,4H EMA9 已站上 EMA26，等待 26/50 确认；4H RSI 位于健康强势区间,4H MACD 最近死叉
1439,CLYM,CLIMB BIO INC,Health Care,Early,Russell,1492,22.97,36.93,54.1,31.71,56.52,47.91,49.35,32.81,35.0,mixed_sideways,25.0,bearish_proxy,31.38,44.28,0.0,39,bearish_transition,72,fresh_below_zero_cross,48.75,12.37,0.27,-0.00161421,0.02146986,-0.07755406,0.00650936,4H MACD 刚金叉但仍需零轴确认；4H MACD 柱体连续扩张；4H RSI 位于健康强势区间,4H EMA 转弱或跌破 EMA26
1440,FOA,FINANCE OF AMERICA COMPANIES INC C,Financials,Early,Russell,1458,22.96,37.05,51.7,37.76,56.52,44.13,45.15,33.55,35.0,mixed_sideways,25.0,bearish_proxy,34.09,43.82,0.0,39,bearish_transition,58,bullish_above_signal,48.5,23.559999,0.31,-0.01340034,-0.05000000,-0.11528352,0.13160418,4H MACD 位于 Signal 上方；4H RSI 位于健康强势区间,4H EMA 转弱或跌破 EMA26
1441,ANDE,ANDERSONS INC,Consumer Staples,Early,Russell,1375,22.95,27.94,54.1,52.49,56.52,44.86,45.95,35.83,15.0,bearish_transition,25.0,bearish_proxy,57.92,51.33,0.0,39,bearish_transition,64,fresh_below_zero_cross,46.75,72.043198,0.66,-0.05417881,0.02713429,0.05992639,0.01957535,4H MACD 刚金叉但仍需零轴确认,4H EMA 转弱或跌破 EMA26
1442,INSW,INTERNATIONAL SEAWAYS,Energy,Early,Russell,1160,22.95,38.55,40.9,63.01,56.52,39.01,39.45,39.49,35.0,mixed_sideways,20.0,fresh_bearish_cross_proxy,55.87,48.17,0.0,41,bearish_transition,42,mixed_or_bearish,46.51,91.050102,0.15,-0.01949062,-0.03681262,0.06791109,0.01211764,,4H EMA 转弱或跌破 EMA26；4H MACD 尚未确认多头
1443,UNFI,UNITED NATURAL FOODS INC,Consumer Staples,Early,Russell,1452,22.94,27.22,40.9,89.33,56.52,31.31,30.9,33.69,15.0,bearish_transition,25.0,bearish_proxy,51.44,50.04,0.0,22,confirmed_bearish_trend,42,mixed_or_bearish,45.39,48.380001,0.13,-0.00247421,-0.03673464,0.02510861,-0.06003497,,4H EMA 空头排列；4H MACD 尚未确认多头
1444,SNDA,SONIDA SENIOR LIVING,Health Care,Early,Russell,1335,22.89,38.24,40.9,63.31,56.52,39.14,39.6,36.65,35.0,mixed_sideways,25.0,bearish_proxy,43.04,46.61,0.0,36,bearish_transition,50,mixed_or_bearish,45.18,39.73,0.24,0.02317790,-0.02503067,-0.02955542,0.08463006,4H MACD 柱体连续扩张,4H EMA 转弱或跌破 EMA26；4H MACD 尚未确认多头
1445,IART,INTEGRA LIFESCIENCES HOLDINGS,Health Care,Early,Russell,1336,22.88,38.24,40.9,63.21,56.52,34.69,34.65,36.64,35.0,mixed_sideways,25.0,bearish_proxy,42.99,46.6,0.0,25,confirmed_bearish_trend,50,mixed_or_bearish,45.68,17.610001,0.16,-0.01620106,0.09175462,0.00974771,-0.00395922,4H MACD 柱体连续扩张,4H EMA 空头排列；4H MACD 尚未确认多头
1446,GEVO,GEVO,Energy,Early,Russell,1528,22.83,26.26,67.6,86.3,56.52,53.59,55.65,31.99,15.0,bearish_transition,25.0,bearish_proxy,47.56,46.51,0.0,53,mixed_sideways,72,fresh_below_zero_cross,50.23,1.55,0.15,-0.00641026,0.05802048,0.05802048,0.11111111,4H MACD 刚金叉但仍需零轴确认；4H MACD 柱体连续扩张；4H RSI 位于健康强势区间,4H EMA 仍偏震荡
1447,SBGI,SINCLAIR CLASS A,Communication,Early,Russell,1383,22.81,29.97,51.7,53.26,56.52,45.35,46.5,35.65,15.0,bearish_transition,49.8,bullish_below_zero_proxy,40.32,44.06,0.0,42,bearish_transition,58,bullish_above_signal,49.76,13.91,0.22,-0.01277502,-0.02076734,-0.05822613,-0.00393842,4H MACD 位于 Signal 上方；4H RSI 位于健康强势区间,4H EMA 转弱或跌破 EMA26
1448,CBL,CBL ASSOCIATES PROPERTIES,Real Estate,Early,Russell,1087,22.8,39.86,40.9,58.9,56.52,40.62,41.25,41.2,35.0,mixed_sideways,25.0,bearish_proxy,56.6,49.82,0.0,41,bearish_transition,42,mixed_or_bearish,49.97,57.009998,0.09,-0.01058662,-0.03861722,0.06520923,0.13860591,4H RSI 位于健康强势区间,4H EMA 转弱或跌破 EMA26；4H MACD 尚未确认多头
1449,NGS,NATURAL GAS SERVICES GROUP,Energy,Early,Russell,1607,22.78,26.2,51.7,61.88,56.52,42.52,43.35,30.72,15.0,bearish_transition,25.0,bearish_proxy,42.44,48.24,0.0,39,bearish_transition,58,bullish_above_signal,45.37,36.950001,0.08,-0.00991423,0.03821301,-0.04348951,-0.16289076,4H MACD 位于 Signal 上方,4H EMA 转弱或跌破 EMA26
1450,FSBW,FS BANCORP INC,Financials,Early,Russell,1469,22.73,26.7,40.9,89.17,56.52,39.14,39.6,33.28,15.0,bearish_transition,25.0,bearish_proxy,51.45,47.29,0.0,36,bearish_transition,50,mixed_or_bearish,47.95,42.900002,0.0,-0.00162902,-0.02743140,-0.01015224,0.01370515,4H MACD 柱体连续扩张,4H EMA 转弱或跌破 EMA26；4H MACD 尚未确认多头
1451,BSRR,SIERRA BANCORP,Financials,Early,Russell,1522,22.72,26.32,40.9,89.94,56.52,39.14,39.6,32.17,15.0,bearish_transition,25.0,bearish_proxy,48.09,46.62,0.0,36,bearish_transition,50,mixed_or_bearish,46.34,40.700001,0.15,-0.00464656,-0.00780105,-0.00098186,0.00742572,4H MACD 柱体连续扩张,4H EMA 转弱或跌破 EMA26；4H MACD 尚未确认多头
1452,ANIP,ANI PHARMACEUTICALS,Health Care,Early,Russell,1361,22.6,30.83,51.7,49.87,56.52,44.13,45.15,36.08,15.0,bearish_transition,49.8,bullish_below_zero_proxy,39.23,49.1,0.0,39,bearish_transition,58,bullish_above_signal,49.34,79.75,0.15,0.00000000,-0.02446483,-0.07224289,-0.03764937,4H MACD 位于 Signal 上方；4H RSI 位于健康强势区间,4H EMA 转弱或跌破 EMA26
1453,MTRX,MATRIX SERVICE,Industrials,Early,Russell,1071,22.58,34.59,43.7,62.29,56.52,36.84,37.05,42.03,15.0,bearish_transition,71.8,fresh_below_zero_cross_proxy,42.52,45.5,0.0,25,confirmed_bearish_trend,58,bullish_above_signal,43.96,11.715,0.22,-0.04099609,0.05731047,-0.05903614,-0.14892844,4H MACD 位于 Signal 上方,4H EMA 空头排列
1454,NL,NLI HOLDINGS INC,Industrials,Early,Russell,1388,22.56,30.09,51.7,51.31,56.52,37.57,37.85,35.59,15.0,bearish_transition,49.8,bullish_below_zero_proxy,39.68,44.94,0.0,25,confirmed_bearish_trend,58,bullish_above_signal,47.19,5.8,0.84,-0.01861252,-0.02027027,-0.04290429,-0.00769889,4H MACD 位于 Signal 上方,4H EMA 空头排列
1455,TCBK,TRICO BANCSHARES,Financials,Early,Russell,1090,22.52,39.62,40.9,57.62,56.52,41.84,42.6,41.1,35.0,mixed_sideways,25.0,bearish_proxy,56.98,48.4,0.0,44,bearish_transition,42,mixed_or_bearish,48.78,57.970001,0.14,-0.01553871,0.00051781,0.08011931,0.10062660,4H RSI 位于健康强势区间,4H EMA 转弱或跌破 EMA26；4H MACD 尚未确认多头
1456,FLNG,FLEX LNG,Energy,Early,Russell,1265,22.42,38.95,32.9,79.84,56.52,36.98,37.2,38.03,35.0,mixed_sideways,25.0,bearish_proxy,46.42,49.03,0.0,36,bearish_transition,42,mixed_or_bearish,43.51,30.389999,0.1,-0.00229810,-0.02814202,0.00098808,-0.01650489,,4H EMA 转弱或跌破 EMA26；4H MACD 尚未确认多头
1457,GPRE,GREEN PLAINS INC,Energy,Early,Russell,1088,22.39,39.65,40.9,56.7,56.52,41.84,42.6,41.17,35.0,mixed_sideways,25.0,bearish_proxy,57.18,48.44,0.0,44,bearish_transition,42,mixed_or_bearish,49.75,16.84,0.22,-0.01520468,0.02871099,0.06616018,0.16920086,4H RSI 位于健康强势区间,4H EMA 转弱或跌破 EMA26；4H MACD 尚未确认多头
1458,TRAK,REPOSITRAK INC,Information Technology,Early,Russell,1390,22.39,30.05,51.7,50.28,56.52,38.06,38.4,35.48,15.0,bearish_transition,49.8,bullish_below_zero_proxy,39.33,44.87,0.0,28,confirmed_bearish_trend,58,bullish_above_signal,45.43,8.504,0.0,-0.02365098,-0.03691959,-0.07019462,-0.06703236,4H MACD 位于 Signal 上方,4H EMA 空头排列
1459,MITK,MITEK SYSTEMS INC,Information Technology,Early,Russell,1487,22.31,36.85,51.7,33.86,56.52,36.84,37.05,32.96,35.0,mixed_sideways,25.0,bearish_proxy,32.3,43.46,0.0,25,confirmed_bearish_trend,58,bullish_above_signal,47.01,17.24,0.16,-0.03200444,0.02986858,-0.11271230,-0.00433156,4H MACD 位于 Signal 上方,4H EMA 空头排列
1460,NVCR,NOVOCURE,Health Care,Early,Russell,1523,22.21,36.69,54.1,27.14,56.52,47.91,49.35,32.11,35.0,mixed_sideways,25.0,bearish_proxy,29.26,43.85,0.0,39,bearish_transition,72,fresh_below_zero_cross,49.59,16.075001,0.1,-0.00525984,0.05826208,-0.09334456,0.13805317,4H MACD 刚金叉但仍需零轴确认；4H MACD 柱体连续扩张；4H RSI 位于健康强势区间,4H EMA 转弱或跌破 EMA26
1461,WHG,WESTWOOD HOLDINGS GROUP INC,Financials,Early,Russell,1359,22.19,37.94,40.9,59.31,56.52,37.79,38.1,36.17,35.0,mixed_sideways,25.0,bearish_proxy,42.02,45.4,0.0,38,bearish_transition,42,mixed_or_bearish,46.14,19.16,0.0,-0.01389604,-0.02145046,-0.06124449,0.03121636,,4H EMA 转弱或跌破 EMA26；4H MACD 尚未确认多头
1462,CPK,CHESAPEAKE UTILITIES,Utilities,Early,Russell,1080,22.1,39.89,40.9,54.18,56.52,37.79,38.1,41.48,35.0,mixed_sideways,25.0,bearish_proxy,57.67,49.53,0.0,38,bearish_transition,42,mixed_or_bearish,47.88,132.727493,0.2,-0.00279875,-0.03015968,0.06737029,0.09375769,,4H EMA 转弱或跌破 EMA26；4H MACD 尚未确认多头
1463,INR,INFINITY NATURAL RESOURCES INC CLA,Energy,Early,Russell,1258,22.08,30.94,37.3,84.5,56.52,27.53,26.7,38.09,15.0,bearish_transition,49.8,bullish_below_zero_proxy,47.26,46.45,0.0,22,confirmed_bearish_trend,28,fresh_bearish_cross,46.63,12.77,0.24,-0.01389961,0.03317152,0.00472069,-0.00234375,,4H EMA 空头排列；4H MACD 最近死叉
1464,LQDT,LIQUIDITY SERVICES INC,Industrials,Early,Russell,1261,22.07,38.59,29.3,87.94,56.52,33.2,33.0,38.07,35.0,mixed_sideways,25.0,bearish_proxy,47.8,46.56,0.0,36,bearish_transition,28,fresh_bearish_cross,40.12,37.59,0.11,-0.03738794,-0.02236674,-0.01182968,-0.02160328,,4H EMA 转弱或跌破 EMA26；4H MACD 最近死叉
1465,GBX,GREENBRIER INC,Industrials,Early,Russell,1084,21.95,39.71,40.9,53.57,56.52,44.0,45.0,41.36,35.0,mixed_sideways,25.0,bearish_proxy,57.77,48.55,0.0,44,bearish_transition,50,mixed_or_bearish,50.1,50.009998,0.05,-0.00358639,-0.01399848,0.09192138,-0.00249327,4H MACD 柱体连续扩张；4H RSI 位于健康强势区间,4H EMA 转弱或跌破 EMA26；4H MACD 尚未确认多头
1466,UPBD,UPBOUND GROUP,Consumer Discretionary,Early,Russell,1134,21.92,39.24,32.9,75.83,56.52,40.36,40.95,39.99,35.0,mixed_sideways,25.0,bearish_proxy,53.6,47.72,0.0,39,bearish_transition,50,mixed_or_bearish,44.99,20.219999,0.26,-0.02718311,-0.03530535,-0.01413949,0.08244106,4H MACD 柱体连续扩张,4H EMA 转弱或跌破 EMA26；4H MACD 尚未确认多头
1467,LWAY,LIFEWAY FOODS INC,Consumer Staples,Early,Russell,1272,21.88,38.89,32.9,76.35,56.52,39.14,39.6,37.87,35.0,mixed_sideways,25.0,bearish_proxy,45.92,48.93,0.0,36,bearish_transition,50,mixed_or_bearish,43.03,29.690001,0.23,0.00900602,-0.05566158,0.01192914,0.03738644,4H MACD 柱体连续扩张,4H EMA 转弱或跌破 EMA26；4H MACD 尚未确认多头
1468,ELTX,ELICIO THERAPEUTICS INC,Health Care,Early,Russell,1108,21.86,31.89,65.2,73.11,56.52,53.18,55.2,40.49,15.0,bearish_transition,49.8,bullish_below_zero_proxy,54.07,48.81,0.0,56,mixed_sideways,66,bullish_above_signal,55.21,3.22,0.16,0.03870968,0.11611785,0.15205725,-0.22033898,4H MACD 位于 Signal 上方；4H MACD 柱体连续扩张；4H RSI 位于健康强势区间,4H EMA 仍偏震荡
1469,ELA,ENVELA CORP,Consumer Discretionary,Early,Russell,1406,21.84,29.88,51.7,47.0,56.52,38.06,38.4,34.99,15.0,bearish_transition,49.8,bullish_below_zero_proxy,37.84,44.57,0.0,28,confirmed_bearish_trend,58,bullish_above_signal,46.97,21.565001,0.29,-0.01753986,0.01458490,-0.08312071,-0.19802894,4H MACD 位于 Signal 上方,4H EMA 空头排列
1470,DHT,DHT HOLDINGS,Energy,Early,Russell,1215,21.84,38.26,32.9,77.58,56.52,37.79,38.1,38.65,35.0,mixed_sideways,20.0,fresh_bearish_cross_proxy,53.34,47.67,0.0,38,bearish_transition,42,mixed_or_bearish,43.75,17.995001,0.26,-0.00497639,-0.02939590,0.03987293,-0.09822095,,4H EMA 转弱或跌破 EMA26；4H MACD 尚未确认多头
1471,INSE,INSPIRED ENTERTAINMENT INC,Consumer Discretionary,Early,Russell,1407,21.79,29.87,51.7,46.69,56.52,36.84,37.05,34.96,15.0,bearish_transition,49.8,bullish_below_zero_proxy,37.75,44.55,0.0,25,confirmed_bearish_trend,58,bullish_above_signal,47.73,6.85,0.18,-0.01862464,0.00146199,-0.08909574,-0.11303897,4H MACD 位于 Signal 上方,4H EMA 空头排列
1472,SWBI,SMITH WESSON BRANDS INC,Consumer Discretionary,Early,Russell,1655,21.78,25.55,51.7,56.7,56.52,45.35,46.5,29.9,15.0,bearish_transition,25.0,bearish_proxy,41.2,45.24,0.0,42,bearish_transition,58,bullish_above_signal,48.93,14.79,0.16,-0.00804829,0.02000000,-0.04209845,-0.11197844,4H MACD 位于 Signal 上方；4H RSI 位于健康强势区间,4H EMA 转弱或跌破 EMA26
1473,KTB,KONTOOR BRANDS,Consumer Discretionary,Early,Russell,1379,21.61,37.82,40.9,55.72,56.52,37.79,38.1,35.81,35.0,mixed_sideways,25.0,bearish_proxy,40.95,45.19,0.0,38,bearish_transition,42,mixed_or_bearish,46.37,83.730003,0.15,-0.01932530,-0.01621429,-0.05035721,0.08853361,,4H EMA 转弱或跌破 EMA26；4H MACD 尚未确认多头
1474,NVCT,NUVECTIS PHARMA INC,Health Care,Early,Russell,1333,21.56,38.26,37.3,63.98,56.52,35.23,35.25,36.7,35.0,mixed_sideways,25.0,bearish_proxy,43.18,46.64,0.0,41,bearish_transition,28,fresh_bearish_cross,45.23,19.58,0.22,-0.04090135,-0.05547516,0.02245431,0.11060698,,4H EMA 转弱或跌破 EMA26；4H MACD 最近死叉
1475,ALKS,ALKERMES,Health Care,Early,Russell,1433,21.53,37.43,46.1,42.28,56.52,45.08,46.2,34.26,35.0,mixed_sideways,25.0,bearish_proxy,35.79,45.16,0.0,36,bearish_transition,72,fresh_below_zero_cross,44.39,49.705002,0.15,0.00678556,0.02845024,-0.09987321,0.03422807,4H MACD 刚金叉但仍需零轴确认；4H MACD 柱体连续扩张,4H EMA 转弱或跌破 EMA26
1476,PRAA,PRA GROUP INC,Financials,Early,Russell,1659,21.46,25.5,51.7,54.69,56.52,41.3,42.0,29.75,15.0,bearish_transition,25.0,bearish_proxy,40.75,45.15,0.0,36,bearish_transition,58,bullish_above_signal,46.83,17.33,0.1,-0.01084475,-0.01422071,-0.03935704,-0.01590011,4H MACD 位于 Signal 上方,4H EMA 转弱或跌破 EMA26
1477,CWBC,COMMUNITY WEST BANCSHARES,Financials,Early,Russell,1660,21.44,25.5,51.7,54.59,56.52,44.68,45.75,29.74,15.0,bearish_transition,25.0,bearish_proxy,40.74,45.15,0.0,39,bearish_transition,66,bullish_above_signal,47.56,25.719999,0.12,-0.00541384,0.01881553,-0.04846474,-0.00135896,4H MACD 位于 Signal 上方；4H MACD 柱体连续扩张,4H EMA 转弱或跌破 EMA26
1478,MUR,MURPHY OIL CORP,Energy,Early,Russell,694,21.42,47.87,40.9,31.04,56.52,39.01,39.45,52.88,35.0,mixed_sideways,61.8,bullish_above_signal_proxy,63.55,52.46,0.0,41,bearish_transition,42,mixed_or_bearish,45.5,36.959999,0.39,-0.03404121,-0.04520796,0.12408753,0.02638159,,4H EMA 转弱或跌破 EMA26；4H MACD 尚未确认多头
1479,MRVI,MARAVAI LIFESCIENCES HOLDINGS INC,Health Care,Early,Russell,1115,21.37,39.51,32.9,71.52,56.52,36.98,37.2,40.36,35.0,mixed_sideways,25.0,bearish_proxy,54.27,48.85,0.0,36,bearish_transition,50,mixed_or_bearish,38.15,6.335,0.12,-0.01859024,-0.03796507,0.07100592,0.18080149,4H MACD 柱体连续扩张,4H EMA 转弱或跌破 EMA26；4H MACD 尚未确认多头；4H RSI 偏弱
1480,BGC,BGC GROUP INC CLASS A,Financials,Early,Russell,1236,21.34,38.67,25.9,91.94,56.52,34.82,34.8,38.32,35.0,mixed_sideways,25.0,bearish_proxy,48.55,46.71,0.0,36,bearish_transition,42,mixed_or_bearish,35.28,11.06,0.13,-0.01161752,-0.05832269,-0.00270514,-0.12047714,,4H EMA 转弱或跌破 EMA26；4H MACD 尚未确认多头；4H RSI 偏弱
1481,BIPC,BROOKFIELD INFRASTRUCTURE CORP CLA,Utilities,Early,Russell,1114,21.33,39.51,32.9,71.27,56.52,34.82,34.8,40.37,35.0,mixed_sideways,25.0,bearish_proxy,54.31,48.86,0.0,36,bearish_transition,42,mixed_or_bearish,38.83,40.169998,0.43,-0.00544692,-0.07121392,0.02947201,0.03570963,,4H EMA 转弱或跌破 EMA26；4H MACD 尚未确认多头；4H RSI 偏弱
1482,ESOA,ENERGY SERVICES OF AMERICA CORP,Energy,Early,Russell,1665,21.29,25.47,51.7,53.67,56.52,44.13,45.15,29.66,15.0,bearish_transition,25.0,bearish_proxy,40.47,45.09,0.0,39,bearish_transition,58,bullish_above_signal,48.17,15.365,0.02,-0.01341980,0.09593438,-0.08432663,-0.16585233,4H MACD 位于 Signal 上方；4H RSI 位于健康强势区间,4H EMA 转弱或跌破 EMA26
1483,NAT,NORDIC AMERICAN TANKERS LTD,Energy,Early,Russell,1120,21.18,39.34,32.9,70.65,56.52,37.79,38.1,40.26,35.0,mixed_sideways,25.0,bearish_proxy,54.44,47.89,0.0,38,bearish_transition,42,mixed_or_bearish,42.27,6.2,0.14,-0.01195219,-0.03276131,0.05442177,-0.04173107,,4H EMA 转弱或跌破 EMA26；4H MACD 尚未确认多头
1484,TNK,TEEKAY TANKERS LTD CLASS A,Energy,Early,Russell,764,21.15,46.97,37.3,40.94,56.52,35.23,35.25,51.35,35.0,mixed_sideways,61.8,bullish_above_signal_proxy,60.17,49.03,0.0,41,bearish_transition,28,fresh_bearish_cross,47.02,75.324997,0.09,-0.02200727,-0.03602511,0.08686238,-0.04808543,,4H EMA 转弱或跌破 EMA26；4H MACD 最近死叉
1485,PNTG,PENNANT GROUP,Health Care,Early,Russell,1156,21.13,39.28,25.9,89.12,56.52,37.7,38.0,39.53,38.0,mixed_sideways,26.35,bearish_proxy,48.01,47.6,0.0,36,bearish_transition,50,mixed_or_bearish,37.46,38.66,0.88,-0.00820934,-0.05707317,-0.02595110,0.13074002,4H MACD 柱体连续扩张,4H EMA 转弱或跌破 EMA26；4H MACD 尚未确认多头；4H RSI 偏弱
1486,AMN,AMN HEALTHCARE,Health Care,Early,Russell,1299,21.12,38.49,32.9,72.24,56.52,34.82,34.8,37.37,35.0,mixed_sideways,25.0,bearish_proxy,45.22,47.04,0.0,36,bearish_transition,42,mixed_or_bearish,39.19,32.450001,0.34,-0.02552547,-0.06403222,-0.02464680,0.03906503,,4H EMA 转弱或跌破 EMA26；4H MACD 尚未确认多头；4H RSI 偏弱
1487,BOH,BANK OF HAWAII,Financials,Early,Russell,1610,21.1,25.82,46.1,66.5,56.52,37.25,37.5,30.7,15.0,bearish_transition,25.0,bearish_proxy,43.65,45.73,0.0,22,confirmed_bearish_trend,64,fresh_below_zero_cross,40.49,79.739998,0.28,-0.02324298,0.00125564,-0.03590861,-0.01616292,4H MACD 刚金叉但仍需零轴确认,4H EMA 空头排列
1488,ARCB,ARCBEST,Industrials,Early,Russell,1496,20.9,26.53,32.9,98.72,56.52,33.47,33.3,32.77,15.0,bearish_transition,25.0,bearish_proxy,49.9,46.98,0.0,22,confirmed_bearish_trend,50,mixed_or_bearish,43.79,143.089996,0.18,-0.00890046,0.00995203,-0.01300231,-0.00500662,4H MACD 柱体连续扩张,4H EMA 空头排列；4H MACD 尚未确认多头
1489,GNE,GENIE ENERGY LTD CLASS B,Utilities,Early,Russell,1546,20.83,26.28,40.9,77.48,56.52,33.47,33.3,31.65,15.0,bearish_transition,25.0,bearish_proxy,46.05,47.21,0.0,22,confirmed_bearish_trend,50,mixed_or_bearish,45.73,14.025,0.34,-0.00637620,-0.00142399,-0.01578947,-0.01544402,4H MACD 柱体连续扩张,4H EMA 空头排列；4H MACD 尚未确认多头
1490,VC,VISTEON,Consumer Discretionary,Early,Russell,1284,20.82,30.79,37.3,76.5,56.52,27.53,26.7,37.66,15.0,bearish_transition,49.8,bullish_below_zero_proxy,45.93,46.19,0.0,22,confirmed_bearish_trend,28,fresh_bearish_cross,47.37,104.120003,0.13,-0.00268198,-0.02472835,-0.01494791,-0.10140675,,4H EMA 空头排列；4H MACD 最近死叉
1491,KWY,KINGSWAY CORP,Financials,Early,Russell,1439,20.8,29.61,51.7,40.74,56.52,36.84,37.05,34.18,15.0,bearish_transition,49.8,bullish_below_zero_proxy,35.38,44.08,0.0,25,confirmed_bearish_trend,58,bullish_above_signal,45.85,9.075,0.11,-0.02156334,0.02311161,-0.10766962,-0.13899431,4H MACD 位于 Signal 上方,4H EMA 空头排列
1492,BKTI,BK TECHNOLOGIES CORP,Information Technology,Early,Russell,1346,20.74,30.36,43.7,59.88,56.52,38.06,38.4,36.4,15.0,bearish_transition,49.8,bullish_below_zero_proxy,42.13,45.43,0.0,28,confirmed_bearish_trend,58,bullish_above_signal,44.23,78.629997,0.45,-0.01908691,0.00306159,-0.04232393,-0.03111333,4H MACD 位于 Signal 上方,4H EMA 空头排列
1493,OLMA,OLEMA PHARMACEUTICALS,Health Care,Early,Russell,1702,20.67,25.74,54.1,42.48,56.52,40.09,40.65,28.77,15.0,bearish_transition,25.0,bearish_proxy,35.85,48.42,0.0,25,confirmed_bearish_trend,64,fresh_below_zero_cross,48.76,11.52,0.11,-0.01538462,0.03041145,-0.08860759,0.09401709,4H MACD 刚金叉但仍需零轴确认；4H RSI 位于健康强势区间,4H EMA 空头排列
1494,PLMR,PALOMAR HOLDINGS,Financials,Early,Russell,1364,20.57,37.82,40.9,48.85,56.52,37.79,38.1,36.05,38.0,mixed_sideways,25.0,bearish_proxy,38.95,44.79,0.0,38,bearish_transition,42,mixed_or_bearish,45.09,134.059998,0.41,-0.01397476,-0.06192713,-0.07640370,0.15399845,,4H EMA 转弱或跌破 EMA26；4H MACD 尚未确认多头
1495,ODD,ODDITY TECH CLASS A,Consumer Staples,Early,Russell,1652,20.53,36.19,54.1,17.14,56.52,46.3,47.55,29.94,35.0,mixed_sideways,25.0,bearish_proxy,21.9,44.13,0.0,39,bearish_transition,72,fresh_below_zero_cross,47.15,15.265,0.36,0.01025811,0.02038770,-0.12846127,0.20481452,4H MACD 刚金叉但仍需零轴确认；4H MACD 柱体连续扩张,4H EMA 转弱或跌破 EMA26
1496,CTRE,CARETRUST REIT,Real Estate,Early,Russell,1320,20.4,38.44,32.9,67.57,56.52,36.98,37.2,37.02,35.0,mixed_sideways,25.0,bearish_proxy,43.94,47.29,0.0,36,bearish_transition,50,mixed_or_bearish,39.23,40.810001,0.32,0.00591573,-0.03590836,-0.02368416,0.05221093,4H MACD 柱体连续扩张,4H EMA 转弱或跌破 EMA26；4H MACD 尚未确认多头；4H RSI 偏弱
1497,AVAH,AVEANNA HEALTHCARE HOLDINGS INC,Health Care,Early,Russell,1324,20.39,38.34,32.9,67.73,56.52,37.79,38.1,36.95,35.0,mixed_sideways,25.0,bearish_proxy,43.95,46.79,0.0,38,bearish_transition,42,mixed_or_bearish,42.52,9.27,0.19,-0.01904762,-0.04825462,-0.03387181,0.12911084,,4H EMA 转弱或跌破 EMA26；4H MACD 尚未确认多头
1498,TTAM,TITAN AMERICA SA,Materials,Early,Russell,1638,20.17,25.66,46.1,60.65,56.52,46.3,47.55,30.22,15.0,bearish_transition,25.0,bearish_proxy,42.18,45.44,0.0,39,bearish_transition,72,fresh_below_zero_cross,44.92,16.215,0.08,-0.00704225,0.01343750,-0.08389836,-0.09590182,4H MACD 刚金叉但仍需零轴确认；4H MACD 柱体连续扩张,4H EMA 转弱或跌破 EMA26
1499,ABG,ASBURY AUTOMOTIVE GROUP INC,Consumer Discretionary,Early,Russell,1093,20.16,39.78,32.9,62.8,56.52,37.79,38.1,40.97,35.0,mixed_sideways,25.0,bearish_proxy,55.89,49.68,0.0,38,bearish_transition,42,mixed_or_bearish,43.54,220.170105,0.15,-0.01317689,-0.11250361,0.05536435,0.10305661,,4H EMA 转弱或跌破 EMA26；4H MACD 尚未确认多头
1500,YELP,YELP,Communication,Early,Russell,1341,20.12,37.95,32.9,66.85,56.52,39.01,39.45,36.58,35.0,mixed_sideways,25.0,bearish_proxy,43.73,44.75,0.0,41,bearish_transition,42,mixed_or_bearish,44.97,25.782499,0.49,-0.02597280,-0.07721911,-0.02963873,0.13804890,,4H EMA 转弱或跌破 EMA26；4H MACD 尚未确认多头
1501,KRO,KRONOS WORLDWIDE,Materials,Early,Russell,1485,20.1,26.61,32.9,93.18,56.52,31.31,30.9,33.02,15.0,bearish_transition,25.0,bearish_proxy,50.66,47.13,0.0,22,confirmed_bearish_trend,42,mixed_or_bearish,42.8,6.07,0.13,-0.02489960,-0.01938611,0.01335559,-0.06615385,,4H EMA 空头排列；4H MACD 尚未确认多头
1502,HP,HELMERICH & PAYNE,Energy,Early,Russell,1105,20.03,31.77,37.3,68.96,56.52,28.75,28.05,40.53,15.0,bearish_transition,49.8,bullish_below_zero_proxy,54.62,47.92,0.0,25,confirmed_bearish_trend,28,fresh_bearish_cross,46.61,33.639999,0.13,-0.01924198,0.00507912,0.05686456,-0.05558675,,4H EMA 空头排列；4H MACD 最近死叉
1503,NPB,NORTHPOINTE BANCSHARES INC,Financials,Early,Russell,1619,19.99,25.79,43.7,65.57,56.52,35.63,35.7,30.61,15.0,bearish_transition,25.0,bearish_proxy,43.38,45.68,0.0,22,confirmed_bearish_trend,58,bullish_above_signal,44.58,17.370001,0.05,-0.01362862,0.00404636,-0.05081957,-0.04350215,4H MACD 位于 Signal 上方,4H EMA 空头排列
1504,ONEW,ONEWATER MARINE CLASS A INC,Consumer Discretionary,Early,Russell,1064,19.97,40.02,40.9,39.66,56.52,41.84,42.6,42.28,35.0,mixed_sideways,25.0,bearish_proxy,60.54,49.11,0.0,44,bearish_transition,42,mixed_or_bearish,49.52,12.63,0.17,-0.02433372,-0.00590319,0.16405530,0.14713896,4H RSI 位于健康强势区间,4H EMA 转弱或跌破 EMA26；4H MACD 尚未确认多头
1505,CWST,CASELLA WASTE SYSTEMS CLASS A,Industrials,Early,Russell,1711,19.96,25.1,51.7,45.61,56.52,36.84,37.05,28.57,15.0,bearish_transition,25.0,bearish_proxy,37.19,44.44,0.0,25,confirmed_bearish_trend,58,bullish_above_signal,45.45,89.839996,0.2,-0.01577567,-0.00619476,-0.09289181,0.04246920,4H MACD 位于 Signal 上方,4H EMA 空头排列
1506,CVEO,CIVEO CORP,Industrials,Early,Russell,1401,19.88,27.29,40.9,68.8,56.52,40.76,41.4,35.24,18.0,bearish_transition,25.0,bearish_proxy,54.66,47.93,0.0,36,bearish_transition,50,mixed_or_bearish,48.54,32.549999,0.22,0.05203613,0.00649348,0.02519682,-0.02544919,4H MACD 柱体连续扩张；4H RSI 位于健康强势区间,4H EMA 转弱或跌破 EMA26；4H MACD 尚未确认多头
1507,CLSK,CLEANSPARK,Information Technology,Early,Russell,1311,19.82,30.65,37.3,70.14,56.52,29.96,29.4,37.23,15.0,bearish_transition,49.8,bullish_below_zero_proxy,44.65,45.93,0.0,28,confirmed_bearish_trend,28,fresh_bearish_cross,46.67,13.666,0.09,-0.05978672,0.13883333,0.09634978,-0.20501678,,4H EMA 空头排列；4H MACD 最近死叉
1508,TWI,TITAN INTERNATIONAL INC,Industrials,Early,Russell,1474,19.78,26.66,32.9,90.92,56.52,33.47,33.3,33.16,15.0,bearish_transition,25.0,bearish_proxy,51.09,47.22,0.0,22,confirmed_bearish_trend,50,mixed_or_bearish,43.37,7.335,0.17,-0.00339674,-0.04242820,0.00204918,0.00963524,4H MACD 柱体连续扩张,4H EMA 空头排列；4H MACD 尚未确认多头
1509,KELYA,KELLY SERVICES INC CLASS A,Industrials,Early,Russell,1062,19.74,40.08,40.9,38.02,56.52,42.78,43.65,42.44,35.0,mixed_sideways,25.0,bearish_proxy,61.03,49.21,0.0,41,bearish_transition,50,mixed_or_bearish,50.36,15.06,0.19,0.00266312,-0.04683544,0.11472983,0.32570423,4H MACD 柱体连续扩张；4H RSI 位于健康强势区间,4H EMA 转弱或跌破 EMA26；4H MACD 尚未确认多头
1510,GENC,GENCOR INDUSTRIES INC,Industrials,Early,Russell,1645,19.74,25.59,46.1,57.98,56.52,36.31,36.45,30.02,15.0,bearish_transition,25.0,bearish_proxy,41.56,45.31,0.0,25,confirmed_bearish_trend,64,fresh_below_zero_cross,39.54,14.46,0.09,-0.02735644,0.00069204,-0.05055811,-0.02855223,4H MACD 刚金叉但仍需零轴确认,4H EMA 空头排列；4H RSI 偏弱
1511,DIOD,DIODES,Information Technology,Early,Russell,1470,19.73,29.28,51.7,34.38,56.52,42.52,43.35,33.21,15.0,bearish_transition,49.8,bullish_below_zero_proxy,32.46,43.49,0.0,39,bearish_transition,58,bullish_above_signal,47.94,85.43,0.31,-0.02588366,0.12393103,-0.06705253,-0.23804854,4H MACD 位于 Signal 上方,4H EMA 转弱或跌破 EMA26
1512,BBUC,BROOKFIELD BUSINESS CORP CLASS A,Industrials,Early,Russell,1584,19.73,25.45,32.9,93.38,56.52,31.31,30.9,31.15,15.0,bearish_transition,20.0,fresh_bearish_cross_proxy,48.78,46.76,0.0,22,confirmed_bearish_trend,42,mixed_or_bearish,44.81,30.34,0.26,-0.00784827,-0.04949875,0.00363877,-0.07612667,,4H EMA 空头排列；4H MACD 尚未确认多头
1513,DBD,DIEBOLD NIXDORF INC,Information Technology,Early,Russell,1590,19.66,25.94,40.9,70.5,56.52,39.14,39.6,31.04,15.0,bearish_transition,25.0,bearish_proxy,44.68,45.94,0.0,36,bearish_transition,50,mixed_or_bearish,45.15,78.709999,0.32,0.02167702,0.04723250,-0.05849281,-0.04813161,4H MACD 柱体连续扩张,4H EMA 转弱或跌破 EMA26；4H MACD 尚未确认多头
1514,RUN,SUNRUN INC,Industrials,Early,Russell,1473,19.64,29.26,51.7,33.76,56.52,45.35,46.5,33.16,15.0,bearish_transition,49.8,bullish_below_zero_proxy,32.29,43.46,0.0,42,bearish_transition,58,bullish_above_signal,48.66,10.53,0.26,-0.02228412,0.11251981,-0.13745085,-0.17766497,4H MACD 位于 Signal 上方；4H RSI 位于健康强势区间,4H EMA 转弱或跌破 EMA26
1515,RRR,RED ROCK RESORTS ORS CLASS A,Consumer Discretionary,Early,Russell,1312,19.6,38.3,29.3,72.14,56.52,31.85,31.5,37.22,35.0,mixed_sideways,25.0,bearish_proxy,45.2,46.04,0.0,38,bearish_transition,28,fresh_bearish_cross,39.85,62.91,0.47,-0.03939530,-0.04100607,-0.04912339,0.03131148,,4H EMA 转弱或跌破 EMA26；4H MACD 最近死叉；4H RSI 偏弱
1516,SM,SM ENERGY,Energy,Early,Russell,1157,19.56,38.56,32.9,61.67,56.52,37.79,38.1,39.53,35.0,mixed_sideways,20.0,fresh_bearish_cross_proxy,56.0,48.2,0.0,38,bearish_transition,42,mixed_or_bearish,42.71,29.98,0.27,-0.04915956,-0.05515285,0.07378223,0.09376140,,4H EMA 转弱或跌破 EMA26；4H MACD 尚未确认多头
1517,LFST,LIFESTANCE HEALTH GROUP,Health Care,Early,Russell,1342,19.55,38.19,32.9,62.49,56.52,39.14,39.6,36.49,35.0,mixed_sideways,25.0,bearish_proxy,42.54,46.51,0.0,36,bearish_transition,50,mixed_or_bearish,41.41,10.405,0.43,0.00579990,-0.04101382,-0.04497476,0.10280869,4H MACD 柱体连续扩张,4H EMA 转弱或跌破 EMA26；4H MACD 尚未确认多头
1518,RGCO,RGC RESOURCES INC,Utilities,Early,Russell,1650,19.48,25.71,46.1,55.93,56.52,37.97,38.3,29.98,15.0,bearish_transition,25.0,bearish_proxy,41.0,46.2,0.0,22,confirmed_bearish_trend,64,fresh_below_zero_cross,40.13,21.557699,0.58,0.00736911,-0.05115757,-0.09230741,-0.10082590,4H MACD 刚金叉但仍需零轴确认,4H EMA 空头排列
1519,SBSI,SOUTHSIDE BANCSHARES INC,Financials,Early,Russell,1633,19.42,25.69,43.7,61.98,56.52,44.68,45.75,30.31,15.0,bearish_transition,25.0,bearish_proxy,42.45,45.49,0.0,39,bearish_transition,66,bullish_above_signal,43.47,32.779999,0.09,-0.00334448,0.01360541,-0.05205329,-0.05150469,4H MACD 位于 Signal 上方；4H MACD 柱体连续扩张,4H EMA 转弱或跌破 EMA26
1520,ALTI,ALTI GLOBAL INC CLASS A,Financials,Early,Russell,963,19.39,58.72,60.1,17.86,1.23,67.26,70.85,47.81,75.0,confirmed_bullish_trend,59.55,bullish_above_signal_proxy,70.76,51.15,18.48,89,confirmed_bullish_trend,78,bullish_above_signal,76.65,4.6,2.34,0.21372032,0.28851541,0.14143921,0.47909968,4H EMA 多头排列已连续维持；4H MACD 位于 Signal 上方；4H MACD 柱体连续扩张,4H 相对 EMA26 超过 2 ATR，短线偏追高；4H RSI 过热
1521,VRTS,VIRTUS INVESTMENT PARTNERS INC,Financials,Early,Russell,1059,19.37,40.17,40.9,35.3,56.52,41.84,42.6,42.71,35.0,mixed_sideways,25.0,bearish_proxy,61.85,49.37,0.0,44,bearish_transition,42,mixed_or_bearish,48.53,162.75,0.33,-0.02588656,-0.03061528,0.04939070,0.14693451,4H RSI 位于健康强势区间,4H EMA 转弱或跌破 EMA26；4H MACD 尚未确认多头
1522,SEVN,SEVEN HILLS REALTY TRUST,Financials,Early,Russell,1657,19.36,25.51,46.1,55.57,56.52,46.3,47.55,29.79,15.0,bearish_transition,25.0,bearish_proxy,40.89,45.18,0.0,39,bearish_transition,72,fresh_below_zero_cross,43.49,7.72,0.03,0.00651890,0.00651890,-0.07875895,-0.08313539,4H MACD 刚金叉但仍需零轴确认；4H MACD 柱体连续扩张,4H EMA 转弱或跌破 EMA26
1523,VTOL,BRISTOW GROUP,Energy,Early,Russell,1249,19.32,38.15,22.3,89.33,56.52,33.78,33.65,38.14,38.0,mixed_sideways,21.35,fresh_bearish_cross_proxy,48.03,46.61,0.0,41,bearish_transition,28,fresh_bearish_cross,35.94,42.009998,0.69,-0.10730988,-0.06373972,-0.01696509,-0.01477488,,4H EMA 转弱或跌破 EMA26；4H MACD 最近死叉；4H RSI 偏弱
1524,SWX,SOUTHWEST GAS HOLDINGS,Utilities,Early,Russell,1505,19.21,26.97,32.9,86.4,56.52,39.14,39.6,32.56,15.0,bearish_transition,25.0,bearish_proxy,47.57,50.26,0.0,36,bearish_transition,50,mixed_or_bearish,40.98,89.714996,0.43,0.00611190,-0.02249949,-0.01509496,0.00758081,4H MACD 柱体连续扩张,4H EMA 转弱或跌破 EMA26；4H MACD 尚未确认多头
1525,LCID,LUCID GROUP,Consumer Discretionary,Early,Russell,1001,19.21,45.22,29.3,53.41,56.52,35.95,36.05,46.05,38.0,mixed_sideways,63.15,bullish_above_signal_proxy,40.35,45.07,0.0,41,bearish_transition,28,fresh_bearish_cross,43.2,6.475,0.67,-0.16559278,-0.18757842,0.08006672,0.25241779,,4H EMA 转弱或跌破 EMA26；4H MACD 最近死叉
1526,SNDX,SYNDAX PHARMACEUTICALS,Health Care,Early,Russell,1708,19.19,25.77,54.1,32.53,56.52,47.02,48.35,28.68,18.0,bearish_transition,26.35,bearish_proxy,31.84,47.62,0.0,39,bearish_transition,72,fresh_below_zero_cross,45.8,19.9,1.04,0.01790287,0.03591885,-0.14316469,0.01478832,4H MACD 刚金叉但仍需零轴确认；4H MACD 柱体连续扩张,4H EMA 转弱或跌破 EMA26
1527,EFC,ELLINGTON FINANCIAL,Financials,Early,Russell,1524,19.17,26.29,32.9,87.74,56.52,29.15,28.5,32.07,15.0,bearish_transition,25.0,bearish_proxy,47.78,46.56,0.0,22,confirmed_bearish_trend,42,mixed_or_bearish,39.25,13.215,0.11,-0.00974148,-0.01820208,-0.02111111,-0.02038547,,4H EMA 空头排列；4H MACD 尚未确认多头；4H RSI 偏弱
1528,BKD,BROOKDALE SENIOR LIVING INC,Health Care,Early,Russell,1350,19.08,38.13,32.9,59.47,56.52,39.14,39.6,36.33,35.0,mixed_sideways,25.0,bearish_proxy,42.06,46.41,0.0,36,bearish_transition,50,mixed_or_bearish,44.7,14.465,0.14,0.01651441,-0.02723605,-0.06254051,0.04553668,4H MACD 柱体连续扩张,4H EMA 转弱或跌破 EMA26；4H MACD 尚未确认多头
1529,SAH,SONIC AUTOMOTIVE INC CLASS A,Consumer Discretionary,Early,Russell,1282,19.07,38.67,25.9,76.86,56.52,36.98,37.2,37.7,35.0,mixed_sideways,25.0,bearish_proxy,46.0,47.7,0.0,36,bearish_transition,50,mixed_or_bearish,37.4,88.275002,0.12,0.01570588,-0.21915082,0.01151604,0.08485927,4H MACD 柱体连续扩张,4H EMA 转弱或跌破 EMA26；4H MACD 尚未确认多头；4H RSI 偏弱
1530,RVLV,REVOLVE GROUP CLASS A INC,Consumer Discretionary,Early,Russell,1027,19.0,40.84,40.9,31.3,56.52,39.73,40.25,44.5,38.0,mixed_sideways,26.35,bearish_proxy,63.52,49.7,0.0,41,bearish_transition,42,mixed_or_bearish,45.76,24.834999,0.82,-0.04883194,-0.03777606,0.10084220,0.17450929,,4H EMA 转弱或跌破 EMA26；4H MACD 尚未确认多头
1531,RAIL,FREIGHTCAR AMERICA INC,Industrials,Early,Russell,1250,19.0,30.95,29.3,85.27,56.52,30.68,30.2,38.13,15.0,bearish_transition,49.8,bullish_below_zero_proxy,47.35,46.47,0.0,28,confirmed_bearish_trend,28,fresh_bearish_cross,43.66,7.92,0.59,-0.07476636,-0.01061836,-0.01980198,-0.14516999,,4H EMA 空头排列；4H MACD 最近死叉
1532,RSVR,RESERVOIR MEDIA INC,Communication,Early,Russell,1302,18.96,38.2,25.9,77.17,56.52,36.98,37.2,37.34,35.0,mixed_sideways,25.0,bearish_proxy,46.02,45.2,0.0,36,bearish_transition,50,mixed_or_bearish,37.55,10.11,0.09,-0.00785083,-0.08340888,-0.00394089,-0.00785083,4H MACD 柱体连续扩张,4H EMA 转弱或跌破 EMA26；4H MACD 尚未确认多头；4H RSI 偏弱
1533,REFI,CHICAGO ATLANTIC REAL ESTATE FINAN,Financials,Early,Russell,1636,18.9,25.87,43.7,58.08,56.52,44.68,45.75,30.25,15.0,bearish_transition,25.0,bearish_proxy,41.58,46.82,0.0,39,bearish_transition,66,bullish_above_signal,41.54,9.97,0.32,-0.00077172,0.01115619,-0.06996269,-0.09032847,4H MACD 位于 Signal 上方；4H MACD 柱体连续扩张,4H EMA 转弱或跌破 EMA26
1534,SD,SANDRIDGE ENERGY INC,Energy,Early,Russell,1259,18.84,30.94,29.3,84.25,56.52,27.53,26.7,38.09,15.0,bearish_transition,49.8,bullish_below_zero_proxy,47.24,46.45,0.0,22,confirmed_bearish_trend,28,fresh_bearish_cross,42.3,13.36,0.15,-0.01402214,-0.01908957,-0.00890208,-0.04605498,,4H EMA 空头排列；4H MACD 最近死叉
1535,STNG,SCORPIO TANKERS,Energy,Early,Russell,1459,18.76,26.79,32.9,83.84,56.52,29.87,29.3,33.54,15.0,bearish_transition,25.0,bearish_proxy,52.24,47.45,0.0,22,confirmed_bearish_trend,42,mixed_or_bearish,38.93,74.860001,0.93,-0.01005028,-0.04709772,0.00631808,-0.08315984,,4H EMA 空头排列；4H MACD 尚未确认多头；4H RSI 偏弱
1536,BALY,BALLY S,Consumer Discretionary,Early,Russell,1047,18.75,40.37,40.9,30.73,56.52,40.76,41.4,43.29,35.0,mixed_sideways,25.0,bearish_proxy,63.6,49.72,0.0,36,bearish_transition,50,mixed_or_bearish,48.81,13.96,0.07,0.00407095,-0.04774898,0.13403737,-0.04383562,4H MACD 柱体连续扩张；4H RSI 位于健康强势区间,4H EMA 转弱或跌破 EMA26；4H MACD 尚未确认多头
1537,LPG,DORIAN LPG,Energy,Early,Russell,1074,18.75,39.32,40.9,33.15,56.52,37.79,38.1,41.76,35.0,mixed_sideways,20.0,fresh_bearish_cross_proxy,62.77,49.55,0.0,38,bearish_transition,42,mixed_or_bearish,46.73,43.630001,0.14,-0.00648981,-0.04550422,0.11585686,0.07436592,,4H EMA 转弱或跌破 EMA26；4H MACD 尚未确认多头
1538,SVRA,SAVARA,Health Care,Early,Russell,1749,18.58,24.87,51.7,36.94,56.52,46.3,47.55,27.52,15.0,bearish_transition,25.0,bearish_proxy,33.54,44.71,0.0,39,bearish_transition,66,bullish_above_signal,48.23,5.475,0.28,0.00182983,0.04087452,-0.11764706,-0.05112652,4H MACD 位于 Signal 上方；4H MACD 柱体连续扩张；4H RSI 位于健康强势区间,4H EMA 转弱或跌破 EMA26
1539,BKKT,BAKKT INC CLASS A,Financials,Early,Russell,1367,18.58,32.53,51.7,19.09,56.52,36.84,37.05,35.98,15.0,bearish_transition,71.8,fresh_below_zero_cross_proxy,24.18,41.84,0.0,25,confirmed_bearish_trend,58,bullish_above_signal,45.62,7.34,0.11,-0.03547963,0.06997085,-0.11245466,-0.17249154,4H MACD 位于 Signal 上方,4H EMA 空头排列
1540,OSG,OCTAVE SPECIALTY GROUP INC,Financials,Early,Russell,1751,18.57,24.71,51.7,37.25,56.52,44.68,45.75,27.44,15.0,bearish_transition,25.0,bearish_proxy,33.76,43.75,0.0,39,bearish_transition,66,bullish_above_signal,45.69,5.635,0.1,-0.00088652,-0.01486014,-0.11399371,-0.06550580,4H MACD 位于 Signal 上方；4H MACD 柱体连续扩张,4H EMA 转弱或跌破 EMA26
1541,BW,BABCOCK AND WILCOX ENTERPRISES INC,Industrials,Early,Russell,1520,18.55,28.92,51.7,27.3,56.52,42.52,43.35,32.18,15.0,bearish_transition,49.8,bullish_below_zero_proxy,29.35,42.87,0.0,39,bearish_transition,58,bullish_above_signal,47.16,9.71,0.14,-0.05636540,0.22369250,-0.09379375,-0.38911607,4H MACD 位于 Signal 上方,4H EMA 转弱或跌破 EMA26
1542,NBR,NABORS INDUSTRIES,Energy,Early,Russell,1138,18.54,31.55,29.3,80.86,56.52,27.53,26.7,39.88,15.0,bearish_transition,49.8,bullish_below_zero_proxy,52.68,47.54,0.0,22,confirmed_bearish_trend,28,fresh_bearish_cross,42.74,79.474998,0.33,-0.05336197,0.00195408,0.01760563,-0.08248678,,4H EMA 空头排列；4H MACD 最近死叉
1543,RYZ,RYERSON HOLDING,Materials,Early,Russell,1044,18.53,40.46,40.9,29.04,56.52,39.14,39.6,43.55,35.0,mixed_sideways,25.0,bearish_proxy,64.39,49.88,0.0,36,bearish_transition,50,mixed_or_bearish,45.45,27.695,0.28,0.03921201,-0.03652813,0.08437740,0.00544563,4H MACD 柱体连续扩张,4H EMA 转弱或跌破 EMA26；4H MACD 尚未确认多头
1544,SMID,SMITH MIDLAND CORP,Materials,Early,Russell,1536,18.52,26.21,32.9,83.53,56.52,39.14,39.6,31.85,15.0,bearish_transition,25.0,bearish_proxy,47.13,46.43,0.0,36,bearish_transition,50,mixed_or_bearish,44.3,28.129999,0.39,0.02739226,-0.03829063,-0.04254595,-0.07497537,4H MACD 柱体连续扩张,4H EMA 转弱或跌破 EMA26；4H MACD 尚未确认多头
1545,ASIX,ADVANSIX,Materials,Early,Russell,1627,18.49,25.75,40.9,63.11,56.52,39.14,39.6,30.48,15.0,bearish_transition,25.0,bearish_proxy,42.96,45.59,0.0,36,bearish_transition,50,mixed_or_bearish,45.45,20.215,0.18,0.00372398,0.00472162,-0.03692234,0.04524302,4H MACD 柱体连续扩张,4H EMA 转弱或跌破 EMA26；4H MACD 尚未确认多头
1546,NE,NOBLE CORPORATION PLC,Energy,Early,Russell,1110,18.46,31.75,32.9,70.24,56.52,31.31,30.9,40.48,15.0,bearish_transition,49.8,bullish_below_zero_proxy,54.49,47.9,0.0,22,confirmed_bearish_trend,42,mixed_or_bearish,44.67,40.185001,0.1,-0.01046540,-0.02035590,0.04757560,-0.04070179,,4H EMA 空头排列；4H MACD 尚未确认多头
1547,CBT,CABOT CORP,Materials,Early,Russell,1538,18.45,26.21,32.9,83.07,56.52,29.15,28.5,31.84,15.0,bearish_transition,25.0,bearish_proxy,47.09,46.42,0.0,22,confirmed_bearish_trend,42,mixed_or_bearish,39.73,83.68,0.42,0.03718394,-0.08536450,-0.04311032,-0.04321975,,4H EMA 空头排列；4H MACD 尚未确认多头；4H RSI 偏弱
1548,LRN,STRIDE INC,Consumer Discretionary,Early,Russell,1540,18.42,26.21,32.9,82.91,56.52,33.47,33.3,31.83,15.0,bearish_transition,25.0,bearish_proxy,47.07,46.41,0.0,22,confirmed_bearish_trend,50,mixed_or_bearish,44.48,82.419998,0.32,0.04315904,-0.15682866,-0.09537924,-0.00626964,4H MACD 柱体连续扩张,4H EMA 空头排列；4H MACD 尚未确认多头
1549,PRTA,PROTHENA PLC,Health Care,Early,Russell,1755,18.4,24.83,51.7,35.86,56.52,44.68,45.75,27.39,15.0,bearish_transition,25.0,bearish_proxy,33.16,44.63,0.0,39,bearish_transition,66,bullish_above_signal,47.99,8.485,0.11,0.00058962,-0.01049563,-0.12254395,-0.10871849,4H MACD 位于 Signal 上方；4H MACD 柱体连续扩张,4H EMA 转弱或跌破 EMA26
1550,SGRY,SURGERY PARTNERS,Health Care,Early,Russell,1417,18.4,37.53,37.3,44.64,56.52,33.2,33.0,34.55,35.0,mixed_sideways,25.0,bearish_proxy,36.68,45.34,0.0,36,bearish_transition,28,fresh_bearish_cross,45.78,15.46,0.12,-0.00578778,-0.05789153,-0.10011641,0.06400551,,4H EMA 转弱或跌破 EMA26；4H MACD 最近死叉
1551,OPLN,OPENLANE INC,Industrials,Early,Russell,1340,18.39,38.08,29.3,64.6,56.52,33.2,33.0,36.58,35.0,mixed_sideways,25.0,bearish_proxy,43.28,45.66,0.0,36,bearish_transition,28,fresh_bearish_cross,42.23,38.889999,0.17,-0.01817728,-0.03856618,-0.05515066,0.01065486,,4H EMA 转弱或跌破 EMA26；4H MACD 最近死叉
1552,MLYS,MINERALYS THERAPEUTICS,Health Care,Early,Russell,1784,18.35,24.52,54.1,29.86,56.52,47.91,49.35,26.49,15.0,bearish_transition,25.0,bearish_proxy,30.43,44.09,0.0,39,bearish_transition,72,fresh_below_zero_cross,49.82,26.59,0.11,0.01760433,0.00987467,-0.12590401,0.03867187,4H MACD 刚金叉但仍需零轴确认；4H MACD 柱体连续扩张；4H RSI 位于健康强势区间,4H EMA 转弱或跌破 EMA26
1553,QNST,QUINSTREET INC,Communication,Early,Russell,1384,18.28,37.62,32.9,55.31,56.52,39.14,39.6,35.63,35.0,mixed_sideways,25.0,bearish_proxy,40.85,44.17,0.0,36,bearish_transition,50,mixed_or_bearish,44.35,15.5,0.1,-0.00128866,-0.03846160,-0.04674047,0.17781155,4H MACD 柱体连续扩张,4H EMA 转弱或跌破 EMA26；4H MACD 尚未确认多头
1554,TH,TARGET HOSPITALITY,Consumer Discretionary,Early,Russell,1768,18.23,24.62,51.7,35.2,56.52,43.73,44.7,27.19,15.0,bearish_transition,25.0,bearish_proxy,33.0,43.6,0.0,42,bearish_transition,58,bullish_above_signal,47.95,15.765,0.25,-0.02564895,0.09898919,-0.12294854,-0.23097561,4H MACD 位于 Signal 上方,4H EMA 转弱或跌破 EMA26
1555,INNV,INNOVAGE HOLDING CORP,Health Care,Early,Russell,1378,18.16,37.96,32.9,53.77,56.52,39.14,39.6,35.81,35.0,mixed_sideways,25.0,bearish_proxy,40.48,46.1,0.0,36,bearish_transition,50,mixed_or_bearish,43.08,10.98,0.13,0.02187064,-0.04188482,-0.05791506,0.17937701,4H MACD 柱体连续扩张,4H EMA 转弱或跌破 EMA26；4H MACD 尚未确认多头
1556,TAYD,TAYLOR DEVICES INC,Industrials,Early,Russell,1695,18.13,25.24,46.1,48.02,56.52,40.62,41.25,29.01,15.0,bearish_transition,25.0,bearish_proxy,38.5,44.7,0.0,25,confirmed_bearish_trend,72,fresh_below_zero_cross,44.52,53.220001,0.1,-0.00986045,-0.02918641,-0.06302813,-0.09389631,4H MACD 刚金叉但仍需零轴确认；4H MACD 柱体连续扩张,4H EMA 空头排列
1557,CVI,CVR ENERGY INC,Energy,Early,Russell,1078,18.13,39.79,32.9,49.26,56.52,36.98,37.2,41.59,35.0,mixed_sideways,25.0,bearish_proxy,58.44,48.69,0.0,36,bearish_transition,42,mixed_or_bearish,41.0,31.809999,0.22,-0.03195380,-0.08249204,0.11107231,0.17207075,,4H EMA 转弱或跌破 EMA26；4H MACD 尚未确认多头
1558,UMH,UMH PROPERTIES INC,Real Estate,Early,Russell,1534,18.11,26.42,32.9,80.35,56.52,31.31,30.9,31.87,15.0,bearish_transition,25.0,bearish_proxy,46.51,47.8,0.0,22,confirmed_bearish_trend,42,mixed_or_bearish,40.84,15.095,0.27,-0.01178396,-0.04219543,-0.02044127,-0.00363036,,4H EMA 空头排列；4H MACD 尚未确认多头
1559,CURB,CURBLINE PROPERTIES,Real Estate,Early,Russell,1535,18.09,26.42,32.9,80.19,56.52,39.14,39.6,31.86,15.0,bearish_transition,25.0,bearish_proxy,46.47,47.79,0.0,36,bearish_transition,50,mixed_or_bearish,40.99,30.200001,0.17,-0.00755830,-0.01724696,-0.01403846,-0.02549206,4H MACD 柱体连续扩张,4H EMA 转弱或跌破 EMA26；4H MACD 尚未确认多头
1560,SR,SPIRE INC,Utilities,Early,Russell,1543,18.02,26.33,32.9,79.99,56.52,33.47,33.3,31.78,15.0,bearish_transition,25.0,bearish_proxy,46.46,47.29,0.0,22,confirmed_bearish_trend,50,mixed_or_bearish,42.81,79.879997,0.3,0.00225847,-0.01407060,-0.01467871,0.01933260,4H MACD 柱体连续扩张,4H EMA 空头排列；4H MACD 尚未确认多头
1561,BCML,BAYCOM CORP,Financials,Early,Russell,1705,17.88,25.14,46.1,46.59,56.52,37.25,37.5,28.71,15.0,bearish_transition,25.0,bearish_proxy,37.61,44.52,0.0,22,confirmed_bearish_trend,72,fresh_below_zero_cross,38.93,30.57,0.09,-0.00714521,-0.00585366,-0.08500449,-0.05443866,4H MACD 刚金叉但仍需零轴确认；4H MACD 柱体连续扩张,4H EMA 空头排列；4H RSI 偏弱
1562,DOLE,DOLE PLC,Consumer Staples,Early,Russell,1533,17.86,26.62,32.9,78.19,56.52,31.31,30.9,31.94,15.0,bearish_transition,25.0,bearish_proxy,46.14,48.98,0.0,22,confirmed_bearish_trend,42,mixed_or_bearish,42.62,13.895,0.13,-0.01032764,-0.03840830,-0.02078929,-0.02354181,,4H EMA 空头排列；4H MACD 尚未确认多头
1563,WERN,WERNER ENTERPRISES,Industrials,Early,Russell,1706,17.85,25.14,46.1,46.38,56.52,44.13,45.15,28.69,15.0,bearish_transition,25.0,bearish_proxy,37.54,44.51,0.0,39,bearish_transition,72,fresh_below_zero_cross,39.81,38.389999,0.05,0.00156528,0.04890713,-0.11353823,-0.06411509,4H MACD 刚金叉但仍需零轴确认；4H MACD 柱体连续扩张,4H EMA 转弱或跌破 EMA26；4H RSI 偏弱
1564,EGY,VAALCO ENERGY INC,Energy,Early,Russell,1552,17.84,26.12,32.9,79.22,56.52,31.31,30.9,31.58,15.0,bearish_transition,25.0,bearish_proxy,46.31,46.26,0.0,22,confirmed_bearish_trend,42,mixed_or_bearish,44.17,5.18,0.14,0.00484966,-0.01427212,-0.01050621,-0.02448211,,4H EMA 空头排列；4H MACD 尚未确认多头
1565,ORA,ORMAT TECH INC,Utilities,Early,Russell,1423,17.83,29.82,43.7,41.77,56.52,36.84,37.05,34.4,15.0,bearish_transition,49.8,bullish_below_zero_proxy,35.61,45.12,0.0,25,confirmed_bearish_trend,58,bullish_above_signal,42.5,98.375,0.26,-0.01229918,0.04277087,-0.10592565,-0.20221392,4H MACD 位于 Signal 上方,4H EMA 空头排列
1566,OKUR,ONKURE THERAPEUTICS INC CLASS A,Health Care,Early,Russell,1447,17.72,37.24,65.2,33.04,56.52,53.99,56.1,33.95,38.0,mixed_sideways,25.0,bearish_proxy,32.13,44.43,0.0,58,mixed_sideways,66,bullish_above_signal,52.44,4.16,0.36,-0.02117647,0.05050505,-0.04805492,-0.01070155,4H MACD 位于 Signal 上方；4H MACD 柱体连续扩张；4H RSI 位于健康强势区间,4H EMA 仍偏震荡
1567,LEG,LEGGETT & PLATT,Consumer Discretionary,Early,Russell,1715,17.67,25.07,46.1,45.36,56.52,46.3,47.55,28.5,15.0,bearish_transition,25.0,bearish_proxy,36.96,44.39,0.0,39,bearish_transition,72,fresh_below_zero_cross,44.77,10.295,0.23,-0.01530368,0.00243427,-0.08448199,-0.05637030,4H MACD 刚金叉但仍需零轴确认；4H MACD 柱体连续扩张,4H EMA 转弱或跌破 EMA26
1568,SEI,SOLARIS ENERGY INFRASTRUCTURE INC,Energy,Early,Russell,1425,17.65,31.98,51.7,14.16,56.52,45.35,46.5,34.39,15.0,bearish_transition,71.8,fresh_below_zero_cross_proxy,19.37,40.87,0.0,42,bearish_transition,58,bullish_above_signal,48.9,55.974998,0.18,-0.03987995,0.28915248,-0.14319614,-0.28145062,4H MACD 位于 Signal 上方；4H RSI 位于健康强势区间,4H EMA 转弱或跌破 EMA26
1569,ALMS,ALUMIS,Health Care,Early,Russell,1494,17.65,36.93,40.9,31.45,56.52,40.76,41.4,32.8,35.0,mixed_sideways,25.0,bearish_proxy,31.35,44.27,0.0,36,bearish_transition,50,mixed_or_bearish,48.38,27.200001,0.11,0.00871504,0.03069352,-0.07072084,0.11020412,4H MACD 柱体连续扩张；4H RSI 位于健康强势区间,4H EMA 转弱或跌破 EMA26；4H MACD 尚未确认多头
1570,INSG,INSEEGO,Information Technology,Early,Russell,1579,17.65,28.59,51.7,22.06,56.52,38.06,38.4,31.19,15.0,bearish_transition,49.8,bullish_below_zero_proxy,26.35,42.27,0.0,28,confirmed_bearish_trend,58,bullish_above_signal,47.79,7.26,0.49,-0.05070739,0.14150943,-0.11192661,-0.29101562,4H MACD 位于 Signal 上方,4H EMA 空头排列
1571,REPX,RILEY EXPLORATION PERMIAN INC,Energy,Early,Russell,1557,17.6,26.1,32.9,77.68,56.52,29.15,28.5,31.51,15.0,bearish_transition,25.0,bearish_proxy,46.09,46.22,0.0,22,confirmed_bearish_trend,42,mixed_or_bearish,38.74,33.09,0.1,-0.01693405,-0.01326972,0.00090741,-0.00361334,,4H EMA 空头排列；4H MACD 尚未确认多头；4H RSI 偏弱
1572,IVR,INVESCO MORTGAGE CAPITAL REIT INC,Financials,Early,Russell,1593,17.57,26.13,36.7,67.32,56.52,41.3,42.0,30.99,15.0,bearish_transition,25.0,bearish_proxy,43.84,47.27,0.0,36,bearish_transition,66,bullish_above_signal,36.75,7.42,0.07,0.00067431,0.00134953,-0.05236271,-0.04932735,4H MACD 位于 Signal 上方；4H MACD 柱体连续扩张,4H EMA 转弱或跌破 EMA26；4H RSI 偏弱
1573,BANC,BANC OF CALIFORNIA,Financials,Early,Russell,1559,17.54,26.09,32.9,77.32,56.52,34.69,34.65,31.49,15.0,bearish_transition,25.0,bearish_proxy,46.04,46.21,0.0,25,confirmed_bearish_trend,50,mixed_or_bearish,42.71,19.440001,0.1,-0.02040806,0.04628638,-0.05516403,-0.05216962,4H MACD 柱体连续扩张,4H EMA 空头排列；4H MACD 尚未确认多头
1574,CON,CONCENTRA GROUP HOLDINGS PARENT IN,Health Care,Early,Russell,1326,17.51,38.33,25.9,67.21,56.52,36.35,36.5,36.91,35.0,mixed_sideways,25.0,bearish_proxy,43.83,46.77,0.0,38,bearish_transition,42,mixed_or_bearish,35.87,30.620001,0.83,-0.02855327,-0.03101263,-0.03284899,0.06727082,,4H EMA 转弱或跌破 EMA26；4H MACD 尚未确认多头；4H RSI 偏弱
1575,MAZE,MAZE THERAPEUTICS,Health Care,Early,Russell,1810,17.48,24.23,54.1,24.73,56.52,47.91,49.35,25.63,15.0,bearish_transition,25.0,bearish_proxy,27.83,43.57,0.0,39,bearish_transition,72,fresh_below_zero_cross,49.0,27.84,0.12,0.00378579,0.02165138,-0.15457030,0.05414616,4H MACD 刚金叉但仍需零轴确认；4H MACD 柱体连续扩张；4H RSI 位于健康强势区间,4H EMA 转弱或跌破 EMA26
1576,LADR,LADDER CAPITAL CORP CLASS A,Financials,Early,Russell,1566,17.45,26.09,32.9,76.76,56.52,31.31,30.9,31.47,15.0,bearish_transition,25.0,bearish_proxy,45.98,46.2,0.0,22,confirmed_bearish_trend,42,mixed_or_bearish,40.48,9.4975,0.15,-0.01478216,-0.03284114,-0.03382503,-0.07341463,,4H EMA 空头排列；4H MACD 尚未确认多头
1577,LCNB,LCNB CORP,Financials,Early,Russell,1049,17.4,39.8,40.9,23.09,56.52,40.62,41.25,43.15,35.0,mixed_sideways,20.0,fresh_bearish_cross_proxy,66.96,50.39,0.0,41,bearish_transition,42,mixed_or_bearish,49.81,19.74,0.08,-0.00978174,-0.02710700,0.10712283,0.13448276,4H RSI 位于健康强势区间,4H EMA 转弱或跌破 EMA26；4H MACD 尚未确认多头
1578,BHVN,BIOHAVEN,Health Care,Early,Russell,1642,17.38,35.99,46.1,17.96,56.52,39.41,39.9,30.06,35.0,mixed_sideways,25.0,bearish_proxy,23.07,42.61,0.0,22,confirmed_bearish_trend,72,fresh_below_zero_cross,41.97,13.59,0.14,0.00667412,0.01040892,-0.12548263,-0.07958009,4H MACD 刚金叉但仍需零轴确认；4H MACD 柱体连续扩张,4H EMA 空头排列
1579,VVX,V2X,Industrials,Early,Russell,1101,17.37,38.92,32.9,46.23,56.52,34.82,34.8,40.58,35.0,mixed_sideways,20.0,fresh_bearish_cross_proxy,59.17,48.83,0.0,36,bearish_transition,42,mixed_or_bearish,39.41,78.769997,0.11,0.00139833,-0.08831024,0.04344945,-0.05438182,,4H EMA 转弱或跌破 EMA26；4H MACD 尚未确认多头；4H RSI 偏弱
1580,PFSI,PENNYMAC FINANCIAL SERVICES,Financials,Early,Russell,1510,17.37,26.41,25.9,94.1,56.52,31.31,30.9,32.44,15.0,bearish_transition,25.0,bearish_proxy,48.89,46.78,0.0,22,confirmed_bearish_trend,50,mixed_or_bearish,36.17,75.550003,0.27,-0.03044689,-0.12018167,-0.06854886,-0.05797998,4H MACD 柱体连续扩张,4H EMA 空头排列；4H MACD 尚未确认多头；4H RSI 偏弱
1581,KLIC,KULICKE AND SOFFA INDUSTRIES INC,Information Technology,Early,Russell,1788,17.36,24.34,51.7,30.07,56.52,44.68,45.75,26.36,15.0,bearish_transition,25.0,bearish_proxy,30.49,43.1,0.0,39,bearish_transition,66,bullish_above_signal,47.91,94.855202,0.22,0.00749018,0.14559419,-0.10344802,-0.25281446,4H MACD 位于 Signal 上方；4H MACD 柱体连续扩张,4H EMA 转弱或跌破 EMA26
1582,NWN,NORTHWEST NATURAL HOLDING COMPANY,Utilities,Early,Russell,1554,17.34,26.25,32.9,75.63,56.52,31.31,30.9,31.57,15.0,bearish_transition,25.0,bearish_proxy,45.81,47.16,0.0,22,confirmed_bearish_trend,50,mixed_or_bearish,38.14,48.970001,0.18,0.00585396,-0.04299388,-0.01686408,-0.01844053,4H MACD 柱体连续扩张,4H EMA 空头排列；4H MACD 尚未确认多头；4H RSI 偏弱
1583,BRT,BRT APARTMENTS CORP,Real Estate,Early,Russell,1501,17.33,26.68,25.9,93.23,56.52,29.15,28.5,32.61,15.0,bearish_transition,25.0,bearish_proxy,48.75,48.25,0.0,22,confirmed_bearish_trend,42,mixed_or_bearish,34.6,14.28,0.16,-0.04257459,-0.05649158,-0.03773585,-0.04289544,,4H EMA 空头排列；4H MACD 尚未确认多头；4H RSI 偏弱
1584,PRSU,PURSUIT ATTRACTIONS AND HOSPITALIT,Consumer Discretionary,Early,Russell,1403,17.31,37.6,32.9,48.95,56.52,36.98,37.2,35.18,35.0,mixed_sideways,25.0,bearish_proxy,39.02,44.8,0.0,36,bearish_transition,42,mixed_or_bearish,42.85,50.91,0.3,-0.02536615,-0.03451546,-0.06724078,-0.02359031,,4H EMA 转弱或跌破 EMA26；4H MACD 尚未确认多头
1585,ALCO,ALICO INC,Consumer Staples,Early,Russell,1683,17.28,25.72,43.7,47.61,56.52,44.68,45.75,29.3,15.0,bearish_transition,25.0,bearish_proxy,38.14,47.38,0.0,39,bearish_transition,66,bullish_above_signal,40.15,38.23,0.16,0.00183438,0.01003968,-0.09041159,-0.06482390,4H MACD 位于 Signal 上方；4H MACD 柱体连续扩张,4H EMA 转弱或跌破 EMA26
1586,VALU,VALUE LINE INC,Financials,Early,Russell,1595,17.28,25.97,40.9,54.49,56.52,39.14,39.6,30.97,18.0,bearish_transition,26.35,bearish_proxy,40.7,45.14,0.0,36,bearish_transition,50,mixed_or_bearish,45.35,35.884998,0.0,-0.01034198,-0.04940403,0.02645878,0.10110457,4H MACD 柱体连续扩张,4H EMA 转弱或跌破 EMA26；4H MACD 尚未确认多头
1587,LIVN,LIVANOVA PLC,Health Care,Early,Russell,1357,17.28,37.62,29.3,58.29,56.52,32.57,32.3,36.18,38.0,mixed_sideways,21.35,fresh_bearish_cross_proxy,41.65,46.33,0.0,38,bearish_transition,28,fresh_bearish_cross,39.06,76.629997,0.58,-0.08200061,-0.05894637,-0.08315392,-0.02555954,,4H EMA 转弱或跌破 EMA26；4H MACD 最近死叉；4H RSI 偏弱
1588,BNL,BROADSTONE NET LEASE,Real Estate,Early,Russell,1467,17.27,26.92,25.9,92.25,56.52,36.98,37.2,33.31,15.0,bearish_transition,25.0,bearish_proxy,50.87,48.67,0.0,36,bearish_transition,50,mixed_or_bearish,37.25,21.264999,0.46,0.00567505,-0.04082097,-0.00630846,0.00973409,4H MACD 柱体连续扩张,4H EMA 转弱或跌破 EMA26；4H MACD 尚未确认多头；4H RSI 偏弱
1589,RMAX,RE MAX HOLDINGS INC CLASS A,Real Estate,Early,Russell,1786,17.24,24.56,51.7,28.73,56.52,44.68,45.75,26.39,15.0,bearish_transition,25.0,bearish_proxy,29.9,44.48,0.0,39,bearish_transition,66,bullish_above_signal,46.98,9.58,0.17,0.00419287,0.03232759,-0.17056277,-0.02044990,4H MACD 位于 Signal 上方；4H MACD 柱体连续扩张,4H EMA 转弱或跌破 EMA26
1590,EVER,EVERQUOTE CLASS A,Communication,Early,Russell,1409,17.16,37.39,32.9,48.44,56.52,36.98,37.2,34.94,35.0,mixed_sideways,25.0,bearish_proxy,38.76,43.75,0.0,36,bearish_transition,50,mixed_or_bearish,38.1,23.67,0.15,0.00594981,-0.11974709,-0.06442684,0.14182344,4H MACD 柱体连续扩张,4H EMA 转弱或跌破 EMA26；4H MACD 尚未确认多头；4H RSI 偏弱
1591,MARA,MARA HOLDINGS INC,Information Technology,Early,Russell,1618,17.16,28.39,51.7,19.29,56.52,36.84,37.05,30.62,15.0,bearish_transition,49.8,bullish_below_zero_proxy,24.6,41.92,0.0,25,confirmed_bearish_trend,58,bullish_above_signal,45.39,11.325,0.13,-0.04228330,0.12463877,-0.06094527,-0.22985379,4H MACD 位于 Signal 上方,4H EMA 空头排列
1592,XERS,XERIS BIOPHARMA HOLDINGS,Health Care,Early,Russell,1408,17.07,37.66,32.9,47.2,56.52,39.95,40.5,34.95,35.0,mixed_sideways,25.0,bearish_proxy,37.87,45.57,0.0,38,bearish_transition,50,mixed_or_bearish,44.22,8.15,0.43,-0.00427611,-0.02628435,-0.08938547,0.13037448,4H MACD 柱体连续扩张,4H EMA 转弱或跌破 EMA26；4H MACD 尚未确认多头
1593,ARRY,ARRAY TECHNOLOGIES INC,Industrials,Early,Russell,1632,17.02,28.29,51.7,18.57,56.52,45.35,46.5,30.31,15.0,bearish_transition,49.8,bullish_below_zero_proxy,23.67,41.73,0.0,42,bearish_transition,58,bullish_above_signal,48.41,5.595,0.34,-0.05887300,0.16320166,-0.15547170,-0.29266751,4H MACD 位于 Signal 上方；4H RSI 位于健康强势区间,4H EMA 转弱或跌破 EMA26
1594,SPNT,SIRIUSPOINT LTD,Financials,Early,Russell,1574,17.01,26.03,32.9,73.94,56.52,36.98,37.2,31.32,15.0,bearish_transition,25.0,bearish_proxy,45.51,46.1,0.0,36,bearish_transition,50,mixed_or_bearish,39.28,23.58,0.12,-0.02035729,-0.08957529,-0.03676471,-0.00232706,4H MACD 柱体连续扩张,4H EMA 转弱或跌破 EMA26；4H MACD 尚未确认多头；4H RSI 偏弱
1595,OABI,OMNIAB INC,Health Care,Early,Russell,1178,17.0,33.74,65.2,36.38,56.52,51.97,53.85,39.15,15.0,bearish_transition,71.8,fresh_below_zero_cross_proxy,33.34,44.67,0.0,53,mixed_sideways,66,bullish_above_signal,54.73,2.085,0.26,0.02962963,0.06649616,-0.10129310,-0.10515021,4H MACD 位于 Signal 上方；4H MACD 柱体连续扩张；4H RSI 位于健康强势区间,4H EMA 仍偏震荡
1596,ACDC,PROFRAC HOLDING CLASS A,Energy,Early,Russell,1376,16.98,30.23,65.2,44.43,56.52,53.18,55.2,35.82,18.0,bearish_transition,51.15,bullish_below_zero_proxy,36.63,44.33,0.0,56,mixed_sideways,66,bullish_above_signal,55.55,4.465,0.46,0.06563246,0.24027778,-0.05000000,-0.25645296,4H MACD 位于 Signal 上方；4H MACD 柱体连续扩张；4H RSI 位于健康强势区间,4H EMA 仍偏震荡
1597,ZENA,ZENATECH INC,Information Technology,Early,Russell,1688,16.91,25.31,67.6,49.05,56.52,53.59,55.65,29.19,15.0,bearish_transition,25.0,bearish_proxy,39.06,44.81,0.0,53,mixed_sideways,72,fresh_below_zero_cross,50.78,1.365,0.09,0.03018868,0.10831439,-0.00364964,-0.07142857,4H MACD 刚金叉但仍需零轴确认；4H MACD 柱体连续扩张；4H RSI 位于健康强势区间,4H EMA 仍偏震荡
1598,LBRT,LIBERTY ENERGY CLASS A,Energy,Early,Russell,1486,16.9,31.51,51.7,10.26,56.52,42.52,43.35,33.01,15.0,bearish_transition,71.8,fresh_below_zero_cross_proxy,15.18,40.04,0.0,39,bearish_transition,58,bullish_above_signal,45.59,19.530001,0.12,-0.02203295,0.14411254,-0.17490490,-0.27760307,4H MACD 位于 Signal 上方,4H EMA 转弱或跌破 EMA26
1599,ORC,ORCHID ISLAND CAPITAL INC,Financials,Early,Russell,1576,16.89,26.02,32.9,73.11,56.52,31.31,30.9,31.28,15.0,bearish_transition,25.0,bearish_proxy,45.38,46.08,0.0,22,confirmed_bearish_trend,50,mixed_or_bearish,39.16,6.445,0.06,0.00077640,-0.01753049,-0.04870849,-0.04800591,4H MACD 柱体连续扩张,4H EMA 空头排列；4H MACD 尚未确认多头；4H RSI 偏弱
1600,PMT,PENNYMAC MORTGAGE INVESTMENT TRUST,Financials,Early,Russell,1709,16.84,25.13,43.7,46.07,56.52,35.63,35.7,28.66,15.0,bearish_transition,25.0,bearish_proxy,37.46,44.49,0.0,22,confirmed_bearish_trend,58,bullish_above_signal,40.72,9.425,0.16,-0.00632578,-0.02734778,-0.11084906,-0.06312127,4H MACD 位于 Signal 上方,4H EMA 空头排列
1601,OCUL,OCULAR THERAPEUTIX,Health Care,Early,Russell,1801,16.82,24.34,51.7,26.48,56.52,44.68,45.75,25.95,15.0,bearish_transition,25.0,bearish_proxy,28.78,43.76,0.0,39,bearish_transition,66,bullish_above_signal,46.82,8.58,0.15,0.00058309,0.02692998,-0.16981132,-0.15133531,4H MACD 位于 Signal 上方；4H MACD 柱体连续扩张,4H EMA 转弱或跌破 EMA26
1602,BTDR,BITDEER TECHNOLOGIES GROUP CLASS A,Information Technology,Early,Russell,1658,16.77,28.1,51.7,17.34,56.52,45.35,46.5,29.76,15.0,bearish_transition,49.8,bullish_below_zero_proxy,22.0,41.4,0.0,42,bearish_transition,58,bullish_above_signal,48.24,11.265,0.09,-0.04816223,0.26289238,-0.12504854,-0.34581878,4H MACD 位于 Signal 上方；4H RSI 位于健康强势区间,4H EMA 转弱或跌破 EMA26
1603,HROW,HARROW,Health Care,Early,Russell,1805,16.75,24.3,51.7,26.06,56.52,44.68,45.75,25.85,15.0,bearish_transition,25.0,bearish_proxy,28.5,43.7,0.0,39,bearish_transition,66,bullish_above_signal,47.79,39.84,0.11,0.00682335,0.02972347,-0.13635380,-0.06894136,4H MACD 位于 Signal 上方；4H MACD 柱体连续扩张,4H EMA 转弱或跌破 EMA26
1604,RC,READY CAPITAL CORP,Financials,Early,Russell,1421,16.72,29.71,65.2,43.92,56.52,51.02,52.8,34.48,15.0,bearish_transition,49.8,bullish_below_zero_proxy,36.32,44.26,0.0,56,mixed_sideways,58,bullish_above_signal,50.13,1.525,0.2,-0.03785489,0.05172414,-0.09226190,-0.09495549,4H MACD 位于 Signal 上方；4H RSI 位于健康强势区间,4H EMA 仍偏震荡
1605,FNKO,FUNKO CLASS A,Consumer Discretionary,Early,Russell,1063,16.72,40.03,32.9,39.3,56.52,39.14,39.6,42.31,35.0,mixed_sideways,25.0,bearish_proxy,60.63,49.13,0.0,36,bearish_transition,50,mixed_or_bearish,44.85,5.745,0.26,0.00612960,-0.07338710,0.06192237,0.06784387,4H MACD 柱体连续扩张,4H EMA 转弱或跌破 EMA26；4H MACD 尚未确认多头
1606,PRVA,PRIVIA HEALTH GROUP INC,Health Care,Early,Russell,1734,16.7,25.04,46.1,38.99,56.52,45.08,46.2,28.0,15.0,bearish_transition,25.0,bearish_proxy,34.99,45.0,0.0,36,bearish_transition,72,fresh_below_zero_cross,41.01,24.190001,0.31,0.02240072,0.00248661,-0.11164154,0.01917000,4H MACD 刚金叉但仍需零轴确认；4H MACD 柱体连续扩张,4H EMA 转弱或跌破 EMA26
1607,TECX,TECTONIC THERAPEUTIC INC,Health Care,Early,Russell,1833,16.65,23.93,54.1,19.91,56.52,46.3,47.55,24.76,15.0,bearish_transition,25.0,bearish_proxy,25.18,43.04,0.0,39,bearish_transition,72,fresh_below_zero_cross,46.36,29.540001,0.17,0.01407491,0.04087393,-0.19134953,-0.03715772,4H MACD 刚金叉但仍需零轴确认；4H MACD 柱体连续扩张,4H EMA 转弱或跌破 EMA26
1608,CECO,CECO ENVIRONMENTAL,Industrials,Early,Russell,1807,16.64,24.1,51.7,25.86,56.52,44.68,45.75,25.64,15.0,bearish_transition,25.0,bearish_proxy,28.31,42.66,0.0,39,bearish_transition,66,bullish_above_signal,45.45,70.084999,0.12,-0.01212208,0.17101088,-0.11127317,-0.27515775,4H MACD 位于 Signal 上方；4H MACD 柱体连续扩张,4H EMA 转弱或跌破 EMA26
1609,KYTX,KYVERNA THERAPEUTICS,Health Care,Early,Russell,1672,16.58,28.14,51.7,16.01,56.52,45.35,46.5,29.48,15.0,bearish_transition,49.8,bullish_below_zero_proxy,20.69,42.14,0.0,42,bearish_transition,58,bullish_above_signal,49.48,7.58,0.15,-0.02193548,0.07289455,-0.21613237,-0.10083037,4H MACD 位于 Signal 上方；4H RSI 位于健康强势区间,4H EMA 转弱或跌破 EMA26
1610,ABOS,ACUMEN PHARMACEUTICALS INC,Health Care,Early,Russell,1185,16.47,34.14,65.2,31.91,56.52,51.97,53.85,39.02,15.0,bearish_transition,71.8,fresh_below_zero_cross_proxy,31.47,47.54,0.0,53,mixed_sideways,66,bullish_above_signal,51.79,2.255,0.21,0.02500000,0.07380952,-0.12085770,-0.06625259,4H MACD 位于 Signal 上方；4H MACD 柱体连续扩张；4H RSI 位于健康强势区间,4H EMA 仍偏震荡
1611,QTRX,QUANTERIX,Health Care,Early,Russell,1537,16.44,36.6,65.2,25.96,56.52,53.18,55.2,31.84,35.0,mixed_sideways,25.0,bearish_proxy,28.46,43.69,0.0,56,mixed_sideways,66,bullish_above_signal,50.97,3.71,0.21,0.00952381,0.09601182,-0.07481297,0.15217391,4H MACD 位于 Signal 上方；4H MACD 柱体连续扩张；4H RSI 位于健康强势区间,4H EMA 仍偏震荡
1612,WBTN,WEBTOON ENTERTAINMENT INC,Communication,Early,Russell,1318,16.4,32.77,43.7,25.35,56.52,36.84,37.05,37.09,15.0,bearish_transition,71.8,fresh_below_zero_cross_proxy,28.01,41.6,0.0,25,confirmed_bearish_trend,58,bullish_above_signal,42.56,9.34,0.19,-0.02301255,0.03662597,-0.18285214,-0.15206537,4H MACD 位于 Signal 上方,4H EMA 空头排列
1613,CLMT,CALUMET,Energy,Early,Russell,1061,16.31,40.13,32.9,36.33,56.52,37.79,38.1,42.6,35.0,mixed_sideways,25.0,bearish_proxy,61.51,49.3,0.0,38,bearish_transition,42,mixed_or_bearish,42.82,40.639999,0.27,-0.02821619,-0.04173546,0.09306076,0.23826932,,4H EMA 转弱或跌破 EMA26；4H MACD 尚未确认多头
1614,RLMD,RELMADA THERAPEUTICS INC,Health Care,Early,Russell,1694,16.22,27.98,51.7,13.96,56.52,44.13,45.15,29.01,15.0,bearish_transition,49.8,bullish_below_zero_proxy,19.27,41.85,0.0,39,bearish_transition,58,bullish_above_signal,48.25,5.355,0.18,-0.01562500,0.04081633,-0.16458658,-0.20725389,4H MACD 位于 Signal 上方；4H RSI 位于健康强势区间,4H EMA 转弱或跌破 EMA26
1615,GOLF,ACUSHNET HOLDINGS CORP,Consumer Discretionary,Early,Russell,1729,16.15,24.93,43.7,41.97,56.52,44.68,45.75,28.09,15.0,bearish_transition,25.0,bearish_proxy,35.73,44.15,0.0,39,bearish_transition,66,bullish_above_signal,40.96,102.68,0.34,-0.00777891,0.00141411,-0.10346633,-0.04917120,4H MACD 位于 Signal 上方；4H MACD 柱体连续扩张,4H EMA 转弱或跌破 EMA26
1616,IRMD,IRADIMED,Health Care,Early,Russell,1594,16.11,26.05,32.9,67.88,56.52,31.31,30.9,30.97,15.0,bearish_transition,25.0,bearish_proxy,43.99,46.8,0.0,22,confirmed_bearish_trend,42,mixed_or_bearish,44.75,92.580002,0.23,-0.01829169,-0.01751036,-0.07632446,0.00325101,,4H EMA 空头排列；4H MACD 尚未确认多头
1617,NWE,NORTHWESTERN ENERGY GROUP,Utilities,Early,Russell,1596,16.04,26.04,32.9,67.42,56.52,31.31,30.9,30.94,15.0,bearish_transition,25.0,bearish_proxy,43.91,46.78,0.0,22,confirmed_bearish_trend,50,mixed_or_bearish,38.42,69.0,0.17,-0.00375400,-0.02280132,-0.02445925,-0.02775822,4H MACD 柱体连续扩张,4H EMA 空头排列；4H MACD 尚未确认多头；4H RSI 偏弱
1618,LDI,LOANDEPOT INC CLASS A,Financials,Early,Russell,1445,16.0,29.57,65.2,39.46,56.52,51.02,52.8,34.07,15.0,bearish_transition,49.8,bullish_below_zero_proxy,35.07,44.01,0.0,56,mixed_sideways,58,bullish_above_signal,50.36,1.0496,0.09,-0.02814815,0.03920792,-0.09125541,-0.08331878,4H MACD 位于 Signal 上方；4H RSI 位于健康强势区间,4H EMA 仍偏震荡
1619,ASPN,ASPEN AEROGELS,Materials,Early,Russell,1446,15.87,29.53,65.2,38.69,56.52,51.02,52.8,33.96,15.0,bearish_transition,49.8,bullish_below_zero_proxy,34.72,43.94,0.0,56,mixed_sideways,58,bullish_above_signal,52.24,4.925,0.13,-0.02184707,0.20268620,-0.04368932,-0.16454623,4H MACD 位于 Signal 上方；4H RSI 位于健康强势区间,4H EMA 仍偏震荡
1620,VNDA,VANDA PHARMACEUTICALS INC,Health Care,Early,Russell,1323,15.84,33.44,43.7,20.01,56.52,36.84,37.05,36.96,15.0,bearish_transition,71.8,fresh_below_zero_cross_proxy,25.22,46.29,0.0,25,confirmed_bearish_trend,58,bullish_above_signal,40.97,5.135,0.37,-0.03295669,0.01683168,-0.19640063,-0.13624895,4H MACD 位于 Signal 上方,4H EMA 空头排列
1621,WYFI,WHITEFIBER INC,Information Technology,Early,Russell,1666,15.75,30.37,51.7,5.23,56.52,45.35,46.5,29.65,15.0,bearish_transition,71.8,fresh_below_zero_cross_proxy,5.0,38.0,0.0,42,bearish_transition,58,bullish_above_signal,49.38,26.209999,0.06,-0.02456278,0.27480546,-0.21432859,-0.41443253,4H MACD 位于 Signal 上方；4H RSI 位于健康强势区间,4H EMA 转弱或跌破 EMA26
1622,PZZA,PAPA JOHNS INTERNATIONAL INC,Consumer Discretionary,Early,Russell,1743,15.75,24.86,43.7,39.46,56.52,34.19,34.1,27.87,15.0,bearish_transition,25.0,bearish_proxy,35.07,44.01,0.0,22,confirmed_bearish_trend,58,bullish_above_signal,39.9,30.0,0.7,-0.02629013,-0.01896664,-0.13916781,-0.15038235,4H MACD 位于 Signal 上方,4H EMA 空头排列；4H RSI 偏弱
1623,PBF,PBF ENERGY CLASS A,Energy,Early,Russell,974,15.72,41.31,40.9,8.31,56.52,39.01,39.45,47.58,35.0,mixed_sideways,20.0,fresh_bearish_cross_proxy,80.41,53.08,0.0,41,bearish_transition,42,mixed_or_bearish,46.42,62.5975,0.17,-0.05184031,-0.01203442,0.29146892,0.53783311,,4H EMA 转弱或跌破 EMA26；4H MACD 尚未确认多头
1624,HGV,HILTON GRAND VACATIONS,Consumer Discretionary,Early,Russell,1615,15.71,25.81,32.9,65.78,56.52,39.14,39.6,30.66,15.0,bearish_transition,25.0,bearish_proxy,43.5,45.7,0.0,36,bearish_transition,50,mixed_or_bearish,44.45,47.209999,0.27,0.01921414,-0.08258842,-0.07846967,-0.09801301,4H MACD 柱体连续扩张,4H EMA 转弱或跌破 EMA26；4H MACD 尚未确认多头
1625,ATEN,A10 NETWORKS INC,Information Technology,Early,Russell,1764,15.7,25.12,46.1,32.12,56.52,38.47,38.85,27.25,15.0,bearish_transition,25.0,bearish_proxy,31.58,46.82,0.0,25,confirmed_bearish_trend,72,fresh_below_zero_cross,38.12,30.504999,0.14,-0.02415230,0.05920139,-0.16447547,-0.09935046,4H MACD 刚金叉但仍需零轴确认；4H MACD 柱体连续扩张,4H EMA 空头排列；4H RSI 偏弱
1626,FSBC,FIVE STAR BANCORP,Financials,Early,Russell,1616,15.69,25.8,32.9,65.67,56.52,36.98,37.2,30.64,15.0,bearish_transition,25.0,bearish_proxy,43.46,45.69,0.0,36,bearish_transition,42,mixed_or_bearish,41.26,46.759998,0.08,-0.01099833,-0.01287737,-0.04493466,-0.00085472,,4H EMA 转弱或跌破 EMA26；4H MACD 尚未确认多头
1627,OLP,ONE LIBERTY PROPERTIES REIT INC,Real Estate,Early,Russell,1527,15.66,26.48,25.9,82.56,56.52,29.15,28.5,32.04,15.0,bearish_transition,25.0,bearish_proxy,47.02,47.9,0.0,22,confirmed_bearish_trend,42,mixed_or_bearish,34.41,23.92,0.21,-0.02087597,-0.03858517,-0.04510974,-0.03079417,,4H EMA 空头排列；4H MACD 尚未确认多头；4H RSI 偏弱
1628,TRN,TRINITY INDUSTRIES INC,Industrials,Early,Russell,1539,15.65,26.21,25.9,83.07,56.52,31.31,30.9,31.84,15.0,bearish_transition,25.0,bearish_proxy,47.09,46.42,0.0,22,confirmed_bearish_trend,50,mixed_or_bearish,35.09,32.299999,0.15,0.01558275,-0.11989106,-0.04804011,-0.07964103,4H MACD 柱体连续扩张,4H EMA 空头排列；4H MACD 尚未确认多头；4H RSI 偏弱
1629,PINE,ALPINE INCOME PROPERTY TRUST INC,Real Estate,Early,Russell,1532,15.51,26.45,25.9,81.58,56.52,29.15,28.5,31.95,15.0,bearish_transition,25.0,bearish_proxy,46.74,47.85,0.0,22,confirmed_bearish_trend,42,mixed_or_bearish,36.96,19.795,0.1,-0.02004955,-0.02679449,-0.01321032,0.01538851,,4H EMA 空头排列；4H MACD 尚未确认多头；4H RSI 偏弱
1630,LUMN,LUMEN TECHNOLOGIES,Communication,Early,Russell,1288,15.43,30.7,29.3,62.08,56.52,26.09,25.1,37.6,18.0,bearish_transition,51.15,bullish_below_zero_proxy,42.46,44.49,0.0,22,confirmed_bearish_trend,28,fresh_bearish_cross,38.33,6.0151,0.66,-0.11347089,-0.03604167,-0.06670287,-0.23129712,,4H EMA 空头排列；4H MACD 最近死叉；4H RSI 偏弱
1631,NTST,NETSTREIT,Real Estate,Early,Russell,1372,15.41,38.05,25.9,53.87,56.52,36.98,37.2,35.89,35.0,mixed_sideways,25.0,bearish_proxy,40.5,46.6,0.0,36,bearish_transition,50,mixed_or_bearish,36.83,21.035,0.09,-0.00355287,-0.04059289,-0.04255799,0.05676960,4H MACD 柱体连续扩张,4H EMA 转弱或跌破 EMA26；4H MACD 尚未确认多头；4H RSI 偏弱
1632,NVAX,NOVAVAX,Health Care,Early,Russell,1381,15.25,32.59,43.7,18.06,56.52,42.52,43.35,35.77,15.0,bearish_transition,71.8,fresh_below_zero_cross_proxy,23.1,42.62,0.0,39,bearish_transition,58,bullish_above_signal,42.65,7.56,0.22,-0.00982318,0.03067485,-0.20084567,-0.15859766,4H MACD 位于 Signal 上方,4H EMA 转弱或跌破 EMA26
1633,DEI,DOUGLAS EMMETT REIT,Real Estate,Early,Russell,1626,15.16,25.96,32.9,61.72,56.52,32.03,31.7,30.51,15.0,bearish_transition,25.0,bearish_proxy,42.39,46.98,0.0,22,confirmed_bearish_trend,42,mixed_or_bearish,42.58,11.615,0.9,-0.03569946,-0.05222358,-0.04756048,-0.00641574,,4H EMA 空头排列；4H MACD 尚未确认多头
1634,STAA,STAAR SURGICAL,Health Care,Early,Russell,1531,15.11,28.98,43.7,25.55,56.52,33.47,33.3,31.95,15.0,bearish_transition,49.8,bullish_below_zero_proxy,28.18,43.64,0.0,22,confirmed_bearish_trend,58,bullish_above_signal,39.11,23.129999,0.38,-0.03221762,-0.03100134,-0.12832112,-0.18441473,4H MACD 位于 Signal 上方,4H EMA 空头排列；4H RSI 偏弱
1635,CRBU,CARIBOU BIOSCIENCES,Health Care,Early,Russell,1301,15.07,33.12,65.2,24.94,56.52,53.18,55.2,37.34,15.0,bearish_transition,71.8,fresh_below_zero_cross_proxy,27.84,43.57,0.0,56,mixed_sideways,66,bullish_above_signal,54.83,1.62,0.32,0.04180064,0.11340206,-0.15404700,-0.02702703,4H MACD 位于 Signal 上方；4H MACD 柱体连续扩张；4H RSI 位于健康强势区间,4H EMA 仍偏震荡
1636,FLO,FLOWERS FOODS INC,Consumer Staples,Early,Russell,1781,15.03,24.79,46.1,28.42,56.52,46.3,47.55,26.56,15.0,bearish_transition,25.0,bearish_proxy,29.83,45.72,0.0,39,bearish_transition,72,fresh_below_zero_cross,40.37,7.345,0.16,0.00273038,-0.01541555,-0.14593023,-0.02779616,4H MACD 刚金叉但仍需零轴确认；4H MACD 柱体连续扩张,4H EMA 转弱或跌破 EMA26
1637,MGEE,MGE ENERGY,Utilities,Early,Russell,1631,15.02,25.85,32.9,61.06,56.52,36.98,37.2,30.38,15.0,bearish_transition,25.0,bearish_proxy,42.21,46.44,0.0,36,bearish_transition,42,mixed_or_bearish,43.37,79.809998,0.29,-0.00187595,-0.00653515,-0.03909948,0.03287176,,4H EMA 转弱或跌破 EMA26；4H MACD 尚未确认多头
1638,BEAM,BEAM THERAPEUTICS,Health Care,Early,Russell,1782,15.0,27.14,51.7,7.8,56.52,38.06,38.4,26.54,15.0,bearish_transition,49.8,bullish_below_zero_proxy,11.8,40.36,0.0,28,confirmed_bearish_trend,58,bullish_above_signal,46.75,26.709999,0.17,-0.04000633,0.02612363,-0.29580809,-0.19523954,4H MACD 位于 Signal 上方,4H EMA 空头排列
1639,IBRX,IMMUNITYBIO INC,Health Care,Early,Russell,1850,14.99,23.46,51.7,16.32,56.52,45.08,46.2,23.37,15.0,bearish_transition,25.0,bearish_proxy,20.96,42.19,0.0,36,bearish_transition,66,bullish_above_signal,49.0,7.275,0.23,0.05434783,0.06515373,-0.16904626,-0.00478796,4H MACD 位于 Signal 上方；4H MACD 柱体连续扩张；4H RSI 位于健康强势区间,4H EMA 转弱或跌破 EMA26
1640,NERV,MINERVA NEUROSCIENCES INC,Health Care,Early,Russell,1362,14.95,32.69,67.6,18.78,56.52,54.31,56.45,36.07,15.0,bearish_transition,71.8,fresh_below_zero_cross_proxy,23.99,42.8,0.0,53,mixed_sideways,72,fresh_below_zero_cross,52.46,4.26,0.57,0.04411765,0.03902439,-0.10504202,-0.01956272,4H MACD 刚金叉但仍需零轴确认；4H MACD 柱体连续扩张；4H RSI 位于健康强势区间,4H EMA 仍偏震荡
1641,SVCO,SILVACO GROUP INC,Information Technology,Early,Russell,1792,14.89,26.92,51.7,7.59,56.52,45.35,46.5,26.29,15.0,bearish_transition,49.8,bullish_below_zero_proxy,11.47,39.29,0.0,42,bearish_transition,58,bullish_above_signal,49.45,8.335,0.14,-0.05068337,0.20797101,-0.16399198,-0.35236985,4H MACD 位于 Signal 上方；4H RSI 位于健康强势区间,4H EMA 转弱或跌破 EMA26
1642,LUNR,INTUITIVE MACHINES INC CLASS A,Industrials,Early,Russell,1796,14.83,26.88,51.7,7.29,56.52,45.35,46.5,26.18,15.0,bearish_transition,49.8,bullish_below_zero_proxy,11.14,39.23,0.0,42,bearish_transition,58,bullish_above_signal,49.21,13.6,0.21,-0.03374778,0.19455424,-0.23734754,-0.35238095,4H MACD 位于 Signal 上方；4H RSI 位于健康强势区间,4H EMA 转弱或跌破 EMA26
1643,CPRI,CAPRI HOLDINGS LTD,Consumer Discretionary,Early,Russell,1502,14.77,29.12,43.7,22.99,56.52,34.69,34.65,32.59,18.0,bearish_transition,51.15,bullish_below_zero_proxy,26.84,42.37,0.0,25,confirmed_bearish_trend,58,bullish_above_signal,39.89,15.6,0.38,-0.04265112,-0.01484054,-0.19608353,-0.18537859,4H MACD 位于 Signal 上方,4H EMA 空头排列；4H RSI 偏弱
1644,KYMR,KYMERA THERAPEUTICS,Health Care,Early,Russell,1483,14.74,37.02,32.9,33.15,56.52,39.14,39.6,33.06,35.0,mixed_sideways,25.0,bearish_proxy,32.15,44.43,0.0,36,bearish_transition,50,mixed_or_bearish,43.15,104.290001,0.21,0.00607753,-0.01053132,-0.12464326,0.06190818,4H MACD 柱体连续扩张,4H EMA 转弱或跌破 EMA26；4H MACD 尚未确认多头
1645,UNIT,UNITI GROUP INC,Communication,Early,Russell,1644,14.67,25.46,32.9,59.62,56.52,31.31,30.9,30.04,15.0,bearish_transition,25.0,bearish_proxy,42.09,44.42,0.0,22,confirmed_bearish_trend,42,mixed_or_bearish,40.27,9.76,0.2,-0.02448776,-0.05791506,-0.09377902,-0.15277778,,4H EMA 空头排列；4H MACD 尚未确认多头
1646,CDNL,CARDINAL INFRASTRUCTURE GROUP INC,Industrials,Early,Russell,1869,14.63,23.12,51.7,14.67,56.52,44.68,45.75,22.78,15.0,bearish_transition,25.0,bearish_proxy,19.64,40.93,0.0,39,bearish_transition,66,bullish_above_signal,46.5,63.880001,0.27,-0.01404538,0.08676424,-0.15603119,-0.11998892,4H MACD 位于 Signal 上方；4H MACD 柱体连续扩张,4H EMA 转弱或跌破 EMA26
1647,LAND,GLADSTONE LAND REIT CORP,Real Estate,Early,Russell,1545,14.59,26.35,25.9,75.73,56.52,31.31,30.9,31.66,15.0,bearish_transition,25.0,bearish_proxy,45.86,47.67,0.0,22,confirmed_bearish_trend,50,mixed_or_bearish,36.91,8.125,0.37,-0.00245549,-0.03789224,-0.05192532,-0.07195888,4H MACD 柱体连续扩张,4H EMA 空头排列；4H MACD 尚未确认多头；4H RSI 偏弱
1648,KGS,KODIAK GAS SERVICES INC,Energy,Early,Russell,1773,14.58,24.96,43.7,31.45,56.52,36.84,37.05,27.06,15.0,bearish_transition,25.0,bearish_proxy,31.35,46.02,0.0,25,confirmed_bearish_trend,58,bullish_above_signal,41.09,58.310001,0.11,-0.01934070,0.05979646,-0.14174272,-0.18606921,4H MACD 位于 Signal 上方,4H EMA 空头排列
1649,SRRK,SCHOLAR ROCK HOLDING,Health Care,Early,Russell,1802,14.55,24.33,46.1,26.27,56.52,39.41,39.9,25.93,15.0,bearish_transition,25.0,bearish_proxy,28.74,43.75,0.0,22,confirmed_bearish_trend,72,fresh_below_zero_cross,41.21,47.490002,0.48,-0.00523670,-0.03160683,-0.16036066,-0.07336581,4H MACD 刚金叉但仍需零轴确认；4H MACD 柱体连续扩张,4H EMA 空头排列
1650,PACK,RANPAK HOLDINGS CORP CLASS A,Materials,Early,Russell,1804,14.55,24.17,46.1,26.68,56.52,37.25,37.5,25.86,15.0,bearish_transition,25.0,bearish_proxy,28.96,42.79,0.0,22,confirmed_bearish_trend,72,fresh_below_zero_cross,38.23,5.52,0.07,-0.02987698,-0.05962521,-0.14683153,-0.23439667,4H MACD 刚金叉但仍需零轴确认；4H MACD 柱体连续扩张,4H EMA 空头排列；4H RSI 偏弱
1651,ECVT,ECOVYST,Materials,Early,Russell,1571,14.42,26.05,25.9,75.27,56.52,29.15,28.5,31.38,15.0,bearish_transition,25.0,bearish_proxy,45.7,46.14,0.0,22,confirmed_bearish_trend,42,mixed_or_bearish,34.39,11.705,0.51,-0.03682370,-0.02742002,-0.00931020,-0.08411581,,4H EMA 空头排列；4H MACD 尚未确认多头；4H RSI 偏弱
1652,PSTL,POSTAL REALTY TRUST CLASS A,Real Estate,Early,Russell,1640,14.4,25.83,32.9,56.95,56.52,31.31,30.9,30.13,15.0,bearish_transition,25.0,bearish_proxy,41.24,46.75,0.0,22,confirmed_bearish_trend,42,mixed_or_bearish,42.17,23.0,0.33,-0.00086881,-0.01414488,-0.06655840,-0.01877137,,4H EMA 空头排列；4H MACD 尚未确认多头
1653,STUB,STUBHUB HOLDINGS INC CLASS A,Communication,Early,Russell,1836,14.38,26.23,51.7,5.8,56.52,45.35,46.5,24.69,15.0,bearish_transition,49.8,bullish_below_zero_proxy,7.09,37.42,0.0,42,bearish_transition,58,bullish_above_signal,49.03,9.085,0.13,-0.01357220,0.06381733,-0.32852919,-0.23106221,4H MACD 位于 Signal 上方；4H RSI 位于健康强势区间,4H EMA 转弱或跌破 EMA26
1654,LCTX,LINEAGE CELL THERAPEUTICS INC,Health Care,Early,Russell,1507,14.29,29.19,65.2,28.94,56.52,53.18,55.2,32.55,15.0,bearish_transition,49.8,bullish_below_zero_proxy,30.0,44.0,0.0,56,mixed_sideways,66,bullish_above_signal,54.14,1.14,0.08,0.00440529,0.07042254,-0.13636364,-0.09523810,4H MACD 位于 Signal 上方；4H MACD 柱体连续扩张；4H RSI 位于健康强势区间,4H EMA 仍偏震荡
1655,GLSI,GREENWICH LIFESCIENCES INC,Health Care,Early,Russell,1842,14.26,26.27,51.7,4.93,56.52,42.52,43.35,23.99,15.0,bearish_transition,49.8,bullish_below_zero_proxy,4.06,38.81,0.0,39,bearish_transition,58,bullish_above_signal,47.26,14.365,0.07,0.03531532,0.12932390,-0.22351351,-0.37543478,4H MACD 位于 Signal 上方,4H EMA 转弱或跌破 EMA26
1656,GOOD,GLADSTONE COMMERCIAL REIT CORP,Real Estate,Early,Russell,1556,14.24,26.31,25.9,73.47,56.52,29.15,28.5,31.52,15.0,bearish_transition,25.0,bearish_proxy,45.44,47.59,0.0,22,confirmed_bearish_trend,42,mixed_or_bearish,34.11,12.165,0.27,-0.02602082,-0.05367561,-0.02951735,0.00454170,,4H EMA 空头排列；4H MACD 尚未确认多头；4H RSI 偏弱
1657,CEVA,CEVA INC,Information Technology,Early,Russell,1885,14.18,22.87,51.7,12.31,56.52,42.52,43.35,22.04,15.0,bearish_transition,25.0,bearish_proxy,17.4,40.48,0.0,39,bearish_transition,58,bullish_above_signal,46.32,34.869999,0.14,-0.04018725,0.16778291,-0.18489949,-0.23261444,4H MACD 位于 Signal 上方,4H EMA 转弱或跌破 EMA26
1658,NPWR,NET POWER INC CLASS A,Industrials,Early,Russell,1512,14.16,28.98,65.2,28.58,56.52,51.02,52.8,32.35,15.0,bearish_transition,49.8,bullish_below_zero_proxy,29.86,42.97,0.0,56,mixed_sideways,58,bullish_above_signal,51.21,1.505,0.18,-0.02903226,0.11070111,-0.07098765,-0.10682493,4H MACD 位于 Signal 上方；4H RSI 位于健康强势区间,4H EMA 仍偏震荡
1659,KROS,KEROS THERAPEUTICS,Health Care,Early,Russell,1762,14.15,24.71,43.7,29.14,56.52,36.84,37.05,27.28,18.0,bearish_transition,25.0,bearish_proxy,30.1,44.02,0.0,25,confirmed_bearish_trend,58,bullish_above_signal,43.54,10.0,0.31,-0.00941060,0.00401606,-0.14126234,-0.09090909,4H MACD 位于 Signal 上方,4H EMA 空头排列
1660,AKTS,AKTIS ONCOLOGY INC,Health Care,Early,Russell,1814,14.13,24.18,46.1,23.86,56.52,46.3,47.55,25.48,15.0,bearish_transition,25.0,bearish_proxy,27.35,43.47,0.0,39,bearish_transition,72,fresh_below_zero_cross,43.89,22.83,0.09,0.00506273,0.02514594,-0.17222625,-0.15413116,4H MACD 刚金叉但仍需零轴确认；4H MACD 柱体连续扩张,4H EMA 转弱或跌破 EMA26
1661,BKH,BLACK HILLS CORP,Utilities,Early,Russell,1570,14.05,26.19,25.9,72.45,56.52,31.31,30.9,31.38,15.0,bearish_transition,25.0,bearish_proxy,45.24,47.05,0.0,22,confirmed_bearish_trend,50,mixed_or_bearish,37.91,71.410004,0.24,-0.00209606,-0.02043893,-0.02525250,-0.03290889,4H MACD 柱体连续扩张,4H EMA 空头排列；4H MACD 尚未确认多头；4H RSI 偏弱
1662,SSTK,SHUTTERSTOCK,Communication,Early,Russell,1854,14.01,25.76,51.7,4.41,56.52,44.68,45.75,23.29,15.0,bearish_transition,49.8,bullish_below_zero_proxy,2.86,36.57,0.0,39,bearish_transition,66,bullish_above_signal,45.46,6.215,0.12,0.04366079,0.09226714,-0.28751576,-0.56840278,4H MACD 位于 Signal 上方；4H MACD 柱体连续扩张,4H EMA 转弱或跌破 EMA26
1663,DK,DELEK US HOLDINGS INC,Energy,Early,Russell,1014,14.01,41.05,32.9,18.88,56.52,37.79,38.1,45.3,35.0,mixed_sideways,25.0,bearish_proxy,69.71,50.94,0.0,38,bearish_transition,42,mixed_or_bearish,40.32,60.639999,0.28,-0.07107843,-0.06693336,0.15857851,0.39691313,,4H EMA 转弱或跌破 EMA26；4H MACD 尚未确认多头
1664,SHLS,SHOALS TECHNOLOGIES GROUP CLASS A,Industrials,Early,Russell,1795,13.99,24.29,43.7,29.04,56.52,36.84,37.05,26.21,15.0,bearish_transition,25.0,bearish_proxy,30.04,43.01,0.0,25,confirmed_bearish_trend,58,bullish_above_signal,43.9,8.855,0.25,-0.04887218,0.11594203,-0.11846690,-0.13987373,4H MACD 位于 Signal 上方,4H EMA 空头排列
1665,FDMT,4D MOLECULAR THERAPEUTICS INC,Health Care,Early,Russell,1892,13.93,22.84,51.7,10.67,56.52,44.68,45.75,21.55,15.0,bearish_transition,25.0,bearish_proxy,15.45,41.09,0.0,39,bearish_transition,66,bullish_above_signal,48.0,10.335,0.18,0.01622419,0.07712350,-0.19320843,-0.10789814,4H MACD 位于 Signal 上方；4H MACD 柱体连续扩张,4H EMA 转弱或跌破 EMA26
1666,TE,T1 ENERGY,Information Technology,Early,Russell,1864,13.88,25.77,51.7,3.49,56.52,42.52,43.35,22.94,15.0,bearish_transition,49.8,bullish_below_zero_proxy,1.33,37.27,0.0,39,bearish_transition,58,bullish_above_signal,46.61,5.005,0.09,-0.07656827,0.34543011,-0.27933765,-0.45833333,4H MACD 位于 Signal 上方,4H EMA 转弱或跌破 EMA26
1667,POWI,POWER INTEGRATIONS,Information Technology,Early,Russell,1798,13.87,24.26,43.7,28.32,56.52,37.57,37.85,26.13,15.0,bearish_transition,25.0,bearish_proxy,29.79,42.96,0.0,25,confirmed_bearish_trend,58,bullish_above_signal,44.03,61.830002,0.57,-0.02606913,0.09346546,-0.07550830,-0.23268801,4H MACD 位于 Signal 上方,4H EMA 空头排列
1668,BRBR,BELLRING BRANDS,Consumer Staples,Early,Russell,1513,13.78,36.99,32.9,26.78,56.52,37.79,38.1,32.29,35.0,mixed_sideways,25.0,bearish_proxy,29.03,45.56,0.0,38,bearish_transition,42,mixed_or_bearish,44.96,12.44,0.2,-0.01504355,-0.06360557,-0.10696339,0.10381544,,4H EMA 转弱或跌破 EMA26；4H MACD 尚未确认多头
1669,CURV,TORRID HOLDINGS INC,Consumer Discretionary,Early,Russell,472,13.77,49.62,54.4,6.62,56.52,47.51,48.9,59.11,35.0,mixed_sideways,61.8,bullish_above_signal_proxy,83.65,53.73,0.0,58,mixed_sideways,42,mixed_or_bearish,55.54,2.56,0.09,-0.03759398,-0.06909091,0.37265416,0.30612245,4H RSI 位于健康强势区间,4H EMA 仍偏震荡；4H MACD 尚未确认多头
1670,MDV,MODIV INDUSTRIAL INC CLASS C,Real Estate,Early,Russell,1577,13.67,26.21,25.9,69.88,56.52,31.31,30.9,31.25,15.0,bearish_transition,25.0,bearish_proxy,44.61,47.42,0.0,22,confirmed_bearish_trend,50,mixed_or_bearish,35.66,17.01,0.12,-0.00653555,-0.04006767,-0.02688787,-0.05394883,4H MACD 柱体连续扩张,4H EMA 空头排列；4H MACD 尚未确认多头；4H RSI 偏弱
1671,PUMP,PROPETRO HOLDING,Energy,Early,Russell,1803,13.63,24.19,43.7,26.89,56.52,36.84,37.05,25.9,15.0,bearish_transition,25.0,bearish_proxy,29.1,42.82,0.0,25,confirmed_bearish_trend,58,bullish_above_signal,42.08,11.14,0.05,-0.01763668,0.08895406,-0.09467696,-0.23959044,4H MACD 位于 Signal 上方,4H EMA 空头排列
1672,SHAZ,SHARONAI HOLDINGS INC CLASS A,Information Technology,Early,Russell,1902,13.61,22.52,51.7,9.34,56.52,46.3,47.55,21.02,15.0,bearish_transition,25.0,bearish_proxy,14.3,39.86,0.0,39,bearish_transition,66,bullish_above_signal,48.97,56.650002,0.06,-0.01409671,0.41078330,-0.21050792,-0.33641795,4H MACD 位于 Signal 上方；4H MACD 柱体连续扩张；4H RSI 位于健康强势区间,4H EMA 转弱或跌破 EMA26
1673,NRC,NRC HEALTH,Health Care,Early,Russell,1828,13.61,23.97,46.1,20.83,56.52,39.41,39.9,24.88,15.0,bearish_transition,25.0,bearish_proxy,25.54,43.11,0.0,22,confirmed_bearish_trend,72,fresh_below_zero_cross,43.93,19.67,0.15,0.00305961,0.07251908,-0.13765888,-0.02090592,4H MACD 刚金叉但仍需零轴确认；4H MACD 柱体连续扩张,4H EMA 空头排列
1674,TROX,TRONOX HOLDINGS PLC,Materials,Early,Russell,1428,13.58,29.66,32.9,42.59,56.52,32.03,31.7,34.35,15.0,bearish_transition,49.8,bullish_below_zero_proxy,35.9,44.18,0.0,22,confirmed_bearish_trend,42,mixed_or_bearish,41.64,5.7703,0.57,-0.02528716,-0.04623140,-0.05714052,-0.13553558,,4H EMA 空头排列；4H MACD 尚未确认多头
1675,WOLF,WOLFSPEED INC,Information Technology,Early,Russell,1876,13.55,25.62,51.7,1.64,56.52,42.52,43.35,22.5,15.0,bearish_transition,49.8,bullish_below_zero_proxy,0.0,37.0,0.0,39,bearish_transition,58,bullish_above_signal,45.57,25.24,0.1,-0.05468519,0.25822539,-0.29908355,-0.48447711,4H MACD 位于 Signal 上方,4H EMA 转弱或跌破 EMA26
1676,EPRT,ESSENTIAL PROPERTIES REALTY TRUST,Real Estate,Early,Russell,1582,13.54,26.19,25.9,69.06,56.52,36.98,37.2,31.17,15.0,bearish_transition,25.0,bearish_proxy,44.37,47.37,0.0,36,bearish_transition,50,mixed_or_bearish,34.14,30.709999,0.12,-0.00194998,-0.04061228,-0.01790857,0.01152826,4H MACD 柱体连续扩张,4H EMA 转弱或跌破 EMA26；4H MACD 尚未确认多头；4H RSI 偏弱
1677,LENZ,LENZ THERAPEUTICS,Health Care,Early,Russell,1562,13.5,28.82,40.9,22.68,56.52,33.47,33.3,31.48,15.0,bearish_transition,49.8,bullish_below_zero_proxy,26.76,43.35,0.0,22,confirmed_bearish_trend,50,mixed_or_bearish,45.93,5.215,0.18,0.04929577,-0.08828671,-0.11460102,-0.08987784,4H MACD 柱体连续扩张,4H EMA 空头排列；4H MACD 尚未确认多头
1678,RLGT,RADIANT LOGISTIC INC,Industrials,Early,Russell,1757,13.46,24.69,39.1,36.84,56.52,35.09,35.1,27.37,15.0,bearish_transition,25.0,bearish_proxy,33.53,43.71,0.0,22,confirmed_bearish_trend,64,fresh_below_zero_cross,36.82,8.3401,0.16,-0.02111502,-0.02568925,-0.12116965,-0.07742257,4H MACD 刚金叉但仍需零轴确认,4H EMA 空头排列；4H RSI 偏弱
1679,ACMR,ACM RESEARCH CLASS A,Information Technology,Early,Russell,1908,13.42,22.4,51.7,8.31,56.52,44.13,45.15,20.65,15.0,bearish_transition,25.0,bearish_proxy,13.19,39.64,0.0,39,bearish_transition,58,bullish_above_signal,48.38,81.135002,0.06,-0.02878859,0.24287689,-0.14405527,-0.18128150,4H MACD 位于 Signal 上方；4H RSI 位于健康强势区间,4H EMA 转弱或跌破 EMA26
1680,BDTX,BLACK DIAMOND THERAPEUTICS INC,Health Care,Early,Russell,1547,13.38,28.88,65.2,23.6,56.52,53.18,55.2,31.64,15.0,bearish_transition,49.8,bullish_below_zero_proxy,27.25,43.45,0.0,56,mixed_sideways,66,bullish_above_signal,51.92,1.78,0.07,0.00281690,0.07552870,-0.14832536,0.10903427,4H MACD 位于 Signal 上方；4H MACD 柱体连续扩张；4H RSI 位于健康强势区间,4H EMA 仍偏震荡
1681,FLGT,FULGENT GENETICS INC,Health Care,Early,Russell,1673,13.35,25.54,32.9,50.69,56.52,39.14,39.6,29.47,15.0,bearish_transition,25.0,bearish_proxy,39.45,45.89,0.0,36,bearish_transition,50,mixed_or_bearish,44.24,18.459999,0.14,-0.01441543,-0.06008147,-0.12220646,0.01484321,4H MACD 柱体连续扩张,4H EMA 转弱或跌破 EMA26；4H MACD 尚未确认多头
1682,EYPT,EYEPOINT INC,Health Care,Early,Russell,1808,13.32,24.23,43.7,24.73,56.52,37.79,38.1,25.64,15.0,bearish_transition,25.0,bearish_proxy,27.83,43.57,0.0,22,confirmed_bearish_trend,66,bullish_above_signal,44.29,12.065,0.16,0.02332485,0.01301427,-0.13944365,-0.16098748,4H MACD 位于 Signal 上方；4H MACD 柱体连续扩张,4H EMA 空头排列
1683,HTLD,HEARTLAND EXPRESS INC,Industrials,Early,Russell,1765,13.3,24.64,39.1,35.86,56.52,42.92,43.8,27.24,15.0,bearish_transition,25.0,bearish_proxy,33.16,43.63,0.0,36,bearish_transition,72,fresh_below_zero_cross,37.92,12.81,0.16,0.00431203,-0.01195526,-0.13853396,-0.12380301,4H MACD 刚金叉但仍需零轴确认；4H MACD 柱体连续扩张,4H EMA 转弱或跌破 EMA26；4H RSI 偏弱
1684,AVR,ANTERIS TECHNOLOGIES GLOBAL CORP,Health Care,Early,Russell,1811,13.25,24.2,43.7,24.32,56.52,36.84,37.05,25.54,15.0,bearish_transition,25.0,bearish_proxy,27.56,43.51,0.0,25,confirmed_bearish_trend,58,bullish_above_signal,44.29,8.145,0.09,-0.01511487,0.03036053,-0.17893145,-0.20768482,4H MACD 位于 Signal 上方,4H EMA 空头排列
1685,CRMD,CORMEDIX,Health Care,Early,Russell,1813,13.23,24.2,43.7,24.22,56.52,34.69,34.65,25.53,15.0,bearish_transition,25.0,bearish_proxy,27.53,43.51,0.0,25,confirmed_bearish_trend,58,bullish_above_signal,39.59,7.47,0.12,-0.00796813,0.03822099,-0.15783540,-0.13190006,4H MACD 位于 Signal 上方,4H EMA 空头排列；4H RSI 偏弱
1686,TCI,TRANSCONTINENTAL REALTY INVESTORS,Real Estate,Early,Russell,1040,13.06,30.39,43.7,8.62,56.52,35.63,35.7,43.74,18.0,bearish_transition,25.0,bearish_proxy,79.73,54.45,0.0,22,confirmed_bearish_trend,58,bullish_above_signal,44.2,40.73,0.08,-0.06000466,0.01142290,-0.15871444,0.09873213,4H MACD 位于 Signal 上方,4H EMA 空头排列
1687,GTY,GETTY REALTY REIT,Real Estate,Early,Russell,1600,12.95,26.07,25.9,65.42,56.52,29.15,28.5,30.84,15.0,bearish_transition,25.0,bearish_proxy,43.37,47.17,0.0,22,confirmed_bearish_trend,42,mixed_or_bearish,36.56,33.355,0.16,-0.00492243,-0.04207352,-0.03542516,-0.00994357,,4H EMA 空头排列；4H MACD 尚未确认多头；4H RSI 偏弱
1688,MXL,MAXLINEAR,Information Technology,Early,Russell,1917,12.94,21.83,51.7,6.46,56.52,36.84,37.05,18.98,15.0,bearish_transition,25.0,bearish_proxy,8.12,38.62,0.0,25,confirmed_bearish_trend,58,bullish_above_signal,45.82,69.050003,0.06,-0.05404480,0.20737899,-0.19531518,-0.22454933,4H MACD 位于 Signal 上方,4H EMA 空头排列
1689,GNL,GLOBAL NET LEASE INC,Real Estate,Early,Russell,1601,12.91,26.07,25.9,65.16,56.52,31.31,30.9,30.83,15.0,bearish_transition,25.0,bearish_proxy,43.35,47.17,0.0,22,confirmed_bearish_trend,50,mixed_or_bearish,37.48,8.62,0.31,-0.00519331,-0.02818489,-0.03848299,-0.06100218,4H MACD 柱体连续扩张,4H EMA 空头排列；4H MACD 尚未确认多头；4H RSI 偏弱
1690,ZVRA,ZEVRA THERAPEUTICS INC,Health Care,Early,Russell,1922,12.8,21.83,51.7,5.54,56.52,44.68,45.75,18.59,15.0,bearish_transition,25.0,bearish_proxy,6.5,39.3,0.0,39,bearish_transition,66,bullish_above_signal,45.03,10.45,0.08,0.01951220,0.06850716,-0.27631579,-0.19553503,4H MACD 位于 Signal 上方；4H MACD 柱体连续扩张,4H EMA 转弱或跌破 EMA26
1691,ENVX,ENOVIX,Industrials,Early,Russell,1598,12.78,28.48,65.2,20.52,56.52,49.81,51.45,30.88,15.0,bearish_transition,49.8,bullish_below_zero_proxy,25.4,42.08,0.0,53,mixed_sideways,58,bullish_above_signal,49.83,4.375,0.42,-0.01018100,0.19047619,-0.12324649,-0.30830040,4H MACD 位于 Signal 上方；4H RSI 位于健康强势区间,4H EMA 仍偏震荡
1692,CTMX,CYTOMX THERAPEUTICS,Health Care,Early,Russell,1785,12.71,24.51,65.2,29.35,56.52,51.97,53.85,26.45,15.0,bearish_transition,25.0,bearish_proxy,30.31,44.06,0.0,53,mixed_sideways,66,bullish_above_signal,50.07,3.315,0.14,0.00913242,0.04409449,-0.13784135,0.04574132,4H MACD 位于 Signal 上方；4H MACD 柱体连续扩张；4H RSI 位于健康强势区间,4H EMA 仍偏震荡
1693,TRUP,TRUPANION,Financials,Early,Russell,1703,12.65,25.16,32.9,46.9,56.52,31.31,30.9,28.77,15.0,bearish_transition,25.0,bearish_proxy,37.8,44.56,0.0,22,confirmed_bearish_trend,42,mixed_or_bearish,44.0,24.455,0.18,-0.00346377,-0.05323268,-0.09660140,0.03754773,,4H EMA 空头排列；4H MACD 尚未确认多头
1694,OCGN,OCUGEN,Health Care,Early,Russell,1789,12.62,24.46,65.2,28.84,56.52,51.02,52.8,26.32,15.0,bearish_transition,25.0,bearish_proxy,29.91,43.98,0.0,56,mixed_sideways,58,bullish_above_signal,49.85,1.285,0.45,0.01581028,0.07983193,-0.14617940,-0.07220217,4H MACD 位于 Signal 上方；4H RSI 位于健康强势区间,4H EMA 仍偏震荡
1695,UCTT,ULTRA CLEAN HOLDINGS INC,Information Technology,Early,Russell,1834,12.62,23.8,43.7,21.04,56.52,36.84,37.05,24.76,15.0,bearish_transition,25.0,bearish_proxy,25.62,42.12,0.0,25,confirmed_bearish_trend,58,bullish_above_signal,43.26,82.730103,0.08,-0.06046174,0.18830939,-0.08887555,-0.25895643,4H MACD 位于 Signal 上方,4H EMA 空头排列
1696,ABAT,AMERICAN BATTERY TECHNOLOGY COMPAN,Materials,Early,Russell,1611,12.6,28.41,65.2,19.5,56.52,53.18,55.2,30.68,15.0,bearish_transition,49.8,bullish_below_zero_proxy,24.8,41.96,0.0,56,mixed_sideways,66,bullish_above_signal,53.07,2.32,0.28,-0.00215054,0.12621359,-0.11787072,-0.18165785,4H MACD 位于 Signal 上方；4H MACD 柱体连续扩张；4H RSI 位于健康强势区间,4H EMA 仍偏震荡
1697,CNTX,CONTEXT THERAPEUTICS INC,Health Care,Early,Russell,1617,12.56,28.53,65.2,18.98,56.52,51.02,52.8,30.62,15.0,bearish_transition,49.8,bullish_below_zero_proxy,24.16,42.83,0.0,56,mixed_sideways,58,bullish_above_signal,51.48,0.6225,0.16,-0.01174790,0.00581677,-0.11071429,-0.01937618,4H MACD 位于 Signal 上方；4H RSI 位于健康强势区间,4H EMA 仍偏震荡
1698,IIPR,INNOVATIVE INDUSTRIAL PROPERTIES I,Real Estate,Early,Russell,1620,12.5,25.99,25.9,62.6,56.52,29.15,28.5,30.6,15.0,bearish_transition,25.0,bearish_proxy,42.64,47.03,0.0,22,confirmed_bearish_trend,42,mixed_or_bearish,36.38,58.25,0.49,-0.01492411,-0.04882433,-0.05790073,-0.03957134,,4H EMA 空头排列；4H MACD 尚未确认多头；4H RSI 偏弱
1699,NHI,NATIONAL HEALTH INVESTORS REIT,Real Estate,Early,Russell,1623,12.43,25.98,25.9,62.19,56.52,36.98,37.2,30.55,15.0,bearish_transition,25.0,bearish_proxy,42.5,47.0,0.0,36,bearish_transition,50,mixed_or_bearish,34.79,74.910004,0.22,0.00489645,-0.04268365,-0.03154485,0.02602386,4H MACD 柱体连续扩张,4H EMA 转弱或跌破 EMA26；4H MACD 尚未确认多头；4H RSI 偏弱
1700,NPCE,NEUROPACE,Health Care,Early,Russell,1865,12.42,23.3,46.1,14.47,56.52,42.92,43.8,22.9,15.0,bearish_transition,25.0,bearish_proxy,19.53,41.91,0.0,36,bearish_transition,64,fresh_below_zero_cross,42.34,13.75,0.33,-0.01327592,0.00622027,-0.22622397,-0.13630653,4H MACD 刚金叉但仍需零轴确认,4H EMA 转弱或跌破 EMA26
1701,KRYS,KRYSTAL BIOTECH,Health Care,Early,Russell,1710,12.42,25.25,32.9,45.15,56.52,33.47,33.3,28.62,15.0,bearish_transition,25.0,bearish_proxy,36.87,45.37,0.0,22,confirmed_bearish_trend,50,mixed_or_bearish,41.11,323.005005,0.1,0.01041688,-0.11086488,-0.12424419,-0.05043215,4H MACD 柱体连续扩张,4H EMA 空头排列；4H MACD 尚未确认多头
1702,MGY,MAGNOLIA OIL GAS CORP CLASS A,Energy,Early,Russell,1649,12.41,25.96,29.3,53.05,56.52,25.37,24.3,30.0,15.0,bearish_transition,25.0,bearish_proxy,40.27,47.8,0.0,22,confirmed_bearish_trend,28,fresh_bearish_cross,39.66,24.02,0.17,-0.02831711,-0.04015984,-0.06917264,-0.10439970,,4H EMA 空头排列；4H MACD 最近死叉；4H RSI 偏弱
1703,NTLA,INTELLIA THERAPEUTICS,Health Care,Early,Russell,1704,12.27,30.2,43.7,3.8,56.52,36.84,37.05,28.75,15.0,bearish_transition,71.8,fresh_below_zero_cross_proxy,1.83,38.37,0.0,25,confirmed_bearish_trend,58,bullish_above_signal,41.05,10.96,0.19,-0.01880036,0.01387604,-0.37101862,-0.28083990,4H MACD 位于 Signal 上方,4H EMA 空头排列
1704,TOYO,TOYO LTD,Information Technology,Early,Russell,1750,12.25,27.33,43.7,10.36,56.52,38.06,38.4,27.51,15.0,bearish_transition,49.8,bullish_below_zero_proxy,15.19,40.04,0.0,28,confirmed_bearish_trend,58,bullish_above_signal,44.4,5.115,0.21,-0.08821904,0.08598726,-0.20451011,-0.60440835,4H MACD 位于 Signal 上方,4H EMA 空头排列
1705,MAX,MEDIAALPHA CLASS A,Communication,Early,Russell,1480,12.23,36.75,25.9,35.71,56.52,36.98,37.2,33.09,35.0,mixed_sideways,25.0,bearish_proxy,33.15,42.63,0.0,36,bearish_transition,50,mixed_or_bearish,35.59,12.33,0.41,-0.00202347,-0.10522496,-0.09769484,0.18900675,4H MACD 柱体连续扩张,4H EMA 转弱或跌破 EMA26；4H MACD 尚未确认多头；4H RSI 偏弱
1706,AMSF,AMERISAFE INC,Financials,Early,Russell,1767,12.21,24.62,36.7,35.04,56.52,35.63,35.7,27.19,15.0,bearish_transition,25.0,bearish_proxy,32.99,43.6,0.0,22,confirmed_bearish_trend,66,bullish_above_signal,37.9,29.709999,0.12,-0.00235064,-0.00966670,-0.16191825,-0.08118138,4H MACD 位于 Signal 上方；4H MACD 柱体连续扩张,4H EMA 空头排列；4H RSI 偏弱
1707,SWMR,SWARMER INC,Industrials,Early,Russell,1871,12.19,23.05,46.1,13.55,56.52,37.25,37.5,22.57,15.0,bearish_transition,25.0,bearish_proxy,18.99,40.8,0.0,22,confirmed_bearish_trend,64,fresh_below_zero_cross,42.97,36.805,0.18,-0.03284719,-0.00040739,-0.09330539,-0.11611429,4H MACD 刚金叉但仍需零轴确认,4H EMA 空头排列
1708,HPK,HIGHPEAK ENERGY INC,Energy,Early,Russell,1674,12.09,25.4,29.3,52.18,56.52,27.53,26.7,29.46,15.0,bearish_transition,25.0,bearish_proxy,39.89,44.98,0.0,22,confirmed_bearish_trend,28,fresh_bearish_cross,41.96,6.67,0.19,-0.04304161,0.00451807,0.00679245,-0.06973501,,4H EMA 空头排列；4H MACD 最近死叉
1709,BBCP,CONCRETE PUMPING HOLDINGS INC,Industrials,Early,Russell,1797,12.02,24.26,39.1,28.22,56.52,37.25,37.5,26.13,15.0,bearish_transition,25.0,bearish_proxy,29.78,42.96,0.0,22,confirmed_bearish_trend,72,fresh_below_zero_cross,34.16,9.73,0.1,-0.01617796,-0.00102669,-0.12969589,-0.12263300,4H MACD 刚金叉但仍需零轴确认；4H MACD 柱体连续扩张,4H EMA 空头排列；4H RSI 偏弱
1710,PARR,PAR PACIFIC HOLDINGS INC,Energy,Early,Russell,1033,12.01,40.15,25.9,26.27,56.52,35.63,35.7,44.02,38.0,mixed_sideways,21.35,fresh_bearish_cross_proxy,65.84,50.17,0.0,38,bearish_transition,42,mixed_or_bearish,36.38,73.224998,0.36,-0.11872666,-0.11830228,0.19142530,0.44513521,,4H EMA 转弱或跌破 EMA26；4H MACD 尚未确认多头；4H RSI 偏弱
1711,MEC,MAYVILLE ENGINEERING COMPANY INC,Industrials,Early,Russell,1835,11.99,24.29,43.7,15.7,56.52,34.69,34.65,24.73,18.0,bearish_transition,26.35,bearish_proxy,20.33,44.32,0.0,25,confirmed_bearish_trend,58,bullish_above_signal,38.86,26.575001,0.49,-0.04646573,0.04708440,-0.19712983,-0.22158753,4H MACD 位于 Signal 上方,4H EMA 空头排列；4H RSI 偏弱
1712,LION,LIONSGATE STUDIOS,Communication,Early,Russell,1684,11.91,25.19,29.3,51.46,56.52,25.37,24.3,29.26,15.0,bearish_transition,25.0,bearish_proxy,39.72,43.94,0.0,22,confirmed_bearish_trend,28,fresh_bearish_cross,39.21,12.995,0.09,-0.01590307,-0.00649847,-0.06779053,-0.13366667,,4H EMA 空头排列；4H MACD 最近死叉；4H RSI 偏弱
1713,PENN,PENN ENTERTAINMENT,Consumer Discretionary,Early,Russell,1639,11.86,25.63,25.9,59.21,56.52,29.15,28.5,30.13,15.0,bearish_transition,25.0,bearish_proxy,41.92,45.38,0.0,22,confirmed_bearish_trend,42,mixed_or_bearish,36.17,19.75,0.22,-0.02130823,-0.06883541,-0.04933815,-0.03658537,,4H EMA 空头排列；4H MACD 尚未确认多头；4H RSI 偏弱
1714,ARL,AMERICAN REALTY INVESTORS INC,Real Estate,Early,Russell,1847,11.8,23.54,43.7,16.21,56.52,36.84,37.05,23.42,15.0,bearish_transition,25.0,bearish_proxy,20.88,42.68,0.0,25,confirmed_bearish_trend,58,bullish_above_signal,44.47,15.4,0.03,-0.03508772,0.05479452,-0.25576184,-0.05113986,4H MACD 位于 Signal 上方,4H EMA 空头排列
1715,VSH,VISHAY INTERTECHNOLOGY INC,Information Technology,Early,Russell,1772,11.73,27.11,43.7,7.39,56.52,36.84,37.05,27.1,18.0,bearish_transition,49.8,bullish_below_zero_proxy,11.21,39.24,0.0,25,confirmed_bearish_trend,58,bullish_above_signal,43.91,34.75,0.29,-0.10851719,0.15987988,-0.17634509,-0.41131627,4H MACD 位于 Signal 上方,4H EMA 空头排列
1716,NATR,NATURES SUNSHINE PRODUCTS INC,Consumer Staples,Early,Russell,1716,11.68,24.91,29.3,50.59,56.52,27.53,26.7,28.46,15.0,bearish_transition,20.0,fresh_bearish_cross_proxy,39.4,47.63,0.0,22,confirmed_bearish_trend,28,fresh_bearish_cross,42.81,20.065001,0.33,-0.02691561,-0.02455027,-0.07491931,-0.03626316,,4H EMA 空头排列；4H MACD 最近死叉
1717,CXDO,CREXENDO INC,Information Technology,Early,Russell,1848,11.64,22.86,43.7,16.73,56.52,36.84,37.05,23.39,18.0,bearish_transition,21.35,fresh_bearish_cross_proxy,21.51,41.3,0.0,25,confirmed_bearish_trend,58,bullish_above_signal,40.66,6.7,0.31,-0.11725955,0.00224383,-0.14758270,-0.08469945,4H MACD 位于 Signal 上方,4H EMA 空头排列
1718,ARX,ACCELERANT HOLDINGS CLASS A,Financials,Early,Russell,1737,11.56,24.89,32.9,40.28,56.52,39.14,39.6,27.96,15.0,bearish_transition,25.0,bearish_proxy,35.33,44.07,0.0,36,bearish_transition,50,mixed_or_bearish,44.07,12.27,0.08,0.02936242,-0.00968523,-0.08807135,-0.06478659,4H MACD 柱体连续扩张,4H EMA 转弱或跌破 EMA26；4H MACD 尚未确认多头
1719,NEXT,NEXTDECADE,Energy,Early,Russell,1862,11.56,23.19,43.7,15.39,56.52,33.47,33.3,22.99,15.0,bearish_transition,25.0,bearish_proxy,20.26,41.05,0.0,22,confirmed_bearish_trend,58,bullish_above_signal,38.37,6.45,0.11,-0.03731343,0.01415094,-0.17307692,-0.16450777,4H MACD 位于 Signal 上方,4H EMA 空头排列；4H RSI 偏弱
1720,OI,O I GLASS,Materials,Early,Russell,1896,11.52,22.62,46.1,10.11,56.52,42.92,43.8,21.3,15.0,bearish_transition,25.0,bearish_proxy,15.16,40.03,0.0,36,bearish_transition,72,fresh_below_zero_cross,39.6,7.645,0.13,0.01933333,-0.01291156,-0.22503801,-0.15989011,4H MACD 刚金叉但仍需零轴确认；4H MACD 柱体连续扩张,4H EMA 转弱或跌破 EMA26；4H RSI 偏弱
1721,SG,SWEETGREEN INC CLASS A,Consumer Discretionary,Early,Russell,1897,11.48,22.6,46.1,9.85,56.52,37.25,37.5,21.25,15.0,bearish_transition,25.0,bearish_proxy,15.01,40.0,0.0,22,confirmed_bearish_trend,72,fresh_below_zero_cross,39.92,5.985,0.23,0.02482877,-0.05822187,-0.22674419,-0.27717391,4H MACD 刚金叉但仍需零轴确认；4H MACD 柱体连续扩张,4H EMA 空头排列；4H RSI 偏弱
1722,TGTX,TG THERAPEUTICS,Health Care,Early,Russell,1742,11.35,25.0,32.9,38.58,56.52,31.31,30.9,27.88,15.0,bearish_transition,25.0,bearish_proxy,34.65,44.93,0.0,22,confirmed_bearish_trend,50,mixed_or_bearish,38.73,49.32,0.14,0.05384618,-0.07726849,-0.15038758,-0.08565071,4H MACD 柱体连续扩张,4H EMA 空头排列；4H MACD 尚未确认多头；4H RSI 偏弱
1723,CZWI,CITIZENS COMMUNITY BANCORP INC,Financials,Early,Russell,1700,11.31,25.2,29.3,47.46,56.52,25.37,24.3,28.87,15.0,bearish_transition,25.0,bearish_proxy,38.09,44.62,0.0,22,confirmed_bearish_trend,28,fresh_bearish_cross,38.56,21.639999,0.1,-0.01636368,-0.02037125,-0.07164307,-0.05419581,,4H EMA 空头排列；4H MACD 最近死叉；4H RSI 偏弱
1724,AMBQ,AMBIQ MICRO,Information Technology,Early,Russell,1877,11.21,23.02,43.7,13.44,56.52,36.84,37.05,22.49,15.0,bearish_transition,25.0,bearish_proxy,18.77,40.75,0.0,25,confirmed_bearish_trend,58,bullish_above_signal,40.76,63.549999,0.09,-0.06626505,0.10926860,-0.15760873,-0.20223455,4H MACD 位于 Signal 上方,4H EMA 空头排列
1725,HYPR,HYPERFINE INC CLASS A,Health Care,Early,Russell,1745,10.95,27.53,65.2,10.57,56.52,51.02,52.8,27.7,15.0,bearish_transition,49.8,bullish_below_zero_proxy,15.3,41.06,0.0,56,mixed_sideways,58,bullish_above_signal,50.26,0.9914,0.13,-0.00651368,0.10919669,-0.19069388,-0.32095890,4H MACD 位于 Signal 上方；4H RSI 位于健康强势区间,4H EMA 仍偏震荡
1726,VITL,VITAL FARMS INC,Consumer Staples,Early,Russell,1518,10.9,36.96,25.9,26.37,56.52,35.54,35.6,32.2,35.0,mixed_sideways,25.0,bearish_proxy,28.75,45.5,0.0,36,bearish_transition,42,mixed_or_bearish,37.13,12.06,0.76,-0.00248139,-0.11906501,-0.08254089,0.12974239,,4H EMA 转弱或跌破 EMA26；4H MACD 尚未确认多头；4H RSI 偏弱
1727,ATOM,ATOMERA INC,Information Technology,Early,Russell,1851,10.85,25.92,43.7,4.31,56.52,36.84,37.05,23.36,15.0,bearish_transition,49.8,bullish_below_zero_proxy,2.61,37.52,0.0,25,confirmed_bearish_trend,58,bullish_above_signal,42.7,5.125,0.25,-0.09850484,0.14781635,-0.24242424,-0.31848404,4H MACD 位于 Signal 上方,4H EMA 空头排列
1728,ORN,ORION GROUP INC,Industrials,Early,Russell,1919,10.64,21.74,46.1,6.26,56.52,46.3,47.55,18.74,15.0,bearish_transition,25.0,bearish_proxy,7.41,38.48,0.0,39,bearish_transition,72,fresh_below_zero_cross,41.12,10.535,0.11,0.03895464,0.16216216,-0.25862069,-0.32381258,4H MACD 刚金叉但仍需零轴确认；4H MACD 柱体连续扩张,4H EMA 转弱或跌破 EMA26
1729,LMND,LEMONADE INC,Financials,Early,Russell,1925,10.37,21.46,46.1,5.13,56.52,38.47,38.85,17.92,15.0,bearish_transition,25.0,bearish_proxy,4.9,37.98,0.0,25,confirmed_bearish_trend,72,fresh_below_zero_cross,39.18,52.249901,0.11,-0.04418000,0.10371569,-0.32615553,-0.09711592,4H MACD 刚金叉但仍需零轴确认；4H MACD 柱体连续扩张,4H EMA 空头排列；4H RSI 偏弱
1730,BCAX,BICARA THERAPEUTICS INC,Health Care,Early,Russell,1775,10.24,24.65,32.9,32.02,56.52,36.98,37.2,26.86,15.0,bearish_transition,25.0,bearish_proxy,31.54,44.31,0.0,36,bearish_transition,42,mixed_or_bearish,44.62,26.129999,0.39,-0.01153773,0.01083168,-0.14017769,0.04603679,,4H EMA 转弱或跌破 EMA26；4H MACD 尚未确认多头
1731,GPI,GROUP AUTOMOTIVE INC,Consumer Discretionary,Early,Russell,1681,10.24,25.57,25.9,48.54,56.52,31.31,30.9,29.35,15.0,bearish_transition,25.0,bearish_proxy,38.87,46.27,0.0,22,confirmed_bearish_trend,50,mixed_or_bearish,36.46,281.350006,0.11,-0.02422524,-0.21152925,-0.05163989,-0.11666825,4H MACD 柱体连续扩张,4H EMA 空头排列；4H MACD 尚未确认多头；4H RSI 偏弱
1732,BTSG,BRIGHTSPRING HEALTH SERVICES INC,Health Care,Early,Russell,1777,10.17,24.63,32.9,31.61,56.52,31.31,30.9,26.8,15.0,bearish_transition,25.0,bearish_proxy,31.37,44.27,0.0,22,confirmed_bearish_trend,50,mixed_or_bearish,39.76,63.200001,0.24,0.00524896,-0.08894337,-0.09933016,-0.05417538,4H MACD 柱体连续扩张,4H EMA 空头排列；4H MACD 尚未确认多头；4H RSI 偏弱
1733,INVA,INNOVIVA,Health Care,Early,Russell,1691,10.07,25.41,25.9,47.77,56.52,29.15,28.5,29.09,15.0,bearish_transition,25.0,bearish_proxy,38.31,45.66,0.0,22,confirmed_bearish_trend,42,mixed_or_bearish,34.25,20.625,0.37,-0.00841341,-0.04690384,-0.07261691,-0.12420378,,4H EMA 空头排列；4H MACD 尚未确认多头；4H RSI 偏弱
1734,EVI,EVI INDUSTRIES INC,Industrials,Early,Russell,1791,9.75,24.32,32.9,29.5,56.52,33.47,33.3,26.31,15.0,bearish_transition,25.0,bearish_proxy,30.32,43.06,0.0,22,confirmed_bearish_trend,50,mixed_or_bearish,41.84,14.065,0.0,0.00752149,-0.07284113,-0.12203496,-0.08371336,4H MACD 柱体连续扩张,4H EMA 空头排列；4H MACD 尚未确认多头
1735,RBKB,RHINEBECK BANCORP INC,Financials,Early,Russell,1889,9.71,22.78,40.9,11.49,56.52,39.14,39.6,21.77,15.0,bearish_transition,25.0,bearish_proxy,16.59,40.32,0.0,36,bearish_transition,50,mixed_or_bearish,46.91,12.1,0.12,0.00707449,-0.01785714,-0.01493585,-0.01436149,4H MACD 柱体连续扩张,4H EMA 转弱或跌破 EMA26；4H MACD 尚未确认多头
1736,WLFC,WILLIS LEASE FINANCE,Industrials,Early,Russell,1558,9.69,40.2,29.3,1.64,56.52,35.23,35.25,31.5,35.0,mixed_sideways,61.8,bullish_above_signal_proxy,0.0,37.0,0.0,41,bearish_transition,28,fresh_bearish_cross,43.18,68.017502,0.15,-0.06952799,-0.02048531,-0.07893602,-0.03223853,,4H EMA 转弱或跌破 EMA26；4H MACD 最近死叉
1737,BAND,BANDWIDTH CLASS A,Communication,Early,Russell,1947,9.59,20.72,46.1,1.64,56.52,44.13,45.15,16.15,15.0,bearish_transition,25.0,bearish_proxy,0.0,36.0,0.0,39,bearish_transition,72,fresh_below_zero_cross,39.55,45.939999,0.06,0.00867276,0.24296537,-0.31950826,-0.12975946,4H MACD 刚金叉但仍需零轴确认；4H MACD 柱体连续扩张,4H EMA 转弱或跌破 EMA26；4H RSI 偏弱
1738,KURA,KURA ONCOLOGY,Health Care,Early,Russell,1870,9.48,23.25,39.1,13.65,56.52,38.47,38.85,22.75,15.0,bearish_transition,25.0,bearish_proxy,19.09,41.82,0.0,25,confirmed_bearish_trend,72,fresh_below_zero_cross,37.39,9.2,0.43,-0.02851109,0.03081232,-0.23141186,-0.11410688,4H MACD 刚金叉但仍需零轴确认；4H MACD 柱体连续扩张,4H EMA 空头排列；4H RSI 偏弱
1739,WMK,WEIS MARKETS,Consumer Staples,Early,Russell,1698,9.48,25.06,22.3,54.28,56.52,25.37,24.3,28.89,15.0,bearish_transition,20.0,fresh_bearish_cross_proxy,40.68,47.89,0.0,22,confirmed_bearish_trend,28,fresh_bearish_cross,37.0,73.790001,0.09,-0.07042071,-0.05251664,-0.08255625,-0.06642206,,4H EMA 空头排列；4H MACD 最近死叉；4H RSI 偏弱
1740,INV,INNVENTURE INC,Financials,Early,Russell,1852,9.43,25.89,65.2,4.21,56.52,51.02,52.8,23.29,15.0,bearish_transition,49.8,bullish_below_zero_proxy,2.39,37.48,0.0,56,mixed_sideways,58,bullish_above_signal,50.97,3.49,0.09,-0.03988996,0.23758865,-0.23464912,-0.40188518,4H MACD 位于 Signal 上方；4H RSI 位于健康强势区间,4H EMA 仍偏震荡
1741,CYH,COMMUNITY HEALTH SYSTEMS INC,Health Care,Early,Russell,1891,9.34,22.84,65.2,10.77,56.52,53.18,55.2,21.56,15.0,bearish_transition,25.0,bearish_proxy,15.48,41.1,0.0,56,mixed_sideways,66,bullish_above_signal,54.03,3.015,0.22,0.03430532,0.11254613,-0.20866142,-0.01951220,4H MACD 位于 Signal 上方；4H MACD 柱体连续扩张；4H RSI 位于健康强势区间,4H EMA 仍偏震荡
1742,EDIT,EDITAS MEDICINE,Health Care,Early,Russell,1880,9.31,23.03,65.2,10.11,56.52,53.18,55.2,22.35,18.0,bearish_transition,25.0,bearish_proxy,15.16,41.03,0.0,56,mixed_sideways,66,bullish_above_signal,51.7,2.785,0.34,0.02578269,0.06909789,-0.25634179,0.01088929,4H MACD 位于 Signal 上方；4H MACD 柱体连续扩张；4H RSI 位于健康强势区间,4H EMA 仍偏震荡
1743,RXO,RXO INC,Industrials,Early,Russell,1882,9.27,22.95,39.1,12.93,56.52,37.25,37.5,22.29,15.0,bearish_transition,25.0,bearish_proxy,18.15,40.63,0.0,22,confirmed_bearish_trend,72,fresh_below_zero_cross,35.93,21.41,0.2,-0.02371181,-0.04077061,-0.20320063,-0.15973312,4H MACD 刚金叉但仍需零轴确认；4H MACD 柱体连续扩张,4H EMA 空头排列；4H RSI 偏弱
1744,OFIX,ORTHOFIX MEDICAL,Health Care,Early,Russell,1555,9.06,35.9,22.3,26.17,56.52,32.57,32.3,31.56,38.0,mixed_sideways,20.0,fresh_bearish_cross_proxy,28.67,43.73,0.0,38,bearish_transition,28,fresh_bearish_cross,34.21,10.44,0.61,-0.14215283,-0.14144737,-0.10883483,0.14725275,,4H EMA 转弱或跌破 EMA26；4H MACD 最近死叉；4H RSI 偏弱
1745,MYRG,MYR GROUP INC,Industrials,Early,Russell,1853,8.96,23.3,36.7,16.52,56.52,35.63,35.7,23.29,15.0,bearish_transition,25.0,bearish_proxy,21.18,41.24,0.0,22,confirmed_bearish_trend,66,bullish_above_signal,37.61,340.320007,0.14,-0.01078392,0.05778136,-0.18833251,-0.27243184,4H MACD 位于 Signal 上方；4H MACD 柱体连续扩张,4H EMA 空头排列；4H RSI 偏弱
1746,BZAI,BLAIZE HOLDINGS INC,Information Technology,Early,Russell,1872,8.95,25.62,65.2,1.64,56.52,53.18,55.2,22.5,15.0,bearish_transition,49.8,bullish_below_zero_proxy,0.0,37.0,0.0,56,mixed_sideways,66,bullish_above_signal,50.62,0.9467,0.13,-0.06267327,0.24092279,-0.26606714,-0.35598639,4H MACD 位于 Signal 上方；4H MACD 柱体连续扩张；4H RSI 位于健康强势区间,4H EMA 仍偏震荡
1747,BCRX,BIOCRYST PHARMACEUTICALS,Health Care,Early,Russell,1778,8.83,25.11,32.9,21.55,56.52,33.47,33.3,26.74,18.0,bearish_transition,26.35,bearish_proxy,25.96,46.44,0.0,22,confirmed_bearish_trend,50,mixed_or_bearish,41.18,9.025,0.45,0.00781686,-0.05199580,-0.18029064,-0.03061224,4H MACD 柱体连续扩张,4H EMA 空头排列；4H MACD 尚未确认多头
1748,AESI,ATLAS ENERGY SOLUTIONS,Energy,Early,Russell,1863,8.74,23.19,36.7,15.29,56.52,41.3,42.0,22.97,15.0,bearish_transition,25.0,bearish_proxy,20.2,41.04,0.0,36,bearish_transition,66,bullish_above_signal,35.89,10.93,0.12,0.01816488,0.07578740,-0.21816881,-0.33353659,4H MACD 位于 Signal 上方；4H MACD 柱体连续扩张,4H EMA 转弱或跌破 EMA26；4H RSI 偏弱
1749,PLBY,PLAYBOY INC,Consumer Discretionary,Early,Russell,1171,8.7,31.4,54.1,82.81,56.52,38.47,38.85,39.27,18.0,bearish_transition,51.15,bullish_below_zero_proxy,47.06,46.41,0.0,25,confirmed_bearish_trend,64,fresh_below_zero_cross,46.86,1.17,0.47,-0.01265823,-0.00847458,-0.00847458,-0.22000000,4H MACD 刚金叉但仍需零轴确认,4H EMA 空头排列
1750,UP,WHEELS UP EXPERIENCE CLASS A,Industrials,Early,Russell,1945,8.7,20.91,43.7,1.64,56.52,35.63,35.7,16.3,15.0,bearish_transition,25.0,bearish_proxy,0.0,37.0,0.0,22,confirmed_bearish_trend,58,bullish_above_signal,41.79,5.75,0.0,-0.00260191,0.01590106,-0.32590856,-0.17680744,4H MACD 位于 Signal 上方,4H EMA 空头排列
1751,HUT,HUT CORP,Information Technology,Early,Russell,1812,8.47,23.54,29.3,32.43,56.52,27.53,26.7,25.54,15.0,bearish_transition,20.0,fresh_bearish_cross_proxy,31.79,43.36,0.0,22,confirmed_bearish_trend,28,fresh_bearish_cross,41.19,94.474998,0.17,-0.10897860,0.07138805,-0.02240274,-0.21434513,,4H EMA 空头排列；4H MACD 最近死叉
1752,METC,RAMACO RESOURCES INC CLASS A,Materials,Early,Russell,1911,8.09,22.14,39.1,6.98,56.52,35.09,35.1,19.91,15.0,bearish_transition,25.0,bearish_proxy,10.95,39.19,0.0,22,confirmed_bearish_trend,64,fresh_below_zero_cross,37.26,9.26,0.35,-0.04535098,-0.03742204,-0.23848684,-0.27769111,4H MACD 刚金叉但仍需零轴确认,4H EMA 空头排列；4H RSI 偏弱
1753,HUN,HUNTSMAN CORP,Materials,Early,Russell,1769,7.89,24.62,25.9,35.04,56.52,31.31,30.9,27.19,15.0,bearish_transition,25.0,bearish_proxy,32.99,43.6,0.0,22,confirmed_bearish_trend,50,mixed_or_bearish,36.35,10.235,0.16,-0.01158860,-0.14423077,-0.06742597,-0.10101010,4H MACD 柱体连续扩张,4H EMA 空头排列；4H MACD 尚未确认多头；4H RSI 偏弱
1754,RARE,ULTRAGENYX PHARMACEUTICAL,Health Care,Early,Russell,1894,7.72,23.21,36.7,8.41,56.52,33.47,33.3,21.34,15.0,bearish_transition,25.0,bearish_proxy,13.34,43.92,0.0,22,confirmed_bearish_trend,58,bullish_above_signal,34.62,25.040001,0.18,-0.02530167,0.00160004,-0.30114430,-0.12934628,4H MACD 位于 Signal 上方,4H EMA 空头排列；4H RSI 偏弱
1755,CIFR,CIPHER DIGITAL INC,Information Technology,Early,Russell,1831,7.63,23.28,29.3,27.4,56.52,27.53,26.7,24.78,15.0,bearish_transition,20.0,fresh_bearish_cross_proxy,29.48,42.9,0.0,22,confirmed_bearish_trend,28,fresh_bearish_cross,41.8,19.1,0.17,-0.11038654,0.07848679,-0.07168899,-0.30822168,,4H EMA 空头排列；4H MACD 最近死叉
1756,BBNX,BETA BIONICS INC,Health Care,Early,Russell,1845,7.58,23.55,32.9,16.83,56.52,33.47,33.3,23.63,15.0,bearish_transition,25.0,bearish_proxy,21.75,42.35,0.0,22,confirmed_bearish_trend,50,mixed_or_bearish,40.02,13.91,0.15,-0.00713776,-0.08063450,-0.18176471,0.01755669,4H MACD 柱体连续扩张,4H EMA 空头排列；4H MACD 尚未确认多头
1757,BKV,BKV,Energy,Early,Russell,1730,7.51,24.91,22.3,41.46,56.52,25.37,24.3,28.03,15.0,bearish_transition,25.0,bearish_proxy,35.55,44.11,0.0,22,confirmed_bearish_trend,28,fresh_bearish_cross,35.05,23.299999,0.14,-0.01853416,-0.00128594,-0.12734089,-0.08591608,,4H EMA 空头排列；4H MACD 最近死叉；4H RSI 偏弱
1758,LAW,CS DISCO,Information Technology,Early,Russell,1029,7.32,44.6,51.7,49.15,56.52,49.4,51.0,44.4,35.0,mixed_sideways,61.8,bullish_above_signal_proxy,39.09,44.82,0.0,44,bearish_transition,70,bullish_above_signal,49.71,3.99,0.3,-0.03855422,-0.05562130,0.00503778,0.14326648,4H MACD 位于 Signal 上方；4H RSI 位于健康强势区间,4H EMA 转弱或跌破 EMA26
1759,MITT,TPG MORTGAGE INVESTMENT TRUST INC,Financials,Early,Russell,1668,7.25,25.45,36.7,53.41,56.52,33.47,33.3,29.62,15.0,bearish_transition,25.0,bearish_proxy,40.35,45.07,0.0,22,confirmed_bearish_trend,58,bullish_above_signal,32.64,7.0124,0.15,-0.01787115,-0.02198047,-0.09047990,-0.12509046,4H MACD 位于 Signal 上方,4H EMA 空头排列；4H RSI 偏弱
1760,IMXI,INTERNATIONAL MONEY EXPRESS INC,Financials,Early,Russell,1790,6.95,24.32,25.9,29.5,56.52,31.31,30.9,26.31,15.0,bearish_transition,25.0,bearish_proxy,30.32,43.06,0.0,22,confirmed_bearish_trend,50,mixed_or_bearish,36.3,12.205,0.2,-0.00933442,-0.05460883,-0.16289438,-0.11171761,4H MACD 柱体连续扩张,4H EMA 空头排列；4H MACD 尚未确认多头；4H RSI 偏弱
1761,VSTS,VESTIS,Industrials,Early,Russell,1564,6.69,26.09,25.9,77.01,56.52,36.98,37.2,31.48,15.0,bearish_transition,25.0,bearish_proxy,46.01,46.2,0.0,36,bearish_transition,50,mixed_or_bearish,32.55,14.03,0.18,-0.02161785,-0.05965147,-0.00566974,0.06287879,4H MACD 柱体连续扩张,4H EMA 转弱或跌破 EMA26；4H MACD 尚未确认多头；4H RSI 偏弱
1762,RMR,RMR GROUP CLASS A,Real Estate,Early,Russell,1550,6.46,26.33,25.9,74.91,56.52,31.31,30.9,31.6,15.0,bearish_transition,25.0,bearish_proxy,45.67,47.63,0.0,22,confirmed_bearish_trend,50,mixed_or_bearish,32.42,18.875,0.39,-0.00970614,-0.03698980,-0.04090447,-0.08992285,4H MACD 柱体连续扩张,4H EMA 空头排列；4H MACD 尚未确认多头；4H RSI 偏弱
1763,FVR,FRONTVIEW REIT,Real Estate,Early,Russell,1553,6.4,26.33,25.9,74.5,56.52,36.98,37.2,31.58,15.0,bearish_transition,25.0,bearish_proxy,45.62,47.62,0.0,36,bearish_transition,50,mixed_or_bearish,32.11,20.030001,0.23,-0.01354341,-0.04116793,-0.03143129,0.00300461,4H MACD 柱体连续扩张,4H EMA 转弱或跌破 EMA26；4H MACD 尚未确认多头；4H RSI 偏弱
1764,OMCL,OMNICELL INC,Health Care,Early,Russell,1806,6.32,24.26,25.9,25.45,56.52,31.31,30.9,25.71,15.0,bearish_transition,25.0,bearish_proxy,28.06,43.61,0.0,22,confirmed_bearish_trend,50,mixed_or_bearish,37.35,37.380001,0.14,0.00700436,-0.09731946,-0.15715890,-0.02656252,4H MACD 柱体连续扩张,4H EMA 空头排列；4H MACD 尚未确认多头；4H RSI 偏弱
1765,PECO,PHILLIPS EDISON AND COMPANY,Real Estate,Early,Russell,1569,5.96,26.26,25.9,71.73,56.52,34.82,34.8,31.38,15.0,bearish_transition,25.0,bearish_proxy,45.03,47.51,0.0,36,bearish_transition,42,mixed_or_bearish,32.57,41.349998,0.28,-0.00886872,-0.03340426,-0.02199624,-0.01041048,,4H EMA 转弱或跌破 EMA26；4H MACD 尚未确认多头；4H RSI 偏弱
1766,KRG,KITE REALTY GROUP TRUST REIT,Real Estate,Early,Russell,1515,5.92,26.57,19.65,87.38,56.52,29.15,28.5,32.28,15.0,bearish_transition,25.0,bearish_proxy,47.73,48.05,0.0,22,confirmed_bearish_trend,42,mixed_or_bearish,26.48,27.315001,0.41,-0.00816993,-0.05254939,-0.05304205,-0.04559748,,4H EMA 空头排列；4H MACD 尚未确认多头；4H RSI 偏弱
1767,FBYD,FALCON S BEYOND GLOBAL INC CLASS A,Industrials,Early,Russell,1944,5.9,20.91,36.7,1.64,56.52,33.47,33.3,16.3,15.0,bearish_transition,25.0,bearish_proxy,0.0,37.0,0.0,22,confirmed_bearish_trend,58,bullish_above_signal,36.44,9.38,0.51,-0.09546770,-0.08666018,-0.50146163,-0.47597765,4H MACD 位于 Signal 上方,4H EMA 空头排列；4H RSI 偏弱
1768,RSI,RUSH STREET INTERACTIVE CLASS A,Consumer Discretionary,Early,Russell,1824,5.71,23.89,25.9,22.22,56.52,29.15,28.5,25.04,15.0,bearish_transition,25.0,bearish_proxy,26.48,42.3,0.0,22,confirmed_bearish_trend,42,mixed_or_bearish,35.55,26.889999,0.54,-0.05979024,-0.12694806,-0.16800746,-0.08847461,,4H EMA 空头排列；4H MACD 尚未确认多头；4H RSI 偏弱
1769,LTC,LTC PROPERTIES REIT,Real Estate,Early,Russell,1521,5.6,26.53,19.65,85.38,56.52,36.98,37.2,32.18,15.0,bearish_transition,25.0,bearish_proxy,47.44,47.99,0.0,36,bearish_transition,50,mixed_or_bearish,31.04,38.68,0.19,0.00886802,-0.07108547,-0.01389415,0.03866804,4H MACD 柱体连续扩张,4H EMA 转弱或跌破 EMA26；4H MACD 尚未确认多头；4H RSI 偏弱
1770,MIRM,MIRUM PHARMACEUTICALS,Health Care,Early,Russell,1821,5.57,24.53,25.9,19.81,56.52,31.31,30.9,25.22,15.0,bearish_transition,25.0,bearish_proxy,25.11,46.27,0.0,22,confirmed_bearish_trend,50,mixed_or_bearish,35.58,105.480003,0.22,0.01073210,-0.01942918,-0.17555103,-0.05007203,4H MACD 柱体连续扩张,4H EMA 空头排列；4H MACD 尚未确认多头；4H RSI 偏弱
1771,MRTN,MARTEN TRANSPORT,Industrials,Early,Russell,1759,5.4,24.67,39.1,36.53,56.52,37.25,37.5,27.31,15.0,bearish_transition,25.0,bearish_proxy,33.35,43.67,0.0,22,confirmed_bearish_trend,72,fresh_below_zero_cross,33.51,14.92,0.47,-0.00599600,-0.00500167,-0.13406849,-0.12977544,4H MACD 刚金叉但仍需零轴确认；4H MACD 柱体连续扩张,4H EMA 空头排列；4H RSI 偏弱
1772,AMPY,AMPLIFY ENERGY,Energy,Early,Russell,1319,5.21,30.57,51.7,67.88,56.52,38.06,38.4,37.02,15.0,bearish_transition,49.8,bullish_below_zero_proxy,43.99,45.8,0.0,28,confirmed_bearish_trend,58,bullish_above_signal,46.93,3.871,0.2,-0.04772448,0.01601050,-0.02738693,-0.01250000,4H MACD 位于 Signal 上方,4H EMA 空头排列
1773,TREE,LENDINGTREE,Financials,Early,Russell,1839,5.17,23.66,25.9,19.19,56.52,31.31,30.9,24.36,15.0,bearish_transition,25.0,bearish_proxy,24.41,41.88,0.0,22,confirmed_bearish_trend,50,mixed_or_bearish,34.64,33.459999,0.49,0.01609472,-0.15119227,-0.25891478,-0.08902807,4H MACD 柱体连续扩张,4H EMA 空头排列；4H MACD 尚未确认多头；4H RSI 偏弱
1774,EXTR,EXTREME NETWORKS,Information Technology,Early,Russell,1771,4.99,25.14,22.3,24.11,56.52,25.37,24.3,27.12,18.0,bearish_transition,26.35,bearish_proxy,27.46,45.99,0.0,22,confirmed_bearish_trend,28,fresh_bearish_cross,34.25,26.525,0.32,-0.17264507,-0.08754730,-0.11642239,-0.15619530,,4H EMA 空头排列；4H MACD 最近死叉；4H RSI 偏弱
1775,UE,URBAN EDGE PROPERTIES,Real Estate,Early,Russell,1603,4.8,26.06,25.9,64.44,56.52,29.15,28.5,30.8,15.0,bearish_transition,25.0,bearish_proxy,43.26,47.15,0.0,22,confirmed_bearish_trend,42,mixed_or_bearish,33.5,22.075001,0.18,-0.01450888,-0.03979987,-0.04250700,-0.03644692,,4H EMA 空头排列；4H MACD 尚未确认多头；4H RSI 偏弱
1776,TRTX,TPG RE FINANCE TRUST INC,Financials,Early,Russell,1551,4.55,26.13,19.65,79.32,56.52,31.31,30.9,31.59,15.0,bearish_transition,25.0,bearish_proxy,46.33,46.27,0.0,22,confirmed_bearish_trend,50,mixed_or_bearish,31.98,7.935,0.22,-0.00812500,-0.03525836,-0.05535714,-0.08159722,4H MACD 柱体连续扩张,4H EMA 空头排列；4H MACD 尚未确认多头；4H RSI 偏弱
1777,POR,PORTLAND GENERAL ELECTRIC,Utilities,Early,Russell,1628,4.32,25.87,25.9,61.72,56.52,29.15,28.5,30.44,15.0,bearish_transition,25.0,bearish_proxy,42.39,46.48,0.0,22,confirmed_bearish_trend,42,mixed_or_bearish,32.48,49.125,0.39,-0.02423281,-0.02355398,-0.06588705,-0.03714230,,4H EMA 空头排列；4H MACD 尚未确认多头；4H RSI 偏弱
1778,NJR,NEW JERSEY RESOURCES CORP,Utilities,Early,Russell,1560,3.83,26.23,19.65,74.24,56.52,34.82,34.8,31.49,15.0,bearish_transition,25.0,bearish_proxy,45.57,47.11,0.0,36,bearish_transition,42,mixed_or_bearish,29.41,54.970001,0.47,-0.02626098,-0.07520185,-0.04366735,-0.02157271,,4H EMA 转弱或跌破 EMA26；4H MACD 尚未确认多头；4H RSI 偏弱
1779,TDC,TERADATA,Information Technology,Early,Russell,1732,3.44,27.57,22.3,8.11,56.52,25.37,24.3,28.02,18.0,bearish_transition,51.15,bullish_below_zero_proxy,12.97,39.59,0.0,22,confirmed_bearish_trend,28,fresh_bearish_cross,36.38,26.815001,0.44,-0.20477461,-0.12440813,-0.26473813,-0.13930348,,4H EMA 空头排列；4H MACD 最近死叉；4H RSI 偏弱
1780,IOVA,IOVANCE BIOTHERAPEUTICS INC,Health Care,Early,Russell,1329,3.32,38.3,40.9,66.03,56.52,39.14,39.6,36.82,35.0,mixed_sideways,25.0,bearish_proxy,43.56,46.71,0.0,36,bearish_transition,50,mixed_or_bearish,45.43,4.425,0.14,0.00226501,-0.03066813,0.01841197,-0.00286184,4H MACD 柱体连续扩张,4H EMA 转弱或跌破 EMA26；4H MACD 尚未确认多头
1781,METCB,RAMACO RESOURCES CLASS B,Materials,Early,Russell,1858,3.09,23.23,22.3,15.91,56.52,25.37,24.3,23.09,15.0,bearish_transition,25.0,bearish_proxy,20.57,41.11,0.0,22,confirmed_bearish_trend,28,fresh_bearish_cross,35.24,6.33,0.18,-0.01093750,-0.02914110,-0.19619048,-0.32587859,,4H EMA 空头排列；4H MACD 最近死叉；4H RSI 偏弱
1782,UHT,UNIVERSAL HEALTH REALTY INCOME TRU,Real Estate,Early,Russell,1656,3.06,25.74,25.9,53.57,56.52,34.82,34.8,29.87,15.0,bearish_transition,25.0,bearish_proxy,40.44,46.59,0.0,36,bearish_transition,42,mixed_or_bearish,33.17,42.0,0.27,-0.01060073,-0.06145251,-0.05106186,0.05105108,,4H EMA 转弱或跌破 EMA26；4H MACD 尚未确认多头；4H RSI 偏弱
1783,MDXG,MIMEDX GROUP,Health Care,Early,Russell,1089,2.8,39.77,40.9,59.16,56.52,39.41,39.9,41.12,35.0,mixed_sideways,25.0,bearish_proxy,56.58,49.32,0.0,38,bearish_transition,42,mixed_or_bearish,48.01,4.185,0.15,-0.00946746,-0.00829384,-0.00475624,0.12198391,4H RSI 位于健康强势区间,4H EMA 转弱或跌破 EMA26；4H MACD 尚未确认多头
1784,TENX,TENAX THERAPEUTICS INC,Health Care,Early,Russell,1914,2.78,22.15,25.9,6.77,56.52,29.15,28.5,19.52,15.0,bearish_transition,25.0,bearish_proxy,9.31,39.86,0.0,22,confirmed_bearish_trend,42,mixed_or_bearish,35.73,13.08,0.37,-0.03823529,-0.11800405,-0.24697759,-0.03823529,,4H EMA 空头排列；4H MACD 尚未确认多头；4H RSI 偏弱
1785,MNTK,MONTAUK RENEWABLES INC,Utilities,Early,Russell,1328,2.77,38.68,40.9,61.47,56.52,36.98,37.2,36.84,35.0,mixed_sideways,25.0,bearish_proxy,42.36,49.22,0.0,36,bearish_transition,42,mixed_or_bearish,45.28,1.685,0.03,-0.02034884,-0.05337079,0.02743902,0.07324841,,4H EMA 转弱或跌破 EMA26；4H MACD 尚未确认多头
1786,ARKO,ARKO,Consumer Discretionary,Early,Russell,1676,2.69,25.39,25.9,51.92,56.52,29.15,28.5,29.44,15.0,bearish_transition,25.0,bearish_proxy,39.82,44.96,0.0,22,confirmed_bearish_trend,42,mixed_or_bearish,33.19,7.345,0.55,-0.02843915,-0.05164622,-0.06433121,-0.04980595,,4H EMA 空头排列；4H MACD 尚未确认多头；4H RSI 偏弱
1787,AVA,AVISTA,Utilities,Early,Russell,1602,2.52,26.0,19.65,66.03,56.52,29.15,28.5,30.82,15.0,bearish_transition,25.0,bearish_proxy,43.56,46.71,0.0,22,confirmed_bearish_trend,42,mixed_or_bearish,26.44,38.610001,0.25,-0.02364388,-0.06930216,-0.06377306,-0.05065151,,4H EMA 空头排列；4H MACD 尚未确认多头；4H RSI 偏弱
1788,RBBN,RIBBON COMMUNICATIONS,Information Technology,Early,Russell,1391,2.36,30.04,51.7,50.08,56.52,38.06,38.4,35.46,15.0,bearish_transition,49.8,bullish_below_zero_proxy,39.26,44.85,0.0,28,confirmed_bearish_trend,58,bullish_above_signal,47.57,2.117,0.13,-0.04639640,-0.03990930,0.00331754,-0.11975052,4H MACD 位于 Signal 上方,4H EMA 空头排列
1789,TARA,PROTARA THERAPEUTICS INC,Health Care,Early,Russell,1397,2.07,30.14,51.7,47.92,56.52,45.35,46.5,35.35,15.0,bearish_transition,49.8,bullish_below_zero_proxy,38.49,45.7,0.0,42,bearish_transition,58,bullish_above_signal,49.74,4.01,0.2,-0.01353014,0.04973822,-0.06088993,0.00124844,4H MACD 位于 Signal 上方；4H RSI 位于健康强势区间,4H EMA 转弱或跌破 EMA26
1790,AQST,AQUESTIVE THERAPEUTICS INC,Health Care,Early,Russell,1153,1.96,33.88,51.7,38.48,56.52,46.3,47.55,39.56,15.0,bearish_transition,71.8,fresh_below_zero_cross_proxy,34.57,44.91,0.0,39,bearish_transition,66,bullish_above_signal,48.8,3.795,0.11,0.03830369,0.04979253,-0.12152778,-0.24477612,4H MACD 位于 Signal 上方；4H MACD 柱体连续扩张；4H RSI 位于健康强势区间,4H EMA 转弱或跌破 EMA26
1791,HE,HAWAIIAN ELECTRIC INDUSTRIES,Utilities,Early,Russell,1635,1.41,25.81,19.65,59.11,56.52,29.15,28.5,30.27,15.0,bearish_transition,25.0,bearish_proxy,41.89,46.38,0.0,22,confirmed_bearish_trend,42,mixed_or_bearish,29.3,12.555,0.34,-0.01335953,-0.03977055,-0.05990266,-0.04269920,,4H EMA 空头排列；4H MACD 尚未确认多头；4H RSI 偏弱
1792,TRC,TEJON RANCH,Real Estate,Early,Russell,1634,1.35,25.89,19.65,58.54,56.52,29.15,28.5,30.3,15.0,bearish_transition,25.0,bearish_proxy,41.75,46.85,0.0,22,confirmed_bearish_trend,42,mixed_or_bearish,17.35,16.52,0.24,-0.01431981,-0.03278689,-0.09578544,-0.12314225,,4H EMA 空头排列；4H MACD 尚未确认多头；4H RSI 偏弱
1793,ICHR,ICHOR HOLDINGS,Information Technology,Early,Russell,1912,1.32,22.06,22.3,6.88,56.52,25.37,24.3,19.67,15.0,bearish_transition,25.0,bearish_proxy,10.22,39.04,0.0,22,confirmed_bearish_trend,28,fresh_bearish_cross,37.95,67.029999,0.17,-0.06643459,0.07575025,-0.21196802,-0.27299348,,4H EMA 空头排列；4H MACD 最近死叉；4H RSI 偏弱
1794,GLRE,GREENLIGHT CAPITAL LTD CLASS A,Financials,Early,Russell,1586,1.13,26.03,19.65,56.7,56.52,29.15,28.5,31.13,18.0,bearish_transition,26.35,bearish_proxy,41.2,45.24,0.0,22,confirmed_bearish_trend,42,mixed_or_bearish,31.97,15.46,0.31,-0.05932455,-0.11404017,-0.05760445,-0.05961076,,4H EMA 空头排列；4H MACD 尚未确认多头；4H RSI 偏弱
1795,PLTK,PLAYTIKA HOLDING CORP,Communication,Early,Russell,1405,0.9,36.88,37.3,62.8,56.52,35.23,35.25,34.99,35.0,mixed_sideways,20.0,fresh_bearish_cross_proxy,42.69,44.54,0.0,41,bearish_transition,28,fresh_bearish_cross,46.8,3.89,0.45,-0.03950617,-0.03473945,0.03183024,-0.01767677,,4H EMA 转弱或跌破 EMA26；4H MACD 最近死叉
1796,ADV,ADVANTAGE SOLUTIONS CLASS A,Communication,Early,Russell,1923,0.85,21.06,22.3,6.05,56.52,26.09,25.1,18.5,18.0,bearish_transition,21.35,fresh_bearish_cross_proxy,7.15,37.43,0.0,22,confirmed_bearish_trend,28,fresh_bearish_cross,34.98,32.099998,0.87,-0.20897002,-0.25746014,-0.19285899,-0.19589179,,4H EMA 空头排列；4H MACD 最近死叉；4H RSI 偏弱
1797,BETR,BETTER HOME FINANCE HOLDING CLASS,Financials,Early,Russell,1926,0.83,21.44,22.3,5.03,56.52,25.37,24.3,17.84,15.0,bearish_transition,25.0,bearish_proxy,4.67,37.93,0.0,22,confirmed_bearish_trend,28,fresh_bearish_cross,36.06,17.51,0.15,0.00057709,-0.15123602,-0.37195120,-0.31788079,,4H EMA 空头排列；4H MACD 最近死叉；4H RSI 偏弱
1798,IVT,INVENTRUST PROPERTIES,Real Estate,Early,Russell,1651,0.67,25.77,19.65,54.28,56.52,29.87,29.3,29.95,15.0,bearish_transition,25.0,bearish_proxy,40.68,46.64,0.0,22,confirmed_bearish_trend,42,mixed_or_bearish,25.71,33.560001,0.7,-0.01957344,-0.06230791,-0.06125871,-0.04196397,,4H EMA 空头排列；4H MACD 尚未确认多头；4H RSI 偏弱
1799,AROC,ARCHROCK INC,Energy,Early,Russell,1646,0.57,25.65,22.3,46.79,56.52,25.37,24.3,30.01,18.0,bearish_transition,26.35,bearish_proxy,37.79,44.56,0.0,22,confirmed_bearish_trend,28,fresh_bearish_cross,33.82,34.330002,0.54,-0.03513209,-0.02305057,-0.09503095,-0.12087060,,4H EMA 空头排列；4H MACD 最近死叉；4H RSI 偏弱
1800,VPG,VISHAY PRECISION GROUP,Information Technology,Early,Russell,1929,0.5,21.2,22.3,3.39,56.52,25.37,24.3,17.38,18.0,bearish_transition,25.0,bearish_proxy,0.55,37.11,0.0,22,confirmed_bearish_trend,28,fresh_bearish_cross,34.05,76.209999,0.24,-0.24017949,-0.06099069,-0.29617658,-0.43167159,,4H EMA 空头排列；4H MACD 最近死叉；4H RSI 偏弱
1801,AAT,AMERICAN ASSETS TRUST REIT,Real Estate,Early,Russell,1661,0.37,25.7,19.65,52.44,56.52,29.15,28.5,29.74,15.0,bearish_transition,25.0,bearish_proxy,40.05,46.51,0.0,22,confirmed_bearish_trend,42,mixed_or_bearish,30.0,22.950001,0.13,-0.01247844,-0.03246197,-0.08089700,-0.05594398,,4H EMA 空头排列；4H MACD 尚未确认多头；4H RSI 偏弱
1802,MBI,MBIA INC,Financials,Early,Russell,1830,0.3,23.81,32.85,21.14,56.52,37.25,37.5,24.81,15.0,bearish_transition,25.0,bearish_proxy,25.79,42.16,0.0,22,confirmed_bearish_trend,72,fresh_below_zero_cross,28.98,5.26,0.08,0.00095147,-0.02230483,-0.20902256,-0.16242038,4H MACD 刚金叉但仍需零轴确认；4H MACD 柱体连续扩张,4H EMA 空头排列；4H RSI 偏弱
1803,LXU,LSB INDUSTRIES,Materials,Early,Russell,1671,0.26,25.41,19.65,52.33,56.52,31.31,30.9,29.5,15.0,bearish_transition,25.0,bearish_proxy,40.0,45.0,0.0,22,confirmed_bearish_trend,50,mixed_or_bearish,27.35,9.79,0.23,-0.00508130,-0.14497817,-0.10919017,-0.11322464,4H MACD 柱体连续扩张,4H EMA 空头排列；4H MACD 尚未确认多头；4H RSI 偏弱
1804,BCBP,BCB BANCORP INC,Financials,Early,Russell,1624,0.12,25.83,19.65,50.49,56.52,29.15,28.5,30.54,18.0,bearish_transition,26.35,bearish_proxy,39.39,44.88,0.0,22,confirmed_bearish_trend,42,mixed_or_bearish,21.55,8.785,0.55,-0.04924242,-0.14874031,-0.13703340,-0.17627754,,4H EMA 空头排列；4H MACD 尚未确认多头；4H RSI 偏弱
1805,BFS,SAUL CENTERS REIT INC,Real Estate,Early,Russell,1670,0.1,25.63,19.65,50.8,56.52,29.15,28.5,29.55,15.0,bearish_transition,25.0,bearish_proxy,39.47,46.39,0.0,22,confirmed_bearish_trend,42,mixed_or_bearish,28.92,33.580002,0.37,-0.01524915,-0.03671827,-0.08226286,-0.08725194,,4H EMA 空头排列；4H MACD 尚未确认多头；4H RSI 偏弱
1806,SVC,SERVICE PROPERTIES TRUST,Real Estate,Early,Russell,1752,0.02,24.91,25.9,35.3,56.52,31.31,30.9,27.42,15.0,bearish_transition,25.0,bearish_proxy,33.01,45.1,0.0,22,confirmed_bearish_trend,50,mixed_or_bearish,33.05,7.91,0.28,0.00828553,-0.02466091,-0.09236948,-0.07755102,4H MACD 柱体连续扩张,4H EMA 空头排列；4H MACD 尚未确认多头；4H RSI 偏弱
1807,LXEO,LEXEO THERAPEUTICS,Health Care,Early,Russell,1780,0,24.55,54.1,30.37,56.52,47.91,49.35,26.57,15.0,bearish_transition,25.0,bearish_proxy,30.68,44.14,0.0,39,bearish_transition,72,fresh_below_zero_cross,48.8,4.42,0.13,0.00568828,0.02958304,-0.07724426,-0.10071211,4H MACD 刚金叉但仍需零轴确认；4H MACD 柱体连续扩张；4H RSI 位于健康强势区间,4H EMA 转弱或跌破 EMA26
1808,CDZI,CADIZ INC,Utilities,Early,Russell,1503,0,31.5,51.7,8.52,56.52,46.3,47.55,32.56,15.0,bearish_transition,71.8,fresh_below_zero_cross_proxy,13.37,40.67,0.0,39,bearish_transition,66,bullish_above_signal,48.87,3.21,0.09,0.05592105,0.08080808,-0.21323529,-0.21033210,4H MACD 位于 Signal 上方；4H MACD 柱体连续扩张；4H RSI 位于健康强势区间,4H EMA 转弱或跌破 EMA26
1809,CNTB,CONNECT BIOPHARMA HOLDINGS LTD,Health Care,Early,Russell,1701,0,25.39,54.1,37.51,56.52,46.3,47.55,28.86,18.0,bearish_transition,26.35,bearish_proxy,33.87,44.77,0.0,39,bearish_transition,72,fresh_below_zero_cross,47.42,2.1,0.29,0.00238663,0.03448276,-0.04977376,0.00961538,4H MACD 刚金叉但仍需零轴确认；4H MACD 柱体连续扩张,4H EMA 转弱或跌破 EMA26
1810,ADCT,ADC THERAPEUTICS SA,Health Care,Early,Russell,1720,0,27.75,54.1,12.21,56.52,46.3,47.55,28.34,15.0,bearish_transition,49.8,bullish_below_zero_proxy,17.25,41.45,0.0,39,bearish_transition,72,fresh_below_zero_cross,45.47,1.115,0.3,0.03720930,0.00450450,-0.18315018,-0.03463203,4H MACD 刚金叉但仍需零轴确认；4H MACD 柱体连续扩张,4H EMA 转弱或跌破 EMA26
1811,FHTX,FOGHORN THERAPEUTICS,Health Care,Early,Russell,1763,0,35.04,54.1,9.44,56.52,46.3,47.55,27.25,35.0,mixed_sideways,25.0,bearish_proxy,14.55,40.91,0.0,39,bearish_transition,72,fresh_below_zero_cross,45.99,4.795,0.49,-0.00104167,0.01160338,-0.20216306,0.15542169,4H MACD 刚金叉但仍需零轴确认；4H MACD 柱体连续扩张,4H EMA 转弱或跌破 EMA26
1812,IMRX,IMMUNEERING CLASS A,Health Care,Early,Russell,1816,0,24.14,51.7,23.24,56.52,46.3,47.55,25.37,15.0,bearish_transition,25.0,bearish_proxy,27.04,43.41,0.0,39,bearish_transition,66,bullish_above_signal,48.11,4.34,0.19,0.00930233,0.07028360,-0.15068493,-0.04824561,4H MACD 位于 Signal 上方；4H MACD 柱体连续扩张；4H RSI 位于健康强势区间,4H EMA 转弱或跌破 EMA26
1813,PRME,PRIME MEDICINE,Health Care,Early,Russell,1859,0,23.36,51.7,15.19,56.52,46.3,47.55,23.09,15.0,bearish_transition,25.0,bearish_proxy,20.11,42.02,0.0,39,bearish_transition,66,bullish_above_signal,49.05,3.0547,0.15,0.04792453,0.00483553,-0.23248744,-0.05427245,4H MACD 位于 Signal 上方；4H MACD 柱体连续扩张；4H RSI 位于健康强势区间,4H EMA 转弱或跌破 EMA26
1814,CCCC,C4 THERAPEUTICS,Health Care,Early,Russell,1866,0,23.28,51.7,14.32,56.52,46.3,47.55,22.85,15.0,bearish_transition,25.0,bearish_proxy,19.38,41.88,0.0,39,bearish_transition,66,bullish_above_signal,48.85,3.605,0.31,0.00000000,0.02706553,-0.17031070,-0.14472123,4H MACD 位于 Signal 上方；4H MACD 柱体连续扩张；4H RSI 位于健康强势区间,4H EMA 转弱或跌破 EMA26
1815,EU,ENCORE ENERGY,Energy,Early,Russell,1471,0,29.27,51.7,34.22,56.52,44.68,45.75,33.19,15.0,bearish_transition,49.8,bullish_below_zero_proxy,32.38,43.48,0.0,39,bearish_transition,66,bullish_above_signal,47.42,1.14,0.11,-0.05000000,0.07547170,-0.10937500,-0.22448980,4H MACD 位于 Signal 上方；4H MACD 柱体连续扩张,4H EMA 转弱或跌破 EMA26
1816,IVVD,INVIVYD,Health Care,Early,Russell,1726,0,29.99,51.7,1.64,56.52,44.68,45.75,28.15,15.0,bearish_transition,71.8,fresh_below_zero_cross_proxy,0.0,38.0,0.0,39,bearish_transition,66,bullish_above_signal,45.61,0.601,0.12,0.06052585,0.11918063,-0.36716858,-0.36002556,4H MACD 位于 Signal 上方；4H MACD 柱体连续扩张,4H EMA 转弱或跌破 EMA26
1817,ELDN,ELEDON PHARMACEUTICALS INC,Health Care,Early,Russell,1818,0,24.56,43.7,20.32,56.52,44.68,45.75,25.3,15.0,bearish_transition,25.0,bearish_proxy,25.34,46.32,0.0,39,bearish_transition,66,bullish_above_signal,42.13,3.465,0.11,-0.00858369,0.04682779,-0.11944091,-0.12055838,4H MACD 位于 Signal 上方；4H MACD 柱体连续扩张,4H EMA 转弱或跌破 EMA26
1818,MGNX,MACROGENICS INC,Health Care,Early,Russell,1890,0,22.91,51.7,11.19,56.52,44.68,45.75,21.75,15.0,bearish_transition,25.0,bearish_proxy,16.07,41.21,0.0,39,bearish_transition,66,bullish_above_signal,47.89,3.92,0.06,0.01423027,0.07103825,-0.17212249,-0.16506922,4H MACD 位于 Signal 上方；4H MACD 柱体连续扩张,4H EMA 转弱或跌破 EMA26
1819,REAX,REAL BROKERAGE,Real Estate,Early,Russell,1900,0,22.75,51.7,8.93,56.52,44.68,45.75,21.08,15.0,bearish_transition,25.0,bearish_proxy,13.8,41.26,0.0,39,bearish_transition,66,bullish_above_signal,45.28,1.705,0.16,0.00589971,0.02710843,-0.23883929,-0.02849003,4H MACD 位于 Signal 上方；4H MACD 柱体连续扩张,4H EMA 转弱或跌破 EMA26
1820,LFMD,LIFEMD INC,Health Care,Early,Russell,1901,0,22.67,51.7,9.03,56.52,44.68,45.75,21.06,15.0,bearish_transition,25.0,bearish_proxy,13.98,40.8,0.0,39,bearish_transition,66,bullish_above_signal,47.75,3.845,0.27,0.00786370,0.05631868,-0.21128205,-0.15401540,4H MACD 位于 Signal 上方；4H MACD 柱体连续扩张,4H EMA 转弱或跌破 EMA26
1821,LODE,COMSTOCK INC,Energy,Early,Russell,1921,0,21.71,43.7,5.8,56.52,44.68,45.75,18.64,15.0,bearish_transition,25.0,bearish_proxy,7.09,38.42,0.0,39,bearish_transition,66,bullish_above_signal,43.29,3.07,0.07,0.01313445,0.13284133,-0.20978121,-0.28438228,4H MACD 位于 Signal 上方；4H MACD 柱体连续扩张,4H EMA 转弱或跌破 EMA26
1822,NKTX,NKARTA,Health Care,Early,Russell,1931,0,21.13,43.7,3.28,56.52,44.68,45.75,16.53,15.0,bearish_transition,25.0,bearish_proxy,0.23,38.05,0.0,39,bearish_transition,66,bullish_above_signal,41.58,2.205,0.19,-0.02863436,0.04255319,-0.34277198,-0.26986755,4H MACD 位于 Signal 上方；4H MACD 柱体连续扩张,4H EMA 转弱或跌破 EMA26
1823,VYGR,VOYAGER THERAPEUTICS,Health Care,Early,Russell,1592,0,28.66,51.7,20.42,56.52,44.13,45.15,31.02,15.0,bearish_transition,49.8,bullish_below_zero_proxy,25.36,43.07,0.0,39,bearish_transition,58,bullish_above_signal,49.53,3.105,0.28,0.00850981,0.03672788,-0.17420213,-0.15853659,4H MACD 位于 Signal 上方；4H RSI 位于健康强势区间,4H EMA 转弱或跌破 EMA26
1824,AMTX,AEMETIS INC,Energy,Early,Russell,1682,0,28.02,51.7,12.11,56.52,44.13,45.15,29.34,18.0,bearish_transition,51.15,bullish_below_zero_proxy,16.97,40.39,0.0,39,bearish_transition,58,bullish_above_signal,48.66,1.5589,0.54,-0.02872274,0.10953737,-0.12421348,-0.13394444,4H MACD 位于 Signal 上方；4H RSI 位于健康强势区间,4H EMA 转弱或跌破 EMA26
1825,RR,RICHTECH ROBOTICS CLASS B,Industrials,Early,Russell,1697,0,27.81,51.7,14.32,56.52,43.73,44.7,28.9,15.0,bearish_transition,49.8,bullish_below_zero_proxy,19.38,40.88,0.0,42,bearish_transition,58,bullish_above_signal,47.96,1.54,0.17,-0.06063194,0.13235294,-0.15616438,-0.23950617,4H MACD 位于 Signal 上方,4H EMA 转弱或跌破 EMA26
1826,ALXO,ALX ONCOLOGY HOLDINGS INC,Health Care,Early,Russell,1744,0,35.2,46.1,11.08,56.52,42.92,43.8,27.73,35.0,mixed_sideways,25.0,bearish_proxy,16.0,41.2,0.0,36,bearish_transition,64,fresh_below_zero_cross,44.35,1.93,0.24,-0.02770781,-0.00771208,-0.18046709,0.09971510,4H MACD 刚金叉但仍需零轴确认,4H EMA 转弱或跌破 EMA26
1827,BTBT,BIT DIGITAL,Information Technology,Early,Russell,1662,0,28.09,51.7,17.03,56.52,42.52,43.35,29.72,15.0,bearish_transition,49.8,bullish_below_zero_proxy,21.89,41.38,0.0,39,bearish_transition,58,bullish_above_signal,46.84,1.3901,0.11,0.00007194,0.13108218,-0.15751515,-0.34737089,4H MACD 位于 Signal 上方,4H EMA 转弱或跌破 EMA26
1828,MVST,MICROVAST HOLDINGS,Industrials,Early,Russell,1663,0,28.14,51.7,12.83,56.52,42.52,43.35,29.72,18.0,bearish_transition,51.15,bullish_below_zero_proxy,18.12,40.62,0.0,39,bearish_transition,58,bullish_above_signal,46.97,0.8422,0.33,-0.04055594,0.17642129,-0.21655814,-0.33945098,4H MACD 位于 Signal 上方,4H EMA 转弱或跌破 EMA26
1829,STXS,STEREOTAXIS INC,Health Care,Early,Russell,1678,0,30.43,51.7,4.82,56.52,42.52,43.35,29.43,15.0,bearish_transition,71.8,fresh_below_zero_cross_proxy,3.89,38.78,0.0,39,bearish_transition,58,bullish_above_signal,46.33,1.3711,0.13,-0.04452962,0.02320896,-0.24457300,-0.22096591,4H MACD 位于 Signal 上方,4H EMA 转弱或跌破 EMA26
1830,POWW,OUTDOOR HOLDING,Consumer Discretionary,Early,Russell,1728,0,24.93,51.7,42.07,56.52,42.52,43.35,28.1,15.0,bearish_transition,25.0,bearish_proxy,35.75,44.15,0.0,39,bearish_transition,58,bullish_above_signal,47.84,2.18,0.25,-0.00909091,0.01395349,-0.08403361,-0.03111111,4H MACD 位于 Signal 上方,4H EMA 转弱或跌破 EMA26
1831,CD,CHAINCE DIGITAL HOLDINGS INC,Financials,Early,Russell,1855,0,25.87,51.7,4.0,56.52,42.52,43.35,23.21,15.0,bearish_transition,49.8,bullish_below_zero_proxy,2.17,37.43,0.0,39,bearish_transition,58,bullish_above_signal,47.15,3.04,0.09,-0.01298701,0.06293706,-0.29792148,-0.34903640,4H MACD 位于 Signal 上方,4H EMA 转弱或跌破 EMA26
1832,FLYX,FLYEXCLUSIVE INC CLASS A,Industrials,Early,Russell,1856,0,25.86,51.7,3.9,56.52,42.52,43.35,23.19,15.0,bearish_transition,49.8,bullish_below_zero_proxy,2.11,37.42,0.0,39,bearish_transition,58,bullish_above_signal,47.57,1.235,0.02,-0.01984127,-0.00314795,-0.31767956,-0.40193705,4H MACD 位于 Signal 上方,4H EMA 转弱或跌破 EMA26
1833,TRON,TRON INC,Consumer Discretionary,Early,Russell,1453,0,29.43,40.9,37.35,56.52,39.82,40.35,33.67,15.0,bearish_transition,49.8,bullish_below_zero_proxy,33.84,43.77,0.0,39,bearish_transition,42,mixed_or_bearish,49.41,1.485,0.1,-0.01980198,0.01365188,-0.03571429,-0.02302632,4H RSI 位于健康强势区间,4H EMA 转弱或跌破 EMA26；4H MACD 尚未确认多头
1834,NRGV,ENERGY VAULT HOLDINGS,Industrials,Early,Russell,1826,0,26.44,51.7,6.16,56.52,39.68,40.2,24.9,15.0,bearish_transition,49.8,bullish_below_zero_proxy,7.26,38.45,0.0,28,confirmed_bearish_trend,58,bullish_above_signal,48.09,3.03,0.21,-0.06912442,0.20717131,-0.20158103,-0.28789659,4H MACD 位于 Signal 上方；4H RSI 位于健康强势区间,4H EMA 空头排列
1835,GEMI,GEMINI SPACE STATION INC CLASS A,Financials,Early,Russell,1723,0,24.97,46.1,43.41,56.52,39.41,39.9,28.2,15.0,bearish_transition,25.0,bearish_proxy,36.06,44.21,0.0,22,confirmed_bearish_trend,72,fresh_below_zero_cross,44.47,4.0689,0.14,-0.01598549,-0.00027027,-0.02774194,-0.08047458,4H MACD 刚金叉但仍需零轴确认；4H MACD 柱体连续扩张,4H EMA 空头排列
1836,BRCC,BRC INC CLASS A,Consumer Staples,Early,Russell,1841,0,23.94,46.1,17.75,56.52,39.41,39.9,24.08,15.0,bearish_transition,25.0,bearish_proxy,22.32,44.21,0.0,22,confirmed_bearish_trend,72,fresh_below_zero_cross,44.34,1.035,0.08,0.01970443,-0.00956938,-0.12658228,-0.16194332,4H MACD 刚金叉但仍需零轴确认；4H MACD 柱体连续扩张,4H EMA 空头排列
1837,SSP,EW SCRIPPS CLASS A,Communication,Early,Russell,1739,0,24.75,40.9,42.18,56.52,39.14,39.6,27.95,15.0,bearish_transition,25.0,bearish_proxy,35.77,43.15,0.0,36,bearish_transition,50,mixed_or_bearish,46.12,2.87,0.09,0.01592920,-0.02546689,-0.08888889,0.01592920,4H MACD 柱体连续扩张,4H EMA 转弱或跌破 EMA26；4H MACD 尚未确认多头
1838,CABA,CABALETTA BIO,Health Care,Early,Russell,1578,0,28.93,51.7,34.07,12.65,38.38,38.75,31.23,18.0,bearish_transition,49.8,bullish_below_zero_proxy,32.35,44.47,3.0,25,confirmed_bearish_trend,58,bullish_above_signal,46.71,2.705,1.75,-0.01814882,0.03244275,-0.12175325,-0.09983361,4H MACD 位于 Signal 上方,4H EMA 空头排列
1839,EVGO,EVGO INC CLASS A,Consumer Discretionary,Early,Russell,1588,0,28.47,43.7,18.27,56.52,38.06,38.4,31.1,18.0,bearish_transition,49.8,bullish_below_zero_proxy,23.33,41.67,0.0,28,confirmed_bearish_trend,58,bullish_above_signal,43.38,1.535,0.24,-0.12295738,-0.01286174,-0.15890411,-0.19633508,4H MACD 位于 Signal 上方,4H EMA 空头排列
1840,ARMP,ARMATA PHARMACEUTICALS,Health Care,Early,Russell,1707,0,28.31,51.7,11.8,56.52,38.06,38.4,28.69,15.0,bearish_transition,49.8,bullish_below_zero_proxy,16.82,44.61,0.0,28,confirmed_bearish_trend,58,bullish_above_signal,46.74,4.655,0.26,-0.17023173,0.02060952,-0.13636364,-0.32828283,4H MACD 位于 Signal 上方,4H EMA 空头排列
1841,ASPI,ASP ISOTOPES INC,Materials,Early,Russell,1741,0,27.47,51.7,11.39,56.52,38.06,38.4,27.92,15.0,bearish_transition,49.8,bullish_below_zero_proxy,16.44,40.29,0.0,28,confirmed_bearish_trend,58,bullish_above_signal,46.11,4.06,0.15,-0.04806565,0.14689266,-0.19762846,-0.42574257,4H MACD 位于 Signal 上方,4H EMA 空头排列
1842,EOSE,EOS ENERGY ENTERPRISES CLASS A,Industrials,Early,Russell,1748,0,27.42,51.7,7.7,56.52,38.06,38.4,27.59,18.0,bearish_transition,51.15,bullish_below_zero_proxy,11.69,39.34,0.0,28,confirmed_bearish_trend,58,bullish_above_signal,47.62,3.7683,0.23,-0.11852632,0.20009554,-0.20331924,-0.41923403,4H MACD 位于 Signal 上方,4H EMA 空头排列
1843,FJET,STARFIGHTERS SPACE INC,Industrials,Early,Russell,1774,0,27.15,51.7,8.72,56.52,38.06,38.4,26.97,15.0,bearish_transition,49.8,bullish_below_zero_proxy,13.54,39.71,0.0,28,confirmed_bearish_trend,58,bullish_above_signal,46.46,3.7399,0.25,-0.05078680,0.08089595,-0.19572043,-0.17439679,4H MACD 位于 Signal 上方,4H EMA 空头排列
1844,LVWR,LIVEWIRE GROUP,Consumer Discretionary,Early,Russell,444,0,49.82,40.9,5.54,56.52,37.79,38.1,59.71,35.0,mixed_sideways,61.8,bullish_above_signal_proxy,85.49,54.1,0.0,38,bearish_transition,42,mixed_or_bearish,45.69,1.335,0.0,0.00375940,-0.47233202,0.46688789,0.29611650,,4H EMA 转弱或跌破 EMA26；4H MACD 尚未确认多头
1845,HTZ,HERTZ GLOBAL HLDGS INC,Industrials,Early,Russell,1846,0,25.99,32.85,4.52,56.52,37.25,37.5,23.56,15.0,bearish_transition,49.8,bullish_below_zero_proxy,3.22,37.64,0.0,22,confirmed_bearish_trend,72,fresh_below_zero_cross,30.72,1.52,0.26,-0.01935484,-0.08708709,-0.27446301,-0.70049261,4H MACD 刚金叉但仍需零轴确认；4H MACD 柱体连续扩张,4H EMA 空头排列；4H RSI 偏弱
1846,ASTH,ASTRANA HEALTH,Health Care,Early,Russell,1860,0,23.36,32.85,15.03,56.52,37.25,37.5,23.08,15.0,bearish_transition,25.0,bearish_proxy,20.08,42.02,0.0,22,confirmed_bearish_trend,72,fresh_below_zero_cross,30.08,36.145,0.2,0.01502384,-0.00945470,-0.23144800,-0.12184159,4H MACD 刚金叉但仍需零轴确认；4H MACD 柱体连续扩张,4H EMA 空头排列；4H RSI 偏弱
1847,GALT,GALECTIN THERAPEUTICS INC,Health Care,Early,Russell,1936,0,21.1,39.1,1.64,56.52,37.25,37.5,16.45,15.0,bearish_transition,25.0,bearish_proxy,0.0,38.0,0.0,22,confirmed_bearish_trend,72,fresh_below_zero_cross,37.27,3.05,0.25,0.06830123,-0.12607450,-0.33839479,-0.02524768,4H MACD 刚金叉但仍需零轴确认；4H MACD 柱体连续扩张,4H EMA 空头排列；4H RSI 偏弱
1848,MPLT,MAPLIGHT THERAPEUTICS,Health Care,Early,Russell,1939,0,21.1,32.85,1.64,56.52,37.25,37.5,16.45,15.0,bearish_transition,25.0,bearish_proxy,0.0,38.0,0.0,22,confirmed_bearish_trend,72,fresh_below_zero_cross,27.45,13.03,0.07,0.02598425,-0.13191206,-0.64840800,-0.54456485,4H MACD 刚金叉但仍需零轴确认；4H MACD 柱体连续扩张,4H EMA 空头排列；4H RSI 偏弱
1849,EVH,EVOLENT HEALTH CLASS A,Health Care,Early,Russell,1942,0,21.1,32.85,1.64,56.52,37.25,37.5,16.45,15.0,bearish_transition,25.0,bearish_proxy,0.0,38.0,0.0,22,confirmed_bearish_trend,72,fresh_below_zero_cross,24.85,3.075,0.17,-0.00324149,-0.06676783,-0.43784278,-0.36004162,4H MACD 刚金叉但仍需零轴确认；4H MACD 柱体连续扩张,4H EMA 空头排列；4H RSI 偏弱
1850,BORR,BORR DRILLING,Energy,Early,Russell,1456,0,29.4,43.7,37.04,56.52,36.84,37.05,33.58,15.0,bearish_transition,49.8,bullish_below_zero_proxy,33.58,43.72,0.0,25,confirmed_bearish_trend,58,bullish_above_signal,44.15,3.98,0.54,-0.01728395,0.03511053,-0.10862262,-0.06242638,4H MACD 位于 Signal 上方,4H EMA 空头排列
1851,VENU,VENU HOLDING CORP,Consumer Discretionary,Early,Russell,1475,0,29.25,43.7,33.66,56.52,36.84,37.05,33.15,15.0,bearish_transition,49.8,bullish_below_zero_proxy,32.27,43.45,0.0,25,confirmed_bearish_trend,58,bullish_above_signal,43.43,2.185,0.15,-0.05206074,0.04545455,-0.06223176,-0.32561728,4H MACD 位于 Signal 上方,4H EMA 空头排列
1852,SLDP,SOLID POWER INC CLASS A,Consumer Discretionary,Early,Russell,1606,0,28.43,43.7,19.6,56.52,36.84,37.05,30.73,15.0,bearish_transition,49.8,bullish_below_zero_proxy,24.95,41.99,0.0,25,confirmed_bearish_trend,58,bullish_above_signal,42.9,2.095,0.14,-0.08315098,0.04488778,-0.13250518,-0.23260073,4H MACD 位于 Signal 上方,4H EMA 空头排列
1853,AGNT,AGNT INC,Real Estate,Early,Russell,1669,0,28.24,43.7,16.11,56.52,36.84,37.05,29.56,15.0,bearish_transition,49.8,bullish_below_zero_proxy,20.71,42.64,0.0,25,confirmed_bearish_trend,58,bullish_above_signal,44.49,4.035,0.16,-0.03353293,0.05078125,-0.18649194,-0.15408805,4H MACD 位于 Signal 上方,4H EMA 空头排列
1854,PLUG,PLUG POWER,Industrials,Early,Russell,1690,0,27.88,51.7,15.03,56.52,36.84,37.05,29.13,15.0,bearish_transition,49.8,bullish_below_zero_proxy,20.08,41.02,0.0,25,confirmed_bearish_trend,58,bullish_above_signal,46.46,2.085,0.12,-0.04137931,0.09736842,-0.16096579,-0.22920518,4H MACD 位于 Signal 上方,4H EMA 空头排列
1855,KEEL,KEEL INFRASTRUCTURE CORP,Information Technology,Early,Russell,1713,0,27.67,43.7,13.03,56.52,36.84,37.05,28.51,15.0,bearish_transition,49.8,bullish_below_zero_proxy,18.22,40.64,0.0,25,confirmed_bearish_trend,58,bullish_above_signal,44.44,3.925,0.12,-0.07538280,0.23622047,-0.11599099,-0.40440061,4H MACD 位于 Signal 上方,4H EMA 空头排列
1856,SND,SMART SAND INC,Energy,Early,Russell,1740,0,24.88,43.7,39.82,56.52,36.84,37.05,27.93,15.0,bearish_transition,25.0,bearish_proxy,35.24,44.05,0.0,25,confirmed_bearish_trend,58,bullish_above_signal,40.71,4.245,0.25,-0.03522727,0.02166065,-0.10819328,-0.10537408,4H MACD 位于 Signal 上方,4H EMA 空头排列
1857,DOUG,DOUGLAS ELLIMAN INC,Real Estate,Early,Russell,1760,0,24.87,51.7,34.79,56.52,36.84,37.05,27.31,15.0,bearish_transition,25.0,bearish_proxy,32.67,45.03,0.0,25,confirmed_bearish_trend,58,bullish_above_signal,46.07,1.74,0.08,-0.02071139,0.01457726,-0.11224490,0.00578035,4H MACD 位于 Signal 上方,4H EMA 空头排列
1858,INDI,INDIE SEMICONDUCTOR INC CLASS A,Information Technology,Early,Russell,1840,0,24.1,51.7,17.55,56.52,36.84,37.05,24.14,15.0,bearish_transition,25.0,bearish_proxy,22.05,45.16,0.0,25,confirmed_bearish_trend,58,bullish_above_signal,45.62,3.395,0.32,-0.08119080,0.12978369,-0.17896010,-0.08734106,4H MACD 位于 Signal 上方,4H EMA 空头排列
1859,OPTU,OPTIMUM COMMUNICATIONS INC CLASS A,Communication,Early,Russell,1881,0,25.44,43.7,1.64,56.52,36.84,37.05,22.35,15.0,bearish_transition,49.8,bullish_below_zero_proxy,0.0,36.0,0.0,25,confirmed_bearish_trend,58,bullish_above_signal,42.89,0.7971,0.16,-0.09461608,0.03586745,-0.32161702,-0.42029091,4H MACD 位于 Signal 上方,4H EMA 空头排列
1860,OPEN,OPENDOOR TECHNOLOGIES CLASS A,Real Estate,Early,Russell,1893,0,22.86,43.7,9.75,56.52,36.84,37.05,21.42,15.0,bearish_transition,25.0,bearish_proxy,14.84,41.47,0.0,25,confirmed_bearish_trend,58,bullish_above_signal,41.17,3.7899,0.24,-0.10115264,0.03407913,-0.20961418,-0.09871581,4H MACD 位于 Signal 上方,4H EMA 空头排列
1861,LFCR,LIFECORE BIOMEDICAL,Health Care,Early,Russell,1140,0,33.98,43.7,40.84,56.52,35.63,35.7,39.84,15.0,bearish_transition,71.8,fresh_below_zero_cross_proxy,35.41,45.08,0.0,22,confirmed_bearish_trend,58,bullish_above_signal,44.13,4.375,0.38,-0.01018100,0.01156069,-0.09700722,-0.22703180,4H MACD 位于 Signal 上方,4H EMA 空头排列
1862,BGS,B AND G FOODS INC,Consumer Staples,Early,Russell,1370,0,30.49,43.7,44.54,56.52,35.63,35.7,35.91,18.0,bearish_transition,49.8,bullish_below_zero_proxy,36.67,47.08,0.0,22,confirmed_bearish_trend,58,bullish_above_signal,40.33,3.53,0.21,-0.00981767,-0.05488621,-0.10745891,-0.09020619,4H MACD 位于 Signal 上方,4H EMA 空头排列
1863,ALEC,ALECTOR,Health Care,Early,Russell,1779,0,27.19,51.7,7.9,56.52,35.63,35.7,26.69,15.0,bearish_transition,49.8,bullish_below_zero_proxy,12.23,40.45,0.0,22,confirmed_bearish_trend,58,bullish_above_signal,46.31,1.51,0.31,-0.02893891,0.00000000,-0.21354167,-0.17032967,4H MACD 位于 Signal 上方,4H EMA 空头排列
1864,CNTN,CANTON STRATEGIC HOLDINGS INC,Health Care,Early,Russell,1838,0,26.42,43.7,5.34,56.52,35.63,35.7,24.43,15.0,bearish_transition,49.8,bullish_below_zero_proxy,5.4,39.08,0.0,22,confirmed_bearish_trend,58,bullish_above_signal,41.28,1.9,0.1,0.00263852,-0.02061856,-0.23847695,-0.40902022,4H MACD 位于 Signal 上方,4H EMA 空头排列
1865,SPRY,ARS PHARMACEUTICALS INC,Health Care,Early,Russell,1930,0,21.71,36.7,1.64,56.52,35.63,35.7,16.94,15.0,bearish_transition,25.0,bearish_proxy,0.0,41.25,0.0,22,confirmed_bearish_trend,66,bullish_above_signal,32.57,5.32,0.15,0.01044634,-0.08826050,-0.34963325,-0.48097561,4H MACD 位于 Signal 上方；4H MACD 柱体连续扩张,4H EMA 空头排列；4H RSI 偏弱
1866,CDXS,CODEXIS,Health Care,Early,Russell,1935,0,21.1,30.45,1.64,56.52,35.63,35.7,16.45,15.0,bearish_transition,25.0,bearish_proxy,0.0,38.0,0.0,22,confirmed_bearish_trend,66,bullish_above_signal,27.65,1.43,0.06,-0.02721088,-0.03050847,-0.45105566,-0.39915966,4H MACD 位于 Signal 上方；4H MACD 柱体连续扩张,4H EMA 空头排列；4H RSI 偏弱
1867,CMPX,COMPASS THERAPEUTICS,Health Care,Early,Russell,1823,0,24.05,46.1,21.75,56.52,35.09,35.1,25.09,15.0,bearish_transition,25.0,bearish_proxy,26.19,43.24,0.0,22,confirmed_bearish_trend,64,fresh_below_zero_cross,39.12,1.905,0.3,-0.02557545,-0.02056555,-0.17710583,-0.07748184,4H MACD 刚金叉但仍需零轴确认,4H EMA 空头排列；4H RSI 偏弱
1868,BHR,BRAEMAR HOTELS RESORTS INC,Real Estate,Early,Russell,1686,0,24.99,25.9,60.85,56.52,34.82,34.8,29.2,15.0,bearish_transition,20.0,fresh_bearish_cross_proxy,42.2,46.94,0.0,36,bearish_transition,42,mixed_or_bearish,37.66,2.075,0.28,-0.03263403,-0.12815126,-0.03488372,0.01219512,,4H EMA 转弱或跌破 EMA26；4H MACD 尚未确认多头；4H RSI 偏弱
1869,SIGA,SIGA TECHNOLOGIES INC,Health Care,Early,Russell,1509,0,29.16,36.7,28.07,56.52,33.47,33.3,32.46,15.0,bearish_transition,49.8,bullish_below_zero_proxy,29.73,43.95,0.0,22,confirmed_bearish_trend,58,bullish_above_signal,37.33,3.11,0.11,-0.05327245,-0.06746627,-0.15603799,-0.27505828,4H MACD 位于 Signal 上方,4H EMA 空头排列；4H RSI 偏弱
1870,CLOV,CLOVER HEALTH INVESTMENTS CLASS A,Health Care,Early,Russell,1819,0,24.11,43.7,22.78,56.52,33.47,33.3,25.29,15.0,bearish_transition,25.0,bearish_proxy,26.78,43.36,0.0,22,confirmed_bearish_trend,58,bullish_above_signal,39.83,4.225,0.19,-0.02422689,0.00118483,-0.15330661,-0.16336634,4H MACD 位于 Signal 上方,4H EMA 空头排列；4H RSI 偏弱
1871,ZSQR,Z SQUARED INC,Health Care,Early,Russell,1844,0,26.29,30.45,1.64,56.52,33.47,33.3,23.89,18.0,bearish_transition,51.15,bullish_below_zero_proxy,0.0,38.0,0.0,22,confirmed_bearish_trend,58,bullish_above_signal,31.53,4.144,0.16,-0.12757895,-0.21440758,-0.51189635,-0.68912228,4H MACD 位于 Signal 上方,4H EMA 空头排列；4H RSI 偏弱
1872,SES,SES AI CLASS A,Industrials,Early,Russell,1874,0,25.62,36.7,1.64,56.52,33.47,33.3,22.5,15.0,bearish_transition,49.8,bullish_below_zero_proxy,0.0,37.0,0.0,22,confirmed_bearish_trend,58,bullish_above_signal,37.76,0.5203,0.14,-0.11287298,0.02583010,-0.35654217,-0.48738916,4H MACD 位于 Signal 上方,4H EMA 空头排列；4H RSI 偏弱
1873,VATE,INNOVATE CORP,Industrials,Early,Russell,1875,0,25.62,36.7,1.64,56.52,33.47,33.3,22.5,15.0,bearish_transition,49.8,bullish_below_zero_proxy,0.0,37.0,0.0,22,confirmed_bearish_trend,58,bullish_above_signal,33.31,7.39,0.49,-0.07408568,-0.04768041,-0.46215429,-0.59306167,4H MACD 位于 Signal 上方,4H EMA 空头排列；4H RSI 偏弱
1874,CLVT,CLARIVATE PLC,Industrials,Early,Russell,1920,0,21.71,32.9,5.95,56.52,33.47,33.3,18.65,15.0,bearish_transition,25.0,bearish_proxy,7.12,38.42,0.0,22,confirmed_bearish_trend,50,mixed_or_bearish,44.99,1.98,0.31,0.03178739,-0.07692308,-0.20800000,0.02061856,4H MACD 柱体连续扩张,4H EMA 空头排列；4H MACD 尚未确认多头
1875,ADTN,ADTRAN HOLDINGS INC,Information Technology,Early,Russell,1943,0,20.91,30.45,1.64,56.52,33.47,33.3,16.3,15.0,bearish_transition,25.0,bearish_proxy,0.0,37.0,0.0,22,confirmed_bearish_trend,58,bullish_above_signal,27.34,8.155,0.16,-0.08319280,-0.02218225,-0.34968102,-0.43642018,4H MACD 位于 Signal 上方,4H EMA 空头排列；4H RSI 偏弱
1876,RWT,REDWOOD TRUST REIT,Financials,Early,Russell,1585,0,26.18,32.9,68.65,56.52,31.31,30.9,31.15,15.0,bearish_transition,25.0,bearish_proxy,44.31,47.36,0.0,22,confirmed_bearish_trend,42,mixed_or_bearish,40.66,4.585,0.22,-0.01397849,-0.01714898,-0.02962963,-0.04578564,,4H EMA 空头排列；4H MACD 尚未确认多头
1877,DNUT,KRISPY KREME,Consumer Discretionary,Early,Russell,1641,0,25.62,32.9,59.0,56.52,31.31,30.9,30.12,15.0,bearish_transition,25.0,bearish_proxy,41.87,45.37,0.0,22,confirmed_bearish_trend,50,mixed_or_bearish,38.84,3.095,0.24,0.00324149,-0.05061350,-0.06917293,-0.10029070,4H MACD 柱体连续扩张,4H EMA 空头排列；4H MACD 尚未确认多头；4H RSI 偏弱
1878,ORGO,ORGANOGENESIS HOLDINGS CLASS A,Health Care,Early,Russell,1654,0,25.69,32.9,54.8,56.52,31.31,30.9,29.91,15.0,bearish_transition,25.0,bearish_proxy,40.78,46.16,0.0,22,confirmed_bearish_trend,42,mixed_or_bearish,43.56,2.355,0.24,-0.02079002,-0.06175299,-0.05231388,-0.02685950,,4H EMA 空头排列；4H MACD 尚未确认多头
1879,ESRT,EMPIRE STATE REALTY REIT CLASS A,Real Estate,Early,Russell,1667,0,25.66,19.65,51.62,56.52,31.31,30.9,29.64,15.0,bearish_transition,25.0,bearish_proxy,39.75,46.45,0.0,22,confirmed_bearish_trend,50,mixed_or_bearish,30.66,4.875,0.18,-0.01713710,-0.15948276,-0.11684783,-0.05339806,4H MACD 柱体连续扩张,4H EMA 空头排列；4H MACD 尚未确认多头；4H RSI 偏弱
1880,BXMT,BLACKSTONE MORTGAGE TRUST REIT CLA,Financials,Early,Russell,1675,0,25.6,19.65,49.56,56.52,31.31,30.9,29.46,15.0,bearish_transition,25.0,bearish_proxy,39.2,46.34,0.0,22,confirmed_bearish_trend,50,mixed_or_bearish,18.15,14.015,0.48,-0.02027263,-0.14594759,-0.18279883,-0.22782369,4H MACD 柱体连续扩张,4H EMA 空头排列；4H MACD 尚未确认多头；4H RSI 偏弱
1881,XRN,CHIRON REAL ESTATE INC,Real Estate,Early,Russell,1692,0,25.46,19.65,47.31,56.52,31.31,30.9,29.04,15.0,bearish_transition,25.0,bearish_proxy,37.92,46.08,0.0,22,confirmed_bearish_trend,50,mixed_or_bearish,29.94,34.959999,0.2,-0.00921074,-0.05526285,-0.06971801,-0.02319089,4H MACD 柱体连续扩张,4H EMA 空头排列；4H MACD 尚未确认多头；4H RSI 偏弱
1882,WTI,W AND T OFFSHORE,Energy,Early,Russell,1736,0,24.37,32.9,49.31,56.52,31.31,30.9,27.97,15.0,bearish_transition,20.0,fresh_bearish_cross_proxy,39.16,44.83,0.0,22,confirmed_bearish_trend,42,mixed_or_bearish,41.76,3.275,0.26,-0.04796512,-0.07355021,-0.01057402,-0.01355422,,4H EMA 空头排列；4H MACD 尚未确认多头
1883,CIA,CITIZENS INC CLASS A,Financials,Early,Russell,1793,0,24.32,19.65,29.25,56.52,31.31,30.9,26.28,15.0,bearish_transition,25.0,bearish_proxy,30.24,43.05,0.0,22,confirmed_bearish_trend,50,mixed_or_bearish,29.29,4.65,0.04,0.00758397,-0.05391658,-0.16064982,-0.20783646,4H MACD 柱体连续扩张,4H EMA 空头排列；4H MACD 尚未确认多头；4H RSI 偏弱
1884,VCYT,VERACYTE,Health Care,Early,Russell,1799,0,24.39,25.9,26.99,56.52,31.31,30.9,26.1,15.0,bearish_transition,25.0,bearish_proxy,29.25,43.85,0.0,22,confirmed_bearish_trend,50,mixed_or_bearish,33.03,46.950001,0.1,0.01954402,-0.15739411,-0.16399571,-0.12716118,4H MACD 柱体连续扩张,4H EMA 空头排列；4H MACD 尚未确认多头；4H RSI 偏弱
1885,NXDT,NEXPOINT DIVERSIFIED REAL ESTATE T,Real Estate,Early,Russell,1815,0,24.24,19.65,23.24,56.52,31.31,30.9,25.45,15.0,bearish_transition,25.0,bearish_proxy,27.04,43.91,0.0,22,confirmed_bearish_trend,50,mixed_or_bearish,29.52,4.475,0.14,-0.02611534,-0.02717391,-0.16041276,-0.03763441,4H MACD 柱体连续扩张,4H EMA 空头排列；4H MACD 尚未确认多头；4H RSI 偏弱
1886,CVLG,COVENANT LOGISTICS GROUP INC CLASS,Industrials,Early,Russell,1817,0,24.44,19.65,21.45,56.52,31.31,30.9,25.34,15.0,bearish_transition,25.0,bearish_proxy,25.92,45.43,0.0,22,confirmed_bearish_trend,50,mixed_or_bearish,27.2,35.990002,0.12,-0.00428823,-0.13193433,-0.18519349,-0.16438352,4H MACD 柱体连续扩张,4H EMA 空头排列；4H MACD 尚未确认多头；4H RSI 偏弱
1887,RM,REGIONAL MANAGEMENT CORP,Financials,Early,Russell,1822,0,23.91,19.65,22.47,56.52,31.31,30.9,25.1,15.0,bearish_transition,25.0,bearish_proxy,26.67,42.33,0.0,22,confirmed_bearish_trend,50,mixed_or_bearish,30.87,33.040001,0.19,-0.03841676,-0.22240528,-0.21239570,-0.15064269,4H MACD 柱体连续扩张,4H EMA 空头排列；4H MACD 尚未确认多头；4H RSI 偏弱
1888,FIP,FTAI INFRASTRUCTURE,Industrials,Early,Russell,1829,0,23.82,25.9,21.34,56.52,31.31,30.9,24.84,15.0,bearish_transition,25.0,bearish_proxy,25.88,42.18,0.0,22,confirmed_bearish_trend,50,mixed_or_bearish,32.49,3.425,0.53,-0.02560455,-0.09271523,-0.22070535,-0.26105717,4H MACD 柱体连续扩张,4H EMA 空头排列；4H MACD 尚未确认多头；4H RSI 偏弱
1889,PTCT,PTC THERAPEUTICS,Health Care,Early,Russell,1843,0,23.67,19.65,17.86,56.52,31.31,30.9,23.98,15.0,bearish_transition,25.0,bearish_proxy,22.81,42.56,0.0,22,confirmed_bearish_trend,50,mixed_or_bearish,29.77,68.845001,0.11,-0.00842574,-0.07565792,-0.22802197,-0.16175571,4H MACD 柱体连续扩张,4H EMA 空头排列；4H MACD 尚未确认多头；4H RSI 偏弱
1890,IPSC,CENTURY THERAPEUTICS,Health Care,Early,Russell,1849,0,23.46,32.9,16.42,56.52,31.31,30.9,23.39,15.0,bearish_transition,25.0,bearish_proxy,21.02,42.2,0.0,22,confirmed_bearish_trend,42,mixed_or_bearish,40.12,1.985,0.47,-0.01975309,-0.02216749,-0.14069264,-0.17463617,,4H EMA 空头排列；4H MACD 尚未确认多头
1891,TDOC,TELADOC HEALTH INC,Health Care,Early,Russell,1878,0,23.16,25.9,13.13,56.52,31.31,30.9,22.49,15.0,bearish_transition,25.0,bearish_proxy,18.31,41.66,0.0,22,confirmed_bearish_trend,50,mixed_or_bearish,33.52,6.915,0.14,0.05588639,-0.24836957,-0.27363445,-0.10078023,4H MACD 柱体连续扩张,4H EMA 空头排列；4H MACD 尚未确认多头；4H RSI 偏弱
1892,CMTG,CLAROS MORTGAGE TRUST INC,Financials,Early,Russell,1883,0,22.95,19.65,12.72,56.52,31.31,30.9,22.27,15.0,bearish_transition,25.0,bearish_proxy,18.09,40.62,0.0,22,confirmed_bearish_trend,50,mixed_or_bearish,22.91,1.6901,0.09,-0.04783099,-0.18549398,-0.24549107,-0.32396000,4H MACD 柱体连续扩张,4H EMA 空头排列；4H MACD 尚未确认多头；4H RSI 偏弱
1893,VERA,VERA THERAPEUTICS CLASS A,Health Care,Early,Russell,1887,0,22.99,19.65,11.7,56.52,31.31,30.9,21.99,15.0,bearish_transition,25.0,bearish_proxy,16.79,41.36,0.0,22,confirmed_bearish_trend,50,mixed_or_bearish,24.88,30.08,0.15,-0.02131124,-0.07531507,-0.29965077,-0.21256547,4H MACD 柱体连续扩张,4H EMA 空头排列；4H MACD 尚未确认多头；4H RSI 偏弱
1894,CCB,COASTAL FINANCIAL CORP,Financials,Early,Russell,1888,0,22.81,19.65,12.01,56.52,31.31,30.9,21.87,15.0,bearish_transition,25.0,bearish_proxy,16.87,40.37,0.0,22,confirmed_bearish_trend,50,mixed_or_bearish,26.42,45.82,0.17,0.03105313,-0.35034736,-0.41339138,-0.37719179,4H MACD 柱体连续扩张,4H EMA 空头排列；4H MACD 尚未确认多头；4H RSI 偏弱
1895,PHAT,PHATHOM PHARMACEUTICALS,Health Care,Early,Russell,1898,0,23.17,19.65,8.21,56.52,31.31,30.9,21.23,15.0,bearish_transition,25.0,bearish_proxy,12.99,43.85,0.0,22,confirmed_bearish_trend,50,mixed_or_bearish,23.36,8.385,0.1,-0.00297265,-0.27963918,-0.27276670,-0.22718894,4H MACD 柱体连续扩张,4H EMA 空头排列；4H MACD 尚未确认多头；4H RSI 偏弱
1896,SITC,SITE CENTERS,Real Estate,Early,Russell,1899,0,22.78,19.65,9.13,56.52,31.31,30.9,21.18,15.0,bearish_transition,25.0,bearish_proxy,14.11,41.32,0.0,22,confirmed_bearish_trend,50,mixed_or_bearish,21.55,3.24,0.19,0.02889806,-0.27516779,-0.25259516,-0.31355932,4H MACD 柱体连续扩张,4H EMA 空头排列；4H MACD 尚未确认多头；4H RSI 偏弱
1897,MNRO,MONRO,Consumer Discretionary,Early,Russell,1906,0,22.43,25.9,8.62,56.52,31.31,30.9,20.75,15.0,bearish_transition,25.0,bearish_proxy,13.49,39.7,0.0,22,confirmed_bearish_trend,50,mixed_or_bearish,32.04,13.125,0.11,0.02219626,-0.00980762,-0.24176772,-0.14855660,4H MACD 柱体连续扩张,4H EMA 空头排列；4H MACD 尚未确认多头；4H RSI 偏弱
1898,AGIO,AGIOS PHARMACEUTICALS,Health Care,Early,Russell,1909,0,22.95,19.65,7.08,56.52,31.31,30.9,20.59,15.0,bearish_transition,25.0,bearish_proxy,11.05,43.46,0.0,22,confirmed_bearish_trend,50,mixed_or_bearish,30.78,31.360001,0.07,-0.00317858,-0.10451168,-0.28743462,-0.11835814,4H MACD 柱体连续扩张,4H EMA 空头排列；4H MACD 尚未确认多头；4H RSI 偏弱
1899,GBFH,GBANK FINL HLDGS INC,Financials,Early,Russell,1916,0,21.85,19.65,6.57,56.52,31.31,30.9,19.06,15.0,bearish_transition,25.0,bearish_proxy,8.36,38.67,0.0,22,confirmed_bearish_trend,50,mixed_or_bearish,23.93,20.5201,0.47,-0.04268248,-0.31713475,-0.34975523,-0.29701613,4H MACD 柱体连续扩张,4H EMA 空头排列；4H MACD 尚未确认多头；4H RSI 偏弱
1900,CERS,CERUS CORP,Health Care,Early,Russell,1927,0,21.47,19.65,4.62,56.52,31.31,30.9,17.54,15.0,bearish_transition,25.0,bearish_proxy,3.29,38.66,0.0,22,confirmed_bearish_trend,50,mixed_or_bearish,31.0,2.245,0.22,0.03695150,-0.21640489,-0.30171073,-0.12645914,4H MACD 柱体连续扩张,4H EMA 空头排列；4H MACD 尚未确认多头；4H RSI 偏弱
1901,ALHC,ALIGNMENT HEALTHCARE,Health Care,Early,Russell,1932,0,21.1,19.65,1.64,56.52,31.31,30.9,16.45,15.0,bearish_transition,25.0,bearish_proxy,0.0,38.0,0.0,22,confirmed_bearish_trend,50,mixed_or_bearish,19.53,13.765,0.14,0.00000000,-0.24740299,-0.42836379,-0.36420323,4H MACD 柱体连续扩张,4H EMA 空头排列；4H MACD 尚未确认多头；4H RSI 偏弱
1902,BIOA,BIOAGE LABS,Health Care,Early,Russell,1933,0,21.1,19.65,1.64,56.52,31.31,30.9,16.45,15.0,bearish_transition,25.0,bearish_proxy,0.0,38.0,0.0,22,confirmed_bearish_trend,50,mixed_or_bearish,29.17,11.17,0.11,0.00269300,-0.49684687,-0.54183755,-0.49977609,4H MACD 柱体连续扩张,4H EMA 空头排列；4H MACD 尚未确认多头；4H RSI 偏弱
1903,CAPR,CAPRICOR THERAPEUTICS,Health Care,Early,Russell,1934,0,21.1,19.65,1.64,56.52,31.31,30.9,16.45,15.0,bearish_transition,25.0,bearish_proxy,0.0,38.0,0.0,22,confirmed_bearish_trend,50,mixed_or_bearish,17.06,3.905,0.13,-0.07683215,-0.40381679,-0.82590281,-0.86692792,4H MACD 柱体连续扩张,4H EMA 空头排列；4H MACD 尚未确认多头；4H RSI 偏弱
1904,GLUE,MONTE ROSA THERAPEUTICS,Health Care,Early,Russell,1937,0,21.1,19.65,1.64,56.52,31.31,30.9,16.45,15.0,bearish_transition,25.0,bearish_proxy,0.0,38.0,0.0,22,confirmed_bearish_trend,50,mixed_or_bearish,27.86,15.475,0.11,-0.04504782,-0.28256838,-0.36525838,-0.25277640,4H MACD 柱体连续扩张,4H EMA 空头排列；4H MACD 尚未确认多头；4H RSI 偏弱
1905,KPTI,KARYOPHARM THERAPEUTICS,Health Care,Early,Russell,1938,0,21.1,19.65,1.64,56.52,31.31,30.9,16.45,15.0,bearish_transition,25.0,bearish_proxy,0.0,38.0,0.0,22,confirmed_bearish_trend,50,mixed_or_bearish,15.33,1.945,0.13,-0.04422604,-0.71626550,-0.80627490,-0.79865424,4H MACD 柱体连续扩张,4H EMA 空头排列；4H MACD 尚未确认多头；4H RSI 偏弱
1906,MYGN,MYRIAD GENETICS,Health Care,Early,Russell,1940,0,21.1,19.65,1.64,56.52,31.31,30.9,16.45,15.0,bearish_transition,25.0,bearish_proxy,0.0,38.0,0.0,22,confirmed_bearish_trend,50,mixed_or_bearish,22.64,3.165,0.14,0.00316957,-0.37077535,-0.45989761,-0.31715210,4H MACD 柱体连续扩张,4H EMA 空头排列；4H MACD 尚未确认多头；4H RSI 偏弱
1907,NAUT,NAUTILUS BIOTECHNOLGY,Health Care,Early,Russell,1941,0,21.1,19.65,1.64,56.52,31.31,30.9,16.45,15.0,bearish_transition,25.0,bearish_proxy,0.0,38.0,0.0,22,confirmed_bearish_trend,50,mixed_or_bearish,18.21,0.9401,0.09,-0.06920792,-0.09169082,-0.44041667,-0.59478448,4H MACD 柱体连续扩张,4H EMA 空头排列；4H MACD 尚未确认多头；4H RSI 偏弱
1908,VMD,VIEMED HEALTHCARE INC,Health Care,Early,Russell,1725,0,25.16,19.65,32.32,56.52,30.68,30.2,28.18,18.0,bearish_transition,26.35,bearish_proxy,31.78,44.36,0.0,22,confirmed_bearish_trend,42,mixed_or_bearish,24.53,9.8,1.22,0.01554404,-0.15951973,-0.18840580,-0.10502283,,4H EMA 空头排列；4H MACD 尚未确认多头；4H RSI 偏弱
1909,CTKB,CYTEK BIOSCIENCES,Health Care,Early,Russell,1733,0,25.04,25.9,39.1,56.52,30.68,30.2,28.0,15.0,bearish_transition,25.0,bearish_proxy,35.01,45.0,0.0,22,confirmed_bearish_trend,42,mixed_or_bearish,32.04,4.145,1.3,-0.03359679,-0.05257143,-0.09299781,0.01717791,,4H EMA 空头排列；4H MACD 尚未确认多头；4H RSI 偏弱
1910,CHCT,COMMUNITY HEALTHCARE TRUST INC,Real Estate,Early,Russell,1746,0,25.19,19.65,52.95,12.65,30.68,30.2,27.7,18.0,bearish_transition,25.0,bearish_proxy,40.23,46.55,3.0,22,confirmed_bearish_trend,42,mixed_or_bearish,15.92,15.215,1.15,-0.15236774,-0.18896588,-0.15519156,-0.14809635,,4H EMA 空头排列；4H MACD 尚未确认多头；4H RSI 偏弱
1911,SYNA,SYNAPTICS,Information Technology,Early,Russell,1825,0,23.9,25.9,17.65,56.52,30.68,30.2,24.9,18.0,bearish_transition,26.35,bearish_proxy,22.31,41.46,0.0,22,confirmed_bearish_trend,42,mixed_or_bearish,33.81,101.334999,1.09,-0.05289970,-0.02205177,-0.15200838,-0.24635584,,4H EMA 空头排列；4H MACD 尚未确认多头；4H RSI 偏弱
1912,SGHC,SUPER GROUP LTD,Consumer Discretionary,Early,Russell,1679,0,25.44,19.65,43.2,56.52,29.87,29.3,29.42,18.0,bearish_transition,26.35,bearish_proxy,36.02,44.2,0.0,22,confirmed_bearish_trend,42,mixed_or_bearish,30.92,13.25,0.64,-0.03495994,-0.10954301,-0.10744358,-0.01413690,,4H EMA 空头排列；4H MACD 尚未确认多头；4H RSI 偏弱
1913,AIN,ALBANY INTERNATIONAL CORP CLASS A,Industrials,Early,Russell,1754,0,24.7,19.65,37.15,56.52,29.87,29.3,27.4,15.0,bearish_transition,25.0,bearish_proxy,33.64,43.73,0.0,22,confirmed_bearish_trend,42,mixed_or_bearish,22.87,62.060001,0.57,-0.01850386,-0.15919249,-0.15667884,-0.11809012,,4H EMA 空头排列；4H MACD 尚未确认多头；4H RSI 偏弱
1914,BV,BRIGHTVIEW HOLDINGS,Industrials,Early,Russell,1857,0,23.45,19.65,23.45,12.65,29.87,29.3,23.18,18.0,bearish_transition,25.0,bearish_proxy,27.21,42.44,3.0,22,confirmed_bearish_trend,42,mixed_or_bearish,16.87,10.535,0.98,-0.19457187,-0.20848986,-0.26328671,-0.21292492,,4H EMA 空头排列；4H MACD 尚未确认多头；4H RSI 偏弱
1915,AHCO,ADAPTHEALTH,Health Care,Early,Russell,1903,0,22.57,19.65,7.18,56.52,29.87,29.3,21.0,18.0,bearish_transition,25.0,bearish_proxy,11.06,40.21,0.0,22,confirmed_bearish_trend,42,mixed_or_bearish,21.06,6.585,0.76,0.02570093,-0.38971270,-0.35059172,-0.32183316,,4H EMA 空头排列；4H MACD 尚未确认多头；4H RSI 偏弱
1916,EPM,EVOLUTION PETROLEUM CORP,Energy,Early,Russell,1573,0,26.04,25.9,74.4,56.52,29.15,28.5,31.34,15.0,bearish_transition,25.0,bearish_proxy,45.58,46.12,0.0,22,confirmed_bearish_trend,42,mixed_or_bearish,33.02,3.5,0.15,-0.01960784,-0.05020353,-0.02777778,-0.09326425,,4H EMA 空头排列；4H MACD 尚未确认多头；4H RSI 偏弱
1917,FRPH,FRP HOLDINGS INC,Real Estate,Early,Russell,1630,0,25.98,19.65,47.77,56.52,29.15,28.5,30.4,18.0,bearish_transition,26.35,bearish_proxy,38.31,46.16,0.0,22,confirmed_bearish_trend,42,mixed_or_bearish,28.07,21.74,0.32,-0.03205695,-0.05189708,-0.11590077,-0.11373832,,4H EMA 空头排列；4H MACD 尚未确认多头；4H RSI 偏弱
1918,BRSP,BRIGHTSPIRE CAPITAL INC CLASS A,Financials,Early,Russell,1647,0,25.59,25.9,57.88,56.52,29.15,28.5,30.01,15.0,bearish_transition,25.0,bearish_proxy,41.54,45.31,0.0,22,confirmed_bearish_trend,42,mixed_or_bearish,36.52,4.965,0.15,-0.01292247,-0.00799201,-0.07282913,-0.10941704,,4H EMA 空头排列；4H MACD 尚未确认多头；4H RSI 偏弱
1919,JBTM,JBT MAREL,Industrials,Early,Russell,1680,0,25.44,19.65,42.89,56.52,29.15,28.5,29.41,18.0,bearish_transition,26.35,bearish_proxy,35.98,44.2,0.0,22,confirmed_bearish_trend,42,mixed_or_bearish,31.39,123.190002,0.48,-0.06963222,-0.12767313,-0.13538738,-0.04681215,,4H EMA 空头排列；4H MACD 尚未确认多头；4H RSI 偏弱
1920,NXRT,NEXPOINT RESIDENTIAL TRUST INC,Real Estate,Early,Russell,1712,0,25.29,19.65,44.02,56.52,29.15,28.5,28.53,15.0,bearish_transition,25.0,bearish_proxy,36.38,45.78,0.0,22,confirmed_bearish_trend,42,mixed_or_bearish,31.43,24.75,0.31,-0.03017241,-0.08435076,-0.14478234,-0.09174312,,4H EMA 空头排列；4H MACD 尚未确认多头；4H RSI 偏弱
1921,JBGS,JBG SMITH PROPERTIES,Real Estate,Early,Russell,1718,0,25.26,19.65,43.51,56.52,29.15,28.5,28.45,15.0,bearish_transition,25.0,bearish_proxy,36.13,45.73,0.0,22,confirmed_bearish_trend,42,mixed_or_bearish,23.12,12.13,0.34,0.01847187,-0.16517550,-0.18971276,-0.15174825,,4H EMA 空头排列；4H MACD 尚未确认多头；4H RSI 偏弱
1922,CTRI,CENTURI HOLDINGS INC,Industrials,Early,Russell,1735,0,24.96,19.65,32.22,56.52,29.15,28.5,28.0,18.0,bearish_transition,26.35,bearish_proxy,31.69,43.34,0.0,22,confirmed_bearish_trend,42,mixed_or_bearish,31.04,22.049999,0.48,-0.03501098,-0.09333886,-0.16980422,-0.27083337,,4H EMA 空头排列；4H MACD 尚未确认多头；4H RSI 偏弱
1923,KNF,KNIFE RIVER CORP,Materials,Early,Russell,1756,0,24.75,19.65,28.58,56.52,29.15,28.5,27.39,18.0,bearish_transition,26.35,bearish_proxy,29.86,42.97,0.0,22,confirmed_bearish_trend,42,mixed_or_bearish,30.59,66.970001,0.54,-0.05436316,-0.12032046,-0.17868531,-0.22649573,,4H EMA 空头排列；4H MACD 尚未确认多头；4H RSI 偏弱
1924,ACR,ACRES COMMERCIAL REALTY,Financials,Early,Russell,1761,0,24.66,19.65,36.22,56.52,29.15,28.5,27.3,15.0,bearish_transition,25.0,bearish_proxy,33.33,43.67,0.0,22,confirmed_bearish_trend,42,mixed_or_bearish,26.1,14.61,0.3,-0.01483479,-0.21239888,-0.16799540,-0.18833333,,4H EMA 空头排列；4H MACD 尚未确认多头；4H RSI 偏弱
1925,CLNE,CLEAN ENERGY FUELS,Energy,Early,Russell,1776,0,24.51,19.65,32.73,56.52,29.15,28.5,26.85,15.0,bearish_transition,25.0,bearish_proxy,31.97,43.39,0.0,22,confirmed_bearish_trend,42,mixed_or_bearish,30.95,1.845,0.16,-0.02122016,-0.02122016,-0.13176471,0.07267442,,4H EMA 空头排列；4H MACD 尚未确认多头；4H RSI 偏弱
1926,ASTE,ASTEC INDUSTRIES,Industrials,Early,Russell,1800,0,24.26,19.65,20.63,56.52,29.15,28.5,25.96,18.0,bearish_transition,26.35,bearish_proxy,25.52,42.1,0.0,22,confirmed_bearish_trend,42,mixed_or_bearish,25.55,45.424999,0.29,-0.15488374,-0.10808955,-0.18999648,-0.19857094,,4H EMA 空头排列；4H MACD 尚未确认多头；4H RSI 偏弱
1927,CVGI,COMMERCIAL VEHICLE GROUP INC,Industrials,Early,Russell,1884,0,22.94,19.65,12.62,56.52,29.15,28.5,22.26,15.0,bearish_transition,25.0,bearish_proxy,18.07,40.61,0.0,22,confirmed_bearish_trend,42,mixed_or_bearish,29.09,3.85,0.51,-0.08114558,-0.10982659,-0.21106557,-0.18947368,,4H EMA 空头排列；4H MACD 尚未确认多头；4H RSI 偏弱
1928,UIS,UNISYS,Information Technology,Early,Russell,1886,0,22.87,25.9,12.42,56.52,29.15,28.5,22.04,15.0,bearish_transition,25.0,bearish_proxy,17.41,40.48,0.0,22,confirmed_bearish_trend,42,mixed_or_bearish,34.49,2.905,0.12,-0.05065359,-0.16522989,-0.20192308,-0.19972452,,4H EMA 空头排列；4H MACD 尚未确认多头；4H RSI 偏弱
1929,THRY,THRYV HOLDINGS INC,Information Technology,Early,Russell,1928,0,21.39,19.65,1.64,56.52,29.15,28.5,17.54,18.0,bearish_transition,26.35,bearish_proxy,0.0,37.0,0.0,22,confirmed_bearish_trend,42,mixed_or_bearish,25.26,2.51,0.5,-0.09054676,-0.39371981,-0.39663462,-0.31607629,,4H EMA 空头排列；4H MACD 尚未确认多头；4H RSI 偏弱
1930,BBBY,BED BATH AND BEYOND INC,Consumer Discretionary,Early,Russell,1721,0,27.81,29.3,18.88,12.65,27.8,27.0,28.34,18.0,bearish_transition,49.8,bullish_below_zero_proxy,24.06,41.81,3.0,28,confirmed_bearish_trend,28,fresh_bearish_cross,39.14,4.665,0.5,-0.17777073,-0.07256461,-0.16172507,-0.29318182,,4H EMA 空头排列；4H MACD 最近死叉；4H RSI 偏弱
1931,SLNH,SOLUNA HOLDINGS INC,Information Technology,Early,Russell,1465,0,29.33,29.3,34.89,56.52,27.53,26.7,33.36,15.0,bearish_transition,49.8,bullish_below_zero_proxy,32.91,43.58,0.0,22,confirmed_bearish_trend,28,fresh_bearish_cross,43.58,1.18,0.09,-0.05600000,0.02164502,0.00425532,-0.25786164,,4H EMA 空头排列；4H MACD 最近死叉
1932,ACH,ACCENDRA HEALTH INC,Health Care,Early,Russell,1787,0,24.54,29.3,21.96,56.52,27.53,26.7,26.37,18.0,bearish_transition,26.35,bearish_proxy,26.3,43.26,0.0,22,confirmed_bearish_trend,28,fresh_bearish_cross,42.09,2.995,0.15,-0.02601626,-0.09789157,-0.07131783,-0.03697749,,4H EMA 空头排列；4H MACD 最近死叉
1933,NAGE,NIAGEN BIOSCIENCE INC,Consumer Staples,Early,Russell,1466,0,29.76,22.3,25.14,56.52,26.9,26.0,33.35,18.0,bearish_transition,51.15,bullish_below_zero_proxy,27.88,45.33,0.0,22,confirmed_bearish_trend,28,fresh_bearish_cross,35.73,3.005,1.05,-0.16178522,-0.06965944,-0.13024602,-0.10962963,,4H EMA 空头排列；4H MACD 最近死叉；4H RSI 偏弱
1934,CC,CHEMOURS,Materials,Early,Russell,1918,0,21.45,16.05,12.52,12.65,26.9,26.0,18.85,18.0,bearish_transition,20.0,fresh_bearish_cross_proxy,17.88,40.58,3.0,22,confirmed_bearish_trend,28,fresh_bearish_cross,30.84,14.76,1.57,-0.17125206,-0.10436893,-0.21718377,-0.25977938,,4H EMA 空头排列；4H MACD 最近死叉；4H RSI 偏弱
1935,USNA,USANA HEALTH SCIENCES INC,Consumer Staples,Early,Russell,1948,0,20.9,16.05,1.64,12.65,26.9,26.0,14.61,18.0,bearish_transition,25.0,bearish_proxy,0.0,39.75,3.0,22,confirmed_bearish_trend,28,fresh_bearish_cross,19.91,14.71,1.57,-0.35932053,-0.35510738,-0.34315695,-0.23544699,,4H EMA 空头排列；4H MACD 最近死叉；4H RSI 偏弱
1936,LMB,LIMBACH HOLDINGS INC,Industrials,Early,Russell,1949,0,19.44,16.05,1.64,12.65,26.9,26.0,12.95,18.0,bearish_transition,20.0,fresh_bearish_cross_proxy,0.0,37.0,3.0,22,confirmed_bearish_trend,28,fresh_bearish_cross,25.27,52.18,1.11,-0.30235976,-0.22913283,-0.33171108,-0.35959747,,4H EMA 空头排列；4H MACD 最近死叉；4H RSI 偏弱
1937,BATRK,ATLANTA BRAVES HOLDINGS SERIES C,Communication,Early,Russell,1604,0,25.63,16.05,58.18,56.52,26.09,25.1,30.79,18.0,bearish_transition,25.0,bearish_proxy,41.64,44.33,0.0,22,confirmed_bearish_trend,28,fresh_bearish_cross,26.74,48.540001,0.63,-0.05380113,-0.05269323,-0.08259306,-0.05975785,,4H EMA 空头排列；4H MACD 最近死叉；4H RSI 偏弱
1938,PACB,PACIFIC BIOSCIENCES OF CALIFORNIA,Health Care,Early,Russell,1827,0,24.04,22.3,16.93,56.52,26.09,25.1,24.89,18.0,bearish_transition,26.35,bearish_proxy,21.83,42.37,0.0,22,confirmed_bearish_trend,28,fresh_bearish_cross,36.63,1.311,0.92,-0.09896907,-0.07021277,-0.16230032,0.00076336,,4H EMA 空头排列；4H MACD 最近死叉；4H RSI 偏弱
1939,TBLA,TABOOLA.COM LTD,Communication,Early,Russell,1913,0,21.84,16.05,6.36,56.52,26.09,25.1,19.67,18.0,bearish_transition,25.0,bearish_proxy,7.95,37.59,0.0,22,confirmed_bearish_trend,28,fresh_bearish_cross,23.71,3.845,0.94,-0.28264925,-0.25628627,-0.29059041,-0.17665953,,4H EMA 空头排列；4H MACD 最近死叉；4H RSI 偏弱
1940,LMAT,LEMAITRE VASCULAR,Health Care,Early,Russell,1915,0,21.78,16.05,13.8,12.65,26.09,25.1,19.43,18.0,bearish_transition,20.0,fresh_bearish_cross_proxy,19.18,41.84,3.0,22,confirmed_bearish_trend,28,fresh_bearish_cross,28.45,82.370003,0.89,-0.21443898,-0.20568944,-0.22071897,-0.10467388,,4H EMA 空头排列；4H MACD 最近死叉；4H RSI 偏弱
1941,ANGI,ANGI INC CLASS A,Communication,Early,Russell,1924,0,21.37,22.3,4.72,56.52,26.09,25.1,18.27,18.0,bearish_transition,25.0,bearish_proxy,3.7,36.74,0.0,22,confirmed_bearish_trend,28,fresh_bearish_cross,35.39,4.88,0.83,-0.20000000,-0.19934372,-0.24105754,0.01139896,,4H EMA 空头排列；4H MACD 最近死叉；4H RSI 偏弱
1942,ARDX,ARDELYX,Health Care,Early,Russell,1411,0,29.98,29.3,45.46,56.52,25.37,24.3,34.87,15.0,bearish_transition,49.8,bullish_below_zero_proxy,37.04,45.41,0.0,22,confirmed_bearish_trend,28,fresh_bearish_cross,38.01,4.885,0.28,-0.01412714,-0.02397602,-0.09031657,-0.21018593,,4H EMA 空头排列；4H MACD 最近死叉；4H RSI 偏弱
1943,BATRA,ATLANTA BRAVES HOLDINGS SERIES A,Communication,Early,Russell,1608,0,25.61,16.05,57.47,56.52,25.37,24.3,30.71,18.0,bearish_transition,25.0,bearish_proxy,41.41,44.28,0.0,22,confirmed_bearish_trend,28,fresh_bearish_cross,22.73,51.599998,0.37,-0.05753428,-0.05856601,-0.09790215,-0.07560018,,4H EMA 空头排列；4H MACD 最近死叉；4H RSI 偏弱
1944,CIM,CHIMERA INVESTMENT,Financials,Early,Russell,1677,0,24.79,16.05,55.57,56.52,25.37,24.3,29.44,18.0,bearish_transition,20.0,fresh_bearish_cross_proxy,40.89,45.18,0.0,22,confirmed_bearish_trend,28,fresh_bearish_cross,27.61,11.76,0.38,-0.07474430,-0.07255521,-0.09815951,-0.11345646,,4H EMA 空头排列；4H MACD 最近死叉；4H RSI 偏弱
1945,OMDA,OMADA HEALTH,Health Care,Early,Russell,1794,0,24.45,16.05,28.07,56.52,25.37,24.3,26.26,15.0,bearish_transition,25.0,bearish_proxy,29.73,43.95,0.0,22,confirmed_bearish_trend,28,fresh_bearish_cross,31.99,19.1,0.45,-0.04643040,-0.02551020,-0.16956522,0.04485771,,4H EMA 空头排列；4H MACD 最近死叉；4H RSI 偏弱
1946,CLPT,CLEARPOINT NEURO INC,Health Care,Early,Russell,1904,0,22.64,22.3,8.83,56.52,25.37,24.3,20.97,15.0,bearish_transition,25.0,bearish_proxy,13.7,40.74,0.0,22,confirmed_bearish_trend,28,fresh_bearish_cross,32.46,13.01,0.17,0.01165621,-0.07926398,-0.25614637,-0.29808470,,4H EMA 空头排列；4H MACD 最近死叉；4H RSI 偏弱
1947,TYGO,TIGO ENERGY INC,Industrials,Early,Russell,1905,0,25.28,22.3,3.59,12.65,25.37,24.3,20.94,18.0,bearish_transition,49.8,bullish_below_zero_proxy,1.64,37.33,3.0,22,confirmed_bearish_trend,28,fresh_bearish_cross,32.86,1.265,0.44,-0.37530864,-0.17320261,-0.35459184,-0.51158301,,4H EMA 空头排列；4H MACD 最近死叉；4H RSI 偏弱
1948,TYRA,TYRA BIOSCIENCES,Health Care,Early,Russell,1910,0,22.04,16.05,16.62,12.65,25.37,24.3,20.18,18.0,bearish_transition,20.0,fresh_bearish_cross_proxy,21.45,42.29,3.0,22,confirmed_bearish_trend,28,fresh_bearish_cross,28.53,26.295,0.53,-0.19414652,-0.15368523,-0.17647980,-0.12437565,,4H EMA 空头排列；4H MACD 最近死叉；4H RSI 偏弱
1949,YSS,YORK SPACE SYSTEMS INC,Industrials,Early,Russell,1946,0,20.91,22.3,1.64,56.52,25.37,24.3,16.3,15.0,bearish_transition,25.0,bearish_proxy,0.0,37.0,0.0,22,confirmed_bearish_trend,28,fresh_bearish_cross,32.47,13.38,0.12,-0.14993647,-0.10859427,-0.41623037,-0.53175855,,4H EMA 空头排列；4H MACD 最近死叉；4H RSI 偏弱
