rank,ticker,name,sector,daily_strategy,daily_universe,daily_rank,calibrated_score,daily_setup_score,h4_timing_score,cat_mid_score,risk_score,4h_signal_score,4h_technical_score,early_signal_score,daily_ema_score,daily_ema_state,daily_macd_score,daily_macd_state,cat_score,prism_score,overheat_penalty,ema_score,ema_state,macd_score,macd_state,rsi14,latest_price,volume_ratio,return_3_blocks,return_1w,return_1m,return_60_blocks,reasons,risks
1,OTIS,Otis Worldwide,Industrials,Early,S&P 500,86,93.71,75.76,98.2,66.93,58.72,75.85,76.5,61.7,82.0,early_transition,61.8,bullish_above_signal_proxy,47.3,49.71,0.0,94,fresh_bullish_cross,80,fresh_above_zero_cross,53.55,73.029999,0.23,0.01156588,-0.00327417,0.00185201,0.01515147,4H EMA9/26 最近金叉且价格在 EMA50 上方；4H MACD 零轴上方刚金叉；4H RSI 位于健康强势区间,
2,LUV,Southwest Airlines,Industrials,Early,S&P 500,2,91.62,75.78,90.4,73.75,58.72,70.21,66.9,69.34,100.0,fresh_bullish_cross,71.8,fresh_below_zero_cross_proxy,48.0,46.6,0.0,82,fresh_bullish_cross,66,bullish_above_signal,63.25,49.485001,0.23,0.05152996,0.09516432,-0.00070676,-0.00151332,4H EMA9/26 最近金叉且价格在 EMA50 上方；4H MACD 位于 Signal 上方；4H MACD 柱体连续扩张；4H RSI 位于健康强势区间,4H 相对 EMA26 超过 2 ATR，短线偏追高
3,LOW,Lowe's,Consumer Discretionary,Early,S&P 500,38,89.5,71.87,90.4,68.74,58.72,76.81,75.9,63.93,100.0,fresh_bullish_cross,49.8,bullish_below_zero_proxy,47.49,48.25,0.0,94,fresh_bullish_cross,78,bullish_above_signal,62.18,218.830002,0.33,0.03192495,0.00240493,-0.00904551,0.01959232,4H EMA9/26 最近金叉且价格在 EMA50 上方；4H MACD 位于 Signal 上方；4H MACD 柱体连续扩张；4H RSI 位于健康强势区间,
4,FFIV,"F5, Inc.",Information Technology,Early,S&P 500,131,89.44,66.99,90.4,79.76,58.72,67.91,69.9,57.95,100.0,fresh_bullish_cross,25.0,bearish_proxy,48.95,46.79,0.0,94,fresh_bullish_cross,58,bullish_above_signal,54.05,409.832489,0.24,0.00854539,0.04153218,-0.02943097,0.04570442,4H EMA9/26 最近金叉且价格在 EMA50 上方；4H MACD 位于 Signal 上方；4H RSI 位于健康强势区间,
5,HUBB,Hubbell Incorporated,Industrials,Early,S&P 500,10,89.06,73.29,92.8,56.11,58.72,76.69,74.1,67.5,100.0,fresh_bullish_cross,49.8,bullish_below_zero_proxy,57.61,51.77,0.0,94,fresh_bullish_cross,72,fresh_below_zero_cross,64.93,510.76001,0.38,0.07286744,0.11144718,0.07457162,-0.01944749,4H EMA9/26 最近金叉且价格在 EMA50 上方；4H MACD 刚金叉但仍需零轴确认；4H MACD 柱体连续扩张；4H RSI 位于健康强势区间,
6,MOS,Mosaic Company (The),Materials,Early,S&P 500,17,88.83,76.78,98.2,32.06,58.72,82.54,80.6,65.98,82.0,early_transition,61.8,bullish_above_signal_proxy,61.75,49.35,0.0,94,fresh_bullish_cross,88,fresh_above_zero_cross,65.36,23.695,1.64,0.08717596,0.04729282,0.12811845,0.09979113,4H EMA9/26 最近金叉且价格在 EMA50 上方；4H MACD 零轴上方刚金叉；4H MACD 柱体连续扩张；4H RSI 位于健康强势区间,
7,AXP,American Express,Financials,Early,S&P 500,134,88.29,66.86,90.4,72.34,58.72,70.07,72.3,57.57,100.0,fresh_bullish_cross,25.0,bearish_proxy,47.79,46.56,0.0,94,fresh_bullish_cross,66,bullish_above_signal,59.05,348.984985,0.34,0.01251914,0.04024025,-0.00497541,0.03627103,4H EMA9/26 最近金叉且价格在 EMA50 上方；4H MACD 位于 Signal 上方；4H MACD 柱体连续扩张；4H RSI 位于健康强势区间,
8,DIS,Walt Disney Company (The),Communication Services,Early,S&P 500,14,87.38,72.6,87.7,60.12,58.72,67.69,64.1,66.77,100.0,fresh_bullish_cross,49.8,bullish_below_zero_proxy,56.88,48.38,0.0,64,early_transition,78,bullish_above_signal,65.28,100.769997,1.31,0.02669378,0.02273417,0.03332650,-0.02368841,4H EMA9 已站上 EMA26，等待 26/50 确认；4H MACD 位于 Signal 上方；4H MACD 柱体连续扩张；4H RSI 位于健康强势区间,4H 相对 EMA26 超过 2 ATR，短线偏追高
9,WST,West Pharmaceutical Services,Health Care,Early,S&P 500,130,87.37,67.59,90.4,64.53,58.72,70.07,72.3,57.99,100.0,fresh_bullish_cross,25.0,bearish_proxy,47.14,50.68,0.0,94,fresh_bullish_cross,66,bullish_above_signal,59.53,353.225006,0.18,0.01478114,0.05661088,-0.00651123,0.06013087,4H EMA9/26 最近金叉且价格在 EMA50 上方；4H MACD 位于 Signal 上方；4H MACD 柱体连续扩张；4H RSI 位于健康强势区间,
10,KEY,KeyCorp,Financials,Early,S&P 500,135,87.21,66.8,90.4,65.33,58.72,70.07,72.3,57.37,100.0,fresh_bullish_cross,25.0,bearish_proxy,47.18,46.44,0.0,94,fresh_bullish_cross,66,bullish_above_signal,59.37,23.245001,0.29,0.01862406,0.03841863,-0.01106139,0.01307479,4H EMA9/26 最近金叉且价格在 EMA50 上方；4H MACD 位于 Signal 上方；4H MACD 柱体连续扩张；4H RSI 位于健康强势区间,
11,TER,Teradyne,Information Technology,Early,S&P 500,8,87.0,73.39,87.7,55.71,58.72,68.86,65.4,67.6,100.0,fresh_bullish_cross,49.8,bullish_below_zero_proxy,57.68,52.29,0.0,76,early_transition,70,bullish_above_signal,56.47,386.859985,0.3,0.05760129,0.15341151,0.12616441,-0.09087494,4H EMA9 已站上 EMA26，等待 26/50 确认；4H MACD 位于 Signal 上方；4H RSI 位于健康强势区间,
12,PWR,Quanta Services,Industrials,Early,S&P 500,9,86.91,73.31,87.7,55.31,58.72,68.86,65.4,67.55,100.0,fresh_bullish_cross,49.8,bullish_below_zero_proxy,57.77,51.8,0.0,76,early_transition,70,bullish_above_signal,59.45,685.669983,0.31,0.00811580,0.21460703,0.05483629,-0.04501456,4H EMA9 已站上 EMA26，等待 26/50 确认；4H MACD 位于 Signal 上方；4H RSI 位于健康强势区间,
13,KDP,Keurig Dr Pepper,Consumer Staples,Early,S&P 500,44,86.6,71.91,87.7,56.51,58.72,66.14,64.05,63.65,100.0,fresh_bullish_cross,49.8,bullish_below_zero_proxy,46.18,48.99,0.0,73,early_transition,70,bullish_above_signal,51.09,30.955,0.43,0.00177994,-0.00498235,-0.01432896,0.01375471,4H EMA9 已站上 EMA26，等待 26/50 确认；4H MACD 位于 Signal 上方；4H RSI 位于健康强势区间,
14,EME,Emcor,Industrials,Early,S&P 500,62,85.64,74.85,87.7,43.29,58.72,65.86,65.4,62.7,82.0,early_transition,49.8,bullish_below_zero_proxy,59.43,52.14,0.0,76,early_transition,70,bullish_above_signal,61.69,820.25,0.3,0.00295903,0.20882767,0.07290943,-0.04168564,4H EMA9 已站上 EMA26，等待 26/50 确认；4H MACD 位于 Signal 上方；4H RSI 位于健康强势区间,
15,SMCI,Supermicro,Information Technology,Early,S&P 500,6,84.97,73.61,87.7,41.68,58.72,68.86,65.4,68.22,100.0,fresh_bullish_cross,49.8,bullish_below_zero_proxy,59.58,52.67,0.0,76,early_transition,70,bullish_above_signal,57.3,30.6,0.53,0.06806283,0.14563838,0.15787602,-0.09494235,4H EMA9 已站上 EMA26，等待 26/50 确认；4H MACD 位于 Signal 上方；4H RSI 位于健康强势区间,
16,COST,Costco,Consumer Staples,Early,S&P 500,128,84.63,73.41,76.9,68.74,58.72,55.81,56.45,58.68,82.0,early_transition,49.8,bullish_below_zero_proxy,47.49,49.25,0.0,73,early_transition,42,mixed_or_bearish,48.7,944.799988,0.56,-0.00965401,-0.02941147,-0.00421060,-0.01755262,4H EMA9 已站上 EMA26，等待 26/50 确认；4H RSI 位于健康强势区间,4H MACD 尚未确认多头
17,NVDA,Nvidia,Information Technology,Early,S&P 500,3,84.41,73.92,90.4,30.06,58.72,71.74,68.6,69.16,100.0,fresh_bullish_cross,49.8,bullish_below_zero_proxy,62.41,53.23,0.0,82,fresh_bullish_cross,66,bullish_above_signal,67.82,219.759995,1.08,0.06323476,0.14357378,0.11304697,0.08518098,4H EMA9/26 最近金叉且价格在 EMA50 上方；4H MACD 位于 Signal 上方；4H MACD 柱体连续扩张；4H RSI 位于健康强势区间,4H 相对 EMA26 超过 2 ATR，短线偏追高
18,XYL,Xylem Inc.,Industrials,Early,S&P 500,231,82.82,54.76,98.2,83.37,58.72,76.01,78.9,50.2,72.0,confirmed_bullish_trend,25.0,bearish_proxy,49.43,50.14,0.0,94,fresh_bullish_cross,88,fresh_above_zero_cross,55.26,121.529999,0.29,0.02048873,-0.00775640,0.01886318,0.09255179,4H EMA9/26 最近金叉且价格在 EMA50 上方；4H MACD 零轴上方刚金叉；4H MACD 柱体连续扩张；4H RSI 位于健康强势区间,
19,CPRT,Copart,Industrials,Early,S&P 500,133,82.38,72.72,76.9,55.31,58.72,55.09,55.65,57.76,82.0,early_transition,49.8,bullish_below_zero_proxy,45.95,46.19,0.0,73,early_transition,42,mixed_or_bearish,48.86,28.92,0.42,-0.01465077,-0.07144004,-0.01666100,-0.02379747,4H EMA9 已站上 EMA26，等待 26/50 确认；4H RSI 位于健康强势区间,4H MACD 尚未确认多头
20,EW,Edwards Lifesciences,Health Care,Early,S&P 500,68,82.07,71.69,87.7,26.85,58.72,62.62,61.8,62.39,100.0,fresh_bullish_cross,49.8,bullish_below_zero_proxy,41.68,49.59,0.0,76,early_transition,58,bullish_above_signal,63.3,89.364998,0.38,0.00613598,0.05153847,-0.05563774,0.03443684,4H EMA9 已站上 EMA26，等待 26/50 确认；4H MACD 位于 Signal 上方；4H RSI 位于健康强势区间,
21,PFE,Pfizer,Health Care,Early,S&P 500,24,80.84,77.05,82.9,58.92,58.72,82.66,82.4,65.09,82.0,early_transition,61.8,bullish_above_signal_proxy,57.12,52.67,0.0,100,confirmed_bullish_trend,88,fresh_above_zero_cross,64.87,25.610001,0.61,0.02255943,0.01647156,0.06375908,0.02810120,4H EMA 多头排列已连续维持；4H MACD 零轴上方刚金叉；4H MACD 柱体连续扩张；4H RSI 位于健康强势区间,
22,FOX,Fox Corporation (Class B),Communication Services,Early,S&P 500,48,80.79,75.86,75.1,82.16,58.72,77.08,76.2,63.29,82.0,early_transition,61.8,bullish_above_signal_proxy,53.59,47.72,0.0,100,confirmed_bullish_trend,70,bullish_above_signal,56.19,52.299999,0.29,-0.00589245,0.00268403,0.04872669,0.18165389,4H EMA 多头排列已连续维持；4H MACD 位于 Signal 上方；4H RSI 位于健康强势区间,
23,NOC,Northrop Grumman,Industrials,Early,S&P 500,75,80.14,75.91,75.1,77.76,58.72,77.74,78.6,62.14,82.0,early_transition,61.8,bullish_above_signal_proxy,48.65,49.98,0.0,100,confirmed_bullish_trend,78,bullish_above_signal,61.49,554.73999,0.34,0.01146864,0.01698522,0.01664020,0.07617249,4H EMA 多头排列已连续维持；4H MACD 位于 Signal 上方；4H MACD 柱体连续扩张；4H RSI 位于健康强势区间,
24,FITB,Fifth Third Bancorp,Financials,Early,S&P 500,240,80.01,54.11,92.8,80.56,58.72,72.41,74.9,49.59,72.0,confirmed_bullish_trend,25.0,bearish_proxy,49.06,46.81,0.0,94,fresh_bullish_cross,72,fresh_below_zero_cross,58.32,58.150002,0.65,0.02196836,0.01803227,-0.00248728,0.07080383,4H EMA9/26 最近金叉且价格在 EMA50 上方；4H MACD 刚金叉但仍需零轴确认；4H MACD 柱体连续扩张；4H RSI 位于健康强势区间,
25,CMCSA,Comcast,Communication Services,Early,S&P 500,106,79.84,73.59,75.1,81.16,58.72,73.58,76.2,60.31,82.0,early_transition,49.8,bullish_below_zero_proxy,53.66,47.73,0.0,100,confirmed_bullish_trend,70,bullish_above_signal,57.03,24.5623,0.38,0.00029729,0.00050106,0.04698640,0.07329255,4H EMA 多头排列已连续维持；4H MACD 位于 Signal 上方；4H RSI 位于健康强势区间,
26,FOXA,Fox Corporation (Class A),Communication Services,Early,S&P 500,43,79.57,75.98,75.1,73.75,58.72,77.8,77.0,63.65,82.0,early_transition,61.8,bullish_above_signal_proxy,54.7,47.94,0.0,100,confirmed_bullish_trend,70,bullish_above_signal,57.29,58.549999,0.96,-0.00221542,0.00153951,0.05590618,0.20274519,4H EMA 多头排列已连续维持；4H MACD 位于 Signal 上方；4H RSI 位于健康强势区间,
27,SLB,Schlumberger,Energy,Early,S&P 500,73,78.9,74.61,82.9,51.7,58.72,78.28,79.2,62.21,82.0,early_transition,49.8,bullish_below_zero_proxy,58.19,51.39,0.0,100,confirmed_bullish_trend,80,fresh_above_zero_cross,57.96,50.330002,0.3,0.02058203,0.02027164,0.09033800,0.04919743,4H EMA 多头排列已连续维持；4H MACD 零轴上方刚金叉；4H RSI 位于健康强势区间,
28,LULU,Lululemon Athletica,Consumer Discretionary,Early,S&P 500,36,78.65,76.11,75.1,67.33,58.72,77.08,76.2,64.02,82.0,early_transition,61.8,bullish_above_signal_proxy,55.81,48.16,0.0,100,confirmed_bullish_trend,70,bullish_above_signal,64.52,124.074997,0.37,0.00327484,0.04046119,0.08419254,0.14217988,4H EMA 多头排列已连续维持；4H MACD 位于 Signal 上方；4H RSI 位于健康强势区间,
29,TEL,TE Connectivity,Information Technology,Early,S&P 500,20,77.96,76.56,82.9,40.88,58.72,83.44,81.6,65.34,82.0,early_transition,61.8,bullish_above_signal_proxy,59.83,48.97,0.0,100,confirmed_bullish_trend,88,fresh_above_zero_cross,61.39,216.205002,0.25,0.05522477,0.04507442,0.09826781,0.04451904,4H EMA 多头排列已连续维持；4H MACD 零轴上方刚金叉；4H MACD 柱体连续扩张；4H RSI 位于健康强势区间,
30,SBUX,Starbucks,Consumer Discretionary,Early,S&P 500,172,77.79,55.15,90.4,69.74,58.72,72.09,74.55,51.94,72.0,confirmed_bullish_trend,25.0,bearish_proxy,55.37,49.82,0.0,91,fresh_bullish_cross,78,bullish_above_signal,54.03,105.519997,0.25,0.02070033,0.01813970,0.01764871,0.04807307,4H EMA9/26 最近金叉且价格在 EMA50 上方；4H MACD 位于 Signal 上方；4H MACD 柱体连续扩张；4H RSI 位于健康强势区间,
31,BSX,Boston Scientific,Health Care,Early,S&P 500,84,77.67,74.67,75.1,64.13,58.72,75.58,76.2,61.79,82.0,early_transition,49.8,bullish_below_zero_proxy,56.22,52.49,0.0,100,confirmed_bullish_trend,70,bullish_above_signal,61.03,47.84,0.3,-0.01228453,0.02970299,0.05347537,0.05409281,4H EMA 多头排列已连续维持；4H MACD 位于 Signal 上方；4H RSI 位于健康强势区间,
32,NCLH,Norwegian Cruise Line Holdings,Consumer Discretionary,Early,S&P 500,1,77.64,67.6,92.8,33.27,58.72,76.69,74.1,69.56,72.0,confirmed_bullish_trend,88.8,fresh_above_zero_cross_proxy,61.26,49.25,0.0,94,fresh_bullish_cross,72,fresh_below_zero_cross,58.11,20.5,0.45,0.03744939,-0.02031059,0.08666843,0.00811414,4H EMA9/26 最近金叉且价格在 EMA50 上方；4H MACD 刚金叉但仍需零轴确认；4H MACD 柱体连续扩张；4H RSI 位于健康强势区间,
33,OMC,Omnicom Group,Communication Services,Early,S&P 500,221,77.53,54.38,79.6,98.6,58.72,65.75,67.5,50.38,72.0,confirmed_bullish_trend,25.0,bearish_proxy,51.46,47.29,0.0,94,fresh_bullish_cross,50,mixed_or_bearish,56.64,82.565002,0.35,0.04143546,0.00456260,0.01095879,0.14348036,4H EMA9/26 最近金叉且价格在 EMA50 上方；4H MACD 柱体连续扩张；4H RSI 位于健康强势区间,4H MACD 尚未确认多头
34,CL,Colgate-Palmolive,Consumer Staples,Early,S&P 500,247,77.37,54.36,92.8,62.32,58.72,68.45,70.5,49.22,72.0,confirmed_bullish_trend,25.0,bearish_proxy,46.69,49.09,0.0,86,fresh_bullish_cross,72,fresh_below_zero_cross,54.45,92.660004,0.48,0.03081550,-0.00451223,-0.01707853,0.01411953,4H EMA9/26 最近金叉且价格在 EMA50 上方；4H MACD 刚金叉但仍需零轴确认；4H MACD 柱体连续扩张；4H RSI 位于健康强势区间,
35,FISV,Fiserv,Financials,Early,S&P 500,23,76.84,76.87,75.1,53.51,58.72,79.96,79.4,65.16,82.0,early_transition,61.8,bullish_above_signal_proxy,58.03,51.36,0.0,100,confirmed_bullish_trend,78,bullish_above_signal,65.95,55.779999,0.68,0.02640534,0.00323743,0.04780686,0.17481043,4H EMA 多头排列已连续维持；4H MACD 位于 Signal 上方；4H MACD 柱体连续扩张；4H RSI 位于健康强势区间,
36,ORLY,O’Reilly Automotive,Consumer Discretionary,Early,S&P 500,22,76.23,76.74,75.1,49.7,58.72,74.79,73.65,65.17,82.0,early_transition,61.8,bullish_above_signal_proxy,58.49,50.45,0.0,89,confirmed_bullish_trend,78,bullish_above_signal,67.65,94.0,0.39,0.04712045,0.03512831,0.10050927,0.07583857,4H EMA 多头排列已连续维持；4H MACD 位于 Signal 上方；4H MACD 柱体连续扩张；4H RSI 位于健康强势区间,4H 相对 EMA26 超过 2 ATR，短线偏追高
37,CHTR,Charter Communications,Communication Services,Early,S&P 500,25,75.77,76.46,75.1,47.29,58.72,72.62,71.25,65.05,82.0,early_transition,61.8,bullish_above_signal_proxy,58.93,48.79,0.0,89,confirmed_bullish_trend,70,bullish_above_signal,66.69,150.990005,0.27,0.04766868,0.04803219,0.09010187,0.15471100,4H EMA 多头排列已连续维持；4H MACD 位于 Signal 上方；4H RSI 位于健康强势区间,4H 相对 EMA26 超过 2 ATR，短线偏追高
38,VLTO,Veralto,Industrials,Early,S&P 500,118,75.35,61.35,82.9,99.0,58.72,78.44,81.6,59.52,72.0,confirmed_bullish_trend,61.8,bullish_above_signal_proxy,51.26,47.25,0.0,100,confirmed_bullish_trend,88,fresh_above_zero_cross,61.33,96.830002,0.5,0.02130581,-0.00625428,0.04365168,0.15150442,4H EMA 多头排列已连续维持；4H MACD 零轴上方刚金叉；4H MACD 柱体连续扩张；4H RSI 位于健康强势区间,
39,UNP,Union Pacific Corporation,Industrials,Early,S&P 500,200,75.0,54.62,79.6,81.16,58.72,65.75,67.5,51.11,72.0,confirmed_bullish_trend,25.0,bearish_proxy,53.66,47.73,0.0,94,fresh_bullish_cross,50,mixed_or_bearish,52.59,294.850006,0.25,0.01194361,0.00825827,0.04506672,0.13225299,4H EMA9/26 最近金叉且价格在 EMA50 上方；4H MACD 柱体连续扩张；4H RSI 位于健康强势区间,4H MACD 尚未确认多头
40,SNA,Snap-on,Industrials,Early,S&P 500,105,74.92,62.08,82.9,94.39,58.72,78.44,81.6,60.36,72.0,confirmed_bullish_trend,61.8,bullish_above_signal_proxy,52.33,50.72,0.0,100,confirmed_bullish_trend,88,fresh_above_zero_cross,62.06,419.084991,0.3,0.02373158,0.01137871,0.02825278,0.07284383,4H EMA 多头排列已连续维持；4H MACD 零轴上方刚金叉；4H MACD 柱体连续扩张；4H RSI 位于健康强势区间,
41,TRMB,Trimble Inc.,Information Technology,Early,S&P 500,18,74.88,77.19,75.1,39.68,58.72,74.12,71.25,65.9,82.0,early_transition,61.8,bullish_above_signal_proxy,60.03,52.26,0.0,89,confirmed_bullish_trend,70,bullish_above_signal,67.41,59.220001,0.3,0.02474477,0.00808583,0.10371824,0.20611005,4H EMA 多头排列已连续维持；4H MACD 位于 Signal 上方；4H RSI 位于健康强势区间,4H 相对 EMA26 超过 2 ATR，短线偏追高
42,TJX,TJX Companies,Consumer Discretionary,Early,S&P 500,55,74.2,76.05,54.4,92.99,58.72,49.8,47.55,63.14,82.0,early_transition,61.8,bullish_above_signal_proxy,52.35,49.22,0.0,55,mixed_sideways,42,mixed_or_bearish,57.76,159.345001,0.42,0.01165009,-0.01953608,0.04416635,-0.03080715,4H RSI 位于健康强势区间,4H EMA 仍偏震荡；4H MACD 尚未确认多头
43,PHM,PulteGroup,Consumer Discretionary,Early,S&P 500,122,73.92,61.22,82.9,89.78,58.72,78.44,81.6,59.14,72.0,confirmed_bullish_trend,61.8,bullish_above_signal_proxy,50.11,47.02,0.0,100,confirmed_bullish_trend,88,fresh_above_zero_cross,59.6,132.539993,0.19,0.02497869,-0.00614883,0.01372900,0.04791263,4H EMA 多头排列已连续维持；4H MACD 零轴上方刚金叉；4H MACD 柱体连续扩张；4H RSI 位于健康强势区间,
44,CSX,CSX Corporation,Industrials,Early,S&P 500,184,73.53,54.79,79.6,70.94,58.72,63.32,64.8,51.6,72.0,confirmed_bullish_trend,25.0,bearish_proxy,55.14,48.03,0.0,88,fresh_bullish_cross,50,mixed_or_bearish,53.95,50.915001,0.21,0.02208174,0.00751956,0.05550223,0.09695141,4H EMA9/26 最近金叉且价格在 EMA50 上方；4H MACD 柱体连续扩张；4H RSI 位于健康强势区间,4H MACD 尚未确认多头
45,BIIB,Biogen,Health Care,Early,S&P 500,117,73.15,61.93,82.9,82.97,58.72,78.44,81.6,59.53,72.0,confirmed_bullish_trend,61.8,bullish_above_signal_proxy,49.36,51.12,0.0,100,confirmed_bullish_trend,88,fresh_above_zero_cross,57.17,208.850006,0.25,0.03493559,-0.00307878,0.00432801,0.03983072,4H EMA 多头排列已连续维持；4H MACD 零轴上方刚金叉；4H MACD 柱体连续扩张；4H RSI 位于健康强势区间,
46,WFC,Wells Fargo,Financials,Early,S&P 500,15,73.07,66.4,75.1,92.79,58.72,80.74,78.6,66.03,72.0,confirmed_bullish_trend,88.8,fresh_above_zero_cross_proxy,50.56,47.11,0.0,100,confirmed_bullish_trend,78,bullish_above_signal,64.02,89.209999,0.43,0.01490326,0.04897409,0.02275725,0.06755217,4H EMA 多头排列已连续维持；4H MACD 位于 Signal 上方；4H MACD 柱体连续扩张；4H RSI 位于健康强势区间,
47,APO,Apollo Global Management,Financials,Early,S&P 500,51,73.04,74.85,75.1,32.87,58.72,75.58,76.2,63.21,82.0,early_transition,49.8,bullish_below_zero_proxy,61.54,51.31,0.0,100,confirmed_bullish_trend,70,bullish_above_signal,65.24,130.580002,0.41,0.00865128,0.07561779,0.09560770,-0.00752455,4H EMA 多头排列已连续维持；4H MACD 位于 Signal 上方；4H RSI 位于健康强势区间,
48,TFC,Truist Financial,Financials,Early,S&P 500,224,72.97,54.35,82.9,99.4,58.72,78.44,81.6,50.32,72.0,confirmed_bullish_trend,25.0,bearish_proxy,51.27,47.25,0.0,100,confirmed_bullish_trend,88,fresh_above_zero_cross,60.08,52.970001,0.35,0.02022348,0.00436100,0.02575527,0.07936831,4H EMA 多头排列已连续维持；4H MACD 零轴上方刚金叉；4H MACD 柱体连续扩张；4H RSI 位于健康强势区间,
49,HWM,Howmet Aerospace,Industrials,Early,S&P 500,97,72.85,62.26,82.9,80.16,58.72,81.16,82.4,60.91,72.0,confirmed_bullish_trend,61.8,bullish_above_signal_proxy,54.0,51.05,0.0,100,confirmed_bullish_trend,88,fresh_above_zero_cross,61.05,290.5401,0.6,0.01466824,0.04373794,0.05795212,0.04952539,4H EMA 多头排列已连续维持；4H MACD 零轴上方刚金叉；4H MACD 柱体连续扩张；4H RSI 位于健康强势区间,
50,BNY,BNY Mellon,Financials,Early,S&P 500,208,72.77,54.81,82.9,96.99,58.72,79.16,82.4,50.87,72.0,confirmed_bullish_trend,25.0,bearish_proxy,52.02,49.4,0.0,100,confirmed_bullish_trend,88,fresh_above_zero_cross,58.73,159.675003,0.61,0.02224716,0.03389666,0.04763317,0.08232227,4H EMA 多头排列已连续维持；4H MACD 零轴上方刚金叉；4H MACD 柱体连续扩张；4H RSI 位于健康强势区间,
51,BKR,Baker Hughes,Energy,Early,S&P 500,13,72.76,77.49,75.1,24.85,58.72,78.58,76.2,66.96,82.0,early_transition,61.8,bullish_above_signal_proxy,63.49,52.45,0.0,100,confirmed_bullish_trend,70,bullish_above_signal,64.42,61.48,0.19,0.01085169,0.02697733,0.13410812,0.03763713,4H EMA 多头排列已连续维持；4H MACD 位于 Signal 上方；4H RSI 位于健康强势区间,
52,USB,U.S. Bancorp,Financials,Early,S&P 500,229,72.6,54.33,82.9,96.99,58.72,78.44,81.6,50.24,72.0,confirmed_bullish_trend,25.0,bearish_proxy,51.04,47.21,0.0,100,confirmed_bullish_trend,88,fresh_above_zero_cross,59.7,64.514999,0.54,0.00907168,0.01606426,0.01935532,0.07875594,4H EMA 多头排列已连续维持；4H MACD 零轴上方刚金叉；4H MACD 柱体连续扩张；4H RSI 位于健康强势区间,
53,TSCO,Tractor Supply,Consumer Discretionary,Early,S&P 500,21,72.56,76.79,67.1,46.49,58.72,72.81,71.45,65.33,82.0,early_transition,61.8,bullish_above_signal_proxy,58.98,50.55,0.0,89,confirmed_bullish_trend,78,bullish_above_signal,70.46,33.365002,0.35,0.03811459,0.06768006,0.09411382,0.10865603,4H EMA 多头排列已连续维持；4H MACD 位于 Signal 上方；4H MACD 柱体连续扩张,4H 相对 EMA26 超过 2 ATR，短线偏追高；4H RSI 偏热
54,DE,Deere & Company,Industrials,Early,S&P 500,211,72.38,54.9,82.9,94.19,58.72,78.44,81.6,50.62,72.0,confirmed_bullish_trend,25.0,bearish_proxy,50.71,50.39,0.0,100,confirmed_bullish_trend,88,fresh_above_zero_cross,55.22,618.51001,0.19,0.02187452,0.00084147,0.03947765,0.03536245,4H EMA 多头排列已连续维持；4H MACD 零轴上方刚金叉；4H MACD 柱体连续扩张；4H RSI 位于健康强势区间,
55,NWSA,News Corp (Class A),Communication Services,Early,S&P 500,103,72.37,61.68,82.9,78.36,58.72,78.44,81.6,60.48,72.0,confirmed_bullish_trend,61.8,bullish_above_signal_proxy,54.19,47.84,0.0,100,confirmed_bullish_trend,88,fresh_above_zero_cross,57.98,28.440001,0.49,0.01753131,-0.01386959,0.05235896,0.14285718,4H EMA 多头排列已连续维持；4H MACD 零轴上方刚金叉；4H MACD 柱体连续扩张；4H RSI 位于健康强势区间,
56,NEM,Newmont,Materials,Early,S&P 500,145,72.37,69.58,72.7,40.28,8.92,60.71,61.9,55.48,100.0,fresh_bullish_cross,47.55,bullish_below_zero_proxy,59.85,48.97,11.71,64,early_transition,78,bullish_above_signal,74.6,105.18,1.14,0.10286250,0.15951936,0.10009412,0.06732967,4H EMA9 已站上 EMA26，等待 26/50 确认；4H MACD 位于 Signal 上方；4H MACD 柱体连续扩张,4H 相对 EMA26 超过 2 ATR，短线偏追高；4H RSI 偏热
57,HSY,Hershey Company (The),Consumer Staples,Early,S&P 500,120,72.34,73.67,54.4,86.17,58.72,51.17,51.3,59.47,82.0,early_transition,49.8,bullish_below_zero_proxy,49.86,49.72,0.0,58,mixed_sideways,50,mixed_or_bearish,54.44,178.804993,0.19,0.00621832,-0.03738900,0.01288729,0.01874480,4H MACD 柱体连续扩张；4H RSI 位于健康强势区间,4H EMA 仍偏震荡；4H MACD 尚未确认多头
58,AOS,A. O. Smith,Industrials,Early,S&P 500,95,72.09,62.33,82.9,74.95,58.72,80.44,81.6,61.1,72.0,confirmed_bullish_trend,61.8,bullish_above_signal_proxy,54.59,51.17,0.0,100,confirmed_bullish_trend,88,fresh_above_zero_cross,59.0,62.740002,0.24,0.03309735,0.01471777,0.02215707,0.08172417,4H EMA 多头排列已连续维持；4H MACD 零轴上方刚金叉；4H MACD 柱体连续扩张；4H RSI 位于健康强势区间,
59,COO,Cooper Companies (The),Health Care,Early,S&P 500,113,72.08,61.6,75.1,97.39,58.72,73.58,76.2,59.87,72.0,confirmed_bullish_trend,61.8,bullish_above_signal_proxy,51.88,48.38,0.0,100,confirmed_bullish_trend,70,bullish_above_signal,67.74,74.730003,0.31,0.00632913,0.03011931,0.02948074,0.13073094,4H EMA 多头排列已连续维持；4H MACD 位于 Signal 上方；4H RSI 位于健康强势区间,
60,HSIC,Henry Schein,Health Care,Early,S&P 500,12,71.95,66.91,75.1,84.17,58.72,80.74,78.6,67.13,72.0,confirmed_bullish_trend,88.8,fresh_above_zero_cross_proxy,53.43,48.69,0.0,100,confirmed_bullish_trend,78,bullish_above_signal,63.74,88.940002,0.37,0.02868382,0.03490807,0.02862437,0.11105557,4H EMA 多头排列已连续维持；4H MACD 位于 Signal 上方；4H MACD 柱体连续扩张；4H RSI 位于健康强势区间,
61,DLTR,Dollar Tree,Consumer Staples,Early,S&P 500,108,71.88,61.98,75.1,95.19,58.72,73.58,76.2,60.27,72.0,confirmed_bullish_trend,61.8,bullish_above_signal_proxy,52.29,50.21,0.0,100,confirmed_bullish_trend,70,bullish_above_signal,58.91,129.619995,0.23,0.00216483,0.00297902,0.05665605,0.12867620,4H EMA 多头排列已连续维持；4H MACD 位于 Signal 上方；4H RSI 位于健康强势区间,
62,HD,Home Depot (The),Consumer Discretionary,Early,S&P 500,116,71.88,61.64,75.1,95.99,58.72,71.29,73.65,59.67,72.0,confirmed_bullish_trend,61.8,bullish_above_signal_proxy,50.93,48.94,0.0,89,confirmed_bullish_trend,78,bullish_above_signal,64.43,351.975006,0.39,0.03497712,0.02655529,0.02015830,0.08093824,4H EMA 多头排列已连续维持；4H MACD 位于 Signal 上方；4H MACD 柱体连续扩张；4H RSI 位于健康强势区间,4H 相对 EMA26 超过 2 ATR，短线偏追高
63,INTU,Intuit,Information Technology,Early,S&P 500,7,71.86,77.84,75.1,18.04,58.72,78.58,76.2,67.8,82.0,early_transition,61.8,bullish_above_signal_proxy,65.8,53.41,0.0,100,confirmed_bullish_trend,70,bullish_above_signal,63.43,326.369995,0.31,0.02506354,-0.01222726,0.15766877,0.25730030,4H EMA 多头排列已连续维持；4H MACD 位于 Signal 上方；4H RSI 位于健康强势区间,
64,STT,State Street Corporation,Financials,Early,S&P 500,201,71.74,54.89,82.9,89.98,58.72,78.44,81.6,51.09,72.0,confirmed_bullish_trend,25.0,bearish_proxy,52.69,49.54,0.0,100,confirmed_bullish_trend,88,fresh_above_zero_cross,59.97,188.25,0.21,0.02493604,0.05426748,0.04734614,0.08009643,4H EMA 多头排列已连续维持；4H MACD 零轴上方刚金叉；4H MACD 柱体连续扩张；4H RSI 位于健康强势区间,
65,PFG,Principal Financial Group,Financials,Early,S&P 500,107,71.5,61.99,75.1,92.59,58.72,73.58,76.2,60.3,72.0,confirmed_bullish_trend,61.8,bullish_above_signal_proxy,52.39,50.23,0.0,100,confirmed_bullish_trend,70,bullish_above_signal,65.76,115.334999,0.15,0.00204171,0.01157742,0.02012207,0.03106560,4H EMA 多头排列已连续维持；4H MACD 位于 Signal 上方；4H RSI 位于健康强势区间,
66,ABNB,Airbnb,Consumer Discretionary,Early,S&P 500,119,71.27,61.34,73.0,98.2,58.72,59.27,60.3,59.5,72.0,confirmed_bullish_trend,61.8,bullish_above_signal_proxy,51.2,47.24,0.0,58,mixed_sideways,80,fresh_above_zero_cross,62.16,152.970001,0.48,0.01573702,-0.00591372,0.03037851,0.09393209,4H MACD 零轴上方刚金叉；4H RSI 位于健康强势区间,4H EMA 仍偏震荡
67,HII,Huntington Ingalls Industries,Industrials,Early,S&P 500,5,71.19,77.99,75.1,13.23,58.72,78.58,76.2,68.25,82.0,early_transition,61.8,bullish_above_signal_proxy,67.16,53.68,0.0,100,confirmed_bullish_trend,70,bullish_above_signal,67.06,322.315002,0.19,-0.01100028,0.11852789,0.11651313,0.14227234,4H EMA 多头排列已连续维持；4H MACD 位于 Signal 上方；4H RSI 位于健康强势区间,
68,AIG,American International Group,Financials,Early,S&P 500,250,71.19,54.3,79.6,56.51,58.72,65.75,67.5,49.05,72.0,confirmed_bullish_trend,25.0,bearish_proxy,46.18,48.99,0.0,94,fresh_bullish_cross,50,mixed_or_bearish,57.53,80.07,0.33,0.01611671,-0.00706844,-0.01343031,0.04570981,4H EMA9/26 最近金叉且价格在 EMA50 上方；4H MACD 柱体连续扩张；4H RSI 位于健康强势区间,4H MACD 尚未确认多头
69,MSI,Motorola Solutions,Information Technology,Early,S&P 500,111,71.14,61.49,75.1,91.38,58.72,74.3,77.0,59.95,72.0,confirmed_bullish_trend,61.8,bullish_above_signal_proxy,52.57,47.51,0.0,100,confirmed_bullish_trend,70,bullish_above_signal,64.4,441.209991,0.56,0.00974935,0.01125373,0.03233627,0.12107428,4H EMA 多头排列已连续维持；4H MACD 位于 Signal 上方；4H RSI 位于健康强势区间,
70,LYV,Live Nation Entertainment,Communication Services,Early,S&P 500,203,71.12,54.57,82.9,86.57,58.72,78.44,81.6,50.95,72.0,confirmed_bullish_trend,25.0,bearish_proxy,53.18,47.64,0.0,100,confirmed_bullish_trend,88,fresh_above_zero_cross,58.6,184.990005,0.11,0.01816282,0.02032493,0.00121780,0.07909941,4H EMA 多头排列已连续维持；4H MACD 零轴上方刚金叉；4H MACD 柱体连续扩张；4H RSI 位于健康强势区间,
71,NWS,News Corp (Class B),Communication Services,Early,S&P 500,98,71.07,61.82,82.9,69.34,58.72,81.16,82.4,60.9,72.0,confirmed_bullish_trend,61.8,bullish_above_signal_proxy,55.45,48.09,0.0,100,confirmed_bullish_trend,88,fresh_above_zero_cross,60.78,32.580002,0.76,0.02452840,-0.00488699,0.06470595,0.15388705,4H EMA 多头排列已连续维持；4H MACD 零轴上方刚金叉；4H MACD 柱体连续扩张；4H RSI 位于健康强势区间,
72,DRI,Darden Restaurants,Consumer Discretionary,Early,S&P 500,115,71.04,61.64,73.0,95.99,58.72,59.27,60.3,59.67,72.0,confirmed_bullish_trend,61.8,bullish_above_signal_proxy,50.93,48.94,0.0,58,mixed_sideways,80,fresh_above_zero_cross,59.43,208.610001,0.13,0.01139342,-0.01305764,0.01810643,-0.01996617,4H MACD 零轴上方刚金叉；4H RSI 位于健康强势区间,4H EMA 仍偏震荡
73,LVS,Las Vegas Sands,Consumer Discretionary,Early,S&P 500,96,70.93,74.2,54.4,75.55,58.72,47.77,45.3,61.01,82.0,early_transition,49.8,bullish_below_zero_proxy,54.53,50.66,0.0,50,mixed_sideways,42,mixed_or_bearish,50.95,47.334999,0.38,0.00116328,-0.02033429,0.03396680,-0.01385419,4H RSI 位于健康强势区间,4H EMA 仍偏震荡；4H MACD 尚未确认多头
74,INVH,Invitation Homes,Real Estate,Early,S&P 500,121,70.53,61.47,75.1,87.37,58.72,73.58,76.2,59.29,72.0,confirmed_bullish_trend,61.8,bullish_above_signal_proxy,49.91,48.48,0.0,100,confirmed_bullish_trend,70,bullish_above_signal,58.77,30.365,0.34,-0.00409970,0.00930700,0.00131901,0.05014695,4H EMA 多头排列已连续维持；4H MACD 位于 Signal 上方；4H RSI 位于健康强势区间,
75,GEN,Gen Digital,Information Technology,Early,S&P 500,100,70.42,62.19,75.1,84.97,58.72,71.12,71.25,60.68,72.0,confirmed_bullish_trend,61.8,bullish_above_signal_proxy,53.31,50.91,0.0,89,confirmed_bullish_trend,70,bullish_above_signal,67.9,28.25,0.4,0.00319602,0.01600432,0.04378345,0.21088727,4H EMA 多头排列已连续维持；4H MACD 位于 Signal 上方；4H RSI 位于健康强势区间,4H 相对 EMA26 超过 2 ATR，短线偏追高
76,KMB,Kimberly-Clark,Consumer Staples,Early,S&P 500,253,70.42,54.23,79.6,51.5,58.72,61.88,63.2,48.84,72.0,confirmed_bullish_trend,25.0,bearish_proxy,45.53,48.86,0.0,88,fresh_bullish_cross,42,mixed_or_bearish,50.02,109.959999,0.59,0.02183810,-0.02472166,-0.04124163,0.06757281,4H EMA9/26 最近金叉且价格在 EMA50 上方；4H RSI 位于健康强势区间,4H MACD 尚未确认多头
77,V,Visa Inc.,Financials,Early,S&P 500,230,70.38,54.18,82.9,82.57,58.72,76.28,79.2,50.24,72.0,confirmed_bullish_trend,20.0,fresh_bearish_cross_proxy,53.56,50.46,0.0,100,confirmed_bullish_trend,80,fresh_above_zero_cross,60.65,368.700012,0.47,0.00820345,-0.00769724,0.05216597,0.11553181,4H EMA 多头排列已连续维持；4H MACD 零轴上方刚金叉；4H RSI 位于健康强势区间,
78,ACN,Accenture,Information Technology,Early,S&P 500,4,70.28,77.79,75.1,7.62,58.72,78.58,76.2,68.95,82.0,early_transition,61.8,bullish_above_signal_proxy,70.77,51.15,0.0,100,confirmed_bullish_trend,70,bullish_above_signal,65.5,168.835007,0.34,0.01879680,-0.02534327,0.17922126,0.33524463,4H EMA 多头排列已连续维持；4H MACD 位于 Signal 上方；4H RSI 位于健康强势区间,
79,GPC,Genuine Parts Company,Consumer Discretionary,Early,S&P 500,146,70.18,63.38,82.9,87.78,16.73,73.99,76.65,55.18,72.0,confirmed_bullish_trend,86.55,fresh_above_zero_cross_proxy,49.93,46.99,10.09,89,confirmed_bullish_trend,88,fresh_above_zero_cross,65.2,132.389999,0.22,0.02987161,0.02755358,0.00899316,0.23486615,4H EMA 多头排列已连续维持；4H MACD 零轴上方刚金叉；4H MACD 柱体连续扩张；4H RSI 位于健康强势区间,4H 相对 EMA26 超过 2 ATR，短线偏追高
80,WAT,Waters Corporation,Health Care,Early,S&P 500,77,69.97,62.79,82.9,59.72,58.72,80.44,81.6,62.04,72.0,confirmed_bullish_trend,61.8,bullish_above_signal_proxy,56.99,52.65,0.0,100,confirmed_bullish_trend,88,fresh_above_zero_cross,67.66,396.880005,0.42,0.05865718,0.04030091,0.05351456,0.10786070,4H EMA 多头排列已连续维持；4H MACD 零轴上方刚金叉；4H MACD 柱体连续扩张；4H RSI 位于健康强势区间,
81,CFG,Citizens Financial Group,Financials,Early,S&P 500,225,69.72,54.35,75.1,98.6,58.72,75.74,78.6,50.31,72.0,confirmed_bullish_trend,25.0,bearish_proxy,51.24,47.25,0.0,100,confirmed_bullish_trend,78,bullish_above_signal,63.15,74.029999,0.41,0.01829439,0.02428221,0.02912353,0.07727005,4H EMA 多头排列已连续维持；4H MACD 位于 Signal 上方；4H MACD 柱体连续扩张；4H RSI 位于健康强势区间,
82,EL,Estée Lauder Companies (The),Consumer Staples,Early,S&P 500,110,69.34,61.87,67.1,99.8,58.72,73.76,76.4,59.96,72.0,confirmed_bullish_trend,61.8,bullish_above_signal_proxy,51.35,50.02,0.0,100,confirmed_bullish_trend,78,bullish_above_signal,68.52,87.555,0.4,0.03395135,0.03078641,0.03468444,0.04662006,4H EMA 多头排列已连续维持；4H MACD 位于 Signal 上方；4H MACD 柱体连续扩张,4H RSI 偏热
83,ECL,Ecolab,Materials,Early,S&P 500,127,69.19,61.08,75.1,79.36,58.72,75.74,78.6,58.72,72.0,confirmed_bullish_trend,61.8,bullish_above_signal_proxy,48.86,46.77,0.0,100,confirmed_bullish_trend,78,bullish_above_signal,64.94,285.529999,0.43,0.02190328,0.01700769,0.00992128,0.06107508,4H EMA 多头排列已连续维持；4H MACD 位于 Signal 上方；4H MACD 柱体连续扩张；4H RSI 位于健康强势区间,
84,NTRS,Northern Trust,Financials,Early,S&P 500,219,69.11,54.66,75.1,93.79,58.72,75.74,78.6,50.41,72.0,confirmed_bullish_trend,25.0,bearish_proxy,50.62,49.12,0.0,100,confirmed_bullish_trend,78,bullish_above_signal,57.88,184.932495,0.27,0.01466312,0.02946168,0.02353610,0.04345984,4H EMA 多头排列已连续维持；4H MACD 位于 Signal 上方；4H MACD 柱体连续扩张；4H RSI 位于健康强势区间,
85,SYF,Synchrony Financial,Financials,Early,S&P 500,101,69.11,61.7,75.1,77.35,58.72,71.29,73.65,60.54,72.0,confirmed_bullish_trend,61.8,bullish_above_signal_proxy,54.36,47.87,0.0,89,confirmed_bullish_trend,78,bullish_above_signal,67.0,79.559998,0.28,0.02222788,0.04574127,0.04498583,0.05966963,4H EMA 多头排列已连续维持；4H MACD 位于 Signal 上方；4H MACD 柱体连续扩张；4H RSI 位于健康强势区间,4H 相对 EMA26 超过 2 ATR，短线偏追高
86,CBRE,CBRE Group,Real Estate,Early,S&P 500,99,69.03,61.99,75.1,76.15,58.72,77.74,78.6,60.8,72.0,confirmed_bullish_trend,61.8,bullish_above_signal_proxy,54.48,49.4,0.0,100,confirmed_bullish_trend,78,bullish_above_signal,67.53,151.804993,0.2,0.02280687,0.01318155,0.05019018,0.13852316,4H EMA 多头排列已连续维持；4H MACD 位于 Signal 上方；4H MACD 柱体连续扩张；4H RSI 位于健康强势区间,
87,HCA,HCA Healthcare,Health Care,Early,S&P 500,112,68.92,74.83,65.2,31.86,58.72,56.57,57.3,59.88,82.0,early_transition,61.8,bullish_above_signal_proxy,42.81,46.56,0.0,58,mixed_sideways,70,bullish_above_signal,60.2,409.420013,0.31,0.00688608,-0.00862027,-0.02745973,0.05575045,4H MACD 位于 Signal 上方；4H RSI 位于健康强势区间,4H EMA 仍偏震荡
88,PH,Parker Hannifin,Industrials,Early,S&P 500,93,68.74,62.35,75.1,73.35,58.72,78.46,79.4,61.17,72.0,confirmed_bullish_trend,61.8,bullish_above_signal_proxy,54.78,51.21,0.0,100,confirmed_bullish_trend,78,bullish_above_signal,64.44,1005.945007,0.94,0.00844593,0.05800969,0.05586085,0.05283841,4H EMA 多头排列已连续维持；4H MACD 位于 Signal 上方；4H MACD 柱体连续扩张；4H RSI 位于健康强势区间,
89,MTB,M&T Bank,Financials,Early,S&P 500,177,68.45,54.85,82.9,68.14,58.72,78.44,81.6,51.77,72.0,confirmed_bullish_trend,25.0,bearish_proxy,55.66,48.13,0.0,100,confirmed_bullish_trend,88,fresh_above_zero_cross,60.29,253.279999,0.4,0.01535416,0.00589766,0.05121606,0.10126524,4H EMA 多头排列已连续维持；4H MACD 零轴上方刚金叉；4H MACD 柱体连续扩张；4H RSI 位于健康强势区间,
90,DD,DuPont,Materials,Early,S&P 500,49,68.39,74.6,65.2,28.86,58.72,62.23,59.7,63.28,82.0,early_transition,49.8,bullish_below_zero_proxy,62.67,49.53,0.0,58,mixed_sideways,78,bullish_above_signal,66.71,145.550003,0.37,0.03000499,0.05604938,0.05474842,0.03314876,4H MACD 位于 Signal 上方；4H MACD 柱体连续扩张；4H RSI 位于健康强势区间,4H EMA 仍偏震荡
91,CME,CME Group,Financials,Early,S&P 500,26,68.37,76.9,50.8,61.72,58.72,47.52,43.35,64.85,82.0,early_transition,61.8,bullish_above_signal_proxy,56.64,52.08,0.0,55,mixed_sideways,28,fresh_bearish_cross,56.06,261.069,0.26,-0.01920127,-0.01412710,0.07748407,0.06693775,4H RSI 位于健康强势区间,4H EMA 仍偏震荡；4H MACD 最近死叉
92,NOW,ServiceNow,Information Technology,Early,S&P 500,90,68.05,62.45,75.1,68.54,58.72,75.58,76.2,61.44,72.0,confirmed_bullish_trend,61.8,bullish_above_signal_proxy,55.62,51.37,0.0,100,confirmed_bullish_trend,70,bullish_above_signal,63.96,117.504997,0.33,0.02903052,0.01529352,0.04138785,0.20728444,4H EMA 多头排列已连续维持；4H MACD 位于 Signal 上方；4H RSI 位于健康强势区间,
93,DELL,Dell Technologies,Information Technology,Early,S&P 500,88,67.82,62.58,75.1,66.73,58.72,74.01,74.45,61.63,72.0,confirmed_bullish_trend,61.8,bullish_above_signal_proxy,55.95,51.94,0.0,89,confirmed_bullish_trend,78,bullish_above_signal,65.34,479.05011,0.78,0.11661490,0.28101969,0.13760249,0.10273490,4H EMA 多头排列已连续维持；4H MACD 位于 Signal 上方；4H MACD 柱体连续扩张；4H RSI 位于健康强势区间,4H 相对 EMA26 超过 2 ATR，短线偏追高
94,CAH,Cardinal Health,Health Care,Early,S&P 500,27,67.77,66.12,75.1,58.12,58.72,77.08,76.2,64.82,72.0,confirmed_bullish_trend,88.8,fresh_above_zero_cross_proxy,46.43,47.29,0.0,100,confirmed_bullish_trend,70,bullish_above_signal,62.32,236.270004,0.45,0.00254596,0.01818574,-0.01513126,0.04244434,4H EMA 多头排列已连续维持；4H MACD 位于 Signal 上方；4H RSI 位于健康强势区间,
95,JPM,JPMorgan Chase,Financials,Early,S&P 500,141,67.59,63.78,82.9,72.14,12.83,73.99,76.65,56.18,72.0,confirmed_bullish_trend,86.55,fresh_above_zero_cross_proxy,54.96,47.99,10.75,89,confirmed_bullish_trend,88,fresh_above_zero_cross,65.47,361.76001,0.44,0.02594942,0.03413185,0.06988438,0.08334275,4H EMA 多头排列已连续维持；4H MACD 零轴上方刚金叉；4H MACD 柱体连续扩张；4H RSI 位于健康强势区间,4H 相对 EMA26 超过 2 ATR，短线偏追高
96,HON,Honeywell Technologies,Industrials,Early,S&P 500,74,67.55,62.25,82.9,44.89,58.72,78.28,79.2,62.17,72.0,confirmed_bullish_trend,61.8,bullish_above_signal_proxy,59.31,48.86,0.0,100,confirmed_bullish_trend,80,fresh_above_zero_cross,64.25,248.304993,0.32,0.00613882,0.02512176,0.10726864,0.05507490,4H EMA 多头排列已连续维持；4H MACD 零轴上方刚金叉；4H RSI 位于健康强势区间,
97,CHD,Church & Dwight,Consumer Staples,Early,S&P 500,87,67.15,62.46,75.1,62.53,58.72,77.74,78.6,61.67,72.0,confirmed_bullish_trend,61.8,bullish_above_signal_proxy,56.54,51.06,0.0,100,confirmed_bullish_trend,78,bullish_above_signal,67.46,103.190002,0.33,0.03159055,0.03698121,0.04692335,0.07500897,4H EMA 多头排列已连续维持；4H MACD 位于 Signal 上方；4H MACD 柱体连续扩张；4H RSI 位于健康强势区间,
98,FTNT,Fortinet,Information Technology,Early,S&P 500,85,67.13,62.56,75.1,62.12,58.72,75.58,76.2,61.77,72.0,confirmed_bullish_trend,61.8,bullish_above_signal_proxy,56.6,51.57,0.0,100,confirmed_bullish_trend,70,bullish_above_signal,66.73,167.399994,0.39,0.02579810,0.14164897,0.03601926,0.12924979,4H EMA 多头排列已连续维持；4H MACD 位于 Signal 上方；4H RSI 位于健康强势区间,
99,IDXX,Idexx Laboratories,Health Care,Early,S&P 500,82,67.07,62.75,75.1,61.32,58.72,77.74,78.6,61.93,72.0,confirmed_bullish_trend,61.8,bullish_above_signal_proxy,56.65,52.58,0.0,100,confirmed_bullish_trend,78,bullish_above_signal,62.74,591.77002,0.55,0.04174777,0.03740132,0.04261955,0.09327887,4H EMA 多头排列已连续维持；4H MACD 位于 Signal 上方；4H MACD 柱体连续扩张；4H RSI 位于健康强势区间,
100,GOOG,Alphabet Inc. (Class C),Communication Services,Early,S&P 500,238,66.83,70.98,57.2,77.76,14.43,49.73,49.7,49.74,82.0,early_transition,47.55,bullish_below_zero_proxy,54.24,49.85,10.49,46,mixed_sideways,70,bullish_above_signal,71.79,379.13501,0.38,0.01789408,0.12727091,0.03393877,0.09188434,4H MACD 位于 Signal 上方,4H EMA 仍偏震荡；4H 相对 EMA26 超过 2 ATR，短线偏追高；4H RSI 偏热
101,GL,Globe Life,Financials,Early,S&P 500,176,66.75,55.23,75.1,76.75,58.72,73.58,76.2,51.78,72.0,confirmed_bullish_trend,25.0,bearish_proxy,54.44,50.64,0.0,100,confirmed_bullish_trend,70,bullish_above_signal,61.48,184.259995,0.27,0.00103215,0.03267389,0.03668274,0.05556827,4H EMA 多头排列已连续维持；4H MACD 位于 Signal 上方；4H RSI 位于健康强势区间,
102,GOOGL,Alphabet Inc. (Class A),Communication Services,Early,S&P 500,239,66.61,70.97,57.2,76.75,13.83,49.73,49.7,49.68,82.0,early_transition,47.55,bullish_below_zero_proxy,54.44,49.89,10.62,46,mixed_sideways,70,bullish_above_signal,72.1,381.559998,0.38,0.02141557,0.13145327,0.03146622,0.09703574,4H MACD 位于 Signal 上方,4H EMA 仍偏震荡；4H 相对 EMA26 超过 2 ATR，短线偏追高；4H RSI 偏热
103,CPAY,Corpay,Financials,Early,S&P 500,52,66.24,62.97,82.9,34.47,58.72,79.0,80.0,63.18,72.0,confirmed_bullish_trend,61.8,bullish_above_signal_proxy,61.12,51.97,0.0,100,confirmed_bullish_trend,80,fresh_above_zero_cross,64.66,393.415009,0.66,0.01976464,0.00403236,0.09685655,0.15993453,4H EMA 多头排列已连续维持；4H MACD 零轴上方刚金叉；4H RSI 位于健康强势区间,
104,DHR,Danaher Corporation,Health Care,Early,S&P 500,209,65.73,55.12,65.2,96.59,58.72,56.57,57.3,50.87,72.0,confirmed_bullish_trend,25.0,bearish_proxy,51.01,51.45,0.0,58,mixed_sideways,70,bullish_above_signal,54.64,197.850006,0.21,0.00151862,-0.00802202,0.02335324,0.11204797,4H MACD 位于 Signal 上方；4H RSI 位于健康强势区间,4H EMA 仍偏震荡
105,MKC,McCormick & Company,Consumer Staples,Early,S&P 500,242,65.68,54.47,75.1,71.34,58.72,72.5,75.0,49.55,72.0,confirmed_bullish_trend,25.0,bearish_proxy,47.68,49.29,0.0,100,confirmed_bullish_trend,66,bullish_above_signal,56.5,52.314999,0.26,0.01523384,-0.00570185,-0.00295411,0.10754732,4H EMA 多头排列已连续维持；4H MACD 位于 Signal 上方；4H MACD 柱体连续扩张；4H RSI 位于健康强势区间,
106,STE,Steris,Health Care,Early,S&P 500,67,65.57,62.93,75.1,50.9,58.72,75.58,76.2,62.45,72.0,confirmed_bullish_trend,61.8,bullish_above_signal_proxy,58.23,52.9,0.0,100,confirmed_bullish_trend,70,bullish_above_signal,62.19,231.320007,0.47,-0.00580217,-0.00893294,0.07919478,0.14730688,4H EMA 多头排列已连续维持；4H MACD 位于 Signal 上方；4H RSI 位于健康强势区间,
107,PNC,PNC Financial Services,Financials,Early,S&P 500,248,65.56,53.96,75.1,71.74,58.72,75.74,78.6,49.16,72.0,confirmed_bullish_trend,25.0,bearish_proxy,47.75,46.55,0.0,100,confirmed_bullish_trend,78,bullish_above_signal,61.58,255.449997,0.5,0.01497936,0.02392978,0.00184329,0.07891791,4H EMA 多头排列已连续维持；4H MACD 位于 Signal 上方；4H MACD 柱体连续扩张；4H RSI 位于健康强势区间,
108,VRTX,Vertex Pharmaceuticals,Health Care,Early,S&P 500,143,65.42,66.8,67.6,20.84,58.72,53.87,54.3,55.68,100.0,fresh_bullish_cross,25.0,bearish_proxy,40.13,49.28,0.0,50,mixed_sideways,72,fresh_below_zero_cross,56.21,487.26001,0.44,0.03474202,-0.00624082,-0.07241572,0.03826981,4H MACD 刚金叉但仍需零轴确认；4H MACD 柱体连续扩张；4H RSI 位于健康强势区间,4H EMA 仍偏震荡
109,VTRS,Viatris,Health Care,Early,S&P 500,94,65.21,62.47,64.3,78.36,58.72,70.18,70.2,61.12,72.0,confirmed_bullish_trend,61.8,bullish_above_signal_proxy,54.19,52.09,0.0,100,confirmed_bullish_trend,50,mixed_or_bearish,60.43,17.745001,0.27,0.00709421,-0.00560370,0.03923865,0.12559474,4H EMA 多头排列已连续维持；4H MACD 柱体连续扩张；4H RSI 位于健康强势区间,4H MACD 尚未确认多头
110,PPG,PPG Industries,Materials,Early,S&P 500,232,65.18,47.56,92.8,76.95,58.72,71.69,74.1,50.01,35.0,mixed_sideways,71.8,fresh_below_zero_cross_proxy,48.53,46.71,0.0,94,fresh_bullish_cross,72,fresh_below_zero_cross,58.62,119.074997,0.25,0.04424273,0.06812876,-0.02108683,0.00868186,4H EMA9/26 最近金叉且价格在 EMA50 上方；4H MACD 刚金叉但仍需零轴确认；4H MACD 柱体连续扩张；4H RSI 位于健康强势区间,
111,ERIE,Erie Indemnity,Financials,Early,S&P 500,123,65.1,61.56,65.2,77.35,58.72,58.73,59.7,59.06,72.0,confirmed_bullish_trend,61.8,bullish_above_signal_proxy,48.62,49.47,0.0,58,mixed_sideways,78,bullish_above_signal,60.37,247.744995,0.38,0.04716676,0.01551479,-0.02925047,0.12613923,4H MACD 位于 Signal 上方；4H MACD 柱体连续扩张；4H RSI 位于健康强势区间,4H EMA 仍偏震荡
112,TDY,Teledyne Technologies,Information Technology,Early,S&P 500,81,65.07,62.18,75.1,49.3,58.72,73.29,73.65,61.95,72.0,confirmed_bullish_trend,61.8,bullish_above_signal_proxy,58.64,48.73,0.0,89,confirmed_bullish_trend,78,bullish_above_signal,67.93,687.380005,0.32,0.02493071,0.08230927,0.07314251,0.11181562,4H EMA 多头排列已连续维持；4H MACD 位于 Signal 上方；4H MACD 柱体连续扩张；4H RSI 位于健康强势区间,4H 相对 EMA26 超过 2 ATR，短线偏追高
113,CEG,Constellation Energy,Utilities,Early,S&P 500,16,64.96,77.3,50.8,38.08,58.72,50.23,44.7,66.01,82.0,early_transition,61.8,bullish_above_signal_proxy,60.14,52.78,0.0,58,mixed_sideways,28,fresh_bearish_cross,51.01,265.709991,0.38,-0.02915712,0.02588748,0.10250819,-0.03156431,4H RSI 位于健康强势区间,4H EMA 仍偏震荡；4H MACD 最近死叉
114,GD,General Dynamics,Industrials,Early,S&P 500,198,64.91,55.09,64.3,93.59,58.72,66.02,67.8,51.16,72.0,confirmed_bullish_trend,25.0,bearish_proxy,52.34,50.72,0.0,100,confirmed_bullish_trend,42,mixed_or_bearish,56.68,384.595001,0.24,0.00574008,-0.01816392,0.02672260,0.10268651,4H EMA 多头排列已连续维持；4H RSI 位于健康强势区间,4H MACD 尚未确认多头
115,URI,United Rentals,Industrials,Early,S&P 500,64,64.82,62.83,75.1,46.09,58.72,73.29,73.65,62.58,72.0,confirmed_bullish_trend,61.8,bullish_above_signal_proxy,59.06,52.06,0.0,89,confirmed_bullish_trend,78,bullish_above_signal,65.64,1157.557495,0.32,0.03725651,0.07936813,0.09648342,0.07860878,4H EMA 多头排列已连续维持；4H MACD 位于 Signal 上方；4H MACD 柱体连续扩张；4H RSI 位于健康强势区间,4H 相对 EMA26 超过 2 ATR，短线偏追高
116,PSA,Public Storage,Real Estate,Early,S&P 500,124,64.77,61.31,65.2,75.75,58.72,56.57,57.3,58.8,72.0,confirmed_bullish_trend,61.8,bullish_above_signal_proxy,48.42,48.18,0.0,58,mixed_sideways,70,bullish_above_signal,52.0,324.049988,0.12,-0.00607309,-0.02081953,-0.01546490,0.00067937,4H MACD 位于 Signal 上方；4H RSI 位于健康强势区间,4H EMA 仍偏震荡
117,XYZ,"Block, Inc.",Financials,Early,S&P 500,65,64.73,62.76,75.1,45.69,58.72,74.81,75.35,62.57,72.0,confirmed_bullish_trend,61.8,bullish_above_signal_proxy,59.26,51.6,0.0,89,confirmed_bullish_trend,78,bullish_above_signal,67.61,85.0,1.21,0.03532280,0.02880655,0.08211326,0.16678109,4H EMA 多头排列已连续维持；4H MACD 位于 Signal 上方；4H MACD 柱体连续扩张；4H RSI 位于健康强势区间,4H 相对 EMA26 超过 2 ATR，短线偏追高
118,GEHC,GE HealthCare,Health Care,Early,S&P 500,59,64.54,63.06,75.1,43.69,58.72,75.58,76.2,62.85,72.0,confirmed_bullish_trend,61.8,bullish_above_signal_proxy,59.42,53.13,0.0,100,confirmed_bullish_trend,70,bullish_above_signal,64.91,70.75,0.18,0.01491896,-0.01352483,0.08997066,0.11681140,4H EMA 多头排列已连续维持；4H MACD 位于 Signal 上方；4H RSI 位于健康强势区间,
119,EQIX,Equinix,Real Estate,Early,S&P 500,302,64.23,32.13,98.2,92.18,58.72,74.51,78.9,40.29,15.0,bearish_transition,49.8,bullish_below_zero_proxy,52.44,50.74,0.0,94,fresh_bullish_cross,88,fresh_above_zero_cross,52.33,1045.01001,0.27,0.01376088,0.03104962,0.02186475,-0.06848566,4H EMA9/26 最近金叉且价格在 EMA50 上方；4H MACD 零轴上方刚金叉；4H MACD 柱体连续扩张；4H RSI 位于健康强势区间,
120,RF,Regions Financial Corporation,Financials,Early,S&P 500,140,64.11,63.72,67.1,88.18,17.43,70.03,72.25,56.2,72.0,confirmed_bullish_trend,86.55,fresh_above_zero_cross_proxy,52.93,47.59,10.05,89,confirmed_bullish_trend,78,bullish_above_signal,68.21,32.0811,0.77,0.01893279,0.03071807,0.04465010,0.10036354,4H EMA 多头排列已连续维持；4H MACD 位于 Signal 上方；4H MACD 柱体连续扩张,4H 相对 EMA26 超过 2 ATR，短线偏追高；4H RSI 偏热
121,BAC,Bank of America,Financials,Early,S&P 500,324,64.02,51.32,82.9,79.76,9.32,73.2,77.45,38.99,72.0,confirmed_bullish_trend,22.75,bearish_proxy,54.04,47.81,11.68,89,confirmed_bullish_trend,88,fresh_above_zero_cross,65.15,63.364101,0.66,0.01398782,0.02257889,0.05299713,0.09845020,4H EMA 多头排列已连续维持；4H MACD 零轴上方刚金叉；4H MACD 柱体连续扩张；4H RSI 位于健康强势区间,4H 相对 EMA26 超过 2 ATR，短线偏追高
122,A,Agilent Technologies,Health Care,Early,S&P 500,89,63.68,62.64,64.3,67.74,58.72,68.02,67.8,61.62,72.0,confirmed_bullish_trend,61.8,bullish_above_signal_proxy,55.69,52.39,0.0,100,confirmed_bullish_trend,42,mixed_or_bearish,61.52,140.264999,0.21,0.00318261,0.00146367,0.07293661,0.10115405,4H EMA 多头排列已连续维持；4H RSI 位于健康强势区间,4H MACD 尚未确认多头
123,AVY,Avery Dennison,Materials,Early,S&P 500,66,63.38,62.35,75.1,37.68,58.72,75.58,76.2,62.45,72.0,confirmed_bullish_trend,61.8,bullish_above_signal_proxy,60.16,49.03,0.0,100,confirmed_bullish_trend,70,bullish_above_signal,63.65,173.710007,0.29,0.00830049,0.04299012,0.05215022,0.09908259,4H EMA 多头排列已连续维持；4H MACD 位于 Signal 上方；4H RSI 位于健康强势区间,
124,ADP,Automatic Data Processing,Industrials,Early,S&P 500,56,63.23,62.94,75.1,35.27,58.72,75.58,76.2,63.1,72.0,confirmed_bullish_trend,61.8,bullish_above_signal_proxy,60.87,51.92,0.0,100,confirmed_bullish_trend,70,bullish_above_signal,62.08,270.984985,0.32,0.00463418,-0.02470412,0.09817227,0.23842050,4H EMA 多头排列已连续维持；4H MACD 位于 Signal 上方；4H RSI 位于健康强势区间,
125,EXPD,Expeditors International,Industrials,Early,S&P 500,284,63.22,53.41,84.8,21.24,14.23,64.85,66.5,44.11,72.0,confirmed_bullish_trend,22.75,bearish_proxy,64.67,53.18,10.55,82,fresh_bullish_cross,72,fresh_below_zero_cross,70.66,182.660004,0.5,0.07050342,0.07472344,0.10283823,0.12693954,4H EMA9/26 最近金叉且价格在 EMA50 上方；4H MACD 刚金叉但仍需零轴确认；4H MACD 柱体连续扩张,4H 相对 EMA26 超过 2 ATR，短线偏追高；4H RSI 偏热
126,SCHW,Charles Schwab Corporation,Financials,Early,S&P 500,274,63.21,57.97,74.9,82.97,5.21,72.01,74.45,46.87,72.0,confirmed_bullish_trend,59.55,bullish_above_signal_proxy,53.53,47.71,12.83,89,confirmed_bullish_trend,88,fresh_above_zero_cross,71.95,107.897202,0.46,0.01919618,0.01478679,0.06156241,0.16155887,4H EMA 多头排列已连续维持；4H MACD 零轴上方刚金叉；4H MACD 柱体连续扩张,4H 相对 EMA26 超过 2 ATR，短线偏追高；4H RSI 偏热
127,SW,Smurfit Westrock,Materials,Early,S&P 500,92,62.77,61.94,64.3,63.33,58.72,70.18,70.2,61.25,72.0,confirmed_bullish_trend,61.8,bullish_above_signal_proxy,56.51,48.3,0.0,100,confirmed_bullish_trend,50,mixed_or_bearish,57.43,48.264999,0.29,0.02954347,-0.00165481,0.06899462,0.07029600,4H EMA 多头排列已连续维持；4H MACD 柱体连续扩张；4H RSI 位于健康强势区间,4H MACD 尚未确认多头
128,BR,Broadridge Financial Solutions,Industrials,Early,S&P 500,47,62.73,63.05,75.1,31.66,58.72,77.8,77.0,63.4,72.0,confirmed_bullish_trend,61.8,bullish_above_signal_proxy,61.79,52.11,0.0,100,confirmed_bullish_trend,70,bullish_above_signal,62.4,163.929993,0.6,0.04185066,0.01921162,0.09961089,0.19764016,4H EMA 多头排列已连续维持；4H MACD 位于 Signal 上方；4H RSI 位于健康强势区间,
129,BEN,Franklin Resources,Financials,Early,S&P 500,79,62.69,62.47,67.1,54.11,58.72,69.14,69.05,62.01,72.0,confirmed_bullish_trend,61.8,bullish_above_signal_proxy,57.92,50.58,0.0,89,confirmed_bullish_trend,70,bullish_above_signal,70.63,35.669998,0.51,0.01248930,0.09906011,0.02721382,0.05361093,4H EMA 多头排列已连续维持；4H MACD 位于 Signal 上方,4H 相对 EMA26 超过 2 ATR，短线偏追高；4H RSI 偏热
130,APH,Amphenol,Information Technology,Early,S&P 500,69,62.63,62.81,67.1,52.91,58.72,71.31,71.45,62.32,72.0,confirmed_bullish_trend,61.8,bullish_above_signal_proxy,58.07,52.36,0.0,89,confirmed_bullish_trend,78,bullish_above_signal,71.04,172.774994,0.32,0.05769812,0.14823548,0.08445259,0.07021179,4H EMA 多头排列已连续维持；4H MACD 位于 Signal 上方；4H MACD 柱体连续扩张,4H 相对 EMA26 超过 2 ATR，短线偏追高；4H RSI 偏热
131,NSC,Norfolk Southern,Industrials,Early,S&P 500,193,62.63,54.67,64.3,79.36,58.72,68.18,70.2,51.25,72.0,confirmed_bullish_trend,25.0,bearish_proxy,54.08,47.82,0.0,100,confirmed_bullish_trend,50,mixed_or_bearish,55.54,339.899994,0.29,0.00956398,0.00645503,0.05777461,0.11512122,4H EMA 多头排列已连续维持；4H MACD 柱体连续扩张；4H RSI 位于健康强势区间,4H MACD 尚未确认多头
132,MDLZ,Mondelez International,Consumer Staples,Early,S&P 500,102,62.4,62.06,54.4,86.97,58.72,47.8,47.55,60.52,72.0,confirmed_bullish_trend,61.8,bullish_above_signal_proxy,53.07,50.36,0.0,55,mixed_sideways,42,mixed_or_bearish,54.08,62.209999,0.43,0.00744938,-0.04659005,0.03813100,0.02750022,4H RSI 位于健康强势区间,4H EMA 仍偏震荡；4H MACD 尚未确认多头
133,UAL,United Airlines Holdings,Industrials,Early,S&P 500,262,62.37,58.22,67.1,93.59,11.12,69.31,71.45,48.03,72.0,confirmed_bullish_trend,59.55,bullish_above_signal_proxy,52.34,47.47,11.28,89,confirmed_bullish_trend,78,bullish_above_signal,70.26,134.880005,0.38,0.05018108,0.10811702,0.04558143,0.11360635,4H EMA 多头排列已连续维持；4H MACD 位于 Signal 上方；4H MACD 柱体连续扩张,4H 相对 EMA26 超过 2 ATR，短线偏追高；4H RSI 偏热
134,FDS,FactSet,Financials,Early,S&P 500,78,62.32,62.71,64.3,58.52,58.72,70.18,70.2,62.02,72.0,confirmed_bullish_trend,61.8,bullish_above_signal_proxy,57.15,52.18,0.0,100,confirmed_bullish_trend,50,mixed_or_bearish,60.6,276.747498,0.26,0.02620701,-0.03683044,0.07067273,0.26437999,4H EMA 多头排列已连续维持；4H MACD 柱体连续扩张；4H RSI 位于健康强势区间,4H MACD 尚未确认多头
135,CVNA,Carvana,Consumer Discretionary,Early,S&P 500,273,62.29,44.45,90.4,71.34,58.72,70.07,72.3,46.95,35.0,mixed_sideways,49.8,bullish_below_zero_proxy,55.11,49.77,0.0,94,fresh_bullish_cross,66,bullish_above_signal,60.9,69.669998,0.54,0.05353094,0.02667252,0.00000000,0.04703933,4H EMA9/26 最近金叉且价格在 EMA50 上方；4H MACD 位于 Signal 上方；4H MACD 柱体连续扩张；4H RSI 位于健康强势区间,
136,JBL,Jabil,Information Technology,Early,S&P 500,275,62.23,44.11,90.4,71.74,58.72,70.07,72.3,46.65,35.0,mixed_sideways,49.8,bullish_below_zero_proxy,55.01,48.0,0.0,94,fresh_bullish_cross,66,bullish_above_signal,63.53,341.48999,0.27,0.07278833,0.18805988,0.06937855,-0.08078065,4H EMA9/26 最近金叉且价格在 EMA50 上方；4H MACD 位于 Signal 上方；4H MACD 柱体连续扩张；4H RSI 位于健康强势区间,
137,AKAM,Akamai Technologies,Information Technology,Early,S&P 500,269,62.22,44.76,90.4,70.14,58.72,70.07,72.3,47.25,35.0,mixed_sideways,49.8,bullish_below_zero_proxy,55.36,51.32,0.0,94,fresh_bullish_cross,66,bullish_above_signal,58.33,122.0,0.26,0.03495082,0.12101441,0.04277958,-0.00448799,4H EMA9/26 最近金叉且价格在 EMA50 上方；4H MACD 位于 Signal 上方；4H MACD 柱体连续扩张；4H RSI 位于健康强势区间,
138,GE,GE Aerospace,Industrials,Early,S&P 500,260,62.03,58.73,67.1,91.78,8.62,70.03,72.25,48.11,72.0,confirmed_bullish_trend,59.55,bullish_above_signal_proxy,52.49,50.75,11.74,89,confirmed_bullish_trend,78,bullish_above_signal,71.9,382.880005,0.64,0.03775577,0.07886948,0.04533769,0.07142911,4H EMA 多头排列已连续维持；4H MACD 位于 Signal 上方；4H MACD 柱体连续扩张,4H 相对 EMA26 超过 2 ATR，短线偏追高；4H RSI 偏热
139,VRSN,Verisign,Information Technology,Early,S&P 500,37,61.98,63.3,75.1,26.05,58.72,72.62,71.25,63.95,72.0,confirmed_bullish_trend,61.8,bullish_above_signal_proxy,63.23,52.9,0.0,89,confirmed_bullish_trend,70,bullish_above_signal,67.97,299.125,0.18,0.00102403,0.02536633,0.12332649,0.20529867,4H EMA 多头排列已连续维持；4H MACD 位于 Signal 上方；4H RSI 位于健康强势区间,4H 相对 EMA26 超过 2 ATR，短线偏追高
140,WY,Weyerhaeuser,Real Estate,Early,S&P 500,42,61.95,62.96,75.1,26.65,58.72,77.08,76.2,63.66,72.0,confirmed_bullish_trend,61.8,bullish_above_signal_proxy,63.13,51.13,0.0,100,confirmed_bullish_trend,70,bullish_above_signal,64.73,25.6423,0.4,0.01634166,0.05069858,0.09665435,0.05763246,4H EMA 多头排列已连续维持；4H MACD 位于 Signal 上方；4H RSI 位于健康强势区间,
141,RMD,ResMed,Health Care,Early,S&P 500,268,61.86,58.66,67.1,90.98,8.42,67.86,69.85,47.49,72.0,confirmed_bullish_trend,59.55,bullish_above_signal_proxy,50.23,51.3,11.76,89,confirmed_bullish_trend,70,bullish_above_signal,71.51,222.759995,0.78,0.03493770,0.04444859,0.01642631,0.16793186,4H EMA 多头排列已连续维持；4H MACD 位于 Signal 上方,4H 相对 EMA26 超过 2 ATR，短线偏追高；4H RSI 偏热
142,LEN,Lennar,Consumer Discretionary,Early,S&P 500,282,61.76,43.28,90.4,70.54,58.72,70.07,72.3,44.22,35.0,mixed_sideways,49.8,bullish_below_zero_proxy,47.63,46.53,0.0,94,fresh_bullish_cross,66,bullish_above_signal,59.07,86.989998,0.19,0.02064995,0.01594158,-0.00377923,-0.00798271,4H EMA9/26 最近金叉且价格在 EMA50 上方；4H MACD 位于 Signal 上方；4H MACD 柱体连续扩张；4H RSI 位于健康强势区间,
143,ZBH,Zimmer Biomet,Health Care,Early,S&P 500,35,61.53,63.57,75.1,22.44,58.72,74.16,72.95,64.35,72.0,confirmed_bullish_trend,61.8,bullish_above_signal_proxy,63.97,54.04,0.0,89,confirmed_bullish_trend,70,bullish_above_signal,65.74,99.0,1.34,0.02072381,0.02718410,0.10226574,0.12717748,4H EMA 多头排列已连续维持；4H MACD 位于 Signal 上方；4H RSI 位于健康强势区间,4H 相对 EMA26 超过 2 ATR，短线偏追高
144,HIG,Hartford (The),Financials,Early,S&P 500,205,61.53,54.94,54.4,97.8,58.72,49.01,48.9,50.92,72.0,confirmed_bullish_trend,25.0,bearish_proxy,51.84,50.12,0.0,58,mixed_sideways,42,mixed_or_bearish,57.14,143.330002,0.27,0.00290389,-0.01015194,0.02863504,0.09562754,4H RSI 位于健康强势区间,4H EMA 仍偏震荡；4H MACD 尚未确认多头
145,MDT,Medtronic,Health Care,Early,S&P 500,114,61.42,62.02,50.8,90.18,58.72,45.23,44.7,59.78,72.0,confirmed_bullish_trend,61.8,bullish_above_signal_proxy,50.13,51.28,0.0,58,mixed_sideways,28,fresh_bearish_cross,54.57,85.650002,0.29,-0.01205373,-0.02714674,0.01577327,0.06768887,4H RSI 位于健康强势区间,4H EMA 仍偏震荡；4H MACD 最近死叉
146,KO,Coca-Cola Company (The),Consumer Staples,Early,S&P 500,104,61.4,62.02,50.8,89.98,58.72,44.73,44.15,60.4,72.0,confirmed_bullish_trend,61.8,bullish_above_signal_proxy,52.69,50.29,0.0,55,mixed_sideways,28,fresh_bearish_cross,57.35,86.769997,0.66,-0.00115121,-0.02985247,0.03340679,0.08537116,4H RSI 位于健康强势区间,4H EMA 仍偏震荡；4H MACD 最近死叉
147,CLX,Clorox,Consumer Staples,Early,S&P 500,169,61.34,59.93,82.9,36.87,16.73,73.99,76.65,52.25,72.0,confirmed_bullish_trend,59.55,bullish_above_signal_proxy,60.26,51.8,10.09,89,confirmed_bullish_trend,88,fresh_above_zero_cross,67.87,104.019997,0.52,0.05948255,0.04228451,0.07021963,0.12030155,4H EMA 多头排列已连续维持；4H MACD 零轴上方刚金叉；4H MACD 柱体连续扩张；4H RSI 位于健康强势区间,4H 相对 EMA26 超过 2 ATR，短线偏追高
148,ITW,Illinois Tool Works,Industrials,Early,S&P 500,174,61.12,59.89,82.9,37.27,14.03,78.44,81.6,51.83,72.0,confirmed_bullish_trend,59.55,bullish_above_signal_proxy,60.2,52.29,10.56,100,confirmed_bullish_trend,88,fresh_above_zero_cross,66.57,295.450012,0.2,0.02409016,0.01362015,0.09494877,0.12257308,4H EMA 多头排列已连续维持；4H MACD 零轴上方刚金叉；4H MACD 柱体连续扩张；4H RSI 位于健康强势区间,
149,KKR,KKR & Co.,Financials,Early,S&P 500,34,61.07,63.29,75.1,20.04,58.72,77.08,76.2,64.41,72.0,confirmed_bullish_trend,61.8,bullish_above_signal_proxy,65.18,52.04,0.0,100,confirmed_bullish_trend,70,bullish_above_signal,66.06,106.459999,0.52,-0.00103219,0.05254834,0.11173764,0.13351790,4H EMA 多头排列已连续维持；4H MACD 位于 Signal 上方；4H RSI 位于健康强势区间,
150,RL,Ralph Lauren Corporation,Consumer Discretionary,Early,S&P 500,246,61.06,47.3,90.4,56.51,58.72,68.63,70.7,49.24,35.0,mixed_sideways,71.8,fresh_below_zero_cross_proxy,46.18,46.24,0.0,92,fresh_bullish_cross,58,bullish_above_signal,59.11,392.230011,1.13,0.03101758,0.05691042,-0.00881934,-0.03583980,4H EMA9/26 最近金叉且价格在 EMA50 上方；4H MACD 位于 Signal 上方；4H RSI 位于健康强势区间,
151,BX,Blackstone Inc.,Financials,Early,S&P 500,33,61.01,63.29,75.1,19.64,58.72,74.79,73.65,64.43,72.0,confirmed_bullish_trend,61.8,bullish_above_signal_proxy,65.26,52.05,0.0,89,confirmed_bullish_trend,78,bullish_above_signal,67.25,136.544998,0.35,0.01369711,0.04472074,0.12225693,0.13409465,4H EMA 多头排列已连续维持；4H MACD 位于 Signal 上方；4H MACD 柱体连续扩张；4H RSI 位于健康强势区间,4H 相对 EMA26 超过 2 ATR，短线偏追高
152,BRO,Brown & Brown,Financials,Early,S&P 500,237,60.97,54.02,54.4,96.19,58.72,49.01,48.9,49.77,72.0,confirmed_bullish_trend,20.0,fresh_bearish_cross_proxy,52.15,50.18,0.0,58,mixed_sideways,42,mixed_or_bearish,55.35,71.220001,0.24,-0.00780159,-0.05096938,0.02837346,0.17835874,4H RSI 位于健康强势区间,4H EMA 仍偏震荡；4H MACD 尚未确认多头
153,TGT,Target Corporation,Consumer Staples,Early,S&P 500,31,60.95,63.48,75.1,18.84,58.72,77.08,76.2,64.66,72.0,confirmed_bullish_trend,61.8,bullish_above_signal_proxy,65.6,52.87,0.0,100,confirmed_bullish_trend,70,bullish_above_signal,63.52,147.529999,0.35,-0.01215308,0.00394693,0.15900697,0.09573678,4H EMA 多头排列已连续维持；4H MACD 位于 Signal 上方；4H RSI 位于健康强势区间,
154,BA,Boeing,Industrials,Early,S&P 500,277,60.79,56.7,67.1,86.17,11.82,67.14,69.05,46.0,72.0,confirmed_bullish_trend,47.55,bullish_below_zero_proxy,53.19,50.89,11.08,89,confirmed_bullish_trend,70,bullish_above_signal,69.42,237.389999,0.42,0.01683368,0.10480758,0.02155949,0.08670177,4H EMA 多头排列已连续维持；4H MACD 位于 Signal 上方,4H 相对 EMA26 超过 2 ATR，短线偏追高；4H RSI 偏热
155,JCI,Johnson Controls,Industrials,Early,S&P 500,58,60.63,62.95,67.1,39.28,58.72,72.03,72.25,62.91,72.0,confirmed_bullish_trend,61.8,bullish_above_signal_proxy,60.06,52.26,0.0,89,confirmed_bullish_trend,78,bullish_above_signal,71.04,154.229996,0.6,0.05355555,0.10893007,0.11132726,0.07710031,4H EMA 多头排列已连续维持；4H MACD 位于 Signal 上方；4H MACD 柱体连续扩张,4H 相对 EMA26 超过 2 ATR，短线偏追高；4H RSI 偏热
156,LITE,Lumentum,Information Technology,Early,S&P 500,270,60.62,44.31,90.4,60.52,58.72,68.63,70.7,47.24,35.0,mixed_sideways,49.8,bullish_below_zero_proxy,56.8,48.36,0.0,94,fresh_bullish_cross,58,bullish_above_signal,59.21,829.0,0.6,0.06288863,0.35594883,0.18082760,-0.00456889,4H EMA9/26 最近金叉且价格在 EMA50 上方；4H MACD 位于 Signal 上方；4H RSI 位于健康强势区间,
157,INCY,Incyte,Health Care,Early,S&P 500,191,60.58,55.31,54.4,90.58,58.72,48.74,48.6,51.42,72.0,confirmed_bullish_trend,25.0,bearish_proxy,52.67,51.78,0.0,52,mixed_sideways,50,mixed_or_bearish,54.49,121.489998,0.4,0.02575140,-0.04844335,0.03576453,0.15567180,4H MACD 柱体连续扩张；4H RSI 位于健康强势区间,4H EMA 仍偏震荡；4H MACD 尚未确认多头
158,MRK,Merck & Co.,Health Care,Early,S&P 500,215,60.29,55.02,54.4,89.38,58.72,47.3,47.0,50.56,72.0,confirmed_bullish_trend,25.0,bearish_proxy,50.07,51.26,0.0,52,mixed_sideways,42,mixed_or_bearish,57.11,130.850006,0.57,0.02410589,-0.00274370,0.01951774,0.10101397,4H RSI 位于健康强势区间,4H EMA 仍偏震荡；4H MACD 尚未确认多头
159,CTSH,Cognizant,Information Technology,Early,S&P 500,109,60.22,75.6,67.1,1.2,7.41,67.14,69.05,59.96,82.0,early_transition,59.55,bullish_above_signal_proxy,82.09,53.42,12.17,89,confirmed_bullish_trend,70,bullish_above_signal,73.58,56.209999,0.24,0.01885084,0.00464697,0.28026421,0.35920684,4H EMA 多头排列已连续维持；4H MACD 位于 Signal 上方,4H 相对 EMA26 超过 2 ATR，短线偏追高；4H RSI 偏热
160,GILD,Gilead Sciences,Health Care,Early,S&P 500,381,60.15,38.18,98.2,50.9,58.72,73.88,78.2,36.7,35.0,mixed_sideways,20.0,fresh_bearish_cross_proxy,45.51,50.35,0.0,94,fresh_bullish_cross,80,fresh_above_zero_cross,51.32,132.110001,1.6,0.00708956,-0.01630679,-0.01601366,0.05107804,4H EMA9/26 最近金叉且价格在 EMA50 上方；4H MACD 零轴上方刚金叉；4H RSI 位于健康强势区间,
161,ADBE,Adobe Inc.,Information Technology,Early,S&P 500,19,60.08,63.91,75.1,12.02,58.72,76.29,73.65,65.73,72.0,confirmed_bullish_trend,61.8,bullish_above_signal_proxy,68.62,53.97,0.0,89,confirmed_bullish_trend,78,bullish_above_signal,65.11,260.384705,0.38,0.03606835,-0.00986883,0.14093727,0.30767734,4H EMA 多头排列已连续维持；4H MACD 位于 Signal 上方；4H MACD 柱体连续扩张；4H RSI 位于健康强势区间,4H 相对 EMA26 超过 2 ATR，短线偏追高
162,DASH,DoorDash,Consumer Discretionary,Early,S&P 500,245,60.05,58.62,67.1,75.55,13.63,67.14,69.05,49.37,72.0,confirmed_bullish_trend,59.55,bullish_above_signal_proxy,54.53,47.91,10.66,89,confirmed_bullish_trend,70,bullish_above_signal,70.02,207.088394,0.47,0.03285982,0.06280928,0.05452892,0.18566580,4H EMA 多头排列已连续维持；4H MACD 位于 Signal 上方,4H 相对 EMA26 超过 2 ATR，短线偏追高；4H RSI 偏热
163,DLR,Digital Realty,Real Estate,Early,S&P 500,61,60.03,62.88,64.3,42.89,58.72,68.02,67.8,62.71,72.0,confirmed_bullish_trend,61.8,bullish_above_signal_proxy,59.47,52.14,0.0,100,confirmed_bullish_trend,42,mixed_or_bearish,55.87,192.279999,0.16,0.00570112,0.02086537,0.09798998,-0.02102747,4H EMA 多头排列已连续维持；4H RSI 位于健康强势区间,4H MACD 尚未确认多头
164,RVTY,Revvity,Health Care,Early,S&P 500,195,60.02,55.25,50.8,96.59,58.72,45.23,44.7,51.24,72.0,confirmed_bullish_trend,25.0,bearish_proxy,52.12,51.67,0.0,58,mixed_sideways,28,fresh_bearish_cross,52.9,112.620003,0.35,-0.02163147,0.00986376,0.00365390,0.12395216,4H RSI 位于健康强势区间,4H EMA 仍偏震荡；4H MACD 最近死叉
165,CSGP,CoStar Group,Real Estate,Early,S&P 500,314,59.77,31.58,87.7,91.78,58.72,62.36,65.4,39.38,15.0,bearish_transition,49.8,bullish_below_zero_proxy,50.46,48.59,0.0,76,early_transition,70,bullish_above_signal,56.4,30.285,0.34,0.00882745,0.01253761,0.02661017,-0.00753724,4H EMA9 已站上 EMA26，等待 26/50 确认；4H MACD 位于 Signal 上方；4H RSI 位于健康强势区间,
166,PTC,PTC Inc.,Information Technology,Early,S&P 500,138,59.73,74.76,60.1,15.23,12.42,67.14,69.05,56.56,82.0,early_transition,59.55,bullish_above_signal_proxy,66.47,53.54,10.9,89,confirmed_bullish_trend,70,bullish_above_signal,74.32,142.244995,0.25,0.01705272,0.09267939,0.12946635,0.25791468,4H EMA 多头排列已连续维持；4H MACD 位于 Signal 上方,4H 相对 EMA26 超过 2 ATR，短线偏追高；4H RSI 偏热
167,KEYS,Keysight Technologies,Information Technology,Early,S&P 500,266,59.62,44.45,90.4,53.51,58.72,70.07,72.3,47.65,35.0,mixed_sideways,49.8,bullish_below_zero_proxy,58.03,48.61,0.0,94,fresh_bullish_cross,66,bullish_above_signal,62.71,339.11499,0.25,0.05351199,0.14180131,0.08621069,-0.04820517,4H EMA9/26 最近金叉且价格在 EMA50 上方；4H MACD 位于 Signal 上方；4H MACD 柱体连续扩张；4H RSI 位于健康强势区间,
168,FSLR,First Solar,Information Technology,Early,S&P 500,264,59.62,45.05,87.7,59.32,58.72,63.86,65.4,47.9,35.0,mixed_sideways,49.8,bullish_below_zero_proxy,57.08,52.17,0.0,76,early_transition,70,bullish_above_signal,62.61,237.279999,0.43,0.01928780,0.18043881,0.03810645,-0.07105663,4H EMA9 已站上 EMA26，等待 26/50 确认；4H MACD 位于 Signal 上方；4H RSI 位于健康强势区间,
169,SYY,Sysco,Consumer Staples,Early,S&P 500,187,59.49,55.12,54.4,83.77,58.72,46.58,46.2,51.45,72.0,confirmed_bullish_trend,25.0,bearish_proxy,53.45,50.44,0.0,52,mixed_sideways,42,mixed_or_bearish,53.95,84.580002,0.52,-0.00423829,-0.01168497,0.00540864,0.07280576,4H RSI 位于健康强势区间,4H EMA 仍偏震荡；4H MACD 尚未确认多头
170,AIZ,Assurant,Financials,Early,S&P 500,183,59.18,63.1,67.9,65.33,1.4,68.5,70.55,51.66,72.0,confirmed_bullish_trend,86.55,fresh_above_zero_cross_proxy,56.16,50.98,16.07,89,confirmed_bullish_trend,80,fresh_above_zero_cross,75.39,293.720001,1.0,0.03986409,0.03949605,0.04374399,0.10106459,4H EMA 多头排列已连续维持；4H MACD 零轴上方刚金叉,4H 相对 EMA26 超过 2 ATR，短线偏追高；4H RSI 过热
171,HPE,Hewlett Packard Enterprise,Information Technology,Early,S&P 500,11,59.17,64.56,75.1,4.41,58.72,77.01,74.45,67.45,72.0,confirmed_bullish_trend,61.8,bullish_above_signal_proxy,73.59,55.47,0.0,89,confirmed_bullish_trend,78,bullish_above_signal,67.03,53.349998,0.75,0.06148030,0.17588713,0.21016217,0.07354861,4H EMA 多头排列已连续维持；4H MACD 位于 Signal 上方；4H MACD 柱体连续扩张；4H RSI 位于健康强势区间,4H 相对 EMA26 超过 2 ATR，短线偏追高
172,MS,Morgan Stanley,Financials,Early,S&P 500,362,59.13,38.5,90.4,64.13,58.72,68.57,72.3,37.8,35.0,mixed_sideways,25.0,bearish_proxy,46.98,46.4,0.0,94,fresh_bullish_cross,66,bullish_above_signal,57.42,218.559998,0.45,0.03470152,0.05876087,-0.01911861,-0.03961331,4H EMA9/26 最近金叉且价格在 EMA50 上方；4H MACD 位于 Signal 上方；4H MACD 柱体连续扩张；4H RSI 位于健康强势区间,
173,C,Citigroup,Financials,Early,S&P 500,286,59.07,43.05,90.4,53.11,58.72,65.21,66.9,43.55,35.0,mixed_sideways,49.8,bullish_below_zero_proxy,45.6,46.12,0.0,82,fresh_bullish_cross,66,bullish_above_signal,63.54,138.729996,0.46,0.03867026,0.07893913,-0.02357831,-0.04692225,4H EMA9/26 最近金叉且价格在 EMA50 上方；4H MACD 位于 Signal 上方；4H MACD 柱体连续扩张；4H RSI 位于健康强势区间,4H 相对 EMA26 超过 2 ATR，短线偏追高
174,TSN,Tyson Foods,Consumer Staples,Early,S&P 500,60,59.04,76.05,40.9,94.59,58.72,42.91,39.9,62.75,82.0,early_transition,61.8,bullish_above_signal_proxy,50.72,49.89,0.0,38,bearish_transition,42,mixed_or_bearish,48.34,58.740002,0.23,-0.01476010,-0.03372263,-0.00423801,0.03342720,4H RSI 位于健康强势区间,4H EMA 转弱或跌破 EMA26；4H MACD 尚未确认多头
175,PCAR,Paccar,Industrials,Early,S&P 500,54,59.0,63.03,64.3,35.67,58.72,68.74,68.6,63.15,72.0,confirmed_bullish_trend,61.8,bullish_above_signal_proxy,60.81,52.41,0.0,100,confirmed_bullish_trend,42,mixed_or_bearish,56.78,133.960007,0.66,0.01446425,-0.00924488,0.08579540,0.12960528,4H EMA 多头排列已连续维持；4H RSI 位于健康强势区间,4H MACD 尚未确认多头
176,DAL,Delta Air Lines,Industrials,Early,S&P 500,259,58.96,58.37,67.1,72.55,8.12,69.31,71.45,48.33,72.0,confirmed_bullish_trend,59.55,bullish_above_signal_proxy,54.82,47.96,11.8,89,confirmed_bullish_trend,78,bullish_above_signal,70.74,94.714996,0.53,0.03417587,0.08319984,0.06170830,0.09395927,4H EMA 多头排列已连续维持；4H MACD 位于 Signal 上方；4H MACD 柱体连续扩张,4H 相对 EMA26 超过 2 ATR，短线偏追高；4H RSI 偏热
177,TTD,Trade Desk (The),Communication Services,Early,S&P 500,339,58.77,31.12,90.4,78.96,58.72,68.57,72.3,38.61,15.0,bearish_transition,49.8,bullish_below_zero_proxy,48.83,46.77,0.0,94,fresh_bullish_cross,66,bullish_above_signal,56.75,19.190001,0.42,0.04949418,-0.00544177,-0.00337564,0.07597432,4H EMA9/26 最近金叉且价格在 EMA50 上方；4H MACD 位于 Signal 上方；4H MACD 柱体连续扩张；4H RSI 位于健康强势区间,
178,COR,Cencora,Health Care,Early,S&P 500,192,58.68,54.87,54.4,78.96,58.72,49.33,49.25,51.42,72.0,confirmed_bullish_trend,25.0,bearish_proxy,54.16,48.83,0.0,55,mixed_sideways,42,mixed_or_bearish,63.32,317.839996,1.08,0.03070987,-0.00591128,0.04336405,0.13174762,4H RSI 位于健康强势区间,4H EMA 仍偏震荡；4H MACD 尚未确认多头
179,WDC,Western Digital,Information Technology,Early,S&P 500,285,58.36,43.69,90.4,46.89,58.72,67.91,69.9,43.91,35.0,mixed_sideways,49.8,bullish_below_zero_proxy,44.98,49.75,0.0,94,fresh_bullish_cross,58,bullish_above_signal,52.86,542.75,0.52,0.02919290,0.13604252,0.02363176,-0.19221613,4H EMA9/26 最近金叉且价格在 EMA50 上方；4H MACD 位于 Signal 上方；4H RSI 位于健康强势区间,
180,DOV,Dover Corporation,Industrials,Early,S&P 500,327,58.36,31.66,90.4,74.95,58.72,67.76,71.4,38.91,15.0,bearish_transition,49.8,bullish_below_zero_proxy,48.24,49.9,0.0,92,fresh_bullish_cross,66,bullish_above_signal,58.72,211.854996,0.25,0.03047327,0.06633946,-0.00870085,-0.06038500,4H EMA9/26 最近金叉且价格在 EMA50 上方；4H MACD 位于 Signal 上方；4H MACD 柱体连续扩张；4H RSI 位于健康强势区间,
181,ORCL,Oracle Corporation,Information Technology,Early,S&P 500,299,58.34,32.29,87.7,80.56,58.72,59.0,60.0,40.74,15.0,bearish_transition,49.8,bullish_below_zero_proxy,53.79,51.01,0.0,64,early_transition,70,bullish_above_signal,66.47,144.800003,0.5,0.02065277,0.22452434,0.02957910,-0.13773591,4H EMA9 已站上 EMA26，等待 26/50 确认；4H MACD 位于 Signal 上方；4H RSI 位于健康强势区间,4H 相对 EMA26 超过 2 ATR，短线偏追高
182,UHS,Universal Health Services,Health Care,Early,S&P 500,216,58.31,59.11,65.2,66.13,16.23,56.57,57.3,50.55,72.0,confirmed_bullish_trend,59.55,bullish_above_signal_proxy,56.07,49.21,10.14,58,mixed_sideways,70,bullish_above_signal,65.25,171.179993,0.24,0.01283947,0.01310921,0.06810591,0.16699046,4H MACD 位于 Signal 上方；4H RSI 位于健康强势区间,4H EMA 仍偏震荡
183,SWKS,Skyworks Solutions,Information Technology,Early,S&P 500,236,58.28,45.7,95.5,28.06,58.72,68.72,70.8,49.81,35.0,mixed_sideways,49.8,bullish_below_zero_proxy,62.87,53.32,0.0,76,early_transition,88,fresh_above_zero_cross,62.13,66.239998,0.3,0.08058726,0.06838706,0.08947367,-0.09347204,4H EMA9 已站上 EMA26，等待 26/50 确认；4H MACD 零轴上方刚金叉；4H MACD 柱体连续扩张；4H RSI 位于健康强势区间,
184,TAP,Molson Coors Beverage Company,Consumer Staples,Early,S&P 500,83,58.24,62.54,54.4,58.12,58.72,51.01,48.9,61.91,72.0,confirmed_bullish_trend,61.8,bullish_above_signal_proxy,57.26,51.2,0.0,58,mixed_sideways,42,mixed_or_bearish,54.95,41.869999,0.33,-0.00119272,-0.02012640,0.05839502,0.05359831,4H RSI 位于健康强势区间,4H EMA 仍偏震荡；4H MACD 尚未确认多头
185,MCD,McDonald's,Consumer Discretionary,Early,S&P 500,344,58.16,31.29,92.8,68.14,58.72,67.67,71.3,38.43,15.0,bearish_transition,49.8,bullish_below_zero_proxy,47.47,48.24,0.0,86,fresh_bullish_cross,72,fresh_below_zero_cross,59.71,274.454987,0.62,0.03450810,0.00846957,-0.02799617,0.01230080,4H EMA9/26 最近金叉且价格在 EMA50 上方；4H MACD 刚金叉但仍需零轴确认；4H MACD 柱体连续扩张；4H RSI 位于健康强势区间,
186,PANW,Palo Alto Networks,Information Technology,Early,S&P 500,132,58.04,65.04,67.1,48.1,12.22,70.03,72.25,57.93,72.0,confirmed_bullish_trend,86.55,fresh_above_zero_cross_proxy,58.79,53.51,10.97,89,confirmed_bullish_trend,78,bullish_above_signal,72.25,367.769989,0.62,0.05936739,0.17202581,0.06009996,0.26433575,4H EMA 多头排列已连续维持；4H MACD 位于 Signal 上方；4H MACD 柱体连续扩张,4H 相对 EMA26 超过 2 ATR，短线偏追高；4H RSI 偏热
187,ALL,Allstate,Financials,Early,S&P 500,173,57.92,55.27,54.4,72.95,58.72,47.8,47.55,51.9,72.0,confirmed_bullish_trend,25.0,bearish_proxy,54.8,50.71,0.0,55,mixed_sideways,42,mixed_or_bearish,58.65,265.230011,0.37,0.00924666,-0.03489555,0.04419207,0.15072240,4H RSI 位于健康强势区间,4H EMA 仍偏震荡；4H MACD 尚未确认多头
188,IP,International Paper,Materials,Early,S&P 500,50,57.9,62.62,64.3,29.26,58.72,71.68,70.2,63.24,72.0,confirmed_bullish_trend,61.8,bullish_above_signal_proxy,62.56,49.51,0.0,100,confirmed_bullish_trend,50,mixed_or_bearish,60.75,42.389999,0.25,0.02267788,-0.01487334,0.10404998,0.14382077,4H EMA 多头排列已连续维持；4H MACD 柱体连续扩张；4H RSI 位于健康强势区间,4H MACD 尚未确认多头
189,GPN,Global Payments,Financials,Early,S&P 500,41,57.85,63.18,64.3,27.66,58.72,71.05,69.5,63.78,72.0,confirmed_bullish_trend,61.8,bullish_above_signal_proxy,62.93,52.34,0.0,100,confirmed_bullish_trend,42,mixed_or_bearish,60.07,86.68,1.06,0.00556848,-0.01376720,0.11035673,0.35872722,4H EMA 多头排列已连续维持；4H RSI 位于健康强势区间,4H MACD 尚未确认多头
190,VEEV,Veeva Systems,Health Care,Early,S&P 500,220,57.82,59.19,75.1,40.28,10.22,69.12,71.25,50.41,72.0,confirmed_bullish_trend,59.55,bullish_above_signal_proxy,59.85,49.97,11.53,89,confirmed_bullish_trend,70,bullish_above_signal,64.86,211.990005,0.41,0.02797985,0.02208187,0.09104479,0.32468916,4H EMA 多头排列已连续维持；4H MACD 位于 Signal 上方；4H RSI 位于健康强势区间,4H 相对 EMA26 超过 2 ATR，短线偏追高
191,WYNN,Wynn Resorts,Consumer Discretionary,Early,S&P 500,129,57.75,70.53,58.0,16.83,13.43,53.96,54.4,58.56,100.0,fresh_bullish_cross,47.55,bullish_below_zero_proxy,66.05,50.21,10.68,46,mixed_sideways,80,fresh_above_zero_cross,74.17,108.379997,2.17,0.10243108,0.10209479,0.13149233,0.04041470,4H MACD 零轴上方刚金叉,4H EMA 仍偏震荡；4H 相对 EMA26 超过 2 ATR，短线偏追高；4H RSI 偏热
192,SHW,Sherwin-Williams,Materials,Early,S&P 500,263,57.73,58.32,67.1,65.73,6.21,69.31,71.45,47.98,72.0,confirmed_bullish_trend,59.55,bullish_above_signal_proxy,56.13,48.23,12.58,89,confirmed_bullish_trend,78,bullish_above_signal,71.13,366.299988,0.31,0.03413229,0.06380508,0.06620482,0.12386094,4H EMA 多头排列已连续维持；4H MACD 位于 Signal 上方；4H MACD 柱体连续扩张,4H 相对 EMA26 超过 2 ATR，短线偏追高；4H RSI 偏热
193,MCO,Moody's Corporation,Financials,Early,S&P 500,258,57.72,54.23,67.6,38.88,58.72,55.89,56.55,48.44,72.0,confirmed_bullish_trend,25.0,bearish_proxy,43.86,49.52,0.0,55,mixed_sideways,72,fresh_below_zero_cross,53.5,487.709503,0.36,0.00938483,0.00450963,-0.03101507,0.10117297,4H MACD 刚金叉但仍需零轴确认；4H MACD 柱体连续扩张；4H RSI 位于健康强势区间,4H EMA 仍偏震荡
194,LMT,Lockheed Martin,Industrials,Early,S&P 500,57,57.67,63.0,60.7,36.47,58.72,59.78,58.65,63.07,72.0,confirmed_bullish_trend,61.8,bullish_above_signal_proxy,60.56,52.36,0.0,89,confirmed_bullish_trend,28,fresh_bearish_cross,64.91,585.409973,0.22,-0.00141583,0.01839650,0.09604761,0.16659687,4H EMA 多头排列已连续维持；4H RSI 位于健康强势区间,4H 相对 EMA26 超过 2 ATR，短线偏追高；4H MACD 最近死叉
195,DHI,D. R. Horton,Consumer Discretionary,Early,S&P 500,288,57.58,42.92,90.4,43.49,58.72,69.26,71.4,43.15,35.0,mixed_sideways,49.8,bullish_below_zero_proxy,44.4,45.88,0.0,92,fresh_bullish_cross,66,bullish_above_signal,57.25,150.580002,0.18,0.02672847,0.00968926,-0.04514899,-0.04211193,4H EMA9/26 最近金叉且价格在 EMA50 上方；4H MACD 位于 Signal 上方；4H MACD 柱体连续扩张；4H RSI 位于健康强势区间,
196,CSCO,Cisco,Information Technology,Early,S&P 500,125,57.57,59.84,57.2,52.51,58.72,51.89,52.1,58.77,72.0,confirmed_bullish_trend,49.8,bullish_below_zero_proxy,58.1,48.62,0.0,46,mixed_sideways,78,bullish_above_signal,68.4,121.574898,0.45,0.04932588,0.06467200,0.07855657,-0.00519680,4H MACD 位于 Signal 上方；4H MACD 柱体连续扩张,4H EMA 仍偏震荡；4H 相对 EMA26 超过 2 ATR，短线偏追高；4H RSI 偏热
197,PKG,Packaging Corporation of America,Materials,Early,S&P 500,217,57.49,59.07,74.9,38.68,10.52,72.01,74.45,50.48,72.0,confirmed_bullish_trend,59.55,bullish_above_signal_proxy,60.11,49.02,11.4,89,confirmed_bullish_trend,88,fresh_above_zero_cross,68.4,257.890015,0.26,0.02691837,0.03616062,0.09871342,0.09887729,4H EMA 多头排列已连续维持；4H MACD 零轴上方刚金叉；4H MACD 柱体连续扩张,4H 相对 EMA26 超过 2 ATR，短线偏追高；4H RSI 偏热
198,MCK,McKesson Corporation,Health Care,Early,S&P 500,179,57.46,54.98,54.4,70.54,58.72,46.58,46.2,51.76,72.0,confirmed_bullish_trend,25.0,bearish_proxy,55.19,49.04,0.0,52,mixed_sideways,42,mixed_or_bearish,52.71,848.965027,0.5,0.02904852,-0.05577177,0.05653116,0.11357200,4H RSI 位于健康强势区间,4H EMA 仍偏震荡；4H MACD 尚未确认多头
199,SOLV,Solventum,Health Care,Early,S&P 500,39,57.44,62.95,65.2,23.05,58.72,60.07,57.3,63.83,72.0,confirmed_bullish_trend,61.8,bullish_above_signal_proxy,63.87,50.77,0.0,58,mixed_sideways,70,bullish_above_signal,59.8,86.370003,0.21,-0.01908007,-0.02097028,0.13899513,0.17590206,4H MACD 位于 Signal 上方；4H RSI 位于健康强势区间,4H EMA 仍偏震荡
200,NDSN,Nordson Corporation,Industrials,Early,S&P 500,226,57.34,59.43,67.1,56.91,11.62,70.03,72.25,50.3,72.0,confirmed_bullish_trend,59.55,bullish_above_signal_proxy,57.56,51.76,11.22,89,confirmed_bullish_trend,78,bullish_above_signal,72.94,311.079987,0.57,0.02758225,0.04981095,0.08343052,0.06123557,4H EMA 多头排列已连续维持；4H MACD 位于 Signal 上方；4H MACD 柱体连续扩张,4H 相对 EMA26 超过 2 ATR，短线偏追高；4H RSI 偏热
201,PAYX,Paychex,Industrials,Early,S&P 500,182,57.28,54.32,64.3,44.49,58.72,66.02,67.8,51.74,72.0,confirmed_bullish_trend,20.0,fresh_bearish_cross_proxy,59.36,48.87,0.0,100,confirmed_bullish_trend,42,mixed_or_bearish,58.05,118.235001,0.26,0.00480159,-0.04232138,0.08841944,0.20672584,4H EMA 多头排列已连续维持；4H RSI 位于健康强势区间,4H MACD 尚未确认多头
202,EXE,Expand Energy,Energy,Early,S&P 500,63,57.11,76.02,37.3,91.38,58.72,41.56,38.4,62.65,82.0,early_transition,61.8,bullish_above_signal_proxy,50.43,49.84,0.0,44,bearish_transition,28,fresh_bearish_cross,49.23,91.370003,0.21,-0.03485788,-0.01210936,0.03126417,0.02824670,4H RSI 位于健康强势区间,4H EMA 转弱或跌破 EMA26；4H MACD 最近死叉
203,HPQ,HP Inc.,Information Technology,Early,S&P 500,136,56.88,61.81,82.9,3.21,16.03,76.28,79.2,57.35,72.0,confirmed_bullish_trend,59.55,bullish_above_signal_proxy,75.58,55.87,10.19,100,confirmed_bullish_trend,80,fresh_above_zero_cross,64.68,28.344999,0.5,0.04516954,-0.00596177,0.23561455,0.18350722,4H EMA 多头排列已连续维持；4H MACD 零轴上方刚金叉；4H RSI 位于健康强势区间,
204,RCL,Royal Caribbean Group,Consumer Discretionary,Early,S&P 500,30,56.84,63.1,67.1,13.63,58.72,75.1,74.0,64.67,72.0,confirmed_bullish_trend,61.8,bullish_above_signal_proxy,66.87,50.37,0.0,100,confirmed_bullish_trend,70,bullish_above_signal,69.67,329.462494,0.35,0.01698513,0.00412212,0.17696707,0.06281656,4H EMA 多头排列已连续维持；4H MACD 位于 Signal 上方,4H RSI 偏热
205,HST,Host Hotels & Resorts,Real Estate,Early,S&P 500,72,56.77,62.47,54.4,48.5,58.72,51.01,48.9,62.21,72.0,confirmed_bullish_trend,61.8,bullish_above_signal_proxy,58.75,50.25,0.0,58,mixed_sideways,42,mixed_or_bearish,61.34,25.25,0.46,0.00677831,-0.01232157,0.07652952,0.00738077,4H RSI 位于健康强势区间,4H EMA 仍偏震荡；4H MACD 尚未确认多头
206,DG,Dollar General,Consumer Staples,Early,S&P 500,80,56.69,62.56,50.8,57.31,58.72,47.23,44.7,61.98,72.0,confirmed_bullish_trend,61.8,bullish_above_signal_proxy,57.49,51.25,0.0,58,mixed_sideways,28,fresh_bearish_cross,57.42,126.830002,0.27,-0.00704612,-0.01268881,0.08754929,0.10700883,4H RSI 位于健康强势区间,4H EMA 仍偏震荡；4H MACD 最近死叉
207,ADSK,Autodesk,Information Technology,Early,S&P 500,40,56.56,63.26,60.7,28.46,58.72,65.74,63.6,63.82,72.0,confirmed_bullish_trend,61.8,bullish_above_signal_proxy,62.83,52.82,0.0,100,confirmed_bullish_trend,28,fresh_bearish_cross,65.78,239.854996,0.32,0.02170302,-0.02747034,0.12066064,0.26961147,4H EMA 多头排列已连续维持；4H RSI 位于健康强势区间,4H MACD 最近死叉
208,WAB,Wabtec,Industrials,Early,S&P 500,29,56.5,63.59,64.3,17.64,58.72,69.52,67.8,64.81,72.0,confirmed_bullish_trend,61.8,bullish_above_signal_proxy,65.83,53.42,0.0,100,confirmed_bullish_trend,42,mixed_or_bearish,61.03,297.704987,0.16,0.00419954,0.00581951,0.15888111,0.08052047,4H EMA 多头排列已连续维持；4H RSI 位于健康强势区间,4H MACD 尚未确认多头
209,CRM,Salesforce,Information Technology,Early,S&P 500,158,56.32,60.42,75.1,23.05,16.73,69.12,71.25,53.51,72.0,confirmed_bullish_trend,59.55,bullish_above_signal_proxy,63.87,53.02,10.09,89,confirmed_bullish_trend,70,bullish_above_signal,66.62,192.460007,0.55,0.03506510,0.02247257,0.12287056,0.24191869,4H EMA 多头排列已连续维持；4H MACD 位于 Signal 上方；4H RSI 位于健康强势区间,4H 相对 EMA26 超过 2 ATR，短线偏追高
210,FIX,Comfort Systems USA,Industrials,Early,S&P 500,345,56.25,31.48,90.4,61.32,58.72,66.41,69.9,38.38,15.0,bearish_transition,49.8,bullish_below_zero_proxy,46.65,49.58,0.0,94,fresh_bullish_cross,58,bullish_above_signal,52.9,1760.055054,0.4,-0.00611837,0.15285876,0.05034336,-0.10632833,4H EMA9/26 最近金叉且价格在 EMA50 上方；4H MACD 位于 Signal 上方；4H RSI 位于健康强势区间,
211,BDX,Becton Dickinson,Health Care,Early,S&P 500,228,56.14,59.59,67.1,50.1,9.32,67.14,69.05,50.25,72.0,confirmed_bullish_trend,59.55,bullish_above_signal_proxy,58.35,52.92,11.68,89,confirmed_bullish_trend,70,bullish_above_signal,69.99,170.0,0.51,-0.00117507,0.00956114,0.07977641,0.17358741,4H EMA 多头排列已连续维持；4H MACD 位于 Signal 上方,4H 相对 EMA26 超过 2 ATR，短线偏追高；4H RSI 偏热
212,MRSH,Marsh McLennan,Financials,Early,S&P 500,71,55.69,62.65,50.8,50.5,58.72,47.23,44.7,62.23,72.0,confirmed_bullish_trend,61.8,bullish_above_signal_proxy,58.24,51.4,0.0,58,mixed_sideways,28,fresh_bearish_cross,59.43,191.854996,0.2,-0.00521106,-0.02542418,0.08181790,0.16999025,4H RSI 位于健康强势区间,4H EMA 仍偏震荡；4H MACD 最近死叉
213,BLDR,Builders FirstSource,Industrials,Early,S&P 500,353,55.38,31.41,90.4,55.71,58.72,68.57,72.3,38.16,15.0,bearish_transition,49.8,bullish_below_zero_proxy,45.98,49.45,0.0,94,fresh_bullish_cross,66,bullish_above_signal,58.97,75.260002,0.23,0.03821222,0.07806910,-0.04346718,-0.03127816,4H EMA9/26 最近金叉且价格在 EMA50 上方；4H MACD 位于 Signal 上方；4H MACD 柱体连续扩张；4H RSI 位于健康强势区间,
214,IEX,IDEX Corporation,Industrials,Early,S&P 500,168,55.37,60.0,67.1,38.68,17.23,73.76,76.4,52.28,72.0,confirmed_bullish_trend,59.55,bullish_above_signal_proxy,60.11,52.27,10.08,100,confirmed_bullish_trend,78,bullish_above_signal,70.1,238.630005,0.23,0.02548349,0.03039859,0.09418134,0.06793470,4H EMA 多头排列已连续维持；4H MACD 位于 Signal 上方；4H MACD 柱体连续扩张,4H RSI 偏热
215,NDAQ,"Nasdaq, Inc.",Financials,Early,S&P 500,53,55.13,63.1,54.4,36.07,58.72,49.8,47.55,63.17,72.0,confirmed_bullish_trend,61.8,bullish_above_signal_proxy,60.64,52.88,0.0,55,mixed_sideways,42,mixed_or_bearish,61.04,95.184998,0.5,0.01099305,-0.01454600,0.10015027,0.14832910,4H RSI 位于健康强势区间,4H EMA 仍偏震荡；4H MACD 尚未确认多头
216,ROP,Roper Technologies,Information Technology,Early,S&P 500,76,55.12,62.21,50.8,47.7,58.72,47.23,44.7,62.04,72.0,confirmed_bullish_trend,61.8,bullish_above_signal_proxy,58.9,48.78,0.0,58,mixed_sideways,28,fresh_bearish_cross,62.72,398.515015,0.22,0.01540249,-0.02224096,0.08108515,0.20993114,4H RSI 位于健康强势区间,4H EMA 仍偏震荡；4H MACD 最近死叉
217,AMP,Ameriprise Financial,Financials,Early,S&P 500,255,55.04,58.88,67.9,45.29,4.81,69.94,72.15,48.64,72.0,confirmed_bullish_trend,59.55,bullish_above_signal_proxy,59.29,50.86,13.26,89,confirmed_bullish_trend,88,fresh_above_zero_cross,75.87,559.789978,0.28,0.01431438,0.02431835,0.10355630,0.19485588,4H EMA 多头排列已连续维持；4H MACD 零轴上方刚金叉；4H MACD 柱体连续扩张,4H 相对 EMA26 超过 2 ATR，短线偏追高；4H RSI 过热
218,COF,Capital One,Financials,Early,S&P 500,233,55.04,58.92,67.1,44.09,9.62,69.31,71.45,49.97,72.0,confirmed_bullish_trend,59.55,bullish_above_signal_proxy,59.39,48.88,11.66,89,confirmed_bullish_trend,78,bullish_above_signal,72.81,222.419998,0.33,0.02161083,0.05096040,0.09453270,0.12327662,4H EMA 多头排列已连续维持；4H MACD 位于 Signal 上方；4H MACD 柱体连续扩张,4H 相对 EMA26 超过 2 ATR，短线偏追高；4H RSI 偏热
219,TMO,Thermo Fisher Scientific,Health Care,Early,S&P 500,46,54.88,63.26,54.4,34.07,58.72,51.3,47.55,63.42,72.0,confirmed_bullish_trend,61.8,bullish_above_signal_proxy,61.16,53.48,0.0,55,mixed_sideways,42,mixed_or_bearish,61.37,574.27002,0.19,0.00047042,0.00137762,0.11618194,0.23049069,4H RSI 位于健康强势区间,4H EMA 仍偏震荡；4H MACD 尚未确认多头
220,MET,MetLife,Financials,Early,S&P 500,162,54.8,55.65,54.4,51.3,58.72,49.01,48.9,53.02,72.0,confirmed_bullish_trend,25.0,bearish_proxy,58.2,51.39,0.0,58,mixed_sideways,42,mixed_or_bearish,66.4,96.989998,0.24,0.00685141,-0.00123574,0.05952062,0.10197124,4H RSI 位于健康强势区间,4H EMA 仍偏震荡；4H MACD 尚未确认多头
221,VZ,Verizon,Communication Services,Early,S&P 500,32,54.58,76.55,40.9,63.73,58.72,45.53,41.15,64.52,82.0,early_transition,61.8,bullish_above_signal_proxy,56.43,50.29,0.0,41,bearish_transition,42,mixed_or_bearish,47.25,45.575001,1.09,-0.03748674,-0.05347873,0.06820579,-0.02168076,,4H EMA 转弱或跌破 EMA26；4H MACD 尚未确认多头
222,COHR,Coherent Corp.,Information Technology,Early,S&P 500,292,54.57,43.19,90.4,22.85,58.72,70.79,73.1,42.44,35.0,mixed_sideways,49.8,bullish_below_zero_proxy,40.54,48.86,0.0,94,fresh_bullish_cross,66,bullish_above_signal,62.77,331.970001,1.02,0.15139426,0.47870824,0.05434167,-0.15181791,4H EMA9/26 最近金叉且价格在 EMA50 上方；4H MACD 位于 Signal 上方；4H MACD 柱体连续扩张；4H RSI 位于健康强势区间,
223,RJF,Raymond James Financial,Financials,Early,S&P 500,271,54.56,58.11,60.1,64.93,4.41,67.14,69.05,47.15,72.0,confirmed_bullish_trend,59.55,bullish_above_signal_proxy,56.17,48.23,13.42,89,confirmed_bullish_trend,70,bullish_above_signal,74.54,180.852493,0.2,0.01756877,0.02590969,0.07932976,0.16335647,4H EMA 多头排列已连续维持；4H MACD 位于 Signal 上方,4H 相对 EMA26 超过 2 ATR，短线偏追高；4H RSI 偏热
224,SBAC,SBA Communications,Real Estate,Early,S&P 500,329,54.56,31.49,79.7,78.56,58.72,57.41,59.9,38.9,15.0,bearish_transition,49.8,bullish_below_zero_proxy,48.8,48.76,0.0,74,early_transition,58,bullish_above_signal,43.11,174.809998,0.86,-0.02623666,-0.01651240,-0.05287971,-0.07985050,4H EMA9 已站上 EMA26，等待 26/50 确认；4H MACD 位于 Signal 上方,
225,DXCM,Dexcom,Health Care,Early,S&P 500,151,54.43,60.99,75.1,11.62,13.03,69.84,72.05,54.61,72.0,confirmed_bullish_trend,59.55,bullish_above_signal_proxy,68.71,54.99,10.74,89,confirmed_bullish_trend,70,bullish_above_signal,64.87,84.129997,0.76,-0.03620121,0.10952852,0.14244973,0.21443514,4H EMA 多头排列已连续维持；4H MACD 位于 Signal 上方；4H RSI 位于健康强势区间,4H 相对 EMA26 超过 2 ATR，短线偏追高
226,FAST,Fastenal,Industrials,Early,S&P 500,204,54.4,59.6,60.1,54.51,13.23,67.24,69.15,50.92,72.0,confirmed_bullish_trend,59.55,bullish_above_signal_proxy,57.88,51.83,10.71,89,confirmed_bullish_trend,78,bullish_above_signal,75.11,50.404999,0.4,0.04759424,0.05262611,0.06869496,0.09564173,4H EMA 多头排列已连续维持；4H MACD 位于 Signal 上方；4H MACD 柱体连续扩张,4H 相对 EMA26 超过 2 ATR，短线偏追高；4H RSI 过热
227,AMCR,Amcor,Materials,Early,S&P 500,249,54.18,58.7,67.1,41.28,6.01,69.31,71.45,49.07,72.0,confirmed_bullish_trend,59.55,bullish_above_signal_proxy,59.61,48.92,12.64,89,confirmed_bullish_trend,78,bullish_above_signal,70.31,47.84,0.35,0.03954802,0.04981347,0.06940872,0.17847023,4H EMA 多头排列已连续维持；4H MACD 位于 Signal 上方；4H MACD 柱体连续扩张,4H 相对 EMA26 超过 2 ATR，短线偏追高；4H RSI 偏热
228,DOW,Dow Inc.,Materials,Early,S&P 500,319,54.16,31.31,73.3,93.39,58.72,47.38,48.75,39.19,15.0,bearish_transition,49.8,bullish_below_zero_proxy,50.57,47.11,0.0,71,early_transition,28,fresh_bearish_cross,45.41,29.4613,0.47,-0.01236004,-0.03024026,0.06570085,-0.03310466,4H EMA9 已站上 EMA26，等待 26/50 确认,4H MACD 最近死叉
229,MA,Mastercard,Financials,Early,S&P 500,186,53.73,59.69,60.7,46.89,15.23,62.24,63.6,51.48,72.0,confirmed_bullish_trend,59.55,bullish_above_signal_proxy,58.94,51.54,10.42,100,confirmed_bullish_trend,28,fresh_bearish_cross,65.07,571.960022,0.39,0.00169886,0.00785907,0.07437572,0.17200122,4H EMA 多头排列已连续维持；4H RSI 位于健康强势区间,4H MACD 最近死叉
230,BLK,BlackRock,Financials,Early,S&P 500,181,53.52,59.74,67.1,30.46,12.02,67.14,69.05,51.75,72.0,confirmed_bullish_trend,59.55,bullish_above_signal_proxy,61.87,51.37,11.01,89,confirmed_bullish_trend,70,bullish_above_signal,69.16,1130.250122,0.27,0.00271488,0.02792058,0.12040181,0.10944784,4H EMA 多头排列已连续维持；4H MACD 位于 Signal 上方,4H 相对 EMA26 超过 2 ATR，短线偏追高；4H RSI 偏热
231,AVGO,Broadcom,Information Technology,Early,S&P 500,91,53.48,61.2,57.2,22.04,58.72,54.61,52.9,61.29,72.0,confirmed_bullish_trend,49.8,bullish_below_zero_proxy,64.01,53.55,0.0,46,mixed_sideways,78,bullish_above_signal,70.15,419.76001,0.61,0.06980660,0.11638301,0.13057534,0.09166091,4H MACD 位于 Signal 上方；4H MACD 柱体连续扩张,4H EMA 仍偏震荡；4H 相对 EMA26 超过 2 ATR，短线偏追高；4H RSI 偏热
232,EQT,EQT Corporation,Energy,Early,S&P 500,126,53.13,73.43,37.3,70.94,58.72,37.94,36.6,58.74,82.0,early_transition,49.8,bullish_below_zero_proxy,47.67,49.28,0.0,44,bearish_transition,28,fresh_bearish_cross,46.64,51.7873,0.34,-0.03273629,-0.01703902,0.00704523,0.00587159,,4H EMA 转弱或跌破 EMA26；4H MACD 最近死叉
233,NFLX,Netflix,Communication Services,Early,S&P 500,370,53.1,30.73,87.7,49.3,58.72,64.52,67.8,37.47,15.0,bearish_transition,49.8,bullish_below_zero_proxy,45.37,46.07,0.0,76,early_transition,78,bullish_above_signal,59.21,74.289902,0.46,0.01322834,0.01766989,-0.03211641,0.01676452,4H EMA9 已站上 EMA26，等待 26/50 确认；4H MACD 位于 Signal 上方；4H MACD 柱体连续扩张；4H RSI 位于健康强势区间,
234,DDOG,Datadog,Information Technology,Early,S&P 500,163,53.07,60.29,67.1,24.45,14.63,70.03,72.25,53.01,72.0,confirmed_bullish_trend,59.55,bullish_above_signal_proxy,63.54,52.96,10.48,89,confirmed_bullish_trend,78,bullish_above_signal,73.02,288.684998,0.7,0.05563680,0.08987086,0.07593828,0.29310189,4H EMA 多头排列已连续维持；4H MACD 位于 Signal 上方；4H MACD 柱体连续扩张,4H 相对 EMA26 超过 2 ATR，短线偏追高；4H RSI 偏热
235,APA,APA Corporation,Energy,Early,S&P 500,45,53.0,76.35,29.3,84.57,58.72,40.95,36.05,63.62,82.0,early_transition,61.8,bullish_above_signal_proxy,53.35,50.42,0.0,41,bearish_transition,28,fresh_bearish_cross,43.28,34.884998,0.56,-0.05409444,-0.03950997,0.04618374,0.01779711,,4H EMA 转弱或跌破 EMA26；4H MACD 最近死叉
236,TYL,Tyler Technologies,Information Technology,Early,S&P 500,189,52.93,67.88,40.9,72.95,58.72,42.26,41.4,51.44,82.0,early_transition,20.0,fresh_bearish_cross_proxy,47.9,49.83,0.0,36,bearish_transition,50,mixed_or_bearish,49.02,310.769989,0.3,0.01671787,-0.09538924,-0.04346094,0.11997253,4H MACD 柱体连续扩张；4H RSI 位于健康强势区间,4H EMA 转弱或跌破 EMA26；4H MACD 尚未确认多头
237,CRWD,CrowdStrike,Information Technology,Early,S&P 500,171,52.9,60.01,67.1,26.65,10.52,70.03,72.25,51.96,72.0,confirmed_bullish_trend,59.55,bullish_above_signal_proxy,63.13,52.88,11.4,89,confirmed_bullish_trend,78,bullish_above_signal,73.19,212.908493,0.57,0.05119236,0.18691318,0.07350623,0.23864125,4H EMA 多头排列已连续维持；4H MACD 位于 Signal 上方；4H MACD 柱体连续扩张,4H 相对 EMA26 超过 2 ATR，短线偏追高；4H RSI 偏热
238,TECH,Bio-Techne,Health Care,Early,S&P 500,398,52.87,50.63,54.4,88.18,1.6,42.65,43.5,34.17,72.0,confirmed_bullish_trend,22.75,bearish_proxy,50.01,51.25,15.81,46,mixed_sideways,42,mixed_or_bearish,64.69,72.07,0.29,-0.00097032,-0.00138559,0.01930554,0.27062762,4H RSI 位于健康强势区间,4H EMA 仍偏震荡；4H 相对 EMA26 超过 2 ATR，短线偏追高；4H MACD 尚未确认多头
239,STX,Seagate Technology,Information Technology,Early,S&P 500,293,52.58,42.97,87.7,17.23,58.72,59.81,60.9,41.8,35.0,mixed_sideways,49.8,bullish_below_zero_proxy,38.61,48.47,0.0,74,early_transition,58,bullish_above_signal,51.02,851.030029,0.27,0.02350003,0.07214749,0.03840526,-0.17035411,4H EMA9 已站上 EMA26，等待 26/50 确认；4H MACD 位于 Signal 上方；4H RSI 位于健康强势区间,
240,CRL,Charles River Laboratories,Health Care,Early,S&P 500,144,52.55,64.58,67.9,17.23,2.0,71.47,73.85,55.5,72.0,confirmed_bullish_trend,86.55,fresh_above_zero_cross_proxy,65.96,54.44,15.69,89,confirmed_bullish_trend,88,fresh_above_zero_cross,75.91,261.899994,1.45,0.13489617,0.10852450,0.13288348,0.39719122,4H EMA 多头排列已连续维持；4H MACD 零轴上方刚金叉；4H MACD 柱体连续扩张,4H 相对 EMA26 超过 2 ATR，短线偏追高；4H RSI 过热
241,AME,Ametek,Industrials,Early,S&P 500,223,52.26,59.11,67.1,27.25,6.41,69.31,71.45,50.32,72.0,confirmed_bullish_trend,59.55,bullish_above_signal_proxy,63.03,49.61,12.52,89,confirmed_bullish_trend,78,bullish_above_signal,73.97,254.934998,0.51,0.04502972,0.07972977,0.10196891,0.07735702,4H EMA 多头排列已连续维持；4H MACD 位于 Signal 上方；4H MACD 柱体连续扩张,4H 相对 EMA26 超过 2 ATR，短线偏追高；4H RSI 偏热
242,BAX,Baxter International,Health Care,Early,S&P 500,147,52.18,61.37,75.1,2.0,3.61,69.84,72.05,54.85,72.0,confirmed_bullish_trend,59.55,bullish_above_signal_proxy,79.4,57.13,14.03,89,confirmed_bullish_trend,70,bullish_above_signal,68.0,27.48,0.56,-0.02241199,0.11820952,0.18704104,0.37228464,4H EMA 多头排列已连续维持；4H MACD 位于 Signal 上方；4H RSI 位于健康强势区间,4H 相对 EMA26 超过 2 ATR，短线偏追高
243,WSM,"Williams-Sonoma, Inc.",Consumer Discretionary,Early,S&P 500,207,52.16,59.53,67.1,25.25,7.01,69.31,71.45,50.88,72.0,confirmed_bullish_trend,59.55,bullish_above_signal_proxy,63.37,51.42,12.34,89,confirmed_bullish_trend,78,bullish_above_signal,73.63,250.809998,0.46,0.04573883,0.07280040,0.13524649,0.11174642,4H EMA 多头排列已连续维持；4H MACD 位于 Signal 上方；4H MACD 柱体连续扩张,4H 相对 EMA26 超过 2 ATR，短线偏追高；4H RSI 偏热
244,ALLE,Allegion,Industrials,Early,S&P 500,243,51.98,59.66,74.9,6.81,1.2,72.01,74.45,49.52,72.0,confirmed_bullish_trend,59.55,bullish_above_signal_proxy,71.7,54.59,16.66,89,confirmed_bullish_trend,88,fresh_above_zero_cross,73.6,166.039993,0.26,0.02938617,0.05502597,0.19050686,0.27585673,4H EMA 多头排列已连续维持；4H MACD 零轴上方刚金叉；4H MACD 柱体连续扩张,4H 相对 EMA26 超过 2 ATR，短线偏追高；4H RSI 偏热
245,AXON,Axon Enterprise,Industrials,Early,S&P 500,278,51.79,57.72,67.1,21.24,15.63,69.31,71.45,45.53,72.0,confirmed_bullish_trend,59.55,bullish_above_signal_proxy,40.14,48.28,10.24,89,confirmed_bullish_trend,78,bullish_above_signal,70.9,602.359985,0.46,0.04597700,0.09919705,-0.06283956,0.36851788,4H EMA 多头排列已连续维持；4H MACD 位于 Signal 上方；4H MACD 柱体连续扩张,4H 相对 EMA26 超过 2 ATR，短线偏追高；4H RSI 偏热
246,MRVL,Marvell Technology,Information Technology,Early,S&P 500,330,51.44,41.95,90.4,4.81,58.72,66.32,69.8,38.81,35.0,mixed_sideways,49.8,bullish_below_zero_proxy,29.53,46.66,0.0,92,fresh_bullish_cross,58,bullish_above_signal,55.78,212.179993,0.6,0.09450114,0.27244374,-0.08385032,-0.24809529,4H EMA9/26 最近金叉且价格在 EMA50 上方；4H MACD 位于 Signal 上方；4H RSI 位于健康强势区间,
247,IR,Ingersoll Rand,Industrials,Early,S&P 500,159,51.25,60.46,67.1,14.03,11.42,69.31,71.45,53.3,72.0,confirmed_bullish_trend,59.55,bullish_above_signal_proxy,66.73,53.6,11.25,89,confirmed_bullish_trend,78,bullish_above_signal,71.14,89.599998,0.29,0.02073364,0.05287897,0.14893886,0.15739840,4H EMA 多头排列已连续维持；4H MACD 位于 Signal 上方；4H MACD 柱体连续扩张,4H 相对 EMA26 超过 2 ATR，短线偏追高；4H RSI 偏热
248,NTAP,NetApp,Information Technology,Early,S&P 500,185,51.19,60.06,67.1,18.44,5.61,67.86,69.85,51.55,72.0,confirmed_bullish_trend,59.55,bullish_above_signal_proxy,65.64,53.88,12.71,89,confirmed_bullish_trend,70,bullish_above_signal,72.61,191.440002,0.62,0.04652058,0.09726601,0.14586697,0.20782336,4H EMA 多头排列已连续维持；4H MACD 位于 Signal 上方,4H 相对 EMA26 超过 2 ATR，短线偏追高；4H RSI 偏热
249,ETN,Eaton Corporation,Industrials,Early,S&P 500,155,51.12,60.27,67.1,11.22,15.03,69.31,71.45,54.27,72.0,confirmed_bullish_trend,59.55,bullish_above_signal_proxy,68.73,50.75,10.44,89,confirmed_bullish_trend,78,bullish_above_signal,68.75,451.589996,0.39,0.03046277,0.24355288,0.15269165,0.09537692,4H EMA 多头排列已连续维持；4H MACD 位于 Signal 上方；4H MACD 柱体连续扩张,4H 相对 EMA26 超过 2 ATR，短线偏追高；4H RSI 偏热
250,STLD,Steel Dynamics,Materials,Early,S&P 500,154,51.06,60.32,67.1,10.42,15.43,69.31,71.45,54.46,72.0,confirmed_bullish_trend,59.55,bullish_above_signal_proxy,68.9,50.78,10.31,89,confirmed_bullish_trend,78,bullish_above_signal,72.51,267.95459,0.55,0.03765859,0.05645749,0.16876664,0.09213199,4H EMA 多头排列已连续维持；4H MACD 位于 Signal 上方；4H MACD 柱体连续扩张,4H 相对 EMA26 超过 2 ATR，短线偏追高；4H RSI 偏热
251,ANET,Arista Networks,Information Technology,Early,S&P 500,139,50.74,61.6,67.1,7.21,12.63,69.8,72.0,56.5,75.0,confirmed_bullish_trend,60.9,bullish_above_signal_proxy,71.19,54.74,10.8,89,confirmed_bullish_trend,78,bullish_above_signal,70.12,199.429993,2.85,0.07840805,0.24862254,0.19444194,0.21448136,4H EMA 多头排列已连续维持；4H MACD 位于 Signal 上方；4H MACD 柱体连续扩张,4H 相对 EMA26 超过 2 ATR，短线偏追高；4H RSI 偏热
252,T,AT&T,Communication Services,Early,S&P 500,28,50.52,76.65,32.9,57.72,58.72,44.01,39.45,64.81,82.0,early_transition,61.8,bullish_above_signal_proxy,57.31,50.46,0.0,41,bearish_transition,42,mixed_or_bearish,44.43,22.813499,0.55,-0.03353107,-0.06559500,0.08668822,-0.00094154,,4H EMA 转弱或跌破 EMA26；4H MACD 尚未确认多头
253,GM,General Motors,Consumer Discretionary,Early,S&P 500,156,50.39,60.2,64.3,12.83,16.73,66.02,67.8,54.16,72.0,confirmed_bullish_trend,59.55,bullish_above_signal_proxy,67.33,50.47,10.09,100,confirmed_bullish_trend,42,mixed_or_bearish,65.78,89.119904,0.25,0.01648019,-0.01115224,0.17479440,0.11177519,4H EMA 多头排列已连续维持；4H RSI 位于健康强势区间,4H MACD 尚未确认多头
254,DPZ,Domino's,Consumer Discretionary,Early,S&P 500,160,50.37,60.27,67.1,10.82,8.12,67.14,69.05,53.21,72.0,confirmed_bullish_trend,59.55,bullish_above_signal_proxy,68.83,52.52,11.8,89,confirmed_bullish_trend,70,bullish_above_signal,69.1,367.140015,0.41,0.00724284,0.01252071,0.17205389,0.28406547,4H EMA 多头排列已连续维持；4H MACD 位于 Signal 上方,4H 相对 EMA26 超过 2 ATR，短线偏追高；4H RSI 偏热
255,MTD,Mettler Toledo,Health Care,Early,S&P 500,210,50.33,59.83,60.1,30.86,7.21,67.14,69.05,50.78,72.0,confirmed_bullish_trend,59.55,bullish_above_signal_proxy,61.84,53.62,12.3,89,confirmed_bullish_trend,70,bullish_above_signal,74.18,1440.61499,0.26,-0.00303461,0.03544522,0.11873313,0.24799347,4H EMA 多头排列已连续维持；4H MACD 位于 Signal 上方,4H 相对 EMA26 超过 2 ATR，短线偏追高；4H RSI 偏热
256,J,Jacobs Solutions,Industrials,Early,S&P 500,218,50.25,59.59,60.1,31.26,6.61,70.84,73.15,50.42,72.0,confirmed_bullish_trend,59.55,bullish_above_signal_proxy,61.83,52.62,12.51,89,confirmed_bullish_trend,78,bullish_above_signal,74.21,145.0,1.1,0.04496977,0.05692833,0.11774903,0.20918983,4H EMA 多头排列已连续维持；4H MACD 位于 Signal 上方；4H MACD 柱体连续扩张,4H 相对 EMA26 超过 2 ATR，短线偏追高；4H RSI 偏热
257,CCL,Carnival Corporation,Consumer Discretionary,Early,S&P 500,166,50.25,59.66,60.1,25.65,14.83,69.31,71.45,52.48,72.0,confirmed_bullish_trend,59.55,bullish_above_signal_proxy,63.33,49.67,10.46,89,confirmed_bullish_trend,78,bullish_above_signal,74.77,30.129999,0.53,0.04854700,0.07857527,0.11986612,0.05147437,4H EMA 多头排列已连续维持；4H MACD 位于 Signal 上方；4H MACD 柱体连续扩张,4H 相对 EMA26 超过 2 ATR，短线偏追高；4H RSI 偏热
258,FCX,Freeport-McMoRan,Materials,Early,S&P 500,175,50.22,58.16,67.1,9.62,15.83,70.03,72.25,51.82,72.0,confirmed_bullish_trend,47.55,bullish_below_zero_proxy,69.73,50.95,10.23,89,confirmed_bullish_trend,78,bullish_above_signal,72.15,70.0,0.82,0.09993716,0.17262752,0.16861432,0.07263251,4H EMA 多头排列已连续维持；4H MACD 位于 Signal 上方；4H MACD 柱体连续扩张,4H 相对 EMA26 超过 2 ATR，短线偏追高；4H RSI 偏热
259,IVZ,Invesco,Financials,Early,S&P 500,161,50.22,60.27,67.1,10.02,7.82,69.31,71.45,53.05,72.0,confirmed_bullish_trend,59.55,bullish_above_signal_proxy,68.95,52.79,12.04,89,confirmed_bullish_trend,78,bullish_above_signal,70.17,31.99,0.36,0.03494015,0.13600852,0.15842839,0.17718496,4H EMA 多头排列已连续维持；4H MACD 位于 Signal 上方；4H MACD 柱体连续扩张,4H 相对 EMA26 超过 2 ATR，短线偏追高；4H RSI 偏热
260,AMT,American Tower,Real Estate,Early,S&P 500,317,50.07,31.61,65.3,86.77,58.72,49.72,51.35,39.26,15.0,bearish_transition,49.8,bullish_below_zero_proxy,49.87,48.97,0.0,73,early_transition,28,fresh_bearish_cross,40.25,164.535004,1.19,-0.04882063,-0.05240874,-0.00366353,-0.07751176,4H EMA9 已站上 EMA26，等待 26/50 确认,4H MACD 最近死叉
261,RTX,RTX Corporation,Industrials,Early,S&P 500,254,49.98,59.08,56.3,42.48,4.11,59.59,60.65,48.66,72.0,confirmed_bullish_trend,59.55,bullish_above_signal_proxy,59.48,52.15,13.49,89,confirmed_bullish_trend,42,mixed_or_bearish,70.23,220.259995,0.27,0.01661585,0.00644272,0.09397040,0.19194763,4H EMA 多头排列已连续维持,4H 相对 EMA26 超过 2 ATR，短线偏追高；4H MACD 尚未确认多头；4H RSI 偏热
262,BKNG,Booking Holdings,Consumer Discretionary,Early,S&P 500,188,49.97,59.49,65.0,16.43,6.81,53.96,54.4,51.44,72.0,confirmed_bullish_trend,59.55,bullish_above_signal_proxy,66.09,50.22,12.4,46,mixed_sideways,80,fresh_above_zero_cross,72.09,207.199997,1.74,0.07524650,0.02475328,0.14040396,0.22774271,4H MACD 零轴上方刚金叉,4H EMA 仍偏震荡；4H 相对 EMA26 超过 2 ATR，短线偏追高；4H RSI 偏热
263,WDAY,"Workday, Inc.",Information Technology,Early,S&P 500,150,49.94,60.96,67.1,5.21,9.82,69.31,71.45,54.67,72.0,confirmed_bullish_trend,59.55,bullish_above_signal_proxy,72.03,54.66,11.62,89,confirmed_bullish_trend,78,bullish_above_signal,70.58,172.839996,0.22,0.04732471,0.02703668,0.21053367,0.48641209,4H EMA 多头排列已连续维持；4H MACD 位于 Signal 上方；4H MACD 柱体连续扩张,4H 相对 EMA26 超过 2 ATR，短线偏追高；4H RSI 偏热
264,AMZN,Amazon,Consumer Discretionary,Early,S&P 500,164,49.81,60.2,67.1,8.82,5.81,67.14,69.05,52.77,72.0,confirmed_bullish_trend,59.55,bullish_above_signal_proxy,70.17,52.78,12.68,89,confirmed_bullish_trend,70,bullish_above_signal,70.27,277.299988,0.44,-0.02366031,0.20491870,0.12985371,0.18519463,4H EMA 多头排列已连续维持；4H MACD 位于 Signal 上方,4H 相对 EMA26 超过 2 ATR，短线偏追高；4H RSI 偏热
265,PNR,Pentair,Industrials,Early,S&P 500,388,49.54,30.68,90.4,18.44,58.72,65.6,69.0,36.03,15.0,bearish_transition,49.8,bullish_below_zero_proxy,39.53,48.16,0.0,92,fresh_bullish_cross,58,bullish_above_signal,57.96,68.389999,0.17,0.01983300,0.03175673,-0.08040882,-0.07315173,4H EMA9/26 最近金叉且价格在 EMA50 上方；4H MACD 位于 Signal 上方；4H RSI 位于健康强势区间,
266,GS,Goldman Sachs,Financials,Early,S&P 500,318,49.47,38.99,67.6,99.4,58.72,54.8,57.0,39.26,35.0,mixed_sideways,25.0,bearish_proxy,51.41,47.28,0.0,56,mixed_sideways,72,fresh_below_zero_cross,56.71,1072.22998,0.49,0.04421377,0.07400211,0.02040364,-0.02621707,4H MACD 刚金叉但仍需零轴确认；4H MACD 柱体连续扩张；4H RSI 位于健康强势区间,4H EMA 仍偏震荡
267,TT,Trane Technologies,Industrials,Early,S&P 500,304,49.17,39.69,67.6,95.79,58.72,54.8,57.0,40.01,35.0,mixed_sideways,25.0,bearish_proxy,52.18,50.69,0.0,56,mixed_sideways,72,fresh_below_zero_cross,57.25,478.179993,0.32,0.03674952,0.06662799,0.01436115,-0.00329335,4H MACD 刚金叉但仍需零轴确认；4H MACD 柱体连续扩张；4H RSI 位于健康强势区间,4H EMA 仍偏震荡
268,LDOS,Leidos,Industrials,Early,S&P 500,149,49.1,73.98,60.1,5.61,3.21,67.24,69.15,54.71,82.0,early_transition,59.55,bullish_above_signal_proxy,72.01,51.4,14.09,89,confirmed_bullish_trend,78,bullish_above_signal,76.07,129.100006,0.43,0.08601477,0.11707196,0.19426465,0.22987525,4H EMA 多头排列已连续维持；4H MACD 位于 Signal 上方；4H MACD 柱体连续扩张,4H 相对 EMA26 超过 2 ATR，短线偏追高；4H RSI 过热
269,DGX,Quest Diagnostics,Health Care,Early,S&P 500,206,49.1,59.85,56.3,32.46,7.62,59.59,60.65,50.91,72.0,confirmed_bullish_trend,59.55,bullish_above_signal_proxy,61.56,53.56,12.08,89,confirmed_bullish_trend,42,mixed_or_bearish,72.26,235.789902,0.19,0.01668637,0.00012685,0.09822965,0.19678153,4H EMA 多头排列已连续维持,4H 相对 EMA26 超过 2 ATR，短线偏追高；4H MACD 尚未确认多头；4H RSI 偏热
270,LYB,LyondellBasell,Materials,Early,S&P 500,70,49.09,74.24,37.3,42.08,58.72,40.34,37.05,62.23,82.0,early_transition,49.8,bullish_below_zero_proxy,59.5,48.9,0.0,41,bearish_transition,28,fresh_bearish_cross,48.07,59.7491,0.23,-0.01436653,-0.01728452,0.12394846,0.03300657,4H RSI 位于健康强势区间,4H EMA 转弱或跌破 EMA26；4H MACD 最近死叉
271,EXPE,Expedia Group,Consumer Discretionary,Early,S&P 500,197,48.88,59.6,67.1,6.01,2.81,70.03,72.25,51.18,72.0,confirmed_bullish_trend,59.55,bullish_above_signal_proxy,71.96,51.39,14.61,89,confirmed_bullish_trend,78,bullish_above_signal,73.83,318.019989,0.97,0.06700219,0.03518765,0.17339727,0.30394846,4H EMA 多头排列已连续维持；4H MACD 位于 Signal 上方；4H MACD 柱体连续扩张,4H 相对 EMA26 超过 2 ATR，短线偏追高；4H RSI 偏热
272,SNPS,Synopsys,Information Technology,Early,S&P 500,387,48.52,30.68,87.7,18.84,58.72,60.47,63.3,36.04,15.0,bearish_transition,49.8,bullish_below_zero_proxy,39.54,48.16,0.0,74,early_transition,66,bullish_above_signal,58.94,403.830109,0.36,0.03010002,0.05724376,-0.07295488,-0.14248378,4H EMA9 已站上 EMA26，等待 26/50 确认；4H MACD 位于 Signal 上方；4H MACD 柱体连续扩张；4H RSI 位于健康强势区间,
273,DVN,Devon Energy,Energy,Early,S&P 500,190,48.45,67.81,29.3,74.15,58.72,36.23,34.7,51.43,82.0,early_transition,20.0,fresh_bearish_cross_proxy,48.07,49.36,0.0,38,bearish_transition,28,fresh_bearish_cross,40.57,42.669998,0.84,-0.04284441,-0.03614190,0.01886826,-0.01761259,,4H EMA 转弱或跌破 EMA26；4H MACD 最近死叉
274,TDG,TransDigm Group,Industrials,Early,S&P 500,360,47.74,31.35,73.3,50.5,58.72,50.12,51.8,38.0,15.0,bearish_transition,49.8,bullish_below_zero_proxy,45.5,49.35,0.0,76,early_transition,28,fresh_bearish_cross,45.76,1242.867554,0.85,-0.03423846,-0.03225322,-0.06700030,-0.03835203,4H EMA9 已站上 EMA26，等待 26/50 确认,4H MACD 最近死叉
275,CNC,Centene Corporation,Health Care,Early,S&P 500,312,47.67,39.7,65.2,92.18,58.72,54.71,56.9,39.62,35.0,mixed_sideways,25.0,bearish_proxy,50.54,51.36,0.0,58,mixed_sideways,66,bullish_above_signal,62.22,66.904999,0.66,0.04932561,0.08453558,0.01049690,0.05163471,4H MACD 位于 Signal 上方；4H MACD 柱体连续扩张；4H RSI 位于健康强势区间,4H EMA 仍偏震荡
276,LH,Labcorp,Health Care,Early,S&P 500,178,47.65,59.66,56.3,21.64,10.02,64.04,65.6,51.76,72.0,confirmed_bullish_trend,59.55,bullish_above_signal_proxy,64.18,50.84,11.61,100,confirmed_bullish_trend,42,mixed_or_bearish,68.52,314.329987,0.15,0.02274351,0.01059361,0.09457803,0.21145431,4H EMA 多头排列已连续维持,4H MACD 尚未确认多头；4H RSI 偏热
277,CIEN,Ciena,Information Technology,Early,S&P 500,400,47.09,29.52,87.7,12.02,58.72,58.31,60.9,33.92,15.0,bearish_transition,49.8,bullish_below_zero_proxy,34.59,43.92,0.0,74,early_transition,58,bullish_above_signal,54.24,404.565002,0.39,0.03596490,0.20538985,-0.03826131,-0.11549227,4H EMA9 已站上 EMA26，等待 26/50 确认；4H MACD 位于 Signal 上方；4H RSI 位于健康强势区间,
278,ISRG,Intuitive Surgical,Health Care,Early,S&P 500,396,46.85,30.21,87.7,8.82,58.72,58.31,60.9,34.26,15.0,bearish_transition,49.8,bullish_below_zero_proxy,33.69,47.99,0.0,74,early_transition,58,bullish_above_signal,55.14,372.25,0.47,-0.00844391,0.04823723,-0.12742314,-0.07073403,4H EMA9 已站上 EMA26，等待 26/50 确认；4H MACD 位于 Signal 上方；4H RSI 位于健康强势区间,
279,IFF,International Flavors & Fragrances,Materials,Early,S&P 500,272,46.79,58.07,60.1,66.73,4.11,66.61,68.45,47.01,72.0,confirmed_bullish_trend,59.55,bullish_above_signal_proxy,55.95,48.19,13.49,89,confirmed_bullish_trend,70,bullish_above_signal,77.34,87.294998,1.21,0.08333328,0.11203819,0.06011290,0.16923377,4H EMA 多头排列已连续维持；4H MACD 位于 Signal 上方,4H 相对 EMA26 超过 2 ATR，短线偏追高；4H RSI 过热
280,MMM,3M,Industrials,Early,S&P 500,222,46.59,59.2,56.3,19.24,4.61,61.74,63.05,50.36,72.0,confirmed_bullish_trend,59.55,bullish_above_signal_proxy,65.46,50.09,13.28,89,confirmed_bullish_trend,50,mixed_or_bearish,73.5,182.574997,0.32,0.02998422,0.01764112,0.16286100,0.12315835,4H EMA 多头排列已连续维持；4H MACD 柱体连续扩张,4H 相对 EMA26 超过 2 ATR，短线偏追高；4H MACD 尚未确认多头；4H RSI 偏热
281,PLTR,Palantir Technologies,Information Technology,Early,S&P 500,137,46.43,75.18,53.85,2.4,2.2,68.76,70.85,56.72,82.0,early_transition,59.55,bullish_above_signal_proxy,78.93,56.04,14.85,89,confirmed_bullish_trend,78,bullish_above_signal,78.47,161.264999,1.13,0.28079576,0.28785336,0.17092025,0.35722100,4H EMA 多头排列已连续维持；4H MACD 位于 Signal 上方；4H MACD 柱体连续扩张,4H 相对 EMA26 超过 2 ATR，短线偏追高；4H RSI 过热
282,WMT,Walmart,Consumer Staples,Early,S&P 500,309,46.31,31.85,67.6,94.99,58.72,52.37,54.3,39.66,15.0,bearish_transition,49.8,bullish_below_zero_proxy,50.76,49.9,0.0,50,mixed_sideways,72,fresh_below_zero_cross,55.8,113.019997,0.53,0.02086531,-0.00689779,0.01163620,-0.05355277,4H MACD 刚金叉但仍需零轴确认；4H MACD 柱体连续扩张；4H RSI 位于健康强势区间,4H EMA 仍偏震荡
283,IQV,IQVIA,Health Care,Early,S&P 500,167,46.05,60.3,50.8,23.65,10.82,44.02,43.35,52.4,72.0,confirmed_bullish_trend,59.55,bullish_above_signal_proxy,63.84,54.02,11.34,55,mixed_sideways,28,fresh_bearish_cross,62.69,235.449997,0.42,0.00891289,-0.03430882,0.12882345,0.36929341,4H RSI 位于健康强势区间,4H EMA 仍偏震荡；4H MACD 最近死叉
284,EXR,Extra Space Storage,Real Estate,Early,S&P 500,251,46.02,46.37,54.4,94.39,58.72,49.01,48.9,48.99,35.0,mixed_sideways,61.8,bullish_above_signal_proxy,52.33,48.97,0.0,58,mixed_sideways,42,mixed_or_bearish,52.66,149.279999,0.12,-0.00300539,-0.03049201,0.00437324,0.00841014,4H RSI 位于健康强势区间,4H EMA 仍偏震荡；4H MACD 尚未确认多头
285,VMC,Vulcan Materials Company,Materials,Early,S&P 500,235,45.51,47.94,65.2,58.52,58.72,54.68,55.2,49.83,35.0,mixed_sideways,71.8,fresh_below_zero_cross_proxy,46.5,49.55,0.0,56,mixed_sideways,66,bullish_above_signal,57.32,288.450012,0.17,0.01688644,0.01228286,-0.03292311,-0.05193094,4H MACD 位于 Signal 上方；4H MACD 柱体连续扩张；4H RSI 位于健康强势区间,4H EMA 仍偏震荡
286,SYK,Stryker Corporation,Health Care,Early,S&P 500,241,45.47,46.95,54.4,89.38,58.72,47.8,47.55,49.58,35.0,mixed_sideways,61.8,bullish_above_signal_proxy,52.85,51.82,0.0,55,mixed_sideways,42,mixed_or_bearish,50.77,333.665009,0.35,-0.02202645,-0.04870988,0.02027307,0.08090643,4H RSI 位于健康强势区间,4H EMA 仍偏震荡；4H MACD 尚未确认多头
287,PEP,PepsiCo,Consumer Staples,Early,S&P 500,375,45.3,30.99,73.3,35.07,58.72,47.78,49.2,37.15,15.0,bearish_transition,49.8,bullish_below_zero_proxy,43.13,48.38,0.0,68,early_transition,28,fresh_bearish_cross,49.99,139.130005,0.46,-0.00365221,-0.03536013,-0.04368145,-0.01445690,4H EMA9 已站上 EMA26，等待 26/50 确认；4H RSI 位于健康强势区间,4H MACD 最近死叉
288,TRV,Travelers Companies (The),Financials,Early,S&P 500,289,45.03,53.01,54.4,24.05,11.12,49.96,49.95,42.96,72.0,confirmed_bullish_trend,22.75,bearish_proxy,63.58,52.47,11.28,55,mixed_sideways,50,mixed_or_bearish,61.05,383.609985,0.3,0.02605181,-0.02624705,0.11587518,0.21873800,4H MACD 柱体连续扩张；4H RSI 位于健康强势区间,4H EMA 仍偏震荡；4H MACD 尚未确认多头
289,TPR,"Tapestry, Inc.",Consumer Discretionary,Early,S&P 500,257,44.87,58.5,60.1,52.1,5.41,65.8,67.55,48.46,72.0,confirmed_bullish_trend,59.55,bullish_above_signal_proxy,58.13,48.63,12.76,89,confirmed_bullish_trend,70,bullish_above_signal,77.0,160.339996,0.77,0.03013172,0.07333401,0.09447096,0.06943243,4H EMA 多头排列已连续维持；4H MACD 位于 Signal 上方,4H 相对 EMA26 超过 2 ATR，短线偏追高；4H RSI 过热
290,IBM,IBM,Information Technology,Early,S&P 500,480,44.84,27.73,87.7,1.2,58.72,58.31,60.9,28.69,15.0,bearish_transition,49.8,bullish_below_zero_proxy,18.77,40.75,0.0,74,early_transition,58,bullish_above_signal,58.22,235.145004,0.33,0.03977453,0.03414988,-0.24462329,-0.11571368,4H EMA9 已站上 EMA26，等待 26/50 确认；4H MACD 位于 Signal 上方；4H RSI 位于健康强势区间,
291,ROST,Ross Stores,Consumer Discretionary,Early,S&P 500,180,44.4,59.89,52.7,12.42,5.01,55.81,56.45,51.75,72.0,confirmed_bullish_trend,59.55,bullish_above_signal_proxy,68.09,52.37,13.02,89,confirmed_bullish_trend,28,fresh_bearish_cross,70.43,253.2379,0.31,0.00125693,-0.00193945,0.17582721,0.09702783,4H EMA 多头排列已连续维持,4H 相对 EMA26 超过 2 ATR，短线偏追高；4H MACD 最近死叉；4H RSI 偏热
292,MAS,Masco,Industrials,Early,S&P 500,350,43.85,39.07,67.6,61.72,58.72,53.59,55.65,38.19,35.0,mixed_sideways,25.0,bearish_proxy,46.68,49.59,0.0,53,mixed_sideways,72,fresh_below_zero_cross,53.51,77.300003,0.19,0.03425214,0.05543426,-0.02250884,0.04107748,4H MACD 刚金叉但仍需零轴确认；4H MACD 柱体连续扩张；4H RSI 位于健康强势区间,4H EMA 仍偏震荡
293,AMGN,Amgen,Health Care,Early,S&P 500,227,43.54,59.8,67.9,20.44,3.81,71.47,73.85,50.28,72.0,confirmed_bullish_trend,59.55,bullish_above_signal_proxy,65.09,54.27,13.88,89,confirmed_bullish_trend,88,fresh_above_zero_cross,76.89,415.470001,1.93,0.09657410,0.06476163,0.13008477,0.19587239,4H EMA 多头排列已连续维持；4H MACD 零轴上方刚金叉；4H MACD 柱体连续扩张,4H 相对 EMA26 超过 2 ATR，短线偏追高；4H RSI 过热
294,FTV,Fortive,Industrials,Early,S&P 500,355,43.54,39.06,67.6,59.72,58.72,53.59,55.65,38.15,35.0,mixed_sideways,25.0,bearish_proxy,46.55,49.56,0.0,53,mixed_sideways,72,fresh_below_zero_cross,51.73,60.900002,0.17,0.02421801,0.02404575,-0.02894041,0.00148004,4H MACD 刚金叉但仍需零轴确认；4H MACD 柱体连续扩张；4H RSI 位于健康强势区间,4H EMA 仍偏震荡
295,HRL,Hormel Foods,Consumer Staples,Early,S&P 500,316,43.0,39.38,54.4,90.58,58.72,47.24,48.6,39.28,35.0,mixed_sideways,25.0,bearish_proxy,50.21,49.79,0.0,52,mixed_sideways,50,mixed_or_bearish,50.18,25.280001,0.38,0.00218042,-0.02129303,0.02555785,0.02659903,4H MACD 柱体连续扩张；4H RSI 位于健康强势区间,4H EMA 仍偏震荡；4H MACD 尚未确认多头
296,BXP,"BXP, Inc.",Real Estate,Early,S&P 500,305,42.72,39.44,54.4,88.58,58.72,46.3,47.55,39.98,35.0,mixed_sideways,25.0,bearish_proxy,52.91,49.08,0.0,55,mixed_sideways,42,mixed_or_bearish,51.41,70.110001,0.11,-0.00440212,-0.05384611,0.00718288,0.08613474,4H RSI 位于健康强势区间,4H EMA 仍偏震荡；4H MACD 尚未确认多头
297,CAT,Caterpillar Inc.,Industrials,Early,S&P 500,252,42.58,47.65,65.2,39.68,58.72,55.4,56.0,48.97,35.0,mixed_sideways,71.8,fresh_below_zero_cross_proxy,43.89,49.03,0.0,56,mixed_sideways,66,bullish_above_signal,57.5,894.840027,0.57,0.07641511,0.14172708,-0.03250802,-0.09868402,4H MACD 位于 Signal 上方；4H MACD 柱体连续扩张；4H RSI 位于健康强势区间,4H EMA 仍偏震荡
298,JKHY,Jack Henry & Associates,Financials,Early,S&P 500,326,42.53,38.73,54.4,88.98,58.72,47.51,48.9,38.92,35.0,mixed_sideways,20.0,fresh_bearish_cross_proxy,52.89,50.33,0.0,58,mixed_sideways,42,mixed_or_bearish,55.39,155.75,0.33,-0.00504659,-0.03602158,0.05062569,0.24064042,4H RSI 位于健康强势区间,4H EMA 仍偏震荡；4H MACD 尚未确认多头
299,CMI,Cummins,Industrials,Early,S&P 500,406,42.19,27.11,65.2,84.97,58.72,51.97,53.85,33.19,15.0,bearish_transition,25.0,bearish_proxy,49.7,50.19,0.0,53,mixed_sideways,66,bullish_above_signal,53.56,656.505005,0.53,0.01176663,0.08080903,0.00959219,-0.07266757,4H MACD 位于 Signal 上方；4H MACD 柱体连续扩张；4H RSI 位于健康强势区间,4H EMA 仍偏震荡
300,HBAN,Huntington Bancshares,Financials,Early,S&P 500,369,42.06,38.42,65.2,57.72,58.72,53.99,56.1,37.57,35.0,mixed_sideways,25.0,bearish_proxy,46.27,46.25,0.0,58,mixed_sideways,66,bullish_above_signal,55.68,17.68,0.29,0.01784680,0.03877791,-0.02616364,0.02078522,4H MACD 位于 Signal 上方；4H MACD 柱体连续扩张；4H RSI 位于健康强势区间,4H EMA 仍偏震荡
301,PYPL,PayPal,Financials,Early,S&P 500,281,41.74,53.25,56.3,1.6,3.41,61.74,63.05,44.46,72.0,confirmed_bullish_trend,17.75,fresh_bearish_cross_proxy,80.29,55.81,14.04,89,confirmed_bullish_trend,50,mixed_or_bearish,69.46,58.685001,0.35,0.01434623,-0.00119139,0.28568301,0.40227010,4H EMA 多头排列已连续维持；4H MACD 柱体连续扩张,4H 相对 EMA26 超过 2 ATR，短线偏追高；4H MACD 尚未确认多头；4H RSI 偏热
302,DOC,Healthpeak Properties,Real Estate,Early,S&P 500,331,41.68,39.04,54.4,82.57,58.72,47.15,48.5,38.8,35.0,mixed_sideways,25.0,bearish_proxy,49.31,48.36,0.0,50,mixed_sideways,50,mixed_or_bearish,51.37,22.07,0.76,0.01916412,-0.02453039,0.00546692,0.07213996,4H MACD 柱体连续扩张；4H RSI 位于健康强势区间,4H EMA 仍偏震荡；4H MACD 尚未确认多头
303,EFX,Equifax,Industrials,Early,S&P 500,341,41.52,38.74,54.4,82.16,58.72,48.46,49.95,38.52,35.0,mixed_sideways,25.0,bearish_proxy,49.16,46.83,0.0,55,mixed_sideways,50,mixed_or_bearish,51.56,176.845001,0.3,0.01553349,-0.06098338,-0.00542712,0.15441608,4H MACD 柱体连续扩张；4H RSI 位于健康强势区间,4H EMA 仍偏震荡；4H MACD 尚未确认多头
304,ADI,Analog Devices,Information Technology,Early,S&P 500,333,41.44,31.67,65.2,69.34,58.72,51.97,53.85,38.74,15.0,bearish_transition,49.8,bullish_below_zero_proxy,47.5,50.25,0.0,53,mixed_sideways,66,bullish_above_signal,52.09,376.325012,0.35,0.03962926,0.05756805,-0.00998364,-0.07889903,4H MACD 位于 Signal 上方；4H MACD 柱体连续扩张；4H RSI 位于健康强势区间,4H EMA 仍偏震荡
305,Q,Qnity Electronics,Information Technology,Early,S&P 500,338,40.94,31.64,65.2,66.13,58.72,51.02,52.8,38.64,15.0,bearish_transition,49.8,bullish_below_zero_proxy,47.2,50.19,0.0,56,mixed_sideways,58,bullish_above_signal,50.98,136.389999,0.48,0.02249044,0.09576603,-0.03577234,-0.16726757,4H MACD 位于 Signal 上方；4H RSI 位于健康强势区间,4H EMA 仍偏震荡
306,IT,Gartner,Information Technology,Early,S&P 500,142,40.81,61.4,67.9,0.4,1.0,70.66,72.95,55.71,72.0,confirmed_bullish_trend,59.55,bullish_above_signal_proxy,94.38,55.88,17.47,89,confirmed_bullish_trend,88,fresh_above_zero_cross,76.63,190.289993,1.0,0.25603956,0.14833133,0.33326316,0.46681569,4H EMA 多头排列已连续维持；4H MACD 零轴上方刚金叉；4H MACD 柱体连续扩张,4H 相对 EMA26 超过 2 ATR，短线偏追高；4H RSI 过热
307,ABT,Abbott Laboratories,Health Care,Early,S&P 500,199,40.73,47.48,54.4,56.51,58.72,47.8,47.55,51.14,35.0,mixed_sideways,61.8,bullish_above_signal_proxy,57.58,52.77,0.0,55,mixed_sideways,42,mixed_or_bearish,53.7,104.400002,0.31,-0.02566496,-0.04294813,0.08130501,0.15180939,4H RSI 位于健康强势区间,4H EMA 仍偏震荡；4H MACD 尚未确认多头
308,CASY,Casey's,Consumer Staples,Early,S&P 500,298,40.71,39.88,54.4,74.15,58.72,47.8,47.55,40.75,35.0,mixed_sideways,25.0,bearish_proxy,54.66,50.68,0.0,55,mixed_sideways,42,mixed_or_bearish,52.26,862.130005,0.51,0.00137057,-0.02323158,0.07806677,0.04219533,4H RSI 位于健康强势区间,4H EMA 仍偏震荡；4H MACD 尚未确认多头
309,GNRC,Generac,Industrials,Early,S&P 500,342,40.56,31.56,65.2,63.73,58.72,53.9,56.0,38.52,15.0,bearish_transition,49.8,bullish_below_zero_proxy,46.96,49.89,0.0,56,mixed_sideways,66,bullish_above_signal,63.3,224.5,0.63,0.11569426,0.16472114,-0.03583930,-0.19441651,4H MACD 位于 Signal 上方；4H MACD 柱体连续扩张；4H RSI 位于健康强势区间,4H EMA 仍偏震荡
310,TROW,T. Rowe Price,Financials,Early,S&P 500,347,40.12,38.96,54.4,72.34,58.72,46.43,47.7,38.37,35.0,mixed_sideways,25.0,bearish_proxy,47.79,48.56,0.0,50,mixed_sideways,50,mixed_or_bearish,50.04,116.169998,0.36,0.02388506,-0.02981460,-0.03110929,0.08798872,4H MACD 柱体连续扩张；4H RSI 位于健康强势区间,4H EMA 仍偏震荡；4H MACD 尚未确认多头
311,CINF,Cincinnati Financial,Financials,Early,S&P 500,380,39.18,38.54,67.6,31.86,58.72,53.59,55.65,36.84,35.0,mixed_sideways,25.0,bearish_proxy,42.81,48.31,0.0,53,mixed_sideways,72,fresh_below_zero_cross,51.88,179.960007,0.38,0.01078417,-0.00260481,-0.05438490,0.03176246,4H MACD 刚金叉但仍需零轴确认；4H MACD 柱体连续扩张；4H RSI 位于健康强势区间,4H EMA 仍偏震荡
312,ARES,Ares Management,Financials,Early,S&P 500,152,38.92,60.76,60.1,4.81,8.92,65.8,67.55,54.55,72.0,confirmed_bullish_trend,59.55,bullish_above_signal_proxy,72.5,53.5,11.71,89,confirmed_bullish_trend,70,bullish_above_signal,76.36,141.214996,0.61,0.01960286,0.12791533,0.17310123,0.19073312,4H EMA 多头排列已连续维持；4H MACD 位于 Signal 上方,4H 相对 EMA26 超过 2 ATR，短线偏追高；4H RSI 过热
313,LHX,L3Harris,Industrials,Early,S&P 500,399,38.88,27.44,54.4,90.98,58.72,46.43,47.7,34.16,15.0,bearish_transition,25.0,bearish_proxy,52.63,50.78,0.0,50,mixed_sideways,50,mixed_or_bearish,50.72,287.950012,0.39,0.03642524,-0.03898139,-0.02698223,-0.01575740,4H MACD 柱体连续扩张；4H RSI 位于健康强势区间,4H EMA 仍偏震荡；4H MACD 尚未确认多头
314,AZO,AutoZone,Consumer Discretionary,Early,S&P 500,371,38.05,30.94,67.6,42.08,58.72,52.37,54.3,37.39,15.0,bearish_transition,49.8,bullish_below_zero_proxy,44.31,47.61,0.0,50,mixed_sideways,72,fresh_below_zero_cross,53.09,3052.810059,0.35,0.02134997,-0.02870787,0.00750648,0.00174572,4H MACD 刚金叉但仍需零轴确认；4H MACD 柱体连续扩张；4H RSI 位于健康强势区间,4H EMA 仍偏震荡
315,EMR,Emerson Electric,Industrials,Early,S&P 500,214,37.64,59.49,60.1,4.01,1.8,67.96,69.95,50.56,72.0,confirmed_bullish_trend,59.55,bullish_above_signal_proxy,73.64,51.73,15.78,89,confirmed_bullish_trend,78,bullish_above_signal,77.27,163.425003,0.95,0.05523993,0.11446402,0.18522688,0.12995227,4H EMA 多头排列已连续维持；4H MACD 位于 Signal 上方；4H MACD 柱体连续扩张,4H 相对 EMA26 超过 2 ATR，短线偏追高；4H RSI 过热
316,ICE,Intercontinental Exchange,Financials,Early,S&P 500,170,37.59,47.78,54.4,34.87,58.72,47.8,47.55,52.23,35.0,mixed_sideways,61.8,bullish_above_signal_proxy,61.11,52.97,0.0,55,mixed_sideways,42,mixed_or_bearish,53.39,148.799896,0.33,-0.01956980,-0.03757910,0.08352067,0.11682287,4H RSI 位于健康强势区间,4H EMA 仍偏震荡；4H MACD 尚未确认多头
317,MLM,Martin Marietta Materials,Materials,Early,S&P 500,424,37.31,26.59,67.6,47.29,58.72,53.59,55.65,31.65,15.0,bearish_transition,25.0,bearish_proxy,45.03,49.26,0.0,53,mixed_sideways,72,fresh_below_zero_cross,50.56,558.419983,0.33,0.02974424,-0.02263060,-0.05804368,-0.08597341,4H MACD 刚金叉但仍需零轴确认；4H MACD 柱体连续扩张；4H RSI 位于健康强势区间,4H EMA 仍偏震荡
318,GRMN,Garmin,Consumer Discretionary,Early,S&P 500,256,37.18,59.14,60.1,2.81,0.2,65.08,66.75,48.57,72.0,confirmed_bullish_trend,59.55,bullish_above_signal_proxy,78.65,52.73,19.42,89,confirmed_bullish_trend,70,bullish_above_signal,76.9,305.48999,0.27,0.00246111,0.02709880,0.24145075,0.29587674,4H EMA 多头排列已连续维持；4H MACD 位于 Signal 上方,4H 相对 EMA26 超过 2 ATR，短线偏追高；4H RSI 过热
319,CARR,Carrier Global,Industrials,Early,S&P 500,428,36.87,26.53,67.6,44.49,58.72,53.59,55.65,31.47,15.0,bearish_transition,25.0,bearish_proxy,44.48,49.15,0.0,53,mixed_sideways,72,fresh_below_zero_cross,50.7,65.480003,0.2,0.03640397,0.07874797,-0.04030485,-0.07664102,4H MACD 刚金叉但仍需零轴确认；4H MACD 柱体连续扩张；4H RSI 位于健康强势区间,4H EMA 仍偏震荡
320,REGN,Regeneron Pharmaceuticals,Health Care,Early,S&P 500,276,36.57,58.92,53.85,15.63,0.6,65.08,66.75,46.6,72.0,confirmed_bullish_trend,59.55,bullish_above_signal_proxy,66.33,54.52,17.97,89,confirmed_bullish_trend,70,bullish_above_signal,82.06,774.799988,0.27,0.02022541,0.11164516,0.15177638,0.25392452,4H EMA 多头排列已连续维持；4H MACD 位于 Signal 上方,4H 相对 EMA26 超过 2 ATR，短线偏追高；4H RSI 过热
321,SWK,Stanley Black & Decker,Industrials,Early,S&P 500,202,36.07,60.02,53.85,8.42,2.61,67.24,69.15,51.08,72.0,confirmed_bullish_trend,59.55,bullish_above_signal_proxy,70.69,54.39,14.77,89,confirmed_bullish_trend,78,bullish_above_signal,78.08,102.710098,0.36,0.04678042,0.09680283,0.13542007,0.20821192,4H EMA 多头排列已连续维持；4H MACD 位于 Signal 上方；4H MACD 柱体连续扩张,4H 相对 EMA26 超过 2 ATR，短线偏追高；4H RSI 过热
322,CRH,CRH plc,Materials,Early,S&P 500,438,35.87,26.43,67.6,38.08,58.72,53.59,55.65,31.18,15.0,bearish_transition,25.0,bearish_proxy,43.61,48.97,0.0,53,mixed_sideways,72,fresh_below_zero_cross,51.27,100.339996,0.48,0.01754381,0.00169709,-0.05259190,-0.10073495,4H MACD 刚金叉但仍需零轴确认；4H MACD 柱体连续扩张；4H RSI 位于健康强势区间,4H EMA 仍偏震荡
323,ULTA,Ulta Beauty,Consumer Discretionary,Early,S&P 500,194,35.7,59.87,53.85,6.41,2.4,65.08,66.75,51.24,72.0,confirmed_bullish_trend,59.55,bullish_above_signal_proxy,71.93,53.14,14.8,89,confirmed_bullish_trend,70,bullish_above_signal,79.25,545.659973,0.46,0.02105125,0.06471278,0.19975369,0.17902784,4H EMA 多头排列已连续维持；4H MACD 位于 Signal 上方,4H 相对 EMA26 超过 2 ATR，短线偏追高；4H RSI 过热
324,WTW,Willis Towers Watson,Financials,Early,S&P 500,267,35.67,59.06,53.85,9.22,0.8,65.08,66.75,47.61,72.0,confirmed_bullish_trend,59.55,bullish_above_signal_proxy,70.07,53.76,17.96,89,confirmed_bullish_trend,70,bullish_above_signal,80.5,342.51001,0.16,0.00252306,0.08156504,0.16809907,0.32884582,4H EMA 多头排列已连续维持；4H MACD 位于 Signal 上方,4H 相对 EMA26 超过 2 ATR，短线偏追高；4H RSI 过热
325,NUE,Nucor,Materials,Early,S&P 500,165,35.4,60.06,53.85,3.61,3.01,68.76,70.85,52.66,72.0,confirmed_bullish_trend,59.55,bullish_above_signal_proxy,74.94,51.99,14.11,89,confirmed_bullish_trend,78,bullish_above_signal,78.15,276.975006,1.24,0.06006968,0.08417820,0.21918749,0.14703692,4H EMA 多头排列已连续维持；4H MACD 位于 Signal 上方；4H MACD 柱体连续扩张,4H 相对 EMA26 超过 2 ATR，短线偏追高；4H RSI 过热
326,AMAT,Applied Materials,Information Technology,Early,S&P 500,393,35.09,37.92,65.2,12.42,58.72,51.02,52.8,34.62,35.0,mixed_sideways,25.0,bearish_proxy,35.63,47.88,0.0,56,mixed_sideways,58,bullish_above_signal,51.02,532.48999,0.48,0.02801268,0.19053369,-0.03420692,-0.09718385,4H MACD 位于 Signal 上方；4H RSI 位于健康强势区间,4H EMA 仍偏震荡
327,ZBRA,Zebra Technologies,Information Technology,Early,S&P 500,153,34.97,61.22,53.85,0,0,67.96,69.95,54.51,72.0,confirmed_bullish_trend,59.55,bullish_above_signal_proxy,98.39,56.68,20.0,89,confirmed_bullish_trend,78,bullish_above_signal,88.54,369.279999,0.57,0.26543756,0.30519919,0.39569519,0.51170788,4H EMA 多头排列已连续维持；4H MACD 位于 Signal 上方；4H MACD 柱体连续扩张,4H 相对 EMA26 超过 2 ATR，短线偏追高；4H RSI 过热
328,DECK,Deckers Brands,Consumer Discretionary,Early,S&P 500,457,34.95,25.76,67.6,33.47,58.72,53.59,55.65,30.51,15.0,bearish_transition,25.0,bearish_proxy,43.05,45.61,0.0,53,mixed_sideways,72,fresh_below_zero_cross,50.03,101.065002,0.22,0.01572866,-0.02587950,-0.04094700,-0.03481040,4H MACD 刚金叉但仍需零轴确认；4H MACD 柱体连续扩张；4H RSI 位于健康强势区间,4H EMA 仍偏震荡
329,MSFT,Microsoft,Information Technology,Early,S&P 500,196,34.87,60.49,53.85,0.8,0.4,65.08,66.75,51.23,72.0,confirmed_bullish_trend,59.55,bullish_above_signal_proxy,84.94,57.24,19.32,89,confirmed_bullish_trend,70,bullish_above_signal,78.21,490.774994,0.4,0.00651146,0.23881459,0.24690352,0.31569769,4H EMA 多头排列已连续维持；4H MACD 位于 Signal 上方,4H 相对 EMA26 超过 2 ATR，短线偏追高；4H RSI 过热
330,GEV,GE Vernova,Industrials,Early,S&P 500,397,34.85,37.75,65.2,11.22,58.72,53.18,55.2,34.21,35.0,mixed_sideways,25.0,bearish_proxy,34.51,47.4,0.0,56,mixed_sideways,66,bullish_above_signal,54.59,1030.23999,0.32,0.02284484,0.13533200,-0.02745613,-0.02469407,4H MACD 位于 Signal 上方；4H MACD 柱体连续扩张；4H RSI 位于健康强势区间,4H EMA 仍偏震荡
331,ALB,Albemarle Corporation,Materials,Early,S&P 500,385,34.79,30.36,65.2,28.06,58.72,51.74,53.6,36.4,15.0,bearish_transition,49.8,bullish_below_zero_proxy,42.12,45.42,0.0,56,mixed_sideways,58,bullish_above_signal,55.31,121.089996,0.68,0.01996290,0.06764823,-0.06443636,-0.20072610,4H MACD 位于 Signal 上方；4H RSI 位于健康强势区间,4H EMA 仍偏震荡
332,MU,Micron Technology,Information Technology,Early,S&P 500,414,34.56,37.11,67.6,4.41,58.72,54.31,56.45,32.22,35.0,mixed_sideways,25.0,bearish_proxy,28.37,46.42,0.0,53,mixed_sideways,72,fresh_below_zero_cross,51.72,898.440125,0.57,0.08371146,0.16529199,-0.03780481,-0.16537137,4H MACD 刚金叉但仍需零轴确认；4H MACD 柱体连续扩张；4H RSI 位于健康强势区间,4H EMA 仍偏震荡
333,ALGN,Align Technology,Health Care,Early,S&P 500,452,34.55,25.98,65.2,36.67,58.72,51.97,53.85,30.78,15.0,bearish_transition,25.0,bearish_proxy,43.42,46.68,0.0,53,mixed_sideways,66,bullish_above_signal,50.48,173.990005,0.23,0.00624603,-0.03298595,-0.06098542,0.00758636,4H MACD 位于 Signal 上方；4H MACD 柱体连续扩张；4H RSI 位于健康强势区间,4H EMA 仍偏震荡
334,LRCX,Lam Research,Information Technology,Early,S&P 500,301,33.96,34.54,65.2,12.83,58.72,51.02,52.8,40.39,15.0,bearish_transition,71.8,fresh_below_zero_cross_proxy,35.84,47.92,0.0,56,mixed_sideways,58,bullish_above_signal,50.85,307.304993,0.52,0.04337417,0.20158355,-0.05662320,-0.17714079,4H MACD 位于 Signal 上方；4H RSI 位于健康强势区间,4H EMA 仍偏震荡
335,HAS,Hasbro,Consumer Discretionary,Early,S&P 500,148,33.69,48.16,54.4,8.02,58.72,47.8,47.55,54.83,35.0,mixed_sideways,61.8,bullish_above_signal_proxy,70.71,51.14,0.0,55,mixed_sideways,42,mixed_or_bearish,55.35,91.300003,0.16,-0.00174935,-0.04955231,0.19268451,0.09524954,4H RSI 位于健康强势区间,4H EMA 仍偏震荡；4H MACD 尚未确认多头
336,BMY,Bristol Myers Squibb,Health Care,Early,S&P 500,157,33.55,48.45,50.8,16.03,58.72,45.95,45.5,53.98,35.0,mixed_sideways,61.8,bullish_above_signal_proxy,66.18,54.49,0.0,58,mixed_sideways,28,fresh_bearish_cross,55.05,63.77,0.88,-0.02581728,0.00149197,0.09844113,0.14683931,4H RSI 位于健康强势区间,4H EMA 仍偏震荡；4H MACD 最近死叉
337,VLO,Valero Energy,Energy,Early,S&P 500,280,32.28,41.22,54.4,14.83,58.72,47.8,47.55,44.69,35.0,mixed_sideways,25.0,bearish_proxy,66.61,53.07,0.0,55,mixed_sideways,42,mixed_or_bearish,51.84,305.029999,0.43,-0.00822603,0.00447850,0.16541546,0.24446166,4H RSI 位于健康强势区间,4H EMA 仍偏震荡；4H MACD 尚未确认多头
338,YUM,Yum! Brands,Consumer Discretionary,Early,S&P 500,475,32.12,25.5,67.6,15.23,58.72,50.21,51.9,29.05,15.0,bearish_transition,25.0,bearish_proxy,37.85,46.32,0.0,50,mixed_sideways,64,fresh_below_zero_cross,49.99,151.550003,0.28,0.01834428,-0.00675055,-0.09465636,-0.00717351,4H MACD 刚金叉但仍需零轴确认；4H RSI 位于健康强势区间,4H EMA 仍偏震荡
339,PRU,Prudential Financial,Financials,Early,S&P 500,295,31.97,39.67,67.9,33.67,58.72,68.5,70.55,41.67,35.0,mixed_sideways,20.0,fresh_bearish_cross_proxy,61.23,52.0,0.0,89,confirmed_bullish_trend,80,fresh_above_zero_cross,76.54,126.394997,0.79,0.02776869,0.02360701,0.09187107,0.16718991,4H EMA 多头排列已连续维持；4H MACD 零轴上方刚金叉,4H 相对 EMA26 超过 2 ATR，短线偏追高；4H RSI 过热
340,FLEX,Flex Ltd.,Information Technology,Early,S&P 500,401,31.88,29.45,65.2,10.82,58.72,53.18,55.2,33.73,15.0,bearish_transition,49.8,bullish_below_zero_proxy,34.02,43.8,0.0,56,mixed_sideways,66,bullish_above_signal,53.96,124.459999,0.2,0.05977518,0.20152532,-0.05683546,-0.18354764,4H MACD 位于 Signal 上方；4H MACD 柱体连续扩张；4H RSI 位于健康强势区间,4H EMA 仍偏震荡
341,PSKY,Paramount Skydance Corporation,Communication Services,Early,S&P 500,402,31.69,29.43,65.2,9.62,58.72,51.97,53.85,33.66,15.0,bearish_transition,49.8,bullish_below_zero_proxy,33.82,43.76,0.0,53,mixed_sideways,66,bullish_above_signal,51.78,8.44,0.5,0.02676399,0.06580459,-0.15810474,-0.12944817,4H MACD 位于 Signal 上方；4H MACD 柱体连续扩张；4H RSI 位于健康强势区间,4H EMA 仍偏震荡
342,APP,AppLovin,Information Technology,Early,S&P 500,403,31.39,29.75,65.2,6.81,58.72,52.69,54.65,33.29,15.0,bearish_transition,49.8,bullish_below_zero_proxy,31.23,46.5,0.0,53,mixed_sideways,66,bullish_above_signal,55.19,431.0,0.65,0.06138026,0.07444452,-0.19481397,-0.08750236,4H MACD 位于 Signal 上方；4H MACD 柱体连续扩张；4H RSI 位于健康强势区间,4H EMA 仍偏震荡
343,ELV,Elevance Health,Health Care,Early,S&P 500,479,31.02,25.78,65.2,13.63,58.72,49.81,51.45,28.89,15.0,bearish_transition,25.0,bearish_proxy,36.22,48.49,0.0,53,mixed_sideways,58,bullish_above_signal,51.93,385.470001,0.48,0.00688289,0.02065292,-0.07870457,-0.02407719,4H MACD 位于 Signal 上方；4H RSI 位于健康强势区间,4H EMA 仍偏震荡
344,INTC,Intel,Information Technology,Early,S&P 500,417,30.8,29.44,65.2,3.61,58.72,53.18,55.2,32.18,15.0,bearish_transition,49.8,bullish_below_zero_proxy,27.64,46.28,0.0,56,mixed_sideways,66,bullish_above_signal,52.47,98.18,0.51,0.07890110,0.17201866,-0.11533528,-0.26870510,4H MACD 位于 Signal 上方；4H MACD 柱体连续扩张；4H RSI 位于健康强势区间,4H EMA 仍偏震荡
345,GLW,Corning Inc.,Information Technology,Early,S&P 500,445,30.41,29.01,65.2,2.0,58.72,53.18,55.2,30.93,15.0,bearish_transition,49.8,bullish_below_zero_proxy,23.86,45.52,0.0,56,mixed_sideways,66,bullish_above_signal,55.2,158.549896,0.34,0.08092380,0.27749492,-0.14431485,-0.18298517,4H MACD 位于 Signal 上方；4H MACD 柱体连续扩张；4H RSI 位于健康强势区间,4H EMA 仍偏震荡
346,VRT,Vertiv,Industrials,Early,S&P 500,486,29.98,24.71,65.2,9.22,58.72,51.97,53.85,27.44,15.0,bearish_transition,25.0,bearish_proxy,33.76,43.75,0.0,53,mixed_sideways,66,bullish_above_signal,53.08,279.079987,0.43,0.06069706,0.23875891,-0.07763499,-0.13938575,4H MACD 位于 Signal 上方；4H MACD 柱体连续扩张；4H RSI 位于健康强势区间,4H EMA 仍偏震荡
347,HLT,Hilton Worldwide,Consumer Discretionary,Early,S&P 500,456,29.91,25.76,54.4,35.07,58.72,44.27,45.3,30.53,15.0,bearish_transition,25.0,bearish_proxy,43.13,45.63,0.0,50,mixed_sideways,42,mixed_or_bearish,50.82,322.5,0.42,0.02602441,0.00403173,-0.05139387,-0.06455310,4H RSI 位于健康强势区间,4H EMA 仍偏震荡；4H MACD 尚未确认多头
348,HONA,Honeywell Aerospace,Industrials,Early,S&P 500,291,29.25,43.16,41.5,24.45,58.72,5.0,0.0,42.57,35.0,mixed_sideways,49.8,bullish_below_zero_proxy,41.17,48.48,0.0,0,insufficient_data,0,insufficient_data,,,,,,,,,4H样本不足：53根
349,KHC,Kraft Heinz,Consumer Staples,Early,S&P 500,310,29.03,39.5,40.9,99.8,58.72,42.16,42.95,39.64,35.0,mixed_sideways,25.0,bearish_proxy,51.31,50.01,0.0,41,bearish_transition,42,mixed_or_bearish,48.14,25.965,1.29,-0.01722180,-0.06684639,0.02405837,0.15889305,4H RSI 位于健康强势区间,4H EMA 转弱或跌破 EMA26；4H MACD 尚未确认多头
350,AFL,Aflac,Financials,Early,S&P 500,308,28.91,39.51,40.9,99.0,58.72,39.01,39.45,39.68,35.0,mixed_sideways,25.0,bearish_proxy,51.43,50.04,0.0,41,bearish_transition,42,mixed_or_bearish,46.36,125.059998,0.35,-0.01294395,-0.03267978,0.02828478,0.06144965,,4H EMA 转弱或跌破 EMA26；4H MACD 尚未确认多头
351,AON,Aon plc,Financials,Early,S&P 500,313,28.69,39.48,40.9,97.6,58.72,39.95,40.5,39.58,35.0,mixed_sideways,25.0,bearish_proxy,51.13,49.98,0.0,38,bearish_transition,50,mixed_or_bearish,46.92,358.36499,0.18,0.00225135,-0.04349280,-0.00448642,0.12101163,4H MACD 柱体连续扩张,4H EMA 转弱或跌破 EMA26；4H MACD 尚未确认多头
352,CMG,Chipotle Mexican Grill,Consumer Discretionary,Early,S&P 500,244,27.35,46.57,37.3,81.76,58.72,39.07,37.85,49.46,35.0,mixed_sideways,61.8,bullish_above_signal_proxy,53.63,49.48,0.0,41,bearish_transition,28,fresh_bearish_cross,49.29,34.805,0.88,-0.07112359,0.01498936,0.01121477,0.11787378,4H RSI 位于健康强势区间,4H EMA 转弱或跌破 EMA26；4H MACD 最近死叉
353,AWK,American Water Works,Utilities,Early,S&P 500,315,27.08,39.53,40.9,86.77,58.72,36.98,37.2,39.32,35.0,mixed_sideways,25.0,bearish_proxy,49.87,50.72,0.0,36,bearish_transition,42,mixed_or_bearish,45.02,132.725006,0.21,0.01069905,-0.03710817,-0.02285943,0.05559315,,4H EMA 转弱或跌破 EMA26；4H MACD 尚未确认多头
354,MPWR,Monolithic Power Systems,Information Technology,Early,S&P 500,323,26.97,31.76,51.7,75.35,58.72,35.63,35.7,38.99,15.0,bearish_transition,49.8,bullish_below_zero_proxy,48.25,50.4,0.0,22,confirmed_bearish_trend,58,bullish_above_signal,46.32,1315.38501,0.3,-0.02156027,0.04321119,0.02475442,-0.07344751,4H MACD 位于 Signal 上方,4H EMA 空头排列
355,SJM,J.M. Smucker Company (The),Consumer Staples,Early,S&P 500,325,26.93,38.74,40.9,87.58,58.72,39.41,39.9,38.94,35.0,mixed_sideways,20.0,fresh_bearish_cross_proxy,52.95,50.34,0.0,38,bearish_transition,42,mixed_or_bearish,50.08,118.472504,0.2,0.00836247,-0.06798957,0.04982283,0.08105218,4H RSI 位于健康强势区间,4H EMA 转弱或跌破 EMA26；4H MACD 尚未确认多头
356,EG,Everest Group,Financials,Early,S&P 500,320,26.86,39.33,40.9,85.77,58.72,39.14,39.6,39.15,35.0,mixed_sideways,25.0,bearish_proxy,49.8,49.71,0.0,36,bearish_transition,50,mixed_or_bearish,46.37,373.820007,0.51,0.00475748,-0.05565239,0.00053534,0.09114262,4H MACD 柱体连续扩张,4H EMA 转弱或跌破 EMA26；4H MACD 尚未确认多头
357,FDXF,FedEx Freight,Industrials,Early,S&P 500,337,26.5,38.8,40.9,84.57,58.72,39.14,39.6,38.69,35.0,mixed_sideways,25.0,bearish_proxy,49.67,46.93,0.0,36,bearish_transition,50,mixed_or_bearish,45.68,143.699997,0.2,0.03373860,-0.01291451,-0.01814082,-0.15935419,4H MACD 柱体连续扩张,4H EMA 转弱或跌破 EMA26；4H MACD 尚未确认多头
358,FIS,Fidelity National Information Services,Financials,Early,S&P 500,234,26.38,46.87,37.3,74.55,58.72,39.07,37.85,49.95,35.0,mixed_sideways,61.8,bullish_above_signal_proxy,54.65,50.68,0.0,41,bearish_transition,28,fresh_bearish_cross,48.13,43.099998,0.67,-0.03751677,-0.06810815,0.00524777,0.14081522,4H RSI 位于健康强势区间,4H EMA 转弱或跌破 EMA26；4H MACD 最近死叉
359,F,Ford Motor Company,Consumer Discretionary,Early,S&P 500,335,26.14,38.28,40.9,83.37,58.72,36.98,37.2,38.71,35.0,mixed_sideways,20.0,fresh_bearish_cross_proxy,53.51,47.7,0.0,36,bearish_transition,42,mixed_or_bearish,45.58,14.285,0.29,-0.01004851,-0.07749435,0.04537139,0.00563182,,4H EMA 转弱或跌破 EMA26；4H MACD 尚未确认多头
360,WELL,Welltower,Real Estate,Early,S&P 500,332,26.12,39.11,40.9,81.36,58.72,39.14,39.6,38.8,35.0,mixed_sideways,25.0,bearish_proxy,49.09,48.82,0.0,36,bearish_transition,50,mixed_or_bearish,45.49,235.419998,0.35,0.01016947,-0.02618408,-0.00754609,0.08085028,4H MACD 柱体连续扩张,4H EMA 转弱或跌破 EMA26；4H MACD 尚未确认多头
361,BALL,Ball Corporation,Materials,Early,S&P 500,343,26.05,38.74,40.9,81.76,58.72,39.01,39.45,38.5,35.0,mixed_sideways,25.0,bearish_proxy,49.11,46.82,0.0,41,bearish_transition,42,mixed_or_bearish,47.69,63.48,0.46,-0.02578275,-0.03342220,0.00634112,0.04882277,,4H EMA 转弱或跌破 EMA26；4H MACD 尚未确认多头
362,FDX,FedEx,Industrials,Early,S&P 500,287,25.92,35.54,54.1,53.11,58.72,39.97,38.85,43.54,15.0,bearish_transition,71.8,fresh_below_zero_cross_proxy,45.6,49.37,0.0,25,confirmed_bearish_trend,64,fresh_below_zero_cross,46.68,310.01001,0.39,0.00261966,0.00098488,-0.00406417,-0.04107767,4H MACD 刚金叉但仍需零轴确认,4H EMA 空头排列
363,XOM,ExxonMobil,Energy,Early,S&P 500,212,25.85,47.09,40.9,60.92,58.72,40.51,39.45,50.61,35.0,mixed_sideways,61.8,bullish_above_signal_proxy,56.66,51.08,0.0,41,bearish_transition,42,mixed_or_bearish,46.91,151.770004,0.4,-0.02115446,-0.03478759,0.08430380,0.08244773,,4H EMA 转弱或跌破 EMA26；4H MACD 尚未确认多头
364,MGM,MGM Resorts,Consumer Discretionary,Early,S&P 500,379,25.68,38.22,54.1,45.29,58.72,45.08,46.2,36.99,35.0,mixed_sideways,25.0,bearish_proxy,44.53,45.91,0.0,36,bearish_transition,72,fresh_below_zero_cross,46.57,45.360001,0.38,0.01955493,-0.01025531,-0.02367624,-0.03283584,4H MACD 刚金叉但仍需零轴确认；4H MACD 柱体连续扩张,4H EMA 转弱或跌破 EMA26
365,VICI,Vici Properties,Real Estate,Early,S&P 500,306,25.64,31.79,40.9,95.19,58.72,35.09,35.1,39.98,15.0,bearish_transition,49.8,bullish_below_zero_proxy,52.29,48.96,0.0,22,confirmed_bearish_trend,50,mixed_or_bearish,48.24,26.51,0.29,-0.00131852,-0.01978185,-0.02500923,0.00094389,4H MACD 柱体连续扩张；4H RSI 位于健康强势区间,4H EMA 空头排列；4H MACD 尚未确认多头
366,WBD,Warner Bros. Discovery,Communication Services,Early,S&P 500,412,25.51,26.39,51.7,78.16,58.72,36.84,37.05,32.36,15.0,bearish_transition,25.0,bearish_proxy,48.66,46.73,0.0,25,confirmed_bearish_trend,58,bullish_above_signal,46.23,25.85,0.47,-0.00957854,0.00897732,-0.01542560,-0.03706459,4H MACD 位于 Signal 上方,4H EMA 空头排列
367,EQR,Equity Residential,Real Estate,Early,S&P 500,374,25.41,38.49,54.1,42.89,58.72,47.91,49.35,37.17,35.0,mixed_sideways,25.0,bearish_proxy,44.37,47.37,0.0,39,bearish_transition,72,fresh_below_zero_cross,48.41,67.650002,0.27,0.00110995,-0.01399211,-0.04110561,0.03725852,4H MACD 刚金叉但仍需零轴确认；4H MACD 柱体连续扩张；4H RSI 位于健康强势区间,4H EMA 转弱或跌破 EMA26
368,META,Meta Platforms,Communication Services,Early,S&P 500,411,25.36,26.82,54.1,69.74,58.72,47.91,49.35,32.43,15.0,bearish_transition,25.0,bearish_proxy,47.53,49.51,0.0,39,bearish_transition,72,fresh_below_zero_cross,48.72,591.900024,0.44,0.00231994,-0.00175393,-0.02578321,0.04633284,4H MACD 刚金叉但仍需零轴确认；4H MACD 柱体连续扩张；4H RSI 位于健康强势区间,4H EMA 转弱或跌破 EMA26
369,AAPL,Apple Inc.,Information Technology,Early,S&P 500,311,25.21,39.63,32.9,95.39,58.72,36.98,37.2,39.62,35.0,mixed_sideways,25.0,bearish_proxy,50.78,50.91,0.0,36,bearish_transition,50,mixed_or_bearish,39.7,307.669891,0.49,0.01450820,-0.10227040,-0.01652636,0.02763875,4H MACD 柱体连续扩张,4H EMA 转弱或跌破 EMA26；4H MACD 尚未确认多头；4H RSI 偏弱
370,STZ,Constellation Brands,Consumer Staples,Early,S&P 500,346,25.02,31.41,51.7,63.13,58.72,36.84,37.05,38.38,15.0,bearish_transition,49.8,bullish_below_zero_proxy,46.88,49.13,0.0,25,confirmed_bearish_trend,58,bullish_above_signal,47.18,130.809998,0.2,-0.00403531,-0.00645607,-0.00619185,-0.07958062,4H MACD 位于 Signal 上方,4H EMA 空头排列
371,PCG,PG&E Corporation,Utilities,Early,S&P 500,297,24.45,39.65,40.9,68.94,58.72,40.64,39.6,40.79,35.0,mixed_sideways,25.0,bearish_proxy,55.57,49.11,0.0,36,bearish_transition,50,mixed_or_bearish,46.04,17.334999,0.46,-0.00573559,-0.02530228,0.00931587,0.03276729,4H MACD 柱体连续扩张,4H EMA 转弱或跌破 EMA26；4H MACD 尚未确认多头
372,TXT,Textron,Industrials,Early,S&P 500,416,24.23,26.78,54.1,62.32,58.72,47.91,49.35,32.2,15.0,bearish_transition,25.0,bearish_proxy,46.69,49.59,0.0,39,bearish_transition,72,fresh_below_zero_cross,48.94,88.940002,0.31,0.02951734,0.02559964,-0.03423713,0.02276912,4H MACD 刚金叉但仍需零轴确认；4H MACD 柱体连续扩张；4H RSI 位于健康强势区间,4H EMA 转弱或跌破 EMA26
373,ESS,Essex Property Trust,Real Estate,Early,S&P 500,356,23.92,38.82,40.9,67.33,58.72,39.14,39.6,38.14,35.0,mixed_sideways,25.0,bearish_proxy,47.33,47.97,0.0,36,bearish_transition,50,mixed_or_bearish,45.11,287.350006,0.15,0.00566967,-0.03268697,-0.04352162,0.03257453,4H MACD 柱体连续扩张,4H EMA 转弱或跌破 EMA26；4H MACD 尚未确认多头
374,BBY,Best Buy,Consumer Discretionary,Early,S&P 500,296,23.86,39.86,40.9,64.53,58.72,40.01,38.9,41.11,35.0,mixed_sideways,25.0,bearish_proxy,56.2,49.99,0.0,38,bearish_transition,42,mixed_or_bearish,45.15,84.470001,0.65,-0.00932385,-0.06781435,0.07852402,0.13910056,,4H EMA 转弱或跌破 EMA26；4H MACD 尚未确认多头
375,GDDY,GoDaddy,Information Technology,Early,S&P 500,348,23.73,39.13,40.9,65.33,58.72,40.76,41.4,38.36,35.0,mixed_sideways,25.0,bearish_proxy,47.18,49.69,0.0,36,bearish_transition,50,mixed_or_bearish,49.51,91.669998,0.32,0.03652189,-0.12365570,0.01225707,0.19439737,4H MACD 柱体连续扩张；4H RSI 位于健康强势区间,4H EMA 转弱或跌破 EMA26；4H MACD 尚未确认多头
376,AVB,AvalonBay Communities,Real Estate,Early,S&P 500,382,23.61,38.3,54.1,31.26,58.72,47.91,49.35,36.64,35.0,mixed_sideways,25.0,bearish_proxy,42.77,47.05,0.0,39,bearish_transition,72,fresh_below_zero_cross,49.29,189.139999,0.21,0.00196003,-0.01417701,-0.03571145,0.04552166,4H MACD 刚金叉但仍需零轴确认；4H MACD 柱体连续扩张；4H RSI 位于健康强势区间,4H EMA 转弱或跌破 EMA26
377,OXY,Occidental Petroleum,Energy,Early,S&P 500,322,23.46,38.76,32.9,85.77,58.72,38.51,38.9,39.02,35.0,mixed_sideways,20.0,fresh_bearish_cross_proxy,53.21,50.39,0.0,38,bearish_transition,42,mixed_or_bearish,42.25,54.0,0.55,-0.02667628,-0.03588641,0.07313196,0.02817974,,4H EMA 转弱或跌破 EMA26；4H MACD 尚未确认多头
378,CF,CF Industries,Materials,Early,S&P 500,334,23.42,38.81,32.9,85.37,58.72,35.54,35.6,38.73,35.0,mixed_sideways,25.0,bearish_proxy,49.78,46.96,0.0,36,bearish_transition,42,mixed_or_bearish,39.43,117.209999,0.59,-0.00904633,-0.07625017,0.03414508,0.13796116,,4H EMA 转弱或跌破 EMA26；4H MACD 尚未确认多头；4H RSI 偏弱
379,AJG,Arthur J. Gallagher & Co.,Financials,Early,S&P 500,352,23.35,39.0,40.9,63.13,58.72,41.57,42.3,38.18,35.0,mixed_sideways,25.0,bearish_proxy,46.88,49.13,0.0,38,bearish_transition,50,mixed_or_bearish,49.41,250.794998,0.22,0.01212723,-0.06328898,-0.01004578,0.16167956,4H MACD 柱体连续扩张；4H RSI 位于健康强势区间,4H EMA 转弱或跌破 EMA26；4H MACD 尚未确认多头
380,IBKR,Interactive Brokers,Financials,Early,S&P 500,386,23.26,37.99,54.1,29.66,58.72,45.08,46.2,36.32,35.0,mixed_sideways,25.0,bearish_proxy,42.49,45.5,0.0,36,bearish_transition,72,fresh_below_zero_cross,47.94,89.589996,0.38,0.02108500,0.02441249,-0.05060141,-0.06565162,4H MACD 刚金叉但仍需零轴确认；4H MACD 柱体连续扩张,4H EMA 转弱或跌破 EMA26
381,IRM,Iron Mountain,Real Estate,Early,S&P 500,261,23.25,44.81,40.9,48.9,58.72,36.77,35.3,48.11,35.0,mixed_sideways,49.8,bullish_below_zero_proxy,58.74,50.25,0.0,30,confirmed_bearish_trend,42,mixed_or_bearish,47.04,123.059998,0.95,-0.00830041,-0.00016253,0.05215457,-0.07452811,,4H EMA 空头排列；4H MACD 尚未确认多头
382,MNST,Monster Beverage,Consumer Staples,Early,S&P 500,357,23.01,38.97,40.9,60.92,58.72,39.14,39.6,38.1,35.0,mixed_sideways,25.0,bearish_proxy,46.64,49.08,0.0,36,bearish_transition,50,mixed_or_bearish,47.95,95.019997,0.35,0.01582207,-0.02388516,-0.01226611,0.01974669,4H MACD 柱体连续扩张,4H EMA 转弱或跌破 EMA26；4H MACD 尚未确认多头
383,COP,ConocoPhillips,Energy,Early,S&P 500,213,22.95,47.08,32.9,62.93,58.72,41.23,40.25,50.57,35.0,mixed_sideways,61.8,bullish_above_signal_proxy,56.53,51.06,0.0,41,bearish_transition,42,mixed_or_bearish,44.13,114.980003,0.68,-0.03515981,-0.02674789,0.08003010,0.04299714,,4H EMA 转弱或跌破 EMA26；4H MACD 尚未确认多头
384,WRB,W. R. Berkley Corporation,Financials,Early,S&P 500,328,22.91,39.25,32.9,80.96,58.72,36.98,37.2,38.91,35.0,mixed_sideways,25.0,bearish_proxy,49.08,49.57,0.0,36,bearish_transition,42,mixed_or_bearish,44.48,72.059998,0.36,-0.00027752,-0.04669927,0.00740946,0.05543751,,4H EMA 转弱或跌破 EMA26；4H MACD 尚未确认多头
385,L,Loews Corporation,Financials,Early,S&P 500,358,22.89,38.97,40.9,60.12,58.72,38.51,38.9,38.08,35.0,mixed_sideways,25.0,bearish_proxy,46.56,49.06,0.0,38,bearish_transition,42,mixed_or_bearish,45.45,115.519997,0.56,-0.00619409,-0.03156312,-0.01433447,0.05367807,,4H EMA 转弱或跌破 EMA26；4H MACD 尚未确认多头
386,AES,AES Corporation,Utilities,Early,S&P 500,321,22.86,39.43,32.9,80.16,58.72,36.98,37.2,39.05,35.0,mixed_sideways,25.0,bearish_proxy,49.04,50.56,0.0,36,bearish_transition,50,mixed_or_bearish,38.68,14.695,0.42,-0.00034014,-0.00943714,0.00444293,0.00068097,4H MACD 柱体连续扩张,4H EMA 转弱或跌破 EMA26；4H MACD 尚未确认多头；4H RSI 偏弱
387,KVUE,Kenvue,Consumer Staples,Early,S&P 500,359,22.77,38.96,40.9,59.32,58.72,40.62,41.25,38.07,35.0,mixed_sideways,25.0,bearish_proxy,46.54,49.06,0.0,41,bearish_transition,42,mixed_or_bearish,49.77,19.26,0.44,0.01368421,-0.02158999,-0.02874433,0.05737030,4H RSI 位于健康强势区间,4H EMA 转弱或跌破 EMA26；4H MACD 尚未确认多头
388,FE,FirstEnergy,Utilities,Early,S&P 500,307,22.76,39.67,25.9,97.6,58.72,35.54,35.6,39.74,35.0,mixed_sideways,25.0,bearish_proxy,51.13,50.98,0.0,36,bearish_transition,42,mixed_or_bearish,35.86,47.77,0.64,-0.01362792,-0.04153291,-0.01484846,0.01154054,,4H EMA 转弱或跌破 EMA26；4H MACD 尚未确认多头；4H RSI 偏弱
389,MAA,Mid-America Apartment Communities,Real Estate,Early,S&P 500,426,22.24,26.31,54.1,50.1,58.72,46.7,48.0,31.53,15.0,bearish_transition,25.0,bearish_proxy,45.48,47.6,0.0,36,bearish_transition,72,fresh_below_zero_cross,48.97,133.720001,0.16,0.00172295,-0.02600329,-0.06191025,0.00179806,4H MACD 刚金叉但仍需零轴确认；4H MACD 柱体连续扩张；4H RSI 位于健康强势区间,4H EMA 转弱或跌破 EMA26
390,PM,Philip Morris International,Consumer Staples,Early,S&P 500,336,22.23,39.18,32.9,76.55,58.72,39.14,39.6,38.7,35.0,mixed_sideways,25.0,bearish_proxy,48.46,49.44,0.0,36,bearish_transition,50,mixed_or_bearish,40.44,186.145004,0.26,-0.00674991,-0.07254427,0.00122634,0.04664041,4H MACD 柱体连续扩张,4H EMA 转弱或跌破 EMA26；4H MACD 尚未确认多头
391,TKO,TKO Group Holdings,Communication Services,Early,S&P 500,376,21.79,30.62,51.7,43.49,58.72,39.68,40.2,37.15,15.0,bearish_transition,49.8,bullish_below_zero_proxy,44.4,45.88,0.0,28,confirmed_bearish_trend,58,bullish_above_signal,48.45,184.139999,0.27,-0.00103078,-0.01170034,-0.06146788,-0.08520043,4H MACD 位于 Signal 上方；4H RSI 位于健康强势区间,4H EMA 空头排列
392,VTR,Ventas,Real Estate,Early,S&P 500,349,21.65,38.89,32.9,73.35,58.72,39.14,39.6,38.36,35.0,mixed_sideways,25.0,bearish_proxy,47.98,48.1,0.0,36,bearish_transition,50,mixed_or_bearish,43.56,92.360001,0.33,0.01673277,-0.05572024,-0.01440613,0.08531144,4H MACD 柱体连续扩张,4H EMA 转弱或跌破 EMA26；4H MACD 尚未确认多头
393,WMB,Williams Companies,Energy,Early,S&P 500,429,21.5,26.43,54.1,44.89,58.72,46.3,47.55,31.4,15.0,bearish_transition,25.0,bearish_proxy,44.5,48.65,0.0,39,bearish_transition,72,fresh_below_zero_cross,46.89,71.599998,0.3,0.01617938,0.02183528,-0.03275926,-0.04913685,4H MACD 刚金叉但仍需零轴确认；4H MACD 柱体连续扩张,4H EMA 转弱或跌破 EMA26
394,FANG,Diamondback Energy,Energy,Early,S&P 500,303,21.26,39.68,25.9,87.58,58.72,34.82,34.8,40.18,35.0,mixed_sideways,25.0,bearish_proxy,52.95,50.34,0.0,36,bearish_transition,42,mixed_or_bearish,36.12,185.789993,0.48,-0.06497234,-0.06374727,0.04552615,-0.01437669,,4H EMA 转弱或跌破 EMA26；4H MACD 尚未确认多头；4H RSI 偏弱
395,ODFL,Old Dominion,Industrials,Early,S&P 500,404,21.11,26.7,32.9,98.2,58.72,39.14,39.6,33.29,15.0,bearish_transition,25.0,bearish_proxy,51.48,47.3,0.0,36,bearish_transition,50,mixed_or_bearish,44.94,217.634995,0.24,0.02895844,-0.00989492,0.00670720,-0.00661849,4H MACD 柱体连续扩张,4H EMA 转弱或跌破 EMA26；4H MACD 尚未确认多头
396,CB,Chubb Limited,Financials,Early,S&P 500,368,21.02,38.8,40.9,48.1,58.72,40.76,41.4,37.58,35.0,mixed_sideways,25.0,bearish_proxy,45.07,48.76,0.0,36,bearish_transition,50,mixed_or_bearish,49.26,351.015289,0.22,0.00788268,-0.03381420,-0.02659342,0.05823116,4H MACD 柱体连续扩张；4H RSI 位于健康强势区间,4H EMA 转弱或跌破 EMA26；4H MACD 尚未确认多头
397,APD,Air Products,Materials,Early,S&P 500,367,20.96,38.8,40.9,47.7,58.72,40.76,41.4,37.58,35.0,mixed_sideways,25.0,bearish_proxy,45.05,48.76,0.0,36,bearish_transition,50,mixed_or_bearish,48.73,294.480011,0.22,0.00525708,-0.00006787,-0.03829347,0.04562250,4H MACD 柱体连续扩张；4H RSI 位于健康强势区间,4H EMA 转弱或跌破 EMA26；4H MACD 尚未确认多头
398,PG,Procter & Gamble,Consumer Staples,Early,S&P 500,436,20.87,26.37,54.1,40.88,58.72,41.34,42.05,31.21,15.0,bearish_transition,25.0,bearish_proxy,43.94,48.54,0.0,25,confirmed_bearish_trend,72,fresh_below_zero_cross,47.53,145.955002,0.64,0.00675976,0.00409329,-0.03360258,-0.02981255,4H MACD 刚金叉但仍需零轴确认；4H MACD 柱体连续扩张,4H EMA 空头排列
399,MCHP,Microchip Technology,Information Technology,Early,S&P 500,294,19.87,35.01,51.7,20.44,58.72,44.02,43.35,41.76,15.0,bearish_transition,71.8,fresh_below_zero_cross_proxy,40.01,48.75,0.0,39,bearish_transition,58,bullish_above_signal,47.29,77.650002,0.37,0.03216800,0.07727525,-0.07822882,-0.17367244,4H MACD 位于 Signal 上方,4H EMA 转弱或跌破 EMA26
400,CDW,CDW Corporation,Information Technology,Early,S&P 500,265,19.81,45.84,29.3,54.51,58.72,38.44,37.15,47.86,38.0,mixed_sideways,63.15,bullish_above_signal_proxy,45.84,46.17,0.0,44,bearish_transition,28,fresh_bearish_cross,40.86,134.190002,4.18,-0.09140768,-0.08912574,-0.02193874,0.02286760,,4H EMA 转弱或跌破 EMA26；4H MACD 最近死叉
401,TXN,Texas Instruments,Information Technology,Early,S&P 500,442,19.7,26.46,54.1,32.87,58.72,46.3,47.55,31.07,15.0,bearish_transition,25.0,bearish_proxy,43.04,49.36,0.0,39,bearish_transition,72,fresh_below_zero_cross,47.26,278.934998,0.32,0.03724150,0.01957384,-0.05130600,-0.08308403,4H MACD 刚金叉但仍需零轴确认；4H MACD 柱体连续扩张,4H EMA 转弱或跌破 EMA26
402,VRSK,Verisk Analytics,Industrials,Early,S&P 500,365,19.57,38.46,32.9,60.52,58.72,39.14,39.6,37.68,35.0,mixed_sideways,25.0,bearish_proxy,46.61,46.32,0.0,36,bearish_transition,50,mixed_or_bearish,42.5,192.169998,0.13,-0.00455843,-0.10732782,0.00078114,0.10486981,4H MACD 柱体连续扩张,4H EMA 转弱或跌破 EMA26；4H MACD 尚未确认多头
403,JNJ,Johnson & Johnson,Health Care,Early,S&P 500,372,19.5,38.92,40.9,37.68,58.72,40.76,41.4,37.33,35.0,mixed_sideways,25.0,bearish_proxy,43.6,49.97,0.0,36,bearish_transition,50,mixed_or_bearish,49.55,256.959991,0.4,0.00986439,-0.03807140,-0.03576119,0.08312252,4H MACD 柱体连续扩张；4H RSI 位于健康强势区间,4H EMA 转弱或跌破 EMA26；4H MACD 尚未确认多头
404,ARE,Alexandria Real Estate Equities,Real Estate,Early,S&P 500,363,19.5,38.17,22.3,88.98,58.72,31.76,31.4,37.79,35.0,mixed_sideways,20.0,fresh_bearish_cross_proxy,50.03,48.51,0.0,36,bearish_transition,28,fresh_bearish_cross,37.54,48.73,0.66,-0.08125944,-0.09558279,-0.03885603,-0.06017354,,4H EMA 转弱或跌破 EMA26；4H MACD 最近死叉；4H RSI 偏弱
405,ABBV,AbbVie,Health Care,Early,S&P 500,351,19.35,39.21,32.9,57.31,58.72,36.98,37.2,38.18,35.0,mixed_sideways,25.0,bearish_proxy,46.2,50.49,0.0,36,bearish_transition,42,mixed_or_bearish,43.85,248.595001,0.43,0.01450787,-0.06736067,-0.02519411,0.06012924,,4H EMA 转弱或跌破 EMA26；4H MACD 尚未确认多头
406,FRT,Federal Realty Investment Trust,Real Estate,Early,S&P 500,340,19.3,38.99,25.9,76.15,58.72,34.82,34.8,38.55,35.0,mixed_sideways,25.0,bearish_proxy,48.44,48.44,0.0,36,bearish_transition,42,mixed_or_bearish,35.16,121.75,0.27,-0.01488790,-0.03441983,-0.00669005,-0.01116751,,4H EMA 转弱或跌破 EMA26；4H MACD 尚未确认多头；4H RSI 偏弱
407,CVX,Chevron Corporation,Energy,Early,S&P 500,300,19.02,39.28,32.9,54.91,58.72,40.51,39.45,40.53,35.0,mixed_sideways,20.0,fresh_bearish_cross_proxy,57.79,51.31,0.0,41,bearish_transition,42,mixed_or_bearish,43.42,186.835007,0.48,-0.03284494,-0.02730630,0.09008432,0.06071879,,4H EMA 转弱或跌破 EMA26；4H MACD 尚未确认多头
408,EOG,EOG Resources,Energy,Early,S&P 500,361,18.78,38.35,22.3,83.77,58.72,34.59,34.55,37.82,35.0,mixed_sideways,20.0,fresh_bearish_cross_proxy,49.56,49.66,0.0,41,bearish_transition,28,fresh_bearish_cross,37.18,136.600006,1.82,-0.06232830,-0.05773605,0.03086568,0.01636914,,4H EMA 转弱或跌破 EMA26；4H MACD 最近死叉；4H RSI 偏弱
409,CTAS,Cintas,Industrials,Early,S&P 500,290,18.77,40.24,40.9,29.66,58.72,42.12,41.25,42.93,35.0,mixed_sideways,25.0,bearish_proxy,62.5,49.5,0.0,41,bearish_transition,42,mixed_or_bearish,48.17,202.330002,0.44,-0.00804039,-0.07149742,0.11670394,0.20198420,4H RSI 位于健康强势区间,4H EMA 转弱或跌破 EMA26；4H MACD 尚未确认多头
410,LLY,Lilly (Eli),Health Care,Early,S&P 500,377,18.69,38.83,40.9,32.46,58.72,42.29,43.1,37.09,35.0,mixed_sideways,25.0,bearish_proxy,42.88,49.83,0.0,36,bearish_transition,50,mixed_or_bearish,48.73,1159.140015,2.18,0.03378804,-0.04962430,-0.05842123,0.04887209,4H MACD 柱体连续扩张；4H RSI 位于健康强势区间,4H EMA 转弱或跌破 EMA26；4H MACD 尚未确认多头
411,NVR,"NVR, Inc.",Consumer Discretionary,Early,S&P 500,464,18.57,25.64,54.1,27.25,58.72,46.7,48.0,30.16,15.0,bearish_transition,25.0,bearish_proxy,41.99,45.4,0.0,36,bearish_transition,72,fresh_below_zero_cross,48.21,6302.745117,0.26,0.01535010,-0.02314295,-0.06209150,-0.01828924,4H MACD 刚金叉但仍需零轴确认；4H MACD 柱体连续扩张；4H RSI 位于健康强势区间,4H EMA 转弱或跌破 EMA26
412,SPG,Simon Property Group,Real Estate,Early,S&P 500,366,18.44,38.67,32.9,52.51,58.72,36.35,36.5,37.61,35.0,mixed_sideways,25.0,bearish_proxy,45.59,47.87,0.0,38,bearish_transition,42,mixed_or_bearish,39.94,223.904999,0.6,-0.02288892,-0.05724211,-0.02002362,0.03394060,,4H EMA 转弱或跌破 EMA26；4H MACD 尚未确认多头；4H RSI 偏弱
413,ROK,Rockwell Automation,Industrials,Early,S&P 500,407,18.23,26.73,29.3,88.58,58.72,28.25,27.5,32.96,15.0,bearish_transition,25.0,bearish_proxy,50.02,48.0,0.0,22,confirmed_bearish_trend,28,fresh_bearish_cross,44.47,453.834991,0.73,-0.05637804,-0.00494421,-0.01770510,-0.01726902,,4H EMA 空头排列；4H MACD 最近死叉
414,BG,Bunge Global,Consumer Staples,Early,S&P 500,409,17.61,26.84,32.9,74.55,58.72,39.86,40.4,32.59,15.0,bearish_transition,25.0,bearish_proxy,48.11,49.37,0.0,36,bearish_transition,50,mixed_or_bearish,40.14,108.260002,0.94,0.02713472,-0.00910709,-0.00505465,-0.02870982,4H MACD 柱体连续扩张,4H EMA 转弱或跌破 EMA26；4H MACD 尚未确认多头
415,PLD,Prologis,Real Estate,Early,S&P 500,405,17.56,26.88,25.9,92.79,58.72,35.54,35.6,33.21,15.0,bearish_transition,25.0,bearish_proxy,50.56,48.61,0.0,36,bearish_transition,42,mixed_or_bearish,37.93,140.014999,1.0,-0.02882014,-0.04227236,-0.01493271,-0.03961173,,4H EMA 转弱或跌破 EMA26；4H MACD 尚未确认多头；4H RSI 偏弱
416,UPS,United Parcel Service,Industrials,Early,S&P 500,434,17.46,26.46,46.1,39.28,58.72,40.62,41.25,31.27,15.0,bearish_transition,25.0,bearish_proxy,43.88,49.03,0.0,25,confirmed_bearish_trend,72,fresh_below_zero_cross,44.1,107.190002,0.31,0.00318207,0.02202522,-0.04354420,0.01117877,4H MACD 刚金叉但仍需零轴确认；4H MACD 柱体连续扩张,4H EMA 空头排列
417,ECHO,EchoStar,Communication Services,Early,S&P 500,391,17.3,30.23,51.7,14.43,58.72,37.57,37.85,35.2,15.0,bearish_transition,49.8,bullish_below_zero_proxy,37.57,46.51,0.0,25,confirmed_bearish_trend,58,bullish_above_signal,46.45,87.223503,0.56,0.01837129,0.03357630,-0.12584181,,4H MACD 位于 Signal 上方,4H EMA 空头排列
418,MPC,Marathon Petroleum,Energy,Early,S&P 500,279,16.83,41.23,40.9,14.43,58.72,40.51,39.45,44.72,35.0,mixed_sideways,25.0,bearish_proxy,66.69,53.09,0.0,41,bearish_transition,42,mixed_or_bearish,47.72,305.809998,0.51,-0.00481633,-0.01415220,0.16343919,0.22904103,,4H EMA 转弱或跌破 EMA26；4H MACD 尚未确认多头
419,ADM,Archer Daniels Midland,Consumer Staples,Early,S&P 500,395,16.63,27.42,25.9,85.37,58.72,37.7,38.0,34.28,15.0,bearish_transition,25.0,bearish_proxy,53.24,50.4,0.0,36,bearish_transition,50,mixed_or_bearish,36.59,78.489998,0.62,0.00550858,-0.03474149,0.01763258,0.02991732,4H MACD 柱体连续扩张,4H EMA 转弱或跌破 EMA26；4H MACD 尚未确认多头；4H RSI 偏弱
420,ES,Eversource Energy,Utilities,Early,S&P 500,410,16.62,26.94,32.9,67.74,58.72,36.98,37.2,32.49,15.0,bearish_transition,25.0,bearish_proxy,47.35,50.22,0.0,36,bearish_transition,50,mixed_or_bearish,38.78,72.010002,0.34,0.00083398,-0.03871315,-0.03710640,0.01508317,4H MACD 柱体连续扩张,4H EMA 转弱或跌破 EMA26；4H MACD 尚未确认多头；4H RSI 偏弱
421,GIS,General Mills,Consumer Staples,Early,S&P 500,373,16.61,38.67,32.9,40.28,58.72,39.14,39.6,37.21,35.0,mixed_sideways,25.0,bearish_proxy,43.92,48.53,0.0,36,bearish_transition,50,mixed_or_bearish,43.77,35.93,0.36,-0.00180578,-0.05695533,-0.02970562,0.04265818,4H MACD 柱体连续扩张,4H EMA 转弱或跌破 EMA26；4H MACD 尚未确认多头
422,JBHT,J.B. Hunt,Industrials,Early,S&P 500,419,16.19,26.23,32.9,66.53,58.72,39.14,39.6,31.9,15.0,bearish_transition,25.0,bearish_proxy,47.26,46.45,0.0,36,bearish_transition,50,mixed_or_bearish,44.65,273.230011,0.24,0.02410054,-0.00007315,-0.00299207,0.00650181,4H MACD 柱体连续扩张,4H EMA 转弱或跌破 EMA26；4H MACD 尚未确认多头
423,SNDK,Sandisk,Information Technology,Early,S&P 500,394,16.07,32.56,51.7,0.8,58.72,44.13,45.15,34.59,15.0,bearish_transition,71.8,fresh_below_zero_cross_proxy,18.26,44.4,0.0,39,bearish_transition,58,bullish_above_signal,49.04,1368.170044,0.53,0.06065444,0.31468845,-0.14974020,-0.31112036,4H MACD 位于 Signal 上方；4H RSI 位于健康强势区间,4H EMA 转弱或跌破 EMA26
424,MAR,Marriott International,Consumer Discretionary,Early,S&P 500,421,16.01,26.22,32.9,65.33,58.72,37.7,38.0,31.87,15.0,bearish_transition,25.0,bearish_proxy,47.18,46.44,0.0,36,bearish_transition,42,mixed_or_bearish,44.12,359.630005,0.64,0.03762373,-0.05407822,-0.05678240,-0.07072350,,4H EMA 转弱或跌破 EMA26；4H MACD 尚未确认多头
425,ACGL,Arch Capital Group,Financials,Early,S&P 500,378,15.96,38.61,32.9,36.07,58.72,36.98,37.2,37.03,35.0,mixed_sideways,25.0,bearish_proxy,43.38,48.43,0.0,36,bearish_transition,42,mixed_or_bearish,42.2,99.400002,0.19,-0.01681500,-0.04907679,-0.03626136,0.06423983,,4H EMA 转弱或跌破 EMA26；4H MACD 尚未确认多头
426,HAL,Halliburton,Energy,Early,S&P 500,383,15.92,30.79,43.7,25.25,58.72,36.84,37.05,36.55,15.0,bearish_transition,49.8,bullish_below_zero_proxy,41.33,48.02,0.0,25,confirmed_bearish_trend,58,bullish_above_signal,41.5,31.93,0.22,0.00125434,0.02536933,-0.04558368,-0.09508290,4H MACD 位于 Signal 上方,4H EMA 空头排列
427,AMD,Advanced Micro Devices,Information Technology,Early,S&P 500,482,15.22,25.5,51.7,11.62,58.72,39.59,40.1,28.27,15.0,bearish_transition,25.0,bearish_proxy,34.56,47.66,0.0,28,confirmed_bearish_trend,58,bullish_above_signal,45.92,481.744995,1.7,-0.00615810,0.10313601,-0.07580673,-0.08073580,4H MACD 位于 Signal 上方,4H EMA 空头排列
428,NKE,"Nike, Inc.",Consumer Discretionary,Early,S&P 500,441,14.79,25.95,37.3,46.09,58.72,28.25,27.5,31.09,15.0,bearish_transition,25.0,bearish_proxy,44.8,45.96,0.0,22,confirmed_bearish_trend,28,fresh_bearish_cross,45.29,41.77,0.55,-0.02017361,-0.02372327,-0.03029602,-0.02645377,,4H EMA 空头排列；4H MACD 最近死叉
429,KLAC,KLA Corporation,Information Technology,Early,S&P 500,494,14.78,24.77,54.1,4.01,58.72,46.3,47.55,26.1,15.0,bearish_transition,25.0,bearish_proxy,27.99,46.35,0.0,39,bearish_transition,72,fresh_below_zero_cross,45.85,192.559998,0.36,0.05391052,0.10867375,-0.11892018,-0.21842720,4H MACD 刚金叉但仍需零轴确认；4H MACD 柱体连续扩张,4H EMA 转弱或跌破 EMA26
430,PSX,Phillips 66,Energy,Early,S&P 500,283,14.52,41.04,32.9,20.84,58.72,41.23,40.25,44.16,35.0,mixed_sideways,25.0,bearish_proxy,65.0,52.75,0.0,41,bearish_transition,42,mixed_or_bearish,44.46,202.785004,0.61,-0.01665695,-0.02654633,0.14840300,0.18393861,,4H EMA 转弱或跌破 EMA26；4H MACD 尚未确认多头
431,TTWO,Take-Two Interactive,Communication Services,Early,S&P 500,392,14.46,37.55,37.3,16.83,58.72,35.23,35.25,35.02,35.0,mixed_sideways,25.0,bearish_proxy,38.54,44.71,0.0,41,bearish_transition,28,fresh_bearish_cross,45.35,239.030106,0.27,-0.02528194,-0.03548831,-0.07615854,-0.02201177,,4H EMA 转弱或跌破 EMA26；4H MACD 最近死叉
432,EXC,Exelon,Utilities,Early,S&P 500,418,14.45,26.75,32.9,53.71,58.72,33.47,33.3,31.93,15.0,bearish_transition,25.0,bearish_proxy,45.65,49.88,0.0,22,confirmed_bearish_trend,50,mixed_or_bearish,42.53,45.68,0.31,0.00109575,-0.02973666,-0.04415152,-0.02037317,4H MACD 柱体连续扩张,4H EMA 空头排列；4H MACD 尚未确认多头
433,ZTS,Zoetis,Health Care,Early,S&P 500,354,14.36,31.54,29.3,51.5,58.72,28.25,27.5,38.16,15.0,bearish_transition,49.8,bullish_below_zero_proxy,45.53,50.36,0.0,22,confirmed_bearish_trend,28,fresh_bearish_cross,40.27,74.349998,0.97,-0.03573056,-0.04710034,-0.02778686,-0.03152272,,4H EMA 空头排列；4H MACD 最近死叉
434,UNH,UnitedHealth Group,Health Care,Early,S&P 500,384,14.16,38.63,32.9,24.05,58.72,37.7,38.0,36.49,35.0,mixed_sideways,25.0,bearish_proxy,41.07,49.46,0.0,36,bearish_transition,42,mixed_or_bearish,40.0,410.369995,0.85,-0.01215641,-0.02904236,-0.03702356,0.00780960,,4H EMA 转弱或跌破 EMA26；4H MACD 尚未确认多头
435,CDNS,Cadence Design Systems,Information Technology,Early,S&P 500,390,14.11,30.44,43.7,14.03,58.72,36.84,37.05,35.33,15.0,bearish_transition,49.8,bullish_below_zero_proxy,37.41,47.73,0.0,25,confirmed_bearish_trend,58,bullish_above_signal,44.6,337.524994,0.21,0.00394105,-0.01058237,-0.09293080,-0.12093707,4H MACD 位于 Signal 上方,4H EMA 空头排列
436,REG,Regency Centers,Real Estate,Early,S&P 500,413,14.06,26.59,25.9,70.14,58.72,36.98,37.2,32.25,15.0,bearish_transition,25.0,bearish_proxy,47.54,48.26,0.0,36,bearish_transition,50,mixed_or_bearish,37.98,79.389999,0.43,-0.01108620,-0.01842113,-0.02090399,0.01120872,4H MACD 柱体连续扩张,4H EMA 转弱或跌破 EMA26；4H MACD 尚未确认多头；4H RSI 偏弱
437,MSCI,MSCI Inc.,Financials,Early,S&P 500,461,14.02,26.23,43.7,23.25,58.72,35.63,35.7,30.4,15.0,bearish_transition,25.0,bearish_proxy,41.02,48.95,0.0,22,confirmed_bearish_trend,58,bullish_above_signal,43.72,571.570007,0.25,-0.00496148,-0.02106631,-0.06648922,-0.02319940,4H MACD 位于 Signal 上方,4H EMA 空头排列
438,HOOD,Robinhood Markets,Financials,Early,S&P 500,498,13.87,23.19,54.1,1.6,58.72,46.3,47.55,22.99,15.0,bearish_transition,25.0,bearish_proxy,20.26,41.05,0.0,39,bearish_transition,72,fresh_below_zero_cross,46.29,93.889999,0.5,0.03895093,0.04357006,-0.18402644,-0.10623516,4H MACD 刚金叉但仍需零轴确认；4H MACD 柱体连续扩张,4H EMA 转弱或跌破 EMA26
439,KR,Kroger,Consumer Staples,Early,S&P 500,364,13.48,31.2,29.3,46.49,58.72,27.53,26.7,37.74,15.0,bearish_transition,49.8,bullish_below_zero_proxy,44.93,48.74,0.0,22,confirmed_bearish_trend,28,fresh_bearish_cross,42.65,57.060001,0.45,-0.01975602,-0.04907924,-0.02975684,-0.00540349,,4H EMA 空头排列；4H MACD 最近死叉
440,HUM,Humana,Health Care,Early,S&P 500,389,13.38,38.46,32.9,19.24,58.72,29.15,28.5,35.99,35.0,mixed_sideways,25.0,bearish_proxy,39.55,49.16,0.0,22,confirmed_bearish_trend,42,mixed_or_bearish,39.74,363.464996,0.4,-0.02951776,0.00900837,-0.08348992,0.00210914,,4H EMA 空头排列；4H MACD 尚未确认多头；4H RSI 偏弱
441,CPT,Camden Property Trust,Real Estate,Early,S&P 500,431,13.07,26.23,32.9,45.69,58.72,33.47,33.3,31.3,15.0,bearish_transition,25.0,bearish_proxy,44.78,47.46,0.0,22,confirmed_bearish_trend,50,mixed_or_bearish,43.44,111.279999,0.14,0.00523940,-0.04225840,-0.05790725,0.01375605,4H MACD 柱体连续扩张,4H EMA 空头排列；4H MACD 尚未确认多头
442,MRNA,Moderna,Health Care,Early,S&P 500,499,12.79,23.36,51.7,0.4,58.72,45.39,46.55,21.77,15.0,bearish_transition,25.0,bearish_proxy,14.65,44.18,0.0,39,bearish_transition,66,bullish_above_signal,47.24,57.400002,0.64,0.04155327,0.04849764,-0.27997902,-0.08101180,4H MACD 位于 Signal 上方；4H MACD 柱体连续扩张,4H EMA 转弱或跌破 EMA26
443,UBER,Uber,Industrials,Early,S&P 500,477,12.48,24.75,43.7,16.43,58.72,36.39,36.55,28.93,18.0,bearish_transition,21.35,fresh_bearish_cross_proxy,38.32,44.66,0.0,28,confirmed_bearish_trend,58,bullish_above_signal,38.53,67.650002,2.53,-0.05529952,-0.04313996,-0.08258742,-0.03714774,4H MACD 位于 Signal 上方,4H EMA 空头排列；4H RSI 偏弱
444,QCOM,Qualcomm,Information Technology,Early,S&P 500,487,12.28,25.21,46.1,7.62,58.72,46.3,47.55,27.4,15.0,bearish_transition,25.0,bearish_proxy,31.92,47.13,0.0,39,bearish_transition,72,fresh_below_zero_cross,43.3,158.509995,0.44,0.04578734,-0.01107408,-0.13297238,-0.21927796,4H MACD 刚金叉但仍需零轴确认；4H MACD 柱体连续扩张,4H EMA 转弱或跌破 EMA26
445,EBAY,eBay Inc.,Consumer Discretionary,Early,S&P 500,448,11.77,26.13,32.9,37.27,58.72,33.47,33.3,30.91,15.0,bearish_transition,25.0,bearish_proxy,43.48,47.45,0.0,22,confirmed_bearish_trend,50,mixed_or_bearish,43.06,109.389999,0.43,0.02119115,-0.05625139,-0.04621155,0.00593127,4H MACD 柱体连续扩张,4H EMA 空头排列；4H MACD 尚未确认多头
446,O,Realty Income,Real Estate,Early,S&P 500,423,11.71,26.4,25.9,54.91,58.72,35.54,35.6,31.69,15.0,bearish_transition,25.0,bearish_proxy,45.85,47.92,0.0,36,bearish_transition,42,mixed_or_bearish,34.6,62.290001,0.67,-0.01905510,-0.04987793,-0.02793385,0.01177620,,4H EMA 转弱或跌破 EMA26；4H MACD 尚未确认多头；4H RSI 偏弱
447,TPL,Texas Pacific Land Corporation,Energy,Early,S&P 500,447,11.25,26.27,32.9,33.47,58.72,29.15,28.5,30.92,15.0,bearish_transition,25.0,bearish_proxy,43.05,48.36,0.0,22,confirmed_bearish_trend,42,mixed_or_bearish,38.52,386.605011,0.45,-0.04887197,-0.00720319,-0.03522407,0.03569710,,4H EMA 空头排列；4H MACD 尚未确认多头；4H RSI 偏弱
448,NEE,NextEra Energy,Utilities,Early,S&P 500,427,11.23,26.22,25.9,52.1,58.72,29.87,29.3,31.48,15.0,bearish_transition,25.0,bearish_proxy,45.56,47.11,0.0,22,confirmed_bearish_trend,42,mixed_or_bearish,34.97,85.445,1.05,-0.01276722,-0.03853947,-0.03441065,-0.01099597,,4H EMA 空头排列；4H MACD 尚未确认多头；4H RSI 偏弱
449,PGR,Progressive Corporation,Financials,Early,S&P 500,481,11.14,25.48,40.9,13.23,58.72,39.14,39.6,28.61,15.0,bearish_transition,25.0,bearish_proxy,36.06,46.96,0.0,36,bearish_transition,50,mixed_or_bearish,47.66,212.279999,0.39,0.00903125,-0.03802057,-0.10073710,-0.01717675,4H MACD 柱体连续扩张,4H EMA 转弱或跌破 EMA26；4H MACD 尚未确认多头
450,SPGI,S&P Global,Financials,Early,S&P 500,446,10.9,26.41,32.9,30.86,58.72,39.14,39.6,30.92,15.0,bearish_transition,25.0,bearish_proxy,42.61,49.27,0.0,36,bearish_transition,50,mixed_or_bearish,41.39,414.130005,0.35,-0.00530814,-0.01399968,-0.06511654,0.08894827,4H MACD 柱体连续扩张,4H EMA 转弱或跌破 EMA26；4H MACD 尚未确认多头
451,MO,Altria,Consumer Staples,Early,S&P 500,425,10.78,26.5,25.9,48.5,58.72,32.03,31.7,31.59,15.0,bearish_transition,25.0,bearish_proxy,45.08,48.77,0.0,22,confirmed_bearish_trend,50,mixed_or_bearish,34.87,67.945,0.64,-0.00461474,-0.09839439,-0.06353801,-0.04417246,4H MACD 柱体连续扩张,4H EMA 空头排列；4H MACD 尚未确认多头；4H RSI 偏弱
452,CTVA,Corteva,Materials,Early,S&P 500,433,10.67,26.02,25.9,48.9,58.72,31.31,30.9,31.27,15.0,bearish_transition,25.0,bearish_proxy,45.36,46.07,0.0,22,confirmed_bearish_trend,50,mixed_or_bearish,37.81,79.82,0.5,0.04971066,-0.11266746,-0.07642468,0.00075223,4H MACD 柱体连续扩张,4H EMA 空头排列；4H MACD 尚未确认多头；4H RSI 偏弱
453,PNW,Pinnacle West Capital,Utilities,Early,S&P 500,459,10.6,25.89,32.9,30.06,58.72,31.31,30.9,30.49,15.0,bearish_transition,25.0,bearish_proxy,42.54,46.51,0.0,22,confirmed_bearish_trend,50,mixed_or_bearish,38.12,101.639999,0.53,0.00753372,-0.01382626,-0.06726624,-0.02222220,4H MACD 柱体连续扩张,4H EMA 空头排列；4H MACD 尚未确认多头；4H RSI 偏弱
454,UDR,"UDR, Inc.",Real Estate,Early,S&P 500,460,10.38,25.94,32.9,28.46,58.72,33.47,33.3,30.45,15.0,bearish_transition,25.0,bearish_proxy,42.19,46.94,0.0,22,confirmed_bearish_trend,50,mixed_or_bearish,43.5,38.560001,0.17,-0.00361757,-0.02392102,-0.06927345,0.01207357,4H MACD 柱体连续扩张,4H EMA 空头排列；4H MACD 尚未确认多头
455,TMUS,T-Mobile US,Communication Services,Early,S&P 500,463,10.08,25.95,32.9,26.45,58.72,31.31,30.9,30.28,15.0,bearish_transition,25.0,bearish_proxy,41.44,47.29,0.0,22,confirmed_bearish_trend,42,mixed_or_bearish,40.37,172.669998,0.52,-0.02495905,-0.04602211,-0.08041756,-0.05886523,,4H EMA 空头排列；4H MACD 尚未确认多头
456,LIN,Linde plc,Materials,Early,S&P 500,462,10.07,26.09,32.9,26.05,58.72,39.86,40.4,30.39,15.0,bearish_transition,25.0,bearish_proxy,41.43,48.04,0.0,36,bearish_transition,50,mixed_or_bearish,42.98,492.165009,0.65,0.02436211,-0.03549064,-0.08338919,-0.04622885,4H MACD 柱体连续扩张,4H EMA 转弱或跌破 EMA26；4H MACD 尚未确认多头
457,TSLA,"Tesla, Inc.",Consumer Discretionary,Early,S&P 500,497,9.98,23.62,43.7,2.4,58.72,44.68,45.75,24.24,15.0,bearish_transition,25.0,bearish_proxy,24.05,41.81,0.0,39,bearish_transition,66,bullish_above_signal,42.66,324.308014,0.38,0.00676661,0.07224535,-0.20314502,-0.15804609,4H MACD 位于 Signal 上方；4H MACD 柱体连续扩张,4H EMA 转弱或跌破 EMA26
458,KMI,Kinder Morgan,Energy,Early,S&P 500,432,9.72,26.4,25.9,41.68,58.72,29.15,28.5,31.3,15.0,bearish_transition,25.0,bearish_proxy,44.21,48.59,0.0,22,confirmed_bearish_trend,42,mixed_or_bearish,35.54,31.01,0.5,-0.01242038,-0.02591484,-0.03785293,-0.04097724,,4H EMA 空头排列；4H MACD 尚未确认多头；4H RSI 偏弱
459,AEE,Ameren,Utilities,Early,S&P 500,449,9.11,26.03,25.9,38.48,58.72,29.15,28.5,30.9,15.0,bearish_transition,25.0,bearish_proxy,43.78,46.76,0.0,22,confirmed_bearish_trend,42,mixed_or_bearish,35.04,107.684998,0.44,-0.01666518,-0.03096486,-0.06005328,-0.02969008,,4H EMA 空头排列；4H MACD 尚未确认多头；4H RSI 偏弱
460,ATO,Atmos Energy,Utilities,Early,S&P 500,437,9.01,26.5,25.9,36.67,58.72,31.31,30.9,31.19,15.0,bearish_transition,25.0,bearish_proxy,43.42,49.43,0.0,22,confirmed_bearish_trend,50,mixed_or_bearish,34.37,171.310104,0.39,-0.00931005,-0.04293355,-0.03647400,-0.00299139,4H MACD 柱体连续扩张,4H EMA 空头排列；4H MACD 尚未确认多头；4H RSI 偏弱
461,EVRG,Evergy,Utilities,Early,S&P 500,440,8.85,26.47,25.9,35.67,58.72,31.31,30.9,31.11,15.0,bearish_transition,25.0,bearish_proxy,43.17,49.38,0.0,22,confirmed_bearish_trend,50,mixed_or_bearish,36.92,83.040001,0.27,-0.00276205,-0.01588049,-0.04765180,-0.01576392,4H MACD 柱体连续扩张,4H EMA 空头排列；4H MACD 尚未确认多头；4H RSI 偏弱
462,PPL,PPL Corporation,Utilities,Early,S&P 500,450,7.79,26.37,25.9,28.86,58.72,29.15,28.5,30.8,15.0,bearish_transition,25.0,bearish_proxy,42.24,49.2,0.0,22,confirmed_bearish_trend,42,mixed_or_bearish,34.03,34.759998,0.35,-0.01250008,-0.03964642,-0.04741036,-0.03431035,,4H EMA 空头排列；4H MACD 尚未确认多头；4H RSI 偏弱
463,COIN,Coinbase,Financials,Early,S&P 500,483,7.43,25.43,32.9,10.02,58.72,33.47,33.3,28.04,15.0,bearish_transition,25.0,bearish_proxy,33.88,47.53,0.0,22,confirmed_bearish_trend,50,mixed_or_bearish,42.58,150.875,0.53,0.03007441,-0.08081515,-0.09463232,-0.05276870,4H MACD 柱体连续扩张,4H EMA 空头排列；4H MACD 尚未确认多头
464,VST,Vistra Corp.,Utilities,Early,S&P 500,466,6.63,26.14,25.9,21.64,58.72,29.87,29.3,30.12,15.0,bearish_transition,25.0,bearish_proxy,40.18,48.79,0.0,22,confirmed_bearish_trend,42,mixed_or_bearish,36.33,142.159897,0.75,-0.08836799,-0.01030425,-0.08822177,-0.13012150,,4H EMA 空头排列；4H MACD 尚未确认多头；4H RSI 偏弱
465,FICO,Fair Isaac,Information Technology,Early,S&P 500,493,6.51,24.86,32.9,5.21,58.72,31.31,30.9,26.57,15.0,bearish_transition,25.0,bearish_proxy,29.66,46.18,0.0,22,confirmed_bearish_trend,50,mixed_or_bearish,39.73,1097.425049,0.33,0.04933913,-0.21426167,-0.16744425,0.00287405,4H MACD 柱体连续扩张,4H EMA 空头排列；4H MACD 尚未确认多头；4H RSI 偏弱
466,KIM,Kimco Realty,Real Estate,Early,S&P 500,408,5.74,26.82,19.65,84.17,58.72,34.82,34.8,32.93,15.0,bearish_transition,25.0,bearish_proxy,49.61,48.67,0.0,36,bearish_transition,42,mixed_or_bearish,30.92,24.83,0.54,-0.02301794,-0.04738158,-0.02455313,-0.00739552,,4H EMA 转弱或跌破 EMA26；4H MACD 尚未确认多头；4H RSI 偏弱
467,CCI,Crown Castle,Real Estate,Early,S&P 500,476,5.39,24.99,22.3,25.65,58.72,26.9,26.0,29.01,15.0,bearish_transition,20.0,fresh_bearish_cross_proxy,41.4,47.28,0.0,22,confirmed_bearish_trend,28,fresh_bearish_cross,35.15,71.150002,1.18,-0.07260165,-0.06171700,-0.08003613,-0.15579019,,4H EMA 空头排列；4H MACD 最近死叉；4H RSI 偏弱
468,DUK,Duke Energy,Utilities,Early,S&P 500,415,4.47,26.85,25.9,58.92,58.72,29.87,29.3,32.21,15.0,bearish_transition,25.0,bearish_proxy,46.51,50.05,0.0,22,confirmed_bearish_trend,42,mixed_or_bearish,32.0,122.739998,0.61,-0.01215293,-0.05307821,-0.04363408,-0.01634878,,4H EMA 空头排列；4H MACD 尚未确认多头；4H RSI 偏弱
469,NXPI,NXP Semiconductors,Information Technology,Early,S&P 500,485,4.3,25.34,25.9,8.02,58.72,31.31,30.9,27.79,15.0,bearish_transition,25.0,bearish_proxy,33.12,47.37,0.0,22,confirmed_bearish_trend,50,mixed_or_bearish,35.13,230.330002,0.33,0.02747916,-0.05513395,-0.15444197,-0.23202857,4H MACD 柱体连续扩张,4H EMA 空头排列；4H MACD 尚未确认多头；4H RSI 偏弱
470,LII,Lennox International,Industrials,Early,S&P 500,490,3.95,25.03,25.9,6.41,58.72,36.98,37.2,27.08,15.0,bearish_transition,25.0,bearish_proxy,31.18,46.49,0.0,36,bearish_transition,50,mixed_or_bearish,37.4,451.595001,0.26,0.03795857,0.03005106,-0.18533187,-0.14319731,4H MACD 柱体连续扩张,4H EMA 转弱或跌破 EMA26；4H MACD 尚未确认多头；4H RSI 偏弱
471,GWW,W. W. Grainger,Industrials,Early,S&P 500,420,3.68,26.67,25.9,54.11,58.72,35.54,35.6,31.9,15.0,bearish_transition,25.0,bearish_proxy,45.8,49.41,0.0,36,bearish_transition,42,mixed_or_bearish,32.34,1297.814941,0.77,-0.05418107,-0.04991586,-0.03641794,-0.02490676,,4H EMA 转弱或跌破 EMA26；4H MACD 尚未确认多头；4H RSI 偏弱
472,SO,Southern Company,Utilities,Early,S&P 500,422,3.04,26.72,25.9,49.7,58.72,29.15,28.5,31.85,15.0,bearish_transition,25.0,bearish_proxy,45.41,49.83,0.0,22,confirmed_bearish_trend,42,mixed_or_bearish,32.38,92.25,0.42,-0.00742417,-0.04369456,-0.05180390,-0.02442891,,4H EMA 空头排列；4H MACD 尚未确认多头；4H RSI 偏弱
473,NRG,NRG Energy,Utilities,Early,S&P 500,492,2.47,25.06,22.3,6.01,58.72,26.9,26.0,26.97,15.0,bearish_transition,25.0,bearish_proxy,30.64,46.88,0.0,22,confirmed_bearish_trend,28,fresh_bearish_cross,35.2,118.805,1.32,-0.14145833,-0.04208830,-0.14343906,-0.14108593,,4H EMA 空头排列；4H MACD 最近死叉；4H RSI 偏弱
474,OKE,Oneok,Energy,Early,S&P 500,430,1.85,26.41,25.9,42.48,58.72,29.15,28.5,31.34,15.0,bearish_transition,25.0,bearish_proxy,44.32,48.61,0.0,22,confirmed_bearish_trend,42,mixed_or_bearish,33.87,85.43,0.43,-0.03206438,-0.05051401,-0.04552815,-0.02388022,,4H EMA 空头排列；4H MACD 尚未确认多头；4H RSI 偏弱
475,XEL,Xcel Energy,Utilities,Early,S&P 500,444,1.54,26.05,25.9,41.28,58.72,31.31,30.9,30.97,15.0,bearish_transition,25.0,bearish_proxy,44.01,46.8,0.0,22,confirmed_bearish_trend,50,mixed_or_bearish,32.64,77.239998,0.47,-0.00579230,-0.02523978,-0.04917835,-0.03086574,4H MACD 柱体连续扩张,4H EMA 空头排列；4H MACD 尚未确认多头；4H RSI 偏弱
476,WM,Waste Management,Industrials,Early,S&P 500,451,1.32,25.85,25.9,40.28,58.72,37.7,38.0,30.79,15.0,bearish_transition,25.0,bearish_proxy,43.92,45.78,0.0,36,bearish_transition,50,mixed_or_bearish,33.15,224.464996,0.6,-0.00898457,-0.05740441,-0.05060693,0.03024668,4H MACD 柱体连续扩张,4H EMA 转弱或跌破 EMA26；4H MACD 尚未确认多头；4H RSI 偏弱
477,ED,Consolidated Edison,Utilities,Early,S&P 500,455,0.48,25.95,25.9,34.47,58.72,29.87,29.3,30.68,15.0,bearish_transition,25.0,bearish_proxy,43.11,46.62,0.0,22,confirmed_bearish_trend,42,mixed_or_bearish,33.26,107.084999,0.57,-0.00801295,-0.04354234,-0.05502119,-0.00952688,,4H EMA 空头排列；4H MACD 尚未确认多头；4H RSI 偏弱
478,CHRW,C.H. Robinson,Industrials,Early,S&P 500,484,0,25.34,25.9,10.42,58.72,36.98,37.2,28.0,15.0,bearish_transition,25.0,bearish_proxy,33.97,47.04,0.0,36,bearish_transition,50,mixed_or_bearish,32.98,155.509995,0.16,0.05796306,-0.06924831,-0.18251591,-0.15637297,4H MACD 柱体连续扩张,4H EMA 转弱或跌破 EMA26；4H MACD 尚未确认多头；4H RSI 偏弱
479,ROL,"Rollins, Inc.",Industrials,Early,S&P 500,488,0,24.69,30.45,8.42,58.72,35.63,35.7,27.39,15.0,bearish_transition,25.0,bearish_proxy,33.61,43.72,0.0,22,confirmed_bearish_trend,66,bullish_above_signal,31.24,37.439999,0.2,-0.02002363,-0.03926102,-0.14364140,-0.15827340,4H MACD 位于 Signal 上方；4H MACD 柱体连续扩张,4H EMA 空头排列；4H RSI 偏弱
480,CVS,CVS Health,Health Care,Early,S&P 500,435,0,26.2,19.65,23.65,58.72,35.31,35.35,31.23,18.0,bearish_transition,26.35,bearish_proxy,41.05,46.21,0.0,36,bearish_transition,42,mixed_or_bearish,25.23,97.989899,3.09,-0.06995161,-0.08249161,-0.05186356,-0.03138538,,4H EMA 转弱或跌破 EMA26；4H MACD 尚未确认多头；4H RSI 偏弱
481,DVA,DaVita,Health Care,Early,S&P 500,489,0,24.73,19.65,5.61,58.72,35.31,35.35,27.33,18.0,bearish_transition,25.0,bearish_proxy,30.25,44.05,0.0,36,bearish_transition,42,mixed_or_bearish,13.57,184.119995,5.13,-0.21208490,-0.23601662,-0.21032771,-0.12904446,,4H EMA 转弱或跌破 EMA26；4H MACD 尚未确认多头；4H RSI 偏弱
482,D,Dominion Energy,Utilities,Early,S&P 500,458,0,25.89,25.9,30.46,58.72,34.82,34.8,30.5,15.0,bearish_transition,25.0,bearish_proxy,42.57,46.51,0.0,36,bearish_transition,42,mixed_or_bearish,33.74,68.129997,0.32,-0.00930638,-0.03430200,-0.03031604,-0.00438409,,4H EMA 转弱或跌破 EMA26；4H MACD 尚未确认多头；4H RSI 偏弱
483,PODD,Insulet Corporation,Health Care,Early,S&P 500,496,0,23.78,16.05,3.21,58.72,32.34,32.05,24.79,18.0,bearish_transition,20.0,fresh_bearish_cross_proxy,24.86,46.22,0.0,38,bearish_transition,28,fresh_bearish_cross,26.24,137.339996,4.41,-0.19068946,-0.19030775,-0.14708895,-0.04899074,,4H EMA 转弱或跌破 EMA26；4H MACD 最近死叉；4H RSI 偏弱
484,EIX,Edison International,Utilities,Early,S&P 500,443,0,26.46,19.65,34.07,58.72,30.68,30.2,31.07,15.0,bearish_transition,25.0,bearish_proxy,43.06,49.36,0.0,22,confirmed_bearish_trend,42,mixed_or_bearish,23.15,68.364998,1.38,-0.04331096,-0.13713246,-0.09749178,-0.06079136,,4H EMA 空头排列；4H MACD 尚未确认多头；4H RSI 偏弱
485,AEP,American Electric Power,Utilities,Early,S&P 500,468,0,26.09,19.65,19.64,58.72,30.68,30.2,29.97,15.0,bearish_transition,25.0,bearish_proxy,39.73,48.7,0.0,22,confirmed_bearish_trend,42,mixed_or_bearish,30.44,126.339996,2.01,-0.01558361,-0.03461450,-0.08559202,-0.04533777,,4H EMA 空头排列；4H MACD 尚未确认多头；4H RSI 偏弱
486,NI,NiSource,Utilities,Early,S&P 500,469,0,25.61,19.65,15.63,58.72,30.68,30.2,29.93,18.0,bearish_transition,25.0,bearish_proxy,38.11,45.62,0.0,22,confirmed_bearish_trend,42,mixed_or_bearish,18.55,42.099998,2.43,-0.05478228,-0.06713944,-0.11321749,-0.10463637,,4H EMA 空头排列；4H MACD 尚未确认多头；4H RSI 偏弱
487,APTV,Aptiv,Consumer Discretionary,Early,S&P 500,491,0,24.76,19.65,7.21,58.72,30.68,30.2,26.99,15.0,bearish_transition,25.0,bearish_proxy,31.72,44.84,0.0,22,confirmed_bearish_trend,42,mixed_or_bearish,23.12,47.154999,1.75,-0.17647571,-0.19379386,-0.20319366,-0.23863731,,4H EMA 空头排列；4H MACD 尚未确认多头；4H RSI 偏弱
488,CI,Cigna,Health Care,Early,S&P 500,439,0,26.1,19.65,44.09,58.72,29.87,29.3,31.12,15.0,bearish_transition,25.0,bearish_proxy,44.46,46.89,0.0,22,confirmed_bearish_trend,42,mixed_or_bearish,30.95,270.049988,0.93,-0.04257963,-0.09214686,-0.05385055,-0.04076017,,4H EMA 空头排列；4H MACD 尚未确认多头；4H RSI 偏弱
489,CNP,CenterPoint Energy,Utilities,Early,S&P 500,471,0,25.63,19.65,22.44,58.72,29.87,29.3,29.74,15.0,bearish_transition,25.0,bearish_proxy,40.27,46.05,0.0,22,confirmed_bearish_trend,42,mixed_or_bearish,24.29,40.404999,0.91,-0.03614025,-0.07157631,-0.09324511,-0.06975946,,4H EMA 空头排列；4H MACD 尚未确认多头；4H RSI 偏弱
490,RSG,Republic Services,Industrials,Early,S&P 500,473,0,25.41,25.9,20.04,58.72,29.87,29.3,29.5,15.0,bearish_transition,25.0,bearish_proxy,39.99,45.0,0.0,22,confirmed_bearish_trend,42,mixed_or_bearish,32.77,206.339996,0.59,-0.01564736,-0.06502336,-0.06780067,-0.00812384,,4H EMA 空头排列；4H MACD 尚未确认多头；4H RSI 偏弱
491,SRE,Sempra,Utilities,Early,S&P 500,474,0,25.4,19.65,16.03,58.72,29.87,29.3,29.07,15.0,bearish_transition,25.0,bearish_proxy,38.23,45.65,0.0,22,confirmed_bearish_trend,42,mixed_or_bearish,20.39,85.099998,0.61,-0.03019945,-0.04932135,-0.10073847,-0.07409428,,4H EMA 空头排列；4H MACD 尚未确认多头；4H RSI 偏弱
492,ON,ON Semiconductor,Information Technology,Early,S&P 500,495,0,24.34,25.9,2.81,58.72,29.87,29.3,24.85,15.0,bearish_transition,25.0,bearish_proxy,24.22,45.59,0.0,22,confirmed_bearish_trend,42,mixed_or_bearish,33.5,77.415001,0.79,-0.03760568,-0.03658767,-0.14839666,-0.34736976,,4H EMA 空头排列；4H MACD 尚未确认多头；4H RSI 偏弱
493,PEG,Public Service Enterprise Group,Utilities,Early,S&P 500,453,0,26.34,19.65,27.66,58.72,29.15,28.5,30.73,15.0,bearish_transition,25.0,bearish_proxy,42.03,49.16,0.0,22,confirmed_bearish_trend,42,mixed_or_bearish,25.17,75.150002,0.43,-0.01918560,-0.03752561,-0.08342476,-0.07666786,,4H EMA 空头排列；4H MACD 尚未确认多头；4H RSI 偏弱
494,TRGP,Targa Resources,Energy,Early,S&P 500,454,0,26.19,25.9,29.26,58.72,29.15,28.5,30.69,15.0,bearish_transition,25.0,bearish_proxy,42.37,48.22,0.0,22,confirmed_bearish_trend,42,mixed_or_bearish,32.41,258.640015,0.31,-0.02263534,-0.02838142,-0.04004743,-0.03185469,,4H EMA 空头排列；4H MACD 尚未确认多头；4H RSI 偏弱
495,ETR,Entergy,Utilities,Early,S&P 500,465,0,26.14,19.65,22.04,58.72,29.15,28.5,30.13,15.0,bearish_transition,25.0,bearish_proxy,40.21,48.79,0.0,22,confirmed_bearish_trend,42,mixed_or_bearish,30.29,106.75,0.39,-0.01203149,-0.02444599,-0.07395361,-0.05760319,,4H EMA 空头排列；4H MACD 尚未确认多头；4H RSI 偏弱
496,CMS,CMS Energy,Utilities,Early,S&P 500,467,0,25.75,19.65,24.85,58.72,29.15,28.5,30.08,15.0,bearish_transition,25.0,bearish_proxy,41.31,46.26,0.0,22,confirmed_bearish_trend,42,mixed_or_bearish,29.83,70.870003,0.3,-0.01226477,-0.04898006,-0.07949078,-0.05171604,,4H EMA 空头排列；4H MACD 尚未确认多头；4H RSI 偏弱
497,WEC,WEC Energy Group,Utilities,Early,S&P 500,470,0,26.01,19.65,18.04,58.72,29.15,28.5,29.76,15.0,bearish_transition,25.0,bearish_proxy,39.07,48.56,0.0,22,confirmed_bearish_trend,42,mixed_or_bearish,30.14,108.07,0.37,-0.01107247,-0.03327669,-0.08570218,-0.05516696,,4H EMA 空头排列；4H MACD 尚未确认多头；4H RSI 偏弱
498,LNT,Alliant Energy,Utilities,Early,S&P 500,472,0,26.0,19.65,17.64,58.72,29.15,28.5,29.72,15.0,bearish_transition,25.0,bearish_proxy,38.97,48.54,0.0,22,confirmed_bearish_trend,42,mixed_or_bearish,28.96,70.040001,0.39,-0.01739616,-0.03259670,-0.09904807,-0.05459942,,4H EMA 空头排列；4H MACD 尚未确认多头；4H RSI 偏弱
499,DTE,DTE Energy,Utilities,Early,S&P 500,478,0,25.35,19.65,14.83,58.72,29.15,28.5,28.91,15.0,bearish_transition,25.0,bearish_proxy,37.76,45.55,0.0,22,confirmed_bearish_trend,42,mixed_or_bearish,26.92,139.164993,0.38,-0.01802856,-0.03528482,-0.09256004,-0.06248322,,4H EMA 空头排列；4H MACD 尚未确认多头；4H RSI 偏弱
