rank,ticker,name,sector,daily_strategy,daily_universe,daily_rank,calibrated_score,daily_setup_score,h4_timing_score,cat_mid_score,risk_score,4h_signal_score,4h_technical_score,early_signal_score,daily_ema_score,daily_ema_state,daily_macd_score,daily_macd_state,cat_score,prism_score,overheat_penalty,ema_score,ema_state,macd_score,macd_state,rsi14,latest_price,volume_ratio,return_3_blocks,return_1w,return_1m,return_60_blocks,reasons,risks
1,AVT,"Avnet, Inc. - Common Stock",,Early,Nasdaq Liquid 500,10,91.99,75.32,90.4,80.8,53.5,75.79,73.1,68.38,100.0,fresh_bullish_cross,71.8,fresh_below_zero_cross_proxy,45.56,45.11,0.0,94,fresh_bullish_cross,66,bullish_above_signal,61.81,89.849998,0.9,0.05136905,0.04391772,-0.01759260,0.03513819,4H EMA9/26 最近金叉且价格在 EMA50 上方；4H MACD 位于 Signal 上方；4H MACD 柱体连续扩张；4H RSI 位于健康强势区间,
2,MAT,"Mattel, Inc. - Common Stock",,Early,Nasdaq Liquid 500,72,90.72,73.39,87.7,84.0,53.5,66.58,66.2,60.14,82.0,early_transition,49.8,bullish_below_zero_proxy,53.6,46.72,0.0,76,early_transition,70,bullish_above_signal,55.95,14.2,0.93,-0.00455661,0.03801170,0.01139601,0.00780696,4H EMA9 已站上 EMA26，等待 26/50 确认；4H MACD 位于 Signal 上方；4H RSI 位于健康强势区间,
3,VNOM,"Viper Energy, Inc.  - Class A Common Stock",,Early,Nasdaq Liquid 500,27,90.6,72.19,87.7,86.0,53.5,63.22,60.8,65.57,100.0,fresh_bullish_cross,49.8,bullish_below_zero_proxy,53.25,47.65,0.0,64,early_transition,70,bullish_above_signal,66.34,44.860001,0.68,-0.00100207,0.04325584,0.03842593,-0.01319837,4H EMA9 已站上 EMA26，等待 26/50 确认；4H MACD 位于 Signal 上方；4H RSI 位于健康强势区间,4H 相对 EMA26 超过 2 ATR，短线偏追高
4,COIN,Coinbase,Financials,Early,Nasdaq Liquid 500,11,90.24,73.75,95.5,59.2,53.5,75.25,72.5,68.22,100.0,fresh_bullish_cross,51.15,bullish_below_zero_proxy,58.55,52.46,0.0,76,early_transition,88,fresh_above_zero_cross,62.49,175.850006,1.34,0.08098972,0.08858495,0.07738025,0.15311479,4H EMA9 已站上 EMA26，等待 26/50 确认；4H MACD 零轴上方刚金叉；4H MACD 柱体连续扩张；4H RSI 位于健康强势区间,
5,APA,APA Corporation,Energy,Early,Nasdaq Liquid 500,13,87.07,73.27,87.7,60.0,53.5,71.74,68.6,67.64,100.0,fresh_bullish_cross,49.8,bullish_below_zero_proxy,58.25,51.4,0.0,76,early_transition,78,bullish_above_signal,63.15,35.77,0.68,0.01561610,0.03651122,0.08311878,-0.02187585,4H EMA9 已站上 EMA26，等待 26/50 确认；4H MACD 位于 Signal 上方；4H MACD 柱体连续扩张；4H RSI 位于健康强势区间,
6,TWST,TWIST BIOSCIENCE CORP,Health Care,Early,Nasdaq Liquid 500,161,84.13,54.49,98.2,96.2,53.5,76.73,79.7,50.32,72.0,confirmed_bullish_trend,25.0,bearish_proxy,50.82,48.16,0.0,94,fresh_bullish_cross,88,fresh_above_zero_cross,56.75,95.860001,0.66,0.04937172,0.03643640,0.09616929,0.38606124,4H EMA9/26 最近金叉且价格在 EMA50 上方；4H MACD 零轴上方刚金叉；4H MACD 柱体连续扩张；4H RSI 位于健康强势区间,
7,LNTH,LANTHEUS HOLDINGS INC,Health Care,Early,Nasdaq Liquid 500,157,79.8,54.72,90.4,87.6,53.5,71.6,74.0,50.99,72.0,confirmed_bullish_trend,25.0,bearish_proxy,52.86,48.57,0.0,94,fresh_bullish_cross,66,bullish_above_signal,56.6,107.949997,1.17,0.01192847,0.05450810,0.03917982,0.07050775,4H EMA9/26 最近金叉且价格在 EMA50 上方；4H MACD 位于 Signal 上方；4H MACD 柱体连续扩张；4H RSI 位于健康强势区间,
8,FRPT,"Freshpet, Inc. - Common Stock",,Early,Nasdaq Liquid 500,46,79.5,75.81,75.1,77.2,53.5,80.77,80.3,63.53,82.0,early_transition,61.8,bullish_above_signal_proxy,54.78,46.96,0.0,100,confirmed_bullish_trend,78,bullish_above_signal,61.52,58.619999,1.39,0.03131596,0.08015476,0.06639982,0.17805469,4H EMA 多头排列已连续维持；4H MACD 位于 Signal 上方；4H MACD 柱体连续扩张；4H RSI 位于健康强势区间,
9,HST,Host Hotels & Resorts,Real Estate,Early,Nasdaq Liquid 500,6,77.97,79.13,65.2,85.6,53.5,56.35,51.5,73.35,100.0,fresh_bullish_cross,88.8,fresh_above_zero_cross_proxy,46.58,47.82,0.0,46,mixed_sideways,66,bullish_above_signal,66.35,24.440001,0.69,0.01727371,0.04578519,-0.02200876,-0.00731113,4H MACD 位于 Signal 上方；4H MACD 柱体连续扩张；4H RSI 位于健康强势区间,4H EMA 仍偏震荡；4H 相对 EMA26 超过 2 ATR，短线偏追高
10,CZR,"Caesars Entertainment, Inc. - Common Stock",,Early,Nasdaq Liquid 500,167,77.1,54.03,79.6,100,53.5,64.04,65.6,49.76,72.0,confirmed_bullish_trend,25.0,bearish_proxy,50.02,46.0,0.0,88,fresh_bullish_cross,50,mixed_or_bearish,53.71,30.030001,0.59,0.00619876,0.00603018,0.02772081,0.02807265,4H EMA9/26 最近金叉且价格在 EMA50 上方；4H MACD 柱体连续扩张；4H RSI 位于健康强势区间,4H MACD 尚未确认多头
11,TMUS,T-Mobile US,Communication Services,Early,Nasdaq Liquid 500,47,76.88,76.21,65.2,85.2,53.5,60.79,58.1,63.52,82.0,early_transition,61.8,bullish_above_signal_proxy,53.4,49.68,0.0,58,mixed_sideways,70,bullish_above_signal,55.97,190.770004,0.81,-0.01852133,0.01945171,0.05032208,0.07101959,4H MACD 位于 Signal 上方；4H RSI 位于健康强势区间,4H EMA 仍偏震荡
12,DPZ,Domino's,Consumer Discretionary,Early,Nasdaq Liquid 500,29,76.79,76.79,75.1,56.8,53.5,77.8,77.0,65.32,82.0,early_transition,61.8,bullish_above_signal_proxy,58.97,50.54,0.0,100,confirmed_bullish_trend,70,bullish_above_signal,61.87,326.339996,0.74,-0.00705899,0.05298136,0.04455535,0.03913392,4H EMA 多头排列已连续维持；4H MACD 位于 Signal 上方；4H RSI 位于健康强势区间,
13,BNTX,BioNTech SE - American Depositary Shares,,Early,Nasdaq Liquid 500,82,76.36,67.0,67.6,96.8,53.5,59.11,57.9,58.38,100.0,fresh_bullish_cross,25.0,bearish_proxy,50.69,46.14,0.0,58,mixed_sideways,72,fresh_below_zero_cross,52.15,92.330002,0.48,0.00380516,0.02134956,0.01539648,0.04801367,4H MACD 刚金叉但仍需零轴确认；4H MACD 柱体连续扩张；4H RSI 位于健康强势区间,4H EMA 仍偏震荡
14,MSFT,Microsoft,Information Technology,Early,Nasdaq Liquid 500,66,75.6,74.25,65.2,81.2,53.5,58.57,57.3,60.96,82.0,early_transition,49.8,bullish_below_zero_proxy,54.17,51.08,0.0,58,mixed_sideways,70,bullish_above_signal,55.5,397.75,0.44,-0.01030136,0.03325104,0.04933389,-0.04543053,4H MACD 位于 Signal 上方；4H RSI 位于健康强势区间,4H EMA 仍偏震荡
15,NVDA,Nvidia,Information Technology,Early,Nasdaq Liquid 500,105,75.18,59.18,76.9,82.4,53.5,55.22,55.8,55.34,72.0,confirmed_bullish_trend,49.8,bullish_below_zero_proxy,45.99,49.95,0.0,68,early_transition,50,mixed_or_bearish,53.98,207.289993,0.53,0.01717454,-0.02129372,-0.01398470,0.01065307,4H EMA9 已站上 EMA26，等待 26/50 确认；4H MACD 柱体连续扩张；4H RSI 位于健康强势区间,4H MACD 尚未确认多头
16,IBKR,Interactive Brokers,Financials,Early,Nasdaq Liquid 500,163,75.17,54.34,79.6,86.4,53.5,64.85,66.5,50.09,75.0,confirmed_bullish_trend,26.35,bearish_proxy,46.83,46.37,0.0,88,fresh_bullish_cross,50,mixed_or_bearish,52.86,94.419998,1.29,0.02430026,-0.01265292,-0.01645835,0.11898556,4H EMA9/26 最近金叉且价格在 EMA50 上方；4H MACD 柱体连续扩张；4H RSI 位于健康强势区间,4H MACD 尚未确认多头
17,TPG,TPG Inc. - Class A Common Stock,,Early,Nasdaq Liquid 500,56,74.18,75.26,54.4,98.2,53.5,50.52,48.35,61.93,82.0,early_transition,61.8,bullish_above_signal_proxy,49.95,45.99,0.0,55,mixed_sideways,42,mixed_or_bearish,50.26,42.84,0.86,0.00116847,-0.00695408,0.01902947,0.04043718,4H RSI 位于健康强势区间,4H EMA 仍偏震荡；4H MACD 尚未确认多头
18,AMZN,Amazon,Consumer Discretionary,Early,Nasdaq Liquid 500,77,73.47,73.47,54.4,97.6,53.5,50.52,48.35,59.28,82.0,early_transition,49.8,bullish_below_zero_proxy,49.76,48.7,0.0,55,mixed_sideways,42,mixed_or_bearish,50.43,247.550003,0.58,-0.01153969,0.00020203,0.01308565,0.00642356,4H RSI 位于健康强势区间,4H EMA 仍偏震荡；4H MACD 尚未确认多头
19,FIVE,"Five Below, Inc. - Common Stock",,Early,Nasdaq Liquid 500,62,73.36,73.76,65.2,67.4,53.5,59.29,58.1,61.22,82.0,early_transition,49.8,bullish_below_zero_proxy,56.87,47.37,0.0,58,mixed_sideways,70,bullish_above_signal,64.62,203.710007,0.95,-0.00454453,0.05456339,0.05053892,0.07001787,4H MACD 位于 Signal 上方；4H RSI 位于健康强势区间,4H EMA 仍偏震荡
20,CHRD,Chord Energy Corporation - Common Stock,,Early,Nasdaq Liquid 500,93,73.34,69.94,72.7,48.0,5.8,61.9,61.0,56.86,100.0,fresh_bullish_cross,47.55,bullish_below_zero_proxy,60.25,49.05,10.46,64,early_transition,78,bullish_above_signal,74.64,134.190002,0.92,0.03298567,0.09996310,0.09048801,-0.00400797,4H EMA9 已站上 EMA26，等待 26/50 确认；4H MACD 位于 Signal 上方；4H MACD 柱体连续扩张,4H 相对 EMA26 超过 2 ATR，短线偏追高；4H RSI 偏热
21,ASML,ASML Holding N.V. - New York Registry Shares,,Early,Nasdaq Liquid 500,98,73.22,66.26,67.6,77.6,53.5,55.87,54.3,56.21,100.0,fresh_bullish_cross,25.0,bearish_proxy,44.13,44.83,0.0,50,mixed_sideways,72,fresh_below_zero_cross,51.61,1801.51001,0.49,0.03771225,0.01477512,-0.06623163,0.09787251,4H MACD 刚金叉但仍需零轴确认；4H MACD 柱体连续扩张；4H RSI 位于健康强势区间,4H EMA 仍偏震荡
22,ULTA,Ulta Beauty,Consumer Discretionary,Early,Nasdaq Liquid 500,58,72.92,74.32,65.2,63.2,53.5,60.1,59.0,61.76,82.0,early_transition,49.8,bullish_below_zero_proxy,57.28,50.21,0.0,58,mixed_sideways,70,bullish_above_signal,65.17,489.470001,1.19,0.00923733,0.04280113,0.07328147,0.04798099,4H MACD 位于 Signal 上方；4H RSI 位于健康强势区间,4H EMA 仍偏震荡
23,PLTR,Palantir Technologies,Information Technology,Early,Nasdaq Liquid 500,73,71.64,73.92,50.8,94.0,53.5,47.23,44.7,60.0,82.0,early_transition,49.8,bullish_below_zero_proxy,51.24,50.5,0.0,58,mixed_sideways,28,fresh_bearish_cross,53.32,132.660004,0.32,-0.02023626,-0.00807538,0.03245388,-0.02132054,4H RSI 位于健康强势区间,4H EMA 仍偏震荡；4H MACD 最近死叉
24,LSTR,"Landstar System, Inc. - Common Stock",,Early,Nasdaq Liquid 500,20,71.51,66.52,75.1,85.6,53.5,81.46,79.4,66.8,72.0,confirmed_bullish_trend,88.8,fresh_above_zero_cross_proxy,53.35,46.67,0.0,100,confirmed_bullish_trend,78,bullish_above_signal,59.18,214.210007,0.95,0.00790480,0.01329240,0.03353282,-0.01761062,4H EMA 多头排列已连续维持；4H MACD 位于 Signal 上方；4H MACD 柱体连续扩张；4H RSI 位于健康强势区间,
25,SSNC,"SS&C Technologies Holdings, Inc. - Common Stock",,Early,Nasdaq Liquid 500,52,71.1,75.63,50.8,86.4,53.5,47.55,45.05,63.01,82.0,early_transition,61.8,bullish_above_signal_proxy,53.2,46.64,0.0,55,mixed_sideways,28,fresh_bearish_cross,51.11,67.919998,1.12,-0.02950637,0.01691866,0.03821461,-0.02846525,4H RSI 位于健康强势区间,4H EMA 仍偏震荡；4H MACD 最近死叉
26,VSAT,VIASAT INC,Information Technology,Early,Nasdaq Liquid 500,63,70.98,68.1,67.6,58.4,53.5,57.81,56.45,61.19,100.0,fresh_bullish_cross,25.0,bearish_proxy,58.77,48.75,0.0,53,mixed_sideways,72,fresh_below_zero_cross,52.95,73.690002,0.78,0.02998119,0.05482395,0.14853487,0.09723046,4H MACD 刚金叉但仍需零轴确认；4H MACD 柱体连续扩张；4H RSI 位于健康强势区间,4H EMA 仍偏震荡
27,CASY,Casey's,Consumer Staples,Early,Nasdaq Liquid 500,78,70.95,61.56,75.1,93.4,53.5,76.3,77.0,59.05,72.0,confirmed_bullish_trend,61.8,bullish_above_signal_proxy,48.58,49.47,0.0,100,confirmed_bullish_trend,70,bullish_above_signal,58.38,858.26001,0.69,-0.00381867,0.01259656,0.01965029,0.12673954,4H EMA 多头排列已连续维持；4H MACD 位于 Signal 上方；4H RSI 位于健康强势区间,
28,LCID,LUCID GROUP INC,Consumer Discretionary,Early,Nasdaq Liquid 500,5,70.43,79.38,75.1,8.4,53.5,78.58,76.2,73.6,82.0,early_transition,61.8,bullish_above_signal_proxy,84.84,53.97,0.0,100,confirmed_bullish_trend,70,bullish_above_signal,61.99,7.32,0.2,0.01035197,0.58613218,0.37078652,0.43108504,4H EMA 多头排列已连续维持；4H MACD 位于 Signal 上方；4H RSI 位于健康强势区间,
29,FSLY,FASTLY INC CLASS A,Information Technology,Early,Nasdaq Liquid 500,30,70.27,76.53,60.7,52.4,53.5,66.46,64.4,65.25,82.0,early_transition,61.8,bullish_above_signal_proxy,59.55,48.91,0.0,100,confirmed_bullish_trend,28,fresh_bearish_cross,58.01,20.73,0.73,-0.01002870,-0.00860832,0.16004470,0.14815840,4H EMA 多头排列已连续维持；4H RSI 位于健康强势区间,4H MACD 最近死叉
30,SNY,Sanofi - American Depositary Shares,,Early,Nasdaq Liquid 500,49,69.96,75.79,50.8,78.4,53.5,48.73,44.7,63.48,82.0,early_transition,61.8,bullish_above_signal_proxy,54.62,46.92,0.0,58,mixed_sideways,28,fresh_bearish_cross,52.21,43.75,0.51,-0.00534275,0.01331792,0.03269203,-0.02820968,4H RSI 位于健康强势区间,4H EMA 仍偏震荡；4H MACD 最近死叉
31,PDD,PDD Holdings Inc. - American Depositary Shares,,Early,Nasdaq Liquid 500,65,69.47,73.7,54.4,70.4,53.5,49.8,47.55,61.05,82.0,early_transition,49.8,bullish_below_zero_proxy,56.35,47.27,0.0,55,mixed_sideways,42,mixed_or_bearish,52.48,84.830002,0.41,-0.02032560,0.01120519,0.06650743,-0.00293841,4H RSI 位于健康强势区间,4H EMA 仍偏震荡；4H MACD 尚未确认多头
32,LASR,NLIGHT INC,Information Technology,Early,Nasdaq Liquid 500,97,69.44,59.05,73.0,94.8,53.5,63.43,62.7,56.48,72.0,confirmed_bullish_trend,49.8,bullish_below_zero_proxy,51.16,47.23,0.0,58,mixed_sideways,88,fresh_above_zero_cross,60.97,75.230003,0.54,0.10186746,0.05260951,0.16239187,0.14201143,4H MACD 零轴上方刚金叉；4H MACD 柱体连续扩张；4H RSI 位于健康强势区间,4H EMA 仍偏震荡
33,ROIV,Roivant Sciences Ltd. - Common Shares,,Early,Nasdaq Liquid 500,124,69.14,55.28,79.6,44.0,53.5,64.85,66.5,53.43,72.0,confirmed_bullish_trend,25.0,bearish_proxy,61.15,48.23,0.0,88,fresh_bullish_cross,50,mixed_or_bearish,53.17,34.959999,1.36,0.01701815,0.00100215,0.11337576,0.22387529,4H EMA9/26 最近金叉且价格在 EMA50 上方；4H MACD 柱体连续扩张；4H RSI 位于健康强势区间,4H MACD 尚未确认多头
34,ODFL,Old Dominion,Industrials,Early,Nasdaq Liquid 500,70,68.52,61.75,75.1,76.8,53.5,77.11,77.9,60.7,72.0,confirmed_bullish_trend,61.8,bullish_above_signal_proxy,54.84,47.97,0.0,100,confirmed_bullish_trend,70,bullish_above_signal,60.31,234.789993,1.09,0.01909803,0.02640434,0.06254239,-0.03223283,4H EMA 多头排列已连续维持；4H MACD 位于 Signal 上方；4H RSI 位于健康强势区间,
35,URBN,URBAN OUTFITTERS INC,Consumer Discretionary,Early,Nasdaq Liquid 500,110,68.28,58.48,75.1,82.8,53.5,75.11,77.9,54.79,72.0,confirmed_bullish_trend,49.8,bullish_below_zero_proxy,46.03,46.21,0.0,100,confirmed_bullish_trend,70,bullish_above_signal,55.66,73.739998,1.37,-0.02884238,0.05012813,-0.03456401,0.03465695,4H EMA 多头排列已连续维持；4H MACD 位于 Signal 上方；4H RSI 位于健康强势区间,
36,FANG,Diamondback Energy,Energy,Early,Nasdaq Liquid 500,148,67.82,71.65,67.1,61.6,6.6,70.03,72.25,51.55,82.0,early_transition,47.55,bullish_below_zero_proxy,57.93,51.34,10.02,89,confirmed_bullish_trend,78,bullish_above_signal,70.28,199.800003,0.82,0.01267106,0.04788380,0.08870967,0.03738316,4H EMA 多头排列已连续维持；4H MACD 位于 Signal 上方；4H MACD 柱体连续扩张,4H 相对 EMA26 超过 2 ATR，短线偏追高；4H RSI 偏热
37,ICHR,ICHOR HOLDINGS LTD,Information Technology,Early,Nasdaq Liquid 500,151,67.71,64.73,67.6,44.4,53.5,55.81,56.45,51.31,100.0,fresh_bullish_cross,25.0,bearish_proxy,28.83,42.77,0.0,53,mixed_sideways,72,fresh_below_zero_cross,55.47,95.849998,0.63,0.14324908,0.01022345,-0.02759462,0.52505968,4H MACD 刚金叉但仍需零轴确认；4H MACD 柱体连续扩张；4H RSI 位于健康强势区间,4H EMA 仍偏震荡
38,VOD,Vodafone Group Plc - American Depositary Shares each representing ten Ordinary Shares,,Early,Nasdaq Liquid 500,34,67.45,76.17,50.8,60.8,53.5,48.73,44.7,64.59,82.0,early_transition,61.8,bullish_above_signal_proxy,58.01,47.6,0.0,58,mixed_sideways,28,fresh_bearish_cross,60.15,15.27,0.26,-0.00682927,-0.01737452,0.06783217,0.03842231,4H RSI 位于健康强势区间,4H EMA 仍偏震荡；4H MACD 最近死叉
39,AKAM,Akamai Technologies,Information Technology,Early,Nasdaq Liquid 500,182,67.41,44.35,98.2,88.4,53.5,76.73,79.7,45.88,38.0,mixed_sideways,51.15,bullish_below_zero_proxy,47.45,49.74,0.0,92,fresh_bullish_cross,88,fresh_above_zero_cross,55.35,124.910004,1.64,0.00644592,-0.00943691,0.00000000,-0.16341835,4H EMA9/26 最近金叉且价格在 EMA50 上方；4H MACD 零轴上方刚金叉；4H MACD 柱体连续扩张；4H RSI 位于健康强势区间,
40,ROST,Ross Stores,Consumer Discretionary,Early,Nasdaq Liquid 500,100,67.11,59.14,67.1,94.8,53.5,69.86,69.85,56.04,72.0,confirmed_bullish_trend,49.8,bullish_below_zero_proxy,49.03,48.56,0.0,89,confirmed_bullish_trend,70,bullish_above_signal,73.57,235.809998,0.8,0.00301996,0.06754493,0.01297309,0.02374751,4H EMA 多头排列已连续维持；4H MACD 位于 Signal 上方,4H 相对 EMA26 超过 2 ATR，短线偏追高；4H RSI 偏热
41,REG,Regency Centers,Real Estate,Early,Nasdaq Liquid 500,59,66.84,62.34,75.1,64.2,53.5,77.11,77.9,61.74,72.0,confirmed_bullish_trend,61.8,bullish_above_signal_proxy,57.21,50.19,0.0,100,confirmed_bullish_trend,70,bullish_above_signal,59.44,82.089996,1.31,-0.00085209,0.02210040,0.06790676,0.05636336,4H EMA 多头排列已连续维持；4H MACD 位于 Signal 上方；4H RSI 位于健康强势区间,
42,XP,XP Inc. - Class A Common Stock,,Early,Nasdaq Liquid 500,32,66.68,76.29,50.8,55.4,53.5,48.73,44.7,64.96,82.0,early_transition,61.8,bullish_above_signal_proxy,59.12,47.82,0.0,58,mixed_sideways,28,fresh_bearish_cross,55.12,16.85,0.31,-0.00853198,-0.00148148,0.10202747,0.09915199,4H RSI 位于健康强势区间,4H EMA 仍偏震荡；4H MACD 最近死叉
43,REGN,Regeneron Pharmaceuticals,Health Care,Early,Nasdaq Liquid 500,24,66.54,77.34,50.8,52.0,53.5,49.45,45.5,65.93,82.0,early_transition,61.8,bullish_above_signal_proxy,59.66,53.18,0.0,58,mixed_sideways,28,fresh_bearish_cross,61.02,675.190002,0.7,-0.00607962,0.02908052,0.10674184,0.06293978,4H RSI 位于健康强势区间,4H EMA 仍偏震荡；4H MACD 最近死叉
44,SYRE,SPYRE THERAPEUTICS INC,Health Care,Early,Nasdaq Liquid 500,9,65.72,67.64,73.0,50.0,53.5,66.43,62.7,69.28,72.0,confirmed_bullish_trend,88.8,fresh_above_zero_cross_proxy,59.95,49.99,0.0,58,mixed_sideways,88,fresh_above_zero_cross,59.13,102.699997,0.52,0.03262777,0.03789793,0.16347571,0.39566486,4H MACD 零轴上方刚金叉；4H MACD 柱体连续扩张；4H RSI 位于健康强势区间,4H EMA 仍偏震荡
45,ENSG,"The Ensign Group, Inc. - Common Stock",,Early,Nasdaq Liquid 500,28,65.68,76.42,50.8,48.4,53.5,49.45,45.5,65.32,82.0,early_transition,61.8,bullish_above_signal_proxy,60.22,48.04,0.0,58,mixed_sideways,28,fresh_bearish_cross,55.21,170.869995,0.83,-0.00775128,0.02415487,0.11236244,0.00358276,4H RSI 位于健康强势区间,4H EMA 仍偏震荡；4H MACD 最近死叉
46,ADSK,Autodesk,Information Technology,Early,Nasdaq Liquid 500,53,65.45,74.9,50.8,50.4,53.5,47.95,45.5,62.87,82.0,early_transition,49.8,bullish_below_zero_proxy,59.94,52.24,0.0,58,mixed_sideways,28,fresh_bearish_cross,50.66,211.149994,0.92,-0.03414684,0.02544796,0.09011583,-0.08171700,4H RSI 位于健康强势区间,4H EMA 仍偏震荡；4H MACD 最近死叉
47,JD,"JD.com, Inc. - American Depositary Shares",,Early,Nasdaq Liquid 500,131,65.22,73.04,67.1,42.8,4.0,67.86,69.85,52.78,82.0,early_transition,59.55,bullish_above_signal_proxy,61.69,48.34,12.47,89,confirmed_bullish_trend,70,bullish_above_signal,73.21,30.43,0.62,-0.00782524,0.05531476,0.10373594,0.05440052,4H EMA 多头排列已连续维持；4H MACD 位于 Signal 上方,4H 相对 EMA26 超过 2 ATR，短线偏追高；4H RSI 偏热
48,PODD,Insulet Corporation,Health Care,Early,Nasdaq Liquid 500,17,64.06,77.79,50.8,34.4,53.5,50.95,45.5,67.26,82.0,early_transition,61.8,bullish_above_signal_proxy,63.7,53.99,0.0,58,mixed_sideways,28,fresh_bearish_cross,54.9,163.720001,0.98,-0.01875939,0.02910306,0.12406459,0.06831975,4H RSI 位于健康强势区间,4H EMA 仍偏震荡；4H MACD 最近死叉
49,CPB,The Campbell's Company - Common Stock,,Early,Nasdaq Liquid 500,155,63.7,54.47,67.6,81.6,53.5,55.4,56.0,51.07,72.0,confirmed_bullish_trend,25.0,bearish_proxy,54.01,46.8,0.0,52,mixed_sideways,72,fresh_below_zero_cross,52.25,22.34,0.62,0.01545455,0.01154634,0.05726460,0.03091832,4H MACD 刚金叉但仍需零轴确认；4H MACD 柱体连续扩张；4H RSI 位于健康强势区间,4H EMA 仍偏震荡
50,FIGR,"Figure Technology Solutions, Inc. - Class A Common Stock",,Early,Nasdaq Liquid 500,240,63.31,31.78,98.2,90.4,53.5,74.7,77.45,40.79,18.0,bearish_transition,51.15,bullish_below_zero_proxy,52.14,46.43,0.0,89,fresh_bullish_cross,88,fresh_above_zero_cross,53.8,31.49,0.86,0.04237011,0.05212162,0.10375040,0.10530011,4H EMA9/26 最近金叉且价格在 EMA50 上方；4H MACD 零轴上方刚金叉；4H MACD 柱体连续扩张；4H RSI 位于健康强势区间,
51,DNTH,DIANTHUS THERAPEUTICS INC,Health Care,Early,Nasdaq Liquid 500,14,63.26,64.21,82.9,15.2,53.5,84.16,82.4,67.52,72.0,confirmed_bullish_trend,61.8,bullish_above_signal_proxy,75.05,53.01,0.0,100,confirmed_bullish_trend,88,fresh_above_zero_cross,62.69,105.720001,0.63,0.03312810,0.04404502,0.28192070,0.31296578,4H EMA 多头排列已连续维持；4H MACD 零轴上方刚金叉；4H MACD 柱体连续扩张；4H RSI 位于健康强势区间,
52,NBIX,"Neurocrine Biosciences, Inc. - Common Stock",,Early,Nasdaq Liquid 500,116,62.84,55.62,82.9,32.4,53.5,79.97,83.3,54.44,72.0,confirmed_bullish_trend,25.0,bearish_proxy,64.22,48.84,0.0,100,confirmed_bullish_trend,88,fresh_above_zero_cross,65.33,179.050003,1.09,0.02855010,0.04080686,0.13122317,0.09231112,4H EMA 多头排列已连续维持；4H MACD 零轴上方刚金叉；4H MACD 柱体连续扩张；4H RSI 位于健康强势区间,
53,BIIB,Biogen,Health Care,Early,Nasdaq Liquid 500,144,62.8,55.5,65.2,79.6,53.5,50.9,51.0,51.98,72.0,confirmed_bullish_trend,25.0,bearish_proxy,54.38,52.13,0.0,52,mixed_sideways,58,bullish_above_signal,50.02,203.160004,0.31,0.00306118,0.05950458,0.03384056,0.03928795,4H MACD 位于 Signal 上方；4H RSI 位于健康强势区间,4H EMA 仍偏震荡
54,WIX,Wix.com Ltd. - Ordinary Shares,,Early,Nasdaq Liquid 500,23,62.51,75.42,54.4,20.0,53.5,53.23,49.7,66.07,82.0,early_transition,49.8,bullish_below_zero_proxy,71.58,50.32,0.0,58,mixed_sideways,42,mixed_or_bearish,51.39,51.119999,0.67,-0.04875331,-0.03053292,0.20338981,-0.02396183,4H RSI 位于健康强势区间,4H EMA 仍偏震荡；4H MACD 尚未确认多头
55,JBHT,J.B. Hunt,Industrials,Early,Nasdaq Liquid 500,43,62.37,62.77,75.1,33.4,53.5,77.8,77.0,63.68,72.0,confirmed_bullish_trend,61.8,bullish_above_signal_proxy,63.89,49.78,0.0,100,confirmed_bullish_trend,70,bullish_above_signal,58.84,293.26001,0.97,0.01498639,0.04396428,0.08058511,0.02930752,4H EMA 多头排列已连续维持；4H MACD 位于 Signal 上方；4H RSI 位于健康强势区间,
56,ZS,"Zscaler, Inc. - Common Stock",,Early,Nasdaq Liquid 500,12,62.23,77.36,50.8,23.2,53.5,50.23,44.7,68.08,82.0,early_transition,61.8,bullish_above_signal_proxy,68.58,49.72,0.0,58,mixed_sideways,28,fresh_bearish_cross,54.32,148.720001,0.52,-0.02778323,-0.02202937,0.19242148,0.13769890,4H RSI 位于健康强势区间,4H EMA 仍偏震荡；4H MACD 最近死叉
57,AMD,Advanced Micro Devices,Information Technology,Early,Nasdaq Liquid 500,176,61.85,54.0,67.6,70.4,53.5,55.81,56.45,47.78,72.0,confirmed_bullish_trend,25.0,bearish_proxy,41.87,49.12,0.0,53,mixed_sideways,72,fresh_below_zero_cross,55.08,544.429993,0.69,0.06407764,-0.00586155,0.01415714,0.16736255,4H MACD 刚金叉但仍需零轴确认；4H MACD 柱体连续扩张；4H RSI 位于健康强势区间,4H EMA 仍偏震荡
58,RPRX,Royalty Pharma plc - Class A Ordinary Shares,,Early,Nasdaq Liquid 500,8,61.76,67.37,65.2,45.0,53.5,63.1,59.0,69.3,72.0,confirmed_bullish_trend,88.8,fresh_above_zero_cross_proxy,60.91,48.18,0.0,58,mixed_sideways,70,bullish_above_signal,60.13,58.419998,2.31,0.00767572,0.04949244,0.10320075,0.04554806,4H MACD 位于 Signal 上方；4H RSI 位于健康强势区间,4H EMA 仍偏震荡
59,ADBE,Adobe Inc.,Information Technology,Early,Nasdaq Liquid 500,26,61.65,75.89,50.8,22.8,53.5,49.45,45.5,65.76,82.0,early_transition,49.8,bullish_below_zero_proxy,68.72,53.99,0.0,58,mixed_sideways,28,fresh_bearish_cross,52.0,227.160004,0.69,-0.03401732,0.02913065,0.16396802,-0.09645599,4H RSI 位于健康强势区间,4H EMA 仍偏震荡；4H MACD 最近死叉
60,BTSG,BRIGHTSPRING HEALTH SERVICES INC,Health Care,Early,Nasdaq Liquid 500,88,61.27,56.98,82.9,18.8,53.5,81.16,82.4,57.63,72.0,confirmed_bullish_trend,25.0,bearish_proxy,72.98,52.6,0.0,100,confirmed_bullish_trend,88,fresh_above_zero_cross,60.77,72.559998,0.66,0.01199444,0.04133177,0.09557594,0.26477252,4H EMA 多头排列已连续维持；4H MACD 零轴上方刚金叉；4H MACD 柱体连续扩张；4H RSI 位于健康强势区间,
61,PTEN,PATTERSON UTI ENERGY INC,Energy,Early,Nasdaq Liquid 500,173,61.22,44.65,87.7,74.4,53.5,62.69,64.1,48.04,38.0,mixed_sideways,51.15,bullish_below_zero_proxy,55.47,48.09,0.0,64,early_transition,78,bullish_above_signal,66.25,10.53,1.36,0.03488943,0.06795132,0.04932735,-0.08434783,4H EMA9 已站上 EMA26，等待 26/50 确认；4H MACD 位于 Signal 上方；4H MACD 柱体连续扩张；4H RSI 位于健康强势区间,4H 相对 EMA26 超过 2 ATR，短线偏追高
62,HON,Honeywell Technologies,Industrials,Early,Nasdaq Liquid 500,193,61.19,35.15,90.4,89.2,53.5,69.98,72.2,43.68,15.0,bearish_transition,71.8,fresh_below_zero_cross_proxy,47.5,46.5,0.0,92,fresh_bullish_cross,66,bullish_above_signal,55.95,229.860001,0.72,0.01620281,0.03228995,-0.04296093,0.02421381,4H EMA9/26 最近金叉且价格在 EMA50 上方；4H MACD 位于 Signal 上方；4H MACD 柱体连续扩张；4H RSI 位于健康强势区间,
63,LOGI,Logitech International S.A. - Registered Shares,,Early,Nasdaq Liquid 500,204,60.95,42.69,87.7,77.2,53.5,65.39,67.1,42.87,35.0,mixed_sideways,49.8,bullish_below_zero_proxy,43.99,44.8,0.0,76,early_transition,70,bullish_above_signal,55.02,102.910004,1.1,0.00926796,0.02347092,-0.04367621,-0.08864678,4H EMA9 已站上 EMA26，等待 26/50 确认；4H MACD 位于 Signal 上方；4H RSI 位于健康强势区间,
64,GT,GOODYEAR TIRE & RUBBER,Consumer Discretionary,Early,Nasdaq Liquid 500,22,60.6,63.64,75.1,19.6,53.5,77.8,77.0,66.24,72.0,confirmed_bullish_trend,61.8,bullish_above_signal_proxy,71.62,51.32,0.0,100,confirmed_bullish_trend,70,bullish_above_signal,63.35,7.285,0.75,0.00000000,0.09548872,0.17310789,0.27360140,4H EMA 多头排列已连续维持；4H MACD 位于 Signal 上方；4H RSI 位于健康强势区间,
65,MDLZ,Mondelez International,Consumer Staples,Early,Nasdaq Liquid 500,262,60.49,31.77,87.7,99.6,53.5,60.53,61.7,39.43,15.0,bearish_transition,49.8,bullish_below_zero_proxy,50.06,49.76,0.0,74,early_transition,58,bullish_above_signal,49.61,59.860001,0.87,-0.00191742,0.01785411,-0.00415904,-0.03498304,4H EMA9 已站上 EMA26，等待 26/50 确认；4H MACD 位于 Signal 上方；4H RSI 位于健康强势区间,
66,RIVN,"Rivian Automotive, Inc. - Class A Common Stock",,Early,Nasdaq Liquid 500,166,60.49,54.24,54.4,96.0,53.5,51.89,52.1,49.77,72.0,confirmed_bullish_trend,25.0,bearish_proxy,49.39,47.38,0.0,58,mixed_sideways,50,mixed_or_bearish,54.41,17.76,0.68,0.02186427,0.01398807,0.07441010,0.08623853,4H MACD 柱体连续扩张；4H RSI 位于健康强势区间,4H EMA 仍偏震荡；4H MACD 尚未确认多头
67,TVTX,TRAVERE THERAPEUTICS INC,Health Care,Early,Nasdaq Liquid 500,165,60.4,54.31,54.4,95.2,53.5,49.46,49.4,49.78,72.0,confirmed_bullish_trend,25.0,bearish_proxy,49.19,47.84,0.0,52,mixed_sideways,50,mixed_or_bearish,51.46,56.580002,0.77,0.01598138,-0.00849903,0.02704669,0.23564099,4H MACD 柱体连续扩张；4H RSI 位于健康强势区间,4H EMA 仍偏震荡；4H MACD 尚未确认多头
68,CINF,Cincinnati Financial,Financials,Early,Nasdaq Liquid 500,126,60.07,55.77,67.6,54.4,53.5,57.83,58.7,53.36,72.0,confirmed_bullish_trend,25.0,bearish_proxy,59.22,51.59,0.0,58,mixed_sideways,72,fresh_below_zero_cross,51.65,180.509995,0.57,-0.00375301,0.00261054,0.06057578,0.09221269,4H MACD 刚金叉但仍需零轴确认；4H MACD 柱体连续扩张；4H RSI 位于健康强势区间,4H EMA 仍偏震荡
69,NTAP,NetApp,Information Technology,Early,Nasdaq Liquid 500,152,59.75,55.2,54.4,88.8,53.5,51.17,51.3,51.31,72.0,confirmed_bullish_trend,25.0,bearish_proxy,52.57,51.26,0.0,58,mixed_sideways,50,mixed_or_bearish,53.16,165.759995,0.38,0.01497103,-0.05052129,0.03820613,-0.00742518,4H MACD 柱体连续扩张；4H RSI 位于健康强势区间,4H EMA 仍偏震荡；4H MACD 尚未确认多头
70,LQDA,LIQUIDIA CORP,Health Care,Early,Nasdaq Liquid 500,119,59.69,55.87,73.0,37.2,53.5,62.15,63.5,54.37,72.0,confirmed_bullish_trend,25.0,bearish_proxy,63.09,50.62,0.0,58,mixed_sideways,88,fresh_above_zero_cross,57.89,80.889999,0.67,0.02541671,0.05786966,0.13945628,0.30900561,4H MACD 零轴上方刚金叉；4H MACD 柱体连续扩张；4H RSI 位于健康强势区间,4H EMA 仍偏震荡
71,LITE,Lumentum,Information Technology,Early,Nasdaq Liquid 500,230,59.65,42.24,90.4,62.4,53.5,69.26,71.4,41.15,35.0,mixed_sideways,49.8,bullish_below_zero_proxy,38.33,44.67,0.0,92,fresh_bullish_cross,66,bullish_above_signal,58.43,837.559998,0.52,0.06597774,0.02807202,-0.01501772,-0.02947857,4H EMA9/26 最近金叉且价格在 EMA50 上方；4H MACD 位于 Signal 上方；4H MACD 柱体连续扩张；4H RSI 位于健康强势区间,
72,ALHC,ALIGNMENT HEALTHCARE INC,Health Care,Early,Nasdaq Liquid 500,184,59.6,52.88,67.6,58.0,53.5,56.62,57.35,45.59,72.0,confirmed_bullish_trend,25.0,bearish_proxy,36.49,45.3,0.0,55,mixed_sideways,72,fresh_below_zero_cross,51.63,21.5,0.73,0.00702576,0.01367284,-0.01624342,0.39791938,4H MACD 刚金叉但仍需零轴确认；4H MACD 柱体连续扩张；4H RSI 位于健康强势区间,4H EMA 仍偏震荡
73,NXTC,"NextCure, Inc. - Common Stock",,Early,Nasdaq Liquid 500,1,59.45,78.61,50.8,1.8,53.5,49.02,43.35,75.45,82.0,early_transition,49.8,bullish_below_zero_proxy,100.0,56.0,0.0,55,mixed_sideways,28,fresh_bearish_cross,59.64,5.11,0.03,-0.05719557,-0.22328621,1.50490196,0.75300172,4H RSI 位于健康强势区间,4H EMA 仍偏震荡；4H MACD 最近死叉
74,SAIA,"Saia, Inc. - Common Stock",,Early,Nasdaq Liquid 500,264,59.4,31.21,87.7,93.6,53.5,63.77,65.3,39.3,15.0,bearish_transition,49.8,bullish_below_zero_proxy,51.37,46.27,0.0,74,early_transition,70,bullish_above_signal,53.1,433.220001,0.86,0.00753521,0.00127115,-0.00358802,-0.07040319,4H EMA9 已站上 EMA26，等待 26/50 确认；4H MACD 位于 Signal 上方；4H RSI 位于健康强势区间,
75,GLPI,"Gaming and Leisure Properties, Inc. - Common Stock",,Early,Nasdaq Liquid 500,283,59.26,30.9,87.7,93.4,53.5,60.53,61.7,38.38,15.0,bearish_transition,49.8,bullish_below_zero_proxy,48.58,45.72,0.0,74,early_transition,58,bullish_above_signal,51.24,44.509998,0.62,-0.00335876,0.01539863,-0.00134624,-0.05659182,4H EMA9 已站上 EMA26，等待 26/50 确认；4H MACD 位于 Signal 上方；4H RSI 位于健康强势区间,
76,PRAX,PRAXIS PRECISION MEDICINES INC,Health Care,Early,Nasdaq Liquid 500,154,58.95,54.79,54.4,84.4,53.5,47.93,47.7,51.19,72.0,confirmed_bullish_trend,25.0,bearish_proxy,53.45,48.69,0.0,50,mixed_sideways,50,mixed_or_bearish,50.99,317.869995,0.51,0.02449482,-0.03014494,0.12659933,0.25197420,4H MACD 柱体连续扩张；4H RSI 位于健康强势区间,4H EMA 仍偏震荡；4H MACD 尚未确认多头
77,CTSH,Cognizant,Information Technology,Early,Nasdaq Liquid 500,284,58.84,31.0,87.7,90.4,53.5,63.77,65.3,38.27,15.0,bearish_transition,49.8,bullish_below_zero_proxy,47.78,46.56,0.0,74,early_transition,70,bullish_above_signal,49.44,43.630001,0.84,-0.02491894,0.01429738,-0.00114467,-0.18019541,4H EMA9 已站上 EMA26，等待 26/50 确认；4H MACD 位于 Signal 上方；4H RSI 位于健康强势区间,
78,SEZL,SEZZLE INC,Financials,Early,Nasdaq Liquid 500,153,58.37,54.69,54.4,80.8,53.5,47.8,47.55,51.29,72.0,confirmed_bullish_trend,25.0,bearish_proxy,54.2,47.84,0.0,55,mixed_sideways,42,mixed_or_bearish,54.06,179.350006,0.43,-0.00011144,-0.01828231,0.09895839,0.54606746,4H RSI 位于健康强势区间,4H EMA 仍偏震荡；4H MACD 尚未确认多头
79,HALO,"Halozyme Therapeutics, Inc. - Common Stock",,Early,Nasdaq Liquid 500,107,58.18,55.85,73.0,27.2,53.5,62.15,63.5,55.11,72.0,confirmed_bullish_trend,25.0,bearish_proxy,66.25,49.25,0.0,58,mixed_sideways,88,fresh_above_zero_cross,60.02,78.599998,0.91,0.01295183,0.04688327,0.14644108,0.09899331,4H MACD 零轴上方刚金叉；4H MACD 柱体连续扩张；4H RSI 位于健康强势区间,4H EMA 仍偏震荡
80,EWBC,"East West Bancorp, Inc. - Common Stock",,Early,Nasdaq Liquid 500,68,58.12,61.67,50.8,72.4,53.5,48.76,46.4,60.87,72.0,confirmed_bullish_trend,61.8,bullish_above_signal_proxy,55.83,47.17,0.0,58,mixed_sideways,28,fresh_bearish_cross,55.29,133.399994,1.61,-0.00183329,0.01707830,0.05171869,0.05948685,4H RSI 位于健康强势区间,4H EMA 仍偏震荡；4H MACD 最近死叉
81,FUTU,Futu Holdings Limited - American Depositary Shares,,Early,Nasdaq Liquid 500,225,58.04,31.98,87.7,82.8,53.5,62.69,64.1,41.38,18.0,bearish_transition,51.15,bullish_below_zero_proxy,53.92,46.78,0.0,64,early_transition,78,bullish_above_signal,64.39,103.660004,1.54,0.04675356,0.05592346,0.07197526,0.12186149,4H EMA9 已站上 EMA26，等待 26/50 确认；4H MACD 位于 Signal 上方；4H MACD 柱体连续扩张；4H RSI 位于健康强势区间,4H 相对 EMA26 超过 2 ATR，短线偏追高
82,COCO,THE VITA COCO COMPANY INC,Consumer Staples,Early,Nasdaq Liquid 500,238,57.89,42.52,87.7,57.2,53.5,66.74,68.6,40.88,35.0,mixed_sideways,49.8,bullish_below_zero_proxy,36.28,47.01,0.0,76,early_transition,78,bullish_above_signal,59.64,75.889999,0.84,0.02651155,0.02484802,-0.09600951,0.02516648,4H EMA9 已站上 EMA26，等待 26/50 确认；4H MACD 位于 Signal 上方；4H MACD 柱体连续扩张；4H RSI 位于健康强势区间,
83,AAPL,Apple Inc.,Information Technology,Early,Nasdaq Liquid 500,44,57.89,63.26,60.7,40.8,53.5,65.74,63.6,63.62,72.0,confirmed_bullish_trend,61.8,bullish_above_signal_proxy,62.0,53.15,0.0,100,confirmed_bullish_trend,28,fresh_bearish_cross,62.72,327.73999,0.53,0.00930029,0.04070868,0.10020468,0.06620246,4H EMA 多头排列已连续维持；4H RSI 位于健康强势区间,4H MACD 最近死叉
84,NAVN,NAVAN INC CLASS A,Consumer Discretionary,Early,Nasdaq Liquid 500,120,57.8,55.12,73.0,26.4,53.5,59.99,61.1,54.1,72.0,confirmed_bullish_trend,20.0,fresh_bearish_cross_proxy,66.53,50.31,0.0,58,mixed_sideways,80,fresh_above_zero_cross,57.48,26.620001,0.55,-0.03515763,0.03198298,0.21635828,0.25566037,4H MACD 零轴上方刚金叉；4H RSI 位于健康强势区间,4H EMA 仍偏震荡
85,LAMR,Lamar Advertising Company - Class A Common Stock,,Early,Nasdaq Liquid 500,64,57.63,61.75,50.8,69.0,53.5,47.95,45.5,61.1,72.0,confirmed_bullish_trend,61.8,bullish_above_signal_proxy,56.52,47.3,0.0,58,mixed_sideways,28,fresh_bearish_cross,54.08,160.070007,0.9,-0.00620848,0.01780380,0.06955768,0.05754497,4H RSI 位于健康强势区间,4H EMA 仍偏震荡；4H MACD 最近死叉
86,BRKR,Bruker Corporation - Common Stock,,Early,Nasdaq Liquid 500,132,57.62,55.11,54.4,74.8,53.5,50.27,50.3,52.77,75.0,confirmed_bullish_trend,26.35,bearish_proxy,55.39,47.08,0.0,52,mixed_sideways,50,mixed_or_bearish,56.24,60.43,1.33,0.06597285,0.01002838,0.05646851,0.07145386,4H MACD 柱体连续扩张；4H RSI 位于健康强势区间,4H EMA 仍偏震荡；4H MACD 尚未确认多头
87,EBAY,eBay Inc.,Consumer Discretionary,Early,Nasdaq Liquid 500,249,57.53,39.6,79.6,83.2,53.5,66.47,68.3,40.33,35.0,mixed_sideways,25.0,bearish_proxy,53.84,49.52,0.0,94,fresh_bullish_cross,50,mixed_or_bearish,50.45,113.044998,1.03,-0.00444742,0.00439800,0.04439209,0.03402699,4H EMA9/26 最近金叉且价格在 EMA50 上方；4H MACD 柱体连续扩张；4H RSI 位于健康强势区间,4H MACD 尚未确认多头
88,PCAR,Paccar,Industrials,Early,Nasdaq Liquid 500,57,57.51,62.6,50.8,66.2,53.5,50.92,48.8,61.88,72.0,confirmed_bullish_trend,61.8,bullish_above_signal_proxy,56.96,51.64,0.0,58,mixed_sideways,36,fresh_bearish_cross,58.92,126.25,2.21,0.01088959,0.01863803,0.06163809,0.08192645,4H MACD 柱体连续扩张；4H RSI 位于健康强势区间,4H EMA 仍偏震荡；4H MACD 最近死叉
89,CLSK,CLEANSPARK INC,Information Technology,Early,Nasdaq Liquid 500,276,57.43,41.46,90.4,49.4,53.5,70.07,72.3,38.87,35.0,mixed_sideways,49.8,bullish_below_zero_proxy,31.44,43.29,0.0,94,fresh_bullish_cross,66,bullish_above_signal,60.46,15.38,0.55,0.03186850,0.14562384,-0.10762987,-0.01468996,4H EMA9/26 最近金叉且价格在 EMA50 上方；4H MACD 位于 Signal 上方；4H MACD 柱体连续扩张；4H RSI 位于健康强势区间,
90,TCOM,Trip.com Group Limited - American Depositary Shares,,Early,Nasdaq Liquid 500,305,57.37,30.58,87.7,81.6,53.5,63.08,66.2,37.44,15.0,bearish_transition,49.8,bullish_below_zero_proxy,45.74,45.15,0.0,76,early_transition,70,bullish_above_signal,55.57,43.650002,0.63,-0.01177261,0.02948113,-0.03172138,-0.08480969,4H EMA9 已站上 EMA26，等待 26/50 确认；4H MACD 位于 Signal 上方；4H RSI 位于健康强势区间,
91,TSEM,Tower Semiconductor Ltd. - Ordinary Shares,,Early,Nasdaq Liquid 500,199,57.33,45.72,90.4,38.8,53.5,68.05,70.05,43.12,35.0,mixed_sideways,71.8,fresh_below_zero_cross_proxy,25.92,45.93,0.0,89,fresh_bullish_cross,66,bullish_above_signal,55.85,250.910004,0.5,0.08534480,-0.01834899,-0.12443732,0.06683958,4H EMA9/26 最近金叉且价格在 EMA50 上方；4H MACD 位于 Signal 上方；4H MACD 柱体连续扩张；4H RSI 位于健康强势区间,
92,TIGO,Millicom International Cellular S.A. - Common Stock,,Early,Nasdaq Liquid 500,25,56.76,63.28,64.3,23.6,53.5,73.21,71.9,65.83,75.0,confirmed_bullish_trend,61.8,bullish_above_signal_proxy,68.13,49.63,0.0,100,confirmed_bullish_trend,50,mixed_or_bearish,61.16,98.610001,1.64,0.00962428,0.00407293,0.16836491,0.19209381,4H EMA 多头排列已连续维持；4H MACD 柱体连续扩张；4H RSI 位于健康强势区间,4H MACD 尚未确认多头
93,CROX,"Crocs, Inc. - Common Stock",,Early,Nasdaq Liquid 500,61,56.63,61.89,50.8,62.0,53.5,47.95,45.5,61.52,72.0,confirmed_bullish_trend,61.8,bullish_above_signal_proxy,57.8,47.56,0.0,58,mixed_sideways,28,fresh_bearish_cross,59.04,135.279999,0.61,0.00523873,0.03149070,0.08189378,0.13328303,4H RSI 位于健康强势区间,4H EMA 仍偏震荡；4H MACD 最近死叉
94,ROKU,"Roku, Inc. - Class A Common Stock",,Early,Nasdaq Liquid 500,259,56.6,51.27,60.7,91.6,6.4,57.78,58.65,39.67,72.0,confirmed_bullish_trend,22.75,bearish_proxy,51.73,46.35,10.09,89,confirmed_bullish_trend,28,fresh_bearish_cross,64.47,144.270004,0.54,-0.00667861,0.01777781,0.04437531,0.18031580,4H EMA 多头排列已连续维持；4H RSI 位于健康强势区间,4H 相对 EMA26 超过 2 ATR，短线偏追高；4H MACD 最近死叉
95,BMRN,BioMarin Pharmaceutical Inc. - Common Stock,,Early,Nasdaq Liquid 500,133,56.38,55.61,54.4,65.4,53.5,49.33,49.25,52.71,72.0,confirmed_bullish_trend,25.0,bearish_proxy,57.04,51.66,0.0,55,mixed_sideways,42,mixed_or_bearish,53.16,59.209999,1.62,-0.00604333,0.00963422,0.08264765,0.04261310,4H RSI 位于健康强势区间,4H EMA 仍偏震荡；4H MACD 尚未确认多头
96,AEHR,AEHR TEST SYSTEMS,Information Technology,Early,Nasdaq Liquid 500,282,56.26,41.28,90.4,42.0,53.5,70.79,73.1,38.59,38.0,mixed_sideways,49.8,bullish_below_zero_proxy,27.85,42.57,0.0,94,fresh_bullish_cross,66,bullish_above_signal,63.93,98.910004,0.68,0.29650023,0.37241576,-0.14110802,0.00426445,4H EMA9/26 最近金叉且价格在 EMA50 上方；4H MACD 位于 Signal 上方；4H MACD 柱体连续扩张；4H RSI 位于健康强势区间,
97,AGEN,AGENUS INC,Health Care,Early,Nasdaq Liquid 500,41,56.19,63.72,82.9,1.8,4.6,81.94,81.6,63.72,72.0,confirmed_bullish_trend,59.55,bullish_above_signal_proxy,100.0,58.0,11.47,100,confirmed_bullish_trend,88,fresh_above_zero_cross,67.01,5.58,0.04,0.10276680,0.10167818,0.86000000,0.72755418,4H EMA 多头排列已连续维持；4H MACD 零轴上方刚金叉；4H MACD 柱体连续扩张；4H RSI 位于健康强势区间,
98,VTRS,Viatris,Health Care,Early,Nasdaq Liquid 500,122,56.19,60.66,75.1,29.2,5.4,72.81,75.35,53.64,72.0,confirmed_bullish_trend,59.55,bullish_above_signal_proxy,65.53,54.36,10.67,89,confirmed_bullish_trend,78,bullish_above_signal,67.98,17.59,1.16,0.02625444,0.07814888,0.14406504,0.10803150,4H EMA 多头排列已连续维持；4H MACD 位于 Signal 上方；4H MACD 柱体连续扩张；4H RSI 位于健康强势区间,4H 相对 EMA26 超过 2 ATR，短线偏追高
99,CMCSA,Comcast,Communication Services,Early,Nasdaq Liquid 500,232,56.12,31.97,87.7,70.0,53.5,64.58,66.2,41.11,15.0,bearish_transition,49.8,bullish_below_zero_proxy,56.39,48.28,0.0,76,early_transition,70,bullish_above_signal,52.6,23.809999,0.86,-0.00125843,0.02717856,0.06247207,0.00000000,4H EMA9 已站上 EMA26，等待 26/50 确认；4H MACD 位于 Signal 上方；4H RSI 位于健康强势区间,
100,DASH,DoorDash,Consumer Discretionary,Early,Nasdaq Liquid 500,141,56.08,55.01,54.4,64.8,53.5,50.68,50.75,52.23,72.0,confirmed_bullish_trend,25.0,bearish_proxy,57.05,48.41,0.0,55,mixed_sideways,50,mixed_or_bearish,51.28,188.039993,0.77,-0.00841091,0.00122462,0.08474177,0.19923463,4H MACD 柱体连续扩张；4H RSI 位于健康强势区间,4H EMA 仍偏震荡；4H MACD 尚未确认多头
101,XMTR,XOMETRY INC CLASS A,Industrials,Early,Nasdaq Liquid 500,137,56.07,59.75,75.1,30.8,5.0,72.01,74.45,52.64,72.0,confirmed_bullish_trend,59.55,bullish_above_signal_proxy,64.83,49.97,10.79,89,confirmed_bullish_trend,78,bullish_above_signal,66.68,104.849998,1.0,0.05626353,0.07848176,0.12391464,0.30183756,4H EMA 多头排列已连续维持；4H MACD 位于 Signal 上方；4H MACD 柱体连续扩张；4H RSI 位于健康强势区间,4H 相对 EMA26 超过 2 ATR，短线偏追高
102,CEG,Constellation Energy,Utilities,Early,Nasdaq Liquid 500,311,56.04,31.05,87.7,71.6,53.5,65.24,68.6,36.92,15.0,bearish_transition,49.8,bullish_below_zero_proxy,41.99,49.15,0.0,76,early_transition,78,bullish_above_signal,61.12,262.220001,0.88,0.03094160,0.02241978,-0.04327199,0.02875751,4H EMA9 已站上 EMA26，等待 26/50 确认；4H MACD 位于 Signal 上方；4H MACD 柱体连续扩张；4H RSI 位于健康强势区间,
103,HQY,HEALTHEQUITY INC,Health Care,Early,Nasdaq Liquid 500,36,56.0,63.16,60.7,28.4,53.5,66.46,64.4,64.43,72.0,confirmed_bullish_trend,61.8,bullish_above_signal_proxy,65.69,51.14,0.0,100,confirmed_bullish_trend,28,fresh_bearish_cross,58.8,97.769997,0.86,-0.01277333,0.03449365,0.14753522,0.10237901,4H EMA 多头排列已连续维持；4H RSI 位于健康强势区间,4H MACD 最近死叉
104,IDXX,Idexx Laboratories,Health Care,Early,Nasdaq Liquid 500,60,55.86,75.9,37.3,86.8,53.5,38.73,35.25,61.72,82.0,early_transition,61.8,bullish_above_signal_proxy,46.91,50.63,0.0,41,bearish_transition,28,fresh_bearish_cross,45.98,552.460022,0.51,-0.02670796,0.02178743,-0.01653757,-0.01742964,,4H EMA 转弱或跌破 EMA26；4H MACD 最近死叉
105,TXRH,"Texas Roadhouse, Inc. - Common Stock",,Early,Nasdaq Liquid 500,55,55.78,62.04,50.8,56.0,53.5,47.95,45.5,61.95,72.0,confirmed_bullish_trend,61.8,bullish_above_signal_proxy,59.11,47.82,0.0,58,mixed_sideways,28,fresh_bearish_cross,56.5,194.309998,0.69,-0.01375498,0.02771455,0.09291864,0.14011621,4H RSI 位于健康强势区间,4H EMA 仍偏震荡；4H MACD 最近死叉
106,EXEL,"Exelixis, Inc. - Common Stock",,Early,Nasdaq Liquid 500,139,55.51,54.92,54.4,61.2,53.5,51.89,52.1,52.39,72.0,confirmed_bullish_trend,25.0,bearish_proxy,58.0,47.6,0.0,58,mixed_sideways,50,mixed_or_bearish,55.7,56.119999,0.85,-0.00261611,0.00663675,0.08099774,0.06509774,4H MACD 柱体连续扩张；4H RSI 位于健康强势区间,4H EMA 仍偏震荡；4H MACD 尚未确认多头
107,BULL,WEBULL CORP CLASS A,Financials,Early,Nasdaq Liquid 500,111,55.35,60.53,74.9,24.8,4.8,73.54,76.15,54.75,75.0,confirmed_bullish_trend,60.9,bullish_above_signal_proxy,67.63,50.53,10.84,89,confirmed_bullish_trend,88,fresh_above_zero_cross,71.17,8.15,1.37,0.06953977,0.08305648,0.14869626,0.45535714,4H EMA 多头排列已连续维持；4H MACD 零轴上方刚金叉；4H MACD 柱体连续扩张,4H 相对 EMA26 超过 2 ATR，短线偏追高；4H RSI 偏热
108,JAZZ,Jazz Pharmaceuticals plc - Ordinary Shares,,Early,Nasdaq Liquid 500,67,55.21,65.7,65.2,36.8,6.2,57.4,56.0,60.9,75.0,confirmed_bullish_trend,86.55,fresh_above_zero_cross_proxy,63.23,52.9,10.14,46,mixed_sideways,78,bullish_above_signal,67.75,254.220001,2.23,0.03849184,0.06797181,0.13205530,0.06604604,4H MACD 位于 Signal 上方；4H MACD 柱体连续扩张；4H RSI 位于健康强势区间,4H EMA 仍偏震荡；4H 相对 EMA26 超过 2 ATR，短线偏追高
109,MDGL,"Madrigal Pharmaceuticals, Inc. - Common Stock",,Early,Nasdaq Liquid 500,143,55.13,54.85,54.4,58.8,53.5,51.89,52.1,52.02,72.0,confirmed_bullish_trend,20.0,fresh_bearish_cross_proxy,58.72,51.99,0.0,58,mixed_sideways,50,mixed_or_bearish,54.91,546.789978,0.61,0.01969304,0.01912279,0.08174566,0.12353333,4H MACD 柱体连续扩张；4H RSI 位于健康强势区间,4H EMA 仍偏震荡；4H MACD 尚未确认多头
110,CHYM,"Chime Financial, Inc. - Class A Common Stock",,Early,Nasdaq Liquid 500,7,55.09,64.85,64.3,8.8,53.5,74.71,71.9,70.19,72.0,confirmed_bullish_trend,61.8,bullish_above_signal_proxy,84.06,52.81,0.0,100,confirmed_bullish_trend,50,mixed_or_bearish,61.16,22.33,1.13,0.01407811,0.04005594,0.26730980,0.27819126,4H EMA 多头排列已连续维持；4H MACD 柱体连续扩张；4H RSI 位于健康强势区间,4H MACD 尚未确认多头
111,CG,The Carlyle Group Inc. - Common Stock,,Early,Nasdaq Liquid 500,83,55.04,72.7,37.3,88.8,53.5,41.88,38.75,58.12,82.0,early_transition,49.8,bullish_below_zero_proxy,47.49,45.5,0.0,41,bearish_transition,28,fresh_bearish_cross,48.69,44.610001,1.14,-0.00723267,-0.01912927,-0.00401875,0.02598898,4H RSI 位于健康强势区间,4H EMA 转弱或跌破 EMA26；4H MACD 最近死叉
112,COLB,"Columbia Banking System, Inc. - Common Stock",,Early,Nasdaq Liquid 500,54,55.03,62.11,50.8,50.8,53.5,46.73,44.15,62.16,72.0,confirmed_bullish_trend,61.8,bullish_above_signal_proxy,59.74,47.95,0.0,55,mixed_sideways,28,fresh_bearish_cross,56.96,32.849998,0.74,0.00320657,0.01828890,0.07563841,0.10755219,4H RSI 位于健康强势区间,4H EMA 仍偏震荡；4H MACD 最近死叉
113,BPOP,"Popular, Inc. - Common Stock",,Early,Nasdaq Liquid 500,134,54.95,55.03,54.4,57.2,53.5,49.01,48.9,52.7,72.0,confirmed_bullish_trend,25.0,bearish_proxy,58.95,47.79,0.0,58,mixed_sideways,42,mixed_or_bearish,60.0,172.270004,0.47,0.00437267,0.01962062,0.08114728,0.12535930,4H RSI 位于健康强势区间,4H EMA 仍偏震荡；4H MACD 尚未确认多头
114,CORT,Corcept Therapeutics Incorporated - Common Stock,,Early,Nasdaq Liquid 500,183,54.88,53.44,82.9,17.2,4.4,79.16,82.4,45.63,72.0,confirmed_bullish_trend,22.75,bearish_proxy,74.44,50.89,11.62,100,confirmed_bullish_trend,88,fresh_above_zero_cross,63.45,95.650002,0.79,0.03770002,0.05643915,0.19682188,0.31758387,4H EMA 多头排列已连续维持；4H MACD 零轴上方刚金叉；4H MACD 柱体连续扩张；4H RSI 位于健康强势区间,
115,INTU,Intuit,Information Technology,Early,Nasdaq Liquid 500,210,54.85,32.8,87.7,59.6,53.5,64.58,66.2,42.26,15.0,bearish_transition,49.8,bullish_below_zero_proxy,58.39,51.93,0.0,76,early_transition,70,bullish_above_signal,55.76,289.920013,0.66,-0.01583576,0.02655619,0.08792084,-0.02337793,4H EMA9 已站上 EMA26，等待 26/50 确认；4H MACD 位于 Signal 上方；4H RSI 位于健康强势区间,
116,GILD,Gilead Sciences,Health Care,Early,Nasdaq Liquid 500,38,54.85,76.79,37.3,78.0,53.5,40.95,36.05,64.31,82.0,early_transition,61.8,bullish_above_signal_proxy,54.76,52.2,0.0,41,bearish_transition,28,fresh_bearish_cross,46.51,130.279999,0.98,-0.02536096,0.00184563,0.05327833,0.00984423,,4H EMA 转弱或跌破 EMA26；4H MACD 最近死叉
117,ASO,ACADEMY SPORTS AND OUTDOORS INC,Consumer Discretionary,Early,Nasdaq Liquid 500,317,54.63,30.1,87.7,64.4,53.5,59.03,61.7,35.64,15.0,bearish_transition,49.8,bullish_below_zero_proxy,39.83,44.97,0.0,74,early_transition,58,bullish_above_signal,54.92,48.25,0.65,0.00280574,0.03897504,-0.06907200,-0.06799305,4H EMA9 已站上 EMA26，等待 26/50 确认；4H MACD 位于 Signal 上方；4H RSI 位于健康强势区间,
118,LULU,Lululemon Athletica,Consumer Discretionary,Early,Nasdaq Liquid 500,258,54.63,31.5,76.9,90.0,53.5,53.78,54.2,39.72,15.0,bearish_transition,49.8,bullish_below_zero_proxy,52.18,47.44,0.0,68,early_transition,42,mixed_or_bearish,49.13,116.629997,0.57,-0.00137001,-0.00588138,0.04348215,0.02105493,4H EMA9 已站上 EMA26，等待 26/50 确认；4H RSI 位于健康强势区间,4H MACD 尚未确认多头
119,NTRS,Northern Trust,Financials,Early,Nasdaq Liquid 500,142,54.29,54.69,54.4,53.6,53.5,51.48,51.65,52.05,72.0,confirmed_bullish_trend,20.0,fresh_bearish_cross_proxy,59.4,50.88,0.0,55,mixed_sideways,50,mixed_or_bearish,54.92,185.059998,1.25,0.01081492,-0.00846550,0.07511760,0.08571429,4H MACD 柱体连续扩张；4H RSI 位于健康强势区间,4H EMA 仍偏震荡；4H MACD 尚未确认多头
120,TROW,T. Rowe Price,Financials,Early,Nasdaq Liquid 500,125,54.28,55.68,54.4,51.2,53.5,51.48,51.65,53.4,72.0,confirmed_bullish_trend,25.0,bearish_proxy,59.7,50.94,0.0,55,mixed_sideways,50,mixed_or_bearish,54.16,117.610001,1.08,0.00615965,0.01387932,0.09242055,0.10973766,4H MACD 柱体连续扩张；4H RSI 位于健康强势区间,4H EMA 仍偏震荡；4H MACD 尚未确认多头
121,FOX,Fox Corporation (Class B),Communication Services,Early,Nasdaq Liquid 500,214,54.04,32.27,87.7,55.4,53.5,64.58,66.2,42.01,15.0,bearish_transition,49.8,bullish_below_zero_proxy,59.12,48.82,0.0,76,early_transition,70,bullish_above_signal,59.26,51.470001,0.92,-0.01840374,0.04021829,0.09650622,-0.14059105,4H EMA9 已站上 EMA26，等待 26/50 确认；4H MACD 位于 Signal 上方；4H RSI 位于健康强势区间,
122,CTAS,Cintas,Industrials,Early,Nasdaq Liquid 500,127,53.99,60.21,75.1,16.8,3.6,69.84,72.05,53.31,72.0,confirmed_bullish_trend,59.55,bullish_above_signal_proxy,74.57,51.91,13.34,89,confirmed_bullish_trend,70,bullish_above_signal,67.71,200.410004,0.78,-0.00600134,0.08776595,0.17301725,0.11437950,4H EMA 多头排列已连续维持；4H MACD 位于 Signal 上方；4H RSI 位于健康强势区间,4H 相对 EMA26 超过 2 ATR，短线偏追高
123,AMGN,Amgen,Health Care,Early,Nasdaq Liquid 500,123,53.97,56.0,50.8,58.0,53.5,46.76,46.4,53.44,72.0,confirmed_bullish_trend,25.0,bearish_proxy,58.81,53.01,0.0,58,mixed_sideways,28,fresh_bearish_cross,55.42,366.23999,1.08,0.00202460,0.03096498,0.08528418,0.04753731,4H RSI 位于健康强势区间,4H EMA 仍偏震荡；4H MACD 最近死叉
124,VRSN,Verisign,Information Technology,Early,Nasdaq Liquid 500,71,53.8,74.03,29.3,98.8,53.5,40.26,36.95,60.54,85.0,early_transition,49.8,bullish_below_zero_proxy,50.17,50.28,0.0,41,bearish_transition,28,fresh_bearish_cross,44.58,266.149994,1.55,-0.04041676,-0.00958233,0.00547783,-0.09828571,,4H EMA 转弱或跌破 EMA26；4H MACD 最近死叉
125,CSX,CSX Corporation,Industrials,Early,Nasdaq Liquid 500,51,53.74,62.55,50.8,41.2,53.5,47.95,45.5,63.04,72.0,confirmed_bullish_trend,61.8,bullish_above_signal_proxy,61.95,49.39,0.0,58,mixed_sideways,28,fresh_bearish_cross,55.37,49.889999,1.01,-0.00269871,-0.00040074,0.09407897,0.06148934,4H RSI 位于健康强势区间,4H EMA 仍偏震荡；4H MACD 最近死叉
126,VRSK,Verisk Analytics,Industrials,Early,Nasdaq Liquid 500,50,53.63,62.57,50.8,40.4,53.5,49.45,45.5,63.1,72.0,confirmed_bullish_trend,61.8,bullish_above_signal_proxy,62.11,49.42,0.0,58,mixed_sideways,28,fresh_bearish_cross,54.77,195.25,0.66,-0.02959426,0.02488061,0.12399972,0.07439611,4H RSI 位于健康强势区间,4H EMA 仍偏震荡；4H MACD 最近死叉
127,NDAQ,"Nasdaq, Inc.",Financials,Early,Nasdaq Liquid 500,40,53.6,63.34,50.8,38.4,53.5,49.45,45.5,63.87,72.0,confirmed_bullish_trend,61.8,bullish_above_signal_proxy,62.76,53.3,0.0,58,mixed_sideways,28,fresh_bearish_cross,55.16,90.239998,0.69,-0.02221262,0.02527977,0.09740964,0.03391383,4H RSI 位于健康强势区间,4H EMA 仍偏震荡；4H MACD 最近死叉
128,BSY,"Bentley Systems, Incorporated - Class B Common Stock",,Early,Nasdaq Liquid 500,39,53.47,75.96,37.3,70.8,53.5,40.95,36.05,63.97,82.0,early_transition,61.8,bullish_above_signal_proxy,56.13,47.23,0.0,41,bearish_transition,28,fresh_bearish_cross,45.07,31.26,0.67,-0.04022106,0.00385360,0.06398914,-0.05071363,,4H EMA 转弱或跌破 EMA26；4H MACD 最近死叉
129,LGND,LIGAND PHARMACEUTICALS INC,Health Care,Early,Nasdaq Liquid 500,118,53.3,56.32,54.4,43.2,53.5,48.74,48.6,54.38,72.0,confirmed_bullish_trend,25.0,bearish_proxy,61.64,53.58,0.0,52,mixed_sideways,50,mixed_or_bearish,53.67,305.470001,0.41,0.02687619,0.01545773,0.11148716,0.28787048,4H MACD 柱体连续扩张；4H RSI 位于健康强势区间,4H EMA 仍偏震荡；4H MACD 尚未确认多头
130,ZM,"Zoom Communications, Inc. - Class A Common Stock",,Early,Nasdaq Liquid 500,261,53.29,31.27,73.3,91.2,53.5,49.59,49.55,39.45,15.0,bearish_transition,49.8,bullish_below_zero_proxy,51.81,46.36,0.0,71,early_transition,28,fresh_bearish_cross,47.84,89.769997,0.82,-0.02013863,-0.01513993,0.03888431,-0.11617607,4H EMA9 已站上 EMA26，等待 26/50 确认,4H MACD 最近死叉
131,HBAN,Huntington Bancshares,Financials,Early,Nasdaq Liquid 500,117,52.65,55.82,50.8,49.6,53.5,44.73,44.15,54.43,75.0,confirmed_bullish_trend,26.35,bearish_proxy,59.97,48.99,0.0,55,mixed_sideways,28,fresh_bearish_cross,56.0,18.17,1.01,0.00581229,0.01735717,0.07705981,0.10021200,4H RSI 位于健康强势区间,4H EMA 仍偏震荡；4H MACD 最近死叉
132,SEIC,SEI Investments Company - Common Stock,,Early,Nasdaq Liquid 500,45,52.5,62.6,50.8,32.8,53.5,50.26,46.4,63.59,72.0,confirmed_bullish_trend,61.8,bullish_above_signal_proxy,64.05,48.81,0.0,58,mixed_sideways,28,fresh_bearish_cross,57.41,97.650002,1.28,-0.01143953,0.02952034,0.09154933,0.09264853,4H RSI 位于健康强势区间,4H EMA 仍偏震荡；4H MACD 最近死叉
133,FOXA,Fox Corporation (Class A),Communication Services,Early,Nasdaq Liquid 500,207,52.46,32.49,87.7,44.4,53.5,64.58,66.2,42.65,15.0,bearish_transition,49.8,bullish_below_zero_proxy,61.07,49.21,0.0,76,early_transition,70,bullish_above_signal,61.33,57.57,0.61,-0.01522407,0.04949412,0.10329628,-0.13920451,4H EMA9 已站上 EMA26，等待 26/50 确认；4H MACD 位于 Signal 上方；4H RSI 位于健康强势区间,
134,KHC,Kraft Heinz,Consumer Staples,Early,Nasdaq Liquid 500,37,52.42,63.39,50.8,30.4,53.5,49.45,45.5,64.41,72.0,confirmed_bullish_trend,61.8,bullish_above_signal_proxy,64.84,52.72,0.0,58,mixed_sideways,28,fresh_bearish_cross,59.5,25.790001,0.74,-0.00979071,0.02830945,0.13114044,0.14190844,4H RSI 位于健康强势区间,4H EMA 仍偏震荡；4H MACD 最近死叉
135,LPLA,LPL Financial Holdings Inc. - Common Stock,,Early,Nasdaq Liquid 500,145,52.18,59.33,60.7,43.6,6.0,62.96,64.4,51.97,72.0,confirmed_bullish_trend,59.55,bullish_above_signal_proxy,61.33,48.27,10.16,100,confirmed_bullish_trend,28,fresh_bearish_cross,66.53,328.230011,0.69,0.00436045,0.02169583,0.11665649,0.13775182,4H EMA 多头排列已连续维持；4H RSI 位于健康强势区间,4H MACD 最近死叉
136,CALM,CAL MAINE FOODS INC,Consumer Staples,Early,Nasdaq Liquid 500,33,52.04,63.51,50.8,27.6,53.5,50.26,46.4,64.77,72.0,confirmed_bullish_trend,61.8,bullish_above_signal_proxy,65.93,52.94,0.0,58,mixed_sideways,28,fresh_bearish_cross,57.43,87.25,1.17,-0.01701219,0.04943470,0.12218650,0.15349023,4H RSI 位于健康强势区间,4H EMA 仍偏震荡；4H MACD 最近死叉
137,CAKE,CHEESECAKE FACTORY INC,Consumer Discretionary,Early,Nasdaq Liquid 500,168,51.99,59.04,67.1,28.0,2.8,67.86,69.85,49.7,72.0,confirmed_bullish_trend,59.55,bullish_above_signal_proxy,65.84,50.17,14.06,89,confirmed_bullish_trend,70,bullish_above_signal,70.9,87.07,0.91,0.00892233,0.08215264,0.12872700,0.31724664,4H EMA 多头排列已连续维持；4H MACD 位于 Signal 上方,4H 相对 EMA26 超过 2 ATR，短线偏追高；4H RSI 偏热
138,VCYT,VERACYTE INC,Health Care,Early,Nasdaq Liquid 500,114,51.99,55.91,54.4,35.4,53.5,51.89,52.1,54.48,72.0,confirmed_bullish_trend,25.0,bearish_proxy,63.43,50.69,0.0,58,mixed_sideways,50,mixed_or_bearish,57.64,59.529999,0.75,0.01882593,0.05176680,0.11146374,0.22112818,4H MACD 柱体连续扩张；4H RSI 位于健康强势区间,4H EMA 仍偏震荡；4H MACD 尚未确认多头
139,CHRW,C.H. Robinson,Industrials,Early,Nasdaq Liquid 500,156,51.91,59.91,67.1,25.2,3.2,67.86,69.85,51.04,72.0,confirmed_bullish_trend,59.55,bullish_above_signal_proxy,67.29,53.71,13.69,89,confirmed_bullish_trend,70,bullish_above_signal,71.74,209.419998,0.58,0.00738390,0.04883057,0.13224476,0.13771929,4H EMA 多头排列已连续维持；4H MACD 位于 Signal 上方,4H 相对 EMA26 超过 2 ATR，短线偏追高；4H RSI 偏热
140,DLTR,Dollar Tree,Consumer Staples,Early,Nasdaq Liquid 500,109,51.91,56.27,54.4,34.0,53.5,48.52,48.35,54.85,72.0,confirmed_bullish_trend,25.0,bearish_proxy,63.76,52.5,0.0,55,mixed_sideways,42,mixed_or_bearish,53.91,125.739998,0.95,-0.00600792,0.00955436,0.12639973,0.15559232,4H RSI 位于健康强势区间,4H EMA 仍偏震荡；4H MACD 尚未确认多头
141,MDLN,Medline Inc. - Class A common stock,,Early,Nasdaq Liquid 500,108,51.81,69.06,40.9,66.2,53.5,41.36,40.4,55.05,82.0,early_transition,25.0,bearish_proxy,56.96,47.39,0.0,36,bearish_transition,50,mixed_or_bearish,45.14,39.09,0.69,0.00153730,0.01086118,0.08916136,0.16373921,4H MACD 柱体连续扩张,4H EMA 转弱或跌破 EMA26；4H MACD 尚未确认多头
142,PAYX,Paychex,Industrials,Early,Nasdaq Liquid 500,35,51.76,63.05,50.8,26.8,53.5,50.26,46.4,64.51,72.0,confirmed_bullish_trend,61.8,bullish_above_signal_proxy,66.4,50.28,0.0,58,mixed_sideways,28,fresh_bearish_cross,57.72,111.959999,1.16,-0.02770302,0.02218570,0.13965799,0.11369740,4H RSI 位于健康强势区间,4H EMA 仍偏震荡；4H MACD 最近死叉
143,ORKA,ORUKA THERAPEUTICS INC,Health Care,Early,Nasdaq Liquid 500,159,51.51,55.29,75.1,9.6,6.8,75.74,78.6,50.67,72.0,confirmed_bullish_trend,22.75,bearish_proxy,83.88,54.78,10.0,100,confirmed_bullish_trend,78,bullish_above_signal,61.98,94.32,0.5,0.00372458,0.07831255,0.30204303,0.56886230,4H EMA 多头排列已连续维持；4H MACD 位于 Signal 上方；4H MACD 柱体连续扩张；4H RSI 位于健康强势区间,
144,MSTR,Strategy Inc - Class A Common Stock,,Early,Nasdaq Liquid 500,345,51.14,28.88,87.7,44.0,53.5,61.19,64.1,32.68,18.0,bearish_transition,49.8,bullish_below_zero_proxy,28.58,41.72,0.0,74,early_transition,66,bullish_above_signal,56.59,101.949997,0.79,0.02226004,0.04521218,-0.09426085,-0.15443313,4H EMA9 已站上 EMA26，等待 26/50 确认；4H MACD 位于 Signal 上方；4H MACD 柱体连续扩张；4H RSI 位于健康强势区间,
145,FISV,Fiserv,Financials,Early,Nasdaq Liquid 500,227,51.1,32.38,73.3,74.0,53.5,52.43,52.7,41.23,15.0,bearish_transition,49.8,bullish_below_zero_proxy,55.52,50.85,0.0,74,early_transition,28,fresh_bearish_cross,48.49,50.610001,0.61,-0.01546538,0.02159871,0.05768032,-0.07001097,4H EMA9 已站上 EMA26，等待 26/50 确认；4H RSI 位于健康强势区间,4H MACD 最近死叉
146,CCC,CCC Intelligent Solutions Holdings Inc. - Common Stock,,Early,Nasdaq Liquid 500,4,51.09,66.1,54.4,5.6,53.5,54.73,49.7,73.86,72.0,confirmed_bullish_trend,61.8,bullish_above_signal_proxy,95.19,55.04,0.0,58,mixed_sideways,42,mixed_or_bearish,59.89,6.1,0.72,-0.02478018,0.00494234,0.38636364,0.31041890,4H RSI 位于健康强势区间,4H EMA 仍偏震荡；4H MACD 尚未确认多头
147,COGT,COGENT BIOSCIENCES INC,Health Care,Early,Nasdaq Liquid 500,106,51.09,56.16,54.4,28.8,53.5,51.17,51.3,55.22,72.0,confirmed_bullish_trend,25.0,bearish_proxy,65.68,51.14,0.0,58,mixed_sideways,50,mixed_or_bearish,57.04,39.639999,0.46,0.02521655,0.02880872,0.14831979,0.27953515,4H MACD 柱体连续扩张；4H RSI 位于健康强势区间,4H EMA 仍偏震荡；4H MACD 尚未确认多头
148,DOCU,"DocuSign, Inc. - Common Stock",,Early,Nasdaq Liquid 500,31,51.08,63.16,50.8,22.0,53.5,49.45,45.5,65.24,72.0,confirmed_bullish_trend,61.8,bullish_above_signal_proxy,69.07,49.81,0.0,58,mixed_sideways,28,fresh_bearish_cross,55.13,50.740002,0.95,-0.04785136,0.02754153,0.16751043,0.07386248,4H RSI 位于健康强势区间,4H EMA 仍偏震荡；4H MACD 最近死叉
149,NTSK,"Netskope, Inc. - Class A Common Stock",,Early,Nasdaq Liquid 500,3,50.95,66.41,54.4,4.0,53.5,52.8,47.55,74.76,72.0,confirmed_bullish_trend,61.8,bullish_above_signal_proxy,97.9,55.58,0.0,55,mixed_sideways,42,mixed_or_bearish,58.08,13.33,0.5,-0.01913893,-0.06587246,0.47537355,0.38349766,4H RSI 位于健康强势区间,4H EMA 仍偏震荡；4H MACD 尚未确认多头
150,FRSH,FRESHWORKS INC CLASS A,Information Technology,Early,Nasdaq Liquid 500,15,50.47,64.0,50.8,16.0,53.5,50.95,45.5,67.31,72.0,confirmed_bullish_trend,61.8,bullish_above_signal_proxy,74.87,51.97,0.0,58,mixed_sideways,28,fresh_bearish_cross,52.76,10.69,0.75,-0.04681230,0.02003817,0.20859243,0.12882788,4H RSI 位于健康强势区间,4H EMA 仍偏震荡；4H MACD 最近死叉
151,ALKS,ALKERMES,Health Care,Early,Nasdaq Liquid 500,101,50.46,56.44,54.4,24.0,53.5,51.89,52.1,56.02,72.0,confirmed_bullish_trend,25.0,bearish_proxy,68.09,51.62,0.0,58,mixed_sideways,50,mixed_or_bearish,54.87,52.849998,0.88,0.01429801,0.02382795,0.17653607,0.23495737,4H MACD 柱体连续扩张；4H RSI 位于健康强势区间,4H EMA 仍偏震荡；4H MACD 尚未确认多头
152,MANH,"Manhattan Associates, Inc. - Common Stock",,Early,Nasdaq Liquid 500,18,50.46,63.79,50.8,16.4,53.5,50.95,45.5,67.08,72.0,confirmed_bullish_trend,61.8,bullish_above_signal_proxy,74.64,50.93,0.0,58,mixed_sideways,28,fresh_bearish_cross,54.06,159.119995,0.9,-0.04337639,0.00365840,0.20308484,0.07688143,4H RSI 位于健康强势区间,4H EMA 仍偏震荡；4H MACD 最近死叉
153,PCTY,Paylocity Holding Corporation - Common Stock,,Early,Nasdaq Liquid 500,16,50.24,63.86,50.8,14.8,53.5,51.76,46.4,67.28,72.0,confirmed_bullish_trend,61.8,bullish_above_signal_proxy,75.24,51.05,0.0,58,mixed_sideways,28,fresh_bearish_cross,57.81,123.879997,1.37,-0.03343344,0.00649980,0.22497008,0.09164605,4H RSI 位于健康强势区间,4H EMA 仍偏震荡；4H MACD 最近死叉
154,PTC,PTC Inc.,Information Technology,Early,Nasdaq Liquid 500,236,50.23,32.35,68.9,80.0,53.5,52.97,53.3,40.93,15.0,bearish_transition,49.8,bullish_below_zero_proxy,54.36,51.12,0.0,68,early_transition,42,mixed_or_bearish,42.42,120.769997,1.53,-0.03906750,-0.01404197,0.05264529,-0.11840286,4H EMA9 已站上 EMA26，等待 26/50 确认,4H MACD 尚未确认多头
155,INCY,Incyte,Health Care,Early,Nasdaq Liquid 500,85,50.14,57.57,54.4,19.2,53.5,54.7,53.0,58.06,72.0,confirmed_bullish_trend,25.0,bearish_proxy,72.8,55.81,0.0,58,mixed_sideways,50,mixed_or_bearish,58.89,117.389999,1.28,0.01596781,0.02175994,0.19486992,0.14638669,4H MACD 柱体连续扩张；4H RSI 位于健康强势区间,4H EMA 仍偏震荡；4H MACD 尚未确认多头
156,GTLB,GitLab Inc. - Class A Common Stock,,Early,Nasdaq Liquid 500,115,50.06,55.1,54.4,24.4,53.5,49.73,49.7,54.44,72.0,confirmed_bullish_trend,20.0,fresh_bearish_cross_proxy,68.0,49.6,0.0,58,mixed_sideways,42,mixed_or_bearish,52.53,32.849998,0.76,-0.05725364,-0.00394184,0.23635672,0.05525214,4H RSI 位于健康强势区间,4H EMA 仍偏震荡；4H MACD 尚未确认多头
157,CGON,CG ONCOLOGY INC,Health Care,Early,Nasdaq Liquid 500,90,50.04,56.77,54.4,20.4,53.5,51.96,49.95,57.01,72.0,confirmed_bullish_trend,25.0,bearish_proxy,71.1,52.22,0.0,55,mixed_sideways,50,mixed_or_bearish,52.54,71.720001,0.43,-0.00034848,-0.00153141,0.17535236,0.33606559,4H MACD 柱体连续扩张；4H RSI 位于健康强势区间,4H EMA 仍偏震荡；4H MACD 尚未确认多头
158,ILMN,"Illumina, Inc. - Common Stock",,Early,Nasdaq Liquid 500,96,50.01,56.35,54.4,21.2,53.5,53.89,52.1,56.56,72.0,confirmed_bullish_trend,25.0,bearish_proxy,70.63,50.13,0.0,58,mixed_sideways,50,mixed_or_bearish,59.81,192.529999,0.61,0.03249851,0.00674542,0.18955818,0.18691814,4H MACD 柱体连续扩张；4H RSI 位于健康强势区间,4H EMA 仍偏震荡；4H MACD 尚未确认多头
159,PYPL,PayPal,Financials,Early,Nasdaq Liquid 500,95,49.49,62.15,67.1,4.8,1.8,69.14,69.05,56.79,72.0,confirmed_bullish_trend,59.55,bullish_above_signal_proxy,96.45,59.04,17.48,89,confirmed_bullish_trend,70,bullish_above_signal,72.95,55.849998,0.33,-0.01819460,0.17876735,0.31473630,0.35295541,4H EMA 多头排列已连续维持；4H MACD 位于 Signal 上方,4H 相对 EMA26 超过 2 ATR，短线偏追高；4H RSI 偏热
160,QTTB,Q32 Bio Inc. - Common Stock,,Early,Nasdaq Liquid 500,86,49.34,56.84,54.4,15.6,53.5,51.96,49.95,58.01,72.0,confirmed_bullish_trend,25.0,bearish_proxy,75.03,51.01,0.0,55,mixed_sideways,50,mixed_or_bearish,52.11,15.41,0.14,0.04121622,-0.16522206,0.30042194,0.17633588,4H MACD 柱体连续扩张；4H RSI 位于健康强势区间,4H EMA 仍偏震荡；4H MACD 尚未确认多头
161,Z,"Zillow Group, Inc. - Class C Capital Stock",,Early,Nasdaq Liquid 500,296,49.3,30.71,65.3,87.2,53.5,48.38,48.2,37.83,15.0,bearish_transition,49.8,bullish_below_zero_proxy,46.92,45.38,0.0,68,early_transition,28,fresh_bearish_cross,42.85,31.85,0.91,-0.04555270,0.00000000,-0.00763362,-0.09142776,4H EMA9 已站上 EMA26，等待 26/50 确认,4H MACD 最近死叉
162,ACHC,ACADIA HEALTHCARE COMPANY INC,Health Care,Early,Nasdaq Liquid 500,76,49.28,62.66,67.1,1.8,2.4,72.03,72.25,59.45,72.0,confirmed_bullish_trend,59.55,bullish_above_signal_proxy,100.0,58.0,15.74,89,confirmed_bullish_trend,78,bullish_above_signal,72.81,35.610001,0.59,0.02519073,0.12654223,0.43069516,0.45465690,4H EMA 多头排列已连续维持；4H MACD 位于 Signal 上方；4H MACD 柱体连续扩张,4H 相对 EMA26 超过 2 ATR，短线偏追高；4H RSI 偏热
163,VEEE,Twin Vee PowerCats Co. - Common Stock,,Early,Nasdaq Liquid 500,2,49.26,66.64,50.8,1.8,53.5,49.02,43.35,75.45,72.0,confirmed_bullish_trend,61.8,bullish_above_signal_proxy,100.0,56.0,0.0,55,mixed_sideways,28,fresh_bearish_cross,54.02,26.25,0.02,-0.08376963,-0.32588596,3.58916084,3.46436164,4H RSI 位于健康强势区间,4H EMA 仍偏震荡；4H MACD 最近死叉
164,CAMT,Camtek Ltd. - Ordinary Shares,,Early,Nasdaq Liquid 500,389,49.18,27.4,90.4,27.2,53.5,68.48,72.2,28.12,15.0,bearish_transition,49.8,bullish_below_zero_proxy,17.49,39.5,0.0,92,fresh_bullish_cross,66,bullish_above_signal,56.54,156.149994,0.84,0.06361962,0.04169446,-0.19906653,-0.04919931,4H EMA9/26 最近金叉且价格在 EMA50 上方；4H MACD 位于 Signal 上方；4H MACD 柱体连续扩张；4H RSI 位于健康强势区间,
165,PTGX,PROTAGONIST THERAPEUTICS INC,Health Care,Early,Nasdaq Liquid 500,81,49.17,57.36,54.4,13.2,53.5,53.89,52.1,58.73,72.0,confirmed_bullish_trend,25.0,bearish_proxy,76.31,53.26,0.0,58,mixed_sideways,50,mixed_or_bearish,58.48,138.309998,0.78,-0.00115551,0.05294813,0.22942220,0.42060391,4H MACD 柱体连续扩张；4H RSI 位于健康强势区间,4H EMA 仍偏震荡；4H MACD 尚未确认多头
166,VKTX,"Viking Therapeutics, Inc. - Common Stock",,Early,Nasdaq Liquid 500,80,48.9,57.11,54.4,12.0,53.5,51.46,49.4,58.8,72.0,confirmed_bullish_trend,25.0,bearish_proxy,77.42,51.48,0.0,52,mixed_sideways,50,mixed_or_bearish,52.57,37.950001,0.67,0.03462380,-0.00013176,0.24794479,0.33438817,4H MACD 柱体连续扩张；4H RSI 位于健康强势区间,4H EMA 仍偏震荡；4H MACD 尚未确认多头
167,BBIO,"BridgeBio Pharma, Inc. - Common Stock",,Early,Nasdaq Liquid 500,91,48.79,55.96,54.4,14.0,53.5,51.96,49.95,56.95,72.0,confirmed_bullish_trend,20.0,fresh_bearish_cross_proxy,75.6,51.12,0.0,55,mixed_sideways,50,mixed_or_bearish,56.85,82.449997,0.31,0.01420750,-0.01926969,0.24434039,0.21949410,4H MACD 柱体连续扩张；4H RSI 位于健康强势区间,4H EMA 仍偏震荡；4H MACD 尚未确认多头
168,XENE,XENON PHARMACEUTICALS INC,Health Care,Early,Nasdaq Liquid 500,79,48.79,57.32,54.4,10.8,53.5,49.8,47.55,58.85,72.0,confirmed_bullish_trend,20.0,fresh_bearish_cross_proxy,78.97,57.04,0.0,55,mixed_sideways,42,mixed_or_bearish,55.62,66.739998,0.46,-0.00780497,-0.00846828,0.26210281,0.29128367,4H RSI 位于健康强势区间,4H EMA 仍偏震荡；4H MACD 尚未确认多头
169,BLLN,"BillionToOne, Inc. - Class A common stock",,Early,Nasdaq Liquid 500,75,48.76,57.41,54.4,10.4,53.5,53.89,52.1,59.68,72.0,confirmed_bullish_trend,25.0,bearish_proxy,80.1,52.02,0.0,58,mixed_sideways,50,mixed_or_bearish,64.91,132.529999,0.82,0.04874489,0.06138631,0.26110956,0.36277634,4H MACD 柱体连续扩张；4H RSI 位于健康强势区间,4H EMA 仍偏震荡；4H MACD 尚未确认多头
170,ERAS,ERASCA INC,Health Care,Early,Nasdaq Liquid 500,42,48.74,59.06,54.4,6.4,53.5,53.46,49.95,63.72,72.0,confirmed_bullish_trend,25.0,bearish_proxy,91.42,56.28,0.0,55,mixed_sideways,50,mixed_or_bearish,55.48,19.379999,0.39,0.00937490,-0.00615390,0.41770293,0.61972411,4H MACD 柱体连续扩张；4H RSI 位于健康强势区间,4H EMA 仍偏震荡；4H MACD 尚未确认多头
171,IBRX,IMMUNITYBIO INC,Health Care,Early,Nasdaq Liquid 500,271,48.71,39.07,67.6,97.6,53.5,55.81,56.45,39.09,35.0,mixed_sideways,25.0,bearish_proxy,50.42,48.08,0.0,53,mixed_sideways,72,fresh_below_zero_cross,51.71,8.07,0.67,0.06114398,0.02476190,0.09795918,0.16702820,4H MACD 刚金叉但仍需零轴确认；4H MACD 柱体连续扩张；4H RSI 位于健康强势区间,4H EMA 仍偏震荡
172,CHKP,Check Point Software Technologies Ltd. - Ordinary Shares,,Early,Nasdaq Liquid 500,121,48.68,68.06,32.9,69.0,53.5,40.01,38.9,53.65,82.0,early_transition,20.0,fresh_bearish_cross_proxy,56.52,47.3,0.0,38,bearish_transition,42,mixed_or_bearish,42.36,130.460007,0.84,-0.05333424,-0.04787620,0.06663404,-0.03967610,,4H EMA 转弱或跌破 EMA26；4H MACD 尚未确认多头
173,SLS,SELLAS LIFE SCIENCES GROUP INC,Health Care,Early,Nasdaq Liquid 500,19,48.6,60.64,54.4,1.8,53.5,56.17,51.3,67.04,72.0,confirmed_bullish_trend,25.0,bearish_proxy,100.0,61.25,0.0,58,mixed_sideways,50,mixed_or_bearish,52.17,12.9,0.49,0.03572862,-0.03515333,0.59851301,0.56838906,4H MACD 柱体连续扩张；4H RSI 位于健康强势区间,4H EMA 仍偏震荡；4H MACD 尚未确认多头
174,BAND,BANDWIDTH INC CLASS A,Communication,Early,Nasdaq Liquid 500,74,48.41,56.9,54.4,9.2,53.5,50.52,48.35,59.72,72.0,confirmed_bullish_trend,20.0,fresh_bearish_cross_proxy,84.0,52.8,0.0,55,mixed_sideways,42,mixed_or_bearish,52.52,70.360001,0.67,-0.03364918,-0.07115510,0.36913801,-0.02453897,4H RSI 位于健康强势区间,4H EMA 仍偏震荡；4H MACD 尚未确认多头
175,DFTX,DEFINIUM THERAPEUTICS INC,Health Care,Early,Nasdaq Liquid 500,21,48.39,60.03,54.4,1.8,53.5,54.18,50.75,66.55,72.0,confirmed_bullish_trend,25.0,bearish_proxy,100.0,58.0,0.0,55,mixed_sideways,50,mixed_or_bearish,55.02,45.080002,0.63,0.02152733,-0.01936043,0.84376279,0.91422522,4H MACD 柱体连续扩张；4H RSI 位于健康强势区间,4H EMA 仍偏震荡；4H MACD 尚未确认多头
176,TRMB,Trimble Inc.,Information Technology,Early,Nasdaq Liquid 500,228,48.22,32.44,65.3,76.0,53.5,49.59,49.55,41.18,15.0,bearish_transition,49.8,bullish_below_zero_proxy,55.12,51.27,0.0,71,early_transition,28,fresh_bearish_cross,44.95,51.849998,0.74,-0.02473437,0.00542947,0.05514854,-0.04318142,4H EMA9 已站上 EMA26，等待 26/50 确认,4H MACD 最近死叉
177,CME,CME Group,Financials,Early,Nasdaq Liquid 500,298,48.14,31.34,65.3,78.0,53.5,50.41,50.45,37.78,15.0,bearish_transition,49.8,bullish_below_zero_proxy,44.6,49.67,0.0,71,early_transition,28,fresh_bearish_cross,41.36,237.380005,1.33,-0.03490330,-0.02537360,-0.03598116,-0.07806434,4H EMA9 已站上 EMA26，等待 26/50 确认,4H MACD 最近死叉
178,NDSN,Nordson Corporation,Industrials,Early,Nasdaq Liquid 500,279,47.99,39.27,67.6,92.4,53.5,54.59,55.1,38.76,35.0,mixed_sideways,25.0,bearish_proxy,48.4,49.93,0.0,50,mixed_sideways,72,fresh_below_zero_cross,51.11,290.070007,0.9,0.02404151,0.01111964,-0.01922198,0.02581610,4H MACD 刚金叉但仍需零轴确认；4H MACD 柱体连续扩张；4H RSI 位于健康强势区间,4H EMA 仍偏震荡
179,INSM,Insmed Incorporated - Common Stock,,Early,Nasdaq Liquid 500,92,47.93,69.7,40.9,38.8,53.5,44.98,42.2,56.94,82.0,early_transition,25.0,bearish_proxy,62.69,48.54,0.0,36,bearish_transition,50,mixed_or_bearish,49.09,108.620003,0.78,0.00156760,-0.01299409,0.13405726,0.15161157,4H MACD 柱体连续扩张；4H RSI 位于健康强势区间,4H EMA 转弱或跌破 EMA26；4H MACD 尚未确认多头
180,DAVE,DAVE INC CLASS A,Financials,Early,Nasdaq Liquid 500,48,47.62,63.61,60.7,4.4,4.2,67.27,65.3,63.49,75.0,confirmed_bullish_trend,60.9,bullish_above_signal_proxy,97.31,56.46,11.9,100,confirmed_bullish_trend,28,fresh_bearish_cross,65.69,438.899994,1.29,-0.02870295,0.05413587,0.39597015,0.70202041,4H EMA 多头排列已连续维持；4H RSI 位于健康强势区间,4H MACD 最近死叉
181,COKE,"Coca-Cola Consolidated, Inc. - Common Stock",,Early,Nasdaq Liquid 500,289,46.82,38.49,65.2,92.8,53.5,55.4,56.0,38.17,35.0,mixed_sideways,25.0,bearish_proxy,48.55,45.71,0.0,56,mixed_sideways,66,bullish_above_signal,52.65,183.089996,0.57,0.00648668,0.03318091,0.00820479,0.01793006,4H MACD 位于 Signal 上方；4H MACD 柱体连续扩张；4H RSI 位于健康强势区间,4H EMA 仍偏震荡
182,HAS,Hasbro,Consumer Discretionary,Early,Nasdaq Liquid 500,322,46.78,41.16,79.7,41.6,2.6,59.21,61.9,35.15,38.0,mixed_sideways,47.55,bullish_below_zero_proxy,61.87,49.37,14.1,64,early_transition,78,bullish_above_signal,73.74,88.779999,1.86,0.08096922,0.13182046,0.04742800,0.05464480,4H EMA9 已站上 EMA26，等待 26/50 确认；4H MACD 位于 Signal 上方；4H MACD 柱体连续扩张,4H 相对 EMA26 超过 2 ATR，短线偏追高；4H RSI 偏热
183,CAR,"Avis Budget Group, Inc. - Common Stock",,Early,Nasdaq Liquid 500,369,46.49,28.19,87.7,45.6,7.0,60.97,63.85,29.88,18.0,bearish_transition,49.8,bullish_below_zero_proxy,29.17,41.83,3.0,74,early_transition,66,bullish_above_signal,53.6,162.240005,8.24,0.01115617,0.01469764,-0.13761760,-0.08178163,4H EMA9 已站上 EMA26，等待 26/50 确认；4H MACD 位于 Signal 上方；4H MACD 柱体连续扩张；4H RSI 位于健康强势区间,
184,ATAI,ATAIBECKLEY INC,Health Care,Early,Nasdaq Liquid 500,87,46.24,62.21,60.1,1.8,1.6,69.14,69.05,57.65,72.0,confirmed_bullish_trend,59.55,bullish_above_signal_proxy,100.0,58.0,17.53,89,confirmed_bullish_trend,70,bullish_above_signal,74.35,7.135,0.4,-0.00971548,0.25837743,0.75955610,0.80861850,4H EMA 多头排列已连续维持；4H MACD 位于 Signal 上方,4H 相对 EMA26 超过 2 ATR，短线偏追高；4H RSI 偏热
185,FBRX,FORTE BIOSCIENCES INC,Health Care,Early,Nasdaq Liquid 500,104,45.98,61.63,60.1,1.8,1.0,67.14,69.05,55.35,72.0,confirmed_bullish_trend,59.55,bullish_above_signal_proxy,100.0,58.0,19.84,89,confirmed_bullish_trend,70,bullish_above_signal,74.46,50.73,0.51,0.01908399,0.17321919,1.84839994,2.06525698,4H EMA 多头排列已连续维持；4H MACD 位于 Signal 上方,4H 相对 EMA26 超过 2 ATR，短线偏追高；4H RSI 偏热
186,EA,Electronic Arts,Communication Services,Early,Nasdaq Liquid 500,185,45.82,57.53,60.1,62.8,2.2,65.8,67.55,44.66,72.0,confirmed_bullish_trend,59.55,bullish_above_signal_proxy,57.45,48.49,16.33,89,confirmed_bullish_trend,70,bullish_above_signal,76.8,209.039993,0.73,-0.00011962,0.01171231,0.03393016,0.02970296,4H EMA 多头排列已连续维持；4H MACD 位于 Signal 上方,4H 相对 EMA26 超过 2 ATR，短线偏追高；4H RSI 过热
187,VISN,VISTANCE NETWORKS INC,Information Technology,Early,Nasdaq Liquid 500,188,45.79,35.72,67.6,86.0,53.5,54.59,55.1,43.96,15.0,bearish_transition,71.8,fresh_below_zero_cross_proxy,46.78,49.86,0.0,50,mixed_sideways,72,fresh_below_zero_cross,55.45,12.48,0.93,0.04391468,0.03354037,-0.01421801,0.06212766,4H MACD 刚金叉但仍需零轴确认；4H MACD 柱体连续扩张；4H RSI 位于健康强势区间,4H EMA 仍偏震荡
188,ONC,BeOne Medicines Ltd. - American Depositary Shares,,Early,Nasdaq Liquid 500,84,45.71,61.5,54.4,12.4,5.6,49.03,46.7,58.06,75.0,confirmed_bullish_trend,60.9,bullish_above_signal_proxy,77.38,51.48,10.6,46,mixed_sideways,50,mixed_or_bearish,67.82,318.684998,0.99,0.02015104,0.04012854,0.17863412,0.17931016,4H MACD 柱体连续扩张；4H RSI 位于健康强势区间,4H EMA 仍偏震荡；4H 相对 EMA26 超过 2 ATR，短线偏追高；4H MACD 尚未确认多头
189,ORLY,O’Reilly Automotive,Consumer Discretionary,Early,Nasdaq Liquid 500,179,44.88,36.37,65.2,84.8,53.5,54.19,54.65,46.79,18.0,bearish_transition,71.8,fresh_below_zero_cross_proxy,53.42,49.43,0.0,53,mixed_sideways,66,bullish_above_signal,55.18,87.970001,0.78,0.04044941,0.02576958,0.01277918,-0.02623417,4H MACD 位于 Signal 上方；4H MACD 柱体连续扩张；4H RSI 位于健康强势区间,4H EMA 仍偏震荡
190,TXG,10X GENOMICS INC CLASS A,Health Care,Early,Nasdaq Liquid 500,94,44.85,61.56,54.4,8.0,3.4,49.03,46.7,56.82,72.0,confirmed_bullish_trend,59.55,bullish_above_signal_proxy,85.47,55.09,13.58,46,mixed_sideways,50,mixed_or_bearish,67.15,47.200001,0.99,0.08818446,0.03034272,0.35788273,0.52208968,4H MACD 柱体连续扩张；4H RSI 位于健康强势区间,4H EMA 仍偏震荡；4H 相对 EMA26 超过 2 ATR，短线偏追高；4H MACD 尚未确认多头
191,TEAM,Atlassian Corporation  - Class A Common Stock,,Early,Nasdaq Liquid 500,177,44.15,45.6,50.8,96.8,53.5,45.95,45.5,47.72,35.0,mixed_sideways,61.8,bullish_above_signal_proxy,49.6,45.92,0.0,58,mixed_sideways,28,fresh_bearish_cross,50.43,90.599998,0.86,-0.06045838,0.01649278,0.09526108,-0.08944726,4H RSI 位于健康强势区间,4H EMA 仍偏震荡；4H MACD 最近死叉
192,EXE,Expand Energy,Energy,Early,Nasdaq Liquid 500,250,44.02,32.03,65.2,89.2,53.5,54.19,54.65,40.2,15.0,bearish_transition,49.8,bullish_below_zero_proxy,52.4,50.23,0.0,53,mixed_sideways,66,bullish_above_signal,51.93,88.580002,0.64,0.00659093,0.00899876,0.01839502,-0.03801042,4H MACD 位于 Signal 上方；4H MACD 柱体连续扩张；4H RSI 位于健康强势区间,4H EMA 仍偏震荡
193,DXCM,Dexcom,Health Care,Early,Nasdaq Liquid 500,169,43.69,46.85,50.8,90.8,53.5,44.73,44.15,49.3,35.0,mixed_sideways,61.8,bullish_above_signal_proxy,52.02,51.65,0.0,55,mixed_sideways,28,fresh_bearish_cross,51.78,74.75,0.7,-0.02134063,0.00849969,0.03160366,0.02622191,4H RSI 位于健康强势区间,4H EMA 仍偏震荡；4H MACD 最近死叉
194,WWD,"Woodward, Inc. - Common Stock",,Early,Nasdaq Liquid 500,319,43.63,37.59,67.6,67.2,53.5,55.12,57.35,35.55,35.0,mixed_sideways,25.0,bearish_proxy,40.59,44.12,0.0,53,mixed_sideways,72,fresh_below_zero_cross,53.0,406.869995,1.46,0.03263873,0.02256900,-0.05407670,0.13762058,4H MACD 刚金叉但仍需零轴确认；4H MACD 柱体连续扩张；4H RSI 位于健康强势区间,4H EMA 仍偏震荡
195,AUR,"Aurora Innovation, Inc.  - Class A Common Stock",,Early,Nasdaq Liquid 500,321,43.11,37.48,67.6,64.0,53.5,54.31,56.45,35.22,35.0,mixed_sideways,25.0,bearish_proxy,39.59,43.92,0.0,53,mixed_sideways,72,fresh_below_zero_cross,52.77,6.31,0.6,0.03275013,0.03020408,0.00317965,0.00238284,4H MACD 刚金叉但仍需零轴确认；4H MACD 柱体连续扩张；4H RSI 位于健康强势区间,4H EMA 仍偏震荡
196,GTX,GARRETT MOTION,Consumer Discretionary,Early,Nasdaq Liquid 500,316,42.89,37.8,65.2,68.2,53.5,52.69,54.65,35.76,35.0,mixed_sideways,25.0,bearish_proxy,40.8,45.16,0.0,53,mixed_sideways,66,bullish_above_signal,51.54,32.360001,0.91,0.03917797,0.02146468,-0.05655971,0.01251571,4H MACD 位于 Signal 上方；4H MACD 柱体连续扩张；4H RSI 位于健康强势区间,4H EMA 仍偏震荡
197,ACIW,ACI WORLDWIDE INC,Information Technology,Early,Nasdaq Liquid 500,164,42.43,54.47,54.4,7.2,5.2,48.52,48.35,50.03,72.0,confirmed_bullish_trend,17.75,fresh_bearish_cross_proxy,88.38,54.68,10.73,55,mixed_sideways,42,mixed_or_bearish,57.66,56.689999,0.65,-0.01988245,0.02811027,0.28723882,0.32422326,4H RSI 位于健康强势区间,4H EMA 仍偏震荡；4H MACD 尚未确认多头
198,WFRD,Weatherford International plc - Ordinary shares,,Early,Nasdaq Liquid 500,300,42.36,30.73,67.6,74.8,53.5,55.4,56.0,37.69,18.0,bearish_transition,51.15,bullish_below_zero_proxy,42.74,44.55,0.0,50,mixed_sideways,72,fresh_below_zero_cross,52.57,83.32,2.25,0.05401641,0.01609756,-0.09059160,-0.14253369,4H MACD 刚金叉但仍需零轴确认；4H MACD 柱体连续扩张；4H RSI 位于健康强势区间,4H EMA 仍偏震荡
199,TNGX,TANGO THERAPEUTICS INC,Health Care,Early,Nasdaq Liquid 500,178,41.81,53.6,40.9,75.6,53.5,42.98,42.2,47.7,72.0,confirmed_bullish_trend,25.0,bearish_proxy,42.89,46.58,0.0,36,bearish_transition,50,mixed_or_bearish,49.09,29.02,0.6,0.03865422,-0.02157788,0.04032981,0.43770133,4H MACD 柱体连续扩张；4H RSI 位于健康强势区间,4H EMA 转弱或跌破 EMA26；4H MACD 尚未确认多头
200,CBRS,Cerebras Systems Inc. - Class A Common Stock,,Early,Nasdaq Liquid 500,216,41.02,44.72,67.6,33.2,53.5,56.62,57.35,41.9,38.0,mixed_sideways,73.15,fresh_below_zero_cross_proxy,20.64,40.13,0.0,53,mixed_sideways,72,fresh_below_zero_cross,57.75,208.570007,1.09,0.19377278,0.02307901,-0.11133358,0.03833331,4H MACD 刚金叉但仍需零轴确认；4H MACD 柱体连续扩张；4H RSI 位于健康强势区间,4H EMA 仍偏震荡
201,BELFB,BEL FUSE INC CLASS B,Information Technology,Early,Nasdaq Liquid 500,333,40.58,37.11,65.2,54.4,53.5,51.97,53.85,33.72,35.0,mixed_sideways,25.0,bearish_proxy,34.62,43.92,0.0,53,mixed_sideways,66,bullish_above_signal,52.59,281.51001,0.52,0.03028538,0.00755195,-0.04988356,0.07323684,4H MACD 位于 Signal 上方；4H MACD 柱体连续扩张；4H RSI 位于健康强势区间,4H EMA 仍偏震荡
202,BKNG,Booking Holdings,Consumer Discretionary,Early,Nasdaq Liquid 500,255,40.4,39.18,50.8,86.8,53.5,44.73,44.15,39.81,35.0,mixed_sideways,25.0,bearish_proxy,53.07,47.61,0.0,55,mixed_sideways,28,fresh_bearish_cross,51.06,179.399994,0.77,0.00145135,0.02619830,0.04441980,0.08104849,4H RSI 位于健康强势区间,4H EMA 仍偏震荡；4H MACD 最近死叉
203,XRAY,DENTSPLY SIRONA INC,Health Care,Early,Nasdaq Liquid 500,89,40.19,61.8,42.8,7.6,3.0,41.11,37.9,57.46,72.0,confirmed_bullish_trend,59.55,bullish_above_signal_proxy,88.03,55.61,13.78,46,mixed_sideways,28,fresh_bearish_cross,68.05,13.65,0.91,-0.00473934,0.07438017,0.32331556,0.36431784,,4H EMA 仍偏震荡；4H 相对 EMA26 超过 2 ATR，短线偏追高；4H MACD 最近死叉；4H RSI 偏热
204,QRVO,"Qorvo, Inc. - Common Stock",,Early,Nasdaq Liquid 500,253,40.06,33.75,65.2,58.8,53.5,55.4,56.0,39.96,15.0,bearish_transition,71.8,fresh_below_zero_cross_proxy,36.71,43.34,0.0,56,mixed_sideways,66,bullish_above_signal,57.02,88.93,0.83,0.03502057,0.07780872,-0.09651529,-0.09559648,4H MACD 位于 Signal 上方；4H MACD 柱体连续扩张；4H RSI 位于健康强势区间,4H EMA 仍偏震荡
205,SBRA,SABRA HEALTH CARE REIT INC,Real Estate,Early,Nasdaq Liquid 500,147,39.6,60.16,61.65,11.2,2.0,71.47,73.85,51.73,75.0,confirmed_bullish_trend,59.55,bullish_above_signal_proxy,78.66,54.23,17.39,89,confirmed_bullish_trend,88,fresh_above_zero_cross,79.25,22.040001,1.95,0.10670348,0.11708064,0.21633553,0.19328653,4H EMA 多头排列已连续维持；4H MACD 零轴上方刚金叉；4H MACD 柱体连续扩张,4H 相对 EMA26 超过 2 ATR，短线偏追高；4H RSI 过热
206,NWSA,News Corp (Class A),Communication Services,Early,Nasdaq Liquid 500,160,39.54,46.65,50.8,63.6,53.5,45.55,45.05,50.4,35.0,mixed_sideways,61.8,bullish_above_signal_proxy,57.27,48.45,0.0,55,mixed_sideways,28,fresh_bearish_cross,50.53,27.525,1.31,-0.03471854,-0.00253666,0.08923625,0.00972120,4H RSI 位于健康强势区间,4H EMA 仍偏震荡；4H MACD 最近死叉
207,AXSM,"Axsome Therapeutics, Inc. - Common Stock",,Early,Nasdaq Liquid 500,308,39.39,38.01,54.4,73.2,53.5,47.96,49.4,37.02,38.0,mixed_sideways,25.0,bearish_proxy,42.33,44.47,0.0,50,mixed_sideways,50,mixed_or_bearish,51.29,236.949997,1.27,0.04569825,0.00731200,-0.05307117,0.01992936,4H MACD 柱体连续扩张；4H RSI 位于健康强势区间,4H EMA 仍偏震荡；4H MACD 尚未确认多头
208,TECH,Bio-Techne,Health Care,Early,Nasdaq Liquid 500,248,39.39,52.94,46.4,14.4,1.4,45.05,44.5,40.35,72.0,confirmed_bullish_trend,22.75,bearish_proxy,75.59,56.37,18.07,46,mixed_sideways,50,mixed_or_bearish,71.34,71.629997,0.56,-0.00041874,0.00547444,0.23617218,0.37776484,4H MACD 柱体连续扩张,4H EMA 仍偏震荡；4H 相对 EMA26 超过 2 ATR，短线偏追高；4H MACD 尚未确认多头；4H RSI 偏热
209,SWKS,Skyworks Solutions,Information Technology,Early,Nasdaq Liquid 500,256,39.3,34.31,65.2,52.4,53.5,55.4,56.0,39.73,15.0,bearish_transition,71.8,fresh_below_zero_cross_proxy,33.83,47.52,0.0,56,mixed_sideways,66,bullish_above_signal,56.73,62.950001,0.97,0.05408573,0.11278064,-0.13124480,-0.14342084,4H MACD 位于 Signal 上方；4H MACD 柱体连续扩张；4H RSI 位于健康强势区间,4H EMA 仍偏震荡
210,IOVA,IOVANCE BIOTHERAPEUTICS INC,Health Care,Early,Nasdaq Liquid 500,69,39.21,62.88,60.1,5.2,3.8,67.8,67.55,60.83,72.0,confirmed_bullish_trend,59.55,bullish_above_signal_proxy,95.94,57.19,13.02,89,confirmed_bullish_trend,70,bullish_above_signal,76.45,5.48,0.7,0.08838133,0.39436656,0.40332907,0.29704142,4H EMA 多头排列已连续维持；4H MACD 位于 Signal 上方,4H 相对 EMA26 超过 2 ATR，短线偏追高；4H RSI 过热
211,LSCC,Lattice Semiconductor Corporation - Common Stock,,Early,Nasdaq Liquid 500,354,39.16,36.84,67.6,39.2,53.5,54.31,56.45,31.44,35.0,mixed_sideways,25.0,bearish_proxy,26.0,45.95,0.0,53,mixed_sideways,72,fresh_below_zero_cross,52.95,135.830002,0.8,0.07316111,0.01433797,-0.11545973,0.00243544,4H MACD 刚金叉但仍需零轴确认；4H MACD 柱体连续扩张；4H RSI 位于健康强势区间,4H EMA 仍偏震荡
212,KLIC,KULICKE AND SOFFA INDUSTRIES INC,Information Technology,Early,Nasdaq Liquid 500,356,39.14,36.25,67.6,40.4,53.5,53.09,55.1,31.21,35.0,mixed_sideways,25.0,bearish_proxy,27.01,42.4,0.0,50,mixed_sideways,72,fresh_below_zero_cross,50.09,108.540001,0.64,0.08426150,-0.01363141,-0.10894013,0.10473283,4H MACD 刚金叉但仍需零轴确认；4H MACD 柱体连续扩张；4H RSI 位于健康强势区间,4H EMA 仍偏震荡
213,SOUN,SOUNDHOUND AI INC CLASS A,Information Technology,Early,Nasdaq Liquid 500,325,39.03,29.76,67.6,54.8,53.5,53.09,55.1,34.88,18.0,bearish_transition,49.8,bullish_below_zero_proxy,34.78,43.96,0.0,50,mixed_sideways,72,fresh_below_zero_cross,50.18,6.555,0.97,0.02341920,-0.01650413,-0.08064516,-0.11299053,4H MACD 刚金叉但仍需零轴确认；4H MACD 柱体连续扩张；4H RSI 位于健康强势区间,4H EMA 仍偏震荡
214,MU,Micron Technology,Information Technology,Early,Nasdaq Liquid 500,351,39.0,36.88,67.6,38.0,53.5,54.31,56.45,31.8,38.0,mixed_sideways,25.0,bearish_proxy,24.35,45.62,0.0,53,mixed_sideways,72,fresh_below_zero_cross,52.26,970.820007,0.62,0.09191321,-0.01213940,-0.14231699,0.12360823,4H MACD 刚金叉但仍需零轴确认；4H MACD 柱体连续扩张；4H RSI 位于健康强势区间,4H EMA 仍偏震荡
215,STX,Seagate Technology,Information Technology,Early,Nasdaq Liquid 500,348,38.95,37.1,67.6,37.2,53.5,54.31,56.45,32.02,38.0,mixed_sideways,26.35,bearish_proxy,24.0,45.55,0.0,53,mixed_sideways,72,fresh_below_zero_cross,54.44,891.830017,0.94,0.10583718,0.01565917,-0.16635822,0.05285342,4H MACD 刚金叉但仍需零轴确认；4H MACD 柱体连续扩张；4H RSI 位于健康强势区间,4H EMA 仍偏震荡
216,CENX,CENTURY ALUMINUM,Materials,Early,Nasdaq Liquid 500,327,38.82,29.69,67.6,53.6,53.5,53.9,56.0,34.66,18.0,bearish_transition,49.8,bullish_below_zero_proxy,34.12,43.82,0.0,50,mixed_sideways,72,fresh_below_zero_cross,50.44,44.799999,1.14,0.10154908,-0.02777784,-0.13432130,-0.25457570,4H MACD 刚金叉但仍需零轴确认；4H MACD 柱体连续扩张；4H RSI 位于健康强势区间,4H EMA 仍偏震荡
217,MELI,"MercadoLibre, Inc. - Common Stock",,Early,Nasdaq Liquid 500,150,38.44,46.86,54.4,46.2,53.5,48.52,48.35,51.41,35.0,mixed_sideways,61.8,bullish_above_signal_proxy,60.79,48.16,0.0,55,mixed_sideways,42,mixed_or_bearish,53.19,1822.650024,0.57,-0.01182993,-0.02705339,0.11567818,0.13410242,4H RSI 位于健康强势区间,4H EMA 仍偏震荡；4H MACD 尚未确认多头
218,HSIC,Henry Schein,Health Care,Early,Nasdaq Liquid 500,224,38.43,39.89,54.4,62.4,53.5,48.52,48.35,41.49,35.0,mixed_sideways,25.0,bearish_proxy,57.7,49.54,0.0,55,mixed_sideways,42,mixed_or_bearish,50.73,85.860001,0.72,-0.00532900,-0.01242237,0.07459323,0.10858624,4H RSI 位于健康强势区间,4H EMA 仍偏震荡；4H MACD 尚未确认多头
219,ONDS,ONDAS INC,Information Technology,Early,Nasdaq Liquid 500,267,38.37,33.53,65.2,48.0,53.5,54.99,55.55,39.18,18.0,bearish_transition,71.8,fresh_below_zero_cross_proxy,31.17,43.23,0.0,53,mixed_sideways,66,bullish_above_signal,54.99,7.66,2.13,0.10693642,0.04217687,-0.17456897,-0.26522782,4H MACD 位于 Signal 上方；4H MACD 柱体连续扩张；4H RSI 位于健康强势区间,4H EMA 仍偏震荡
220,FCEL,FUELCELL ENERGY INC,Industrials,Early,Nasdaq Liquid 500,380,37.87,35.55,67.6,33.6,53.5,53.59,55.65,29.15,35.0,mixed_sideways,25.0,bearish_proxy,20.77,41.15,0.0,53,mixed_sideways,72,fresh_below_zero_cross,50.03,21.639999,0.39,0.09625122,0.01216090,-0.09983369,0.25014444,4H MACD 刚金叉但仍需零轴确认；4H MACD 柱体连续扩张；4H RSI 位于健康强势区间,4H EMA 仍偏震荡
221,META,Meta Platforms,Communication Services,Early,Nasdaq Liquid 500,138,37.72,47.79,54.4,39.2,53.5,47.8,47.55,52.54,35.0,mixed_sideways,61.8,bullish_above_signal_proxy,62.38,52.48,0.0,55,mixed_sideways,42,mixed_or_bearish,53.47,643.809998,0.31,-0.00918014,-0.02612395,0.11536335,0.08634244,4H RSI 位于健康强势区间,4H EMA 仍偏震荡；4H MACD 尚未确认多头
222,CBSH,"Commerce Bancshares, Inc. - Common Stock",,Early,Nasdaq Liquid 500,222,37.63,39.65,54.4,57.6,53.5,48.52,48.35,41.58,35.0,mixed_sideways,25.0,bearish_proxy,58.89,47.78,0.0,55,mixed_sideways,42,mixed_or_bearish,51.12,58.369999,0.77,-0.00519813,0.00776935,0.06631342,0.10049016,4H RSI 位于健康强势区间,4H EMA 仍偏震荡；4H MACD 尚未确认多头
223,WTW,Willis Towers Watson,Financials,Early,Nasdaq Liquid 500,135,37.54,47.8,54.4,38.0,53.5,48.52,48.35,52.68,35.0,mixed_sideways,61.8,bullish_above_signal_proxy,62.94,52.34,0.0,55,mixed_sideways,42,mixed_or_bearish,53.28,288.820007,0.85,-0.01180409,0.00038106,0.13187291,0.09592471,4H RSI 位于健康强势区间,4H EMA 仍偏震荡；4H MACD 尚未确认多头
224,UCTT,ULTRA CLEAN HOLDINGS INC,Information Technology,Early,Nasdaq Liquid 500,386,37.31,35.32,67.6,30.4,53.5,55.12,57.35,28.47,35.0,mixed_sideways,25.0,bearish_proxy,18.68,40.74,0.0,53,mixed_sideways,72,fresh_below_zero_cross,53.16,105.150002,1.32,0.13491635,0.01342558,-0.13299800,0.28106724,4H MACD 刚金叉但仍需零轴确认；4H MACD 柱体连续扩张；4H RSI 位于健康强势区间,4H EMA 仍偏震荡
225,AMBA,AMBARELLA INC,Information Technology,Early,Nasdaq Liquid 500,320,37.15,37.61,54.4,59.2,53.5,47.96,49.4,35.44,38.0,mixed_sideways,25.0,bearish_proxy,37.09,44.42,0.0,50,mixed_sideways,50,mixed_or_bearish,51.73,71.300003,1.33,0.10731486,-0.02154522,0.01973691,0.12354245,4H MACD 柱体连续扩张；4H RSI 位于健康强势区间,4H EMA 仍偏震荡；4H MACD 尚未确认多头
226,SHOP,Shopify Inc. - Class A Subordinate Voting Shares,,Early,Nasdaq Liquid 500,140,37.01,47.15,54.4,36.0,53.5,48.52,48.35,52.27,35.0,mixed_sideways,61.8,bullish_above_signal_proxy,63.4,48.68,0.0,55,mixed_sideways,42,mixed_or_bearish,51.86,123.029999,0.72,-0.02957880,-0.02092953,0.13110235,0.12304880,4H RSI 位于健康强势区间,4H EMA 仍偏震荡；4H MACD 尚未确认多头
227,CCEP,Coca-Cola Europacific Partners plc - Ordinary Shares,,Early,Nasdaq Liquid 500,217,36.76,39.74,54.4,51.6,53.5,49.73,49.7,41.84,35.0,mixed_sideways,25.0,bearish_proxy,59.67,47.93,0.0,58,mixed_sideways,42,mixed_or_bearish,53.32,105.190002,1.01,-0.00416544,-0.00270202,0.08577627,0.11030192,4H RSI 位于健康强势区间,4H EMA 仍偏震荡；4H MACD 尚未确认多头
228,FRVO,Fervo Energy Company - Class A common stock,,Early,Nasdaq Liquid 500,337,36.69,39.53,65.2,22.8,53.5,53.49,55.55,33.22,35.0,mixed_sideways,49.8,bullish_below_zero_proxy,14.3,39.86,0.0,53,mixed_sideways,66,bullish_above_signal,52.28,26.99,1.24,0.05244687,0.07852148,-0.22913247,-0.27776289,4H MACD 位于 Signal 上方；4H MACD 柱体连续扩张；4H RSI 位于健康强势区间,4H EMA 仍偏震荡
229,MTCH,"Match Group, Inc. - Common Stock",,Early,Nasdaq Liquid 500,244,36.66,38.77,54.4,53.2,53.5,48.52,48.35,40.53,35.0,mixed_sideways,20.0,fresh_bearish_cross_proxy,59.47,47.89,0.0,55,mixed_sideways,42,mixed_or_bearish,50.47,38.75,0.6,-0.01311598,0.01043030,0.09308883,0.12579902,4H RSI 位于健康强势区间,4H EMA 仍偏震荡；4H MACD 尚未确认多头
230,ACMR,ACM RESEARCH CLASS A INC,Information Technology,Early,Nasdaq Liquid 500,404,36.58,34.93,67.6,26.4,53.5,53.9,56.0,27.35,35.0,mixed_sideways,25.0,bearish_proxy,15.3,40.06,0.0,50,mixed_sideways,72,fresh_below_zero_cross,51.17,95.269997,1.47,0.12932665,-0.03631402,-0.13217346,0.24846022,4H MACD 刚金叉但仍需零轴确认；4H MACD 柱体连续扩张；4H RSI 位于健康强势区间,4H EMA 仍偏震荡
231,HUT,HUT CORP,Information Technology,Early,Nasdaq Liquid 500,382,36.51,35.43,65.2,31.2,53.5,53.9,56.0,28.8,35.0,mixed_sideways,25.0,bearish_proxy,19.7,40.94,0.0,56,mixed_sideways,66,bullish_above_signal,56.02,108.980003,0.81,0.06874573,0.10842151,-0.12444764,-0.02878528,4H MACD 位于 Signal 上方；4H MACD 柱体连续扩张；4H RSI 位于健康强势区间,4H EMA 仍偏震荡
232,CORZ,CORE SCIENTIFIC INC,Information Technology,Early,Nasdaq Liquid 500,374,36.4,35.79,65.2,29.6,53.5,53.49,55.55,29.68,38.0,mixed_sideways,26.35,bearish_proxy,18.63,40.73,0.0,53,mixed_sideways,66,bullish_above_signal,54.7,24.01,1.14,0.07789001,0.08691716,-0.17717615,-0.07153909,4H MACD 位于 Signal 上方；4H MACD 柱体连续扩张；4H RSI 位于健康强势区间,4H EMA 仍偏震荡
233,SLM,SLM Corporation - Common Stock,,Early,Nasdaq Liquid 500,213,36.36,39.8,54.4,48.8,53.5,49.33,49.25,42.01,35.0,mixed_sideways,25.0,bearish_proxy,60.19,48.04,0.0,55,mixed_sideways,42,mixed_or_bearish,52.01,25.184999,1.33,-0.00826938,-0.01312700,0.09404861,0.12533513,4H RSI 位于健康强势区间,4H EMA 仍偏震荡；4H MACD 尚未确认多头
234,HWC,HANCOCK WHITNEY CORP,Financials,Early,Nasdaq Liquid 500,128,36.36,47.7,50.8,40.0,53.5,45.55,45.05,53.3,38.0,mixed_sideways,63.15,bullish_above_signal_proxy,62.31,49.46,0.0,55,mixed_sideways,28,fresh_bearish_cross,53.55,76.639999,1.41,-0.00873056,0.00842104,0.09096084,0.10495960,4H RSI 位于健康强势区间,4H EMA 仍偏震荡；4H MACD 最近死叉
235,ACGL,Arch Capital Group,Financials,Early,Nasdaq Liquid 500,205,36.24,40.57,54.4,46.2,53.5,50.54,50.6,42.77,35.0,mixed_sideways,25.0,bearish_proxy,60.79,51.91,0.0,58,mixed_sideways,42,mixed_or_bearish,51.88,100.550003,1.22,-0.01431231,-0.00965228,0.10276380,0.10264284,4H RSI 位于健康强势区间,4H EMA 仍偏震荡；4H MACD 尚未确认多头
236,EXPE,Expedia Group,Consumer Discretionary,Early,Nasdaq Liquid 500,209,36.2,40.03,54.4,47.2,53.5,48.52,48.35,42.31,35.0,mixed_sideways,25.0,bearish_proxy,60.63,49.13,0.0,55,mixed_sideways,42,mixed_or_bearish,50.71,264.940002,0.75,-0.00394747,-0.00548045,0.10024916,0.15780273,4H RSI 位于健康强势区间,4H EMA 仍偏震荡；4H MACD 尚未确认多头
237,MPWR,Monolithic Power Systems,Information Technology,Early,Nasdaq Liquid 500,346,36.17,29.49,65.2,42.8,53.5,53.9,56.0,32.34,15.0,bearish_transition,49.8,bullish_below_zero_proxy,28.11,46.37,0.0,56,mixed_sideways,66,bullish_above_signal,53.51,1383.26001,0.98,0.02411365,0.00550274,-0.11511566,-0.06361228,4H MACD 位于 Signal 上方；4H MACD 柱体连续扩张；4H RSI 位于健康强势区间,4H EMA 仍偏震荡
238,NTNX,"Nutanix, Inc. - Class A Common Stock",,Early,Nasdaq Liquid 500,130,36.13,47.38,54.4,29.6,53.5,48.52,48.35,52.95,35.0,mixed_sideways,61.8,bullish_above_signal_proxy,65.46,49.09,0.0,55,mixed_sideways,42,mixed_or_bearish,51.14,54.189999,0.85,-0.01794130,-0.02325164,0.15642334,0.00968886,4H RSI 位于健康强势区间,4H EMA 仍偏震荡；4H MACD 尚未确认多头
239,ECHO,EchoStar,Communication Services,Early,Nasdaq Liquid 500,266,35.9,31.62,41.5,99.2,53.5,5.0,0.0,39.3,15.0,bearish_transition,49.8,bullish_below_zero_proxy,50.0,49.0,0.0,0,insufficient_data,0,insufficient_data,,,,,,,,,4H样本不足：38根
240,AVGO,Broadcom,Information Technology,Early,Nasdaq Liquid 500,313,35.82,30.87,54.4,66.0,53.5,46.43,47.7,36.39,15.0,bearish_transition,49.8,bullish_below_zero_proxy,40.38,48.83,0.0,50,mixed_sideways,50,mixed_or_bearish,51.7,386.5,0.52,0.01310616,-0.00678423,-0.05912999,0.00199619,4H MACD 柱体连续扩张；4H RSI 位于健康强势区间,4H EMA 仍偏震荡；4H MACD 尚未确认多头
241,SHAZ,SHARONAI HOLDINGS INC CLASS A,Information Technology,Early,Nasdaq Liquid 500,406,35.74,34.78,67.6,21.2,53.5,53.9,56.0,27.15,38.0,mixed_sideways,25.0,bearish_proxy,11.96,39.39,0.0,50,mixed_sideways,72,fresh_below_zero_cross,50.14,71.0,1.12,0.16131669,-0.00504486,-0.23292997,0.05489934,4H MACD 刚金叉但仍需零轴确认；4H MACD 柱体连续扩张；4H RSI 位于健康强势区间,4H EMA 仍偏震荡
242,CVLT,COMMVAULT SYSTEMS INC,Information Technology,Early,Nasdaq Liquid 500,206,35.53,40.16,54.4,42.4,53.5,48.52,48.35,42.68,35.0,mixed_sideways,25.0,bearish_proxy,61.76,49.35,0.0,55,mixed_sideways,42,mixed_or_bearish,50.63,146.490005,0.61,-0.00678012,-0.01393372,0.12632637,0.23443168,4H RSI 位于健康强势区间,4H EMA 仍偏震荡；4H MACD 尚未确认多头
243,VIAV,Viavi Solutions Inc. - Common Stock,,Early,Nasdaq Liquid 500,420,35.5,23.98,67.6,44.8,53.5,54.31,56.45,25.69,15.0,bearish_transition,25.0,bearish_proxy,28.91,41.78,0.0,53,mixed_sideways,72,fresh_below_zero_cross,54.26,43.02,0.87,0.09201675,0.02795704,-0.08739922,-0.09545839,4H MACD 刚金叉但仍需零轴确认；4H MACD 柱体连续扩张；4H RSI 位于健康强势区间,4H EMA 仍偏震荡
244,TER,Teradyne,Information Technology,Early,Nasdaq Liquid 500,401,35.47,35.56,65.2,24.0,53.5,52.69,54.65,27.67,35.0,mixed_sideways,25.0,bearish_proxy,14.58,43.67,0.0,53,mixed_sideways,66,bullish_above_signal,54.35,374.040009,0.98,0.10721686,0.05873362,-0.14624176,0.04458562,4H MACD 位于 Signal 上方；4H MACD 柱体连续扩张；4H RSI 位于健康强势区间,4H EMA 仍偏震荡
245,JKHY,Jack Henry & Associates,Financials,Early,Nasdaq Liquid 500,112,35.43,48.47,54.4,22.4,53.5,49.01,48.9,54.63,35.0,mixed_sideways,61.8,bullish_above_signal_proxy,68.83,53.52,0.0,58,mixed_sideways,42,mixed_or_bearish,52.94,148.899994,0.54,-0.02914521,0.02386028,0.17949934,0.14415241,4H RSI 位于健康强势区间,4H EMA 仍偏震荡；4H MACD 尚未确认多头
246,IESC,"IES Holdings, Inc. - Common Stock",,Early,Nasdaq Liquid 500,413,35.24,24.26,65.2,48.8,53.5,52.69,54.65,26.51,15.0,bearish_transition,25.0,bearish_proxy,31.39,42.28,0.0,53,mixed_sideways,66,bullish_above_signal,52.48,647.919983,0.67,0.04844642,0.05129764,-0.08909165,-0.10102882,4H MACD 位于 Signal 上方；4H MACD 柱体连续扩张；4H RSI 位于健康强势区间,4H EMA 仍偏震荡
247,ADP,Automatic Data Processing,Industrials,Early,Nasdaq Liquid 500,129,35.22,47.95,50.8,31.8,53.5,46.76,46.4,53.13,35.0,mixed_sideways,61.8,bullish_above_signal_proxy,64.28,52.61,0.0,58,mixed_sideways,28,fresh_bearish_cross,51.12,246.220001,1.5,-0.03431776,-0.00093324,0.12991600,0.06143036,4H RSI 位于健康强势区间,4H EMA 仍偏震荡；4H MACD 最近死叉
248,RVMD,"Revolution Medicines, Inc. - Common Stock",,Early,Nasdaq Liquid 500,195,35.14,40.27,54.4,39.6,53.5,51.48,51.65,43.63,38.0,mixed_sideways,25.0,bearish_proxy,62.37,48.47,0.0,55,mixed_sideways,50,mixed_or_bearish,50.57,183.289993,2.15,0.00013638,-0.00902905,0.12472002,0.22790908,4H MACD 柱体连续扩张；4H RSI 位于健康强势区间,4H EMA 仍偏震荡；4H MACD 尚未确认多头
249,CIFR,CIPHER DIGITAL INC,Information Technology,Early,Nasdaq Liquid 500,412,35.08,34.77,67.6,16.8,53.5,56.33,58.7,26.7,38.0,mixed_sideways,26.35,bearish_proxy,9.58,38.92,0.0,56,mixed_sideways,72,fresh_below_zero_cross,56.41,22.889999,1.18,0.10981813,0.15285817,-0.21582740,0.01982620,4H MACD 刚金叉但仍需零轴确认；4H MACD 柱体连续扩张；4H RSI 位于健康强势区间,4H EMA 仍偏震荡
250,GMAB,Genmab A/S - American Depositary Shares,,Early,Nasdaq Liquid 500,201,34.62,40.14,54.4,36.4,53.5,48.74,48.6,43.03,35.0,mixed_sideways,25.0,bearish_proxy,63.28,48.66,0.0,52,mixed_sideways,50,mixed_or_bearish,50.36,28.365,0.26,0.00727983,-0.01373435,0.12269943,0.12783300,4H MACD 柱体连续扩张；4H RSI 位于健康强势区间,4H EMA 仍偏震荡；4H MACD 尚未确认多头
251,NBIS,Nebius Group N.V. - Class A Ordinary Shares,,Early,Nasdaq Liquid 500,421,34.48,34.26,67.6,14.0,53.5,54.31,56.45,25.61,38.0,mixed_sideways,26.35,bearish_proxy,6.73,37.35,0.0,53,mixed_sideways,72,fresh_below_zero_cross,54.18,216.919998,0.77,0.16545331,0.11808672,-0.24439178,-0.04842959,4H MACD 刚金叉但仍需零轴确认；4H MACD 柱体连续扩张；4H RSI 位于健康强势区间,4H EMA 仍偏震荡
252,MXL,MAXLINEAR INC,Information Technology,Early,Nasdaq Liquid 500,353,34.39,36.39,54.4,43.6,53.5,47.15,48.5,31.62,35.0,mixed_sideways,25.0,bearish_proxy,28.25,42.65,0.0,50,mixed_sideways,50,mixed_or_bearish,49.83,86.059998,0.7,0.14319871,-0.07012431,-0.03041915,0.06312540,4H MACD 柱体连续扩张；4H RSI 位于健康强势区间,4H EMA 仍偏震荡；4H MACD 尚未确认多头
253,RELY,REMITLY GLOBAL INC,Financials,Early,Nasdaq Liquid 500,215,34.21,39.4,54.4,35.4,53.5,48.52,48.35,41.98,35.0,mixed_sideways,20.0,fresh_bearish_cross_proxy,63.43,49.69,0.0,55,mixed_sideways,42,mixed_or_bearish,51.31,23.83,0.61,-0.01772465,0.01318027,0.12884883,0.26924101,4H RSI 位于健康强势区间,4H EMA 仍偏震荡；4H MACD 尚未确认多头
254,SANM,Sanmina Corporation - Common Stock,,Early,Nasdaq Liquid 500,423,34.14,23.86,65.2,42.4,53.5,53.49,55.55,25.35,15.0,bearish_transition,25.0,bearish_proxy,27.87,41.57,0.0,53,mixed_sideways,66,bullish_above_signal,55.13,219.410004,1.18,0.08471146,0.05617598,-0.09180840,-0.12929085,4H MACD 位于 Signal 上方；4H MACD 柱体连续扩张；4H RSI 位于健康强势区间,4H EMA 仍偏震荡
255,SMTC,Semtech Corporation - Common Stock,,Early,Nasdaq Liquid 500,431,34.04,23.41,67.6,36.4,53.5,54.31,56.45,24.03,15.0,bearish_transition,25.0,bearish_proxy,23.88,40.78,0.0,53,mixed_sideways,72,fresh_below_zero_cross,51.9,137.839996,0.64,0.08237140,-0.02559035,-0.12908326,-0.08575982,4H MACD 刚金叉但仍需零轴确认；4H MACD 柱体连续扩张；4H RSI 位于健康强势区间,4H EMA 仍偏震荡
256,WDC,Western Digital,Information Technology,Early,Nasdaq Liquid 500,436,33.97,34.16,67.6,10.8,53.5,53.59,55.65,23.58,35.0,mixed_sideways,25.0,bearish_proxy,2.19,41.19,0.0,53,mixed_sideways,72,fresh_below_zero_cross,51.36,548.390015,0.5,0.10285299,-0.02680588,-0.26525715,0.07220511,4H MACD 刚金叉但仍需零轴确认；4H MACD 柱体连续扩张；4H RSI 位于健康强势区间,4H EMA 仍偏震荡
257,WDAY,"Workday, Inc.",Information Technology,Early,Nasdaq Liquid 500,99,33.59,49.03,50.8,18.4,53.5,47.95,45.5,56.09,35.0,mixed_sideways,61.8,bullish_above_signal_proxy,73.03,54.86,0.0,58,mixed_sideways,28,fresh_bearish_cross,52.19,141.169998,1.0,-0.04181093,0.00994419,0.20792329,-0.02155532,4H RSI 位于健康强势区间,4H EMA 仍偏震荡；4H MACD 最近死叉
258,LGN,LEGENCE CORP CLASS A,Industrials,Early,Nasdaq Liquid 500,428,33.49,23.72,65.2,38.4,53.5,53.49,55.55,24.53,15.0,bearish_transition,25.0,bearish_proxy,24.93,41.99,0.0,53,mixed_sideways,66,bullish_above_signal,50.01,72.550003,1.49,0.06550165,0.03872864,-0.15166037,-0.13311027,4H MACD 位于 Signal 上方；4H MACD 柱体连续扩张；4H RSI 位于健康强势区间,4H EMA 仍偏震荡
259,MEDP,"Medpace Holdings, Inc. - Common Stock",,Early,Nasdaq Liquid 500,186,33.15,40.56,54.4,25.6,53.5,50.68,50.75,44.25,35.0,mixed_sideways,25.0,bearish_proxy,66.96,49.39,0.0,55,mixed_sideways,50,mixed_or_bearish,50.5,531.669983,0.93,-0.00481991,-0.00816163,0.15550289,0.16981671,4H MACD 柱体连续扩张；4H RSI 位于健康强势区间,4H EMA 仍偏震荡；4H MACD 尚未确认多头
260,POWL,"Powell Industries, Inc. - Common Stock",,Early,Nasdaq Liquid 500,437,32.77,23.21,65.2,34.8,53.5,52.69,54.65,23.45,15.0,bearish_transition,25.0,bearish_proxy,22.12,40.42,0.0,53,mixed_sideways,66,bullish_above_signal,50.25,244.389999,0.82,0.05833189,0.04244155,-0.17769183,-0.14152731,4H MACD 位于 Signal 上方；4H MACD 柱体连续扩张；4H RSI 位于健康强势区间,4H EMA 仍偏震荡
261,XE,"X-Energy, Inc. - Class A Common Stock",,Early,Nasdaq Liquid 500,409,32.24,27.18,65.2,22.0,53.5,52.69,54.65,27.07,15.0,bearish_transition,49.8,bullish_below_zero_proxy,13.84,39.77,0.0,53,mixed_sideways,66,bullish_above_signal,53.67,16.790001,0.89,0.09810340,0.09381114,-0.22015791,-0.21578697,4H MACD 位于 Signal 上方；4H MACD 柱体连续扩张；4H RSI 位于健康强势区间,4H EMA 仍偏震荡
262,GSAT,"Globalstar, Inc. - Common Stock",,Early,Nasdaq Liquid 500,293,32.18,38.41,54.1,91.6,53.5,48.92,48.8,37.96,35.0,mixed_sideways,25.0,bearish_proxy,47.9,45.58,0.0,36,bearish_transition,72,fresh_below_zero_cross,48.4,79.870003,1.01,0.00364414,-0.00361778,-0.00683903,-0.01999996,4H MACD 刚金叉但仍需零轴确认；4H MACD 柱体连续扩张；4H RSI 位于健康强势区间,4H EMA 转弱或跌破 EMA26
263,STRL,"Sterling Infrastructure, Inc. - Common Stock",,Early,Nasdaq Liquid 500,447,31.65,22.75,65.2,28.4,53.5,52.69,54.65,22.08,15.0,bearish_transition,25.0,bearish_proxy,17.98,39.6,0.0,53,mixed_sideways,66,bullish_above_signal,49.99,694.400024,0.71,0.05414571,0.02284613,-0.19472113,-0.21179578,4H MACD 位于 Signal 上方；4H MACD 柱体连续扩张；4H RSI 位于健康强势区间,4H EMA 仍偏震荡
264,KYMR,KYMERA THERAPEUTICS INC,Health Care,Early,Nasdaq Liquid 500,172,31.62,42.2,54.4,11.6,53.5,50.68,50.75,48.27,35.0,mixed_sideways,25.0,bearish_proxy,78.24,53.65,0.0,55,mixed_sideways,50,mixed_or_bearish,52.14,113.370003,0.69,-0.00452210,0.01223217,0.25464809,0.52789768,4H MACD 柱体连续扩张；4H RSI 位于健康强势区间,4H EMA 仍偏震荡；4H MACD 尚未确认多头
265,ARGX,argenx SE - American Depositary Shares,,Early,Nasdaq Liquid 500,301,31.6,38.31,54.1,88.0,53.5,46.7,48.0,37.66,35.0,mixed_sideways,25.0,bearish_proxy,47.0,45.4,0.0,36,bearish_transition,72,fresh_below_zero_cross,49.06,874.73999,0.5,0.01686759,0.01918973,-0.00291804,-0.01912985,4H MACD 刚金叉但仍需零轴确认；4H MACD 柱体连续扩张；4H RSI 位于健康强势区间,4H EMA 转弱或跌破 EMA26
266,PANW,Palo Alto Networks,Information Technology,Early,Nasdaq Liquid 500,180,31.53,42.1,50.8,20.8,53.5,44.73,44.15,46.47,35.0,mixed_sideways,25.0,bearish_proxy,71.09,55.97,0.0,55,mixed_sideways,28,fresh_bearish_cross,51.12,342.149994,0.7,-0.05108582,-0.03040697,0.18946637,0.25730345,4H RSI 位于健康强势区间,4H EMA 仍偏震荡；4H MACD 最近死叉
267,MFP,"Midera Food Processing, Inc. - Common Stock",,Early,Nasdaq Liquid 500,472,31.33,33.74,41.5,99.2,0.4,3.5,0.0,18.5,35.0,mixed_sideways,22.75,bearish_proxy,50.0,48.75,20.0,0,insufficient_data,0,insufficient_data,,,,,,,,,4H样本不足：22根
268,CRNX,CRINETICS PHARMACEUTICALS INC,Health Care,Early,Nasdaq Liquid 500,103,31.3,62.2,43.05,1.8,0.4,57.52,58.35,55.67,72.0,confirmed_bullish_trend,59.55,bullish_above_signal_proxy,100.0,61.25,20.0,89,confirmed_bullish_trend,42,mixed_or_bearish,93.05,83.900002,0.12,0.00029809,0.00226978,1.37005642,1.53474342,4H EMA 多头排列已连续维持,4H 相对 EMA26 超过 2 ATR，短线偏追高；4H MACD 尚未确认多头；4H RSI 过热
269,BSP,Bending Spoons S.p.A. - Ordinary Shares,,Early,Nasdaq Liquid 500,473,31.15,33.22,41.5,99.2,0.4,3.5,0.0,18.09,35.0,mixed_sideways,22.75,bearish_proxy,50.0,46.0,20.0,0,insufficient_data,0,insufficient_data,,,,,,,,,4H样本不足：28根
270,VRNS,VARONIS SYSTEMS INC,Information Technology,Early,Nasdaq Liquid 500,146,30.99,42.8,54.4,6.0,53.5,48.52,48.35,51.95,35.0,mixed_sideways,20.0,fresh_bearish_cross_proxy,93.65,55.73,0.0,55,mixed_sideways,42,mixed_or_bearish,54.23,46.18,0.99,-0.04240535,-0.04151100,0.38387778,0.41266447,4H RSI 位于健康强势区间,4H EMA 仍偏震荡；4H MACD 尚未确认多头
271,ABVX,Abivax SA - American Depositary Shares,,Early,Nasdaq Liquid 500,162,30.85,42.05,54.4,6.8,53.5,49.96,49.95,50.15,35.0,mixed_sideways,20.0,fresh_bearish_cross_proxy,88.63,53.73,0.0,55,mixed_sideways,50,mixed_or_bearish,53.02,134.089996,0.54,-0.00821007,-0.00593078,0.35389736,0.31926404,4H MACD 柱体连续扩张；4H RSI 位于健康强势区间,4H EMA 仍偏震荡；4H MACD 尚未确认多头
272,ALM,Almonty Industries Inc. - Common Shares,,Early,Nasdaq Liquid 500,464,30.83,21.94,67.6,18.4,53.5,54.31,56.45,19.72,15.0,bearish_transition,25.0,bearish_proxy,10.81,38.16,0.0,53,mixed_sideways,72,fresh_below_zero_cross,49.98,15.0,0.86,0.08932462,-0.04912837,-0.20170308,-0.07975454,4H MACD 刚金叉但仍需零轴确认；4H MACD 柱体连续扩张；4H RSI 位于健康强势区间,4H EMA 仍偏震荡
273,RIOT,RIOT PLATFORMS INC,Information Technology,Early,Nasdaq Liquid 500,449,30.67,22.85,65.2,21.6,53.5,52.69,54.65,21.83,18.0,bearish_transition,25.0,bearish_proxy,13.59,40.72,0.0,53,mixed_sideways,66,bullish_above_signal,51.09,21.49,0.93,0.08810127,0.06412478,-0.23577528,-0.12819473,4H MACD 位于 Signal 上方；4H MACD 柱体连续扩张；4H RSI 位于健康强势区间,4H EMA 仍偏震荡
274,IREN,IREN Limited - Ordinary Shares,,Early,Nasdaq Liquid 500,383,30.56,29.84,65.2,4.6,53.5,52.69,54.65,28.75,18.0,bearish_transition,71.8,fresh_below_zero_cross_proxy,0.0,36.0,0.0,53,mixed_sideways,66,bullish_above_signal,50.74,41.290001,0.77,0.01700507,0.06955060,-0.31217722,-0.24050401,4H MACD 位于 Signal 上方；4H MACD 柱体连续扩张；4H RSI 位于健康强势区间,4H EMA 仍偏震荡
275,GLXY,Galaxy Digital Inc. - Class A common stock,,Early,Nasdaq Liquid 500,454,29.96,22.38,65.2,18.0,53.5,53.49,55.55,20.84,18.0,bearish_transition,26.35,bearish_proxy,10.45,38.09,0.0,53,mixed_sideways,66,bullish_above_signal,52.78,25.41,1.09,0.06809579,0.04869996,-0.25658280,0.01073990,4H MACD 位于 Signal 上方；4H MACD 柱体连续扩张；4H RSI 位于健康强势区间,4H EMA 仍偏震荡
276,APGE,APOGEE THERAPEUTICS INC,Health Care,Early,Nasdaq Liquid 500,181,28.64,54.6,43.05,1.8,0.4,59.68,60.75,45.99,72.0,confirmed_bullish_trend,22.75,bearish_proxy,100.0,58.0,20.0,89,confirmed_bullish_trend,50,mixed_or_bearish,82.19,134.199997,0.28,0.00078300,0.00179150,0.48500600,0.54377082,4H EMA 多头排列已连续维持；4H MACD 柱体连续扩张,4H 相对 EMA26 超过 2 ATR，短线偏追高；4H MACD 尚未确认多头；4H RSI 过热
277,AAOI,"Applied Optoelectronics, Inc. - Common Stock",,Early,Nasdaq Liquid 500,479,28.16,21.0,65.2,9.2,53.5,52.69,54.65,17.19,18.0,bearish_transition,25.0,bearish_proxy,0.44,36.09,0.0,53,mixed_sideways,66,bullish_above_signal,50.65,119.260002,0.69,0.14211841,-0.04911494,-0.26259813,-0.32646203,4H MACD 位于 Signal 上方；4H MACD 柱体连续扩张；4H RSI 位于健康强势区间,4H EMA 仍偏震荡
278,CYTK,CYTOKINETICS INC,Health Care,Early,Nasdaq Liquid 500,278,27.93,38.98,40.9,97.2,53.5,40.64,39.6,38.83,35.0,mixed_sideways,25.0,bearish_proxy,49.65,47.93,0.0,36,bearish_transition,50,mixed_or_bearish,47.06,81.110001,0.54,0.01128357,-0.01000853,0.03049170,0.13472297,4H MACD 柱体连续扩张,4H EMA 转弱或跌破 EMA26；4H MACD 尚未确认多头
279,COST,Costco,Consumer Staples,Early,Nasdaq Liquid 500,288,27.73,31.36,51.7,84.8,53.5,39.07,37.85,38.22,15.0,bearish_transition,49.8,bullish_below_zero_proxy,46.37,49.02,0.0,25,confirmed_bearish_trend,58,bullish_above_signal,46.33,929.219971,0.59,-0.00726485,0.00811507,-0.02301523,-0.04385501,4H MACD 位于 Signal 上方,4H EMA 空头排列
280,HONA,Honeywell Aerospace,Industrials,Early,Nasdaq Liquid 500,500,27.03,33.12,41.5,72.0,0.4,3.5,0.0,16.09,35.0,mixed_sideways,22.75,bearish_proxy,42.0,48.65,20.0,0,insufficient_data,0,insufficient_data,,,,,,,,,4H样本不足：32根
281,SOFI,"SoFi Technologies, Inc.  - Common Stock",,Early,Nasdaq Liquid 500,291,26.97,38.47,40.9,92.0,53.5,42.98,42.2,38.11,35.0,mixed_sideways,25.0,bearish_proxy,48.36,45.67,0.0,36,bearish_transition,50,mixed_or_bearish,48.08,17.639999,0.86,0.02083918,-0.04931291,-0.01480045,0.09975049,4H MACD 柱体连续扩张；4H RSI 位于健康强势区间,4H EMA 转弱或跌破 EMA26；4H MACD 尚未确认多头
282,SAIL,"SailPoint, Inc. - Common Stock",,Early,Nasdaq Liquid 500,170,26.76,46.09,37.3,82.4,53.5,36.73,35.25,49.16,35.0,mixed_sideways,61.8,bullish_above_signal_proxy,53.96,46.79,0.0,41,bearish_transition,28,fresh_bearish_cross,46.69,14.77,0.49,-0.03590078,-0.02799531,0.10927525,-0.19024123,,4H EMA 转弱或跌破 EMA26；4H MACD 最近死叉
283,DOX,Amdocs Limited - Ordinary Shares,,Early,Nasdaq Liquid 500,275,26.48,31.1,43.7,98.4,53.5,39.88,38.75,38.97,15.0,bearish_transition,49.8,bullish_below_zero_proxy,50.37,46.07,0.0,25,confirmed_bearish_trend,58,bullish_above_signal,43.66,51.610001,1.2,-0.02815176,-0.00654475,0.00272003,-0.14126451,4H MACD 位于 Signal 上方,4H EMA 空头排列
284,SBUX,Starbucks,Consumer Discretionary,Early,Nasdaq Liquid 500,280,26.43,38.54,40.9,88.2,53.5,40.01,38.9,38.75,35.0,mixed_sideways,20.0,fresh_bearish_cross_proxy,52.84,49.32,0.0,38,bearish_transition,42,mixed_or_bearish,47.37,104.449997,0.81,0.00394075,-0.01620044,0.03816714,0.09589759,,4H EMA 转弱或跌破 EMA26；4H MACD 尚未确认多头
285,KMB,Kimberly-Clark,Consumer Staples,Early,Nasdaq Liquid 500,246,26.17,39.77,40.9,83.6,53.5,39.29,38.1,40.44,35.0,mixed_sideways,25.0,bearish_proxy,53.73,50.5,0.0,38,bearish_transition,42,mixed_or_bearish,47.28,108.050003,0.42,-0.00272277,0.01142002,0.05394075,0.09086320,,4H EMA 转弱或跌破 EMA26；4H MACD 尚未确认多头
286,ROAD,CONSTRUCTION PARTNERS INC CLASS A,Industrials,Early,Nasdaq Liquid 500,202,26.14,35.4,51.7,64.8,53.5,45.55,45.05,42.93,18.0,bearish_transition,73.15,fresh_below_zero_cross_proxy,40.02,48.25,0.0,39,bearish_transition,58,bullish_above_signal,47.88,103.209999,2.35,0.00574933,0.06183130,-0.16034819,-0.06614186,4H MACD 位于 Signal 上方,4H EMA 转弱或跌破 EMA26
287,STLD,Steel Dynamics,Materials,Early,Nasdaq Liquid 500,294,26.13,30.92,51.7,75.2,53.5,45.95,45.5,37.85,18.0,bearish_transition,51.15,bullish_below_zero_proxy,42.76,45.55,0.0,36,bearish_transition,58,bullish_above_signal,49.24,233.520004,1.24,0.01429009,0.00068565,-0.06535922,-0.13047362,4H MACD 位于 Signal 上方；4H RSI 位于健康强势区间,4H EMA 转弱或跌破 EMA26
288,FCNCA,"First Citizens BancShares, Inc. - Class A Common Stock",,Early,Nasdaq Liquid 500,269,25.83,38.81,37.3,93.2,53.5,35.42,33.8,39.13,35.0,mixed_sideways,25.0,bearish_proxy,51.45,46.29,0.0,36,bearish_transition,28,fresh_bearish_cross,45.91,2071.159912,0.77,-0.00034997,0.00473953,-0.00028000,-0.00225940,,4H EMA 转弱或跌破 EMA26；4H MACD 最近死叉
289,RGLD,"Royal Gold, Inc. - Common Stock",,Early,Nasdaq Liquid 500,254,25.56,33.75,54.1,58.4,53.5,48.92,48.8,39.96,15.0,bearish_transition,71.8,fresh_below_zero_cross_proxy,36.69,43.34,0.0,36,bearish_transition,72,fresh_below_zero_cross,48.27,194.009995,0.78,0.03257223,0.00206598,-0.09691387,-0.05829535,4H MACD 刚金叉但仍需零轴确认；4H MACD 柱体连续扩张；4H RSI 位于健康强势区间,4H EMA 转弱或跌破 EMA26
290,ALGN,Align Technology,Health Care,Early,Nasdaq Liquid 500,302,25.51,38.57,40.9,82.0,53.5,41.48,42.2,37.62,35.0,mixed_sideways,25.0,bearish_proxy,45.96,47.19,0.0,36,bearish_transition,50,mixed_or_bearish,48.77,177.5,0.6,0.00846546,-0.00565792,-0.02504668,0.05878491,4H MACD 柱体连续扩张；4H RSI 位于健康强势区间,4H EMA 转弱或跌破 EMA26；4H MACD 尚未确认多头
291,WEN,WENDYS,Consumer Discretionary,Early,Nasdaq Liquid 500,211,25.4,39.97,51.7,49.2,53.5,51.62,51.8,42.12,35.0,mixed_sideways,25.0,bearish_proxy,60.06,49.01,0.0,44,bearish_transition,70,bullish_above_signal,48.64,7.63,0.58,-0.02116742,0.02831575,0.12205882,0.13457249,4H MACD 位于 Signal 上方；4H RSI 位于健康强势区间,4H EMA 转弱或跌破 EMA26
292,FFIV,"F5, Inc.",Information Technology,Early,Nasdaq Liquid 500,247,25.13,39.37,40.9,77.6,53.5,42.98,42.2,40.37,35.0,mixed_sideways,25.0,bearish_proxy,54.77,47.95,0.0,38,bearish_transition,50,mixed_or_bearish,46.37,408.73999,1.49,-0.02024284,-0.05226305,0.05946087,0.03936322,4H MACD 柱体连续扩张,4H EMA 转弱或跌破 EMA26；4H MACD 尚未确认多头
293,TGTX,TG THERAPEUTICS INC,Health Care,Early,Nasdaq Liquid 500,274,25.05,39.04,32.9,99.2,53.5,42.17,41.3,38.98,35.0,mixed_sideways,25.0,bearish_proxy,50.09,48.02,0.0,38,bearish_transition,50,mixed_or_bearish,44.3,53.950001,0.73,-0.01730421,-0.01766200,0.01486082,0.34404590,4H MACD 柱体连续扩张,4H EMA 转弱或跌破 EMA26；4H MACD 尚未确认多头
294,ABNB,Airbnb,Consumer Discretionary,Early,Nasdaq Liquid 500,272,24.57,38.93,32.9,96.2,53.5,40.01,38.9,39.07,35.0,mixed_sideways,25.0,bearish_proxy,50.82,47.16,0.0,38,bearish_transition,42,mixed_or_bearish,44.43,144.100006,0.75,-0.00822459,-0.01658359,0.01229364,0.07875433,,4H EMA 转弱或跌破 EMA26；4H MACD 尚未确认多头
295,SIRI,SiriusXM Holdings Inc. - Common Stock,,Early,Nasdaq Liquid 500,245,24.5,39.29,40.9,73.6,53.5,42.84,42.05,40.52,35.0,mixed_sideways,25.0,bearish_proxy,55.67,47.13,0.0,41,bearish_transition,42,mixed_or_bearish,49.63,30.290001,0.79,-0.01511943,-0.00378227,0.08024251,0.12164422,4H RSI 位于健康强势区间,4H EMA 转弱或跌破 EMA26；4H MACD 尚未确认多头
296,CACC,Credit Acceptance Corporation - Common Stock,,Early,Nasdaq Liquid 500,242,24.42,39.3,40.9,73.0,53.5,39.29,38.1,40.57,35.0,mixed_sideways,25.0,bearish_proxy,55.82,47.16,0.0,38,bearish_transition,42,mixed_or_bearish,45.85,618.474976,0.47,-0.00701618,0.00151407,0.06716416,0.13623414,,4H EMA 转弱或跌破 EMA26；4H MACD 尚未确认多头
297,KRYS,KRYSTAL BIOTECH INC,Health Care,Early,Nasdaq Liquid 500,281,24.29,38.91,32.9,94.4,53.5,39.2,38.0,38.6,35.0,mixed_sideways,25.0,bearish_proxy,48.95,47.79,0.0,36,bearish_transition,42,mixed_or_bearish,41.0,339.059998,0.9,-0.01400219,-0.00110478,-0.02493317,0.12914613,,4H EMA 转弱或跌破 EMA26；4H MACD 尚未确认多头
298,MIRM,MIRUM PHARMACEUTICALS INC,Health Care,Early,Nasdaq Liquid 500,221,24.28,40.37,40.9,69.6,53.5,42.98,42.2,41.59,35.0,mixed_sideways,25.0,bearish_proxy,56.51,52.55,0.0,38,bearish_transition,50,mixed_or_bearish,45.07,117.050003,1.47,0.00476415,-0.03144390,0.09372086,0.25280962,4H MACD 柱体连续扩张,4H EMA 转弱或跌破 EMA26；4H MACD 尚未确认多头
299,ARWR,"Arrowhead Pharmaceuticals, Inc. - Common Stock",,Early,Nasdaq Liquid 500,363,24.26,26.09,54.1,67.6,53.5,47.02,48.35,30.19,15.0,bearish_transition,25.0,bearish_proxy,40.61,48.37,0.0,39,bearish_transition,72,fresh_below_zero_cross,45.97,74.519997,0.68,0.02722447,0.03615127,-0.08894188,0.01998356,4H MACD 刚金叉但仍需零轴确认；4H MACD 柱体连续扩张,4H EMA 转弱或跌破 EMA26
300,GEN,Gen Digital,Information Technology,Early,Nasdaq Liquid 500,251,24.1,39.18,40.9,71.2,53.5,43.66,42.95,40.05,35.0,mixed_sideways,20.0,fresh_bearish_cross_proxy,56.1,51.47,0.0,41,bearish_transition,42,mixed_or_bearish,48.66,26.110001,1.06,-0.02828433,-0.01731272,0.08071196,-0.00609056,4H RSI 位于健康强势区间,4H EMA 转弱或跌破 EMA26；4H MACD 尚未确认多头
301,VRTX,Vertex Pharmaceuticals,Health Care,Early,Nasdaq Liquid 500,220,24.07,40.38,40.9,68.2,53.5,42.17,41.3,41.64,35.0,mixed_sideways,25.0,bearish_proxy,56.67,52.58,0.0,38,bearish_transition,50,mixed_or_bearish,46.2,482.0,0.76,-0.00743392,0.01196727,0.06748168,0.07871006,4H MACD 柱体连续扩张,4H EMA 转弱或跌破 EMA26；4H MACD 尚未确认多头
302,CDW,CDW Corporation,Information Technology,Early,Nasdaq Liquid 500,265,24.05,39.01,32.9,92.6,53.5,37.85,36.5,39.3,35.0,mixed_sideways,25.0,bearish_proxy,51.52,47.3,0.0,36,bearish_transition,42,mixed_or_bearish,38.97,129.720001,1.18,-0.01488451,-0.06957393,0.01043773,-0.02458834,,4H EMA 转弱或跌破 EMA26；4H MACD 尚未确认多头；4H RSI 偏弱
303,CART,Maplebear Inc. - Common Stock,,Early,Nasdaq Liquid 500,268,23.9,38.82,32.9,92.0,53.5,40.01,38.9,39.16,35.0,mixed_sideways,25.0,bearish_proxy,51.54,46.31,0.0,38,bearish_transition,42,mixed_or_bearish,41.45,45.450001,1.02,-0.03019313,-0.04716981,0.02020207,0.10181821,,4H EMA 转弱或跌破 EMA26；4H MACD 尚未确认多头
304,PFG,Principal Financial Group,Financials,Early,Nasdaq Liquid 500,239,23.89,39.83,32.9,89.6,53.5,40.82,39.8,40.84,38.0,mixed_sideways,25.0,bearish_proxy,52.2,50.19,0.0,38,bearish_transition,42,mixed_or_bearish,40.03,109.57,1.63,-0.02265633,-0.02949515,-0.00009128,0.04114407,,4H EMA 转弱或跌破 EMA26；4H MACD 尚未确认多头
305,EQIX,Equinix,Real Estate,Early,Nasdaq Liquid 500,359,23.71,26.23,51.7,70.0,53.5,47.83,49.25,30.6,15.0,bearish_transition,25.0,bearish_proxy,41.86,48.62,0.0,39,bearish_transition,66,bullish_above_signal,48.94,1027.880005,1.21,0.00970531,0.00444626,-0.05804509,-0.04878768,4H MACD 位于 Signal 上方；4H MACD 柱体连续扩张；4H RSI 位于健康强势区间,4H EMA 转弱或跌破 EMA26
306,EVRG,Evergy,Utilities,Early,Nasdaq Liquid 500,226,23.63,40.1,32.9,87.2,53.5,40.01,38.9,41.25,38.0,mixed_sideways,25.0,bearish_proxy,52.99,51.35,0.0,36,bearish_transition,42,mixed_or_bearish,43.95,84.919998,1.44,-0.00176328,-0.01769808,0.02933331,0.01981507,,4H EMA 转弱或跌破 EMA26；4H MACD 尚未确认多头
307,FHB,"First Hawaiian, Inc. - Common Stock",,Early,Nasdaq Liquid 500,237,23.62,39.42,40.9,67.4,53.5,41.36,40.4,40.92,35.0,mixed_sideways,25.0,bearish_proxy,56.87,47.37,0.0,36,bearish_transition,50,mixed_or_bearish,47.29,29.059999,0.55,0.00640689,0.01893405,0.04083091,0.06291145,4H MACD 柱体连续扩张,4H EMA 转弱或跌破 EMA26；4H MACD 尚未确认多头
308,UMBF,UMB FINANCIAL CORP,Financials,Early,Nasdaq Liquid 500,233,23.59,39.61,40.9,66.8,53.5,42.84,42.05,41.07,35.0,mixed_sideways,25.0,bearish_proxy,56.88,48.38,0.0,41,bearish_transition,42,mixed_or_bearish,49.38,143.809998,0.8,-0.00346476,0.00862671,0.08014924,0.10665642,4H RSI 位于健康强势区间,4H EMA 转弱或跌破 EMA26；4H MACD 尚未确认多头
309,ROP,Roper Technologies,Information Technology,Early,Nasdaq Liquid 500,273,23.53,38.4,37.3,78.8,53.5,38.66,37.4,39.04,35.0,mixed_sideways,20.0,fresh_bearish_cross_proxy,54.53,47.91,0.0,44,bearish_transition,28,fresh_bearish_cross,45.94,350.690002,0.82,-0.04224929,0.01162522,0.06187642,0.05540509,,4H EMA 转弱或跌破 EMA26；4H MACD 最近死叉
310,BKR,Baker Hughes,Energy,Early,Nasdaq Liquid 500,290,23.22,31.33,40.9,83.6,53.5,43.79,43.1,38.14,15.0,bearish_transition,49.8,bullish_below_zero_proxy,46.15,48.98,0.0,36,bearish_transition,50,mixed_or_bearish,48.68,56.380001,1.69,0.00885753,-0.02406091,-0.03458906,-0.09921711,4H MACD 柱体连续扩张；4H RSI 位于健康强势区间,4H EMA 转弱或跌破 EMA26；4H MACD 尚未确认多头
311,OZK,Bank OZK - Common Stock,,Early,Nasdaq Liquid 500,270,23.01,38.29,37.3,75.6,53.5,38.26,36.95,39.12,35.0,mixed_sideways,20.0,fresh_bearish_cross_proxy,55.21,47.04,0.0,41,bearish_transition,28,fresh_bearish_cross,46.44,50.779999,1.91,-0.01244650,0.00000000,0.03085670,0.02399675,,4H EMA 转弱或跌破 EMA26；4H MACD 最近死叉
312,VLY,VALLEY NATIONAL,Financials,Early,Nasdaq Liquid 500,218,22.92,39.75,37.3,71.6,53.5,38.66,37.4,41.71,38.0,mixed_sideways,25.0,bearish_proxy,56.08,48.22,0.0,38,bearish_transition,28,fresh_bearish_cross,49.19,14.68,1.13,0.00034072,0.00754976,0.04224352,0.06531205,4H RSI 位于健康强势区间,4H EMA 转弱或跌破 EMA26；4H MACD 最近死叉
313,MKSI,MKS Inc. - Common Stock,,Early,Nasdaq Liquid 500,367,22.88,35.68,54.1,36.0,53.5,45.8,47.0,29.94,35.0,mixed_sideways,25.0,bearish_proxy,23.6,40.72,0.0,36,bearish_transition,72,fresh_below_zero_cross,46.92,345.440002,0.69,0.05280165,-0.03492205,-0.14909968,0.14543410,4H MACD 刚金叉但仍需零轴确认；4H MACD 柱体连续扩张,4H EMA 转弱或跌破 EMA26
314,TTEK,"Tetra Tech, Inc. - Common Stock",,Early,Nasdaq Liquid 500,149,22.86,46.87,40.9,45.0,53.5,41.23,40.25,51.45,35.0,mixed_sideways,61.8,bullish_above_signal_proxy,60.91,48.18,0.0,41,bearish_transition,42,mixed_or_bearish,45.98,30.51,0.99,-0.03065925,-0.01960157,0.11594733,0.09374440,,4H EMA 转弱或跌破 EMA26；4H MACD 尚未确认多头
315,KTOS,"Kratos Defense & Security Solutions, Inc. - Common Stock",,Early,Nasdaq Liquid 500,304,22.82,33.47,54.1,40.8,53.5,45.8,47.0,37.44,15.0,bearish_transition,71.8,fresh_below_zero_cross_proxy,27.14,45.68,0.0,36,bearish_transition,72,fresh_below_zero_cross,47.08,48.209999,0.62,0.03657798,-0.04307269,-0.11035247,-0.17624951,4H MACD 刚金叉但仍需零轴确认；4H MACD 柱体连续扩张,4H EMA 转弱或跌破 EMA26
316,PTCT,PTC THERAPEUTICS INC,Health Care,Early,Nasdaq Liquid 500,299,22.81,38.62,32.9,85.2,53.5,39.2,38.0,37.77,35.0,mixed_sideways,25.0,bearish_proxy,46.43,47.29,0.0,36,bearish_transition,50,mixed_or_bearish,39.46,78.5,0.98,0.00576550,0.00589440,-0.00532182,0.10625706,4H MACD 柱体连续扩张,4H EMA 转弱或跌破 EMA26；4H MACD 尚未确认多头；4H RSI 偏弱
317,VSEC,VSE CORP,Industrials,Early,Nasdaq Liquid 500,318,22.76,37.75,40.9,65.6,53.5,39.14,39.6,35.6,35.0,mixed_sideways,25.0,bearish_proxy,40.31,45.06,0.0,36,bearish_transition,50,mixed_or_bearish,45.15,202.529999,0.44,0.02822764,-0.02956396,-0.07647061,0.12220525,4H MACD 柱体连续扩张,4H EMA 转弱或跌破 EMA26；4H MACD 尚未确认多头
318,CSGP,CoStar Group,Real Estate,Early,Nasdaq Liquid 500,312,22.73,30.69,43.7,74.4,53.5,36.35,36.5,36.77,15.0,bearish_transition,49.8,bullish_below_zero_proxy,42.56,47.01,0.0,22,confirmed_bearish_trend,58,bullish_above_signal,43.19,28.5,0.68,-0.04554591,0.02999639,-0.05378489,-0.15879577,4H MACD 位于 Signal 上方,4H EMA 空头排列
319,MAR,Marriott International,Consumer Discretionary,Early,Nasdaq Liquid 500,378,22.71,25.43,51.7,65.2,53.5,44.18,45.2,29.55,15.0,bearish_transition,25.0,bearish_proxy,40.15,45.03,0.0,36,bearish_transition,66,bullish_above_signal,45.17,367.809998,0.66,0.00819580,0.01277634,-0.07156201,-0.06297608,4H MACD 位于 Signal 上方；4H MACD 柱体连续扩张,4H EMA 转弱或跌破 EMA26
320,FWONK,Liberty Media Corporation - Series C Liberty Formula One Common Stock,,Early,Nasdaq Liquid 500,158,22.54,46.71,37.3,52.8,53.5,38.34,37.05,50.98,35.0,mixed_sideways,61.8,bullish_above_signal_proxy,59.49,47.9,0.0,41,bearish_transition,28,fresh_bearish_cross,48.48,97.915001,0.45,-0.03274723,-0.02939132,0.07847781,0.11609481,4H RSI 位于健康强势区间,4H EMA 转弱或跌破 EMA26；4H MACD 最近死叉
321,IRDM,Iridium Communications Inc - Common Stock,,Early,Nasdaq Liquid 500,252,22.49,39.1,32.9,82.0,53.5,41.36,40.4,39.96,35.0,mixed_sideways,25.0,bearish_proxy,53.97,46.79,0.0,36,bearish_transition,50,mixed_or_bearish,43.57,47.240002,0.75,0.01199662,-0.03355153,0.06085792,-0.00242842,4H MACD 柱体连续扩张,4H EMA 转弱或跌破 EMA26；4H MACD 尚未确认多头
322,COO,Cooper Companies (The),Health Care,Early,Nasdaq Liquid 500,229,22.42,39.77,37.3,68.2,53.5,39.07,37.85,41.15,35.0,mixed_sideways,25.0,bearish_proxy,56.67,49.33,0.0,41,bearish_transition,28,fresh_bearish_cross,50.22,71.010002,1.01,-0.00955433,0.03633983,0.07721487,0.05434305,4H RSI 位于健康强势区间,4H EMA 转弱或跌破 EMA26；4H MACD 最近死叉
323,RGEN,Repligen Corporation - Common Stock,,Early,Nasdaq Liquid 500,235,22.34,39.36,32.9,80.4,53.5,40.82,39.8,40.96,38.0,mixed_sideways,25.0,bearish_proxy,54.29,46.86,0.0,38,bearish_transition,42,mixed_or_bearish,40.57,136.990005,2.31,-0.07825320,-0.06904512,0.03796037,0.12048096,,4H EMA 转弱或跌破 EMA26；4H MACD 尚未确认多头
324,WDFC,WD-40,Consumer Staples,Early,Nasdaq Liquid 500,241,22.34,39.86,32.9,79.2,53.5,38.48,37.2,40.69,35.0,mixed_sideways,25.0,bearish_proxy,54.47,50.64,0.0,36,bearish_transition,42,mixed_or_bearish,42.58,237.720001,0.5,-0.00768074,-0.04717625,0.04680966,0.16666670,,4H EMA 转弱或跌破 EMA26；4H MACD 尚未确认多头
325,HOOD,Robinhood Markets,Financials,Early,Nasdaq Liquid 500,323,22.29,37.53,40.9,63.0,53.5,40.76,41.4,34.96,35.0,mixed_sideways,25.0,bearish_proxy,38.37,44.67,0.0,36,bearish_transition,50,mixed_or_bearish,48.82,106.360001,0.45,0.05715138,-0.06274235,-0.01673289,0.28968109,4H MACD 柱体连续扩张；4H RSI 位于健康强势区间,4H EMA 转弱或跌破 EMA26；4H MACD 尚未确认多头
326,FTNT,Fortinet,Information Technology,Early,Nasdaq Liquid 500,208,22.1,40.48,40.9,54.8,53.5,42.03,41.15,42.32,35.0,mixed_sideways,25.0,bearish_proxy,59.17,52.08,0.0,41,bearish_transition,42,mixed_or_bearish,47.92,158.100006,1.07,-0.03426792,-0.05255582,0.09290752,0.09249221,,4H EMA 转弱或跌破 EMA26；4H MACD 尚未确认多头
327,TTWO,Take-Two Interactive,Communication Services,Early,Nasdaq Liquid 500,307,21.98,38.32,32.9,80.4,53.5,39.14,39.6,37.29,35.0,mixed_sideways,25.0,bearish_proxy,45.43,46.09,0.0,36,bearish_transition,50,mixed_or_bearish,40.11,235.929993,0.48,-0.01908370,-0.00459881,-0.01465924,0.10031711,4H MACD 柱体连续扩张,4H EMA 转弱或跌破 EMA26；4H MACD 尚未确认多头
328,AFRM,"Affirm Holdings, Inc. - Class A Common Stock",,Early,Nasdaq Liquid 500,277,21.84,38.72,25.9,97.2,53.5,37.85,36.5,38.86,35.0,mixed_sideways,25.0,bearish_proxy,50.63,46.13,0.0,36,bearish_transition,42,mixed_or_bearish,36.33,74.720001,1.23,-0.02708336,-0.11526850,0.01054908,0.17475043,,4H EMA 转弱或跌破 EMA26；4H MACD 尚未确认多头；4H RSI 偏弱
329,IDCC,INTERDIGITAL INC,Information Technology,Early,Nasdaq Liquid 500,402,21.76,24.77,54.1,54.0,53.5,45.8,47.0,27.62,15.0,bearish_transition,25.0,bearish_proxy,34.32,43.86,0.0,36,bearish_transition,72,fresh_below_zero_cross,46.56,264.369995,0.77,0.01680767,-0.00373074,-0.10703912,0.01423307,4H MACD 刚金叉但仍需零轴确认；4H MACD 柱体连续扩张,4H EMA 转弱或跌破 EMA26
330,FROG,JFROG LTD,Information Technology,Early,Nasdaq Liquid 500,292,21.74,38.48,32.9,78.4,53.5,40.82,39.8,37.98,38.0,mixed_sideways,25.0,bearish_proxy,44.8,45.96,0.0,38,bearish_transition,42,mixed_or_bearish,44.29,86.559998,1.15,-0.06462074,-0.05108532,0.04686461,0.02986312,,4H EMA 转弱或跌破 EMA26；4H MACD 尚未确认多头
331,ADI,Analog Devices,Information Technology,Early,Nasdaq Liquid 500,395,21.68,25.41,54.1,52.0,53.5,46.61,47.9,27.99,15.0,bearish_transition,25.0,bearish_proxy,33.72,47.49,0.0,36,bearish_transition,72,fresh_below_zero_cross,46.77,382.809998,1.2,0.01775980,-0.02518465,-0.11794931,-0.04614654,4H MACD 刚金叉但仍需零轴确认；4H MACD 柱体连续扩张,4H EMA 转弱或跌破 EMA26
332,TXN,Texas Instruments,Information Technology,Early,Nasdaq Liquid 500,326,21.65,38.01,40.9,57.6,53.5,34.19,34.1,34.86,35.0,mixed_sideways,25.0,bearish_proxy,36.35,48.02,0.0,22,confirmed_bearish_trend,50,mixed_or_bearish,46.06,291.299988,1.03,0.01318207,-0.04641882,-0.09699621,0.02336200,4H MACD 柱体连续扩张,4H EMA 空头排列；4H MACD 尚未确认多头
333,NTES,"NetEase, Inc. - American Depositary Shares, each representing 5 ordinary shares",,Early,Nasdaq Liquid 500,257,21.55,38.49,37.3,65.4,53.5,41.09,40.1,39.72,35.0,mixed_sideways,20.0,fresh_bearish_cross_proxy,57.04,47.41,0.0,44,bearish_transition,28,fresh_bearish_cross,49.12,129.550003,1.3,-0.03901784,0.00856369,0.06678196,0.08355642,4H RSI 位于健康强势区间,4H EMA 转弱或跌破 EMA26；4H MACD 最近死叉
334,OUST,OUSTER INC,Information Technology,Early,Nasdaq Liquid 500,388,21.51,35.21,54.1,28.0,53.5,46.7,48.0,28.16,35.0,mixed_sideways,25.0,bearish_proxy,17.76,40.55,0.0,36,bearish_transition,72,fresh_below_zero_cross,48.83,40.68,0.54,0.15175538,-0.03050522,-0.12628868,0.02520161,4H MACD 刚金叉但仍需零轴确认；4H MACD 柱体连续扩张；4H RSI 位于健康强势区间,4H EMA 转弱或跌破 EMA26
335,MNST,Monster Beverage,Consumer Staples,Early,Nasdaq Liquid 500,231,21.31,40.01,32.9,72.0,53.5,40.01,38.9,41.14,35.0,mixed_sideways,25.0,bearish_proxy,55.84,50.92,0.0,38,bearish_transition,42,mixed_or_bearish,40.57,94.459999,0.76,-0.01403894,-0.03631910,0.03393168,0.05477080,,4H EMA 转弱或跌破 EMA26；4H MACD 尚未确认多头
336,AAL,"American Airlines Group, Inc. - Common Stock",,Early,Nasdaq Liquid 500,286,21.29,38.51,25.9,94.0,53.5,38.48,37.2,38.23,35.0,mixed_sideways,25.0,bearish_proxy,48.72,45.74,0.0,36,bearish_transition,50,mixed_or_bearish,36.24,15.28,0.51,0.00891383,-0.02488832,-0.04320601,0.13227121,4H MACD 柱体连续扩张,4H EMA 转弱或跌破 EMA26；4H MACD 尚未确认多头；4H RSI 偏弱
337,PLXS,PLEXUS CORP,Information Technology,Early,Nasdaq Liquid 500,410,21.09,24.56,54.1,50.0,53.5,47.02,48.35,27.01,15.0,bearish_transition,25.0,bearish_proxy,32.45,43.49,0.0,39,bearish_transition,72,fresh_below_zero_cross,47.42,260.660004,0.86,0.02970690,0.00072946,-0.13011844,-0.04576073,4H MACD 刚金叉但仍需零轴确认；4H MACD 柱体连续扩张,4H EMA 转弱或跌破 EMA26
338,VERA,VERA THERAPEUTICS INC CLASS A,Health Care,Early,Nasdaq Liquid 500,285,20.96,38.79,25.9,91.2,53.5,38.48,37.2,38.25,35.0,mixed_sideways,25.0,bearish_proxy,47.87,47.57,0.0,36,bearish_transition,50,mixed_or_bearish,35.49,37.169998,0.47,-0.01353508,-0.13838667,0.05927609,0.15148696,4H MACD 柱体连续扩张,4H EMA 转弱或跌破 EMA26；4H MACD 尚未确认多头；4H RSI 偏弱
339,EXC,Exelon,Utilities,Early,Nasdaq Liquid 500,328,20.94,27.72,32.9,98.2,53.5,38.51,38.9,34.58,18.0,bearish_transition,26.35,bearish_proxy,49.95,50.74,0.0,36,bearish_transition,42,mixed_or_bearish,43.57,45.889999,1.26,0.00119996,-0.02174379,0.00152770,0.00327934,,4H EMA 转弱或跌破 EMA26；4H MACD 尚未确认多头
340,LYFT,"Lyft, Inc. - Class A Common Stock",,Early,Nasdaq Liquid 500,263,20.88,38.35,32.9,73.0,53.5,40.82,39.8,39.32,35.0,mixed_sideways,20.0,fresh_bearish_cross_proxy,55.82,47.16,0.0,38,bearish_transition,42,mixed_or_bearish,44.69,15.19,1.16,-0.02189311,-0.02721742,0.06559102,0.11363636,,4H EMA 转弱或跌破 EMA26；4H MACD 尚未确认多头
341,CHTR,Charter Communications,Communication Services,Early,Nasdaq Liquid 500,287,20.86,30.99,32.9,90.0,53.5,33.53,31.7,38.23,15.0,bearish_transition,49.8,bullish_below_zero_proxy,47.67,46.53,0.0,22,confirmed_bearish_trend,42,mixed_or_bearish,40.59,127.790001,0.69,-0.01783107,-0.00101624,0.01235838,-0.03174720,,4H EMA 空头排列；4H MACD 尚未确认多头
342,CLBK,COLUMBIA FINANCIAL INC,Financials,Early,Nasdaq Liquid 500,260,20.77,55.92,16.05,84.4,1.2,27.37,24.85,39.55,75.0,confirmed_bullish_trend,59.55,bullish_above_signal_proxy,46.35,46.27,18.68,22,confirmed_bearish_trend,28,fresh_bearish_cross,17.51,11.08,8.75,-0.53890972,-0.48224299,-0.44724370,-0.45310958,,4H EMA 空头排列；4H MACD 最近死叉；4H RSI 偏弱
343,ZBRA,Zebra Technologies,Information Technology,Early,Nasdaq Liquid 500,196,20.74,40.54,40.9,45.6,53.5,43.66,42.95,43.63,38.0,mixed_sideways,26.35,bearish_proxy,60.9,49.18,0.0,41,bearish_transition,42,mixed_or_bearish,50.18,262.399994,1.52,-0.01269871,0.00901733,0.11332679,0.13044977,4H RSI 位于健康强势区间,4H EMA 转弱或跌破 EMA26；4H MACD 尚未确认多头
344,CMPS,COMPASS Pathways Plc - American Depository Shares,,Early,Nasdaq Liquid 500,315,20.59,37.77,32.9,72.4,53.5,39.14,39.6,36.06,35.0,mixed_sideways,25.0,bearish_proxy,42.14,44.43,0.0,36,bearish_transition,50,mixed_or_bearish,41.61,12.18,0.41,0.03747871,-0.09029801,-0.02715655,0.00578035,4H MACD 柱体连续扩张,4H EMA 转弱或跌破 EMA26；4H MACD 尚未确认多头
345,POOL,Pool Corporation - Common Stock,,Early,Nasdaq Liquid 500,295,20.58,38.37,25.9,89.6,53.5,37.85,36.5,37.84,35.0,mixed_sideways,25.0,bearish_proxy,47.55,45.51,0.0,36,bearish_transition,42,mixed_or_bearish,36.78,196.360001,1.14,-0.01373716,-0.06450688,-0.01331588,0.05882990,,4H EMA 转弱或跌破 EMA26；4H MACD 尚未确认多头；4H RSI 偏弱
346,LFUS,"Littelfuse, Inc. - Common Stock",,Early,Nasdaq Liquid 500,403,20.54,24.55,51.7,52.8,53.5,47.83,49.25,27.37,15.0,bearish_transition,25.0,bearish_proxy,34.01,42.8,0.0,39,bearish_transition,66,bullish_above_signal,48.84,414.529999,1.06,0.02146270,-0.00419193,-0.13603583,-0.09319013,4H MACD 位于 Signal 上方；4H MACD 柱体连续扩张；4H RSI 位于健康强势区间,4H EMA 转弱或跌破 EMA26
347,MCHP,Microchip Technology,Information Technology,Early,Nasdaq Liquid 500,414,20.48,24.89,54.1,45.2,53.5,46.61,47.9,26.47,15.0,bearish_transition,25.0,bearish_proxy,29.12,46.57,0.0,36,bearish_transition,72,fresh_below_zero_cross,45.2,83.379997,1.37,0.02181371,-0.04248972,-0.16344776,-0.05368294,4H MACD 刚金叉但仍需零轴确认；4H MACD 柱体连续扩张,4H EMA 转弱或跌破 EMA26
348,FAST,Fastenal,Industrials,Early,Nasdaq Liquid 500,339,20.45,27.09,32.9,96.4,53.5,34.19,34.1,33.11,15.0,bearish_transition,25.0,bearish_proxy,49.45,50.14,0.0,22,confirmed_bearish_trend,50,mixed_or_bearish,41.57,45.009998,0.58,0.01294018,-0.01595986,-0.01939006,-0.03824789,4H MACD 柱体连续扩张,4H EMA 空头排列；4H MACD 尚未确认多头
349,GEHC,GE HealthCare,Health Care,Early,Nasdaq Liquid 500,334,20.45,27.43,32.9,95.6,53.5,31.31,30.9,33.72,15.0,bearish_transition,25.0,bearish_proxy,50.85,51.42,0.0,22,confirmed_bearish_trend,42,mixed_or_bearish,41.11,62.040001,0.51,-0.01812139,0.00616284,0.00730640,-0.04066796,,4H EMA 空头排列；4H MACD 尚未确认多头
350,ONB,OLD NATIONAL BANCORP,Financials,Early,Nasdaq Liquid 500,189,20.24,40.65,40.9,42.0,53.5,42.03,41.15,43.94,38.0,mixed_sideways,26.35,bearish_proxy,61.81,49.36,0.0,41,bearish_transition,42,mixed_or_bearish,47.84,26.17,1.42,-0.00852434,-0.00551020,0.05651998,0.09292128,,4H EMA 转弱或跌破 EMA26；4H MACD 尚未确认多头
351,XEL,Xcel Energy,Utilities,Early,Nasdaq Liquid 500,336,19.81,26.89,32.9,92.6,53.5,34.19,34.1,33.45,15.0,bearish_transition,25.0,bearish_proxy,51.52,48.3,0.0,22,confirmed_bearish_trend,50,mixed_or_bearish,43.01,78.720001,0.61,0.00446597,-0.01796411,0.01731719,-0.00404858,4H MACD 柱体连续扩张,4H EMA 空头排列；4H MACD 尚未确认多头
352,AMAT,Applied Materials,Information Technology,Early,Nasdaq Liquid 500,342,19.8,37.35,40.9,46.8,53.5,39.14,39.6,32.93,35.0,mixed_sideways,25.0,bearish_proxy,30.51,46.85,0.0,36,bearish_transition,50,mixed_or_bearish,47.76,564.549988,0.52,0.06501830,-0.05199385,-0.08468180,0.24641230,4H MACD 柱体连续扩张,4H EMA 转弱或跌破 EMA26；4H MACD 尚未确认多头
353,AGNC,AGNC Investment Corp. - Common Stock,,Early,Nasdaq Liquid 500,234,19.79,38.99,32.9,64.2,53.5,40.82,39.8,41.02,38.0,mixed_sideways,21.35,fresh_bearish_cross_proxy,57.21,47.44,0.0,38,bearish_transition,42,mixed_or_bearish,41.13,10.78,1.12,-0.02044525,-0.03534676,0.03803563,0.05945946,,4H EMA 转弱或跌破 EMA26；4H MACD 尚未确认多头
354,DBX,"Dropbox, Inc. - Class A Common Stock",,Early,Nasdaq Liquid 500,136,19.5,47.27,37.3,31.2,53.5,39.07,37.85,52.64,35.0,mixed_sideways,61.8,bullish_above_signal_proxy,64.5,48.9,0.0,41,bearish_transition,28,fresh_bearish_cross,49.39,29.42,0.88,-0.03793329,-0.01851543,0.13197384,0.06923500,4H RSI 位于健康强势区间,4H EMA 转弱或跌破 EMA26；4H MACD 最近死叉
355,TTAN,SERVICETITAN INC CLASS A,Information Technology,Early,Nasdaq Liquid 500,223,19.48,39.75,32.9,60.4,53.5,42.03,41.15,41.49,35.0,mixed_sideways,25.0,bearish_proxy,58.14,48.63,0.0,41,bearish_transition,42,mixed_or_bearish,42.06,72.959999,1.15,-0.09579877,-0.08879731,0.13609464,-0.05882351,,4H EMA 转弱或跌破 EMA26；4H MACD 尚未确认多头
356,ICLR,ICON plc - Ordinary Shares,,Early,Nasdaq Liquid 500,203,19.39,40.11,40.9,37.6,53.5,42.44,41.6,42.92,35.0,mixed_sideways,25.0,bearish_proxy,62.95,48.59,0.0,38,bearish_transition,42,mixed_or_bearish,49.28,166.619995,1.1,0.00042025,-0.00945254,0.14123284,0.11451502,4H RSI 位于健康强势区间,4H EMA 转弱或跌破 EMA26；4H MACD 尚未确认多头
357,CPRT,Copart,Industrials,Early,Nasdaq Liquid 500,381,19.11,25.23,43.7,63.0,53.5,35.0,35.0,28.96,15.0,bearish_transition,25.0,bearish_proxy,38.37,44.67,0.0,22,confirmed_bearish_trend,58,bullish_above_signal,38.23,27.17,1.13,-0.01235914,-0.01271802,-0.10077776,-0.12255773,4H MACD 位于 Signal 上方,4H EMA 空头排列；4H RSI 偏弱
358,DDOG,Datadog,Information Technology,Early,Nasdaq Liquid 500,190,19.07,41.01,40.9,33.4,53.5,42.03,41.15,43.87,35.0,mixed_sideways,25.0,bearish_proxy,63.89,53.03,0.0,41,bearish_transition,42,mixed_or_bearish,47.07,254.789993,1.16,-0.04820790,-0.05908643,0.14373564,0.08893921,,4H EMA 转弱或跌破 EMA26；4H MACD 尚未确认多头
359,TTD,Trade Desk (The),Communication Services,Early,Nasdaq Liquid 500,306,19.07,30.67,32.9,78.8,53.5,29.87,29.3,37.31,15.0,bearish_transition,49.8,bullish_below_zero_proxy,44.89,45.98,0.0,22,confirmed_bearish_trend,42,mixed_or_bearish,39.48,18.25,0.93,-0.03336859,-0.03566706,-0.01351351,-0.08544225,,4H EMA 空头排列；4H MACD 尚未确认多头；4H RSI 偏弱
360,CWST,CASELLA WASTE SYSTEMS INC CLASS A,Industrials,Early,Nasdaq Liquid 500,243,18.79,39.44,25.9,75.2,53.5,37.85,36.5,40.57,35.0,mixed_sideways,25.0,bearish_proxy,55.37,48.07,0.0,36,bearish_transition,42,mixed_or_bearish,37.93,90.540001,1.53,-0.03670600,-0.06088583,0.04080932,0.05413904,,4H EMA 转弱或跌破 EMA26；4H MACD 尚未确认多头；4H RSI 偏弱
361,NXT,Nextpower Inc. - Class A Common Stock,,Early,Nasdaq Liquid 500,430,18.71,23.41,54.1,36.8,53.5,45.8,47.0,24.04,15.0,bearish_transition,25.0,bearish_proxy,23.9,40.78,0.0,36,bearish_transition,72,fresh_below_zero_cross,45.98,105.669998,0.68,0.04370581,0.00945737,-0.16014944,-0.19697544,4H MACD 刚金叉但仍需零轴确认；4H MACD 柱体连续扩张,4H EMA 转弱或跌破 EMA26
362,OKTA,"Okta, Inc. - Class A Common Stock",,Early,Nasdaq Liquid 500,198,18.57,40.26,40.9,31.8,53.5,41.23,40.25,43.36,35.0,mixed_sideways,25.0,bearish_proxy,64.28,48.86,0.0,41,bearish_transition,42,mixed_or_bearish,47.83,141.710007,0.99,-0.07209268,-0.08349495,0.20297117,0.19395067,,4H EMA 转弱或跌破 EMA26；4H MACD 尚未确认多头
363,FLEX,Flex Ltd.,Information Technology,Early,Nasdaq Liquid 500,434,18.53,23.42,54.1,35.6,53.5,45.8,47.0,23.65,15.0,bearish_transition,25.0,bearish_proxy,22.28,41.46,0.0,36,bearish_transition,72,fresh_below_zero_cross,45.21,127.389999,0.77,0.05577652,-0.03663933,-0.13686562,-0.16146656,4H MACD 刚金叉但仍需零轴确认；4H MACD 柱体连续扩张,4H EMA 转弱或跌破 EMA26
364,TW,Tradeweb Markets Inc. - Class A Common Stock,,Early,Nasdaq Liquid 500,303,18.39,30.64,29.3,84.0,53.5,28.25,27.5,37.6,15.0,bearish_transition,49.8,bullish_below_zero_proxy,46.2,45.24,0.0,22,confirmed_bearish_trend,28,fresh_bearish_cross,41.39,97.290001,0.82,-0.03759022,-0.01558232,-0.02191616,-0.05082926,,4H EMA 空头排列；4H MACD 最近死叉
365,OLLI,"Ollie's Bargain Outlet Holdings, Inc. - Common Stock",,Early,Nasdaq Liquid 500,344,18.38,28.98,43.7,49.4,53.5,36.84,37.05,32.73,15.0,bearish_transition,49.8,bullish_below_zero_proxy,31.44,42.29,0.0,25,confirmed_bearish_trend,58,bullish_above_signal,43.39,66.0,0.53,-0.02969711,0.00106173,-0.14185416,-0.13939238,4H MACD 位于 Signal 上方,4H EMA 空头排列
366,NTRA,"Natera, Inc. - Common Stock",,Early,Nasdaq Liquid 500,192,18.34,40.38,40.9,30.0,53.5,43.79,43.1,43.71,35.0,mixed_sideways,25.0,bearish_proxy,65.33,49.07,0.0,38,bearish_transition,50,mixed_or_bearish,48.22,267.179993,0.7,0.00240108,-0.01927101,0.15562282,0.24183128,4H MACD 柱体连续扩张；4H RSI 位于健康强势区间,4H EMA 转弱或跌破 EMA26；4H MACD 尚未确认多头
367,KDP,Keurig Dr Pepper,Consumer Staples,Early,Nasdaq Liquid 500,350,18.31,26.62,32.9,83.2,53.5,29.87,29.3,31.93,15.0,bearish_transition,25.0,bearish_proxy,46.13,48.98,0.0,22,confirmed_bearish_trend,42,mixed_or_bearish,39.46,30.209999,0.85,-0.00934586,-0.00165238,-0.01772070,-0.01112930,,4H EMA 空头排列；4H MACD 尚未确认多头；4H RSI 偏弱
368,AVAV,"AeroVironment, Inc. - Common Stock",,Early,Nasdaq Liquid 500,426,18.28,23.73,51.7,39.6,53.5,45.8,47.0,24.97,15.0,bearish_transition,25.0,bearish_proxy,26.74,41.35,0.0,36,bearish_transition,66,bullish_above_signal,48.12,148.839996,0.72,0.03540867,0.03685122,-0.12209507,-0.19896670,4H MACD 位于 Signal 上方；4H MACD 柱体连续扩张；4H RSI 位于健康强势区间,4H EMA 转弱或跌破 EMA26
369,TRI,Thomson Reuters Corp - Common Shares,,Early,Nasdaq Liquid 500,113,18.28,47.91,37.3,21.6,53.5,37.45,36.05,54.5,35.0,mixed_sideways,61.8,bullish_above_signal_proxy,70.14,50.03,0.0,41,bearish_transition,28,fresh_bearish_cross,47.27,90.699997,0.69,-0.06078495,-0.01090513,0.15438459,0.05403828,,4H EMA 转弱或跌破 EMA26；4H MACD 最近死叉
370,TSCO,Tractor Supply,Consumer Discretionary,Early,Nasdaq Liquid 500,297,18.13,31.08,29.3,81.2,53.5,30.56,28.4,37.8,15.0,bearish_transition,49.8,bullish_below_zero_proxy,45.58,47.87,0.0,22,confirmed_bearish_trend,28,fresh_bearish_cross,40.29,29.639999,1.08,-0.01980241,-0.03010471,-0.02048913,-0.00453404,,4H EMA 空头排列；4H MACD 最近死叉
371,MARA,MARA HOLDINGS INC,Information Technology,Early,Nasdaq Liquid 500,429,18.07,23.64,54.1,32.0,53.5,49.45,51.05,24.14,18.0,bearish_transition,26.35,bearish_proxy,20.02,41.0,0.0,39,bearish_transition,72,fresh_below_zero_cross,49.49,12.25,1.76,0.03200479,0.00906096,-0.13884007,-0.00527812,4H MACD 刚金叉但仍需零轴确认；4H MACD 柱体连续扩张；4H RSI 位于健康强势区间,4H EMA 转弱或跌破 EMA26
372,MYRG,MYR GROUP INC,Industrials,Early,Nasdaq Liquid 500,397,18.03,24.79,46.1,50.4,53.5,44.45,45.5,27.93,18.0,bearish_transition,25.0,bearish_proxy,32.51,43.5,0.0,36,bearish_transition,72,fresh_below_zero_cross,39.64,400.100006,1.35,0.02289509,-0.04606363,-0.13089752,-0.10229082,4H MACD 刚金叉但仍需零轴确认；4H MACD 柱体连续扩张,4H EMA 转弱或跌破 EMA26；4H RSI 偏弱
373,JBLU,JETBLUE AIRWAYS CORP,Industrials,Early,Nasdaq Liquid 500,332,18.01,37.25,32.9,56.4,53.5,37.7,38.0,34.13,35.0,mixed_sideways,25.0,bearish_proxy,35.86,44.17,0.0,36,bearish_transition,42,mixed_or_bearish,40.43,5.35,0.59,-0.01834862,0.00356406,-0.05786638,0.10309278,,4H EMA 转弱或跌破 EMA26；4H MACD 尚未确认多头
374,SYNA,SYNAPTICS INC,Information Technology,Early,Nasdaq Liquid 500,439,17.97,23.2,54.1,32.4,53.5,45.8,47.0,23.02,15.0,bearish_transition,25.0,bearish_proxy,20.36,41.07,0.0,36,bearish_transition,72,fresh_below_zero_cross,47.44,119.32,0.7,0.03729463,-0.02865513,-0.15291780,-0.02738833,4H MACD 刚金叉但仍需零轴确认；4H MACD 柱体连续扩张,4H EMA 转弱或跌破 EMA26
375,AEP,American Electric Power,Utilities,Early,Nasdaq Liquid 500,335,17.96,27.29,25.9,98.0,53.5,35.54,35.6,33.5,15.0,bearish_transition,25.0,bearish_proxy,50.41,50.83,0.0,36,bearish_transition,42,mixed_or_bearish,36.48,130.479996,0.83,-0.00168325,-0.03319510,0.02200985,0.01021982,,4H EMA 转弱或跌破 EMA26；4H MACD 尚未确认多头；4H RSI 偏弱
376,GH,"Guardant Health, Inc. - Common Stock",,Early,Nasdaq Liquid 500,187,17.8,40.55,40.9,26.0,53.5,42.17,41.3,44.21,35.0,mixed_sideways,25.0,bearish_proxy,66.83,49.37,0.0,38,bearish_transition,50,mixed_or_bearish,45.89,152.289993,0.62,0.01340874,-0.04875235,0.15484946,0.21385297,4H MACD 柱体连续扩张,4H EMA 转弱或跌破 EMA26；4H MACD 尚未确认多头
377,LNT,Alliant Energy,Utilities,Early,Nasdaq Liquid 500,324,17.73,27.83,25.9,95.2,53.5,36.35,36.5,34.93,18.0,bearish_transition,26.35,bearish_proxy,51.0,50.95,0.0,36,bearish_transition,42,mixed_or_bearish,35.63,73.110001,1.9,-0.01155945,-0.04205974,0.00150686,0.00356902,,4H EMA 转弱或跌破 EMA26；4H MACD 尚未确认多头；4H RSI 偏弱
378,ASND,Ascendis Pharma A/S - Ordinary Share,,Early,Nasdaq Liquid 500,212,17.58,39.81,32.9,47.6,53.5,41.36,40.4,42.04,35.0,mixed_sideways,25.0,bearish_proxy,60.27,48.05,0.0,36,bearish_transition,50,mixed_or_bearish,43.28,255.199997,0.95,0.00353910,-0.03807008,0.10581505,0.21304302,4H MACD 柱体连续扩张,4H EMA 转弱或跌破 EMA26；4H MACD 尚未确认多头
379,CELC,CELCUITY INC,Health Care,Early,Nasdaq Liquid 500,329,17.52,27.28,32.9,76.4,53.5,33.47,33.3,34.57,15.0,bearish_transition,25.0,bearish_proxy,54.92,48.98,0.0,22,confirmed_bearish_trend,50,mixed_or_bearish,42.08,91.690002,0.41,0.01466280,-0.17396395,0.04430523,0.03839183,4H MACD 柱体连续扩张,4H EMA 空头排列；4H MACD 尚未确认多头
380,LKQ,LKQ Corporation - Common Stock,,Early,Nasdaq Liquid 500,358,17.51,25.8,32.9,79.8,53.5,32.03,31.7,31.04,15.0,bearish_transition,25.0,bearish_proxy,45.13,45.03,0.0,22,confirmed_bearish_trend,42,mixed_or_bearish,42.34,24.92,0.84,-0.00140252,0.00281690,-0.03429568,-0.01150333,,4H EMA 空头排列；4H MACD 尚未确认多头
381,CRUS,"Cirrus Logic, Inc. - Common Stock",,Early,Nasdaq Liquid 500,415,17.4,24.21,46.1,47.6,53.5,45.8,47.0,26.37,15.0,bearish_transition,25.0,bearish_proxy,30.98,42.2,0.0,36,bearish_transition,72,fresh_below_zero_cross,41.84,139.419998,0.8,0.00831702,0.01499707,-0.15641075,-0.15199809,4H MACD 刚金叉但仍需零轴确认；4H MACD 柱体连续扩张,4H EMA 转弱或跌破 EMA26
382,PEP,PepsiCo,Consumer Staples,Early,Nasdaq Liquid 500,357,17.25,26.35,32.9,76.8,53.5,32.03,31.7,31.16,15.0,bearish_transition,25.0,bearish_proxy,43.79,48.51,0.0,22,confirmed_bearish_trend,42,mixed_or_bearish,40.91,135.0,0.63,0.00554910,-0.00332224,-0.04889391,-0.04835754,,4H EMA 空头排列；4H MACD 尚未确认多头
383,WBD,Warner Bros. Discovery,Communication Services,Early,Nasdaq Liquid 500,338,17.21,26.67,25.9,94.4,53.5,29.15,28.5,33.2,15.0,bearish_transition,25.0,bearish_proxy,51.22,47.24,0.0,22,confirmed_bearish_trend,42,mixed_or_bearish,35.4,25.83,0.49,-0.01805740,-0.06004367,-0.01261468,-0.01600000,,4H EMA 空头排列；4H MACD 尚未确认多头；4H RSI 偏弱
384,BIDU,"Baidu, Inc. - American Depositary Shares, each representing 8 ordinary share",,Early,Nasdaq Liquid 500,371,17.18,24.85,32.9,79.8,53.5,31.31,30.9,29.79,15.0,bearish_transition,20.0,fresh_bearish_cross_proxy,45.13,45.03,0.0,22,confirmed_bearish_trend,42,mixed_or_bearish,42.34,108.220001,0.46,-0.02758559,-0.01385089,-0.03176162,-0.11036209,,4H EMA 空头排列；4H MACD 尚未确认多头
385,DUOL,"Duolingo, Inc. - Class A Common Stock",,Early,Nasdaq Liquid 500,330,17.17,36.57,29.3,62.0,53.5,36.76,36.95,34.33,38.0,mixed_sideways,20.0,fresh_bearish_cross_proxy,37.98,43.6,0.0,41,bearish_transition,28,fresh_bearish_cross,43.89,124.709999,1.34,-0.08368851,-0.02843567,-0.00720455,0.14349900,,4H EMA 转弱或跌破 EMA26；4H MACD 最近死叉
386,SITM,SiTime Corporation - Common Stock,,Early,Nasdaq Liquid 500,441,17.16,22.93,54.1,27.6,53.5,46.61,47.9,22.87,18.0,bearish_transition,25.0,bearish_proxy,17.64,39.53,0.0,36,bearish_transition,72,fresh_below_zero_cross,45.26,590.179993,1.19,0.05617498,-0.05628580,-0.18884524,-0.05503162,4H MACD 刚金叉但仍需零轴确认；4H MACD 柱体连续扩张,4H EMA 转弱或跌破 EMA26
387,AEIS,"Advanced Energy Industries, Inc. - Common Stock",,Early,Nasdaq Liquid 500,448,16.99,22.81,54.1,26.8,53.5,47.42,48.8,21.87,15.0,bearish_transition,25.0,bearish_proxy,16.89,40.38,0.0,36,bearish_transition,72,fresh_below_zero_cross,49.39,303.709991,0.81,0.06971208,-0.00465380,-0.18486810,0.03060840,4H MACD 刚金叉但仍需零轴确认；4H MACD 柱体连续扩张；4H RSI 位于健康强势区间,4H EMA 转弱或跌破 EMA26
388,WMT,Walmart,Consumer Staples,Early,Nasdaq Liquid 500,310,16.99,30.93,29.3,74.0,53.5,26.09,25.1,36.95,15.0,bearish_transition,49.8,bullish_below_zero_proxy,42.55,48.26,0.0,22,confirmed_bearish_trend,28,fresh_bearish_cross,38.28,110.389999,0.92,-0.01735799,-0.02881276,-0.05794505,-0.07157277,,4H EMA 空头排列；4H MACD 最近死叉；4H RSI 偏弱
389,ZION,Zions Bancorporation N.A. - Common Stock,,Early,Nasdaq Liquid 500,219,16.9,39.22,29.3,54.0,53.5,38.26,36.95,41.69,38.0,mixed_sideways,21.35,fresh_bearish_cross_proxy,59.24,47.85,0.0,41,bearish_transition,28,fresh_bearish_cross,42.57,69.050003,1.44,-0.03480567,-0.01903674,0.04383977,0.09239051,,4H EMA 转弱或跌破 EMA26；4H MACD 最近死叉
390,INTC,Intel,Information Technology,Early,Nasdaq Liquid 500,450,16.86,23.29,54.1,24.8,53.5,45.8,47.0,21.78,15.0,bearish_transition,25.0,bearish_proxy,14.91,43.73,0.0,36,bearish_transition,72,fresh_below_zero_cross,47.33,105.449997,0.63,0.06784914,-0.02152733,-0.21188345,0.06558203,4H MACD 刚金叉但仍需零轴确认；4H MACD 柱体连续扩张,4H EMA 转弱或跌破 EMA26
391,SSRM,SSR MINING INC,Materials,Early,Nasdaq Liquid 500,392,16.83,24.91,40.9,56.0,53.5,41.48,42.2,28.01,15.0,bearish_transition,25.0,bearish_proxy,35.49,44.1,0.0,36,bearish_transition,50,mixed_or_bearish,48.39,27.209999,1.01,0.08406371,-0.02210250,-0.11941751,0.01814776,4H MACD 柱体连续扩张；4H RSI 位于健康强势区间,4H EMA 转弱或跌破 EMA26；4H MACD 尚未确认多头
392,INIO,INNIO N.V. - Ordinary Shares,,Early,Nasdaq Liquid 500,418,16.79,34.3,46.1,20.0,53.5,45.8,47.0,25.88,35.0,mixed_sideways,25.0,bearish_proxy,11.31,38.26,0.0,36,bearish_transition,72,fresh_below_zero_cross,44.3,30.370001,0.79,0.08892084,-0.01364079,-0.18807641,,4H MACD 刚金叉但仍需零轴确认；4H MACD 柱体连续扩张,4H EMA 转弱或跌破 EMA26
393,GOOGL,Alphabet Inc. (Class A),Communication Services,Early,Nasdaq Liquid 500,360,16.67,26.06,32.9,73.6,53.5,32.03,31.7,30.6,15.0,bearish_transition,25.0,bearish_proxy,42.41,47.48,0.0,22,confirmed_bearish_trend,42,mixed_or_bearish,41.61,347.149994,0.67,-0.01573580,-0.03448754,-0.05663196,-0.05849330,,4H EMA 空头排列；4H MACD 尚未确认多头
394,ERIE,Erie Indemnity,Financials,Early,Nasdaq Liquid 500,331,16.52,27.37,25.9,88.2,53.5,29.87,29.3,34.15,15.0,bearish_transition,25.0,bearish_proxy,52.84,50.32,0.0,22,confirmed_bearish_trend,42,mixed_or_bearish,35.38,215.820007,0.93,-0.04908354,-0.09422083,-0.02436599,-0.04954419,,4H EMA 空头排列；4H MACD 尚未确认多头；4H RSI 偏弱
395,NXPI,NXP Semiconductors,Information Technology,Early,Nasdaq Liquid 500,399,16.33,25.37,40.9,51.6,53.5,40.67,41.3,27.88,15.0,bearish_transition,25.0,bearish_proxy,33.37,47.42,0.0,36,bearish_transition,50,mixed_or_bearish,45.19,273.149994,2.06,0.00735740,-0.03756035,-0.12745566,-0.07694653,4H MACD 柱体连续扩张,4H EMA 转弱或跌破 EMA26；4H MACD 尚未确认多头
396,GOOG,Alphabet Inc. (Class C),Communication Services,Early,Nasdaq Liquid 500,361,16.23,26.0,32.9,70.8,53.5,32.03,31.7,30.43,15.0,bearish_transition,25.0,bearish_proxy,41.89,47.38,0.0,22,confirmed_bearish_trend,42,mixed_or_bearish,42.35,346.190002,0.65,-0.01792859,-0.03131122,-0.05716540,-0.05412568,,4H EMA 空头排列；4H MACD 尚未确认多头
397,WTFC,Wintrust Financial Corporation - Common Stock,,Early,Nasdaq Liquid 500,197,16.21,40.34,29.3,46.8,53.5,37.04,35.6,43.42,38.0,mixed_sideways,26.35,bearish_proxy,60.71,48.14,0.0,38,bearish_transition,28,fresh_bearish_cross,41.06,158.929993,2.44,-0.02598520,-0.02118619,0.03120944,0.04011773,,4H EMA 转弱或跌破 EMA26；4H MACD 最近死叉
398,LIN,Linde plc,Materials,Early,Nasdaq Liquid 500,347,16.2,26.71,25.9,87.6,53.5,29.87,29.3,32.2,15.0,bearish_transition,25.0,bearish_proxy,46.93,49.14,0.0,22,confirmed_bearish_trend,42,mixed_or_bearish,34.39,505.029999,0.58,-0.01319891,-0.03349096,-0.01370958,-0.00580734,,4H EMA 空头排列；4H MACD 尚未确认多头；4H RSI 偏弱
399,BRZE,BRAZE INC CLASS A,Information Technology,Early,Nasdaq Liquid 500,102,16.18,48.48,32.9,18.0,53.5,42.03,41.15,55.76,35.0,mixed_sideways,61.8,bullish_above_signal_proxy,73.53,51.71,0.0,41,bearish_transition,42,mixed_or_bearish,43.93,24.280001,1.46,-0.09131729,-0.07257445,0.21036900,0.05956797,,4H EMA 转弱或跌破 EMA26；4H MACD 尚未确认多头
400,CGNX,Cognex Corporation - Common Stock,,Early,Nasdaq Liquid 500,364,16.1,25.45,32.9,71.2,53.5,32.84,32.6,30.0,15.0,bearish_transition,25.0,bearish_proxy,41.97,44.39,0.0,22,confirmed_bearish_trend,42,mixed_or_bearish,42.3,62.939999,1.07,-0.01123242,-0.03221350,-0.04795042,0.03502710,,4H EMA 空头排列；4H MACD 尚未确认多头
401,AXON,Axon Enterprise,Industrials,Early,Nasdaq Liquid 500,191,16.07,40.98,32.9,34.8,53.5,39.2,38.0,43.77,35.0,mixed_sideways,25.0,bearish_proxy,63.59,52.97,0.0,36,bearish_transition,50,mixed_or_bearish,39.84,511.170013,0.68,-0.01647003,-0.06627089,0.20761181,0.05111969,4H MACD 柱体连续扩张,4H EMA 转弱或跌破 EMA26；4H MACD 尚未确认多头；4H RSI 偏弱
402,SDOT,Sadot Group Inc. - Common Stock,,Early,Nasdaq Liquid 500,200,15.99,29.89,51.7,10.0,53.5,46.04,45.6,43.04,15.0,bearish_transition,25.0,bearish_proxy,81.49,52.3,0.0,44,bearish_transition,58,bullish_above_signal,47.82,21.860001,0.11,-0.14792438,0.34069310,0.35860789,0.86518780,4H MACD 位于 Signal 上方,4H EMA 转弱或跌破 EMA26
403,FER,Ferrovial N.V. - Ordinary Shares,,Early,Nasdaq Liquid 500,384,15.95,24.97,36.7,61.2,53.5,36.35,36.5,28.61,15.0,bearish_transition,25.0,bearish_proxy,37.77,43.55,0.0,22,confirmed_bearish_trend,66,bullish_above_signal,34.04,63.549999,0.95,0.00252406,-0.00282443,-0.08138192,-0.04900858,4H MACD 位于 Signal 上方；4H MACD 柱体连续扩张,4H EMA 空头排列；4H RSI 偏弱
404,CSCO,Cisco,Information Technology,Early,Nasdaq Liquid 500,366,15.9,25.58,32.9,69.6,53.5,39.86,40.4,29.98,15.0,bearish_transition,25.0,bearish_proxy,41.47,45.29,0.0,36,bearish_transition,50,mixed_or_bearish,44.39,112.18,0.74,0.00609865,-0.04201536,-0.06086226,-0.07777046,4H MACD 柱体连续扩张,4H EMA 转弱或跌破 EMA26；4H MACD 尚未确认多头
405,SFM,"Sprouts Farmers Market, Inc. - Common Stock",,Early,Nasdaq Liquid 500,377,15.69,25.32,32.9,68.8,53.5,32.84,32.6,29.62,15.0,bearish_transition,25.0,bearish_proxy,40.82,44.16,0.0,22,confirmed_bearish_trend,42,mixed_or_bearish,40.92,74.690002,1.44,-0.00466417,-0.00875907,-0.07217389,-0.09860004,,4H EMA 空头排列；4H MACD 尚未确认多头
406,TSLA,"Tesla, Inc.",Consumer Discretionary,Early,Nasdaq Liquid 500,372,15.67,25.5,32.9,68.2,53.5,33.47,33.3,29.76,15.0,bearish_transition,25.0,bearish_proxy,40.8,45.16,0.0,22,confirmed_bearish_trend,50,mixed_or_bearish,40.81,378.929993,0.44,0.01813639,-0.04325104,-0.05369228,-0.03079522,4H MACD 柱体连续扩张,4H EMA 空头排列；4H MACD 尚未确认多头
407,FCFS,FIRSTCASH HOLDINGS INC,Financials,Early,Nasdaq Liquid 500,375,15.45,25.47,32.9,66.8,53.5,34.19,34.1,29.68,15.0,bearish_transition,25.0,bearish_proxy,40.56,45.11,0.0,22,confirmed_bearish_trend,50,mixed_or_bearish,43.7,211.889999,0.95,-0.00082523,0.00962503,-0.06652278,-0.05968757,4H MACD 柱体连续扩张,4H EMA 空头排列；4H MACD 尚未确认多头
408,NOVT,NOVANTA INC,Information Technology,Early,Nasdaq Liquid 500,376,15.38,25.46,32.9,66.4,53.5,34.19,34.1,29.63,15.0,bearish_transition,25.0,bearish_proxy,40.39,45.08,0.0,22,confirmed_bearish_trend,50,mixed_or_bearish,42.76,145.850006,0.93,-0.00065094,-0.00511596,-0.06036590,-0.06727626,4H MACD 柱体连续扩张,4H EMA 空头排列；4H MACD 尚未确认多头
409,ENTG,"Entegris, Inc. - Common Stock",,Early,Nasdaq Liquid 500,452,15.37,22.36,51.7,23.4,53.5,45.39,46.55,20.96,15.0,bearish_transition,25.0,bearish_proxy,14.57,38.91,0.0,39,bearish_transition,66,bullish_above_signal,47.2,140.169998,0.84,0.02508405,-0.00320009,-0.21596376,0.11849663,4H MACD 位于 Signal 上方；4H MACD 柱体连续扩张,4H EMA 转弱或跌破 EMA26
410,MWH,"SOLV Energy, Inc. - Class A common stock",,Early,Nasdaq Liquid 500,425,15.21,23.95,43.7,40.0,53.5,38.51,38.9,25.2,15.0,bearish_transition,25.0,bearish_proxy,26.97,42.39,0.0,22,confirmed_bearish_trend,66,bullish_above_signal,44.29,28.540001,0.66,0.03612274,-0.00833912,-0.16525294,-0.12987799,4H MACD 位于 Signal 上方；4H MACD 柱体连续扩张,4H EMA 空头排列
411,PEGA,Pegasystems Inc. - Common Stock,,Early,Nasdaq Liquid 500,194,15.17,33.27,29.3,56.4,53.5,30.56,28.4,43.65,18.0,bearish_transition,51.15,bullish_below_zero_proxy,59.08,51.57,0.0,22,confirmed_bearish_trend,28,fresh_bearish_cross,44.95,30.940001,2.36,-0.02366677,0.00880342,0.02859046,-0.10912753,,4H EMA 空头排列；4H MACD 最近死叉
412,AXTI,AXT INC,Information Technology,Early,Nasdaq Liquid 500,393,15.15,29.8,51.7,4.6,53.5,47.02,48.35,28.0,15.0,bearish_transition,71.8,fresh_below_zero_cross_proxy,0.0,37.0,0.0,39,bearish_transition,66,bullish_above_signal,49.3,56.509998,0.64,0.15467918,-0.01858291,-0.33132178,-0.36584000,4H MACD 位于 Signal 上方；4H MACD 柱体连续扩张；4H RSI 位于健康强势区间,4H EMA 转弱或跌破 EMA26
413,RMBS,"Rambus, Inc. - Common Stock",,Early,Nasdaq Liquid 500,460,14.79,22.0,51.7,20.4,53.5,44.18,45.2,19.9,15.0,bearish_transition,25.0,bearish_proxy,11.38,38.28,0.0,36,bearish_transition,66,bullish_above_signal,45.58,105.790001,0.89,0.03018793,0.00379545,-0.25040745,-0.27187001,4H MACD 位于 Signal 上方；4H MACD 柱体连续扩张,4H EMA 转弱或跌破 EMA26
414,AMKR,"Amkor Technology, Inc. - Common Stock",,Early,Nasdaq Liquid 500,469,14.78,21.62,54.1,14.8,53.5,45.08,46.2,18.77,15.0,bearish_transition,25.0,bearish_proxy,7.94,37.59,0.0,36,bearish_transition,72,fresh_below_zero_cross,46.05,66.730003,0.43,0.06308751,-0.04915926,-0.26199951,0.02756392,4H MACD 刚金叉但仍需零轴确认；4H MACD 柱体连续扩张,4H EMA 转弱或跌破 EMA26
415,ACLS,AXCELIS TECHNOLOGIES INC,Information Technology,Early,Nasdaq Liquid 500,458,14.73,22.17,51.7,19.6,53.5,45.8,47.0,20.0,15.0,bearish_transition,25.0,bearish_proxy,11.21,39.24,0.0,36,bearish_transition,66,bullish_above_signal,48.43,143.210007,0.64,0.08459569,0.00664259,-0.23568335,-0.02657686,4H MACD 位于 Signal 上方；4H MACD 柱体连续扩张；4H RSI 位于健康强势区间,4H EMA 转弱或跌破 EMA26
416,SNDK,Sandisk,Information Technology,Early,Nasdaq Liquid 500,474,14.48,21.98,54.1,12.0,53.5,45.08,46.2,17.94,15.0,bearish_transition,25.0,bearish_proxy,3.28,41.41,0.0,36,bearish_transition,72,fresh_below_zero_cross,46.94,1589.400024,0.52,0.11184174,-0.09581182,-0.27208943,0.02002970,4H MACD 刚金叉但仍需零轴确认；4H MACD 柱体连续扩张,4H EMA 转弱或跌破 EMA26
417,SMCI,Supermicro,Information Technology,Early,Nasdaq Liquid 500,440,14.46,23.68,46.1,29.2,53.5,45.8,47.0,22.92,15.0,bearish_transition,25.0,bearish_proxy,18.36,44.42,0.0,36,bearish_transition,72,fresh_below_zero_cross,41.93,25.5,0.69,0.05437259,-0.07725710,-0.16829746,-0.38746098,4H MACD 刚金叉但仍需零轴确认；4H MACD 柱体连续扩张,4H EMA 转弱或跌破 EMA26
418,QCOM,Qualcomm,Information Technology,Early,Nasdaq Liquid 500,442,14.39,23.66,46.1,28.8,53.5,37.97,38.3,22.87,15.0,bearish_transition,25.0,bearish_proxy,18.22,44.39,0.0,22,confirmed_bearish_trend,72,fresh_below_zero_cross,38.38,173.5,0.6,0.00807622,-0.02582822,-0.23253862,-0.19500765,4H MACD 刚金叉但仍需零轴确认；4H MACD 柱体连续扩张,4H EMA 空头排列；4H RSI 偏弱
419,ON,ON Semiconductor,Information Technology,Early,Nasdaq Liquid 500,459,14.33,22.66,51.7,15.8,53.5,44.18,45.2,19.92,15.0,bearish_transition,25.0,bearish_proxy,9.28,42.61,0.0,36,bearish_transition,66,bullish_above_signal,45.86,91.059998,0.63,0.03760251,-0.02838245,-0.25059669,-0.22310384,4H MACD 位于 Signal 上方；4H MACD 柱体连续扩张,4H EMA 转弱或跌破 EMA26
420,NVMI,Nova Ltd. - Ordinary Shares,,Early,Nasdaq Liquid 500,446,14.28,22.82,46.1,30.0,53.5,45.8,47.0,22.3,15.0,bearish_transition,25.0,bearish_proxy,18.64,39.73,0.0,36,bearish_transition,72,fresh_below_zero_cross,44.68,453.100006,0.98,0.03438041,-0.04126111,-0.21043457,-0.04664713,4H MACD 刚金叉但仍需零轴确认；4H MACD 柱体连续扩张,4H EMA 转弱或跌破 EMA26
421,FORM,"FormFactor, Inc. - Common Stock",,Early,Nasdaq Liquid 500,481,14.01,20.98,54.1,11.2,53.5,45.8,47.0,16.9,15.0,bearish_transition,25.0,bearish_proxy,2.29,36.46,0.0,36,bearish_transition,72,fresh_below_zero_cross,47.28,113.75,0.77,0.07099144,-0.02259836,-0.23892171,-0.02536200,4H MACD 刚金叉但仍需零轴确认；4H MACD 柱体连续扩张,4H EMA 转弱或跌破 EMA26
422,EQPT,EquipmentShare.com Inc - Class A Common Stock,,Early,Nasdaq Liquid 500,468,13.66,21.7,51.7,13.6,53.5,46.61,47.9,18.82,18.0,bearish_transition,26.35,bearish_proxy,4.35,36.87,0.0,36,bearish_transition,66,bullish_above_signal,48.43,17.540001,1.5,0.07872085,0.01387295,-0.33358659,-0.10464518,4H MACD 位于 Signal 上方；4H MACD 柱体连续扩张；4H RSI 位于健康强势区间,4H EMA 转弱或跌破 EMA26
423,NFLX,Netflix,Communication Services,Early,Nasdaq Liquid 500,362,13.61,25.66,25.9,72.8,53.5,29.87,29.3,30.24,15.0,bearish_transition,25.0,bearish_proxy,42.25,45.45,0.0,22,confirmed_bearish_trend,42,mixed_or_bearish,36.16,68.669998,0.85,0.01313070,-0.06590493,-0.11198763,-0.16464940,,4H EMA 空头排列；4H MACD 尚未确认多头；4H RSI 偏弱
424,MIDD,The Middleby Corporation - Common Stock,,Early,Nasdaq Liquid 500,385,13.45,35.19,32.9,30.8,53.5,39.86,40.4,28.51,35.0,mixed_sideways,25.0,bearish_proxy,19.28,39.86,0.0,36,bearish_transition,50,mixed_or_bearish,42.12,131.110001,0.55,0.00869368,-0.02621805,-0.05393711,0.05168903,4H MACD 柱体连续扩张,4H EMA 转弱或跌破 EMA26；4H MACD 尚未确认多头
425,QLYS,QUALYS INC,Information Technology,Early,Nasdaq Liquid 500,171,13.35,42.27,32.9,13.6,53.5,42.03,41.15,48.71,38.0,mixed_sideways,26.35,bearish_proxy,76.27,52.25,0.0,41,bearish_transition,42,mixed_or_bearish,41.99,143.779999,1.95,-0.09634845,-0.12361331,0.29054837,0.30780422,,4H EMA 转弱或跌破 EMA26；4H MACD 尚未确认多头
426,PSNL,PERSONALIS INC,Health Care,Early,Nasdaq Liquid 500,175,13.15,42.06,32.9,12.8,53.5,40.82,39.8,47.86,35.0,mixed_sideways,25.0,bearish_proxy,76.99,53.4,0.0,38,bearish_transition,42,mixed_or_bearish,44.01,13.44,1.14,-0.01502382,-0.10549085,0.27817404,0.25256291,,4H EMA 转弱或跌破 EMA26；4H MACD 尚未确认多头
427,TARS,TARSUS PHARMACEUTICALS INC,Health Care,Early,Nasdaq Liquid 500,398,13.1,25.45,32.9,51.2,53.5,32.03,31.7,27.91,15.0,bearish_transition,25.0,bearish_proxy,33.26,47.9,0.0,22,confirmed_bearish_trend,42,mixed_or_bearish,42.11,57.259998,0.65,-0.00104679,0.01976841,-0.09168786,-0.03342343,,4H EMA 空头排列；4H MACD 尚未确认多头
428,LECO,"Lincoln Electric Holdings, Inc. - Common Shares",,Early,Nasdaq Liquid 500,370,13.09,25.44,29.3,60.8,53.5,31.22,30.8,29.8,18.0,bearish_transition,26.35,bearish_proxy,37.6,43.52,0.0,22,confirmed_bearish_trend,36,fresh_bearish_cross,42.67,249.020004,1.48,0.00883166,-0.01456270,-0.09526227,-0.05012206,4H MACD 柱体连续扩张,4H EMA 空头排列；4H MACD 最近死叉
429,BTDR,BITDEER TECHNOLOGIES GROUP CLASS A,Information Technology,Early,Nasdaq Liquid 500,488,13.0,20.91,54.1,4.6,53.5,45.8,47.0,16.3,15.0,bearish_transition,25.0,bearish_proxy,0.0,37.0,0.0,36,bearish_transition,72,fresh_below_zero_cross,46.38,12.48,0.89,0.07958478,0.00848485,-0.30512246,-0.28542800,4H MACD 刚金叉但仍需零轴确认；4H MACD 柱体连续扩张,4H EMA 转弱或跌破 EMA26
430,SNEX,STONEX GROUP INC,Financials,Early,Nasdaq Liquid 500,493,13.0,20.91,54.1,4.6,53.5,45.8,47.0,16.3,15.0,bearish_transition,25.0,bearish_proxy,0.0,37.0,0.0,36,bearish_transition,72,fresh_below_zero_cross,45.18,74.550003,0.96,0.06484789,-0.01275703,-0.19556143,-0.03148275,4H MACD 刚金叉但仍需零轴确认；4H MACD 柱体连续扩张,4H EMA 转弱或跌破 EMA26
431,FRMI,Fermi Inc. - Common Stock,,Early,Nasdaq Liquid 500,496,12.93,20.72,54.1,4.6,53.5,47.02,48.35,16.15,15.0,bearish_transition,25.0,bearish_proxy,0.0,36.0,0.0,39,bearish_transition,72,fresh_below_zero_cross,47.28,6.65,0.62,0.09375000,-0.01627219,-0.30073607,0.14853195,4H MACD 刚金叉但仍需零轴确认；4H MACD 柱体连续扩张,4H EMA 转弱或跌破 EMA26
432,ARM,Arm Holdings plc - American Depositary Shares,,Early,Nasdaq Liquid 500,495,12.93,20.72,54.1,4.6,53.5,46.3,47.55,16.15,15.0,bearish_transition,25.0,bearish_proxy,0.0,36.0,0.0,39,bearish_transition,72,fresh_below_zero_cross,46.7,289.730011,0.51,0.06586958,0.03077424,-0.34114835,-0.15407296,4H MACD 刚金叉但仍需零轴确认；4H MACD 柱体连续扩张,4H EMA 转弱或跌破 EMA26
433,TTMI,"TTM Technologies, Inc. - Common Stock",,Early,Nasdaq Liquid 500,487,12.78,20.87,51.7,9.6,53.5,47.02,48.35,16.58,15.0,bearish_transition,25.0,bearish_proxy,1.3,36.26,0.0,39,bearish_transition,66,bullish_above_signal,48.52,146.850006,0.85,0.07080361,0.03459211,-0.32073637,-0.12277970,4H MACD 位于 Signal 上方；4H MACD 柱体连续扩张；4H RSI 位于健康强势区间,4H EMA 转弱或跌破 EMA26
434,QS,QuantumScape Corporation - Common Stock,,Early,Nasdaq Liquid 500,456,12.63,22.07,46.1,20.8,53.5,39.41,39.9,20.09,15.0,bearish_transition,25.0,bearish_proxy,11.95,38.39,0.0,22,confirmed_bearish_trend,72,fresh_below_zero_cross,40.34,6.05,0.53,0.01424979,-0.05909798,-0.24798011,-0.20966688,4H MACD 刚金叉但仍需零轴确认；4H MACD 柱体连续扩张,4H EMA 空头排列
435,SIMO,"Silicon Motion Technology Corporation - American Depositary Shares, each representing four ordinary shares",,Early,Nasdaq Liquid 500,407,12.44,34.73,32.9,25.2,53.5,39.86,40.4,27.14,35.0,mixed_sideways,25.0,bearish_proxy,15.12,39.02,0.0,36,bearish_transition,50,mixed_or_bearish,44.55,278.170013,0.55,0.07557279,-0.09904449,-0.13396637,0.08077554,4H MACD 柱体连续扩张,4H EMA 转弱或跌破 EMA26；4H MACD 尚未确认多头
436,QNT,Quantinuum Inc. - Class A Common Stock,,Early,Nasdaq Liquid 500,411,12.31,34.68,32.9,24.4,53.5,32.03,31.7,27.0,35.0,mixed_sideways,25.0,bearish_proxy,14.71,38.94,0.0,22,confirmed_bearish_trend,50,mixed_or_bearish,38.67,58.580002,0.61,0.00368371,-0.12180496,-0.15772826,0.04022024,4H MACD 柱体连续扩张,4H EMA 空头排列；4H MACD 尚未确认多头；4H RSI 偏弱
437,CRWD,CrowdStrike,Information Technology,Early,Nasdaq Liquid 500,443,12.24,33.82,40.9,4.6,53.5,39.73,40.25,22.79,35.0,mixed_sideways,25.0,bearish_proxy,0.0,40.25,0.0,41,bearish_transition,42,mixed_or_bearish,45.34,191.149994,0.83,-0.07114048,-0.09269983,0.11522754,0.13940837,,4H EMA 转弱或跌破 EMA26；4H MACD 尚未确认多头
438,APLD,Applied Digital Corporation - Common Stock,,Early,Nasdaq Liquid 500,478,12.14,21.21,51.7,4.6,53.5,45.39,46.55,17.39,18.0,bearish_transition,26.35,bearish_proxy,0.0,36.0,0.0,39,bearish_transition,66,bullish_above_signal,46.98,30.049999,0.98,0.07783358,0.05568238,-0.35445758,-0.24144901,4H MACD 位于 Signal 上方；4H MACD 柱体连续扩张,4H EMA 转弱或跌破 EMA26
439,FTAI,FTAI Aviation Ltd. - Common Stock,,Early,Nasdaq Liquid 500,455,11.99,22.29,43.7,22.4,53.5,44.99,46.1,20.75,15.0,bearish_transition,25.0,bearish_proxy,13.94,38.79,0.0,36,bearish_transition,66,bullish_above_signal,42.78,210.25,1.4,0.03934948,0.01885055,-0.23772752,-0.10122684,4H MACD 位于 Signal 上方；4H MACD 柱体连续扩张,4H EMA 转弱或跌破 EMA26
440,POET,POET Technologies Inc. - Common Shares,,Early,Nasdaq Liquid 500,497,11.97,20.72,51.7,4.6,53.5,44.18,45.2,16.15,15.0,bearish_transition,25.0,bearish_proxy,0.0,36.0,0.0,36,bearish_transition,66,bullish_above_signal,47.81,8.37,0.62,0.11009430,-0.04994325,-0.31252567,-0.29722332,4H MACD 位于 Signal 上方；4H MACD 柱体连续扩张,4H EMA 转弱或跌破 EMA26
441,TLN,Talen Energy Corporation - Common Stock,,Early,Nasdaq Liquid 500,417,11.89,24.22,32.9,46.0,53.5,34.19,34.1,25.99,15.0,bearish_transition,25.0,bearish_proxy,29.38,42.88,0.0,22,confirmed_bearish_trend,50,mixed_or_bearish,42.69,366.140015,0.68,0.00647363,-0.07764001,-0.16049892,0.00359079,4H MACD 柱体连续扩张,4H EMA 空头排列；4H MACD 尚未确认多头
442,CELH,"Celsius Holdings, Inc. - Common Stock",,Early,Nasdaq Liquid 500,368,11.87,25.48,25.9,61.6,53.5,30.68,30.2,29.92,18.0,bearish_transition,26.35,bearish_proxy,37.97,43.59,0.0,22,confirmed_bearish_trend,42,mixed_or_bearish,34.85,28.02,1.49,-0.03212439,-0.07064677,-0.09055499,-0.00391038,,4H EMA 空头排列；4H MACD 尚未确认多头；4H RSI 偏弱
443,QUBT,QUANTUM COMPUTING INC,Information Technology,Early,Nasdaq Liquid 500,466,11.84,21.96,46.1,15.8,53.5,45.8,47.0,19.36,15.0,bearish_transition,25.0,bearish_proxy,9.28,38.86,0.0,36,bearish_transition,72,fresh_below_zero_cross,44.89,8.22,0.76,0.03331238,-0.01083032,-0.23463687,-0.17445843,4H MACD 刚金叉但仍需零轴确认；4H MACD 柱体连续扩张,4H EMA 转弱或跌破 EMA26
444,CDNS,Cadence Design Systems,Information Technology,Early,Nasdaq Liquid 500,365,11.79,25.94,25.9,60.0,53.5,32.84,32.6,30.0,18.0,bearish_transition,25.0,bearish_proxy,37.32,47.71,0.0,22,confirmed_bearish_trend,50,mixed_or_bearish,37.06,344.640015,1.41,0.03783785,-0.08522889,-0.10977940,-0.08394021,4H MACD 柱体连续扩张,4H EMA 空头排列；4H MACD 尚未确认多头；4H RSI 偏弱
445,MTSI,"MACOM Technology Solutions Holdings, Inc. - Common Stock",,Early,Nasdaq Liquid 500,471,11.5,21.58,46.1,14.4,53.5,45.8,47.0,18.66,15.0,bearish_transition,25.0,bearish_proxy,7.59,37.52,0.0,36,bearish_transition,72,fresh_below_zero_cross,40.45,283.029999,0.92,0.02420932,-0.06135376,-0.27602702,-0.17993221,4H MACD 刚金叉但仍需零轴确认；4H MACD 柱体连续扩张,4H EMA 转弱或跌破 EMA26
446,RGTI,RIGETTI COMPUTING INC,Information Technology,Early,Nasdaq Liquid 500,475,11.19,21.37,46.1,12.8,53.5,45.08,46.2,17.65,15.0,bearish_transition,25.0,bearish_proxy,4.1,37.82,0.0,36,bearish_transition,72,fresh_below_zero_cross,42.6,15.28,0.5,0.06110374,-0.05210924,-0.28430913,-0.25986922,4H MACD 刚金叉但仍需零轴确认；4H MACD 柱体连续扩张,4H EMA 转弱或跌破 EMA26
447,MRCY,MERCURY SYSTEMS INC,Industrials,Early,Nasdaq Liquid 500,424,11.09,24.0,32.9,41.2,53.5,40.67,41.3,25.35,15.0,bearish_transition,25.0,bearish_proxy,27.43,42.49,0.0,36,bearish_transition,50,mixed_or_bearish,41.6,98.639999,1.59,0.01690721,-0.01655039,-0.13428122,-0.11374666,4H MACD 柱体连续扩张,4H EMA 转弱或跌破 EMA26；4H MACD 尚未确认多头
448,TENB,TENABLE HOLDINGS INC,Information Technology,Early,Nasdaq Liquid 500,174,11.05,41.99,25.9,17.6,53.5,38.66,37.4,47.88,38.0,mixed_sideways,26.35,bearish_proxy,73.76,51.75,0.0,38,bearish_transition,42,mixed_or_bearish,35.09,34.09,1.81,-0.13367213,-0.20070344,0.26870111,0.22361805,,4H EMA 转弱或跌破 EMA26；4H MACD 尚未确认多头；4H RSI 偏弱
449,PURR,HYPERLIQUID STRATEGIES INC,Health Care,Early,Nasdaq Liquid 500,476,11.04,21.46,46.1,11.6,53.5,40.13,40.7,17.51,15.0,bearish_transition,25.0,bearish_proxy,3.22,38.64,0.0,22,confirmed_bearish_trend,72,fresh_below_zero_cross,41.96,7.08,0.9,0.01070664,-0.03738953,-0.23952739,-0.16998828,4H MACD 刚金叉但仍需零轴确认；4H MACD 柱体连续扩张,4H EMA 空头排列
450,SOLS,Solstice Advanced Materials Inc. - Common Stock,,Early,Nasdaq Liquid 500,467,10.76,21.86,43.7,15.2,53.5,42.02,42.8,19.07,15.0,bearish_transition,25.0,bearish_proxy,8.4,38.68,0.0,36,bearish_transition,66,bullish_above_signal,38.91,60.080002,0.9,0.04769380,-0.05086883,-0.29780267,-0.25854618,4H MACD 位于 Signal 上方；4H MACD 柱体连续扩张,4H EMA 转弱或跌破 EMA26；4H RSI 偏弱
451,CRWV,"CoreWeave, Inc. - Class A Common Stock",,Early,Nasdaq Liquid 500,482,10.69,20.97,46.1,10.4,53.5,45.8,47.0,16.87,15.0,bearish_transition,25.0,bearish_proxy,2.18,36.44,0.0,36,bearish_transition,72,fresh_below_zero_cross,44.89,79.580002,0.68,0.06697061,-0.00462783,-0.32587887,-0.20737051,4H MACD 刚金叉但仍需零轴确认；4H MACD 柱体连续扩张,4H EMA 转弱或跌破 EMA26
452,JLHL,Julong Holding Limited - Class A Ordinary Shares,,Early,Nasdaq Liquid 500,445,10.42,25.44,43.7,4.6,53.5,35.63,35.7,22.35,15.0,bearish_transition,49.8,bullish_below_zero_proxy,0.0,36.0,0.0,22,confirmed_bearish_trend,58,bullish_above_signal,43.04,7.76,0.02,-0.09451575,-0.01522843,-0.79066631,-0.84163265,4H MACD 位于 Signal 上方,4H EMA 空头排列
453,ALGM,"Allegro MicroSystems, Inc. - Common Stock",,Early,Nasdaq Liquid 500,461,10.28,21.97,40.9,19.2,53.5,39.86,40.4,19.81,15.0,bearish_transition,25.0,bearish_proxy,11.1,38.22,0.0,36,bearish_transition,50,mixed_or_bearish,45.04,49.349998,0.64,0.04289937,-0.05640537,-0.16313384,0.06380683,4H MACD 柱体连续扩张,4H EMA 转弱或跌破 EMA26；4H MACD 尚未确认多头
454,CRDO,Credo Technology Group Holding Ltd - Ordinary Shares,,Early,Nasdaq Liquid 500,463,10.22,21.96,40.9,18.8,53.5,39.14,39.6,19.77,15.0,bearish_transition,25.0,bearish_proxy,10.97,38.19,0.0,36,bearish_transition,50,mixed_or_bearish,45.38,223.869995,0.49,0.03917747,-0.05175993,-0.17488578,0.08259588,4H MACD 柱体连续扩张,4H EMA 转弱或跌破 EMA26；4H MACD 尚未确认多头
455,KLAC,KLA Corporation,Information Technology,Early,Nasdaq Liquid 500,432,10.09,24.05,32.9,34.4,53.5,39.86,40.4,24.0,15.0,bearish_transition,25.0,bearish_proxy,21.64,45.08,0.0,36,bearish_transition,50,mixed_or_bearish,44.43,217.559998,0.64,0.03797706,-0.05560619,-0.16003247,0.12776228,4H MACD 柱体连续扩张,4H EMA 转弱或跌破 EMA26；4H MACD 尚未确认多头
456,MRVL,Marvell Technology,Information Technology,Early,Nasdaq Liquid 500,484,10.05,21.61,46.1,4.6,53.5,45.08,46.2,16.86,15.0,bearish_transition,25.0,bearish_proxy,0.0,40.75,0.0,36,bearish_transition,72,fresh_below_zero_cross,42.76,207.960007,0.46,0.05137623,-0.06589407,-0.33099565,-0.21068810,4H MACD 刚金叉但仍需零轴确认；4H MACD 柱体连续扩张,4H EMA 转弱或跌破 EMA26
457,FLY,FIREFLY AEROSPACE INC,Industrials,Early,Nasdaq Liquid 500,485,10.01,21.52,46.1,4.6,53.5,43.64,44.6,16.79,15.0,bearish_transition,25.0,bearish_proxy,0.0,40.25,0.0,36,bearish_transition,72,fresh_below_zero_cross,39.48,21.110001,0.76,0.08256415,-0.02041754,-0.31682845,-0.41507340,4H MACD 刚金叉但仍需零轴确认；4H MACD 柱体连续扩张,4H EMA 转弱或跌破 EMA26；4H RSI 偏弱
458,LRCX,Lam Research,Information Technology,Early,Nasdaq Liquid 500,433,9.99,23.96,32.9,34.0,53.5,39.86,40.4,23.73,15.0,bearish_transition,25.0,bearish_proxy,20.82,44.91,0.0,36,bearish_transition,50,mixed_or_bearish,43.59,322.0,0.85,0.04345573,-0.07019722,-0.17106451,0.06197028,4H MACD 柱体连续扩张,4H EMA 转弱或跌破 EMA26；4H MACD 尚未确认多头
459,RUN,SUNRUN INC,Industrials,Early,Nasdaq Liquid 500,435,9.98,23.4,32.9,35.2,53.5,29.87,29.3,23.61,15.0,bearish_transition,25.0,bearish_proxy,22.16,41.43,0.0,22,confirmed_bearish_trend,42,mixed_or_bearish,38.2,11.44,0.65,-0.00651324,-0.10520141,-0.15509601,-0.14339199,,4H EMA 空头排列；4H MACD 尚未确认多头；4H RSI 偏弱
460,WULF,TeraWulf Inc. - Common Stock,,Early,Nasdaq Liquid 500,499,9.73,20.72,46.1,4.6,53.5,46.3,47.55,16.15,15.0,bearish_transition,25.0,bearish_proxy,0.0,36.0,0.0,39,bearish_transition,72,fresh_below_zero_cross,44.84,19.870001,0.51,0.04910243,0.02396289,-0.31293219,-0.17208329,4H MACD 刚金叉但仍需零轴确认；4H MACD 柱体连续扩张,4H EMA 转弱或跌破 EMA26
461,PENG,PENGUIN SOLUTIONS INC,Information Technology,Early,Nasdaq Liquid 500,438,9.56,23.23,32.9,32.8,53.5,39.14,39.6,23.1,15.0,bearish_transition,25.0,bearish_proxy,20.62,41.12,0.0,36,bearish_transition,50,mixed_or_bearish,40.25,58.099998,0.3,0.08770939,-0.25350127,-0.13477295,-0.02923977,4H MACD 柱体连续扩张,4H EMA 转弱或跌破 EMA26；4H MACD 尚未确认多头
462,WYNN,Wynn Resorts,Consumer Discretionary,Early,Nasdaq Liquid 500,396,9.32,24.9,22.3,55.6,53.5,26.9,26.0,27.99,15.0,bearish_transition,25.0,bearish_proxy,35.41,44.08,0.0,22,confirmed_bearish_trend,28,fresh_bearish_cross,35.46,94.629997,1.17,-0.01601332,-0.01344872,-0.10320319,-0.09453645,,4H EMA 空头排列；4H MACD 最近死叉；4H RSI 偏弱
463,LUNR,INTUITIVE MACHINES INC CLASS A,Industrials,Early,Nasdaq Liquid 500,394,9.15,29.8,36.7,4.6,53.5,41.3,42.0,28.0,15.0,bearish_transition,71.8,fresh_below_zero_cross_proxy,0.0,37.0,0.0,36,bearish_transition,66,bullish_above_signal,36.98,14.64,0.53,0.05059203,-0.01777927,-0.35887889,-0.50119250,4H MACD 位于 Signal 上方；4H MACD 柱体连续扩张,4H EMA 转弱或跌破 EMA26；4H RSI 偏弱
464,MDB,"MongoDB, Inc. - Class A Common Stock",,Early,Nasdaq Liquid 500,416,9.12,24.13,25.9,46.4,53.5,30.68,30.2,26.14,15.0,bearish_transition,25.0,bearish_proxy,30.27,42.05,0.0,22,confirmed_bearish_trend,42,mixed_or_bearish,35.86,307.649994,1.1,-0.06453822,-0.10743298,-0.07545984,-0.12247926,,4H EMA 空头排列；4H MACD 尚未确认多头；4H RSI 偏弱
465,NVTS,NAVITAS SEMICONDUCTOR CORP,Information Technology,Early,Nasdaq Liquid 500,483,9.09,21.61,43.7,4.6,53.5,43.46,44.4,16.86,15.0,bearish_transition,25.0,bearish_proxy,0.0,40.75,0.0,36,bearish_transition,66,bullish_above_signal,42.57,12.825,0.54,0.08951433,-0.02099237,-0.46517932,-0.48853442,4H MACD 位于 Signal 上方；4H MACD 柱体连续扩张,4H EMA 转弱或跌破 EMA26
466,FLNC,FLUENCE ENERGY INC CLASS A,Industrials,Early,Nasdaq Liquid 500,490,8.84,20.91,43.7,4.6,53.5,43.46,44.4,16.3,15.0,bearish_transition,25.0,bearish_proxy,0.0,37.0,0.0,36,bearish_transition,66,bullish_above_signal,43.9,15.28,0.49,0.08754448,-0.02177323,-0.38262626,-0.33270155,4H MACD 位于 Signal 上方；4H MACD 柱体连续扩张,4H EMA 转弱或跌破 EMA26
467,GFS,GlobalFoundries Inc. - Ordinary Share,,Early,Nasdaq Liquid 500,470,8.56,21.68,39.1,13.2,53.5,44.45,45.5,18.77,18.0,bearish_transition,26.35,bearish_proxy,4.19,36.84,0.0,36,bearish_transition,72,fresh_below_zero_cross,35.47,59.389999,2.36,0.03919325,-0.06280575,-0.30821199,-0.21316910,4H MACD 刚金叉但仍需零轴确认；4H MACD 柱体连续扩张,4H EMA 转弱或跌破 EMA26；4H RSI 偏弱
468,UPST,UPSTART HOLDINGS INC,Financials,Early,Nasdaq Liquid 500,422,8.36,24.04,25.9,41.6,53.5,32.03,31.7,25.46,15.0,bearish_transition,25.0,bearish_proxy,27.75,42.55,0.0,22,confirmed_bearish_trend,50,mixed_or_bearish,34.0,29.27,0.58,0.00708091,-0.07709286,-0.09769102,-0.01580363,4H MACD 柱体连续扩张,4H EMA 空头排列；4H MACD 尚未确认多头；4H RSI 偏弱
469,SEDG,"SolarEdge Technologies, Inc. - Common Stock",,Early,Nasdaq Liquid 500,453,7.85,22.36,32.9,23.4,53.5,34.19,34.1,20.96,15.0,bearish_transition,25.0,bearish_proxy,14.57,38.91,0.0,22,confirmed_bearish_trend,50,mixed_or_bearish,43.08,50.27,0.62,0.01576072,-0.09407104,-0.13551164,-0.20433682,4H MACD 柱体连续扩张,4H EMA 空头排列；4H MACD 尚未确认多头
470,KEEL,KEEL INFRASTRUCTURE CORP,Information Technology,Early,Nasdaq Liquid 500,491,7.44,20.91,65.2,4.6,53.5,51.97,53.85,16.3,15.0,bearish_transition,25.0,bearish_proxy,0.0,37.0,0.0,53,mixed_sideways,66,bullish_above_signal,50.98,4.65,0.47,0.08371399,0.03678930,-0.25896414,-0.09319605,4H MACD 位于 Signal 上方；4H MACD 柱体连续扩张；4H RSI 位于健康强势区间,4H EMA 仍偏震荡
471,RKLB,Rocket Lab Corporation - Common Stock,,Early,Nasdaq Liquid 500,498,6.93,20.72,39.1,4.6,53.5,37.25,37.5,16.15,15.0,bearish_transition,25.0,bearish_proxy,0.0,36.0,0.0,22,confirmed_bearish_trend,72,fresh_below_zero_cross,35.37,69.120003,0.54,0.03753412,-0.12295388,-0.35582478,-0.37220705,4H MACD 刚金叉但仍需零轴确认；4H MACD 柱体连续扩张,4H EMA 空头排列；4H RSI 偏弱
472,MNDY,monday.com Ltd. - Ordinary Shares,,Early,Nasdaq Liquid 500,352,6.23,26.07,25.9,76.0,53.5,36.35,36.5,31.65,18.0,bearish_transition,26.35,bearish_proxy,43.23,44.65,0.0,36,bearish_transition,42,mixed_or_bearish,32.92,72.839996,2.04,-0.08342777,-0.10964432,0.01845636,-0.15124684,,4H EMA 转弱或跌破 EMA26；4H MACD 尚未确认多头；4H RSI 偏弱
473,RYAAY,"Ryanair Holdings plc - American Depositary Shares, each representing five Ordinary Shares",,Early,Nasdaq Liquid 500,349,5.97,26.11,19.65,90.8,53.5,35.54,35.6,31.94,15.0,bearish_transition,25.0,bearish_proxy,47.83,45.57,0.0,36,bearish_transition,42,mixed_or_bearish,30.4,58.799999,0.94,-0.00195200,-0.08539434,-0.03937265,0.03157893,,4H EMA 转弱或跌破 EMA26；4H MACD 尚未确认多头；4H RSI 偏弱
474,MRNA,Moderna,Health Care,Early,Nasdaq Liquid 500,341,5.9,37.44,25.9,47.2,53.5,36.98,37.2,33.01,35.0,mixed_sideways,25.0,bearish_proxy,30.53,47.36,0.0,36,bearish_transition,50,mixed_or_bearish,32.89,59.66,0.53,-0.02833879,-0.11536183,-0.06970212,0.25785368,4H MACD 柱体连续扩张,4H EMA 转弱或跌破 EMA26；4H MACD 尚未确认多头；4H RSI 偏弱
475,ALAB,"Astera Labs, Inc. - Common Stock",,Early,Nasdaq Liquid 500,477,5.78,21.17,32.9,12.4,53.5,32.03,31.7,17.45,15.0,bearish_transition,25.0,bearish_proxy,3.95,36.79,0.0,22,confirmed_bearish_trend,50,mixed_or_bearish,38.88,319.790009,0.74,0.02814797,-0.11452301,-0.23324621,0.00915142,4H MACD 柱体连续扩张,4H EMA 空头排列；4H MACD 尚未确认多头；4H RSI 偏弱
476,WYFI,WHITEFIBER INC,Information Technology,Early,Nasdaq Liquid 500,486,5.38,21.07,32.9,10.0,53.5,31.31,30.9,16.75,15.0,bearish_transition,25.0,bearish_proxy,1.38,37.28,0.0,22,confirmed_bearish_trend,50,mixed_or_bearish,39.91,27.549999,0.37,-0.01219075,-0.11556986,-0.28422973,0.18443676,4H MACD 柱体连续扩张,4H EMA 空头排列；4H MACD 尚未确认多头；4H RSI 偏弱
477,SBAC,SBA Communications,Real Estate,Early,Nasdaq Liquid 500,314,5.36,30.59,22.3,69.2,53.5,26.09,25.1,36.28,15.0,bearish_transition,49.8,bullish_below_zero_proxy,40.85,47.17,0.0,22,confirmed_bearish_trend,28,fresh_bearish_cross,33.98,176.820007,0.71,-0.03933495,-0.05610417,-0.05357809,-0.15063881,,4H EMA 空头排列；4H MACD 最近死叉；4H RSI 偏弱
478,ALNY,"Alnylam Pharmaceuticals, Inc. - Common Stock",,Early,Nasdaq Liquid 500,373,4.32,25.92,25.9,63.6,53.5,31.31,30.9,29.68,15.0,bearish_transition,25.0,bearish_proxy,39.07,48.06,0.0,22,confirmed_bearish_trend,50,mixed_or_bearish,33.71,271.369995,0.44,-0.00502308,-0.03533470,-0.02398940,-0.10462582,4H MACD 柱体连续扩张,4H EMA 空头排列；4H MACD 尚未确认多头；4H RSI 偏弱
479,ISRG,Intuitive Surgical,Health Care,Early,Nasdaq Liquid 500,355,3.98,26.6,19.65,76.4,53.5,32.03,31.7,31.29,15.0,bearish_transition,25.0,bearish_proxy,43.49,49.95,0.0,22,confirmed_bearish_trend,50,mixed_or_bearish,31.57,350.059998,0.98,-0.00922679,-0.07750284,-0.13884379,-0.17063114,4H MACD 柱体连续扩张,4H EMA 空头排列；4H MACD 尚未确认多头；4H RSI 偏弱
480,AAON,"AAON, Inc. - Common Stock",,Early,Nasdaq Liquid 500,451,3.96,22.43,22.3,25.6,53.5,26.9,26.0,21.15,15.0,bearish_transition,25.0,bearish_proxy,15.16,39.03,0.0,22,confirmed_bearish_trend,28,fresh_bearish_cross,37.86,105.610001,1.47,0.02514079,-0.06390710,-0.22748888,-0.20336429,,4H EMA 空头排列；4H MACD 最近死叉；4H RSI 偏弱
481,ENPH,"Enphase Energy, Inc. - Common Stock",,Early,Nasdaq Liquid 500,465,3.86,21.98,25.9,16.4,53.5,32.03,31.7,19.42,15.0,bearish_transition,25.0,bearish_proxy,9.44,38.89,0.0,22,confirmed_bearish_trend,50,mixed_or_bearish,36.73,39.939999,0.75,-0.00112547,-0.11224723,-0.23662081,-0.28754909,4H MACD 柱体连续扩张,4H EMA 空头排列；4H MACD 尚未确认多头；4H RSI 偏弱
482,DKNG,DraftKings Inc. - Class A Common Stock,,Early,Nasdaq Liquid 500,387,3.37,24.92,25.9,59.6,53.5,29.87,29.3,28.46,15.0,bearish_transition,25.0,bearish_proxy,37.29,43.46,0.0,22,confirmed_bearish_trend,42,mixed_or_bearish,33.24,23.85,0.8,-0.03772443,-0.05357147,-0.09607732,-0.04370493,,4H EMA 空头排列；4H MACD 尚未确认多头；4H RSI 偏弱
483,TEM,"Tempus AI, Inc. - Class A Common Stock",,Early,Nasdaq Liquid 500,390,2.91,24.8,25.9,56.8,53.5,37.7,38.0,28.1,15.0,bearish_transition,25.0,bearish_proxy,36.2,43.24,0.0,36,bearish_transition,50,mixed_or_bearish,33.64,48.98,0.57,0.00225089,-0.16487641,-0.03620622,0.05514869,4H MACD 柱体连续扩张,4H EMA 转弱或跌破 EMA26；4H MACD 尚未确认多头；4H RSI 偏弱
484,APP,AppLovin,Information Technology,Early,Nasdaq Liquid 500,408,1.73,25.04,25.9,48.4,53.5,32.03,31.7,27.11,15.0,bearish_transition,25.0,bearish_proxy,31.29,46.51,0.0,22,confirmed_bearish_trend,50,mixed_or_bearish,32.38,428.690002,0.79,-0.00200235,-0.04504244,-0.08664987,-0.23051101,4H MACD 柱体连续扩张,4H EMA 空头排列；4H MACD 尚未确认多头；4H RSI 偏弱
485,USAR,USA RARE EARTH INC CLASS A,Materials,Early,Nasdaq Liquid 500,494,1.72,20.91,25.9,4.6,53.5,32.03,31.7,16.3,15.0,bearish_transition,25.0,bearish_proxy,0.0,37.0,0.0,22,confirmed_bearish_trend,50,mixed_or_bearish,35.41,15.8,0.62,0.05403602,-0.13162957,-0.35876621,-0.29495761,4H MACD 柱体连续扩张,4H EMA 空头排列；4H MACD 尚未确认多头；4H RSI 偏弱
486,CRSP,CRISPR THERAPEUTICS AG,Health Care,Early,Nasdaq Liquid 500,419,0.68,24.26,25.9,43.2,53.5,31.31,30.9,25.73,15.0,bearish_transition,25.0,bearish_proxy,28.12,43.62,0.0,22,confirmed_bearish_trend,50,mixed_or_bearish,33.67,48.150002,0.47,0.01144842,-0.04634581,-0.10915813,-0.07118052,4H MACD 柱体连续扩张,4H EMA 空头排列；4H MACD 尚未确认多头；4H RSI 偏弱
487,OPEN,OPENDOOR TECHNOLOGIES INC CLASS A,Real Estate,Early,Nasdaq Liquid 500,343,0.21,26.75,32.9,95.6,53.5,31.31,30.9,32.81,15.0,bearish_transition,25.0,bearish_proxy,49.35,48.37,0.0,22,confirmed_bearish_trend,42,mixed_or_bearish,43.84,4.48,0.44,-0.00224939,-0.01538462,0.00000000,0.01702611,,4H EMA 空头排列；4H MACD 尚未确认多头
488,ERIC,Ericsson - American Depositary Shares each representing 1 underlying Class B share,,Early,Nasdaq Liquid 500,400,0.13,24.7,19.65,55.2,53.5,31.31,30.9,27.8,15.0,bearish_transition,25.0,bearish_proxy,35.32,43.06,0.0,22,confirmed_bearish_trend,50,mixed_or_bearish,27.04,9.59,0.51,-0.00311850,-0.05143422,-0.15655233,-0.23676880,4H MACD 柱体连续扩张,4H EMA 空头排列；4H MACD 尚未确认多头；4H RSI 偏弱
489,SNPS,Synopsys,Information Technology,Early,Nasdaq Liquid 500,391,0.07,25.36,19.65,53.2,53.5,32.03,31.7,28.04,15.0,bearish_transition,25.0,bearish_proxy,34.09,47.07,0.0,22,confirmed_bearish_trend,50,mixed_or_bearish,29.85,389.070007,0.91,0.02722039,-0.08626111,-0.14582095,-0.16291228,4H MACD 柱体连续扩张,4H EMA 空头排列；4H MACD 尚未确认多头；4H RSI 偏弱
490,PLUG,PLUG POWER INC,Industrials,Early,Nasdaq Liquid 500,340,0,31.53,51.7,26.0,53.5,44.18,45.2,33.05,15.0,bearish_transition,71.8,fresh_below_zero_cross_proxy,15.29,40.06,0.0,36,bearish_transition,66,bullish_above_signal,45.38,2.27,0.68,0.06323185,-0.00219780,-0.20629371,-0.29393468,4H MACD 位于 Signal 上方；4H MACD 柱体连续扩张,4H EMA 转弱或跌破 EMA26
491,EOSE,EOS ENERGY ENTERPRISES INC CLASS A,Industrials,Early,Nasdaq Liquid 500,489,0,20.91,43.7,4.6,53.5,43.46,44.4,16.3,15.0,bearish_transition,25.0,bearish_proxy,0.0,37.0,0.0,36,bearish_transition,66,bullish_above_signal,40.3,4.24,0.54,0.06000000,-0.01165501,-0.44575163,-0.40070671,4H MACD 位于 Signal 上方；4H MACD 柱体连续扩张,4H EMA 转弱或跌破 EMA26
492,RXT,RACKSPACE TECHNOLOGY INC,Information Technology,Early,Nasdaq Liquid 500,492,0,20.91,46.1,4.6,53.5,39.41,39.9,16.3,15.0,bearish_transition,25.0,bearish_proxy,0.0,37.0,0.0,22,confirmed_bearish_trend,72,fresh_below_zero_cross,41.5,4.39,0.27,0.01738123,-0.05387931,-0.39154539,-0.06695005,4H MACD 刚金叉但仍需零轴确认；4H MACD 柱体连续扩张,4H EMA 空头排列
493,IONS,"Ionis Pharmaceuticals, Inc. - Common Stock",,Early,Nasdaq Liquid 500,457,0,22.62,32.85,17.2,53.5,37.97,38.3,20.0,15.0,bearish_transition,25.0,bearish_proxy,9.72,42.19,0.0,22,confirmed_bearish_trend,72,fresh_below_zero_cross,22.18,53.389999,0.65,-0.00651290,-0.02803570,-0.27987591,-0.28316331,4H MACD 刚金叉但仍需零轴确认；4H MACD 柱体连续扩张,4H EMA 空头排列；4H RSI 偏弱
494,RXRX,RECURSION PHARMACEUTICALS INC CLAS,Health Care,Early,Nasdaq Liquid 500,379,0,25.93,32.9,60.4,53.5,36.98,37.2,29.3,15.0,bearish_transition,25.0,bearish_proxy,37.48,48.75,0.0,36,bearish_transition,50,mixed_or_bearish,38.39,3.08,0.43,0.05119454,-0.07922272,-0.04496124,-0.07228916,4H MACD 柱体连续扩张,4H EMA 转弱或跌破 EMA26；4H MACD 尚未确认多头；4H RSI 偏弱
495,GRAB,Grab Holdings Limited - Class A Ordinary Shares,,Early,Nasdaq Liquid 500,309,0,38.08,25.9,79.2,53.5,35.54,35.6,36.99,35.0,mixed_sideways,25.0,bearish_proxy,44.97,44.99,0.0,36,bearish_transition,42,mixed_or_bearish,35.26,3.5,0.76,-0.04112216,-0.07894737,-0.02097902,0.05105105,,4H EMA 转弱或跌破 EMA26；4H MACD 尚未确认多头；4H RSI 偏弱
496,FSLR,First Solar,Information Technology,Early,Nasdaq Liquid 500,427,0,24.33,19.65,37.6,53.5,32.03,31.7,24.83,15.0,bearish_transition,25.0,bearish_proxy,24.16,45.58,0.0,22,confirmed_bearish_trend,50,mixed_or_bearish,30.43,206.050003,0.79,-0.00222746,-0.06587179,-0.20036476,-0.26141661,4H MACD 柱体连续扩张,4H EMA 空头排列；4H MACD 尚未确认多头；4H RSI 偏弱
497,BEAM,BEAM THERAPEUTICS INC,Health Care,Early,Nasdaq Liquid 500,462,0,22.25,19.65,17.6,53.5,31.31,30.9,19.81,15.0,bearish_transition,25.0,bearish_proxy,10.18,40.04,0.0,22,confirmed_bearish_trend,50,mixed_or_bearish,30.77,27.290001,0.54,0.02459174,-0.11725699,-0.19970667,-0.07018736,4H MACD 柱体连续扩张,4H EMA 空头排列；4H MACD 尚未确认多头；4H RSI 偏弱
498,WING,Wingstop Inc. - Common Stock,,Early,Nasdaq Liquid 500,444,0,22.97,19.65,31.6,53.5,30.68,30.2,22.74,15.0,bearish_transition,25.0,bearish_proxy,19.95,39.99,0.0,22,confirmed_bearish_trend,42,mixed_or_bearish,25.75,134.949997,1.23,-0.04287385,-0.09075597,-0.16610026,-0.05071755,,4H EMA 空头排列；4H MACD 尚未确认多头；4H RSI 偏弱
499,VICR,Vicor Corporation - Common Stock,,Early,Nasdaq Liquid 500,480,0,20.95,19.65,4.6,53.5,30.68,30.2,17.05,18.0,bearish_transition,25.0,bearish_proxy,0.0,36.0,0.0,22,confirmed_bearish_trend,42,mixed_or_bearish,31.05,214.699997,1.55,-0.09672264,-0.18827978,-0.35180798,-0.20766138,,4H EMA 空头排列；4H MACD 尚未确认多头；4H RSI 偏弱
500,PSKY,Paramount Skydance Corporation,Communication Services,Early,Nasdaq Liquid 500,405,0,24.63,19.65,50.8,53.5,29.87,29.3,27.21,15.0,bearish_transition,25.0,bearish_proxy,33.05,43.61,0.0,22,confirmed_bearish_trend,42,mixed_or_bearish,27.22,8.53,0.89,-0.00986651,-0.06417992,-0.14314415,-0.16617791,,4H EMA 空头排列；4H MACD 尚未确认多头；4H RSI 偏弱
