rank,ticker,name,sector,daily_strategy,daily_universe,daily_rank,calibrated_score,daily_setup_score,h4_timing_score,cat_mid_score,risk_score,4h_signal_score,4h_technical_score,early_signal_score,daily_ema_score,daily_ema_state,daily_macd_score,daily_macd_state,cat_score,prism_score,overheat_penalty,ema_score,ema_state,macd_score,macd_state,rsi14,latest_price,volume_ratio,return_3_blocks,return_1w,return_1m,return_60_blocks,reasons,risks
1,AMN,AMN HEALTHCARE,Health Care,Early,Russell,5,87.48,78.94,90.4,43.45,51.73,76.6,74.0,74.08,100.0,fresh_bullish_cross,88.8,fresh_above_zero_cross_proxy,50.28,45.31,0.0,94,fresh_bullish_cross,66,bullish_above_signal,59.51,34.950001,1.3,0.02058701,0.01717113,0.01128472,0.05176049,4H EMA9/26 最近金叉且价格在 EMA50 上方；4H MACD 位于 Signal 上方；4H MACD 柱体连续扩张；4H RSI 位于健康强势区间,
2,FTK,FLOTEK INDUSTRIES INC,Materials,Early,Russell,65,87.32,71.17,87.7,67.73,51.73,67.39,67.1,63.27,100.0,fresh_bullish_cross,51.15,bullish_below_zero_proxy,46.5,43.55,0.0,76,early_transition,70,bullish_above_signal,64.11,28.120001,1.58,0.04984137,0.00824676,-0.01952577,-0.00460173,4H EMA9 已站上 EMA26，等待 26/50 确认；4H MACD 位于 Signal 上方；4H RSI 位于健康强势区间,
3,BMRC,BANK OF MARIN BANCORP,Financials,Early,Russell,62,86.71,71.25,87.7,63.51,51.73,66.36,65.95,63.49,100.0,fresh_bullish_cross,51.15,bullish_below_zero_proxy,47.17,43.68,0.0,76,early_transition,70,bullish_above_signal,55.73,27.77,2.96,0.00325145,0.01387371,-0.01244669,-0.05912245,4H EMA9 已站上 EMA26，等待 26/50 确认；4H MACD 位于 Signal 上方；4H RSI 位于健康强势区间,
4,HUT,HUT CORP,Information Technology,Early,Russell,159,86.19,72.02,76.9,87.01,51.73,53.78,54.2,56.82,82.0,early_transition,49.8,bullish_below_zero_proxy,44.33,43.12,0.0,68,early_transition,42,mixed_or_bearish,50.0,89.82,1.03,0.03538905,-0.06378989,0.01929184,-0.11288889,4H EMA9 已站上 EMA26，等待 26/50 确认；4H RSI 位于健康强势区间,4H MACD 尚未确认多头
5,HTH,HILLTOP HOLDINGS,Financials,Early,Russell,49,84.66,71.48,87.7,49.28,51.73,67.86,65.95,64.18,100.0,fresh_bullish_cross,51.15,bullish_below_zero_proxy,49.25,44.1,0.0,76,early_transition,70,bullish_above_signal,49.14,38.689999,2.56,0.00051722,0.00939204,-0.01677253,-0.03323341,4H EMA9 已站上 EMA26，等待 26/50 确认；4H MACD 位于 Signal 上方；4H RSI 位于健康强势区间,
6,KE,KIMBALL ELECTRONICS INC,Information Technology,Early,Russell,184,84.26,71.41,76.9,75.57,51.73,56.75,57.5,55.03,82.0,early_transition,49.8,bullish_below_zero_proxy,38.93,42.04,0.0,68,early_transition,50,mixed_or_bearish,52.01,24.780001,1.15,0.03422379,-0.00919628,-0.07743857,-0.08628318,4H EMA9 已站上 EMA26，等待 26/50 确认；4H MACD 柱体连续扩张；4H RSI 位于健康强势区间,4H MACD 尚未确认多头
7,ESQ,ESQUIRE FINANCIAL HOLDINGS INC,Financials,Early,Russell,40,83.53,71.66,87.7,41.34,51.73,68.89,67.1,64.69,100.0,fresh_bullish_cross,51.15,bullish_below_zero_proxy,50.79,44.41,0.0,76,early_transition,70,bullish_above_signal,57.61,121.120003,1.97,0.00132278,0.03037005,-0.02251635,-0.06927416,4H EMA9 已站上 EMA26，等待 26/50 确认；4H MACD 位于 Signal 上方；4H RSI 位于健康强势区间,
8,UVSP,UNIVEST FINANCIAL CORP,Financials,Early,Russell,39,83.45,71.67,87.7,40.72,51.73,68.89,67.1,64.73,100.0,fresh_bullish_cross,51.15,bullish_below_zero_proxy,50.94,44.44,0.0,76,early_transition,70,bullish_above_signal,55.62,42.68,2.04,0.00305525,0.01041662,-0.00813384,-0.04806511,4H EMA9 已站上 EMA26，等待 26/50 确认；4H MACD 位于 Signal 上方；4H RSI 位于健康强势区间,
9,RAMP,LIVERAMP HOLDINGS INC,Information Technology,Early,Russell,126,82.66,67.19,92.8,32.37,51.73,71.19,73.55,59.2,100.0,fresh_bullish_cross,26.35,bearish_proxy,52.95,44.84,0.0,89,fresh_bullish_cross,72,fresh_below_zero_cross,62.34,37.869999,1.54,0.00691300,0.00317878,0.00504244,-0.00065974,4H EMA9/26 最近金叉且价格在 EMA50 上方；4H MACD 刚金叉但仍需零轴确认；4H MACD 柱体连续扩张；4H RSI 位于健康强势区间,
10,PFBC,PREFERRED BANK,Financials,Early,Russell,32,82.4,71.86,87.7,33.3,51.73,68.89,67.1,65.3,100.0,fresh_bullish_cross,51.15,bullish_below_zero_proxy,52.67,44.78,0.0,76,early_transition,70,bullish_above_signal,63.14,106.18,2.38,0.00511171,0.04312800,-0.01080675,-0.00617742,4H EMA9 已站上 EMA26，等待 26/50 确认；4H MACD 位于 Signal 上方；4H RSI 位于健康强势区间,
11,EAF,GRAFTECH INTERNATIONAL LTD,Industrials,Early,Russell,46,82.26,71.52,82.4,47.32,51.73,68.26,66.4,64.3,100.0,fresh_bullish_cross,51.15,bullish_below_zero_proxy,49.61,44.17,0.0,82,fresh_bullish_cross,66,bullish_above_signal,68.69,8.15,1.62,0.15931721,0.31877023,0.11338798,0.06535948,4H EMA9/26 最近金叉且价格在 EMA50 上方；4H MACD 位于 Signal 上方；4H MACD 柱体连续扩张,4H 相对 EMA26 超过 2 ATR，短线偏追高；4H RSI 偏热
12,QLYS,QUALYS,Information Technology,Early,Russell,134,82.03,66.86,90.4,35.31,51.73,71.6,74.0,58.65,100.0,fresh_bullish_cross,25.0,bearish_proxy,52.3,44.71,0.0,94,fresh_bullish_cross,66,bullish_above_signal,57.99,183.059998,1.17,-0.00618892,0.07574778,-0.00098236,0.13588976,4H EMA9/26 最近金叉且价格在 EMA50 上方；4H MACD 位于 Signal 上方；4H MACD 柱体连续扩张；4H RSI 位于健康强势区间,
13,TDC,TERADATA,Information Technology,Early,Russell,31,81.58,71.78,87.7,28.04,51.73,68.08,66.2,65.48,100.0,fresh_bullish_cross,49.8,bullish_below_zero_proxy,54.23,45.1,0.0,76,early_transition,70,bullish_above_signal,58.15,29.18,0.88,-0.01849983,0.04700391,0.05954971,-0.15174424,4H EMA9 已站上 EMA26，等待 26/50 确认；4H MACD 位于 Signal 上方；4H RSI 位于健康强势区间,
14,RBB,RBB BANCORP,Financials,Early,Russell,186,81.17,58.11,87.7,97.22,51.73,65.39,67.1,54.63,75.0,confirmed_bullish_trend,51.15,bullish_below_zero_proxy,43.05,42.86,0.0,76,early_transition,70,bullish_above_signal,50.86,26.639999,2.4,-0.00168634,0.00947329,-0.02560355,-0.00541352,4H EMA9 已站上 EMA26，等待 26/50 确认；4H MACD 位于 Signal 上方；4H RSI 位于健康强势区间,
15,PGNY,PROGYNY,Health Care,Early,Russell,86,80.57,73.8,87.7,16.6,51.73,66.58,66.2,61.62,82.0,early_transition,49.8,bullish_below_zero_proxy,58.43,46.94,0.0,76,early_transition,70,bullish_above_signal,55.73,27.379999,0.72,-0.01599288,0.00958695,0.08093166,-0.12996505,4H EMA9 已站上 EMA26，等待 26/50 确认；4H MACD 位于 Signal 上方；4H RSI 位于健康强势区间,
16,PRTH,PRIORITY TECHNOLOGY HOLDINGS INC,Financials,Early,Russell,72,79.92,74.09,87.7,11.55,51.73,66.58,66.2,62.9,82.0,early_transition,49.8,bullish_below_zero_proxy,62.75,46.8,0.0,76,early_transition,70,bullish_above_signal,58.64,5.89,0.77,-0.01996672,0.08471455,0.10299625,-0.12351190,4H EMA9 已站上 EMA26，等待 26/50 确认；4H MACD 位于 Signal 上方；4H RSI 位于健康强势区间,
17,ARL,AMERICAN REALTY INVESTORS INC,Real Estate,Early,Russell,120,78.35,73.21,95.5,14.69,3.27,67.19,69.1,59.74,85.0,early_transition,49.8,bullish_below_zero_proxy,59.55,46.16,3.0,71,early_transition,88,fresh_above_zero_cross,55.78,16.344999,8.55,0.05519684,0.01521733,0.11952048,-0.10315506,4H EMA9 已站上 EMA26，等待 26/50 确认；4H MACD 零轴上方刚金叉；4H MACD 柱体连续扩张；4H RSI 位于健康强势区间,
18,PRDO,PERDOCEO EDUCATION,Consumer Discretionary,Early,Russell,189,78.15,68.72,79.6,33.92,51.73,67.28,69.2,54.57,85.0,early_transition,26.35,bearish_proxy,52.55,44.76,0.0,94,fresh_bullish_cross,50,mixed_or_bearish,55.17,33.27,1.78,0.01124614,0.00271248,0.03806556,0.01093892,4H EMA9/26 最近金叉且价格在 EMA50 上方；4H MACD 柱体连续扩张；4H RSI 位于健康强势区间,4H MACD 尚未确认多头
19,FTRE,FORTREA HOLDINGS INC,Health Care,Early,Russell,10,77.39,73.35,82.4,10.57,51.73,69.76,66.4,69.25,100.0,fresh_bullish_cross,51.15,bullish_below_zero_proxy,64.17,48.08,0.0,82,fresh_bullish_cross,66,bullish_above_signal,68.09,19.969999,2.17,0.06762892,0.18939832,0.10331486,0.11067848,4H EMA9/26 最近金叉且价格在 EMA50 上方；4H MACD 位于 Signal 上方；4H MACD 柱体连续扩张,4H 相对 EMA26 超过 2 ATR，短线偏追高；4H RSI 偏热
20,SEI,SOLARIS ENERGY INFRASTRUCTURE INC,Energy,Early,Russell,141,77.38,73.68,73.0,74.79,51.73,58.77,59.75,58.0,82.0,early_transition,61.8,bullish_above_signal_proxy,38.82,42.01,0.0,55,mixed_sideways,80,fresh_above_zero_cross,57.26,64.57,0.81,0.03494151,-0.04496378,-0.02151838,0.11260446,4H MACD 零轴上方刚金叉；4H RSI 位于健康强势区间,4H EMA 仍偏震荡
21,PAYO,PAYONEER GLOBAL INC,Financials,Early,Russell,294,76.65,53.6,98.2,49.59,51.73,74.57,77.3,49.2,72.0,confirmed_bullish_trend,25.0,bearish_proxy,49.14,44.08,0.0,94,fresh_bullish_cross,80,fresh_above_zero_cross,56.81,7.15,0.87,0.00421348,0.00562588,0.00350877,0.00421348,4H EMA9/26 最近金叉且价格在 EMA50 上方；4H MACD 零轴上方刚金叉；4H RSI 位于健康强势区间,
22,SNDA,SONIDA SENIOR LIVING,Health Care,Early,Russell,180,74.95,58.41,87.7,55.05,51.73,64.58,66.2,55.28,72.0,confirmed_bullish_trend,49.8,bullish_below_zero_proxy,48.31,44.91,0.0,76,early_transition,70,bullish_above_signal,51.57,39.419998,0.71,0.00076159,-0.00379080,0.00999229,0.02124352,4H EMA9 已站上 EMA26，等待 26/50 确认；4H MACD 位于 Signal 上方；4H RSI 位于健康强势区间,
23,TMDX,TRANSMEDICS GROUP,Health Care,Early,Russell,297,74.38,53.69,90.4,55.05,51.73,68.63,70.7,49.08,72.0,confirmed_bullish_trend,25.0,bearish_proxy,48.31,44.91,0.0,94,fresh_bullish_cross,58,bullish_above_signal,51.53,87.559998,0.78,-0.03199315,0.01354322,-0.00950231,0.08540970,4H EMA9/26 最近金叉且价格在 EMA50 上方；4H MACD 位于 Signal 上方；4H RSI 位于健康强势区间,
24,AZTA,AZENTA,Health Care,Early,Russell,293,73.98,53.74,90.4,52.22,51.73,70.79,73.1,49.22,72.0,confirmed_bullish_trend,25.0,bearish_proxy,48.75,45.0,0.0,94,fresh_bullish_cross,66,bullish_above_signal,60.99,33.209999,0.67,0.00332329,0.10112729,-0.01072389,0.10222370,4H EMA9/26 最近金叉且价格在 EMA50 上方；4H MACD 位于 Signal 上方；4H MACD 柱体连续扩张；4H RSI 位于健康强势区间,
25,HCI,HCI GROUP INC,Financials,Early,Russell,259,73.94,54.1,98.2,30.36,51.73,77.54,80.6,50.68,72.0,confirmed_bullish_trend,25.0,bearish_proxy,53.61,44.97,0.0,94,fresh_bullish_cross,88,fresh_above_zero_cross,56.29,188.195007,1.13,0.01297200,0.01556856,0.03171429,0.05248593,4H EMA9/26 最近金叉且价格在 EMA50 上方；4H MACD 零轴上方刚金叉；4H MACD 柱体连续扩张；4H RSI 位于健康强势区间,
26,AVBC,AVIDIA BANCORP INC,Financials,Early,Russell,290,73.92,53.68,92.8,45.57,51.73,73.22,75.8,49.44,72.0,confirmed_bullish_trend,25.0,bearish_proxy,49.85,44.22,0.0,94,fresh_bullish_cross,72,fresh_below_zero_cross,57.53,22.299999,1.39,0.02552302,0.02623097,-0.00446433,0.04941172,4H EMA9/26 最近金叉且价格在 EMA50 上方；4H MACD 刚金叉但仍需零轴确认；4H MACD 柱体连续扩张；4H RSI 位于健康强势区间,
27,CERT,CERTARA,Health Care,Early,Russell,269,73.82,54.0,90.4,50.57,51.73,69.44,71.6,50.22,75.0,confirmed_bullish_trend,25.0,bearish_proxy,49.02,45.05,0.0,94,fresh_bullish_cross,58,bullish_above_signal,54.4,8.13,2.18,-0.01514234,0.06762968,0.01625000,0.03964194,4H EMA9/26 最近金叉且价格在 EMA50 上方；4H MACD 位于 Signal 上方；4H RSI 位于健康强势区间,
28,OPCH,OPTION CARE HEALTH INC,Health Care,Early,Russell,213,73.43,54.97,98.2,24.9,51.73,76.51,79.45,52.66,75.0,confirmed_bullish_trend,26.35,bearish_proxy,55.4,46.33,0.0,94,fresh_bullish_cross,88,fresh_above_zero_cross,60.74,24.469999,3.26,0.03686436,0.03467226,0.04706880,0.03336144,4H EMA9/26 最近金叉且价格在 EMA50 上方；4H MACD 零轴上方刚金叉；4H MACD 柱体连续扩张；4H RSI 位于健康强势区间,
29,CLW,CLEARWATER PAPER CORP,Materials,Early,Russell,289,72.79,53.7,90.4,44.43,51.73,69.44,71.6,49.49,72.0,confirmed_bullish_trend,25.0,bearish_proxy,50.0,44.25,0.0,94,fresh_bullish_cross,58,bullish_above_signal,54.72,21.105,1.13,-0.00307038,0.05842522,0.02055126,-0.07858550,4H EMA9/26 最近金叉且价格在 EMA50 上方；4H MACD 位于 Signal 上方；4H RSI 位于健康强势区间,
30,NATH,NATHANS FAMOUS INC,Consumer Discretionary,Early,Russell,54,72.49,71.25,73.0,47.84,51.73,64.15,63.5,63.93,100.0,fresh_bullish_cross,49.8,bullish_below_zero_proxy,49.52,44.15,0.0,58,mixed_sideways,88,fresh_above_zero_cross,57.54,98.669998,0.88,0.00386608,0.00693948,0.01127394,0.00519554,4H MACD 零轴上方刚金叉；4H MACD 柱体连续扩张；4H RSI 位于健康强势区间,4H EMA 仍偏震荡
31,RPD,RAPID7,Information Technology,Early,Russell,73,72.21,64.93,75.1,95.15,51.73,73.06,73.4,62.82,72.0,confirmed_bullish_trend,88.8,fresh_above_zero_cross_proxy,42.08,42.67,0.0,100,confirmed_bullish_trend,58,bullish_above_signal,57.77,12.46,0.92,-0.02997275,0.17825059,0.00686869,0.15638051,4H EMA 多头排列已连续维持；4H MACD 位于 Signal 上方；4H RSI 位于健康强势区间,
32,VERI,VERITONE INC,Information Technology,Early,Russell,83,71.34,70.54,87.7,95.98,51.73,66.58,66.2,61.84,100.0,fresh_bullish_cross,49.8,bullish_below_zero_proxy,43.2,42.89,0.0,76,early_transition,70,bullish_above_signal,62.17,1.09,0.61,0.00460829,0.28069557,0.00460829,-0.09543568,4H EMA9 已站上 EMA26，等待 26/50 确认；4H MACD 位于 Signal 上方；4H RSI 位于健康强势区间,
33,LMRI,LUMEXA IMAGING HOLDINGS,Health Care,Early,Russell,161,71.3,66.33,65.2,72.22,51.73,54.05,54.5,56.71,100.0,fresh_bullish_cross,25.0,bearish_proxy,45.97,44.44,0.0,58,mixed_sideways,58,bullish_above_signal,50.66,11.65,0.84,-0.01521555,0.03097345,-0.01271186,0.02462621,4H MACD 位于 Signal 上方；4H RSI 位于健康强势区间,4H EMA 仍偏震荡
34,CLSK,CLEANSPARK,Information Technology,Early,Russell,160,69.86,72.01,50.8,87.73,51.73,44.73,44.15,56.78,82.0,early_transition,49.8,bullish_below_zero_proxy,44.22,43.09,0.0,55,mixed_sideways,28,fresh_bearish_cross,50.31,12.79,0.91,0.01427439,-0.03617182,0.03062047,-0.09643236,4H RSI 位于健康强势区间,4H EMA 仍偏震荡；4H MACD 最近死叉
35,FIVN,FIVE9,Information Technology,Early,Russell,207,69.7,54.94,90.4,20.93,51.73,70.56,72.85,52.95,75.0,confirmed_bullish_trend,26.35,bearish_proxy,56.74,45.6,0.0,94,fresh_bullish_cross,66,bullish_above_signal,59.79,34.080002,2.52,0.01731349,0.12216006,0.07035182,0.14400809,4H EMA9/26 最近金叉且价格在 EMA50 上方；4H MACD 位于 Signal 上方；4H MACD 柱体连续扩张；4H RSI 位于健康强势区间,
36,ASAN,ASANA CLASS A,Information Technology,Early,Russell,214,69.62,54.67,90.4,21.03,51.73,70.56,72.85,52.59,75.0,confirmed_bullish_trend,25.0,bearish_proxy,56.66,45.58,0.0,94,fresh_bullish_cross,66,bullish_above_signal,56.97,9.67,2.63,0.01629007,0.17070218,0.09637188,0.10388128,4H EMA9/26 最近金叉且价格在 EMA50 上方；4H MACD 位于 Signal 上方；4H MACD 柱体连续扩张；4H RSI 位于健康强势区间,
37,PGEN,PRECIGEN,Health Care,Early,Russell,181,69.53,55.85,92.8,11.24,51.73,68.36,70.4,55.24,75.0,confirmed_bullish_trend,26.35,bearish_proxy,63.23,47.9,0.0,82,fresh_bullish_cross,72,fresh_below_zero_cross,66.06,7.435,2.18,0.07209805,0.09499264,0.13598167,0.14033742,4H EMA9/26 最近金叉且价格在 EMA50 上方；4H MACD 刚金叉但仍需零轴确认；4H MACD 柱体连续扩张；4H RSI 位于健康强势区间,4H 相对 EMA26 超过 2 ATR，短线偏追高
38,BFH,BREAD FINANCIAL HOLDINGS,Financials,Early,Russell,51,68.98,65.36,75.1,72.63,51.73,77.11,77.9,64.08,72.0,confirmed_bullish_trend,88.8,fresh_above_zero_cross_proxy,45.88,43.43,0.0,100,confirmed_bullish_trend,70,bullish_above_signal,51.36,107.790001,1.53,0.00634861,0.00447305,-0.03110111,-0.04058742,4H EMA 多头排列已连续维持；4H MACD 位于 Signal 上方；4H RSI 位于健康强势区间,
39,RLGT,RADIANT LOGISTIC INC,Industrials,Early,Russell,6,68.55,77.3,75.1,1.86,51.73,79.3,77.0,72.14,85.0,early_transition,51.15,bullish_below_zero_proxy,87.02,51.65,0.0,100,confirmed_bullish_trend,70,bullish_above_signal,58.46,9.125,0.98,-0.08291457,0.10138805,0.04885057,0.07100939,4H EMA 多头排列已连续维持；4H MACD 位于 Signal 上方；4H RSI 位于健康强势区间,
40,ESP,ESPEY MANUFACTURING AND ELECTRONIC,Industrials,Early,Russell,139,68.45,60.62,75.1,80.15,51.73,75.11,77.9,58.3,75.0,confirmed_bullish_trend,63.15,bullish_above_signal_proxy,45.08,43.27,0.0,100,confirmed_bullish_trend,70,bullish_above_signal,54.25,63.849998,1.82,0.00180430,0.02768384,-0.01633039,0.04398296,4H EMA 多头排列已连续维持；4H MACD 位于 Signal 上方；4H RSI 位于健康强势区间,
41,NHC,NATIONAL HEALTHCARE CORP,Health Care,Early,Russell,151,68.28,60.33,75.1,79.69,51.73,74.3,77.0,57.22,72.0,confirmed_bullish_trend,61.8,bullish_above_signal_proxy,45.11,44.27,0.0,100,confirmed_bullish_trend,70,bullish_above_signal,52.94,225.899994,0.86,0.00462507,-0.00960148,-0.01181108,0.08298575,4H EMA 多头排列已连续维持；4H MACD 位于 Signal 上方；4H RSI 位于健康强势区间,
42,ULH,UNIVERSAL LOGISTICS HOLDINGS INC,Industrials,Early,Russell,333,67.86,52.97,75.1,94.07,51.73,70.37,74.3,47.34,72.0,confirmed_bullish_trend,25.0,bearish_proxy,43.51,42.95,0.0,100,confirmed_bullish_trend,58,bullish_above_signal,52.38,18.84,1.14,0.00106270,0.02866497,-0.03533031,-0.03036541,4H EMA 多头排列已连续维持；4H MACD 位于 Signal 上方；4H RSI 位于健康强势区间,
43,WTBA,WEST BANCORPORATION INC,Financials,Early,Russell,150,67.61,60.19,75.1,75.57,51.73,75.11,77.9,57.22,72.0,confirmed_bullish_trend,61.8,bullish_above_signal_proxy,45.56,43.36,0.0,100,confirmed_bullish_trend,70,bullish_above_signal,58.58,29.459999,1.62,-0.00372002,0.02008310,-0.01570334,0.03006990,4H EMA 多头排列已连续维持；4H MACD 位于 Signal 上方；4H RSI 位于健康强势区间,
44,NSP,INSPERITY,Industrials,Early,Russell,144,67.57,66.56,65.2,46.8,51.73,57.02,57.8,57.78,100.0,fresh_bullish_cross,25.0,bearish_proxy,49.66,44.18,0.0,58,mixed_sideways,66,bullish_above_signal,52.83,51.41,1.26,0.00734790,0.02328818,0.01882681,-0.02890062,4H MACD 位于 Signal 上方；4H MACD 柱体连续扩张；4H RSI 位于健康强势区间,4H EMA 仍偏震荡
45,DBI,DESIGNER BRANDS CLASS A,Consumer Discretionary,Early,Russell,113,66.93,73.16,65.2,27.11,51.73,57.29,58.1,60.17,82.0,early_transition,49.8,bullish_below_zero_proxy,54.5,45.15,0.0,58,mixed_sideways,70,bullish_above_signal,55.45,6.04,0.74,-0.04354711,0.15047619,0.04317789,-0.08623298,4H MACD 位于 Signal 上方；4H RSI 位于健康强势区间,4H EMA 仍偏震荡
46,CPSS,CONSUMER PORTFOLIO SERVICES INC,Financials,Early,Russell,112,66.83,73.19,65.2,26.39,51.73,57.29,58.1,60.23,82.0,early_transition,49.8,bullish_below_zero_proxy,54.68,45.19,0.0,58,mixed_sideways,70,bullish_above_signal,53.2,9.49,0.58,0.00582936,0.02373247,-0.00210305,-0.01042753,4H MACD 位于 Signal 上方；4H RSI 位于健康强势区间,4H EMA 仍偏震荡
47,TWIN,TWIN DISC INC,Industrials,Early,Russell,165,66.58,59.94,65.2,95.67,51.73,57.29,58.1,56.48,72.0,confirmed_bullish_trend,61.8,bullish_above_signal_proxy,43.3,42.91,0.0,58,mixed_sideways,70,bullish_above_signal,54.27,24.32,0.97,0.00475108,-0.01458671,-0.03453755,0.01460163,4H MACD 位于 Signal 上方；4H RSI 位于健康强势区间,4H EMA 仍偏震荡
48,PSIX,POWER SOLUTIONS INTERNATIONAL,Industrials,Early,Russell,89,66.48,74.86,54.4,48.97,51.73,50.52,48.35,61.46,82.0,early_transition,61.8,bullish_above_signal_proxy,49.31,44.11,0.0,55,mixed_sideways,42,mixed_or_bearish,53.5,40.09,0.94,0.01493671,-0.04638442,0.01365363,0.14772402,4H RSI 位于健康强势区间,4H EMA 仍偏震荡；4H MACD 尚未确认多头
49,ANDE,ANDERSONS INC,Consumer Staples,Early,Russell,70,66.41,75.54,60.7,30.1,51.73,64.96,64.4,63.04,82.0,early_transition,61.8,bullish_above_signal_proxy,53.66,45.98,0.0,100,confirmed_bullish_trend,28,fresh_bearish_cross,59.34,71.43,0.75,-0.00334865,0.00154234,0.03641907,-0.04101498,4H EMA 多头排列已连续维持；4H RSI 位于健康强势区间,4H MACD 最近死叉
50,PRAA,PRA GROUP INC,Financials,Early,Russell,28,66.39,65.87,75.1,54.18,51.73,80.77,80.3,65.82,75.0,confirmed_bullish_trend,88.8,fresh_above_zero_cross_proxy,48.42,43.93,0.0,100,confirmed_bullish_trend,78,bullish_above_signal,63.67,20.07,1.72,0.04368175,0.05023542,-0.01059896,0.14034091,4H EMA 多头排列已连续维持；4H MACD 位于 Signal 上方；4H MACD 柱体连续扩张；4H RSI 位于健康强势区间,
51,CMTV,COMMUNITY BANCORP VT,Financials,Early,Russell,132,65.93,60.75,82.9,42.22,51.73,76.28,79.2,58.87,72.0,confirmed_bullish_trend,61.8,bullish_above_signal_proxy,50.54,44.36,0.0,100,confirmed_bullish_trend,80,fresh_above_zero_cross,51.85,40.93,0.22,0.00392445,-0.00048842,0.00110070,0.00664043,4H EMA 多头排列已连续维持；4H MACD 零轴上方刚金叉；4H RSI 位于健康强势区间,
52,PBYI,PUMA BIOTECHNOLOGY INC,Health Care,Early,Russell,237,65.75,54.5,79.6,24.43,51.73,66.47,68.3,51.45,72.0,confirmed_bullish_trend,25.0,bearish_proxy,55.49,46.35,0.0,94,fresh_bullish_cross,50,mixed_or_bearish,55.63,9.39,0.72,0.00427807,0.03528115,0.06462585,0.20230474,4H EMA9/26 最近金叉且价格在 EMA50 上方；4H MACD 柱体连续扩张；4H RSI 位于健康强势区间,4H MACD 尚未确认多头
53,EBS,EMERGENT BIOSOLUTIONS,Health Care,Early,Russell,1,65.72,78.95,67.1,0.52,51.73,75.84,73.15,76.57,85.0,early_transition,51.15,bullish_below_zero_proxy,100.0,55.25,0.0,89,confirmed_bullish_trend,78,bullish_above_signal,70.46,6.765,2.26,0.06451613,0.19270099,0.50668151,-0.10634082,4H EMA 多头排列已连续维持；4H MACD 位于 Signal 上方；4H MACD 柱体连续扩张,4H 相对 EMA26 超过 2 ATR，短线偏追高；4H RSI 偏热
54,PUBM,PUBMATIC CLASS A,Communication,Early,Russell,324,65.59,53.16,75.1,78.45,51.73,74.96,79.4,47.92,72.0,confirmed_bullish_trend,25.0,bearish_proxy,45.25,43.3,0.0,100,confirmed_bullish_trend,78,bullish_above_signal,55.64,16.85,1.0,-0.00177719,0.04205318,-0.02318841,0.23624358,4H EMA 多头排列已连续维持；4H MACD 位于 Signal 上方；4H MACD 柱体连续扩张；4H RSI 位于健康强势区间,
55,CSR,CENTERSPACE,Real Estate,Early,Russell,25,65.58,76.55,65.2,10.21,51.73,61.6,59.0,66.42,82.0,early_transition,61.8,bullish_above_signal_proxy,64.34,47.12,0.0,58,mixed_sideways,70,bullish_above_signal,57.47,56.849998,1.58,-0.01507282,-0.00975443,0.04063696,0.04311923,4H MACD 位于 Signal 上方；4H RSI 位于健康强势区间,4H EMA 仍偏震荡
56,ECPG,ENCORE CAPITAL GROUP,Financials,Early,Russell,323,65.45,53.18,75.1,77.47,51.73,69.56,73.4,47.96,72.0,confirmed_bullish_trend,25.0,bearish_proxy,45.37,43.32,0.0,100,confirmed_bullish_trend,58,bullish_above_signal,54.46,99.760002,1.01,0.01733637,0.02570430,-0.03780862,0.04482613,4H EMA 多头排列已连续维持；4H MACD 位于 Signal 上方；4H RSI 位于健康强势区间,
57,PEBK,PEOPLES BANCORP OF NORTH CAROLINA,Financials,Early,Russell,157,65.16,60.06,65.2,85.93,51.73,56.57,57.3,56.85,72.0,confirmed_bullish_trend,61.8,bullish_above_signal_proxy,44.43,43.14,0.0,58,mixed_sideways,70,bullish_above_signal,50.7,44.16,0.39,-0.01864488,0.01845016,-0.01823032,0.01330881,4H MACD 位于 Signal 上方；4H RSI 位于健康强势区间,4H EMA 仍偏震荡
58,AMC,AMC ENTERTAINMENT HOLDINGS INC CLA,Communication,Early,Russell,145,65.11,66.49,92.8,50.31,51.73,72.41,74.9,57.57,100.0,fresh_bullish_cross,25.0,bearish_proxy,49.05,44.06,0.0,94,fresh_bullish_cross,72,fresh_below_zero_cross,58.58,2.665,0.71,0.06281157,0.08333333,0.08775510,-0.00288098,4H EMA9/26 最近金叉且价格在 EMA50 上方；4H MACD 刚金叉但仍需零轴确认；4H MACD 柱体连续扩张；4H RSI 位于健康强势区间,
59,CBLL,CERIBELL,Health Care,Early,Russell,271,65.02,53.97,82.9,52.01,51.73,77.0,80.0,50.13,75.0,confirmed_bullish_trend,25.0,bearish_proxy,48.77,45.0,0.0,100,confirmed_bullish_trend,80,fresh_above_zero_cross,55.53,24.5,0.71,-0.00040800,0.00409836,0.00286533,0.32146703,4H EMA 多头排列已连续维持；4H MACD 零轴上方刚金叉；4H RSI 位于健康强势区间,
60,TCI,TRANSCONTINENTAL REALTY INVESTORS,Real Estate,Early,Russell,74,64.94,74.01,65.2,11.86,51.73,60.73,59.7,62.66,82.0,early_transition,49.8,bullish_below_zero_proxy,62.03,46.66,0.0,58,mixed_sideways,78,bullish_above_signal,58.33,40.345001,0.28,0.03475247,0.04466603,0.13647573,-0.03480857,4H MACD 位于 Signal 上方；4H MACD 柱体连续扩张；4H RSI 位于健康强势区间,4H EMA 仍偏震荡
61,PARR,PAR PACIFIC HOLDINGS,Energy,Early,Russell,100,64.53,61.55,82.9,31.03,51.73,81.97,83.3,61.03,75.0,confirmed_bullish_trend,63.15,bullish_above_signal_proxy,53.36,44.92,0.0,100,confirmed_bullish_trend,88,fresh_above_zero_cross,58.32,84.93,1.35,0.00035333,0.02165287,0.03459623,0.02189868,4H EMA 多头排列已连续维持；4H MACD 零轴上方刚金叉；4H MACD 柱体连续扩张；4H RSI 位于健康强势区间,
62,FET,FORUM ENERGY TECHNOLOGIES INC,Energy,Early,Russell,341,64.38,52.87,64.3,99.9,51.73,65.24,68.6,47.07,72.0,confirmed_bullish_trend,25.0,bearish_proxy,42.68,42.79,0.0,100,confirmed_bullish_trend,42,mixed_or_bearish,53.22,81.660004,0.96,-0.00777642,0.01769698,-0.05398513,0.09920585,4H EMA 多头排列已连续维持；4H RSI 位于健康强势区间,4H MACD 尚未确认多头
63,FMAO,FARMERS AND MERCHANTS BANCORP INC,Financials,Early,Russell,122,64.35,61.04,75.1,51.86,51.73,75.11,77.9,59.54,75.0,confirmed_bullish_trend,63.15,bullish_above_signal_proxy,48.83,44.02,0.0,100,confirmed_bullish_trend,70,bullish_above_signal,64.79,35.779999,2.04,-0.00055866,0.02580269,0.01966369,0.03290993,4H EMA 多头排列已连续维持；4H MACD 位于 Signal 上方；4H RSI 位于健康强势区间,
64,PRLB,PROTO LABS,Industrials,Early,Russell,326,64.34,46.51,92.8,78.45,51.73,70.91,74.9,47.85,38.0,mixed_sideways,73.15,fresh_below_zero_cross_proxy,39.47,42.14,0.0,92,fresh_bullish_cross,72,fresh_below_zero_cross,58.57,83.220001,2.15,0.06501154,0.02880457,-0.08317722,-0.05870380,4H EMA9/26 最近金叉且价格在 EMA50 上方；4H MACD 刚金叉但仍需零轴确认；4H MACD 柱体连续扩张；4H RSI 位于健康强势区间,
65,DCTH,DELCATH SYS INC,Health Care,Early,Russell,316,64.29,53.48,65.2,95.46,51.73,53.36,55.4,48.28,75.0,confirmed_bullish_trend,26.35,bearish_proxy,42.14,43.68,0.0,58,mixed_sideways,58,bullish_above_signal,50.15,16.219999,1.32,0.00500638,0.01374994,-0.04840135,0.23346000,4H MACD 位于 Signal 上方；4H RSI 位于健康强势区间,4H EMA 仍偏震荡
66,TGTX,TG THERAPEUTICS,Health Care,Early,Russell,178,64.22,55.94,79.6,10.82,51.73,66.06,67.85,55.49,75.0,confirmed_bullish_trend,26.35,bearish_proxy,63.99,48.05,0.0,91,fresh_bullish_cross,50,mixed_or_bearish,56.48,55.849998,1.07,0.04588007,0.02214493,0.13308981,0.14622884,4H EMA9/26 最近金叉且价格在 EMA50 上方；4H MACD 柱体连续扩张；4H RSI 位于健康强势区间,4H MACD 尚未确认多头
67,SB,SAFE BULKERS,Industrials,Early,Russell,195,63.99,55.25,79.6,10.93,51.73,66.47,68.3,54.04,72.0,confirmed_bullish_trend,25.0,bearish_proxy,63.8,47.01,0.0,94,fresh_bullish_cross,50,mixed_or_bearish,55.71,8.75,0.73,0.01508121,0.04665072,0.08091414,0.12830432,4H EMA9/26 最近金叉且价格在 EMA50 上方；4H MACD 柱体连续扩张；4H RSI 位于健康强势区间,4H MACD 尚未确认多头
68,LQDT,LIQUIDITY SERVICES INC,Industrials,Early,Russell,138,63.9,60.59,75.1,49.85,51.73,74.3,77.0,58.39,72.0,confirmed_bullish_trend,61.8,bullish_above_signal_proxy,49.1,44.07,0.0,100,confirmed_bullish_trend,70,bullish_above_signal,59.27,43.169998,1.01,-0.00690138,0.04376202,0.00935230,0.12951326,4H EMA 多头排列已连续维持；4H MACD 位于 Signal 上方；4H RSI 位于健康强势区间,
69,BANR,BANNER CORP,Financials,Early,Russell,152,63.9,60.17,65.2,77.22,51.73,58.1,59.0,57.17,72.0,confirmed_bullish_trend,61.8,bullish_above_signal_proxy,45.39,43.33,0.0,58,mixed_sideways,70,bullish_above_signal,50.22,71.080002,1.69,-0.01202305,0.00922905,-0.03528770,-0.01016566,4H MACD 位于 Signal 上方；4H RSI 位于健康强势区间,4H EMA 仍偏震荡
70,NECB,NORTHEAST COMMUNITY BANCORP INC,Financials,Early,Russell,119,63.71,61.13,75.1,47.32,51.73,75.11,77.9,59.8,75.0,confirmed_bullish_trend,63.15,bullish_above_signal_proxy,49.61,44.17,0.0,100,confirmed_bullish_trend,70,bullish_above_signal,57.0,27.190001,2.41,0.00927988,0.01455231,0.01493094,0.00554734,4H EMA 多头排列已连续维持；4H MACD 位于 Signal 上方；4H RSI 位于健康强势区间,
71,HAFC,HANMI FINANCIAL CORP,Financials,Early,Russell,166,63.62,58.48,75.1,52.94,51.73,75.11,77.9,56.12,75.0,confirmed_bullish_trend,49.8,bullish_below_zero_proxy,48.59,43.97,0.0,100,confirmed_bullish_trend,70,bullish_above_signal,58.23,32.080002,2.32,0.00328388,0.01905978,-0.00372668,-0.00895882,4H EMA 多头排列已连续维持；4H MACD 位于 Signal 上方；4H RSI 位于健康强势区间,
72,INFU,INFUSYSTEM HOLDINGS INC,Health Care,Early,Russell,246,63.55,54.46,82.9,41.03,51.73,79.97,83.3,51.16,75.0,confirmed_bullish_trend,26.35,bearish_proxy,50.85,45.42,0.0,100,confirmed_bullish_trend,88,fresh_above_zero_cross,63.72,12.495,1.36,0.02839506,0.02754934,0.02839506,0.02292264,4H EMA 多头排列已连续维持；4H MACD 零轴上方刚金叉；4H MACD 柱体连续扩张；4H RSI 位于健康强势区间,
73,FRAF,FRANKLIN FINANCIAL SERVICES CORP,Financials,Early,Russell,136,63.39,60.66,75.1,46.29,51.73,75.11,77.9,58.6,72.0,confirmed_bullish_trend,61.8,bullish_above_signal_proxy,49.73,44.2,0.0,100,confirmed_bullish_trend,70,bullish_above_signal,54.3,63.529999,1.22,0.00777281,0.01696811,-0.00579034,0.00410936,4H EMA 多头排列已连续维持；4H MACD 位于 Signal 上方；4H RSI 位于健康强势区间,
74,GIC,GLOBAL INDUSTRIAL,Industrials,Early,Russell,279,63.18,53.82,82.9,40.05,51.73,79.97,83.3,49.84,72.0,confirmed_bullish_trend,25.0,bearish_proxy,51.06,44.46,0.0,100,confirmed_bullish_trend,88,fresh_above_zero_cross,57.22,39.810001,1.28,0.00835869,0.00708328,0.03201555,0.06557816,4H EMA 多头排列已连续维持；4H MACD 零轴上方刚金叉；4H MACD 柱体连续扩张；4H RSI 位于健康强势区间,
75,PDEX,PRO DEX INC,Health Care,Early,Russell,117,63.08,61.14,75.1,43.14,51.73,76.46,79.4,59.85,75.0,confirmed_bullish_trend,61.8,bullish_above_signal_proxy,50.35,45.32,0.0,100,confirmed_bullish_trend,78,bullish_above_signal,62.66,71.849998,1.04,0.07367006,0.16810275,0.06177036,0.04448317,4H EMA 多头排列已连续维持；4H MACD 位于 Signal 上方；4H MACD 柱体连续扩张；4H RSI 位于健康强势区间,
76,PEBO,PEOPLES BANCORP INC,Financials,Early,Russell,408,63.07,42.31,87.7,93.4,51.73,58.22,60.8,42.47,35.0,mixed_sideways,49.8,bullish_below_zero_proxy,43.58,42.97,0.0,74,early_transition,58,bullish_above_signal,46.04,39.610001,1.54,-0.00788974,0.00660745,-0.03601847,-0.05125746,4H EMA9 已站上 EMA26，等待 26/50 确认；4H MACD 位于 Signal 上方,
77,KRRO,KORRO BIO,Health Care,Early,Russell,111,63.01,61.43,75.1,41.96,51.73,74.08,76.75,60.28,75.0,confirmed_bullish_trend,63.15,bullish_above_signal_proxy,50.63,45.38,0.0,100,confirmed_bullish_trend,70,bullish_above_signal,57.01,13.83,2.53,0.02634508,0.06548536,0.05331302,0.21315789,4H EMA 多头排列已连续维持；4H MACD 位于 Signal 上方；4H RSI 位于健康强势区间,
78,NRC,NRC HEALTH,Health Care,Early,Russell,130,62.96,60.93,75.1,42.78,51.73,74.3,77.0,58.99,72.0,confirmed_bullish_trend,61.8,bullish_above_signal_proxy,50.47,45.34,0.0,100,confirmed_bullish_trend,70,bullish_above_signal,57.74,22.049999,0.62,0.00501358,0.05150215,0.01286169,0.12156658,4H EMA 多头排列已连续维持；4H MACD 位于 Signal 上方；4H RSI 位于健康强势区间,
79,STLN,STARLING ONCOLOGY,Health Care,Early,Russell,18,62.9,66.96,75.1,28.35,51.73,80.11,77.9,68.21,75.0,confirmed_bullish_trend,90.15,fresh_above_zero_cross_proxy,54.18,46.09,0.0,100,confirmed_bullish_trend,70,bullish_above_signal,61.35,6.53,2.16,0.01161890,0.03733122,0.03650794,0.24618321,4H EMA 多头排列已连续维持；4H MACD 位于 Signal 上方；4H RSI 位于健康强势区间,
80,AESI,ATLAS ENERGY SOLUTIONS,Energy,Early,Russell,57,62.84,75.63,54.4,22.89,51.73,50.52,48.35,63.71,82.0,early_transition,61.8,bullish_above_signal_proxy,56.14,45.48,0.0,55,mixed_sideways,42,mixed_or_bearish,52.12,13.565,0.8,-0.00403818,-0.06961591,0.05728761,0.24164760,4H RSI 位于健康强势区间,4H EMA 仍偏震荡；4H MACD 尚未确认多头
81,NWFL,NORWOOD FINANCIAL CORP,Financials,Early,Russell,131,62.73,60.76,75.1,41.65,51.73,75.11,77.9,58.9,72.0,confirmed_bullish_trend,61.8,bullish_above_signal_proxy,50.65,44.38,0.0,100,confirmed_bullish_trend,70,bullish_above_signal,56.5,34.849998,1.13,-0.00428577,0.01396564,0.02079669,0.02545232,4H EMA 多头排列已连续维持；4H MACD 位于 Signal 上方；4H RSI 位于健康强势区间,
82,OBT,ORANGE COUNTY BANCORP INC,Financials,Early,Russell,146,62.67,60.28,65.2,68.76,51.73,58.1,59.0,57.49,72.0,confirmed_bullish_trend,61.8,bullish_above_signal_proxy,46.37,43.52,0.0,58,mixed_sideways,70,bullish_above_signal,50.34,38.25,1.21,-0.00052260,0.01163711,-0.01264848,-0.01519053,4H MACD 位于 Signal 上方；4H RSI 位于健康强势区间,4H EMA 仍偏震荡
83,NXDR,NEXTDOOR HOLDINGS CLASS A,Communication,Early,Russell,56,62.64,71.34,79.7,57.47,51.73,57.31,55.9,63.76,100.0,fresh_bullish_cross,51.15,bullish_below_zero_proxy,47.98,43.85,0.0,64,early_transition,58,bullish_above_signal,68.3,2.475,1.26,0.01851852,0.15116279,-0.01785714,0.07375271,4H EMA9 已站上 EMA26，等待 26/50 确认；4H MACD 位于 Signal 上方,4H 相对 EMA26 超过 2 ATR，短线偏追高；4H RSI 偏热
84,VLGEA,VILLAGE SUPER MARKET INC CLASS A,Consumer Staples,Early,Russell,127,62.59,60.99,75.1,40.21,51.73,74.3,77.0,59.18,72.0,confirmed_bullish_trend,61.8,bullish_above_signal_proxy,51.03,45.46,0.0,100,confirmed_bullish_trend,70,bullish_above_signal,55.8,44.150002,0.92,-0.00361090,0.03723724,0.03057894,-0.00563063,4H EMA 多头排列已连续维持；4H MACD 位于 Signal 上方；4H RSI 位于健康强势区间,
85,CVLT,COMMVAULT SYSTEMS,Information Technology,Early,Russell,175,62.39,58.41,75.1,44.9,51.73,72.01,74.45,55.68,72.0,confirmed_bullish_trend,49.8,bullish_below_zero_proxy,49.97,44.24,0.0,89,confirmed_bullish_trend,78,bullish_above_signal,65.56,145.210007,0.98,0.00966486,0.10258170,0.00614951,0.09882719,4H EMA 多头排列已连续维持；4H MACD 位于 Signal 上方；4H MACD 柱体连续扩张；4H RSI 位于健康强势区间,4H 相对 EMA26 超过 2 ATR，短线偏追高
86,FROG,JFROG,Information Technology,Early,Russell,370,62.34,52.11,75.1,59.28,51.73,69.56,73.4,44.83,72.0,confirmed_bullish_trend,25.0,bearish_proxy,35.89,41.43,0.0,100,confirmed_bullish_trend,58,bullish_above_signal,52.7,92.620003,0.62,-0.01708585,0.06154731,-0.02186080,0.07410414,4H EMA 多头排列已连续维持；4H MACD 位于 Signal 上方；4H RSI 位于健康强势区间,
87,SES,SES AI CLASS A,Industrials,Early,Russell,35,62.16,71.64,87.7,32.22,51.73,67.36,65.4,65.07,100.0,fresh_bullish_cross,49.8,bullish_below_zero_proxy,52.98,44.85,0.0,76,early_transition,70,bullish_above_signal,56.54,0.5835,0.45,-0.05826340,0.12233122,0.02064020,0.04233655,4H EMA9 已站上 EMA26，等待 26/50 确认；4H MACD 位于 Signal 上方；4H RSI 位于健康强势区间,
88,PSTL,POSTAL REALTY TRUST CLASS A,Real Estate,Early,Russell,61,62.11,62.41,82.9,12.89,51.73,81.97,83.3,63.57,75.0,confirmed_bullish_trend,63.15,bullish_above_signal_proxy,61.04,46.46,0.0,100,confirmed_bullish_trend,88,fresh_above_zero_cross,57.94,24.01,1.75,0.02279020,0.01608130,0.05584872,0.03759728,4H EMA 多头排列已连续维持；4H MACD 零轴上方刚金叉；4H MACD 柱体连续扩张；4H RSI 位于健康强势区间,
89,REFI,CHICAGO ATLANTIC REAL ESTATE FINAN,Financials,Early,Russell,69,62.06,62.1,82.9,13.3,51.73,81.97,83.3,63.08,75.0,confirmed_bullish_trend,61.8,bullish_above_signal_proxy,60.59,46.37,0.0,100,confirmed_bullish_trend,88,fresh_above_zero_cross,59.74,11.01,1.46,0.00639854,0.02323420,0.07049101,0.10265398,4H EMA 多头排列已连续维持；4H MACD 零轴上方刚金叉；4H MACD 柱体连续扩张；4H RSI 位于健康强势区间,
90,CLMB,CLIMB GLOBAL SOLUTIONS INC,Information Technology,Early,Russell,300,62.03,53.52,75.1,53.92,51.73,75.11,77.9,48.98,72.0,confirmed_bullish_trend,25.0,bearish_proxy,48.46,43.94,0.0,100,confirmed_bullish_trend,70,bullish_above_signal,52.98,28.24,1.05,-0.00440684,0.03254113,0.01363959,0.05451826,4H EMA 多头排列已连续维持；4H MACD 位于 Signal 上方；4H RSI 位于健康强势区间,
91,CFFN,CAPITOL FEDERAL FINANCIAL INC,Financials,Early,Russell,125,62.01,60.88,75.1,36.6,51.73,75.11,77.9,59.25,72.0,confirmed_bullish_trend,61.8,bullish_above_signal_proxy,51.72,44.59,0.0,100,confirmed_bullish_trend,70,bullish_above_signal,55.88,8.86,1.79,0.00112994,0.00911162,0.01663798,-0.03538378,4H EMA 多头排列已连续维持；4H MACD 位于 Signal 上方；4H RSI 位于健康强势区间,
92,EIG,EMPLOYERS HOLDINGS,Financials,Early,Russell,124,61.94,60.91,75.1,36.08,51.73,74.3,77.0,59.33,72.0,confirmed_bullish_trend,61.8,bullish_above_signal_proxy,51.96,44.64,0.0,100,confirmed_bullish_trend,70,bullish_above_signal,58.19,49.990002,1.04,-0.00099918,0.01895640,0.03799838,-0.01478124,4H EMA 多头排列已连续维持；4H MACD 位于 Signal 上方；4H RSI 位于健康强势区间,
93,TDS,TELEPHONE AND DATA SYSTEMS,Communication,Early,Russell,37,61.72,76.02,54.4,14.54,51.73,54.04,50.6,64.86,82.0,early_transition,61.8,bullish_above_signal_proxy,59.61,46.17,0.0,58,mixed_sideways,42,mixed_or_bearish,55.35,37.09,1.25,-0.02124291,-0.02111372,0.07444959,0.03806325,4H RSI 位于健康强势区间,4H EMA 仍偏震荡；4H MACD 尚未确认多头
94,TKNO,ALPHA TEKNOVA,Health Care,Early,Russell,314,61.69,53.44,67.6,71.86,51.73,55.12,57.35,48.32,72.0,confirmed_bullish_trend,25.0,bearish_proxy,46.01,44.45,0.0,55,mixed_sideways,72,fresh_below_zero_cross,55.19,7.11,1.04,0.03644315,0.02228613,-0.01318529,0.29272727,4H MACD 刚金叉但仍需零轴确认；4H MACD 柱体连续扩张；4H RSI 位于健康强势区间,4H EMA 仍偏震荡
95,CATY,CATHAY GENERAL BANCORP,Financials,Early,Russell,393,61.68,42.67,87.7,83.3,51.73,59.03,61.7,43.76,38.0,mixed_sideways,49.8,bullish_below_zero_proxy,44.77,43.2,0.0,76,early_transition,58,bullish_above_signal,47.47,62.0,2.17,-0.00609171,0.01043023,-0.03771535,-0.03636923,4H EMA9 已站上 EMA26，等待 26/50 确认；4H MACD 位于 Signal 上方,
96,LCNB,LCNB CORP,Financials,Early,Russell,795,61.62,37.58,87.7,94.74,51.73,59.03,61.7,36.21,35.0,mixed_sideways,25.0,bearish_proxy,43.41,42.93,0.0,76,early_transition,58,bullish_above_signal,47.88,19.209999,1.88,-0.00930868,0.01105258,-0.03757515,-0.05787151,4H EMA9 已站上 EMA26，等待 26/50 确认；4H MACD 位于 Signal 上方,
97,CNO,CNO FINANCIAL GROUP,Financials,Early,Russell,249,61.39,54.2,82.9,27.22,51.73,77.81,80.9,50.97,72.0,confirmed_bullish_trend,25.0,bearish_proxy,54.48,45.15,0.0,100,confirmed_bullish_trend,80,fresh_above_zero_cross,53.4,55.555,1.46,-0.00062961,0.01396238,0.01340752,0.00243598,4H EMA 多头排列已连续维持；4H MACD 零轴上方刚金叉；4H RSI 位于健康强势区间,
98,KODK,EASTMAN KODAK,Information Technology,Early,Russell,864,61.36,37.29,90.4,86.55,51.73,69.29,73.1,35.35,35.0,mixed_sideways,25.0,bearish_proxy,40.8,42.41,0.0,94,fresh_bullish_cross,66,bullish_above_signal,56.2,9.41,0.87,0.01074114,0.04381586,-0.05522088,0.05730337,4H EMA9/26 最近金叉且价格在 EMA50 上方；4H MACD 位于 Signal 上方；4H MACD 柱体连续扩张；4H RSI 位于健康强势区间,
99,CYRX,CRYOPORT,Health Care,Early,Russell,19,61.35,66.89,75.1,18.14,51.73,79.03,76.7,68.19,72.0,confirmed_bullish_trend,88.8,fresh_above_zero_cross_proxy,57.89,46.83,0.0,100,confirmed_bullish_trend,66,bullish_above_signal,62.97,16.51,1.41,0.02195564,0.09048877,0.07838014,0.08475690,4H EMA 多头排列已连续维持；4H MACD 位于 Signal 上方；4H MACD 柱体连续扩张；4H RSI 位于健康强势区间,
100,PDLB,PONCE FINANCIAL GROUP INC,Financials,Early,Russell,299,61.03,53.54,73.0,52.78,51.73,62.96,64.4,49.03,72.0,confirmed_bullish_trend,25.0,bearish_proxy,48.62,43.97,0.0,58,mixed_sideways,88,fresh_above_zero_cross,54.53,20.52,1.31,0.00736372,0.01083749,-0.01060752,-0.00629540,4H MACD 零轴上方刚金叉；4H MACD 柱体连续扩张；4H RSI 位于健康强势区间,4H EMA 仍偏震荡
101,WAY,WAYSTAR HOLDING,Health Care,Early,Russell,8,60.91,67.64,75.1,13.51,51.73,82.27,80.3,70.2,75.0,confirmed_bullish_trend,90.15,fresh_above_zero_cross_proxy,60.22,47.29,0.0,100,confirmed_bullish_trend,78,bullish_above_signal,63.75,26.59,2.04,-0.00894521,0.11441739,0.07782732,0.11887234,4H EMA 多头排列已连续维持；4H MACD 位于 Signal 上方；4H MACD 柱体连续扩张；4H RSI 位于健康强势区间,
102,CRVL,CORVEL,Health Care,Early,Russell,13,60.86,67.09,75.1,14.43,51.73,79.3,77.0,68.77,72.0,confirmed_bullish_trend,88.8,fresh_above_zero_cross_proxy,59.64,47.18,0.0,100,confirmed_bullish_trend,70,bullish_above_signal,60.21,71.230003,0.66,-0.01466313,0.07290261,0.06361060,0.20687907,4H EMA 多头排列已连续维持；4H MACD 位于 Signal 上方；4H RSI 位于健康强势区间,
103,FA,FIRST ADVANTAGE,Industrials,Early,Russell,115,60.81,61.17,75.1,27.94,51.73,74.3,77.0,60.1,72.0,confirmed_bullish_trend,61.8,bullish_above_signal_proxy,54.28,45.11,0.0,100,confirmed_bullish_trend,70,bullish_above_signal,55.3,21.559999,0.98,-0.01507538,0.04863813,0.06206897,0.04457365,4H EMA 多头排列已连续维持；4H MACD 位于 Signal 上方；4H RSI 位于健康强势区间,
104,BLFS,BIOLIFE SOLUTIONS,Health Care,Early,Russell,282,60.68,53.9,75.1,44.02,51.73,70.34,72.6,49.68,72.0,confirmed_bullish_trend,25.0,bearish_proxy,50.12,45.27,0.0,100,confirmed_bullish_trend,58,bullish_above_signal,55.14,36.110001,0.52,-0.00523410,0.03333813,0.01861777,0.11073526,4H EMA 多头排列已连续维持；4H MACD 位于 Signal 上方；4H RSI 位于健康强势区间,
105,EVI,EVI INDUSTRIES INC,Industrials,Early,Russell,192,60.57,73.2,67.1,12.27,2.73,67.86,69.85,54.47,82.0,early_transition,59.55,bullish_above_signal_proxy,61.8,46.61,10.55,89,confirmed_bullish_trend,70,bullish_above_signal,73.78,17.379999,0.82,0.03452381,0.14304499,0.11054307,0.22913713,4H EMA 多头排列已连续维持；4H MACD 位于 Signal 上方,4H 相对 EMA26 超过 2 ATR，短线偏追高；4H RSI 偏热
106,HRTG,HERITAGE INSURANCE HOLDINGS INC,Financials,Early,Russell,287,60.54,53.73,75.1,43.45,51.73,76.46,79.4,49.58,72.0,confirmed_bullish_trend,25.0,bearish_proxy,50.28,44.31,0.0,100,confirmed_bullish_trend,78,bullish_above_signal,57.42,35.0,0.94,0.01097634,0.02790018,0.02339178,0.17607527,4H EMA 多头排列已连续维持；4H MACD 位于 Signal 上方；4H MACD 柱体连续扩张；4H RSI 位于健康强势区间,
107,NBN,NORTHEAST BANK,Financials,Early,Russell,123,60.51,61.02,65.2,52.68,51.73,58.1,59.0,59.49,75.0,confirmed_bullish_trend,63.15,bullish_above_signal_proxy,48.69,43.99,0.0,58,mixed_sideways,70,bullish_above_signal,53.72,132.539993,1.97,-0.01111696,0.02696416,-0.01133824,-0.02198945,4H MACD 位于 Signal 上方；4H RSI 位于健康强势区间,4H EMA 仍偏震荡
108,LXP,LXP INDUSTRIAL TRUST,Real Estate,Early,Russell,284,60.36,53.76,75.1,42.22,51.73,77.27,80.3,49.66,72.0,confirmed_bullish_trend,25.0,bearish_proxy,50.54,44.36,0.0,100,confirmed_bullish_trend,78,bullish_above_signal,57.71,60.880001,1.41,0.00098653,0.00148051,0.00362679,0.00379223,4H EMA 多头排列已连续维持；4H MACD 位于 Signal 上方；4H MACD 柱体连续扩张；4H RSI 位于健康强势区间,
109,AVPT,AVEPOINT CLASS A,Information Technology,Early,Russell,283,60.34,53.76,75.1,42.06,51.73,71.06,73.4,49.67,72.0,confirmed_bullish_trend,25.0,bearish_proxy,50.56,44.36,0.0,100,confirmed_bullish_trend,58,bullish_above_signal,52.11,13.43,0.87,-0.02362777,0.03586579,0.01396753,-0.00481660,4H EMA 多头排列已连续维持；4H MACD 位于 Signal 上方；4H RSI 位于健康强势区间,
110,FBLA,FB BANCORP,Financials,Early,Russell,82,60.33,61.86,75.1,23.14,51.73,78.24,79.15,61.94,75.0,confirmed_bullish_trend,63.15,bullish_above_signal_proxy,56.11,45.47,0.0,100,confirmed_bullish_trend,78,bullish_above_signal,66.53,16.17,2.65,0.01506591,0.01730104,0.04188144,0.01954603,4H EMA 多头排列已连续维持；4H MACD 位于 Signal 上方；4H MACD 柱体连续扩张；4H RSI 位于健康强势区间,
111,FLNG,FLEX LNG,Energy,Early,Russell,108,60.25,61.34,75.1,23.81,51.73,74.3,77.0,60.6,72.0,confirmed_bullish_trend,61.8,bullish_above_signal_proxy,55.79,45.41,0.0,100,confirmed_bullish_trend,70,bullish_above_signal,58.09,32.200001,0.71,-0.00586595,0.03403989,0.04207123,0.05504590,4H EMA 多头排列已连续维持；4H MACD 位于 Signal 上方；4H RSI 位于健康强势区间,
112,FSBW,FS BANCORP INC,Financials,Early,Russell,107,60.22,61.35,75.1,23.61,51.73,75.11,77.9,60.61,72.0,confirmed_bullish_trend,61.8,bullish_above_signal_proxy,55.83,45.42,0.0,100,confirmed_bullish_trend,70,bullish_above_signal,63.44,44.470001,1.64,0.00660962,0.02773286,0.03889735,0.03514902,4H EMA 多头排列已连续维持；4H MACD 位于 Signal 上方；4H RSI 位于健康强势区间,
113,NBTB,NBT BANCORP,Financials,Early,Russell,386,60.09,42.81,87.7,72.37,51.73,59.03,61.7,44.16,38.0,mixed_sideways,49.8,bullish_below_zero_proxy,45.96,43.44,0.0,76,early_transition,58,bullish_above_signal,47.42,51.599998,2.08,-0.00969201,0.00869903,-0.03180411,-0.04071394,4H EMA9 已站上 EMA26，等待 26/50 确认；4H MACD 位于 Signal 上方,
114,HYLN,HYLIION HOLDINGS CORP,Industrials,Early,Russell,171,60.08,71.72,75.1,91.8,51.73,74.3,77.0,55.93,82.0,early_transition,49.8,bullish_below_zero_proxy,41.64,42.58,0.0,100,confirmed_bullish_trend,70,bullish_above_signal,59.42,3.96,0.96,0.00635324,0.02723735,-0.03178484,-0.03296703,4H EMA 多头排列已连续维持；4H MACD 位于 Signal 上方；4H RSI 位于健康强势区间,
115,GNK,GENCO SHIPPING AND TRADING,Industrials,Early,Russell,105,60.07,61.39,75.1,22.47,51.73,74.3,77.0,60.74,72.0,confirmed_bullish_trend,61.8,bullish_above_signal_proxy,56.23,45.5,0.0,100,confirmed_bullish_trend,70,bullish_above_signal,56.0,27.429899,0.7,-0.01117884,0.01131512,0.04574529,0.05621487,4H EMA 多头排列已连续维持；4H MACD 位于 Signal 上方；4H RSI 位于健康强势区间,
116,CRSR,CORSAIR GAMING INC,Information Technology,Early,Russell,104,60.06,61.39,75.1,22.37,51.73,74.3,77.0,60.75,72.0,confirmed_bullish_trend,61.8,bullish_above_signal_proxy,56.24,45.5,0.0,100,confirmed_bullish_trend,70,bullish_above_signal,58.67,13.16,1.05,-0.02046892,0.06818182,0.07692308,0.15539947,4H EMA 多头排列已连续维持；4H MACD 位于 Signal 上方；4H RSI 位于健康强势区间,
117,AUPH,AURINIA PHARMACEUTICALS,Health Care,Early,Russell,9,60.0,67.38,73.0,13.61,51.73,63.1,59.0,69.85,75.0,confirmed_bullish_trend,88.8,fresh_above_zero_cross_proxy,60.18,47.29,0.0,46,mixed_sideways,88,fresh_above_zero_cross,65.91,16.959999,1.88,0.05801609,0.04369225,0.10994031,0.13634834,4H MACD 零轴上方刚金叉；4H MACD 柱体连续扩张；4H RSI 位于健康强势区间,4H EMA 仍偏震荡；4H 相对 EMA26 超过 2 ATR，短线偏追高
118,PLUS,EPLUS,Information Technology,Early,Russell,77,59.86,61.99,75.1,19.69,51.73,77.11,77.9,62.32,75.0,confirmed_bullish_trend,63.15,bullish_above_signal_proxy,57.26,45.7,0.0,100,confirmed_bullish_trend,70,bullish_above_signal,59.86,92.370003,2.03,-0.00559798,0.04609286,0.06466114,-0.04546858,4H EMA 多头排列已连续维持；4H MACD 位于 Signal 上方；4H RSI 位于健康强势区间,
119,CXW,CORECIVIC REIT,Industrials,Early,Russell,99,59.74,61.5,75.1,20.0,51.73,76.3,77.0,61.06,72.0,confirmed_bullish_trend,61.8,bullish_above_signal_proxy,57.18,45.69,0.0,100,confirmed_bullish_trend,70,bullish_above_signal,57.0,34.950001,1.02,-0.01075576,0.01717113,0.04079806,0.15843557,4H EMA 多头排列已连续维持；4H MACD 位于 Signal 上方；4H RSI 位于健康强势区间,
120,MANE,VERADERMICS,Health Care,Early,Russell,645,59.73,30.56,87.7,98.51,51.73,60.65,63.5,37.51,18.0,bearish_transition,51.15,bullish_below_zero_proxy,42.53,43.76,0.0,76,early_transition,58,bullish_above_signal,52.97,102.464996,1.84,-0.00923421,0.03000596,-0.05256594,-0.04550538,4H EMA9 已站上 EMA26，等待 26/50 确认；4H MACD 位于 Signal 上方；4H RSI 位于健康强势区间,
121,OPBK,OP BANCORP,Financials,Early,Russell,163,59.7,58.75,65.2,52.58,51.73,58.1,59.0,56.5,75.0,confirmed_bullish_trend,51.15,bullish_below_zero_proxy,48.72,43.99,0.0,58,mixed_sideways,70,bullish_above_signal,52.69,15.4,2.33,0.00064977,0.01382488,-0.00773196,-0.02284264,4H MACD 位于 Signal 上方；4H RSI 位于健康强势区间,4H EMA 仍偏震荡
122,ASO,ACADEMY SPORTS AND OUTDOORS,Consumer Discretionary,Early,Russell,22,59.68,76.71,50.8,8.97,51.73,48.23,44.15,66.87,82.0,early_transition,61.8,bullish_above_signal_proxy,65.71,47.39,0.0,55,mixed_sideways,28,fresh_bearish_cross,53.92,50.419998,0.86,-0.01638705,-0.01523443,0.09299798,0.03468085,4H RSI 位于健康强势区间,4H EMA 仍偏震荡；4H MACD 最近死叉
123,TNET,TRINET GROUPINARY,Industrials,Early,Russell,274,59.64,53.88,75.1,37.11,51.73,73.22,75.8,50.04,72.0,confirmed_bullish_trend,25.0,bearish_proxy,51.66,44.58,0.0,100,confirmed_bullish_trend,66,bullish_above_signal,56.93,69.25,0.9,0.00217080,0.03932167,0.03111965,-0.00158594,4H EMA 多头排列已连续维持；4H MACD 位于 Signal 上方；4H MACD 柱体连续扩张；4H RSI 位于健康强势区间,
124,UTMD,UTAH MEDICAL PRODUCTS INC,Health Care,Early,Russell,87,59.44,61.8,75.1,17.32,51.73,74.01,74.45,61.55,72.0,confirmed_bullish_trend,61.8,bullish_above_signal_proxy,58.21,46.89,0.0,89,confirmed_bullish_trend,78,bullish_above_signal,64.58,74.059998,0.56,0.00789324,0.06118351,0.05769782,0.02250446,4H EMA 多头排列已连续维持；4H MACD 位于 Signal 上方；4H MACD 柱体连续扩张；4H RSI 位于健康强势区间,4H 相对 EMA26 超过 2 ATR，短线偏追高
125,ABM,ABM INDUSTRIES INC,Industrials,Early,Russell,91,59.39,61.61,75.1,17.42,51.73,76.3,77.0,61.39,72.0,confirmed_bullish_trend,61.8,bullish_above_signal_proxy,58.18,45.89,0.0,100,confirmed_bullish_trend,70,bullish_above_signal,61.18,50.330002,0.81,0.00801126,0.01145506,0.05469407,0.02379988,4H EMA 多头排列已连续维持；4H MACD 位于 Signal 上方；4H RSI 位于健康强势区间,
126,WBTN,WEBTOON ENTERTAINMENT INC,Communication,Early,Russell,7,59.36,78.28,50.8,3.09,51.73,50.95,45.5,71.5,82.0,early_transition,61.8,bullish_above_signal_proxy,79.75,50.2,0.0,58,mixed_sideways,28,fresh_bearish_cross,51.5,10.42,0.72,-0.03688847,0.02964427,0.23459716,0.09799789,4H RSI 位于健康强势区间,4H EMA 仍偏震荡；4H MACD 最近死叉
127,LTC,LTC PROPERTIES REIT,Real Estate,Early,Russell,90,59.34,61.62,75.1,17.06,51.73,76.3,77.0,61.43,72.0,confirmed_bullish_trend,61.8,bullish_above_signal_proxy,58.3,45.91,0.0,100,confirmed_bullish_trend,70,bullish_above_signal,65.25,43.07,1.0,-0.00254748,0.01174536,0.06345679,0.11928274,4H EMA 多头排列已连续维持；4H MACD 位于 Signal 上方；4H RSI 位于健康强势区间,
128,UBSI,UNITED BANKSHARES,Financials,Early,Russell,382,59.28,42.88,87.7,66.8,51.73,59.03,61.7,44.38,38.0,mixed_sideways,49.8,bullish_below_zero_proxy,46.66,43.58,0.0,76,early_transition,58,bullish_above_signal,46.47,47.32,2.13,-0.00838225,0.00874014,-0.03428571,-0.04171731,4H EMA9 已站上 EMA26，等待 26/50 确认；4H MACD 位于 Signal 上方,
129,HQI,HIREQUEST INC,Industrials,Early,Russell,266,59.27,53.97,75.1,34.43,51.73,72.5,75.0,50.3,72.0,confirmed_bullish_trend,25.0,bearish_proxy,52.46,44.74,0.0,100,confirmed_bullish_trend,66,bullish_above_signal,56.22,16.690001,0.45,-0.00477036,0.05100762,0.03471804,0.23629637,4H EMA 多头排列已连续维持；4H MACD 位于 Signal 上方；4H MACD 柱体连续扩张；4H RSI 位于健康强势区间,
130,MH,MCGRAW HILL,Consumer Discretionary,Early,Russell,265,59.22,53.98,75.1,34.12,51.73,77.27,80.3,50.32,72.0,confirmed_bullish_trend,25.0,bearish_proxy,52.51,44.75,0.0,100,confirmed_bullish_trend,78,bullish_above_signal,59.9,13.32,1.42,0.00452489,0.08557457,0.04225352,0.15424610,4H EMA 多头排列已连续维持；4H MACD 位于 Signal 上方；4H MACD 柱体连续扩张；4H RSI 位于健康强势区间,
131,BBNX,BETA BIONICS,Health Care,Early,Russell,364,59.12,53.44,84.8,2.78,0.82,63.84,67.05,45.31,75.0,confirmed_bullish_trend,22.75,bearish_proxy,80.66,51.38,14.78,82,fresh_bullish_cross,72,fresh_below_zero_cross,69.54,22.18,4.33,0.17416629,0.27398047,0.26309802,0.52126200,4H EMA9/26 最近金叉且价格在 EMA50 上方；4H MACD 刚金叉但仍需零轴确认；4H MACD 柱体连续扩张,4H 相对 EMA26 超过 2 ATR，短线偏追高；4H RSI 偏热
132,NAVI,NAVIENT,Financials,Early,Russell,64,59.11,62.31,75.1,13.92,51.73,77.11,77.9,63.27,75.0,confirmed_bullish_trend,63.15,bullish_above_signal_proxy,60.12,46.27,0.0,100,confirmed_bullish_trend,70,bullish_above_signal,57.28,9.74,1.62,-0.01715439,0.04843918,0.06448087,0.04059829,4H EMA 多头排列已连续维持；4H MACD 位于 Signal 上方；4H RSI 位于健康强势区间,
133,STNG,SCORPIO TANKERS,Energy,Early,Russell,66,59.09,62.31,75.1,13.81,51.73,76.08,76.75,63.27,75.0,confirmed_bullish_trend,63.15,bullish_above_signal_proxy,60.13,46.28,0.0,100,confirmed_bullish_trend,70,bullish_above_signal,64.65,85.57,2.57,-0.00552034,0.03021914,0.06523090,0.11987954,4H EMA 多头排列已连续维持；4H MACD 位于 Signal 上方；4H RSI 位于健康强势区间,
134,NKSH,NATIONAL BANKSHARES INC,Financials,Early,Russell,133,59.08,60.71,65.2,43.87,51.73,57.29,58.1,58.75,72.0,confirmed_bullish_trend,61.8,bullish_above_signal_proxy,50.19,44.29,0.0,58,mixed_sideways,70,bullish_above_signal,53.16,42.41,0.64,-0.01107609,0.01313901,-0.00725658,0.03856988,4H MACD 位于 Signal 上方；4H RSI 位于健康强势区间,4H EMA 仍偏震荡
135,MYGN,MYRIAD GENETICS,Health Care,Early,Russell,2,59.01,75.61,87.7,1.96,51.73,64.72,60.8,76.31,100.0,fresh_bullish_cross,49.8,bullish_below_zero_proxy,86.59,52.57,0.0,64,early_transition,70,bullish_above_signal,64.79,3.86,0.91,0.03070761,0.21193093,0.26765189,0.21958926,4H EMA9 已站上 EMA26，等待 26/50 确认；4H MACD 位于 Signal 上方；4H RSI 位于健康强势区间,4H 相对 EMA26 超过 2 ATR，短线偏追高
136,ZD,ZIFF DAVIS INC,Communication,Early,Russell,60,58.98,62.42,75.1,12.78,51.73,77.11,77.9,63.58,75.0,confirmed_bullish_trend,63.15,bullish_above_signal_proxy,61.07,46.46,0.0,100,confirmed_bullish_trend,70,bullish_above_signal,65.48,58.75,1.28,0.00427350,0.06219488,0.08195214,0.06142732,4H EMA 多头排列已连续维持；4H MACD 位于 Signal 上方；4H RSI 位于健康强势区间,
137,PENN,PENN ENTERTAINMENT,Consumer Discretionary,Early,Russell,776,58.78,30.01,87.7,93.51,51.73,59.84,62.6,36.46,15.0,bearish_transition,49.8,bullish_below_zero_proxy,43.57,42.96,0.0,74,early_transition,58,bullish_above_signal,51.9,17.690001,1.34,-0.00562114,0.03148694,-0.05096556,-0.11704512,4H EMA9 已站上 EMA26，等待 26/50 确认；4H MACD 位于 Signal 上方；4H RSI 位于健康强势区间,
138,PI,IMPINJ,Information Technology,Early,Russell,258,58.68,54.11,75.1,30.21,51.73,74.3,77.0,50.69,72.0,confirmed_bullish_trend,25.0,bearish_proxy,53.64,44.98,0.0,100,confirmed_bullish_trend,70,bullish_above_signal,55.15,177.589996,1.0,0.03004461,0.07689037,0.03382231,0.05960614,4H EMA 多头排列已连续维持；4H MACD 位于 Signal 上方；4H RSI 位于健康强势区间,
139,PLMR,PALOMAR HOLDINGS,Financials,Early,Russell,36,58.64,62.9,75.1,9.43,51.73,80.77,80.3,64.99,75.0,confirmed_bullish_trend,63.15,bullish_above_signal_proxy,65.36,47.32,0.0,100,confirmed_bullish_trend,78,bullish_above_signal,67.93,140.779999,2.2,0.02886792,0.05762150,0.13541416,0.03302025,4H EMA 多头排列已连续维持；4H MACD 位于 Signal 上方；4H MACD 柱体连续扩张；4H RSI 位于健康强势区间,
140,LARK,LANDMARK BANCORP INC,Financials,Early,Russell,129,58.62,60.8,65.2,40.62,51.73,56.57,57.3,59.0,72.0,confirmed_bullish_trend,61.8,bullish_above_signal_proxy,50.96,44.44,0.0,58,mixed_sideways,70,bullish_above_signal,54.06,32.549999,0.35,-0.00214592,0.00462954,0.02908631,0.02924898,4H MACD 位于 Signal 上方；4H RSI 位于健康强势区间,4H EMA 仍偏震荡
141,PCB,PCB BANCORP,Financials,Early,Russell,375,58.6,42.96,87.7,62.06,51.73,63.89,67.1,44.62,38.0,mixed_sideways,49.8,bullish_below_zero_proxy,47.37,43.72,0.0,76,early_transition,70,bullish_above_signal,48.05,27.77,2.37,-0.00892220,0.00288909,-0.01664306,-0.01349911,4H EMA9 已站上 EMA26，等待 26/50 确认；4H MACD 位于 Signal 上方；4H RSI 位于健康强势区间,
142,ODD,ODDITY TECH CLASS A,Consumer Staples,Early,Russell,4,58.57,66.5,75.1,0.52,51.73,79.3,77.0,75.34,72.0,confirmed_bullish_trend,61.8,bullish_above_signal_proxy,100.0,55.25,0.0,100,confirmed_bullish_trend,70,bullish_above_signal,63.26,18.139999,0.61,-0.01573527,0.09939388,0.49917347,0.18562085,4H EMA 多头排列已连续维持；4H MACD 位于 Signal 上方；4H RSI 位于健康强势区间,
143,BALY,BALLY S,Consumer Discretionary,Early,Russell,734,58.57,30.12,90.4,84.64,51.73,69.29,73.1,36.79,15.0,bearish_transition,49.8,bullish_below_zero_proxy,44.56,43.16,0.0,92,fresh_bullish_cross,66,bullish_above_signal,61.23,10.51,1.59,0.05947581,0.18757062,0.01594973,-0.22549742,4H EMA9/26 最近金叉且价格在 EMA50 上方；4H MACD 位于 Signal 上方；4H MACD 柱体连续扩张；4H RSI 位于健康强势区间,
144,TRMK,TRUSTMARK,Financials,Early,Russell,177,58.55,58.39,65.2,45.77,51.73,58.1,59.0,55.63,72.0,confirmed_bullish_trend,49.8,bullish_below_zero_proxy,49.81,44.21,0.0,58,mixed_sideways,70,bullish_above_signal,54.67,47.169998,1.74,-0.00548180,0.03962787,-0.01994604,-0.02692109,4H MACD 位于 Signal 上方；4H RSI 位于健康强势区间,4H EMA 仍偏震荡
145,CVBF,CVB FINANCIAL CORP,Financials,Early,Russell,154,58.53,58.89,65.2,44.43,51.73,57.07,57.85,56.93,75.0,confirmed_bullish_trend,51.15,bullish_below_zero_proxy,50.0,44.25,0.0,58,mixed_sideways,70,bullish_above_signal,55.61,22.719999,3.21,-0.00460031,0.02875255,-0.01899832,-0.01623728,4H MACD 位于 Signal 上方；4H RSI 位于健康强势区间,4H EMA 仍偏震荡
146,PPHC,PUBLIC POLICY HOLDING INC,Industrials,Early,Russell,30,58.52,63.09,75.1,8.14,51.73,78.61,77.9,65.55,75.0,confirmed_bullish_trend,63.15,bullish_above_signal_proxy,67.05,47.66,0.0,100,confirmed_bullish_trend,70,bullish_above_signal,57.32,11.81,1.75,-0.00295483,0.03324584,0.17982018,0.03460359,4H EMA 多头排列已连续维持；4H MACD 位于 Signal 上方；4H RSI 位于健康强势区间,
147,RDVT,RED VIOLET INC,Information Technology,Early,Russell,55,58.44,62.43,75.1,9.18,51.73,79.27,80.3,63.8,72.0,confirmed_bullish_trend,61.8,bullish_above_signal_proxy,65.5,47.35,0.0,100,confirmed_bullish_trend,78,bullish_above_signal,59.83,77.519997,1.14,0.01939640,0.04137554,0.14083886,0.10996566,4H EMA 多头排列已连续维持；4H MACD 位于 Signal 上方；4H MACD 柱体连续扩张；4H RSI 位于健康强势区间,
148,PBI,PITNEY BOWES,Industrials,Early,Russell,137,58.43,59.36,75.1,16.29,51.73,75.11,77.9,58.49,72.0,confirmed_bullish_trend,49.8,bullish_below_zero_proxy,58.5,45.95,0.0,100,confirmed_bullish_trend,70,bullish_above_signal,53.79,17.315001,1.75,0.00289615,0.00844502,0.08016219,-0.05743059,4H EMA 多头排列已连续维持；4H MACD 位于 Signal 上方；4H RSI 位于健康强势区间,
149,DJCO,DAILY JOURNAL,Information Technology,Early,Russell,29,58.42,63.17,75.1,7.32,51.73,77.8,77.0,65.79,75.0,confirmed_bullish_trend,63.15,bullish_above_signal_proxy,67.79,47.81,0.0,100,confirmed_bullish_trend,70,bullish_above_signal,67.49,675.0,0.68,-0.01575520,0.05852466,0.13262631,0.12638919,4H EMA 多头排列已连续维持；4H MACD 位于 Signal 上方；4H RSI 位于健康强势区间,
150,ATEC,ALPHATEC HOLDNGS,Health Care,Early,Russell,43,58.4,62.82,75.1,8.04,51.73,78.61,77.9,64.53,72.0,confirmed_bullish_trend,61.8,bullish_above_signal_proxy,67.26,48.7,0.0,100,confirmed_bullish_trend,70,bullish_above_signal,63.96,10.5,1.07,-0.02189101,0.16796440,0.11169931,0.01547389,4H EMA 多头排列已连续维持；4H MACD 位于 Signal 上方；4H RSI 位于健康强势区间,
151,FRSH,FRESHWORKS CLASS A,Information Technology,Early,Russell,301,58.33,53.5,65.2,55.67,51.73,55.52,57.8,48.91,72.0,confirmed_bullish_trend,25.0,bearish_proxy,48.26,43.9,0.0,58,mixed_sideways,66,bullish_above_signal,53.09,12.73,1.18,-0.00117693,0.06661081,0.03202270,0.05555556,4H MACD 位于 Signal 上方；4H MACD 柱体连续扩张；4H RSI 位于健康强势区间,4H EMA 仍偏震荡
152,ATEN,A10 NETWORKS,Information Technology,Early,Russell,720,58.32,30.15,90.4,82.89,51.73,67.94,71.6,36.87,15.0,bearish_transition,49.8,bullish_below_zero_proxy,44.81,43.21,0.0,94,fresh_bullish_cross,58,bullish_above_signal,60.77,26.530001,1.06,-0.00225645,0.07062147,-0.02962688,-0.13605572,4H EMA9/26 最近金叉且价格在 EMA50 上方；4H MACD 位于 Signal 上方；4H RSI 位于健康强势区间,
153,EGBN,EAGLE BANCORP,Financials,Early,Russell,153,58.29,58.94,65.2,42.68,51.73,57.07,57.85,57.08,75.0,confirmed_bullish_trend,51.15,bullish_below_zero_proxy,50.48,44.35,0.0,58,mixed_sideways,70,bullish_above_signal,58.91,28.26,3.69,0.00892538,0.03327239,-0.01050417,-0.00317460,4H MACD 位于 Signal 上方；4H RSI 位于健康强势区间,4H EMA 仍偏震荡
154,SONO,SONOS,Consumer Discretionary,Early,Russell,267,58.26,47.27,90.4,42.58,51.73,68.63,70.7,50.25,35.0,mixed_sideways,71.8,fresh_below_zero_cross_proxy,50.49,44.35,0.0,94,fresh_bullish_cross,58,bullish_above_signal,53.9,15.6,0.96,0.01628664,0.07216495,0.00872939,-0.04936015,4H EMA9/26 最近金叉且价格在 EMA50 上方；4H MACD 位于 Signal 上方；4H RSI 位于健康强势区间,
155,PRM,PERIMETER SOLUTIONS,Materials,Early,Russell,718,58.26,30.16,90.4,82.47,51.73,68.48,72.2,36.9,15.0,bearish_transition,49.8,bullish_below_zero_proxy,44.89,43.23,0.0,92,fresh_bullish_cross,66,bullish_above_signal,54.51,31.92,0.96,0.01269036,0.02242156,-0.01965605,-0.03956675,4H EMA9/26 最近金叉且价格在 EMA50 上方；4H MACD 位于 Signal 上方；4H MACD 柱体连续扩张；4H RSI 位于健康强势区间,
156,IBTA,IBOTTA CLASS A,Communication,Early,Russell,42,58.23,62.7,75.1,7.16,51.73,77.8,77.0,64.59,72.0,confirmed_bullish_trend,61.8,bullish_above_signal_proxy,67.89,47.83,0.0,100,confirmed_bullish_trend,70,bullish_above_signal,63.87,41.57,0.94,-0.01492893,0.05803001,0.15440162,0.11657266,4H EMA 多头排列已连续维持；4H MACD 位于 Signal 上方；4H RSI 位于健康强势区间,
157,FNRN,FIRST NORTHERN COMMUNITY BANCORP,Financials,Early,Russell,755,58.23,30.06,87.7,89.69,51.73,58.22,60.8,36.6,15.0,bearish_transition,49.8,bullish_below_zero_proxy,43.97,43.04,0.0,74,early_transition,58,bullish_above_signal,45.8,17.17,1.11,-0.00980392,-0.00636580,-0.02165237,-0.06532395,4H EMA9 已站上 EMA26，等待 26/50 确认；4H MACD 位于 Signal 上方,
158,ASIC,ATEGRITY SPECIALTY INSURANCE COMPA,Financials,Early,Russell,41,58.21,62.7,75.1,7.01,51.73,78.61,77.9,64.6,72.0,confirmed_bullish_trend,61.8,bullish_above_signal_proxy,67.91,47.83,0.0,100,confirmed_bullish_trend,70,bullish_above_signal,63.03,28.25,1.33,-0.00282386,0.04282023,0.17268576,0.18151401,4H EMA 多头排列已连续维持；4H MACD 位于 Signal 上方；4H RSI 位于健康强势区间,
159,BZH,BEAZER HOMES,Consumer Discretionary,Early,Russell,247,58.18,54.22,75.1,26.6,51.73,75.11,77.9,51.02,72.0,confirmed_bullish_trend,25.0,bearish_proxy,54.63,45.18,0.0,100,confirmed_bullish_trend,70,bullish_above_signal,59.95,33.349998,1.12,0.00000000,0.00270595,0.00557808,0.00090030,4H EMA 多头排列已连续维持；4H MACD 位于 Signal 上方；4H RSI 位于健康强势区间,
160,EWTX,EDGEWISE THERAPEUTICS,Health Care,Early,Russell,14,58.17,66.91,65.2,23.3,51.73,65.26,61.4,68.48,75.0,confirmed_bullish_trend,88.8,fresh_above_zero_cross_proxy,56.03,46.46,0.0,58,mixed_sideways,78,bullish_above_signal,59.34,45.439999,1.54,0.06541610,0.04688400,0.03155505,0.01644105,4H MACD 位于 Signal 上方；4H MACD 柱体连续扩张；4H RSI 位于健康强势区间,4H EMA 仍偏震荡
161,GEO,GEO GROUP,Industrials,Early,Russell,292,58.13,53.65,67.6,47.63,51.73,55.81,56.45,49.34,72.0,confirmed_bullish_trend,25.0,bearish_proxy,49.56,44.16,0.0,53,mixed_sideways,72,fresh_below_zero_cross,50.15,31.434999,0.64,0.00753199,-0.00553629,0.00914925,0.00527659,4H MACD 刚金叉但仍需零轴确认；4H MACD 柱体连续扩张；4H RSI 位于健康强势区间,4H EMA 仍偏震荡
162,WNEB,WESTERN NEW ENGLAND BANCORP INC,Financials,Early,Russell,391,58.11,42.78,87.7,59.23,51.73,63.08,66.2,43.85,35.0,mixed_sideways,49.8,bullish_below_zero_proxy,47.76,43.8,0.0,76,early_transition,70,bullish_above_signal,50.77,13.79,0.82,-0.00612613,0.01997041,-0.01005025,0.01471670,4H EMA9 已站上 EMA26，等待 26/50 确认；4H MACD 位于 Signal 上方；4H RSI 位于健康强势区间,
163,IBEX,IBEX LTD,Industrials,Early,Russell,15,58.1,64.01,75.1,3.2,51.73,80.11,77.9,68.44,72.0,confirmed_bullish_trend,61.8,bullish_above_signal_proxy,79.55,50.16,0.0,100,confirmed_bullish_trend,70,bullish_above_signal,61.05,40.279999,1.52,-0.00775963,0.08717949,0.15947026,0.11178579,4H EMA 多头排列已连续维持；4H MACD 位于 Signal 上方；4H RSI 位于健康强势区间,
164,HSTM,HEALTHSTREAM,Health Care,Early,Russell,242,58.1,54.47,75.1,25.46,51.73,74.3,77.0,51.35,72.0,confirmed_bullish_trend,25.0,bearish_proxy,55.19,46.29,0.0,100,confirmed_bullish_trend,70,bullish_above_signal,54.63,29.42,0.99,-0.00992765,0.02615975,0.04940253,-0.01357925,4H EMA 多头排列已连续维持；4H MACD 位于 Signal 上方；4H RSI 位于健康强势区间,
165,DK,DELEK US HOLDINGS INC,Energy,Early,Russell,23,58.08,63.38,75.1,4.54,51.73,79.96,79.4,66.58,72.0,confirmed_bullish_trend,61.8,bullish_above_signal_proxy,73.91,49.03,0.0,100,confirmed_bullish_trend,78,bullish_above_signal,66.39,78.989998,0.77,0.01673312,0.04942210,0.17474718,0.19419460,4H EMA 多头排列已连续维持；4H MACD 位于 Signal 上方；4H MACD 柱体连续扩张；4H RSI 位于健康强势区间,
166,ELMT,ELMET GROUP,Industrials,Early,Russell,11,58.07,64.15,75.1,2.68,51.73,78.58,76.2,68.85,72.0,confirmed_bullish_trend,61.8,bullish_above_signal_proxy,80.8,50.41,0.0,100,confirmed_bullish_trend,70,bullish_above_signal,61.11,19.84,0.4,0.00710655,0.20754717,0.03657268,0.25268342,4H EMA 多头排列已连续维持；4H MACD 位于 Signal 上方；4H RSI 位于健康强势区间,
167,KRT,KARAT PACKAGING INC,Industrials,Early,Russell,244,57.9,54.31,75.1,24.54,51.73,74.3,77.0,51.28,72.0,confirmed_bullish_trend,25.0,bearish_proxy,55.44,45.34,0.0,100,confirmed_bullish_trend,70,bullish_above_signal,60.8,49.599998,0.76,0.01307188,0.05960258,0.03787397,0.20578584,4H EMA 多头排列已连续维持；4H MACD 位于 Signal 上方；4H RSI 位于健康强势区间,
168,MPB,MID PENN BANCORP INC,Financials,Early,Russell,1254,57.72,25.18,87.7,97.73,51.73,59.03,61.7,29.91,15.0,bearish_transition,25.0,bearish_proxy,42.5,42.75,0.0,76,early_transition,58,bullish_above_signal,46.21,36.849998,2.03,-0.00754115,0.00436083,-0.03458213,-0.03760781,4H EMA9 已站上 EMA26，等待 26/50 确认；4H MACD 位于 Signal 上方,
169,AMPL,AMPLITUDE CLASS A,Information Technology,Early,Russell,236,57.67,54.39,75.1,22.78,51.73,76.46,79.4,51.52,72.0,confirmed_bullish_trend,25.0,bearish_proxy,56.16,45.48,0.0,100,confirmed_bullish_trend,78,bullish_above_signal,57.66,13.47,0.87,-0.00296077,0.08848485,0.06819984,0.36405063,4H EMA 多头排列已连续维持；4H MACD 位于 Signal 上方；4H MACD 柱体连续扩张；4H RSI 位于健康强势区间,
170,FDBC,FIDELITY D AND D BANCORP INC,Financials,Early,Russell,110,57.64,61.22,65.2,33.09,51.73,58.1,59.0,60.48,75.0,confirmed_bullish_trend,61.8,bullish_above_signal_proxy,52.72,44.79,0.0,58,mixed_sideways,70,bullish_above_signal,51.75,54.740002,1.21,-0.01012653,0.02663170,-0.01811656,0.04108026,4H MACD 位于 Signal 上方；4H RSI 位于健康强势区间,4H EMA 仍偏震荡
171,CZNC,CITIZENS AND NORTHERN CORP,Financials,Early,Russell,295,57.63,53.58,65.2,50.82,51.73,58.1,59.0,49.14,72.0,confirmed_bullish_trend,25.0,bearish_proxy,48.96,44.04,0.0,58,mixed_sideways,70,bullish_above_signal,53.0,25.959999,1.68,-0.00288078,0.01011665,-0.00192238,0.02649260,4H MACD 位于 Signal 上方；4H RSI 位于健康强势区间,4H EMA 仍偏震荡
172,ANGO,ANGIODYNAMICS,Health Care,Early,Russell,615,57.53,38.26,90.4,58.71,51.73,67.94,71.6,37.81,35.0,mixed_sideways,25.0,bearish_proxy,47.8,44.81,0.0,94,fresh_bullish_cross,58,bullish_above_signal,49.42,15.46,1.48,-0.00578778,0.00913838,-0.01277139,0.01643655,4H EMA9/26 最近金叉且价格在 EMA50 上方；4H MACD 位于 Signal 上方；4H RSI 位于健康强势区间,
173,SPOK,SPOK HOLDINGS INC,Communication,Early,Russell,728,57.45,30.13,87.7,84.38,51.73,63.08,66.2,36.81,15.0,bearish_transition,49.8,bullish_below_zero_proxy,44.6,43.17,0.0,76,early_transition,70,bullish_above_signal,49.73,10.67,0.96,-0.00928505,0.00946074,-0.02911738,-0.04732143,4H EMA9 已站上 EMA26，等待 26/50 确认；4H MACD 位于 Signal 上方；4H RSI 位于健康强势区间,
174,CCSI,CONSENSUS CLOUD SOLUTIONS INC,Information Technology,Early,Russell,387,57.43,42.85,87.7,54.54,51.73,59.84,62.6,44.05,35.0,mixed_sideways,49.8,bullish_below_zero_proxy,48.36,43.92,0.0,76,early_transition,58,bullish_above_signal,48.36,36.619999,0.9,-0.03313534,0.00632042,-0.00678058,-0.04709865,4H EMA9 已站上 EMA26，等待 26/50 确认；4H MACD 位于 Signal 上方；4H RSI 位于健康强势区间,
175,HNGE,HINGE HEALTH CLASS A,Health Care,Early,Russell,226,57.33,54.7,75.1,19.79,51.73,74.3,77.0,52.03,72.0,confirmed_bullish_trend,25.0,bearish_proxy,57.24,46.7,0.0,100,confirmed_bullish_trend,70,bullish_above_signal,56.37,93.68,0.89,-0.01171011,0.02685517,0.06599913,0.17895798,4H EMA 多头排列已连续维持；4H MACD 位于 Signal 上方；4H RSI 位于健康强势区间,
176,EFSI,EAGLE FINANCIAL SERVICES INC,Financials,Early,Russell,121,57.33,61.04,65.2,31.44,51.73,57.29,58.1,59.72,72.0,confirmed_bullish_trend,61.8,bullish_above_signal_proxy,53.12,44.87,0.0,58,mixed_sideways,70,bullish_above_signal,58.37,45.759998,0.91,-0.03378385,0.00273913,0.04618189,0.13211282,4H MACD 位于 Signal 上方；4H RSI 位于健康强势区间,4H EMA 仍偏震荡
177,MGNI,MAGNITE,Communication,Early,Russell,768,57.3,37.68,79.6,87.32,51.73,61.59,64.55,36.5,35.0,mixed_sideways,25.0,bearish_proxy,44.28,43.11,0.0,91,fresh_bullish_cross,42,mixed_or_bearish,49.86,23.780001,0.64,0.00634795,0.00720034,-0.01735537,0.14052763,4H EMA9/26 最近金叉且价格在 EMA50 上方；4H RSI 位于健康强势区间,4H MACD 尚未确认多头
178,ASC,ARDMORE SHIPPING CORP,Energy,Early,Russell,92,57.28,61.52,67.1,24.9,51.73,76.48,77.2,61.37,75.0,confirmed_bullish_trend,61.8,bullish_above_signal_proxy,55.4,45.33,0.0,100,confirmed_bullish_trend,78,bullish_above_signal,68.29,19.059999,0.89,0.02418044,0.04552929,0.05537099,0.12647748,4H EMA 多头排列已连续维持；4H MACD 位于 Signal 上方；4H MACD 柱体连续扩张,4H RSI 偏热
179,TOWN,TOWNEBANK,Financials,Early,Russell,541,57.21,38.49,87.7,63.25,51.73,57.99,60.55,38.71,38.0,mixed_sideways,26.35,bearish_proxy,47.23,43.7,0.0,76,early_transition,58,bullish_above_signal,47.16,37.16,2.73,-0.01038613,0.00786550,-0.01143921,-0.03805335,4H EMA9 已站上 EMA26，等待 26/50 确认；4H MACD 位于 Signal 上方,
180,DHC,DIVERSIFIED HEALTHCARE TRUST,Real Estate,Early,Russell,685,57.17,30.24,90.4,75.05,51.73,69.29,73.1,37.14,15.0,bearish_transition,49.8,bullish_below_zero_proxy,45.63,43.38,0.0,92,fresh_bullish_cross,66,bullish_above_signal,59.77,7.94,1.07,0.02716688,0.05866667,-0.04337349,-0.09772727,4H EMA9/26 最近金叉且价格在 EMA50 上方；4H MACD 位于 Signal 上方；4H MACD 柱体连续扩张；4H RSI 位于健康强势区间,
181,GCBC,GREENE COUNTY BANCORP INC,Financials,Early,Russell,98,57.14,61.63,65.2,28.76,51.73,60.1,59.0,61.26,75.0,confirmed_bullish_trend,63.15,bullish_above_signal_proxy,54.06,45.06,0.0,58,mixed_sideways,70,bullish_above_signal,51.26,35.290001,2.3,-0.01176136,0.00900652,0.02736545,0.01905862,4H MACD 位于 Signal 上方；4H RSI 位于健康强势区间,4H EMA 仍偏震荡
182,WABC,WESTAMERICA BANCORPORATION,Financials,Early,Russell,147,57.13,58.9,65.2,35.1,51.73,58.1,59.0,57.37,75.0,confirmed_bullish_trend,49.8,bullish_below_zero_proxy,52.38,44.73,0.0,58,mixed_sideways,70,bullish_above_signal,55.88,59.669998,1.96,-0.00616261,0.02437765,0.00252013,-0.01290328,4H MACD 位于 Signal 上方；4H RSI 位于健康强势区间,4H EMA 仍偏震荡
183,TDOC,TELADOC HEALTH INC,Health Care,Early,Russell,696,57.1,30.36,87.7,81.49,51.73,59.03,61.7,37.08,15.0,bearish_transition,49.8,bullish_below_zero_proxy,44.98,44.25,0.0,74,early_transition,58,bullish_above_signal,51.0,6.43,0.82,-0.04101417,0.05409836,-0.01531394,-0.04101417,4H EMA9 已站上 EMA26，等待 26/50 确认；4H MACD 位于 Signal 上方；4H RSI 位于健康强势区间,
184,KNSA,KINIKSA PHARMACEUTICALS INTERNATIO,Health Care,Early,Russell,321,57.09,53.37,54.4,76.55,51.73,47.15,48.5,48.13,72.0,confirmed_bullish_trend,25.0,bearish_proxy,45.43,44.34,0.0,50,mixed_sideways,50,mixed_or_bearish,50.81,77.620003,0.95,0.03964638,-0.01146197,-0.01920642,0.02195856,4H MACD 柱体连续扩张；4H RSI 位于健康强势区间,4H EMA 仍偏震荡；4H MACD 尚未确认多头
185,NPK,NATIONAL PRESTO INDUSTRIES INC,Industrials,Early,Russell,224,57.07,54.58,75.1,18.35,51.73,75.11,77.9,52.07,72.0,confirmed_bullish_trend,25.0,bearish_proxy,57.83,45.82,0.0,100,confirmed_bullish_trend,70,bullish_above_signal,55.06,152.789993,1.14,0.00098267,0.02847331,0.05964346,0.12254788,4H EMA 多头排列已连续维持；4H MACD 位于 Signal 上方；4H RSI 位于健康强势区间,
186,INDB,INDEPENDENT BANK CORP,Financials,Early,Russell,712,56.96,30.18,87.7,80.98,51.73,59.03,61.7,36.95,15.0,bearish_transition,49.8,bullish_below_zero_proxy,45.03,43.26,0.0,76,early_transition,58,bullish_above_signal,46.27,82.474998,1.72,-0.01440012,0.00139627,-0.04076535,-0.03796810,4H EMA9 已站上 EMA26，等待 26/50 确认；4H MACD 位于 Signal 上方,
187,USPH,US PHYSICAL THERAPY INC,Health Care,Early,Russell,102,56.83,61.6,67.1,21.7,51.73,74.48,77.2,60.96,72.0,confirmed_bullish_trend,61.8,bullish_above_signal_proxy,56.43,46.54,0.0,100,confirmed_bullish_trend,78,bullish_above_signal,71.64,83.389999,0.73,0.01769584,0.07240222,0.06229298,0.09882725,4H EMA 多头排列已连续维持；4H MACD 位于 Signal 上方；4H MACD 柱体连续扩张,4H RSI 偏热
188,TWST,TWIST BIOSCIENCE,Health Care,Early,Russell,196,56.82,55.44,75.1,14.69,51.73,77.27,80.3,54.03,75.0,confirmed_bullish_trend,26.35,bearish_proxy,59.55,47.16,0.0,100,confirmed_bullish_trend,78,bullish_above_signal,63.55,143.070007,1.88,0.05473849,0.14118213,0.14915668,0.43977058,4H EMA 多头排列已连续维持；4H MACD 位于 Signal 上方；4H MACD 柱体连续扩张；4H RSI 位于健康强势区间,
189,XZO,EXZEO GROUP INC,Financials,Early,Russell,220,56.81,54.65,75.1,16.49,51.73,71.87,74.3,52.28,72.0,confirmed_bullish_trend,25.0,bearish_proxy,58.45,45.94,0.0,100,confirmed_bullish_trend,58,bullish_above_signal,50.99,16.43,1.11,-0.01214526,0.02431415,0.06308638,0.01076598,4H EMA 多头排列已连续维持；4H MACD 位于 Signal 上方；4H RSI 位于健康强势区间,
190,TNGX,TANGO THERAPEUTICS,Health Care,Early,Russell,793,56.77,30.0,87.7,80.1,51.73,57.41,59.9,36.27,18.0,bearish_transition,49.8,bullish_below_zero_proxy,39.8,43.21,0.0,74,early_transition,58,bullish_above_signal,45.28,23.35,1.02,-0.02505223,-0.02789342,-0.07597942,-0.20659191,4H EMA9 已站上 EMA26，等待 26/50 确认；4H MACD 位于 Signal 上方,
191,BUSE,FIRST BUSEY,Financials,Early,Russell,747,56.59,37.26,79.7,83.3,51.73,59.03,61.7,36.65,38.0,mixed_sideways,21.35,fresh_bearish_cross_proxy,44.77,43.2,0.0,76,early_transition,58,bullish_above_signal,44.88,30.24,2.25,-0.00526316,0.00066185,-0.02718350,-0.04167327,4H EMA9 已站上 EMA26，等待 26/50 确认；4H MACD 位于 Signal 上方,
192,BATRA,ATLANTA BRAVES HOLDINGS SERIES A,Communication,Early,Russell,599,56.43,38.2,90.4,51.55,51.73,67.94,71.6,38.02,35.0,mixed_sideways,25.0,bearish_proxy,48.88,44.03,0.0,94,fresh_bullish_cross,58,bullish_above_signal,52.59,55.959999,1.12,-0.00359321,0.01782465,-0.00035729,0.02415813,4H EMA9/26 最近金叉且价格在 EMA50 上方；4H MACD 位于 Signal 上方；4H RSI 位于健康强势区间,
193,SYBT,STOCK YARDS BANCORP INC,Financials,Early,Russell,644,56.23,30.44,79.7,96.86,51.73,57.99,60.55,37.54,18.0,bearish_transition,51.15,bullish_below_zero_proxy,43.08,42.87,0.0,76,early_transition,58,bullish_above_signal,44.12,79.099998,2.74,-0.02478120,0.02077687,-0.06190704,-0.07398736,4H EMA9 已站上 EMA26，等待 26/50 确认；4H MACD 位于 Signal 上方,
194,ARLO,ARLO TECHNOLOGIES,Information Technology,Early,Russell,684,56.06,30.24,87.7,74.85,51.73,63.08,66.2,37.15,15.0,bearish_transition,49.8,bullish_below_zero_proxy,45.66,43.38,0.0,76,early_transition,70,bullish_above_signal,49.27,13.4,0.76,-0.02118335,0.02017510,-0.02261123,-0.15881984,4H EMA9 已站上 EMA26，等待 26/50 确认；4H MACD 位于 Signal 上方；4H RSI 位于健康强势区间,
195,NATL,NCR ATLEOS,Financials,Early,Russell,377,56.05,43.03,87.7,44.9,51.73,57.01,59.45,44.58,35.0,mixed_sideways,49.8,bullish_below_zero_proxy,49.97,44.24,0.0,71,early_transition,58,bullish_above_signal,47.55,46.080002,1.19,-0.00775187,0.00217490,-0.00528870,-0.01999145,4H EMA9 已站上 EMA26，等待 26/50 确认；4H MACD 位于 Signal 上方,
196,RIOT,RIOT PLATFORMS,Information Technology,Early,Russell,162,56.05,71.9,40.9,89.02,51.73,36.5,35.0,56.7,85.0,early_transition,49.8,bullish_below_zero_proxy,41.24,42.5,0.0,22,confirmed_bearish_trend,50,mixed_or_bearish,47.97,20.35,1.48,0.02855699,-0.07814274,0.01369858,-0.05677872,4H MACD 柱体连续扩张,4H EMA 空头排列；4H MACD 尚未确认多头
197,HURN,HURON CONSULTING GROUP,Industrials,Early,Russell,278,55.94,53.83,65.2,38.97,51.73,54.05,54.5,49.89,72.0,confirmed_bullish_trend,25.0,bearish_proxy,51.22,44.49,0.0,58,mixed_sideways,58,bullish_above_signal,50.36,154.029999,0.83,-0.01216916,0.02882145,0.03895311,0.00831372,4H MACD 位于 Signal 上方；4H RSI 位于健康强势区间,4H EMA 仍偏震荡
198,CSTL,CASTLE BIOSCIENCES,Health Care,Early,Russell,143,55.93,56.73,75.1,5.77,51.73,72.81,75.35,57.81,75.0,confirmed_bullish_trend,26.35,bearish_proxy,71.0,49.45,0.0,89,confirmed_bullish_trend,78,bullish_above_signal,66.54,35.48,1.87,0.02130104,0.09675432,0.18503670,0.13827398,4H EMA 多头排列已连续维持；4H MACD 位于 Signal 上方；4H MACD 柱体连续扩张；4H RSI 位于健康强势区间,4H 相对 EMA26 超过 2 ATR，短线偏追高
199,SLP,SIMULATIONS PLUS,Health Care,Early,Russell,311,55.93,53.48,54.4,68.56,51.73,49.18,50.75,48.45,72.0,confirmed_bullish_trend,25.0,bearish_proxy,46.39,44.53,0.0,55,mixed_sideways,50,mixed_or_bearish,56.16,18.43,0.74,0.00163043,0.00054289,0.00381258,0.00518140,4H MACD 柱体连续扩张；4H RSI 位于健康强势区间,4H EMA 仍偏震荡；4H MACD 尚未确认多头
200,VALU,VALUE LINE INC,Financials,Early,Russell,101,55.83,61.46,65.2,20.41,51.73,56.57,57.3,60.96,72.0,confirmed_bullish_trend,61.8,bullish_above_signal_proxy,56.88,45.63,0.0,58,mixed_sideways,70,bullish_above_signal,51.38,38.59,0.0,0.00338016,0.02879238,0.09475177,-0.03283213,4H MACD 位于 Signal 上方；4H RSI 位于健康强势区间,4H EMA 仍偏震荡
201,LILAK,LIBERTY LATIN AMERICA CLASS C,Communication,Early,Russell,276,55.78,53.86,65.2,37.84,51.73,58.1,59.0,49.97,72.0,confirmed_bullish_trend,25.0,bearish_proxy,51.46,44.54,0.0,58,mixed_sideways,70,bullish_above_signal,54.31,8.72,1.26,-0.01801802,0.00984366,0.03317536,0.05314010,4H MACD 位于 Signal 上方；4H RSI 位于健康强势区间,4H EMA 仍偏震荡
202,HAE,HAEMONETICS CORP,Health Care,Early,Russell,169,55.77,56.08,75.1,6.19,51.73,75.11,77.9,56.08,72.0,confirmed_bullish_trend,25.0,bearish_proxy,69.54,49.16,0.0,100,confirmed_bullish_trend,70,bullish_above_signal,61.18,106.317001,1.18,0.01071394,0.03070285,0.17776675,0.24551312,4H EMA 多头排列已连续维持；4H MACD 位于 Signal 上方；4H RSI 位于健康强势区间,
203,NTGR,NETGEAR,Information Technology,Early,Russell,359,55.75,43.6,87.7,41.55,51.73,56.91,59.35,46.08,38.0,mixed_sideways,51.15,bullish_below_zero_proxy,50.76,44.4,0.0,64,early_transition,66,bullish_above_signal,64.48,22.719999,2.91,0.03791686,0.08916577,0.00620013,-0.07529512,4H EMA9 已站上 EMA26，等待 26/50 确认；4H MACD 位于 Signal 上方；4H MACD 柱体连续扩张；4H RSI 位于健康强势区间,4H 相对 EMA26 超过 2 ATR，短线偏追高
204,SPT,SPROUT SOCIAL CLASS A,Information Technology,Early,Russell,164,55.69,56.08,75.1,5.67,51.73,74.3,77.0,56.49,72.0,confirmed_bullish_trend,25.0,bearish_proxy,71.21,48.49,0.0,100,confirmed_bullish_trend,70,bullish_above_signal,56.5,11.27,0.61,-0.01829268,0.11198816,0.17948718,0.28947368,4H EMA 多头排列已连续维持；4H MACD 位于 Signal 上方；4H RSI 位于健康强势区间,
205,APPN,APPIAN CORP CLASS A,Information Technology,Early,Russell,273,55.63,53.89,65.2,36.8,51.73,54.05,54.5,50.04,72.0,confirmed_bullish_trend,25.0,bearish_proxy,51.69,44.59,0.0,58,mixed_sideways,58,bullish_above_signal,51.38,37.5,0.74,-0.02088770,0.09553024,0.07388322,0.31740734,4H MACD 位于 Signal 上方；4H RSI 位于健康强势区间,4H EMA 仍偏震荡
206,RDNT,RADNET,Health Care,Early,Russell,264,55.59,54.12,65.2,35.98,51.73,57.29,58.1,50.32,72.0,confirmed_bullish_trend,25.0,bearish_proxy,52.08,45.67,0.0,58,mixed_sideways,70,bullish_above_signal,52.78,75.779999,0.73,-0.04402672,0.06882929,-0.00158107,0.09382217,4H MACD 位于 Signal 上方；4H RSI 位于健康强势区间,4H EMA 仍偏震荡
207,NEOG,NEOGEN,Health Care,Early,Russell,148,55.43,63.89,75.1,18.25,2.94,77.27,80.3,57.33,72.0,confirmed_bullish_trend,86.55,fresh_above_zero_cross_proxy,57.88,46.83,10.29,100,confirmed_bullish_trend,78,bullish_above_signal,65.51,12.55,1.23,0.02658487,0.05329417,0.05639731,0.06310885,4H EMA 多头排列已连续维持；4H MACD 位于 Signal 上方；4H MACD 柱体连续扩张；4H RSI 位于健康强势区间,
208,PRSU,PURSUIT ATTRACTIONS AND HOSPITALIT,Consumer Discretionary,Early,Russell,369,55.42,43.15,87.7,40.41,51.73,63.89,67.1,44.92,35.0,mixed_sideways,49.8,bullish_below_zero_proxy,51.01,44.45,0.0,76,early_transition,70,bullish_above_signal,52.63,48.91,1.37,-0.00244746,0.01789804,0.02044648,-0.05158038,4H EMA9 已站上 EMA26，等待 26/50 确认；4H MACD 位于 Signal 上方；4H RSI 位于健康强势区间,
209,HOMB,HOME BANCSHARES INC,Financials,Early,Russell,769,55.39,30.02,79.7,92.22,51.73,58.22,60.8,36.5,15.0,bearish_transition,49.8,bullish_below_zero_proxy,43.66,42.98,0.0,74,early_transition,58,bullish_above_signal,44.51,29.76,2.08,-0.01113138,0.00134593,-0.04370183,-0.05313395,4H EMA9 已站上 EMA26，等待 26/50 确认；4H MACD 位于 Signal 上方,
210,SBGI,SINCLAIR CLASS A,Communication,Early,Russell,661,55.37,30.31,87.7,70.05,51.73,60.65,63.5,37.34,15.0,bearish_transition,49.8,bullish_below_zero_proxy,46.22,43.49,0.0,76,early_transition,58,bullish_above_signal,49.62,14.03,1.38,-0.01578394,0.03466077,-0.01612903,0.00250089,4H EMA9 已站上 EMA26，等待 26/50 确认；4H MACD 位于 Signal 上方；4H RSI 位于健康强势区间,
211,RUM,RUM GROUP CLASS A,Communication,Early,Russell,253,55.35,54.19,67.6,27.78,51.73,57.83,58.7,50.92,72.0,confirmed_bullish_trend,25.0,bearish_proxy,54.34,45.12,0.0,58,mixed_sideways,72,fresh_below_zero_cross,51.19,8.3,0.98,0.00060277,0.10519308,0.00911854,0.28982129,4H MACD 刚金叉但仍需零轴确认；4H MACD 柱体连续扩张；4H RSI 位于健康强势区间,4H EMA 仍偏震荡
212,MCRI,MONARCH CASINO AND RESORT,Consumer Discretionary,Early,Russell,368,55.28,43.16,87.7,39.48,51.73,59.84,62.6,44.97,35.0,mixed_sideways,49.8,bullish_below_zero_proxy,51.15,44.48,0.0,76,early_transition,58,bullish_above_signal,56.0,123.43,0.78,0.00406736,0.01873552,-0.00177923,-0.01492421,4H EMA9 已站上 EMA26，等待 26/50 确认；4H MACD 位于 Signal 上方；4H RSI 位于健康强势区间,
213,NL,NLI HOLDINGS INC,Industrials,Early,Russell,88,55.25,61.66,65.2,16.08,51.73,58.57,57.3,61.55,72.0,confirmed_bullish_trend,61.8,bullish_above_signal_proxy,58.66,45.98,0.0,58,mixed_sideways,70,bullish_above_signal,54.83,6.952,0.22,-0.00401146,0.02992593,0.08118196,0.18837607,4H MACD 位于 Signal 上方；4H RSI 位于健康强势区间,4H EMA 仍偏震荡
214,DSGR,DISTRIBUTION SOLUTIONS GROUP,Industrials,Early,Russell,683,55.24,50.31,75.1,49.28,1.96,75.77,80.3,37.17,72.0,confirmed_bullish_trend,22.75,bearish_proxy,49.25,44.1,11.51,100,confirmed_bullish_trend,78,bullish_above_signal,60.67,34.849998,1.43,0.00100529,0.00258918,-0.00057359,0.00345517,4H EMA 多头排列已连续维持；4H MACD 位于 Signal 上方；4H MACD 柱体连续扩张；4H RSI 位于健康强势区间,
215,GATX,GATX,Industrials,Early,Russell,520,55.18,30.95,90.4,60.1,51.73,71.18,75.2,39.06,18.0,bearish_transition,51.15,bullish_below_zero_proxy,47.67,43.78,0.0,94,fresh_bullish_cross,70,bullish_above_signal,50.73,177.630005,2.07,0.00245491,0.00316258,-0.01688061,-0.02368911,4H EMA9/26 最近金叉且价格在 EMA50 上方；4H MACD 位于 Signal 上方；4H RSI 位于健康强势区间,
216,SHBI,SHORE BANCSHARES INC,Financials,Early,Russell,545,55.18,30.83,87.7,67.58,51.73,62.27,65.3,38.68,18.0,bearish_transition,51.15,bullish_below_zero_proxy,46.54,43.56,0.0,76,early_transition,70,bullish_above_signal,46.54,23.23,2.32,-0.00980388,0.00475774,-0.01692759,-0.05645820,4H EMA9 已站上 EMA26，等待 26/50 确认；4H MACD 位于 Signal 上方,
217,NTCT,NETSCOUT SYSTEMS,Information Technology,Early,Russell,621,55.17,30.46,90.4,61.19,51.73,68.48,72.2,37.77,15.0,bearish_transition,49.8,bullish_below_zero_proxy,47.53,43.76,0.0,92,fresh_bullish_cross,66,bullish_above_signal,56.29,38.509998,0.86,0.00890752,0.03271646,-0.01584470,-0.08744083,4H EMA9/26 最近金叉且价格在 EMA50 上方；4H MACD 位于 Signal 上方；4H MACD 柱体连续扩张；4H RSI 位于健康强势区间,
218,TXNM,TXNM ENERGY INC,Utilities,Early,Russell,308,55.09,58.11,74.9,30.36,2.32,72.04,76.15,48.5,72.0,confirmed_bullish_trend,59.55,bullish_above_signal_proxy,53.61,45.97,10.97,89,confirmed_bullish_trend,88,fresh_above_zero_cross,68.26,58.544998,1.76,0.00403013,0.01113983,0.01693587,0.01640625,4H EMA 多头排列已连续维持；4H MACD 零轴上方刚金叉；4H MACD 柱体连续扩张,4H 相对 EMA26 超过 2 ATR，短线偏追高；4H RSI 偏热
219,ZBIO,ZENAS BIOPHARMA,Health Care,Early,Russell,240,55.08,54.47,67.6,25.36,51.73,58.64,59.6,51.36,72.0,confirmed_bullish_trend,25.0,bearish_proxy,55.22,46.29,0.0,58,mixed_sideways,72,fresh_below_zero_cross,52.84,32.32,1.66,0.04056668,-0.00061843,0.05897772,0.02962730,4H MACD 刚金叉但仍需零轴确认；4H MACD 柱体连续扩张；4H RSI 位于健康强势区间,4H EMA 仍偏震荡
220,BWIN,BALDWIN INSURANCE GROUP CLASS A,Financials,Early,Russell,3,55.01,69.65,75.1,1.75,3.27,79.08,76.75,76.11,75.0,confirmed_bullish_trend,88.8,fresh_above_zero_cross_proxy,88.69,51.99,3.0,100,confirmed_bullish_trend,70,bullish_above_signal,61.49,32.040001,2.93,-0.01324299,0.13496284,0.04076664,0.11037952,4H EMA 多头排列已连续维持；4H MACD 位于 Signal 上方；4H RSI 位于健康强势区间,
221,DXC,DXC TECHNOLOGY,Information Technology,Early,Russell,81,54.99,61.81,65.2,14.02,51.73,60.1,59.0,61.96,72.0,confirmed_bullish_trend,61.8,bullish_above_signal_proxy,59.93,46.24,0.0,58,mixed_sideways,70,bullish_above_signal,53.37,11.585,1.08,-0.04571664,0.05895795,0.11340702,0.05318182,4H MACD 位于 Signal 上方；4H RSI 位于健康强势区间,4H EMA 仍偏震荡
222,LKFN,LAKELAND FINANCIAL CORP,Financials,Early,Russell,539,54.98,30.85,87.7,66.19,51.73,61.24,64.15,38.74,18.0,bearish_transition,51.15,bullish_below_zero_proxy,46.72,43.59,0.0,76,early_transition,70,bullish_above_signal,45.14,59.939999,2.61,-0.01186945,-0.00498013,-0.03291386,-0.05725075,4H EMA9 已站上 EMA26，等待 26/50 确认；4H MACD 位于 Signal 上方,
223,VRNS,VARONIS SYSTEMS,Information Technology,Early,Russell,80,54.95,61.83,65.2,13.71,51.73,59.29,58.1,62.04,72.0,confirmed_bullish_trend,61.8,bullish_above_signal_proxy,60.16,46.28,0.0,58,mixed_sideways,70,bullish_above_signal,57.46,46.759998,0.69,-0.01970656,0.01453673,0.08315961,0.07891089,4H MACD 位于 Signal 上方；4H RSI 位于健康强势区间,4H EMA 仍偏震荡
224,HWC,HANCOCK WHITNEY,Financials,Early,Russell,749,54.88,30.07,79.7,88.66,51.73,58.22,60.8,36.64,15.0,bearish_transition,49.8,bullish_below_zero_proxy,44.09,43.07,0.0,74,early_transition,58,bullish_above_signal,43.77,74.550003,1.89,-0.01441031,0.00147771,-0.05477368,-0.05092298,4H EMA9 已站上 EMA26，等待 26/50 确认；4H MACD 位于 Signal 上方,
225,NGS,NATURAL GAS SERVICES GROUP,Energy,Early,Russell,820,54.75,29.85,76.9,95.77,51.73,50.66,52.4,36.0,15.0,bearish_transition,49.8,bullish_below_zero_proxy,42.17,42.68,0.0,68,early_transition,42,mixed_or_bearish,47.91,36.049999,0.64,0.00501812,-0.05355739,-0.05603561,-0.03273413,4H EMA9 已站上 EMA26，等待 26/50 确认,4H MACD 尚未确认多头
226,STBA,S AND T BANCORP INC,Financials,Early,Russell,641,54.66,30.38,87.7,65.15,51.73,59.03,61.7,37.56,15.0,bearish_transition,49.8,bullish_below_zero_proxy,46.88,43.63,0.0,76,early_transition,58,bullish_above_signal,45.71,49.860001,2.21,-0.01110664,0.00443195,-0.02273616,-0.05353073,4H EMA9 已站上 EMA26，等待 26/50 确认；4H MACD 位于 Signal 上方,
227,FPI,FARMLAND PARTNERS INC,Real Estate,Early,Russell,75,54.46,62.0,64.3,12.47,51.73,69.55,69.5,62.53,72.0,confirmed_bullish_trend,61.8,bullish_above_signal_proxy,61.65,46.58,0.0,100,confirmed_bullish_trend,42,mixed_or_bearish,61.0,10.795,1.07,0.00699627,0.00418605,0.10378323,0.10491300,4H EMA 多头排列已连续维持；4H RSI 位于健康强势区间,4H MACD 尚未确认多头
228,IBOC,INTERNATIONAL BANCSHARES CORP,Financials,Early,Russell,630,54.37,30.42,87.7,63.09,51.73,58.22,60.8,37.68,15.0,bearish_transition,49.8,bullish_below_zero_proxy,47.24,43.7,0.0,74,early_transition,58,bullish_above_signal,45.84,70.93,1.92,-0.00658266,0.00396317,-0.03061361,-0.06934326,4H EMA9 已站上 EMA26，等待 26/50 确认；4H MACD 位于 Signal 上方,
229,ITIC,INVESTORS TITLE,Financials,Early,Russell,251,54.32,54.2,65.2,27.32,51.73,57.29,58.1,50.96,72.0,confirmed_bullish_trend,25.0,bearish_proxy,54.47,45.14,0.0,58,mixed_sideways,70,bullish_above_signal,52.41,299.429993,1.04,-0.00206631,0.00439420,0.03664592,0.02932279,4H MACD 位于 Signal 上方；4H RSI 位于健康强势区间,4H EMA 仍偏震荡
230,TENB,TENABLE HOLDINGS,Information Technology,Early,Russell,353,54.31,43.65,90.4,24.69,51.73,67.13,70.7,46.38,35.0,mixed_sideways,49.8,bullish_below_zero_proxy,55.43,45.34,0.0,94,fresh_bullish_cross,58,bullish_above_signal,55.84,36.369999,0.65,-0.05138239,0.08019011,0.03089569,0.01168284,4H EMA9/26 最近金叉且价格在 EMA50 上方；4H MACD 位于 Signal 上方；4H RSI 位于健康强势区间,
231,MCBS,METROCITY BANKSHARES INC,Financials,Early,Russell,732,54.29,30.12,79.7,84.64,51.73,58.22,60.8,36.79,15.0,bearish_transition,49.8,bullish_below_zero_proxy,44.56,43.16,0.0,74,early_transition,58,bullish_above_signal,44.3,35.099998,1.64,-0.00651016,0.00028492,-0.02904575,-0.02608221,4H EMA9 已站上 EMA26，等待 26/50 确认；4H MACD 位于 Signal 上方,
232,EFOR,EVERFORTH,Information Technology,Early,Russell,250,54.28,54.2,65.2,27.01,51.73,57.29,58.1,50.97,72.0,confirmed_bullish_trend,25.0,bearish_proxy,54.51,45.15,0.0,58,mixed_sideways,70,bullish_above_signal,52.93,32.48,0.88,-0.05485238,0.06247956,0.05283630,0.05746378,4H MACD 位于 Signal 上方；4H RSI 位于健康强势区间,4H EMA 仍偏震荡
233,WLTH,WEALTHFRONT,Financials,Early,Russell,17,54.16,63.96,65.2,3.51,51.73,62.29,58.1,68.27,72.0,confirmed_bullish_trend,61.8,bullish_above_signal_proxy,79.05,50.06,0.0,58,mixed_sideways,70,bullish_above_signal,53.36,10.17,1.0,-0.06267281,0.07335092,0.11147541,0.03722591,4H MACD 位于 Signal 上方；4H RSI 位于健康强势区间,4H EMA 仍偏震荡
234,TDAY,USA TODAY INC,Communication,Early,Russell,925,54.01,29.25,87.7,63.45,51.73,59.03,61.7,34.24,15.0,bearish_transition,49.8,bullish_below_zero_proxy,36.84,41.62,0.0,74,early_transition,58,bullish_above_signal,49.01,6.475,1.03,-0.01520913,0.03023071,-0.09567039,-0.28413488,4H EMA9 已站上 EMA26，等待 26/50 确认；4H MACD 位于 Signal 上方；4H RSI 位于健康强势区间,
235,AMPH,AMPHASTAR PHARMACEUTICALS,Health Care,Early,Russell,38,53.98,62.89,64.3,7.16,51.73,71.05,69.5,64.74,72.0,confirmed_bullish_trend,61.8,bullish_above_signal_proxy,67.89,48.83,0.0,100,confirmed_bullish_trend,42,mixed_or_bearish,62.26,23.950001,1.32,0.00587997,0.03814482,0.14703075,0.20472848,4H EMA 多头排列已连续维持；4H RSI 位于健康强势区间,4H MACD 尚未确认多头
236,DMAC,DIAMEDICA THERAPEUTICS INC,Health Care,Early,Russell,506,53.95,31.02,90.4,51.75,51.73,68.48,72.2,39.26,18.0,bearish_transition,49.8,bullish_below_zero_proxy,48.85,45.02,0.0,92,fresh_bullish_cross,66,bullish_above_signal,52.54,6.63,0.98,0.01067073,0.00302572,-0.00075358,0.01067073,4H EMA9/26 最近金叉且价格在 EMA50 上方；4H MACD 位于 Signal 上方；4H MACD 柱体连续扩张；4H RSI 位于健康强势区间,
237,VSTS,VESTIS,Industrials,Early,Russell,347,53.85,43.72,87.7,28.61,51.73,66.05,69.5,46.84,38.0,mixed_sideways,49.8,bullish_below_zero_proxy,54.11,45.07,0.0,76,early_transition,78,bullish_above_signal,63.44,13.77,1.98,0.04120983,0.04874334,0.02684564,-0.02857143,4H EMA9 已站上 EMA26，等待 26/50 确认；4H MACD 位于 Signal 上方；4H MACD 柱体连续扩张；4H RSI 位于健康强势区间,
238,ARQT,ARCUTIS BIOTHERAPEUTICS,Health Care,Early,Russell,312,53.81,44.54,90.4,19.28,51.73,64.43,67.7,48.42,38.0,mixed_sideways,51.15,bullish_below_zero_proxy,57.4,46.73,0.0,80,fresh_bullish_cross,66,bullish_above_signal,67.85,26.139999,2.22,0.11139452,0.09693659,0.02029656,0.00461180,4H EMA9/26 最近金叉且价格在 EMA50 上方；4H MACD 位于 Signal 上方；4H MACD 柱体连续扩张；4H RSI 位于健康强势区间,4H 相对 EMA26 超过 2 ATR，短线偏追高
239,SAFT,SAFETY INSURANCE GROUP INC,Financials,Early,Russell,1128,53.66,48.64,64.3,72.47,0.46,68.21,71.9,30.89,72.0,confirmed_bullish_trend,22.75,bearish_proxy,45.92,43.43,16.69,100,confirmed_bullish_trend,50,mixed_or_bearish,61.57,103.550003,1.3,0.00086994,0.00120861,0.00183825,0.00261429,4H EMA 多头排列已连续维持；4H MACD 柱体连续扩张；4H RSI 位于健康强势区间,4H MACD 尚未确认多头
240,WMK,WEIS MARKETS,Consumer Staples,Early,Russell,357,53.58,43.74,87.7,26.8,51.73,63.89,67.1,46.25,35.0,mixed_sideways,49.8,bullish_below_zero_proxy,54.58,46.17,0.0,76,early_transition,70,bullish_above_signal,58.69,73.050003,1.47,0.01656001,0.04626186,0.03956178,-0.06776414,4H EMA9 已站上 EMA26，等待 26/50 确认；4H MACD 位于 Signal 上方；4H RSI 位于健康强势区间,
241,MTW,MANITOWOC INC,Industrials,Early,Russell,241,53.51,54.34,64.3,24.02,51.73,68.9,71.0,51.36,72.0,confirmed_bullish_trend,25.0,bearish_proxy,55.69,45.39,0.0,100,confirmed_bullish_trend,50,mixed_or_bearish,57.73,20.9,1.04,0.01456311,-0.00428776,0.03670635,0.44837145,4H EMA 多头排列已连续维持；4H MACD 柱体连续扩张；4H RSI 位于健康强势区间,4H MACD 尚未确认多头
242,OPLN,OPENLANE,Industrials,Early,Russell,609,53.51,30.51,87.7,57.16,51.73,57.41,59.9,37.93,15.0,bearish_transition,49.8,bullish_below_zero_proxy,48.02,43.85,0.0,68,early_transition,58,bullish_above_signal,49.08,35.09,1.2,0.00659779,-0.00425658,0.00000000,-0.12537386,4H EMA9 已站上 EMA26，等待 26/50 确认；4H MACD 位于 Signal 上方；4H RSI 位于健康强势区间,
243,PVLA,PALVELLA THERAPEUTICS INC,Health Care,Early,Russell,619,53.31,38.26,79.6,59.38,51.73,63.62,66.8,37.79,35.0,mixed_sideways,25.0,bearish_proxy,47.74,44.8,0.0,94,fresh_bullish_cross,42,mixed_or_bearish,49.6,151.429993,1.11,0.00906234,0.00119004,-0.01345322,-0.00760209,4H EMA9/26 最近金叉且价格在 EMA50 上方；4H RSI 位于健康强势区间,4H MACD 尚未确认多头
244,UTZ,UTZ BRANDS CLASS A,Consumer Staples,Early,Russell,1338,53.28,48.37,64.3,70.72,0.21,64.52,67.8,29.2,72.0,confirmed_bullish_trend,22.75,bearish_proxy,46.15,44.48,18.6,100,confirmed_bullish_trend,42,mixed_or_bearish,63.2,14.265,0.51,-0.00035039,0.00387051,0.00812721,0.01026912,4H EMA 多头排列已连续维持；4H RSI 位于健康强势区间,4H MACD 尚未确认多头
245,AVAH,AVEANNA HEALTHCARE HOLDINGS INC,Health Care,Early,Russell,374,53.27,53.0,82.9,8.87,2.27,75.28,79.75,44.63,75.0,confirmed_bullish_trend,24.1,bearish_proxy,66.19,48.49,11.02,100,confirmed_bullish_trend,80,fresh_above_zero_cross,58.92,14.26,2.89,0.00813008,0.01667605,0.12371946,0.52350427,4H EMA 多头排列已连续维持；4H MACD 零轴上方刚金叉；4H RSI 位于健康强势区间,
246,III,INFORMATION SERVICES GROUP INC,Information Technology,Early,Russell,243,53.27,53.7,65.2,21.44,51.73,58.1,59.0,51.28,75.0,confirmed_bullish_trend,20.0,fresh_bearish_cross_proxy,56.5,45.55,0.0,58,mixed_sideways,70,bullish_above_signal,57.48,5.27,1.51,-0.02135562,0.03944773,0.06680162,0.20182440,4H MACD 位于 Signal 上方；4H RSI 位于健康强势区间,4H EMA 仍偏震荡
247,MATX,MATSON INC,Industrials,Early,Russell,260,53.15,58.66,75.1,15.36,2.78,75.11,77.9,50.61,72.0,confirmed_bullish_trend,59.55,bullish_above_signal_proxy,59.1,46.07,10.52,100,confirmed_bullish_trend,70,bullish_above_signal,65.77,235.610001,1.85,-0.01290377,0.03738115,0.07134414,0.10392170,4H EMA 多头排列已连续维持；4H MACD 位于 Signal 上方；4H RSI 位于健康强势区间,
248,APC,ARKO PETROLEUM CORP CLASS A,Consumer Discretionary,Early,Russell,825,53.04,29.83,73.3,94.02,51.73,48.09,49.55,35.93,15.0,bearish_transition,49.8,bullish_below_zero_proxy,41.94,42.64,0.0,71,early_transition,28,fresh_bearish_cross,46.84,18.6,0.81,-0.01142711,-0.02515723,-0.04761910,-0.09883717,4H EMA9 已站上 EMA26，等待 26/50 确认,4H MACD 最近死叉
249,FSLY,FASTLY CLASS A,Information Technology,Early,Russell,362,53.03,54.98,65.2,16.91,51.73,55.79,58.1,45.64,72.0,confirmed_bullish_trend,49.8,bullish_below_zero_proxy,19.56,38.16,0.0,58,mixed_sideways,70,bullish_above_signal,51.9,23.540001,0.69,-0.06624348,0.03586363,-0.18967292,-0.05651302,4H MACD 位于 Signal 上方；4H RSI 位于健康强势区间,4H EMA 仍偏震荡
250,CNXN,PC CONNECTION INC,Information Technology,Early,Russell,205,52.97,59.52,75.1,11.96,2.99,70.66,72.95,53.05,75.0,confirmed_bullish_trend,60.9,bullish_above_signal_proxy,62.01,46.65,10.27,89,confirmed_bullish_trend,70,bullish_above_signal,67.04,87.120003,1.66,0.02241526,0.05408350,0.10966757,0.00438097,4H EMA 多头排列已连续维持；4H MACD 位于 Signal 上方；4H RSI 位于健康强势区间,4H 相对 EMA26 超过 2 ATR，短线偏追高
251,CON,CONCENTRA GROUP HOLDINGS PARENT IN,Health Care,Early,Russell,325,52.97,57.9,67.1,37.47,2.42,67.18,70.75,47.88,72.0,confirmed_bullish_trend,59.55,bullish_above_signal_proxy,51.55,45.56,10.9,89,confirmed_bullish_trend,70,bullish_above_signal,68.71,36.349998,1.69,0.01966395,0.06379866,0.02279114,0.16805902,4H EMA 多头排列已连续维持；4H MACD 位于 Signal 上方,4H 相对 EMA26 超过 2 ATR，短线偏追高；4H RSI 偏热
252,NGVC,NATURAL GROCERS BY VITAMIN COTTAGE,Consumer Staples,Early,Russell,335,52.52,44.08,87.7,18.97,51.73,63.08,66.2,47.24,35.0,mixed_sideways,49.8,bullish_below_zero_proxy,57.59,46.77,0.0,76,early_transition,70,bullish_above_signal,58.66,29.16,0.7,-0.01369866,0.06229504,0.04873224,-0.10442263,4H EMA9 已站上 EMA26，等待 26/50 确认；4H MACD 位于 Signal 上方；4H RSI 位于健康强势区间,
253,TK,TEEKAY CORPORATION CORP LTD,Energy,Early,Russell,215,52.45,59.5,75.1,9.43,1.75,70.66,72.95,52.54,75.0,confirmed_bullish_trend,60.9,bullish_above_signal_proxy,65.36,47.32,11.89,89,confirmed_bullish_trend,70,bullish_above_signal,65.55,14.4,2.1,0.01123596,0.04046243,0.11975117,0.28227961,4H EMA 多头排列已连续维持；4H MACD 位于 Signal 上方；4H RSI 位于健康强势区间,4H 相对 EMA26 超过 2 ATR，短线偏追高
254,NEO,NEOGENOMICS,Health Care,Early,Russell,198,52.42,59.84,75.1,7.63,2.89,75.11,77.9,53.75,72.0,confirmed_bullish_trend,59.55,bullish_above_signal_proxy,67.51,48.75,10.3,100,confirmed_bullish_trend,70,bullish_above_signal,64.61,18.940001,1.28,-0.00577417,0.07308788,0.17202976,0.16303353,4H EMA 多头排列已连续维持；4H MACD 位于 Signal 上方；4H RSI 位于健康强势区间,
255,CBNA,CHAIN BRIDGE BANCORP INC CLASS A,Financials,Early,Russell,507,52.26,38.68,79.6,51.39,51.73,63.35,66.5,39.26,38.0,mixed_sideways,26.35,bearish_proxy,48.89,44.03,0.0,88,fresh_bullish_cross,50,mixed_or_bearish,50.89,46.290001,1.63,0.01736266,0.00259916,-0.01153109,-0.02588382,4H EMA9/26 最近金叉且价格在 EMA50 上方；4H MACD 柱体连续扩张；4H RSI 位于健康强势区间,4H MACD 尚未确认多头
256,INSW,INTERNATIONAL SEAWAYS,Energy,Early,Russell,223,52.21,59.26,75.1,8.25,1.91,69.84,72.05,52.07,72.0,confirmed_bullish_trend,59.55,bullish_above_signal_proxy,66.93,47.64,11.64,89,confirmed_bullish_trend,70,bullish_above_signal,66.56,109.379997,0.96,0.00918019,0.04609793,0.11215048,0.18274214,4H EMA 多头排列已连续维持；4H MACD 位于 Signal 上方；4H RSI 位于健康强势区间,4H 相对 EMA26 超过 2 ATR，短线偏追高
257,TXG,10X GENOMICS CLASS A,Health Care,Early,Russell,142,52.19,61.43,75.1,2.99,2.01,75.11,77.9,57.92,75.0,confirmed_bullish_trend,60.9,bullish_above_signal_proxy,79.89,51.23,11.46,100,confirmed_bullish_trend,70,bullish_above_signal,67.51,72.68,1.79,-0.03209477,0.08042223,0.25375192,0.51891333,4H EMA 多头排列已连续维持；4H MACD 位于 Signal 上方；4H RSI 位于健康强势区间,
258,OBIO,ORCHESTRA BIOMED HOLDINGS INC,Health Care,Early,Russell,167,52.16,60.69,75.1,4.12,2.58,74.3,77.0,56.11,72.0,confirmed_bullish_trend,59.55,bullish_above_signal_proxy,76.05,50.46,10.76,100,confirmed_bullish_trend,70,bullish_above_signal,63.18,6.01,0.65,-0.00164455,0.10681400,0.27600849,0.40420561,4H EMA 多头排列已连续维持；4H MACD 位于 Signal 上方；4H RSI 位于健康强势区间,
259,NUTX,NUTEX HEALTH INC,Health Care,Early,Russell,202,52.16,59.75,75.1,6.6,2.22,69.84,72.05,53.28,72.0,confirmed_bullish_trend,59.55,bullish_above_signal_proxy,68.4,48.93,11.06,89,confirmed_bullish_trend,70,bullish_above_signal,66.49,217.324997,0.76,0.01411570,0.09898861,0.15604549,0.37469165,4H EMA 多头排列已连续维持；4H MACD 位于 Signal 上方；4H RSI 位于健康强势区间,4H 相对 EMA26 超过 2 ATR，短线偏追高
260,DRH,DIAMONDROCK HOSPITALITY,Real Estate,Early,Russell,373,52.06,35.1,87.7,36.8,51.73,59.84,62.6,44.64,15.0,bearish_transition,71.8,fresh_below_zero_cross_proxy,51.69,44.59,0.0,74,early_transition,58,bullish_above_signal,48.79,12.27,1.17,-0.00405844,0.01614907,-0.00768298,-0.07674944,4H EMA9 已站上 EMA26，等待 26/50 确认；4H MACD 位于 Signal 上方；4H RSI 位于健康强势区间,
261,GHC,GRAHAM HOLDINGS COMPANY CLASS B,Consumer Discretionary,Early,Russell,557,52.03,30.69,87.7,46.91,51.73,59.03,61.7,38.47,15.0,bearish_transition,49.8,bullish_below_zero_proxy,49.65,44.18,0.0,76,early_transition,58,bullish_above_signal,46.36,1135.119995,1.12,-0.02516697,0.01625845,-0.02421584,-0.06357910,4H EMA9 已站上 EMA26，等待 26/50 确认；4H MACD 位于 Signal 上方,
262,LILA,LIBERTY LATIN AMERICA CLASS A,Communication,Early,Russell,296,51.99,53.57,50.8,51.65,51.73,45.95,45.5,49.11,72.0,confirmed_bullish_trend,25.0,bearish_proxy,48.87,44.02,0.0,58,mixed_sideways,28,fresh_bearish_cross,52.46,8.74,0.84,-0.02017937,0.00807382,0.02582160,0.04109589,4H RSI 位于健康强势区间,4H EMA 仍偏震荡；4H MACD 最近死叉
263,PD,PAGERDUTY,Information Technology,Early,Russell,173,51.97,60.49,75.1,3.71,2.06,74.3,77.0,55.74,72.0,confirmed_bullish_trend,59.55,bullish_above_signal_proxy,77.4,49.73,11.43,100,confirmed_bullish_trend,70,bullish_above_signal,63.57,14.48,0.92,-0.01362398,0.06705969,0.23866553,0.28368794,4H EMA 多头排列已连续维持；4H MACD 位于 Signal 上方；4H RSI 位于健康强势区间,
264,HRMY,HARMONY BIOSCIENCES HLDG,Health Care,Early,Russell,170,51.92,56.1,64.3,9.28,51.73,69.71,71.9,55.96,75.0,confirmed_bullish_trend,26.35,bearish_proxy,65.41,48.33,0.0,100,confirmed_bullish_trend,50,mixed_or_bearish,58.36,42.209999,2.13,0.01808973,0.01393221,0.10700231,0.08929030,4H EMA 多头排列已连续维持；4H MACD 柱体连续扩张；4H RSI 位于健康强势区间,4H MACD 尚未确认多头
265,SGP,SPYGLASS PHARMA SHS,Health Care,Early,Russell,193,51.89,55.48,64.3,10.57,51.73,67.55,69.5,54.31,72.0,confirmed_bullish_trend,25.0,bearish_proxy,64.17,48.08,0.0,100,confirmed_bullish_trend,42,mixed_or_bearish,57.23,28.6,1.47,0.00069979,0.03510681,0.11327360,0.18869498,4H EMA 多头排列已连续维持；4H RSI 位于健康强势区间,4H MACD 尚未确认多头
266,SIG,SIGNET JEWELERS,Consumer Discretionary,Early,Russell,185,51.85,60.24,75.1,3.81,1.49,69.84,72.05,54.76,72.0,confirmed_bullish_trend,59.55,bullish_above_signal_proxy,77.28,49.71,12.36,89,confirmed_bullish_trend,70,bullish_above_signal,67.85,102.93,0.84,0.02143498,0.00507759,0.19602606,0.05818858,4H EMA 多头排列已连续维持；4H MACD 位于 Signal 上方；4H RSI 位于健康强势区间,4H 相对 EMA26 超过 2 ATR，短线偏追高
267,TNK,TEEKAY TANKERS LTD CLASS A,Energy,Early,Russell,255,51.82,58.97,75.1,6.91,1.08,69.84,72.05,50.79,72.0,confirmed_bullish_trend,59.55,bullish_above_signal_proxy,68.0,47.85,13.28,89,confirmed_bullish_trend,70,bullish_above_signal,66.87,100.639999,0.86,0.00189151,0.04517601,0.12913724,0.31178308,4H EMA 多头排列已连续维持；4H MACD 位于 Signal 上方；4H RSI 位于健康强势区间,4H 相对 EMA26 超过 2 ATR，短线偏追高
268,NODK,NI HOLDINGS INC,Financials,Early,Russell,551,51.82,30.72,87.7,45.46,51.73,59.84,62.6,38.54,15.0,bearish_transition,49.8,bullish_below_zero_proxy,49.87,44.22,0.0,74,early_transition,58,bullish_above_signal,48.59,15.19,1.07,0.00065876,0.00197889,-0.00393443,-0.03063178,4H EMA9 已站上 EMA26，等待 26/50 确认；4H MACD 位于 Signal 上方；4H RSI 位于健康强势区间,
269,ARCT,ARCTURUS THERAPEUTICS HOLDINGS INC,Health Care,Early,Russell,27,51.8,59.51,64.3,0.52,51.73,73.21,71.9,66.14,72.0,confirmed_bullish_trend,25.0,bearish_proxy,100.0,55.25,0.0,100,confirmed_bullish_trend,50,mixed_or_bearish,58.26,15.6,1.09,0.00353812,0.05906314,0.91411043,1.50803859,4H EMA 多头排列已连续维持；4H MACD 柱体连续扩张；4H RSI 位于健康强势区间,4H MACD 尚未确认多头
270,AMBQ,AMBIQ MICRO,Information Technology,Early,Russell,975,51.79,28.86,87.7,49.59,51.73,61.06,63.95,33.09,15.0,bearish_transition,49.8,bullish_below_zero_proxy,33.33,40.92,0.0,71,early_transition,70,bullish_above_signal,48.8,59.919998,0.91,-0.00717286,-0.06059421,-0.11557199,-0.11097928,4H EMA9 已站上 EMA26，等待 26/50 确认；4H MACD 位于 Signal 上方；4H RSI 位于健康强势区间,
271,MTRN,MATERION,Materials,Early,Russell,549,51.75,40.98,79.6,42.63,51.73,61.73,64.7,38.56,35.0,mixed_sideways,49.8,bullish_below_zero_proxy,31.75,40.6,0.0,86,fresh_bullish_cross,50,mixed_or_bearish,52.12,248.770004,0.56,0.04702280,-0.01668050,-0.13570505,0.09414377,4H EMA9/26 最近金叉且价格在 EMA50 上方；4H MACD 柱体连续扩张；4H RSI 位于健康强势区间,4H MACD 尚未确认多头
272,BHE,BENCHMARK ELECTRONICS INC,Information Technology,Early,Russell,981,51.52,28.82,87.7,47.89,51.73,56.6,59.0,32.96,15.0,bearish_transition,49.8,bullish_below_zero_proxy,32.94,40.84,0.0,68,early_transition,58,bullish_above_signal,50.86,73.889999,0.73,0.02503988,-0.00782835,-0.12202952,-0.13578949,4H EMA9 已站上 EMA26，等待 26/50 确认；4H MACD 位于 Signal 上方；4H RSI 位于健康强势区间,
273,DFIN,DONNELLEY FINANCIAL SOLUTIONS,Financials,Early,Russell,277,51.49,53.85,54.4,38.09,51.73,50.27,50.3,49.94,72.0,confirmed_bullish_trend,25.0,bearish_proxy,51.36,44.52,0.0,52,mixed_sideways,50,mixed_or_bearish,53.31,48.91,1.77,0.00783023,0.00266505,0.02386435,-0.01530095,4H MACD 柱体连续扩张；4H RSI 位于健康强势区间,4H EMA 仍偏震荡；4H MACD 尚未确认多头
274,MLAB,MESA LABORATORIES,Health Care,Early,Russell,172,51.46,55.97,64.3,6.49,51.73,68.9,71.0,55.76,72.0,confirmed_bullish_trend,25.0,bearish_proxy,68.55,48.96,0.0,100,confirmed_bullish_trend,50,mixed_or_bearish,53.11,125.290001,0.74,0.00187918,0.01015885,0.16354013,0.24172446,4H EMA 多头排列已连续维持；4H MACD 柱体连续扩张；4H RSI 位于健康强势区间,4H MACD 尚未确认多头
275,DNA,GINKGO BIOWORKS HOLDINGS CLASS A,Health Care,Early,Russell,526,51.45,30.98,87.7,42.37,51.73,59.03,61.7,38.91,15.0,bearish_transition,49.8,bullish_below_zero_proxy,50.52,45.35,0.0,74,early_transition,58,bullish_above_signal,51.38,7.06,0.91,0.00141844,0.03823529,0.01949458,-0.24733475,4H EMA9 已站上 EMA26，等待 26/50 确认；4H MACD 位于 Signal 上方；4H RSI 位于健康强势区间,
276,WEAV,WEAVE COMMUNICATIONS,Information Technology,Early,Russell,93,51.41,57.75,64.3,2.06,51.73,66.44,66.05,61.36,72.0,confirmed_bullish_trend,25.0,bearish_proxy,85.99,51.45,0.0,89,confirmed_bullish_trend,50,mixed_or_bearish,65.38,7.325,0.92,-0.00204360,0.00205198,0.32220217,0.06778426,4H EMA 多头排列已连续维持；4H MACD 柱体连续扩张；4H RSI 位于健康强势区间,4H 相对 EMA26 超过 2 ATR，短线偏追高；4H MACD 尚未确认多头
277,CLFD,CLEARFIELD INC,Information Technology,Early,Russell,483,51.38,31.03,87.7,41.8,51.73,66.05,69.5,39.7,18.0,bearish_transition,49.8,bullish_below_zero_proxy,50.64,44.38,0.0,76,early_transition,78,bullish_above_signal,59.04,30.09,1.66,0.03758621,0.06475584,0.02000000,-0.10765127,4H EMA9 已站上 EMA26，等待 26/50 确认；4H MACD 位于 Signal 上方；4H MACD 柱体连续扩张；4H RSI 位于健康强势区间,
278,MIR,MIRION TECHNOLOGIES CLASS A,Information Technology,Early,Russell,95,51.36,74.82,40.9,50.93,51.73,44.98,42.2,61.34,82.0,early_transition,61.8,bullish_above_signal_proxy,48.95,44.04,0.0,36,bearish_transition,50,mixed_or_bearish,49.86,15.855,0.66,0.00858779,-0.04717542,0.00666667,-0.02069185,4H MACD 柱体连续扩张；4H RSI 位于健康强势区间,4H EMA 转弱或跌破 EMA26；4H MACD 尚未确认多头
279,RUSHB,RUSH ENTERPRISES CLASS B,Industrials,Early,Russell,400,51.27,54.13,65.2,7.11,51.73,56.6,59.0,43.38,75.0,confirmed_bullish_trend,49.8,bullish_below_zero_proxy,9.96,36.24,0.0,58,mixed_sideways,70,bullish_above_signal,65.34,53.900002,1.32,0.01813379,0.08037689,0.00785344,-0.00148199,4H MACD 位于 Signal 上方；4H RSI 位于健康强势区间,4H EMA 仍偏震荡
280,BOW,BOWHEAD SPECIALTY HOLDINGS,Financials,Early,Russell,268,51.14,53.95,54.4,35.52,51.73,49.73,49.7,50.24,72.0,confirmed_bullish_trend,25.0,bearish_proxy,52.29,44.71,0.0,58,mixed_sideways,42,mixed_or_bearish,54.05,33.700001,0.77,-0.00162939,0.00178365,0.00747384,0.00627050,4H RSI 位于健康强势区间,4H EMA 仍偏震荡；4H MACD 尚未确认多头
281,ADUS,ADDUS HOMECARE CORP,Health Care,Early,Russell,261,51.13,54.15,54.4,34.95,51.73,49.46,49.4,50.43,72.0,confirmed_bullish_trend,25.0,bearish_proxy,52.41,45.73,0.0,50,mixed_sideways,50,mixed_or_bearish,52.98,118.510002,1.1,0.03123916,-0.00578855,0.03052176,0.04257943,4H MACD 柱体连续扩张；4H RSI 位于健康强势区间,4H EMA 仍偏震荡；4H MACD 尚未确认多头
282,ANGI,ANGI INC CLASS A,Communication,Early,Russell,230,51.0,45.51,87.7,5.46,51.73,62.69,64.1,51.84,35.0,mixed_sideways,49.8,bullish_below_zero_proxy,71.97,48.64,0.0,64,early_transition,78,bullish_above_signal,67.79,5.29,2.2,0.05168986,0.12195122,0.18609865,-0.14814815,4H EMA9 已站上 EMA26，等待 26/50 确认；4H MACD 位于 Signal 上方；4H MACD 柱体连续扩张；4H RSI 位于健康强势区间,4H 相对 EMA26 超过 2 ATR，短线偏追高
283,TBCH,TURTLE BEACH,Information Technology,Early,Russell,487,50.9,31.09,90.4,31.24,51.73,69.29,73.1,39.64,15.0,bearish_transition,49.8,bullish_below_zero_proxy,53.19,44.89,0.0,92,fresh_bullish_cross,66,bullish_above_signal,52.74,12.58,1.8,0.01084773,0.04052936,0.02861815,-0.09626437,4H EMA9/26 最近金叉且价格在 EMA50 上方；4H MACD 位于 Signal 上方；4H MACD 柱体连续扩张；4H RSI 位于健康强势区间,
284,VSH,VISHAY INTERTECHNOLOGY INC,Information Technology,Early,Russell,997,50.64,28.67,87.7,42.37,51.73,56.6,59.0,32.52,15.0,bearish_transition,49.8,bullish_below_zero_proxy,31.63,40.58,0.0,68,early_transition,58,bullish_above_signal,48.3,31.33,0.89,0.00031928,-0.01182779,-0.11870602,-0.19377254,4H EMA9 已站上 EMA26，等待 26/50 确认；4H MACD 位于 Signal 上方；4H RSI 位于健康强势区间,
285,WGS,GENEDX HOLDINGS CLASS A,Health Care,Early,Russell,63,50.59,66.26,67.1,2.89,1.29,72.84,73.15,63.46,75.0,confirmed_bullish_trend,87.9,fresh_above_zero_cross_proxy,80.13,51.28,12.75,89,confirmed_bullish_trend,78,bullish_above_signal,68.59,97.419998,1.6,0.01510886,0.12624275,0.25800614,0.36999011,4H EMA 多头排列已连续维持；4H MACD 位于 Signal 上方；4H MACD 柱体连续扩张,4H 相对 EMA26 超过 2 ATR，短线偏追高；4H RSI 偏热
286,GOLD,GOLD INC,Consumer Discretionary,Early,Russell,109,50.58,61.32,50.8,24.18,51.73,45.95,45.5,60.53,72.0,confirmed_bullish_trend,61.8,bullish_above_signal_proxy,55.59,45.37,0.0,58,mixed_sideways,28,fresh_bearish_cross,51.64,46.900002,0.57,-0.01491281,-0.04974163,0.03258485,0.09887540,4H RSI 位于健康强势区间,4H EMA 仍偏震荡；4H MACD 最近死叉
287,NSIT,INSIGHT ENTERPRISES INC,Information Technology,Early,Russell,404,50.57,52.3,75.1,13.09,2.63,75.77,80.3,43.06,75.0,confirmed_bullish_trend,24.1,bearish_proxy,60.74,46.4,10.65,100,confirmed_bullish_trend,78,bullish_above_signal,64.48,165.190002,1.7,0.03060173,0.05735138,0.10732008,0.20409651,4H EMA 多头排列已连续维持；4H MACD 位于 Signal 上方；4H MACD 柱体连续扩张；4H RSI 位于健康强势区间,
288,VIA,VIA TRANSPORTATION CLASS A,Information Technology,Early,Russell,227,50.45,54.61,54.4,29.38,51.73,50.27,50.3,51.98,75.0,confirmed_bullish_trend,26.35,bearish_proxy,53.81,45.01,0.0,52,mixed_sideways,50,mixed_or_bearish,50.13,26.646999,1.92,0.00706727,0.02606854,0.04909445,0.21620260,4H MACD 柱体连续扩张；4H RSI 位于健康强势区间,4H EMA 仍偏震荡；4H MACD 尚未确认多头
289,BGC,BGC GROUP INC CLASS A,Financials,Early,Russell,67,50.38,62.23,54.4,11.13,51.73,51.33,49.25,63.2,72.0,confirmed_bullish_trend,61.8,bullish_above_signal_proxy,63.68,46.99,0.0,55,mixed_sideways,42,mixed_or_bearish,55.47,12.18,2.18,-0.00286533,-0.00041034,0.09139785,0.09680324,4H RSI 位于健康强势区间,4H EMA 仍偏震荡；4H MACD 尚未确认多头
290,ECVT,ECOVYST,Materials,Early,Russell,423,50.3,31.8,90.4,25.57,51.73,65.24,68.6,41.53,18.0,bearish_transition,51.15,bullish_below_zero_proxy,55.17,45.28,0.0,82,fresh_bullish_cross,66,bullish_above_signal,66.64,10.88,1.98,0.02738432,0.06042885,0.04716073,-0.10231023,4H EMA9/26 最近金叉且价格在 EMA50 上方；4H MACD 位于 Signal 上方；4H MACD 柱体连续扩张；4H RSI 位于健康强势区间,4H 相对 EMA26 超过 2 ATR，短线偏追高
291,SPNT,SIRIUSPOINT,Financials,Early,Russell,84,50.3,61.64,50.8,21.55,51.73,48.76,46.4,61.71,75.0,confirmed_bullish_trend,61.8,bullish_above_signal_proxy,56.44,45.54,0.0,58,mixed_sideways,28,fresh_bearish_cross,53.5,24.472,1.48,-0.00621320,0.00957096,0.04313730,0.02264939,4H RSI 位于健康强势区间,4H EMA 仍偏震荡；4H MACD 最近死叉
292,NNI,NELNET CLASS A,Financials,Early,Russell,498,50.29,31.01,87.7,34.59,51.73,59.03,61.7,39.4,15.0,bearish_transition,49.8,bullish_below_zero_proxy,52.45,44.74,0.0,74,early_transition,58,bullish_above_signal,53.27,127.330002,0.82,0.00188847,0.01603896,0.01192085,-0.06457533,4H EMA9 已站上 EMA26，等待 26/50 确认；4H MACD 位于 Signal 上方；4H RSI 位于健康强势区间,
293,ZETA,ZETA GLOBAL HOLDINGS CLASS A,Information Technology,Early,Russell,254,50.16,54.16,54.4,28.45,51.73,49.73,49.7,50.85,72.0,confirmed_bullish_trend,25.0,bearish_proxy,54.12,45.07,0.0,58,mixed_sideways,42,mixed_or_bearish,53.76,30.855,0.64,-0.00915540,0.01396648,0.07005379,0.27184666,4H RSI 位于健康强势区间,4H EMA 仍偏震荡；4H MACD 尚未确认多头
294,BBCP,CONCRETE PUMPING HOLDINGS INC,Industrials,Early,Russell,103,50.12,61.45,50.8,20.82,51.73,45.55,45.05,60.92,72.0,confirmed_bullish_trend,61.8,bullish_above_signal_proxy,56.76,45.6,0.0,55,mixed_sideways,28,fresh_bearish_cross,53.97,10.09,1.56,-0.01368524,-0.00981354,0.05654450,0.02280791,4H RSI 位于健康强势区间,4H EMA 仍偏震荡；4H MACD 最近死叉
295,UVE,UNIVERSAL INSURANCE HOLDINGS INC,Financials,Early,Russell,306,50.11,52.85,50.8,40.82,51.73,44.45,45.5,48.54,72.0,confirmed_bullish_trend,20.0,fresh_bearish_cross_proxy,50.91,44.43,0.0,58,mixed_sideways,28,fresh_bearish_cross,52.89,44.139999,0.86,0.00045331,0.01343127,0.03372361,-0.00248590,4H RSI 位于健康强势区间,4H EMA 仍偏震荡；4H MACD 最近死叉
296,FEIM,FREQUENCY ELECTRONICS INC,Information Technology,Early,Russell,307,50.09,58.09,67.1,18.45,1.55,66.36,69.85,48.51,72.0,confirmed_bullish_trend,59.55,bullish_above_signal_proxy,57.81,45.81,12.19,89,confirmed_bullish_trend,70,bullish_above_signal,70.06,84.599998,0.85,-0.00470591,0.32851756,0.07401296,0.20119265,4H EMA 多头排列已连续维持；4H MACD 位于 Signal 上方,4H 相对 EMA26 超过 2 ATR，短线偏追高；4H RSI 偏热
297,CFFI,C AND F FINANCIAL CORP,Financials,Early,Russell,44,49.99,62.66,54.4,7.53,51.73,52.51,48.9,64.48,72.0,confirmed_bullish_trend,61.8,bullish_above_signal_proxy,67.55,47.76,0.0,58,mixed_sideways,42,mixed_or_bearish,56.02,94.839996,0.31,0.01022581,0.01433151,0.08363802,0.14196258,4H RSI 位于健康强势区间,4H EMA 仍偏震荡；4H MACD 尚未确认多头
298,CDNA,CAREDX,Health Care,Early,Russell,385,49.95,52.75,75.1,7.84,2.68,72.8,77.0,44.16,72.0,confirmed_bullish_trend,22.75,bearish_proxy,67.37,48.72,10.64,100,confirmed_bullish_trend,70,bullish_above_signal,63.97,53.549999,0.82,0.00412520,0.07035779,0.15496596,0.13646010,4H EMA 多头排列已连续维持；4H MACD 位于 Signal 上方；4H RSI 位于健康强势区间,
299,ADV,ADVANTAGE SOLUTIONS CLASS A,Communication,Early,Russell,492,49.94,31.07,87.7,32.06,51.73,63.08,66.2,39.58,15.0,bearish_transition,49.8,bullish_below_zero_proxy,53.02,44.85,0.0,76,early_transition,70,bullish_above_signal,53.55,33.450001,0.71,0.00510823,0.06460856,0.06136565,-0.19222408,4H EMA9 已站上 EMA26，等待 26/50 确认；4H MACD 位于 Signal 上方；4H RSI 位于健康强势区间,
300,SFNC,SIMMONS FIRST NATIONAL CLASS A,Financials,Early,Russell,778,49.93,30.0,65.3,94.23,51.73,49.72,51.35,36.43,15.0,bearish_transition,49.8,bullish_below_zero_proxy,43.47,42.94,0.0,73,early_transition,28,fresh_bearish_cross,43.07,22.809999,2.1,-0.01255416,-0.00523336,-0.04680322,-0.05431186,4H EMA9 已站上 EMA26，等待 26/50 确认,4H MACD 最近死叉
301,SDRL,SEADRILL,Energy,Early,Russell,517,49.89,38.56,79.6,35.88,51.73,62.0,65.0,39.08,35.0,mixed_sideways,25.0,bearish_proxy,52.09,44.67,0.0,94,fresh_bullish_cross,42,mixed_or_bearish,47.78,47.84,1.28,-0.01765916,-0.00385220,0.02091334,0.12538232,4H EMA9/26 最近金叉且价格在 EMA50 上方,4H MACD 尚未确认多头
302,TITN,TITAN MACHINERY INC,Industrials,Early,Russell,16,49.83,63.98,54.4,3.4,51.73,54.73,49.7,68.33,72.0,confirmed_bullish_trend,61.8,bullish_above_signal_proxy,79.23,50.1,0.0,58,mixed_sideways,42,mixed_or_bearish,57.49,23.77,0.57,-0.02060157,-0.02522042,0.31398563,0.22022587,4H RSI 位于健康强势区间,4H EMA 仍偏震荡；4H MACD 尚未确认多头
303,CMDB,COSTAMARE BULKERS HOLDINGS LTD,Industrials,Early,Russell,24,49.81,63.34,54.4,4.74,51.73,53.23,49.7,66.47,72.0,confirmed_bullish_trend,61.8,bullish_above_signal_proxy,73.59,48.97,0.0,58,mixed_sideways,42,mixed_or_bearish,57.25,23.379999,0.91,-0.02134785,-0.00085474,0.20764451,0.22408372,4H RSI 位于健康强势区间,4H EMA 仍偏震荡；4H MACD 尚未确认多头
304,EOSE,EOS ENERGY ENTERPRISES CLASS A,Industrials,Early,Russell,174,49.75,71.65,50.8,87.89,51.73,45.95,45.5,55.73,82.0,early_transition,49.8,bullish_below_zero_proxy,41.03,42.46,0.0,58,mixed_sideways,28,fresh_bearish_cross,52.46,3.935,0.71,-0.04606061,-0.05180723,0.00382653,-0.09331797,4H RSI 位于健康强势区间,4H EMA 仍偏震荡；4H MACD 最近死叉
305,CZWI,CITIZENS COMMUNITY BANCORP INC,Financials,Early,Russell,79,49.74,75.06,40.9,39.59,51.73,42.82,39.8,62.06,82.0,early_transition,61.8,bullish_above_signal_proxy,51.12,44.47,0.0,38,bearish_transition,42,mixed_or_bearish,46.07,21.48,1.24,-0.00766885,-0.02717391,0.02627807,-0.01693364,,4H EMA 转弱或跌破 EMA26；4H MACD 尚未确认多头
306,PAMT,PAMT CORP,Industrials,Early,Russell,823,49.7,29.89,73.3,71.65,51.73,47.87,49.3,35.95,18.0,bearish_transition,51.15,bullish_below_zero_proxy,38.25,41.9,0.0,71,early_transition,28,fresh_bearish_cross,47.3,12.53,3.35,-0.02032838,-0.01182965,-0.03056093,-0.29088851,4H EMA9 已站上 EMA26，等待 26/50 确认,4H MACD 最近死叉
307,TRAK,REPOSITRAK INC,Information Technology,Early,Russell,473,49.54,31.17,87.7,29.18,51.73,63.08,66.2,39.86,15.0,bearish_transition,49.8,bullish_below_zero_proxy,53.84,45.02,0.0,76,early_transition,70,bullish_above_signal,56.08,8.25,0.81,0.00243013,0.04695431,0.01102941,-0.05606407,4H EMA9 已站上 EMA26，等待 26/50 确认；4H MACD 位于 Signal 上方；4H RSI 位于健康强势区间,
308,SFL,SFL,Energy,Early,Russell,272,49.5,58.74,67.1,13.2,1.24,67.86,69.85,50.07,75.0,confirmed_bullish_trend,60.9,bullish_above_signal_proxy,60.6,46.37,12.79,89,confirmed_bullish_trend,70,bullish_above_signal,69.76,13.505,1.05,0.01770912,0.07781325,0.08126501,0.11289658,4H EMA 多头排列已连续维持；4H MACD 位于 Signal 上方,4H 相对 EMA26 超过 2 ATR，短线偏追高；4H RSI 偏热
309,FF,FUTUREFUEL CORP,Energy,Early,Russell,342,49.34,52.87,51.7,99.9,51.73,50.12,51.8,47.07,72.0,confirmed_bullish_trend,25.0,bearish_proxy,42.68,42.79,0.0,44,bearish_transition,70,bullish_above_signal,50.0,5.42,1.01,-0.03041145,0.01119403,-0.05574913,0.10162602,4H MACD 位于 Signal 上方；4H RSI 位于健康强势区间,4H EMA 转弱或跌破 EMA26
310,BMBL,BUMBLE CLASS A,Communication,Early,Russell,20,49.31,76.89,75.1,7.94,51.73,79.3,77.0,67.41,82.0,early_transition,61.8,bullish_above_signal_proxy,67.34,47.72,0.0,100,confirmed_bullish_trend,70,bullish_above_signal,58.24,3.0,0.83,0.00431857,0.02564103,0.15074799,-0.06103286,4H EMA 多头排列已连续维持；4H MACD 位于 Signal 上方；4H RSI 位于健康强势区间,
311,SMTI,SANARA MEDTECH INC,Health Care,Early,Russell,821,49.22,50.22,64.3,38.81,1.03,64.52,67.8,35.99,72.0,confirmed_bullish_trend,22.75,bearish_proxy,51.27,45.5,13.5,100,confirmed_bullish_trend,42,mixed_or_bearish,64.68,35.099998,0.46,-0.00085406,0.00214121,0.03220106,0.02962740,4H EMA 多头排列已连续维持；4H RSI 位于健康强势区间,4H MACD 尚未确认多头
312,CPRI,CAPRI HOLDINGS LTD,Consumer Discretionary,Early,Russell,468,49.2,31.25,87.7,26.7,51.73,63.89,67.1,40.11,15.0,bearish_transition,49.8,bullish_below_zero_proxy,54.62,45.17,0.0,76,early_transition,70,bullish_above_signal,63.49,14.735,1.29,0.04763598,0.15841195,0.00443081,-0.10751060,4H EMA9 已站上 EMA26，等待 26/50 确认；4H MACD 位于 Signal 上方；4H RSI 位于健康强势区间,
313,KGEI,KOLIBRI GLOBAL ENERGY INC,Energy,Early,Russell,209,49.18,59.63,67.1,8.66,1.68,68.68,70.75,52.91,75.0,confirmed_bullish_trend,60.9,bullish_above_signal_proxy,66.56,47.56,11.92,89,confirmed_bullish_trend,70,bullish_above_signal,70.69,6.85,1.3,0.01481481,0.02086438,0.13316791,0.33398247,4H EMA 多头排列已连续维持；4H MACD 位于 Signal 上方,4H 相对 EMA26 超过 2 ATR，短线偏追高；4H RSI 偏热
314,PBF,PBF ENERGY CLASS A,Energy,Early,Russell,232,49.18,54.43,54.4,21.29,51.73,50.68,50.75,51.64,72.0,confirmed_bullish_trend,25.0,bearish_proxy,56.52,45.55,0.0,55,mixed_sideways,50,mixed_or_bearish,53.44,75.980003,0.78,0.00836105,-0.00692719,0.01252668,0.15313407,4H MACD 柱体连续扩张；4H RSI 位于健康强势区间,4H EMA 仍偏震荡；4H MACD 尚未确认多头
315,PNTG,PENNANT GROUP,Health Care,Early,Russell,280,49.14,58.73,67.1,11.03,0.93,69.8,72.0,49.73,75.0,confirmed_bullish_trend,59.55,bullish_above_signal_proxy,63.76,48.0,13.98,89,confirmed_bullish_trend,78,bullish_above_signal,73.01,42.48,2.69,0.07571532,0.07083444,0.08505742,0.10066068,4H EMA 多头排列已连续维持；4H MACD 位于 Signal 上方；4H MACD 柱体连续扩张,4H 相对 EMA26 超过 2 ATR，短线偏追高；4H RSI 偏热
316,OSPN,ONESPAN,Information Technology,Early,Russell,203,49.07,59.73,67.1,7.73,1.68,67.64,69.6,53.22,75.0,confirmed_bullish_trend,60.9,bullish_above_signal_proxy,67.48,47.75,11.92,89,confirmed_bullish_trend,70,bullish_above_signal,69.78,17.860001,2.51,-0.00390402,0.10828427,0.12115512,0.10502713,4H EMA 多头排列已连续维持；4H MACD 位于 Signal 上方,4H 相对 EMA26 超过 2 ATR，短线偏追高；4H RSI 偏热
317,BBSI,BARRETT BUSINESS SERVICES INC,Industrials,Early,Russell,425,48.94,31.68,90.4,16.8,51.73,68.48,72.2,41.35,15.0,bearish_transition,49.8,bullish_below_zero_proxy,58.38,45.93,0.0,92,fresh_bullish_cross,66,bullish_above_signal,62.22,34.299999,0.97,0.01825732,0.05506002,0.09374993,-0.14506481,4H EMA9/26 最近金叉且价格在 EMA50 上方；4H MACD 位于 Signal 上方；4H MACD 柱体连续扩张；4H RSI 位于健康强势区间,
318,BOX,BOX INC CLASS A,Information Technology,Early,Russell,228,48.9,54.54,54.4,19.18,51.73,50.54,50.6,51.95,72.0,confirmed_bullish_trend,25.0,bearish_proxy,57.46,45.74,0.0,58,mixed_sideways,42,mixed_or_bearish,51.79,34.68,1.36,-0.00985016,0.00550878,0.07434948,0.09211151,4H RSI 位于健康强势区间,4H EMA 仍偏震荡；4H MACD 尚未确认多头
319,GRDN,GUARDIAN PHARMACY SERVICES CLASS A,Health Care,Early,Russell,140,48.87,61.43,67.1,2.47,1.6,68.68,70.75,58.13,75.0,confirmed_bullish_trend,59.55,bullish_above_signal_proxy,83.76,52.0,12.18,89,confirmed_bullish_trend,70,bullish_above_signal,71.19,46.549999,1.51,-0.02175055,0.07381779,0.22210551,0.14995057,4H EMA 多头排列已连续维持；4H MACD 位于 Signal 上方,4H 相对 EMA26 超过 2 ATR，短线偏追高；4H RSI 偏热
320,NVGS,NAVIGATOR HOLDINGS,Energy,Early,Russell,262,48.86,59.0,67.1,8.56,0.88,68.68,70.75,50.41,75.0,confirmed_bullish_trend,60.9,bullish_above_signal_proxy,66.64,47.58,14.45,89,confirmed_bullish_trend,70,bullish_above_signal,73.94,24.49,1.79,0.00163595,0.08123620,0.13484708,0.14653553,4H EMA 多头排列已连续维持；4H MACD 位于 Signal 上方,4H 相对 EMA26 超过 2 ATR，短线偏追高；4H RSI 偏热
321,INSP,INSPIRE MEDICAL SYSTEMS,Health Care,Early,Russell,149,48.75,61.22,67.1,2.27,1.44,73.13,75.7,57.25,72.0,confirmed_bullish_trend,59.55,bullish_above_signal_proxy,84.39,52.13,12.38,100,confirmed_bullish_trend,70,bullish_above_signal,70.3,72.709999,1.37,-0.02956295,0.09272615,0.27104268,0.13237814,4H EMA 多头排列已连续维持；4H MACD 位于 Signal 上方,4H RSI 偏热
322,CLMT,CALUMET,Energy,Early,Russell,191,48.69,60.29,67.1,4.23,1.13,68.68,70.75,54.49,75.0,confirmed_bullish_trend,60.9,bullish_above_signal_proxy,75.43,49.34,13.26,89,confirmed_bullish_trend,70,bullish_above_signal,70.29,58.009998,1.27,0.01754078,0.04259524,0.19954501,0.39581320,4H EMA 多头排列已连续维持；4H MACD 位于 Signal 上方,4H 相对 EMA26 超过 2 ATR，短线偏追高；4H RSI 偏热
323,PPIH,PERMA PIPE INTERNATIONAL HOLDINGS,Industrials,Early,Russell,48,48.66,62.58,50.8,8.45,51.73,49.45,45.5,64.22,72.0,confirmed_bullish_trend,61.8,bullish_above_signal_proxy,66.78,47.61,0.0,58,mixed_sideways,28,fresh_bearish_cross,62.19,30.280001,0.59,0.01849987,0.02678878,0.13877401,0.18004680,4H RSI 位于健康强势区间,4H EMA 仍偏震荡；4H MACD 最近死叉
324,MMS,MAXIMUS,Industrials,Early,Russell,445,48.55,31.46,87.7,21.91,51.73,60.65,63.5,40.71,15.0,bearish_transition,49.8,bullish_below_zero_proxy,56.42,45.53,0.0,76,early_transition,58,bullish_above_signal,49.0,57.650002,1.37,-0.01301144,0.02781248,0.05896405,-0.08940134,4H EMA9 已站上 EMA26，等待 26/50 确认；4H MACD 位于 Signal 上方；4H RSI 位于健康强势区间,
325,CIX,COMPX INTERNATIONAL INC CLASS A,Industrials,Early,Russell,12,48.55,64.2,50.8,3.92,51.73,50.73,45.25,68.81,75.0,confirmed_bullish_trend,63.15,bullish_above_signal_proxy,76.92,49.63,0.0,58,mixed_sideways,28,fresh_bearish_cross,59.32,37.369999,2.61,-0.03086105,0.03503667,0.19852466,0.27542663,4H RSI 位于健康强势区间,4H EMA 仍偏震荡；4H MACD 最近死叉
326,OPRT,OPORTUN FINANCIAL CORP,Financials,Early,Russell,216,48.52,54.75,50.8,25.77,51.73,46.76,46.4,52.4,75.0,confirmed_bullish_trend,26.35,bearish_proxy,55.08,45.27,0.0,58,mixed_sideways,28,fresh_bearish_cross,51.8,7.8,1.47,0.00515464,0.00321543,0.03585657,0.29783694,4H RSI 位于健康强势区间,4H EMA 仍偏震荡；4H MACD 最近死叉
327,ACU,ACME UNITED CORP,Health Care,Early,Russell,194,48.5,55.47,54.4,14.33,51.73,50.68,50.75,54.12,75.0,confirmed_bullish_trend,26.35,bearish_proxy,59.84,47.22,0.0,55,mixed_sideways,50,mixed_or_bearish,55.58,62.380001,0.58,0.03449423,0.01430896,0.00710368,0.10799293,4H MACD 柱体连续扩张；4H RSI 位于健康强势区间,4H EMA 仍偏震荡；4H MACD 尚未确认多头
328,LPG,DORIAN LPG,Energy,Early,Russell,235,48.45,59.31,67.1,5.15,0.77,68.68,70.75,51.59,75.0,confirmed_bullish_trend,59.55,bullish_above_signal_proxy,72.71,48.79,14.93,89,confirmed_bullish_trend,70,bullish_above_signal,72.17,57.84,1.19,0.01732477,0.07870200,0.19454776,0.32904412,4H EMA 多头排列已连续维持；4H MACD 位于 Signal 上方,4H 相对 EMA26 超过 2 ATR，短线偏追高；4H RSI 偏热
329,AII,AMERICAN INTEGRITY INSURANCE GROUP,Financials,Early,Russell,217,48.44,54.69,54.4,15.77,51.73,49.73,49.7,52.39,72.0,confirmed_bullish_trend,25.0,bearish_proxy,58.81,46.01,0.0,58,mixed_sideways,42,mixed_or_bearish,53.7,26.09,0.64,-0.00114858,0.00655864,0.04318273,0.24713193,4H RSI 位于健康强势区间,4H EMA 仍偏震荡；4H MACD 尚未确认多头
330,STRZ,STARZ ENTERTAINMENT,Communication,Early,Russell,1028,48.23,25.36,87.7,34.02,51.73,59.03,61.7,31.97,15.0,bearish_transition,20.0,fresh_bearish_cross_proxy,52.52,44.75,0.0,76,early_transition,58,bullish_above_signal,47.09,26.280001,1.25,-0.03595007,0.03750497,0.02736517,-0.00379067,4H EMA9 已站上 EMA26，等待 26/50 确认；4H MACD 位于 Signal 上方,
331,MASS,908 DEVICES,Information Technology,Early,Russell,328,48.17,53.08,54.1,85.21,51.73,49.45,51.05,47.67,72.0,confirmed_bullish_trend,25.0,bearish_proxy,44.49,43.15,0.0,41,bearish_transition,72,fresh_below_zero_cross,49.11,9.92,0.92,-0.00601202,0.02479339,-0.02649657,0.17535545,4H MACD 刚金叉但仍需零轴确认；4H MACD 柱体连续扩张；4H RSI 位于健康强势区间,4H EMA 转弱或跌破 EMA26
332,LUMN,LUMEN TECHNOLOGIES,Communication,Early,Russell,78,48.16,75.08,37.3,38.56,51.73,41.07,37.85,62.11,82.0,early_transition,61.8,bullish_above_signal_proxy,51.29,44.51,0.0,41,bearish_transition,28,fresh_bearish_cross,49.21,6.675,0.9,-0.06447092,-0.02126100,0.01520913,-0.00373134,4H RSI 位于健康强势区间,4H EMA 转弱或跌破 EMA26；4H MACD 最近死叉
333,BRCC,BRC INC CLASS A,Consumer Staples,Early,Russell,225,48.08,45.77,79.7,6.7,51.73,60.71,61.9,52.04,38.0,mixed_sideways,51.15,bullish_below_zero_proxy,68.39,48.93,0.0,64,early_transition,78,bullish_above_signal,69.78,9.88,1.89,0.08333333,0.17619048,0.20473113,-0.06350702,4H EMA9 已站上 EMA26，等待 26/50 确认；4H MACD 位于 Signal 上方；4H MACD 柱体连续扩张,4H 相对 EMA26 超过 2 ATR，短线偏追高；4H RSI 偏热
334,MRBK,MERIDIAN CORP,Financials,Early,Russell,715,48.04,30.17,65.3,81.24,51.73,50.12,51.8,36.93,15.0,bearish_transition,49.8,bullish_below_zero_proxy,44.99,43.25,0.0,76,early_transition,28,fresh_bearish_cross,41.41,19.4,1.01,-0.01871523,-0.01221991,-0.03145287,-0.02119072,4H EMA9 已站上 EMA26，等待 26/50 确认,4H MACD 最近死叉
335,SENS,SENSEONICS HOLDINGS INC,Health Care,Early,Russell,197,48.02,55.35,54.4,11.44,51.73,50.68,50.75,53.93,72.0,confirmed_bullish_trend,25.0,bearish_proxy,63.01,47.85,0.0,55,mixed_sideways,50,mixed_or_bearish,51.27,9.06,0.88,0.01398993,0.04078116,0.12826899,0.67933272,4H MACD 柱体连续扩张；4H RSI 位于健康强势区间,4H EMA 仍偏震荡；4H MACD 尚未确认多头
336,SLDE,SLIDE INSURANCE HOLDINGS,Financials,Early,Russell,190,47.95,60.11,65.2,4.33,1.8,57.29,58.1,54.55,72.0,confirmed_bullish_trend,59.55,bullish_above_signal_proxy,74.77,49.2,11.75,58,mixed_sideways,70,bullish_above_signal,63.43,25.67,0.9,-0.02339737,0.03885071,0.18870114,0.24309927,4H MACD 位于 Signal 上方；4H RSI 位于健康强势区间,4H EMA 仍偏震荡
337,IOVA,IOVANCE BIOTHERAPEUTICS INC,Health Care,Early,Russell,33,47.82,67.17,60.1,1.44,0.52,72.26,70.85,65.17,75.0,confirmed_bullish_trend,87.9,fresh_above_zero_cross_proxy,96.02,54.45,16.27,89,confirmed_bullish_trend,78,bullish_above_signal,75.21,9.87,1.83,0.07457812,0.16943128,0.38916256,1.26376147,4H EMA 多头排列已连续维持；4H MACD 位于 Signal 上方；4H MACD 柱体连续扩张,4H 相对 EMA26 超过 2 ATR，短线偏追高；4H RSI 过热
338,HSHP,HIMALAYA SHIPPING LTD,Industrials,Early,Russell,200,47.8,59.68,64.3,6.29,2.53,66.74,68.6,53.53,72.0,confirmed_bullish_trend,59.55,bullish_above_signal_proxy,68.81,48.01,10.8,100,confirmed_bullish_trend,42,mixed_or_bearish,66.35,18.41,0.86,0.00711154,0.01994465,0.12875543,0.18012821,4H EMA 多头排列已连续维持；4H RSI 位于健康强势区间,4H MACD 尚未确认多头
339,MMED,MINIMED INC,Health Care,Early,Russell,135,47.61,57.01,54.4,4.85,51.73,51.48,51.65,58.64,75.0,confirmed_bullish_trend,26.35,bearish_proxy,73.54,49.96,0.0,55,mixed_sideways,50,mixed_or_bearish,53.87,22.4,1.44,0.00991885,-0.01711281,0.14519433,0.17894737,4H MACD 柱体连续扩张；4H RSI 位于健康强势区间,4H EMA 仍偏震荡；4H MACD 尚未确认多头
340,ITGR,INTEGER HOLDINGS CORP,Health Care,Early,Russell,1103,47.57,48.91,54.4,57.68,0.36,49.04,50.6,31.13,72.0,confirmed_bullish_trend,22.75,bearish_proxy,47.97,44.84,17.27,58,mixed_sideways,42,mixed_or_bearish,60.11,126.150002,1.73,-0.00059415,0.00166746,0.00847395,0.00879647,4H RSI 位于健康强势区间,4H EMA 仍偏震荡；4H MACD 尚未确认多头
341,CV,CAPSOVISION INC,Health Care,Early,Russell,800,47.57,29.96,65.3,78.61,51.73,48.68,50.2,36.17,18.0,bearish_transition,49.8,bullish_below_zero_proxy,39.48,43.15,0.0,73,early_transition,28,fresh_bearish_cross,41.14,5.99,3.71,-0.07347254,-0.05817610,-0.07131783,-0.13626532,4H EMA9 已站上 EMA26，等待 26/50 确认,4H MACD 最近死叉
342,CNXC,CONCENTRIX,Industrials,Early,Russell,156,47.48,56.15,54.4,5.98,51.73,50.54,50.6,56.91,75.0,confirmed_bullish_trend,25.0,bearish_proxy,69.78,48.21,0.0,58,mixed_sideways,42,mixed_or_bearish,52.0,29.16,1.64,-0.02016129,0.07720724,0.25069692,0.14129163,4H RSI 位于健康强势区间,4H EMA 仍偏震荡；4H MACD 尚未确认多头
343,LZ,LEGALZOOM COM,Industrials,Early,Russell,406,47.26,32.17,87.7,11.65,51.73,61.46,64.4,42.79,15.0,bearish_transition,49.8,bullish_below_zero_proxy,62.73,46.8,0.0,76,early_transition,70,bullish_above_signal,47.88,6.06,1.04,-0.03349282,0.04123711,0.11397059,-0.27942925,4H EMA9 已站上 EMA26，等待 26/50 确认；4H MACD 位于 Signal 上方,
344,LXU,LSB INDUSTRIES,Materials,Early,Russell,53,47.11,75.71,40.9,20.52,51.73,43.23,40.25,63.95,82.0,early_transition,61.8,bullish_above_signal_proxy,56.87,45.62,0.0,41,bearish_transition,42,mixed_or_bearish,46.66,11.06,0.95,-0.02726473,-0.05389222,0.05333333,0.12799592,,4H EMA 转弱或跌破 EMA26；4H MACD 尚未确认多头
345,GNE,GENIE ENERGY LTD CLASS B,Utilities,Early,Russell,201,47.08,59.75,60.1,12.16,3.04,68.68,70.75,53.38,75.0,confirmed_bullish_trend,60.9,bullish_above_signal_proxy,61.86,47.62,10.05,89,confirmed_bullish_trend,70,bullish_above_signal,74.64,16.075001,1.95,0.01100635,0.02128342,0.09652121,0.15398428,4H EMA 多头排列已连续维持；4H MACD 位于 Signal 上方,4H 相对 EMA26 超过 2 ATR，短线偏追高；4H RSI 偏热
346,MSGE,MADISON SQUARE GARDEN ENTERTAINMEN,Communication,Early,Russell,388,47.02,42.9,65.2,85.05,51.73,52.33,54.25,44.01,38.0,mixed_sideways,51.15,bullish_below_zero_proxy,44.5,43.15,0.0,58,mixed_sideways,58,bullish_above_signal,53.11,79.330002,2.58,-0.02097985,0.03984796,-0.06420677,0.01848765,4H MACD 位于 Signal 上方；4H RSI 位于健康强势区间,4H EMA 仍偏震荡
347,ROG,ROGERS,Information Technology,Early,Russell,895,46.95,29.47,73.3,54.28,51.73,48.68,50.2,34.71,18.0,bearish_transition,51.15,bullish_below_zero_proxy,34.5,41.15,0.0,73,early_transition,28,fresh_bearish_cross,45.99,128.264999,2.6,-0.02556413,-0.01228247,-0.12081020,-0.03181610,4H EMA9 已站上 EMA26，等待 26/50 确认,4H MACD 最近死叉
348,MARA,MARA HOLDINGS,Information Technology,Early,Russell,45,46.74,75.85,40.9,17.73,51.73,43.51,38.9,64.35,82.0,early_transition,61.8,bullish_above_signal_proxy,58.07,45.86,0.0,38,bearish_transition,42,mixed_or_bearish,45.81,11.04,0.9,-0.01953819,-0.07382550,0.13580247,-0.06122449,,4H EMA 转弱或跌破 EMA26；4H MACD 尚未确认多头
349,LMB,LIMBACH HOLDINGS INC,Industrials,Early,Russell,360,46.68,33.21,87.7,5.36,51.73,58.22,60.8,45.84,15.0,bearish_transition,49.8,bullish_below_zero_proxy,71.99,48.65,0.0,64,early_transition,70,bullish_above_signal,64.3,52.560001,0.87,0.03935141,0.07793280,0.16722190,-0.31704780,4H EMA9 已站上 EMA26，等待 26/50 确认；4H MACD 位于 Signal 上方；4H RSI 位于健康强势区间,4H 相对 EMA26 超过 2 ATR，短线偏追高
350,ODC,OIL DRI CORPORATION OF AMERICA,Consumer Staples,Early,Russell,421,46.36,34.2,67.6,94.54,51.73,55.12,57.35,41.6,15.0,bearish_transition,71.8,fresh_below_zero_cross_proxy,41.99,43.65,0.0,53,mixed_sideways,72,fresh_below_zero_cross,51.48,88.279999,1.1,0.03785564,0.02902434,-0.04500220,-0.10092680,4H MACD 刚金叉但仍需零轴确认；4H MACD 柱体连续扩张；4H RSI 位于健康强势区间,4H EMA 仍偏震荡
351,MXL,MAXLINEAR,Information Technology,Early,Russell,1348,46.2,27.43,87.7,15.67,51.73,61.06,63.95,29.14,18.0,bearish_transition,49.8,bullish_below_zero_proxy,18.64,37.98,0.0,71,early_transition,70,bullish_above_signal,54.58,69.510002,1.04,0.04143263,-0.02796812,-0.17991977,-0.04401041,4H EMA9 已站上 EMA26，等待 26/50 确认；4H MACD 位于 Signal 上方；4H RSI 位于健康强势区间,
352,BTDR,BITDEER TECHNOLOGIES GROUP CLASS A,Information Technology,Early,Russell,34,46.18,76.1,40.9,13.4,51.73,42.7,38.0,65.11,82.0,early_transition,61.8,bullish_above_signal_proxy,60.37,46.32,0.0,36,bearish_transition,42,mixed_or_bearish,45.58,11.03,0.62,0.01612160,-0.10543390,0.17278044,-0.03075571,,4H EMA 转弱或跌破 EMA26；4H MACD 尚未确认多头
353,JILL,J JILL INC,Consumer Discretionary,Early,Russell,114,46.09,62.18,60.1,1.24,0.98,67.14,69.05,60.13,72.0,confirmed_bullish_trend,59.55,bullish_above_signal_proxy,97.26,53.7,13.59,89,confirmed_bullish_trend,70,bullish_above_signal,74.02,24.01,0.45,0.00586506,0.10340074,0.28121665,0.25280453,4H EMA 多头排列已连续维持；4H MACD 位于 Signal 上方,4H 相对 EMA26 超过 2 ATR，短线偏追高；4H RSI 偏热
354,KIDS,ORTHOPEDIATRICS CORP,Health Care,Early,Russell,765,46.02,37.82,65.2,90.21,51.73,55.52,57.8,36.51,35.0,mixed_sideways,25.0,bearish_proxy,43.86,44.02,0.0,58,mixed_sideways,66,bullish_above_signal,54.82,23.15,1.18,-0.00898977,0.06780443,-0.06313230,0.11137782,4H MACD 位于 Signal 上方；4H MACD 柱体连续扩张；4H RSI 位于健康强势区间,4H EMA 仍偏震荡
355,ATKR,ATKORE,Industrials,Early,Russell,926,45.92,49.62,56.3,39.74,0.72,61.77,64.75,34.21,72.0,confirmed_bullish_trend,22.75,bearish_proxy,51.1,44.47,15.08,89,confirmed_bullish_trend,50,mixed_or_bearish,71.22,94.519997,1.36,-0.00031736,0.00318399,0.00821330,0.01047676,4H EMA 多头排列已连续维持；4H MACD 柱体连续扩张,4H 相对 EMA26 超过 2 ATR，短线偏追高；4H MACD 尚未确认多头；4H RSI 偏热
356,MDWD,MEDIWOUND LTD,Health Care,Early,Russell,533,45.88,30.95,73.3,43.71,51.73,48.91,50.45,38.81,15.0,bearish_transition,49.8,bullish_below_zero_proxy,50.22,45.29,0.0,73,early_transition,28,fresh_bearish_cross,46.97,13.22,0.7,-0.01563663,-0.04479769,-0.01269604,-0.07713787,4H EMA9 已站上 EMA26，等待 26/50 确认,4H MACD 最近死叉
357,NSSC,NAPCO SECURITY TECHNOLOGIES,Information Technology,Early,Russell,416,45.68,34.14,65.2,96.49,51.73,52.28,54.2,41.82,15.0,bearish_transition,71.8,fresh_below_zero_cross_proxy,43.12,42.87,0.0,50,mixed_sideways,66,bullish_above_signal,50.08,36.330002,1.21,0.01395479,0.01113281,-0.04495265,-0.09671802,4H MACD 位于 Signal 上方；4H MACD 柱体连续扩张；4H RSI 位于健康强势区间,4H EMA 仍偏震荡
358,CVI,CVR ENERGY INC,Energy,Early,Russell,158,45.65,61.44,60.1,0.52,0.31,65.8,67.55,56.84,72.0,confirmed_bullish_trend,59.55,bullish_above_signal_proxy,100.0,54.25,17.79,89,confirmed_bullish_trend,70,bullish_above_signal,75.72,53.080002,0.89,0.02391979,0.11139037,0.45824173,0.59208164,4H EMA 多头排列已连续维持；4H MACD 位于 Signal 上方,4H 相对 EMA26 超过 2 ATR，短线偏追高；4H RSI 过热
359,NAT,NORDIC AMERICAN TANKERS LTD,Energy,Early,Russell,256,45.5,59.14,60.1,4.64,0.67,65.8,67.55,50.78,72.0,confirmed_bullish_trend,59.55,bullish_above_signal_proxy,73.82,49.01,15.2,89,confirmed_bullish_trend,70,bullish_above_signal,75.28,7.985,0.97,0.02044728,0.09834938,0.17082111,0.27760000,4H EMA 多头排列已连续维持；4H MACD 位于 Signal 上方,4H 相对 EMA26 超过 2 ATR，短线偏追高；4H RSI 过热
360,CGON,CG ONCOLOGY,Health Care,Early,Russell,746,45.43,37.88,65.2,86.13,51.73,52.69,54.65,36.7,35.0,mixed_sideways,25.0,bearish_proxy,44.42,44.13,0.0,53,mixed_sideways,66,bullish_above_signal,50.7,74.120003,0.93,0.01360688,0.03202455,-0.03877575,0.03809525,4H MACD 位于 Signal 上方；4H MACD 柱体连续扩张；4H RSI 位于健康强势区间,4H EMA 仍偏震荡
361,BWMN,BOWMAN CONSULTING GROUP,Industrials,Early,Russell,1193,45.43,48.62,54.4,44.18,0.26,45.12,46.25,30.34,72.0,confirmed_bullish_trend,22.75,bearish_proxy,50.03,44.26,18.59,43,mixed_sideways,50,mixed_or_bearish,62.79,42.459999,1.66,-0.00129366,-0.00234967,0.00188764,0.53285189,4H MACD 柱体连续扩张；4H RSI 位于健康强势区间,4H EMA 仍偏震荡；4H 相对 EMA26 超过 2 ATR，短线偏追高；4H MACD 尚未确认多头
362,WK,WORKIVA CLASS A,Information Technology,Early,Russell,466,45.22,38.92,71.6,25.26,51.73,62.0,65.0,40.13,35.0,mixed_sideways,25.0,bearish_proxy,55.27,45.3,0.0,94,fresh_bullish_cross,42,mixed_or_bearish,43.46,72.644997,1.34,-0.04010311,-0.00144334,0.03897310,0.18817465,4H EMA9/26 最近金叉且价格在 EMA50 上方,4H MACD 尚未确认多头
363,PKBK,PARKE BANCORP INC,Financials,Early,Russell,352,45.2,44.91,65.2,68.2,51.73,56.6,59.0,46.4,35.0,mixed_sideways,61.8,bullish_above_signal_proxy,46.42,43.53,0.0,58,mixed_sideways,70,bullish_above_signal,52.67,34.470001,1.63,-0.00734333,0.01516710,-0.01373391,0.00524934,4H MACD 位于 Signal 上方；4H RSI 位于健康强势区间,4H EMA 仍偏震荡
364,DV,DOUBLEVERIFY HOLDINGS,Communication,Early,Russell,453,44.93,51.59,60.7,16.39,1.34,57.01,59.45,40.48,75.0,confirmed_bullish_trend,24.1,bearish_proxy,58.49,45.95,12.48,89,confirmed_bullish_trend,28,fresh_bearish_cross,67.02,13.49,0.98,0.00111317,0.01200300,0.01428571,0.13123690,4H EMA 多头排列已连续维持；4H RSI 位于健康强势区间,4H 相对 EMA26 超过 2 ATR，短线偏追高；4H MACD 最近死叉
365,FOSL,FOSSIL GROUP INC,Consumer Discretionary,Early,Russell,871,44.68,37.21,65.2,82.68,51.73,54.71,56.9,35.14,35.0,mixed_sideways,25.0,bearish_proxy,40.16,42.28,0.0,58,mixed_sideways,66,bullish_above_signal,57.91,5.32,1.01,0.08130081,0.09465021,-0.07558645,-0.12500000,4H MACD 位于 Signal 上方；4H MACD 柱体连续扩张；4H RSI 位于健康强势区间,4H EMA 仍偏震荡
366,XMAX,XMAX INC,Consumer Discretionary,Early,Russell,742,44.65,37.76,65.2,81.24,51.73,52.55,54.5,36.73,35.0,mixed_sideways,25.0,bearish_proxy,44.99,43.25,0.0,58,mixed_sideways,58,bullish_above_signal,51.29,8.78,0.89,0.00114025,0.02930832,-0.01899441,-0.03601230,4H MACD 位于 Signal 上方；4H RSI 位于健康强势区间,4H EMA 仍偏震荡
367,ARX,ACCELERANT HOLDINGS CLASS A,Financials,Early,Russell,1504,44.64,47.88,46.4,62.16,0,41.62,42.35,27.7,75.0,confirmed_bullish_trend,22.75,bearish_proxy,47.35,43.72,21.25,43,mixed_sideways,50,mixed_or_bearish,72.46,19.85,0.33,0.00025200,0.00050403,0.01560501,0.63240132,4H MACD 柱体连续扩张,4H EMA 仍偏震荡；4H 相对 EMA26 超过 2 ATR，短线偏追高；4H MACD 尚未确认多头；4H RSI 偏热
368,FMC,FMC CORP,Materials,Early,Russell,234,44.59,67.64,25.9,62.58,51.73,37.85,36.5,51.59,82.0,early_transition,25.0,bearish_proxy,47.29,43.71,0.0,36,bearish_transition,42,mixed_or_bearish,36.73,10.805,1.48,-0.05638957,-0.12082994,0.06300328,0.02465624,,4H EMA 转弱或跌破 EMA26；4H MACD 尚未确认多头；4H RSI 偏弱
369,KOP,KOPPERS HOLDINGS INC,Materials,Early,Russell,366,44.55,43.24,67.6,61.39,51.73,55.12,57.35,45.01,38.0,mixed_sideways,51.15,bullish_below_zero_proxy,47.52,43.75,0.0,53,mixed_sideways,72,fresh_below_zero_cross,52.47,46.810001,2.02,0.01716647,0.01518109,-0.01286371,-0.09842059,4H MACD 刚金叉但仍需零轴确认；4H MACD 柱体连续扩张；4H RSI 位于健康强势区间,4H EMA 仍偏震荡
370,HZO,MARINEMAX INC,Consumer Discretionary,Early,Russell,1224,44.49,48.65,56.3,32.84,0.15,61.77,64.75,30.11,72.0,confirmed_bullish_trend,22.75,bearish_proxy,52.75,44.8,19.72,89,confirmed_bullish_trend,50,mixed_or_bearish,69.36,52.334999,1.63,-0.00266792,0.00306660,0.00162678,0.45415382,4H EMA 多头排列已连续维持；4H MACD 柱体连续扩张,4H 相对 EMA26 超过 2 ATR，短线偏追高；4H MACD 尚未确认多头；4H RSI 偏热
371,ONT,ONTERRIS,Industrials,Early,Russell,94,44.49,73.57,37.3,17.63,51.73,40.26,36.95,61.35,82.0,early_transition,49.8,bullish_below_zero_proxy,58.08,45.87,0.0,41,bearish_transition,28,fresh_bearish_cross,47.93,17.540001,1.29,-0.01956389,-0.01736689,0.09488146,-0.23272090,,4H EMA 转弱或跌破 EMA26；4H MACD 最近死叉
372,BSRR,SIERRA BANCORP,Financials,Early,Russell,348,44.45,45.01,65.2,62.94,51.73,56.6,59.0,46.69,35.0,mixed_sideways,61.8,bullish_above_signal_proxy,47.27,43.7,0.0,58,mixed_sideways,70,bullish_above_signal,50.43,40.59,1.33,-0.00636470,0.00495175,-0.00575630,0.00669643,4H MACD 位于 Signal 上方；4H RSI 位于健康强势区间,4H EMA 仍偏震荡
373,FNLC,FIRST BANCORP INC,Financials,Early,Russell,329,44.38,45.25,65.2,61.96,51.73,56.6,59.0,47.63,38.0,mixed_sideways,61.8,bullish_above_signal_proxy,47.39,43.73,0.0,58,mixed_sideways,70,bullish_above_signal,51.26,35.07,2.22,-0.00859391,0.00819319,-0.01044015,-0.01433395,4H MACD 位于 Signal 上方；4H RSI 位于健康强势区间,4H EMA 仍偏震荡
374,ALGT,ALLEGIANT TRAVEL,Industrials,Early,Russell,711,44.32,30.09,65.2,96.91,51.73,52.55,54.5,36.95,18.0,bearish_transition,49.8,bullish_below_zero_proxy,42.32,42.71,0.0,56,mixed_sideways,58,bullish_above_signal,50.85,78.639999,1.74,0.00025434,0.02622996,-0.06785988,-0.25140412,4H MACD 位于 Signal 上方；4H RSI 位于健康强势区间,4H EMA 仍偏震荡
375,BHB,BAR HARBOR BANKSHARES,Financials,Early,Russell,322,44.2,45.53,65.2,60.1,51.73,55.57,57.85,48.06,38.0,mixed_sideways,63.15,bullish_above_signal_proxy,47.67,43.78,0.0,58,mixed_sideways,70,bullish_above_signal,52.59,40.360001,2.94,-0.00640074,0.00925229,-0.00762225,-0.01247854,4H MACD 位于 Signal 上方；4H RSI 位于健康强势区间,4H EMA 仍偏震荡
376,CHPT,CHARGEPOINT HOLDINGS INC CLASS A,Industrials,Early,Russell,97,44.04,62.38,54.4,1.55,2.16,51.01,48.9,61.3,72.0,confirmed_bullish_trend,59.55,bullish_above_signal_proxy,93.98,53.05,11.34,58,mixed_sideways,42,mixed_or_bearish,61.84,8.91,0.1,0.00677966,-0.00558036,0.51530612,0.51788756,4H RSI 位于健康强势区间,4H EMA 仍偏震荡；4H MACD 尚未确认多头
377,ASST,STRIVE INC CLASS A,Health Care,Early,Russell,76,44.02,62.97,54.4,0.52,1.39,51.73,49.7,62.35,72.0,confirmed_bullish_trend,59.55,bullish_above_signal_proxy,100.0,55.25,12.42,58,mixed_sideways,42,mixed_or_bearish,62.39,27.41,0.94,-0.01367402,0.02620745,1.07808946,1.20870266,4H RSI 位于健康强势区间,4H EMA 仍偏震荡；4H MACD 尚未确认多头
378,CURI,CURIOSITYSTREAM INC CLASS A,Communication,Early,Russell,346,43.98,46.12,90.4,83.4,51.73,67.13,70.7,46.87,35.0,mixed_sideways,71.8,fresh_below_zero_cross_proxy,40.26,42.3,0.0,94,fresh_bullish_cross,58,bullish_above_signal,52.3,2.79,0.89,-0.00178891,0.06896552,-0.05423729,0.06285714,4H EMA9/26 最近金叉且价格在 EMA50 上方；4H MACD 位于 Signal 上方；4H RSI 位于健康强势区间,
379,AVNW,AVIAT NETWORKS INC,Information Technology,Early,Russell,824,43.87,29.83,65.2,94.54,51.73,49.31,50.9,35.94,15.0,bearish_transition,49.8,bullish_below_zero_proxy,41.99,42.65,0.0,50,mixed_sideways,58,bullish_above_signal,51.4,20.18,0.85,0.01662469,0.05765199,-0.08480721,-0.05744979,4H MACD 位于 Signal 上方；4H RSI 位于健康强势区间,4H EMA 仍偏震荡
380,OPTU,OPTIMUM COMMUNICATIONS INC CLASS A,Communication,Early,Russell,47,43.82,75.87,54.4,28.87,51.73,54.98,51.65,64.25,85.0,early_transition,63.15,bullish_above_signal_proxy,54.01,45.05,0.0,55,mixed_sideways,50,mixed_or_bearish,53.84,1.015,2.33,0.03024767,0.04757973,0.13382484,0.14767074,4H MACD 柱体连续扩张；4H RSI 位于健康强势区间,4H EMA 仍偏震荡；4H MACD 尚未确认多头
381,GRPN,GROUPON,Consumer Discretionary,Early,Russell,690,43.82,30.29,65.2,93.09,51.73,53.49,55.55,37.12,18.0,bearish_transition,51.15,bullish_below_zero_proxy,41.82,42.61,0.0,53,mixed_sideways,66,bullish_above_signal,53.32,19.33,1.64,0.03424286,0.05628421,-0.04684423,-0.29683521,4H MACD 位于 Signal 上方；4H MACD 柱体连续扩张；4H RSI 位于健康强势区间,4H EMA 仍偏震荡
382,VCEL,VERICEL,Health Care,Early,Russell,436,43.79,34.03,65.2,84.18,51.73,53.49,55.55,41.08,15.0,bearish_transition,71.8,fresh_below_zero_cross_proxy,40.44,43.34,0.0,53,mixed_sideways,66,bullish_above_signal,50.68,40.209999,1.06,0.01106359,0.03208419,-0.07859762,-0.13247032,4H MACD 位于 Signal 上方；4H MACD 柱体连续扩张；4H RSI 位于健康强势区间,4H EMA 仍偏震荡
383,MSBI,MIDLAND STATES BANCORP INC,Financials,Early,Russell,345,43.71,45.08,65.2,57.89,51.73,56.6,59.0,46.91,35.0,mixed_sideways,61.8,bullish_above_signal_proxy,47.96,43.84,0.0,58,mixed_sideways,70,bullish_above_signal,51.1,33.330002,1.78,-0.00655729,0.01368616,0.00060045,-0.03419287,4H MACD 位于 Signal 上方；4H RSI 位于健康强势区间,4H EMA 仍偏震荡
384,PROK,PROKIDNEY CORP CLASS A,Health Care,Early,Russell,96,43.67,57.93,79.6,2.58,51.73,66.85,66.5,61.32,75.0,confirmed_bullish_trend,26.35,bearish_proxy,81.67,51.58,0.0,88,fresh_bullish_cross,50,mixed_or_bearish,53.35,1.85,1.28,0.07246377,-0.00804290,0.30281690,0.13496933,4H EMA9/26 最近金叉且价格在 EMA50 上方；4H MACD 柱体连续扩张；4H RSI 位于健康强势区间,4H MACD 尚未确认多头
385,GRND,GRINDR INC,Communication,Early,Russell,577,43.66,38.33,65.2,73.3,51.73,52.55,54.5,38.25,38.0,mixed_sideways,26.35,bearish_proxy,45.82,43.41,0.0,56,mixed_sideways,58,bullish_above_signal,50.75,15.54,2.04,0.00373332,0.04050887,-0.01707780,-0.13426189,4H MACD 位于 Signal 上方；4H RSI 位于健康强势区间,4H EMA 仍偏震荡
386,REX,REX AMERICAN RESOURCES,Energy,Early,Russell,832,43.63,29.81,65.2,92.99,51.73,52.69,54.65,35.88,15.0,bearish_transition,49.8,bullish_below_zero_proxy,41.81,42.61,0.0,53,mixed_sideways,66,bullish_above_signal,51.38,42.32,0.79,0.01755230,-0.01028994,-0.06268000,-0.04856115,4H MACD 位于 Signal 上方；4H MACD 柱体连续扩张；4H RSI 位于健康强势区间,4H EMA 仍偏震荡
387,CVLG,COVENANT LOGISTICS GROUP INC CLASS,Industrials,Early,Russell,488,43.42,31.15,65.3,48.14,51.73,48.91,50.45,39.64,18.0,bearish_transition,51.15,bullish_below_zero_proxy,49.45,44.14,0.0,71,early_transition,28,fresh_bearish_cross,41.4,34.43,2.05,-0.04593008,-0.03068694,-0.02630093,-0.05020690,4H EMA9 已站上 EMA26，等待 26/50 确认,4H MACD 最近死叉
388,SMBK,SMARTFINANCIAL INC,Financials,Early,Russell,315,43.38,45.61,65.2,54.43,51.73,55.57,57.85,48.29,38.0,mixed_sideways,63.15,bullish_above_signal_proxy,48.37,43.92,0.0,58,mixed_sideways,70,bullish_above_signal,52.75,51.810001,3.35,-0.00613850,0.01807825,-0.00192639,-0.02521168,4H MACD 位于 Signal 上方；4H RSI 位于健康强势区间,4H EMA 仍偏震荡
389,WTTR,SELECT WATER SOLUTIONS CLASS A,Energy,Early,Russell,350,43.33,45.07,50.8,93.76,51.73,45.26,46.4,46.69,38.0,mixed_sideways,63.15,bullish_above_signal_proxy,43.53,42.96,0.0,58,mixed_sideways,28,fresh_bearish_cross,50.95,20.299999,1.75,-0.01599612,-0.00830484,-0.04828884,0.09729724,4H RSI 位于健康强势区间,4H EMA 仍偏震荡；4H MACD 最近死叉
390,WKC,WORLD KINECT,Energy,Early,Russell,257,43.22,47.35,65.2,49.28,51.73,51.62,51.8,50.74,38.0,mixed_sideways,71.8,fresh_below_zero_cross_proxy,49.25,44.1,0.0,50,mixed_sideways,58,bullish_above_signal,49.89,35.48,1.7,0.01140245,-0.00253022,-0.00476864,-0.09258307,4H MACD 位于 Signal 上方；4H RSI 位于健康强势区间,4H EMA 仍偏震荡
391,FCF,FIRST COMMONWEALTH FINANCIAL CORP,Financials,Early,Russell,338,42.9,45.17,65.2,52.22,51.73,56.6,59.0,47.17,35.0,mixed_sideways,61.8,bullish_above_signal_proxy,48.75,44.0,0.0,58,mixed_sideways,70,bullish_above_signal,50.75,21.219999,1.62,-0.00979939,0.00903462,-0.01302330,-0.03281686,4H MACD 位于 Signal 上方；4H RSI 位于健康强势区间,4H EMA 仍偏震荡
392,RAIL,FREIGHTCAR AMERICA INC,Industrials,Early,Russell,634,42.84,30.32,65.2,86.49,51.73,53.49,55.55,37.63,18.0,bearish_transition,49.8,bullish_below_zero_proxy,44.37,43.12,0.0,53,mixed_sideways,66,bullish_above_signal,56.94,7.19,1.81,0.06282336,0.06360947,-0.03230148,-0.15610329,4H MACD 位于 Signal 上方；4H MACD 柱体连续扩张；4H RSI 位于健康强势区间,4H EMA 仍偏震荡
393,REPX,RILEY EXPLORATION PERMIAN INC,Energy,Early,Russell,179,42.45,60.31,50.8,4.95,2.84,46.76,46.4,55.49,72.0,confirmed_bullish_trend,59.55,bullish_above_signal_proxy,73.45,48.94,10.37,58,mixed_sideways,28,fresh_bearish_cross,58.85,43.150002,1.17,-0.04217530,-0.00127300,0.16150739,0.28041545,4H RSI 位于健康强势区间,4H EMA 仍偏震荡；4H MACD 最近死叉
394,SG,SWEETGREEN CLASS A,Consumer Discretionary,Early,Russell,52,42.43,75.74,29.3,20.15,51.73,39.45,36.05,64.04,82.0,early_transition,61.8,bullish_above_signal_proxy,57.13,45.68,0.0,41,bearish_transition,28,fresh_bearish_cross,44.57,6.625,0.96,-0.03915881,-0.01266766,0.12478778,0.16126205,,4H EMA 转弱或跌破 EMA26；4H MACD 最近死叉
395,BAND,BANDWIDTH CLASS A,Communication,Early,Russell,1176,42.15,27.97,73.3,25.77,51.73,48.5,50.0,30.48,15.0,bearish_transition,49.8,bullish_below_zero_proxy,25.43,39.34,0.0,68,early_transition,28,fresh_bearish_cross,48.58,48.93,0.57,-0.02442427,0.00204788,-0.07347095,0.05909089,4H EMA9 已站上 EMA26，等待 26/50 确认；4H RSI 位于健康强势区间,4H MACD 最近死叉
396,COCO,THE VITA COCO COMPANY,Consumer Staples,Early,Russell,426,42.13,34.03,65.2,73.09,51.73,53.49,55.55,41.32,18.0,bearish_transition,71.8,fresh_below_zero_cross_proxy,38.43,42.94,0.0,53,mixed_sideways,66,bullish_above_signal,50.83,56.369999,1.88,0.02677590,0.09541392,-0.14017693,-0.12441750,4H MACD 位于 Signal 上方；4H MACD 柱体连续扩张；4H RSI 位于健康强势区间,4H EMA 仍偏震荡
397,BATRK,ATLANTA BRAVES HOLDINGS SERIES C,Communication,Early,Russell,1210,42.1,25.3,65.2,93.3,51.73,52.55,54.5,30.27,15.0,bearish_transition,25.0,bearish_proxy,43.6,42.97,0.0,56,mixed_sideways,58,bullish_above_signal,51.29,50.68,1.1,-0.00724778,0.02074518,-0.03833019,-0.01054278,4H MACD 位于 Signal 上方；4H RSI 位于健康强势区间,4H EMA 仍偏震荡
398,INNV,INNOVAGE HOLDING CORP,Health Care,Early,Russell,372,41.97,43.23,67.6,44.18,51.73,54.31,56.45,44.75,35.0,mixed_sideways,49.8,bullish_below_zero_proxy,50.03,45.26,0.0,53,mixed_sideways,72,fresh_below_zero_cross,50.61,10.85,0.68,0.02358491,-0.01542650,0.01496726,0.00184672,4H MACD 刚金叉但仍需零轴确认；4H MACD 柱体连续扩张；4H RSI 位于健康强势区间,4H EMA 仍偏震荡
399,AMRX,AMNEAL PHARMACEUTICALS CLASS A,Health Care,Early,Russell,528,41.91,38.55,67.6,54.69,51.73,54.08,56.2,38.89,38.0,mixed_sideways,25.0,bearish_proxy,48.35,44.92,0.0,53,mixed_sideways,72,fresh_below_zero_cross,60.69,18.08,4.49,0.07427213,0.04690214,-0.01898540,-0.02164502,4H MACD 刚金叉但仍需零轴确认；4H MACD 柱体连续扩张；4H RSI 位于健康强势区间,4H EMA 仍偏震荡
400,TWI,TITAN INTERNATIONAL INC,Industrials,Early,Russell,188,41.67,68.66,32.9,22.06,51.73,41.36,40.4,54.59,82.0,early_transition,25.0,bearish_proxy,56.36,45.52,0.0,36,bearish_transition,50,mixed_or_bearish,41.86,7.1,0.9,-0.01933702,-0.06824147,0.07169811,-0.05143621,4H MACD 柱体连续扩张,4H EMA 转弱或跌破 EMA26；4H MACD 尚未确认多头
401,VMD,VIEMED HEALTHCARE INC,Health Care,Early,Russell,671,41.29,30.41,65.2,75.93,51.73,53.49,55.55,37.25,15.0,bearish_transition,49.8,bullish_below_zero_proxy,45.49,44.35,0.0,53,mixed_sideways,66,bullish_above_signal,51.99,8.94,1.66,0.02699598,0.02171429,-0.01160862,-0.09100153,4H MACD 位于 Signal 上方；4H MACD 柱体连续扩张；4H RSI 位于健康强势区间,4H EMA 仍偏震荡
402,TRS,TRIMAS,Materials,Early,Russell,401,41.15,34.67,67.6,58.71,51.73,56.33,58.7,43.36,15.0,bearish_transition,71.8,fresh_below_zero_cross_proxy,47.8,43.81,0.0,56,mixed_sideways,72,fresh_below_zero_cross,53.8,39.07,1.58,0.02010447,0.02223964,-0.00255292,-0.03554673,4H MACD 刚金叉但仍需零轴确认；4H MACD 柱体连续扩张；4H RSI 位于健康强势区间,4H EMA 仍偏震荡
403,USNA,USANA HEALTH SCIENCES INC,Consumer Staples,Early,Russell,378,41.12,32.91,73.3,7.42,51.73,49.72,51.35,44.57,15.0,bearish_transition,49.8,bullish_below_zero_proxy,67.68,48.79,0.0,71,early_transition,28,fresh_bearish_cross,48.33,14.7,0.84,-0.02455209,-0.02842036,0.14219114,-0.35526313,4H EMA9 已站上 EMA26，等待 26/50 确认；4H RSI 位于健康强势区间,4H MACD 最近死叉
404,UNFI,UNITED NATURAL FOODS INC,Consumer Staples,Early,Russell,666,41.09,30.44,65.2,74.54,51.73,53.9,56.0,37.31,15.0,bearish_transition,49.8,bullish_below_zero_proxy,45.68,44.39,0.0,56,mixed_sideways,66,bullish_above_signal,55.87,46.310001,0.99,0.05035158,0.03973956,-0.03721408,-0.04770718,4H MACD 位于 Signal 上方；4H MACD 柱体连续扩张；4H RSI 位于健康强势区间,4H EMA 仍偏震荡
405,NEXT,NEXTDECADE,Energy,Early,Russell,208,41.06,68.1,25.9,37.94,51.73,37.04,35.6,52.94,82.0,early_transition,25.0,bearish_proxy,51.39,44.53,0.0,36,bearish_transition,42,mixed_or_bearish,37.53,7.06,0.95,-0.02283737,-0.06490066,0.01509705,0.08116386,,4H EMA 转弱或跌破 EMA26；4H MACD 尚未确认多头；4H RSI 偏弱
406,PAY,PAYMENTUS HOLDINGS INC CLASS A,Financials,Early,Russell,886,41.05,37.19,65.2,58.56,51.73,52.14,54.05,34.9,38.0,mixed_sideways,26.35,bearish_proxy,35.67,41.38,0.0,55,mixed_sideways,58,bullish_above_signal,50.55,36.66,1.57,0.01312696,0.04000000,-0.09837678,-0.17894741,4H MACD 位于 Signal 上方；4H RSI 位于健康强势区间,4H EMA 仍偏震荡
407,HG,HAMILTON INSURANCE GROUP CLASS B,Financials,Early,Russell,585,40.96,38.24,67.6,49.07,51.73,54.98,57.2,38.15,35.0,mixed_sideways,25.0,bearish_proxy,49.27,44.1,0.0,58,mixed_sideways,64,fresh_below_zero_cross,51.63,35.169998,1.44,0.00056888,0.02417001,-0.00283533,-0.00311794,4H MACD 刚金叉但仍需零轴确认；4H RSI 位于健康强势区间,4H EMA 仍偏震荡
408,SLVM,SYLVAMO CORP,Materials,Early,Russell,379,40.66,35.12,65.2,60.77,51.73,53.49,55.55,44.53,18.0,bearish_transition,73.15,fresh_below_zero_cross_proxy,47.58,43.77,0.0,53,mixed_sideways,66,bullish_above_signal,52.69,35.974998,1.79,0.03435880,0.01452338,-0.01248976,-0.08623320,4H MACD 位于 Signal 上方；4H MACD 柱体连续扩张；4H RSI 位于健康强势区间,4H EMA 仍偏震荡
409,PLBC,PLUMAS BANCORP,Financials,Early,Russell,756,40.55,37.18,65.2,55.26,51.73,56.6,59.0,36.58,35.0,mixed_sideways,20.0,fresh_bearish_cross_proxy,48.3,43.91,0.0,58,mixed_sideways,70,bullish_above_signal,50.89,62.355,1.46,-0.00279864,0.00816495,-0.00152123,0.02981009,4H MACD 位于 Signal 上方；4H RSI 位于健康强势区间,4H EMA 仍偏震荡
410,ADPT,ADAPTIVE BIOTECHNOLOGIES,Health Care,Early,Russell,118,40.48,64.71,60.1,10.31,2.47,67.73,69.7,59.83,75.0,confirmed_bullish_trend,86.55,fresh_above_zero_cross_proxy,64.26,48.1,10.81,89,confirmed_bullish_trend,78,bullish_above_signal,76.06,27.67,3.24,0.08339855,0.13448139,0.11730269,0.12708762,4H EMA 多头排列已连续维持；4H MACD 位于 Signal 上方；4H MACD 柱体连续扩张,4H 相对 EMA26 超过 2 ATR，短线偏追高；4H RSI 过热
411,ANIP,ANI PHARMACEUTICALS,Health Care,Early,Russell,554,40.09,30.76,65.2,67.11,51.73,54.71,56.9,38.51,18.0,bearish_transition,49.8,bullish_below_zero_proxy,46.58,44.57,0.0,56,mixed_sideways,66,bullish_above_signal,57.53,73.589996,1.78,0.02915879,0.04058251,-0.03196529,-0.07106797,4H MACD 位于 Signal 上方；4H MACD 柱体连续扩张；4H RSI 位于健康强势区间,4H EMA 仍偏震荡
412,HTB,HOMETRUST BANCSHARES INC,Financials,Early,Russell,540,39.71,30.78,58.3,42.94,51.73,45.53,46.7,38.73,15.0,bearish_transition,49.8,bullish_below_zero_proxy,50.43,44.34,0.0,68,early_transition,28,fresh_bearish_cross,36.97,46.700001,1.16,-0.02708331,-0.02789342,-0.02280812,-0.09923811,4H EMA9 已站上 EMA26，等待 26/50 确认,4H MACD 最近死叉；4H RSI 偏弱
413,TBPH,THERAVANCE BIOPHARMA,Health Care,Early,Russell,304,39.55,53.6,40.9,61.7,51.73,44.32,45.35,48.8,72.0,confirmed_bullish_trend,25.0,bearish_proxy,47.45,44.74,0.0,41,bearish_transition,50,mixed_or_bearish,48.14,17.030001,1.48,-0.00029345,-0.00175838,0.00650124,0.00918524,4H MACD 柱体连续扩张；4H RSI 位于健康强势区间,4H EMA 转弱或跌破 EMA26；4H MACD 尚未确认多头
414,IVVD,INVIVYD,Health Care,Early,Russell,238,39.47,67.64,51.7,92.94,51.73,46.76,46.4,51.43,85.0,early_transition,25.0,bearish_proxy,43.62,43.97,0.0,44,bearish_transition,58,bullish_above_signal,45.81,0.8053,0.84,-0.04472123,0.01794969,0.07559770,0.41628561,4H MACD 位于 Signal 上方,4H EMA 转弱或跌破 EMA26
415,LQDA,LIQUIDIA,Health Care,Early,Russell,531,39.41,33.26,67.6,50.41,51.73,53.09,55.1,38.83,15.0,bearish_transition,71.8,fresh_below_zero_cross_proxy,33.61,41.97,0.0,50,mixed_sideways,72,fresh_below_zero_cross,49.65,68.449997,0.92,0.05210573,-0.00897644,-0.11995374,-0.22515282,4H MACD 刚金叉但仍需零轴确认；4H MACD 柱体连续扩张；4H RSI 位于健康强势区间,4H EMA 仍偏震荡
416,CTKB,CYTEK BIOSCIENCES,Health Care,Early,Russell,71,39.38,62.37,75.1,15.57,51.73,79.27,80.3,63.03,75.0,confirmed_bullish_trend,63.15,bullish_above_signal_proxy,58.97,47.04,0.0,100,confirmed_bullish_trend,78,bullish_above_signal,63.51,4.93,2.15,0.01215406,0.04008439,0.03898841,0.15456674,4H EMA 多头排列已连续维持；4H MACD 位于 Signal 上方；4H MACD 柱体连续扩张；4H RSI 位于健康强势区间,
417,VVX,V2X,Industrials,Early,Russell,1387,39.37,24.78,65.2,76.29,51.73,53.49,55.55,28.76,15.0,bearish_transition,25.0,bearish_proxy,39.02,42.05,0.0,53,mixed_sideways,66,bullish_above_signal,50.18,75.370003,1.22,0.00896929,0.04818864,-0.08797188,-0.04219086,4H MACD 位于 Signal 上方；4H MACD 柱体连续扩张；4H RSI 位于健康强势区间,4H EMA 仍偏震荡
418,TBLA,TABOOLA.COM LTD,Communication,Early,Russell,783,39.07,29.98,87.7,95.52,51.73,58.22,60.8,36.38,15.0,bearish_transition,49.8,bullish_below_zero_proxy,43.31,42.91,0.0,74,early_transition,58,bullish_above_signal,47.92,3.81,1.35,-0.01550388,0.02834008,-0.02182285,-0.28180961,4H EMA9 已站上 EMA26，等待 26/50 确认；4H MACD 位于 Signal 上方,
419,OPK,OPKO HEALTH,Health Care,Early,Russell,168,38.88,56.09,82.9,6.08,51.73,78.44,81.6,56.1,72.0,confirmed_bullish_trend,25.0,bearish_proxy,69.6,49.17,0.0,100,confirmed_bullish_trend,88,fresh_above_zero_cross,57.62,1.61,0.48,0.03870968,0.05228758,0.18382353,0.22433460,4H EMA 多头排列已连续维持；4H MACD 零轴上方刚金叉；4H MACD 柱体连续扩张；4H RSI 位于健康强势区间,
420,MDXG,MIMEDX GROUP,Health Care,Early,Russell,58,38.6,62.53,75.1,10.0,51.73,77.11,77.9,63.7,72.0,confirmed_bullish_trend,61.8,bullish_above_signal_proxy,64.72,48.19,0.0,100,confirmed_bullish_trend,70,bullish_above_signal,60.98,4.73,1.64,-0.01149425,0.01502146,0.12351544,0.10772834,4H EMA 多头排列已连续维持；4H MACD 位于 Signal 上方；4H RSI 位于健康强势区间,
421,CARG,CARGURUS CLASS A,Communication,Early,Russell,998,38.5,26.12,65.2,67.37,51.73,52.55,54.5,32.49,18.0,bearish_transition,26.35,bearish_proxy,46.55,43.56,0.0,56,mixed_sideways,58,bullish_above_signal,50.23,34.700001,2.21,-0.00828811,0.06802089,-0.03018441,-0.06241549,4H MACD 位于 Signal 上方；4H RSI 位于健康强势区间,4H EMA 仍偏震荡
422,AMTB,AMERANT BANCORP CLASS A,Financials,Early,Russell,537,38.42,37.99,65.2,39.12,51.73,55.57,57.85,38.76,38.0,mixed_sideways,21.35,fresh_bearish_cross_proxy,51.18,44.49,0.0,58,mixed_sideways,70,bullish_above_signal,54.71,29.450001,3.54,-0.00540358,0.01903118,0.01762267,-0.00708021,4H MACD 位于 Signal 上方；4H RSI 位于健康强势区间,4H EMA 仍偏震荡
423,CYH,COMMUNITY HEALTH SYSTEMS INC,Health Care,Early,Russell,389,38.37,42.95,87.7,60.57,51.73,63.08,66.2,43.95,35.0,mixed_sideways,49.8,bullish_below_zero_proxy,47.61,44.77,0.0,76,early_transition,70,bullish_above_signal,57.06,2.98,0.66,0.01533220,0.01016949,0.00846024,0.00675676,4H EMA9 已站上 EMA26，等待 26/50 确认；4H MACD 位于 Signal 上方；4H RSI 位于健康强势区间,
424,FGBI,FIRST GUARANTY BANCSHARES INC,Financials,Early,Russell,603,38.37,30.53,65.2,56.19,51.73,53.9,56.0,37.99,15.0,bearish_transition,49.8,bullish_below_zero_proxy,48.18,43.89,0.0,56,mixed_sideways,66,bullish_above_signal,54.1,8.49,0.81,0.01433692,0.06658291,0.01676647,-0.13278856,4H MACD 位于 Signal 上方；4H MACD 柱体连续扩张；4H RSI 位于健康强势区间,4H EMA 仍偏震荡
425,XRX,XEROX HOLDINGS CORP,Information Technology,Early,Russell,26,38.21,63.2,75.1,5.88,51.73,77.8,77.0,66.3,75.0,confirmed_bullish_trend,61.8,bullish_above_signal_proxy,70.33,48.32,0.0,100,confirmed_bullish_trend,70,bullish_above_signal,60.96,3.48,0.85,-0.01416431,0.10651828,0.17766497,0.07573416,4H EMA 多头排列已连续维持；4H MACD 位于 Signal 上方；4H RSI 位于健康强势区间,
426,SDGR,SCHRODINGER INC,Health Care,Early,Russell,116,38.17,62.56,60.1,1.13,0.62,68.76,70.85,60.1,75.0,confirmed_bullish_trend,60.9,bullish_above_signal_proxy,99.36,55.12,15.71,89,confirmed_bullish_trend,78,bullish_above_signal,76.95,23.93,2.28,0.05156768,0.24635410,0.37607828,0.52809706,4H EMA 多头排列已连续维持；4H MACD 位于 Signal 上方；4H MACD 柱体连续扩张,4H 相对 EMA26 超过 2 ATR，短线偏追高；4H RSI 过热
427,ALNT,ALLIENT INC,Industrials,Early,Russell,1059,38.16,36.02,67.6,35.57,51.73,53.09,55.1,31.64,35.0,mixed_sideways,25.0,bearish_proxy,29.55,40.16,0.0,50,mixed_sideways,72,fresh_below_zero_cross,50.91,94.760002,0.65,0.04522389,-0.01260810,-0.16111896,0.00116218,4H MACD 刚金叉但仍需零轴确认；4H MACD 柱体连续扩张；4H RSI 位于健康强势区间,4H EMA 仍偏震荡
428,IOSP,INNOSPEC INC,Materials,Early,Russell,298,38.14,53.55,40.9,52.42,51.73,42.98,42.2,49.07,72.0,confirmed_bullish_trend,25.0,bearish_proxy,48.74,44.0,0.0,36,bearish_transition,50,mixed_or_bearish,48.69,92.93,0.99,0.01120781,-0.00758222,-0.01064623,0.07346656,4H MACD 柱体连续扩张；4H RSI 位于健康强势区间,4H EMA 转弱或跌破 EMA26；4H MACD 尚未确认多头
429,FLGT,FULGENT GENETICS,Health Care,Early,Russell,199,38.03,59.92,60.1,5.57,1.86,68.76,70.85,53.61,72.0,confirmed_bullish_trend,59.55,bullish_above_signal_proxy,71.36,49.52,11.72,89,confirmed_bullish_trend,78,bullish_above_signal,76.4,21.629999,1.09,0.03049066,0.08967249,0.15916393,0.16572347,4H EMA 多头排列已连续维持；4H MACD 位于 Signal 上方；4H MACD 柱体连续扩张,4H 相对 EMA26 超过 2 ATR，短线偏追高；4H RSI 过热
430,INVA,INNOVIVA,Health Care,Early,Russell,367,37.89,35.36,67.6,35.31,51.73,55.12,57.35,45.0,15.0,bearish_transition,71.8,fresh_below_zero_cross_proxy,52.3,45.71,0.0,53,mixed_sideways,72,fresh_below_zero_cross,55.0,21.200001,1.21,0.02415459,0.00331292,0.01145048,0.01727452,4H MACD 刚金叉但仍需零轴确认；4H MACD 柱体连续扩张；4H RSI 位于健康强势区间,4H EMA 仍偏震荡
431,WLY,JOHN WILEY AND SONS CLASS A,Communication,Early,Russell,1078,37.85,25.69,65.2,64.02,51.73,52.69,54.65,31.41,15.0,bearish_transition,25.0,bearish_proxy,47.04,43.66,0.0,53,mixed_sideways,66,bullish_above_signal,50.03,49.59,0.93,0.02142124,0.03269471,-0.02381888,-0.09325286,4H MACD 位于 Signal 上方；4H MACD 柱体连续扩张；4H RSI 位于健康强势区间,4H EMA 仍偏震荡
432,VATE,INNOVATE CORP,Industrials,Early,Russell,891,37.84,29.5,65.2,55.1,51.73,53.49,55.55,34.8,18.0,bearish_transition,51.15,bullish_below_zero_proxy,34.77,41.2,0.0,53,mixed_sideways,66,bullish_above_signal,55.58,7.5,1.79,0.06082037,0.10456554,-0.00793651,-0.03722721,4H MACD 位于 Signal 上方；4H MACD 柱体连续扩张；4H RSI 位于健康强势区间,4H EMA 仍偏震荡
433,ATLO,AMES NATIONAL CORP,Financials,Early,Russell,344,37.77,45.1,50.8,56.6,51.73,44.45,45.5,46.97,35.0,mixed_sideways,61.8,bullish_above_signal_proxy,48.13,43.88,0.0,58,mixed_sideways,28,fresh_bearish_cross,50.53,32.130001,0.92,-0.01047120,0.00437640,0.00815814,0.03378382,4H RSI 位于健康强势区间,4H EMA 仍偏震荡；4H MACD 最近死叉
434,XMTR,XOMETRY CLASS A,Industrials,Early,Russell,434,37.57,39.17,67.6,24.33,51.73,56.33,58.7,41.12,38.0,mixed_sideways,25.0,bearish_proxy,55.55,45.36,0.0,56,mixed_sideways,72,fresh_below_zero_cross,60.53,93.150002,1.68,0.08579090,0.08870973,0.03788303,0.01636661,4H MACD 刚金叉但仍需零轴确认；4H MACD 柱体连续扩张；4H RSI 位于健康强势区间,4H EMA 仍偏震荡
435,MUR,MURPHY OIL CORP,Energy,Early,Russell,218,37.53,46.84,65.2,12.58,51.73,58.1,59.0,52.31,38.0,mixed_sideways,61.8,bullish_above_signal_proxy,61.59,46.57,0.0,58,mixed_sideways,70,bullish_above_signal,51.68,38.199001,1.33,-0.05401189,-0.00678622,0.09641220,-0.00445655,4H MACD 位于 Signal 上方；4H RSI 位于健康强势区间,4H EMA 仍偏震荡
436,GTM,ZOOMINFO TECHNOLOGIES,Communication,Early,Russell,229,37.28,54.51,75.1,19.9,51.73,74.3,77.0,51.87,72.0,confirmed_bullish_trend,25.0,bearish_proxy,57.23,45.7,0.0,100,confirmed_bullish_trend,70,bullish_above_signal,53.91,4.09,0.93,-0.03945514,0.10094213,0.08921438,0.13296399,4H EMA 多头排列已连续维持；4H MACD 位于 Signal 上方；4H RSI 位于健康强势区间,
437,MRX,MAREX GROUP LTD,Financials,Early,Russell,285,36.72,53.75,40.9,42.47,51.73,43.79,43.1,49.65,72.0,confirmed_bullish_trend,25.0,bearish_proxy,50.5,44.35,0.0,36,bearish_transition,50,mixed_or_bearish,49.89,72.379997,1.18,0.04218863,-0.04410993,0.01287431,0.13005455,4H MACD 柱体连续扩张；4H RSI 位于健康强势区间,4H EMA 转弱或跌破 EMA26；4H MACD 尚未确认多头
438,FIZZ,NATIONAL BEVERAGE,Consumer Staples,Early,Russell,458,36.7,39.11,65.2,25.05,51.73,53.9,56.0,40.3,35.0,mixed_sideways,25.0,bearish_proxy,55.35,46.32,0.0,56,mixed_sideways,66,bullish_above_signal,55.22,32.18,0.96,0.02778668,0.05301051,0.03639295,0.01163159,4H MACD 位于 Signal 上方；4H MACD 柱体连续扩张；4H RSI 位于健康强势区间,4H EMA 仍偏震荡
439,SABR,SABRE,Consumer Discretionary,Early,Russell,204,36.53,55.01,73.0,19.38,51.73,62.96,64.4,53.15,75.0,confirmed_bullish_trend,26.35,bearish_proxy,57.34,45.72,0.0,58,mixed_sideways,88,fresh_above_zero_cross,61.25,2.32,1.35,0.07656613,0.08411215,0.07656613,0.09952607,4H MACD 零轴上方刚金叉；4H MACD 柱体连续扩张；4H RSI 位于健康强势区间,4H EMA 仍偏震荡
440,OVLY,OAK VALLEY BANCORP,Financials,Early,Russell,764,36.41,37.16,54.4,56.44,51.73,47.02,48.35,36.53,35.0,mixed_sideways,20.0,fresh_bearish_cross_proxy,48.15,43.88,0.0,55,mixed_sideways,42,mixed_or_bearish,50.25,34.369999,0.58,-0.00116248,-0.01349027,0.01326654,0.02719665,4H RSI 位于健康强势区间,4H EMA 仍偏震荡；4H MACD 尚未确认多头
441,SLAB,SILICON LABORATORIES,Information Technology,Early,Russell,753,36.1,37.19,54.4,54.33,51.73,47.02,48.35,36.61,35.0,mixed_sideways,20.0,fresh_bearish_cross_proxy,48.4,43.93,0.0,55,mixed_sideways,42,mixed_or_bearish,51.3,219.710007,0.81,0.00072878,-0.00081855,0.00177822,0.00590609,4H RSI 位于健康强势区间,4H EMA 仍偏震荡；4H MACD 尚未确认多头
442,IDT,IDT CLASS B,Communication,Early,Russell,508,35.92,38.08,65.2,22.27,51.73,56.6,59.0,39.22,35.0,mixed_sideways,20.0,fresh_bearish_cross_proxy,56.32,45.51,0.0,58,mixed_sideways,70,bullish_above_signal,52.58,69.730003,1.31,-0.02828873,0.02649791,0.04731152,0.04152362,4H MACD 位于 Signal 上方；4H RSI 位于健康强势区间,4H EMA 仍偏震荡
443,ACA,ARCOSA,Industrials,Early,Russell,583,35.61,38.25,54.4,48.61,51.73,47.96,49.4,38.19,35.0,mixed_sideways,25.0,bearish_proxy,49.39,44.13,0.0,50,mixed_sideways,50,mixed_or_bearish,52.92,145.449997,1.7,0.00127352,0.00034390,0.00296506,0.00130801,4H MACD 柱体连续扩张；4H RSI 位于健康强势区间,4H EMA 仍偏震荡；4H MACD 尚未确认多头
444,VOYG,VOYAGER TECHNOLOGIES CLASS A,Industrials,Early,Russell,1278,35.14,35.36,65.2,23.4,51.73,53.49,55.55,29.71,35.0,mixed_sideways,25.0,bearish_proxy,23.7,38.99,0.0,53,mixed_sideways,66,bullish_above_signal,53.91,35.200001,1.24,0.03865453,0.04327205,-0.19999998,0.05172582,4H MACD 位于 Signal 上方；4H MACD 柱体连续扩张；4H RSI 位于健康强势区间,4H EMA 仍偏震荡
445,DHT,DHT HOLDINGS,Energy,Early,Russell,210,35.1,60.01,53.85,3.3,0.57,67.96,69.95,52.9,75.0,confirmed_bullish_trend,60.9,bullish_above_signal_proxy,79.5,50.15,16.2,89,confirmed_bullish_trend,78,bullish_above_signal,81.89,23.045,0.96,0.04158192,0.08702825,0.21931217,0.26976693,4H EMA 多头排列已连续维持；4H MACD 位于 Signal 上方；4H MACD 柱体连续扩张,4H 相对 EMA26 超过 2 ATR，短线偏追高；4H RSI 过热
446,ATRC,ATRICURE,Health Care,Early,Russell,212,34.94,60.1,53.85,2.16,0.41,66.61,68.45,52.71,72.0,confirmed_bullish_trend,59.55,bullish_above_signal_proxy,84.88,52.23,17.07,89,confirmed_bullish_trend,70,bullish_above_signal,78.62,57.139999,1.24,0.00847157,0.07730011,0.27416652,0.46418952,4H EMA 多头排列已连续维持；4H MACD 位于 Signal 上方,4H 相对 EMA26 超过 2 ATR，短线偏追高；4H RSI 过热
447,ACVA,ACV AUCTIONS CLASS A,Industrials,Early,Russell,187,34.93,60.89,53.85,0.52,0.08,65.08,66.75,54.62,72.0,confirmed_bullish_trend,59.55,bullish_above_signal_proxy,100.0,54.25,20.0,89,confirmed_bullish_trend,70,bullish_above_signal,81.74,10.42,0.38,-0.00143747,0.41383989,0.36745407,0.30413016,4H EMA 多头排列已连续维持；4H MACD 位于 Signal 上方,4H 相对 EMA26 超过 2 ATR，短线偏追高；4H RSI 过热
448,OSCR,OSCAR HEALTH CLASS A,Financials,Early,Russell,313,34.66,45.59,50.8,34.74,51.73,43.23,44.15,48.39,35.0,mixed_sideways,61.8,bullish_above_signal_proxy,52.44,44.74,0.0,55,mixed_sideways,28,fresh_bearish_cross,52.02,32.299999,0.95,-0.00615388,0.01668237,0.02377179,0.06319948,4H RSI 位于健康强势区间,4H EMA 仍偏震荡；4H MACD 最近死叉
449,RSVR,RESERVOIR MEDIA INC,Communication,Early,Russell,991,34.59,26.11,65.2,41.34,51.73,53.49,55.55,32.65,15.0,bearish_transition,25.0,bearish_proxy,50.79,44.41,0.0,53,mixed_sideways,66,bullish_above_signal,50.74,9.45,1.61,0.01286174,0.06659142,-0.03669725,-0.06250000,4H MACD 位于 Signal 上方；4H MACD 柱体连续扩张；4H RSI 位于健康强势区间,4H EMA 仍偏震荡
450,LYTS,LSI INDUSTRIES INC,Industrials,Early,Russell,1052,34.45,28.4,65.2,35.05,51.73,53.49,55.55,31.73,15.0,bearish_transition,49.8,bullish_below_zero_proxy,29.22,40.09,0.0,53,mixed_sideways,66,bullish_above_signal,51.47,20.33,1.39,0.01904757,0.03460560,-0.17891761,-0.17775531,4H MACD 位于 Signal 上方；4H MACD 柱体连续扩张；4H RSI 位于健康强势区间,4H EMA 仍偏震荡
451,LAW,CS DISCO,Information Technology,Early,Russell,1091,34.39,25.63,90.4,67.22,51.73,67.94,71.6,31.25,15.0,bearish_transition,25.0,bearish_proxy,46.56,43.56,0.0,94,fresh_bullish_cross,58,bullish_above_signal,50.09,4.21,1.28,-0.01520468,0.03694581,-0.01635514,0.00959233,4H EMA9/26 最近金叉且价格在 EMA50 上方；4H MACD 位于 Signal 上方；4H RSI 位于健康强势区间,
452,BSVN,BANK7 CORP,Financials,Early,Russell,275,34.01,46.14,54.4,19.54,51.73,50.54,50.6,50.0,35.0,mixed_sideways,61.8,bullish_above_signal_proxy,57.32,45.71,0.0,58,mixed_sideways,42,mixed_or_bearish,51.64,54.369999,1.21,-0.01628372,-0.00275130,0.04236961,0.05860588,4H RSI 位于健康强势区间,4H EMA 仍偏震荡；4H MACD 尚未确认多头
453,UFCS,UNITED FIRE GROUP INC,Financials,Early,Russell,523,33.96,38.51,54.4,37.01,51.73,47.02,48.35,38.94,35.0,mixed_sideways,25.0,bearish_proxy,51.67,44.58,0.0,55,mixed_sideways,42,mixed_or_bearish,51.35,54.82,0.8,-0.00309151,0.02028662,0.02678406,0.02371617,4H RSI 位于健康强势区间,4H EMA 仍偏震荡；4H MACD 尚未确认多头
454,LFMD,LIFEMD INC,Health Care,Early,Russell,592,33.68,30.69,87.7,57.89,51.73,59.84,62.6,38.06,15.0,bearish_transition,49.8,bullish_below_zero_proxy,47.96,44.84,0.0,76,early_transition,58,bullish_above_signal,50.66,3.21,0.58,-0.05029586,0.08813559,-0.03021148,-0.17480720,4H EMA9 已站上 EMA26，等待 26/50 确认；4H MACD 位于 Signal 上方；4H RSI 位于健康强势区间,
455,DCO,DUCOMMUN,Industrials,Early,Russell,1570,33.62,24.08,65.2,39.59,51.73,52.28,54.2,26.93,18.0,bearish_transition,25.0,bearish_proxy,30.74,40.4,0.0,50,mixed_sideways,66,bullish_above_signal,49.75,171.479996,1.81,0.06156555,0.03121056,-0.16444965,-0.10580387,4H MACD 位于 Signal 上方；4H MACD 柱体连续扩张；4H RSI 位于健康强势区间,4H EMA 仍偏震荡
456,CHCI,COMSTOCK HOLDING COMPANIES INC CLA,Real Estate,Early,Russell,449,33.5,39.13,54.4,32.47,51.73,49.18,50.75,40.58,38.0,mixed_sideways,26.35,bearish_proxy,52.9,44.83,0.0,55,mixed_sideways,50,mixed_or_bearish,51.19,20.15,0.6,0.01460216,-0.02938343,0.06783248,0.31958088,4H MACD 柱体连续扩张；4H RSI 位于健康强势区间,4H EMA 仍偏震荡；4H MACD 尚未确认多头
457,AFRI,FORAFRIC GLOBAL PLC,Consumer Staples,Early,Russell,221,33.41,54.78,40.9,18.04,51.73,42.84,42.05,52.26,72.0,confirmed_bullish_trend,25.0,bearish_proxy,57.94,46.84,0.0,41,bearish_transition,42,mixed_or_bearish,49.72,11.05,0.68,0.00189499,0.00000000,0.04540165,0.04659973,4H RSI 位于健康强势区间,4H EMA 转弱或跌破 EMA26；4H MACD 尚未确认多头
458,RPAY,REPAY HOLDINGS CORP CLASS A,Financials,Early,Russell,334,33.34,43.95,90.4,17.53,51.73,69.29,73.1,47.28,35.0,mixed_sideways,49.8,bullish_below_zero_proxy,58.15,45.88,0.0,94,fresh_bullish_cross,66,bullish_above_signal,56.01,3.8,0.91,-0.00393185,0.06741573,0.08108108,-0.08433735,4H EMA9/26 最近金叉且价格在 EMA50 上方；4H MACD 位于 Signal 上方；4H MACD 柱体连续扩张；4H RSI 位于健康强势区间,
459,SND,SMART SAND INC,Energy,Early,Russell,443,33.25,39.2,54.4,30.62,51.73,49.98,51.65,40.79,38.0,mixed_sideways,26.35,bearish_proxy,53.52,44.95,0.0,55,mixed_sideways,50,mixed_or_bearish,50.83,5.18,1.94,0.00582524,-0.03627907,0.05714286,0.15367483,4H MACD 柱体连续扩张；4H RSI 位于健康强势区间,4H EMA 仍偏震荡；4H MACD 尚未确认多头
460,CARL,CARLSMED,Health Care,Early,Russell,211,33.02,54.94,40.9,15.05,51.73,45.01,44.45,52.74,72.0,confirmed_bullish_trend,25.0,bearish_proxy,59.4,47.13,0.0,41,bearish_transition,50,mixed_or_bearish,48.86,15.31,0.82,0.00261952,0.02168836,0.10781476,0.13828996,4H MACD 柱体连续扩张；4H RSI 位于健康强势区间,4H EMA 转弱或跌破 EMA26；4H MACD 尚未确认多头
461,JXN,JACKSON FINANCIAL CLASS A,Financials,Early,Russell,491,32.97,38.74,54.4,29.9,51.73,49.04,50.6,39.6,35.0,mixed_sideways,25.0,bearish_proxy,53.68,44.99,0.0,58,mixed_sideways,42,mixed_or_bearish,51.08,137.179993,1.46,0.00043756,-0.00644611,0.03057615,0.02625866,4H RSI 位于健康强势区间,4H EMA 仍偏震荡；4H MACD 尚未确认多头
462,LIND,LINDBLAD EXPEDITIONS HOLDINGS,Consumer Discretionary,Early,Russell,1678,32.86,23.71,65.2,35.36,51.73,53.49,55.55,25.61,15.0,bearish_transition,25.0,bearish_proxy,29.45,40.14,0.0,53,mixed_sideways,66,bullish_above_signal,54.28,27.42,1.11,0.04936858,0.08123024,-0.16338678,-0.19400353,4H MACD 位于 Signal 上方；4H MACD 柱体连续扩张；4H RSI 位于健康强势区间,4H EMA 仍偏震荡
463,NHP,NATIONAL HEALTHCARE PROPERTIES CLA,Real Estate,Early,Russell,816,32.83,37.51,54.1,99.23,51.73,49.45,51.05,36.01,35.0,mixed_sideways,25.0,bearish_proxy,42.79,42.81,0.0,39,bearish_transition,72,fresh_below_zero_cross,48.77,16.120001,1.43,0.00155340,-0.00921936,-0.02598175,0.03399622,4H MACD 刚金叉但仍需零轴确认；4H MACD 柱体连续扩张；4H RSI 位于健康强势区间,4H EMA 转弱或跌破 EMA26
464,OABI,OMNIAB INC,Health Care,Early,Russell,219,32.76,54.78,64.3,17.94,51.73,68.9,71.0,52.28,72.0,confirmed_bullish_trend,25.0,bearish_proxy,58.0,46.85,0.0,100,confirmed_bullish_trend,50,mixed_or_bearish,51.96,4.35,0.67,-0.00798176,0.08343711,0.13874346,1.18592965,4H EMA 多头排列已连续维持；4H MACD 柱体连续扩张；4H RSI 位于健康强势区间,4H MACD 尚未确认多头
465,WOR,WORTHINGTON ENTERPRISES,Industrials,Early,Russell,432,32.63,39.34,54.4,26.19,51.73,47.96,49.4,41.21,38.0,mixed_sideways,26.35,bearish_proxy,54.82,45.21,0.0,50,mixed_sideways,50,mixed_or_bearish,53.06,58.904999,1.99,0.07510491,-0.01496656,0.02035335,-0.00431036,4H MACD 柱体连续扩张；4H RSI 位于健康强势区间,4H EMA 仍偏震荡；4H MACD 尚未确认多头
466,CLB,CORE LABORATORIES,Energy,Early,Russell,330,32.54,66.24,19.65,55.46,51.73,36.35,36.5,47.48,82.0,early_transition,25.0,bearish_proxy,34.83,41.22,0.0,36,bearish_transition,42,mixed_or_bearish,31.76,11.45,1.32,-0.08289948,-0.09450376,-0.09270998,0.02140946,,4H EMA 转弱或跌破 EMA26；4H MACD 尚未确认多头；4H RSI 偏弱
467,LEGH,LEGACY HOUSING CORP,Consumer Discretionary,Early,Russell,831,32.51,37.47,54.1,97.22,51.73,48.23,49.7,35.89,35.0,mixed_sideways,25.0,bearish_proxy,42.43,42.74,0.0,36,bearish_transition,72,fresh_below_zero_cross,48.5,27.620001,1.35,0.02031773,0.01506806,-0.04987957,0.01209234,4H MACD 刚金叉但仍需零轴确认；4H MACD 柱体连续扩张；4H RSI 位于健康强势区间,4H EMA 转弱或跌破 EMA26
468,EVCM,EVERCOMMERCE INC,Information Technology,Early,Russell,954,32.45,31.32,65.2,14.9,51.73,53.9,56.0,33.55,15.0,bearish_transition,71.8,fresh_below_zero_cross_proxy,18.07,37.86,0.0,56,mixed_sideways,66,bullish_above_signal,51.98,7.95,0.92,0.01273885,0.17777778,-0.22058824,-0.33694746,4H MACD 位于 Signal 上方；4H MACD 柱体连续扩张；4H RSI 位于健康强势区间,4H EMA 仍偏震荡
469,EGY,VAALCO ENERGY INC,Energy,Early,Russell,233,32.36,46.74,50.8,16.7,51.73,46.76,46.4,51.6,38.0,mixed_sideways,63.15,bullish_above_signal_proxy,58.41,45.93,0.0,58,mixed_sideways,28,fresh_bearish_cross,51.09,6.17,1.42,-0.06088280,0.00000000,0.05470085,0.19689622,4H RSI 位于健康强势区间,4H EMA 仍偏震荡；4H MACD 最近死叉
470,CIFR,CIPHER DIGITAL INC,Information Technology,Early,Russell,932,32.25,29.27,54.4,47.11,51.73,47.96,49.4,34.13,18.0,bearish_transition,51.15,bullish_below_zero_proxy,32.75,40.8,0.0,50,mixed_sideways,50,mixed_or_bearish,51.53,16.719999,1.12,0.11108889,-0.01123601,-0.09597199,-0.17999020,4H MACD 柱体连续扩张；4H RSI 位于健康强势区间,4H EMA 仍偏震荡；4H MACD 尚未确认多头
471,ORIC,ORIC PHARMACEUTICALS,Health Care,Early,Russell,827,32.24,37.62,54.1,95.05,51.73,47.83,49.25,35.92,35.0,mixed_sideways,25.0,bearish_proxy,42.06,43.66,0.0,39,bearish_transition,72,fresh_below_zero_cross,47.01,12.54,1.41,0.02955665,0.00440529,-0.06242991,-0.07248521,4H MACD 刚金叉但仍需零轴确认；4H MACD 柱体连续扩张,4H EMA 转弱或跌破 EMA26
472,CMRC,BIGCOMMERCE HOLDINGS SERIES,Information Technology,Early,Russell,85,32.17,62.66,75.1,0.52,1.19,71.12,71.25,61.7,72.0,confirmed_bullish_trend,59.55,bullish_above_signal_proxy,100.0,54.25,12.92,89,confirmed_bullish_trend,70,bullish_above_signal,67.1,3.43,0.44,-0.07422402,0.31422660,0.66101695,0.04957160,4H EMA 多头排列已连续维持；4H MACD 位于 Signal 上方；4H RSI 位于健康强势区间,4H 相对 EMA26 超过 2 ATR，短线偏追高
473,QTRX,QUANTERIX,Health Care,Early,Russell,513,32.1,31.05,90.4,39.33,51.73,68.48,72.2,39.12,15.0,bearish_transition,49.8,bullish_below_zero_proxy,51.16,45.48,0.0,92,fresh_bullish_cross,66,bullish_above_signal,61.06,2.91,0.65,0.05244123,0.09811321,-0.00342466,-0.21351351,4H EMA9/26 最近金叉且价格在 EMA50 上方；4H MACD 位于 Signal 上方；4H MACD 柱体连续扩张；4H RSI 位于健康强势区间,
474,ALMU,AELUMA INC,Information Technology,Early,Russell,1205,32.1,27.82,65.2,20.72,51.73,52.46,54.4,30.28,18.0,bearish_transition,49.8,bullish_below_zero_proxy,22.09,38.67,0.0,53,mixed_sideways,66,bullish_above_signal,49.95,13.43,2.53,0.04027885,0.00599251,-0.24508155,-0.26168228,4H MACD 位于 Signal 上方；4H MACD 柱体连续扩张；4H RSI 位于健康强势区间,4H EMA 仍偏震荡
475,GENB,GENERATE BIOMEDICINES INC,Health Care,Early,Russell,699,32.09,37.91,51.7,99.79,51.73,46.07,47.3,37.03,38.0,mixed_sideways,25.0,bearish_proxy,42.7,43.79,0.0,44,bearish_transition,58,bullish_above_signal,46.68,15.68,1.46,-0.02335721,0.01030928,0.00000000,0.09880869,4H MACD 位于 Signal 上方,4H EMA 转弱或跌破 EMA26
476,SM,SM ENERGY,Energy,Early,Russell,222,32.03,46.91,50.8,14.12,51.73,46.76,46.4,52.09,38.0,mixed_sideways,63.15,bullish_above_signal_proxy,59.89,46.23,0.0,58,mixed_sideways,28,fresh_bearish_cross,50.67,38.16,1.5,-0.07870589,0.00500392,0.07523240,0.22977759,4H RSI 位于健康强势区间,4H EMA 仍偏震荡；4H MACD 最近死叉
477,MRCY,MERCURY SYSTEMS INC,Industrials,Early,Russell,1342,31.93,27.53,65.2,20.31,51.73,54.71,56.9,29.18,15.0,bearish_transition,49.8,bullish_below_zero_proxy,21.49,38.55,0.0,56,mixed_sideways,66,bullish_above_signal,54.35,87.25,1.06,0.01365092,0.08036154,-0.23019231,-0.22599245,4H MACD 位于 Signal 上方；4H MACD 柱体连续扩张；4H RSI 位于健康强势区间,4H EMA 仍偏震荡
478,USCB,USCB FINANCIAL HOLDINGS INC CLASS,Financials,Early,Russell,422,31.8,39.31,54.4,20.72,51.73,47.02,48.35,41.53,38.0,mixed_sideways,25.0,bearish_proxy,56.81,45.61,0.0,55,mixed_sideways,42,mixed_or_bearish,50.5,22.93,0.86,-0.00304348,0.00350109,0.01685149,0.01911111,4H RSI 位于健康强势区间,4H EMA 仍偏震荡；4H MACD 尚未确认多头
479,RBKB,RHINEBECK BANCORP INC,Financials,Early,Russell,461,31.77,31.35,54.4,39.12,51.73,48.95,50.5,40.22,18.0,bearish_transition,51.15,bullish_below_zero_proxy,51.18,44.49,0.0,55,mixed_sideways,50,mixed_or_bearish,52.47,12.87,2.84,0.01450418,0.00468384,0.01418440,0.07429048,4H MACD 柱体连续扩张；4H RSI 位于健康强势区间,4H EMA 仍偏震荡；4H MACD 尚未确认多头
480,HOPE,HOPE BANCORP INC,Financials,Early,Russell,336,31.56,45.25,51.7,79.12,51.73,49.89,51.55,47.23,38.0,mixed_sideways,63.15,bullish_above_signal_proxy,45.17,43.28,0.0,44,bearish_transition,70,bullish_above_signal,48.18,13.95,2.75,-0.00605629,0.00940666,-0.02787456,-0.02787456,4H MACD 位于 Signal 上方；4H RSI 位于健康强势区间,4H EMA 转弱或跌破 EMA26
481,TH,TARGET HOSPITALITY,Consumer Discretionary,Early,Russell,441,31.56,39.14,54.4,19.54,51.73,49.18,50.75,40.8,35.0,mixed_sideways,25.0,bearish_proxy,57.32,45.71,0.0,55,mixed_sideways,50,mixed_or_bearish,50.65,18.76,0.74,0.00643782,-0.02240755,0.03875975,0.17286652,4H MACD 柱体连续扩张；4H RSI 位于健康强势区间,4H EMA 仍偏震荡；4H MACD 尚未确认多头
482,IRD,OPUS GENETICS INC,Health Care,Early,Russell,68,31.45,50.74,50.8,1.34,51.73,47.23,44.7,63.12,35.0,mixed_sideways,61.8,bullish_above_signal_proxy,96.62,54.57,0.0,58,mixed_sideways,28,fresh_bearish_cross,57.49,5.41,0.33,-0.08149406,-0.05419580,0.47814208,0.45625841,4H RSI 位于健康强势区间,4H EMA 仍偏震荡；4H MACD 最近死叉
483,PBFS,PIONEER BANCORP INC,Financials,Early,Russell,500,31.37,38.14,54.4,20.62,51.73,47.83,49.25,39.39,35.0,mixed_sideways,20.0,fresh_bearish_cross_proxy,56.82,45.61,0.0,55,mixed_sideways,42,mixed_or_bearish,51.96,18.110001,1.1,0.00499451,-0.00658250,0.02143266,0.05168421,4H RSI 位于健康强势区间,4H EMA 仍偏震荡；4H MACD 尚未确认多头
484,FXNC,FIRST NATIONAL CORP,Financials,Early,Russell,899,31.35,36.53,51.7,98.09,51.73,49.31,50.9,34.67,35.0,mixed_sideways,20.0,fresh_bearish_cross_proxy,42.52,42.75,0.0,44,bearish_transition,70,bullish_above_signal,45.92,30.85,1.11,-0.02280646,0.00586893,-0.03261207,-0.03230863,4H MACD 位于 Signal 上方,4H EMA 转弱或跌破 EMA26
485,GDYN,GRID DYNAMICS HOLDINGS CLASS A,Information Technology,Early,Russell,476,31.31,38.79,50.8,28.25,51.73,45.26,46.4,39.77,35.0,mixed_sideways,25.0,bearish_proxy,54.2,45.09,0.0,58,mixed_sideways,28,fresh_bearish_cross,50.99,8.02,1.26,-0.03315250,0.02100573,0.06933333,0.10620690,4H RSI 位于健康强势区间,4H EMA 仍偏震荡；4H MACD 最近死叉
486,FTDR,FRONTDOOR INC,Consumer Discretionary,Early,Russell,775,31.26,37.66,54.1,88.45,51.73,45.8,47.0,36.46,35.0,mixed_sideways,25.0,bearish_proxy,44.17,43.08,0.0,36,bearish_transition,72,fresh_below_zero_cross,46.85,80.540001,1.03,0.00298877,0.00124315,-0.03832835,0.04828841,4H MACD 刚金叉但仍需零轴确认；4H MACD 柱体连续扩张,4H EMA 转弱或跌破 EMA26
487,MG,MISTRAS GROUP INC,Industrials,Early,Russell,413,31.19,39.52,54.4,16.19,51.73,47.83,49.25,42.13,38.0,mixed_sideways,25.0,bearish_proxy,58.62,45.97,0.0,55,mixed_sideways,42,mixed_or_bearish,51.84,19.389999,1.88,-0.00767666,-0.02904357,0.06831950,0.21681826,4H RSI 位于健康强势区间,4H EMA 仍偏震荡；4H MACD 尚未确认多头
488,TAYD,TAYLOR DEVICES INC,Industrials,Early,Russell,429,31.09,39.31,54.4,15.98,51.73,47.24,48.6,41.28,35.0,mixed_sideways,25.0,bearish_proxy,58.75,46.0,0.0,52,mixed_sideways,50,mixed_or_bearish,51.02,59.91,0.51,0.01267748,-0.00630289,0.07413712,0.10995836,4H MACD 柱体连续扩张；4H RSI 位于健康强势区间,4H EMA 仍偏震荡；4H MACD 尚未确认多头
489,PANL,PANGAEA LOGISTICS SOLUTIONS,Industrials,Early,Russell,410,31.08,39.59,54.4,15.26,51.73,49.04,50.6,42.34,38.0,mixed_sideways,25.0,bearish_proxy,59.24,46.1,0.0,58,mixed_sideways,42,mixed_or_bearish,50.85,8.28,1.4,-0.01193317,-0.00180832,0.07953064,0.11590296,4H RSI 位于健康强势区间,4H EMA 仍偏震荡；4H MACD 尚未确认多头
490,PLTK,PLAYTIKA HOLDING CORP,Communication,Early,Russell,522,31.06,30.85,87.7,40.05,51.73,59.03,61.7,38.94,15.0,bearish_transition,49.8,bullish_below_zero_proxy,51.06,44.46,0.0,74,early_transition,58,bullish_above_signal,48.83,2.33,0.99,-0.01479915,0.02643172,0.02869757,-0.42751843,4H EMA9 已站上 EMA26，等待 26/50 确认；4H MACD 位于 Signal 上方；4H RSI 位于健康强势区间,
491,BOC,BOSTON OMAHA CORP CLASS A,Communication,Early,Russell,862,31.04,27.04,65.2,15.46,51.73,52.69,54.65,35.38,15.0,bearish_transition,25.0,bearish_proxy,59.06,46.06,0.0,53,mixed_sideways,66,bullish_above_signal,51.32,13.8,0.91,0.00914077,0.00803506,0.05182927,-0.05349794,4H MACD 位于 Signal 上方；4H MACD 柱体连续扩张；4H RSI 位于健康强势区间,4H EMA 仍偏震荡
492,CBNK,CAPITAL BANCORP INC,Financials,Early,Russell,790,30.87,37.61,51.7,92.37,51.73,41.21,41.9,36.29,35.0,mixed_sideways,25.0,bearish_proxy,43.65,42.98,0.0,28,confirmed_bearish_trend,58,bullish_above_signal,48.15,36.330002,1.34,0.00137825,0.00958736,-0.03145817,-0.04091866,4H MACD 位于 Signal 上方；4H RSI 位于健康强势区间,4H EMA 空头排列
493,CLDX,CELLDEX THERAPEUTICS,Health Care,Early,Russell,750,30.71,37.92,54.1,84.18,51.73,47.83,49.25,36.62,38.0,mixed_sideways,26.35,bearish_proxy,40.44,43.34,0.0,39,bearish_transition,72,fresh_below_zero_cross,47.35,38.709999,1.9,0.01948902,-0.00077447,-0.07635412,-0.00896062,4H MACD 刚金叉但仍需零轴确认；4H MACD 柱体连续扩张,4H EMA 转弱或跌破 EMA26
494,TRNO,TERRENO REALTY REIT,Real Estate,Early,Russell,420,30.59,34.11,51.7,98.66,51.73,44.05,45.05,41.73,15.0,bearish_transition,71.8,fresh_below_zero_cross_proxy,42.86,42.82,0.0,39,bearish_transition,58,bullish_above_signal,45.28,65.620003,1.45,0.00309550,0.00597884,-0.03782983,-0.06736779,4H MACD 位于 Signal 上方,4H EMA 转弱或跌破 EMA26
495,PURR,HYPERLIQUID STRATEGIES INC,Health Care,Early,Russell,183,30.46,44.14,54.4,0.52,51.73,50.68,50.75,55.04,35.0,mixed_sideways,25.0,bearish_proxy,100.0,55.25,0.0,55,mixed_sideways,50,mixed_or_bearish,50.38,11.44,0.71,0.02325581,-0.04746045,0.60111966,0.68111683,4H MACD 柱体连续扩张；4H RSI 位于健康强势区间,4H EMA 仍偏震荡；4H MACD 尚未确认多头
496,HTFL,HEARTFLOW,Health Care,Early,Russell,380,30.14,40.55,54.4,6.8,51.73,49.04,50.6,44.51,35.0,mixed_sideways,25.0,bearish_proxy,68.09,48.87,0.0,58,mixed_sideways,42,mixed_or_bearish,52.02,48.299999,1.1,-0.01247191,0.03381845,0.15246955,0.76987898,4H RSI 位于健康强势区间,4H EMA 仍偏震荡；4H MACD 尚未确认多头
497,FLXS,FLEXSTEEL INDUSTRIES INC,Consumer Discretionary,Early,Russell,317,30.14,41.74,54.4,4.02,51.73,47.83,49.25,48.23,38.0,mixed_sideways,26.35,bearish_proxy,76.08,49.47,0.0,55,mixed_sideways,42,mixed_or_bearish,50.48,81.550003,1.23,-0.00171378,-0.01853404,0.15542648,0.05063128,4H RSI 位于健康强势区间,4H EMA 仍偏震荡；4H MACD 尚未确认多头
498,WSFS,WSFS FINANCIAL,Financials,Early,Russell,403,30.1,42.53,51.7,75.77,51.73,50.93,52.7,43.11,35.0,mixed_sideways,49.8,bullish_below_zero_proxy,45.52,43.35,0.0,44,bearish_transition,70,bullish_above_signal,49.95,79.599998,1.58,-0.01191658,0.00574895,-0.02689493,-0.02820176,4H MACD 位于 Signal 上方；4H RSI 位于健康强势区间,4H EMA 转弱或跌破 EMA26
499,LAND,GLADSTONE LAND REIT CORP,Real Estate,Early,Russell,414,30.1,39.01,54.4,10.1,51.73,49.18,50.75,41.93,35.0,mixed_sideways,20.0,fresh_bearish_cross_proxy,64.53,47.16,0.0,55,mixed_sideways,50,mixed_or_bearish,51.11,9.375,0.74,0.00644122,-0.00793651,0.13774272,0.15030675,4H MACD 柱体连续扩张；4H RSI 位于健康强势区间,4H EMA 仍偏震荡；4H MACD 尚未确认多头
500,PLX,PROTALIX BIOTHERAPEUTICS,Health Care,Early,Russell,21,30.07,63.85,54.4,5.26,51.73,52.83,49.25,67.39,75.0,confirmed_bullish_trend,63.15,bullish_above_signal_proxy,72.17,49.68,0.0,55,mixed_sideways,42,mixed_or_bearish,55.67,2.685,1.26,0.00561798,0.00373832,0.16739130,0.13530655,4H RSI 位于健康强势区间,4H EMA 仍偏震荡；4H MACD 尚未确认多头
501,UNTY,UNITY BANCORP INC,Financials,Early,Russell,355,30.03,44.9,51.7,69.74,51.73,48.91,50.45,46.37,35.0,mixed_sideways,61.8,bullish_above_signal_proxy,46.3,43.51,0.0,41,bearish_transition,70,bullish_above_signal,48.94,59.25,0.85,-0.00453629,0.00731044,-0.02645417,-0.01373285,4H MACD 位于 Signal 上方；4H RSI 位于健康强势区间,4H EMA 转弱或跌破 EMA26
502,GSBC,GREAT SOUTHERN BANCORP INC,Financials,Early,Russell,354,30.0,44.9,51.7,69.54,51.73,49.31,50.9,46.37,35.0,mixed_sideways,61.8,bullish_above_signal_proxy,46.31,43.51,0.0,44,bearish_transition,70,bullish_above_signal,45.65,79.150002,1.23,-0.01136643,0.00342298,-0.01481197,-0.03546181,4H MACD 位于 Signal 上方,4H EMA 转弱或跌破 EMA26
503,LTRX,LANTRONIX INC,Information Technology,Early,Russell,1770,29.94,23.1,65.2,17.32,51.73,53.49,55.55,23.64,18.0,bearish_transition,26.35,bearish_proxy,19.76,38.2,0.0,53,mixed_sideways,66,bullish_above_signal,53.29,5.42,1.95,0.02846300,0.06903353,-0.18740630,-0.11220311,4H MACD 位于 Signal 上方；4H MACD 柱体连续扩张；4H RSI 位于健康强势区间,4H EMA 仍偏震荡
504,FSTR,LB FOSTER,Industrials,Early,Russell,804,29.9,29.89,54.1,97.53,51.73,48.23,49.7,36.11,15.0,bearish_transition,49.8,bullish_below_zero_proxy,42.48,42.75,0.0,36,bearish_transition,72,fresh_below_zero_cross,48.12,37.349998,1.25,0.01384359,-0.01229673,-0.03125410,-0.10795321,4H MACD 刚金叉但仍需零轴确认；4H MACD 柱体连续扩张；4H RSI 位于健康强势区间,4H EMA 转弱或跌破 EMA26
505,WEYS,WEYCO GROUP INC,Consumer Discretionary,Early,Russell,733,29.9,37.78,54.1,79.12,51.73,44.45,45.5,36.79,35.0,mixed_sideways,25.0,bearish_proxy,45.17,43.28,0.0,38,bearish_transition,64,fresh_below_zero_cross,45.47,43.830002,0.99,-0.00904359,-0.02208831,-0.04217649,0.07479164,4H MACD 刚金叉但仍需零轴确认,4H EMA 转弱或跌破 EMA26
506,EPM,EVOLUTION PETROLEUM CORP,Energy,Early,Russell,128,29.88,72.69,37.3,55.67,51.73,39.47,38.3,59.01,85.0,early_transition,49.8,bullish_below_zero_proxy,48.26,43.9,0.0,44,bearish_transition,28,fresh_bearish_cross,46.65,3.65,2.1,-0.03566711,-0.01217862,-0.04450262,0.02528090,,4H EMA 转弱或跌破 EMA26；4H MACD 最近死叉
507,SCL,STEPAN,Materials,Early,Russell,724,29.71,37.79,54.1,77.78,51.73,48.63,50.15,36.84,35.0,mixed_sideways,25.0,bearish_proxy,45.31,43.31,0.0,39,bearish_transition,72,fresh_below_zero_cross,48.2,61.830002,0.89,0.00145773,0.00161999,-0.04406305,-0.03360422,4H MACD 刚金叉但仍需零轴确认；4H MACD 柱体连续扩张；4H RSI 位于健康强势区间,4H EMA 转弱或跌破 EMA26
508,VREX,VAREX IMAGING,Health Care,Early,Russell,1904,29.6,32.89,54.4,55.46,0.08,45.12,46.25,17.4,35.0,mixed_sideways,22.75,bearish_proxy,48.27,44.9,20.0,43,mixed_sideways,50,mixed_or_bearish,66.82,18.469999,1.35,-0.00081158,-0.00162168,-0.00027069,0.49554648,4H MACD 柱体连续扩张；4H RSI 位于健康强势区间,4H EMA 仍偏震荡；4H 相对 EMA26 超过 2 ATR，短线偏追高；4H MACD 尚未确认多头
509,NAUT,NAUTILUS BIOTECHNOLGY,Health Care,Early,Russell,601,29.52,30.67,76.9,59.02,51.73,53.72,55.8,38.0,15.0,bearish_transition,49.8,bullish_below_zero_proxy,47.77,44.8,0.0,68,early_transition,50,mixed_or_bearish,51.0,0.9721,0.4,0.03118702,-0.13205357,0.09236993,-0.01509625,4H EMA9 已站上 EMA26，等待 26/50 确认；4H MACD 柱体连续扩张；4H RSI 位于健康强势区间,4H MACD 尚未确认多头
510,CBZ,CBIZ,Industrials,Early,Russell,1510,29.3,35.51,54.4,45.98,2.11,49.04,50.6,27.62,38.0,mixed_sideways,24.1,bearish_proxy,49.77,44.2,11.37,58,mixed_sideways,42,mixed_or_bearish,51.96,54.599998,1.66,-0.00128041,-0.00018317,-0.00146309,-0.00889457,4H RSI 位于健康强势区间,4H EMA 仍偏震荡；4H MACD 尚未确认多头
511,MLR,MILLER INDUSTRIES INC,Industrials,Early,Russell,710,29.24,37.84,54.1,74.54,51.73,45.8,47.0,36.96,35.0,mixed_sideways,25.0,bearish_proxy,45.68,43.39,0.0,36,bearish_transition,72,fresh_below_zero_cross,46.26,54.735001,0.72,0.00228896,0.00018279,-0.03346283,0.07566087,4H MACD 刚金叉但仍需零轴确认；4H MACD 柱体连续扩张,4H EMA 转弱或跌破 EMA26
512,CLNE,CLEAN ENERGY FUELS,Energy,Early,Russell,465,29.17,31.26,87.7,26.49,51.73,63.08,66.2,40.13,15.0,bearish_transition,49.8,bullish_below_zero_proxy,54.67,45.18,0.0,76,early_transition,70,bullish_above_signal,53.44,1.7,0.64,-0.05555556,0.03030303,0.03030303,-0.09333333,4H EMA9 已站上 EMA26，等待 26/50 确认；4H MACD 位于 Signal 上方；4H RSI 位于健康强势区间,
513,HBB,HAMILTON BEACH BRANDS HOLDING COMP,Consumer Discretionary,Early,Russell,822,29.07,37.41,51.7,80.82,51.73,46.07,47.3,35.96,38.0,mixed_sideways,25.0,bearish_proxy,39.91,42.23,0.0,44,bearish_transition,58,bullish_above_signal,47.87,30.73,2.02,0.00326481,-0.01379974,-0.09431182,0.30101603,4H MACD 位于 Signal 上方,4H EMA 转弱或跌破 EMA26
514,KINS,KINGSTONE COMPANIES INC,Financials,Early,Russell,798,28.99,37.58,46.1,94.85,51.73,39.19,39.65,36.2,35.0,mixed_sideways,25.0,bearish_proxy,43.38,42.93,0.0,25,confirmed_bearish_trend,64,fresh_below_zero_cross,44.15,19.4,0.77,-0.00767258,0.00492100,-0.02669070,-0.04761909,4H MACD 刚金叉但仍需零轴确认,4H EMA 空头排列
515,AIN,ALBANY INTERNATIONAL CORP CLASS A,Industrials,Early,Russell,837,28.92,29.79,54.1,91.19,51.73,39.59,40.1,35.81,15.0,bearish_transition,49.8,bullish_below_zero_proxy,41.59,42.57,0.0,22,confirmed_bearish_trend,64,fresh_below_zero_cross,49.44,60.16,0.63,0.00149825,-0.00726069,-0.05764411,-0.04447267,4H MACD 刚金叉但仍需零轴确认；4H RSI 位于健康强势区间,4H EMA 空头排列
516,IMKTA,INGLES MARKETS CLASS A,Consumer Staples,Early,Russell,767,28.79,30.16,51.7,95.88,51.73,40.4,41.0,36.5,15.0,bearish_transition,49.8,bullish_below_zero_proxy,43.23,43.9,0.0,28,confirmed_bearish_trend,58,bullish_above_signal,48.25,82.68,1.0,-0.00132867,0.02074074,-0.04471407,-0.09826592,4H MACD 位于 Signal 上方；4H RSI 位于健康强势区间,4H EMA 空头排列
517,TRN,TRINITY INDUSTRIES INC,Industrials,Early,Russell,814,28.72,29.86,51.7,96.13,51.73,44.05,45.05,36.02,15.0,bearish_transition,49.8,bullish_below_zero_proxy,42.21,42.69,0.0,39,bearish_transition,58,bullish_above_signal,46.66,28.34,1.14,0.00818211,0.00639205,-0.05122199,-0.11561861,4H MACD 位于 Signal 上方,4H EMA 转弱或跌破 EMA26
518,RXT,RACKSPACE TECHNOLOGY INC,Information Technology,Early,Russell,1102,28.69,28.2,87.7,30.46,51.73,59.03,61.7,31.14,15.0,bearish_transition,49.8,bullish_below_zero_proxy,27.43,39.74,0.0,74,early_transition,58,bullish_above_signal,55.5,3.48,0.68,0.03111111,0.07076923,-0.11898734,-0.32361516,4H EMA9 已站上 EMA26，等待 26/50 确认；4H MACD 位于 Signal 上方；4H RSI 位于健康强势区间,
519,CRGY,CRESCENT ENERGY CLASS A,Energy,Early,Russell,394,28.57,39.49,50.8,8.35,51.73,45.26,46.4,43.59,38.0,mixed_sideways,20.0,fresh_bearish_cross_proxy,66.81,47.61,0.0,58,mixed_sideways,28,fresh_bearish_cross,52.59,14.4,1.2,-0.06491078,0.01123596,0.13475177,0.27829561,4H RSI 位于健康强势区间,4H EMA 仍偏震荡；4H MACD 最近死叉
520,DNOW,DNOW,Industrials,Early,Russell,682,28.47,37.91,54.1,69.28,51.73,47.69,49.1,37.18,35.0,mixed_sideways,25.0,bearish_proxy,46.34,43.52,0.0,44,bearish_transition,64,fresh_below_zero_cross,45.13,15.61,1.12,-0.02498438,-0.03283761,-0.03343653,0.08365151,4H MACD 刚金叉但仍需零轴确认,4H EMA 转弱或跌破 EMA26
521,BZAI,BLAIZE HOLDINGS INC,Information Technology,Early,Russell,833,28.43,29.99,87.7,56.86,3.27,58.31,60.9,35.86,18.0,bearish_transition,49.8,bullish_below_zero_proxy,48.1,43.87,3.0,74,early_transition,58,bullish_above_signal,59.68,0.5883,0.54,0.07510965,0.19064967,0.12895797,-0.38365636,4H EMA9 已站上 EMA26，等待 26/50 确认；4H MACD 位于 Signal 上方；4H RSI 位于健康强势区间,
522,IART,INTEGRA LIFESCIENCES HOLDINGS,Health Care,Early,Russell,1094,28.24,25.81,54.1,95.98,51.73,47.83,49.25,31.2,18.0,bearish_transition,26.35,bearish_proxy,42.19,43.69,0.0,39,bearish_transition,72,fresh_below_zero_cross,46.65,16.059999,2.24,0.01229114,-0.01230018,-0.09111494,-0.10229179,4H MACD 刚金叉但仍需零轴确认；4H MACD 柱体连续扩张,4H EMA 转弱或跌破 EMA26
523,CVSA,COVISTA,Consumer Discretionary,Early,Russell,1229,28.23,25.24,54.1,97.22,51.73,47.83,49.25,30.09,15.0,bearish_transition,25.0,bearish_proxy,43.05,42.86,0.0,39,bearish_transition,72,fresh_below_zero_cross,46.91,127.264,1.06,0.00907070,0.01163750,-0.03799224,-0.02209927,4H MACD 刚金叉但仍需零轴确认；4H MACD 柱体连续扩张,4H EMA 转弱或跌破 EMA26
524,NWBI,NORTHWEST BANCSHARES INC,Financials,Early,Russell,318,28.21,45.59,51.7,55.98,51.73,49.89,51.55,48.23,38.0,mixed_sideways,63.15,bullish_above_signal_proxy,48.19,43.89,0.0,44,bearish_transition,70,bullish_above_signal,48.17,15.45,2.65,-0.00802568,0.00520494,-0.01592357,-0.03618222,4H MACD 位于 Signal 上方；4H RSI 位于健康强势区间,4H EMA 转弱或跌破 EMA26
525,CNMD,CONMED CORP,Health Care,Early,Russell,845,28.18,37.54,46.1,89.54,51.73,47.83,49.25,35.68,35.0,mixed_sideways,25.0,bearish_proxy,41.33,43.52,0.0,39,bearish_transition,72,fresh_below_zero_cross,44.42,47.139999,1.35,0.00737260,0.00319210,-0.04303693,-0.06542427,4H MACD 刚金叉但仍需零轴确认；4H MACD 柱体连续扩张,4H EMA 转弱或跌破 EMA26
526,GEF,GREIF INC CLASS A,Materials,Early,Russell,667,28.06,37.95,54.1,66.44,51.73,46.61,47.9,37.3,35.0,mixed_sideways,25.0,bearish_proxy,46.7,43.59,0.0,36,bearish_transition,72,fresh_below_zero_cross,46.76,82.949997,1.2,0.02572022,-0.00777513,-0.05015464,-0.07142063,4H MACD 刚金叉但仍需零轴确认；4H MACD 柱体连续扩张,4H EMA 转弱或跌破 EMA26
527,EVLV,EVOLV TECHNOLOGIES HOLDINGS CLASS,Information Technology,Early,Russell,836,28.05,29.79,51.7,91.8,51.73,38.38,38.75,35.83,15.0,bearish_transition,49.8,bullish_below_zero_proxy,41.64,42.58,0.0,25,confirmed_bearish_trend,58,bullish_above_signal,45.64,5.045,1.14,-0.00786627,0.02228977,-0.07937956,-0.15916667,4H MACD 位于 Signal 上方,4H EMA 空头排列
528,DCOM,DIME COMMERCIAL BANCSHARES,Financials,Early,Russell,343,27.99,45.12,51.7,55.67,51.73,50.93,52.7,47.01,35.0,mixed_sideways,61.8,bullish_above_signal_proxy,48.26,43.9,0.0,44,bearish_transition,70,bullish_above_signal,48.53,40.59,1.6,-0.00757951,0.00433005,-0.00709396,-0.02731848,4H MACD 位于 Signal 上方；4H RSI 位于健康强势区间,4H EMA 转弱或跌破 EMA26
529,OFG,OFG BANCORP,Financials,Early,Russell,572,27.97,38.36,51.7,71.24,51.73,49.89,51.55,38.33,38.0,mixed_sideways,26.35,bearish_proxy,46.08,43.47,0.0,44,bearish_transition,70,bullish_above_signal,48.02,52.5,2.69,-0.00849860,0.00651840,-0.01924153,-0.01703801,4H MACD 位于 Signal 上方；4H RSI 位于健康强势区间,4H EMA 转弱或跌破 EMA26
530,ALRS,ALERUS FINANCIAL CORP,Financials,Early,Russell,697,27.94,37.87,51.7,72.22,51.73,49.31,50.9,37.06,35.0,mixed_sideways,25.0,bearish_proxy,45.97,43.44,0.0,44,bearish_transition,70,bullish_above_signal,47.67,33.040001,1.48,-0.00421938,0.00701006,-0.01402558,-0.03080079,4H MACD 位于 Signal 上方,4H EMA 转弱或跌破 EMA26
531,FUNC,FIRST UNITED CORP,Financials,Early,Russell,392,27.88,42.77,51.7,60.41,51.73,49.31,50.9,43.81,35.0,mixed_sideways,49.8,bullish_below_zero_proxy,47.65,43.78,0.0,44,bearish_transition,70,bullish_above_signal,46.22,43.5,2.2,-0.02815009,0.00138124,-0.04437610,-0.02858417,4H MACD 位于 Signal 上方,4H EMA 转弱或跌破 EMA26
532,SGC,SUPERIOR GROUP OF COMPANIES INC,Consumer Discretionary,Early,Russell,759,27.85,30.05,51.7,89.9,51.73,38.78,39.2,36.57,15.0,bearish_transition,49.8,bullish_below_zero_proxy,43.9,43.03,0.0,22,confirmed_bearish_trend,58,bullish_above_signal,48.31,12.4,1.54,0.01806240,-0.00161031,-0.02973396,-0.11111111,4H MACD 位于 Signal 上方；4H RSI 位于健康强势区间,4H EMA 空头排列
533,MBIN,MERCHANTS BANCORP,Financials,Early,Russell,693,27.84,37.88,51.7,71.55,51.73,38.38,38.75,37.09,35.0,mixed_sideways,25.0,bearish_proxy,46.05,43.46,0.0,25,confirmed_bearish_trend,58,bullish_above_signal,46.79,52.630001,1.24,0.00362323,0.00266716,-0.03448903,-0.05409774,4H MACD 位于 Signal 上方,4H EMA 空头排列
534,MBX,MBX BIOSCIENCES,Health Care,Early,Russell,867,27.79,37.32,54.1,66.08,51.73,48.41,49.9,35.29,38.0,mixed_sideways,25.0,bearish_proxy,37.42,42.73,0.0,39,bearish_transition,72,fresh_below_zero_cross,48.55,61.57,2.89,0.02702250,-0.02223282,-0.09694925,-0.12913716,4H MACD 刚金叉但仍需零轴确认；4H MACD 柱体连续扩张；4H RSI 位于健康强势区间,4H EMA 转弱或跌破 EMA26
535,AXTI,AXT,Information Technology,Early,Russell,1911,27.77,20.88,67.6,1.65,51.73,53.9,56.0,17.12,18.0,bearish_transition,26.35,bearish_proxy,0.0,34.25,0.0,50,mixed_sideways,72,fresh_below_zero_cross,51.56,64.300003,1.3,0.11661030,-0.06676341,-0.32957981,-0.01455934,4H MACD 刚金叉但仍需零轴确认；4H MACD 柱体连续扩张；4H RSI 位于健康强势区间,4H EMA 仍偏震荡
536,SKYW,SKYWEST,Industrials,Early,Russell,447,27.57,33.74,51.7,79.38,51.73,47.83,49.25,40.65,15.0,bearish_transition,71.8,fresh_below_zero_cross_proxy,39.58,42.17,0.0,39,bearish_transition,66,bullish_above_signal,49.43,97.129997,1.4,0.01134940,0.01108619,-0.08029546,-0.15472984,4H MACD 位于 Signal 上方；4H MACD 柱体连续扩张；4H RSI 位于健康强势区间,4H EMA 转弱或跌破 EMA26
537,KMT,KENNAMETAL,Industrials,Early,Russell,848,27.47,29.73,51.7,88.09,51.73,46.61,47.9,35.63,15.0,bearish_transition,49.8,bullish_below_zero_proxy,41.04,42.46,0.0,36,bearish_transition,66,bullish_above_signal,49.26,29.700001,1.06,0.01503763,0.00202436,-0.06662473,-0.17682929,4H MACD 位于 Signal 上方；4H MACD 柱体连续扩张；4H RSI 位于健康强势区间,4H EMA 转弱或跌破 EMA26
538,HQY,HEALTHEQUITY,Health Care,Early,Russell,1235,27.45,25.37,51.7,98.09,51.73,37.57,37.85,30.07,15.0,bearish_transition,25.0,bearish_proxy,42.52,43.75,0.0,25,confirmed_bearish_trend,58,bullish_above_signal,45.87,96.0,0.93,-0.00949234,0.03593398,-0.06204199,-0.08588838,4H MACD 位于 Signal 上方,4H EMA 空头排列
539,EBF,ENNIS INC,Industrials,Early,Russell,1231,27.37,25.23,51.7,97.89,51.73,44.86,45.95,30.08,15.0,bearish_transition,25.0,bearish_proxy,43.01,42.85,0.0,39,bearish_transition,58,bullish_above_signal,49.1,21.33,0.97,0.00187877,0.00376471,-0.04563758,-0.04478280,4H MACD 位于 Signal 上方；4H RSI 位于健康强势区间,4H EMA 转弱或跌破 EMA26
540,LION,LIONSGATE STUDIOS,Communication,Early,Russell,740,27.35,30.1,51.7,86.39,51.73,44.86,45.95,36.74,15.0,bearish_transition,49.8,bullish_below_zero_proxy,44.4,43.13,0.0,39,bearish_transition,58,bullish_above_signal,49.5,11.32,0.76,0.02350814,0.02489814,-0.05351171,-0.13190184,4H MACD 位于 Signal 上方；4H RSI 位于健康强势区间,4H EMA 转弱或跌破 EMA26
541,SRBK,SR BANCORP INC,Financials,Early,Russell,1058,27.26,25.83,54.1,89.38,51.73,48.23,49.7,31.65,18.0,bearish_transition,26.35,bearish_proxy,44.0,43.05,0.0,36,bearish_transition,72,fresh_below_zero_cross,48.51,19.540001,2.25,0.00669763,-0.00280674,-0.02689238,-0.00635647,4H MACD 刚金叉但仍需零轴确认；4H MACD 柱体连续扩张；4H RSI 位于健康强势区间,4H EMA 转弱或跌破 EMA26
542,CCO,CLEAR CHANNEL OUTDOOR HOLDINGS INC,Communication,Early,Russell,590,27.25,30.56,73.3,53.76,51.73,49.81,51.45,38.08,15.0,bearish_transition,49.8,bullish_below_zero_proxy,48.47,43.94,0.0,73,early_transition,28,fresh_bearish_cross,52.55,2.385,0.46,0.00000000,-0.00209205,0.03246753,-0.01851852,4H EMA9 已站上 EMA26，等待 26/50 确认；4H RSI 位于健康强势区间,4H MACD 最近死叉
543,DLX,DELUXE,Industrials,Early,Russell,738,27.2,30.11,51.7,85.41,51.73,36.35,36.5,36.76,15.0,bearish_transition,49.8,bullish_below_zero_proxy,44.47,43.14,0.0,22,confirmed_bearish_trend,58,bullish_above_signal,47.85,23.65,0.88,0.00000000,0.00595491,-0.02634833,-0.12326228,4H MACD 位于 Signal 上方,4H EMA 空头排列
544,CASS,CASS INFORMATION SYSTEMS INC,Financials,Early,Russell,780,27.19,37.65,43.7,89.07,51.73,37.57,37.85,36.42,35.0,mixed_sideways,25.0,bearish_proxy,44.03,43.06,0.0,25,confirmed_bearish_trend,58,bullish_above_signal,44.32,55.32,0.71,0.00036168,0.00253715,-0.03489184,-0.03032426,4H MACD 位于 Signal 上方,4H EMA 空头排列
545,ACHC,ACADIA HEALTHCARE COMPANY,Health Care,Early,Russell,460,27.04,33.74,54.1,69.48,51.73,48.23,49.7,40.25,15.0,bearish_transition,71.8,fresh_below_zero_cross_proxy,37.91,42.83,0.0,36,bearish_transition,72,fresh_below_zero_cross,48.3,28.16,1.08,0.01605629,-0.00035499,-0.06102034,-0.11083044,4H MACD 刚金叉但仍需零轴确认；4H MACD 柱体连续扩张；4H RSI 位于健康强势区间,4H EMA 转弱或跌破 EMA26
546,OTTR,OTTER TAIL,Utilities,Early,Russell,1152,27.0,25.56,54.1,88.3,51.73,46.61,47.9,30.62,15.0,bearish_transition,25.0,bearish_proxy,44.18,44.09,0.0,36,bearish_transition,72,fresh_below_zero_cross,47.31,89.029999,1.52,0.01516536,-0.00591781,-0.03917553,-0.04114162,4H MACD 刚金叉但仍需零轴确认；4H MACD 柱体连续扩张,4H EMA 转弱或跌破 EMA26
547,BCML,BAYCOM CORP,Financials,Early,Russell,722,26.99,30.14,51.7,83.92,51.73,39.59,40.1,36.84,15.0,bearish_transition,49.8,bullish_below_zero_proxy,44.69,43.19,0.0,28,confirmed_bearish_trend,58,bullish_above_signal,45.71,30.030001,2.45,-0.00497015,0.00066648,-0.01782502,-0.03331724,4H MACD 位于 Signal 上方,4H EMA 空头排列
548,ANIK,ANIKA THERAPEUTICS INC,Health Care,Early,Russell,784,26.95,37.77,40.9,94.64,51.73,38.51,38.9,36.37,35.0,mixed_sideways,25.0,bearish_proxy,43.42,43.93,0.0,38,bearish_transition,42,mixed_or_bearish,47.2,20.84,0.82,0.00144166,-0.00239344,-0.03361934,0.06435138,,4H EMA 转弱或跌破 EMA26；4H MACD 尚未确认多头
549,IRWD,IRONWOOD PHARMA CLASS A,Health Care,Early,Russell,842,26.86,37.54,67.6,90.05,51.73,54.31,56.45,35.7,35.0,mixed_sideways,25.0,bearish_proxy,41.41,43.53,0.0,53,mixed_sideways,72,fresh_below_zero_cross,50.75,4.17,0.97,0.01336574,0.02457002,-0.04357798,-0.03135889,4H MACD 刚金叉但仍需零轴确认；4H MACD 柱体连续扩张；4H RSI 位于健康强势区间,4H EMA 仍偏震荡
550,GDOT,GREEN DOT CLASS A,Financials,Early,Russell,660,26.85,37.98,51.7,64.69,51.73,44.45,45.5,37.37,35.0,mixed_sideways,25.0,bearish_proxy,46.93,43.64,0.0,36,bearish_transition,58,bullish_above_signal,49.31,13.26,1.13,0.00264650,0.02000000,-0.01412639,0.00454545,4H MACD 位于 Signal 上方；4H RSI 位于健康强势区间,4H EMA 转弱或跌破 EMA26
551,TMP,TOMPKINS FINANCIAL CORP,Financials,Early,Russell,813,26.81,37.0,51.7,66.7,51.73,50.93,52.7,36.04,35.0,mixed_sideways,20.0,fresh_bearish_cross_proxy,46.68,43.59,0.0,44,bearish_transition,70,bullish_above_signal,49.26,98.190002,1.26,-0.00132219,0.01226806,-0.02347092,-0.03022220,4H MACD 位于 Signal 上方；4H RSI 位于健康强势区间,4H EMA 转弱或跌破 EMA26
552,KYMR,KYMERA THERAPEUTICS,Health Care,Early,Russell,781,26.8,37.78,40.9,93.61,51.73,42.29,43.1,36.41,35.0,mixed_sideways,25.0,bearish_proxy,43.55,43.96,0.0,36,bearish_transition,50,mixed_or_bearish,49.16,116.330002,1.06,0.03643981,0.00823371,-0.04120992,0.11384527,4H MACD 柱体连续扩张；4H RSI 位于健康强势区间,4H EMA 转弱或跌破 EMA26；4H MACD 尚未确认多头
553,MGRC,MCGRATH RENT,Industrials,Early,Russell,456,26.78,33.64,51.7,74.33,51.73,46.21,47.45,40.35,15.0,bearish_transition,71.8,fresh_below_zero_cross_proxy,38.68,41.99,0.0,39,bearish_transition,66,bullish_above_signal,47.41,111.220001,1.17,0.00898120,0.00108014,-0.08166130,-0.07578524,4H MACD 位于 Signal 上方；4H MACD 柱体连续扩张,4H EMA 转弱或跌破 EMA26
554,QNST,QUINSTREET INC,Communication,Early,Russell,924,26.73,36.91,51.7,66.39,51.73,37.57,37.85,34.24,35.0,mixed_sideways,25.0,bearish_proxy,37.44,41.74,0.0,25,confirmed_bearish_trend,58,bullish_above_signal,45.25,18.4,1.04,-0.00378988,0.03487058,-0.08684864,0.17647059,4H MACD 位于 Signal 上方,4H EMA 空头排列
555,CHCO,CITY HOLDING,Financials,Early,Russell,654,26.72,38.0,51.7,63.81,51.73,49.31,50.9,37.43,35.0,mixed_sideways,25.0,bearish_proxy,47.09,43.67,0.0,44,bearish_transition,70,bullish_above_signal,46.28,143.820007,1.61,-0.00906045,-0.00204696,-0.01283544,-0.01290316,4H MACD 位于 Signal 上方,4H EMA 转弱或跌破 EMA26
556,IMAX,IMAX,Communication,Early,Russell,652,26.69,38.0,51.7,63.61,51.73,50.93,52.7,37.45,35.0,mixed_sideways,25.0,bearish_proxy,47.15,43.68,0.0,44,bearish_transition,70,bullish_above_signal,49.59,52.110001,1.27,-0.01956728,0.01027528,-0.00534449,0.01638387,4H MACD 位于 Signal 上方；4H RSI 位于健康强势区间,4H EMA 转弱或跌破 EMA26
557,LMAT,LEMAITRE VASCULAR,Health Care,Early,Russell,692,26.63,30.36,51.7,80.98,51.73,45.66,46.85,37.1,15.0,bearish_transition,49.8,bullish_below_zero_proxy,45.03,44.26,0.0,39,bearish_transition,58,bullish_above_signal,48.4,80.379997,1.06,0.00037335,0.01081489,-0.02664089,-0.24134026,4H MACD 位于 Signal 上方；4H RSI 位于健康强势区间,4H EMA 转弱或跌破 EMA26
558,MITK,MITEK SYSTEMS INC,Information Technology,Early,Russell,1280,26.62,25.1,51.7,93.2,51.73,38.38,38.75,29.69,15.0,bearish_transition,25.0,bearish_proxy,41.83,42.62,0.0,25,confirmed_bearish_trend,58,bullish_above_signal,46.47,17.700001,1.14,-0.02074689,0.02608701,-0.04530744,-0.00056454,4H MACD 位于 Signal 上方,4H EMA 空头排列
559,DAVE,DAVE CLASS A,Financials,Early,Russell,288,26.58,45.98,59.5,23.4,51.73,54.32,54.8,49.54,35.0,mixed_sideways,61.8,bullish_above_signal_proxy,55.93,45.44,0.0,44,bearish_transition,80,fresh_above_zero_cross,49.78,365.829987,1.03,-0.03173474,0.01318298,0.06964702,-0.14836114,4H MACD 零轴上方刚金叉；4H RSI 位于健康强势区间,4H EMA 转弱或跌破 EMA26
560,SWBI,SMITH WESSON BRANDS INC,Consumer Discretionary,Early,Russell,866,26.54,29.62,51.7,82.16,51.73,35.63,35.7,35.32,15.0,bearish_transition,49.8,bullish_below_zero_proxy,40.1,42.27,0.0,22,confirmed_bearish_trend,58,bullish_above_signal,46.34,13.06,0.54,0.00384320,-0.02391629,-0.07768362,-0.12700535,4H MACD 位于 Signal 上方,4H EMA 空头排列
561,FFIN,FIRST FINANCIAL BANKSHARES INC,Financials,Early,Russell,581,26.52,30.66,51.7,79.59,51.73,40.18,40.75,38.21,18.0,bearish_transition,51.15,bullish_below_zero_proxy,45.12,43.27,0.0,28,confirmed_bearish_trend,58,bullish_above_signal,48.9,33.32,3.02,-0.00269380,0.01864876,-0.04445079,-0.06246485,4H MACD 位于 Signal 上方；4H RSI 位于健康强势区间,4H EMA 空头排列
562,CBU,COMMUNITY FINANCIAL SYSTEM INC,Financials,Early,Russell,573,26.22,30.69,51.7,77.47,51.73,37.34,37.6,38.3,18.0,bearish_transition,51.15,bullish_below_zero_proxy,45.37,43.32,0.0,25,confirmed_bearish_trend,58,bullish_above_signal,46.62,62.779999,2.56,-0.00079585,0.00673505,-0.03415386,-0.05940526,4H MACD 位于 Signal 上方,4H EMA 空头排列
563,KELYA,KELLY SERVICES INC CLASS A,Industrials,Early,Russell,611,26.19,38.16,54.1,53.45,51.73,50.66,52.4,37.9,35.0,mixed_sideways,25.0,bearish_proxy,48.53,43.96,0.0,44,bearish_transition,72,fresh_below_zero_cross,49.48,16.299999,1.02,-0.00244804,0.02194351,0.01431232,0.06990476,4H MACD 刚金叉但仍需零轴确认；4H MACD 柱体连续扩张；4H RSI 位于健康强势区间,4H EMA 转弱或跌破 EMA26
564,NUAI,NEW ERA ENERGY AND DIGITAL INC,Energy,Early,Russell,390,26.17,44.06,40.9,74.79,51.73,38.51,38.9,43.9,35.0,mixed_sideways,61.8,bullish_above_signal_proxy,38.82,42.01,0.0,38,bearish_transition,42,mixed_or_bearish,45.9,5.41,0.78,-0.03220036,-0.16512346,-0.00551471,0.02365184,,4H EMA 转弱或跌破 EMA26；4H MACD 尚未确认多头
565,ADIG,ADI GLOBAL DISTRIBUTION,Information Technology,Early,Russell,635,26.15,38.06,51.7,59.85,51.73,45.8,47.0,37.62,35.0,mixed_sideways,25.0,bearish_proxy,47.68,43.79,0.0,36,bearish_transition,66,bullish_above_signal,49.46,21.014999,0.84,0.02762826,0.01718291,-0.01982285,-0.10574472,4H MACD 位于 Signal 上方；4H MACD 柱体连续扩张；4H RSI 位于健康强势区间,4H EMA 转弱或跌破 EMA26
566,HBNC,HORIZON BANCORP INC,Financials,Early,Russell,649,26.11,30.41,43.7,98.76,51.73,37.16,37.4,37.47,18.0,bearish_transition,51.15,bullish_below_zero_proxy,42.85,42.82,0.0,22,confirmed_bearish_trend,58,bullish_above_signal,40.42,19.49,2.09,-0.01191381,-0.00357868,-0.04320083,-0.06298072,4H MACD 位于 Signal 上方,4H EMA 空头排列
567,SRCE,1ST SOURCE,Financials,Early,Russell,860,26.09,36.78,43.7,83.76,51.73,49.31,50.9,35.39,35.0,mixed_sideways,20.0,fresh_bearish_cross_proxy,44.72,43.19,0.0,44,bearish_transition,70,bullish_above_signal,43.92,85.940002,1.75,-0.01263786,-0.00023263,-0.02296495,-0.05341997,4H MACD 位于 Signal 上方,4H EMA 转弱或跌破 EMA26
568,CARS,CARS.COM INC,Communication,Early,Russell,1183,26.06,25.35,51.7,88.92,51.73,37.57,37.85,30.42,15.0,bearish_transition,25.0,bearish_proxy,44.05,43.06,0.0,25,confirmed_bearish_trend,58,bullish_above_signal,45.07,11.51,1.0,-0.01749893,0.02584670,-0.02910164,-0.03682008,4H MACD 位于 Signal 上方,4H EMA 空头排列
569,VRDN,VIRIDIAN THERAPEUTICS ORS,Health Care,Early,Russell,751,26.03,37.86,40.9,88.3,51.73,42.29,43.1,36.62,35.0,mixed_sideways,25.0,bearish_proxy,44.18,44.09,0.0,36,bearish_transition,50,mixed_or_bearish,49.21,22.440001,1.84,0.03937013,-0.01275842,-0.02857139,0.07677548,4H MACD 柱体连续扩张；4H RSI 位于健康强势区间,4H EMA 转弱或跌破 EMA26；4H MACD 尚未确认多头
570,FRME,FIRST MERCHANTS,Financials,Early,Russell,802,26.0,29.9,43.7,99.23,51.73,38.38,38.75,36.14,15.0,bearish_transition,49.8,bullish_below_zero_proxy,42.6,42.77,0.0,25,confirmed_bearish_trend,58,bullish_above_signal,42.22,41.060001,1.73,-0.01511149,0.00859745,-0.05674243,-0.05685079,4H MACD 位于 Signal 上方,4H EMA 空头排列
571,SMBC,SOUTHERN MISSOURI BANCORP INC,Financials,Early,Russell,801,26.0,29.9,43.7,99.23,51.73,34.19,34.1,36.15,15.0,bearish_transition,49.8,bullish_below_zero_proxy,42.6,42.77,0.0,22,confirmed_bearish_trend,58,bullish_above_signal,39.45,72.519997,0.96,-0.00969556,-0.00288747,-0.05103378,-0.08428566,4H MACD 位于 Signal 上方,4H EMA 空头排列；4H RSI 偏弱
572,PRGS,PROGRESS SOFTWARE CORP,Information Technology,Early,Russell,739,25.98,37.76,43.7,80.72,51.73,45.26,46.4,36.75,35.0,mixed_sideways,25.0,bearish_proxy,45.04,43.26,0.0,44,bearish_transition,58,bullish_above_signal,44.85,41.849998,1.01,-0.03371053,0.02473061,-0.02356517,0.00000000,4H MACD 位于 Signal 上方,4H EMA 转弱或跌破 EMA26
573,URGN,UROGEN PHARMA,Health Care,Early,Russell,958,25.96,36.8,54.1,55.1,51.73,48.23,49.7,33.51,35.0,mixed_sideways,25.0,bearish_proxy,34.77,42.2,0.0,36,bearish_transition,72,fresh_below_zero_cross,49.03,43.490002,1.63,0.05507038,-0.03312579,-0.11461721,0.09243911,4H MACD 刚金叉但仍需零轴确认；4H MACD 柱体连续扩张；4H RSI 位于健康强势区间,4H EMA 转弱或跌破 EMA26
574,MAN,MANPOWER,Industrials,Early,Russell,597,25.87,38.2,54.1,51.24,51.73,48.63,50.15,38.03,35.0,mixed_sideways,25.0,bearish_proxy,48.9,44.03,0.0,41,bearish_transition,72,fresh_below_zero_cross,45.78,57.970001,1.2,-0.00770279,0.02185794,0.02077831,0.05765371,4H MACD 刚金叉但仍需零轴确认；4H MACD 柱体连续扩张,4H EMA 转弱或跌破 EMA26
575,FCCO,FIRST COMMUNITY CORP,Financials,Early,Russell,894,25.87,36.55,37.3,99.9,51.73,35.95,36.05,34.72,35.0,mixed_sideways,20.0,fresh_bearish_cross_proxy,42.68,42.79,0.0,41,bearish_transition,28,fresh_bearish_cross,45.11,33.599998,0.87,-0.01350567,-0.01060074,-0.03197929,-0.01783107,,4H EMA 转弱或跌破 EMA26；4H MACD 最近死叉
576,OFLX,OMEGA FLEX INC,Industrials,Early,Russell,881,25.83,29.53,51.7,77.58,51.73,46.88,48.2,35.06,15.0,bearish_transition,49.8,bullish_below_zero_proxy,39.3,42.11,0.0,42,bearish_transition,58,bullish_above_signal,48.38,26.299999,1.32,0.00157659,0.02654169,-0.07719302,-0.14679649,4H MACD 位于 Signal 上方；4H RSI 位于健康强势区间,4H EMA 转弱或跌破 EMA26
577,NGVT,INGEVITY,Materials,Early,Russell,470,25.79,33.52,51.7,68.04,51.73,36.35,36.5,40.01,15.0,bearish_transition,71.8,fresh_below_zero_cross_proxy,37.66,41.78,0.0,22,confirmed_bearish_trend,58,bullish_above_signal,45.73,68.18,0.92,0.00294200,0.00058704,-0.10076497,-0.09707326,4H MACD 位于 Signal 上方,4H EMA 空头排列
578,NJR,NEW JERSEY RESOURCES CORP,Utilities,Early,Russell,642,25.76,30.52,54.1,68.45,51.73,48.23,49.7,37.55,15.0,bearish_transition,49.8,bullish_below_zero_proxy,46.4,44.53,0.0,36,bearish_transition,72,fresh_below_zero_cross,48.57,53.509998,1.64,0.01306320,0.00056092,-0.02691406,-0.06777010,4H MACD 刚金叉但仍需零轴确认；4H MACD 柱体连续扩张；4H RSI 位于健康强势区间,4H EMA 转弱或跌破 EMA26
579,HVT,HAVERTY FURNITURE COMPANIES INC,Consumer Discretionary,Early,Russell,805,25.73,37.55,37.3,96.65,51.73,34.73,34.7,36.11,35.0,mixed_sideways,25.0,bearish_proxy,43.09,42.87,0.0,38,bearish_transition,28,fresh_bearish_cross,45.68,27.32,0.91,-0.01121965,-0.00401021,-0.03938119,-0.03360453,,4H EMA 转弱或跌破 EMA26；4H MACD 最近死叉
580,GBX,GREENBRIER,Industrials,Early,Russell,411,25.69,34.36,43.7,86.7,51.73,33.97,33.85,42.3,18.0,bearish_transition,73.15,fresh_below_zero_cross_proxy,40.83,42.42,0.0,22,confirmed_bearish_trend,58,bullish_above_signal,39.9,42.650002,2.84,-0.00733150,-0.00257240,-0.06837040,-0.15208742,4H MACD 位于 Signal 上方,4H EMA 空头排列；4H RSI 偏弱
581,PTRN,PATTERN GROUP SERIES A,Consumer Discretionary,Early,Russell,809,25.68,29.87,43.7,97.11,51.73,37.16,37.4,36.06,15.0,bearish_transition,49.8,bullish_below_zero_proxy,42.33,42.72,0.0,22,confirmed_bearish_trend,58,bullish_above_signal,42.36,19.639999,1.53,0.01289324,-0.00152522,-0.05006046,-0.17025775,4H MACD 位于 Signal 上方,4H EMA 空头排列
582,SPB,SPECTRUM BRANDS HOLDINGS,Consumer Staples,Early,Russell,1122,25.63,25.67,54.1,78.87,51.73,47.42,48.8,30.95,15.0,bearish_transition,25.0,bearish_proxy,45.2,44.29,0.0,36,bearish_transition,72,fresh_below_zero_cross,48.54,86.639999,0.88,0.01002565,0.01155863,-0.01253703,-0.04707434,4H MACD 刚金叉但仍需零轴确认；4H MACD 柱体连续扩张；4H RSI 位于健康强势区间,4H EMA 转弱或跌破 EMA26
583,TSBK,TIMBERLAND BANCORP INC,Financials,Early,Russell,777,25.6,37.14,51.7,58.3,51.73,48.5,50.0,36.45,35.0,mixed_sideways,20.0,fresh_bearish_cross_proxy,47.91,43.83,0.0,44,bearish_transition,70,bullish_above_signal,47.96,46.220001,0.76,-0.01133688,-0.00205113,-0.00151221,0.02483377,4H MACD 位于 Signal 上方,4H EMA 转弱或跌破 EMA26
584,CIVB,CIVISTA BANCSHARES INC,Financials,Early,Russell,787,25.59,29.96,43.7,96.34,51.73,37.16,37.4,36.33,15.0,bearish_transition,49.8,bullish_below_zero_proxy,43.15,42.88,0.0,22,confirmed_bearish_trend,58,bullish_above_signal,41.78,27.16,2.02,-0.01092495,0.00221402,-0.04197531,-0.06473832,4H MACD 位于 Signal 上方,4H EMA 空头排列
585,HIMS,HIMS HERS HEALTH CLASS A,Health Care,Early,Russell,1144,25.55,25.59,51.7,84.95,51.73,37.57,37.85,30.73,15.0,bearish_transition,25.0,bearish_proxy,44.53,44.16,0.0,25,confirmed_bearish_trend,58,bullish_above_signal,46.38,28.01,0.88,-0.00849558,0.00358295,-0.02148472,-0.12931297,4H MACD 位于 Signal 上方,4H EMA 空头排列
586,HOS,HORNBECK OFFSHORE SERVICES,Energy,Early,Russell,1002,25.55,26.02,41.5,44.43,51.73,3.5,0.0,32.39,15.0,bearish_transition,25.0,bearish_proxy,50.0,44.25,0.0,0,insufficient_data,0,insufficient_data,,,,,,,,,4H样本不足：20根
587,BCO,BRINKS,Industrials,Early,Russell,681,25.54,30.25,51.7,73.97,51.73,36.35,36.5,37.18,15.0,bearish_transition,49.8,bullish_below_zero_proxy,45.72,43.39,0.0,22,confirmed_bearish_trend,58,bullish_above_signal,46.37,108.419998,1.03,-0.01575054,0.00231118,-0.02596353,-0.08157564,4H MACD 位于 Signal 上方,4H EMA 空头排列
588,SMA,SMARTSTOP SELF STORAGE REIT INC,Real Estate,Early,Russell,1043,25.53,25.9,51.7,84.07,51.73,38.38,38.75,31.86,18.0,bearish_transition,26.35,bearish_proxy,44.65,43.18,0.0,25,confirmed_bearish_trend,58,bullish_above_signal,45.23,32.27,2.18,0.01318681,0.01001562,-0.05366563,-0.04186461,4H MACD 位于 Signal 上方,4H EMA 空头排列
589,ORN,ORION GROUP INC,Industrials,Early,Russell,807,25.45,29.94,51.7,74.12,51.73,37.16,37.4,36.08,18.0,bearish_transition,51.15,bullish_below_zero_proxy,38.66,41.98,0.0,22,confirmed_bearish_trend,58,bullish_above_signal,45.47,9.09,1.5,0.00331126,-0.00328947,-0.07244898,-0.10794897,4H MACD 位于 Signal 上方,4H EMA 空头排列
590,SIBN,SI BONE,Health Care,Early,Russell,596,25.33,38.34,51.7,53.76,51.73,43.23,44.15,38.03,35.0,mixed_sideways,25.0,bearish_proxy,48.47,44.94,0.0,39,bearish_transition,58,bullish_above_signal,46.21,18.540001,0.94,-0.01540090,0.00433380,-0.00802568,0.00379004,4H MACD 位于 Signal 上方,4H EMA 转弱或跌破 EMA26
591,NBHC,NATIONAL BANK HOLDINGS CORP CLASS,Financials,Early,Russell,779,25.31,30.0,43.7,94.38,51.73,37.16,37.4,36.43,15.0,bearish_transition,49.8,bullish_below_zero_proxy,43.46,42.94,0.0,22,confirmed_bearish_trend,58,bullish_above_signal,43.5,41.330002,1.72,-0.00744469,0.00024206,-0.04328701,-0.04944798,4H MACD 位于 Signal 上方,4H EMA 空头排列
592,BKTI,BK TECHNOLOGIES CORP,Information Technology,Early,Russell,1251,25.28,25.19,46.1,99.02,51.73,43.64,44.6,29.94,15.0,bearish_transition,25.0,bearish_proxy,42.59,42.77,0.0,36,bearish_transition,64,fresh_below_zero_cross,43.9,71.730003,0.74,0.01578992,-0.02115169,-0.06308771,-0.10627958,4H MACD 刚金叉但仍需零轴确认,4H EMA 转弱或跌破 EMA26
593,CVEO,CIVEO CORP,Industrials,Early,Russell,606,25.27,38.23,40.9,82.37,51.73,40.13,40.7,37.94,38.0,mixed_sideways,26.35,bearish_proxy,44.9,43.23,0.0,38,bearish_transition,42,mixed_or_bearish,49.72,33.619999,0.94,-0.00118838,-0.00942840,-0.00385188,0.09085006,4H RSI 位于健康强势区间,4H EMA 转弱或跌破 EMA26；4H MACD 尚未确认多头
594,SLDP,SOLID POWER CLASS A,Consumer Discretionary,Early,Russell,252,25.22,66.9,32.9,49.85,51.73,40.01,38.9,50.94,82.0,early_transition,20.0,fresh_bearish_cross_proxy,49.1,44.07,0.0,38,bearish_transition,42,mixed_or_bearish,44.63,2.39,0.9,-0.01848049,-0.02089308,0.01271186,0.03463203,,4H EMA 转弱或跌破 EMA26；4H MACD 尚未确认多头
595,OFRM,ONCE UPON A FARM PBC,Consumer Staples,Early,Russell,1237,25.21,25.37,46.1,98.09,51.73,39.99,40.55,30.07,15.0,bearish_transition,25.0,bearish_proxy,42.52,43.75,0.0,25,confirmed_bearish_trend,64,fresh_below_zero_cross,43.04,16.365,1.54,-0.02502234,-0.00334957,-0.06163996,-0.05130435,4H MACD 刚金叉但仍需零轴确认,4H EMA 空头排列
596,LAUR,LAUREATE EDUCATION,Consumer Discretionary,Early,Russell,1252,25.2,25.18,46.1,98.51,51.73,45.8,47.0,29.92,15.0,bearish_transition,25.0,bearish_proxy,42.53,42.76,0.0,36,bearish_transition,72,fresh_below_zero_cross,44.71,36.200001,0.9,0.00835652,0.00583493,-0.04055126,-0.04105958,4H MACD 刚金叉但仍需零轴确认；4H MACD 柱体连续扩张,4H EMA 转弱或跌破 EMA26
597,BANC,BANC OF CALIFORNIA,Financials,Early,Russell,735,25.16,30.18,46.1,86.55,51.73,38.78,39.2,36.79,18.0,bearish_transition,51.15,bullish_below_zero_proxy,40.8,42.41,0.0,22,confirmed_bearish_trend,64,fresh_below_zero_cross,40.84,18.290001,2.11,-0.00190996,-0.00543763,-0.07086604,-0.06253198,4H MACD 刚金叉但仍需零轴确认,4H EMA 空头排列
598,GLRE,GREENLIGHT CAPITAL LTD CLASS A,Financials,Early,Russell,552,25.12,30.63,54.1,63.92,51.73,49.45,51.05,38.52,18.0,bearish_transition,49.8,bullish_below_zero_proxy,47.07,43.66,0.0,39,bearish_transition,72,fresh_below_zero_cross,48.48,15.12,1.42,0.01137124,0.00934579,-0.01818182,-0.07522936,4H MACD 刚金叉但仍需零轴确认；4H MACD 柱体连续扩张；4H RSI 位于健康强势区间,4H EMA 转弱或跌破 EMA26
599,ALMR,ALAMAR BIOSCIENCES INC,Health Care,Early,Russell,927,25.12,37.09,54.1,48.87,51.73,47.83,49.25,34.2,38.0,mixed_sideways,26.35,bearish_proxy,33.1,41.87,0.0,39,bearish_transition,72,fresh_below_zero_cross,47.78,29.379999,2.05,0.00547570,0.01653861,-0.08302128,0.08173781,4H MACD 刚金叉但仍需零轴确认；4H MACD 柱体连续扩张,4H EMA 转弱或跌破 EMA26
600,JAKK,JAKKS PACIFIC INC,Consumer Discretionary,Early,Russell,1343,25.07,24.92,51.7,83.3,51.73,38.38,38.75,29.17,15.0,bearish_transition,25.0,bearish_proxy,40.24,42.3,0.0,25,confirmed_bearish_trend,58,bullish_above_signal,46.22,24.24,1.11,0.00289615,0.01720520,-0.04866562,-0.06661529,4H MACD 位于 Signal 上方,4H EMA 空头排列
601,PCYO,PURE CYCLE CORP,Utilities,Early,Russell,553,25.05,38.5,54.1,45.05,51.73,47.42,48.8,38.52,35.0,mixed_sideways,25.0,bearish_proxy,49.96,45.24,0.0,36,bearish_transition,72,fresh_below_zero_cross,48.36,11.13,0.81,0.00952381,-0.00890472,-0.01329787,0.04899059,4H MACD 刚金叉但仍需零轴确认；4H MACD 柱体连续扩张；4H RSI 位于健康强势区间,4H EMA 转弱或跌破 EMA26
602,WWW,WOLVERINE WORLD WIDE,Consumer Discretionary,Early,Russell,744,25.02,37.75,40.9,81.86,51.73,40.67,41.3,36.72,35.0,mixed_sideways,25.0,bearish_proxy,44.95,43.24,0.0,36,bearish_transition,50,mixed_or_bearish,45.3,19.299999,1.27,0.01472129,-0.01455195,-0.02623618,-0.00206830,4H MACD 柱体连续扩张,4H EMA 转弱或跌破 EMA26；4H MACD 尚未确认多头
603,SKWD,SKYWARD SPECIALTY INSURANCE GROUP,Financials,Early,Russell,663,25.01,30.31,51.7,70.31,51.73,40.4,41.0,37.33,15.0,bearish_transition,49.8,bullish_below_zero_proxy,46.18,43.49,0.0,28,confirmed_bearish_trend,58,bullish_above_signal,49.35,57.279999,0.8,-0.00252503,0.01614334,-0.00538290,-0.07118533,4H MACD 位于 Signal 上方；4H RSI 位于健康强势区间,4H EMA 空头排列
604,QCRH,QCR HOLDINGS INC,Financials,Early,Russell,365,25.01,44.54,29.3,96.86,51.73,37.97,38.3,45.3,35.0,mixed_sideways,61.8,bullish_above_signal_proxy,43.08,42.87,0.0,44,bearish_transition,28,fresh_bearish_cross,42.34,101.010002,1.23,-0.01381500,-0.00423896,-0.03662371,-0.03699111,,4H EMA 转弱或跌破 EMA26；4H MACD 最近死叉
605,PRVA,PRIVIA HEALTH GROUP INC,Health Care,Early,Russell,748,25.01,30.21,43.7,91.91,51.73,37.16,37.4,36.65,15.0,bearish_transition,49.8,bullish_below_zero_proxy,43.68,43.99,0.0,22,confirmed_bearish_trend,58,bullish_above_signal,41.54,20.370001,1.25,-0.00488510,-0.00293681,-0.05255809,-0.14339781,4H MACD 位于 Signal 上方,4H EMA 空头排列
606,FFBC,FIRST FINANCIAL BANCORP,Financials,Early,Russell,698,24.96,30.27,43.7,91.44,51.73,33.97,33.85,37.06,18.0,bearish_transition,51.15,bullish_below_zero_proxy,41.61,42.57,0.0,22,confirmed_bearish_trend,58,bullish_above_signal,38.42,32.18,2.63,-0.01379102,-0.00093136,-0.05865148,-0.06751661,4H MACD 位于 Signal 上方,4H EMA 空头排列；4H RSI 偏弱
607,AMCX,AMC GLOBAL MEDIA CLASS A,Communication,Early,Russell,598,24.93,38.2,51.7,51.39,51.73,45.66,46.85,38.02,35.0,mixed_sideways,25.0,bearish_proxy,48.89,44.03,0.0,41,bearish_transition,58,bullish_above_signal,48.58,12.14,0.94,-0.00897959,0.04926534,0.00330579,0.06584723,4H MACD 位于 Signal 上方；4H RSI 位于健康强势区间,4H EMA 转弱或跌破 EMA26
608,HBT,HBT FINANCIAL INC,Financials,Early,Russell,788,24.9,37.62,37.3,90.93,51.73,37.97,38.3,36.33,35.0,mixed_sideways,25.0,bearish_proxy,43.78,43.01,0.0,44,bearish_transition,28,fresh_bearish_cross,45.74,36.040001,1.23,-0.01233217,-0.00414474,-0.02449585,-0.00221478,,4H EMA 转弱或跌破 EMA26；4H MACD 最近死叉
609,RNST,RENASANT CORP,Financials,Early,Russell,701,24.81,30.26,43.7,90.41,51.73,37.34,37.6,37.02,18.0,bearish_transition,51.15,bullish_below_zero_proxy,41.49,42.55,0.0,25,confirmed_bearish_trend,58,bullish_above_signal,41.5,40.540001,2.73,-0.00977035,0.00296890,-0.06026885,-0.08528879,4H MACD 位于 Signal 上方,4H EMA 空头排列
610,LNTH,LANTHEUS HOLDINGS,Health Care,Early,Russell,608,24.69,30.65,54.1,61.03,51.73,39.19,39.65,37.93,15.0,bearish_transition,49.8,bullish_below_zero_proxy,47.55,44.76,0.0,25,confirmed_bearish_trend,64,fresh_below_zero_cross,47.11,100.540001,0.8,-0.00144011,-0.00158884,-0.00346911,-0.00524388,4H MACD 刚金叉但仍需零轴确认,4H EMA 空头排列
611,AGL,AGILON HEALTH,Health Care,Early,Russell,893,24.69,29.57,51.7,69.9,51.73,37.16,37.4,34.76,15.0,bearish_transition,49.8,bullish_below_zero_proxy,37.96,42.84,0.0,22,confirmed_bearish_trend,58,bullish_above_signal,45.88,89.639999,1.16,-0.02987016,-0.04749763,-0.07863092,-0.05642106,4H MACD 位于 Signal 上方,4H EMA 空头排列
612,TTGT,TECHTARGET INC,Communication,Early,Russell,504,24.67,30.99,73.3,35.52,51.73,50.52,52.25,39.34,15.0,bearish_transition,49.8,bullish_below_zero_proxy,52.29,44.71,0.0,71,early_transition,28,fresh_bearish_cross,50.75,3.89,1.23,-0.00638570,0.00000000,0.03871829,-0.11288483,4H EMA9 已站上 EMA26，等待 26/50 确认；4H RSI 位于健康强势区间,4H MACD 最近死叉
613,ORRF,ORRSTOWN FINANCIAL SERVICES INC,Financials,Early,Russell,878,24.6,36.67,37.3,91.13,51.73,37.97,38.3,35.08,35.0,mixed_sideways,20.0,fresh_bearish_cross_proxy,43.77,43.0,0.0,44,bearish_transition,28,fresh_bearish_cross,45.92,42.0,1.32,-0.01036755,-0.00023799,-0.02473004,-0.03203501,,4H EMA 转弱或跌破 EMA26；4H MACD 最近死叉
614,SMHI,SEACOR MARINE HOLDINGS INC,Energy,Early,Russell,677,24.6,37.98,32.9,99.79,51.73,36.35,36.5,37.22,38.0,mixed_sideways,26.35,bearish_proxy,42.7,42.79,0.0,36,bearish_transition,42,mixed_or_bearish,39.58,9.4,1.95,-0.00843882,-0.03292181,-0.04179409,-0.01052632,,4H EMA 转弱或跌破 EMA26；4H MACD 尚未确认多头；4H RSI 偏弱
615,INN,SUMMIT HOTEL PROPERTIES REIT INC,Real Estate,Early,Russell,841,24.56,29.77,43.7,89.9,51.73,37.57,37.85,35.75,15.0,bearish_transition,49.8,bullish_below_zero_proxy,41.4,42.53,0.0,25,confirmed_bearish_trend,58,bullish_above_signal,43.63,5.695,0.76,-0.00349956,0.01424755,-0.04285714,-0.17163636,4H MACD 位于 Signal 上方,4H EMA 空头排列
616,INVX,INNOVEX INTERNATIONAL INC,Energy,Early,Russell,729,24.55,37.79,40.9,78.61,51.73,38.51,38.9,36.81,35.0,mixed_sideways,25.0,bearish_proxy,45.23,43.3,0.0,38,bearish_transition,42,mixed_or_bearish,46.05,29.32,0.78,-0.02380556,-0.01709688,-0.04774280,-0.07185818,,4H EMA 转弱或跌破 EMA26；4H MACD 尚未确认多头
617,LOVE,LOVESAC COMPANY,Consumer Discretionary,Early,Russell,1274,24.52,25.12,46.1,94.12,51.73,41.34,42.05,29.73,15.0,bearish_transition,25.0,bearish_proxy,41.96,42.64,0.0,25,confirmed_bearish_trend,72,fresh_below_zero_cross,41.3,14.63,1.0,-0.02336449,-0.08755255,-0.14369325,-0.19349499,4H MACD 刚金叉但仍需零轴确认；4H MACD 柱体连续扩张,4H EMA 空头排列
618,FULT,FULTON FINANCIAL,Financials,Early,Russell,610,24.48,30.57,43.7,87.53,51.73,37.34,37.6,37.92,18.0,bearish_transition,51.15,bullish_below_zero_proxy,44.24,43.1,0.0,25,confirmed_bearish_trend,58,bullish_above_signal,41.74,23.459999,2.58,-0.01116969,0.00213580,-0.04049088,-0.05726345,4H MACD 位于 Signal 上方,4H EMA 空头排列
619,HIW,HIGHWOODS PROPERTIES REIT,Real Estate,Early,Russell,399,24.47,34.71,51.7,56.44,51.73,38.38,38.75,43.48,15.0,bearish_transition,71.8,fresh_below_zero_cross_proxy,48.15,43.88,0.0,25,confirmed_bearish_trend,58,bullish_above_signal,47.31,30.705,1.29,-0.00081354,0.01336637,0.00081486,-0.06883997,4H MACD 位于 Signal 上方,4H EMA 空头排列
620,ONIT,ONITY GROUP INC,Financials,Early,Russell,906,24.45,29.36,51.7,68.81,51.73,37.16,37.4,34.55,15.0,bearish_transition,49.8,bullish_below_zero_proxy,37.78,41.81,0.0,22,confirmed_bearish_trend,58,bullish_above_signal,46.5,34.540001,1.72,0.01216120,0.00670358,-0.09687536,-0.09343825,4H MACD 位于 Signal 上方,4H EMA 空头排列
621,MYE,MYERS INDUSTRIES INC,Materials,Early,Russell,1406,24.44,24.72,54.1,73.2,51.73,46.61,47.9,28.57,15.0,bearish_transition,25.0,bearish_proxy,38.44,41.94,0.0,36,bearish_transition,72,fresh_below_zero_cross,46.28,30.73,1.42,0.04169492,-0.00129997,-0.06906992,-0.15969374,4H MACD 刚金叉但仍需零轴确认；4H MACD 柱体连续扩张,4H EMA 转弱或跌破 EMA26
622,CUBI,CUSTOMERS BANCORP,Financials,Early,Russell,1247,24.42,25.19,43.7,99.64,51.73,37.16,37.4,29.96,15.0,bearish_transition,25.0,bearish_proxy,42.65,42.78,0.0,22,confirmed_bearish_trend,58,bullish_above_signal,43.06,78.07,1.8,-0.00806813,-0.00064008,-0.05001217,-0.06759827,4H MACD 位于 Signal 上方,4H EMA 空头排列
623,GPRE,GREEN PLAINS,Energy,Early,Russell,631,24.38,30.48,40.9,94.54,51.73,42.29,43.1,37.66,18.0,bearish_transition,51.15,bullish_below_zero_proxy,43.44,42.94,0.0,36,bearish_transition,50,mixed_or_bearish,49.21,15.06,1.36,0.02588556,-0.03769968,-0.06633596,-0.11567827,4H MACD 柱体连续扩张；4H RSI 位于健康强势区间,4H EMA 转弱或跌破 EMA26；4H MACD 尚未确认多头
624,FIBK,FIRST INTERSTATE BANCSYSTEM,Financials,Early,Russell,605,24.38,30.58,43.7,86.86,51.73,38.56,38.95,37.96,18.0,bearish_transition,51.15,bullish_below_zero_proxy,44.35,43.12,0.0,28,confirmed_bearish_trend,58,bullish_above_signal,44.04,36.919998,3.24,-0.01283433,0.00244355,-0.05114372,-0.03829125,4H MACD 位于 Signal 上方,4H EMA 空头排列
625,ACEL,ACCEL ENTERTAINMENT CLASS A,Consumer Discretionary,Early,Russell,1248,24.38,25.19,43.7,99.43,51.73,37.16,37.4,29.95,15.0,bearish_transition,25.0,bearish_proxy,42.62,42.77,0.0,22,confirmed_bearish_trend,58,bullish_above_signal,41.61,11.52,1.24,-0.00860585,-0.01454234,-0.05496308,-0.05341002,4H MACD 位于 Signal 上方,4H EMA 空头排列
626,DAN,DANA INCORPORATED INC,Consumer Discretionary,Early,Russell,819,24.37,37.51,32.9,99.38,51.73,38.51,38.9,36.0,35.0,mixed_sideways,25.0,bearish_proxy,42.77,42.8,0.0,36,bearish_transition,42,mixed_or_bearish,43.12,29.969999,1.17,-0.01056461,-0.01544028,-0.04401917,0.08705111,,4H EMA 转弱或跌破 EMA26；4H MACD 尚未确认多头
627,ENR,ENERGIZER HOLDINGS INC,Consumer Staples,Early,Russell,1355,24.36,25.02,51.7,78.35,51.73,47.02,48.35,29.06,15.0,bearish_transition,25.0,bearish_proxy,39.45,43.14,0.0,39,bearish_transition,66,bullish_above_signal,48.44,20.75,0.8,0.00948674,0.02773645,-0.07241846,-0.03979643,4H MACD 位于 Signal 上方；4H MACD 柱体连续扩张；4H RSI 位于健康强势区间,4H EMA 转弱或跌破 EMA26
628,VOR,VOR BIOPHARMA,Health Care,Early,Russell,650,24.36,38.2,32.9,97.68,51.73,36.35,36.5,37.47,38.0,mixed_sideways,26.35,bearish_proxy,43.02,43.85,0.0,36,bearish_transition,42,mixed_or_bearish,39.35,21.950001,2.1,-0.01811671,-0.05469415,-0.04606688,-0.01348310,,4H EMA 转弱或跌破 EMA26；4H MACD 尚未确认多头；4H RSI 偏弱
629,CWCO,CONSOLIDATED WATER LTD,Utilities,Early,Russell,1262,24.33,25.28,46.1,92.47,51.73,45.8,47.0,29.81,15.0,bearish_transition,25.0,bearish_proxy,41.74,43.6,0.0,36,bearish_transition,72,fresh_below_zero_cross,41.93,28.370001,1.04,0.01249111,-0.00281195,-0.05590676,-0.04878458,4H MACD 刚金叉但仍需零轴确认；4H MACD 柱体连续扩张,4H EMA 转弱或跌破 EMA26
630,JMSB,JOHN MARSHALL BANCORP INC,Financials,Early,Russell,303,24.31,45.74,51.7,29.64,51.73,49.31,50.9,48.84,35.0,mixed_sideways,61.8,bullish_above_signal_proxy,53.78,45.01,0.0,44,bearish_transition,70,bullish_above_signal,47.84,23.08,1.52,-0.02182662,0.00566444,-0.00216165,-0.03390536,4H MACD 位于 Signal 上方,4H EMA 转弱或跌破 EMA26
631,ICFI,ICF INTERNATIONAL,Industrials,Early,Russell,494,24.31,38.78,51.7,45.88,51.73,47.69,49.1,39.56,38.0,mixed_sideways,26.35,bearish_proxy,49.79,44.21,0.0,44,bearish_transition,58,bullish_above_signal,48.43,87.459999,2.32,-0.01785518,0.01449948,0.01063090,0.01414658,4H MACD 位于 Signal 上方；4H RSI 位于健康强势区间,4H EMA 转弱或跌破 EMA26
632,IDCC,INTERDIGITAL INC,Information Technology,Early,Russell,815,24.31,37.51,32.9,98.97,51.73,38.51,38.9,36.01,35.0,mixed_sideways,25.0,bearish_proxy,42.81,42.81,0.0,36,bearish_transition,42,mixed_or_bearish,42.27,328.720001,1.4,0.00259251,-0.03166701,-0.05664923,0.01701627,,4H EMA 转弱或跌破 EMA26；4H MACD 尚未确认多头
633,VGNT,VERSIGENT PLC,Consumer Discretionary,Early,Russell,828,24.23,37.48,32.9,98.51,51.73,40.67,41.3,35.92,35.0,mixed_sideways,25.0,bearish_proxy,42.53,42.76,0.0,36,bearish_transition,50,mixed_or_bearish,43.29,45.459999,1.65,-0.00623019,-0.00633882,-0.02842492,-0.00850598,4H MACD 柱体连续扩张,4H EMA 转弱或跌破 EMA26；4H MACD 尚未确认多头
634,CPK,CHESAPEAKE UTILITIES,Utilities,Early,Russell,1179,24.23,25.51,46.1,91.24,51.73,40.13,40.7,30.48,15.0,bearish_transition,25.0,bearish_proxy,43.76,44.0,0.0,22,confirmed_bearish_trend,72,fresh_below_zero_cross,43.49,129.610001,1.03,0.00934504,-0.00689598,-0.03721582,-0.02680577,4H MACD 刚金叉但仍需零轴确认；4H MACD 柱体连续扩张,4H EMA 空头排列
635,SXT,SENSIENT TECHNOLOGIES,Materials,Early,Russell,808,24.18,37.54,32.9,98.04,51.73,37.7,38.0,36.08,35.0,mixed_sideways,25.0,bearish_proxy,43.0,42.85,0.0,36,bearish_transition,50,mixed_or_bearish,39.19,128.315002,0.77,0.00983748,-0.03602283,-0.03782993,0.00916241,4H MACD 柱体连续扩张,4H EMA 转弱或跌破 EMA26；4H MACD 尚未确认多头；4H RSI 偏弱
636,ATLC,ATLANTICUS HOLDINGS CORP,Financials,Early,Russell,917,24.17,29.33,51.7,67.01,51.73,37.97,38.3,34.46,15.0,bearish_transition,49.8,bullish_below_zero_proxy,37.5,41.75,0.0,22,confirmed_bearish_trend,58,bullish_above_signal,48.21,93.199997,0.81,0.02271480,0.00767649,-0.06809324,-0.15457186,4H MACD 位于 Signal 上方；4H RSI 位于健康强势区间,4H EMA 空头排列
637,SEZL,SEZZLE INC,Financials,Early,Russell,850,24.14,29.72,43.7,87.27,51.73,37.16,37.4,35.61,15.0,bearish_transition,49.8,bullish_below_zero_proxy,40.96,42.44,0.0,22,confirmed_bearish_trend,58,bullish_above_signal,42.26,117.32,1.15,-0.01519346,0.00299221,-0.04071957,-0.33777378,4H MACD 位于 Signal 上方,4H EMA 空头排列
638,SGHT,SIGHT SCIENCES,Health Care,Early,Russell,694,24.12,38.02,40.9,75.21,51.73,40.94,41.6,37.09,35.0,mixed_sideways,25.0,bearish_proxy,45.62,44.37,0.0,38,bearish_transition,42,mixed_or_bearish,49.18,8.14,1.39,-0.00852619,0.00992556,-0.01213592,0.43943413,4H RSI 位于健康强势区间,4H EMA 转弱或跌破 EMA26；4H MACD 尚未确认多头
639,ATNI,ATN INTERNATIONAL INC,Communication,Early,Russell,806,24.12,37.54,32.9,97.68,51.73,39.32,39.8,36.08,35.0,mixed_sideways,25.0,bearish_proxy,43.02,42.85,0.0,38,bearish_transition,42,mixed_or_bearish,42.08,29.76,1.14,-0.01195222,-0.00833056,-0.05313395,0.18542123,,4H EMA 转弱或跌破 EMA26；4H MACD 尚未确认多头
640,AVBH,AVIDBANK HOLDINGS INC,Financials,Early,Russell,851,24.12,29.71,43.7,87.11,51.73,37.16,37.4,35.59,15.0,bearish_transition,49.8,bullish_below_zero_proxy,40.92,42.43,0.0,22,confirmed_bearish_trend,58,bullish_above_signal,41.99,31.35,1.24,-0.00791139,-0.00286263,-0.03863848,-0.04551685,4H MACD 位于 Signal 上方,4H EMA 空头排列
641,PFS,PROVIDENT FINANCIAL SERVICES INC,Financials,Early,Russell,1106,24.11,25.63,43.7,96.55,51.73,36.12,36.25,31.07,18.0,bearish_transition,26.35,bearish_proxy,42.26,42.7,0.0,22,confirmed_bearish_trend,58,bullish_above_signal,40.7,23.155001,3.09,-0.00919983,0.00194721,-0.05759052,-0.08369604,4H MACD 位于 Signal 上方,4H EMA 空头排列
642,CFBK,CF BANKSHARES INC,Financials,Early,Russell,702,24.05,37.77,32.9,96.65,51.73,38.51,38.9,37.01,38.0,mixed_sideways,25.0,bearish_proxy,43.09,42.87,0.0,38,bearish_transition,42,mixed_or_bearish,42.21,34.860001,1.03,-0.01106380,-0.01927126,-0.03327787,-0.02161100,,4H EMA 转弱或跌破 EMA26；4H MACD 尚未确认多头
643,MOV,MOVADO GROUP INC,Consumer Discretionary,Early,Russell,450,24.01,33.7,43.7,77.11,51.73,37.57,37.85,40.53,15.0,bearish_transition,71.8,fresh_below_zero_cross_proxy,39.22,42.09,0.0,25,confirmed_bearish_trend,58,bullish_above_signal,43.48,32.935001,0.97,0.01089622,0.00842012,-0.07015802,-0.16683527,4H MACD 位于 Signal 上方,4H EMA 空头排列
644,PEB,PEBBLEBROOK HOTEL TRUST REIT,Real Estate,Early,Russell,629,23.91,30.43,51.7,62.73,51.73,39.59,40.1,37.69,15.0,bearish_transition,49.8,bullish_below_zero_proxy,47.28,43.71,0.0,28,confirmed_bearish_trend,58,bullish_above_signal,45.46,17.844999,1.11,-0.01517671,-0.00056012,-0.01653354,-0.06717198,4H MACD 位于 Signal 上方,4H EMA 空头排列
645,RLAY,RELAY THERAPEUTICS,Health Care,Early,Russell,1379,23.88,24.96,51.7,75.31,51.73,37.57,37.85,28.86,15.0,bearish_transition,25.0,bearish_proxy,38.86,43.02,0.0,25,confirmed_bearish_trend,58,bullish_above_signal,46.13,18.84,0.85,-0.00053050,0.00910552,-0.08897485,-0.03582400,4H MACD 位于 Signal 上方,4H EMA 空头排列
646,CTS,CTS CORP,Information Technology,Early,Russell,922,23.87,29.29,51.7,65.1,51.73,37.57,37.85,34.36,15.0,bearish_transition,49.8,bullish_below_zero_proxy,37.18,41.69,0.0,25,confirmed_bearish_trend,58,bullish_above_signal,47.56,56.880001,0.62,0.00619144,0.01300087,-0.10227273,-0.15420073,4H MACD 位于 Signal 上方,4H EMA 空头排列
647,CRCT,CRICUT CLASS A,Consumer Discretionary,Early,Russell,556,23.82,38.35,51.7,43.61,51.73,46.88,48.2,38.47,35.0,mixed_sideways,25.0,bearish_proxy,50.25,44.3,0.0,44,bearish_transition,58,bullish_above_signal,48.66,5.59,0.95,-0.01061947,0.02757353,0.01544051,0.13272543,4H MACD 位于 Signal 上方；4H RSI 位于健康强势区间,4H EMA 转弱或跌破 EMA26
648,HWKN,HAWKINS INC,Materials,Early,Russell,766,23.8,30.02,40.9,91.7,51.73,42.29,43.1,36.5,15.0,bearish_transition,49.8,bullish_below_zero_proxy,43.69,42.99,0.0,36,bearish_transition,50,mixed_or_bearish,48.69,122.949997,1.44,0.03215240,-0.01695053,-0.06722510,-0.07875026,4H MACD 柱体连续扩张；4H RSI 位于健康强势区间,4H EMA 转弱或跌破 EMA26；4H MACD 尚未确认多头
649,CLBK,COLUMBIA FINANCIAL INC,Financials,Early,Russell,607,23.79,38.08,40.9,72.84,51.73,39.32,39.8,37.93,38.0,mixed_sideways,25.0,bearish_proxy,45.87,43.42,0.0,38,bearish_transition,42,mixed_or_bearish,45.45,11.46,1.73,0.00570426,-0.00165520,-0.01715266,0.06753610,,4H EMA 转弱或跌破 EMA26；4H MACD 尚未确认多头
650,ACAD,ACADIA PHARMACEUTICALS,Health Care,Early,Russell,829,23.74,37.61,32.9,94.95,51.73,40.67,41.3,35.91,35.0,mixed_sideways,25.0,bearish_proxy,42.02,43.65,0.0,36,bearish_transition,50,mixed_or_bearish,43.46,27.540001,1.36,0.02646295,-0.00477016,-0.05099928,0.01287238,4H MACD 柱体连续扩张,4H EMA 转弱或跌破 EMA26；4H MACD 尚未确认多头
651,FSS,FEDERAL SIGNAL CORP,Industrials,Early,Russell,1296,23.73,25.11,54.1,67.53,51.73,45.58,46.75,29.54,18.0,bearish_transition,26.35,bearish_proxy,37.62,41.77,0.0,36,bearish_transition,72,fresh_below_zero_cross,46.83,115.364998,2.63,0.01984614,-0.01800311,-0.08462272,-0.12932077,4H MACD 刚金叉但仍需零轴确认；4H MACD 柱体连续扩张,4H EMA 转弱或跌破 EMA26
652,AGM,FEDERAL AGRICULTURAL MORTGAGE NON,Financials,Early,Russell,689,23.72,37.81,32.9,94.38,51.73,38.51,38.9,37.13,38.0,mixed_sideways,25.0,bearish_proxy,43.46,42.94,0.0,36,bearish_transition,42,mixed_or_bearish,41.18,220.649994,1.72,-0.00942764,-0.01697413,-0.04748543,-0.08818551,,4H EMA 转弱或跌破 EMA26；4H MACD 尚未确认多头
653,PSFE,PAYSAFE LTD,Financials,Early,Russell,858,23.71,29.66,43.7,84.54,51.73,37.16,37.4,35.44,15.0,bearish_transition,49.8,bullish_below_zero_proxy,40.47,42.34,0.0,22,confirmed_bearish_trend,58,bullish_above_signal,40.38,6.245,1.07,-0.01808176,0.00807103,-0.06999255,-0.20949367,4H MACD 位于 Signal 上方,4H EMA 空头排列
654,EYE,NATIONAL VISION HOLDINGS,Consumer Discretionary,Early,Russell,431,23.67,33.87,43.7,74.43,51.73,37.16,37.4,41.26,18.0,bearish_transition,71.8,fresh_below_zero_cross_proxy,38.7,41.99,0.0,22,confirmed_bearish_trend,58,bullish_above_signal,41.86,16.450001,1.49,0.00488699,-0.03969632,-0.10984843,-0.28787874,4H MACD 位于 Signal 上方,4H EMA 空头排列
655,SBCF,SEACOAST BANKING OF FLORIDA,Financials,Early,Russell,1269,23.66,25.12,43.7,94.79,51.73,38.38,38.75,29.75,15.0,bearish_transition,25.0,bearish_proxy,42.01,42.65,0.0,25,confirmed_bearish_trend,58,bullish_above_signal,41.74,33.82,1.92,-0.01255474,-0.00177099,-0.05543918,-0.04382242,4H MACD 位于 Signal 上方,4H EMA 空头排列
656,CAC,CAMDEN NATIONAL CORP,Financials,Early,Russell,351,23.66,44.96,37.3,65.57,51.73,37.97,38.3,46.54,35.0,mixed_sideways,61.8,bullish_above_signal_proxy,46.81,43.61,0.0,44,bearish_transition,28,fresh_bearish_cross,45.76,57.119999,1.64,-0.01278953,-0.00026252,-0.02342286,-0.04529505,,4H EMA 转弱或跌破 EMA26；4H MACD 最近死叉
657,CPF,CENTRAL PACIFIC FINANCIAL CORP,Financials,Early,Russell,516,23.61,30.96,51.7,59.48,51.73,37.16,37.4,39.08,18.0,bearish_transition,51.15,bullish_below_zero_proxy,47.73,43.8,0.0,22,confirmed_bearish_trend,58,bullish_above_signal,46.23,37.564999,2.01,-0.00225772,0.00468040,-0.02046934,-0.06064023,4H MACD 位于 Signal 上方,4H EMA 空头排列
658,NABL,N ABLE INC,Information Technology,Early,Russell,59,23.59,74.33,37.3,9.9,51.73,41.47,38.3,63.59,82.0,early_transition,49.8,bullish_below_zero_proxy,64.86,47.22,0.0,44,bearish_transition,28,fresh_bearish_cross,47.55,3.86,1.48,-0.05738706,0.00390117,0.17862595,-0.25626204,,4H EMA 转弱或跌破 EMA26；4H MACD 最近死叉
659,FRBA,FIRST BANK,Financials,Early,Russell,1270,23.59,25.12,43.7,94.28,51.73,37.16,37.4,29.74,15.0,bearish_transition,25.0,bearish_proxy,41.98,42.65,0.0,22,confirmed_bearish_trend,58,bullish_above_signal,42.45,17.809999,1.17,-0.00502799,0.00225093,-0.06065401,-0.04657393,4H MACD 位于 Signal 上方,4H EMA 空头排列
660,ONB,OLD NATIONAL BANCORP,Financials,Early,Russell,1266,23.59,24.67,43.7,95.36,51.73,33.97,33.85,29.78,18.0,bearish_transition,21.35,fresh_bearish_cross_proxy,42.12,42.67,0.0,22,confirmed_bearish_trend,58,bullish_above_signal,39.2,25.309999,2.72,-0.01517517,-0.00393550,-0.06518936,-0.06742815,4H MACD 位于 Signal 上方,4H EMA 空头排列；4H RSI 偏弱
661,BCPC,BALCHEM,Materials,Early,Russell,1165,23.5,25.39,46.1,86.65,51.73,46.61,47.9,30.53,15.0,bearish_transition,25.0,bearish_proxy,44.36,43.12,0.0,36,bearish_transition,72,fresh_below_zero_cross,44.2,167.600006,1.31,0.01785499,-0.00427757,-0.05990573,-0.04014658,4H MACD 刚金叉但仍需零轴确认；4H MACD 柱体连续扩张,4H EMA 转弱或跌破 EMA26
662,CNOB,CONNECTONE BANCORP,Financials,Early,Russell,714,23.47,30.17,43.7,81.75,51.73,38.38,38.75,36.93,15.0,bearish_transition,49.8,bullish_below_zero_proxy,44.96,43.24,0.0,25,confirmed_bearish_trend,58,bullish_above_signal,42.71,31.540001,2.24,-0.00723950,-0.00126659,-0.03812138,-0.06242563,4H MACD 位于 Signal 上方,4H EMA 空头排列
663,UCB,UNITED COMMUNITY BANKS INC,Financials,Early,Russell,1369,23.43,24.32,43.7,95.1,51.73,37.16,37.4,28.94,15.0,bearish_transition,20.0,fresh_bearish_cross_proxy,43.34,42.92,0.0,22,confirmed_bearish_trend,58,bullish_above_signal,41.31,34.84,1.88,-0.01247163,-0.00584957,-0.04886707,-0.03623795,4H MACD 位于 Signal 上方,4H EMA 空头排列
664,MCS,THE MARCUS CORP,Communication,Early,Russell,928,23.41,36.89,43.7,65.62,51.73,46.21,47.45,34.19,35.0,mixed_sideways,25.0,bearish_proxy,37.29,41.71,0.0,39,bearish_transition,66,bullish_above_signal,44.94,27.52,1.09,0.00218503,0.01737527,-0.08082835,-0.11568126,4H MACD 位于 Signal 上方；4H MACD 柱体连续扩张,4H EMA 转弱或跌破 EMA26
665,SEPN,SEPTERNA,Health Care,Early,Russell,989,23.31,36.5,51.7,44.54,51.73,39.59,40.1,32.66,35.0,mixed_sideways,25.0,bearish_proxy,32.17,41.68,0.0,30,confirmed_bearish_trend,58,bullish_above_signal,47.73,38.439999,1.05,-0.02150951,0.01264489,-0.13110314,-0.01435900,4H MACD 位于 Signal 上方,4H EMA 空头排列
666,FLYW,FLYWIRE,Financials,Early,Russell,639,23.31,38.1,32.9,90.93,51.73,31.8,31.45,37.57,38.0,mixed_sideways,26.35,bearish_proxy,43.78,43.01,0.0,22,confirmed_bearish_trend,42,mixed_or_bearish,43.28,17.799999,2.84,-0.00725047,0.00253450,-0.02732241,0.03248254,,4H EMA 空头排列；4H MACD 尚未确认多头
667,THRY,THRYV HOLDINGS INC,Information Technology,Early,Russell,839,23.29,29.78,65.2,90.77,51.73,51.74,53.6,35.79,15.0,bearish_transition,49.8,bullish_below_zero_proxy,41.53,42.56,0.0,56,mixed_sideways,58,bullish_above_signal,50.73,1.97,0.7,0.03141361,0.06486486,-0.01005025,-0.33670034,4H MACD 位于 Signal 上方；4H RSI 位于健康强势区间,4H EMA 仍偏震荡
668,HIFS,HINGHAM INSTITUTION FOR SAVINGS,Financials,Early,Russell,349,23.29,45.01,37.3,62.94,51.73,35.95,36.05,46.69,35.0,mixed_sideways,61.8,bullish_above_signal_proxy,47.27,43.7,0.0,41,bearish_transition,28,fresh_bearish_cross,46.08,301.049988,0.87,-0.02427569,-0.01771738,-0.00225375,-0.00764745,,4H EMA 转弱或跌破 EMA26；4H MACD 最近死叉
669,IIIN,INSTEEL INDUSTRIES INC,Industrials,Early,Russell,1451,23.24,24.59,54.1,65.46,51.73,40.94,41.6,28.19,15.0,bearish_transition,25.0,bearish_proxy,37.27,41.7,0.0,22,confirmed_bearish_trend,72,fresh_below_zero_cross,46.77,30.254999,1.48,0.01018357,-0.01481602,-0.07927577,-0.08262586,4H MACD 刚金叉但仍需零轴确认；4H MACD 柱体连续扩张,4H EMA 空头排列
670,BKU,BANKUNITED,Financials,Early,Russell,1039,23.22,25.91,46.1,83.61,51.73,37.74,38.05,31.89,18.0,bearish_transition,26.35,bearish_proxy,44.75,43.2,0.0,22,confirmed_bearish_trend,64,fresh_below_zero_cross,40.75,44.5,3.59,0.00315597,-0.01548675,-0.07020478,-0.07127206,4H MACD 刚金叉但仍需零轴确认,4H EMA 空头排列
671,HELE,HELEN OF TROY LTD,Consumer Discretionary,Early,Russell,1156,23.2,25.41,46.1,84.64,51.73,40.94,41.6,30.59,15.0,bearish_transition,25.0,bearish_proxy,44.56,43.16,0.0,22,confirmed_bearish_trend,72,fresh_below_zero_cross,44.59,27.219999,1.4,0.00368724,-0.00475324,-0.03166140,-0.03577758,4H MACD 刚金叉但仍需零轴确认；4H MACD 柱体连续扩张,4H EMA 空头排列
672,FBP,FIRST BANCORP,Financials,Early,Russell,1285,23.2,25.08,43.7,91.8,51.73,38.38,38.75,29.63,15.0,bearish_transition,25.0,bearish_proxy,41.64,42.58,0.0,25,confirmed_bearish_trend,58,bullish_above_signal,41.49,27.65,1.66,-0.01285255,-0.00467966,-0.06398107,-0.05405405,4H MACD 位于 Signal 上方,4H EMA 空头排列
673,DOMO,DOMO INC CLASS B,Information Technology,Early,Russell,340,23.18,45.14,65.2,54.18,51.73,55.79,58.1,47.07,35.0,mixed_sideways,61.8,bullish_above_signal_proxy,48.42,43.93,0.0,58,mixed_sideways,70,bullish_above_signal,50.56,3.84,0.59,-0.02414231,0.01587302,0.00655308,0.00261097,4H MACD 位于 Signal 上方；4H RSI 位于健康强势区间,4H EMA 仍偏震荡
674,CENTA,CENTRAL GARDEN AND PET CLASS A,Consumer Staples,Early,Russell,1311,23.18,25.15,46.1,85.1,51.73,46.61,47.9,29.44,15.0,bearish_transition,25.0,bearish_proxy,40.61,43.37,0.0,36,bearish_transition,72,fresh_below_zero_cross,41.38,35.02,1.18,0.01389690,0.02009898,-0.07010090,-0.09427133,4H MACD 刚金叉但仍需零轴确认；4H MACD 柱体连续扩张,4H EMA 转弱或跌破 EMA26
675,ACDC,PROFRAC HOLDING CLASS A,Energy,Early,Russell,337,23.13,66.19,32.9,37.53,51.73,40.67,41.3,47.17,85.0,early_transition,26.35,bearish_proxy,30.12,40.27,0.0,36,bearish_transition,50,mixed_or_bearish,41.33,4.84,2.16,0.00103413,-0.11839709,-0.08420057,0.14285714,4H MACD 柱体连续扩张,4H EMA 转弱或跌破 EMA26；4H MACD 尚未确认多头
676,PKOH,PARK OHIO HOLDINGS CORP,Industrials,Early,Russell,918,23.1,36.98,40.9,70.82,51.73,37.7,38.0,34.46,35.0,mixed_sideways,25.0,bearish_proxy,38.08,41.87,0.0,36,bearish_transition,42,mixed_or_bearish,46.16,45.07,0.73,0.00692587,-0.03778822,-0.07813457,0.09181204,,4H EMA 转弱或跌破 EMA26；4H MACD 尚未确认多头
677,VITL,VITAL FARMS INC,Consumer Staples,Early,Russell,934,23.08,29.34,51.7,59.69,51.73,46.21,47.45,34.11,15.0,bearish_transition,49.8,bullish_below_zero_proxy,35.98,42.45,0.0,39,bearish_transition,66,bullish_above_signal,45.14,10.03,1.19,0.01159859,0.01518219,-0.10125448,-0.17516447,4H MACD 位于 Signal 上方；4H MACD 柱体连续扩张,4H EMA 转弱或跌破 EMA26
678,DXPE,DXP ENTERPRISES,Industrials,Early,Russell,919,23.08,36.98,40.9,70.67,51.73,41.48,42.2,34.45,35.0,mixed_sideways,25.0,bearish_proxy,38.07,41.86,0.0,36,bearish_transition,50,mixed_or_bearish,48.54,183.539993,0.94,0.01989323,-0.01597690,-0.08124348,0.07358438,4H MACD 柱体连续扩张；4H RSI 位于健康强势区间,4H EMA 转弱或跌破 EMA26；4H MACD 尚未确认多头
679,HMH,HMH HOLDING INC CLASS A,Energy,Early,Russell,731,23.05,30.18,40.9,86.34,51.73,37.48,37.75,36.79,18.0,bearish_transition,51.15,bullish_below_zero_proxy,40.79,42.41,0.0,36,bearish_transition,42,mixed_or_bearish,47.29,19.700001,2.92,-0.01549220,-0.05606133,-0.07163045,-0.02716044,,4H EMA 转弱或跌破 EMA26；4H MACD 尚未确认多头
680,GEMI,GEMINI SPACE STATION INC CLASS A,Financials,Early,Russell,206,23.03,67.51,32.9,33.81,51.73,40.82,39.8,52.99,85.0,early_transition,20.0,fresh_bearish_cross_proxy,52.57,44.76,0.0,38,bearish_transition,42,mixed_or_bearish,41.92,4.18,1.13,-0.06592179,-0.05961755,0.15950069,-0.00712589,,4H EMA 转弱或跌破 EMA26；4H MACD 尚未确认多头
681,HIPO,HIPPO HOLDINGS,Financials,Early,Russell,785,23.01,37.63,32.9,90.05,51.73,37.7,38.0,36.37,35.0,mixed_sideways,25.0,bearish_proxy,43.88,43.03,0.0,36,bearish_transition,42,mixed_or_bearish,41.04,31.889999,1.03,-0.00962739,-0.00685151,-0.02357627,-0.03363639,,4H EMA 转弱或跌破 EMA26；4H MACD 尚未确认多头
682,EXTR,EXTREME NETWORKS,Information Technology,Early,Russell,938,23.0,29.16,51.7,59.59,51.73,44.05,45.05,33.96,15.0,bearish_transition,49.8,bullish_below_zero_proxy,35.97,41.44,0.0,39,bearish_transition,58,bullish_above_signal,45.8,21.889999,1.09,0.00091440,0.02051273,-0.09880617,-0.32291996,4H MACD 位于 Signal 上方,4H EMA 转弱或跌破 EMA26
683,TDW,TIDEWATER,Energy,Early,Russell,852,22.99,37.37,32.9,90.52,51.73,37.7,38.0,35.58,35.0,mixed_sideways,25.0,bearish_proxy,41.5,42.55,0.0,36,bearish_transition,42,mixed_or_bearish,40.39,88.230003,0.71,-0.01633310,-0.05200384,-0.05968239,0.04711608,,4H EMA 转弱或跌破 EMA26；4H MACD 尚未确认多头
684,WEST,WESTROCK COFFEE,Consumer Staples,Early,Russell,1412,22.96,24.85,51.7,69.38,51.73,37.57,37.85,28.54,15.0,bearish_transition,25.0,bearish_proxy,37.89,42.83,0.0,25,confirmed_bearish_trend,58,bullish_above_signal,46.39,7.77,0.89,-0.00128535,0.01014041,-0.06385542,-0.02692549,4H MACD 位于 Signal 上方,4H EMA 空头排列
685,SKY,CHAMPION HOMES INC,Consumer Discretionary,Early,Russell,1290,22.95,25.13,51.7,68.66,51.73,46.21,47.45,29.59,18.0,bearish_transition,26.35,bearish_proxy,37.77,41.8,0.0,39,bearish_transition,66,bullish_above_signal,46.7,84.849998,1.93,0.01422417,0.01860738,-0.08939689,0.03098414,4H MACD 位于 Signal 上方；4H MACD 柱体连续扩张,4H EMA 转弱或跌破 EMA26
686,FLR,FLUOR CORP,Industrials,Early,Russell,782,22.92,37.65,32.9,89.38,51.73,38.51,38.9,36.41,35.0,mixed_sideways,25.0,bearish_proxy,44.0,43.05,0.0,36,bearish_transition,42,mixed_or_bearish,42.89,52.990002,1.09,-0.01633557,-0.03338194,-0.03196931,0.02793410,,4H EMA 转弱或跌破 EMA26；4H MACD 尚未确认多头
687,BVS,BIOVENTUS CLASS A,Health Care,Early,Russell,844,22.92,37.54,32.9,89.69,51.73,35.0,35.0,35.69,35.0,mixed_sideways,25.0,bearish_proxy,41.36,43.52,0.0,22,confirmed_bearish_trend,50,mixed_or_bearish,41.79,13.2,1.76,0.01616628,-0.03190319,-0.04899135,-0.01565996,4H MACD 柱体连续扩张,4H EMA 空头排列；4H MACD 尚未确认多头
688,AVLN,AVALYN PHARMA INC,Health Care,Early,Russell,909,22.88,37.14,40.9,68.97,51.73,40.67,41.3,34.51,35.0,mixed_sideways,25.0,bearish_proxy,37.79,42.81,0.0,36,bearish_transition,50,mixed_or_bearish,46.59,34.709999,1.49,0.03689324,-0.03395494,-0.09159906,0.13061882,4H MACD 柱体连续扩张,4H EMA 转弱或跌破 EMA26；4H MACD 尚未确认多头
689,TCBK,TRICO BANCSHARES,Financials,Early,Russell,874,22.86,29.56,43.7,79.07,51.73,38.38,38.75,35.13,15.0,bearish_transition,49.8,bullish_below_zero_proxy,39.54,42.16,0.0,25,confirmed_bearish_trend,58,bullish_above_signal,43.47,53.43,1.62,0.00056176,-0.00093493,-0.06997391,-0.08838084,4H MACD 位于 Signal 上方,4H EMA 空头排列
690,SHO,SUNSTONE HOTEL INVESTORS REIT INC,Real Estate,Early,Russell,600,22.85,30.54,51.7,55.36,51.73,44.86,45.95,38.02,15.0,bearish_transition,49.8,bullish_below_zero_proxy,48.28,43.91,0.0,39,bearish_transition,58,bullish_above_signal,48.73,11.015,1.01,0.00410210,0.00227480,0.01101423,-0.05206540,4H MACD 位于 Signal 上方；4H RSI 位于健康强势区间,4H EMA 转弱或跌破 EMA26
691,MHO,M I HOMES INC,Consumer Discretionary,Early,Russell,1347,22.75,24.92,46.1,82.78,51.73,37.02,37.25,29.15,15.0,bearish_transition,25.0,bearish_proxy,40.2,42.29,0.0,25,confirmed_bearish_trend,64,fresh_below_zero_cross,38.75,140.479996,0.68,-0.01042555,-0.01237352,-0.07053065,-0.06415299,4H MACD 刚金叉但仍需零轴确认,4H EMA 空头排列；4H RSI 偏弱
692,CENT,CENTRAL GARDEN AND PET,Consumer Staples,Early,Russell,1327,22.74,25.1,46.1,82.27,51.73,46.61,47.9,29.28,15.0,bearish_transition,25.0,bearish_proxy,40.13,43.28,0.0,36,bearish_transition,72,fresh_below_zero_cross,41.76,40.619999,1.21,0.01473895,0.02188677,-0.06243513,-0.07723764,4H MACD 刚金叉但仍需零轴确认；4H MACD 柱体连续扩张,4H EMA 转弱或跌破 EMA26
693,ELE,ELEMENTAL ROYALTY CORP,Materials,Early,Russell,655,22.74,37.9,32.9,87.63,51.73,35.31,35.35,37.38,38.0,mixed_sideways,25.0,bearish_proxy,44.23,43.1,0.0,36,bearish_transition,42,mixed_or_bearish,38.75,20.02,3.64,-0.01958864,-0.05342790,-0.05832549,0.20384854,,4H EMA 转弱或跌破 EMA26；4H MACD 尚未确认多头；4H RSI 偏弱
694,HNI,HNI,Industrials,Early,Russell,773,22.73,37.67,32.9,88.09,51.73,40.67,41.3,36.47,35.0,mixed_sideways,25.0,bearish_proxy,44.2,43.09,0.0,36,bearish_transition,50,mixed_or_bearish,40.44,46.23,1.21,-0.00226608,-0.02220810,-0.04364915,-0.04582045,4H MACD 柱体连续扩张,4H EMA 转弱或跌破 EMA26；4H MACD 尚未确认多头
695,WLFC,WILLIS LEASE FINANCE,Industrials,Early,Russell,856,22.73,29.68,40.9,85.36,51.73,34.19,34.1,35.5,15.0,bearish_transition,49.8,bullish_below_zero_proxy,40.66,42.38,0.0,22,confirmed_bearish_trend,50,mixed_or_bearish,47.83,55.139999,0.96,0.02940353,-0.02837006,-0.05646817,-0.21787235,4H MACD 柱体连续扩张,4H EMA 空头排列；4H MACD 尚未确认多头
696,EMBC,EMBECTA,Health Care,Early,Russell,647,22.69,38.15,40.9,65.36,51.73,42.29,43.1,37.49,35.0,mixed_sideways,25.0,bearish_proxy,46.83,44.62,0.0,38,bearish_transition,50,mixed_or_bearish,48.38,5.13,0.63,0.01584158,0.00293255,-0.00097371,0.33942559,4H MACD 柱体连续扩张；4H RSI 位于健康强势区间,4H EMA 转弱或跌破 EMA26；4H MACD 尚未确认多头
697,CCBG,CAPITAL CITY BANK INC,Financials,Early,Russell,1026,22.69,25.95,46.1,79.95,51.73,38.78,39.2,32.0,18.0,bearish_transition,26.35,bearish_proxy,45.09,43.27,0.0,22,confirmed_bearish_trend,64,fresh_below_zero_cross,41.49,50.139999,2.06,-0.00575057,-0.00732526,-0.03854272,-0.04875735,4H MACD 刚金叉但仍需零轴确认,4H EMA 空头排列
698,MZTI,MARZETTI,Consumer Staples,Early,Russell,1333,22.66,25.09,46.1,81.75,51.73,45.8,47.0,29.25,15.0,bearish_transition,25.0,bearish_proxy,40.05,43.26,0.0,36,bearish_transition,72,fresh_below_zero_cross,43.19,102.959999,0.88,0.05007645,0.01719026,-0.10290144,-0.06688415,4H MACD 刚金叉但仍需零轴确认；4H MACD 柱体连续扩张,4H EMA 转弱或跌破 EMA26
699,HNVR,HANOVER BANCORP INC,Financials,Early,Russell,771,22.63,37.67,32.9,87.42,51.73,36.35,36.5,36.49,35.0,mixed_sideways,25.0,bearish_proxy,44.25,43.1,0.0,38,bearish_transition,42,mixed_or_bearish,38.97,26.459999,0.94,-0.02072543,-0.02756340,-0.03676738,-0.02469591,,4H EMA 转弱或跌破 EMA26；4H MACD 尚未确认多头；4H RSI 偏弱
700,RIG,TRANSOCEAN,Energy,Early,Russell,770,22.6,37.68,32.9,87.22,51.73,37.7,38.0,36.5,35.0,mixed_sideways,25.0,bearish_proxy,44.29,43.11,0.0,36,bearish_transition,42,mixed_or_bearish,42.48,5.54,0.86,-0.05300764,-0.02892200,-0.05460751,0.06130268,,4H EMA 转弱或跌破 EMA26；4H MACD 尚未确认多头
701,GBTG,GLOBAL BUSINESS TRAVEL GROUP CLASS,Consumer Discretionary,Early,Russell,659,22.57,37.97,40.9,64.95,51.73,37.79,38.1,37.37,35.0,mixed_sideways,25.0,bearish_proxy,46.9,43.63,0.0,38,bearish_transition,42,mixed_or_bearish,46.02,9.465,0.43,-0.00105541,-0.00263435,0.00264831,0.00424403,,4H EMA 转弱或跌破 EMA26；4H MACD 尚未确认多头
702,AXGN,AXOGEN,Health Care,Early,Russell,1042,22.56,25.98,54.1,57.68,51.73,47.02,48.35,31.87,15.0,bearish_transition,25.0,bearish_proxy,47.97,44.84,0.0,39,bearish_transition,72,fresh_below_zero_cross,47.02,45.439999,0.81,0.01022675,-0.03871379,-0.07567130,-0.01066843,4H MACD 刚金叉但仍需零轴确认；4H MACD 柱体连续扩张,4H EMA 转弱或跌破 EMA26
703,SGMT,SAGIMET BIOSCIENCES SERIES A,Health Care,Early,Russell,643,22.56,38.17,40.9,64.43,51.73,38.51,38.9,37.54,35.0,mixed_sideways,25.0,bearish_proxy,46.96,44.64,0.0,38,bearish_transition,42,mixed_or_bearish,45.38,10.46,0.64,0.00673725,-0.03683241,0.00383877,0.30750000,,4H EMA 转弱或跌破 EMA26；4H MACD 尚未确认多头
704,PFIS,PEOPLES FINANCIAL SERVICES CORP,Financials,Early,Russell,327,22.55,45.31,37.3,57.32,51.73,38.78,39.2,47.83,38.0,mixed_sideways,61.8,bullish_above_signal_proxy,48.01,43.85,0.0,44,bearish_transition,28,fresh_bearish_cross,48.18,70.910004,0.76,-0.01438593,-0.00056368,-0.00686272,-0.01677758,4H RSI 位于健康强势区间,4H EMA 转弱或跌破 EMA26；4H MACD 最近死叉
705,EXPO,EXPONENT,Industrials,Early,Russell,474,22.51,38.82,54.1,27.42,51.73,47.83,49.25,39.85,35.0,mixed_sideways,25.0,bearish_proxy,54.44,45.14,0.0,39,bearish_transition,72,fresh_below_zero_cross,47.24,68.010002,1.89,0.00221045,0.00755559,0.02749660,0.00250598,4H MACD 刚金叉但仍需零轴确认；4H MACD 柱体连续扩张,4H EMA 转弱或跌破 EMA26
706,MATV,MATIV HOLDINGS,Materials,Early,Russell,656,22.51,37.98,40.9,64.54,51.73,41.48,42.2,37.38,35.0,mixed_sideways,25.0,bearish_proxy,46.95,43.64,0.0,38,bearish_transition,50,mixed_or_bearish,47.68,12.045,1.44,0.01261034,-0.03253012,-0.01593137,0.31066376,4H MACD 柱体连续扩张,4H EMA 转弱或跌破 EMA26；4H MACD 尚未确认多头
707,OSUR,ORASURE TECHNOLOGIES INC,Health Care,Early,Russell,405,22.5,34.62,65.2,74.23,51.73,52.69,54.65,42.82,15.0,bearish_transition,71.8,fresh_below_zero_cross_proxy,45.7,44.39,0.0,53,mixed_sideways,66,bullish_above_signal,50.19,3.48,0.6,0.02654867,0.03571429,-0.08900524,-0.16546763,4H MACD 位于 Signal 上方；4H MACD 柱体连续扩张；4H RSI 位于健康强势区间,4H EMA 仍偏震荡
708,UFPI,UFP INDUSTRIES,Industrials,Early,Russell,1317,22.49,25.0,43.7,87.27,51.73,46.21,47.45,29.4,15.0,bearish_transition,25.0,bearish_proxy,40.96,42.44,0.0,39,bearish_transition,66,bullish_above_signal,43.84,82.010002,1.85,0.00097647,-0.00060926,-0.07039219,-0.11512730,4H MACD 位于 Signal 上方；4H MACD 柱体连续扩张,4H EMA 转弱或跌破 EMA26
709,CALM,CAL MAINE FOODS,Consumer Staples,Early,Russell,1298,22.49,25.18,43.7,86.86,51.73,35.0,35.0,29.51,15.0,bearish_transition,25.0,bearish_proxy,40.84,43.42,0.0,22,confirmed_bearish_trend,58,bullish_above_signal,39.31,74.290001,1.08,-0.00221612,0.01405950,-0.07674138,-0.12414524,4H MACD 位于 Signal 上方,4H EMA 空头排列；4H RSI 偏弱
710,RGCO,RGC RESOURCES INC,Utilities,Early,Russell,544,22.48,30.9,54.1,45.67,51.73,39.99,40.55,38.68,15.0,bearish_transition,49.8,bullish_below_zero_proxy,49.83,45.22,0.0,25,confirmed_bearish_trend,64,fresh_below_zero_cross,46.53,21.41,1.48,-0.00418605,0.00375059,0.00281030,-0.01154201,4H MACD 刚金叉但仍需零轴确认,4H EMA 空头排列
711,UHT,UNIVERSAL HEALTH REALTY INCOME TRU,Real Estate,Early,Russell,555,22.47,30.7,54.1,46.08,51.73,40.94,41.6,38.5,15.0,bearish_transition,49.8,bullish_below_zero_proxy,49.75,44.2,0.0,22,confirmed_bearish_trend,72,fresh_below_zero_cross,46.94,40.880001,1.17,0.00565803,0.00294414,0.01565220,-0.03127962,4H MACD 刚金叉但仍需零轴确认；4H MACD 柱体连续扩张,4H EMA 空头排列
712,TBI,TRUEBLUE INC,Industrials,Early,Russell,1356,22.46,24.89,46.1,80.93,51.73,40.13,40.7,29.06,15.0,bearish_transition,25.0,bearish_proxy,39.93,42.24,0.0,22,confirmed_bearish_trend,72,fresh_below_zero_cross,40.46,9.05,0.61,-0.01308615,-0.00110375,-0.08770161,0.17685306,4H MACD 刚金叉但仍需零轴确认；4H MACD 柱体连续扩张,4H EMA 空头排列
713,RCKY,ROCKY BRANDS INC,Consumer Discretionary,Early,Russell,1318,22.45,25.0,43.7,87.01,51.73,37.16,37.4,29.38,15.0,bearish_transition,25.0,bearish_proxy,40.89,42.43,0.0,22,confirmed_bearish_trend,58,bullish_above_signal,41.49,43.16,1.42,0.00442167,0.00197328,-0.07461405,-0.14075254,4H MACD 位于 Signal 上方,4H EMA 空头排列
714,SBC,SBC MEDICAL GROUP HOLDINGS INC,Health Care,Early,Russell,155,22.44,60.98,50.8,3.61,2.37,45.95,45.5,56.93,72.0,confirmed_bullish_trend,59.55,bullish_above_signal_proxy,78.99,51.05,10.91,58,mixed_sideways,28,fresh_bearish_cross,60.17,4.48,0.64,-0.02396514,0.03344867,0.22087478,0.41102362,4H RSI 位于健康强势区间,4H EMA 仍偏震荡；4H MACD 最近死叉
715,IPAR,INTERPARFUMS INC,Consumer Staples,Early,Russell,1033,22.44,26.0,54.1,56.86,51.73,45.8,47.0,31.91,15.0,bearish_transition,25.0,bearish_proxy,48.1,44.87,0.0,36,bearish_transition,72,fresh_below_zero_cross,47.13,112.639999,0.94,0.02279127,0.00940947,0.00832513,-0.12407171,4H MACD 刚金叉但仍需零轴确认；4H MACD 柱体连续扩张,4H EMA 转弱或跌破 EMA26
716,NBBK,NB BANCORP INC,Financials,Early,Russell,810,22.43,37.0,40.9,66.29,51.73,42.16,42.95,36.05,35.0,mixed_sideways,20.0,fresh_bearish_cross_proxy,46.71,43.59,0.0,41,bearish_transition,42,mixed_or_bearish,49.65,22.73,1.57,-0.00021997,-0.00698991,-0.00742358,-0.02530017,4H RSI 位于健康强势区间,4H EMA 转弱或跌破 EMA26；4H MACD 尚未确认多头
717,MAGN,MAGNERA,Materials,Early,Russell,1136,22.43,25.48,46.1,79.33,51.73,40.13,40.7,30.79,15.0,bearish_transition,25.0,bearish_proxy,45.15,43.28,0.0,22,confirmed_bearish_trend,72,fresh_below_zero_cross,42.52,11.665,0.77,0.01523064,0.00430478,-0.02791667,-0.14729532,4H MACD 刚金叉但仍需零轴确认；4H MACD 柱体连续扩张,4H EMA 空头排列
718,BTSG,BRIGHTSPRING HEALTH SERVICES INC,Health Care,Early,Russell,695,22.4,30.36,40.9,81.65,51.73,34.19,34.1,37.08,15.0,bearish_transition,49.8,bullish_below_zero_proxy,44.97,44.24,0.0,22,confirmed_bearish_trend,50,mixed_or_bearish,45.41,58.959999,0.95,0.00863907,-0.04872541,-0.02400267,-0.06084740,4H MACD 柱体连续扩张,4H EMA 空头排列；4H MACD 尚未确认多头
719,RJET,REPUBLIC AIRWAYS HOLDINGS,Industrials,Early,Russell,569,22.38,32.96,51.7,46.6,51.73,47.83,49.25,38.35,15.0,bearish_transition,71.8,fresh_below_zero_cross_proxy,32.6,40.77,0.0,39,bearish_transition,66,bullish_above_signal,48.5,17.73,1.19,0.01488271,-0.00449180,-0.12573969,-0.19518842,4H MACD 位于 Signal 上方；4H MACD 柱体连续扩张；4H RSI 位于健康强势区间,4H EMA 转弱或跌破 EMA26
720,LRN,STRIDE INC,Consumer Discretionary,Early,Russell,1135,22.38,25.48,46.1,78.97,51.73,39.19,39.65,30.8,15.0,bearish_transition,25.0,bearish_proxy,45.18,43.29,0.0,25,confirmed_bearish_trend,64,fresh_below_zero_cross,43.31,82.230003,1.0,-0.01189615,0.00611770,-0.01520954,0.02072995,4H MACD 刚金叉但仍需零轴确认,4H EMA 空头排列
721,HBCP,HOME BANCORP INC,Financials,Early,Russell,1450,22.33,24.07,43.7,88.35,51.73,38.38,38.75,28.19,15.0,bearish_transition,20.0,fresh_bearish_cross_proxy,41.06,42.46,0.0,25,confirmed_bearish_trend,58,bullish_above_signal,43.29,68.650002,1.28,-0.01414519,-0.00189004,-0.04559986,-0.05453793,4H MACD 位于 Signal 上方,4H EMA 空头排列
722,SBH,SALLY BEAUTY HOLDINGS,Consumer Discretionary,Early,Russell,651,22.32,38.01,40.9,63.25,51.73,40.67,41.3,37.47,35.0,mixed_sideways,25.0,bearish_proxy,47.23,43.7,0.0,36,bearish_transition,50,mixed_or_bearish,47.62,16.025,1.49,0.00849591,-0.00062364,-0.01323892,-0.03230670,4H MACD 柱体连续扩张,4H EMA 转弱或跌破 EMA26；4H MACD 尚未确认多头
723,SAM,BOSTON BEER CLASS A,Consumer Staples,Early,Russell,1303,22.32,25.17,43.7,85.72,51.73,37.57,37.85,29.49,15.0,bearish_transition,25.0,bearish_proxy,40.75,43.4,0.0,25,confirmed_bearish_trend,58,bullish_above_signal,44.91,170.449997,0.86,-0.00005872,0.04966593,-0.06541292,-0.07328873,4H MACD 位于 Signal 上方,4H EMA 空头排列
724,UMH,UMH PROPERTIES INC,Real Estate,Early,Russell,1021,22.31,25.98,46.1,77.32,51.73,39.91,40.45,32.1,18.0,bearish_transition,26.35,bearish_proxy,45.38,43.33,0.0,22,confirmed_bearish_trend,72,fresh_below_zero_cross,40.33,15.61,2.87,0.00515132,-0.00255591,-0.03283761,0.01892950,4H MACD 刚金叉但仍需零轴确认；4H MACD 柱体连续扩张,4H EMA 空头排列
725,TCBX,THIRD COAST BANCSHARES INC,Financials,Early,Russell,760,22.31,37.7,32.9,85.21,51.73,38.51,38.9,36.57,35.0,mixed_sideways,25.0,bearish_proxy,44.49,43.15,0.0,38,bearish_transition,42,mixed_or_bearish,40.94,44.235001,0.76,-0.01524927,-0.01283196,-0.03120891,0.00465596,,4H EMA 转弱或跌破 EMA26；4H MACD 尚未确认多头
726,GWRS,GLOBAL WATER RESOURCES INC,Utilities,Early,Russell,736,22.23,37.91,32.9,84.23,51.73,40.67,41.3,36.77,35.0,mixed_sideways,25.0,bearish_proxy,44.64,44.18,0.0,38,bearish_transition,50,mixed_or_bearish,44.3,8.71,1.03,-0.00343249,-0.01022727,-0.01914414,0.18826739,4H MACD 柱体连续扩张,4H EMA 转弱或跌破 EMA26；4H MACD 尚未确认多头
727,BTBT,BIT DIGITAL,Information Technology,Early,Russell,363,22.21,65.5,32.9,32.99,51.73,36.98,37.2,45.32,82.0,early_transition,25.0,bearish_proxy,28.29,39.91,0.0,36,bearish_transition,42,mixed_or_bearish,40.42,1.43,0.48,-0.04347826,-0.13333333,-0.10344828,0.01060071,,4H EMA 转弱或跌破 EMA26；4H MACD 尚未确认多头
728,CTOS,CUSTOM TRUCK ONE SOURCE,Industrials,Early,Russell,578,22.16,32.92,51.7,45.26,51.73,44.18,45.2,38.24,15.0,bearish_transition,71.8,fresh_below_zero_cross_proxy,32.28,40.71,0.0,36,bearish_transition,66,bullish_above_signal,45.56,9.055,0.94,0.01627385,-0.02108108,-0.13679695,-0.17719219,4H MACD 位于 Signal 上方；4H MACD 柱体连续扩张,4H EMA 转弱或跌破 EMA26
729,JBGS,JBG SMITH PROPERTIES,Real Estate,Early,Russell,397,22.14,34.71,46.1,55.88,51.73,40.94,41.6,43.5,15.0,bearish_transition,71.8,fresh_below_zero_cross_proxy,48.23,43.9,0.0,22,confirmed_bearish_trend,72,fresh_below_zero_cross,40.58,11.27,1.21,0.00982044,0.00625000,-0.01053556,-0.05926544,4H MACD 刚金叉但仍需零轴确认；4H MACD 柱体连续扩张,4H EMA 空头排列
730,WHG,WESTWOOD HOLDINGS GROUP INC,Financials,Early,Russell,1329,22.13,24.96,43.7,84.95,51.73,33.47,33.3,29.28,15.0,bearish_transition,25.0,bearish_proxy,40.59,42.37,0.0,22,confirmed_bearish_trend,58,bullish_above_signal,38.49,18.5,0.02,-0.00857449,-0.00751068,-0.04442154,-0.03995848,4H MACD 位于 Signal 上方,4H EMA 空头排列；4H RSI 偏弱
731,PTCT,PTC THERAPEUTICS,Health Care,Early,Russell,1214,22.06,25.47,46.1,76.91,51.73,46.61,47.9,30.2,18.0,bearish_transition,26.35,bearish_proxy,39.16,43.08,0.0,36,bearish_transition,72,fresh_below_zero_cross,44.53,67.589996,1.73,0.02986438,0.00059205,-0.07271235,-0.02199399,4H MACD 刚金叉但仍需零轴确认；4H MACD 柱体连续扩张,4H EMA 转弱或跌破 EMA26
732,ESNT,ESSENT GROUP,Financials,Early,Russell,640,22.06,38.04,40.9,61.39,51.73,38.51,38.9,37.57,35.0,mixed_sideways,25.0,bearish_proxy,47.52,43.75,0.0,36,bearish_transition,42,mixed_or_bearish,45.82,67.82,1.64,0.00825096,-0.01137023,-0.02318882,0.01709658,,4H EMA 转弱或跌破 EMA26；4H MACD 尚未确认多头
733,WRBY,WARBY PARKER CLASS A,Consumer Discretionary,Early,Russell,1364,22.06,24.26,43.7,86.13,51.73,37.16,37.4,28.99,18.0,bearish_transition,20.0,fresh_bearish_cross_proxy,40.78,42.41,0.0,22,confirmed_bearish_trend,58,bullish_above_signal,41.31,23.57,1.81,-0.02361222,-0.04109032,-0.07929688,-0.21170569,4H MACD 位于 Signal 上方,4H EMA 空头排列
734,ALKS,ALKERMES,Health Care,Early,Russell,1320,22.04,25.13,43.7,83.92,51.73,44.99,46.1,29.37,15.0,bearish_transition,25.0,bearish_proxy,40.4,43.33,0.0,36,bearish_transition,66,bullish_above_signal,44.64,46.07,1.52,0.02264153,0.01520491,-0.07601285,-0.07210477,4H MACD 位于 Signal 上方；4H MACD 柱体连续扩张,4H EMA 转弱或跌破 EMA26
735,GLOB,GLOBANT,Information Technology,Early,Russell,495,22.01,38.72,51.7,30.72,51.73,45.26,46.4,39.54,35.0,mixed_sideways,25.0,bearish_proxy,53.5,44.95,0.0,44,bearish_transition,58,bullish_above_signal,47.91,38.425999,1.01,-0.05610415,0.06295980,0.06002756,0.00829173,4H MACD 位于 Signal 上方,4H EMA 转弱或跌破 EMA26
736,GO,GROCERY OUTLET HOLDING,Consumer Staples,Early,Russell,623,22.0,38.24,40.9,60.57,51.73,39.73,40.25,37.75,35.0,mixed_sideways,25.0,bearish_proxy,47.61,44.77,0.0,41,bearish_transition,42,mixed_or_bearish,46.77,11.46,0.81,-0.01206897,0.01415929,-0.00217675,0.14829659,,4H EMA 转弱或跌破 EMA26；4H MACD 尚未确认多头
737,CHEF,CHEFS WAREHOUSE INC,Consumer Staples,Early,Russell,620,21.97,38.25,40.9,60.31,51.73,39.86,40.4,37.77,35.0,mixed_sideways,25.0,bearish_proxy,47.66,44.78,0.0,36,bearish_transition,50,mixed_or_bearish,47.24,109.68,0.99,0.03053650,0.00246775,-0.00813892,-0.00349795,4H MACD 柱体连续扩张,4H EMA 转弱或跌破 EMA26；4H MACD 尚未确认多头
738,JOE,ST JOE,Real Estate,Early,Russell,1149,21.96,25.44,43.7,82.68,51.73,37.16,37.4,30.68,15.0,bearish_transition,25.0,bearish_proxy,44.84,43.22,0.0,22,confirmed_bearish_trend,58,bullish_above_signal,42.13,64.309998,1.35,-0.00448916,0.00688898,-0.05168479,-0.01107183,4H MACD 位于 Signal 上方,4H EMA 空头排列
739,SOC,SABLE OFFSHORE CLASS A,Energy,Early,Russell,106,21.95,73.36,29.3,22.58,51.73,36.23,34.7,60.74,82.0,early_transition,49.8,bullish_below_zero_proxy,56.2,45.49,0.0,38,bearish_transition,28,fresh_bearish_cross,41.06,4.575,0.86,-0.08040201,-0.07200811,0.14518148,0.02234637,,4H EMA 转弱或跌破 EMA26；4H MACD 最近死叉
740,COSO,COASTALSOUTH BANCSHARES INC,Financials,Early,Russell,574,21.94,38.29,46.1,46.19,51.73,43.64,44.6,38.3,35.0,mixed_sideways,25.0,bearish_proxy,49.74,44.2,0.0,36,bearish_transition,64,fresh_below_zero_cross,42.11,27.190001,0.91,-0.01699201,-0.00585005,-0.02229407,-0.00293359,4H MACD 刚金叉但仍需零轴确认,4H EMA 转弱或跌破 EMA26
741,HCSG,HEALTHCARE SERVICES GROUP,Industrials,Early,Russell,566,21.9,30.66,51.7,48.76,51.73,38.38,38.75,38.37,15.0,bearish_transition,49.8,bullish_below_zero_proxy,49.33,44.12,0.0,25,confirmed_bearish_trend,58,bullish_above_signal,46.49,21.889999,1.1,0.00091440,-0.00680590,0.01295687,-0.05463191,4H MACD 位于 Signal 上方,4H EMA 空头排列
742,ECBK,ECB BANCORP INC,Financials,Early,Russell,587,21.88,37.71,51.7,32.22,51.73,50.12,51.8,38.12,35.0,mixed_sideways,20.0,fresh_bearish_cross_proxy,52.98,44.85,0.0,44,bearish_transition,70,bullish_above_signal,48.46,20.74,0.62,-0.02262012,-0.00288457,-0.00192498,0.00613671,4H MACD 位于 Signal 上方；4H RSI 位于健康强势区间,4H EMA 转弱或跌破 EMA26
743,OBK,ORIGIN BANCORP INC,Financials,Early,Russell,339,21.84,45.16,37.3,52.94,51.73,37.97,38.3,47.12,35.0,mixed_sideways,61.8,bullish_above_signal_proxy,48.59,43.97,0.0,44,bearish_transition,28,fresh_bearish_cross,45.1,53.604,1.6,-0.01208990,-0.00048482,0.00026124,-0.02662066,,4H EMA 转弱或跌破 EMA26；4H MACD 最近死叉
744,RRBI,RED RIVER BANCSHARES INC,Financials,Early,Russell,548,21.77,38.3,40.9,58.87,51.73,40.53,41.15,38.56,38.0,mixed_sideways,25.0,bearish_proxy,47.79,43.81,0.0,41,bearish_transition,42,mixed_or_bearish,46.23,101.75,1.54,-0.00741393,0.00009831,-0.00963596,-0.00235315,,4H EMA 转弱或跌破 EMA26；4H MACD 尚未确认多头
745,AAT,AMERICAN ASSETS TRUST REIT,Real Estate,Early,Russell,1120,21.73,25.54,46.1,74.54,51.73,47.83,49.25,30.96,15.0,bearish_transition,25.0,bearish_proxy,45.68,43.39,0.0,39,bearish_transition,72,fresh_below_zero_cross,44.64,21.799999,1.14,0.01160093,0.01019458,-0.03795238,-0.05892519,4H MACD 刚金叉但仍需零轴确认；4H MACD 柱体连续扩张,4H EMA 转弱或跌破 EMA26
746,NVCR,NOVOCURE,Health Care,Early,Russell,1373,21.73,24.97,46.1,75.88,51.73,47.83,49.25,28.9,15.0,bearish_transition,25.0,bearish_proxy,38.99,43.05,0.0,39,bearish_transition,72,fresh_below_zero_cross,44.41,16.219999,1.31,-0.01218033,0.03841223,-0.07393663,-0.00246009,4H MACD 刚金叉但仍需零轴确认；4H MACD 柱体连续扩张,4H EMA 转弱或跌破 EMA26
747,DC,DAKOTA GOLD CORP,Materials,Early,Russell,875,21.72,37.21,32.9,82.42,51.73,36.35,36.5,35.13,35.0,mixed_sideways,25.0,bearish_proxy,40.14,42.28,0.0,36,bearish_transition,42,mixed_or_bearish,39.11,5.715,1.57,-0.00522193,-0.03868797,-0.06693878,0.13844622,,4H EMA 转弱或跌破 EMA26；4H MACD 尚未确认多头；4H RSI 偏弱
748,TRAX,FIRST TRACKS BIOTHERAPEUTICS INC,Health Care,Early,Russell,1126,21.71,35.91,54.1,28.87,51.73,47.83,49.25,30.9,35.0,mixed_sideways,25.0,bearish_proxy,26.86,40.62,0.0,39,bearish_transition,72,fresh_below_zero_cross,45.17,39.0,1.11,0.01114856,-0.01415574,-0.10570972,-0.15152651,4H MACD 刚金叉但仍需零轴确认；4H MACD 柱体连续扩张,4H EMA 转弱或跌破 EMA26
749,NRIX,NURIX THERAPEUTICS,Health Care,Early,Russell,869,21.7,37.39,32.9,81.86,51.73,35.0,35.0,35.26,35.0,mixed_sideways,25.0,bearish_proxy,40.07,43.26,0.0,22,confirmed_bearish_trend,50,mixed_or_bearish,44.96,25.15,1.2,0.03561869,-0.04153963,-0.07434671,0.01821858,4H MACD 柱体连续扩张,4H EMA 空头排列；4H MACD 尚未确认多头
750,LINC,LINCOLN EDUCATIONAL SERVICES CORP,Consumer Discretionary,Early,Russell,970,21.69,28.91,51.7,51.44,51.73,43.23,44.15,33.24,15.0,bearish_transition,49.8,bullish_below_zero_proxy,33.79,41.01,0.0,39,bearish_transition,58,bullish_above_signal,46.24,25.17,0.8,-0.00039714,0.04008260,-0.12299655,-0.41628013,4H MACD 位于 Signal 上方,4H EMA 转弱或跌破 EMA26
751,CASH,PATHWARD FINANCIAL INC,Financials,Early,Russell,1276,21.69,25.11,39.1,93.92,51.73,36.62,36.8,29.72,15.0,bearish_transition,25.0,bearish_proxy,41.93,42.64,0.0,22,confirmed_bearish_trend,64,fresh_below_zero_cross,34.74,78.449997,1.51,-0.00127315,-0.00865616,-0.08116655,-0.12375742,4H MACD 刚金叉但仍需零轴确认,4H EMA 空头排列；4H RSI 偏弱
752,CCNE,CNB FINANCIAL CORP,Financials,Early,Russell,331,21.68,45.33,29.3,72.84,51.73,36.76,36.95,47.46,38.0,mixed_sideways,63.15,bullish_above_signal_proxy,45.87,43.42,0.0,41,bearish_transition,28,fresh_bearish_cross,44.6,34.040001,2.2,-0.00960134,-0.00351285,-0.02380264,-0.04649860,,4H EMA 转弱或跌破 EMA26；4H MACD 最近死叉
753,ASTE,ASTEC INDUSTRIES,Industrials,Early,Russell,794,21.64,29.93,32.9,98.87,51.73,32.84,32.6,36.22,15.0,bearish_transition,49.8,bullish_below_zero_proxy,42.82,42.81,0.0,22,confirmed_bearish_trend,50,mixed_or_bearish,39.11,40.91,1.32,-0.00012223,-0.03377421,-0.05410405,-0.21808104,4H MACD 柱体连续扩张,4H EMA 空头排列；4H MACD 尚未确认多头；4H RSI 偏弱
754,IRMD,IRADIMED,Health Care,Early,Russell,1181,21.61,25.49,39.1,92.53,51.73,37.97,38.3,30.44,15.0,bearish_transition,25.0,bearish_proxy,43.64,43.98,0.0,22,confirmed_bearish_trend,72,fresh_below_zero_cross,36.93,82.580002,0.83,0.00084838,-0.00995087,-0.06276244,-0.11166090,4H MACD 刚金叉但仍需零轴确认；4H MACD 柱体连续扩张,4H EMA 空头排列；4H RSI 偏弱
755,BFC,BANK FIRST CORP,Financials,Early,Russell,818,21.6,37.51,25.9,99.59,51.73,36.35,36.5,36.0,35.0,mixed_sideways,25.0,bearish_proxy,42.75,42.8,0.0,36,bearish_transition,42,mixed_or_bearish,37.51,150.539993,1.18,-0.01614275,-0.02043207,-0.04022960,-0.03752964,,4H EMA 转弱或跌破 EMA26；4H MACD 尚未确认多头；4H RSI 偏弱
756,ASB,ASSOCIATED BANCORP,Financials,Early,Russell,1159,21.59,25.32,39.1,92.78,51.73,36.62,36.8,30.58,18.0,bearish_transition,25.0,bearish_proxy,41.8,42.61,0.0,22,confirmed_bearish_trend,64,fresh_below_zero_cross,36.43,29.75,1.76,-0.01620370,-0.01587827,-0.07234175,-0.06284457,4H MACD 刚金叉但仍需零轴确认,4H EMA 空头排列；4H RSI 偏弱
757,PGC,PEAPACK GLADSTONE FINANCIAL CORP,Financials,Early,Russell,662,21.56,30.37,32.9,97.32,51.73,32.84,32.6,37.33,18.0,bearish_transition,51.15,bullish_below_zero_proxy,42.45,42.74,0.0,22,confirmed_bearish_trend,42,mixed_or_bearish,41.59,45.029999,2.46,-0.01271655,-0.01379766,-0.03679147,-0.03472675,,4H EMA 空头排列；4H MACD 尚未确认多头
758,BVFL,BV FINANCIAL INC,Financials,Early,Russell,1025,21.55,25.9,54.1,51.13,51.73,39.99,40.55,32.03,15.0,bearish_transition,25.0,bearish_proxy,48.91,44.03,0.0,25,confirmed_bearish_trend,64,fresh_below_zero_cross,45.68,20.93,1.36,-0.00617279,-0.01482706,-0.01644741,0.00000000,4H MACD 刚金叉但仍需零轴确认,4H EMA 空头排列
759,TRNS,TRANSCAT,Industrials,Early,Russell,1420,21.48,24.75,54.1,53.4,51.73,46.61,47.9,28.47,18.0,bearish_transition,26.35,bearish_proxy,34.37,41.12,0.0,36,bearish_transition,72,fresh_below_zero_cross,46.03,83.639999,2.37,0.03540480,0.00155666,-0.10860069,-0.08878965,4H MACD 刚金叉但仍需零轴确认；4H MACD 柱体连续扩张,4H EMA 转弱或跌破 EMA26
760,SWX,SOUTHWEST GAS HOLDINGS,Utilities,Early,Russell,1093,21.44,25.76,46.1,72.06,51.73,38.78,39.2,31.22,15.0,bearish_transition,25.0,bearish_proxy,45.99,44.45,0.0,22,confirmed_bearish_trend,72,fresh_below_zero_cross,39.67,86.760002,1.79,0.00643814,-0.01218263,-0.04951793,-0.02527806,4H MACD 刚金叉但仍需零轴确认；4H MACD 柱体连续扩张,4H EMA 空头排列；4H RSI 偏弱
761,JBTM,JBT MAREL,Industrials,Early,Russell,791,21.44,29.95,32.9,97.47,51.73,30.68,30.2,36.29,15.0,bearish_transition,49.8,bullish_below_zero_proxy,43.03,42.86,0.0,22,confirmed_bearish_trend,42,mixed_or_bearish,39.62,111.349998,1.24,-0.01215404,-0.02187279,-0.06231581,-0.16006644,,4H EMA 空头排列；4H MACD 尚未确认多头；4H RSI 偏弱
762,QUAD,QUAD GRAPHICS INC CLASS A,Industrials,Early,Russell,811,21.43,37.52,25.9,98.45,51.73,36.35,36.5,36.05,35.0,mixed_sideways,25.0,bearish_proxy,42.91,42.83,0.0,36,bearish_transition,42,mixed_or_bearish,37.69,9.62,1.27,0.01156677,-0.05314961,-0.04893722,-0.08901515,,4H EMA 转弱或跌破 EMA26；4H MACD 尚未确认多头；4H RSI 偏弱
763,ACNB,ACNB CORP,Financials,Early,Russell,622,21.38,38.11,40.9,56.7,51.73,38.51,38.9,37.76,35.0,mixed_sideways,25.0,bearish_proxy,48.11,43.87,0.0,38,bearish_transition,42,mixed_or_bearish,47.19,64.550003,0.99,-0.00370424,0.00388802,0.00513862,-0.01367556,,4H EMA 转弱或跌破 EMA26；4H MACD 尚未确认多头
764,LWAY,LIFEWAY FOODS INC,Consumer Staples,Early,Russell,1116,21.38,25.68,43.7,78.25,51.73,35.0,35.0,30.98,15.0,bearish_transition,25.0,bearish_proxy,45.27,44.3,0.0,22,confirmed_bearish_trend,58,bullish_above_signal,38.3,24.42,1.42,-0.00772048,-0.01690821,-0.01333333,-0.16825616,4H MACD 位于 Signal 上方,4H EMA 空头排列；4H RSI 偏弱
765,MLYS,MINERALYS THERAPEUTICS,Health Care,Early,Russell,320,21.33,45.64,40.9,38.81,51.73,40.53,41.15,48.16,35.0,mixed_sideways,61.8,bullish_above_signal_proxy,51.27,45.5,0.0,41,bearish_transition,42,mixed_or_bearish,45.61,27.540001,1.29,-0.02685505,-0.09704915,0.05638669,0.03767897,,4H EMA 转弱或跌破 EMA26；4H MACD 尚未确认多头
766,FUBO,FUBOTV CLASS A,Communication,Early,Russell,855,21.28,36.82,32.9,80.41,51.73,39.73,40.25,35.51,35.0,mixed_sideways,20.0,fresh_bearish_cross_proxy,45.06,43.26,0.0,41,bearish_transition,42,mixed_or_bearish,43.32,10.6,0.77,-0.04761905,-0.01027077,0.03112840,0.10994764,,4H EMA 转弱或跌破 EMA26；4H MACD 尚未确认多头
767,APLE,APPLE HOSPITALITY REIT INC,Real Estate,Early,Russell,1020,21.27,25.99,43.7,76.8,51.73,37.16,37.4,32.11,18.0,bearish_transition,26.35,bearish_proxy,45.41,43.33,0.0,22,confirmed_bearish_trend,58,bullish_above_signal,41.43,15.425,1.37,0.00000000,-0.00771952,-0.03048397,-0.06741239,4H MACD 位于 Signal 上方,4H EMA 空头排列
768,TYRA,TYRA BIOSCIENCES,Health Care,Early,Russell,973,21.24,29.01,51.7,48.2,51.73,38.06,38.4,33.13,15.0,bearish_transition,49.8,bullish_below_zero_proxy,33.0,41.85,0.0,28,confirmed_bearish_trend,58,bullish_above_signal,46.94,24.35,0.54,-0.04171586,0.10606410,-0.07131957,-0.25123001,4H MACD 位于 Signal 上方,4H EMA 空头排列
769,COFS,CHOICEONE FINANCIAL SERVICES INC,Financials,Early,Russell,356,21.21,44.88,29.3,70.72,51.73,34.73,34.7,46.32,35.0,mixed_sideways,61.8,bullish_above_signal_proxy,46.15,43.48,0.0,36,bearish_transition,28,fresh_bearish_cross,43.57,33.360001,1.8,-0.00447619,-0.00832337,-0.02655381,-0.03416329,,4H EMA 转弱或跌破 EMA26；4H MACD 最近死叉
770,FMBH,FIRST MID BANCSHARES INC,Financials,Early,Russell,873,21.2,36.69,29.3,89.79,51.73,36.76,36.95,35.13,35.0,mixed_sideways,20.0,fresh_bearish_cross_proxy,43.92,43.03,0.0,41,bearish_transition,28,fresh_bearish_cross,40.84,50.18,1.45,-0.01569243,-0.00594295,-0.03388523,-0.04400842,,4H EMA 转弱或跌破 EMA26；4H MACD 最近死叉
771,SNEX,STONEX GROUP INC,Financials,Early,Russell,679,21.17,30.26,40.9,73.66,51.73,32.84,32.6,37.19,15.0,bearish_transition,49.8,bullish_below_zero_proxy,45.77,43.4,0.0,22,confirmed_bearish_trend,42,mixed_or_bearish,45.01,67.610001,1.18,0.00948119,-0.02494945,-0.01227167,-0.10087106,,4H EMA 空头排列；4H MACD 尚未确认多头
772,CMT,CORE MOLDING TECHNOLOGIES INC,Materials,Early,Russell,1272,21.15,25.18,46.1,71.49,51.73,40.94,41.6,29.74,18.0,bearish_transition,26.35,bearish_proxy,38.24,41.9,0.0,22,confirmed_bearish_trend,72,fresh_below_zero_cross,41.77,23.65,1.85,0.01589343,-0.00713686,-0.10110221,-0.05248394,4H MACD 刚金叉但仍需零轴确认；4H MACD 柱体连续扩张,4H EMA 空头排列
773,OSG,OCTAVE SPECIALTY GROUP INC,Financials,Early,Russell,497,21.11,31.04,65.3,32.99,51.73,48.91,50.45,39.49,15.0,bearish_transition,49.8,bullish_below_zero_proxy,52.73,44.8,0.0,73,early_transition,28,fresh_bearish_cross,44.91,4.73,0.93,-0.04154002,-0.05588822,0.02603037,-0.15836299,4H EMA9 已站上 EMA26，等待 26/50 确认,4H MACD 最近死叉
774,CLDT,CHATHAM LODGING TRUST REIT,Real Estate,Early,Russell,1131,21.06,25.51,43.7,76.55,51.73,38.38,38.75,30.88,15.0,bearish_transition,25.0,bearish_proxy,45.43,43.34,0.0,25,confirmed_bearish_trend,58,bullish_above_signal,43.89,12.858,1.39,-0.00402789,-0.00402789,-0.01016166,-0.04684952,4H MACD 位于 Signal 上方,4H EMA 空头排列
775,JOUT,JOHNSON OUTDOORS INC CLASS A,Consumer Discretionary,Early,Russell,1414,21.06,24.7,46.1,72.01,51.73,37.97,38.3,28.52,15.0,bearish_transition,25.0,bearish_proxy,38.29,41.91,0.0,22,confirmed_bearish_trend,64,fresh_below_zero_cross,40.82,44.25,0.68,-0.00270451,-0.01546334,-0.07252146,-0.08156912,4H MACD 刚金叉但仍需零轴确认,4H EMA 空头排列
776,RMBI,RICHMOND MUTUAL BANCORPORATION INC,Financials,Early,Russell,407,21.01,39.87,54.1,14.95,51.73,44.45,45.5,42.74,38.0,mixed_sideways,26.35,bearish_proxy,59.43,46.14,0.0,36,bearish_transition,64,fresh_below_zero_cross,47.12,15.8,1.71,0.00000000,0.00893997,-0.00441084,0.00126743,4H MACD 刚金叉但仍需零轴确认,4H EMA 转弱或跌破 EMA26
777,TRDA,ENTRADA THERAPEUTICS,Health Care,Early,Russell,1548,21.01,24.38,54.1,51.13,51.73,41.34,42.05,27.16,15.0,bearish_transition,25.0,bearish_proxy,33.7,41.99,0.0,25,confirmed_bearish_trend,72,fresh_below_zero_cross,46.88,6.89,0.6,-0.00144928,-0.02957746,-0.06130790,-0.05096419,4H MACD 刚金叉但仍需零轴确认；4H MACD 柱体连续扩张,4H EMA 空头排列
778,GLIBK,LIBERTY CAPITAL SERIES C,Communication,Early,Russell,838,21.0,37.44,25.9,95.77,51.73,36.35,36.5,35.8,35.0,mixed_sideways,25.0,bearish_proxy,42.17,42.68,0.0,36,bearish_transition,42,mixed_or_bearish,36.22,24.879999,1.44,-0.03378645,-0.02278083,-0.02721305,0.03883081,,4H EMA 转弱或跌破 EMA26；4H MACD 尚未确认多头；4H RSI 偏弱
779,MVBF,MVB FINANCIAL CORP,Financials,Early,Russell,332,20.99,45.27,37.3,47.01,51.73,39.59,40.1,47.46,35.0,mixed_sideways,61.8,bullish_above_signal_proxy,49.63,44.18,0.0,44,bearish_transition,28,fresh_bearish_cross,48.83,30.889999,1.33,-0.02014278,0.00717310,0.00750160,0.00000000,4H RSI 位于健康强势区间,4H EMA 转弱或跌破 EMA26；4H MACD 最近死叉
780,AHRT,AH REALTY INC,Real Estate,Early,Russell,1188,20.98,25.26,39.1,88.81,51.73,36.62,36.8,30.39,18.0,bearish_transition,25.0,bearish_proxy,41.22,42.49,0.0,22,confirmed_bearish_trend,64,fresh_below_zero_cross,36.8,6.26,2.1,-0.00397772,-0.02416212,-0.06006006,-0.11843402,4H MACD 刚金叉但仍需零轴确认,4H EMA 空头排列；4H RSI 偏弱
781,RCMT,RCM TECHNOLOGIES INC,Industrials,Early,Russell,717,20.96,37.81,32.9,75.93,51.73,40.67,41.3,36.9,35.0,mixed_sideways,25.0,bearish_proxy,45.49,43.35,0.0,38,bearish_transition,50,mixed_or_bearish,44.98,39.279999,0.75,0.00756696,-0.02409940,-0.02288562,0.36840268,4H MACD 柱体连续扩张,4H EMA 转弱或跌破 EMA26；4H MACD 尚未确认多头
782,ABCB,AMERIS BANCORP,Financials,Early,Russell,1301,20.94,24.43,36.7,96.91,51.73,35.0,35.0,29.5,18.0,bearish_transition,20.0,fresh_bearish_cross_proxy,42.32,42.71,0.0,22,confirmed_bearish_trend,58,bullish_above_signal,35.97,83.720001,2.42,-0.01238641,-0.00392626,-0.06027607,-0.06468552,4H MACD 位于 Signal 上方,4H EMA 空头排列；4H RSI 偏弱
783,MIRM,MIRUM PHARMACEUTICALS,Health Care,Early,Russell,567,20.93,30.71,40.9,70.98,51.73,40.67,41.3,38.36,18.0,bearish_transition,49.8,bullish_below_zero_proxy,46.13,44.48,0.0,36,bearish_transition,50,mixed_or_bearish,46.81,97.370003,1.53,0.03618178,-0.00966230,-0.02444640,-0.06733715,4H MACD 柱体连续扩张,4H EMA 转弱或跌破 EMA26；4H MACD 尚未确认多头
784,STRW,STRAWBERRY FIELDS REIT INC,Real Estate,Early,Russell,384,20.91,42.89,37.3,52.01,51.73,36.76,36.95,44.18,35.0,mixed_sideways,49.8,bullish_below_zero_proxy,48.77,44.0,0.0,41,bearish_transition,28,fresh_bearish_cross,45.34,13.735,1.07,-0.01646975,-0.02102637,0.00844347,-0.02864215,,4H EMA 转弱或跌破 EMA26；4H MACD 最近死叉
785,NX,QUANEX BUILDING PRODUCTS CORP,Industrials,Early,Russell,319,20.89,45.52,40.9,36.19,51.73,41.34,42.05,48.18,35.0,mixed_sideways,61.8,bullish_above_signal_proxy,51.81,44.61,0.0,41,bearish_transition,42,mixed_or_bearish,49.4,20.780001,0.77,-0.02372558,-0.04983996,0.00289585,-0.00478918,4H RSI 位于健康强势区间,4H EMA 转弱或跌破 EMA26；4H MACD 尚未确认多头
786,GBFH,GBANK FINL HLDGS INC,Financials,Early,Russell,789,20.86,29.87,36.7,83.71,51.73,33.97,33.85,36.3,18.0,bearish_transition,49.8,bullish_below_zero_proxy,40.33,42.32,0.0,22,confirmed_bearish_trend,58,bullish_above_signal,37.81,19.620001,3.14,-0.01654135,-0.01506019,-0.07014213,-0.08744181,4H MACD 位于 Signal 上方,4H EMA 空头排列；4H RSI 偏弱
787,ORKA,ORUKA THERAPEUTICS INC,Health Care,Early,Russell,1117,20.85,35.93,51.7,29.48,51.73,43.23,44.15,30.98,35.0,mixed_sideways,25.0,bearish_proxy,27.09,40.67,0.0,39,bearish_transition,58,bullish_above_signal,47.94,93.550003,0.98,0.02385903,0.02397112,-0.16962542,-0.04565161,4H MACD 位于 Signal 上方,4H EMA 转弱或跌破 EMA26
788,BCC,BOISE CASCADE,Industrials,Early,Russell,1382,20.85,24.8,43.7,76.8,51.73,37.16,37.4,28.81,15.0,bearish_transition,25.0,bearish_proxy,39.15,42.08,0.0,22,confirmed_bearish_trend,58,bullish_above_signal,41.03,75.32,1.73,-0.00580784,-0.00829489,-0.08123936,-0.12824076,4H MACD 位于 Signal 上方,4H EMA 空头排列
789,EBC,EASTERN BANKSHARES INC,Financials,Early,Russell,1384,20.84,24.8,43.7,76.7,51.73,36.22,36.35,28.79,15.0,bearish_transition,25.0,bearish_proxy,39.11,42.07,0.0,25,confirmed_bearish_trend,58,bullish_above_signal,39.59,21.59,1.62,-0.01054079,-0.00552736,-0.08729659,-0.07695592,4H MACD 位于 Signal 上方,4H EMA 空头排列；4H RSI 偏弱
790,TCMD,TACTILE SYSTEMS TECHNOLOGY,Health Care,Early,Russell,843,20.83,29.95,43.7,64.64,51.73,35.18,35.2,35.7,18.0,bearish_transition,51.15,bullish_below_zero_proxy,37.06,42.66,0.0,25,confirmed_bearish_trend,58,bullish_above_signal,39.99,22.17,2.92,-0.01815766,0.00589832,-0.09804719,-0.26565090,4H MACD 位于 Signal 上方,4H EMA 空头排列；4H RSI 偏弱
791,NE,NOBLE CORPORATION PLC,Energy,Early,Russell,713,20.8,37.83,32.9,74.85,51.73,39.73,40.25,36.95,35.0,mixed_sideways,25.0,bearish_proxy,45.66,43.38,0.0,41,bearish_transition,42,mixed_or_bearish,43.32,44.325001,0.97,-0.05399635,-0.02475247,-0.01892428,0.08546595,,4H EMA 转弱或跌破 EMA26；4H MACD 尚未确认多头
792,AHCO,ADAPTHEALTH,Health Care,Early,Russell,490,20.76,31.22,54.1,33.45,51.73,39.59,40.1,39.61,15.0,bearish_transition,49.8,bullish_below_zero_proxy,52.65,45.78,0.0,22,confirmed_bearish_trend,64,fresh_below_zero_cross,48.33,5.91,0.83,0.01546392,0.03684211,0.01896552,-0.11856823,4H MACD 刚金叉但仍需零轴确认；4H RSI 位于健康强势区间,4H EMA 空头排列
793,HY,HYSTER YALE INC CLASS A,Industrials,Early,Russell,1146,20.76,25.45,40.9,82.11,51.73,34.19,34.1,30.71,15.0,bearish_transition,25.0,bearish_proxy,44.92,43.23,0.0,22,confirmed_bearish_trend,50,mixed_or_bearish,46.44,33.619999,0.92,0.00779370,-0.03251801,-0.03056520,-0.04107250,4H MACD 柱体连续扩张,4H EMA 空头排列；4H MACD 尚未确认多头
794,FELE,FRANKLIN ELECTRIC,Industrials,Early,Russell,1314,20.73,25.01,39.1,87.73,51.73,35.81,35.9,29.42,15.0,bearish_transition,25.0,bearish_proxy,41.0,42.45,0.0,22,confirmed_bearish_trend,64,fresh_below_zero_cross,37.34,96.099998,1.01,0.00166767,-0.02138492,-0.07587268,-0.12564831,4H MACD 刚金叉但仍需零轴确认,4H EMA 空头排列；4H RSI 偏弱
795,SENEA,SENECA FOODS CLASS A,Consumer Staples,Early,Russell,688,20.72,38.03,32.9,73.81,51.73,39.86,40.4,37.13,35.0,mixed_sideways,25.0,bearish_proxy,45.73,44.4,0.0,36,bearish_transition,50,mixed_or_bearish,43.81,186.309998,0.66,0.01927097,-0.02831964,-0.01662625,0.06884287,4H MACD 柱体连续扩张,4H EMA 转弱或跌破 EMA26；4H MACD 尚未确认多头
796,GLNG,GOLAR LNG,Energy,Early,Russell,612,20.68,38.07,32.9,73.51,51.73,36.35,36.5,37.89,38.0,mixed_sideways,25.0,bearish_proxy,45.78,43.41,0.0,36,bearish_transition,42,mixed_or_bearish,38.3,50.360001,1.53,-0.00885652,-0.03097941,-0.04003046,0.01881451,,4H EMA 转弱或跌破 EMA26；4H MACD 尚未确认多头；4H RSI 偏弱
797,RM,REGIONAL MANAGEMENT CORP,Financials,Early,Russell,743,20.65,30.02,32.9,92.06,51.73,32.84,32.6,36.73,18.0,bearish_transition,49.8,bullish_below_zero_proxy,41.65,42.58,0.0,22,confirmed_bearish_trend,42,mixed_or_bearish,40.92,32.18,1.31,0.00108882,-0.01979902,-0.04197678,-0.04905437,,4H EMA 空头排列；4H MACD 尚未确认多头
798,KRNY,KEARNY FINANCIAL CORP,Financials,Early,Russell,705,20.59,37.85,32.9,73.4,51.73,36.35,36.5,37.0,35.0,mixed_sideways,25.0,bearish_proxy,45.8,43.41,0.0,36,bearish_transition,42,mixed_or_bearish,38.36,9.65,1.7,-0.01076371,-0.00873138,-0.01228250,-0.00974859,,4H EMA 转弱或跌破 EMA26；4H MACD 尚未确认多头；4H RSI 偏弱
799,HTO,H2O AMERICA,Utilities,Early,Russell,580,20.56,38.4,40.9,50.57,51.73,41.48,42.2,38.22,35.0,mixed_sideways,25.0,bearish_proxy,49.02,45.05,0.0,36,bearish_transition,50,mixed_or_bearish,48.55,63.139999,0.77,0.00902913,-0.01834579,-0.00158133,0.01364582,4H MACD 柱体连续扩张；4H RSI 位于健康强势区间,4H EMA 转弱或跌破 EMA26；4H MACD 尚未确认多头
800,BLBD,BLUE BIRD,Industrials,Early,Russell,706,20.56,30.19,37.3,79.33,51.73,28.25,27.5,36.99,15.0,bearish_transition,49.8,bullish_below_zero_proxy,45.15,43.28,0.0,22,confirmed_bearish_trend,28,fresh_bearish_cross,46.57,61.66,0.88,-0.00876139,-0.01501594,-0.03369379,-0.20776052,,4H EMA 空头排列；4H MACD 最近死叉
801,CTBI,COMMUNITY TRUST BANCORP,Financials,Early,Russell,752,20.54,37.25,29.3,84.07,51.73,36.76,36.95,36.61,38.0,mixed_sideways,21.35,fresh_bearish_cross_proxy,44.65,43.18,0.0,41,bearish_transition,28,fresh_bearish_cross,42.18,76.169998,2.38,-0.01257455,-0.00287997,-0.02943431,-0.04031756,,4H EMA 转弱或跌破 EMA26；4H MACD 最近死叉
802,TILE,INTERFACE,Industrials,Early,Russell,1431,20.49,24.64,46.1,68.35,51.73,43.64,44.6,28.34,15.0,bearish_transition,25.0,bearish_proxy,37.73,41.8,0.0,36,bearish_transition,72,fresh_below_zero_cross,39.35,34.66,0.69,0.00522042,0.00478333,-0.08945223,0.00260341,4H MACD 刚金叉但仍需零轴确认；4H MACD 柱体连续扩张,4H EMA 转弱或跌破 EMA26；4H RSI 偏弱
803,ZWS,ZURN ELKAY WATER SOLUTIONS CORP,Industrials,Early,Russell,1437,20.35,24.63,46.1,67.42,51.73,36.62,36.8,28.29,15.0,bearish_transition,25.0,bearish_proxy,37.59,41.77,0.0,22,confirmed_bearish_trend,64,fresh_below_zero_cross,39.27,45.900002,1.05,0.00305953,-0.01586615,-0.08747509,-0.13689353,4H MACD 刚金叉但仍需零轴确认,4H EMA 空头排列；4H RSI 偏弱
804,MTUS,METALLUS INC,Materials,Early,Russell,1588,20.32,24.08,54.1,47.22,51.73,47.42,48.8,26.7,15.0,bearish_transition,25.0,bearish_proxy,32.76,40.8,0.0,36,bearish_transition,72,fresh_below_zero_cross,48.11,19.295,0.79,0.01874335,-0.01831600,-0.12414893,-0.10464033,4H MACD 刚金叉但仍需零轴确认；4H MACD 柱体连续扩张；4H RSI 位于健康强势区间,4H EMA 转弱或跌破 EMA26
805,PRCH,PORCH GROUP,Financials,Early,Russell,849,20.32,37.38,25.9,91.34,51.73,35.54,35.6,35.61,35.0,mixed_sideways,25.0,bearish_proxy,41.6,42.57,0.0,36,bearish_transition,42,mixed_or_bearish,36.46,15.89,0.99,-0.01212303,-0.03050635,-0.05134328,-0.03755300,,4H EMA 转弱或跌破 EMA26；4H MACD 尚未确认多头；4H RSI 偏弱
806,BMI,BADGER METER,Information Technology,Early,Russell,1079,20.3,25.68,46.1,64.69,51.73,46.61,47.9,31.37,15.0,bearish_transition,25.0,bearish_proxy,46.93,43.64,0.0,36,bearish_transition,72,fresh_below_zero_cross,44.82,127.504997,1.98,0.00758623,-0.00254248,-0.00866893,-0.09145646,4H MACD 刚金叉但仍需零轴确认；4H MACD 柱体连续扩张,4H EMA 转弱或跌破 EMA26
807,WASH,WASHINGTON TRUST BANCORP INC,Financials,Early,Russell,741,20.29,37.76,29.3,81.24,51.73,36.76,36.95,36.73,35.0,mixed_sideways,25.0,bearish_proxy,44.99,43.25,0.0,41,bearish_transition,28,fresh_bearish_cross,43.12,39.23,1.47,-0.01308176,-0.00431477,-0.02485707,-0.01802255,,4H EMA 转弱或跌破 EMA26；4H MACD 最近死叉
808,ISTR,INVESTAR HOLDING CORP,Financials,Early,Russell,859,20.26,36.78,29.3,83.3,51.73,36.76,36.95,35.41,35.0,mixed_sideways,20.0,fresh_bearish_cross_proxy,44.77,43.2,0.0,41,bearish_transition,28,fresh_bearish_cross,44.44,30.33,1.09,-0.00882353,-0.00524762,-0.01939864,-0.00817528,,4H EMA 转弱或跌破 EMA26；4H MACD 最近死叉
809,INFQ,INFLEQTION INC,Information Technology,Early,Russell,971,20.23,36.55,40.9,52.68,51.73,41.48,42.2,33.19,35.0,mixed_sideways,25.0,bearish_proxy,34.25,41.1,0.0,36,bearish_transition,50,mixed_or_bearish,48.24,12.85,0.95,0.01220953,-0.03128534,-0.04104478,0.12227074,4H MACD 柱体连续扩张；4H RSI 位于健康强势区间,4H EMA 转弱或跌破 EMA26；4H MACD 尚未确认多头
810,KFRC,KFORCE,Industrials,Early,Russell,1409,20.22,24.72,43.7,72.78,51.73,45.39,46.55,28.56,15.0,bearish_transition,25.0,bearish_proxy,38.4,41.93,0.0,39,bearish_transition,66,bullish_above_signal,42.23,52.189999,0.8,-0.00286590,0.01655627,-0.08598948,-0.09986204,4H MACD 位于 Signal 上方；4H MACD 柱体连续扩张,4H EMA 转弱或跌破 EMA26
811,GYRE,GYRE THERAPEUTICS,Health Care,Early,Russell,564,20.18,38.46,40.9,47.94,51.73,43.1,44.0,38.38,35.0,mixed_sideways,25.0,bearish_proxy,49.51,45.15,0.0,38,bearish_transition,50,mixed_or_bearish,49.1,6.7,1.25,0.02290076,-0.04080172,-0.01470588,0.08589951,4H MACD 柱体连续扩张；4H RSI 位于健康强势区间,4H EMA 转弱或跌破 EMA26；4H MACD 尚未确认多头
812,AMSF,AMERISAFE INC,Financials,Early,Russell,700,20.18,30.2,36.7,78.35,51.73,36.35,36.5,37.02,15.0,bearish_transition,49.8,bullish_below_zero_proxy,45.26,43.3,0.0,22,confirmed_bearish_trend,66,bullish_above_signal,36.91,24.709999,0.96,-0.00483290,-0.00342815,-0.06436959,-0.17080537,4H MACD 位于 Signal 上方；4H MACD 柱体连续扩张,4H EMA 空头排列；4H RSI 偏弱
813,INBK,FIRST INTERNET BANCORP,Financials,Early,Russell,691,20.16,37.89,32.9,70.46,51.73,37.7,38.0,37.12,35.0,mixed_sideways,25.0,bearish_proxy,46.16,43.48,0.0,36,bearish_transition,42,mixed_or_bearish,40.74,27.540001,0.98,-0.02925626,-0.04041812,-0.04870466,-0.04804698,,4H EMA 转弱或跌破 EMA26；4H MACD 尚未确认多头
814,IA,INNOVATIVE SOLUTIONS AND SUPPORT I,Industrials,Early,Russell,1822,20.14,22.56,41.5,16.49,51.73,3.5,0.0,22.22,15.0,bearish_transition,25.0,bearish_proxy,19.2,38.09,0.0,0,insufficient_data,0,insufficient_data,,,,,,,,,4H样本不足：42根
815,HLMN,HILLMAN SOLUTIONS,Industrials,Early,Russell,1411,20.13,24.71,43.7,72.16,51.73,45.39,46.55,28.54,15.0,bearish_transition,25.0,bearish_proxy,38.33,41.92,0.0,39,bearish_transition,66,bullish_above_signal,44.21,7.32,0.99,0.02736842,0.00411523,-0.17053824,-0.22987901,4H MACD 位于 Signal 上方；4H MACD 柱体连续扩张,4H EMA 转弱或跌破 EMA26
816,BANF,BANCFIRST CORP,Financials,Early,Russell,803,20.13,29.89,29.3,98.51,51.73,29.06,28.4,36.12,15.0,bearish_transition,49.8,bullish_below_zero_proxy,42.53,42.76,0.0,22,confirmed_bearish_trend,28,fresh_bearish_cross,40.51,109.629997,1.31,-0.01113968,-0.00899438,-0.04652988,-0.04345174,,4H EMA 空头排列；4H MACD 最近死叉
817,RLJ,RLJ LODGING TRUST REIT,Real Estate,Early,Russell,1101,20.1,25.6,43.7,69.9,51.73,38.38,38.75,31.15,15.0,bearish_transition,25.0,bearish_proxy,46.26,43.5,0.0,25,confirmed_bearish_trend,58,bullish_above_signal,41.71,10.825,1.27,-0.00915332,-0.00322284,-0.02169001,-0.12947326,4H MACD 位于 Signal 上方,4H EMA 空头排列
818,RNGR,RANGER ENERGY SERVICES INC CLASS A,Energy,Early,Russell,908,20.09,37.0,32.9,72.01,51.73,37.7,38.0,34.52,35.0,mixed_sideways,25.0,bearish_proxy,38.29,41.91,0.0,36,bearish_transition,42,mixed_or_bearish,42.98,16.493999,0.66,-0.02228820,-0.04382614,-0.06549581,0.03087494,,4H EMA 转弱或跌破 EMA26；4H MACD 尚未确认多头
819,AVA,AVISTA,Utilities,Early,Russell,1217,20.08,25.4,32.9,99.07,51.73,35.0,35.0,30.16,15.0,bearish_transition,25.0,bearish_proxy,42.8,43.81,0.0,22,confirmed_bearish_trend,50,mixed_or_bearish,40.57,36.75,1.41,0.01100418,-0.01737973,-0.05865781,-0.06273907,4H MACD 柱体连续扩张,4H EMA 空头排列；4H MACD 尚未确认多头
820,USLM,UNITED STATES LIME AND MINERALS IN,Materials,Early,Russell,737,20.08,37.77,29.3,79.79,51.73,34.73,34.7,36.77,35.0,mixed_sideways,25.0,bearish_proxy,45.1,43.27,0.0,36,bearish_transition,28,fresh_bearish_cross,40.51,114.129997,1.16,-0.03156556,-0.01356958,-0.02975432,-0.01322849,,4H EMA 转弱或跌破 EMA26；4H MACD 最近死叉
821,ASH,ASHLAND,Materials,Early,Russell,1249,20.06,25.19,32.9,99.43,51.73,35.0,35.0,29.95,15.0,bearish_transition,25.0,bearish_proxy,42.62,42.77,0.0,22,confirmed_bearish_trend,50,mixed_or_bearish,40.89,70.489998,1.11,0.00945147,-0.01906489,-0.04961575,-0.02503465,4H MACD 柱体连续扩张,4H EMA 空头排列；4H MACD 尚未确认多头
822,MCY,MERCURY GENERAL,Financials,Early,Russell,1098,20.05,25.61,43.7,69.54,51.73,36.35,36.5,31.17,15.0,bearish_transition,25.0,bearish_proxy,46.31,43.51,0.0,22,confirmed_bearish_trend,58,bullish_above_signal,44.91,102.07,0.84,-0.00146743,0.00999408,-0.04060531,-0.04213587,4H MACD 位于 Signal 上方,4H EMA 空头排列
823,SEVN,SEVEN HILLS REALTY TRUST,Financials,Early,Russell,571,20.03,30.71,36.7,76.19,51.73,35.0,35.0,38.33,18.0,bearish_transition,51.15,bullish_below_zero_proxy,45.48,43.35,0.0,22,confirmed_bearish_trend,58,bullish_above_signal,37.08,7.36,1.52,-0.00405954,-0.00203390,-0.03853690,-0.03790850,4H MACD 位于 Signal 上方,4H EMA 空头排列；4H RSI 偏弱
824,TCX,TUCOWS INC,Information Technology,Early,Russell,723,20.02,30.2,32.9,87.47,51.73,32.84,32.6,36.84,18.0,bearish_transition,51.15,bullish_below_zero_proxy,40.97,42.44,0.0,22,confirmed_bearish_trend,42,mixed_or_bearish,42.77,10.21,2.04,-0.01447876,-0.05506710,-0.06071757,-0.30020562,,4H EMA 空头排列；4H MACD 尚未确认多头
825,OCUL,OCULAR THERAPEUTIX,Health Care,Early,Russell,725,20.01,37.98,25.9,87.89,51.73,36.35,36.5,36.82,38.0,mixed_sideways,26.35,bearish_proxy,41.03,43.46,0.0,36,bearish_transition,42,mixed_or_bearish,35.51,9.87,1.22,-0.04729730,-0.14024390,-0.07236842,0.14767442,,4H EMA 转弱或跌破 EMA26；4H MACD 尚未确认多头；4H RSI 偏弱
826,IBRX,IMMUNITYBIO,Health Care,Early,Russell,560,20.0,38.47,40.9,46.7,51.73,39.73,40.25,38.43,35.0,mixed_sideways,25.0,bearish_proxy,49.67,45.18,0.0,41,bearish_transition,42,mixed_or_bearish,47.62,7.91,0.95,-0.00377834,-0.02103960,-0.00126263,0.13812950,,4H EMA 转弱或跌破 EMA26；4H MACD 尚未确认多头
827,CAPR,CAPRICOR THERAPEUTICS,Health Care,Early,Russell,627,19.99,30.57,40.9,65.05,51.73,34.19,34.1,37.71,15.0,bearish_transition,49.8,bullish_below_zero_proxy,46.89,44.63,0.0,22,confirmed_bearish_trend,50,mixed_or_bearish,47.45,8.56,0.82,0.01783591,-0.00811124,0.14438503,1.05275779,4H MACD 柱体连续扩张,4H EMA 空头排列；4H MACD 尚未确认多头
828,WHD,CACTUS CLASS A,Energy,Early,Russell,910,19.97,36.99,32.9,71.24,51.73,39.32,39.8,34.49,35.0,mixed_sideways,25.0,bearish_proxy,38.2,41.89,0.0,38,bearish_transition,42,mixed_or_bearish,41.62,67.220001,1.17,-0.03488874,-0.03710066,-0.08444562,0.00000000,,4H EMA 转弱或跌破 EMA26；4H MACD 尚未确认多头
829,SPHR,SPHERE ENTERTAINMENT CLASS A,Communication,Early,Russell,721,19.96,32.45,51.7,31.65,51.73,40.4,41.0,36.85,15.0,bearish_transition,71.8,fresh_below_zero_cross_proxy,28.06,39.86,0.0,28,confirmed_bearish_trend,58,bullish_above_signal,48.21,144.5,0.91,-0.00577952,0.02511346,-0.15782726,-0.08838556,4H MACD 位于 Signal 上方；4H RSI 位于健康强势区间,4H EMA 空头排列
830,EVER,EVERQUOTE CLASS A,Communication,Early,Russell,1072,19.96,25.72,46.1,62.32,51.73,35.81,35.9,31.51,15.0,bearish_transition,25.0,bearish_proxy,47.33,43.72,0.0,22,confirmed_bearish_trend,64,fresh_below_zero_cross,38.27,23.34,0.97,-0.05006105,-0.00042827,-0.01435811,-0.01973956,4H MACD 刚金叉但仍需零轴确认,4H EMA 空头排列；4H RSI 偏弱
831,CWBC,COMMUNITY WEST BANCSHARES,Financials,Early,Russell,687,19.94,37.43,32.9,70.05,51.73,38.28,38.65,37.13,38.0,mixed_sideways,21.35,fresh_bearish_cross_proxy,46.22,43.49,0.0,38,bearish_transition,42,mixed_or_bearish,43.8,25.950001,2.96,-0.00536600,-0.00269020,-0.00153902,0.00522952,,4H EMA 转弱或跌破 EMA26；4H MACD 尚未确认多头
832,FMNB,FARMERS NATIONAL BANC CORP,Financials,Early,Russell,726,19.93,37.78,29.3,78.76,51.73,37.97,38.3,36.81,35.0,mixed_sideways,25.0,bearish_proxy,45.21,43.29,0.0,44,bearish_transition,28,fresh_bearish_cross,44.96,15.68,1.73,-0.01197227,-0.00349539,-0.02850056,-0.01938712,,4H EMA 转弱或跌破 EMA26；4H MACD 最近死叉
833,NRDS,NERDWALLET CLASS A,Financials,Early,Russell,1068,19.88,25.74,46.1,61.7,51.73,37.97,38.3,31.55,15.0,bearish_transition,25.0,bearish_proxy,47.45,43.74,0.0,22,confirmed_bearish_trend,64,fresh_below_zero_cross,41.11,9.41,1.01,-0.00633580,0.00534188,-0.01979167,0.01630846,4H MACD 刚金叉但仍需零轴确认,4H EMA 空头排列
834,BWFG,BANKWELL FINANCIAL GROUP INC,Financials,Early,Russell,626,19.88,37.63,37.3,57.47,51.73,36.76,36.95,37.71,38.0,mixed_sideways,21.35,fresh_bearish_cross_proxy,47.98,43.85,0.0,41,bearish_transition,28,fresh_bearish_cross,47.18,66.690002,1.96,-0.01148735,-0.00007494,-0.01433642,-0.00921105,,4H EMA 转弱或跌破 EMA26；4H MACD 最近死叉
835,AWR,AMERICAN STATES WATER,Utilities,Early,Russell,658,19.87,38.11,32.9,67.99,51.73,40.67,41.3,37.37,35.0,mixed_sideways,25.0,bearish_proxy,46.46,44.54,0.0,36,bearish_transition,50,mixed_or_bearish,44.75,87.18,1.13,0.00276050,-0.01190075,-0.00807827,0.02144115,4H MACD 柱体连续扩张,4H EMA 转弱或跌破 EMA26；4H MACD 尚未确认多头
836,EPC,EDGEWELL PERSONAL CARE,Consumer Staples,Early,Russell,1240,19.82,25.36,32.9,97.42,51.73,35.0,35.0,30.05,15.0,bearish_transition,25.0,bearish_proxy,42.47,43.74,0.0,22,confirmed_bearish_trend,50,mixed_or_bearish,40.97,26.780001,1.21,0.01709081,-0.01180808,-0.04595650,-0.06051563,4H MACD 柱体连续扩张,4H EMA 空头排列；4H MACD 尚未确认多头
837,FDMT,4D MOLECULAR THERAPEUTICS INC,Health Care,Early,Russell,977,19.81,36.64,40.9,49.69,51.73,40.67,41.3,33.04,35.0,mixed_sideways,25.0,bearish_proxy,33.34,41.92,0.0,36,bearish_transition,50,mixed_or_bearish,46.88,13.76,1.08,0.02077151,-0.02824859,-0.05429553,0.33982473,4H MACD 柱体连续扩张,4H EMA 转弱或跌破 EMA26；4H MACD 尚未确认多头
838,INOD,INNODATA,Industrials,Early,Russell,1012,19.77,28.56,51.7,39.48,51.73,45.66,46.85,32.22,15.0,bearish_transition,49.8,bullish_below_zero_proxy,30.69,40.39,0.0,39,bearish_transition,58,bullish_above_signal,48.92,55.41,1.18,-0.00787821,0.01539307,-0.13825821,-0.21090858,4H MACD 位于 Signal 上方；4H RSI 位于健康强势区间,4H EMA 转弱或跌破 EMA26
839,SD,SANDRIDGE ENERGY INC,Energy,Early,Russell,291,19.77,45.98,37.3,37.22,51.73,39.47,38.3,49.36,38.0,mixed_sideways,63.15,bullish_above_signal_proxy,51.61,44.57,0.0,44,bearish_transition,28,fresh_bearish_cross,46.81,14.361,1.32,-0.04387483,-0.02306122,0.00146444,0.05985240,,4H EMA 转弱或跌破 EMA26；4H MACD 最近死叉
840,XHR,XENIA HOTELS RESORTS REIT,Real Estate,Early,Russell,1316,19.75,25.01,36.7,87.63,51.73,37.16,37.4,29.41,15.0,bearish_transition,25.0,bearish_proxy,40.98,42.45,0.0,22,confirmed_bearish_trend,66,bullish_above_signal,37.17,17.545,1.36,0.00602058,-0.00538543,-0.07996854,-0.14142399,4H MACD 位于 Signal 上方；4H MACD 柱体连续扩张,4H EMA 空头排列；4H RSI 偏弱
841,EPAC,ENERPAC TOOL GROUP CLASS A,Industrials,Early,Russell,1013,19.74,26.02,40.9,73.97,51.73,40.67,41.3,32.21,18.0,bearish_transition,26.35,bearish_proxy,45.72,43.39,0.0,36,bearish_transition,50,mixed_or_bearish,47.9,35.849998,2.37,0.03792695,-0.01538044,-0.03369272,-0.03577197,4H MACD 柱体连续扩张,4H EMA 转弱或跌破 EMA26；4H MACD 尚未确认多头
842,URBN,URBAN OUTFITTERS,Consumer Discretionary,Early,Russell,568,19.74,38.31,40.9,45.31,51.73,39.86,40.4,38.36,35.0,mixed_sideways,25.0,bearish_proxy,49.93,44.24,0.0,36,bearish_transition,50,mixed_or_bearish,47.34,77.080002,0.89,0.01254518,-0.00689295,0.00600364,-0.02306717,4H MACD 柱体连续扩张,4H EMA 转弱或跌破 EMA26；4H MACD 尚未确认多头
843,RDNW,RIDENOW GROUP INC CLASS B,Consumer Discretionary,Early,Russell,940,19.72,29.15,43.7,59.12,51.73,37.16,37.4,33.93,15.0,bearish_transition,49.8,bullish_below_zero_proxy,35.88,41.43,0.0,22,confirmed_bearish_trend,58,bullish_above_signal,44.89,5.64,1.72,0.00984781,0.01621622,-0.07843137,-0.17664234,4H MACD 位于 Signal 上方,4H EMA 空头排列
844,AEBI,AEBI SCHMIDT HOLDING AG,Industrials,Early,Russell,1225,19.72,25.24,32.9,97.01,51.73,32.03,31.7,30.1,15.0,bearish_transition,25.0,bearish_proxy,43.06,42.86,0.0,22,confirmed_bearish_trend,42,mixed_or_bearish,43.75,11.98,0.7,-0.00868846,-0.03152789,-0.03464948,-0.10262172,,4H EMA 空头排列；4H MACD 尚未确认多头
845,DSP,VIANT TECHNOLOGY INC CLASS A,Information Technology,Early,Russell,550,19.65,38.44,32.9,65.77,51.73,36.35,36.5,38.55,38.0,mixed_sideways,26.35,bearish_proxy,46.75,43.6,0.0,36,bearish_transition,42,mixed_or_bearish,39.28,12.37,1.27,-0.02765332,-0.03510140,-0.01942132,-0.03208138,,4H EMA 转弱或跌破 EMA26；4H MACD 尚未确认多头；4H RSI 偏弱
846,APOG,APOGEE ENTERPRISES INC,Industrials,Early,Russell,1468,19.63,24.53,46.1,62.89,51.73,46.61,47.9,28.02,15.0,bearish_transition,25.0,bearish_proxy,36.77,41.6,0.0,36,bearish_transition,72,fresh_below_zero_cross,41.28,37.689999,1.53,0.01330821,-0.01283397,-0.10644858,-0.11234103,4H MACD 刚金叉但仍需零轴确认；4H MACD 柱体连续扩张,4H EMA 转弱或跌破 EMA26
847,PESI,PERMA FIX ENVIRONMENTAL SERVICES I,Industrials,Early,Russell,480,19.6,38.84,40.9,43.14,51.73,42.16,42.95,39.74,38.0,mixed_sideways,26.35,bearish_proxy,50.35,44.32,0.0,41,bearish_transition,42,mixed_or_bearish,48.49,18.200001,1.91,-0.00817433,-0.02203116,0.03291714,0.02017943,4H RSI 位于健康强势区间,4H EMA 转弱或跌破 EMA26；4H MACD 尚未确认多头
848,ROCK,GIBRALTAR INDUSTRIES,Industrials,Early,Russell,1260,19.59,25.15,32.9,96.39,51.73,32.84,32.6,29.83,15.0,bearish_transition,25.0,bearish_proxy,42.24,42.7,0.0,22,confirmed_bearish_trend,42,mixed_or_bearish,44.95,44.84,2.28,-0.00642590,-0.02031899,-0.05699262,-0.06932337,,4H EMA 空头排列；4H MACD 尚未确认多头
849,NMIH,NMI HOLDINGS,Financials,Early,Russell,1220,19.58,25.25,32.9,96.08,51.73,29.87,29.3,30.13,15.0,bearish_transition,25.0,bearish_proxy,43.17,42.88,0.0,22,confirmed_bearish_trend,42,mixed_or_bearish,38.58,43.0,1.02,0.01319512,-0.03240322,-0.05639675,-0.03305601,,4H EMA 空头排列；4H MACD 尚未确认多头；4H RSI 偏弱
850,SYRE,SPYRE THERAPEUTICS INC,Health Care,Early,Russell,1572,19.56,24.29,51.7,48.04,51.73,45.66,46.85,26.91,15.0,bearish_transition,25.0,bearish_proxy,32.95,41.84,0.0,39,bearish_transition,58,bullish_above_signal,49.03,91.169998,1.06,0.01789155,0.04877485,-0.12856055,-0.13130061,4H MACD 位于 Signal 上方；4H RSI 位于健康强势区间,4H EMA 转弱或跌破 EMA26
851,INDV,INDIVIOR PHARMACEUTICALS INC,Health Care,Early,Russell,939,19.56,29.29,43.7,57.73,51.73,42.83,43.7,33.94,15.0,bearish_transition,49.8,bullish_below_zero_proxy,35.47,42.34,0.0,36,bearish_transition,58,bullish_above_signal,43.23,34.349998,1.09,0.01327422,-0.01207944,-0.12103387,-0.05916188,4H MACD 位于 Signal 上方,4H EMA 转弱或跌破 EMA26
852,SMPL,THE SIMPLY GOOD FOODS COMPANY,Consumer Staples,Early,Russell,1195,19.49,25.46,32.9,94.95,51.73,40.67,41.3,30.34,15.0,bearish_transition,25.0,bearish_proxy,43.35,43.92,0.0,36,bearish_transition,50,mixed_or_bearish,43.87,10.19,1.16,0.03979592,-0.01924928,-0.06039650,-0.10022075,4H MACD 柱体连续扩张,4H EMA 转弱或跌破 EMA26；4H MACD 尚未确认多头
853,DRVN,DRIVEN BRANDS HOLDINGS,Consumer Discretionary,Early,Russell,1056,19.49,25.77,46.1,59.02,51.73,36.62,36.8,31.65,15.0,bearish_transition,25.0,bearish_proxy,47.77,43.8,0.0,22,confirmed_bearish_trend,64,fresh_below_zero_cross,38.68,12.07,1.66,-0.04206349,-0.03555733,-0.05370443,-0.18665768,4H MACD 刚金叉但仍需零轴确认,4H EMA 空头排列；4H RSI 偏弱
854,ACIC,AMERICAN COASTAL INSURANCE CORP,Financials,Early,Russell,586,19.47,30.63,32.9,82.78,51.73,30.68,30.2,38.12,18.0,bearish_transition,51.15,bullish_below_zero_proxy,44.82,43.21,0.0,22,confirmed_bearish_trend,42,mixed_or_bearish,39.62,9.18,1.39,0.00437637,-0.01184069,-0.02959831,-0.16825224,,4H EMA 空头排列；4H MACD 尚未确认多头；4H RSI 偏弱
855,CBT,CABOT CORP,Materials,Early,Russell,1434,19.43,24.63,43.7,67.68,51.73,35.0,35.0,28.3,15.0,bearish_transition,25.0,bearish_proxy,37.63,41.78,0.0,22,confirmed_bearish_trend,58,bullish_above_signal,39.45,78.470001,1.18,-0.01881834,-0.01133932,-0.09241265,-0.04258172,4H MACD 位于 Signal 上方,4H EMA 空头排列；4H RSI 偏弱
856,KMPR,KEMPER,Financials,Early,Russell,484,19.41,31.11,51.7,31.13,51.73,42.02,42.8,39.69,15.0,bearish_transition,49.8,bullish_below_zero_proxy,53.35,44.92,0.0,30,confirmed_bearish_trend,58,bullish_above_signal,48.15,27.434999,1.17,-0.01842583,0.00752842,0.04633867,-0.06683677,4H MACD 位于 Signal 上方；4H RSI 位于健康强势区间,4H EMA 空头排列
857,QUBT,QUANTUM COMPUTING,Information Technology,Early,Russell,1587,19.38,24.09,51.7,47.32,51.73,44.18,45.2,26.71,15.0,bearish_transition,25.0,bearish_proxy,32.8,40.81,0.0,36,bearish_transition,66,bullish_above_signal,47.13,8.0,0.81,0.01010101,-0.00497512,-0.11504425,-0.13326111,4H MACD 位于 Signal 上方；4H MACD 柱体连续扩张,4H EMA 转弱或跌破 EMA26
858,CHCT,COMMUNITY HEALTHCARE TRUST INC,Real Estate,Early,Russell,589,19.37,30.57,43.7,53.45,51.73,37.16,37.4,38.1,15.0,bearish_transition,49.8,bullish_below_zero_proxy,48.53,43.96,0.0,22,confirmed_bearish_trend,58,bullish_above_signal,43.59,14.65,1.18,0.00273785,0.01104210,-0.00034118,-0.17194207,4H MACD 位于 Signal 上方,4H EMA 空头排列
859,PNRG,PRIMEENERGY RESOURCES CORP,Energy,Early,Russell,657,19.35,37.97,32.9,64.85,51.73,37.79,38.1,37.37,35.0,mixed_sideways,25.0,bearish_proxy,46.91,43.63,0.0,38,bearish_transition,42,mixed_or_bearish,44.35,207.919998,0.46,-0.04351829,-0.02847932,-0.00758912,0.11557030,,4H EMA 转弱或跌破 EMA26；4H MACD 尚未确认多头
860,OVBC,OHIO VALLEY BANC CORP,Financials,Early,Russell,817,19.33,36.99,32.9,67.01,51.73,35.63,35.7,36.01,35.0,mixed_sideways,20.0,fresh_bearish_cross_proxy,46.59,43.57,0.0,38,bearish_transition,42,mixed_or_bearish,39.98,44.880001,0.38,-0.02540712,-0.03814829,-0.01427626,0.04226660,,4H EMA 转弱或跌破 EMA26；4H MACD 尚未确认多头；4H RSI 偏弱
861,NXH,NEIGHBORHOOD INTELLIGENCE,Consumer Discretionary,Early,Russell,1855,19.31,22.16,41.5,11.86,51.73,3.5,0.0,21.05,15.0,bearish_transition,25.0,bearish_proxy,15.64,37.38,0.0,0,insufficient_data,0,insufficient_data,,,,,,,,,4H样本不足：44根
862,OEC,ORION SA,Materials,Early,Russell,1440,19.3,24.61,43.7,66.91,51.73,37.16,37.4,28.26,15.0,bearish_transition,25.0,bearish_proxy,37.48,41.75,0.0,22,confirmed_bearish_trend,58,bullish_above_signal,40.71,5.74,1.16,-0.01204819,-0.00519931,-0.08012821,-0.13684211,4H MACD 位于 Signal 上方,4H EMA 空头排列
863,NEWT,NEWTEKONE,Financials,Early,Russell,887,19.28,29.46,36.7,74.12,51.73,35.0,35.0,34.84,15.0,bearish_transition,49.8,bullish_below_zero_proxy,38.66,41.98,0.0,22,confirmed_bearish_trend,58,bullish_above_signal,37.59,11.89,1.37,-0.00999167,-0.02059308,-0.07254290,-0.22942320,4H MACD 位于 Signal 上方,4H EMA 空头排列；4H RSI 偏弱
864,REZI,RESIDEO TECHNOLOGIES,Industrials,Early,Russell,888,19.28,29.46,36.7,74.12,51.73,35.0,35.0,34.84,15.0,bearish_transition,49.8,bullish_below_zero_proxy,38.66,41.98,0.0,22,confirmed_bearish_trend,58,bullish_above_signal,37.8,18.684999,1.34,-0.02985467,-0.01032839,-0.09515743,-0.28546849,4H MACD 位于 Signal 上方,4H EMA 空头排列；4H RSI 偏弱
865,AX,AXOS FINANCIAL,Financials,Early,Russell,1124,19.28,25.59,32.9,93.3,51.73,29.64,29.05,30.94,18.0,bearish_transition,26.35,bearish_proxy,41.85,42.62,0.0,22,confirmed_bearish_trend,42,mixed_or_bearish,38.34,92.634003,2.98,-0.00286328,-0.00724461,-0.06731773,-0.11953233,,4H EMA 空头排列；4H MACD 尚未确认多头；4H RSI 偏弱
866,LXFR,LUXFER HOLDINGS PLC,Industrials,Early,Russell,263,19.27,46.19,40.9,23.81,51.73,42.84,42.05,50.4,38.0,mixed_sideways,61.8,bullish_above_signal_proxy,55.79,45.41,0.0,41,bearish_transition,42,mixed_or_bearish,48.7,17.225,0.93,-0.00289436,-0.00202781,0.00672116,0.00908026,4H RSI 位于健康强势区间,4H EMA 转弱或跌破 EMA26；4H MACD 尚未确认多头
867,TRIP,TRIPADVISOR,Communication,Early,Russell,889,19.23,29.45,36.7,73.81,51.73,33.47,33.3,34.83,15.0,bearish_transition,49.8,bullish_below_zero_proxy,38.61,41.97,0.0,22,confirmed_bearish_trend,58,bullish_above_signal,35.71,8.94,0.53,-0.01487603,0.01533220,-0.12180747,-0.37613398,4H MACD 位于 Signal 上方,4H EMA 空头排列；4H RSI 偏弱
868,SPRB,SPRUCE BIOSCIENCES,Health Care,Early,Russell,636,19.21,38.19,32.9,63.4,51.73,37.79,38.1,37.61,35.0,mixed_sideways,25.0,bearish_proxy,47.2,44.69,0.0,38,bearish_transition,42,mixed_or_bearish,43.14,54.16,0.28,-0.03458107,-0.02921672,0.01252567,0.17204071,,4H EMA 转弱或跌破 EMA26；4H MACD 尚未确认多头
869,VAL,VALARIS LTD,Energy,Early,Russell,653,19.19,38.0,32.9,63.71,51.73,36.98,37.2,37.44,35.0,mixed_sideways,25.0,bearish_proxy,47.11,43.67,0.0,36,bearish_transition,42,mixed_or_bearish,42.6,82.528999,0.54,-0.04755918,-0.02861347,-0.05226232,0.05589809,,4H EMA 转弱或跌破 EMA26；4H MACD 尚未确认多头
870,MPTI,M TRON INDUSTRIES INC,Information Technology,Early,Russell,1045,19.17,28.43,51.7,35.77,51.73,37.16,37.4,31.84,15.0,bearish_transition,49.8,bullish_below_zero_proxy,29.57,40.16,0.0,22,confirmed_bearish_trend,58,bullish_above_signal,46.22,76.319,1.19,-0.00171350,-0.04001258,-0.13066409,-0.13919472,4H MACD 位于 Signal 上方,4H EMA 空头排列
871,TRC,TEJON RANCH,Real Estate,Early,Russell,716,19.12,30.17,32.9,81.49,51.73,34.19,34.1,36.93,15.0,bearish_transition,49.8,bullish_below_zero_proxy,44.98,43.25,0.0,22,confirmed_bearish_trend,50,mixed_or_bearish,43.32,15.98,1.02,0.00629723,-0.02501519,-0.03444103,-0.04368636,4H MACD 柱体连续扩张,4H EMA 空头排列；4H MACD 尚未确认多头
872,BCAL,CALIFORNIA BANCORP,Financials,Early,Russell,310,19.1,45.61,37.3,33.61,51.73,37.97,38.3,48.45,35.0,mixed_sideways,61.8,bullish_above_signal_proxy,52.6,44.77,0.0,44,bearish_transition,28,fresh_bearish_cross,47.69,21.629999,1.24,-0.01949229,0.00660825,0.01074762,0.00278159,,4H EMA 转弱或跌破 EMA26；4H MACD 最近死叉
873,ESCA,ESCALADE INC,Consumer Discretionary,Early,Russell,1206,19.09,25.3,32.9,92.68,51.73,35.0,35.0,30.28,15.0,bearish_transition,25.0,bearish_proxy,43.63,42.98,0.0,22,confirmed_bearish_trend,50,mixed_or_bearish,42.41,19.629999,1.44,0.01203293,-0.02821792,-0.03680079,-0.10813271,4H MACD 柱体连续扩张,4H EMA 空头排列；4H MACD 尚未确认多头
874,VABK,VIRGINIA NATIONAL BANKSHARES CORP,Financials,Early,Russell,309,19.07,45.61,37.3,33.45,51.73,37.16,37.4,48.46,35.0,mixed_sideways,61.8,bullish_above_signal_proxy,52.65,44.78,0.0,44,bearish_transition,28,fresh_bearish_cross,46.28,47.150002,0.8,-0.02983531,-0.00924560,-0.00945370,0.05245543,,4H EMA 转弱或跌破 EMA26；4H MACD 最近死叉
875,FISI,FINANCIAL INSTITUTIONS INC,Financials,Early,Russell,1204,19.07,25.31,32.9,92.53,51.73,30.68,30.2,30.29,15.0,bearish_transition,25.0,bearish_proxy,43.64,42.98,0.0,22,confirmed_bearish_trend,42,mixed_or_bearish,38.5,40.23,1.74,-0.00960116,-0.01324503,-0.03223478,-0.05982708,,4H EMA 空头排列；4H MACD 尚未确认多头；4H RSI 偏弱
876,FSUN,FIRSTSUN CAPITAL BANCORP,Financials,Early,Russell,745,19.06,37.75,25.9,82.11,51.73,36.35,36.5,36.71,35.0,mixed_sideways,25.0,bearish_proxy,44.92,43.23,0.0,36,bearish_transition,42,mixed_or_bearish,34.26,39.110001,1.62,-0.02468821,-0.02127122,-0.04586487,-0.01386785,,4H EMA 转弱或跌破 EMA26；4H MACD 尚未确认多头；4H RSI 偏弱
877,PTEN,PATTERSON UTI ENERGY INC,Energy,Early,Russell,646,19.01,38.02,32.9,62.47,51.73,38.51,38.9,37.5,35.0,mixed_sideways,25.0,bearish_proxy,47.31,43.71,0.0,38,bearish_transition,42,mixed_or_bearish,40.97,12.03,0.99,-0.06490478,-0.06924565,-0.01554828,0.19463754,,4H EMA 转弱或跌破 EMA26；4H MACD 尚未确认多头
878,CVCO,CAVCO INDUSTRIES,Consumer Discretionary,Early,Russell,1505,18.99,24.42,46.1,58.87,51.73,47.02,48.35,27.68,15.0,bearish_transition,25.0,bearish_proxy,35.74,41.4,0.0,39,bearish_transition,72,fresh_below_zero_cross,42.16,537.150024,0.87,0.01117249,-0.00170978,-0.10451120,-0.05301285,4H MACD 刚金叉但仍需零轴确认；4H MACD 柱体连续扩张,4H EMA 转弱或跌破 EMA26
879,TSSI,TSS INC,Information Technology,Early,Russell,901,18.95,29.38,37.3,70.52,51.73,27.53,26.7,34.63,15.0,bearish_transition,49.8,bullish_below_zero_proxy,38.02,41.85,0.0,22,confirmed_bearish_trend,28,fresh_bearish_cross,45.53,8.35,0.45,0.01369397,0.00179964,-0.12105263,-0.25246195,,4H EMA 空头排列；4H MACD 最近死叉
880,STC,STEWART INFO SERVICES CORP,Financials,Early,Russell,1201,18.92,25.31,32.9,91.55,51.73,30.68,30.2,30.31,15.0,bearish_transition,25.0,bearish_proxy,43.72,42.99,0.0,22,confirmed_bearish_trend,42,mixed_or_bearish,38.41,65.580002,1.3,0.00321247,-0.02221557,-0.03672150,-0.04541478,,4H EMA 空头排列；4H MACD 尚未确认多头；4H RSI 偏弱
881,POR,PORTLAND GENERAL ELECTRIC,Utilities,Early,Russell,1121,18.87,25.73,32.9,90.21,51.73,32.84,32.6,30.95,18.0,bearish_transition,26.35,bearish_proxy,41.44,43.54,0.0,22,confirmed_bearish_trend,50,mixed_or_bearish,39.06,47.919998,1.46,0.01107494,-0.01943935,-0.05808358,-0.04255746,4H MACD 柱体连续扩张,4H EMA 空头排列；4H MACD 尚未确认多头；4H RSI 偏弱
882,MMSI,MERIT MEDICAL SYSTEMS INC,Health Care,Early,Russell,1268,18.85,25.26,32.9,91.19,51.73,40.67,41.3,29.76,15.0,bearish_transition,25.0,bearish_proxy,41.59,43.57,0.0,36,bearish_transition,50,mixed_or_bearish,40.79,86.139999,1.17,0.00443094,-0.01158925,-0.03979490,0.00396266,4H MACD 柱体连续扩张,4H EMA 转弱或跌破 EMA26；4H MACD 尚未确认多头
883,ETD,ETHAN ALLEN INTERIORS,Consumer Discretionary,Early,Russell,1286,18.84,25.08,32.9,91.55,51.73,32.03,31.7,29.62,15.0,bearish_transition,25.0,bearish_proxy,41.62,42.57,0.0,22,confirmed_bearish_trend,42,mixed_or_bearish,40.11,21.625,0.56,-0.01075027,-0.00437380,-0.05028546,-0.09480951,,4H EMA 空头排列；4H MACD 尚未确认多头
884,CEVA,CEVA,Information Technology,Early,Russell,1061,18.83,28.35,51.7,33.71,51.73,38.78,39.2,31.61,15.0,bearish_transition,49.8,bullish_below_zero_proxy,28.86,40.02,0.0,22,confirmed_bearish_trend,58,bullish_above_signal,48.29,27.809999,1.19,0.00451508,-0.01067243,-0.15032084,-0.23198012,4H MACD 位于 Signal 上方；4H RSI 位于健康强势区间,4H EMA 空头排列
885,WRLD,WORLD ACCEPTANCE CORP,Financials,Early,Russell,1190,18.8,25.33,32.9,90.67,51.73,32.03,31.7,30.35,15.0,bearish_transition,25.0,bearish_proxy,43.81,43.01,0.0,22,confirmed_bearish_trend,42,mixed_or_bearish,43.06,185.589996,0.79,0.00645337,-0.01980564,-0.02551851,-0.04018414,,4H EMA 空头排列；4H MACD 尚未确认多头
886,CRC,CALIFORNIA RESOURCES,Energy,Early,Russell,305,18.78,45.67,37.3,31.34,51.73,36.76,36.95,48.62,35.0,mixed_sideways,61.8,bullish_above_signal_proxy,53.14,44.88,0.0,41,bearish_transition,28,fresh_bearish_cross,45.49,54.459999,1.1,-0.05631606,-0.03950621,0.01718338,0.03693829,,4H EMA 转弱或跌破 EMA26；4H MACD 最近死叉
887,MSEX,MIDDLESEX WATER,Utilities,Early,Russell,1167,18.77,25.52,32.9,90.05,51.73,32.84,32.6,30.52,15.0,bearish_transition,25.0,bearish_proxy,43.88,44.03,0.0,22,confirmed_bearish_trend,50,mixed_or_bearish,38.05,56.310001,1.19,0.00106668,-0.02527262,-0.02863550,-0.02375172,4H MACD 柱体连续扩张,4H EMA 空头排列；4H MACD 尚未确认多头；4H RSI 偏弱
888,KWY,KINGSWAY CORP,Financials,Early,Russell,1192,18.77,25.33,32.9,90.52,51.73,32.84,32.6,30.35,15.0,bearish_transition,25.0,bearish_proxy,43.82,43.01,0.0,22,confirmed_bearish_trend,42,mixed_or_bearish,42.15,9.65,1.4,-0.00294467,0.00000000,-0.01731161,0.03875135,,4H EMA 空头排列；4H MACD 尚未确认多头
889,MTX,MINERALS TECHNOLOGIES,Materials,Early,Russell,1288,18.76,25.08,32.9,91.03,51.73,39.86,40.4,29.61,15.0,bearish_transition,25.0,bearish_proxy,41.58,42.57,0.0,36,bearish_transition,50,mixed_or_bearish,41.4,68.849998,0.91,0.01533389,-0.00498594,-0.04732253,-0.08444148,4H MACD 柱体连续扩张,4H EMA 转弱或跌破 EMA26；4H MACD 尚未确认多头
890,FBIZ,FIRST BUSINESS FINANCIAL SERVICES,Financials,Early,Russell,730,18.74,37.26,37.3,50.72,51.73,39.59,40.1,36.8,35.0,mixed_sideways,20.0,fresh_bearish_cross_proxy,48.98,44.05,0.0,44,bearish_transition,28,fresh_bearish_cross,48.81,71.660004,1.84,-0.01063090,0.00097790,0.00872752,-0.00347657,4H RSI 位于健康强势区间,4H EMA 转弱或跌破 EMA26；4H MACD 最近死叉
891,HP,HELMERICH & PAYNE,Energy,Early,Russell,879,18.74,37.2,25.9,81.24,51.73,36.35,36.5,35.08,35.0,mixed_sideways,25.0,bearish_proxy,39.99,42.25,0.0,38,bearish_transition,42,mixed_or_bearish,37.19,41.68,0.74,-0.03607775,-0.05722685,-0.06777005,0.20776593,,4H EMA 转弱或跌破 EMA26；4H MACD 尚未确认多头；4H RSI 偏弱
892,MBWM,MERCANTILE BANK CORP,Financials,Early,Russell,588,18.73,37.77,37.3,49.48,51.73,36.76,36.95,38.12,38.0,mixed_sideways,21.35,fresh_bearish_cross_proxy,49.23,44.1,0.0,41,bearish_transition,28,fresh_bearish_cross,46.2,60.549999,2.08,-0.01029750,0.00364656,-0.01110568,-0.02149324,,4H EMA 转弱或跌破 EMA26；4H MACD 最近死叉
893,FCFS,FIRSTCASH HOLDINGS INC,Financials,Early,Russell,530,18.71,38.48,40.9,38.09,51.73,40.67,41.3,38.84,35.0,mixed_sideways,25.0,bearish_proxy,51.36,44.52,0.0,36,bearish_transition,50,mixed_or_bearish,47.29,219.699997,1.12,0.03269173,-0.03449794,0.01637673,0.02157537,4H MACD 柱体连续扩张,4H EMA 转弱或跌破 EMA26；4H MACD 尚未确认多头
894,SGRY,SURGERY PARTNERS,Health Care,Early,Russell,632,18.68,30.55,37.3,65.98,51.73,28.25,27.5,37.66,15.0,bearish_transition,49.8,bullish_below_zero_proxy,46.74,44.6,0.0,22,confirmed_bearish_trend,28,fresh_bearish_cross,46.22,13.93,0.84,0.00071839,-0.01345609,-0.03061935,-0.10933504,,4H EMA 空头排列；4H MACD 最近死叉
895,DGII,DIGI INTERNATIONAL,Information Technology,Early,Russell,1668,18.65,23.76,54.1,36.8,51.73,46.61,47.9,25.75,15.0,bearish_transition,25.0,bearish_proxy,29.88,40.23,0.0,36,bearish_transition,72,fresh_below_zero_cross,47.97,70.129997,1.41,0.03482367,0.01770415,-0.15784044,-0.02867036,4H MACD 刚金叉但仍需零轴确认；4H MACD 柱体连续扩张,4H EMA 转弱或跌破 EMA26
896,ALRM,ALARM.COM HOLDINGS,Information Technology,Early,Russell,527,18.65,38.49,40.9,37.63,51.73,40.67,41.3,38.89,35.0,mixed_sideways,25.0,bearish_proxy,51.53,44.56,0.0,36,bearish_transition,50,mixed_or_bearish,45.89,55.48,1.49,0.00379953,0.00836060,0.00909422,-0.00715821,4H MACD 柱体连续扩张,4H EMA 转弱或跌破 EMA26；4H MACD 尚未确认多头
897,ETON,ETON PHARMACEUTCIALS INC,Health Care,Early,Russell,930,18.64,37.01,32.9,62.37,51.73,39.86,40.4,34.14,35.0,mixed_sideways,25.0,bearish_proxy,36.67,42.58,0.0,36,bearish_transition,50,mixed_or_bearish,43.46,56.349998,0.89,0.01094359,-0.04231818,-0.08626561,0.22847175,4H MACD 柱体连续扩张,4H EMA 转弱或跌破 EMA26；4H MACD 尚未确认多头
898,RVLV,REVOLVE GROUP CLASS A,Consumer Discretionary,Early,Russell,1472,18.64,24.53,43.7,62.68,51.73,37.16,37.4,28.01,15.0,bearish_transition,25.0,bearish_proxy,36.74,41.6,0.0,22,confirmed_bearish_trend,58,bullish_above_signal,40.85,20.620001,2.01,-0.00386473,0.05743595,-0.10967180,-0.21746024,4H MACD 位于 Signal 上方,4H EMA 空头排列
899,FVCB,FVCBANKCORP INC,Financials,Early,Russell,1084,18.63,25.71,29.3,98.25,51.73,31.54,31.15,31.3,18.0,bearish_transition,26.35,bearish_proxy,42.96,42.84,0.0,36,bearish_transition,28,fresh_bearish_cross,39.31,18.08,3.04,-0.01952283,-0.01039956,-0.03521878,-0.04992123,,4H EMA 转弱或跌破 EMA26；4H MACD 最近死叉；4H RSI 偏弱
900,TRST,TRUSTCO BANK CORP,Financials,Early,Russell,270,18.62,46.24,37.3,28.97,51.73,39.47,38.3,50.14,38.0,mixed_sideways,63.15,bullish_above_signal_proxy,53.99,45.05,0.0,44,bearish_transition,28,fresh_bearish_cross,45.59,57.369999,1.79,-0.02332317,-0.00156631,0.00985738,-0.00658010,,4H EMA 转弱或跌破 EMA26；4H MACD 最近死叉
901,ACT,ENACT HOLDINGS INC,Financials,Early,Russell,525,18.61,38.5,40.9,37.32,51.73,39.32,39.8,38.92,35.0,mixed_sideways,25.0,bearish_proxy,51.6,44.57,0.0,38,bearish_transition,42,mixed_or_bearish,46.78,48.93,1.12,0.00720457,-0.01291103,-0.01687764,0.02214333,,4H EMA 转弱或跌破 EMA26；4H MACD 尚未确认多头
902,GLIBA,LIBERTY CAPITAL SERIES A,Communication,Early,Russell,882,18.61,37.18,25.9,80.41,51.73,36.35,36.5,35.04,35.0,mixed_sideways,25.0,bearish_proxy,39.85,42.22,0.0,36,bearish_transition,42,mixed_or_bearish,34.03,25.02,1.63,-0.03388354,-0.03323026,-0.04101188,0.01748678,,4H EMA 转弱或跌破 EMA26；4H MACD 尚未确认多头；4H RSI 偏弱
903,ULCC,FRONTIER GROUP HOLDINGS,Industrials,Early,Russell,966,18.61,28.94,43.7,52.16,51.73,36.35,36.5,33.32,15.0,bearish_transition,49.8,bullish_below_zero_proxy,34.03,41.06,0.0,22,confirmed_bearish_trend,58,bullish_above_signal,43.05,5.61,0.8,0.00447628,-0.00531915,-0.11792453,-0.29699248,4H MACD 位于 Signal 上方,4H EMA 空头排列
904,XNCR,XENCOR,Health Care,Early,Russell,707,18.54,37.98,25.9,78.09,51.73,37.7,38.0,36.98,35.0,mixed_sideways,25.0,bearish_proxy,45.29,44.31,0.0,36,bearish_transition,50,mixed_or_bearish,35.93,23.709999,0.92,0.00338553,-0.05046055,0.02507566,0.18936545,4H MACD 柱体连续扩张,4H EMA 转弱或跌破 EMA26；4H MACD 尚未确认多头；4H RSI 偏弱
905,BH,BIGLARI HOLDINGS INCINARY CLASS B,Consumer Discretionary,Early,Russell,1148,18.54,25.5,32.9,88.56,51.73,35.0,35.0,30.69,18.0,bearish_transition,26.35,bearish_proxy,41.11,42.47,0.0,22,confirmed_bearish_trend,50,mixed_or_bearish,41.76,355.785004,1.47,0.04030703,-0.02806915,-0.09250092,-0.09478680,4H MACD 柱体连续扩张,4H EMA 空头排列；4H MACD 尚未确认多头
906,NOG,NORTHERN OIL AND GAS,Energy,Early,Russell,680,18.46,37.91,29.3,68.66,51.73,35.95,36.05,37.19,35.0,mixed_sideways,25.0,bearish_proxy,46.38,43.53,0.0,41,bearish_transition,28,fresh_bearish_cross,41.78,25.309999,0.92,-0.06845789,-0.01632340,-0.00842315,0.23916770,,4H EMA 转弱或跌破 EMA26；4H MACD 最近死叉
907,TLSI,TRISALUS LF SC CM A,Health Care,Early,Russell,1030,18.45,36.26,67.6,37.01,51.73,55.12,57.35,31.93,35.0,mixed_sideways,25.0,bearish_proxy,29.97,41.24,0.0,53,mixed_sideways,72,fresh_below_zero_cross,52.02,4.93,1.49,0.05567452,0.03181247,-0.06805293,0.04228330,4H MACD 刚金叉但仍需零轴确认；4H MACD 柱体连续扩张；4H RSI 位于健康强势区间,4H EMA 仍偏震荡
908,FOXF,FOX FACTORY HOLDING,Consumer Discretionary,Early,Russell,1300,18.45,25.04,32.9,89.02,51.73,32.84,32.6,29.5,15.0,bearish_transition,25.0,bearish_proxy,41.24,42.5,0.0,22,confirmed_bearish_trend,50,mixed_or_bearish,38.79,19.33,1.73,0.01098321,-0.01125315,-0.05982486,-0.02373732,4H MACD 柱体连续扩张,4H EMA 空头排列；4H MACD 尚未确认多头；4H RSI 偏弱
909,GVA,GRANITE CONSTRUCTION,Industrials,Early,Russell,1529,18.44,24.32,46.1,55.46,51.73,46.61,47.9,27.38,15.0,bearish_transition,25.0,bearish_proxy,34.83,41.22,0.0,36,bearish_transition,72,fresh_below_zero_cross,43.09,115.82,1.45,0.01590250,-0.00711532,-0.09558018,-0.05104468,4H MACD 刚金叉但仍需零轴确认；4H MACD 柱体连续扩张,4H EMA 转弱或跌破 EMA26
910,MYFW,FIRST WESTERN FINANCIAL INC,Financials,Early,Russell,1351,18.42,24.38,32.9,90.36,51.73,29.87,29.3,29.11,15.0,bearish_transition,20.0,fresh_bearish_cross_proxy,43.85,43.02,0.0,22,confirmed_bearish_trend,42,mixed_or_bearish,38.34,30.33,0.9,-0.00557377,-0.01221299,-0.04291578,-0.06359985,,4H EMA 空头排列；4H MACD 尚未确认多头；4H RSI 偏弱
911,YEXT,YEXT,Information Technology,Early,Russell,514,18.4,38.57,40.9,35.77,51.73,42.56,43.4,39.11,35.0,mixed_sideways,25.0,bearish_proxy,52.19,44.69,0.0,44,bearish_transition,42,mixed_or_bearish,49.58,6.4,0.85,-0.00852053,0.05176664,0.09777015,0.12084063,4H RSI 位于健康强势区间,4H EMA 转弱或跌破 EMA26；4H MACD 尚未确认多头
912,MATW,MATTHEWS INTERNATIONAL CORP CLASS,Consumer Discretionary,Early,Russell,905,18.4,29.36,36.7,68.51,51.73,37.16,37.4,34.55,15.0,bearish_transition,49.8,bullish_below_zero_proxy,37.76,41.8,0.0,22,confirmed_bearish_trend,66,bullish_above_signal,34.8,19.950001,1.53,0.00808489,-0.02205877,-0.13298561,-0.29205106,4H MACD 位于 Signal 上方；4H MACD 柱体连续扩张,4H EMA 空头排列；4H RSI 偏弱
913,BJRI,BJS RESTAURANTS INC,Consumer Discretionary,Early,Russell,1491,18.39,24.48,43.7,61.13,51.73,36.35,36.5,27.87,15.0,bearish_transition,25.0,bearish_proxy,36.32,41.51,0.0,22,confirmed_bearish_trend,58,bullish_above_signal,42.06,59.599998,0.99,0.00692683,-0.02022035,-0.10186864,-0.11507053,4H MACD 位于 Signal 上方,4H EMA 空头排列
914,ALKT,ALKAMI TECHNOLOGY,Information Technology,Early,Russell,1227,18.35,25.24,29.3,97.47,51.73,33.92,33.8,30.09,15.0,bearish_transition,25.0,bearish_proxy,43.03,42.86,0.0,36,bearish_transition,28,fresh_bearish_cross,41.59,18.940001,0.92,-0.04632427,0.01446176,-0.06284008,0.00211646,,4H EMA 转弱或跌破 EMA26；4H MACD 最近死叉
915,OMER,OMEROS,Health Care,Early,Russell,511,18.34,38.79,32.9,56.19,51.73,40.67,41.3,39.17,38.0,mixed_sideways,26.35,bearish_proxy,48.18,44.89,0.0,36,bearish_transition,50,mixed_or_bearish,40.62,17.34,2.45,0.02545906,-0.10618557,-0.00057637,0.34054890,4H MACD 柱体连续扩张,4H EMA 转弱或跌破 EMA26；4H MACD 尚未确认多头
916,HOG,HARLEY DAVIDSON,Consumer Discretionary,Early,Russell,674,18.34,37.93,29.3,67.84,51.73,35.54,35.6,37.23,35.0,mixed_sideways,25.0,bearish_proxy,46.49,43.55,0.0,38,bearish_transition,28,fresh_bearish_cross,41.84,26.85,1.65,-0.03033590,0.00674916,-0.00702666,0.01282535,,4H EMA 转弱或跌破 EMA26；4H MACD 最近死叉
917,HRI,HERC HOLDINGS,Industrials,Early,Russell,1642,18.3,23.88,51.7,40.62,51.73,44.99,46.1,26.11,15.0,bearish_transition,25.0,bearish_proxy,30.97,40.44,0.0,36,bearish_transition,66,bullish_above_signal,45.33,142.820007,1.38,0.02310259,-0.01360582,-0.17507074,-0.16337648,4H MACD 位于 Signal 上方；4H MACD 柱体连续扩张,4H EMA 转弱或跌破 EMA26
918,KN,KNOWLES,Information Technology,Early,Russell,951,18.29,29.08,40.9,57.22,51.73,34.46,34.4,33.73,15.0,bearish_transition,49.8,bullish_below_zero_proxy,35.28,41.31,0.0,22,confirmed_bearish_trend,42,mixed_or_bearish,48.65,35.110001,1.05,0.01269117,-0.02064148,-0.09974356,-0.13137054,4H RSI 位于健康强势区间,4H EMA 空头排列；4H MACD 尚未确认多头
919,LRMR,LARIMAR THERAPEUTICS,Health Care,Early,Russell,1279,18.26,25.3,65.2,67.68,51.73,49.09,50.65,29.69,18.0,bearish_transition,26.35,bearish_proxy,37.63,42.78,0.0,50,mixed_sideways,58,bullish_above_signal,50.7,3.93,3.15,0.03732249,0.01288660,-0.08816705,-0.04146341,4H MACD 位于 Signal 上方；4H RSI 位于健康强势区间,4H EMA 仍偏震荡
920,SXC,SUNCOKE ENERGY INC,Materials,Early,Russell,625,18.24,38.1,32.9,57.16,51.73,40.67,41.3,37.73,35.0,mixed_sideways,25.0,bearish_proxy,48.02,43.85,0.0,36,bearish_transition,50,mixed_or_bearish,42.14,9.613,1.08,0.03199141,-0.05662414,0.01083070,0.08254505,4H MACD 柱体连续扩张,4H EMA 转弱或跌破 EMA26；4H MACD 尚未确认多头
921,LIVN,LIVANOVA PLC,Health Care,Early,Russell,1147,18.21,25.58,32.9,86.13,51.73,34.06,33.95,30.7,15.0,bearish_transition,25.0,bearish_proxy,44.42,44.13,0.0,25,confirmed_bearish_trend,42,mixed_or_bearish,44.2,78.510002,1.61,-0.01251487,-0.00569905,-0.03656886,-0.08100197,,4H EMA 空头排列；4H MACD 尚未确认多头
922,RBCAA,REPUBLIC BANCORP INC CLASS A,Financials,Early,Russell,826,18.18,36.96,29.3,69.02,51.73,33.38,33.2,35.93,35.0,mixed_sideways,20.0,fresh_bearish_cross_proxy,46.35,43.52,0.0,38,bearish_transition,28,fresh_bearish_cross,39.39,94.089996,1.16,-0.02355754,-0.02305059,-0.02929954,-0.06758505,,4H EMA 转弱或跌破 EMA26；4H MACD 最近死叉；4H RSI 偏弱
923,OFIX,ORTHOFIX MEDICAL,Health Care,Early,Russell,503,18.12,33.44,36.7,57.11,51.73,35.41,35.45,39.37,15.0,bearish_transition,71.8,fresh_below_zero_cross_proxy,35.26,42.3,0.0,25,confirmed_bearish_trend,58,bullish_above_signal,36.81,8.9,0.7,-0.01982379,-0.00168256,-0.11354582,-0.27108927,4H MACD 位于 Signal 上方,4H EMA 空头排列；4H RSI 偏弱
924,AGYS,AGILYSYS INC,Information Technology,Early,Russell,1319,18.11,24.99,32.9,86.86,51.73,32.84,32.6,29.37,15.0,bearish_transition,25.0,bearish_proxy,40.84,42.42,0.0,22,confirmed_bearish_trend,50,mixed_or_bearish,39.92,105.459999,1.23,-0.00589150,-0.00509435,-0.05298134,-0.05264104,4H MACD 柱体连续扩张,4H EMA 空头排列；4H MACD 尚未确认多头；4H RSI 偏弱
925,MNSB,MAINSTREET BANCSHARES,Financials,Early,Russell,618,18.1,38.12,32.9,56.19,51.73,40.53,41.15,37.79,35.0,mixed_sideways,25.0,bearish_proxy,48.18,43.89,0.0,41,bearish_transition,42,mixed_or_bearish,44.35,24.99,1.07,-0.01923077,-0.01652893,0.00888171,0.06680901,,4H EMA 转弱或跌破 EMA26；4H MACD 尚未确认多头
926,VLY,VALLEY NATIONAL,Financials,Early,Russell,1377,18.08,24.36,36.7,78.04,51.73,33.97,33.85,28.87,18.0,bearish_transition,21.35,fresh_bearish_cross_proxy,39.39,42.13,0.0,22,confirmed_bearish_trend,58,bullish_above_signal,35.74,13.54,2.84,-0.01598837,-0.01563068,-0.09340475,-0.09066488,4H MACD 位于 Signal 上方,4H EMA 空头排列；4H RSI 偏弱
927,CBIO,CRESCENT BIOPHARMA,Health Care,Early,Russell,883,18.06,36.84,25.9,77.58,51.73,37.16,37.4,34.99,38.0,mixed_sideways,21.35,fresh_bearish_cross_proxy,39.3,43.11,0.0,38,bearish_transition,42,mixed_or_bearish,35.32,17.18,1.23,-0.09531332,-0.13927851,-0.01996583,0.04756098,,4H EMA 转弱或跌破 EMA26；4H MACD 尚未确认多头；4H RSI 偏弱
928,DBD,DIEBOLD NIXDORF INC,Information Technology,Early,Russell,884,18.06,29.5,32.9,76.03,51.73,32.84,32.6,34.96,15.0,bearish_transition,49.8,bullish_below_zero_proxy,39.01,42.05,0.0,22,confirmed_bearish_trend,50,mixed_or_bearish,38.41,64.889999,1.08,0.00573469,-0.02318231,-0.06901002,-0.15507817,4H MACD 柱体连续扩张,4H EMA 空头排列；4H MACD 尚未确认多头；4H RSI 偏弱
929,PLSE,PULSE BIOSCIENCES INC,Health Care,Early,Russell,442,18.05,39.34,40.9,31.65,51.73,40.53,41.15,40.79,38.0,mixed_sideways,26.35,bearish_proxy,53.09,45.87,0.0,41,bearish_transition,42,mixed_or_bearish,45.4,49.610001,1.05,-0.11489738,-0.06298988,0.05913751,0.30073420,,4H EMA 转弱或跌破 EMA26；4H MACD 尚未确认多头
930,AORT,ARTIVION,Health Care,Early,Russell,1500,18.01,24.59,43.7,58.35,51.73,38.38,38.75,27.78,15.0,bearish_transition,25.0,bearish_proxy,35.59,42.37,0.0,25,confirmed_bearish_trend,58,bullish_above_signal,40.17,25.02,1.5,-0.02759425,-0.00793017,-0.11652542,-0.07019956,4H MACD 位于 Signal 上方,4H EMA 空头排列
931,MCHB,MECHANICS BANCORP CLASS A,Financials,Early,Russell,1245,18.01,25.25,36.7,75.46,51.73,35.0,35.0,29.96,18.0,bearish_transition,26.35,bearish_proxy,38.89,42.03,0.0,22,confirmed_bearish_trend,58,bullish_above_signal,35.2,15.33,2.2,-0.00808800,-0.00583658,-0.08477612,-0.08176101,4H MACD 位于 Signal 上方,4H EMA 空头排列；4H RSI 偏弱
932,CNR,CORE NATURAL RESOURCES,Energy,Early,Russell,709,18.0,37.83,25.9,74.85,51.73,38.51,38.9,36.96,35.0,mixed_sideways,25.0,bearish_proxy,45.66,43.38,0.0,36,bearish_transition,50,mixed_or_bearish,37.09,94.055,1.17,0.00069158,-0.05348700,-0.01893192,0.16059969,4H MACD 柱体连续扩张,4H EMA 转弱或跌破 EMA26；4H MACD 尚未确认多头；4H RSI 偏弱
933,BIPC,BROOKFIELD INFRASTRUCTURE CORP CLA,Utilities,Early,Russell,1302,18.0,25.17,32.9,85.72,51.73,32.03,31.7,29.49,15.0,bearish_transition,25.0,bearish_proxy,40.75,43.4,0.0,22,confirmed_bearish_trend,50,mixed_or_bearish,38.59,35.720001,1.04,0.00520616,-0.03771546,-0.09546723,-0.11496531,4H MACD 柱体连续扩张,4H EMA 空头排列；4H MACD 尚未确认多头；4H RSI 偏弱
934,KRG,KITE REALTY GROUP TRUST REIT,Real Estate,Early,Russell,772,17.98,30.01,25.9,92.94,51.73,30.68,30.2,36.48,15.0,bearish_transition,49.8,bullish_below_zero_proxy,43.62,42.97,0.0,22,confirmed_bearish_trend,42,mixed_or_bearish,35.21,25.66,1.64,-0.00233278,-0.01421441,-0.03060064,-0.06724827,,4H EMA 空头排列；4H MACD 尚未确认多头；4H RSI 偏弱
935,PCVX,VAXCYTE,Health Care,Early,Russell,604,17.97,38.32,32.9,54.85,51.73,37.7,38.0,37.99,35.0,mixed_sideways,25.0,bearish_proxy,48.34,44.92,0.0,36,bearish_transition,42,mixed_or_bearish,41.59,58.77,0.85,-0.00271509,-0.01143820,-0.02440242,0.07420949,,4H EMA 转弱或跌破 EMA26；4H MACD 尚未确认多头
936,SVCO,SILVACO GROUP INC,Information Technology,Early,Russell,955,17.93,29.01,40.9,54.95,51.73,34.19,34.1,33.54,15.0,bearish_transition,49.8,bullish_below_zero_proxy,34.72,41.19,0.0,22,confirmed_bearish_trend,50,mixed_or_bearish,45.68,6.49,0.98,0.02285264,-0.05255474,-0.11700680,-0.26006157,4H MACD 柱体连续扩张,4H EMA 空头排列；4H MACD 尚未确认多头
937,AROW,ARROW FINANCIAL CORP,Financials,Early,Russell,675,17.9,30.27,32.9,73.14,51.73,32.84,32.6,37.22,15.0,bearish_transition,49.8,bullish_below_zero_proxy,45.85,43.42,0.0,22,confirmed_bearish_trend,42,mixed_or_bearish,40.52,38.240002,2.11,-0.01544794,-0.01137534,-0.01595468,-0.06400680,,4H EMA 空头排列；4H MACD 尚未确认多头
938,NRIM,NORTHRIM BANCORP INC,Financials,Early,Russell,719,17.89,30.15,29.3,82.99,51.73,29.06,28.4,36.87,15.0,bearish_transition,49.8,bullish_below_zero_proxy,44.79,43.21,0.0,22,confirmed_bearish_trend,28,fresh_bearish_cross,41.4,25.559999,2.04,-0.00795653,-0.01767875,-0.04981416,-0.05508318,,4H EMA 空头排列；4H MACD 最近死叉
939,EQBK,EQUITY BANCSHARES INC CLASS A,Financials,Early,Russell,1401,17.87,24.21,29.3,96.7,51.73,26.9,26.0,28.6,15.0,bearish_transition,20.0,fresh_bearish_cross_proxy,42.31,42.71,0.0,22,confirmed_bearish_trend,28,fresh_bearish_cross,38.08,49.119999,1.14,-0.02024532,-0.00907809,-0.04324116,-0.04769296,,4H EMA 空头排列；4H MACD 最近死叉；4H RSI 偏弱
940,OSIS,OSI SYSTEMS,Information Technology,Early,Russell,1512,17.86,24.39,43.7,57.84,51.73,37.16,37.4,27.6,15.0,bearish_transition,25.0,bearish_proxy,35.48,41.35,0.0,22,confirmed_bearish_trend,58,bullish_above_signal,44.47,201.75,1.15,0.00708829,0.02172588,-0.12229183,-0.14754721,4H MACD 位于 Signal 上方,4H EMA 空头排列
941,AVO,MISSION PRODUCE INC,Consumer Staples,Early,Russell,1134,17.86,25.62,32.9,83.76,51.73,32.03,31.7,30.8,15.0,bearish_transition,25.0,bearish_proxy,44.72,44.19,0.0,22,confirmed_bearish_trend,42,mixed_or_bearish,41.83,12.47,0.95,0.00889968,-0.07148176,-0.03743728,-0.02119309,,4H EMA 空头排列；4H MACD 尚未确认多头
942,SFST,SOUTHERN FIRST BANCSHARES INC,Financials,Early,Russell,1263,17.85,24.54,29.3,95.77,51.73,33.38,33.2,29.81,18.0,bearish_transition,20.0,fresh_bearish_cross_proxy,43.25,42.9,0.0,38,bearish_transition,28,fresh_bearish_cross,38.47,61.279999,1.76,-0.03129938,-0.01415703,-0.04726370,-0.04548284,,4H EMA 转弱或跌破 EMA26；4H MACD 最近死叉；4H RSI 偏弱
943,BXMT,BLACKSTONE MORTGAGE TRUST REIT CLA,Financials,Early,Russell,834,17.8,29.8,25.9,92.27,51.73,32.84,32.6,35.85,15.0,bearish_transition,49.8,bullish_below_zero_proxy,41.7,42.59,0.0,22,confirmed_bearish_trend,50,mixed_or_bearish,34.38,13.295,1.11,-0.00374672,-0.04145638,-0.06636236,-0.07801664,4H MACD 柱体连续扩张,4H EMA 空头排列；4H MACD 尚未确认多头；4H RSI 偏弱
944,PAGS,PAGSEGURO DIGITAL LTD CLASS A,Financials,Early,Russell,245,17.77,46.54,40.9,12.99,51.73,41.23,40.25,51.18,35.0,mixed_sideways,61.8,bullish_above_signal_proxy,60.89,46.43,0.0,41,bearish_transition,42,mixed_or_bearish,46.21,9.475,0.84,-0.03660397,-0.01507277,0.09347952,-0.00263158,,4H EMA 转弱或跌破 EMA26；4H MACD 尚未确认多头
945,MGTX,MEIRAGTX HOLDINGS PLC,Health Care,Early,Russell,1164,17.76,25.59,32.9,83.14,51.73,32.84,32.6,30.55,18.0,bearish_transition,26.35,bearish_proxy,40.23,43.3,0.0,22,confirmed_bearish_trend,50,mixed_or_bearish,38.95,12.76,1.52,0.01310044,-0.03734440,-0.07334786,0.03824247,4H MACD 柱体连续扩张,4H EMA 空头排列；4H MACD 尚未确认多头；4H RSI 偏弱
946,ACHV,ACHIEVE LIFE SCIENCES,Health Care,Early,Russell,591,17.74,38.35,32.9,53.25,51.73,39.86,40.4,38.06,35.0,mixed_sideways,25.0,bearish_proxy,48.55,44.96,0.0,36,bearish_transition,50,mixed_or_bearish,43.86,7.42,0.82,0.02698962,-0.01526211,-0.01198402,0.14683153,4H MACD 柱体连续扩张,4H EMA 转弱或跌破 EMA26；4H MACD 尚未确认多头
947,STAA,STAAR SURGICAL,Health Care,Early,Russell,1442,17.69,24.22,32.9,85.88,51.73,32.03,31.7,28.24,15.0,bearish_transition,20.0,fresh_bearish_cross_proxy,40.76,43.4,0.0,22,confirmed_bearish_trend,42,mixed_or_bearish,41.99,22.41,0.93,-0.00642873,-0.05122781,-0.06973848,-0.07070288,,4H EMA 空头排列；4H MACD 尚未确认多头
948,IBCP,INDEPENDENT BANK CORP,Financials,Early,Russell,1367,17.69,24.32,29.3,95.26,51.73,29.06,28.4,28.94,15.0,bearish_transition,20.0,fresh_bearish_cross_proxy,43.33,42.92,0.0,22,confirmed_bearish_trend,28,fresh_bearish_cross,41.01,36.470001,1.74,-0.01724602,-0.00748396,-0.04988920,-0.05198856,,4H EMA 空头排列；4H MACD 最近死叉
949,THFF,FIRST FINANCIAL CORPORATION CORP,Financials,Early,Russell,1207,17.69,25.3,29.3,92.94,51.73,26.09,25.1,30.28,15.0,bearish_transition,25.0,bearish_proxy,43.62,42.97,0.0,22,confirmed_bearish_trend,28,fresh_bearish_cross,38.93,76.870003,1.05,-0.01144546,-0.00569131,-0.05692552,-0.07105737,,4H EMA 空头排列；4H MACD 最近死叉；4H RSI 偏弱
950,CALX,CALIX NETWORKS,Information Technology,Early,Russell,1519,17.66,24.35,43.7,56.6,51.73,39.73,40.25,27.47,15.0,bearish_transition,25.0,bearish_proxy,35.09,41.27,0.0,25,confirmed_bearish_trend,66,bullish_above_signal,42.52,35.439999,0.87,0.00282963,0.02933485,-0.10346572,-0.10221657,4H MACD 位于 Signal 上方；4H MACD 柱体连续扩张,4H EMA 空头排列
951,ALCO,ALICO INC,Consumer Staples,Early,Russell,946,17.66,26.69,46.1,44.69,51.73,38.78,39.2,33.77,18.0,bearish_transition,26.35,bearish_proxy,49.99,45.25,0.0,22,confirmed_bearish_trend,64,fresh_below_zero_cross,42.25,39.400002,1.76,-0.00505040,-0.01154037,0.00690010,0.03168377,4H MACD 刚金叉但仍需零轴确认,4H EMA 空头排列
952,CZFS,CITIZENS FINANCIAL SERVICES INC,Financials,Early,Russell,440,17.66,39.24,40.9,29.28,51.73,38.51,38.9,40.89,38.0,mixed_sideways,26.35,bearish_proxy,53.83,45.02,0.0,38,bearish_transition,42,mixed_or_bearish,45.46,81.330002,0.73,-0.00629237,-0.00892490,-0.01561366,-0.01094492,,4H EMA 转弱或跌破 EMA26；4H MACD 尚未确认多头
953,NPCE,NEUROPACE,Health Care,Early,Russell,1133,17.65,25.64,32.9,82.27,51.73,32.84,32.6,30.86,15.0,bearish_transition,25.0,bearish_proxy,44.91,44.23,0.0,22,confirmed_bearish_trend,42,mixed_or_bearish,43.53,14.1,1.12,-0.00948367,-0.02825637,-0.01191310,0.00142045,,4H EMA 空头排列；4H MACD 尚未确认多头
954,IMMX,IMMIX BIOPHARMA,Health Care,Early,Russell,673,17.62,38.06,25.9,71.75,51.73,37.7,38.0,37.23,35.0,mixed_sideways,25.0,bearish_proxy,46.03,44.46,0.0,36,bearish_transition,50,mixed_or_bearish,37.85,11.92,0.97,-0.01078838,-0.02971103,0.05207414,0.27896996,4H MACD 柱体连续扩张,4H EMA 转弱或跌破 EMA26；4H MACD 尚未确认多头；4H RSI 偏弱
955,CRSP,CRISPR THERAPEUTICS AG,Health Care,Early,Russell,1019,17.59,26.13,32.9,80.72,51.73,32.84,32.6,32.14,18.0,bearish_transition,26.35,bearish_proxy,45.04,44.26,0.0,22,confirmed_bearish_trend,50,mixed_or_bearish,39.86,52.209999,1.56,0.01123374,-0.02283363,-0.03831280,-0.01583412,4H MACD 柱体连续扩张,4H EMA 空头排列；4H MACD 尚未确认多头；4H RSI 偏弱
956,VSXY,VICTORIA S SECRET,Consumer Discretionary,Early,Russell,1525,17.58,24.33,43.7,56.08,51.73,36.35,36.5,27.41,15.0,bearish_transition,25.0,bearish_proxy,34.93,41.24,0.0,22,confirmed_bearish_trend,66,bullish_above_signal,39.86,73.910004,0.64,0.00000000,-0.02416153,-0.12106068,-0.17169112,4H MACD 位于 Signal 上方；4H MACD 柱体连续扩张,4H EMA 空头排列；4H RSI 偏弱
957,GTX,GARRETT MOTION,Consumer Discretionary,Early,Russell,892,17.58,29.43,32.9,72.99,51.73,32.03,31.7,34.77,15.0,bearish_transition,49.8,bullish_below_zero_proxy,38.42,41.93,0.0,22,confirmed_bearish_trend,50,mixed_or_bearish,39.93,26.129999,0.85,0.01990624,-0.04981822,-0.08572432,-0.16889319,4H MACD 柱体连续扩张,4H EMA 空头排列；4H MACD 尚未确认多头；4H RSI 偏弱
958,ASIX,ADVANSIX,Materials,Early,Russell,563,17.56,30.67,40.9,48.61,51.73,35.0,35.0,38.39,15.0,bearish_transition,49.8,bullish_below_zero_proxy,49.39,44.13,0.0,22,confirmed_bearish_trend,50,mixed_or_bearish,45.42,16.620001,1.67,0.01094890,-0.01656799,-0.00479042,-0.17925921,4H MACD 柱体连续扩张,4H EMA 空头排列；4H MACD 尚未确认多头
959,GIII,G III APPAREL GROUP LTD,Consumer Discretionary,Early,Russell,1526,17.55,24.32,43.7,55.93,51.73,44.05,45.05,27.4,15.0,bearish_transition,25.0,bearish_proxy,34.88,41.23,0.0,39,bearish_transition,66,bullish_above_signal,39.74,28.17,1.55,0.01917515,0.02250457,-0.16656802,-0.22800772,4H MACD 位于 Signal 上方；4H MACD 柱体连续扩张,4H EMA 转弱或跌破 EMA26；4H RSI 偏弱
960,FC,FRANKLIN COVEY,Industrials,Early,Russell,1403,17.5,24.72,36.7,73.3,51.73,33.47,33.3,28.58,15.0,bearish_transition,25.0,bearish_proxy,38.46,41.94,0.0,22,confirmed_bearish_trend,58,bullish_above_signal,35.15,17.809999,0.51,-0.00779955,-0.02196595,-0.06509187,-0.17717722,4H MACD 位于 Signal 上方,4H EMA 空头排列；4H RSI 偏弱
961,LGND,LIGAND PHARMACEUTICALS,Health Care,Early,Russell,1177,17.48,25.57,32.9,81.34,51.73,30.68,30.2,30.48,18.0,bearish_transition,26.35,bearish_proxy,40.0,43.25,0.0,22,confirmed_bearish_trend,42,mixed_or_bearish,38.15,275.200012,1.47,0.01355341,-0.04464343,-0.05672661,-0.08388809,,4H EMA 空头排列；4H MACD 尚未确认多头；4H RSI 偏弱
962,BV,BRIGHTVIEW HOLDINGS,Industrials,Early,Russell,708,17.48,30.18,29.3,80.15,51.73,29.06,28.4,36.96,15.0,bearish_transition,49.8,bullish_below_zero_proxy,45.08,43.27,0.0,22,confirmed_bearish_trend,28,fresh_bearish_cross,40.33,10.88,1.07,-0.00639269,-0.03716814,-0.04309587,-0.16883117,,4H EMA 空头排列；4H MACD 最近死叉
963,AGEN,AGENUS INC,Health Care,Early,Russell,1463,17.39,24.68,40.9,61.44,51.73,39.86,40.4,28.05,15.0,bearish_transition,25.0,bearish_proxy,36.41,42.53,0.0,36,bearish_transition,50,mixed_or_bearish,45.98,7.21,0.91,0.03295129,0.04949054,0.00628053,-0.13216177,4H MACD 柱体连续扩张,4H EMA 转弱或跌破 EMA26；4H MACD 尚未确认多头
964,GCT,GIGACLOUD TECHNOLOGY INC CLASS A,Consumer Discretionary,Early,Russell,464,17.36,38.98,37.3,37.47,51.73,39.59,40.1,40.14,38.0,mixed_sideways,26.35,bearish_proxy,51.55,44.56,0.0,44,bearish_transition,28,fresh_bearish_cross,49.63,51.639999,1.26,-0.02234004,-0.00366589,0.02745724,0.11125453,4H RSI 位于健康强势区间,4H EMA 转弱或跌破 EMA26；4H MACD 最近死叉
965,OSBC,OLD SECOND BANCORP INC,Financials,Early,Russell,593,17.34,38.13,25.9,69.74,51.73,37.16,37.4,38.06,38.0,mixed_sideways,25.0,bearish_proxy,46.3,43.51,0.0,38,bearish_transition,42,mixed_or_bearish,37.42,24.98,1.78,-0.01711592,-0.01167161,-0.03290747,-0.03178291,,4H EMA 转弱或跌破 EMA26；4H MACD 尚未确认多头；4H RSI 偏弱
966,DMC,DEL MONTE,Consumer Staples,Early,Russell,471,17.31,39.01,40.9,27.53,51.73,40.67,41.3,40.0,35.0,mixed_sideways,25.0,bearish_proxy,54.42,46.13,0.0,38,bearish_transition,50,mixed_or_bearish,46.91,31.540001,0.91,0.00254298,-0.04104585,0.03681792,0.05203472,4H MACD 柱体连续扩张,4H EMA 转弱或跌破 EMA26；4H MACD 尚未确认多头
967,VNDA,VANDA PHARMACEUTICALS INC,Health Care,Early,Russell,1216,17.31,25.4,25.9,99.23,51.73,32.03,31.7,30.16,15.0,bearish_transition,25.0,bearish_proxy,42.79,43.81,0.0,22,confirmed_bearish_trend,50,mixed_or_bearish,37.49,5.0,0.7,0.00300903,-0.04489016,-0.05123340,-0.06015038,4H MACD 柱体连续扩张,4H EMA 空头排列；4H MACD 尚未确认多头；4H RSI 偏弱
968,NMRK,NEWMARK GROUP INC CLASS A,Real Estate,Early,Russell,1246,17.3,25.19,25.9,99.64,51.73,32.84,32.6,29.96,15.0,bearish_transition,25.0,bearish_proxy,42.65,42.78,0.0,22,confirmed_bearish_trend,50,mixed_or_bearish,36.95,14.19,1.08,0.00070522,-0.03139932,-0.06274769,-0.10104530,4H MACD 柱体连续扩张,4H EMA 空头排列；4H MACD 尚未确认多头；4H RSI 偏弱
969,ASTH,ASTRANA HEALTH,Health Care,Early,Russell,863,17.3,29.77,29.3,79.9,51.73,31.49,31.1,35.36,15.0,bearish_transition,49.8,bullish_below_zero_proxy,39.75,43.2,0.0,28,confirmed_bearish_trend,28,fresh_bearish_cross,44.12,37.700001,1.15,-0.01950585,-0.00971891,-0.05109487,0.05691066,,4H EMA 空头排列；4H MACD 最近死叉
970,YELP,YELP,Communication,Early,Russell,1415,17.27,24.7,36.7,71.8,51.73,34.19,34.1,28.52,15.0,bearish_transition,25.0,bearish_proxy,38.28,41.91,0.0,22,confirmed_bearish_trend,58,bullish_above_signal,37.27,20.780001,0.75,-0.02395491,0.01564037,-0.09887242,-0.21938391,4H MACD 位于 Signal 上方,4H EMA 空头排列；4H RSI 偏弱
971,SVRA,SAVARA,Health Care,Early,Russell,1228,17.27,25.38,25.9,99.02,51.73,29.87,29.3,30.09,15.0,bearish_transition,25.0,bearish_proxy,42.59,43.77,0.0,22,confirmed_bearish_trend,42,mixed_or_bearish,36.33,5.13,0.74,-0.02378687,-0.05350554,-0.04735376,-0.05000000,,4H EMA 空头排列；4H MACD 尚未确认多头；4H RSI 偏弱
972,SBSI,SOUTHSIDE BANCSHARES INC,Financials,Early,Russell,704,17.25,30.2,29.3,78.61,51.73,29.06,28.4,37.01,15.0,bearish_transition,49.8,bullish_below_zero_proxy,45.23,43.3,0.0,22,confirmed_bearish_trend,28,fresh_bearish_cross,42.16,31.73,1.78,-0.00982986,-0.00626370,-0.03114504,-0.03114504,,4H EMA 空头排列；4H MACD 最近死叉
973,FRST,PRIMIS FINANCIAL CORP,Financials,Early,Russell,1424,17.23,24.14,29.3,92.58,51.73,26.9,26.0,28.42,15.0,bearish_transition,20.0,fresh_bearish_cross_proxy,41.77,42.6,0.0,22,confirmed_bearish_trend,28,fresh_bearish_cross,38.77,15.78,1.57,-0.02109187,-0.01003764,-0.05338932,-0.03780488,,4H EMA 空头排列；4H MACD 最近死叉；4H RSI 偏弱
974,ALG,ALAMO GROUP,Industrials,Early,Russell,565,17.21,37.8,40.9,29.64,51.73,41.34,42.05,38.38,35.0,mixed_sideways,20.0,fresh_bearish_cross_proxy,53.78,45.01,0.0,41,bearish_transition,42,mixed_or_bearish,50.0,168.440002,0.88,-0.00783414,-0.01858651,0.04013832,-0.01375954,4H RSI 位于健康强势区间,4H EMA 转弱或跌破 EMA26；4H MACD 尚未确认多头
975,ZGN,ERMENEGILDO ZEGNA NV,Consumer Discretionary,Early,Russell,1455,17.2,24.58,39.1,65.26,51.73,43.64,44.6,28.16,15.0,bearish_transition,25.0,bearish_proxy,37.2,41.69,0.0,36,bearish_transition,72,fresh_below_zero_cross,35.99,11.8,0.96,0.01374570,0.00854701,-0.11676647,-0.21594684,4H MACD 刚金叉但仍需零轴确认；4H MACD 柱体连续扩张,4H EMA 转弱或跌破 EMA26；4H RSI 偏弱
976,TIC,TIC SOLUTIONS INC,Industrials,Early,Russell,796,17.2,37.64,22.3,79.59,51.73,32.34,32.05,36.21,38.0,mixed_sideways,26.35,bearish_proxy,39.67,42.18,0.0,38,bearish_transition,28,fresh_bearish_cross,37.05,8.85,4.46,-0.09044193,-0.04427646,-0.08004158,0.06370192,,4H EMA 转弱或跌破 EMA26；4H MACD 最近死叉；4H RSI 偏弱
977,FSBC,FIVE STAR BANCORP,Financials,Early,Russell,1307,17.2,24.5,32.9,81.96,51.73,30.68,30.2,29.46,15.0,bearish_transition,20.0,fresh_bearish_cross_proxy,44.93,43.24,0.0,22,confirmed_bearish_trend,42,mixed_or_bearish,38.08,45.110001,1.88,-0.00922464,-0.01699712,-0.03703704,-0.03898590,,4H EMA 空头排列；4H MACD 尚未确认多头；4H RSI 偏弱
978,PKE,PARK AEROSPACE CORP,Industrials,Early,Russell,1687,17.17,23.64,51.7,33.61,51.73,44.18,45.2,25.41,15.0,bearish_transition,25.0,bearish_proxy,28.85,40.02,0.0,36,bearish_transition,66,bullish_above_signal,45.44,31.3475,1.0,0.01909948,-0.00389256,-0.16495740,-0.15585023,4H MACD 位于 Signal 上方；4H MACD 柱体连续扩张,4H EMA 转弱或跌破 EMA26
979,SBMT,SILVER BOW MINING CORP,Materials,Early,Russell,1137,17.17,25.47,32.9,79.48,51.73,39.14,39.6,30.78,15.0,bearish_transition,25.0,bearish_proxy,45.14,43.28,0.0,36,bearish_transition,50,mixed_or_bearish,42.1,7.761,0.44,0.04525253,-0.05353659,-0.00115830,0.18669725,4H MACD 柱体连续扩张,4H EMA 转弱或跌破 EMA26；4H MACD 尚未确认多头
980,GABC,GERMAN AMERICAN BANCORP INC,Financials,Early,Russell,1184,17.17,25.35,29.3,89.38,51.73,29.06,28.4,30.41,15.0,bearish_transition,25.0,bearish_proxy,44.0,43.05,0.0,22,confirmed_bearish_trend,28,fresh_bearish_cross,42.04,49.18,1.83,-0.01165591,-0.00020327,-0.03549719,-0.03851421,,4H EMA 空头排列；4H MACD 最近死叉
981,AROC,ARCHROCK,Energy,Early,Russell,902,17.13,29.38,32.9,70.1,51.73,34.19,34.1,34.62,15.0,bearish_transition,49.8,bullish_below_zero_proxy,37.99,41.85,0.0,22,confirmed_bearish_trend,50,mixed_or_bearish,43.34,31.059999,0.88,0.03775473,-0.05764563,-0.10283074,-0.13118884,4H MACD 柱体连续扩张,4H EMA 空头排列；4H MACD 尚未确认多头
982,NWL,NEWELL BRANDS INC,Consumer Discretionary,Early,Russell,1359,17.13,24.88,32.9,80.57,51.73,34.19,34.1,29.04,15.0,bearish_transition,25.0,bearish_proxy,39.86,42.22,0.0,22,confirmed_bearish_trend,50,mixed_or_bearish,40.15,5.69,0.58,0.00264317,-0.05166667,-0.05638474,-0.07102041,4H MACD 柱体连续扩张,4H EMA 空头排列；4H MACD 尚未确认多头
983,ALH,ALLIANCE LAUNDRY HOLDINGS,Industrials,Early,Russell,1590,17.09,24.08,46.1,47.01,51.73,46.61,47.9,26.69,15.0,bearish_transition,25.0,bearish_proxy,32.74,40.8,0.0,36,bearish_transition,72,fresh_below_zero_cross,41.39,21.559999,1.27,0.02083324,-0.00873568,-0.12924075,-0.22779373,4H MACD 刚金叉但仍需零轴确认；4H MACD 柱体连续扩张,4H EMA 转弱或跌破 EMA26
984,XERS,XERIS BIOPHARMA HOLDINGS,Health Care,Early,Russell,1346,17.07,25.05,32.9,79.79,51.73,40.67,41.3,29.15,15.0,bearish_transition,25.0,bearish_proxy,39.73,43.2,0.0,36,bearish_transition,50,mixed_or_bearish,43.11,7.78,1.43,0.04710633,0.01038961,-0.08631826,-0.04948076,4H MACD 柱体连续扩张,4H EMA 转弱或跌破 EMA26；4H MACD 尚未确认多头
985,STEP,STEPSTONE GROUP CLASS A,Financials,Early,Russell,584,17.05,38.24,32.9,48.87,51.73,39.32,39.8,38.16,35.0,mixed_sideways,25.0,bearish_proxy,49.32,44.11,0.0,38,bearish_transition,42,mixed_or_bearish,40.53,48.290001,1.51,-0.03612769,-0.03284596,0.00082904,-0.00699157,,4H EMA 转弱或跌破 EMA26；4H MACD 尚未确认多头
986,YOU,CLEAR SECURE CLASS A,Information Technology,Early,Russell,633,17.04,30.33,25.9,85.93,51.73,30.68,30.2,37.65,18.0,bearish_transition,49.8,bullish_below_zero_proxy,44.43,43.14,0.0,22,confirmed_bearish_trend,42,mixed_or_bearish,34.33,40.669998,1.59,0.00743124,-0.05856488,-0.07230844,-0.27062411,,4H EMA 空头排列；4H MACD 尚未确认多头；4H RSI 偏弱
987,ZVRA,ZEVRA THERAPEUTICS INC,Health Care,Early,Russell,570,17.03,38.45,32.9,48.25,51.73,39.86,40.4,38.35,35.0,mixed_sideways,25.0,bearish_proxy,49.44,45.14,0.0,36,bearish_transition,50,mixed_or_bearish,44.64,11.8,0.81,0.00254885,-0.01911887,0.02297356,0.12167300,4H MACD 柱体连续扩张,4H EMA 转弱或跌破 EMA26；4H MACD 尚未确认多头
988,SRTA,STRATA CRITICAL MEDICAL CLASS A,Health Care,Early,Russell,1538,17.01,24.41,43.7,52.06,51.73,34.19,34.1,27.26,15.0,bearish_transition,25.0,bearish_proxy,34.0,42.05,0.0,22,confirmed_bearish_trend,58,bullish_above_signal,38.91,5.22,0.73,-0.00854701,0.00288184,-0.11675127,-0.06367713,4H MACD 位于 Signal 上方,4H EMA 空头排列；4H RSI 偏弱
989,PLXS,PLEXUS CORP,Information Technology,Early,Russell,978,16.99,28.84,40.9,49.07,51.73,35.0,35.0,33.02,15.0,bearish_transition,49.8,bullish_below_zero_proxy,33.14,40.88,0.0,22,confirmed_bearish_trend,50,mixed_or_bearish,46.45,242.330002,1.28,0.02046575,-0.02416140,-0.11600336,-0.12576211,4H MACD 柱体连续扩张,4H EMA 空头排列；4H MACD 尚未确认多头
990,HTLD,HEARTLAND EXPRESS INC,Industrials,Early,Russell,678,16.99,30.32,22.3,95.26,51.73,25.87,24.85,37.21,18.0,bearish_transition,51.15,bullish_below_zero_proxy,42.09,42.67,0.0,22,confirmed_bearish_trend,28,fresh_bearish_cross,37.31,11.88,2.73,-0.04347826,-0.02980808,-0.07368421,-0.06969460,,4H EMA 空头排列；4H MACD 最近死叉；4H RSI 偏弱
991,GFF,GRIFFON,Industrials,Early,Russell,1219,16.93,25.32,32.9,78.25,51.73,32.84,32.6,30.14,18.0,bearish_transition,26.35,bearish_proxy,39.44,42.14,0.0,22,confirmed_bearish_trend,50,mixed_or_bearish,38.0,93.324997,1.25,-0.00442715,-0.04380124,-0.08657141,-0.00453337,4H MACD 柱体连续扩张,4H EMA 空头排列；4H MACD 尚未确认多头；4H RSI 偏弱
992,SLDB,SOLID BIOSCIENCES INC,Health Care,Early,Russell,1031,16.92,25.92,32.9,76.8,51.73,33.97,33.85,31.92,18.0,bearish_transition,25.0,bearish_proxy,45.41,44.33,0.0,22,confirmed_bearish_trend,50,mixed_or_bearish,40.02,8.72,2.96,0.04243873,-0.08499475,-0.04281010,0.01160093,4H MACD 柱体连续扩张,4H EMA 空头排列；4H MACD 尚未确认多头
993,BKD,BROOKDALE SENIOR LIVING INC,Health Care,Early,Russell,762,16.92,30.17,22.3,95.1,51.73,26.09,25.1,36.54,15.0,bearish_transition,49.8,bullish_below_zero_proxy,43.34,43.92,0.0,22,confirmed_bearish_trend,28,fresh_bearish_cross,37.81,11.66,1.03,-0.00256630,-0.04032922,-0.04738562,-0.18060436,,4H EMA 空头排列；4H MACD 最近死叉；4H RSI 偏弱
994,LNN,LINDSAY,Industrials,Early,Russell,547,16.83,37.88,40.9,26.91,51.73,41.34,42.05,38.64,35.0,mixed_sideways,20.0,fresh_bearish_cross_proxy,54.56,45.16,0.0,41,bearish_transition,42,mixed_or_bearish,50.01,118.269997,0.59,-0.00863375,-0.02041665,0.03800241,0.00398976,4H RSI 位于健康强势区间,4H EMA 转弱或跌破 EMA26；4H MACD 尚未确认多头
995,CRML,CRITICAL METALS CORP,Materials,Early,Russell,1226,16.82,25.3,32.9,77.58,51.73,35.0,35.0,30.1,18.0,bearish_transition,26.35,bearish_proxy,39.3,42.11,0.0,22,confirmed_bearish_trend,50,mixed_or_bearish,41.43,6.48,1.56,0.00777605,-0.08603667,-0.01219512,-0.04424779,4H MACD 柱体连续扩张,4H EMA 空头排列；4H MACD 尚未确认多头
996,SHOE,SHOE STATION GROUP INC,Consumer Discretionary,Early,Russell,1560,16.81,24.19,43.7,51.29,51.73,37.57,37.85,27.02,15.0,bearish_transition,25.0,bearish_proxy,33.74,41.0,0.0,25,confirmed_bearish_trend,58,bullish_above_signal,41.77,12.93,0.95,-0.01146789,0.00077399,-0.16580645,-0.16688144,4H MACD 位于 Signal 上方,4H EMA 空头排列
997,YORW,YORK WATER,Utilities,Early,Russell,561,16.79,38.47,32.9,46.6,51.73,38.51,38.9,38.43,35.0,mixed_sideways,25.0,bearish_proxy,49.68,45.19,0.0,36,bearish_transition,50,mixed_or_bearish,38.47,32.990002,1.51,-0.00241905,-0.01932215,-0.00362425,0.06316471,4H MACD 柱体连续扩张,4H EMA 转弱或跌破 EMA26；4H MACD 尚未确认多头；4H RSI 偏弱
998,NTB,BANK OF NT BUTTERFIELD & SON LTD,Financials,Early,Russell,1499,16.79,23.93,32.9,80.57,51.73,30.68,30.2,27.79,15.0,bearish_transition,20.0,fresh_bearish_cross_proxy,39.86,42.22,0.0,22,confirmed_bearish_trend,42,mixed_or_bearish,39.46,59.029999,1.16,-0.00956374,-0.01155395,-0.06227167,-0.05096466,,4H EMA 空头排列；4H MACD 尚未确认多头；4H RSI 偏弱
999,FLO,FLOWERS FOODS INC,Consumer Staples,Early,Russell,1593,16.78,24.21,46.1,44.64,51.73,43.64,44.6,26.66,15.0,bearish_transition,25.0,bearish_proxy,32.19,41.69,0.0,36,bearish_transition,72,fresh_below_zero_cross,38.67,6.16,1.0,0.02410640,-0.00964630,-0.15616438,-0.15904437,4H MACD 刚金叉但仍需零轴确认；4H MACD 柱体连续扩张,4H EMA 转弱或跌破 EMA26；4H RSI 偏弱
1000,GCO,GENESCO INC,Consumer Discretionary,Early,Russell,686,16.78,30.24,29.3,75.36,51.73,28.25,27.5,37.14,15.0,bearish_transition,49.8,bullish_below_zero_proxy,45.6,43.37,0.0,22,confirmed_bearish_trend,28,fresh_bearish_cross,42.97,33.43,0.58,-0.03757020,-0.02678306,-0.03465206,-0.15281295,,4H EMA 空头排列；4H MACD 最近死叉
1001,RDN,RADIAN GROUP,Financials,Early,Russell,1050,16.77,25.74,32.9,76.19,51.73,32.84,32.6,31.79,18.0,bearish_transition,25.0,bearish_proxy,45.48,43.35,0.0,22,confirmed_bearish_trend,50,mixed_or_bearish,39.3,35.290001,1.34,0.01291622,-0.02942794,-0.04776039,-0.10951299,4H MACD 柱体连续扩张,4H EMA 空头排列；4H MACD 尚未确认多头；4H RSI 偏弱
1002,SRPT,SAREPTA THERAPEUTICS,Health Care,Early,Russell,559,16.76,38.48,32.9,46.39,51.73,38.51,38.9,38.44,35.0,mixed_sideways,25.0,bearish_proxy,49.72,45.19,0.0,38,bearish_transition,42,mixed_or_bearish,41.98,19.76,0.68,-0.04885680,-0.10202223,0.08631110,0.20598108,,4H EMA 转弱或跌破 EMA26；4H MACD 尚未确认多头
1003,NTLA,INTELLIA THERAPEUTICS,Health Care,Early,Russell,1197,16.75,25.46,25.9,95.36,51.73,32.84,32.6,30.33,15.0,bearish_transition,25.0,bearish_proxy,43.32,43.91,0.0,22,confirmed_bearish_trend,50,mixed_or_bearish,37.3,11.49,1.67,0.00174368,-0.05858255,-0.04962779,0.01501767,4H MACD 柱体连续扩张,4H EMA 空头排列；4H MACD 尚未确认多头；4H RSI 偏弱
1004,HOV,HOVNANIAN ENTERPRISES CLASS A,Consumer Discretionary,Early,Russell,1564,16.69,24.18,43.7,50.52,51.73,35.41,35.45,26.98,15.0,bearish_transition,25.0,bearish_proxy,33.62,40.97,0.0,25,confirmed_bearish_trend,58,bullish_above_signal,39.88,115.68,0.71,-0.02400339,-0.00464637,-0.11606935,-0.15140849,4H MACD 位于 Signal 上方,4H EMA 空头排列；4H RSI 偏弱
1005,TVTX,TRAVERE THERAPEUTICS,Health Care,Early,Russell,478,16.68,38.99,32.9,44.69,51.73,40.67,41.3,39.77,38.0,mixed_sideways,26.35,bearish_proxy,49.99,45.25,0.0,36,bearish_transition,50,mixed_or_bearish,42.68,63.48,1.37,0.03102160,-0.04065283,-0.00047234,0.13357143,4H MACD 柱体连续扩张,4H EMA 转弱或跌破 EMA26；4H MACD 尚未确认多头
1006,MFIN,MEDALLION FINANCIAL CORP,Financials,Early,Russell,419,16.65,39.52,40.9,21.91,51.73,40.53,41.15,41.74,38.0,mixed_sideways,26.35,bearish_proxy,56.42,45.53,0.0,41,bearish_transition,42,mixed_or_bearish,45.31,11.84,2.48,-0.01333333,-0.02148760,0.06666667,0.08623853,,4H EMA 转弱或跌破 EMA26；4H MACD 尚未确认多头
1007,GLSI,GREENWICH LIFESCIENCES INC,Health Care,Early,Russell,1636,16.65,24.09,51.7,29.07,51.73,39.59,40.1,26.15,18.0,bearish_transition,26.35,bearish_proxy,26.89,40.63,0.0,28,confirmed_bearish_trend,58,bullish_above_signal,47.27,15.63,2.22,-0.03219814,0.04723618,-0.10172414,0.08844011,4H MACD 位于 Signal 上方,4H EMA 空头排列
1008,CBFV,CB FINANCIAL SERVICES INC,Financials,Early,Russell,1038,16.62,25.85,40.9,53.61,51.73,38.6,39.0,31.89,15.0,bearish_transition,25.0,bearish_proxy,48.48,43.95,0.0,36,bearish_transition,42,mixed_or_bearish,48.4,37.209999,0.0,0.01196625,-0.00799784,-0.00281388,0.04200504,4H RSI 位于健康强势区间,4H EMA 转弱或跌破 EMA26；4H MACD 尚未确认多头
1009,BHRB,BURKE HERBERT FINANCIAL SERVICES C,Financials,Early,Russell,1162,16.59,25.4,29.3,85.41,51.73,26.9,26.0,30.56,15.0,bearish_transition,25.0,bearish_proxy,44.47,43.14,0.0,22,confirmed_bearish_trend,28,fresh_bearish_cross,38.15,70.580002,1.92,-0.01753889,-0.00451340,-0.02581084,-0.05249021,,4H EMA 空头排列；4H MACD 最近死叉；4H RSI 偏弱
1010,ASLE,AERSALE CORP,Industrials,Early,Russell,1242,16.58,25.27,32.9,76.03,51.73,35.0,35.0,30.0,18.0,bearish_transition,26.35,bearish_proxy,39.01,42.05,0.0,22,confirmed_bearish_trend,50,mixed_or_bearish,41.06,5.4,1.13,0.00278552,-0.01996370,-0.08474576,-0.17050691,4H MACD 柱体连续扩张,4H EMA 空头排列；4H MACD 尚未确认多头
1011,UNIT,UNITI GROUP INC,Communication,Early,Russell,1125,16.55,25.53,32.9,75.21,51.73,29.87,29.3,30.94,15.0,bearish_transition,25.0,bearish_proxy,45.62,43.37,0.0,22,confirmed_bearish_trend,42,mixed_or_bearish,38.76,9.54,0.98,-0.01395349,-0.04885344,-0.03245436,-0.05168986,,4H EMA 空头排列；4H MACD 尚未确认多头；4H RSI 偏弱
1012,SMID,SMITH MIDLAND CORP,Materials,Early,Russell,1617,16.52,24.0,46.1,43.4,51.73,45.8,47.0,26.45,15.0,bearish_transition,25.0,bearish_proxy,32.0,40.65,0.0,36,bearish_transition,72,fresh_below_zero_cross,44.04,24.799999,0.84,0.02606533,-0.01116431,-0.14305466,-0.10372248,4H MACD 刚金叉但仍需零轴确认；4H MACD 柱体连续扩张,4H EMA 转弱或跌破 EMA26
1013,CWT,CALIFORNIA WATER SERVICE GROUP,Utilities,Early,Russell,1186,16.52,25.48,25.9,93.76,51.73,32.03,31.7,30.4,15.0,bearish_transition,25.0,bearish_proxy,43.53,43.96,0.0,22,confirmed_bearish_trend,50,mixed_or_bearish,34.32,48.049999,0.64,-0.00062402,-0.02772155,-0.03242048,-0.04397133,4H MACD 柱体连续扩张,4H EMA 空头排列；4H MACD 尚未确认多头；4H RSI 偏弱
1014,LMND,LEMONADE INC,Financials,Early,Russell,1212,16.47,25.29,25.9,93.92,51.73,30.68,30.2,30.25,15.0,bearish_transition,25.0,bearish_proxy,43.52,42.95,0.0,22,confirmed_bearish_trend,42,mixed_or_bearish,35.27,48.59,1.22,-0.03303483,-0.01269938,-0.02664259,-0.10234622,,4H EMA 空头排列；4H MACD 尚未确认多头；4H RSI 偏弱
1015,STGW,STAGWELL CLASS A,Communication,Early,Russell,1037,16.46,25.91,29.3,83.3,51.73,32.57,32.3,31.9,18.0,bearish_transition,26.35,bearish_proxy,44.77,43.2,0.0,36,bearish_transition,28,fresh_bearish_cross,38.61,8.33,1.46,-0.03587963,-0.02172637,-0.04252874,-0.07547170,,4H EMA 转弱或跌破 EMA26；4H MACD 最近死叉；4H RSI 偏弱
1016,BTU,PEABODY ENERGY CORP,Energy,Early,Russell,452,16.45,39.05,40.9,21.7,51.73,40.67,41.3,40.51,35.0,mixed_sideways,25.0,bearish_proxy,56.43,45.54,0.0,36,bearish_transition,50,mixed_or_bearish,45.24,27.360001,1.35,0.02779865,-0.06811989,0.05637069,0.22334008,4H MACD 柱体连续扩张,4H EMA 转弱或跌破 EMA26；4H MACD 尚未确认多头
1017,ACR,ACRES COMMERCIAL REALTY,Financials,Early,Russell,861,16.45,29.64,25.9,83.61,51.73,30.68,30.2,35.39,15.0,bearish_transition,49.8,bullish_below_zero_proxy,40.31,42.31,0.0,22,confirmed_bearish_trend,42,mixed_or_bearish,37.28,13.329,1.1,-0.01120178,-0.03413043,-0.08139214,-0.13052838,,4H EMA 空头排列；4H MACD 尚未确认多头；4H RSI 偏弱
1018,NKTR,NEKTAR THERAPEUTICS,Health Care,Early,Russell,1259,16.43,25.3,25.9,93.61,51.73,32.84,32.6,29.86,15.0,bearish_transition,25.0,bearish_proxy,41.89,43.63,0.0,22,confirmed_bearish_trend,50,mixed_or_bearish,36.39,67.379997,1.46,0.01521763,-0.08276616,-0.07202870,-0.07343240,4H MACD 柱体连续扩张,4H EMA 空头排列；4H MACD 尚未确认多头；4H RSI 偏弱
1019,KVHI,KVH INDUSTRIES INC,Information Technology,Early,Russell,969,16.39,28.97,43.7,37.32,51.73,37.16,37.4,33.25,18.0,bearish_transition,51.15,bullish_below_zero_proxy,30.09,40.27,0.0,22,confirmed_bearish_trend,58,bullish_above_signal,40.95,7.05,2.21,-0.00564175,0.00714286,-0.13496933,-0.24193548,4H MACD 位于 Signal 上方,4H EMA 空头排列
1020,SKYH,SKY HARBOUR GROUP CLASS A,Industrials,Early,Russell,1209,16.37,25.3,25.9,93.2,51.73,30.68,30.2,30.28,15.0,bearish_transition,25.0,bearish_proxy,43.61,42.97,0.0,22,confirmed_bearish_trend,42,mixed_or_bearish,34.33,9.935,1.31,-0.00351053,-0.03449951,-0.03356031,-0.09681818,,4H EMA 空头排列；4H MACD 尚未确认多头；4H RSI 偏弱
1021,MCB,METROPOLITAN BANK HOLDING CORP,Financials,Early,Russell,1284,16.36,24.57,32.9,76.19,51.73,32.84,32.6,29.65,15.0,bearish_transition,20.0,fresh_bearish_cross_proxy,45.48,43.35,0.0,22,confirmed_bearish_trend,42,mixed_or_bearish,41.37,89.875,1.34,-0.00569752,-0.00338212,-0.03712231,-0.04641910,,4H EMA 空头排列；4H MACD 尚未确认多头
1022,TATT,TAT TECHNOLOGIES LTD,Industrials,Early,Russell,854,16.34,29.74,32.9,63.97,51.73,32.84,32.6,35.51,18.0,bearish_transition,51.15,bullish_below_zero_proxy,36.92,41.63,0.0,22,confirmed_bearish_trend,42,mixed_or_bearish,44.88,37.48,2.29,-0.01277492,-0.03202482,-0.07934166,-0.09990392,,4H EMA 空头排列；4H MACD 尚未确认多头
1023,BPRN,PRINCETON BANCORP INC,Financials,Early,Russell,602,16.33,37.66,37.3,33.71,51.73,37.97,38.3,37.99,35.0,mixed_sideways,20.0,fresh_bearish_cross_proxy,52.58,44.77,0.0,44,bearish_transition,28,fresh_bearish_cross,46.75,43.040001,1.09,-0.01645331,-0.00783771,0.00690144,0.01677295,,4H EMA 转弱或跌破 EMA26；4H MACD 最近死叉
1024,ESTA,ESTABLISHMENT LABS INC,Health Care,Early,Russell,920,16.32,29.46,32.9,64.54,51.73,32.03,31.7,34.45,15.0,bearish_transition,49.8,bullish_below_zero_proxy,37.02,42.65,0.0,22,confirmed_bearish_trend,42,mixed_or_bearish,42.92,71.160004,0.72,-0.00510308,-0.04636825,-0.07077563,-0.24730269,,4H EMA 空头排列；4H MACD 尚未确认多头
1025,BKKT,BAKKT INC CLASS A,Financials,Early,Russell,1130,16.31,25.57,25.9,92.16,51.73,36.35,36.5,30.88,18.0,bearish_transition,26.35,bearish_proxy,41.69,42.59,0.0,36,bearish_transition,42,mixed_or_bearish,36.17,7.17,1.51,-0.07958922,-0.12985437,0.00702247,-0.05158730,,4H EMA 转弱或跌破 EMA26；4H MACD 尚未确认多头；4H RSI 偏弱
1026,MTH,MERITAGE CORP,Consumer Discretionary,Early,Russell,1452,16.3,24.59,36.7,65.62,51.73,36.22,36.35,28.19,15.0,bearish_transition,25.0,bearish_proxy,37.29,41.71,0.0,25,confirmed_bearish_trend,58,bullish_above_signal,37.81,63.955002,1.43,-0.01819154,0.00195833,-0.11456459,-0.14206179,4H MACD 位于 Signal 上方,4H EMA 空头排列；4H RSI 偏弱
1027,NWN,NORTHWEST NATURAL HOLDING COMPANY,Utilities,Early,Russell,1099,16.29,25.74,32.9,72.99,51.73,40.67,41.3,31.17,15.0,bearish_transition,25.0,bearish_proxy,45.86,44.42,0.0,36,bearish_transition,50,mixed_or_bearish,44.26,48.639999,1.39,0.00954751,-0.01218528,-0.03530343,-0.00102690,4H MACD 柱体连续扩张,4H EMA 转弱或跌破 EMA26；4H MACD 尚未确认多头
1028,BFST,BUSINESS FIRST BANCSHARES INC,Financials,Early,Russell,1155,16.28,24.95,29.3,84.38,51.73,25.87,24.85,30.59,18.0,bearish_transition,21.35,fresh_bearish_cross_proxy,44.6,43.17,0.0,22,confirmed_bearish_trend,28,fresh_bearish_cross,39.7,30.969999,2.81,-0.01541888,-0.00513974,-0.03610339,-0.03490187,,4H EMA 空头排列；4H MACD 最近死叉；4H RSI 偏弱
1029,DORM,DORMAN PRODUCTS,Consumer Discretionary,Early,Russell,1392,16.27,24.77,32.9,75.1,51.73,29.87,29.3,28.71,15.0,bearish_transition,25.0,bearish_proxy,38.85,42.02,0.0,22,confirmed_bearish_trend,42,mixed_or_bearish,38.5,124.959999,0.81,-0.00561017,-0.01357753,-0.06389996,-0.15416118,,4H EMA 空头排列；4H MACD 尚未确认多头；4H RSI 偏弱
1030,NXDT,NEXPOINT DIVERSIFIED REAL ESTATE T,Real Estate,Early,Russell,444,16.25,39.12,40.9,20.15,51.73,39.86,40.4,40.74,35.0,mixed_sideways,25.0,bearish_proxy,57.13,45.68,0.0,36,bearish_transition,50,mixed_or_bearish,47.81,5.33,0.98,0.00566038,-0.01387604,0.07894737,0.18181818,4H MACD 柱体连续扩张,4H EMA 转弱或跌破 EMA26；4H MACD 尚未确认多头
1031,CHMG,CHEMUNG FINANCIAL CORP,Financials,Early,Russell,594,16.21,37.68,37.3,32.84,51.73,38.38,38.75,38.05,35.0,mixed_sideways,20.0,fresh_bearish_cross_proxy,52.75,44.8,0.0,41,bearish_transition,28,fresh_bearish_cross,48.25,83.550003,1.31,-0.01071575,-0.00143415,0.00191874,0.01432560,4H RSI 位于健康强势区间,4H EMA 转弱或跌破 EMA26；4H MACD 最近死叉
1032,PLOW,DOUGLAS DYNAMICS INC,Industrials,Early,Russell,1398,16.18,24.75,32.9,74.54,51.73,32.84,32.6,28.66,15.0,bearish_transition,25.0,bearish_proxy,38.71,41.99,0.0,22,confirmed_bearish_trend,50,mixed_or_bearish,38.05,39.41,1.07,0.00407643,-0.03878049,-0.06010017,-0.11616954,4H MACD 柱体连续扩张,4H EMA 空头排列；4H MACD 尚未确认多头；4H RSI 偏弱
1033,MNTN,MNTN CLASS A,Communication,Early,Russell,931,16.17,36.87,25.9,64.9,51.73,35.54,35.6,34.14,35.0,mixed_sideways,25.0,bearish_proxy,37.13,41.68,0.0,36,bearish_transition,42,mixed_or_bearish,36.73,11.51,0.7,-0.03114478,-0.02622673,-0.07624398,0.14755733,,4H EMA 转弱或跌破 EMA26；4H MACD 尚未确认多头；4H RSI 偏弱
1034,BXC,BLUELINX HOLDINGS,Industrials,Early,Russell,961,16.17,36.64,29.3,56.34,51.73,31.76,31.4,33.44,35.0,mixed_sideways,25.0,bearish_proxy,35.02,41.25,0.0,36,bearish_transition,28,fresh_bearish_cross,38.56,75.550003,0.76,-0.04330756,-0.05739238,-0.11585716,0.17386578,,4H EMA 转弱或跌破 EMA26；4H MACD 最近死叉；4H RSI 偏弱
1035,CMRE,COSTAMARE,Industrials,Early,Russell,1023,16.16,25.91,40.9,50.41,51.73,38.91,39.35,32.07,15.0,bearish_transition,25.0,bearish_proxy,49.03,44.06,0.0,39,bearish_transition,42,mixed_or_bearish,46.96,15.05,0.88,-0.00462963,-0.00132714,0.00299900,-0.01376147,,4H EMA 转弱或跌破 EMA26；4H MACD 尚未确认多头
1036,SRI,STONERIDGE INC,Consumer Discretionary,Early,Russell,1154,16.15,24.81,32.9,74.23,51.73,38.51,38.9,30.62,18.0,bearish_transition,20.0,fresh_bearish_cross_proxy,45.7,43.39,0.0,36,bearish_transition,42,mixed_or_bearish,44.25,7.07,1.64,-0.00562588,-0.02077562,-0.00282087,-0.06357616,,4H EMA 转弱或跌破 EMA26；4H MACD 尚未确认多头
1037,MLP,MAUI LAND AND PINEAPPLE INC,Real Estate,Early,Russell,665,16.14,30.3,29.3,70.98,51.73,27.53,26.7,37.31,15.0,bearish_transition,49.8,bullish_below_zero_proxy,46.13,43.48,0.0,22,confirmed_bearish_trend,28,fresh_bearish_cross,42.54,15.76,0.13,-0.01929060,-0.02111801,-0.01253133,-0.11060943,,4H EMA 空头排列；4H MACD 最近死叉
1038,LGN,LEGENCE CLASS A,Industrials,Early,Russell,1388,16.12,27.37,51.7,17.94,51.73,37.16,37.4,28.73,15.0,bearish_transition,49.8,bullish_below_zero_proxy,20.12,38.27,0.0,22,confirmed_bearish_trend,58,bullish_above_signal,45.9,53.84,1.31,0.01652034,-0.02393038,-0.23206391,-0.18927877,4H MACD 位于 Signal 上方,4H EMA 空头排列
1039,APEI,AMERICAN PUBLIC EDUCATION,Consumer Discretionary,Early,Russell,518,16.11,30.96,32.9,59.59,51.73,29.87,29.3,39.07,18.0,bearish_transition,51.15,bullish_below_zero_proxy,47.71,43.79,0.0,22,confirmed_bearish_trend,42,mixed_or_bearish,39.17,44.435001,0.97,-0.00637299,-0.01387039,0.00225560,-0.16835109,,4H EMA 空头排列；4H MACD 尚未确认多头；4H RSI 偏弱
1040,BL,BLACKLINE,Information Technology,Early,Russell,1199,16.09,25.32,25.9,91.34,51.73,30.68,30.2,30.32,15.0,bearish_transition,25.0,bearish_proxy,43.74,43.0,0.0,22,confirmed_bearish_trend,42,mixed_or_bearish,35.27,28.16,1.37,-0.05153253,-0.04477612,-0.03923572,-0.14898761,,4H EMA 空头排列；4H MACD 尚未确认多头；4H RSI 偏弱
1041,AGIO,AGIOS PHARMACEUTICALS,Health Care,Early,Russell,1092,16.08,25.76,32.9,71.55,51.73,32.03,31.7,31.23,15.0,bearish_transition,25.0,bearish_proxy,46.05,44.46,0.0,22,confirmed_bearish_trend,42,mixed_or_bearish,44.47,32.950001,0.9,-0.00242198,-0.04961053,-0.02010343,0.04272155,,4H EMA 空头排列；4H MACD 尚未确认多头
1042,CCB,COASTAL FINANCIAL CORP,Financials,Early,Russell,774,16.07,30.07,25.9,80.1,51.73,30.68,30.2,36.46,18.0,bearish_transition,51.15,bullish_below_zero_proxy,39.8,42.21,0.0,22,confirmed_bearish_trend,42,mixed_or_bearish,36.11,45.41,1.46,-0.03700560,-0.04056628,-0.07241348,0.03251478,,4H EMA 空头排列；4H MACD 尚未确认多头；4H RSI 偏弱
1043,IDYA,IDEAYA BIOSCIENCES,Health Care,Early,Russell,535,16.04,38.6,32.9,41.34,51.73,38.51,38.9,38.8,35.0,mixed_sideways,25.0,bearish_proxy,50.79,45.41,0.0,36,bearish_transition,50,mixed_or_bearish,39.66,37.73,1.14,0.00399143,-0.01591028,0.03200216,0.04515241,4H MACD 柱体连续扩张,4H EMA 转弱或跌破 EMA26；4H MACD 尚未确认多头；4H RSI 偏弱
1044,KTB,KONTOOR BRANDS,Consumer Discretionary,Early,Russell,1644,16.03,23.88,46.1,40.41,51.73,44.45,45.5,26.1,15.0,bearish_transition,25.0,bearish_proxy,30.94,40.44,0.0,36,bearish_transition,72,fresh_below_zero_cross,39.85,68.400002,1.93,0.02410542,0.01861504,-0.16268821,-0.17906863,4H MACD 刚金叉但仍需零轴确认；4H MACD 柱体连续扩张,4H EMA 转弱或跌破 EMA26；4H RSI 偏弱
1045,IIPR,INNOVATIVE INDUSTRIAL PROPERTIES I,Real Estate,Early,Russell,614,16.01,30.47,32.9,60.1,51.73,32.03,31.7,37.82,15.0,bearish_transition,49.8,bullish_below_zero_proxy,47.67,43.78,0.0,22,confirmed_bearish_trend,42,mixed_or_bearish,42.41,55.950001,0.93,-0.00515649,-0.01893737,0.00214936,-0.07444169,,4H EMA 空头排列；4H MACD 尚未确认多头
1046,INTA,INTAPP,Information Technology,Early,Russell,1189,16.0,25.33,25.9,90.67,51.73,38.51,38.9,30.35,15.0,bearish_transition,25.0,bearish_proxy,43.81,43.01,0.0,36,bearish_transition,50,mixed_or_bearish,35.62,37.0,1.29,-0.02785079,-0.04269086,-0.03846154,0.13011600,4H MACD 柱体连续扩张,4H EMA 转弱或跌破 EMA26；4H MACD 尚未确认多头；4H RSI 偏弱
1047,LOCO,EL POLLO LOCO INC,Consumer Discretionary,Early,Russell,1174,16.0,25.29,25.9,90.77,51.73,30.68,30.2,30.49,18.0,bearish_transition,25.0,bearish_proxy,41.53,42.56,0.0,22,confirmed_bearish_trend,42,mixed_or_bearish,35.81,14.53,1.35,0.00241463,-0.03519256,-0.05985118,-0.12205433,,4H EMA 空头排列；4H MACD 尚未确认多头；4H RSI 偏弱
1048,SHEN,SHENANDOAH TELECOMMUNICATIONS,Communication,Early,Russell,1057,15.95,25.83,25.9,89.18,51.73,30.68,30.2,31.65,18.0,bearish_transition,26.35,bearish_proxy,44.01,43.05,0.0,22,confirmed_bearish_trend,42,mixed_or_bearish,37.31,11.59,1.85,-0.00855432,-0.02686818,-0.08088818,-0.13507463,,4H EMA 空头排列；4H MACD 尚未确认多头；4H RSI 偏弱
1049,TARS,TARSUS PHARMACEUTICALS,Health Care,Early,Russell,428,15.9,39.44,40.9,17.06,51.73,38.51,38.9,41.28,35.0,mixed_sideways,25.0,bearish_proxy,58.3,46.91,0.0,38,bearish_transition,42,mixed_or_bearish,46.2,77.639999,0.81,-0.00525436,-0.06107151,0.09878283,0.27153616,,4H EMA 转弱或跌破 EMA26；4H MACD 尚未确认多头
1050,UFPT,UFP TECHNOLOGIES INC,Health Care,Early,Russell,1639,15.88,24.02,46.1,39.07,51.73,45.8,47.0,26.12,15.0,bearish_transition,25.0,bearish_proxy,30.55,41.36,0.0,36,bearish_transition,72,fresh_below_zero_cross,41.41,279.410004,0.69,0.00924688,0.00240372,-0.13148484,-0.16618920,4H MACD 刚金叉但仍需零轴确认；4H MACD 柱体连续扩张,4H EMA 转弱或跌破 EMA26
1051,CVRX,CVRX,Health Care,Early,Russell,510,15.87,31.07,65.2,38.3,51.73,53.9,56.0,39.17,15.0,bearish_transition,49.8,bullish_below_zero_proxy,51.32,45.51,0.0,56,mixed_sideways,66,bullish_above_signal,51.62,3.02,0.84,0.02546689,0.06713781,0.10218978,-0.45040946,4H MACD 位于 Signal 上方；4H MACD 柱体连续扩张；4H RSI 位于健康强势区间,4H EMA 仍偏震荡
1052,DFTX,DEFINIUM THERAPEUTICS INC,Health Care,Early,Russell,1591,15.86,24.21,43.7,44.9,51.73,36.35,36.5,26.67,15.0,bearish_transition,25.0,bearish_proxy,32.21,41.69,0.0,22,confirmed_bearish_trend,58,bullish_above_signal,43.18,37.849998,0.71,0.02269372,-0.00368529,-0.16464363,-0.10435400,4H MACD 位于 Signal 上方,4H EMA 空头排列
1053,NCNO,NCINO,Information Technology,Early,Russell,435,15.85,39.25,40.9,17.22,51.73,41.75,42.5,41.1,35.0,mixed_sideways,25.0,bearish_proxy,58.23,45.9,0.0,44,bearish_transition,42,mixed_or_bearish,47.45,21.700001,1.43,-0.02318249,-0.00183988,0.07266441,0.11225018,,4H EMA 转弱或跌破 EMA26；4H MACD 尚未确认多头
1054,BKE,BUCKLE,Consumer Discretionary,Early,Russell,1292,15.85,25.06,25.9,90.31,51.73,32.84,32.6,29.57,15.0,bearish_transition,25.0,bearish_proxy,41.47,42.54,0.0,22,confirmed_bearish_trend,50,mixed_or_bearish,34.83,40.055,1.21,0.00818022,-0.01753740,-0.07280095,-0.12121548,4H MACD 柱体连续扩张,4H EMA 空头排列；4H MACD 尚未确认多头；4H RSI 偏弱
1055,VSTM,VERASTEM INC,Health Care,Early,Russell,529,15.84,38.63,32.9,39.9,51.73,39.95,40.5,38.89,35.0,mixed_sideways,25.0,bearish_proxy,51.07,45.46,0.0,38,bearish_transition,50,mixed_or_bearish,44.06,7.32,0.54,-0.01347709,-0.07831780,0.01878914,0.25881341,4H MACD 柱体连续扩张,4H EMA 转弱或跌破 EMA26；4H MACD 尚未确认多头
1056,HCKT,HACKETT GROUP,Information Technology,Early,Russell,475,15.84,38.81,37.3,27.78,51.73,37.97,38.3,39.82,35.0,mixed_sideways,25.0,bearish_proxy,54.34,45.12,0.0,44,bearish_transition,28,fresh_bearish_cross,47.42,10.99,1.4,-0.03257042,-0.00181653,0.05673077,-0.02915194,,4H EMA 转弱或跌破 EMA26；4H MACD 最近死叉
1057,OIS,OIL STATES INTERNATIONAL,Energy,Early,Russell,1413,15.83,24.71,32.9,72.32,51.73,38.51,38.9,28.54,15.0,bearish_transition,25.0,bearish_proxy,38.35,41.92,0.0,36,bearish_transition,42,mixed_or_bearish,42.25,8.435,1.21,-0.02290129,-0.03600000,-0.07965085,0.00656325,,4H EMA 转弱或跌破 EMA26；4H MACD 尚未确认多头
1058,AVIR,ATEA PHARMACEUTICALS,Health Care,Early,Russell,617,15.81,38.26,25.9,59.23,51.73,37.7,38.0,37.8,35.0,mixed_sideways,25.0,bearish_proxy,47.76,44.8,0.0,36,bearish_transition,50,mixed_or_bearish,37.5,5.15,0.92,-0.01435407,-0.02277040,-0.01717557,0.09458023,4H MACD 柱体连续扩张,4H EMA 转弱或跌破 EMA26；4H MACD 尚未确认多头；4H RSI 偏弱
1059,IRTC,IRHYTHM HOLDINGS INC,Health Care,Early,Russell,1161,15.81,25.54,25.9,88.92,51.73,32.03,31.7,30.57,15.0,bearish_transition,25.0,bearish_proxy,44.05,44.06,0.0,22,confirmed_bearish_trend,50,mixed_or_bearish,37.58,111.82,0.91,0.00286996,-0.06379774,-0.04357868,-0.12028952,4H MACD 柱体连续扩张,4H EMA 空头排列；4H MACD 尚未确认多头；4H RSI 偏弱
1060,OUT,OUTFRONT MEDIA,Real Estate,Early,Russell,1294,15.81,25.05,25.9,90.05,51.73,30.68,30.2,29.55,15.0,bearish_transition,25.0,bearish_proxy,41.41,42.53,0.0,22,confirmed_bearish_trend,42,mixed_or_bearish,35.79,28.190001,1.22,-0.00247696,-0.01588406,-0.05307353,-0.11851154,,4H EMA 空头排列；4H MACD 尚未确认多头；4H RSI 偏弱
1061,KMTS,KESTRA MEDICAL TECHNOLOGIES,Health Care,Early,Russell,1571,15.8,24.21,46.1,38.09,51.73,38.96,39.4,26.91,18.0,bearish_transition,25.0,bearish_proxy,30.22,41.29,0.0,25,confirmed_bearish_trend,64,fresh_below_zero_cross,43.99,24.08,2.64,-0.02292554,-0.00165842,-0.13412438,-0.07170397,4H MACD 刚金叉但仍需零轴确认,4H EMA 空头排列
1062,CMP,COMPASS MINERALS INTERNATIONAL,Materials,Early,Russell,872,15.77,29.56,25.9,79.28,51.73,32.03,31.7,35.14,15.0,bearish_transition,49.8,bullish_below_zero_proxy,39.56,42.16,0.0,22,confirmed_bearish_trend,50,mixed_or_bearish,36.62,23.85,1.01,0.00675386,-0.06908669,-0.07522299,-0.20060329,4H MACD 柱体连续扩张,4H EMA 空头排列；4H MACD 尚未确认多头；4H RSI 偏弱
1063,BLKB,BLACKBAUD,Information Technology,Early,Russell,538,15.75,38.45,32.9,39.74,51.73,41.48,42.2,38.75,35.0,mixed_sideways,25.0,bearish_proxy,51.1,44.47,0.0,38,bearish_transition,50,mixed_or_bearish,41.49,44.82,1.32,-0.01581030,0.02002733,0.03438721,-0.01429516,4H MACD 柱体连续扩张,4H EMA 转弱或跌破 EMA26；4H MACD 尚未确认多头
1064,ABUS,ARBUTUS BIOPHARMA CORP,Health Care,Early,Russell,424,15.71,39.51,40.9,15.67,51.73,39.32,39.8,41.46,35.0,mixed_sideways,25.0,bearish_proxy,58.84,47.02,0.0,38,bearish_transition,42,mixed_or_bearish,45.78,5.05,1.51,0.00099108,-0.02131783,0.06991525,0.14124294,,4H EMA 转弱或跌破 EMA26；4H MACD 尚未确认多头
1065,MD,PEDIATRIX MEDICAL GROUP INC,Health Care,Early,Russell,616,15.71,38.26,25.9,58.56,51.73,35.54,35.6,37.81,35.0,mixed_sideways,25.0,bearish_proxy,47.81,44.81,0.0,36,bearish_transition,42,mixed_or_bearish,37.16,26.15,0.87,-0.02352506,-0.03487725,-0.00721336,0.05849018,,4H EMA 转弱或跌破 EMA26；4H MACD 尚未确认多头；4H RSI 偏弱
1066,CODI,COMPASS DIVERSIFIED,Financials,Early,Russell,1417,15.7,24.7,32.9,71.49,51.73,32.84,32.6,28.51,15.0,bearish_transition,25.0,bearish_proxy,38.24,41.9,0.0,22,confirmed_bearish_trend,42,mixed_or_bearish,40.78,11.015,1.27,-0.00586643,-0.01651786,-0.09042114,-0.01033243,,4H EMA 空头排列；4H MACD 尚未确认多头
1067,MMI,MARCUS & MILLICHAP INC,Real Estate,Early,Russell,972,15.68,26.21,40.9,46.49,51.73,40.67,41.3,33.19,18.0,bearish_transition,25.0,bearish_proxy,49.69,44.19,0.0,36,bearish_transition,50,mixed_or_bearish,46.77,31.15,1.7,0.01218522,0.00289765,0.00322064,0.00874356,4H MACD 柱体连续扩张,4H EMA 转弱或跌破 EMA26；4H MACD 尚未确认多头
1068,CAL,CALERES INC,Consumer Discretionary,Early,Russell,1611,15.67,24.01,43.7,44.07,51.73,36.35,36.5,26.49,15.0,bearish_transition,25.0,bearish_proxy,32.13,40.68,0.0,22,confirmed_bearish_trend,58,bullish_above_signal,43.72,12.022,0.76,-0.02970137,-0.00890354,-0.09609023,-0.15694250,4H MACD 位于 Signal 上方,4H EMA 空头排列
1069,CBAN,COLONY BANKCORP INC,Financials,Early,Russell,1488,15.67,23.96,29.3,82.58,51.73,29.06,28.4,27.89,15.0,bearish_transition,20.0,fresh_bearish_cross_proxy,40.15,42.28,0.0,22,confirmed_bearish_trend,28,fresh_bearish_cross,40.47,21.1,1.25,-0.01031895,-0.00845869,-0.04568073,-0.04783394,,4H EMA 空头排列；4H MACD 最近死叉
1070,STRA,STRATEGIC EDUCATION,Consumer Discretionary,Early,Russell,933,15.65,26.67,43.7,37.73,51.73,46.07,47.3,34.12,18.0,bearish_transition,26.35,bearish_proxy,51.5,44.55,0.0,44,bearish_transition,58,bullish_above_signal,43.99,81.510002,1.1,-0.01789266,-0.00281375,0.00947426,-0.02639750,4H MACD 位于 Signal 上方,4H EMA 转弱或跌破 EMA26
1071,HWBK,HAWTHORN BANCSHARES,Financials,Early,Russell,1096,15.65,25.61,32.9,69.02,51.73,30.68,30.2,31.18,15.0,bearish_transition,25.0,bearish_proxy,46.35,43.52,0.0,22,confirmed_bearish_trend,42,mixed_or_bearish,38.07,38.310001,1.46,-0.00699847,-0.03281999,-0.03719527,-0.02938941,,4H EMA 空头排列；4H MACD 尚未确认多头；4H RSI 偏弱
1072,CMCL,CALEDONIA MINING PLC,Materials,Early,Russell,482,15.64,38.69,32.9,38.45,51.73,37.16,37.4,39.72,38.0,mixed_sideways,25.0,bearish_proxy,51.31,44.51,0.0,38,bearish_transition,42,mixed_or_bearish,39.55,24.15,1.27,-0.01468788,-0.07008083,0.02897320,0.24677330,,4H EMA 转弱或跌破 EMA26；4H MACD 尚未确认多头；4H RSI 偏弱
1073,ADTN,ADTRAN HOLDINGS INC,Information Technology,Early,Russell,1139,15.6,28.07,46.1,27.73,51.73,37.97,38.3,30.76,15.0,bearish_transition,49.8,bullish_below_zero_proxy,26.28,39.51,0.0,22,confirmed_bearish_trend,64,fresh_below_zero_cross,41.34,7.09,0.85,0.00567376,-0.01253482,-0.18082034,-0.18971429,4H MACD 刚金叉但仍需零轴确认,4H EMA 空头排列
1074,SR,SPIRE INC,Utilities,Early,Russell,1081,15.59,25.8,32.9,68.2,51.73,30.68,30.2,31.35,15.0,bearish_transition,25.0,bearish_proxy,46.42,44.53,0.0,22,confirmed_bearish_trend,42,mixed_or_bearish,39.68,79.910004,1.12,-0.00149938,-0.02095073,-0.02892207,0.00326431,,4H EMA 空头排列；4H MACD 尚未确认多头；4H RSI 偏弱
1075,HLF,HERBALIFE LTD,Consumer Staples,Early,Russell,1080,15.56,25.81,32.9,67.99,51.73,32.03,31.7,31.37,15.0,bearish_transition,25.0,bearish_proxy,46.46,44.54,0.0,22,confirmed_bearish_trend,42,mixed_or_bearish,43.32,11.84,0.94,-0.00671141,-0.06403162,-0.01251043,-0.07500000,,4H EMA 空头排列；4H MACD 尚未确认多头
1076,CXT,CRANE NXT,Information Technology,Early,Russell,1312,15.56,25.02,25.9,88.45,51.73,30.68,30.2,29.44,15.0,bearish_transition,25.0,bearish_proxy,41.07,42.46,0.0,22,confirmed_bearish_trend,42,mixed_or_bearish,36.08,47.349998,1.51,-0.01579719,-0.06570643,-0.05902230,-0.13484382,,4H EMA 空头排列；4H MACD 尚未确认多头；4H RSI 偏弱
1077,RDW,REDWIRE,Industrials,Early,Russell,1763,15.46,23.08,51.7,23.51,51.73,43.64,44.6,23.77,15.0,bearish_transition,25.0,bearish_proxy,23.88,39.03,0.0,36,bearish_transition,58,bullish_above_signal,48.22,10.795,0.78,-0.00410536,0.00887850,-0.19440299,0.01456767,4H MACD 位于 Signal 上方；4H RSI 位于健康强势区间,4H EMA 转弱或跌破 EMA26
1078,SPFI,SOUTH PLAINS FINANCIAL INC,Financials,Early,Russell,1168,15.45,25.39,25.9,86.86,51.73,36.35,36.5,30.52,15.0,bearish_transition,25.0,bearish_proxy,44.35,43.12,0.0,36,bearish_transition,42,mixed_or_bearish,37.12,43.639999,1.26,-0.01266973,-0.03022224,-0.03813092,-0.04108985,,4H EMA 转弱或跌破 EMA26；4H MACD 尚未确认多头；4H RSI 偏弱
1079,LFST,LIFESTANCE HEALTH GROUP,Health Care,Early,Russell,455,15.42,39.14,37.3,24.18,51.73,37.57,37.85,40.38,35.0,mixed_sideways,25.0,bearish_proxy,55.59,46.37,0.0,41,bearish_transition,28,fresh_bearish_cross,50.03,12.79,0.92,0.00117417,0.01548233,0.01912351,0.24902344,4H RSI 位于健康强势区间,4H EMA 转弱或跌破 EMA26；4H MACD 最近死叉
1080,EOLS,EVOLUS INC,Health Care,Early,Russell,515,15.4,38.7,32.9,36.8,51.73,39.86,40.4,39.1,35.0,mixed_sideways,25.0,bearish_proxy,51.69,45.59,0.0,36,bearish_transition,50,mixed_or_bearish,41.17,7.99,0.84,0.02567394,-0.06876457,0.02963918,0.30130293,4H MACD 柱体连续扩张,4H EMA 转弱或跌破 EMA26；4H MACD 尚未确认多头
1081,MKTW,MARKETWISE INC CLASS A,Financials,Early,Russell,907,15.39,29.35,29.3,68.14,51.73,25.37,24.3,34.53,15.0,bearish_transition,49.8,bullish_below_zero_proxy,37.69,41.79,0.0,22,confirmed_bearish_trend,28,fresh_bearish_cross,38.16,17.709999,0.38,-0.02424248,-0.04270276,-0.08617132,-0.14547653,,4H EMA 空头排列；4H MACD 最近死叉；4H RSI 偏弱
1082,RHP,RYMAN HOSPITALITY PROPERTIES REIT,Real Estate,Early,Russell,1222,15.38,25.25,22.3,96.34,51.73,26.09,25.1,30.13,15.0,bearish_transition,25.0,bearish_proxy,43.15,42.88,0.0,22,confirmed_bearish_trend,28,fresh_bearish_cross,37.87,119.919998,0.83,-0.01312596,-0.02082145,-0.03430506,-0.06436764,,4H EMA 空头排列；4H MACD 最近死叉；4H RSI 偏弱
1083,NVAX,NOVAVAX,Health Care,Early,Russell,412,15.35,39.76,40.9,12.68,51.73,40.67,41.3,42.21,35.0,mixed_sideways,25.0,bearish_proxy,61.12,47.47,0.0,38,bearish_transition,50,mixed_or_bearish,47.18,9.35,0.74,0.00321888,-0.05172414,0.15717822,0.21903520,4H MACD 柱体连续扩张,4H EMA 转弱或跌破 EMA26；4H MACD 尚未确认多头
1084,MGY,MAGNOLIA OIL GAS CORP CLASS A,Energy,Early,Russell,672,15.31,37.47,22.3,67.37,51.73,34.59,34.55,37.24,38.0,mixed_sideways,21.35,fresh_bearish_cross_proxy,46.55,43.56,0.0,41,bearish_transition,28,fresh_bearish_cross,37.59,26.09,1.54,-0.08855895,-0.06117312,-0.02576553,0.06164797,,4H EMA 转弱或跌破 EMA26；4H MACD 最近死叉；4H RSI 偏弱
1085,UTI,UNIVERSAL TECHNICAL INSTITUTE,Consumer Discretionary,Early,Russell,1017,15.3,28.46,43.7,31.24,51.73,44.99,46.1,32.16,18.0,bearish_transition,49.8,bullish_below_zero_proxy,27.8,39.81,0.0,36,bearish_transition,66,bullish_above_signal,42.78,20.889999,1.69,0.02452183,-0.01795788,-0.20114727,-0.50503500,4H MACD 位于 Signal 上方；4H MACD 柱体连续扩张,4H EMA 转弱或跌破 EMA26
1086,SHOO,STEVEN MADDEN,Consumer Discretionary,Early,Russell,1429,15.28,24.65,32.9,68.81,51.73,35.0,35.0,28.35,15.0,bearish_transition,25.0,bearish_proxy,37.78,41.81,0.0,22,confirmed_bearish_trend,50,mixed_or_bearish,42.08,41.509998,1.21,0.00874838,-0.04442912,-0.10941864,-0.15112482,4H MACD 柱体连续扩张,4H EMA 空头排列；4H MACD 尚未确认多头
1087,CARE,CARTER BANKSHARES INC,Financials,Early,Russell,1441,15.28,24.08,25.9,88.81,51.73,30.68,30.2,28.24,15.0,bearish_transition,20.0,fresh_bearish_cross_proxy,41.22,42.49,0.0,22,confirmed_bearish_trend,42,mixed_or_bearish,35.33,30.58,1.83,-0.01338929,-0.02580437,-0.04527003,-0.14389700,,4H EMA 空头排列；4H MACD 尚未确认多头；4H RSI 偏弱
1088,TRUP,TRUPANION,Financials,Early,Russell,1628,15.27,23.93,43.7,41.65,51.73,36.22,36.35,26.24,15.0,bearish_transition,25.0,bearish_proxy,31.38,40.53,0.0,25,confirmed_bearish_trend,58,bullish_above_signal,39.95,25.629999,1.36,-0.04862665,0.03388455,-0.14538183,0.04060089,4H MACD 位于 Signal 上方,4H EMA 空头排列；4H RSI 偏弱
1089,NWE,NORTHWESTERN ENERGY GROUP,Utilities,Early,Russell,1076,15.27,25.84,32.9,65.98,51.73,32.84,32.6,31.46,15.0,bearish_transition,25.0,bearish_proxy,46.74,44.6,0.0,22,confirmed_bearish_trend,50,mixed_or_bearish,38.81,68.519997,1.58,0.00980022,-0.02878777,-0.03274985,-0.01946194,4H MACD 柱体连续扩张,4H EMA 空头排列；4H MACD 尚未确认多头；4H RSI 偏弱
1090,NC,NACCO INDUSTRIES INC CLASS A,Energy,Early,Russell,1163,15.27,25.4,25.9,85.67,51.73,31.31,30.9,30.56,15.0,bearish_transition,25.0,bearish_proxy,44.46,43.14,0.0,22,confirmed_bearish_trend,50,mixed_or_bearish,34.62,38.689999,0.49,0.01802389,-0.04374691,-0.06681139,-0.18615906,4H MACD 柱体连续扩张,4H EMA 空头排列；4H MACD 尚未确认多头；4H RSI 偏弱
1091,PACB,PACIFIC BIOSCIENCES OF CALIFORNIA,Health Care,Early,Russell,451,15.24,31.45,65.2,33.2,51.73,52.55,54.5,40.52,18.0,bearish_transition,49.8,bullish_below_zero_proxy,52.68,45.79,0.0,58,mixed_sideways,58,bullish_above_signal,51.33,1.34,0.76,-0.01470588,0.04280156,0.11203320,-0.06293706,4H MACD 位于 Signal 上方；4H RSI 位于健康强势区间,4H EMA 仍偏震荡
1092,COMP,COMPASS INC CLASS A,Real Estate,Early,Russell,1633,15.24,23.91,43.7,41.44,51.73,37.16,37.4,26.18,15.0,bearish_transition,25.0,bearish_proxy,31.2,40.49,0.0,22,confirmed_bearish_trend,58,bullish_above_signal,42.04,10.335,1.42,0.02478929,-0.03230337,-0.16518578,-0.13946711,4H MACD 位于 Signal 上方,4H EMA 空头排列
1093,KROS,KEROS THERAPEUTICS,Health Care,Early,Russell,448,15.21,39.27,32.9,34.23,51.73,39.32,39.8,40.59,38.0,mixed_sideways,26.35,bearish_proxy,52.48,45.75,0.0,38,bearish_transition,42,mixed_or_bearish,41.35,10.74,2.48,-0.02717391,-0.05123675,0.02383222,0.04474708,,4H EMA 转弱或跌破 EMA26；4H MACD 尚未确认多头
1094,CBL,CBL ASSOCIATES PROPERTIES,Real Estate,Early,Russell,1322,15.2,24.98,25.9,86.13,51.73,30.68,30.2,29.34,15.0,bearish_transition,25.0,bearish_proxy,40.78,42.41,0.0,22,confirmed_bearish_trend,42,mixed_or_bearish,36.53,53.060001,1.71,0.00578144,-0.03894219,-0.06797820,-0.06088494,,4H EMA 空头排列；4H MACD 尚未确认多头；4H RSI 偏弱
1095,FCAP,FIRST CAPITAL INC,Financials,Early,Russell,1008,15.18,25.89,32.9,65.26,51.73,31.8,31.45,32.25,18.0,bearish_transition,25.0,bearish_proxy,46.86,43.62,0.0,22,confirmed_bearish_trend,42,mixed_or_bearish,44.13,61.369999,3.52,0.01253915,-0.02354812,-0.03657774,-0.05439142,,4H EMA 空头排列；4H MACD 尚未确认多头
1096,RYAM,RAYONIER ADVANCED MATERIALS,Materials,Early,Russell,1082,15.15,25.66,32.9,65.57,51.73,32.84,32.6,31.34,15.0,bearish_transition,25.0,bearish_proxy,46.81,43.61,0.0,22,confirmed_bearish_trend,42,mixed_or_bearish,44.03,8.265,1.42,0.00303398,-0.02650177,-0.00601323,-0.05650685,,4H EMA 空头排列；4H MACD 尚未确认多头
1097,TGLS,TECNOGLASS HOLDINGS,Industrials,Early,Russell,1324,15.11,24.98,25.9,85.57,51.73,32.84,32.6,29.33,15.0,bearish_transition,25.0,bearish_proxy,40.74,42.4,0.0,22,confirmed_bearish_trend,50,mixed_or_bearish,37.07,36.869999,1.4,0.01542269,-0.07151851,-0.09454818,-0.20298313,4H MACD 柱体连续扩张,4H EMA 空头排列；4H MACD 尚未确认多头；4H RSI 偏弱
1098,MYRG,MYR GROUP INC,Industrials,Early,Russell,1194,15.1,27.92,46.1,24.74,51.73,37.97,38.3,30.34,15.0,bearish_transition,49.8,bullish_below_zero_proxy,25.0,39.25,0.0,22,confirmed_bearish_trend,72,fresh_below_zero_cross,38.55,275.369995,0.86,0.01377245,-0.04072320,-0.19151500,-0.19101624,4H MACD 刚金叉但仍需零轴确认；4H MACD 柱体连续扩张,4H EMA 空头排列；4H RSI 偏弱
1099,OOMA,OOMA,Information Technology,Early,Russell,371,15.09,40.55,40.9,9.07,51.73,41.34,42.05,44.76,38.0,mixed_sideways,26.35,bearish_proxy,65.55,47.36,0.0,41,bearish_transition,42,mixed_or_bearish,49.95,22.555,1.01,-0.00507278,-0.01247811,0.12381664,0.04760794,4H RSI 位于健康强势区间,4H EMA 转弱或跌破 EMA26；4H MACD 尚未确认多头
1100,PACS,PACS GROUP,Health Care,Early,Russell,1107,15.08,25.24,29.3,75.67,51.73,29.06,28.4,31.06,18.0,bearish_transition,21.35,fresh_bearish_cross_proxy,45.55,44.36,0.0,22,confirmed_bearish_trend,28,fresh_bearish_cross,43.06,42.779999,1.6,0.01098901,-0.04037692,-0.03583502,-0.04402237,,4H EMA 空头排列；4H MACD 最近死叉
1101,KRO,KRONOS WORLDWIDE,Materials,Early,Russell,509,15.07,38.59,32.9,34.85,51.73,38.51,38.9,39.19,35.0,mixed_sideways,25.0,bearish_proxy,52.42,44.73,0.0,36,bearish_transition,42,mixed_or_bearish,44.36,8.11,1.22,-0.02289157,-0.04250295,0.00000000,0.30385852,,4H EMA 转弱或跌破 EMA26；4H MACD 尚未确认多头
1102,AMLX,AMYLYX PHARMACEUTICALS,Health Care,Early,Russell,182,15.06,44.14,40.9,0.52,51.73,41.23,40.25,55.04,35.0,mixed_sideways,25.0,bearish_proxy,100.0,55.25,0.0,41,bearish_transition,42,mixed_or_bearish,46.52,32.630001,0.79,-0.00639461,0.00678806,0.52192162,0.49268067,,4H EMA 转弱或跌破 EMA26；4H MACD 尚未确认多头
1103,RPC,RIDGEPOST CAPITAL INC CLASS A,Financials,Early,Russell,1326,15.06,24.97,25.9,85.26,51.73,32.84,32.6,29.3,15.0,bearish_transition,25.0,bearish_proxy,40.64,42.38,0.0,22,confirmed_bearish_trend,50,mixed_or_bearish,34.61,7.915,1.37,-0.00752351,-0.02524631,-0.07318501,-0.12541436,4H MACD 柱体连续扩张,4H EMA 空头排列；4H MACD 尚未确认多头；4H RSI 偏弱
1104,VIR,VIR BIOTECHNOLOGY,Health Care,Early,Russell,396,15.05,40.21,40.9,9.64,51.73,41.48,42.2,43.52,35.0,mixed_sideways,25.0,bearish_proxy,65.11,48.27,0.0,38,bearish_transition,50,mixed_or_bearish,45.64,10.52,1.06,0.00959693,-0.02592593,0.11974454,0.14659401,4H MACD 柱体连续扩张,4H EMA 转弱或跌破 EMA26；4H MACD 尚未确认多头
1105,KRYS,KRYSTAL BIOTECH,Health Care,Early,Russell,1071,15.02,25.87,32.9,64.23,51.73,40.67,41.3,31.54,15.0,bearish_transition,25.0,bearish_proxy,46.98,44.65,0.0,36,bearish_transition,50,mixed_or_bearish,41.06,336.670013,1.16,0.00864332,-0.03291871,0.00294930,0.03613092,4H MACD 柱体连续扩张,4H EMA 转弱或跌破 EMA26；4H MACD 尚未确认多头
1106,HPK,HIGHPEAK ENERGY INC,Energy,Early,Russell,703,15.02,37.33,29.3,47.11,51.73,35.95,36.05,37.01,35.0,mixed_sideways,20.0,fresh_bearish_cross_proxy,49.62,44.17,0.0,41,bearish_transition,28,fresh_bearish_cross,41.05,7.87,0.75,-0.09540230,-0.04024390,0.00000000,0.14890511,,4H EMA 转弱或跌破 EMA26；4H MACD 最近死叉
1107,PK,PARK HOTELS RESORTS INC,Real Estate,Early,Russell,1118,14.97,25.54,29.3,74.23,51.73,32.57,32.3,30.97,15.0,bearish_transition,25.0,bearish_proxy,45.7,43.39,0.0,36,bearish_transition,28,fresh_bearish_cross,38.59,14.87,1.44,-0.02523763,-0.02778686,-0.00998668,-0.00866667,,4H EMA 转弱或跌破 EMA26；4H MACD 最近死叉；4H RSI 偏弱
1108,SCSC,SCANSOURCE,Information Technology,Early,Russell,438,14.93,38.68,40.9,12.37,51.73,40.53,41.15,40.99,35.0,mixed_sideways,20.0,fresh_bearish_cross_proxy,61.66,46.58,0.0,41,bearish_transition,42,mixed_or_bearish,47.95,56.720001,1.44,-0.01817551,-0.00298819,0.09709864,-0.03668478,,4H EMA 转弱或跌破 EMA26；4H MACD 尚未确认多头
1109,FIGS,FIGS CLASS A,Consumer Discretionary,Early,Russell,1444,14.93,24.61,32.9,66.55,51.73,35.54,35.6,28.24,15.0,bearish_transition,25.0,bearish_proxy,37.45,41.74,0.0,36,bearish_transition,42,mixed_or_bearish,38.24,12.9,0.87,-0.01751714,-0.02824859,-0.09884736,0.18894009,,4H EMA 转弱或跌破 EMA26；4H MACD 尚未确认多头；4H RSI 偏弱
1110,EVTC,EVERTEC INC,Financials,Early,Russell,1334,14.93,24.95,25.9,84.43,51.73,29.87,29.3,29.24,15.0,bearish_transition,25.0,bearish_proxy,40.46,42.34,0.0,22,confirmed_bearish_trend,42,mixed_or_bearish,35.93,28.27,0.83,-0.02651519,-0.04878866,-0.06914722,-0.13202333,,4H EMA 空头排列；4H MACD 尚未确认多头；4H RSI 偏弱
1111,FBNC,FIRST BANCORP,Financials,Early,Russell,1070,14.88,25.79,22.3,91.7,51.73,26.9,26.0,31.54,18.0,bearish_transition,26.35,bearish_proxy,43.69,42.99,0.0,22,confirmed_bearish_trend,28,fresh_bearish_cross,36.92,62.619999,1.72,-0.02190485,-0.02445868,-0.05264749,-0.04484440,,4H EMA 空头排列；4H MACD 最近死叉；4H RSI 偏弱
1112,GRC,GORMAN-RUPP,Industrials,Early,Russell,1445,14.86,24.61,32.9,66.08,51.73,35.0,35.0,28.24,15.0,bearish_transition,25.0,bearish_proxy,37.42,41.73,0.0,22,confirmed_bearish_trend,50,mixed_or_bearish,40.31,72.260002,1.25,0.01839194,-0.03292290,-0.10347390,-0.15455714,4H MACD 柱体连续扩张,4H EMA 空头排列；4H MACD 尚未确认多头
1113,AKTS,AKTIS ONCOLOGY INC,Health Care,Early,Russell,1213,14.83,25.33,25.9,82.89,51.73,29.64,29.05,30.21,18.0,bearish_transition,25.0,bearish_proxy,40.21,43.29,0.0,22,confirmed_bearish_trend,42,mixed_or_bearish,37.32,22.709999,3.62,0.00933329,-0.05610973,-0.08501213,-0.00612696,,4H EMA 空头排列；4H MACD 尚未确认多头；4H RSI 偏弱
1114,CGEM,CULLINAN THERAPEUTICS,Health Care,Early,Russell,496,14.81,38.83,32.9,32.58,51.73,39.86,40.4,39.49,35.0,mixed_sideways,25.0,bearish_proxy,52.88,45.83,0.0,36,bearish_transition,50,mixed_or_bearish,42.76,20.629999,1.0,0.01725828,-0.03281767,0.00000000,0.17616863,4H MACD 柱体连续扩张,4H EMA 转弱或跌破 EMA26；4H MACD 尚未确认多头
1115,ADNT,ADIENT PLC,Consumer Discretionary,Early,Russell,1449,14.81,24.59,32.9,65.77,51.73,32.84,32.6,28.2,15.0,bearish_transition,25.0,bearish_proxy,37.31,41.71,0.0,22,confirmed_bearish_trend,42,mixed_or_bearish,40.61,18.23,1.14,-0.01619002,-0.00491266,-0.09258337,-0.13968857,,4H EMA 空头排列；4H MACD 尚未确认多头
1116,BRSL,BRIGHTSTAR LOTTERY PLC,Consumer Discretionary,Early,Russell,1339,14.78,24.93,25.9,83.51,51.73,29.87,29.3,29.19,15.0,bearish_transition,25.0,bearish_proxy,40.3,42.31,0.0,22,confirmed_bearish_trend,42,mixed_or_bearish,37.35,10.535,0.75,-0.00331126,-0.05303371,-0.09024180,-0.06687334,,4H EMA 空头排列；4H MACD 尚未确认多头；4H RSI 偏弱
1117,SFBS,SERVISFIRST BANCSHARES INC,Financials,Early,Russell,1203,14.78,25.31,22.3,92.22,51.73,26.9,26.0,30.3,15.0,bearish_transition,25.0,bearish_proxy,43.66,42.98,0.0,22,confirmed_bearish_trend,28,fresh_bearish_cross,34.06,41.285,1.81,-0.02330258,-0.01842608,-0.08853070,-0.09143924,,4H EMA 空头排列；4H MACD 最近死叉；4H RSI 偏弱
1118,AIOT,POWERFLEET,Information Technology,Early,Russell,481,14.77,31.12,65.2,30.82,51.73,52.55,54.5,39.72,15.0,bearish_transition,49.8,bullish_below_zero_proxy,53.45,44.94,0.0,56,mixed_sideways,58,bullish_above_signal,49.77,3.03,1.16,0.00000000,0.01848739,0.04844291,-0.29288215,4H MACD 位于 Signal 上方；4H RSI 位于健康强势区间,4H EMA 仍偏震荡
1119,VOXR,VOX ROYALTY CORP,Materials,Early,Russell,505,14.76,38.63,32.9,32.68,51.73,39.32,39.8,39.3,35.0,mixed_sideways,25.0,bearish_proxy,52.77,44.8,0.0,38,bearish_transition,42,mixed_or_bearish,42.49,5.51,1.18,-0.00181159,-0.05488851,0.03766478,0.20305677,,4H EMA 转弱或跌破 EMA26；4H MACD 尚未确认多头
1120,ANF,ABERCROMBIE AND FITCH CLASS A,Consumer Discretionary,Early,Russell,239,14.74,42.75,40.9,1.65,51.73,43.79,43.1,51.37,35.0,mixed_sideways,25.0,bearish_proxy,89.33,52.12,0.0,38,bearish_transition,50,mixed_or_bearish,50.25,139.919998,0.82,0.01791458,-0.07995794,0.33067043,0.26946105,4H MACD 柱体连续扩张；4H RSI 位于健康强势区间,4H EMA 转弱或跌破 EMA26；4H MACD 尚未确认多头
1121,NPB,NORTHPOINTE BANCSHARES INC,Financials,Early,Russell,664,14.71,30.3,25.9,70.46,51.73,29.87,29.3,37.32,15.0,bearish_transition,49.8,bullish_below_zero_proxy,46.16,43.48,0.0,22,confirmed_bearish_trend,42,mixed_or_bearish,36.87,16.690001,1.03,-0.01938890,-0.02053990,-0.03637408,-0.04410069,,4H EMA 空头排列；4H MACD 尚未确认多头；4H RSI 偏弱
1122,CMC,COMMERCIAL METALS,Materials,Early,Russell,1456,14.67,24.57,32.9,64.9,51.73,35.0,35.0,28.14,15.0,bearish_transition,25.0,bearish_proxy,37.13,41.68,0.0,22,confirmed_bearish_trend,50,mixed_or_bearish,42.18,65.839996,1.2,0.01651998,-0.04579716,-0.09523157,-0.09342518,4H MACD 柱体连续扩张,4H EMA 空头排列；4H MACD 尚未确认多头
1123,FWDI,FORWARD INDUSTRIES INC,Information Technology,Early,Russell,281,14.65,42.18,40.9,2.37,51.73,40.82,39.8,49.7,35.0,mixed_sideways,25.0,bearish_proxy,84.28,51.11,0.0,38,bearish_transition,42,mixed_or_bearish,45.92,6.01,1.14,-0.05205047,-0.08244275,0.40093240,0.42248521,,4H EMA 转弱或跌破 EMA26；4H MACD 尚未确认多头
1124,IPI,INTREPID POTASH INC,Materials,Early,Russell,502,14.65,38.66,32.9,31.91,51.73,40.67,41.3,39.39,35.0,mixed_sideways,25.0,bearish_proxy,53.04,44.86,0.0,38,bearish_transition,50,mixed_or_bearish,40.82,38.259998,0.62,-0.00932162,-0.07293438,0.04250673,0.12853029,4H MACD 柱体连续扩张,4H EMA 转弱或跌破 EMA26；4H MACD 尚未确认多头
1125,CNNE,CANNAE HOLDINGS INC,Financials,Early,Russell,501,14.63,38.66,32.9,31.75,51.73,39.32,39.8,39.39,35.0,mixed_sideways,25.0,bearish_proxy,53.05,44.86,0.0,38,bearish_transition,42,mixed_or_bearish,42.36,15.195,1.21,-0.02314368,-0.02664788,0.02014099,0.00963455,,4H EMA 转弱或跌破 EMA26；4H MACD 尚未确认多头
1126,LVWR,LIVEWIRE GROUP,Consumer Discretionary,Early,Russell,1569,14.61,24.08,67.6,39.79,51.73,53.9,56.0,26.94,18.0,bearish_transition,25.0,bearish_proxy,30.77,40.4,0.0,50,mixed_sideways,72,fresh_below_zero_cross,50.58,1.19,1.21,0.08675799,0.03478261,0.01709402,-0.16197183,4H MACD 刚金叉但仍需零轴确认；4H MACD 柱体连续扩张；4H RSI 位于健康强势区间,4H EMA 仍偏震荡
1127,BY,BYLINE BANCORP INC,Financials,Early,Russell,1196,14.6,25.32,22.3,90.93,51.73,26.09,25.1,30.34,15.0,bearish_transition,25.0,bearish_proxy,43.78,43.01,0.0,22,confirmed_bearish_trend,28,fresh_bearish_cross,36.87,37.619999,0.98,-0.01311647,-0.00921786,-0.03883495,-0.05358493,,4H EMA 空头排列；4H MACD 最近死叉；4H RSI 偏弱
1128,RIGL,RIGEL PHARMACEUTICALS,Health Care,Early,Russell,485,14.58,38.89,32.9,30.93,51.73,36.35,36.5,39.67,35.0,mixed_sideways,25.0,bearish_proxy,53.42,45.93,0.0,36,bearish_transition,42,mixed_or_bearish,39.16,44.48,1.46,-0.02988000,-0.05702773,0.04856205,0.14846372,,4H EMA 转弱或跌破 EMA26；4H MACD 尚未确认多头；4H RSI 偏弱
1129,CTGO,CONTANGO SILVER AND GOLD INC,Materials,Early,Russell,1352,14.54,24.91,25.9,81.96,51.73,36.35,36.5,29.11,15.0,bearish_transition,25.0,bearish_proxy,40.08,42.27,0.0,36,bearish_transition,42,mixed_or_bearish,37.96,18.219999,1.13,-0.03597889,-0.07979798,-0.07840167,0.08906151,,4H EMA 转弱或跌破 EMA26；4H MACD 尚未确认多头；4H RSI 偏弱
1130,AAMI,ACADIAN ASSET MANAGEMENT,Financials,Early,Russell,1065,14.52,25.74,32.9,61.19,51.73,40.67,41.3,31.57,15.0,bearish_transition,25.0,bearish_proxy,47.53,43.76,0.0,36,bearish_transition,50,mixed_or_bearish,43.31,89.260002,1.35,0.03706288,-0.03554836,-0.03980203,-0.02851540,4H MACD 柱体连续扩张,4H EMA 转弱或跌破 EMA26；4H MACD 尚未确认多头
1131,SPSC,SPS COMMERCE,Information Technology,Early,Russell,437,14.5,39.23,37.3,17.84,51.73,38.78,39.2,41.05,35.0,mixed_sideways,25.0,bearish_proxy,58.06,45.86,0.0,44,bearish_transition,28,fresh_bearish_cross,48.18,80.68,0.57,-0.02407159,0.03065919,0.05823717,0.08777137,4H RSI 位于健康强势区间,4H EMA 转弱或跌破 EMA26；4H MACD 最近死叉
1132,ERII,ENERGY RECOVERY,Industrials,Early,Russell,1461,14.5,24.55,32.9,63.81,51.73,32.03,31.7,28.06,15.0,bearish_transition,25.0,bearish_proxy,36.9,41.63,0.0,22,confirmed_bearish_trend,50,mixed_or_bearish,39.33,7.1,0.9,0.02615985,-0.03924222,-0.12776413,-0.22063666,4H MACD 柱体连续扩张,4H EMA 空头排列；4H MACD 尚未确认多头；4H RSI 偏弱
1133,FLOC,FLOWCO HOLDINGS CLASS A,Energy,Early,Russell,1462,14.47,24.55,32.9,63.66,51.73,34.19,34.1,28.06,15.0,bearish_transition,25.0,bearish_proxy,36.88,41.63,0.0,22,confirmed_bearish_trend,50,mixed_or_bearish,43.65,20.450001,0.74,0.00490912,-0.02988610,-0.12569466,0.00442043,4H MACD 柱体连续扩张,4H EMA 空头排列；4H MACD 尚未确认多头
1134,PRGO,PERRIGO PLC,Health Care,Early,Russell,479,14.46,38.92,32.9,30.0,51.73,40.67,41.3,39.75,35.0,mixed_sideways,25.0,bearish_proxy,53.67,45.98,0.0,36,bearish_transition,50,mixed_or_bearish,41.88,13.545,1.16,-0.01347414,-0.05609756,0.05655226,0.25532901,4H MACD 柱体连续扩张,4H EMA 转弱或跌破 EMA26；4H MACD 尚未确认多头
1135,VPG,VISHAY PRECISION GROUP,Information Technology,Early,Russell,1309,14.42,27.62,46.1,20.93,51.73,37.97,38.3,29.45,15.0,bearish_transition,49.8,bullish_below_zero_proxy,22.3,38.71,0.0,22,confirmed_bearish_trend,64,fresh_below_zero_cross,43.61,61.02,0.99,0.01606693,-0.03540939,-0.19952778,-0.39590141,4H MACD 刚金叉但仍需零轴确认,4H EMA 空头排列
1136,WD,WALKER & DUNLOP INC,Financials,Early,Russell,543,14.36,30.83,25.9,66.91,51.73,30.68,30.2,38.7,18.0,bearish_transition,51.15,bullish_below_zero_proxy,46.6,43.57,0.0,22,confirmed_bearish_trend,42,mixed_or_bearish,37.7,39.23,1.65,-0.00771468,-0.05149906,-0.03469486,-0.24354032,,4H EMA 空头排列；4H MACD 尚未确认多头；4H RSI 偏弱
1137,VAC,MARRIOTT VACATIONS WORLDWIDE,Consumer Discretionary,Early,Russell,1676,14.35,23.73,43.7,35.98,51.73,38.51,38.9,25.66,15.0,bearish_transition,25.0,bearish_proxy,29.61,40.17,0.0,22,confirmed_bearish_trend,66,bullish_above_signal,43.49,101.510002,0.91,0.00834413,0.00854446,-0.15054392,0.02805351,4H MACD 位于 Signal 上方；4H MACD 柱体连续扩张,4H EMA 空头排列
1138,WSBC,WESBANCO,Financials,Early,Russell,1295,14.33,25.05,22.3,89.79,51.73,26.9,26.0,29.54,15.0,bearish_transition,25.0,bearish_proxy,41.38,42.53,0.0,22,confirmed_bearish_trend,28,fresh_bearish_cross,36.05,39.540001,1.56,-0.01812761,-0.01298053,-0.06920902,-0.06546915,,4H EMA 空头排列；4H MACD 最近死叉；4H RSI 偏弱
1139,KNTK,KINETIK HOLDINGS CLASS A,Energy,Early,Russell,489,14.32,38.75,32.9,29.48,51.73,39.32,39.8,39.64,35.0,mixed_sideways,25.0,bearish_proxy,53.79,45.01,0.0,38,bearish_transition,42,mixed_or_bearish,44.81,53.830002,1.08,-0.00545031,-0.01356053,0.01604383,0.10647482,,4H EMA 转弱或跌破 EMA26；4H MACD 尚未确认多头
1140,CSV,CARRIAGE SERVICES INC,Consumer Discretionary,Early,Russell,830,14.32,29.82,36.7,93.51,51.73,34.19,34.1,35.91,15.0,bearish_transition,49.8,bullish_below_zero_proxy,41.88,42.63,0.0,22,confirmed_bearish_trend,58,bullish_above_signal,33.96,32.060001,0.65,-0.01277897,-0.00403846,-0.07661290,-0.20819957,4H MACD 位于 Signal 上方,4H EMA 空头排列；4H RSI 偏弱
1141,SMP,STANDARD MOTOR PRODUCTS INC,Consumer Discretionary,Early,Russell,1060,14.3,25.76,32.9,59.69,51.73,32.03,31.7,31.63,15.0,bearish_transition,25.0,bearish_proxy,47.7,43.79,0.0,22,confirmed_bearish_trend,42,mixed_or_bearish,41.95,37.529999,1.04,-0.00635428,-0.04284621,-0.03073352,-0.08730545,,4H EMA 空头排列；4H MACD 尚未确认多头
1142,CCS,CENTURY COMMUNITIES INC,Consumer Discretionary,Early,Russell,1544,14.27,24.25,36.7,52.89,51.73,36.35,36.5,27.2,15.0,bearish_transition,25.0,bearish_proxy,34.27,41.1,0.0,22,confirmed_bearish_trend,66,bullish_above_signal,34.99,60.865002,1.04,-0.01137005,-0.02122697,-0.13347090,-0.13482582,4H MACD 位于 Signal 上方；4H MACD 柱体连续扩张,4H EMA 空头排列；4H RSI 偏弱
1143,BBT,BEACON FINANCIAL,Financials,Early,Russell,1097,14.26,25.61,29.3,69.38,51.73,28.03,27.25,31.17,15.0,bearish_transition,25.0,bearish_proxy,46.32,43.51,0.0,22,confirmed_bearish_trend,28,fresh_bearish_cross,43.92,31.110001,2.67,-0.00575264,0.00128745,-0.04599816,-0.03008574,,4H EMA 空头排列；4H MACD 最近死叉
1144,FG,F&G ANNUITIES AND LIFE INC,Financials,Early,Russell,967,14.24,28.93,32.9,51.86,51.73,30.68,30.2,33.3,15.0,bearish_transition,49.8,bullish_below_zero_proxy,33.96,41.04,0.0,22,confirmed_bearish_trend,42,mixed_or_bearish,38.79,23.07,1.43,-0.02100577,-0.03513174,-0.12844727,-0.22270889,,4H EMA 空头排列；4H MACD 尚未确认多头；4H RSI 偏弱
1145,ACIW,ACI WORLDWIDE,Information Technology,Early,Russell,1095,14.21,25.61,29.3,69.02,51.73,28.25,27.5,31.18,15.0,bearish_transition,25.0,bearish_proxy,46.35,43.52,0.0,22,confirmed_bearish_trend,28,fresh_bearish_cross,43.65,51.580002,0.94,-0.00193495,-0.00731326,-0.01093001,-0.09809402,,4H EMA 空头排列；4H MACD 最近死叉
1146,KGS,KODIAK GAS SERVICES INC,Energy,Early,Russell,1480,14.17,24.5,32.9,61.75,51.73,35.0,35.0,27.94,15.0,bearish_transition,25.0,bearish_proxy,36.51,41.55,0.0,22,confirmed_bearish_trend,50,mixed_or_bearish,42.63,58.419998,1.31,0.03471483,-0.08775770,-0.11578632,-0.01848122,4H MACD 柱体连续扩张,4H EMA 空头排列；4H MACD 尚未确认多头
1147,AEO,AMERICAN EAGLE OUTFITTERS,Consumer Discretionary,Early,Russell,1055,14.12,25.78,32.9,58.45,51.73,31.31,30.9,31.68,15.0,bearish_transition,25.0,bearish_proxy,47.86,43.82,0.0,22,confirmed_bearish_trend,50,mixed_or_bearish,38.63,14.805,0.55,0.00748554,-0.12448255,-0.09504896,-0.18113938,4H MACD 柱体连续扩张,4H EMA 空头排列；4H MACD 尚未确认多头；4H RSI 偏弱
1148,EAT,BRINKER INTERNATIONAL INC,Consumer Discretionary,Early,Russell,1385,14.1,24.7,32.9,60.82,51.73,32.84,32.6,28.76,18.0,bearish_transition,25.0,bearish_proxy,36.29,41.51,0.0,22,confirmed_bearish_trend,50,mixed_or_bearish,39.82,210.509995,1.76,0.04161253,-0.02265660,-0.12976436,-0.03493334,4H MACD 柱体连续扩张,4H EMA 空头排列；4H MACD 尚未确认多头；4H RSI 偏弱
1149,UPWK,UPWORK,Industrials,Early,Russell,943,14.08,26.51,43.7,27.63,51.73,37.57,37.85,33.83,15.0,bearish_transition,25.0,bearish_proxy,54.37,45.12,0.0,25,confirmed_bearish_trend,58,bullish_above_signal,44.43,8.55,0.96,-0.01497696,0.03825137,0.04459377,-0.11646171,4H MACD 位于 Signal 上方,4H EMA 空头排列
1150,AVBP,ARRIVENT BIOPHARMA,Health Care,Early,Russell,1111,14.08,25.69,25.9,77.06,51.73,29.87,29.3,31.02,15.0,bearish_transition,25.0,bearish_proxy,45.4,44.33,0.0,22,confirmed_bearish_trend,42,mixed_or_bearish,34.71,27.65,0.82,-0.01285255,-0.07214762,-0.04457502,-0.12166455,,4H EMA 空头排列；4H MACD 尚未确认多头；4H RSI 偏弱
1151,TALO,TALOS ENERGY,Energy,Early,Russell,430,14.07,38.84,37.3,15.88,51.73,39.59,40.1,41.28,38.0,mixed_sideways,21.35,fresh_bearish_cross_proxy,58.8,46.01,0.0,44,bearish_transition,28,fresh_bearish_cross,50.26,17.42,1.28,-0.05633798,-0.00684156,0.06122443,0.22159888,4H RSI 位于健康强势区间,4H EMA 转弱或跌破 EMA26；4H MACD 最近死叉
1152,HMN,HORACE MANN EDUCATORS CORP,Financials,Early,Russell,1053,14.07,25.79,32.9,58.09,51.73,35.0,35.0,31.71,15.0,bearish_transition,25.0,bearish_proxy,47.94,43.84,0.0,22,confirmed_bearish_trend,50,mixed_or_bearish,40.79,49.349998,1.44,0.00223387,-0.00202231,-0.03688532,-0.05023097,4H MACD 柱体连续扩张,4H EMA 空头排列；4H MACD 尚未确认多头
1153,ADMA,ADMA BIOLOGICS,Health Care,Early,Russell,1109,14.05,25.69,25.9,76.8,51.73,32.84,32.6,31.02,15.0,bearish_transition,25.0,bearish_proxy,45.41,44.33,0.0,22,confirmed_bearish_trend,50,mixed_or_bearish,37.37,8.9,1.45,0.02005731,-0.05869910,-0.04710921,0.00000000,4H MACD 柱体连续扩张,4H EMA 空头排列；4H MACD 尚未确认多头；4H RSI 偏弱
1154,ALTG,ALTA EQUIPMENT GROUP INC CLASS A,Industrials,Early,Russell,1686,14.02,23.65,43.7,33.92,51.73,36.35,36.5,25.42,15.0,bearish_transition,25.0,bearish_proxy,28.88,40.03,0.0,22,confirmed_bearish_trend,58,bullish_above_signal,43.52,5.82,0.84,0.00605013,-0.02020202,-0.16857143,-0.22192513,4H MACD 位于 Signal 上方,4H EMA 空头排列
1155,GOOD,GLADSTONE COMMERCIAL REIT CORP,Real Estate,Early,Russell,1132,14.02,25.5,25.9,77.06,51.73,30.68,30.2,30.87,15.0,bearish_transition,25.0,bearish_proxy,45.4,43.33,0.0,22,confirmed_bearish_trend,42,mixed_or_bearish,36.04,12.67,1.55,-0.00588466,-0.01554002,-0.02355942,0.00755467,,4H EMA 空头排列；4H MACD 尚未确认多头；4H RSI 偏弱
1156,DGICA,DONEGAL GROUP INC CLASS A,Financials,Early,Russell,534,13.99,38.0,29.3,38.66,51.73,36.94,37.15,38.8,38.0,mixed_sideways,21.35,fresh_bearish_cross_proxy,51.28,44.51,0.0,44,bearish_transition,28,fresh_bearish_cross,44.17,19.0,2.94,-0.01579902,-0.00105152,0.02869524,-0.02313630,,4H EMA 转弱或跌破 EMA26；4H MACD 最近死叉
1157,ANAB,ANAPTYSBIO,Health Care,Early,Russell,1478,13.97,24.65,32.9,60.1,51.73,32.03,31.7,27.95,15.0,bearish_transition,25.0,bearish_proxy,36.11,42.47,0.0,22,confirmed_bearish_trend,42,mixed_or_bearish,42.38,54.310001,0.95,-0.00631229,-0.02513010,-0.09135016,-0.01433751,,4H EMA 空头排列；4H MACD 尚未确认多头
1158,NIC,NICOLET BANKSHARES INC,Financials,Early,Russell,1315,13.97,25.01,22.3,87.47,51.73,26.9,26.0,29.41,15.0,bearish_transition,25.0,bearish_proxy,40.97,42.44,0.0,22,confirmed_bearish_trend,28,fresh_bearish_cross,36.14,167.470001,1.09,-0.02072916,-0.01755804,-0.05952718,-0.04406645,,4H EMA 空头排列；4H MACD 最近死叉；4H RSI 偏弱
1159,AOSL,ALPHA AND OMEGA SEMICONDUCTOR,Information Technology,Early,Russell,1238,13.96,27.83,43.7,23.81,51.73,37.16,37.4,30.06,15.0,bearish_transition,49.8,bullish_below_zero_proxy,24.16,39.08,0.0,22,confirmed_bearish_trend,58,bullish_above_signal,43.59,24.700001,1.36,0.01667014,-0.03099251,-0.20502089,-0.26879805,4H MACD 位于 Signal 上方,4H EMA 空头排列
1160,CRAI,CRA INTERNATIONAL INC,Industrials,Early,Russell,1051,13.91,25.8,32.9,57.01,51.73,35.0,35.0,31.74,15.0,bearish_transition,25.0,bearish_proxy,48.03,43.86,0.0,22,confirmed_bearish_trend,50,mixed_or_bearish,41.25,164.369995,1.23,0.00336344,-0.00733769,0.00130971,-0.08916110,4H MACD 柱体连续扩张,4H EMA 空头排列；4H MACD 尚未确认多头
1161,TCBI,TEXAS CAPITAL BANCSHARES,Financials,Early,Russell,1221,13.9,24.65,22.3,87.89,51.73,26.9,26.0,30.13,18.0,bearish_transition,20.0,fresh_bearish_cross_proxy,44.21,43.09,0.0,22,confirmed_bearish_trend,28,fresh_bearish_cross,36.3,95.330002,2.14,-0.02155392,-0.02305800,-0.05697887,-0.06097316,,4H EMA 空头排列；4H MACD 最近死叉；4H RSI 偏弱
1162,SION,SIONNA THERAPEUTICS,Health Care,Early,Russell,383,13.86,32.89,43.7,11.34,51.73,37.16,37.4,44.33,18.0,bearish_transition,51.15,bullish_below_zero_proxy,63.2,47.89,0.0,22,confirmed_bearish_trend,58,bullish_above_signal,40.95,7.04,2.03,-0.00914849,-0.06070714,0.19120135,-0.85903083,4H MACD 位于 Signal 上方,4H EMA 空头排列
1163,FLYX,FLYEXCLUSIVE INC CLASS A,Industrials,Early,Russell,415,13.82,31.91,65.2,22.68,51.73,52.46,54.4,41.87,18.0,bearish_transition,51.15,bullish_below_zero_proxy,56.19,45.49,0.0,53,mixed_sideways,66,bullish_above_signal,57.83,1.2295,2.62,0.09288889,0.07850877,0.06913043,-0.04689922,4H MACD 位于 Signal 上方；4H MACD 柱体连续扩张；4H RSI 位于健康强势区间,4H EMA 仍偏震荡
1164,NEXN,NEXXEN INTERNATIONAL LTD,Communication,Early,Russell,1568,13.81,24.17,36.7,50.0,51.73,34.19,34.1,26.95,15.0,bearish_transition,25.0,bearish_proxy,33.53,40.96,0.0,22,confirmed_bearish_trend,58,bullish_above_signal,37.0,9.14,1.02,-0.00109290,-0.00327154,-0.13282732,-0.12786260,4H MACD 位于 Signal 上方,4H EMA 空头排列；4H RSI 偏弱
1165,BLX,BLADEX INC CLASS E,Financials,Early,Russell,638,13.79,30.39,25.9,64.12,51.73,30.68,30.2,37.59,15.0,bearish_transition,49.8,bullish_below_zero_proxy,46.99,43.65,0.0,22,confirmed_bearish_trend,42,mixed_or_bearish,34.2,53.68,1.71,-0.00977678,-0.03087198,-0.02541761,-0.09216981,,4H EMA 空头排列；4H MACD 尚未确认多头；4H RSI 偏弱
1166,AI,C3 AI CLASS A,Information Technology,Early,Russell,459,13.77,38.44,37.3,14.85,51.73,38.78,39.2,40.28,35.0,mixed_sideways,20.0,fresh_bearish_cross_proxy,59.54,46.16,0.0,44,bearish_transition,28,fresh_bearish_cross,49.81,10.55,0.77,-0.03389163,0.01539942,0.08818979,0.05184447,4H RSI 位于健康强势区间,4H EMA 转弱或跌破 EMA26；4H MACD 最近死叉
1167,CYTK,CYTOKINETICS,Health Care,Early,Russell,1370,13.75,24.98,25.9,76.49,51.73,29.87,29.3,28.93,15.0,bearish_transition,25.0,bearish_proxy,39.06,43.06,0.0,22,confirmed_bearish_trend,42,mixed_or_bearish,36.76,69.389999,1.05,0.01011717,-0.06318349,-0.08540930,-0.11706321,,4H EMA 空头排列；4H MACD 尚未确认多头；4H RSI 偏弱
1168,TREE,LENDINGTREE,Financials,Early,Russell,1016,13.74,28.55,36.7,39.28,51.73,34.19,34.1,32.18,15.0,bearish_transition,49.8,bullish_below_zero_proxy,30.59,40.37,0.0,22,confirmed_bearish_trend,58,bullish_above_signal,37.14,26.58,1.02,-0.00037608,0.00150712,-0.15106992,-0.21302743,4H MACD 位于 Signal 上方,4H EMA 空头排列；4H RSI 偏弱
1169,ABX,ABACUS GLOBAL MANAGEMENT INC CLASS,Financials,Early,Russell,1180,13.74,24.84,32.9,58.09,51.73,32.84,32.6,30.46,15.0,bearish_transition,20.0,fresh_bearish_cross_proxy,47.94,43.84,0.0,22,confirmed_bearish_trend,42,mixed_or_bearish,41.49,9.215,1.14,-0.01020408,-0.04209979,0.01097093,-0.15147330,,4H EMA 空头排列；4H MACD 尚未确认多头
1170,NVCT,NUVECTIS PHARMA INC,Health Care,Early,Russell,457,13.73,39.12,32.9,24.69,51.73,37.7,38.0,40.33,35.0,mixed_sideways,25.0,bearish_proxy,55.43,46.34,0.0,36,bearish_transition,42,mixed_or_bearish,40.03,21.870001,0.92,-0.01796134,-0.03528888,0.14622647,0.09077317,,4H EMA 转弱或跌破 EMA26；4H MACD 尚未确认多头
1171,GCMG,GCM GROSVENOR CLASS A,Financials,Early,Russell,1281,13.73,25.01,25.9,76.29,51.73,32.84,32.6,29.66,18.0,bearish_transition,25.0,bearish_proxy,39.02,42.05,0.0,22,confirmed_bearish_trend,50,mixed_or_bearish,36.6,12.68,1.79,0.01358913,-0.01705426,-0.07309942,-0.06282336,4H MACD 柱体连续扩张,4H EMA 空头排列；4H MACD 尚未确认多头；4H RSI 偏弱
1172,SUPN,SUPERNUS PHARMACEUTICALS,Health Care,Early,Russell,1506,13.72,24.61,39.1,41.96,51.73,36.62,36.8,27.68,18.0,bearish_transition,26.35,bearish_proxy,31.52,41.55,0.0,22,confirmed_bearish_trend,64,fresh_below_zero_cross,36.26,41.380001,1.93,0.00914523,-0.01616738,-0.14300505,-0.04367920,4H MACD 刚金叉但仍需零轴确认,4H EMA 空头排列；4H RSI 偏弱
1173,EPSN,EPSILON ENERGY LTD,Energy,Early,Russell,472,13.71,38.39,32.9,26.29,51.73,37.16,37.4,39.94,38.0,mixed_sideways,21.35,fresh_bearish_cross_proxy,54.74,45.2,0.0,38,bearish_transition,42,mixed_or_bearish,38.23,5.9,1.99,-0.05448718,-0.05296950,0.04609929,0.05169340,,4H EMA 转弱或跌破 EMA26；4H MACD 尚未确认多头；4H RSI 偏弱
1174,ACRS,ACLARIS THERAPEUTICS,Health Care,Early,Russell,1396,13.71,24.8,32.9,57.94,51.73,29.64,29.05,28.66,18.0,bearish_transition,25.0,bearish_proxy,35.51,42.35,0.0,22,confirmed_bearish_trend,42,mixed_or_bearish,38.24,5.32,3.96,-0.03623188,-0.04316547,-0.10059172,-0.10887772,,4H EMA 空头排列；4H MACD 尚未确认多头；4H RSI 偏弱
1175,SPIR,SPIRE GLOBAL CLASS A,Industrials,Early,Russell,1701,13.67,23.55,43.7,31.8,51.73,36.35,36.5,25.15,15.0,bearish_transition,25.0,bearish_proxy,28.07,39.86,0.0,22,confirmed_bearish_trend,66,bullish_above_signal,39.04,11.51,0.93,-0.00432526,0.00174064,-0.16229985,-0.14487370,4H MACD 位于 Signal 上方；4H MACD 柱体连续扩张,4H EMA 空头排列；4H RSI 偏弱
1176,PSMT,PRICESMART,Consumer Staples,Early,Russell,1374,13.64,24.97,25.9,75.77,51.73,29.87,29.3,28.9,15.0,bearish_transition,25.0,bearish_proxy,38.98,43.05,0.0,22,confirmed_bearish_trend,42,mixed_or_bearish,36.29,167.0,1.0,-0.01136632,-0.02098723,-0.07284030,-0.13681708,,4H EMA 空头排列；4H MACD 尚未确认多头；4H RSI 偏弱
1177,ZYME,ZYMEWORKS,Health Care,Early,Russell,454,13.61,39.16,32.9,23.81,51.73,40.67,41.3,40.45,35.0,mixed_sideways,25.0,bearish_proxy,55.79,46.41,0.0,36,bearish_transition,50,mixed_or_bearish,40.27,26.24,2.05,0.01137021,-0.03422893,0.03592578,0.15087724,4H MACD 柱体连续扩张,4H EMA 转弱或跌破 EMA26；4H MACD 尚未确认多头
1178,RSI,RUSH STREET INTERACTIVE CLASS A,Consumer Discretionary,Early,Russell,542,13.6,30.77,32.9,43.3,51.73,32.03,31.7,38.7,15.0,bearish_transition,49.8,bullish_below_zero_proxy,50.34,44.32,0.0,22,confirmed_bearish_trend,42,mixed_or_bearish,43.1,25.9,0.84,-0.01031716,-0.03068859,0.01768169,-0.08770691,,4H EMA 空头排列；4H MACD 尚未确认多头
1179,NPKI,NPK INTERNATIONAL,Industrials,Early,Russell,1511,13.59,24.4,32.9,58.14,51.73,32.84,32.6,27.62,15.0,bearish_transition,25.0,bearish_proxy,35.55,41.36,0.0,22,confirmed_bearish_trend,50,mixed_or_bearish,39.95,12.93,1.19,0.00310318,-0.04151223,-0.09643606,-0.04856512,4H MACD 柱体连续扩张,4H EMA 空头排列；4H MACD 尚未确认多头；4H RSI 偏弱
1180,EBMT,EAGLE BANCORP MONTANA INC,Financials,Early,Russell,1553,13.58,23.71,29.3,69.28,51.73,26.09,25.1,27.13,15.0,bearish_transition,20.0,fresh_bearish_cross_proxy,37.86,41.82,0.0,22,confirmed_bearish_trend,28,fresh_bearish_cross,38.06,21.940001,0.81,-0.02228164,-0.02358692,-0.05836902,-0.07834484,,4H EMA 空头排列；4H MACD 最近死叉；4H RSI 偏弱
1181,GNW,GENWORTH FINANCIAL INC,Financials,Early,Russell,467,13.56,38.45,32.9,25.15,51.73,38.51,38.9,40.12,38.0,mixed_sideways,21.35,fresh_bearish_cross_proxy,55.3,45.31,0.0,36,bearish_transition,42,mixed_or_bearish,44.87,10.095,1.93,0.01969697,-0.03857143,0.00000000,0.02957675,,4H EMA 转弱或跌破 EMA26；4H MACD 尚未确认多头
1182,AMSC,AMERICAN SUPERCONDUCTOR CORP,Industrials,Early,Russell,982,13.55,28.8,32.9,47.58,51.73,35.0,35.0,32.93,15.0,bearish_transition,49.8,bullish_below_zero_proxy,32.85,40.82,0.0,22,confirmed_bearish_trend,50,mixed_or_bearish,40.64,27.809999,1.23,0.00324675,-0.05117707,-0.13418431,-0.16885588,4H MACD 柱体连续扩张,4H EMA 空头排列；4H MACD 尚未确认多头
1183,NBR,NABORS INDUSTRIES,Energy,Early,Russell,1518,13.39,24.36,32.9,56.91,51.73,36.35,36.5,27.51,15.0,bearish_transition,25.0,bearish_proxy,35.21,41.29,0.0,36,bearish_transition,42,mixed_or_bearish,39.46,85.639999,1.2,-0.04270065,-0.05359707,-0.11396203,0.02501491,,4H EMA 转弱或跌破 EMA26；4H MACD 尚未确认多头；4H RSI 偏弱
1184,VERX,VERTEX CLASS A,Information Technology,Early,Russell,1034,13.37,25.86,32.9,53.25,51.73,34.06,33.95,31.91,15.0,bearish_transition,25.0,bearish_proxy,48.55,43.96,0.0,25,confirmed_bearish_trend,42,mixed_or_bearish,42.31,12.58,1.29,-0.02593883,0.01779935,0.00801282,0.01574485,,4H EMA 空头排列；4H MACD 尚未确认多头
1185,SSRM,SSR MINING,Materials,Early,Russell,417,13.36,39.54,32.9,21.29,51.73,40.67,41.3,41.78,38.0,mixed_sideways,26.35,bearish_proxy,56.52,45.55,0.0,36,bearish_transition,50,mixed_or_bearish,42.81,35.220001,2.04,0.01061702,-0.06329780,0.07443569,0.32455814,4H MACD 柱体连续扩张,4H EMA 转弱或跌破 EMA26；4H MACD 尚未确认多头
1186,DUOT,DUOS TECHNOLOGIES GROUP INC,Information Technology,Early,Russell,1756,13.33,23.14,46.1,24.12,51.73,37.97,38.3,23.94,15.0,bearish_transition,25.0,bearish_proxy,24.4,39.13,0.0,22,confirmed_bearish_trend,72,fresh_below_zero_cross,39.86,8.3,0.74,0.02091021,-0.05574516,-0.19182084,-0.09487459,4H MACD 刚金叉但仍需零轴确认；4H MACD 柱体连续扩张,4H EMA 空头排列；4H RSI 偏弱
1187,INTT,INTEST CORP,Information Technology,Early,Russell,1474,13.32,27.13,46.1,14.74,51.73,37.97,38.3,28.0,15.0,bearish_transition,49.8,bullish_below_zero_proxy,17.93,37.84,0.0,22,confirmed_bearish_trend,64,fresh_below_zero_cross,41.76,10.77,0.94,0.01155255,-0.07948718,-0.23535676,-0.25156359,4H MACD 刚金叉但仍需零轴确认,4H EMA 空头排列
1188,PPTA,PERPETUA RESOURCES,Materials,Early,Russell,1305,13.27,24.95,25.9,73.4,51.73,38.51,38.9,29.48,18.0,bearish_transition,25.0,bearish_proxy,38.47,41.94,0.0,36,bearish_transition,50,mixed_or_bearish,34.37,22.51,1.49,0.00738425,-0.09123940,-0.07689153,0.08743956,4H MACD 柱体连续扩张,4H EMA 转弱或跌破 EMA26；4H MACD 尚未确认多头；4H RSI 偏弱
1189,RGR,STURM RUGER,Consumer Discretionary,Early,Russell,1029,13.25,25.88,32.9,52.42,51.73,32.03,31.7,31.97,15.0,bearish_transition,25.0,bearish_proxy,48.74,44.0,0.0,22,confirmed_bearish_trend,42,mixed_or_bearish,42.43,37.09,0.91,0.00080947,-0.02842172,-0.00855386,-0.05237606,,4H EMA 空头排列；4H MACD 尚未确认多头
1190,ARDT,ARDENT HEALTH INC,Health Care,Early,Russell,1054,13.24,25.92,29.3,61.86,51.73,34.73,34.7,31.69,15.0,bearish_transition,25.0,bearish_proxy,47.43,44.74,0.0,36,bearish_transition,28,fresh_bearish_cross,43.58,10.72,1.32,-0.00556586,-0.03770197,-0.01651376,-0.00464253,,4H EMA 转弱或跌破 EMA26；4H MACD 最近死叉
1191,BKH,BLACK HILLS CORP,Utilities,Early,Russell,1089,13.22,25.77,25.9,71.13,51.73,32.84,32.6,31.26,15.0,bearish_transition,25.0,bearish_proxy,46.12,44.47,0.0,22,confirmed_bearish_trend,50,mixed_or_bearish,36.7,70.5,1.06,0.00901670,-0.03185938,-0.03950956,-0.02435652,4H MACD 柱体连续扩张,4H EMA 空头排列；4H MACD 尚未确认多头；4H RSI 偏弱
1192,KWR,QUAKER HOUGHTON CORP,Materials,Early,Russell,1404,13.21,24.72,25.9,73.51,51.73,32.03,31.7,28.58,15.0,bearish_transition,25.0,bearish_proxy,38.48,41.95,0.0,22,confirmed_bearish_trend,50,mixed_or_bearish,37.15,154.184998,0.7,0.00243807,-0.00794621,-0.09313613,-0.10932357,4H MACD 柱体连续扩张,4H EMA 空头排列；4H MACD 尚未确认多头；4H RSI 偏弱
1193,SLG,SL GREEN REALTY REIT CORP,Real Estate,Early,Russell,1308,13.2,24.94,25.9,72.89,51.73,32.84,32.6,29.46,18.0,bearish_transition,25.0,bearish_proxy,38.41,41.93,0.0,22,confirmed_bearish_trend,50,mixed_or_bearish,36.04,51.759998,1.99,-0.01164791,-0.01296722,-0.07752634,-0.07256769,4H MACD 柱体连续扩张,4H EMA 空头排列；4H MACD 尚未确认多头；4H RSI 偏弱
1194,PAYS,PAYSIGN INC,Financials,Early,Russell,948,13.17,36.8,25.9,45.05,51.73,36.35,36.5,33.76,38.0,mixed_sideways,26.35,bearish_proxy,32.22,40.69,0.0,36,bearish_transition,42,mixed_or_bearish,34.37,11.82,1.76,-0.03980504,-0.09146810,-0.09076923,0.27521847,,4H EMA 转弱或跌破 EMA26；4H MACD 尚未确认多头；4H RSI 偏弱
1195,PTGX,PROTAGONIST THERAPEUTICS,Health Care,Early,Russell,1446,13.17,24.74,29.3,64.12,51.73,32.57,32.3,28.23,15.0,bearish_transition,25.0,bearish_proxy,36.94,42.64,0.0,36,bearish_transition,28,fresh_bearish_cross,39.01,142.839996,1.26,-0.00387048,-0.01442073,-0.09973843,0.05106698,,4H EMA 转弱或跌破 EMA26；4H MACD 最近死叉；4H RSI 偏弱
1196,NKTX,NKARTA,Health Care,Early,Russell,231,13.14,46.84,54.4,12.06,51.73,48.52,48.35,51.67,35.0,mixed_sideways,61.8,bullish_above_signal_proxy,61.93,47.64,0.0,55,mixed_sideways,42,mixed_or_bearish,52.18,2.87,0.79,-0.00173913,-0.01034483,0.17382413,0.27272727,4H RSI 位于健康强势区间,4H EMA 仍偏震荡；4H MACD 尚未确认多头
1197,INGN,INOGEN,Health Care,Early,Russell,727,13.07,30.32,36.7,84.02,51.73,33.97,33.85,36.81,18.0,bearish_transition,51.15,bullish_below_zero_proxy,40.42,43.33,0.0,22,confirmed_bearish_trend,58,bullish_above_signal,32.6,5.13,2.69,-0.01818182,-0.02564103,-0.10314685,-0.25920578,4H MACD 位于 Signal 上方,4H EMA 空头排列；4H RSI 偏弱
1198,HNRG,HALLADOR ENERGY,Utilities,Early,Russell,1257,13.06,25.36,25.9,71.03,51.73,32.84,32.6,29.88,18.0,bearish_transition,26.35,bearish_proxy,38.19,42.89,0.0,22,confirmed_bearish_trend,50,mixed_or_bearish,37.68,14.69,1.9,0.04480797,-0.11131282,-0.09348966,-0.02843915,4H MACD 柱体连续扩张,4H EMA 空头排列；4H MACD 尚未确认多头；4H RSI 偏弱
1199,DIOD,DIODES,Information Technology,Early,Russell,1062,13.04,28.35,37.3,33.51,51.73,29.06,28.4,31.6,15.0,bearish_transition,49.8,bullish_below_zero_proxy,28.82,40.01,0.0,22,confirmed_bearish_trend,28,fresh_bearish_cross,45.61,89.43,1.07,0.00868482,-0.00721583,-0.16863438,0.01245328,,4H EMA 空头排列；4H MACD 最近死叉
1200,USAU,US GOLD CORP,Materials,Early,Russell,964,13.03,26.41,32.9,49.69,51.73,40.67,41.3,33.34,18.0,bearish_transition,26.35,bearish_proxy,49.13,44.08,0.0,36,bearish_transition,50,mixed_or_bearish,42.19,15.01,2.22,0.03019904,-0.04698413,0.00907563,0.04308548,4H MACD 柱体连续扩张,4H EMA 转弱或跌破 EMA26；4H MACD 尚未确认多头
1201,NMAX,NEWSMAX CLASS B,Communication,Early,Russell,493,13.02,38.73,29.3,30.52,51.73,36.76,36.95,39.57,35.0,mixed_sideways,25.0,bearish_proxy,53.59,44.97,0.0,41,bearish_transition,28,fresh_bearish_cross,42.93,10.44,1.07,-0.06409682,-0.01787394,0.00869565,0.24880383,,4H EMA 转弱或跌破 EMA26；4H MACD 最近死叉
1202,CWST,CASELLA WASTE SYSTEMS CLASS A,Industrials,Early,Russell,1022,12.93,25.92,32.9,50.15,51.73,32.84,32.6,32.08,15.0,bearish_transition,25.0,bearish_proxy,49.06,44.06,0.0,22,confirmed_bearish_trend,42,mixed_or_bearish,43.75,90.059998,1.27,-0.01471474,-0.01249999,0.00851058,-0.01552257,,4H EMA 空头排列；4H MACD 尚未确认多头
1203,WS,WORTHINGTON STEEL INC,Materials,Early,Russell,1540,12.9,24.27,32.9,53.81,51.73,34.19,34.1,27.26,15.0,bearish_transition,25.0,bearish_proxy,34.46,41.14,0.0,22,confirmed_bearish_trend,50,mixed_or_bearish,42.72,33.330002,0.99,0.02711867,-0.03419287,-0.11965132,-0.12058047,4H MACD 柱体连续扩张,4H EMA 空头排列；4H MACD 尚未确认多头
1204,UTL,UNITIL CORP,Utilities,Early,Russell,1009,12.9,26.03,25.9,68.35,51.73,32.84,32.6,32.25,18.0,bearish_transition,25.0,bearish_proxy,46.41,44.53,0.0,22,confirmed_bearish_trend,50,mixed_or_bearish,37.0,52.349998,1.4,-0.00104954,-0.02658983,-0.03163158,-0.02295640,4H MACD 柱体连续扩张,4H EMA 空头排列；4H MACD 尚未确认多头；4H RSI 偏弱
1205,VHI,VALHI INC,Materials,Early,Russell,536,12.89,38.45,25.9,39.33,51.73,37.16,37.4,38.77,35.0,mixed_sideways,25.0,bearish_proxy,51.16,44.48,0.0,38,bearish_transition,42,mixed_or_bearish,34.6,16.540001,1.06,-0.06711782,-0.11503477,0.01872389,0.21172168,,4H EMA 转弱或跌破 EMA26；4H MACD 尚未确认多头；4H RSI 偏弱
1206,LBRT,LIBERTY ENERGY CLASS A,Energy,Early,Russell,992,12.87,28.7,32.9,43.3,51.73,29.87,29.3,32.63,15.0,bearish_transition,49.8,bullish_below_zero_proxy,31.94,40.64,0.0,22,confirmed_bearish_trend,42,mixed_or_bearish,39.92,19.280001,0.92,-0.00618552,-0.12681155,-0.13309348,-0.02626253,,4H EMA 空头排列；4H MACD 尚未确认多头；4H RSI 偏弱
1207,GPRO,GOPRO INC CLASS A,Consumer Discretionary,Early,Russell,50,12.84,50.94,54.4,0.52,51.73,51.3,47.55,64.09,35.0,mixed_sideways,61.8,bullish_above_signal_proxy,100.0,54.25,0.0,55,mixed_sideways,42,mixed_or_bearish,51.29,1.27,0.11,-0.00781250,-0.10557081,1.05269113,0.65515444,4H RSI 位于健康强势区间,4H EMA 仍偏震荡；4H MACD 尚未确认多头
1208,BWB,BRIDGEWATER BANCSHARES INC,Financials,Early,Russell,1423,12.77,24.68,25.9,70.67,51.73,30.68,30.2,28.45,15.0,bearish_transition,25.0,bearish_proxy,38.07,41.86,0.0,22,confirmed_bearish_trend,42,mixed_or_bearish,35.28,20.870001,2.38,-0.01649378,-0.01926692,-0.06580121,-0.00300960,,4H EMA 空头排列；4H MACD 尚未确认多头；4H RSI 偏弱
1209,BOH,BANK OF HAWAII,Financials,Early,Russell,1494,12.7,23.95,22.3,81.49,51.73,26.9,26.0,27.84,15.0,bearish_transition,20.0,fresh_bearish_cross_proxy,40.02,42.25,0.0,22,confirmed_bearish_trend,28,fresh_bearish_cross,35.65,74.894997,2.15,-0.00722435,-0.00656588,-0.06193636,-0.07411302,,4H EMA 空头排列；4H MACD 最近死叉；4H RSI 偏弱
1210,LGIH,LGI HOMES,Consumer Discretionary,Early,Russell,1670,12.62,23.75,39.1,36.6,51.73,35.81,35.9,25.73,15.0,bearish_transition,25.0,bearish_proxy,29.84,40.22,0.0,22,confirmed_bearish_trend,64,fresh_below_zero_cross,34.35,49.029999,0.87,-0.02689291,-0.06090787,-0.16273910,-0.20237517,4H MACD 刚金叉但仍需零轴确认,4H EMA 空头排列；4H RSI 偏弱
1211,CRMD,CORMEDIX,Health Care,Early,Russell,1001,12.62,26.16,32.9,47.53,51.73,32.03,31.7,32.4,15.0,bearish_transition,25.0,bearish_proxy,49.59,45.17,0.0,22,confirmed_bearish_trend,50,mixed_or_bearish,38.62,7.82,0.73,0.00449583,-0.03753846,0.01822917,0.03920266,4H MACD 柱体连续扩张,4H EMA 空头排列；4H MACD 尚未确认多头；4H RSI 偏弱
1212,RICK,RCI HOSPITALITY HOLDINGS INC,Consumer Discretionary,Early,Russell,1496,12.49,24.46,29.3,60.26,51.73,32.57,32.3,27.82,15.0,bearish_transition,25.0,bearish_proxy,36.15,41.48,0.0,36,bearish_transition,28,fresh_bearish_cross,39.54,27.950001,1.11,-0.03186699,-0.02204335,-0.10157505,0.09909560,,4H EMA 转弱或跌破 EMA26；4H MACD 最近死叉；4H RSI 偏弱
1213,MNTK,MONTAUK RENEWABLES INC,Utilities,Early,Russell,176,12.47,48.21,54.4,4.43,51.73,47.8,47.55,55.67,35.0,mixed_sideways,61.8,bullish_above_signal_proxy,74.04,50.06,0.0,55,mixed_sideways,42,mixed_or_bearish,50.62,2.25,0.39,-0.04255319,-0.08536585,0.20000000,0.31195335,4H RSI 位于健康强势区间,4H EMA 仍偏震荡；4H MACD 尚未确认多头
1214,NGNE,NEUROGENE,Health Care,Early,Russell,1552,12.45,24.37,32.9,50.62,51.73,32.84,32.6,27.14,15.0,bearish_transition,25.0,bearish_proxy,33.63,41.98,0.0,22,confirmed_bearish_trend,50,mixed_or_bearish,39.59,34.669998,1.45,0.01611955,-0.08522438,-0.05337889,0.01167196,4H MACD 柱体连续扩张,4H EMA 空头排列；4H MACD 尚未确认多头；4H RSI 偏弱
1215,WSBF,WATERSTONE FINANCIAL INC,Financials,Early,Russell,512,12.39,38.58,25.9,35.67,51.73,36.35,36.5,39.14,35.0,mixed_sideways,25.0,bearish_proxy,52.28,44.71,0.0,38,bearish_transition,42,mixed_or_bearish,37.64,20.809999,1.04,-0.01374412,-0.02116656,-0.01654069,-0.00644550,,4H EMA 转弱或跌破 EMA26；4H MACD 尚未确认多头；4H RSI 偏弱
1216,UPBD,UPBOUND GROUP,Consumer Discretionary,Early,Russell,1433,12.34,24.63,25.9,67.94,51.73,29.87,29.3,28.31,15.0,bearish_transition,25.0,bearish_proxy,37.65,41.78,0.0,22,confirmed_bearish_trend,42,mixed_or_bearish,37.34,17.780001,0.97,-0.00836581,-0.01767950,-0.08397728,-0.13373929,,4H EMA 空头排列；4H MACD 尚未确认多头；4H RSI 偏弱
1217,RMR,RMR GROUP CLASS A,Real Estate,Early,Russell,1432,12.33,24.63,25.9,67.84,51.73,30.68,30.2,28.31,15.0,bearish_transition,25.0,bearish_proxy,37.64,41.78,0.0,22,confirmed_bearish_trend,42,mixed_or_bearish,36.87,18.92,1.29,-0.00760561,-0.01968907,-0.07163882,-0.00316122,,4H EMA 空头排列；4H MACD 尚未确认多头；4H RSI 偏弱
1218,VC,VISTEON,Consumer Discretionary,Early,Russell,1306,12.3,25.09,25.9,66.55,51.73,30.68,30.2,29.48,18.0,bearish_transition,26.35,bearish_proxy,37.45,41.74,0.0,22,confirmed_bearish_trend,42,mixed_or_bearish,36.85,97.470001,2.42,-0.01015538,-0.02177838,-0.09603521,-0.07497392,,4H EMA 空头排列；4H MACD 尚未确认多头；4H RSI 偏弱
1219,ONDS,ONDAS INC,Information Technology,Early,Russell,1762,12.27,23.09,43.7,23.61,51.73,34.19,34.1,23.78,15.0,bearish_transition,25.0,bearish_proxy,23.92,39.03,0.0,22,confirmed_bearish_trend,58,bullish_above_signal,39.31,7.2,0.97,-0.01974132,-0.01302262,-0.20000000,-0.18644068,4H MACD 位于 Signal 上方,4H EMA 空头排列；4H RSI 偏弱
1220,BRT,BRT APARTMENTS CORP,Real Estate,Early,Russell,1007,12.25,25.91,25.9,64.33,51.73,30.68,30.2,32.29,18.0,bearish_transition,25.0,bearish_proxy,46.97,43.64,0.0,22,confirmed_bearish_trend,42,mixed_or_bearish,37.2,13.975,2.36,-0.01110954,-0.01376147,-0.03487569,-0.01998597,,4H EMA 空头排列；4H MACD 尚未确认多头；4H RSI 偏弱
1221,SNFCA,SECURITY NATIONAL FINANCIAL CORP C,Financials,Early,Russell,546,12.24,30.76,29.3,43.87,51.73,29.06,28.4,38.65,15.0,bearish_transition,49.8,bullish_below_zero_proxy,50.19,44.29,0.0,22,confirmed_bearish_trend,28,fresh_bearish_cross,41.77,8.67,1.19,-0.01365188,-0.00459242,0.00580046,-0.10710608,,4H EMA 空头排列；4H MACD 最近死叉
1222,ASUR,ASURE SOFTWARE INC,Industrials,Early,Russell,1003,12.23,26.02,32.9,45.31,51.73,40.67,41.3,32.37,15.0,bearish_transition,25.0,bearish_proxy,49.93,44.24,0.0,36,bearish_transition,50,mixed_or_bearish,41.33,8.44,1.59,0.00118624,0.01320528,0.01809409,-0.04308390,4H MACD 柱体连续扩张,4H EMA 转弱或跌破 EMA26；4H MACD 尚未确认多头
1223,XRAY,DENTSPLY SIRONA,Health Care,Early,Russell,1291,12.18,25.26,25.9,65.36,51.73,32.84,32.6,29.57,18.0,bearish_transition,26.35,bearish_proxy,37.25,42.7,0.0,22,confirmed_bearish_trend,50,mixed_or_bearish,35.22,10.14,1.77,0.01713277,-0.05410448,-0.09423850,-0.28991597,4H MACD 柱体连续扩张,4H EMA 空头排列；4H MACD 尚未确认多头；4H RSI 偏弱
1224,GRAL,GRAIL INC,Health Care,Early,Russell,381,12.14,40.58,32.9,10.72,51.73,38.51,38.9,44.44,38.0,mixed_sideways,26.35,bearish_proxy,64.13,48.08,0.0,36,bearish_transition,42,mixed_or_bearish,40.29,75.110001,1.77,-0.01313888,-0.02996253,0.07269358,0.03400333,,4H EMA 转弱或跌破 EMA26；4H MACD 尚未确认多头
1225,NVEC,NVE CORP,Information Technology,Early,Russell,1730,12.07,23.42,43.7,21.44,51.73,35.0,35.0,24.58,18.0,bearish_transition,26.35,bearish_proxy,22.59,38.77,0.0,22,confirmed_bearish_trend,58,bullish_above_signal,39.33,97.489998,2.1,-0.00591416,-0.01723789,-0.19492962,-0.23818085,4H MACD 位于 Signal 上方,4H EMA 空头排列；4H RSI 偏弱
1226,AMRC,AMERESCO INC CLASS A,Industrials,Early,Russell,1141,12.06,28.06,37.3,27.63,51.73,37.7,38.0,30.75,15.0,bearish_transition,49.8,bullish_below_zero_proxy,26.26,39.5,0.0,36,bearish_transition,36,fresh_bearish_cross,49.17,22.870001,0.88,0.01689644,0.00351031,-0.19669822,-0.18189945,4H MACD 柱体连续扩张；4H RSI 位于健康强势区间,4H EMA 转弱或跌破 EMA26；4H MACD 最近死叉
1227,YSS,YORK SPACE SYSTEMS INC,Industrials,Early,Russell,1516,12.01,26.98,43.7,12.78,51.73,44.18,45.2,27.58,15.0,bearish_transition,49.8,bullish_below_zero_proxy,16.65,37.58,0.0,36,bearish_transition,66,bullish_above_signal,44.06,8.225,0.94,0.04777070,0.02040816,-0.22806194,-0.46241830,4H MACD 位于 Signal 上方；4H MACD 柱体连续扩张,4H EMA 转弱或跌破 EMA26
1228,CADL,CANDEL THERAPEUTICS INC,Health Care,Early,Russell,1574,11.99,24.28,32.9,47.73,51.73,32.03,31.7,26.88,15.0,bearish_transition,25.0,bearish_proxy,32.86,41.82,0.0,22,confirmed_bearish_trend,50,mixed_or_bearish,38.12,11.02,0.87,0.01473297,-0.09375000,-0.09523810,0.04952381,4H MACD 柱体连续扩张,4H EMA 空头排列；4H MACD 尚未确认多头；4H RSI 偏弱
1229,STUB,STUBHUB HOLDINGS INC CLASS A,Communication,Early,Russell,1129,11.97,28.11,36.7,28.51,51.73,35.0,35.0,30.89,15.0,bearish_transition,49.8,bullish_below_zero_proxy,26.68,39.59,0.0,22,confirmed_bearish_trend,58,bullish_above_signal,36.4,5.895,1.07,-0.00169348,-0.01750000,-0.17088608,-0.37750792,4H MACD 位于 Signal 上方,4H EMA 空头排列；4H RSI 偏弱
1230,CLOV,CLOVER HEALTH INVESTMENTS CLASS A,Health Care,Early,Russell,248,11.94,46.61,50.8,14.23,51.73,44.73,44.15,50.99,35.0,mixed_sideways,61.8,bullish_above_signal_proxy,59.86,47.22,0.0,55,mixed_sideways,28,fresh_bearish_cross,51.55,4.56,0.82,-0.01618123,0.05069124,0.06666667,0.07042254,4H RSI 位于健康强势区间,4H EMA 仍偏震荡；4H MACD 最近死叉
1231,HUN,HUNTSMAN CORP,Materials,Early,Russell,898,11.89,29.47,25.9,53.61,51.73,30.68,30.2,34.69,18.0,bearish_transition,51.15,bullish_below_zero_proxy,34.43,41.14,0.0,22,confirmed_bearish_trend,42,mixed_or_bearish,36.8,9.19,1.63,-0.00541126,-0.04171011,-0.10863240,-0.11973180,,4H EMA 空头排列；4H MACD 尚未确认多头；4H RSI 偏弱
1232,WATT,ENERGOUS CORP,Industrials,Early,Russell,1536,11.88,26.88,43.7,12.11,51.73,36.35,36.5,27.29,15.0,bearish_transition,49.8,bullish_below_zero_proxy,15.76,37.4,0.0,22,confirmed_bearish_trend,58,bullish_above_signal,42.15,10.95,0.89,0.01576994,-0.03778559,-0.25661914,-0.38552189,4H MACD 位于 Signal 上方,4H EMA 空头排列
1233,HNST,THE HONEST COMPANY,Consumer Staples,Early,Russell,398,11.87,40.2,32.9,9.79,51.73,38.51,38.9,43.49,35.0,mixed_sideways,25.0,bearish_proxy,64.99,48.25,0.0,38,bearish_transition,42,mixed_or_bearish,43.4,5.345,0.82,-0.02106227,-0.01565378,0.13844515,0.37227214,,4H EMA 转弱或跌破 EMA26；4H MACD 尚未确认多头
1234,MQ,MARQETA CLASS A,Financials,Early,Russell,1158,11.86,24.88,29.3,55.05,51.73,28.25,27.5,30.58,15.0,bearish_transition,20.0,fresh_bearish_cross_proxy,48.31,43.91,0.0,22,confirmed_bearish_trend,28,fresh_bearish_cross,41.16,15.89,0.92,-0.02569134,-0.00125707,0.02384021,-0.11525608,,4H EMA 空头排列；4H MACD 最近死叉
1235,PSNL,PERSONALIS,Health Care,Early,Russell,395,11.85,40.21,32.9,9.64,51.73,40.67,41.3,43.52,35.0,mixed_sideways,25.0,bearish_proxy,65.11,48.27,0.0,38,bearish_transition,50,mixed_or_bearish,42.94,16.110001,0.95,0.00124307,-0.01768287,0.15982729,0.19245011,4H MACD 柱体连续扩张,4H EMA 转弱或跌破 EMA26；4H MACD 尚未确认多头
1236,REAX,REAL REMAX GROUP,Real Estate,Early,Russell,302,11.81,31.65,43.7,0.52,51.73,36.35,36.5,48.89,15.0,bearish_transition,25.0,bearish_proxy,100.0,54.25,0.0,22,confirmed_bearish_trend,58,bullish_above_signal,43.36,19.02,0.81,-0.01040068,-0.08337349,-0.21404962,0.09625360,4H MACD 位于 Signal 上方,4H EMA 空头排列
1237,PRCT,PROCEPT BIOROBOTICS,Health Care,Early,Russell,1582,11.79,24.25,32.9,46.49,51.73,30.68,30.2,26.78,15.0,bearish_transition,25.0,bearish_proxy,32.54,41.76,0.0,22,confirmed_bearish_trend,42,mixed_or_bearish,38.96,19.440001,1.07,-0.04892368,-0.06358377,-0.07910942,0.05566114,,4H EMA 空头排列；4H MACD 尚未确认多头；4H RSI 偏弱
1238,FBRT,FRANKLIN BSP REALTY TRUST,Financials,Early,Russell,1069,11.77,25.74,25.9,61.55,51.73,32.84,32.6,31.55,15.0,bearish_transition,25.0,bearish_proxy,47.48,43.75,0.0,22,confirmed_bearish_trend,50,mixed_or_bearish,34.63,7.74,1.21,-0.00321958,-0.03128911,-0.03731343,0.00650195,4H MACD 柱体连续扩张,4H EMA 空头排列；4H MACD 尚未确认多头；4H RSI 偏弱
1239,TEX,TEREX,Industrials,Early,Russell,1597,11.77,24.07,32.9,46.75,51.73,32.84,32.6,26.65,15.0,bearish_transition,25.0,bearish_proxy,32.61,40.77,0.0,22,confirmed_bearish_trend,50,mixed_or_bearish,39.32,58.799999,1.29,0.00289951,-0.05054095,-0.12681909,-0.11003483,4H MACD 柱体连续扩张,4H EMA 空头排列；4H MACD 尚未确认多头；4H RSI 偏弱
1240,VUZI,VUZIX CORP,Information Technology,Early,Russell,1725,11.69,23.4,65.2,28.35,51.73,52.69,54.65,24.69,15.0,bearish_transition,25.0,bearish_proxy,26.67,39.58,0.0,53,mixed_sideways,66,bullish_above_signal,51.29,2.57,1.0,0.03006012,0.05112474,-0.16422764,-0.02095238,4H MACD 位于 Signal 上方；4H MACD 柱体连续扩张；4H RSI 位于健康强势区间,4H EMA 仍偏震荡
1241,ENTA,ENANTA PHARMACEUTICALS INC,Health Care,Early,Russell,984,11.68,26.31,32.9,40.93,51.73,34.19,34.1,32.83,15.0,bearish_transition,25.0,bearish_proxy,50.88,45.43,0.0,22,confirmed_bearish_trend,50,mixed_or_bearish,41.12,12.7,1.04,0.02667745,-0.04006047,-0.01090343,-0.04654655,4H MACD 柱体连续扩张,4H EMA 空头排列；4H MACD 尚未确认多头
1242,SMC,SUMMIT MIDSTREAM CORP,Energy,Early,Russell,763,11.67,37.69,25.9,86.29,51.73,35.54,35.6,36.54,35.0,mixed_sideways,25.0,bearish_proxy,44.41,43.13,0.0,36,bearish_transition,42,mixed_or_bearish,33.12,32.630001,1.03,-0.02597012,-0.04771627,-0.06100717,0.07689776,,4H EMA 转弱或跌破 EMA26；4H MACD 尚未确认多头；4H RSI 偏弱
1243,PLGO,PELAGOS INSURANCE CAPITAL LTD,Financials,Early,Russell,499,11.64,38.2,25.9,31.55,51.73,36.35,36.5,39.4,38.0,mixed_sideways,21.35,fresh_bearish_cross_proxy,53.1,44.87,0.0,36,bearish_transition,42,mixed_or_bearish,36.38,24.16,2.36,-0.02344382,-0.02854849,0.02677429,-0.03706656,,4H EMA 转弱或跌破 EMA26；4H MACD 尚未确认多头；4H RSI 偏弱
1244,LIF,LIFE360,Information Technology,Early,Russell,1157,11.58,28.0,36.7,26.19,51.73,35.0,35.0,30.58,15.0,bearish_transition,49.8,bullish_below_zero_proxy,25.74,39.4,0.0,22,confirmed_bearish_trend,58,bullish_above_signal,36.18,40.709999,1.53,-0.04110241,-0.03244211,-0.18920534,-0.36241190,4H MACD 位于 Signal 上方,4H EMA 空头排列；4H RSI 偏弱
1245,REAL,THE REALREAL,Consumer Discretionary,Early,Russell,1675,11.57,23.73,36.7,36.08,51.73,35.0,35.0,25.67,15.0,bearish_transition,25.0,bearish_proxy,29.66,40.18,0.0,22,confirmed_bearish_trend,58,bullish_above_signal,37.1,9.48,1.51,0.00958466,-0.00784929,-0.14517583,-0.25500982,4H MACD 位于 Signal 上方,4H EMA 空头排列；4H RSI 偏弱
1246,AVNT,AVIENT CORP,Materials,Early,Russell,1470,11.55,24.53,25.9,62.89,51.73,32.84,32.6,28.02,15.0,bearish_transition,25.0,bearish_proxy,36.77,41.6,0.0,22,confirmed_bearish_trend,50,mixed_or_bearish,37.71,40.939999,1.62,0.00061097,-0.02326141,-0.09803922,0.07285113,4H MACD 柱体连续扩张,4H EMA 空头排列；4H MACD 尚未确认多头；4H RSI 偏弱
1247,QBTS,D WAVE QUANTUM,Information Technology,Early,Russell,1802,11.54,22.75,43.7,19.48,51.73,34.19,34.1,22.79,15.0,bearish_transition,25.0,bearish_proxy,20.9,38.43,0.0,22,confirmed_bearish_trend,58,bullish_above_signal,38.34,16.27,1.02,-0.01780869,-0.04992701,-0.22041211,-0.25418294,4H MACD 位于 Signal 上方,4H EMA 空头排列；4H RSI 偏弱
1248,COHU,COHU,Information Technology,Early,Russell,1428,11.51,27.24,40.9,16.29,51.73,34.46,34.4,28.35,15.0,bearish_transition,49.8,bullish_below_zero_proxy,18.99,38.05,0.0,22,confirmed_bearish_trend,42,mixed_or_bearish,48.68,51.060001,1.46,0.04502661,-0.09915312,-0.18441017,-0.03405221,4H RSI 位于健康强势区间,4H EMA 空头排列；4H MACD 尚未确认多头
1249,ITRI,ITRON,Information Technology,Early,Russell,1473,11.49,24.53,25.9,62.47,51.73,32.03,31.7,28.0,15.0,bearish_transition,25.0,bearish_proxy,36.71,41.59,0.0,22,confirmed_bearish_trend,50,mixed_or_bearish,37.44,92.139999,0.92,0.00400447,-0.02662164,-0.08445946,-0.13377835,4H MACD 柱体连续扩张,4H EMA 空头排列；4H MACD 尚未确认多头；4H RSI 偏弱
1250,MRVI,MARAVAI LIFESCIENCES HOLDINGS INC,Health Care,Early,Russell,358,11.48,41.12,32.9,5.05,51.73,36.22,36.35,46.2,35.0,mixed_sideways,25.0,bearish_proxy,73.22,49.89,0.0,25,confirmed_bearish_trend,50,mixed_or_bearish,43.0,6.84,1.36,-0.01369863,-0.01298701,0.20848057,0.06542056,4H MACD 柱体连续扩张,4H EMA 空头排列；4H MACD 尚未确认多头
1251,FOR,FORESTAR GROUP INC,Real Estate,Early,Russell,1172,11.48,25.44,36.7,84.79,51.73,33.97,33.85,30.5,18.0,bearish_transition,26.35,bearish_proxy,40.54,42.36,0.0,22,confirmed_bearish_trend,58,bullish_above_signal,33.83,26.370001,3.2,-0.01383691,-0.02006685,-0.09474762,-0.09999994,4H MACD 位于 Signal 上方,4H EMA 空头排列；4H RSI 偏弱
1252,TPC,TUTOR PERINI,Industrials,Early,Russell,1608,11.47,24.02,32.9,44.9,51.73,35.0,35.0,26.52,15.0,bearish_transition,25.0,bearish_proxy,32.21,40.69,0.0,22,confirmed_bearish_trend,50,mixed_or_bearish,43.18,85.760002,1.09,0.00941623,-0.02556528,-0.11774085,0.00000000,4H MACD 柱体连续扩张,4H EMA 空头排列；4H MACD 尚未确认多头
1253,TNC,TENNANT,Industrials,Early,Russell,562,11.47,30.67,25.9,48.04,51.73,29.87,29.3,38.41,15.0,bearish_transition,49.8,bullish_below_zero_proxy,49.47,44.14,0.0,22,confirmed_bearish_trend,42,mixed_or_bearish,37.92,68.0,0.77,-0.00526625,-0.04299486,0.00651276,-0.23655552,,4H EMA 空头排列；4H MACD 尚未确认多头；4H RSI 偏弱
1254,SBET,SHARPLINK INC,Financials,Early,Russell,376,11.44,40.44,32.9,6.39,51.73,38.51,38.9,44.59,35.0,mixed_sideways,25.0,bearish_proxy,68.79,48.01,0.0,38,bearish_transition,42,mixed_or_bearish,43.33,7.98,0.87,-0.05729474,-0.06557377,0.22580645,0.26666667,,4H EMA 转弱或跌破 EMA26；4H MACD 尚未确认多头
1255,GBCI,GLACIER BANCORP INC,Financials,Early,Russell,1282,11.44,25.15,22.3,70.31,51.73,26.9,26.0,29.66,18.0,bearish_transition,26.35,bearish_proxy,38.0,41.85,0.0,22,confirmed_bearish_trend,28,fresh_bearish_cross,35.21,44.939999,2.35,-0.01414939,-0.01770494,-0.09449933,-0.11813187,,4H EMA 空头排列；4H MACD 最近死叉；4H RSI 偏弱
1256,QTWO,Q2 HOLDINGS INC,Information Technology,Early,Russell,1418,11.42,24.69,22.3,71.24,51.73,26.9,26.0,28.49,15.0,bearish_transition,25.0,bearish_proxy,38.2,41.89,0.0,22,confirmed_bearish_trend,28,fresh_bearish_cross,35.14,59.560001,1.32,-0.02248480,-0.00401334,-0.07558589,-0.06879297,,4H EMA 空头排列；4H MACD 最近死叉；4H RSI 偏弱
1257,GPI,GROUP AUTOMOTIVE INC,Consumer Discretionary,Early,Russell,558,11.37,30.69,25.9,47.32,51.73,30.68,30.2,38.46,15.0,bearish_transition,49.8,bullish_below_zero_proxy,49.61,44.17,0.0,22,confirmed_bearish_trend,42,mixed_or_bearish,37.6,262.410004,1.42,-0.06635592,-0.08847437,0.01020170,-0.08174401,,4H EMA 空头排列；4H MACD 尚未确认多头；4H RSI 偏弱
1258,SGHC,SUPER GROUP,Consumer Discretionary,Early,Russell,987,11.36,25.67,32.9,40.31,51.73,30.68,30.2,32.71,18.0,bearish_transition,21.35,fresh_bearish_cross_proxy,51.02,44.45,0.0,22,confirmed_bearish_trend,42,mixed_or_bearish,38.72,13.3,2.44,-0.02421130,-0.04591105,0.02150538,-0.04591105,,4H EMA 空头排列；4H MACD 尚未确认多头；4H RSI 偏弱
1259,PCRX,PACIRA BIOSCIENCES,Health Care,Early,Russell,847,11.35,27.26,40.9,15.15,51.73,40.67,41.3,35.63,15.0,bearish_transition,25.0,bearish_proxy,59.38,47.13,0.0,36,bearish_transition,50,mixed_or_bearish,45.81,24.91,1.76,0.04884211,-0.03748064,0.07255113,-0.09909584,4H MACD 柱体连续扩张,4H EMA 转弱或跌破 EMA26；4H MACD 尚未确认多头
1260,SAMG,SILVERCREST ASSET MANAGEMENT GROUP,Financials,Early,Russell,952,11.32,26.39,32.9,38.3,51.73,30.68,30.2,33.72,18.0,bearish_transition,25.0,bearish_proxy,51.32,44.51,0.0,22,confirmed_bearish_trend,42,mixed_or_bearish,39.27,9.7,2.22,0.00831601,-0.03578529,-0.04715128,-0.06730769,,4H EMA 空头排列；4H MACD 尚未确认多头；4H RSI 偏弱
1261,SWIM,LATHAM GROUP INC,Consumer Discretionary,Early,Russell,1483,11.3,24.49,25.9,61.29,51.73,32.03,31.7,27.9,15.0,bearish_transition,25.0,bearish_proxy,36.39,41.53,0.0,22,confirmed_bearish_trend,50,mixed_or_bearish,35.27,6.29,0.81,0.00000000,-0.03969466,-0.11904762,0.10350877,4H MACD 柱体连续扩张,4H EMA 空头排列；4H MACD 尚未确认多头；4H RSI 偏弱
1262,CTNM,CONTINEUM THERAPEUTICS CLASS A,Health Care,Early,Russell,1341,11.3,25.12,25.9,59.85,51.73,31.8,31.45,29.18,18.0,bearish_transition,26.35,bearish_proxy,36.07,42.46,0.0,22,confirmed_bearish_trend,50,mixed_or_bearish,36.02,13.76,2.76,0.03303303,-0.09054858,-0.05168849,-0.13404657,4H MACD 柱体连续扩张,4H EMA 空头排列；4H MACD 尚未确认多头；4H RSI 偏弱
1263,OPFI,OPPFI INC CLASS A,Financials,Early,Russell,469,11.27,31.15,29.3,36.49,51.73,26.9,26.0,40.06,18.0,bearish_transition,49.8,bullish_below_zero_proxy,51.73,44.6,0.0,22,confirmed_bearish_trend,28,fresh_bearish_cross,38.54,7.035,1.54,-0.02155772,-0.06573705,0.00356633,-0.28360489,,4H EMA 空头排列；4H MACD 最近死叉；4H RSI 偏弱
1264,BETA,BETA TECHNOLOGIES CLASS A,Industrials,Early,Russell,1812,11.23,22.65,43.7,17.68,51.73,37.16,37.4,22.49,15.0,bearish_transition,25.0,bearish_proxy,20.0,38.25,0.0,22,confirmed_bearish_trend,58,bullish_above_signal,43.27,20.27,1.19,-0.03842505,0.00564092,-0.20789371,-0.07655021,4H MACD 位于 Signal 上方,4H EMA 空头排列
1265,STNE,STONECO CLASS A,Financials,Early,Russell,463,11.19,31.28,32.9,26.08,51.73,32.84,32.6,40.19,15.0,bearish_transition,49.8,bullish_below_zero_proxy,54.86,45.22,0.0,22,confirmed_bearish_trend,42,mixed_or_bearish,43.56,9.72,1.05,-0.01068702,-0.00917431,0.04741379,-0.13446126,,4H EMA 空头排列；4H MACD 尚未确认多头
1266,MLKN,MILLERKNOLL,Industrials,Early,Russell,1492,11.18,24.48,25.9,60.57,51.73,32.84,32.6,27.85,15.0,bearish_transition,25.0,bearish_proxy,36.24,41.5,0.0,22,confirmed_bearish_trend,50,mixed_or_bearish,37.75,20.969999,1.22,-0.00142862,-0.03006485,-0.10231173,-0.14092589,4H MACD 柱体连续扩张,4H EMA 空头排列；4H MACD 尚未确认多头；4H RSI 偏弱
1267,THRM,GENTHERM,Consumer Discretionary,Early,Russell,1620,11.16,23.97,32.9,42.89,51.73,30.68,30.2,26.37,15.0,bearish_transition,25.0,bearish_proxy,31.77,40.6,0.0,22,confirmed_bearish_trend,42,mixed_or_bearish,38.61,37.970001,1.49,-0.00445721,-0.01119794,-0.12420710,-0.11820715,,4H EMA 空头排列；4H MACD 尚未确认多头；4H RSI 偏弱
1268,CNK,CINEMARK HOLDINGS INC,Communication,Early,Russell,1497,11.13,24.46,25.9,60.26,51.73,30.68,30.2,27.82,15.0,bearish_transition,25.0,bearish_proxy,36.15,41.48,0.0,22,confirmed_bearish_trend,42,mixed_or_bearish,34.77,34.049999,1.43,-0.00743335,-0.03622992,-0.09224205,-0.10559498,,4H EMA 空头排列；4H MACD 尚未确认多头；4H RSI 偏弱
1269,GPOR,GULFPORT ENERGY,Energy,Early,Russell,670,11.12,38.0,19.65,98.56,51.73,36.35,36.5,37.27,38.0,mixed_sideways,26.35,bearish_proxy,42.87,42.82,0.0,36,bearish_transition,42,mixed_or_bearish,30.53,162.389999,1.66,-0.08525557,-0.07863830,-0.04330155,0.04464459,,4H EMA 转弱或跌破 EMA26；4H MACD 尚未确认多头；4H RSI 偏弱
1270,VTS,VITESSE ENERGY INC,Energy,Early,Russell,486,11.1,38.23,29.3,18.87,51.73,36.76,36.95,39.65,35.0,mixed_sideways,20.0,fresh_bearish_cross_proxy,57.62,45.77,0.0,41,bearish_transition,28,fresh_bearish_cross,42.18,17.52,1.43,-0.05297297,-0.04000000,0.05225225,0.11877395,,4H EMA 转弱或跌破 EMA26；4H MACD 最近死叉
1271,LTH,LIFE TIME GROUP HOLDINGS,Consumer Discretionary,Early,Russell,1498,11.07,24.45,25.9,59.85,51.73,30.68,30.2,27.79,15.0,bearish_transition,25.0,bearish_proxy,36.07,41.46,0.0,22,confirmed_bearish_trend,42,mixed_or_bearish,35.26,40.744999,1.1,-0.00839623,-0.02407188,-0.10114720,-0.08888645,,4H EMA 空头排列；4H MACD 尚未确认多头；4H RSI 偏弱
1272,AVR,ANTERIS TECHNOLOGIES GLOBAL CORP,Health Care,Early,Russell,1550,11.06,24.37,29.3,50.93,51.73,29.06,28.4,27.15,15.0,bearish_transition,25.0,bearish_proxy,33.68,41.99,0.0,22,confirmed_bearish_trend,28,fresh_bearish_cross,42.63,8.37,1.49,-0.01702877,-0.01990632,-0.11240721,0.01270417,,4H EMA 空头排列；4H MACD 最近死叉
1273,CSTM,CONSTELLIUM SE CLASS A,Materials,Early,Russell,1623,11.04,23.95,32.9,42.16,51.73,34.19,34.1,26.31,15.0,bearish_transition,25.0,bearish_proxy,31.6,40.57,0.0,22,confirmed_bearish_trend,50,mixed_or_bearish,43.79,25.92,0.96,0.02592523,-0.04705886,-0.13354507,-0.12668464,4H MACD 柱体连续扩张,4H EMA 空头排列；4H MACD 尚未确认多头
1274,CCOI,COGENT COMMUNICATIONS HOLDINGS,Communication,Early,Russell,1397,11.01,27.35,39.1,17.53,51.73,36.62,36.8,28.66,15.0,bearish_transition,49.8,bullish_below_zero_proxy,19.91,38.23,0.0,22,confirmed_bearish_trend,64,fresh_below_zero_cross,37.76,8.67,1.26,-0.04410143,-0.07073955,-0.19423792,-0.34762980,4H MACD 刚金叉但仍需零轴确认,4H EMA 空头排列；4H RSI 偏弱
1275,APPS,DIGITAL TURBINE,Information Technology,Early,Russell,1349,10.97,34.64,29.3,26.34,51.73,35.95,36.05,29.13,35.0,mixed_sideways,20.0,fresh_bearish_cross_proxy,25.75,39.4,0.0,41,bearish_transition,28,fresh_bearish_cross,43.86,10.84,1.0,-0.06147186,-0.02033439,-0.11474071,0.14105263,,4H EMA 转弱或跌破 EMA26；4H MACD 最近死叉
1276,OMCL,OMNICELL INC,Health Care,Early,Russell,941,10.97,29.28,22.3,57.53,51.73,26.09,25.1,33.92,15.0,bearish_transition,49.8,bullish_below_zero_proxy,35.4,42.33,0.0,22,confirmed_bearish_trend,28,fresh_bearish_cross,36.87,32.43,0.85,-0.00946860,-0.03596906,-0.09966685,-0.12705254,,4H EMA 空头排列；4H MACD 最近死叉；4H RSI 偏弱
1277,VSAT,VIASAT INC,Information Technology,Early,Russell,1697,10.93,23.05,32.9,43.51,51.73,32.84,32.6,25.2,15.0,bearish_transition,20.0,fresh_bearish_cross_proxy,32.01,40.65,0.0,22,confirmed_bearish_trend,42,mixed_or_bearish,44.89,70.949997,1.08,0.01735014,-0.01867228,-0.12837844,-0.17681871,,4H EMA 空头排列；4H MACD 尚未确认多头
1278,AIRO,AIRO GROUP HOLDINGS INC,Industrials,Early,Russell,1827,10.91,22.51,43.7,15.88,51.73,37.57,37.85,22.08,15.0,bearish_transition,25.0,bearish_proxy,18.76,38.0,0.0,25,confirmed_bearish_trend,58,bullish_above_signal,44.1,7.19,0.69,-0.01304049,0.04429920,-0.23551302,-0.04005340,4H MACD 位于 Signal 上方,4H EMA 空头排列
1279,PAHC,PHIBRO ANIMAL HEALTH CORP CLASS A,Health Care,Early,Russell,965,10.87,26.48,32.9,35.1,51.73,40.67,41.3,33.32,15.0,bearish_transition,25.0,bearish_proxy,52.38,45.73,0.0,36,bearish_transition,50,mixed_or_bearish,40.33,35.299999,1.35,0.00526832,-0.04128194,0.01934733,-0.03551910,4H MACD 柱体连续扩张,4H EMA 转弱或跌破 EMA26；4H MACD 尚未确认多头
1280,KBH,KB HOME,Consumer Discretionary,Early,Russell,1211,10.78,25.36,36.7,80.31,51.73,35.0,35.0,30.27,18.0,bearish_transition,26.35,bearish_proxy,39.84,42.22,0.0,22,confirmed_bearish_trend,58,bullish_above_signal,33.53,48.68,1.92,-0.01577030,-0.02111402,-0.12201281,-0.16155702,4H MACD 位于 Signal 上方,4H EMA 空头排列；4H RSI 偏弱
1281,ANTX,AN2 THERAPEUTICS INC,Health Care,Early,Russell,1632,10.7,24.05,32.9,39.69,51.73,32.84,32.6,26.19,15.0,bearish_transition,25.0,bearish_proxy,30.76,41.4,0.0,22,confirmed_bearish_trend,50,mixed_or_bearish,38.83,5.34,1.07,0.01520913,-0.06806283,-0.06806283,-0.10101010,4H MACD 柱体连续扩张,4H EMA 空头排列；4H MACD 尚未确认多头；4H RSI 偏弱
1282,UVV,UNIVERSAL,Consumer Staples,Early,Russell,521,10.65,30.99,25.9,41.8,51.73,30.68,30.2,38.95,15.0,bearish_transition,49.8,bullish_below_zero_proxy,50.64,45.38,0.0,22,confirmed_bearish_trend,42,mixed_or_bearish,37.52,44.584999,1.1,-0.00966239,-0.01773518,0.00575224,-0.15446617,,4H EMA 空头排列；4H MACD 尚未确认多头；4H RSI 偏弱
1283,XRN,CHIRON REAL ESTATE INC,Real Estate,Early,Russell,1032,10.55,25.86,25.9,53.09,51.73,30.68,30.2,31.92,15.0,bearish_transition,25.0,bearish_proxy,48.58,43.97,0.0,22,confirmed_bearish_trend,42,mixed_or_bearish,36.43,35.650002,1.38,-0.01464892,-0.03570460,-0.02167939,0.01523565,,4H EMA 空头排列；4H MACD 尚未确认多头；4H RSI 偏弱
1284,DJT,TRUMP MEDIA TECHNOLOGY GROUP,Communication,Early,Russell,962,10.35,26.36,32.9,31.91,51.73,32.03,31.7,33.39,15.0,bearish_transition,25.0,bearish_proxy,53.04,44.86,0.0,22,confirmed_bearish_trend,42,mixed_or_bearish,40.56,8.55,0.82,-0.01327178,-0.02005731,0.05425401,-0.17231365,,4H EMA 空头排列；4H MACD 尚未确认多头
1285,POWI,POWER INTEGRATIONS,Information Technology,Early,Russell,1371,10.33,27.44,36.7,19.18,51.73,35.0,35.0,28.93,15.0,bearish_transition,49.8,bullish_below_zero_proxy,20.73,38.4,0.0,22,confirmed_bearish_trend,58,bullish_above_signal,34.17,47.650002,1.08,-0.00873722,-0.04221102,-0.23268915,-0.26284030,4H MACD 位于 Signal 上方,4H EMA 空头排列；4H RSI 偏弱
1286,HDSN,HUDSON TECHNOLOGIES INC,Industrials,Early,Russell,1036,10.3,28.45,29.3,36.29,51.73,28.25,27.5,31.9,15.0,bearish_transition,49.8,bullish_below_zero_proxy,29.74,40.2,0.0,22,confirmed_bearish_trend,28,fresh_bearish_cross,40.55,5.21,0.98,0.00482160,-0.02251407,-0.15284553,-0.17628458,,4H EMA 空头排列；4H MACD 最近死叉
1287,ISBA,ISABELLA BANK CORP,Financials,Early,Russell,1563,10.25,23.65,22.3,65.88,51.73,25.37,24.3,26.98,15.0,bearish_transition,20.0,fresh_bearish_cross_proxy,37.41,41.73,0.0,22,confirmed_bearish_trend,28,fresh_bearish_cross,37.99,38.110001,0.53,-0.02507032,-0.02118916,-0.07297494,-0.05551418,,4H EMA 空头排列；4H MACD 最近死叉；4H RSI 偏弱
1288,BFLY,BUTTERFLY NETWORK CLASS A,Health Care,Early,Russell,1830,10.24,22.55,43.7,11.34,51.73,38.38,38.75,22.03,18.0,bearish_transition,25.0,bearish_proxy,15.45,38.34,0.0,25,confirmed_bearish_trend,58,bullish_above_signal,40.41,7.255,1.32,-0.07579618,-0.02747989,-0.19478357,-0.17556818,4H MACD 位于 Signal 上方,4H EMA 空头排列
1289,TG,TREDEGAR CORP,Materials,Early,Russell,1534,10.23,24.29,25.9,54.64,51.73,32.84,32.6,27.32,15.0,bearish_transition,25.0,bearish_proxy,34.65,41.18,0.0,22,confirmed_bearish_trend,50,mixed_or_bearish,35.39,6.89,1.23,0.01472754,-0.10751295,-0.13659148,-0.10052219,4H MACD 柱体连续扩张,4H EMA 空头排列；4H MACD 尚未确认多头；4H RSI 偏弱
1290,AVEX,AEVEX CORP CLASS A,Industrials,Early,Russell,1856,10.2,22.16,43.7,11.96,51.73,38.51,38.9,21.05,15.0,bearish_transition,25.0,bearish_proxy,15.65,37.38,0.0,22,confirmed_bearish_trend,66,bullish_above_signal,42.17,16.16,0.74,0.00716734,-0.01222500,-0.20079126,-0.16615063,4H MACD 位于 Signal 上方；4H MACD 柱体连续扩张,4H EMA 空头排列
1291,CWK,CUSHMAN AND WAKEFIELD LTD,Real Estate,Early,Russell,1537,10.17,24.28,25.9,54.28,51.73,29.87,29.3,27.27,15.0,bearish_transition,25.0,bearish_proxy,34.5,41.15,0.0,22,confirmed_bearish_trend,42,mixed_or_bearish,36.47,12.555,0.9,-0.00436162,-0.04742033,-0.10894251,-0.10957447,,4H EMA 空头排列；4H MACD 尚未确认多头；4H RSI 偏弱
1292,GHM,GRAHAM CORP,Industrials,Early,Russell,1859,10.12,22.14,43.7,11.44,51.73,44.99,46.1,21.0,15.0,bearish_transition,25.0,bearish_proxy,15.5,37.35,0.0,36,bearish_transition,66,bullish_above_signal,41.65,85.18,1.18,0.02564716,-0.02645869,-0.26039766,-0.18511431,4H MACD 位于 Signal 上方；4H MACD 柱体连续扩张,4H EMA 转弱或跌破 EMA26
1293,BRBR,BELLRING BRANDS,Consumer Staples,Early,Russell,1531,10.08,24.45,25.9,53.25,51.73,32.03,31.7,27.37,15.0,bearish_transition,25.0,bearish_proxy,34.35,42.12,0.0,22,confirmed_bearish_trend,50,mixed_or_bearish,36.62,9.105,0.7,0.01391982,-0.03446448,-0.10559921,-0.28588235,4H MACD 柱体连续扩张,4H EMA 空头排列；4H MACD 尚未确认多头；4H RSI 偏弱
1294,AMR,ALPHA METALLURGICAL RESOURCE,Materials,Early,Russell,439,10.06,39.19,25.9,18.76,51.73,37.7,38.0,40.93,35.0,mixed_sideways,25.0,bearish_proxy,57.69,45.79,0.0,36,bearish_transition,50,mixed_or_bearish,34.63,189.820007,1.02,0.01747432,-0.16358589,0.12292957,0.35035923,4H MACD 柱体连续扩张,4H EMA 转弱或跌破 EMA26；4H MACD 尚未确认多头；4H RSI 偏弱
1295,BCRX,BIOCRYST PHARMACEUTICALS,Health Care,Early,Russell,1532,9.96,24.43,25.9,52.53,51.73,37.7,38.0,27.33,15.0,bearish_transition,25.0,bearish_proxy,34.22,42.09,0.0,36,bearish_transition,50,mixed_or_bearish,37.75,8.43,0.88,0.04915993,-0.04204545,-0.15233786,-0.06696182,4H MACD 柱体连续扩张,4H EMA 转弱或跌破 EMA26；4H MACD 尚未确认多头；4H RSI 偏弱
1296,ARCB,ARCBEST,Industrials,Early,Russell,1541,9.95,23.81,25.9,53.92,51.73,30.68,30.2,27.25,18.0,bearish_transition,21.35,fresh_bearish_cross_proxy,34.48,41.15,0.0,22,confirmed_bearish_trend,42,mixed_or_bearish,34.69,129.970001,1.7,-0.03747314,-0.04468947,-0.10912330,-0.09918213,,4H EMA 空头排列；4H MACD 尚未确认多头；4H RSI 偏弱
1297,SIGA,SIGA TECHNOLOGIES INC,Health Care,Early,Russell,427,9.91,31.71,54.4,25.88,51.73,47.96,49.4,41.28,18.0,bearish_transition,49.8,bullish_below_zero_proxy,54.96,46.24,0.0,50,mixed_sideways,50,mixed_or_bearish,51.17,3.1,1.15,0.03474749,0.00323625,0.05982906,-0.04615385,4H MACD 柱体连续扩张；4H RSI 位于健康强势区间,4H EMA 仍偏震荡；4H MACD 尚未确认多头
1298,ROOT,ROOT INC CLASS A,Financials,Early,Russell,949,9.89,26.48,32.9,28.61,51.73,32.84,32.6,33.74,15.0,bearish_transition,25.0,bearish_proxy,54.11,45.07,0.0,22,confirmed_bearish_trend,42,mixed_or_bearish,40.8,52.439999,1.38,-0.03443200,0.00749280,0.05534313,-0.11381496,,4H EMA 空头排列；4H MACD 尚未确认多头
1299,DEC,DIVERSIFIED ENERGY COMPANY,Energy,Early,Russell,576,9.85,38.34,25.9,72.63,51.73,36.35,36.5,38.27,38.0,mixed_sideways,26.35,bearish_proxy,45.88,43.43,0.0,36,bearish_transition,42,mixed_or_bearish,33.36,14.165,1.19,-0.06254136,-0.06005309,-0.01563586,0.05708955,,4H EMA 转弱或跌破 EMA26；4H MACD 尚未确认多头；4H RSI 偏弱
1300,ADEA,ADEIA,Information Technology,Early,Russell,1681,9.84,23.67,32.9,34.85,51.73,35.0,35.0,25.49,15.0,bearish_transition,25.0,bearish_proxy,29.11,40.07,0.0,22,confirmed_bearish_trend,50,mixed_or_bearish,40.09,24.969999,1.96,0.00200638,-0.06723948,-0.15812546,-0.19871644,4H MACD 柱体连续扩张,4H EMA 空头排列；4H MACD 尚未确认多头
1301,CECO,CECO ENVIRONMENTAL,Industrials,Early,Russell,1682,9.81,23.66,32.9,34.64,51.73,35.0,35.0,25.47,15.0,bearish_transition,25.0,bearish_proxy,29.02,40.05,0.0,22,confirmed_bearish_trend,50,mixed_or_bearish,41.37,69.419998,1.61,0.00710863,-0.11397575,-0.17582814,-0.01132234,4H MACD 柱体连续扩张,4H EMA 空头排列；4H MACD 尚未确认多头
1302,DLO,DLOCAL CLASS A,Financials,Early,Russell,1010,9.78,25.97,25.9,47.73,51.73,35.54,35.6,32.23,15.0,bearish_transition,25.0,bearish_proxy,49.53,44.16,0.0,36,bearish_transition,42,mixed_or_bearish,35.8,14.3,0.74,-0.02121834,-0.02488919,0.02951764,-0.06566482,,4H EMA 转弱或跌破 EMA26；4H MACD 尚未确认多头；4H RSI 偏弱
1303,MNRO,MONRO,Consumer Discretionary,Early,Russell,462,9.74,31.29,29.3,25.98,51.73,29.06,28.4,40.21,15.0,bearish_transition,49.8,bullish_below_zero_proxy,54.92,45.23,0.0,22,confirmed_bearish_trend,28,fresh_bearish_cross,40.53,12.18,1.81,-0.03486529,-0.02909526,0.05454545,-0.07022901,,4H EMA 空头排列；4H MACD 最近死叉
1304,RYZ,RYERSON HOLDING,Materials,Early,Russell,1685,9.73,23.65,32.9,34.12,51.73,32.84,32.6,25.43,15.0,bearish_transition,25.0,bearish_proxy,28.9,40.03,0.0,22,confirmed_bearish_trend,50,mixed_or_bearish,38.64,24.233999,1.34,0.00765073,-0.05704288,-0.16964195,-0.10144605,4H MACD 柱体连续扩张,4H EMA 空头排列；4H MACD 尚未确认多头；4H RSI 偏弱
1305,SMR,NUSCALE POWER CORP CLASS A,Industrials,Early,Russell,1485,9.72,24.41,25.9,50.93,51.73,30.68,30.2,27.9,18.0,bearish_transition,25.0,bearish_proxy,33.68,40.99,0.0,22,confirmed_bearish_trend,42,mixed_or_bearish,36.12,8.3,1.23,-0.03544451,-0.23041261,-0.09684440,-0.12585571,,4H EMA 空头排列；4H MACD 尚未确认多头；4H RSI 偏弱
1306,DCH,DAUCH CORPORATION,Consumer Discretionary,Early,Russell,1562,9.64,24.19,25.9,50.93,51.73,36.35,36.5,27.0,15.0,bearish_transition,25.0,bearish_proxy,33.68,40.99,0.0,36,bearish_transition,42,mixed_or_bearish,34.75,6.01,1.19,-0.02274834,-0.10432191,-0.11552612,0.00166667,,4H EMA 转弱或跌破 EMA26；4H MACD 尚未确认多头；4H RSI 偏弱
1307,EVC,ENTRAVISION COMMUNICATIONS CORP CL,Communication,Early,Russell,976,9.61,28.86,22.3,49.48,51.73,26.9,26.0,33.08,15.0,bearish_transition,49.8,bullish_below_zero_proxy,33.31,40.91,0.0,22,confirmed_bearish_trend,28,fresh_bearish_cross,34.89,7.89,1.05,-0.03011678,-0.05622010,-0.11248594,-0.32099828,,4H EMA 空头排列；4H MACD 最近死叉；4H RSI 偏弱
1308,BKSY,BLACKSKY TECHNOLOGY CLASS A,Industrials,Early,Russell,1876,9.59,21.73,43.7,8.87,51.73,45.39,46.55,19.81,15.0,bearish_transition,25.0,bearish_proxy,11.87,36.62,0.0,39,bearish_transition,66,bullish_above_signal,44.38,21.535,0.85,0.00630841,-0.00300926,-0.30058463,-0.15116282,4H MACD 位于 Signal 上方；4H MACD 柱体连续扩张,4H EMA 转弱或跌破 EMA26
1309,TECX,TECTONIC THERAPEUTIC,Health Care,Early,Russell,1804,9.57,22.88,39.1,18.35,51.73,36.62,36.8,22.76,15.0,bearish_transition,25.0,bearish_proxy,20.36,39.32,0.0,22,confirmed_bearish_trend,64,fresh_below_zero_cross,36.0,27.91,1.56,-0.00499105,-0.08069832,-0.17499266,-0.04188119,4H MACD 刚金叉但仍需零轴确认,4H EMA 空头排列；4H RSI 偏弱
1310,PDYN,PALLADYNE AI CORP,Industrials,Early,Russell,1625,9.55,23.94,29.3,41.86,51.73,28.25,27.5,26.28,15.0,bearish_transition,25.0,bearish_proxy,31.48,40.55,0.0,22,confirmed_bearish_trend,28,fresh_bearish_cross,43.47,5.61,0.82,-0.01837270,-0.02434783,-0.13824885,-0.06577852,,4H EMA 空头排列；4H MACD 最近死叉
1311,ROAD,CONSTRUCTION PARTNERS CLASS A,Industrials,Early,Russell,1809,9.54,22.7,39.1,18.56,51.73,36.62,36.8,22.64,15.0,bearish_transition,25.0,bearish_proxy,20.46,38.34,0.0,22,confirmed_bearish_trend,64,fresh_below_zero_cross,34.83,95.07,1.5,-0.01272130,-0.03261259,-0.20985705,-0.10978977,4H MACD 刚金叉但仍需零轴确认,4H EMA 空头排列；4H RSI 偏弱
1312,SHLS,SHOALS TECHNOLOGIES GROUP CLASS A,Industrials,Early,Russell,1086,9.48,28.25,29.3,31.34,51.73,28.25,27.5,31.29,15.0,bearish_transition,49.8,bullish_below_zero_proxy,27.88,39.83,0.0,22,confirmed_bearish_trend,28,fresh_bearish_cross,40.39,6.82,0.93,-0.03193754,-0.03467799,-0.17233010,-0.25950054,,4H EMA 空头排列；4H MACD 最近死叉
1313,CLPT,CLEARPOINT NEURO INC,Health Care,Early,Russell,1559,9.46,24.33,25.9,49.38,51.73,32.03,31.7,27.03,15.0,bearish_transition,25.0,bearish_proxy,33.3,41.91,0.0,22,confirmed_bearish_trend,50,mixed_or_bearish,37.57,13.4,0.78,0.00600601,-0.03597122,-0.13548387,0.04077670,4H MACD 柱体连续扩张,4H EMA 空头排列；4H MACD 尚未确认多头；4H RSI 偏弱
1314,ERAS,ERASCA,Health Care,Early,Russell,1765,9.41,23.21,36.7,22.89,51.73,35.0,35.0,23.74,15.0,bearish_transition,25.0,bearish_proxy,23.34,39.92,0.0,22,confirmed_bearish_trend,58,bullish_above_signal,36.16,15.36,1.15,-0.04418171,-0.02165605,-0.15973746,-0.16339874,4H MACD 位于 Signal 上方,4H EMA 空头排列；4H RSI 偏弱
1315,BDC,BELDEN,Information Technology,Early,Russell,1700,9.35,23.55,32.9,31.8,51.73,32.84,32.6,25.15,15.0,bearish_transition,25.0,bearish_proxy,28.07,39.86,0.0,22,confirmed_bearish_trend,42,mixed_or_bearish,41.35,112.610001,1.62,-0.00411228,-0.04389538,-0.18179178,-0.11622977,,4H EMA 空头排列；4H MACD 尚未确认多头
1316,CTO,CTO REALTY GROWTH INC,Real Estate,Early,Russell,1100,9.33,25.66,25.9,98.76,51.73,32.84,32.6,31.16,18.0,bearish_transition,26.35,bearish_proxy,42.54,42.76,0.0,22,confirmed_bearish_trend,50,mixed_or_bearish,33.28,20.708,1.88,0.00135397,-0.03233645,-0.05529197,-0.05139716,4H MACD 柱体连续扩张,4H EMA 空头排列；4H MACD 尚未确认多头；4H RSI 偏弱
1317,DBRG,DIGITALBRIDGE GROUP INC CLASS A,Financials,Early,Russell,846,9.3,27.19,32.9,22.99,51.73,38.51,38.9,35.65,18.0,bearish_transition,26.35,bearish_proxy,56.13,45.48,0.0,36,bearish_transition,42,mixed_or_bearish,42.23,15.885,2.14,0.00062992,-0.00282486,-0.00157134,0.00031486,,4H EMA 转弱或跌破 EMA26；4H MACD 尚未确认多头
1318,AAP,ADVANCE AUTO PARTS INC,Consumer Discretionary,Early,Russell,1507,9.26,27.01,36.7,12.99,51.73,35.0,35.0,27.67,15.0,bearish_transition,49.8,bullish_below_zero_proxy,16.91,37.63,0.0,22,confirmed_bearish_trend,58,bullish_above_signal,36.27,41.939999,1.12,-0.04768397,-0.03319507,-0.26096918,-0.28734069,4H MACD 位于 Signal 上方,4H EMA 空头排列；4H RSI 偏弱
1319,PBH,PRESTIGE CONSUMER HEALTHCARE,Health Care,Early,Russell,1233,9.24,25.37,25.9,98.87,51.73,32.84,32.6,30.08,15.0,bearish_transition,25.0,bearish_proxy,42.56,43.76,0.0,22,confirmed_bearish_trend,50,mixed_or_bearish,32.78,46.869999,1.3,-0.00625468,-0.03757704,-0.06260002,-0.09830706,4H MACD 柱体连续扩张,4H EMA 空头排列；4H MACD 尚未确认多头；4H RSI 偏弱
1320,AP,AMPCO PITTSBURGH CORP,Materials,Early,Russell,1708,9.16,23.49,32.9,30.72,51.73,40.67,41.3,24.96,15.0,bearish_transition,25.0,bearish_proxy,27.5,39.75,0.0,36,bearish_transition,50,mixed_or_bearish,43.0,8.115,1.09,0.03375796,-0.04416961,-0.14217759,-0.10033259,4H MACD 柱体连续扩张,4H EMA 转弱或跌破 EMA26；4H MACD 尚未确认多头
1321,AZZ,AZZ INC,Industrials,Early,Russell,1487,9.14,24.55,25.9,46.75,51.73,32.84,32.6,27.89,18.0,bearish_transition,26.35,bearish_proxy,32.61,40.77,0.0,22,confirmed_bearish_trend,50,mixed_or_bearish,34.46,132.789993,1.05,0.00249121,-0.03852008,-0.13322457,-0.12981659,4H MACD 柱体连续扩张,4H EMA 空头排列；4H MACD 尚未确认多头；4H RSI 偏弱
1322,ALX,ALEXANDERS REIT INC,Real Estate,Early,Russell,1239,9.12,25.23,25.9,98.35,51.73,31.31,30.9,30.06,15.0,bearish_transition,25.0,bearish_proxy,42.94,42.84,0.0,22,confirmed_bearish_trend,50,mixed_or_bearish,32.83,245.720001,0.47,-0.00479941,-0.04925522,-0.08193534,-0.10412716,4H MACD 柱体连续扩张,4H EMA 空头排列；4H MACD 尚未确认多头；4H RSI 偏弱
1323,DNTH,DIANTHUS THERAPEUTICS INC,Health Care,Early,Russell,1514,9.1,24.52,22.3,56.19,51.73,26.9,26.0,27.59,15.0,bearish_transition,25.0,bearish_proxy,35.01,42.25,0.0,22,confirmed_bearish_trend,28,fresh_bearish_cross,37.3,102.489998,2.03,-0.02371885,-0.04241802,-0.10792933,-0.07097536,,4H EMA 空头排列；4H MACD 最近死叉；4H RSI 偏弱
1324,OII,OCEANEERING INTERNATIONAL INC,Energy,Early,Russell,1586,9.08,24.09,25.9,47.42,51.73,30.68,30.2,26.72,15.0,bearish_transition,25.0,bearish_proxy,32.83,40.82,0.0,22,confirmed_bearish_trend,42,mixed_or_bearish,35.52,46.650002,1.08,-0.02548563,-0.03814429,-0.13802655,-0.07477184,,4H EMA 空头排列；4H MACD 尚未确认多头；4H RSI 偏弱
1325,HCC,WARRIOR MET COAL INC,Materials,Early,Russell,1232,9.05,25.23,25.9,97.89,51.73,37.7,38.0,30.08,15.0,bearish_transition,25.0,bearish_proxy,43.01,42.85,0.0,36,bearish_transition,50,mixed_or_bearish,33.65,92.669998,0.99,0.02499717,-0.11193100,-0.05976055,0.13691566,4H MACD 柱体连续扩张,4H EMA 转弱或跌破 EMA26；4H MACD 尚未确认多头；4H RSI 偏弱
1326,BCAX,BICARA THERAPEUTICS INC,Health Care,Early,Russell,1390,9.04,24.97,22.3,54.74,51.73,26.9,26.0,28.72,18.0,bearish_transition,26.35,bearish_proxy,34.67,42.18,0.0,22,confirmed_bearish_trend,28,fresh_bearish_cross,35.75,22.0,1.79,-0.02135231,-0.06858598,-0.11788295,-0.15708812,,4H EMA 空头排列；4H MACD 最近死叉；4H RSI 偏弱
1327,RGTI,RIGETTI COMPUTING,Information Technology,Early,Russell,1786,9.02,22.91,36.7,21.03,51.73,34.19,34.1,23.25,15.0,bearish_transition,25.0,bearish_proxy,22.31,38.71,0.0,22,confirmed_bearish_trend,58,bullish_above_signal,37.99,14.79,0.82,-0.03270111,-0.02889035,-0.20782003,-0.15194959,4H MACD 位于 Signal 上方,4H EMA 空头排列；4H RSI 偏弱
1328,BETR,BETTER HOME FINANCE HOLDING CLASS,Financials,Early,Russell,1241,9.01,27.73,32.9,19.79,51.73,30.68,30.2,30.01,18.0,bearish_transition,49.8,bullish_below_zero_proxy,21.29,38.51,0.0,22,confirmed_bearish_trend,42,mixed_or_bearish,39.39,12.36,1.65,-0.01592357,-0.08342603,-0.08782288,-0.28760807,,4H EMA 空头排列；4H MACD 尚未确认多头；4H RSI 偏弱
1329,BLZE,BACKBLAZE INC CLASS A,Information Technology,Early,Russell,1896,8.99,21.17,43.7,6.19,51.73,45.39,46.55,18.17,15.0,bearish_transition,25.0,bearish_proxy,6.92,35.63,0.0,39,bearish_transition,66,bullish_above_signal,42.13,13.11,0.85,0.01707538,-0.00907029,-0.32387825,-0.33787875,4H MACD 位于 Signal 上方；4H MACD 柱体连续扩张,4H EMA 转弱或跌破 EMA26
1330,EGAN,EGAIN CORP,Information Technology,Early,Russell,1831,8.99,22.48,39.1,15.36,51.73,42.92,43.8,22.0,15.0,bearish_transition,25.0,bearish_proxy,18.53,37.96,0.0,36,bearish_transition,72,fresh_below_zero_cross,34.32,5.39,0.55,0.02862595,0.05582762,-0.25242718,-0.25859697,4H MACD 刚金叉但仍需零轴确认；4H MACD 柱体连续扩张,4H EMA 转弱或跌破 EMA26；4H RSI 偏弱
1331,CORZ,CORE SCIENTIFIC INC,Information Technology,Early,Russell,1345,8.96,27.52,32.9,20.0,51.73,35.0,35.0,29.15,15.0,bearish_transition,49.8,bullish_below_zero_proxy,21.39,38.53,0.0,22,confirmed_bearish_trend,50,mixed_or_bearish,44.92,16.879999,1.21,0.04294100,-0.06637174,-0.16145058,-0.25981149,4H MACD 柱体连续扩张,4H EMA 空头排列；4H MACD 尚未确认多头
1332,PLAB,PHOTRONICS,Information Technology,Early,Russell,1720,8.91,23.43,32.9,29.18,51.73,35.0,35.0,24.79,15.0,bearish_transition,25.0,bearish_proxy,26.97,39.64,0.0,22,confirmed_bearish_trend,50,mixed_or_bearish,43.69,27.85,1.43,0.02767528,-0.04196766,-0.17100762,-0.14570547,4H MACD 柱体连续扩张,4H EMA 空头排列；4H MACD 尚未确认多头
1333,ESOA,ENERGY SERVICES OF AMERICA CORP,Energy,Early,Russell,986,8.88,28.65,25.9,35.46,51.73,30.68,30.2,32.72,18.0,bearish_transition,49.8,bullish_below_zero_proxy,29.48,40.15,0.0,22,confirmed_bearish_trend,42,mixed_or_bearish,37.66,11.09,2.11,-0.00090090,-0.05254165,-0.15084227,-0.29408020,,4H EMA 空头排列；4H MACD 尚未确认多头；4H RSI 偏弱
1334,LCUT,LIFETIME BRANDS INC,Consumer Discretionary,Early,Russell,1520,8.84,24.26,25.9,45.46,51.73,32.84,32.6,27.46,18.0,bearish_transition,25.0,bearish_proxy,32.35,40.72,0.0,22,confirmed_bearish_trend,50,mixed_or_bearish,36.4,8.25,1.24,0.00671141,-0.06250000,-0.13431270,-0.04069767,4H MACD 柱体连续扩张,4H EMA 空头排列；4H MACD 尚未确认多头；4H RSI 偏弱
1335,RYTM,RHYTHM PHARMACEUTICALS,Health Care,Early,Russell,1486,8.82,24.68,25.9,44.33,51.73,30.68,30.2,27.89,18.0,bearish_transition,26.35,bearish_proxy,32.16,41.68,0.0,22,confirmed_bearish_trend,42,mixed_or_bearish,34.77,98.010002,1.74,0.00947581,-0.03008413,-0.15179576,-0.07327912,,4H EMA 空头排列；4H MACD 尚未确认多头；4H RSI 偏弱
1336,LEE,LEE ENTERPRISES INC,Communication,Early,Russell,1601,8.82,24.04,25.9,45.82,51.73,29.15,28.5,26.59,15.0,bearish_transition,25.0,bearish_proxy,32.42,40.73,0.0,22,confirmed_bearish_trend,42,mixed_or_bearish,36.43,7.32,0.21,-0.02400000,-0.03174603,-0.11218921,-0.10184049,,4H EMA 空头排列；4H MACD 尚未确认多头；4H RSI 偏弱
1337,RUN,SUNRUN INC,Industrials,Early,Russell,994,8.72,28.6,25.9,34.54,51.73,30.68,30.2,32.56,18.0,bearish_transition,49.8,bullish_below_zero_proxy,29.0,40.05,0.0,22,confirmed_bearish_trend,42,mixed_or_bearish,37.1,8.27,1.34,-0.01488982,-0.05969301,-0.15869786,-0.24954628,,4H EMA 空头排列；4H MACD 尚未确认多头；4H RSI 偏弱
1338,EE,EXCELERATE ENERGY CLASS A,Energy,Early,Russell,799,8.71,27.37,32.9,18.66,51.73,40.67,41.3,36.18,18.0,bearish_transition,26.35,bearish_proxy,57.75,45.8,0.0,36,bearish_transition,50,mixed_or_bearish,44.8,37.689999,2.0,0.04116016,-0.04072288,0.04404435,-0.03925570,4H MACD 柱体连续扩张,4H EMA 转弱或跌破 EMA26；4H MACD 尚未确认多头
1339,NPO,ENPRO,Industrials,Early,Russell,1729,8.7,23.37,32.9,27.94,51.73,35.0,35.0,24.6,15.0,bearish_transition,25.0,bearish_proxy,26.41,39.53,0.0,22,confirmed_bearish_trend,50,mixed_or_bearish,40.51,286.950012,1.36,0.01748111,-0.04642430,-0.17145490,-0.14299787,4H MACD 柱体连续扩张,4H EMA 空头排列；4H MACD 尚未确认多头
1340,MFA,MFA FINANCIAL,Financials,Early,Russell,1265,8.67,25.14,25.9,95.57,51.73,32.84,32.6,29.8,15.0,bearish_transition,25.0,bearish_proxy,42.16,42.68,0.0,22,confirmed_bearish_trend,50,mixed_or_bearish,32.17,8.45,1.19,0.00177830,-0.03538813,-0.07244786,-0.07091809,4H MACD 柱体连续扩张,4H EMA 空头排列；4H MACD 尚未确认多头；4H RSI 偏弱
1341,MAMA,MAMAS CREATIONS INC,Consumer Staples,Early,Russell,1666,8.67,23.96,32.9,26.34,51.73,32.84,32.6,25.77,18.0,bearish_transition,26.35,bearish_proxy,25.75,40.4,0.0,22,confirmed_bearish_trend,50,mixed_or_bearish,39.77,14.25,1.85,0.02004295,-0.06618611,-0.17582422,-0.24363057,4H MACD 柱体连续扩张,4H EMA 空头排列；4H MACD 尚未确认多头；4H RSI 偏弱
1342,VERA,VERA THERAPEUTICS CLASS A,Health Care,Early,Russell,890,8.66,26.52,32.9,20.31,51.73,30.68,30.2,34.81,18.0,bearish_transition,21.35,fresh_bearish_cross_proxy,56.92,46.63,0.0,22,confirmed_bearish_trend,42,mixed_or_bearish,38.17,31.77,1.48,-0.03346514,-0.05894544,0.00442621,0.06183155,,4H EMA 空头排列；4H MACD 尚未确认多头；4H RSI 偏弱
1343,LASR,NLIGHT,Information Technology,Early,Russell,1629,8.53,26.52,36.7,9.28,51.73,35.63,35.7,26.23,15.0,bearish_transition,49.8,bullish_below_zero_proxy,12.55,36.76,0.0,22,confirmed_bearish_trend,66,bullish_above_signal,37.03,38.560001,0.53,0.02105129,-0.05928277,-0.28645447,-0.50032393,4H MACD 位于 Signal 上方；4H MACD 柱体连续扩张,4H EMA 空头排列；4H RSI 偏弱
1344,NWPX,NWPX INFRASTRUCTURE,Industrials,Early,Russell,1616,8.47,24.0,25.9,43.61,51.73,31.31,30.9,26.46,15.0,bearish_transition,25.0,bearish_proxy,32.02,40.65,0.0,22,confirmed_bearish_trend,50,mixed_or_bearish,37.61,102.349998,0.52,0.00921951,-0.04238397,-0.12581144,-0.19466519,4H MACD 柱体连续扩张,4H EMA 空头排列；4H MACD 尚未确认多头；4H RSI 偏弱
1345,KALU,KAISER ALUMINIUM,Materials,Early,Russell,1741,8.39,23.27,32.9,26.08,51.73,34.19,34.1,24.31,15.0,bearish_transition,25.0,bearish_proxy,25.53,39.36,0.0,22,confirmed_bearish_trend,50,mixed_or_bearish,41.04,152.380005,1.03,0.02848273,-0.09075715,-0.17814572,-0.12676215,4H MACD 柱体连续扩张,4H EMA 空头排列；4H MACD 尚未确认多头
1346,KRMD,KORU MEDICAL SYSTEMS INC,Health Care,Early,Russell,613,8.38,30.69,51.7,91.91,51.73,45.39,46.55,37.89,18.0,bearish_transition,51.15,bullish_below_zero_proxy,43.68,43.99,0.0,39,bearish_transition,66,bullish_above_signal,47.52,3.2,0.72,0.01265823,0.01265823,-0.05044510,-0.24528302,4H MACD 位于 Signal 上方；4H MACD 柱体连续扩张,4H EMA 转弱或跌破 EMA26
1347,OCFC,OCEANFIRST FINANCIAL,Financials,Early,Russell,1127,8.34,25.57,25.9,92.37,51.73,29.64,29.05,30.89,18.0,bearish_transition,26.35,bearish_proxy,41.72,42.59,0.0,22,confirmed_bearish_trend,42,mixed_or_bearish,33.35,18.25,2.9,-0.02406422,-0.02197213,-0.07077388,-0.07874806,,4H EMA 空头排列；4H MACD 尚未确认多头；4H RSI 偏弱
1348,CURB,CURBLINE PROPERTIES,Real Estate,Early,Russell,1208,8.33,25.3,25.9,92.94,51.73,29.87,29.3,30.28,15.0,bearish_transition,25.0,bearish_proxy,43.62,42.97,0.0,22,confirmed_bearish_trend,42,mixed_or_bearish,33.25,28.709999,0.82,-0.01204405,-0.02080495,-0.04268093,-0.04522784,,4H EMA 空头排列；4H MACD 尚未确认多头；4H RSI 偏弱
1349,FCEL,FUELCELL ENERGY INC,Industrials,Early,Russell,1920,8.32,20.49,43.7,3.3,51.73,38.51,38.9,16.17,15.0,bearish_transition,25.0,bearish_proxy,0.85,34.42,0.0,22,confirmed_bearish_trend,66,bullish_above_signal,42.5,15.5,0.57,0.02445473,-0.06400961,-0.30741731,-0.31141715,4H MACD 位于 Signal 上方；4H MACD 柱体连续扩张,4H EMA 空头排列
1350,AGX,ARGAN,Industrials,Early,Russell,1672,8.26,26.34,36.7,7.94,51.73,36.35,36.5,25.69,15.0,bearish_transition,49.8,bullish_below_zero_proxy,10.92,36.43,0.0,22,confirmed_bearish_trend,66,bullish_above_signal,37.64,394.040009,0.61,0.01729750,-0.02021534,-0.33137631,-0.36209549,4H MACD 位于 Signal 上方；4H MACD 柱体连续扩张,4H EMA 空头排列；4H RSI 偏弱
1351,ASYS,AMTECH SYSTEMS INC,Information Technology,Early,Russell,1747,8.22,23.23,32.9,25.05,51.73,32.03,31.7,24.2,15.0,bearish_transition,25.0,bearish_proxy,25.18,39.29,0.0,22,confirmed_bearish_trend,50,mixed_or_bearish,38.84,13.85,0.84,0.00580973,-0.09358639,-0.17998811,-0.20630377,4H MACD 柱体连续扩张,4H EMA 空头排列；4H MACD 尚未确认多头；4H RSI 偏弱
1352,SRRK,SCHOLAR ROCK HOLDING,Health Care,Early,Russell,904,8.12,26.97,25.9,34.33,51.73,32.84,32.6,34.59,18.0,bearish_transition,26.35,bearish_proxy,52.47,45.74,0.0,22,confirmed_bearish_trend,50,mixed_or_bearish,35.79,49.369999,1.45,0.05672085,-0.09611864,-0.05258112,0.03198158,4H MACD 柱体连续扩张,4H EMA 空头排列；4H MACD 尚未确认多头；4H RSI 偏弱
1353,JCAP,JEFFERSON CAPITAL INC,Financials,Early,Russell,1637,8.07,23.89,25.9,41.19,51.73,36.35,36.5,26.13,15.0,bearish_transition,25.0,bearish_proxy,31.05,40.46,0.0,36,bearish_transition,42,mixed_or_bearish,36.82,20.49,1.47,-0.00870827,-0.05006954,-0.13269841,0.00048828,,4H EMA 转弱或跌破 EMA26；4H MACD 尚未确认多头；4H RSI 偏弱
1354,RELL,RICHARDSON ELECTRONICS LTD,Information Technology,Early,Russell,1755,8.07,23.14,32.9,24.23,51.73,35.0,35.0,23.95,15.0,bearish_transition,25.0,bearish_proxy,24.42,39.13,0.0,22,confirmed_bearish_trend,50,mixed_or_bearish,40.15,16.450001,1.39,0.01983893,-0.05405394,-0.17626431,-0.23166740,4H MACD 柱体连续扩张,4H EMA 空头排列；4H MACD 尚未确认多头
1355,ENS,ENERSYS,Industrials,Early,Russell,1640,8.05,23.88,25.9,41.03,51.73,32.03,31.7,26.12,15.0,bearish_transition,25.0,bearish_proxy,31.01,40.45,0.0,22,confirmed_bearish_trend,50,mixed_or_bearish,34.8,171.850006,0.78,0.00984283,-0.04037299,-0.15110648,-0.11289487,4H MACD 柱体连续扩张,4H EMA 空头排列；4H MACD 尚未确认多头；4H RSI 偏弱
1356,RUSHA,RUSH ENTERPRISES CLASS A,Industrials,Early,Russell,1934,8.04,20.4,43.7,1.65,51.73,46.21,47.45,15.89,15.0,bearish_transition,25.0,bearish_proxy,0.0,34.25,0.0,39,bearish_transition,66,bullish_above_signal,43.61,49.009998,1.37,-0.00101922,-0.00688956,-0.10467672,-0.11213773,4H MACD 位于 Signal 上方；4H MACD 柱体连续扩张,4H EMA 转弱或跌破 EMA26
1357,LPTH,LIGHTPATH TECHNOLOGIES INC CLASS A,Information Technology,Early,Russell,1932,8.04,20.4,43.7,1.65,51.73,36.35,36.5,15.89,15.0,bearish_transition,25.0,bearish_proxy,0.0,34.25,0.0,22,confirmed_bearish_trend,66,bullish_above_signal,39.46,9.39,0.85,0.00320513,-0.07396450,-0.36554054,-0.24699278,4H MACD 位于 Signal 上方；4H MACD 柱体连续扩张,4H EMA 空头排列；4H RSI 偏弱
1358,ENOV,ENOVIS CORP,Health Care,Early,Russell,1829,8.03,22.64,36.7,15.05,51.73,42.02,42.8,22.06,15.0,bearish_transition,25.0,bearish_proxy,18.25,38.9,0.0,36,bearish_transition,66,bullish_above_signal,36.78,18.655001,0.94,0.01551442,-0.01970573,-0.24656700,-0.39490753,4H MACD 位于 Signal 上方；4H MACD 柱体连续扩张,4H EMA 转弱或跌破 EMA26；4H RSI 偏弱
1359,AIP,ARTERIS INC,Information Technology,Early,Russell,1479,7.97,27.1,32.9,14.33,51.73,32.03,31.7,27.94,15.0,bearish_transition,49.8,bullish_below_zero_proxy,17.72,37.79,0.0,22,confirmed_bearish_trend,50,mixed_or_bearish,39.4,20.870001,0.83,0.03368004,-0.07858715,-0.24941554,-0.34964160,4H MACD 柱体连续扩张,4H EMA 空头排列；4H MACD 尚未确认多头；4H RSI 偏弱
1360,GENI,GENIUS SPORTS LTD,Consumer Discretionary,Early,Russell,1645,7.94,23.88,25.9,40.31,51.73,32.03,31.7,26.09,15.0,bearish_transition,25.0,bearish_proxy,30.93,40.44,0.0,22,confirmed_bearish_trend,50,mixed_or_bearish,36.73,6.615,0.72,0.02320186,-0.05970149,-0.14755155,-0.18181818,4H MACD 柱体连续扩张,4H EMA 空头排列；4H MACD 尚未确认多头；4H RSI 偏弱
1361,PLPC,PREFORMED LINE PRODUCTS,Industrials,Early,Russell,1650,7.87,23.74,29.3,31.13,51.73,29.06,28.4,25.95,18.0,bearish_transition,25.0,bearish_proxy,27.77,39.8,0.0,22,confirmed_bearish_trend,28,fresh_bearish_cross,43.56,396.809998,1.45,-0.01086825,-0.03497168,-0.16381834,-0.06300029,,4H EMA 空头排列；4H MACD 最近死叉
1362,PENG,PENGUIN SOLUTIONS INC,Information Technology,Early,Russell,1502,7.82,27.03,32.9,13.51,51.73,34.19,34.1,27.72,15.0,bearish_transition,49.8,bullish_below_zero_proxy,17.07,37.66,0.0,22,confirmed_bearish_trend,50,mixed_or_bearish,44.52,48.240002,1.05,0.02977908,-0.05504402,-0.23525681,-0.16597507,4H MACD 柱体连续扩张,4H EMA 空头排列；4H MACD 尚未确认多头
1363,WT,WISDOMTREE,Financials,Early,Russell,524,7.78,38.57,25.9,58.3,51.73,38.51,38.9,38.93,38.0,mixed_sideways,26.35,bearish_proxy,47.91,43.83,0.0,36,bearish_transition,50,mixed_or_bearish,33.95,22.27,1.28,0.00496390,-0.06878532,-0.03572198,-0.00535949,4H MACD 柱体连续扩张,4H EMA 转弱或跌破 EMA26；4H MACD 尚未确认多头；4H RSI 偏弱
1364,COUR,COURSERA,Consumer Discretionary,Early,Russell,1297,7.73,25.05,25.9,89.54,51.73,32.84,32.6,29.53,15.0,bearish_transition,25.0,bearish_proxy,41.33,42.52,0.0,22,confirmed_bearish_trend,50,mixed_or_bearish,32.98,5.235,1.3,-0.02149533,-0.01226415,-0.05675676,-0.14320786,4H MACD 柱体连续扩张,4H EMA 空头排列；4H MACD 尚未确认多头；4H RSI 偏弱
1365,STXS,STEREOTAXIS INC,Health Care,Early,Russell,1218,7.66,25.39,51.7,99.48,51.73,44.68,45.75,30.15,15.0,bearish_transition,25.0,bearish_proxy,42.76,43.8,0.0,39,bearish_transition,66,bullish_above_signal,46.77,1.335,0.51,0.01128702,0.01520913,-0.04642857,-0.06643357,4H MACD 位于 Signal 上方；4H MACD 柱体连续扩张,4H EMA 转弱或跌破 EMA26
1366,CRNC,CERENCE,Information Technology,Early,Russell,880,7.54,29.53,25.9,77.84,51.73,29.87,29.3,35.06,15.0,bearish_transition,49.8,bullish_below_zero_proxy,39.31,42.11,0.0,22,confirmed_bearish_trend,42,mixed_or_bearish,33.86,7.85,0.99,-0.04617254,-0.05193237,-0.07755582,-0.16355887,,4H EMA 空头排列；4H MACD 尚未确认多头；4H RSI 偏弱
1367,PDM,PIEDMONT REALTY TRUST CLASS A,Real Estate,Early,Russell,624,7.39,27.85,32.9,8.76,51.73,32.03,31.7,37.75,15.0,bearish_transition,25.0,bearish_proxy,66.24,47.5,0.0,22,confirmed_bearish_trend,42,mixed_or_bearish,42.53,9.345,0.71,-0.01735016,-0.02402089,-0.00053476,-0.03610108,,4H EMA 空头排列；4H MACD 尚未确认多头
1368,SLS,SELLAS LIFE SCIENCES GROUP INC,Health Care,Early,Russell,1792,7.36,22.98,32.9,19.9,51.73,32.03,31.7,23.07,15.0,bearish_transition,25.0,bearish_proxy,21.31,39.51,0.0,22,confirmed_bearish_trend,50,mixed_or_bearish,38.23,11.66,0.62,0.04153640,-0.16475645,-0.10307692,-0.01018676,4H MACD 柱体连续扩张,4H EMA 空头排列；4H MACD 尚未确认多头；4H RSI 偏弱
1369,RES,RPC INC,Energy,Early,Russell,1160,7.34,25.46,25.9,85.98,51.73,36.35,36.5,30.58,18.0,bearish_transition,26.35,bearish_proxy,40.77,42.4,0.0,36,bearish_transition,42,mixed_or_bearish,33.06,5.975,1.63,-0.04476419,-0.09125475,-0.09125475,0.00843882,,4H EMA 转弱或跌破 EMA26；4H MACD 尚未确认多头；4H RSI 偏弱
1370,SIGI,SELECTIVE INSURANCE GROUP,Financials,Early,Russell,1046,7.32,25.89,25.9,84.85,51.73,30.68,30.2,31.83,18.0,bearish_transition,26.35,bearish_proxy,44.55,43.16,0.0,22,confirmed_bearish_trend,42,mixed_or_bearish,32.19,88.529999,1.78,-0.00371373,-0.01775211,-0.03865780,-0.08316072,,4H EMA 空头排列；4H MACD 尚未确认多头；4H RSI 偏弱
1371,KLIC,KULICKE AND SOFFA INDUSTRIES INC,Information Technology,Early,Russell,1381,7.3,27.41,29.3,18.76,51.73,28.25,27.5,28.85,15.0,bearish_transition,49.8,bullish_below_zero_proxy,20.51,38.35,0.0,22,confirmed_bearish_trend,28,fresh_bearish_cross,41.68,79.550003,0.92,0.00651609,-0.05060267,-0.21864252,-0.15255140,,4H EMA 空头排列；4H MACD 最近死叉
1372,HLIT,HARMONIC,Information Technology,Early,Russell,1578,7.27,24.18,25.9,35.15,51.73,30.68,30.2,26.8,18.0,bearish_transition,26.35,bearish_proxy,29.32,40.11,0.0,22,confirmed_bearish_trend,42,mixed_or_bearish,37.3,11.15,1.81,-0.04332904,-0.05588484,-0.16976917,-0.09898990,,4H EMA 空头排列；4H MACD 尚未确认多头；4H RSI 偏弱
1373,BELFB,BEL FUSE CLASS B,Information Technology,Early,Russell,1798,7.26,22.78,32.9,19.69,51.73,32.03,31.7,22.89,15.0,bearish_transition,25.0,bearish_proxy,21.23,38.5,0.0,22,confirmed_bearish_trend,50,mixed_or_bearish,39.07,234.600006,0.72,0.01924668,-0.04719355,-0.21177300,-0.21963875,4H MACD 柱体连续扩张,4H EMA 空头排列；4H MACD 尚未确认多头；4H RSI 偏弱
1374,CRK,COMSTOCK RESOURCES,Energy,Early,Russell,575,7.25,38.35,19.65,71.96,51.73,36.35,36.5,38.3,38.0,mixed_sideways,26.35,bearish_proxy,46.0,43.45,0.0,36,bearish_transition,42,mixed_or_bearish,30.52,13.11,1.33,-0.10266940,-0.12013423,-0.03318584,-0.01465614,,4H EMA 转弱或跌破 EMA26；4H MACD 尚未确认多头；4H RSI 偏弱
1375,IMMR,IMMERSION CORP,Information Technology,Early,Russell,1321,7.23,24.99,25.9,86.34,51.73,30.68,30.2,29.35,15.0,bearish_transition,25.0,bearish_proxy,40.79,42.41,0.0,22,confirmed_bearish_trend,42,mixed_or_bearish,32.31,7.12,1.35,-0.01385042,-0.04301075,-0.05444887,-0.08010336,,4H EMA 空头排列；4H MACD 尚未确认多头；4H RSI 偏弱
1376,CLYM,CLIMB BIO INC,Health Care,Early,Russell,1759,7.15,23.32,32.9,17.68,51.73,35.0,35.0,23.88,18.0,bearish_transition,26.35,bearish_proxy,20.0,39.25,0.0,22,confirmed_bearish_trend,50,mixed_or_bearish,43.95,14.11,1.73,0.04907063,-0.06245847,-0.19186708,0.12430279,4H MACD 柱体连续扩张,4H EMA 空头排列；4H MACD 尚未确认多头
1377,ABEO,ABEONA THERAPEUTICS INC,Health Care,Early,Russell,1151,7.15,25.62,25.9,84.33,51.73,32.84,32.6,30.62,18.0,bearish_transition,26.35,bearish_proxy,40.45,43.34,0.0,22,confirmed_bearish_trend,50,mixed_or_bearish,33.16,5.37,1.61,0.00093197,-0.06851691,-0.09823678,-0.21260997,4H MACD 柱体连续扩张,4H EMA 空头排列；4H MACD 尚未确认多头；4H RSI 偏弱
1378,PHR,PHREESIA,Health Care,Early,Russell,1547,7.04,24.38,39.1,51.29,51.73,37.97,38.3,27.17,15.0,bearish_transition,25.0,bearish_proxy,33.74,42.0,0.0,22,confirmed_bearish_trend,72,fresh_below_zero_cross,33.97,10.26,0.7,-0.01346154,-0.00773694,-0.11245675,-0.10353866,4H MACD 刚金叉但仍需零轴确认；4H MACD 柱体连续扩张,4H EMA 空头排列；4H RSI 偏弱
1379,NRGV,ENERGY VAULT HOLDINGS,Industrials,Early,Russell,361,7.01,44.66,37.3,88.56,51.73,37.57,37.85,45.66,35.0,mixed_sideways,61.8,bullish_above_signal_proxy,44.15,43.08,0.0,41,bearish_transition,28,fresh_bearish_cross,50.19,3.975,0.95,-0.03869407,-0.07342657,0.04057592,0.21745789,4H RSI 位于健康强势区间,4H EMA 转弱或跌破 EMA26；4H MACD 最近死叉
1380,PXED,PHOENIX EDUCATION PARTNERS,Consumer Discretionary,Early,Russell,1150,6.93,25.43,25.9,83.3,51.73,32.03,31.7,30.66,15.0,bearish_transition,25.0,bearish_proxy,44.77,43.2,0.0,22,confirmed_bearish_trend,50,mixed_or_bearish,33.45,26.57,0.71,-0.01483126,-0.02316180,-0.00858205,-0.09656579,4H MACD 柱体连续扩张,4H EMA 空头排列；4H MACD 尚未确认多头；4H RSI 偏弱
1381,FBK,FB FINANCIAL,Financials,Early,Russell,1275,6.85,25.18,30.45,71.24,51.73,35.0,35.0,29.73,18.0,bearish_transition,26.35,bearish_proxy,38.2,41.89,0.0,22,confirmed_bearish_trend,58,bullish_above_signal,30.55,54.099998,2.42,-0.01654245,-0.01109553,-0.11817441,-0.12826302,4H MACD 位于 Signal 上方,4H EMA 空头排列；4H RSI 偏弱
1382,KFY,KORN FERRY,Industrials,Early,Russell,1243,6.82,25.2,19.65,99.79,51.73,32.03,31.7,29.98,15.0,bearish_transition,25.0,bearish_proxy,42.7,42.79,0.0,22,confirmed_bearish_trend,50,mixed_or_bearish,27.91,77.394997,0.73,-0.00807440,-0.04591970,-0.06786706,-0.06965987,4H MACD 柱体连续扩张,4H EMA 空头排列；4H MACD 尚未确认多头；4H RSI 偏弱
1383,STRT,STRATTEC SECURITY CORP,Consumer Discretionary,Early,Russell,1691,6.8,23.6,25.9,33.4,51.73,29.87,29.3,25.29,15.0,bearish_transition,25.0,bearish_proxy,28.49,39.95,0.0,22,confirmed_bearish_trend,42,mixed_or_bearish,34.72,68.529999,0.96,-0.01296271,-0.05017329,-0.16150745,-0.22345610,,4H EMA 空头排列；4H MACD 尚未确认多头；4H RSI 偏弱
1384,CBK,COMMERCIAL BANCGROUP INC,Financials,Early,Russell,1344,6.73,24.92,25.9,83.14,51.73,30.68,30.2,29.16,15.0,bearish_transition,25.0,bearish_proxy,40.23,42.3,0.0,22,confirmed_bearish_trend,42,mixed_or_bearish,33.22,32.889999,1.6,-0.01216396,-0.02403567,-0.06456203,-0.06122452,,4H EMA 空头排列；4H MACD 尚未确认多头；4H RSI 偏弱
1385,HLIO,HELIOS TECHNOLOGIES INC,Industrials,Early,Russell,1648,6.67,23.78,25.9,32.06,51.73,32.84,32.6,26.06,18.0,bearish_transition,25.0,bearish_proxy,28.09,39.87,0.0,22,confirmed_bearish_trend,50,mixed_or_bearish,35.88,67.050003,1.48,0.00872577,-0.05202884,-0.18281535,-0.17699764,4H MACD 柱体连续扩张,4H EMA 空头排列；4H MACD 尚未确认多头；4H RSI 偏弱
1386,CMCO,COLUMBUS MCKINNON CORP,Industrials,Early,Russell,1696,6.64,23.57,25.9,32.37,51.73,30.68,30.2,25.2,15.0,bearish_transition,25.0,bearish_proxy,28.21,39.89,0.0,22,confirmed_bearish_trend,42,mixed_or_bearish,34.9,16.1,1.09,-0.02777772,-0.08652482,-0.15706806,-0.25497458,,4H EMA 空头排列；4H MACD 尚未确认多头；4H RSI 偏弱
1387,NPWR,NET POWER CLASS A,Industrials,Early,Russell,757,6.62,37.62,40.9,92.78,51.73,39.32,39.8,36.58,38.0,mixed_sideways,25.0,bearish_proxy,41.8,42.61,0.0,38,bearish_transition,42,mixed_or_bearish,45.2,1.76,1.24,-0.04373811,-0.04864865,0.01734104,0.14285714,,4H EMA 转弱或跌破 EMA26；4H MACD 尚未确认多头
1388,FCPT,FOUR CORNERS PROPERTY INC TRUST,Real Estate,Early,Russell,1083,6.62,25.72,19.65,97.22,51.73,29.64,29.05,31.33,18.0,bearish_transition,26.35,bearish_proxy,43.05,42.86,0.0,22,confirmed_bearish_trend,42,mixed_or_bearish,13.41,23.049999,4.7,-0.02495770,-0.06033436,-0.08057443,-0.08386331,,4H EMA 空头排列；4H MACD 尚未确认多头；4H RSI 偏弱
1389,NXRT,NEXPOINT RESIDENTIAL TRUST INC,Real Estate,Early,Russell,1236,6.59,25.23,19.65,98.14,51.73,30.68,30.2,30.07,15.0,bearish_transition,25.0,bearish_proxy,42.97,42.84,0.0,22,confirmed_bearish_trend,42,mixed_or_bearish,27.92,21.35,1.12,-0.03174599,-0.06687059,-0.10893152,-0.12714633,,4H EMA 空头排列；4H MACD 尚未确认多头；4H RSI 偏弱
1390,PECO,PHILLIPS EDISON AND COMPANY,Real Estate,Early,Russell,1253,6.56,25.18,19.65,98.09,51.73,30.68,30.2,29.92,15.0,bearish_transition,25.0,bearish_proxy,42.52,42.75,0.0,22,confirmed_bearish_trend,42,mixed_or_bearish,31.07,37.799999,1.28,-0.00079310,-0.02426440,-0.05358037,-0.09178280,,4H EMA 空头排列；4H MACD 尚未确认多头；4H RSI 偏弱
1391,ALTO,ALTO INGREDIENTS INC,Materials,Early,Russell,797,6.52,29.84,51.7,81.49,51.73,45.66,46.85,36.2,18.0,bearish_transition,49.8,bullish_below_zero_proxy,40.02,42.25,0.0,39,bearish_transition,58,bullish_above_signal,48.22,4.02,1.49,0.00625782,0.00249377,-0.04626335,-0.24152374,4H MACD 位于 Signal 上方；4H RSI 位于健康强势区间,4H EMA 转弱或跌破 EMA26
1392,KURA,KURA ONCOLOGY,Health Care,Early,Russell,579,6.5,38.4,25.9,50.15,51.73,38.51,38.9,38.23,35.0,mixed_sideways,25.0,bearish_proxy,49.06,45.06,0.0,36,bearish_transition,50,mixed_or_bearish,33.41,11.2,1.66,-0.00311526,-0.07284768,-0.00621118,0.18330692,4H MACD 柱体连续扩张,4H EMA 转弱或跌破 EMA26；4H MACD 尚未确认多头；4H RSI 偏弱
1393,NP,NEPTUNE INSURANCE HOLDINGS CLASS A,Financials,Early,Russell,1256,6.5,25.18,19.65,97.73,51.73,32.84,32.6,29.91,15.0,bearish_transition,25.0,bearish_proxy,42.5,42.75,0.0,22,confirmed_bearish_trend,50,mixed_or_bearish,31.95,30.51,1.14,-0.01485305,-0.03601896,-0.03081321,-0.04297362,4H MACD 柱体连续扩张,4H EMA 空头排列；4H MACD 尚未确认多头；4H RSI 偏弱
1394,WAFD,WAFD INC,Financials,Early,Russell,1255,6.5,25.18,19.65,97.73,51.73,30.68,30.2,29.91,15.0,bearish_transition,25.0,bearish_proxy,42.5,42.75,0.0,22,confirmed_bearish_trend,42,mixed_or_bearish,24.97,32.790001,1.29,-0.01026260,-0.03160071,-0.13185065,-0.12977704,,4H EMA 空头排列；4H MACD 尚未确认多头；4H RSI 偏弱
1395,CTRE,CARETRUST REIT,Real Estate,Early,Russell,1140,6.49,25.47,25.9,80.31,51.73,30.68,30.2,30.76,15.0,bearish_transition,25.0,bearish_proxy,45.07,43.26,0.0,22,confirmed_bearish_trend,42,mixed_or_bearish,32.61,38.0,1.25,-0.01247401,-0.02638993,-0.03258653,-0.06965359,,4H EMA 空头排列；4H MACD 尚未确认多头；4H RSI 偏弱
1396,UCTT,ULTRA CLEAN HOLDINGS INC,Information Technology,Early,Russell,1704,6.48,26.11,32.9,6.7,51.73,34.19,34.1,25.03,15.0,bearish_transition,49.8,bullish_below_zero_proxy,8.93,36.04,0.0,22,confirmed_bearish_trend,50,mixed_or_bearish,40.54,66.529999,0.83,0.02243736,-0.11287424,-0.24371947,-0.21228984,4H MACD 柱体连续扩张,4H EMA 空头排列；4H MACD 尚未确认多头
1397,PMT,PENNYMAC MORTGAGE INVESTMENT TRUST,Financials,Early,Russell,1108,6.45,25.63,19.65,96.29,51.73,30.68,30.2,31.06,18.0,bearish_transition,26.35,bearish_proxy,42.22,42.69,0.0,22,confirmed_bearish_trend,42,mixed_or_bearish,27.03,8.89,1.42,-0.01876380,-0.05726405,-0.07588358,-0.06715635,,4H EMA 空头排列；4H MACD 尚未确认多头；4H RSI 偏弱
1398,PRK,PARK NATIONAL CORP,Financials,Early,Russell,1336,6.4,25.0,32.85,62.27,51.73,35.59,35.65,29.22,18.0,bearish_transition,26.35,bearish_proxy,36.65,41.58,0.0,22,confirmed_bearish_trend,64,fresh_below_zero_cross,28.21,182.940002,2.56,-0.01705936,-0.01908846,-0.10839259,-0.12844208,4H MACD 刚金叉但仍需零轴确认,4H EMA 空头排列；4H RSI 偏弱
1399,MRTN,MARTEN TRANSPORT,Industrials,Early,Russell,812,6.39,29.78,22.3,79.18,51.73,25.87,24.85,36.04,18.0,bearish_transition,49.8,bullish_below_zero_proxy,39.55,42.16,0.0,22,confirmed_bearish_trend,28,fresh_bearish_cross,32.02,13.68,7.1,-0.02145923,-0.02425107,-0.10471204,-0.08739159,,4H EMA 空头排列；4H MACD 最近死叉；4H RSI 偏弱
1400,INR,INFINITY NATURAL RESOURCES INC CLA,Energy,Early,Russell,582,6.36,38.18,19.65,66.44,51.73,35.31,35.35,38.2,38.0,mixed_sideways,25.0,bearish_proxy,46.7,43.59,0.0,36,bearish_transition,42,mixed_or_bearish,23.8,13.26,2.57,-0.09918478,-0.12906404,-0.04121475,0.03030303,,4H EMA 转弱或跌破 EMA26；4H MACD 尚未确认多头；4H RSI 偏弱
1401,DEA,EASTERLY GOVERNMENT PROPERTIES INC,Real Estate,Early,Russell,1261,6.32,25.15,19.65,96.55,51.73,30.68,30.2,29.83,15.0,bearish_transition,25.0,bearish_proxy,42.26,42.7,0.0,22,confirmed_bearish_trend,42,mixed_or_bearish,22.34,23.299999,1.09,-0.01521560,-0.02774884,-0.04975534,-0.08321865,,4H EMA 空头排列；4H MACD 尚未确认多头；4H RSI 偏弱
1402,BKV,BKV,Energy,Early,Russell,912,6.21,26.74,25.9,22.16,51.73,29.15,28.5,34.48,15.0,bearish_transition,25.0,bearish_proxy,56.35,45.52,0.0,22,confirmed_bearish_trend,42,mixed_or_bearish,34.4,22.790001,0.5,-0.05081212,-0.05435680,-0.13461166,-0.02398283,,4H EMA 空头排列；4H MACD 尚未确认多头；4H RSI 偏弱
1403,FBYD,FALCON S BEYOND GLOBAL INC CLASS A,Industrials,Early,Russell,1929,6.2,20.4,39.1,1.65,51.73,44.86,45.95,15.89,15.0,bearish_transition,25.0,bearish_proxy,0.0,34.25,0.0,39,bearish_transition,72,fresh_below_zero_cross,36.65,7.01,0.63,0.02112163,-0.04103967,-0.31071780,-0.25544344,4H MACD 刚金叉但仍需零轴确认；4H MACD 柱体连续扩张,4H EMA 转弱或跌破 EMA26；4H RSI 偏弱
1404,NLOP,NET LEASE OFFICE PROPERTIES,Real Estate,Early,Russell,1215,6.2,25.27,19.65,95.52,51.73,30.68,30.2,30.18,15.0,bearish_transition,25.0,bearish_proxy,43.31,42.91,0.0,22,confirmed_bearish_trend,42,mixed_or_bearish,30.88,10.72,1.23,-0.01786532,-0.03683738,-0.06293706,-0.10292887,,4H EMA 空头排列；4H MACD 尚未确认多头；4H RSI 偏弱
1405,IRT,INDEPENDENCE REALTY,Real Estate,Early,Russell,1264,6.2,25.14,19.65,95.77,51.73,30.68,30.2,29.8,15.0,bearish_transition,25.0,bearish_proxy,42.17,42.68,0.0,22,confirmed_bearish_trend,42,mixed_or_bearish,29.93,14.96,1.4,-0.01481725,-0.01772817,-0.10365494,-0.12258059,,4H EMA 空头排列；4H MACD 尚未确认多头；4H RSI 偏弱
1406,LOB,LIVE OAK BANCSHARES,Financials,Early,Russell,1546,6.18,24.24,36.7,52.27,51.73,35.0,35.0,27.17,15.0,bearish_transition,25.0,bearish_proxy,34.18,41.09,0.0,22,confirmed_bearish_trend,58,bullish_above_signal,33.24,38.18,1.94,-0.01926535,-0.01876124,-0.11804114,-0.12511455,4H MACD 位于 Signal 上方,4H EMA 空头排列；4H RSI 偏弱
1407,OGS,ONE GAS,Utilities,Early,Russell,1115,6.17,25.68,25.9,77.63,51.73,32.84,32.6,30.99,15.0,bearish_transition,25.0,bearish_proxy,45.32,44.31,0.0,22,confirmed_bearish_trend,50,mixed_or_bearish,33.91,76.470001,1.32,0.00137501,-0.03337125,-0.04412499,-0.01176009,4H MACD 柱体连续扩张,4H EMA 空头排列；4H MACD 尚未确认多头；4H RSI 偏弱
1408,FINW,FINWISE BANCORP,Financials,Early,Russell,1075,6.16,25.77,19.65,94.07,51.73,32.84,32.6,31.48,18.0,bearish_transition,26.35,bearish_proxy,43.51,42.95,0.0,22,confirmed_bearish_trend,50,mixed_or_bearish,30.31,12.93,1.82,0.00661736,-0.04469893,-0.06236403,-0.08102345,4H MACD 柱体连续扩张,4H EMA 空头排列；4H MACD 尚未确认多头；4H RSI 偏弱
1409,WLDN,WILLDAN GROUP,Industrials,Early,Russell,1366,6.15,24.85,25.9,79.48,51.73,32.03,31.7,28.96,15.0,bearish_transition,25.0,bearish_proxy,39.63,42.18,0.0,22,confirmed_bearish_trend,50,mixed_or_bearish,32.26,78.379997,0.91,-0.00114699,-0.04844004,-0.06244020,0.02457512,4H MACD 柱体连续扩张,4H EMA 空头排列；4H MACD 尚未确认多头；4H RSI 偏弱
1410,OLMA,OLEMA PHARMACEUTICALS,Health Care,Early,Russell,1354,6.08,25.03,25.9,78.61,51.73,30.68,30.2,29.07,15.0,bearish_transition,25.0,bearish_proxy,39.48,43.15,0.0,22,confirmed_bearish_trend,42,mixed_or_bearish,32.25,9.73,1.79,-0.02602603,-0.06126387,-0.09614491,-0.17191489,,4H EMA 空头排列；4H MACD 尚未确认多头；4H RSI 偏弱
1411,VECO,VEECO INSTRUMENTS,Information Technology,Early,Russell,1847,6.07,22.29,32.9,12.89,51.73,32.03,31.7,21.44,15.0,bearish_transition,25.0,bearish_proxy,16.84,37.62,0.0,22,confirmed_bearish_trend,50,mixed_or_bearish,38.09,41.040001,0.81,0.01861504,-0.08171485,-0.24544950,-0.23759986,4H MACD 柱体连续扩张,4H EMA 空头排列；4H MACD 尚未确认多头；4H RSI 偏弱
1412,AKR,ACADIA REALTY TRUST REIT,Real Estate,Early,Russell,1271,6.01,25.12,19.65,94.54,51.73,29.87,29.3,29.74,15.0,bearish_transition,25.0,bearish_proxy,41.99,42.65,0.0,22,confirmed_bearish_trend,42,mixed_or_bearish,22.05,19.415001,0.77,-0.01446700,-0.03407955,-0.06770708,-0.10364723,,4H EMA 空头排列；4H MACD 尚未确认多头；4H RSI 偏弱
1413,TIPT,TIPTREE INC,Financials,Early,Russell,1049,6.0,25.74,25.9,76.39,51.73,32.84,32.6,31.79,18.0,bearish_transition,25.0,bearish_proxy,45.46,43.34,0.0,22,confirmed_bearish_trend,50,mixed_or_bearish,32.9,17.530001,2.13,-0.00284408,-0.01627379,-0.01516843,-0.01682552,4H MACD 柱体连续扩张,4H EMA 空头排列；4H MACD 尚未确认多头；4H RSI 偏弱
1414,WERN,WERNER ENTERPRISES,Industrials,Early,Russell,1230,5.98,25.29,25.9,77.32,51.73,30.68,30.2,30.08,18.0,bearish_transition,26.35,bearish_proxy,39.26,42.1,0.0,22,confirmed_bearish_trend,42,mixed_or_bearish,33.21,35.84,1.86,-0.04579342,-0.07842631,-0.08361035,-0.06405868,,4H EMA 空头排列；4H MACD 尚未确认多头；4H RSI 偏弱
1415,OLP,ONE LIBERTY PROPERTIES REIT INC,Real Estate,Early,Russell,1273,5.97,25.12,19.65,94.28,51.73,30.68,30.2,29.74,15.0,bearish_transition,25.0,bearish_proxy,41.98,42.65,0.0,22,confirmed_bearish_trend,42,mixed_or_bearish,28.04,22.91,1.72,-0.00564240,-0.02552105,-0.05642508,-0.06775182,,4H EMA 空头排列；4H MACD 尚未确认多头；4H RSI 偏弱
1416,PDFS,PDF SOLUTIONS,Information Technology,Early,Russell,1866,5.9,21.4,32.9,13.81,51.73,29.87,29.3,20.38,15.0,bearish_transition,20.0,fresh_bearish_cross_proxy,17.4,37.73,0.0,22,confirmed_bearish_trend,42,mixed_or_bearish,39.69,41.970001,0.87,0.00950090,-0.11042813,-0.20511360,-0.17931166,,4H EMA 空头排列；4H MACD 尚未确认多头；4H RSI 偏弱
1417,GOLF,ACUSHNET HOLDINGS CORP,Consumer Discretionary,Early,Russell,916,5.87,29.33,25.9,67.11,51.73,30.68,30.2,34.47,15.0,bearish_transition,49.8,bullish_below_zero_proxy,37.53,41.76,0.0,22,confirmed_bearish_trend,42,mixed_or_bearish,33.52,82.690002,1.55,-0.01053007,-0.03410815,-0.08791089,-0.19145395,,4H EMA 空头排列；4H MACD 尚未确认多头；4H RSI 偏弱
1418,EFSC,ENTERPRISE FINANCIAL SERVICES CORP,Financials,Early,Russell,1169,5.81,24.92,22.3,86.65,51.73,26.9,26.0,30.51,18.0,bearish_transition,21.35,fresh_bearish_cross_proxy,44.36,43.12,0.0,22,confirmed_bearish_trend,28,fresh_bearish_cross,32.51,62.049999,1.96,-0.01726322,-0.02175628,-0.05827895,-0.07746064,,4H EMA 空头排列；4H MACD 最近死叉；4H RSI 偏弱
1419,DX,DYNEX CAPITAL REIT,Financials,Early,Russell,1067,5.78,25.8,19.65,91.44,51.73,30.68,30.2,31.56,18.0,bearish_transition,26.35,bearish_proxy,43.73,43.0,0.0,22,confirmed_bearish_trend,42,mixed_or_bearish,19.14,12.15,1.79,-0.01440670,-0.05373832,-0.07039021,-0.04855129,,4H EMA 空头排列；4H MACD 尚未确认多头；4H RSI 偏弱
1420,MGEE,MGE ENERGY,Utilities,Early,Russell,1368,5.77,24.98,25.9,76.6,51.73,32.03,31.7,28.94,15.0,bearish_transition,25.0,bearish_proxy,39.1,43.07,0.0,22,confirmed_bearish_trend,50,mixed_or_bearish,33.99,75.309998,1.01,0.00373183,-0.01812254,-0.07077462,-0.05780060,4H MACD 柱体连续扩张,4H EMA 空头排列；4H MACD 尚未确认多头；4H RSI 偏弱
1421,REPL,REPLIMUNE GROUP,Health Care,Early,Russell,979,5.74,36.62,25.9,49.28,51.73,37.7,38.0,33.0,35.0,mixed_sideways,25.0,bearish_proxy,33.22,41.89,0.0,36,bearish_transition,50,mixed_or_bearish,33.27,12.96,0.89,0.01210465,-0.10187110,-0.11505633,0.08633697,4H MACD 柱体连续扩张,4H EMA 转弱或跌破 EMA26；4H MACD 尚未确认多头；4H RSI 偏弱
1422,SYNA,SYNAPTICS,Information Technology,Early,Russell,1088,5.55,28.3,22.3,23.71,51.73,26.9,26.0,31.26,18.0,bearish_transition,51.15,bullish_below_zero_proxy,24.05,39.06,0.0,22,confirmed_bearish_trend,28,fresh_bearish_cross,35.85,89.239998,2.29,-0.08649815,-0.04962730,-0.19342011,-0.16324429,,4H EMA 空头排列；4H MACD 最近死叉；4H RSI 偏弱
1423,EFC,ELLINGTON FINANCIAL,Financials,Early,Russell,1171,5.53,25.3,19.65,90.93,51.73,32.84,32.6,30.5,18.0,bearish_transition,25.0,bearish_proxy,41.55,42.56,0.0,22,confirmed_bearish_trend,50,mixed_or_bearish,20.62,12.63,1.74,-0.00668502,-0.04751131,-0.07132353,-0.05108941,4H MACD 柱体连续扩张,4H EMA 空头排列；4H MACD 尚未确认多头；4H RSI 偏弱
1424,NAVN,NAVAN CLASS A,Consumer Discretionary,Early,Russell,1745,5.49,23.25,25.9,25.46,51.73,36.98,37.2,24.25,15.0,bearish_transition,25.0,bearish_proxy,25.34,39.32,0.0,36,bearish_transition,50,mixed_or_bearish,36.88,22.530001,0.54,0.01144786,-0.13078700,-0.21498257,-0.19131370,4H MACD 柱体连续扩张,4H EMA 转弱或跌破 EMA26；4H MACD 尚未确认多头；4H RSI 偏弱
1425,GTY,GETTY REALTY REIT,Real Estate,Early,Russell,1175,5.48,25.29,19.65,90.62,51.73,30.68,30.2,30.49,18.0,bearish_transition,25.0,bearish_proxy,41.51,42.55,0.0,22,confirmed_bearish_trend,42,mixed_or_bearish,12.44,30.059999,2.03,-0.04631983,-0.08241756,-0.09101908,-0.10429088,,4H EMA 空头排列；4H MACD 尚未确认多头；4H RSI 偏弱
1426,AMAL,AMALGAMATED FINANCIAL CORP,Financials,Early,Russell,1110,5.45,25.56,25.9,73.14,51.73,30.68,30.2,31.02,15.0,bearish_transition,25.0,bearish_proxy,45.85,43.42,0.0,22,confirmed_bearish_trend,42,mixed_or_bearish,33.96,46.619999,1.14,-0.00829609,-0.02590894,-0.08228347,-0.06366744,,4H EMA 空头排列；4H MACD 尚未确认多头；4H RSI 偏弱
1427,WYFI,WHITEFIBER INC,Information Technology,Early,Russell,1826,5.37,25.11,32.9,1.65,51.73,32.03,31.7,22.09,15.0,bearish_transition,49.8,bullish_below_zero_proxy,0.0,34.25,0.0,22,confirmed_bearish_trend,50,mixed_or_bearish,38.83,17.26,0.8,0.02130178,-0.10616256,-0.43111404,-0.35039518,4H MACD 柱体连续扩张,4H EMA 空头排列；4H MACD 尚未确认多头；4H RSI 偏弱
1428,OI,O I GLASS,Materials,Early,Russell,1143,5.34,25.52,19.65,89.18,51.73,30.68,30.2,30.74,18.0,bearish_transition,26.35,bearish_proxy,41.25,42.5,0.0,22,confirmed_bearish_trend,42,mixed_or_bearish,26.66,6.14,1.73,-0.04732351,-0.07390649,-0.07390649,-0.18890357,,4H EMA 空头排列；4H MACD 尚未确认多头；4H RSI 偏弱
1429,AVTX,AVALO THERAPEUTICS,Health Care,Early,Russell,1703,5.31,23.71,25.9,23.2,51.73,32.84,32.6,25.04,18.0,bearish_transition,26.35,bearish_proxy,23.53,39.96,0.0,22,confirmed_bearish_trend,50,mixed_or_bearish,37.45,16.58,1.91,0.06213965,-0.08901104,-0.16975459,-0.10571742,4H MACD 柱体连续扩张,4H EMA 空头排列；4H MACD 尚未确认多头；4H RSI 偏弱
1430,MPLT,MAPLIGHT THERAPEUTICS,Health Care,Early,Russell,868,5.29,29.74,19.65,78.97,51.73,30.68,30.2,35.28,15.0,bearish_transition,49.8,bullish_below_zero_proxy,39.52,43.15,0.0,22,confirmed_bearish_trend,42,mixed_or_bearish,30.62,11.4,1.15,-0.08212560,-0.16666667,0.01604278,-0.11867027,,4H EMA 空头排列；4H MACD 尚未确认多头；4H RSI 偏弱
1431,AEVA,AEVA TECHNOLOGIES,Information Technology,Early,Russell,1926,5.24,20.4,36.7,1.65,51.73,34.19,34.1,15.89,15.0,bearish_transition,25.0,bearish_proxy,0.0,34.25,0.0,22,confirmed_bearish_trend,58,bullish_above_signal,35.61,14.4,0.94,0.01408451,-0.07751441,-0.39342881,-0.29653148,4H MACD 位于 Signal 上方,4H EMA 空头排列；4H RSI 偏弱
1432,PIPR,PIPER SANDLER COMPANIES,Financials,Early,Russell,1182,5.22,25.35,19.65,88.76,51.73,30.68,30.2,30.43,15.0,bearish_transition,25.0,bearish_proxy,44.07,43.06,0.0,22,confirmed_bearish_trend,42,mixed_or_bearish,27.42,71.379997,1.73,-0.02212488,-0.07250522,-0.05105031,-0.06220852,,4H EMA 空头排列；4H MACD 尚未确认多头；4H RSI 偏弱
1433,BULL,WEBULL CORP CLASS A,Financials,Early,Russell,877,5.18,37.26,19.65,60.72,51.73,36.35,36.5,35.1,38.0,mixed_sideways,26.35,bearish_proxy,36.28,41.51,0.0,36,bearish_transition,42,mixed_or_bearish,26.53,7.69,2.12,-0.10840580,-0.18408488,-0.05644172,0.01317523,,4H EMA 转弱或跌破 EMA26；4H MACD 尚未确认多头；4H RSI 偏弱
1434,SITC,SITE CENTERS,Real Estate,Early,Russell,668,5.16,30.29,51.7,71.34,51.73,46.21,47.45,37.29,15.0,bearish_transition,49.8,bullish_below_zero_proxy,46.06,43.46,0.0,39,bearish_transition,66,bullish_above_signal,47.96,2.899,1.47,0.00311419,0.02984014,-0.02390572,-0.08259494,4H MACD 位于 Signal 上方；4H MACD 柱体连续扩张,4H EMA 转弱或跌破 EMA26
1435,ARVN,ARVINAS,Health Care,Early,Russell,1287,5.16,25.21,19.65,88.66,51.73,32.84,32.6,29.61,15.0,bearish_transition,25.0,bearish_proxy,41.13,43.48,0.0,22,confirmed_bearish_trend,50,mixed_or_bearish,27.06,8.16,1.06,-0.02275449,-0.06849315,-0.11352526,-0.09181970,4H MACD 柱体连续扩张,4H EMA 空头排列；4H MACD 尚未确认多头；4H RSI 偏弱
1436,OUST,OUSTER,Information Technology,Early,Russell,1880,5.15,21.66,32.9,8.25,51.73,34.19,34.1,19.58,15.0,bearish_transition,25.0,bearish_proxy,11.19,36.49,0.0,22,confirmed_bearish_trend,50,mixed_or_bearish,41.3,33.990002,0.89,0.03297380,-0.06260331,-0.29364084,-0.28950665,4H MACD 柱体连续扩张,4H EMA 空头排列；4H MACD 尚未确认多头
1437,CNX,CNX RESOURCES,Energy,Early,Russell,1178,5.1,25.37,19.65,87.89,51.73,36.35,36.5,30.48,15.0,bearish_transition,25.0,bearish_proxy,44.21,43.09,0.0,36,bearish_transition,42,mixed_or_bearish,25.0,33.700001,1.45,-0.05390225,-0.08311794,-0.04613645,-0.05496352,,4H EMA 转弱或跌破 EMA26；4H MACD 尚未确认多头；4H RSI 偏弱
1438,ACH,ACCENDRA HEALTH,Health Care,Early,Russell,676,5.09,30.46,43.7,91.8,51.73,37.16,37.4,37.22,18.0,bearish_transition,51.15,bullish_below_zero_proxy,41.64,43.58,0.0,22,confirmed_bearish_trend,58,bullish_above_signal,40.59,1.08,1.43,-0.01369863,0.01886792,0.00934579,-0.63013699,4H MACD 位于 Signal 上方,4H EMA 空头排列
1439,TRTX,TPG RE FINANCE TRUST INC,Financials,Early,Russell,1198,5.08,25.24,19.65,88.09,51.73,32.84,32.6,30.33,18.0,bearish_transition,25.0,bearish_proxy,41.04,42.46,0.0,22,confirmed_bearish_trend,50,mixed_or_bearish,24.02,7.33,1.53,-0.00136240,-0.04183007,-0.07566204,-0.08432230,4H MACD 柱体连续扩张,4H EMA 空头排列；4H MACD 尚未确认多头；4H RSI 偏弱
1440,ABSI,ABSCI CORP,Health Care,Early,Russell,1766,5.07,23.2,25.9,22.78,51.73,32.84,32.6,23.72,15.0,bearish_transition,25.0,bearish_proxy,23.28,39.91,0.0,22,confirmed_bearish_trend,50,mixed_or_bearish,36.89,8.04,1.09,0.01385859,-0.06836616,-0.13081081,-0.05076741,4H MACD 柱体连续扩张,4H EMA 空头排列；4H MACD 尚未确认多头；4H RSI 偏弱
1441,MAC,MACERICH REIT,Real Estate,Early,Russell,1410,5.05,24.71,25.9,72.47,51.73,32.03,31.7,28.55,15.0,bearish_transition,25.0,bearish_proxy,38.37,41.92,0.0,22,confirmed_bearish_trend,50,mixed_or_bearish,33.13,22.445,0.8,0.00156180,-0.02540169,-0.09019051,-0.12426840,4H MACD 柱体连续扩张,4H EMA 空头排列；4H MACD 尚未确认多头；4H RSI 偏弱
1442,TSHA,TAYSHA GENE THERAPIES,Health Care,Early,Russell,1542,5.04,24.46,39.1,37.78,51.73,37.74,38.05,27.24,18.0,bearish_transition,26.35,bearish_proxy,30.2,41.29,0.0,22,confirmed_bearish_trend,72,fresh_below_zero_cross,33.95,5.07,3.24,0.00695134,-0.04913728,-0.18291700,-0.18357488,4H MACD 刚金叉但仍需零轴确认；4H MACD 柱体连续扩张,4H EMA 空头排列；4H RSI 偏弱
1443,GRBK,GREEN BRICK PARTNERS,Consumer Discretionary,Early,Russell,1170,4.98,25.38,19.65,87.11,51.73,30.68,30.2,30.51,15.0,bearish_transition,25.0,bearish_proxy,44.32,43.11,0.0,22,confirmed_bearish_trend,42,mixed_or_bearish,31.56,66.273003,1.43,-0.02647072,-0.03798804,-0.06460120,-0.07992498,,4H EMA 空头排列；4H MACD 尚未确认多头；4H RSI 偏弱
1444,SAFE,SAFEHOLD INC,Real Estate,Early,Russell,1048,4.94,25.88,19.65,85.67,51.73,32.84,32.6,31.8,18.0,bearish_transition,26.35,bearish_proxy,44.46,43.14,0.0,22,confirmed_bearish_trend,50,mixed_or_bearish,25.3,13.82,1.6,0.00655499,-0.05536569,-0.07682031,-0.15628810,4H MACD 柱体连续扩张,4H EMA 空头排列；4H MACD 尚未确认多头；4H RSI 偏弱
1445,FLY,FIREFLY AEROSPACE,Industrials,Early,Russell,1803,4.91,22.8,29.3,13.61,51.73,26.9,26.0,22.77,18.0,bearish_transition,26.35,bearish_proxy,17.1,37.67,0.0,22,confirmed_bearish_trend,28,fresh_bearish_cross,38.87,20.280001,1.61,-0.03151862,-0.06993804,-0.25400030,-0.13110536,,4H EMA 空头排列；4H MACD 最近死叉；4H RSI 偏弱
1446,XPEL,XPEL,Consumer Discretionary,Early,Russell,1419,4.81,24.69,25.9,70.93,51.73,32.03,31.7,28.48,15.0,bearish_transition,25.0,bearish_proxy,38.15,41.88,0.0,22,confirmed_bearish_trend,50,mixed_or_bearish,32.5,45.740002,0.61,-0.01188159,-0.06308886,-0.08684364,-0.00521962,4H MACD 柱体连续扩张,4H EMA 空头排列；4H MACD 尚未确认多头；4H RSI 偏弱
1447,UAA,UNDER ARMOUR INC CLASS A,Consumer Discretionary,Early,Russell,761,4.72,30.04,43.7,90.36,51.73,37.16,37.4,36.56,15.0,bearish_transition,49.8,bullish_below_zero_proxy,43.85,43.02,0.0,22,confirmed_bearish_trend,58,bullish_above_signal,44.46,4.995,1.25,-0.00695825,0.01938776,-0.05576560,-0.27027027,4H MACD 位于 Signal 上方,4H EMA 空头排列
1448,UMAC,UNUSUAL MACHINES INC,Information Technology,Early,Russell,1889,4.7,21.35,32.9,5.98,51.73,29.87,29.3,18.92,18.0,bearish_transition,25.0,bearish_proxy,6.46,35.54,0.0,22,confirmed_bearish_trend,42,mixed_or_bearish,38.89,22.02,1.04,-0.04840100,-0.09195876,-0.26965174,-0.17743743,,4H EMA 空头排列；4H MACD 尚未确认多头；4H RSI 偏弱
1449,CSW,CSW INDUSTRIALS,Industrials,Early,Russell,1600,4.66,23.97,39.1,36.39,51.73,35.81,35.9,26.61,18.0,bearish_transition,25.0,bearish_proxy,29.77,40.2,0.0,22,confirmed_bearish_trend,64,fresh_below_zero_cross,33.93,287.790009,0.94,-0.01007840,-0.02960514,-0.16030111,-0.17656650,4H MACD 刚金叉但仍需零轴确认,4H EMA 空头排列；4H RSI 偏弱
1450,FCBC,FIRST COMMUNITY BANKSHARES INC,Financials,Early,Russell,1090,4.64,25.63,25.9,67.58,51.73,29.87,29.3,31.25,15.0,bearish_transition,25.0,bearish_proxy,46.54,43.56,0.0,22,confirmed_bearish_trend,42,mixed_or_bearish,33.76,46.919998,0.81,-0.01158633,-0.01012667,-0.04653528,-0.04225360,,4H EMA 空头排列；4H MACD 尚未确认多头；4H RSI 偏弱
1451,CC,CHEMOURS,Materials,Early,Russell,1425,4.63,24.67,25.9,69.79,51.73,30.68,30.2,28.41,15.0,bearish_transition,25.0,bearish_proxy,37.95,41.84,0.0,22,confirmed_bearish_trend,42,mixed_or_bearish,33.21,14.42,1.85,-0.01704158,-0.04058550,-0.08269720,-0.19620963,,4H EMA 空头排列；4H MACD 尚未确认多头；4H RSI 偏弱
1452,AMPX,AMPRIUS TECHNOLOGIES INC,Industrials,Early,Russell,1795,4.6,22.83,25.9,20.52,51.73,30.68,30.2,23.04,15.0,bearish_transition,25.0,bearish_proxy,21.66,38.58,0.0,22,confirmed_bearish_trend,42,mixed_or_bearish,35.11,9.105,1.23,-0.00762943,-0.07750760,-0.21237024,-0.15811373,,4H EMA 空头排列；4H MACD 尚未确认多头；4H RSI 偏弱
1453,CXDO,CREXENDO INC,Information Technology,Early,Russell,1524,4.59,24.38,36.7,41.34,51.73,37.16,37.4,27.41,18.0,bearish_transition,26.35,bearish_proxy,31.16,40.48,0.0,22,confirmed_bearish_trend,66,bullish_above_signal,33.89,5.64,1.09,-0.00965759,-0.02758621,-0.13893130,-0.24598930,4H MACD 位于 Signal 上方；4H MACD 柱体连续扩张,4H EMA 空头排列；4H RSI 偏弱
1454,VEL,VELOCITY FINANCIAL INC,Financials,Early,Russell,1064,4.4,25.67,19.65,82.58,51.73,30.68,30.2,31.59,18.0,bearish_transition,25.0,bearish_proxy,44.85,43.22,0.0,22,confirmed_bearish_trend,42,mixed_or_bearish,20.24,16.57,1.56,-0.03325549,-0.08503594,-0.07378419,-0.06962375,,4H EMA 空头排列；4H MACD 尚未确认多头；4H RSI 偏弱
1455,ILPT,INDUSTRIAL LOGISTICS PROPERTIES TR,Real Estate,Early,Russell,1561,4.39,24.18,32.85,50.72,51.73,38.78,39.2,27.0,15.0,bearish_transition,25.0,bearish_proxy,33.66,40.98,0.0,22,confirmed_bearish_trend,72,fresh_below_zero_cross,31.94,7.69,1.51,-0.00057184,-0.02411168,-0.11098266,-0.11303345,4H MACD 刚金叉但仍需零轴确认；4H MACD 柱体连续扩张,4H EMA 空头排列；4H RSI 偏弱
1456,BW,BABCOCK AND WILCOX ENTERPRISES,Industrials,Early,Russell,1789,4.39,25.47,29.3,3.92,51.73,26.9,26.0,23.14,15.0,bearish_transition,49.8,bullish_below_zero_proxy,3.2,34.89,0.0,22,confirmed_bearish_trend,28,fresh_bearish_cross,38.73,6.78,1.14,-0.02093863,-0.08809684,-0.31722054,-0.33136095,,4H EMA 空头排列；4H MACD 最近死叉；4H RSI 偏弱
1457,ORC,ORCHID ISLAND CAPITAL INC,Financials,Early,Russell,1187,4.37,25.4,19.65,82.99,51.73,32.84,32.6,30.4,18.0,bearish_transition,26.35,bearish_proxy,40.22,42.29,0.0,22,confirmed_bearish_trend,50,mixed_or_bearish,18.5,6.06,1.7,-0.00410846,-0.06840892,-0.09009009,-0.05164319,4H MACD 柱体连续扩张,4H EMA 空头排列；4H MACD 尚未确认多头；4H RSI 偏弱
1458,DFH,DREAM FINDERS HOMES INC CLASS A,Consumer Discretionary,Early,Russell,1596,4.34,24.13,39.1,33.92,51.73,35.59,35.65,26.65,18.0,bearish_transition,26.35,bearish_proxy,28.88,40.03,0.0,22,confirmed_bearish_trend,64,fresh_below_zero_cross,33.61,11.92,2.75,-0.05584158,-0.07704220,-0.20902455,-0.16526611,4H MACD 刚金叉但仍需零轴确认,4H EMA 空头排列；4H RSI 偏弱
1459,CTEV,CLARITEV CORP CLASS A,Health Care,Early,Russell,956,4.27,36.81,19.65,55.67,51.73,35.54,35.6,33.54,35.0,mixed_sideways,25.0,bearish_proxy,34.85,42.22,0.0,36,bearish_transition,42,mixed_or_bearish,31.31,33.509998,0.56,-0.07622340,-0.07174516,-0.05658789,0.26883749,,4H EMA 转弱或跌破 EMA26；4H MACD 尚未确认多头；4H RSI 偏弱
1460,VSEC,VSE CORP,Industrials,Early,Russell,1784,4.11,22.84,25.9,17.22,51.73,32.84,32.6,23.3,18.0,bearish_transition,25.0,bearish_proxy,19.73,38.2,0.0,22,confirmed_bearish_trend,50,mixed_or_bearish,36.45,184.809998,1.43,0.03925095,-0.06595574,-0.24074609,-0.13841493,4H MACD 柱体连续扩张,4H EMA 空头排列；4H MACD 尚未确认多头；4H RSI 偏弱
1461,ARR,ARMOUR RESIDENTIAL REIT,Financials,Early,Russell,1200,4.07,25.37,19.65,81.03,51.73,30.68,30.2,30.31,18.0,bearish_transition,26.35,bearish_proxy,39.97,42.24,0.0,22,confirmed_bearish_trend,42,mixed_or_bearish,12.8,14.8,1.64,-0.02727571,-0.08500767,-0.10085049,-0.09975675,,4H EMA 空头排列；4H MACD 尚未确认多头；4H RSI 偏弱
1462,ABG,ASBURY AUTOMOTIVE GROUP INC,Consumer Discretionary,Early,Russell,1350,4.06,24.91,19.65,82.06,51.73,30.68,30.2,29.12,15.0,bearish_transition,25.0,bearish_proxy,40.09,42.27,0.0,22,confirmed_bearish_trend,42,mixed_or_bearish,25.32,195.179993,1.36,-0.05877247,-0.08128974,-0.06406445,-0.12065243,,4H EMA 空头排列；4H MACD 尚未确认多头；4H RSI 偏弱
1463,IMXI,INTERNATIONAL MONEY EXPRESS INC,Financials,Early,Russell,914,4.02,37.05,19.65,53.51,51.73,36.35,36.5,34.47,38.0,mixed_sideways,26.35,bearish_proxy,34.39,41.13,0.0,36,bearish_transition,42,mixed_or_bearish,25.08,13.21,2.39,-0.04031965,-0.08104348,-0.11342282,0.07529508,,4H EMA 转弱或跌破 EMA26；4H MACD 尚未确认多头；4H RSI 偏弱
1464,MUX,MCEWEN INC,Materials,Early,Russell,1142,4.02,25.46,19.65,80.52,51.73,32.84,32.6,30.75,15.0,bearish_transition,25.0,bearish_proxy,45.05,43.26,0.0,22,confirmed_bearish_trend,50,mixed_or_bearish,31.61,18.190001,1.36,-0.00763770,-0.10217172,-0.03398826,-0.02623121,4H MACD 柱体连续扩张,4H EMA 空头排列；4H MACD 尚未确认多头；4H RSI 偏弱
1465,GTN,GRAY MEDIA INC,Communication,Early,Russell,835,3.98,37.46,32.9,96.91,51.73,39.32,39.8,35.85,35.0,mixed_sideways,25.0,bearish_proxy,42.32,42.71,0.0,38,bearish_transition,42,mixed_or_bearish,44.15,4.759,1.07,-0.01060291,-0.00439331,-0.04533601,0.10674419,,4H EMA 转弱或跌破 EMA26；4H MACD 尚未确认多头
1466,GALT,GALECTIN THERAPEUTICS INC,Health Care,Early,Russell,792,3.97,37.74,32.9,96.19,51.73,37.7,38.0,36.28,35.0,mixed_sideways,25.0,bearish_proxy,43.16,43.88,0.0,36,bearish_transition,50,mixed_or_bearish,38.7,3.68,0.67,0.01098901,-0.08913146,0.05142857,0.23076923,4H MACD 柱体连续扩张,4H EMA 转弱或跌破 EMA26；4H MACD 尚未确认多头；4H RSI 偏弱
1467,SBRA,SABRA HEALTH CARE REIT,Real Estate,Early,Russell,1074,3.94,25.72,25.9,62.73,51.73,30.68,30.2,31.49,15.0,bearish_transition,25.0,bearish_proxy,47.28,43.71,0.0,22,confirmed_bearish_trend,42,mixed_or_bearish,32.89,20.09,1.4,-0.00544559,-0.03343758,-0.01107561,-0.02758955,,4H EMA 空头排列；4H MACD 尚未确认多头；4H RSI 偏弱
1468,TNDM,TANDEM DIABETES CARE,Health Care,Early,Russell,1780,3.92,23.13,25.9,15.26,51.73,31.8,31.45,23.34,18.0,bearish_transition,26.35,bearish_proxy,18.39,38.93,0.0,22,confirmed_bearish_trend,50,mixed_or_bearish,37.17,17.530001,2.68,0.04970060,-0.08315899,-0.21178053,-0.13174838,4H MACD 柱体连续扩张,4H EMA 空头排列；4H MACD 尚未确认多头；4H RSI 偏弱
1469,SKT,TANGER,Real Estate,Early,Russell,1353,3.92,24.89,19.65,81.13,51.73,30.68,30.2,29.08,15.0,bearish_transition,25.0,bearish_proxy,39.98,42.25,0.0,22,confirmed_bearish_trend,42,mixed_or_bearish,23.17,35.779999,1.93,-0.01160226,-0.02639459,-0.06798646,-0.12153206,,4H EMA 空头排列；4H MACD 尚未确认多头；4H RSI 偏弱
1470,AURA,AURA BIOSCIENCES,Health Care,Early,Russell,1310,3.91,25.21,25.9,63.66,51.73,30.68,30.2,29.44,18.0,bearish_transition,26.35,bearish_proxy,36.88,42.63,0.0,22,confirmed_bearish_trend,42,mixed_or_bearish,33.61,6.73,2.2,0.00074349,-0.06332637,-0.12198304,-0.06005587,,4H EMA 空头排列；4H MACD 尚未确认多头；4H RSI 偏弱
1471,AOMR,ANGEL OAK MORTGAGE REIT,Financials,Early,Russell,1325,3.89,25.03,25.9,63.97,51.73,30.68,30.2,29.31,18.0,bearish_transition,26.35,bearish_proxy,36.92,41.63,0.0,22,confirmed_bearish_trend,42,mixed_or_bearish,33.35,8.005,2.38,-0.00373367,-0.03204353,-0.10358343,-0.12513661,,4H EMA 空头排列；4H MACD 尚未确认多头；4H RSI 偏弱
1472,IVT,INVENTRUST PROPERTIES,Real Estate,Early,Russell,1360,3.85,24.88,19.65,80.72,51.73,30.68,30.2,29.04,15.0,bearish_transition,25.0,bearish_proxy,39.87,42.22,0.0,22,confirmed_bearish_trend,42,mixed_or_bearish,20.26,30.809999,1.56,-0.01785151,-0.04730986,-0.07782104,-0.09595079,,4H EMA 空头排列；4H MACD 尚未确认多头；4H RSI 偏弱
1473,BELFA,BEL FUSE CLASS A,Information Technology,Early,Russell,1791,3.79,22.91,25.9,14.9,51.73,32.03,31.7,23.09,18.0,bearish_transition,26.35,bearish_proxy,18.07,37.86,0.0,22,confirmed_bearish_trend,50,mixed_or_bearish,37.76,192.440002,0.82,0.01696352,-0.05631973,-0.22574935,-0.20185807,4H MACD 柱体连续扩张,4H EMA 空头排列；4H MACD 尚未确认多头；4H RSI 偏弱
1474,MBI,MBIA INC,Financials,Early,Russell,876,3.77,29.55,46.1,78.76,51.73,40.13,40.7,35.12,15.0,bearish_transition,49.8,bullish_below_zero_proxy,39.49,42.15,0.0,22,confirmed_bearish_trend,72,fresh_below_zero_cross,40.53,4.545,0.97,0.00776053,-0.00547046,-0.07809331,-0.13757116,4H MACD 刚金叉但仍需零轴确认；4H MACD 柱体连续扩张,4H EMA 空头排列
1475,VCTR,VICTORY CAPITAL HOLDINGS CLASS A,Financials,Early,Russell,1361,3.75,24.87,19.65,80.1,51.73,30.68,30.2,29.02,15.0,bearish_transition,25.0,bearish_proxy,39.8,42.21,0.0,22,confirmed_bearish_trend,42,mixed_or_bearish,24.64,103.720001,1.29,-0.01378717,-0.07243784,-0.12700949,0.01160638,,4H EMA 空头排列；4H MACD 尚未确认多头；4H RSI 偏弱
1476,SHAZ,SHARONAI HOLDINGS INC CLASS A,Information Technology,Early,Russell,1935,3.72,20.4,32.9,1.65,51.73,34.19,34.1,15.89,15.0,bearish_transition,25.0,bearish_proxy,0.0,34.25,0.0,22,confirmed_bearish_trend,50,mixed_or_bearish,43.07,52.209999,0.86,0.04944722,-0.08016207,-0.32159564,-0.05902500,4H MACD 柱体连续扩张,4H EMA 空头排列；4H MACD 尚未确认多头
1477,BCBP,BCB BANCORP INC,Financials,Early,Russell,840,3.71,29.83,19.65,68.25,51.73,30.68,30.2,35.77,18.0,bearish_transition,51.15,bullish_below_zero_proxy,37.71,41.79,0.0,22,confirmed_bearish_trend,42,mixed_or_bearish,29.8,8.25,1.86,-0.01785714,-0.04236796,-0.07821229,-0.09836066,,4H EMA 空头排列；4H MACD 尚未确认多头；4H RSI 偏弱
1478,INBX,INHIBRX BIOSCIENCES INC,Health Care,Early,Russell,477,3.63,38.93,25.9,29.79,51.73,35.54,35.6,39.77,35.0,mixed_sideways,25.0,bearish_proxy,53.73,46.0,0.0,36,bearish_transition,42,mixed_or_bearish,33.63,101.769997,1.02,-0.03604073,-0.09626147,0.10451485,0.21851054,,4H EMA 转弱或跌破 EMA26；4H MACD 尚未确认多头；4H RSI 偏弱
1479,SAH,SONIC AUTOMOTIVE INC CLASS A,Consumer Discretionary,Early,Russell,1573,3.57,23.63,25.9,65.1,51.73,30.68,30.2,26.91,15.0,bearish_transition,20.0,fresh_bearish_cross_proxy,37.18,41.69,0.0,22,confirmed_bearish_trend,42,mixed_or_bearish,33.24,72.690002,1.5,-0.02501506,-0.04581252,-0.09645737,-0.17594374,,4H EMA 空头排列；4H MACD 尚未确认多头；4H RSI 偏弱
1480,TNXP,TONIX PHARMACEUTICALS HOLDING,Health Care,Early,Russell,1357,3.51,25.02,19.65,78.14,51.73,32.03,31.7,29.05,15.0,bearish_transition,25.0,bearish_proxy,39.42,43.13,0.0,22,confirmed_bearish_trend,50,mixed_or_bearish,30.42,11.76,1.0,0.00702175,-0.08268331,-0.07218935,0.04533333,4H MACD 柱体连续扩张,4H EMA 空头排列；4H MACD 尚未确认多头；4H RSI 偏弱
1481,ACTG,ACACIA RESEARCH,Financials,Early,Russell,754,3.49,30.06,40.9,89.59,51.73,33.65,33.5,36.6,15.0,bearish_transition,49.8,bullish_below_zero_proxy,43.98,43.05,0.0,22,confirmed_bearish_trend,42,mixed_or_bearish,49.05,4.54,1.05,-0.00110011,-0.00438596,-0.03094984,-0.01837838,4H RSI 位于健康强势区间,4H EMA 空头排列；4H MACD 尚未确认多头
1482,PINE,ALPINE INCOME PROPERTY TRUST INC,Real Estate,Early,Russell,1234,3.47,25.29,19.65,77.22,51.73,31.8,31.45,30.08,18.0,bearish_transition,26.35,bearish_proxy,39.25,42.1,0.0,22,confirmed_bearish_trend,50,mixed_or_bearish,21.73,17.98,2.53,-0.00608071,-0.04968288,-0.08077705,-0.10189810,4H MACD 柱体连续扩张,4H EMA 空头排列；4H MACD 尚未确认多头；4H RSI 偏弱
1483,VGZ,VISTA GOLD CORP,Materials,Early,Russell,758,3.42,37.62,32.9,92.78,51.73,40.67,41.3,36.58,38.0,mixed_sideways,25.0,bearish_proxy,41.8,42.61,0.0,36,bearish_transition,50,mixed_or_bearish,44.39,2.18,1.51,0.00925926,-0.04175824,-0.05010893,0.18157182,4H MACD 柱体连续扩张,4H EMA 转弱或跌破 EMA26；4H MACD 尚未确认多头
1484,COLL,COLLEGIUM PHARMACEUTICAL,Health Care,Early,Russell,628,3.42,32.79,30.45,30.62,51.73,37.16,37.4,37.7,18.0,bearish_transition,71.8,fresh_below_zero_cross_proxy,27.46,40.74,0.0,22,confirmed_bearish_trend,66,bullish_above_signal,29.55,22.190001,1.48,0.00772030,-0.04988221,-0.20975780,-0.37877938,4H MACD 位于 Signal 上方；4H MACD 柱体连续扩张,4H EMA 空头排列；4H RSI 偏弱
1485,PRTA,PROTHENA PLC,Health Care,Early,Russell,1363,3.42,25.01,19.65,77.58,51.73,30.68,30.2,29.01,15.0,bearish_transition,25.0,bearish_proxy,39.3,43.11,0.0,22,confirmed_bearish_trend,42,mixed_or_bearish,26.16,8.24,1.43,-0.02137767,-0.11397849,-0.07207207,-0.02944641,,4H EMA 空头排列；4H MACD 尚未确认多头；4H RSI 偏弱
1486,MWA,MUELLER WATER PRODUCTS SERIES A,Industrials,Early,Russell,1378,3.41,24.82,19.65,77.94,51.73,30.68,30.2,28.87,15.0,bearish_transition,25.0,bearish_proxy,39.33,42.12,0.0,22,confirmed_bearish_trend,42,mixed_or_bearish,31.92,22.754999,1.24,-0.00065881,-0.05108428,-0.09648601,-0.14422719,,4H EMA 空头排列；4H MACD 尚未确认多头；4H RSI 偏弱
1487,UA,UNDER ARMOUR INC CLASS C,Consumer Discretionary,Early,Russell,865,3.38,29.62,43.7,82.42,51.73,36.35,36.5,35.33,15.0,bearish_transition,49.8,bullish_below_zero_proxy,40.14,42.28,0.0,22,confirmed_bearish_trend,58,bullish_above_signal,44.57,4.875,0.79,-0.00408580,0.01456816,-0.05888031,-0.27130045,4H MACD 位于 Signal 上方,4H EMA 空头排列
1488,VCYT,VERACYTE,Health Care,Early,Russell,1391,3.37,24.3,19.65,78.87,51.73,30.68,30.2,28.72,18.0,bearish_transition,20.0,fresh_bearish_cross_proxy,39.51,43.15,0.0,22,confirmed_bearish_trend,42,mixed_or_bearish,28.15,38.5,1.96,-0.05219102,-0.12212694,-0.08464101,-0.17043741,,4H EMA 空头排列；4H MACD 尚未确认多头；4H RSI 偏弱
1489,GSHD,GOOSEHEAD INSURANCE CLASS A,Financials,Early,Russell,1615,3.3,24.0,32.85,43.92,51.73,36.62,36.8,26.47,15.0,bearish_transition,25.0,bearish_proxy,32.06,40.66,0.0,22,confirmed_bearish_trend,64,fresh_below_zero_cross,28.44,56.465,1.64,-0.04981067,-0.00467125,-0.12457364,-0.17527199,4H MACD 刚金叉但仍需零轴确认,4H EMA 空头排列；4H RSI 偏弱
1490,ICHR,ICHOR HOLDINGS,Information Technology,Early,Russell,1767,3.24,25.67,25.9,4.85,51.73,32.03,31.7,23.72,15.0,bearish_transition,49.8,bullish_below_zero_proxy,4.95,35.24,0.0,22,confirmed_bearish_trend,50,mixed_or_bearish,37.46,51.419998,0.89,0.02614243,-0.11176371,-0.28384407,-0.27791042,4H MACD 柱体连续扩张,4H EMA 空头排列；4H MACD 尚未确认多头；4H RSI 偏弱
1491,BOBS,BOBS DISCOUNT FURNITURE INC,Consumer Discretionary,Early,Russell,1817,3.22,22.64,25.9,11.75,51.73,30.68,30.2,22.28,18.0,bearish_transition,26.35,bearish_proxy,15.63,37.38,0.0,22,confirmed_bearish_trend,42,mixed_or_bearish,34.94,14.615,1.81,-0.02890365,-0.11638458,-0.20223799,-0.21212934,,4H EMA 空头排列；4H MACD 尚未确认多头；4H RSI 偏弱
1492,JBSS,JOHN B SANFILIPPO AND SON,Consumer Staples,Early,Russell,1722,3.18,23.54,39.1,27.53,51.73,37.97,38.3,24.7,15.0,bearish_transition,25.0,bearish_proxy,26.24,40.5,0.0,22,confirmed_bearish_trend,72,fresh_below_zero_cross,32.1,68.550003,0.93,0.01001915,-0.02917431,-0.18207846,-0.18625351,4H MACD 刚金叉但仍需零轴确认；4H MACD 柱体连续扩张,4H EMA 空头排列；4H RSI 偏弱
1493,KREF,KKR REAL ESTATE FINANCE INC TRUST,Financials,Early,Russell,1386,3.15,24.78,19.65,76.29,51.73,32.84,32.6,28.76,15.0,bearish_transition,25.0,bearish_proxy,39.02,42.05,0.0,22,confirmed_bearish_trend,50,mixed_or_bearish,29.73,6.985,1.33,-0.01480959,-0.05288136,-0.06492637,-0.02033661,4H MACD 柱体连续扩张,4H EMA 空头排列；4H MACD 尚未确认多头；4H RSI 偏弱
1494,JJSF,J AND J SNACK FOODS CORP,Consumer Staples,Early,Russell,1372,3.12,24.97,19.65,75.67,51.73,32.03,31.7,28.9,15.0,bearish_transition,25.0,bearish_proxy,38.97,43.04,0.0,22,confirmed_bearish_trend,50,mixed_or_bearish,31.41,80.980003,0.96,0.00291040,-0.01508146,-0.07393215,0.02923237,4H MACD 柱体连续扩张,4H EMA 空头排列；4H MACD 尚未确认多头；4H RSI 偏弱
1495,KOD,KODIAK SCIENCES,Health Care,Early,Russell,1726,3.1,23.52,39.1,27.01,51.73,37.97,38.3,24.65,15.0,bearish_transition,25.0,bearish_proxy,26.09,40.47,0.0,22,confirmed_bearish_trend,72,fresh_below_zero_cross,33.6,32.77,0.98,0.00753261,-0.02932459,-0.20053676,-0.23755235,4H MACD 刚金叉但仍需零轴确认；4H MACD 柱体连续扩张,4H EMA 空头排列；4H RSI 偏弱
1496,CDP,COPT DEFENSE PROPERTIES,Real Estate,Early,Russell,1330,3.05,24.96,16.05,84.79,51.73,26.09,25.1,29.27,15.0,bearish_transition,25.0,bearish_proxy,40.54,42.36,0.0,22,confirmed_bearish_trend,28,fresh_bearish_cross,25.6,34.349998,0.83,-0.00922988,-0.02220333,-0.06733652,-0.09175045,,4H EMA 空头排列；4H MACD 最近死叉；4H RSI 偏弱
1497,XENE,XENON PHARMACEUTICALS,Health Care,Early,Russell,1389,3.04,24.83,25.9,58.76,51.73,32.84,32.6,28.73,18.0,bearish_transition,25.0,bearish_proxy,35.72,42.39,0.0,22,confirmed_bearish_trend,50,mixed_or_bearish,32.28,56.759998,1.19,0.00132305,-0.03715018,-0.09009303,-0.11326361,4H MACD 柱体连续扩张,4H EMA 空头排列；4H MACD 尚未确认多头；4H RSI 偏弱
1498,CELC,CELCUITY,Health Care,Early,Russell,1490,3.02,24.62,25.9,59.12,51.73,32.03,31.7,27.88,15.0,bearish_transition,25.0,bearish_proxy,35.88,42.43,0.0,22,confirmed_bearish_trend,50,mixed_or_bearish,32.24,82.580002,0.83,0.01238203,-0.08325932,-0.10820730,-0.10758093,4H MACD 柱体连续扩张,4H EMA 空头排列；4H MACD 尚未确认多头；4H RSI 偏弱
1499,AUB,ATLANTIC UNION BANKSHARES,Financials,Early,Russell,1332,3.02,24.95,16.05,84.64,51.73,26.9,26.0,29.26,15.0,bearish_transition,25.0,bearish_proxy,40.51,42.35,0.0,22,confirmed_bearish_trend,28,fresh_bearish_cross,31.13,39.139999,1.21,-0.01855572,-0.01011639,-0.08057320,-0.09794884,,4H EMA 空头排列；4H MACD 最近死叉；4H RSI 偏弱
1500,IDR,IDAHO STRATEGIC RESOURCES INC,Materials,Early,Russell,1393,2.97,24.77,19.65,75.1,51.73,30.68,30.2,28.71,15.0,bearish_transition,25.0,bearish_proxy,38.85,42.02,0.0,22,confirmed_bearish_trend,42,mixed_or_bearish,27.58,28.02,1.33,-0.01563323,-0.10593491,-0.08371485,-0.08191350,,4H EMA 空头排列；4H MACD 尚未确认多头；4H RSI 偏弱
1501,NESR,NATIONAL ENERGY SERVICES REUNITED,Energy,Early,Russell,985,2.96,36.4,19.65,47.89,51.73,36.35,36.5,32.76,35.0,mixed_sideways,25.0,bearish_proxy,32.94,40.84,0.0,36,bearish_transition,42,mixed_or_bearish,28.16,31.49,1.35,-0.03197046,-0.09172190,-0.11989936,0.09435274,,4H EMA 转弱或跌破 EMA26；4H MACD 尚未确认多头；4H RSI 偏弱
1502,PZZA,PAPA JOHNS INTERNATIONAL INC,Consumer Discretionary,Early,Russell,857,2.93,29.73,19.65,63.3,51.73,30.68,30.2,35.47,18.0,bearish_transition,51.15,bullish_below_zero_proxy,36.82,41.61,0.0,22,confirmed_bearish_trend,42,mixed_or_bearish,30.84,20.190001,1.5,-0.02345819,-0.06571032,-0.13198620,-0.34277338,,4H EMA 空头排列；4H MACD 尚未确认多头；4H RSI 偏弱
1503,CAKE,CHEESECAKE FACTORY INC,Consumer Discretionary,Early,Russell,1503,2.93,24.43,25.9,58.97,51.73,29.87,29.3,27.71,15.0,bearish_transition,25.0,bearish_proxy,35.83,41.42,0.0,22,confirmed_bearish_trend,42,mixed_or_bearish,32.0,97.019997,1.03,0.00134171,-0.06306138,-0.11064258,-0.08324676,,4H EMA 空头排列；4H MACD 尚未确认多头；4H RSI 偏弱
1504,LADR,LADDER CAPITAL CORP CLASS A,Financials,Early,Russell,1006,2.89,26.06,19.65,71.55,51.73,30.68,30.2,32.32,18.0,bearish_transition,26.35,bearish_proxy,46.05,43.46,0.0,22,confirmed_bearish_trend,42,mixed_or_bearish,31.23,9.53,1.64,-0.00625652,-0.02655771,-0.03444782,-0.01038422,,4H EMA 空头排列；4H MACD 尚未确认多头；4H RSI 偏弱
1505,MAZE,MAZE THERAPEUTICS,Health Care,Early,Russell,1501,2.84,24.58,25.9,58.04,51.73,29.87,29.3,27.76,15.0,bearish_transition,25.0,bearish_proxy,35.52,42.35,0.0,22,confirmed_bearish_trend,42,mixed_or_bearish,32.61,23.915001,0.61,-0.01705709,-0.02665849,-0.14497669,-0.13351446,,4H EMA 空头排列；4H MACD 尚未确认多头；4H RSI 偏弱
1506,SCHL,SCHOLASTIC,Communication,Early,Russell,1643,2.75,23.88,32.85,40.52,51.73,37.97,38.3,26.1,15.0,bearish_transition,25.0,bearish_proxy,30.95,40.44,0.0,22,confirmed_bearish_trend,72,fresh_below_zero_cross,30.65,35.009998,1.0,0.01038949,-0.01712524,-0.15638559,-0.19470961,4H MACD 刚金叉但仍需零轴确认；4H MACD 柱体连续扩张,4H EMA 空头排列；4H RSI 偏弱
1507,BBUC,BROOKFIELD BUSINESS CORP CLASS A,Industrials,Early,Russell,1422,2.74,24.6,25.9,57.32,51.73,30.68,30.2,28.46,18.0,bearish_transition,25.0,bearish_proxy,35.36,41.32,0.0,22,confirmed_bearish_trend,42,mixed_or_bearish,32.71,25.58,1.54,-0.00428186,-0.03762227,-0.11549101,-0.17643268,,4H EMA 空头排列；4H MACD 尚未确认多头；4H RSI 偏弱
1508,AGNT,AGNT,Real Estate,Early,Russell,1313,2.64,25.01,43.7,88.25,51.73,37.16,37.4,29.43,15.0,bearish_transition,25.0,bearish_proxy,41.05,42.46,0.0,22,confirmed_bearish_trend,58,bullish_above_signal,44.48,3.9,1.1,0.00000000,0.05691057,-0.08127208,-0.07473310,4H MACD 位于 Signal 上方,4H EMA 空头排列
1509,ADAM,ADAMAS,Financials,Early,Russell,1267,2.62,25.19,19.65,71.8,51.73,32.84,32.6,29.76,18.0,bearish_transition,26.35,bearish_proxy,38.28,41.91,0.0,22,confirmed_bearish_trend,50,mixed_or_bearish,25.37,8.97,1.86,-0.00055710,-0.06171548,-0.11275964,-0.05628617,4H MACD 柱体连续扩张,4H EMA 空头排列；4H MACD 尚未确认多头；4H RSI 偏弱
1510,OSW,ONESPAWORLD HOLDINGS LTD,Consumer Discretionary,Early,Russell,1712,2.57,23.47,36.7,30.0,51.73,33.47,33.3,24.91,15.0,bearish_transition,25.0,bearish_proxy,27.34,39.72,0.0,22,confirmed_bearish_trend,58,bullish_above_signal,32.21,21.690001,0.45,-0.00321687,-0.03160996,-0.18855215,-0.18427977,4H MACD 位于 Signal 上方,4H EMA 空头排列；4H RSI 偏弱
1511,SSP,EW SCRIPPS CLASS A,Communication,Early,Russell,1138,2.52,25.47,46.1,79.95,51.73,43.64,44.6,30.77,15.0,bearish_transition,25.0,bearish_proxy,45.09,43.27,0.0,36,bearish_transition,64,fresh_below_zero_cross,44.36,3.14,1.03,-0.02936631,0.00159490,-0.03680982,0.09790210,4H MACD 刚金叉但仍需零轴确认,4H EMA 转弱或跌破 EMA26
1512,NVRI,ENVIRI CORP,Industrials,Early,Russell,1000,2.52,26.09,19.65,69.02,51.73,30.68,30.2,32.42,18.0,bearish_transition,26.35,bearish_proxy,46.35,43.52,0.0,22,confirmed_bearish_trend,42,mixed_or_bearish,31.52,20.545,1.13,-0.05627443,-0.08972087,-0.01415547,-0.13965658,,4H EMA 空头排列；4H MACD 尚未确认多头；4H RSI 偏弱
1513,NN,NEXTNAV,Information Technology,Early,Russell,1816,2.52,22.59,22.3,16.8,51.73,26.09,25.1,22.33,15.0,bearish_transition,25.0,bearish_proxy,19.51,38.15,0.0,22,confirmed_bearish_trend,28,fresh_bearish_cross,37.72,14.62,0.74,-0.02272727,-0.05126541,-0.23834332,0.05255580,,4H EMA 空头排列；4H MACD 最近死叉；4H RSI 偏弱
1514,MTRX,MATRIX SERVICE,Industrials,Early,Russell,1416,2.31,24.76,25.9,54.07,51.73,32.84,32.6,28.51,18.0,bearish_transition,26.35,bearish_proxy,34.49,41.15,0.0,22,confirmed_bearish_trend,50,mixed_or_bearish,32.45,9.9,1.4,-0.00251889,-0.07303371,-0.17431193,-0.18719212,4H MACD 柱体连续扩张,4H EMA 空头排列；4H MACD 尚未确认多头；4H RSI 偏弱
1515,FLG,FLAGSTAR BANK NATIONAL ASSOCIATION,Financials,Early,Russell,1323,2.29,24.9,19.65,70.31,51.73,30.68,30.2,29.33,18.0,bearish_transition,25.0,bearish_proxy,38.0,41.85,0.0,22,confirmed_bearish_trend,42,mixed_or_bearish,22.92,12.58,2.02,-0.02404965,-0.05163965,-0.10078628,-0.11719298,,4H EMA 空头排列；4H MACD 尚未确认多头；4H RSI 偏弱
1516,LBRX,LB PHARMACEUTICALS INC,Health Care,Early,Russell,1402,2.28,24.86,19.65,70.31,51.73,37.7,38.0,28.58,15.0,bearish_transition,25.0,bearish_proxy,38.0,42.85,0.0,36,bearish_transition,50,mixed_or_bearish,31.57,42.57,0.99,-0.01114980,-0.10717282,-0.08076011,-0.05378977,4H MACD 柱体连续扩张,4H EMA 转弱或跌破 EMA26；4H MACD 尚未确认多头；4H RSI 偏弱
1517,AEHR,AEHR TEST SYSTEMS,Information Technology,Early,Russell,1925,2.28,20.4,29.3,1.65,51.73,28.25,27.5,15.89,15.0,bearish_transition,25.0,bearish_proxy,0.0,34.25,0.0,22,confirmed_bearish_trend,28,fresh_bearish_cross,43.84,84.25,0.67,0.03348875,-0.11863162,-0.42179675,-0.23325444,,4H EMA 空头排列；4H MACD 最近死叉
1518,GENC,GENCOR INDUSTRIES INC,Industrials,Early,Russell,1533,2.22,24.29,25.9,54.54,51.73,37.7,38.0,27.32,15.0,bearish_transition,25.0,bearish_proxy,34.64,41.18,0.0,36,bearish_transition,50,mixed_or_bearish,33.38,17.129999,0.98,0.00484573,-0.08444682,-0.14903130,0.15978328,4H MACD 柱体连续扩张,4H EMA 转弱或跌破 EMA26；4H MACD 尚未确认多头；4H RSI 偏弱
1519,TTAM,TITAN AMERICA SA,Materials,Early,Russell,1289,2.19,25.13,19.65,69.07,51.73,30.68,30.2,29.6,18.0,bearish_transition,26.35,bearish_proxy,37.8,41.81,0.0,22,confirmed_bearish_trend,42,mixed_or_bearish,26.05,13.81,1.59,-0.03257443,-0.06689189,-0.11644274,-0.14170292,,4H EMA 空头排列；4H MACD 尚未确认多头；4H RSI 偏弱
1520,UE,URBAN EDGE PROPERTIES,Real Estate,Early,Russell,1426,2.11,24.67,19.65,69.64,51.73,30.68,30.2,28.41,15.0,bearish_transition,25.0,bearish_proxy,37.94,41.84,0.0,22,confirmed_bearish_trend,42,mixed_or_bearish,18.81,20.030001,1.15,-0.00841584,-0.03840610,-0.08371454,-0.10199502,,4H EMA 空头排列；4H MACD 尚未确认多头；4H RSI 偏弱
1521,KAI,KADANT INC,Industrials,Early,Russell,1539,2.09,24.27,25.9,53.71,51.73,32.84,32.6,27.26,15.0,bearish_transition,25.0,bearish_proxy,34.45,41.14,0.0,22,confirmed_bearish_trend,50,mixed_or_bearish,33.55,270.130005,1.2,0.03024406,-0.07254688,-0.18189526,-0.19214666,4H MACD 柱体连续扩张,4H EMA 空头排列；4H MACD 尚未确认多头；4H RSI 偏弱
1522,MITT,TPG MORTGAGE INVESTMENT TRUST INC,Financials,Early,Russell,995,2.08,26.14,19.65,65.98,51.73,30.68,30.2,32.55,18.0,bearish_transition,26.35,bearish_proxy,46.74,43.6,0.0,22,confirmed_bearish_trend,42,mixed_or_bearish,24.32,6.33,1.39,-0.01860465,-0.05381166,-0.05943536,-0.11220196,,4H EMA 空头排列；4H MACD 尚未确认多头；4H RSI 偏弱
1523,VTOL,BRISTOW GROUP,Energy,Early,Russell,1427,2.04,24.66,19.65,69.18,51.73,30.68,30.2,28.38,15.0,bearish_transition,25.0,bearish_proxy,37.84,41.82,0.0,22,confirmed_bearish_trend,42,mixed_or_bearish,31.14,41.380001,1.82,-0.01429250,-0.04367920,-0.10413505,-0.13521415,,4H EMA 空头排列；4H MACD 尚未确认多头；4H RSI 偏弱
1524,CALY,CALLAWAY GOLF COMPANY,Consumer Discretionary,Early,Russell,942,2.02,29.12,19.65,58.66,51.73,30.68,30.2,33.86,15.0,bearish_transition,49.8,bullish_below_zero_proxy,35.69,41.39,0.0,22,confirmed_bearish_trend,42,mixed_or_bearish,30.97,14.83,1.16,-0.02144507,-0.03701299,-0.10716441,-0.24259448,,4H EMA 空头排列；4H MACD 尚未确认多头；4H RSI 偏弱
1525,LUNR,INTUITIVE MACHINES INC CLASS A,Industrials,Early,Russell,1890,2.01,21.38,25.9,6.6,51.73,30.68,30.2,18.78,15.0,bearish_transition,25.0,bearish_proxy,8.76,36.0,0.0,22,confirmed_bearish_trend,42,mixed_or_bearish,34.26,13.87,1.17,-0.01316258,-0.07193041,-0.31926380,-0.00502152,,4H EMA 空头排列；4H MACD 尚未确认多头；4H RSI 偏弱
1526,HFWA,HERITAGE FINANCIAL CORP,Financials,Early,Russell,1085,2.0,25.65,19.65,66.6,51.73,30.68,30.2,31.3,15.0,bearish_transition,25.0,bearish_proxy,46.69,43.59,0.0,22,confirmed_bearish_trend,42,mixed_or_bearish,30.43,28.01,1.13,-0.01684802,-0.01373239,-0.05339642,-0.08224115,,4H EMA 空头排列；4H MACD 尚未确认多头；4H RSI 偏弱
1527,GSM,FERROGLOBE PLC,Materials,Early,Russell,637,1.99,38.05,40.9,60.93,51.73,42.29,43.1,37.59,35.0,mixed_sideways,25.0,bearish_proxy,47.57,43.76,0.0,38,bearish_transition,50,mixed_or_bearish,49.7,4.32,0.65,0.01170960,-0.04000000,0.00934579,0.27245950,4H MACD 柱体连续扩张；4H RSI 位于健康强势区间,4H EMA 转弱或跌破 EMA26；4H MACD 尚未确认多头
1528,ICUI,ICU MEDICAL,Health Care,Early,Russell,1669,1.96,23.89,32.85,35.26,51.73,37.97,38.3,25.74,15.0,bearish_transition,25.0,bearish_proxy,29.4,41.13,0.0,22,confirmed_bearish_trend,72,fresh_below_zero_cross,29.81,155.619995,0.89,-0.00192408,-0.03269524,-0.14822114,-0.09567953,4H MACD 刚金叉但仍需零轴确认；4H MACD 柱体连续扩张,4H EMA 空头排列；4H RSI 偏弱
1529,CDNL,CARDINAL INFRASTRUCTURE GROUP INC,Industrials,Early,Russell,1293,1.96,27.71,36.7,16.08,51.73,33.97,33.85,29.55,18.0,bearish_transition,51.15,bullish_below_zero_proxy,18.87,38.02,0.0,22,confirmed_bearish_trend,58,bullish_above_signal,32.24,32.43,3.16,-0.03568246,-0.06136032,-0.17354744,-0.49304362,4H MACD 位于 Signal 上方,4H EMA 空头排列；4H RSI 偏弱
1530,POWW,OUTDOOR HOLDING,Consumer Discretionary,Early,Russell,1337,1.95,24.94,43.7,83.81,51.73,37.16,37.4,29.21,15.0,bearish_transition,25.0,bearish_proxy,40.37,42.32,0.0,22,confirmed_bearish_trend,58,bullish_above_signal,42.04,2.11,1.3,-0.01631702,-0.02764977,-0.05381166,-0.03432494,4H MACD 位于 Signal 上方,4H EMA 空头排列
1531,NHI,NATIONAL HEALTH INVESTORS REIT,Real Estate,Early,Russell,1430,1.93,24.64,19.65,68.51,51.73,29.87,29.3,28.35,15.0,bearish_transition,25.0,bearish_proxy,37.76,41.8,0.0,22,confirmed_bearish_trend,42,mixed_or_bearish,26.75,68.199997,1.02,-0.02292272,-0.02793624,-0.07084475,-0.08530044,,4H EMA 空头排列；4H MACD 尚未确认多头；4H RSI 偏弱
1532,AMBA,AMBARELLA,Information Technology,Early,Russell,1845,1.87,22.3,22.3,13.14,51.73,25.37,24.3,21.47,15.0,bearish_transition,25.0,bearish_proxy,16.93,37.64,0.0,22,confirmed_bearish_trend,28,fresh_bearish_cross,37.65,62.77,0.5,-0.04331379,-0.08751273,-0.20119625,-0.23711715,,4H EMA 空头排列；4H MACD 最近死叉；4H RSI 偏弱
1533,NVTS,NAVITAS SEMICONDUCTOR,Information Technology,Early,Russell,1888,1.86,21.51,25.9,5.36,51.73,30.68,30.2,18.97,18.0,bearish_transition,26.35,bearish_proxy,5.59,35.37,0.0,22,confirmed_bearish_trend,42,mixed_or_bearish,35.56,10.48,1.68,-0.02329916,-0.09499136,-0.28169979,-0.17415288,,4H EMA 空头排列；4H MACD 尚未确认多头；4H RSI 偏弱
1534,SEG,SEAPORT ENTERTAINMENT GROUP INC,Real Estate,Early,Russell,1304,1.83,25.09,19.65,66.75,51.73,29.64,29.05,29.49,18.0,bearish_transition,26.35,bearish_proxy,37.47,41.74,0.0,22,confirmed_bearish_trend,42,mixed_or_bearish,26.05,24.540001,2.55,-0.02231072,-0.05850757,-0.09845695,-0.08089887,,4H EMA 空头排列；4H MACD 尚未确认多头；4H RSI 偏弱
1535,EPRT,ESSENTIAL PROPERTIES REALTY TRUST,Real Estate,Early,Russell,1340,1.83,24.85,19.65,67.32,51.73,29.64,29.05,29.19,18.0,bearish_transition,25.0,bearish_proxy,37.58,41.77,0.0,22,confirmed_bearish_trend,42,mixed_or_bearish,11.74,26.799999,2.84,-0.04694175,-0.09367606,-0.13950878,-0.12703589,,4H EMA 空头排列；4H MACD 尚未确认多头；4H RSI 偏弱
1536,JRVR,JAMES RIVER GROUP HOLDINGS INC,Financials,Early,Russell,1011,1.77,26.03,46.1,73.66,51.73,35.59,35.65,32.23,18.0,bearish_transition,26.35,bearish_proxy,45.77,43.4,0.0,22,confirmed_bearish_trend,64,fresh_below_zero_cross,38.88,3.86,2.65,-0.00387097,-0.02278481,-0.04099379,-0.16450216,4H MACD 刚金叉但仍需零轴确认,4H EMA 空头排列；4H RSI 偏弱
1537,SWMR,SWARMER INC,Industrials,Early,Russell,1892,1.7,21.35,25.9,4.64,51.73,29.87,29.3,18.5,18.0,bearish_transition,26.35,bearish_proxy,4.17,35.08,0.0,22,confirmed_bearish_trend,42,mixed_or_bearish,34.92,25.110001,0.78,0.11649627,-0.28542966,-0.46710411,-0.33218079,,4H EMA 空头排列；4H MACD 尚未确认多头；4H RSI 偏弱
1538,BNL,BROADSTONE NET LEASE,Real Estate,Early,Russell,1443,1.59,24.61,19.65,66.29,51.73,30.68,30.2,28.24,15.0,bearish_transition,25.0,bearish_proxy,37.43,41.74,0.0,22,confirmed_bearish_trend,42,mixed_or_bearish,17.47,19.43,1.28,-0.02533228,-0.06225864,-0.08457008,-0.08197500,,4H EMA 空头排列；4H MACD 尚未确认多头；4H RSI 偏弱
1539,HROW,HARROW,Health Care,Early,Russell,1556,1.54,24.36,25.9,49.9,51.73,32.03,31.7,27.1,15.0,bearish_transition,25.0,bearish_proxy,33.52,41.95,0.0,22,confirmed_bearish_trend,50,mixed_or_bearish,33.55,34.209999,0.69,0.02578714,-0.08943308,-0.13348533,-0.14196138,4H MACD 柱体连续扩张,4H EMA 空头排列；4H MACD 尚未确认多头；4H RSI 偏弱
1540,FRD,FRIEDMAN INDUSTRIES INC,Materials,Early,Russell,1035,1.47,36.11,19.65,38.66,51.73,38.51,38.9,31.9,35.0,mixed_sideways,25.0,bearish_proxy,30.33,40.32,0.0,36,bearish_transition,50,mixed_or_bearish,30.69,40.459999,1.83,-0.01485271,-0.08976382,-0.15231513,0.14487830,4H MACD 柱体连续扩张,4H EMA 转弱或跌破 EMA26；4H MACD 尚未确认多头；4H RSI 偏弱
1541,CIM,CHIMERA INVESTMENT,Financials,Early,Russell,1073,1.38,25.72,19.65,62.32,51.73,32.84,32.6,31.51,15.0,bearish_transition,25.0,bearish_proxy,47.33,43.72,0.0,22,confirmed_bearish_trend,50,mixed_or_bearish,28.19,10.91,1.29,-0.01222273,-0.05047868,-0.07109408,-0.13891081,4H MACD 柱体连续扩张,4H EMA 空头排列；4H MACD 尚未确认多头；4H RSI 偏弱
1542,RELY,REMITLY GLOBAL,Financials,Early,Russell,1575,1.36,24.13,25.9,49.18,51.73,32.03,31.7,26.85,15.0,bearish_transition,25.0,bearish_proxy,33.21,40.89,0.0,22,confirmed_bearish_trend,50,mixed_or_bearish,33.44,22.15,1.03,0.01372998,-0.07976735,-0.15779464,-0.10069018,4H MACD 柱体连续扩张,4H EMA 空头排列；4H MACD 尚未确认多头；4H RSI 偏弱
1543,BFS,SAUL CENTERS REIT INC,Real Estate,Early,Russell,1459,1.29,24.56,19.65,64.38,51.73,30.68,30.2,28.1,15.0,bearish_transition,25.0,bearish_proxy,37.0,41.65,0.0,22,confirmed_bearish_trend,42,mixed_or_bearish,15.74,30.33,1.74,-0.01525971,-0.04832134,-0.11471098,-0.11107852,,4H EMA 空头排列；4H MACD 尚未确认多头；4H RSI 偏弱
1544,DEI,DOUGLAS EMMETT REIT,Real Estate,Early,Russell,1460,1.26,24.56,19.65,64.23,51.73,32.84,32.6,28.09,15.0,bearish_transition,25.0,bearish_proxy,36.99,41.65,0.0,22,confirmed_bearish_trend,50,mixed_or_bearish,28.15,10.365,1.76,-0.00710782,-0.03760446,-0.10608021,-0.13336120,4H MACD 柱体连续扩张,4H EMA 空头排列；4H MACD 尚未确认多头；4H RSI 偏弱
1545,CPS,COOPER STANDARD HOLDINGS,Consumer Discretionary,Early,Russell,1580,1.24,24.11,25.9,48.45,51.73,32.03,31.7,26.79,15.0,bearish_transition,25.0,bearish_proxy,33.03,40.86,0.0,22,confirmed_bearish_trend,50,mixed_or_bearish,32.82,22.889999,0.81,0.00859216,-0.07589830,-0.17065221,-0.25536763,4H MACD 柱体连续扩张,4H EMA 空头排列；4H MACD 尚未确认多头；4H RSI 偏弱
1546,RHLD,RESOLUTE HOLDINGS MANAGEMENT INC,Industrials,Early,Russell,1583,1.2,24.11,25.9,48.2,51.73,29.87,29.3,26.78,15.0,bearish_transition,25.0,bearish_proxy,33.0,40.85,0.0,22,confirmed_bearish_trend,42,mixed_or_bearish,33.62,119.900002,0.82,-0.03095451,-0.11610758,-0.12296104,-0.11388660,,4H EMA 空头排列；4H MACD 尚未确认多头；4H RSI 偏弱
1547,IVR,INVESCO MORTGAGE CAPITAL REIT INC,Financials,Early,Russell,1335,1.11,25.0,19.65,62.16,51.73,30.68,30.2,29.22,18.0,bearish_transition,26.35,bearish_proxy,36.64,41.58,0.0,22,confirmed_bearish_trend,42,mixed_or_bearish,13.05,6.465,1.31,-0.02267574,-0.08750882,-0.13914780,-0.12694126,,4H EMA 空头排列；4H MACD 尚未确认多头；4H RSI 偏弱
1548,LE,LAND END,Consumer Discretionary,Early,Russell,1710,1.1,23.48,32.85,30.46,51.73,37.97,38.3,24.94,15.0,bearish_transition,25.0,bearish_proxy,27.43,39.74,0.0,22,confirmed_bearish_trend,72,fresh_below_zero_cross,31.78,10.29,0.86,0.00390244,-0.03016023,-0.16680162,-0.19859813,4H MACD 刚金叉但仍需零轴确认；4H MACD 柱体连续扩张,4H EMA 空头排列；4H RSI 偏弱
1549,PJT,PJT PARTNERS CLASS A,Financials,Early,Russell,1467,1.1,24.54,19.65,63.2,51.73,32.84,32.6,28.03,15.0,bearish_transition,25.0,bearish_proxy,36.79,41.61,0.0,22,confirmed_bearish_trend,50,mixed_or_bearish,23.74,152.630005,1.72,-0.02416725,-0.14262442,-0.10727026,-0.10857374,4H MACD 柱体连续扩张,4H EMA 空头排列；4H MACD 尚未确认多头；4H RSI 偏弱
1550,CABO,CABLE ONE INC,Communication,Early,Russell,1912,1.09,20.88,25.9,1.65,51.73,32.84,32.6,17.12,18.0,bearish_transition,26.35,bearish_proxy,0.0,34.25,0.0,22,confirmed_bearish_trend,50,mixed_or_bearish,34.75,19.028,1.48,-0.01816300,-0.10118092,-0.36190476,-0.57517304,4H MACD 柱体连续扩张,4H EMA 空头排列；4H MACD 尚未确认多头；4H RSI 偏弱
1551,MC,MOELIS CLASS A,Financials,Early,Russell,1466,1.08,24.54,19.65,63.09,51.73,30.68,30.2,28.03,15.0,bearish_transition,25.0,bearish_proxy,36.78,41.61,0.0,22,confirmed_bearish_trend,42,mixed_or_bearish,22.0,59.0,1.37,-0.02840672,-0.09758332,-0.11557486,-0.14069332,,4H EMA 空头排列；4H MACD 尚未确认多头；4H RSI 偏弱
1552,RCUS,ARCUS BIOSCIENCES,Health Care,Early,Russell,1362,1.07,24.93,19.65,62.06,51.73,32.84,32.6,29.02,18.0,bearish_transition,25.0,bearish_proxy,36.61,42.57,0.0,22,confirmed_bearish_trend,50,mixed_or_bearish,29.98,24.665001,1.35,0.03525708,-0.13395362,-0.16587754,-0.14298123,4H MACD 柱体连续扩张,4H EMA 空头排列；4H MACD 尚未确认多头；4H RSI 偏弱
1553,DAKT,DAKTRONICS INC,Information Technology,Early,Russell,1469,1.05,24.53,19.65,62.89,51.73,32.03,31.7,28.02,15.0,bearish_transition,25.0,bearish_proxy,36.77,41.6,0.0,22,confirmed_bearish_trend,50,mixed_or_bearish,28.65,17.559999,0.66,-0.00255615,-0.07821523,-0.11891626,-0.18439395,4H MACD 柱体连续扩张,4H EMA 空头排列；4H MACD 尚未确认多头；4H RSI 偏弱
1554,MEI,METHODE ELECTRONICS,Information Technology,Early,Russell,1937,0.92,20.4,25.9,1.65,51.73,32.03,31.7,15.89,15.0,bearish_transition,25.0,bearish_proxy,0.0,34.25,0.0,22,confirmed_bearish_trend,50,mixed_or_bearish,34.65,13.25,0.69,-0.00525526,-0.05255631,-0.26714602,-0.12251656,4H MACD 柱体连续扩张,4H EMA 空头排列；4H MACD 尚未确认多头；4H RSI 偏弱
1555,WOLF,WOLFSPEED INC,Information Technology,Early,Russell,1938,0.92,20.4,25.9,1.65,51.73,32.03,31.7,15.89,15.0,bearish_transition,25.0,bearish_proxy,0.0,34.25,0.0,22,confirmed_bearish_trend,50,mixed_or_bearish,36.86,23.690001,0.91,-0.00252627,-0.13127976,-0.32198049,-0.12486143,4H MACD 柱体连续扩张,4H EMA 空头排列；4H MACD 尚未确认多头；4H RSI 偏弱
1556,NUVB,NUVATION BIO CLASS A,Health Care,Early,Russell,1464,0.86,24.68,19.65,61.29,51.73,32.03,31.7,28.05,15.0,bearish_transition,25.0,bearish_proxy,36.39,42.53,0.0,22,confirmed_bearish_trend,50,mixed_or_bearish,31.66,5.78,0.66,0.00086580,-0.11349693,-0.10664606,-0.10108865,4H MACD 柱体连续扩张,4H EMA 空头排列；4H MACD 尚未确认多头；4H RSI 偏弱
1557,FVR,FRONTVIEW REIT,Real Estate,Early,Russell,1482,0.85,24.5,19.65,61.65,51.73,29.87,29.3,27.92,15.0,bearish_transition,25.0,bearish_proxy,36.46,41.54,0.0,22,confirmed_bearish_trend,42,mixed_or_bearish,18.75,17.639999,0.94,-0.02433634,-0.05364807,-0.09862039,-0.12738071,,4H EMA 空头排列；4H MACD 尚未确认多头；4H RSI 偏弱
1558,HE,HAWAIIAN ELECTRIC INDUSTRIES,Utilities,Early,Russell,1471,0.81,24.67,19.65,60.93,51.73,32.03,31.7,28.02,15.0,bearish_transition,25.0,bearish_proxy,36.3,42.51,0.0,22,confirmed_bearish_trend,50,mixed_or_bearish,25.47,10.235,0.87,0.00000000,-0.00919652,-0.13299449,-0.19725490,4H MACD 柱体连续扩张,4H EMA 空头排列；4H MACD 尚未确认多头；4H RSI 偏弱
1559,IBP,INSTALLED BUILDING PRODUCTS,Consumer Discretionary,Early,Russell,1602,0.8,24.04,25.9,45.67,51.73,32.84,32.6,26.58,15.0,bearish_transition,25.0,bearish_proxy,32.41,40.73,0.0,22,confirmed_bearish_trend,50,mixed_or_bearish,32.81,199.720001,1.35,-0.01581822,-0.05089575,-0.18060229,-0.16076979,4H MACD 柱体连续扩张,4H EMA 空头排列；4H MACD 尚未确认多头；4H RSI 偏弱
1560,ATMU,ATMUS FILTRATION TECHNOLOGIES,Industrials,Early,Russell,1603,0.78,24.04,25.9,45.57,51.73,32.84,32.6,26.57,15.0,bearish_transition,25.0,bearish_proxy,32.37,40.72,0.0,22,confirmed_bearish_trend,50,mixed_or_bearish,32.79,44.279999,1.35,-0.00135320,-0.04527818,-0.13439547,-0.19666183,4H MACD 柱体连续扩张,4H EMA 空头排列；4H MACD 尚未确认多头；4H RSI 偏弱
1561,LFCR,LIFECORE BIOMEDICAL,Health Care,Early,Russell,1407,0.76,24.85,46.1,69.64,51.73,39.41,39.9,28.56,15.0,bearish_transition,25.0,bearish_proxy,37.94,42.84,0.0,22,confirmed_bearish_trend,72,fresh_below_zero_cross,42.02,4.16,0.43,-0.00024033,0.01711491,-0.08571429,-0.04147465,4H MACD 刚金叉但仍需零轴确认；4H MACD 柱体连续扩张,4H EMA 空头排列
1562,MPAA,MOTORCAR PARTS OF AMERICA INC,Consumer Discretionary,Early,Russell,1358,0.76,24.94,19.65,60.0,51.73,30.68,30.2,29.04,18.0,bearish_transition,26.35,bearish_proxy,36.1,41.47,0.0,22,confirmed_bearish_trend,42,mixed_or_bearish,29.22,10.65,1.99,-0.02023919,-0.08896493,-0.11027569,-0.21806167,,4H EMA 空头排列；4H MACD 尚未确认多头；4H RSI 偏弱
1563,FENC,FENNEC PHARMACEUTICALS,Health Care,Early,Russell,1475,0.73,24.66,19.65,60.41,51.73,32.03,31.7,27.99,15.0,bearish_transition,25.0,bearish_proxy,36.21,42.49,0.0,22,confirmed_bearish_trend,50,mixed_or_bearish,31.46,10.55,0.63,0.01150527,-0.09751925,-0.10819949,0.04455446,4H MACD 柱体连续扩张,4H EMA 空头排列；4H MACD 尚未确认多头；4H RSI 偏弱
1564,RLMD,RELMADA THERAPEUTICS INC,Health Care,Early,Russell,911,0.68,29.47,43.7,64.74,51.73,35.63,35.7,34.48,15.0,bearish_transition,49.8,bullish_below_zero_proxy,37.09,42.67,0.0,22,confirmed_bearish_trend,58,bullish_above_signal,41.5,4.22,0.47,-0.03981797,0.03178484,-0.11437566,-0.22781336,4H MACD 位于 Signal 上方,4H EMA 空头排列
1565,PAX,PATRIA INVESTMENTS LTD CLASS A,Financials,Early,Russell,1493,0.68,24.48,19.65,60.57,51.73,30.68,30.2,27.85,15.0,bearish_transition,25.0,bearish_proxy,36.24,41.5,0.0,22,confirmed_bearish_trend,42,mixed_or_bearish,19.67,10.06,1.32,-0.03036145,-0.07024030,-0.12062937,-0.11831727,,4H EMA 空头排列；4H MACD 尚未确认多头；4H RSI 偏弱
1566,CXM,SPRINKLR CLASS A,Information Technology,Early,Russell,1806,0.65,22.71,36.7,18.97,51.73,36.35,36.5,22.67,15.0,bearish_transition,25.0,bearish_proxy,20.56,38.36,0.0,22,confirmed_bearish_trend,66,bullish_above_signal,33.85,5.585,0.77,-0.03373702,0.05178908,-0.16641791,-0.16141141,4H MACD 位于 Signal 上方；4H MACD 柱体连续扩张,4H EMA 空头排列；4H RSI 偏弱
1567,YSWY,YESWAY INC CLASS A,Consumer Staples,Early,Russell,1595,0.65,24.2,25.9,44.33,51.73,30.68,30.2,26.65,15.0,bearish_transition,25.0,bearish_proxy,32.16,41.68,0.0,22,confirmed_bearish_trend,42,mixed_or_bearish,32.27,21.74,1.64,-0.01717907,-0.06252699,-0.12935519,-0.02072076,,4H EMA 空头排列；4H MACD 尚未确认多头；4H RSI 偏弱
1568,ACCO,ACCO BRANDS CORP,Industrials,Early,Russell,595,0.56,38.2,40.9,51.03,51.73,42.29,43.1,38.04,35.0,mixed_sideways,25.0,bearish_proxy,48.93,44.04,0.0,36,bearish_transition,50,mixed_or_bearish,48.6,4.26,1.45,0.00828402,-0.00117233,0.00709220,-0.02739726,4H MACD 柱体连续扩张；4H RSI 位于健康强势区间,4H EMA 转弱或跌破 EMA26；4H MACD 尚未确认多头
1569,SI,SHOULDER INNOVATIONS,Health Care,Early,Russell,1489,0.56,24.62,19.65,59.38,51.73,32.84,32.6,27.89,15.0,bearish_transition,25.0,bearish_proxy,35.9,42.43,0.0,22,confirmed_bearish_trend,50,mixed_or_bearish,30.2,17.915001,1.19,0.00027923,-0.09014728,-0.10200501,-0.21044512,4H MACD 柱体连续扩张,4H EMA 空头排列；4H MACD 尚未确认多头；4H RSI 偏弱
1570,OPAL,OPAL FUELS CLASS A,Energy,Early,Russell,1579,0.52,24.11,54.1,48.45,51.73,45.8,47.0,26.79,15.0,bearish_transition,25.0,bearish_proxy,33.03,40.86,0.0,36,bearish_transition,72,fresh_below_zero_cross,46.54,1.92,0.91,0.05205479,0.03504043,-0.12328767,-0.20331950,4H MACD 刚金叉但仍需零轴确认；4H MACD 柱体连续扩张,4H EMA 转弱或跌破 EMA26
1571,MIAX,MIAMI INTERNATIONAL HOLDINGS,Financials,Early,Russell,1376,0.51,24.89,19.65,58.45,51.73,30.68,30.2,28.88,18.0,bearish_transition,26.35,bearish_proxy,35.62,41.37,0.0,22,confirmed_bearish_trend,42,mixed_or_bearish,29.09,37.98,2.35,-0.04812035,-0.11427241,-0.10361102,-0.16195940,,4H EMA 空头排列；4H MACD 尚未确认多头；4H RSI 偏弱
1572,LCTX,LINEAGE CELL THERAPEUTICS INC,Health Care,Early,Russell,937,0.36,26.78,54.1,41.13,51.73,49.45,51.05,34.04,18.0,bearish_transition,26.35,bearish_proxy,50.8,45.41,0.0,39,bearish_transition,72,fresh_below_zero_cross,48.9,1.065,1.05,0.02403846,0.02898551,0.00471698,-0.04054054,4H MACD 刚金叉但仍需零轴确认；4H MACD 柱体连续扩张；4H RSI 位于健康强势区间,4H EMA 转弱或跌破 EMA26
1573,VISN,VISTANCE NETWORKS INC,Information Technology,Early,Russell,1515,0.35,29.29,36.7,1.65,51.73,35.41,35.45,27.59,15.0,bearish_transition,71.8,fresh_below_zero_cross_proxy,0.0,34.25,0.0,25,confirmed_bearish_trend,58,bullish_above_signal,33.33,6.51,0.95,-0.02471910,0.01560062,-0.44168096,-0.47961631,4H MACD 位于 Signal 上方,4H EMA 空头排列；4H RSI 偏弱
1574,FUL,HB FULLER,Materials,Early,Russell,1744,0.34,23.26,32.85,25.88,51.73,37.97,38.3,24.29,15.0,bearish_transition,25.0,bearish_proxy,25.47,39.34,0.0,22,confirmed_bearish_trend,72,fresh_below_zero_cross,31.9,50.82,1.03,0.00207039,-0.01967593,-0.20094337,-0.13718169,4H MACD 刚金叉但仍需零轴确认；4H MACD 柱体连续扩张,4H EMA 空头排列；4H RSI 偏弱
1575,TPB,TURNING POINT BRANDS,Consumer Staples,Early,Russell,1740,0.3,23.43,32.85,25.26,51.73,38.78,39.2,24.38,15.0,bearish_transition,25.0,bearish_proxy,25.28,40.31,0.0,22,confirmed_bearish_trend,72,fresh_below_zero_cross,28.94,70.0,1.1,-0.00948066,-0.04358522,-0.17927073,-0.15438511,4H MACD 刚金叉但仍需零轴确认；4H MACD 柱体连续扩张,4H EMA 空头排列；4H RSI 偏弱
1576,FRPH,FRP HOLDINGS INC,Real Estate,Early,Russell,1044,0.28,25.84,19.65,54.69,51.73,30.68,30.2,31.84,15.0,bearish_transition,25.0,bearish_proxy,48.35,43.92,0.0,22,confirmed_bearish_trend,42,mixed_or_bearish,29.34,21.190001,1.75,-0.01920847,-0.04247619,-0.03330287,-0.05612472,,4H EMA 空头排列；4H MACD 尚未确认多头；4H RSI 偏弱
1577,UMBF,UMB FINANCIAL,Financials,Early,Russell,1421,0.26,24.6,19.65,57.42,51.73,30.68,30.2,28.46,18.0,bearish_transition,25.0,bearish_proxy,35.38,41.33,0.0,22,confirmed_bearish_trend,42,mixed_or_bearish,25.45,134.199997,2.11,-0.02999645,-0.04984429,-0.11675665,-0.09513857,,4H EMA 空头排列；4H MACD 尚未确认多头；4H RSI 偏弱
1578,DOLE,DOLE PLC,Consumer Staples,Early,Russell,974,0.22,26.41,25.9,36.29,51.73,32.03,31.7,33.13,15.0,bearish_transition,25.0,bearish_proxy,51.8,45.61,0.0,22,confirmed_bearish_trend,50,mixed_or_bearish,33.73,13.115,0.89,-0.00530906,-0.05032585,0.01470019,-0.06254467,4H MACD 柱体连续扩张,4H EMA 空头排列；4H MACD 尚未确认多头；4H RSI 偏弱
1579,KSS,KOHLS CORP,Consumer Discretionary,Early,Russell,1624,0.22,23.94,25.9,42.06,51.73,32.03,31.7,26.29,15.0,bearish_transition,25.0,bearish_proxy,31.54,40.56,0.0,22,confirmed_bearish_trend,50,mixed_or_bearish,33.83,16.459999,0.96,0.00611235,-0.06050234,-0.14670824,-0.18109458,4H MACD 柱体连续扩张,4H EMA 空头排列；4H MACD 尚未确认多头；4H RSI 偏弱
1580,FULC,FULCRUM THERAPEUTICS,Health Care,Early,Russell,1112,0.21,25.68,40.9,77.94,51.73,40.67,41.3,30.99,15.0,bearish_transition,25.0,bearish_proxy,45.3,44.31,0.0,36,bearish_transition,50,mixed_or_bearish,45.2,3.79,1.21,0.00664011,-0.01302083,-0.01813472,-0.00131752,4H MACD 柱体连续扩张,4H EMA 转弱或跌破 EMA26；4H MACD 尚未确认多头
1581,OVID,OVID THERAPEUTICS,Health Care,Early,Russell,897,0.2,37.2,32.9,72.32,51.73,38.51,38.9,34.69,35.0,mixed_sideways,25.0,bearish_proxy,38.35,42.92,0.0,36,bearish_transition,42,mixed_or_bearish,44.85,2.68,1.44,-0.00371747,-0.01470588,-0.07586207,0.05221830,,4H EMA 转弱或跌破 EMA26；4H MACD 尚未确认多头
1582,NREF,NEXPOINT REAL ESTATE FINANCE,Financials,Early,Russell,1041,0.18,25.85,19.65,54.02,51.73,29.87,29.3,31.88,15.0,bearish_transition,25.0,bearish_proxy,48.45,43.94,0.0,22,confirmed_bearish_trend,42,mixed_or_bearish,26.63,16.0,0.89,-0.01960784,-0.07138712,-0.05937684,-0.07030791,,4H EMA 空头排列；4H MACD 尚未确认多头；4H RSI 偏弱
1583,PMTS,CPI CARD GROUP INC,Information Technology,Early,Russell,980,0.17,26.22,25.9,36.39,51.73,32.03,31.7,32.97,15.0,bearish_transition,25.0,bearish_proxy,51.76,44.6,0.0,22,confirmed_bearish_trend,50,mixed_or_bearish,33.29,23.76,0.69,-0.01980198,-0.15804391,-0.17255790,0.03439273,4H MACD 柱体连续扩张,4H EMA 空头排列；4H MACD 尚未确认多头；4H RSI 偏弱
1584,NATR,NATURES SUNSHINE PRODUCTS INC,Consumer Staples,Early,Russell,950,0.14,29.21,16.05,55.46,51.73,26.09,25.1,33.73,15.0,bearish_transition,49.8,bullish_below_zero_proxy,34.83,42.22,0.0,22,confirmed_bearish_trend,28,fresh_bearish_cross,27.44,13.09,1.05,-0.01282051,-0.04102564,-0.10952381,-0.35958907,,4H EMA 空头排列；4H MACD 最近死叉；4H RSI 偏弱
1585,HUBG,HUB GROUP CLASS A,Industrials,Early,Russell,1517,0.11,24.36,19.65,57.01,51.73,30.68,30.2,27.51,15.0,bearish_transition,25.0,bearish_proxy,35.23,41.3,0.0,22,confirmed_bearish_trend,42,mixed_or_bearish,22.52,33.119999,1.05,-0.01750223,-0.06228768,-0.16128540,-0.30609682,,4H EMA 空头排列；4H MACD 尚未确认多头；4H RSI 偏弱
1586,GKOS,GLAUKOS,Health Care,Early,Russell,1513,0.07,24.52,19.65,56.34,51.73,30.68,30.2,27.6,15.0,bearish_transition,25.0,bearish_proxy,35.02,42.25,0.0,22,confirmed_bearish_trend,42,mixed_or_bearish,30.31,163.397995,1.3,-0.04824090,-0.09182972,-0.11967031,-0.04249633,,4H EMA 空头排列；4H MACD 尚未确认多头；4H RSI 偏弱
1587,VYX,NCR VOYIX,Information Technology,Early,Russell,1521,0.03,24.34,19.65,56.49,51.73,30.68,30.2,27.46,15.0,bearish_transition,25.0,bearish_proxy,35.07,41.26,0.0,22,confirmed_bearish_trend,42,mixed_or_bearish,29.29,7.1199,1.74,-0.08660680,-0.14884638,-0.07653696,-0.19956155,,4H EMA 空头排列；4H MACD 尚未确认多头；4H RSI 偏弱
1588,AMPY,AMPLIFY ENERGY,Energy,Early,Russell,853,0.01,37.34,25.9,89.38,51.73,36.35,36.5,35.52,35.0,mixed_sideways,25.0,bearish_proxy,41.32,42.51,0.0,38,bearish_transition,42,mixed_or_bearish,35.35,4.565,0.95,-0.08148893,-0.07403651,-0.05290456,0.14842767,,4H EMA 转弱或跌破 EMA26；4H MACD 尚未确认多头；4H RSI 偏弱
1589,CERS,CERUS CORP,Health Care,Early,Russell,1627,0,23.99,51.7,32.58,51.73,46.21,47.45,26.26,18.0,bearish_transition,25.0,bearish_proxy,28.25,40.9,0.0,39,bearish_transition,66,bullish_above_signal,45.34,2.53,1.5,-0.00197239,0.00396825,-0.14957983,0.16055046,4H MACD 位于 Signal 上方；4H MACD 柱体连续扩张,4H EMA 转弱或跌破 EMA26
1590,LUCD,LUCID DIAGNOSTICS INC,Health Care,Early,Russell,1523,0,24.38,46.1,42.99,51.73,45.8,47.0,27.42,18.0,bearish_transition,25.0,bearish_proxy,31.78,41.61,0.0,36,bearish_transition,72,fresh_below_zero_cross,41.33,0.8364,0.89,0.05419713,0.01283604,-0.15438277,-0.13577185,4H MACD 刚金叉但仍需零轴确认；4H MACD 柱体连续扩张,4H EMA 转弱或跌破 EMA26
1591,ASPN,ASPEN AEROGELS,Materials,Early,Russell,1707,0,23.5,51.7,31.03,51.73,45.66,46.85,24.99,15.0,bearish_transition,25.0,bearish_proxy,27.6,39.77,0.0,39,bearish_transition,58,bullish_above_signal,48.38,4.935,1.31,0.01127049,0.01962810,-0.15278970,-0.02470356,4H MACD 位于 Signal 上方；4H RSI 位于健康强势区间,4H EMA 转弱或跌破 EMA26
1592,KPTI,KARYOPHARM THERAPEUTICS,Health Care,Early,Russell,1018,0,28.68,51.7,37.11,51.73,45.39,46.55,32.15,15.0,bearish_transition,49.8,bullish_below_zero_proxy,30.05,41.26,0.0,39,bearish_transition,66,bullish_above_signal,46.34,1.7,0.83,0.06583072,0.01190476,-0.05292479,-0.12820513,4H MACD 位于 Signal 上方；4H MACD 柱体连续扩张,4H EMA 转弱或跌破 EMA26
1593,CNTX,CONTEXT THERAPEUTICS INC,Health Care,Early,Russell,1711,0,26.27,51.7,4.74,51.73,44.99,46.1,24.93,18.0,bearish_transition,51.15,bullish_below_zero_proxy,4.42,36.13,0.0,36,bearish_transition,66,bullish_above_signal,47.67,0.379,1.62,0.05865922,0.01799624,-0.28839655,-0.38959575,4H MACD 位于 Signal 上方；4H MACD 柱体连续扩张,4H EMA 转弱或跌破 EMA26
1594,RDZN,ROADZEN INC,Information Technology,Early,Russell,1862,0,22.06,46.1,10.82,51.73,43.64,44.6,20.78,15.0,bearish_transition,25.0,bearish_proxy,14.81,37.21,0.0,36,bearish_transition,72,fresh_below_zero_cross,39.13,1.18,0.83,0.06306306,-0.05220884,-0.21854305,-0.04065041,4H MACD 刚金叉但仍需零轴确认；4H MACD 柱体连续扩张,4H EMA 转弱或跌破 EMA26；4H RSI 偏弱
1595,ALT,ALTIMMUNE INC,Health Care,Early,Russell,446,0,39.24,40.9,21.13,51.73,41.34,42.05,40.69,35.0,mixed_sideways,25.0,bearish_proxy,56.53,46.56,0.0,41,bearish_transition,42,mixed_or_bearish,50.02,3.24,0.98,-0.01369863,-0.02994012,0.07820300,0.05709625,4H RSI 位于健康强势区间,4H EMA 转弱或跌破 EMA26；4H MACD 尚未确认多头
1596,SATL,SATELLOGIC CLASS A,Industrials,Early,Russell,1788,0,22.88,51.7,20.82,51.73,41.21,41.9,23.18,15.0,bearish_transition,25.0,bearish_proxy,22.1,38.67,0.0,30,confirmed_bearish_trend,58,bullish_above_signal,49.56,4.95,0.83,-0.03602726,-0.00502513,-0.14948454,0.10122358,4H MACD 位于 Signal 上方；4H RSI 位于健康强势区间,4H EMA 空头排列
1597,CNDT,CONDUENT,Industrials,Early,Russell,945,0,26.5,40.9,28.14,51.73,41.08,41.75,33.78,15.0,bearish_transition,25.0,bearish_proxy,54.21,45.09,0.0,39,bearish_transition,50,mixed_or_bearish,45.51,1.62,0.85,-0.00917431,0.02208202,0.10580205,-0.09243697,4H MACD 柱体连续扩张,4H EMA 转弱或跌破 EMA26；4H MACD 尚未确认多头
1598,RCKT,ROCKET PHARMACEUTICALS,Health Care,Early,Russell,996,0,26.27,40.9,70.21,51.73,40.67,41.3,32.53,18.0,bearish_transition,26.35,bearish_proxy,46.21,44.49,0.0,36,bearish_transition,50,mixed_or_bearish,46.83,3.48,1.2,0.06259542,-0.04000000,0.02052786,0.01015965,4H MACD 柱体连续扩张,4H EMA 转弱或跌破 EMA26；4H MACD 尚未确认多头
1599,IKT,INHIBIKASE THERAPEUTICS,Health Care,Early,Russell,1244,0,25.33,32.9,96.13,51.73,40.67,41.3,29.97,15.0,bearish_transition,25.0,bearish_proxy,42.21,43.69,0.0,36,bearish_transition,50,mixed_or_bearish,42.73,2.31,1.08,0.02439024,-0.04149378,-0.03144654,-0.04742268,4H MACD 柱体连续扩张,4H EMA 转弱或跌破 EMA26；4H MACD 尚未确认多头
1600,BORR,BORR DRILLING,Energy,Early,Russell,1047,0,25.88,32.9,85.67,51.73,39.86,40.4,31.8,18.0,bearish_transition,26.35,bearish_proxy,44.46,43.14,0.0,36,bearish_transition,50,mixed_or_bearish,42.87,4.235,0.79,-0.02080925,-0.01511628,-0.05888889,0.05348259,4H MACD 柱体连续扩张,4H EMA 转弱或跌破 EMA26；4H MACD 尚未确认多头
1601,REI,RING ENERGY INC,Energy,Early,Russell,433,0,39.26,40.9,16.91,51.73,39.73,40.25,41.14,35.0,mixed_sideways,25.0,bearish_proxy,58.34,45.92,0.0,41,bearish_transition,42,mixed_or_bearish,47.72,1.49,0.82,-0.04487179,0.00336700,0.06428571,0.19200000,,4H EMA 转弱或跌破 EMA26；4H MACD 尚未确认多头
1602,KOS,KOSMOS ENERGY,Energy,Early,Russell,409,0,39.21,37.3,11.75,51.73,39.59,40.1,42.35,38.0,mixed_sideways,21.35,fresh_bearish_cross_proxy,62.06,46.66,0.0,44,bearish_transition,28,fresh_bearish_cross,48.29,2.875,1.14,-0.06807131,0.00000000,0.10364683,0.18801653,4H RSI 位于健康强势区间,4H EMA 转弱或跌破 EMA26；4H MACD 最近死叉
1603,RWT,REDWOOD TRUST REIT,Financials,Early,Russell,885,0,26.89,39.1,18.56,51.73,39.19,39.65,34.95,15.0,bearish_transition,25.0,bearish_proxy,57.77,45.8,0.0,25,confirmed_bearish_trend,72,fresh_below_zero_cross,37.11,3.89,0.96,-0.00638570,-0.08470588,-0.18789144,-0.16969050,4H MACD 刚金叉但仍需零轴确认；4H MACD 柱体连续扩张,4H EMA 空头排列；4H RSI 偏弱
1604,AQST,AQUESTIVE THERAPEUTICS,Health Care,Early,Russell,402,0,40.11,32.9,10.41,51.73,39.14,39.6,43.22,35.0,mixed_sideways,25.0,bearish_proxy,64.19,48.09,0.0,36,bearish_transition,50,mixed_or_bearish,43.13,4.82,0.51,-0.00103627,-0.06498545,0.12748538,0.28877005,4H MACD 柱体连续扩张,4H EMA 转弱或跌破 EMA26；4H MACD 尚未确认多头
1605,PACK,RANPAK HOLDINGS CLASS A,Materials,Early,Russell,1838,0,22.39,32.85,14.12,51.73,38.78,39.2,21.73,15.0,bearish_transition,25.0,bearish_proxy,17.69,37.79,0.0,22,confirmed_bearish_trend,72,fresh_below_zero_cross,25.75,3.835,1.37,0.01321004,-0.05308642,-0.26532567,-0.31882771,4H MACD 刚金叉但仍需零轴确认；4H MACD 柱体连续扩张,4H EMA 空头排列；4H RSI 偏弱
1606,BBW,BUILD A BEAR WORKSHOP,Consumer Discretionary,Early,Russell,1893,0,21.19,32.85,4.95,51.73,38.78,39.2,18.45,18.0,bearish_transition,25.0,bearish_proxy,5.03,35.26,0.0,22,confirmed_bearish_trend,72,fresh_below_zero_cross,31.12,26.370001,1.98,0.00323382,-0.06621809,-0.30823710,-0.23074674,4H MACD 刚金叉但仍需零轴确认；4H MACD 柱体连续扩张,4H EMA 空头排列；4H RSI 偏弱
1607,JANX,JANUX THERAPEUTICS,Health Care,Early,Russell,1004,0,26.14,19.65,48.45,51.73,38.51,38.9,32.35,15.0,bearish_transition,25.0,bearish_proxy,49.42,45.13,0.0,36,bearish_transition,50,mixed_or_bearish,28.2,16.245001,1.28,-0.01783555,-0.15916144,-0.00061507,0.01721985,4H MACD 柱体连续扩张,4H EMA 转弱或跌破 EMA26；4H MACD 尚未确认多头；4H RSI 偏弱
1608,EVGO,EVGO INC CLASS A,Consumer Discretionary,Early,Russell,1104,0,28.19,51.7,30.1,51.73,38.06,38.4,31.12,15.0,bearish_transition,49.8,bullish_below_zero_proxy,27.38,39.73,0.0,28,confirmed_bearish_trend,58,bullish_above_signal,47.45,1.39,0.53,-0.05119454,0.02962963,-0.09740260,-0.20114943,4H MACD 位于 Signal 上方,4H EMA 空头排列
1609,SPCE,VIRGIN GALACTIC HOLDINGS INC SHS C,Industrials,Early,Russell,1283,0,25.15,29.3,70.0,51.73,37.97,38.3,29.66,18.0,bearish_transition,26.35,bearish_proxy,37.97,41.84,0.0,44,bearish_transition,28,fresh_bearish_cross,44.7,2.92,1.59,-0.05348460,-0.01351351,-0.06260032,-0.00680272,,4H EMA 转弱或跌破 EMA26；4H MACD 最近死叉
1610,CCCC,C4 THERAPEUTICS,Health Care,Early,Russell,1731,0,23.41,46.1,22.58,51.73,37.97,38.3,24.56,18.0,bearish_transition,25.0,bearish_proxy,23.11,39.87,0.0,22,confirmed_bearish_trend,72,fresh_below_zero_cross,39.78,3.45,1.0,0.00877193,0.00729927,-0.19109027,-0.04432133,4H MACD 刚金叉但仍需零轴确认；4H MACD 柱体连续扩张,4H EMA 空头排列；4H RSI 偏弱
1611,SXI,STANDEX INTERNATIONAL CORP,Industrials,Early,Russell,1778,0,22.96,32.85,21.8,51.73,37.97,38.3,23.41,15.0,bearish_transition,25.0,bearish_proxy,22.8,38.81,0.0,22,confirmed_bearish_trend,72,fresh_below_zero_cross,29.87,259.380005,1.0,0.01667812,-0.03894183,-0.20657061,-0.19689134,4H MACD 刚金叉但仍需零轴确认；4H MACD 柱体连续扩张,4H EMA 空头排列；4H RSI 偏弱
1612,ELDN,ELEDON PHARMACEUTICALS INC,Health Care,Early,Russell,1848,0,22.4,32.85,12.47,51.73,37.97,38.3,21.36,15.0,bearish_transition,25.0,bearish_proxy,16.11,38.47,0.0,22,confirmed_bearish_trend,72,fresh_below_zero_cross,27.11,2.67,0.66,0.00187617,-0.05150977,-0.25523013,-0.23385940,4H MACD 刚金叉但仍需零轴确认；4H MACD 柱体连续扩张,4H EMA 空头排列；4H RSI 偏弱
1613,FJET,STARFIGHTERS SPACE INC,Industrials,Early,Russell,1915,0,20.62,32.85,1.65,51.73,37.97,38.3,16.79,18.0,bearish_transition,25.0,bearish_proxy,0.0,34.25,0.0,22,confirmed_bearish_trend,72,fresh_below_zero_cross,19.03,1.9,0.94,-0.02813299,-0.07317073,-0.52970297,-0.52736318,4H MACD 刚金叉但仍需零轴确认；4H MACD 柱体连续扩张,4H EMA 空头排列；4H RSI 偏弱
1614,RARE,ULTRAGENYX PHARMACEUTICAL,Health Care,Early,Russell,1923,0,20.59,32.85,1.65,51.73,37.97,38.3,16.04,15.0,bearish_transition,25.0,bearish_proxy,0.0,35.25,0.0,22,confirmed_bearish_trend,72,fresh_below_zero_cross,17.53,12.88,0.75,-0.01151190,-0.09867040,-0.50689129,-0.50135501,4H MACD 刚金叉但仍需零轴确认；4H MACD 柱体连续扩张,4H EMA 空头排列；4H RSI 偏弱
1615,ANRO,ALTO NEUROSCIENCE INC,Health Care,Early,Russell,1690,0,23.74,19.65,31.96,51.73,37.7,38.0,25.3,15.0,bearish_transition,25.0,bearish_proxy,28.08,40.87,0.0,36,bearish_transition,50,mixed_or_bearish,30.63,29.98,0.95,-0.00629765,-0.12004696,-0.10747246,0.06105118,4H MACD 柱体连续扩张,4H EMA 转弱或跌破 EMA26；4H MACD 尚未确认多头；4H RSI 偏弱
1616,AMTX,AEMETIS INC,Energy,Early,Russell,532,0,37.95,37.3,25.67,51.73,37.57,37.85,38.82,35.0,mixed_sideways,20.0,fresh_bearish_cross_proxy,55.11,45.27,0.0,41,bearish_transition,28,fresh_bearish_cross,50.05,1.9,0.85,-0.01041667,0.03825137,0.05555556,0.16564417,4H RSI 位于健康强势区间,4H EMA 转弱或跌破 EMA26；4H MACD 最近死叉
1617,ZIP,ZIPRECRUITER INC CLASS A,Communication,Early,Russell,1858,0,22.15,43.7,11.55,51.73,37.57,37.85,21.03,15.0,bearish_transition,25.0,bearish_proxy,15.58,37.37,0.0,25,confirmed_bearish_trend,58,bullish_above_signal,41.66,3.84,0.64,-0.02165605,0.04206242,-0.20906282,-0.14476615,4H MACD 位于 Signal 上方,4H EMA 空头排列
1618,WTI,W AND T OFFSHORE,Energy,Early,Russell,286,0,46.0,37.3,23.14,51.73,37.45,36.05,49.6,35.0,mixed_sideways,61.8,bullish_above_signal_proxy,56.11,45.47,0.0,41,bearish_transition,28,fresh_bearish_cross,47.03,3.8899,0.73,-0.08365135,-0.04071517,0.03592543,0.13739766,,4H EMA 转弱或跌破 EMA26；4H MACD 最近死叉
1619,GRNT,GRANITE RIDGE RESOURCES,Energy,Early,Russell,786,0,37.1,29.3,60.77,51.73,37.16,37.4,36.34,35.0,mixed_sideways,20.0,fresh_bearish_cross_proxy,47.58,43.77,0.0,44,bearish_transition,28,fresh_bearish_cross,42.03,4.96,0.99,-0.05971564,-0.02362205,-0.05703422,0.03983229,,4H EMA 转弱或跌破 EMA26；4H MACD 最近死叉
1620,KOPN,KOPIN CORP,Information Technology,Early,Russell,1807,0,22.62,51.7,14.43,51.73,37.16,37.4,22.66,18.0,bearish_transition,25.0,bearish_proxy,17.79,37.81,0.0,22,confirmed_bearish_trend,58,bullish_above_signal,46.15,4.34,1.16,0.00813008,0.01877934,-0.18344309,0.04452467,4H MACD 位于 Signal 上方,4H EMA 空头排列
1621,ORMP,ORAMED PHARMACEUTICALS INC,Health Care,Early,Russell,648,0,38.15,32.9,65.57,51.73,36.98,37.2,37.49,35.0,mixed_sideways,25.0,bearish_proxy,46.81,44.61,0.0,36,bearish_transition,50,mixed_or_bearish,39.09,4.62,0.43,0.00216920,-0.03347280,0.01315789,0.03703704,4H MACD 柱体连续扩张,4H EMA 转弱或跌破 EMA26；4H MACD 尚未确认多头；4H RSI 偏弱
1622,CDZI,CADIZ INC,Utilities,Early,Russell,944,0,26.65,32.9,29.07,51.73,36.98,37.2,33.82,15.0,bearish_transition,25.0,bearish_proxy,53.9,46.03,0.0,36,bearish_transition,50,mixed_or_bearish,38.57,3.56,0.48,-0.00419580,-0.11990111,0.11598746,0.11250000,4H MACD 柱体连续扩张,4H EMA 转弱或跌破 EMA26；4H MACD 尚未确认多头；4H RSI 偏弱
1623,ABOS,ACUMEN PHARMACEUTICALS INC,Health Care,Early,Russell,896,0,37.2,25.9,72.58,51.73,36.35,36.5,34.7,35.0,mixed_sideways,25.0,bearish_proxy,38.38,42.93,0.0,36,bearish_transition,42,mixed_or_bearish,35.58,2.61,1.07,-0.06283662,-0.08260105,-0.01879699,0.16517857,,4H EMA 转弱或跌破 EMA26；4H MACD 尚未确认多头；4H RSI 偏弱
1624,TYGO,TIGO ENERGY,Industrials,Early,Russell,936,0,29.25,43.7,46.24,51.73,36.35,36.5,34.05,18.0,bearish_transition,51.15,bullish_below_zero_proxy,32.51,40.75,0.0,22,confirmed_bearish_trend,58,bullish_above_signal,41.22,1.03,0.93,0.00980392,-0.01904762,-0.12711864,-0.50000000,4H MACD 位于 Signal 上方,4H EMA 空头排列
1625,GNL,GLOBAL NET LEASE INC,Real Estate,Early,Russell,1015,0,25.96,19.65,48.35,51.73,36.35,36.5,32.2,15.0,bearish_transition,25.0,bearish_proxy,49.43,44.14,0.0,36,bearish_transition,42,mixed_or_bearish,27.53,8.89,1.87,-0.01550388,-0.02200220,0.00793651,0.03613054,,4H EMA 转弱或跌破 EMA26；4H MACD 尚未确认多头；4H RSI 偏弱
1626,XPRO,EXPRO LTD,Energy,Early,Russell,1458,0,24.48,19.65,52.99,51.73,36.35,36.5,28.11,18.0,bearish_transition,25.0,bearish_proxy,34.31,41.11,0.0,36,bearish_transition,42,mixed_or_bearish,30.77,16.445,1.44,-0.04777070,-0.09642862,-0.11395469,-0.01996430,,4H EMA 转弱或跌破 EMA26；4H MACD 尚未确认多头；4H RSI 偏弱
1627,JBLU,JETBLUE AIRWAYS,Industrials,Early,Russell,1736,0,23.32,36.7,26.8,51.73,36.35,36.5,24.45,15.0,bearish_transition,25.0,bearish_proxy,25.94,39.44,0.0,22,confirmed_bearish_trend,66,bullish_above_signal,33.37,4.3,0.87,0.00469637,-0.01660339,-0.17938931,-0.32864949,4H MACD 位于 Signal 上方；4H MACD 柱体连续扩张,4H EMA 空头排列；4H RSI 偏弱
1628,ALMS,ALUMIS,Health Care,Early,Russell,1921,0,20.59,30.45,1.65,51.73,36.35,36.5,16.04,15.0,bearish_transition,25.0,bearish_proxy,0.0,35.25,0.0,22,confirmed_bearish_trend,66,bullish_above_signal,18.25,7.94,0.66,-0.05023923,-0.18979592,-0.68911513,-0.70701107,4H MACD 位于 Signal 上方；4H MACD 柱体连续扩张,4H EMA 空头排列；4H RSI 偏弱
1629,LCID,LUCID GROUP,Consumer Discretionary,Early,Russell,1931,0,20.4,30.45,1.65,51.73,36.35,36.5,15.89,15.0,bearish_transition,25.0,bearish_proxy,0.0,34.25,0.0,22,confirmed_bearish_trend,66,bullish_above_signal,31.8,4.04,0.98,-0.00369914,-0.05472753,-0.35256410,-0.48135976,4H MACD 位于 Signal 上方；4H MACD 柱体连续扩张,4H EMA 空头排列；4H RSI 偏弱
1630,BRBS,BLUE RIDGE BANKSHARES INC,Financials,Early,Russell,418,0,39.4,29.3,19.07,51.73,35.95,36.05,41.78,38.0,mixed_sideways,25.0,bearish_proxy,57.54,45.76,0.0,41,bearish_transition,28,fresh_bearish_cross,42.17,3.945,0.89,-0.02832512,-0.02472188,-0.01375000,0.08082192,,4H EMA 转弱或跌破 EMA26；4H MACD 最近死叉
1631,KEEL,KEEL INFRASTRUCTURE CORP,Information Technology,Early,Russell,1077,0,28.29,40.9,32.73,51.73,35.81,35.9,31.41,15.0,bearish_transition,49.8,bullish_below_zero_proxy,28.26,39.9,0.0,22,confirmed_bearish_trend,50,mixed_or_bearish,48.31,3.4,0.9,0.03030303,-0.08355795,-0.09574468,-0.17475728,4H MACD 柱体连续扩张；4H RSI 位于健康强势区间,4H EMA 空头排列；4H MACD 尚未确认多头
1632,XFOR,X4 PHARMACEUTICALS,Health Care,Early,Russell,1732,0,23.49,46.1,26.49,51.73,35.81,35.9,24.55,15.0,bearish_transition,25.0,bearish_proxy,25.79,40.41,0.0,22,confirmed_bearish_trend,64,fresh_below_zero_cross,38.12,3.51,0.6,-0.01818182,-0.02500000,-0.18372093,-0.18372093,4H MACD 刚金叉但仍需零轴确认,4H EMA 空头排列；4H RSI 偏弱
1633,UIS,UNISYS,Information Technology,Early,Russell,990,0,28.71,43.7,43.81,51.73,35.41,35.45,32.66,15.0,bearish_transition,49.8,bullish_below_zero_proxy,32.04,40.66,0.0,25,confirmed_bearish_trend,58,bullish_above_signal,39.52,2.455,1.01,-0.02772277,0.00821355,-0.12943262,-0.17892977,4H MACD 位于 Signal 上方,4H EMA 空头排列；4H RSI 偏弱
1634,KLC,KINDERCARE LEARNING COMPANIES INC,Consumer Discretionary,Early,Russell,913,0,29.33,30.45,67.22,51.73,35.0,35.0,34.48,15.0,bearish_transition,49.8,bullish_below_zero_proxy,37.54,41.76,0.0,22,confirmed_bearish_trend,58,bullish_above_signal,30.65,2.345,1.12,0.00860215,-0.07677165,-0.08039216,-0.57051282,4H MACD 位于 Signal 上方,4H EMA 空头排列；4H RSI 偏弱
1635,SFIX,STITCH FIX CLASS A,Consumer Discretionary,Early,Russell,957,0,29.01,43.7,54.85,51.73,35.0,35.0,33.53,15.0,bearish_transition,49.8,bullish_below_zero_proxy,34.68,41.19,0.0,22,confirmed_bearish_trend,58,bullish_above_signal,39.64,2.91,1.4,0.00000000,0.00866551,-0.12349398,-0.31658055,4H MACD 位于 Signal 上方,4H EMA 空头排列；4H RSI 偏弱
1636,EDIT,EDITAS MEDICINE,Health Care,Early,Russell,1383,0,24.85,32.9,59.48,51.73,35.0,35.0,28.8,18.0,bearish_transition,25.0,bearish_proxy,35.94,42.44,0.0,22,confirmed_bearish_trend,50,mixed_or_bearish,40.96,2.71,1.52,0.03238095,-0.02166065,-0.04409171,-0.02342342,4H MACD 柱体连续扩张,4H EMA 空头排列；4H MACD 尚未确认多头
1637,LZB,LA-Z-BOY INC,Consumer Discretionary,Early,Russell,1481,0,27.1,30.45,14.23,51.73,35.0,35.0,27.93,15.0,bearish_transition,49.8,bullish_below_zero_proxy,17.71,37.79,0.0,22,confirmed_bearish_trend,58,bullish_above_signal,30.12,30.195,1.19,-0.01484502,-0.03745620,-0.27276012,-0.27641984,4H MACD 位于 Signal 上方,4H EMA 空头排列；4H RSI 偏弱
1638,EYPT,EYEPOINT INC,Health Care,Early,Russell,1776,0,25.78,30.45,1.65,51.73,35.0,35.0,23.48,18.0,bearish_transition,51.15,bullish_below_zero_proxy,0.0,35.25,0.0,22,confirmed_bearish_trend,58,bullish_above_signal,21.71,3.45,1.47,-0.08730159,-0.20506912,-0.29085303,-0.70437018,4H MACD 位于 Signal 上方,4H EMA 空头排列；4H RSI 偏弱
1639,CD,CHAINCE DIGITAL HOLDINGS INC,Financials,Early,Russell,1881,0,21.65,32.9,8.14,51.73,35.0,35.0,19.57,15.0,bearish_transition,25.0,bearish_proxy,11.17,36.48,0.0,22,confirmed_bearish_trend,50,mixed_or_bearish,42.03,2.95,1.12,-0.01666667,-0.04838710,-0.16193182,-0.04838710,4H MACD 柱体连续扩张,4H EMA 空头排列；4H MACD 尚未确认多头
1640,ALEC,ALECTOR,Health Care,Early,Russell,953,0,36.84,25.9,56.8,51.73,34.82,34.8,33.65,35.0,mixed_sideways,25.0,bearish_proxy,35.19,42.29,0.0,36,bearish_transition,42,mixed_or_bearish,34.69,1.925,0.49,-0.06779661,-0.14634146,-0.06553398,0.24354005,,4H EMA 转弱或跌破 EMA26；4H MACD 尚未确认多头；4H RSI 偏弱
1641,HRTX,HERON THERAPEUTICS INC,Health Care,Early,Russell,921,0,29.46,40.9,64.38,51.73,34.19,34.1,34.45,15.0,bearish_transition,49.8,bullish_below_zero_proxy,37.0,42.65,0.0,22,confirmed_bearish_trend,50,mixed_or_bearish,45.34,0.3178,0.99,0.02483070,-0.05864929,-0.01150855,-0.38219285,4H MACD 柱体连续扩张,4H EMA 空头排列；4H MACD 尚未确认多头
1642,NCMI,NATIONAL CINEMEDIA INC,Communication,Early,Russell,935,0,29.25,36.7,46.39,51.73,34.19,34.1,34.06,18.0,bearish_transition,51.15,bullish_below_zero_proxy,32.52,40.75,0.0,22,confirmed_bearish_trend,58,bullish_above_signal,32.91,2.34,0.95,-0.03105590,-0.01680672,-0.14598540,-0.43546441,4H MACD 位于 Signal 上方,4H EMA 空头排列；4H RSI 偏弱
1643,TDUP,THREDUP CLASS A,Consumer Discretionary,Early,Russell,993,0,28.69,36.7,43.09,51.73,34.19,34.1,32.59,15.0,bearish_transition,49.8,bullish_below_zero_proxy,31.82,40.61,0.0,22,confirmed_bearish_trend,58,bullish_above_signal,34.54,2.46,0.93,-0.04280156,-0.08550186,-0.13847447,-0.60000000,4H MACD 位于 Signal 上方,4H EMA 空头排列；4H RSI 偏弱
1644,HYPR,HYPERFINE CLASS A,Health Care,Early,Russell,1066,0,28.47,36.7,32.73,51.73,34.19,34.1,31.56,15.0,bearish_transition,49.8,bullish_below_zero_proxy,28.26,40.9,0.0,22,confirmed_bearish_trend,58,bullish_above_signal,33.55,0.7742,0.58,-0.03562531,-0.02012403,-0.13555159,-0.24834951,4H MACD 位于 Signal 上方,4H EMA 空头排列；4H RSI 偏弱
1645,EGHT,8X8 INC,Information Technology,Early,Russell,1535,0,24.28,43.7,54.43,51.73,34.19,34.1,27.29,15.0,bearish_transition,25.0,bearish_proxy,34.56,41.16,0.0,22,confirmed_bearish_trend,58,bullish_above_signal,39.23,1.8,0.76,-0.02173913,0.01408451,-0.12195122,-0.20353982,4H MACD 位于 Signal 上方,4H EMA 空头排列；4H RSI 偏弱
1646,ATOM,ATOMERA INC,Information Technology,Early,Russell,1622,0,26.57,36.7,9.38,51.73,34.19,34.1,26.36,15.0,bearish_transition,49.8,bullish_below_zero_proxy,12.94,36.84,0.0,22,confirmed_bearish_trend,58,bullish_above_signal,33.79,3.87,0.69,-0.00514139,-0.06181818,-0.28729282,-0.31504425,4H MACD 位于 Signal 上方,4H EMA 空头排列；4H RSI 偏弱
1647,BHR,BRAEMAR HOTELS RESORTS INC,Real Estate,Early,Russell,1664,0,23.78,36.7,37.22,51.73,34.19,34.1,25.81,15.0,bearish_transition,25.0,bearish_proxy,30.08,40.27,0.0,22,confirmed_bearish_trend,58,bullish_above_signal,32.25,1.795,0.64,-0.04521277,-0.03494624,-0.13285024,-0.14523810,4H MACD 位于 Signal 上方,4H EMA 空头排列；4H RSI 偏弱
1648,INV,INNVENTURE INC,Financials,Early,Russell,1781,0,25.59,30.45,1.65,51.73,34.19,34.1,23.32,18.0,bearish_transition,51.15,bullish_below_zero_proxy,0.0,34.25,0.0,22,confirmed_bearish_trend,58,bullish_above_signal,15.69,0.714,0.95,-0.06837161,-0.31346154,-0.48447653,-0.80384615,4H MACD 位于 Signal 上方,4H EMA 空头排列；4H RSI 偏弱
1649,DMRC,DIGIMARC,Information Technology,Early,Russell,1887,0,21.5,36.7,7.01,51.73,34.19,34.1,19.13,15.0,bearish_transition,25.0,bearish_proxy,9.81,36.21,0.0,22,confirmed_bearish_trend,58,bullish_above_signal,35.5,4.93,0.95,-0.01103310,-0.03238469,-0.26745914,-0.33468286,4H MACD 位于 Signal 上方,4H EMA 空头排列；4H RSI 偏弱
1650,ELMD,ELECTROMED INC,Health Care,Early,Russell,1894,0,21.38,30.45,6.29,51.73,34.19,34.1,18.36,15.0,bearish_transition,25.0,bearish_proxy,7.05,36.66,0.0,22,confirmed_bearish_trend,58,bullish_above_signal,23.6,26.299999,0.78,0.00266866,-0.02556506,-0.34134738,-0.37380955,4H MACD 位于 Signal 上方,4H EMA 空头排列；4H RSI 偏弱
1651,MGNX,MACROGENICS INC,Health Care,Early,Russell,1087,0,25.78,40.9,70.72,51.73,33.65,33.5,31.27,15.0,bearish_transition,25.0,bearish_proxy,46.15,44.48,0.0,22,confirmed_bearish_trend,42,mixed_or_bearish,48.16,4.08,0.67,0.00122699,-0.00778210,0.00492611,0.04749679,4H RSI 位于健康强势区间,4H EMA 空头排列；4H MACD 尚未确认多头
1652,TENX,TENAX THERAPEUTICS INC,Health Care,Early,Russell,903,0,29.51,36.7,66.75,51.73,33.47,33.3,34.6,15.0,bearish_transition,49.8,bullish_below_zero_proxy,37.47,42.74,0.0,22,confirmed_bearish_trend,58,bullish_above_signal,34.94,1.82,0.47,-0.01086957,-0.14953271,0.06122449,-0.86811594,4H MACD 位于 Signal 上方,4H EMA 空头排列；4H RSI 偏弱
1653,TOYO,TOYO LTD,Information Technology,Early,Russell,1680,0,26.27,43.7,7.42,51.73,33.47,33.3,25.5,15.0,bearish_transition,49.8,bullish_below_zero_proxy,10.34,36.32,0.0,22,confirmed_bearish_trend,58,bullish_above_signal,38.08,4.24,0.47,-0.00235294,-0.02528736,-0.28739496,-0.22201835,4H MACD 位于 Signal 上方,4H EMA 空头排列；4H RSI 偏弱
1654,AKBA,AKEBIA THERAPEUTICS INC,Health Care,Early,Russell,519,0,31.03,32.9,40.52,51.73,32.84,32.6,39.06,15.0,bearish_transition,49.8,bullish_below_zero_proxy,50.99,45.45,0.0,22,confirmed_bearish_trend,42,mixed_or_bearish,44.41,0.9178,1.33,-0.01056490,-0.03501209,0.05786077,-0.29938931,,4H EMA 空头排列；4H MACD 尚未确认多头
1655,BDN,BRANDYWINE REALTY TRUST REIT,Real Estate,Early,Russell,1027,0,25.95,32.9,80.72,51.73,32.84,32.6,31.99,18.0,bearish_transition,26.35,bearish_proxy,45.04,43.26,0.0,22,confirmed_bearish_trend,50,mixed_or_bearish,39.87,2.93,1.23,0.00023896,-0.01842546,-0.02333333,-0.07861635,4H MACD 柱体连续扩张,4H EMA 空头排列；4H MACD 尚未确认多头；4H RSI 偏弱
1656,SSTK,SHUTTERSTOCK,Communication,Early,Russell,1040,0,28.45,32.9,36.19,51.73,32.84,32.6,31.89,15.0,bearish_transition,49.8,bullish_below_zero_proxy,29.71,40.19,0.0,22,confirmed_bearish_trend,50,mixed_or_bearish,39.1,4.948,1.11,-0.01237525,-0.02116716,-0.08876611,-0.17464554,4H MACD 柱体连续扩张,4H EMA 空头排列；4H MACD 尚未确认多头；4H RSI 偏弱
1657,NAGE,NIAGEN BIOSCIENCE INC,Consumer Staples,Early,Russell,1113,0,25.68,32.9,77.78,51.73,32.84,32.6,30.99,15.0,bearish_transition,25.0,bearish_proxy,45.31,44.31,0.0,22,confirmed_bearish_trend,50,mixed_or_bearish,39.13,3.0,1.29,0.00502513,-0.01639344,-0.01639344,-0.13793103,4H MACD 柱体连续扩张,4H EMA 空头排列；4H MACD 尚未确认多头；4H RSI 偏弱
1658,CTRI,CENTURI HOLDINGS INC,Industrials,Early,Russell,1223,0,27.84,19.65,23.92,51.73,32.84,32.6,30.11,15.0,bearish_transition,49.8,bullish_below_zero_proxy,24.31,39.11,0.0,22,confirmed_bearish_trend,50,mixed_or_bearish,30.89,19.17,1.12,-0.00208220,-0.04910714,-0.19790795,-0.12465753,4H MACD 柱体连续扩张,4H EMA 空头排列；4H MACD 尚未确认多头；4H RSI 偏弱
1659,DOUG,DOUGLAS ELLIMAN INC,Real Estate,Early,Russell,1258,0,25.22,32.9,73.92,51.73,32.84,32.6,29.87,18.0,bearish_transition,26.35,bearish_proxy,38.63,41.98,0.0,22,confirmed_bearish_trend,50,mixed_or_bearish,38.93,1.71,1.66,0.01183432,-0.02285714,-0.12307692,-0.02840909,4H MACD 柱体连续扩张,4H EMA 空头排列；4H MACD 尚未确认多头；4H RSI 偏弱
1660,ACRE,ARES COMMERCIAL REAL ESTATE REIT C,Financials,Early,Russell,1277,0,25.11,25.9,93.4,51.73,32.84,32.6,29.71,15.0,bearish_transition,25.0,bearish_proxy,41.87,42.62,0.0,22,confirmed_bearish_trend,50,mixed_or_bearish,35.34,4.34,1.47,0.00230947,-0.02252252,-0.06060606,-0.06060606,4H MACD 柱体连续扩张,4H EMA 空头排列；4H MACD 尚未确认多头；4H RSI 偏弱
1661,SABS,SAB BIOTHERAPEUTICS,Health Care,Early,Russell,1331,0,25.15,25.9,61.03,51.73,32.84,32.6,29.26,18.0,bearish_transition,26.35,bearish_proxy,36.31,42.51,0.0,22,confirmed_bearish_trend,50,mixed_or_bearish,33.41,3.39,1.1,-0.00586510,-0.02586207,-0.10198675,-0.11948052,4H MACD 柱体连续扩张,4H EMA 空头排列；4H MACD 尚未确认多头；4H RSI 偏弱
1662,BGS,B AND G FOODS INC,Consumer Staples,Early,Russell,1365,0,24.99,25.9,77.01,51.73,32.84,32.6,28.97,15.0,bearish_transition,25.0,bearish_proxy,39.18,43.09,0.0,22,confirmed_bearish_trend,50,mixed_or_bearish,33.98,3.14,1.39,-0.00946372,-0.03384615,-0.09117221,-0.11921459,4H MACD 柱体连续扩张,4H EMA 空头排列；4H MACD 尚未确认多头；4H RSI 偏弱
1663,URG,UR ENERGY INC,Energy,Early,Russell,1453,0,24.5,19.65,54.07,51.73,32.84,32.6,28.17,18.0,bearish_transition,25.0,bearish_proxy,34.49,41.15,0.0,22,confirmed_bearish_trend,50,mixed_or_bearish,27.14,1.205,1.16,-0.01229508,-0.12363636,-0.10740741,-0.07307692,4H MACD 柱体连续扩张,4H EMA 空头排列；4H MACD 尚未确认多头；4H RSI 偏弱
1664,ORA,ORMAT TECH INC,Utilities,Early,Russell,1549,0,24.3,19.65,40.72,51.73,32.84,32.6,27.16,18.0,bearish_transition,25.0,bearish_proxy,30.98,41.45,0.0,22,confirmed_bearish_trend,50,mixed_or_bearish,30.0,91.919998,1.64,0.00651520,-0.06972979,-0.19325964,-0.08171828,4H MACD 柱体连续扩张,4H EMA 空头排列；4H MACD 尚未确认多头；4H RSI 偏弱
1665,VENU,VENU HOLDING CORP,Consumer Discretionary,Early,Russell,1551,0,24.3,25.9,38.76,51.73,32.84,32.6,27.15,18.0,bearish_transition,26.35,bearish_proxy,30.38,40.33,0.0,22,confirmed_bearish_trend,50,mixed_or_bearish,37.37,1.6995,1.09,0.01160714,-0.05844875,-0.08382749,-0.26108696,4H MACD 柱体连续扩张,4H EMA 空头排列；4H MACD 尚未确认多头；4H RSI 偏弱
1666,MEC,MAYVILLE ENGINEERING COMPANY INC,Industrials,Early,Russell,1554,0,26.74,19.65,9.18,51.73,32.84,32.6,27.12,18.0,bearish_transition,49.8,bullish_below_zero_proxy,12.52,36.75,0.0,22,confirmed_bearish_trend,50,mixed_or_bearish,27.64,17.34,1.72,0.00521739,-0.11845450,-0.29368633,-0.37445885,4H MACD 柱体连续扩张,4H EMA 空头排列；4H MACD 尚未确认多头；4H RSI 偏弱
1667,UEC,URANIUM ENERGY,Energy,Early,Russell,1565,0,24.1,19.65,40.21,51.73,32.84,32.6,26.98,18.0,bearish_transition,25.0,bearish_proxy,30.89,40.43,0.0,22,confirmed_bearish_trend,50,mixed_or_bearish,31.94,10.1,1.4,-0.00246914,-0.12931034,-0.09579230,-0.03817768,4H MACD 柱体连续扩张,4H EMA 空头排列；4H MACD 尚未确认多头；4H RSI 偏弱
1668,LZM,LIFEZONE METALS LTD,Materials,Early,Russell,1576,0,24.05,25.9,38.97,51.73,32.84,32.6,26.84,18.0,bearish_transition,25.0,bearish_proxy,30.48,40.35,0.0,22,confirmed_bearish_trend,50,mixed_or_bearish,32.4,3.66,1.83,-0.01480485,-0.09405941,-0.08385482,-0.02008032,4H MACD 柱体连续扩张,4H EMA 空头排列；4H MACD 尚未确认多头；4H RSI 偏弱
1669,GT,GOODYEAR TIRE & RUBBER,Consumer Discretionary,Early,Russell,1577,0,24.12,19.65,48.76,51.73,32.84,32.6,26.8,15.0,bearish_transition,25.0,bearish_proxy,33.08,40.87,0.0,22,confirmed_bearish_trend,50,mixed_or_bearish,28.08,5.16,1.05,-0.00742508,-0.10260870,-0.14640199,-0.28333333,4H MACD 柱体连续扩张,4H EMA 空头排列；4H MACD 尚未确认多头；4H RSI 偏弱
1670,DSGN,DESIGN THERAPEUTICS,Health Care,Early,Russell,1585,0,24.24,19.65,46.08,51.73,32.84,32.6,26.76,15.0,bearish_transition,25.0,bearish_proxy,32.5,41.75,0.0,22,confirmed_bearish_trend,50,mixed_or_bearish,25.63,12.505,1.82,0.01419303,-0.16799734,-0.17240238,-0.05265152,4H MACD 柱体连续扩张,4H EMA 空头排列；4H MACD 尚未确认多头；4H RSI 偏弱
1671,FWRG,FIRST WATCH RESTAURANT GROUP,Consumer Discretionary,Early,Russell,1589,0,24.08,19.65,46.91,51.73,32.84,32.6,26.69,15.0,bearish_transition,25.0,bearish_proxy,32.72,40.79,0.0,22,confirmed_bearish_trend,50,mixed_or_bearish,29.95,10.43,1.33,0.00095969,-0.07478045,-0.15306537,-0.18611003,4H MACD 柱体连续扩张,4H EMA 空头排列；4H MACD 尚未确认多头；4H RSI 偏弱
1672,NG,NOVAGOLD RESOURCES INC,Materials,Early,Russell,1621,0,23.97,19.65,42.78,51.73,32.84,32.6,26.37,15.0,bearish_transition,25.0,bearish_proxy,31.76,40.6,0.0,22,confirmed_bearish_trend,50,mixed_or_bearish,27.61,6.99,1.22,-0.02768118,-0.13597033,-0.09922680,0.10513834,4H MACD 柱体连续扩张,4H EMA 空头排列；4H MACD 尚未确认多头；4H RSI 偏弱
1673,PRKS,UNITED PARKS AND RESORTS,Consumer Discretionary,Early,Russell,1630,0,23.98,19.65,30.88,51.73,32.84,32.6,26.22,18.0,bearish_transition,26.35,bearish_proxy,27.57,39.76,0.0,22,confirmed_bearish_trend,50,mixed_or_bearish,31.46,36.130001,1.61,0.01745996,-0.06977340,-0.18681069,-0.21660881,4H MACD 柱体连续扩张,4H EMA 空头排列；4H MACD 尚未确认多头；4H RSI 偏弱
1674,IMRX,IMMUNEERING CLASS A,Health Care,Early,Russell,1631,0,24.05,32.9,40.1,51.73,32.84,32.6,26.21,15.0,bearish_transition,25.0,bearish_proxy,30.83,41.42,0.0,22,confirmed_bearish_trend,50,mixed_or_bearish,38.99,4.45,1.37,0.01021566,-0.03575298,-0.14669223,0.01136364,4H MACD 柱体连续扩张,4H EMA 空头排列；4H MACD 尚未确认多头；4H RSI 偏弱
1675,LXEO,LEXEO THERAPEUTICS,Health Care,Early,Russell,1634,0,24.04,19.65,39.38,51.73,32.84,32.6,26.16,15.0,bearish_transition,25.0,bearish_proxy,30.68,41.39,0.0,22,confirmed_bearish_trend,50,mixed_or_bearish,30.09,4.16,1.31,-0.00952381,-0.07142857,-0.16633267,-0.05346985,4H MACD 柱体连续扩张,4H EMA 空头排列；4H MACD 尚未确认多头；4H RSI 偏弱
1676,ADCT,ADC THERAPEUTICS SA,Health Care,Early,Russell,1649,0,23.89,25.9,30.26,51.73,32.84,32.6,25.98,18.0,bearish_transition,25.0,bearish_proxy,27.4,40.73,0.0,22,confirmed_bearish_trend,50,mixed_or_bearish,37.34,1.04,1.21,-0.00478469,-0.14754098,-0.05022831,-0.05454545,4H MACD 柱体连续扩张,4H EMA 空头排列；4H MACD 尚未确认多头；4H RSI 偏弱
1677,DIBS,1STDIBS COM INC,Consumer Discretionary,Early,Russell,1651,0,23.82,32.9,38.87,51.73,32.84,32.6,25.94,15.0,bearish_transition,25.0,bearish_proxy,30.45,40.34,0.0,22,confirmed_bearish_trend,42,mixed_or_bearish,41.57,4.32,1.08,-0.01815950,-0.04740904,-0.12903226,-0.01369863,,4H EMA 空头排列；4H MACD 尚未确认多头
1678,TRVI,TREVI THERAPEUTICS,Health Care,Early,Russell,1653,0,24.01,19.65,27.42,51.73,32.84,32.6,25.92,18.0,bearish_transition,26.35,bearish_proxy,26.21,40.49,0.0,22,confirmed_bearish_trend,50,mixed_or_bearish,26.56,15.01,1.77,-0.00332005,-0.09795668,-0.18820984,-0.19946667,4H MACD 柱体连续扩张,4H EMA 空头排列；4H MACD 尚未确认多头；4H RSI 偏弱
1679,CTRN,CITI TRENDS INC,Consumer Discretionary,Early,Russell,1667,0,23.82,19.65,27.22,51.73,32.84,32.6,25.76,18.0,bearish_transition,26.35,bearish_proxy,26.17,39.48,0.0,22,confirmed_bearish_trend,50,mixed_or_bearish,31.54,58.200001,1.31,0.02500884,-0.12004835,-0.19845751,-0.19701989,4H MACD 柱体连续扩张,4H EMA 空头排列；4H MACD 尚未确认多头；4H RSI 偏弱
1680,MGPI,MGP INGREDIENTS,Consumer Staples,Early,Russell,1688,0,23.76,19.65,32.47,51.73,32.84,32.6,25.35,15.0,bearish_transition,25.0,bearish_proxy,28.23,40.9,0.0,22,confirmed_bearish_trend,50,mixed_or_bearish,27.29,14.36,1.42,0.00034831,-0.04869162,-0.19798943,-0.16169972,4H MACD 柱体连续扩张,4H EMA 空头排列；4H MACD 尚未确认多头；4H RSI 偏弱
1681,MCFT,MASTERCRAFT BOAT HOLDINGS INC,Consumer Discretionary,Early,Russell,1689,0,23.52,19.65,26.6,51.73,32.84,32.6,25.3,18.0,bearish_transition,25.0,bearish_proxy,25.8,39.41,0.0,22,confirmed_bearish_trend,50,mixed_or_bearish,23.53,19.15,1.79,-0.01339516,-0.16082384,-0.23765927,-0.23796256,4H MACD 柱体连续扩张,4H EMA 空头排列；4H MACD 尚未确认多头；4H RSI 偏弱
1682,LCII,LCI INDUSTRIES,Consumer Discretionary,Early,Russell,1698,0,23.56,19.65,32.27,51.73,32.84,32.6,25.17,15.0,bearish_transition,25.0,bearish_proxy,28.12,39.87,0.0,22,confirmed_bearish_trend,50,mixed_or_bearish,23.52,87.169998,1.1,-0.00377145,-0.09197919,-0.16287333,-0.18684701,4H MACD 柱体连续扩张,4H EMA 空头排列；4H MACD 尚未确认多头；4H RSI 偏弱
1683,ASMB,ASSEMBLY BIOSCIENCES INC,Health Care,Early,Russell,1709,0,23.62,19.65,29.38,51.73,32.84,32.6,24.95,15.0,bearish_transition,25.0,bearish_proxy,27.01,40.65,0.0,22,confirmed_bearish_trend,50,mixed_or_bearish,19.17,25.48,1.29,-0.05031681,-0.22388064,-0.15320705,-0.03812760,4H MACD 柱体连续扩张,4H EMA 空头排列；4H MACD 尚未确认多头；4H RSI 偏弱
1684,DIN,DINE BRANDS GLOBAL,Consumer Discretionary,Early,Russell,1716,0,23.46,19.65,29.69,51.73,32.84,32.6,24.86,15.0,bearish_transition,25.0,bearish_proxy,27.19,39.69,0.0,22,confirmed_bearish_trend,50,mixed_or_bearish,26.33,27.458,1.6,0.00652489,-0.05836763,-0.21503716,-0.21346319,4H MACD 柱体连续扩张,4H EMA 空头排列；4H MACD 尚未确认多头；4H RSI 偏弱
1685,LTBR,LIGHTBRIDGE CORP,Energy,Early,Russell,1717,0,23.37,19.65,24.33,51.73,32.84,32.6,24.85,18.0,bearish_transition,25.0,bearish_proxy,24.43,39.14,0.0,22,confirmed_bearish_trend,50,mixed_or_bearish,24.1,6.47,1.12,-0.02852853,-0.14077025,-0.20467117,-0.27628635,4H MACD 柱体连续扩张,4H EMA 空头排列；4H MACD 尚未确认多头；4H RSI 偏弱
1686,CRI,CARTERS,Consumer Discretionary,Early,Russell,1724,0,23.4,19.65,28.76,51.73,32.84,32.6,24.7,15.0,bearish_transition,25.0,bearish_proxy,26.71,39.59,0.0,22,confirmed_bearish_trend,50,mixed_or_bearish,29.76,29.042,1.07,0.00231234,-0.09385333,-0.23189634,-0.27011814,4H MACD 柱体连续扩张,4H EMA 空头排列；4H MACD 尚未确认多头；4H RSI 偏弱
1687,VRRM,VERRA MOBILITY CLASS A,Industrials,Early,Russell,1746,0,23.24,19.65,25.36,51.73,32.84,32.6,24.23,15.0,bearish_transition,25.0,bearish_proxy,25.29,39.31,0.0,22,confirmed_bearish_trend,50,mixed_or_bearish,28.15,3.54,1.11,0.00141443,-0.05220884,-0.23043478,-0.36672630,4H MACD 柱体连续扩张,4H EMA 空头排列；4H MACD 尚未确认多头；4H RSI 偏弱
1688,CTMX,CYTOMX THERAPEUTICS,Health Care,Early,Russell,1752,0,23.36,19.65,18.45,51.73,32.84,32.6,24.01,18.0,bearish_transition,26.35,bearish_proxy,20.4,39.33,0.0,22,confirmed_bearish_trend,50,mixed_or_bearish,28.4,2.765,1.48,-0.01950355,-0.21782178,-0.19855072,-0.16842105,4H MACD 柱体连续扩张,4H EMA 空头排列；4H MACD 尚未确认多头；4H RSI 偏弱
1689,TBBK,BANCORP INC,Financials,Early,Russell,1757,0,23.14,19.65,24.02,51.73,32.84,32.6,23.93,15.0,bearish_transition,25.0,bearish_proxy,24.36,39.12,0.0,22,confirmed_bearish_trend,50,mixed_or_bearish,23.76,50.73,1.4,0.00674739,0.01439716,-0.25702987,-0.29668651,4H MACD 柱体连续扩张,4H EMA 空头排列；4H MACD 尚未确认多头；4H RSI 偏弱
1690,RNAC,CARTESIAN THERAPEUTICS,Health Care,Early,Russell,1761,0,23.24,19.65,23.3,51.73,32.84,32.6,23.83,15.0,bearish_transition,25.0,bearish_proxy,23.63,39.98,0.0,22,confirmed_bearish_trend,50,mixed_or_bearish,26.57,7.91,1.38,0.00508259,-0.09184845,-0.13457330,-0.01982652,4H MACD 柱体连续扩张,4H EMA 空头排列；4H MACD 尚未确认多头；4H RSI 偏弱
1691,STTK,SHATTUCK LABS INC,Health Care,Early,Russell,1768,0,23.19,19.65,22.68,51.73,32.84,32.6,23.68,15.0,bearish_transition,25.0,bearish_proxy,23.14,39.88,0.0,22,confirmed_bearish_trend,50,mixed_or_bearish,25.49,5.88,1.13,-0.01507538,-0.07255521,-0.20379147,-0.25757576,4H MACD 柱体连续扩张,4H EMA 空头排列；4H MACD 尚未确认多头；4H RSI 偏弱
1692,BEAM,BEAM THERAPEUTICS,Health Care,Early,Russell,1769,0,23.18,19.65,22.27,51.73,32.84,32.6,23.65,15.0,bearish_transition,25.0,bearish_proxy,23.06,39.86,0.0,22,confirmed_bearish_trend,50,mixed_or_bearish,27.11,23.1,1.12,-0.00366612,-0.08224437,-0.14791593,-0.18489767,4H MACD 柱体连续扩张,4H EMA 空头排列；4H MACD 尚未确认多头；4H RSI 偏弱
1693,LYEL,LYELL IMMUNOPHARMA,Health Care,Early,Russell,1813,0,22.84,19.65,12.11,51.73,32.84,32.6,22.48,18.0,bearish_transition,26.35,bearish_proxy,15.76,38.4,0.0,22,confirmed_bearish_trend,50,mixed_or_bearish,19.61,10.775,1.5,-0.00691244,-0.16213064,-0.20772059,-0.20917431,4H MACD 柱体连续扩张,4H EMA 空头排列；4H MACD 尚未确认多头；4H RSI 偏弱
1694,AIR,AAR,Industrials,Early,Russell,1815,0,22.6,25.9,17.01,51.73,32.84,32.6,22.35,15.0,bearish_transition,25.0,bearish_proxy,19.59,38.17,0.0,22,confirmed_bearish_trend,50,mixed_or_bearish,33.97,117.150002,1.26,0.01113414,-0.05979130,-0.23799923,-0.21675472,4H MACD 柱体连续扩张,4H EMA 空头排列；4H MACD 尚未确认多头；4H RSI 偏弱
1695,USAR,USA RARE EARTH CLASS A,Materials,Early,Russell,1819,0,22.49,19.65,12.68,51.73,32.84,32.6,22.26,18.0,bearish_transition,25.0,bearish_proxy,16.58,37.57,0.0,22,confirmed_bearish_trend,50,mixed_or_bearish,29.13,15.1,1.78,-0.01852454,-0.11436945,-0.21705676,-0.12565142,4H MACD 柱体连续扩张,4H EMA 空头排列；4H MACD 尚未确认多头；4H RSI 偏弱
1696,NNE,NANO NUCLEAR ENERGY,Industrials,Early,Russell,1821,0,22.48,19.65,12.58,51.73,32.84,32.6,22.23,18.0,bearish_transition,25.0,bearish_proxy,16.49,37.55,0.0,22,confirmed_bearish_trend,50,mixed_or_bearish,31.94,15.64,1.27,-0.01262626,-0.13924051,-0.20122574,-0.13924051,4H MACD 柱体连续扩张,4H EMA 空头排列；4H MACD 尚未确认多头；4H RSI 偏弱
1697,NB,NIOCORP DEVELOPMENTS,Materials,Early,Russell,1828,0,22.42,19.65,12.37,51.73,32.84,32.6,22.06,18.0,bearish_transition,25.0,bearish_proxy,15.96,37.44,0.0,22,confirmed_bearish_trend,50,mixed_or_bearish,25.95,3.5,1.46,-0.00709220,-0.13366337,-0.27083333,-0.32432432,4H MACD 柱体连续扩张,4H EMA 空头排列；4H MACD 尚未确认多头；4H RSI 偏弱
1698,SMRT,SMARTRENT INC CLASS A,Information Technology,Early,Russell,1833,0,22.45,19.65,15.15,51.73,32.84,32.6,21.92,15.0,bearish_transition,25.0,bearish_proxy,18.29,37.91,0.0,22,confirmed_bearish_trend,50,mixed_or_bearish,31.41,1.15,1.19,0.00000000,-0.04166667,-0.22297297,0.10576923,4H MACD 柱体连续扩张,4H EMA 空头排列；4H MACD 尚未确认多头；4H RSI 偏弱
1699,LEU,CENTRUS ENERGY CLASS A,Energy,Early,Russell,1839,0,22.3,19.65,10.93,51.73,32.84,32.6,21.71,18.0,bearish_transition,25.0,bearish_proxy,14.91,37.23,0.0,22,confirmed_bearish_trend,50,mixed_or_bearish,27.74,139.089996,1.12,-0.01626708,-0.23370613,-0.24350052,-0.26570585,4H MACD 柱体连续扩张,4H EMA 空头排列；4H MACD 尚未确认多头；4H RSI 偏弱
1700,UUUU,ENERGY FUELS,Energy,Early,Russell,1842,0,22.36,19.65,13.92,51.73,32.84,32.6,21.65,15.0,bearish_transition,25.0,bearish_proxy,17.47,37.74,0.0,22,confirmed_bearish_trend,50,mixed_or_bearish,23.53,11.755,1.25,-0.00381356,-0.19154058,-0.20520622,-0.08805275,4H MACD 柱体连续扩张,4H EMA 空头排列；4H MACD 尚未确认多头；4H RSI 偏弱
1701,FUN,SIX FLAGS ENTERTAINMENT CORP,Consumer Discretionary,Early,Russell,1846,0,22.3,19.65,13.14,51.73,32.84,32.6,21.47,15.0,bearish_transition,25.0,bearish_proxy,16.93,37.64,0.0,22,confirmed_bearish_trend,50,mixed_or_bearish,24.71,12.36,1.47,-0.02523659,-0.13566434,-0.20819987,-0.31863282,4H MACD 柱体连续扩张,4H EMA 空头排列；4H MACD 尚未确认多头；4H RSI 偏弱
1702,HYMC,HYCROFT MINING HOLDING CORP CLASS,Materials,Early,Russell,1851,0,22.14,19.65,9.9,51.73,32.84,32.6,21.25,18.0,bearish_transition,25.0,bearish_proxy,13.51,36.95,0.0,22,confirmed_bearish_trend,50,mixed_or_bearish,31.49,20.049999,1.61,-0.00594948,-0.12176965,-0.23836664,-0.10330957,4H MACD 柱体连续扩张,4H EMA 空头排列；4H MACD 尚未确认多头；4H RSI 偏弱
1703,XPOF,XPONENTIAL FITNESS CLASS A,Consumer Discretionary,Early,Russell,1860,0,22.17,19.65,8.45,51.73,32.84,32.6,20.9,18.0,bearish_transition,26.35,bearish_proxy,11.45,36.54,0.0,22,confirmed_bearish_trend,50,mixed_or_bearish,21.11,3.775,2.05,-0.01436031,-0.06211180,-0.25980392,-0.43403298,4H MACD 柱体连续扩张,4H EMA 空头排列；4H MACD 尚未确认多头；4H RSI 偏弱
1704,RNA,ATRIUM THERAPEUTICS INC,Health Care,Early,Russell,1867,0,22.06,19.65,9.69,51.73,32.84,32.6,20.36,15.0,bearish_transition,25.0,bearish_proxy,13.1,37.87,0.0,22,confirmed_bearish_trend,50,mixed_or_bearish,24.21,9.5,1.06,-0.04522613,-0.09609895,-0.26720148,-0.17677643,4H MACD 柱体连续扩张,4H EMA 空头排列；4H MACD 尚未确认多头；4H RSI 偏弱
1705,QDEL,QUIDELORTHO CORP,Health Care,Early,Russell,1870,0,22.05,19.65,9.59,51.73,32.84,32.6,20.32,15.0,bearish_transition,25.0,bearish_proxy,12.99,37.85,0.0,22,confirmed_bearish_trend,50,mixed_or_bearish,25.64,10.77,1.33,-0.01778386,-0.14726841,-0.26157011,-0.38702334,4H MACD 柱体连续扩张,4H EMA 空头排列；4H MACD 尚未确认多头；4H RSI 偏弱
1706,LODE,COMSTOCK INC,Energy,Early,Russell,1872,0,21.77,19.65,7.22,51.73,32.84,32.6,20.17,18.0,bearish_transition,25.0,bearish_proxy,10.25,36.3,0.0,22,confirmed_bearish_trend,50,mixed_or_bearish,17.28,2.495,1.31,-0.03853565,-0.17927632,-0.28407461,-0.21540881,4H MACD 柱体连续扩张,4H EMA 空头排列；4H MACD 尚未确认多头；4H RSI 偏弱
1707,BLMN,BLOOMIN BRANDS INC,Consumer Discretionary,Early,Russell,1874,0,21.79,19.65,8.97,51.73,32.84,32.6,19.97,15.0,bearish_transition,25.0,bearish_proxy,12.38,36.73,0.0,22,confirmed_bearish_trend,50,mixed_or_bearish,27.01,8.04,1.65,-0.02367942,-0.11012728,-0.24859813,-0.09612142,4H MACD 柱体连续扩张,4H EMA 空头排列；4H MACD 尚未确认多头；4H RSI 偏弱
1708,OSS,ONE STOP SYSTEMS INC,Information Technology,Early,Russell,1895,0,21.29,19.65,4.28,51.73,32.84,32.6,18.33,18.0,bearish_transition,26.35,bearish_proxy,3.66,34.98,0.0,22,confirmed_bearish_trend,50,mixed_or_bearish,25.92,8.52,1.41,0.00329722,-0.09361702,-0.36654275,-0.40252454,4H MACD 柱体连续扩张,4H EMA 空头排列；4H MACD 尚未确认多头；4H RSI 偏弱
1709,FIP,FTAI INFRASTRUCTURE,Industrials,Early,Russell,1900,0,21.07,19.65,5.77,51.73,32.84,32.6,17.87,15.0,bearish_transition,25.0,bearish_proxy,6.0,35.45,0.0,22,confirmed_bearish_trend,50,mixed_or_bearish,25.91,2.87,1.54,0.00878735,-0.13030303,-0.32629108,-0.15463918,4H MACD 柱体连续扩张,4H EMA 空头排列；4H MACD 尚未确认多头；4H RSI 偏弱
1710,ALOY,REALLOYS INC,Materials,Early,Russell,1910,0,20.88,19.65,1.65,51.73,32.84,32.6,17.12,18.0,bearish_transition,26.35,bearish_proxy,0.0,34.25,0.0,22,confirmed_bearish_trend,50,mixed_or_bearish,27.64,8.15,1.45,-0.02570233,-0.14570231,-0.41155235,-0.25297892,4H MACD 柱体连续扩张,4H EMA 空头排列；4H MACD 尚未确认多头；4H RSI 偏弱
1711,SPRY,ARS PHARMACEUTICALS,Health Care,Early,Russell,1917,0,20.8,19.65,3.51,51.73,32.84,32.6,16.66,15.0,bearish_transition,25.0,bearish_proxy,1.89,35.63,0.0,22,confirmed_bearish_trend,50,mixed_or_bearish,16.86,4.165,1.11,-0.02344666,-0.20210728,-0.33253205,-0.21489161,4H MACD 柱体连续扩张,4H EMA 空头排列；4H MACD 尚未确认多头；4H RSI 偏弱
1712,INDI,INDIE SEMICONDUCTOR INC CLASS A,Information Technology,Early,Russell,1930,0,20.4,19.65,1.65,51.73,32.84,32.6,15.89,15.0,bearish_transition,25.0,bearish_proxy,0.0,34.25,0.0,22,confirmed_bearish_trend,50,mixed_or_bearish,30.44,3.02,1.27,-0.00980360,-0.07645260,-0.35812965,-0.17032967,4H MACD 柱体连续扩张,4H EMA 空头排列；4H MACD 尚未确认多头；4H RSI 偏弱
1713,LWLG,LIGHTWAVE LOGIC,Information Technology,Early,Russell,1933,0,20.4,25.9,1.65,51.73,32.84,32.6,15.89,15.0,bearish_transition,25.0,bearish_proxy,0.0,34.25,0.0,22,confirmed_bearish_trend,50,mixed_or_bearish,35.46,4.83,1.25,0.03205128,-0.08262108,-0.34993271,-0.39092055,4H MACD 柱体连续扩张,4H EMA 空头排列；4H MACD 尚未确认多头；4H RSI 偏弱
1714,CIA,CITIZENS INC CLASS A,Financials,Early,Russell,870,0,29.58,25.9,79.69,51.73,32.03,31.7,35.19,15.0,bearish_transition,49.8,bullish_below_zero_proxy,39.71,42.19,0.0,22,confirmed_bearish_trend,50,mixed_or_bearish,36.42,3.5314,0.91,-0.01081232,-0.02177285,-0.07312336,-0.23892241,4H MACD 柱体连续扩张,4H EMA 空头排列；4H MACD 尚未确认多头；4H RSI 偏弱
1715,RXRX,RECURSION PHARMACEUTICALS CLASS A,Health Care,Early,Russell,988,0,26.26,32.9,42.94,51.73,32.03,31.7,32.68,15.0,bearish_transition,25.0,bearish_proxy,50.43,45.34,0.0,22,confirmed_bearish_trend,42,mixed_or_bearish,42.82,3.19,0.85,-0.02072141,-0.00777605,0.02407705,-0.04060150,,4H EMA 空头排列；4H MACD 尚未确认多头
1716,COTY,COTY INC CLASS A,Consumer Staples,Early,Russell,1153,0,25.56,32.9,88.09,51.73,32.03,31.7,30.62,15.0,bearish_transition,25.0,bearish_proxy,44.2,44.09,0.0,22,confirmed_bearish_trend,42,mixed_or_bearish,40.26,2.635,1.03,-0.01125704,-0.02044610,-0.01679104,-0.09760274,,4H EMA 空头排列；4H MACD 尚未确认多头
1717,HLLY,HOLLEY,Consumer Discretionary,Early,Russell,1185,0,25.27,25.9,89.28,51.73,32.03,31.7,30.41,18.0,bearish_transition,25.0,bearish_proxy,41.28,42.51,0.0,22,confirmed_bearish_trend,50,mixed_or_bearish,37.21,2.63,0.68,0.00959693,-0.09310345,-0.13770492,-0.07394366,4H MACD 柱体连续扩张,4H EMA 空头排列；4H MACD 尚未确认多头；4H RSI 偏弱
1718,DNUT,KRISPY KREME,Consumer Discretionary,Early,Russell,1202,0,25.31,25.9,92.06,51.73,32.03,31.7,30.3,15.0,bearish_transition,25.0,bearish_proxy,43.67,42.98,0.0,22,confirmed_bearish_trend,50,mixed_or_bearish,33.94,3.11,0.93,-0.00797448,-0.03265941,-0.02812500,0.01138211,4H MACD 柱体连续扩张,4H EMA 空头排列；4H MACD 尚未确认多头；4H RSI 偏弱
1719,CLVT,CLARIVATE PLC,Industrials,Early,Russell,1394,0,24.77,32.9,74.95,51.73,32.03,31.7,28.7,15.0,bearish_transition,25.0,bearish_proxy,38.83,42.02,0.0,22,confirmed_bearish_trend,50,mixed_or_bearish,38.83,1.87,0.93,0.00000000,-0.02349869,-0.01319261,-0.05555556,4H MACD 柱体连续扩张,4H EMA 空头排列；4H MACD 尚未确认多头；4H RSI 偏弱
1720,PTON,PELOTON INTERACTIVE CLASS A INC,Consumer Discretionary,Early,Russell,1395,0,24.76,25.9,74.64,51.73,32.03,31.7,28.69,15.0,bearish_transition,25.0,bearish_proxy,38.8,42.01,0.0,22,confirmed_bearish_trend,50,mixed_or_bearish,33.41,4.84,0.83,-0.00411523,-0.04536489,-0.08333333,-0.26611069,4H MACD 柱体连续扩张,4H EMA 空头排列；4H MACD 尚未确认多头；4H RSI 偏弱
1721,ABR,ARBOR REALTY TRUST REIT,Financials,Early,Russell,1400,0,24.73,19.65,73.61,51.73,32.03,31.7,28.6,15.0,bearish_transition,25.0,bearish_proxy,38.52,41.95,0.0,22,confirmed_bearish_trend,50,mixed_or_bearish,27.64,4.525,1.0,-0.01630435,-0.07841141,-0.09501810,-0.13314176,4H MACD 柱体连续扩张,4H EMA 空头排列；4H MACD 尚未确认多头；4H RSI 偏弱
1722,SLNH,SOLUNA HOLDINGS INC,Information Technology,Early,Russell,1448,0,27.2,32.9,15.46,51.73,32.03,31.7,28.22,15.0,bearish_transition,49.8,bullish_below_zero_proxy,18.59,37.97,0.0,22,confirmed_bearish_trend,42,mixed_or_bearish,43.08,1.12,0.68,-0.01754386,-0.09311741,-0.15789474,-0.06876195,,4H EMA 空头排列；4H MACD 尚未确认多头
1723,MNKD,MANNKIND,Health Care,Early,Russell,1454,0,24.72,19.65,62.58,51.73,32.03,31.7,28.16,15.0,bearish_transition,25.0,bearish_proxy,36.72,42.59,0.0,22,confirmed_bearish_trend,50,mixed_or_bearish,28.35,3.55,0.65,-0.00560224,-0.09669211,-0.09090909,-0.10691824,4H MACD 柱体连续扩张,4H EMA 空头排列；4H MACD 尚未确认多头；4H RSI 偏弱
1724,WVE,WAVE LIFE SCIENCES INC,Health Care,Early,Russell,1508,0,24.54,25.9,56.7,51.73,32.03,31.7,27.63,15.0,bearish_transition,25.0,bearish_proxy,35.12,42.27,0.0,22,confirmed_bearish_trend,50,mixed_or_bearish,33.47,4.505,0.99,0.00106662,-0.06243496,-0.11318898,-0.24916667,4H MACD 柱体连续扩张,4H EMA 空头排列；4H MACD 尚未确认多头；4H RSI 偏弱
1725,IRON,DISC MEDICINE,Health Care,Early,Russell,1558,0,24.34,19.65,49.79,51.73,32.03,31.7,27.04,15.0,bearish_transition,25.0,bearish_proxy,33.35,41.92,0.0,22,confirmed_bearish_trend,50,mixed_or_bearish,29.11,68.57,0.79,0.02526918,-0.10236941,-0.14212436,-0.11920357,4H MACD 柱体连续扩张,4H EMA 空头排列；4H MACD 尚未确认多头；4H RSI 偏弱
1726,APAM,ARTISAN PARTNERS ASSET MANAGEMENT,Financials,Early,Russell,1567,0,24.17,19.65,50.1,51.73,32.03,31.7,26.96,15.0,bearish_transition,25.0,bearish_proxy,33.54,40.96,0.0,22,confirmed_bearish_trend,50,mixed_or_bearish,17.85,36.34,0.95,-0.01517621,-0.09646944,-0.12412634,-0.14914538,4H MACD 柱体连续扩张,4H EMA 空头排列；4H MACD 尚未确认多头；4H RSI 偏弱
1727,RILY,BRC GROUP HOLDINGS INC,Financials,Early,Russell,1584,0,24.02,19.65,38.35,51.73,32.03,31.7,26.77,18.0,bearish_transition,25.0,bearish_proxy,30.25,40.3,0.0,22,confirmed_bearish_trend,50,mixed_or_bearish,26.14,6.02,0.76,-0.00248550,-0.11274871,-0.15211268,-0.21409922,4H MACD 柱体连续扩张,4H EMA 空头排列；4H MACD 尚未确认多头；4H RSI 偏弱
1728,LXRX,LEXICON PHARMACEUTICALS,Health Care,Early,Russell,1607,0,24.16,25.9,42.63,51.73,32.03,31.7,26.52,15.0,bearish_transition,25.0,bearish_proxy,31.75,41.6,0.0,22,confirmed_bearish_trend,50,mixed_or_bearish,37.85,2.02,0.93,0.06315789,-0.05607477,-0.13675214,-0.19038076,4H MACD 柱体连续扩张,4H EMA 空头排列；4H MACD 尚未确认多头；4H RSI 偏弱
1729,HASI,HA SUSTAINABLE INFRASTRUCTURE CAPI,Financials,Early,Russell,1609,0,24.02,19.65,44.74,51.73,32.03,31.7,26.51,15.0,bearish_transition,25.0,bearish_proxy,32.2,40.69,0.0,22,confirmed_bearish_trend,50,mixed_or_bearish,27.81,36.419998,0.7,-0.00355680,-0.05156260,-0.13573804,-0.06399388,4H MACD 柱体连续扩张,4H EMA 空头排列；4H MACD 尚未确认多头；4H RSI 偏弱
1730,RR,RICHTECH ROBOTICS CLASS B,Industrials,Early,Russell,1658,0,23.8,32.9,38.45,51.73,32.03,31.7,25.88,15.0,bearish_transition,25.0,bearish_proxy,30.28,40.31,0.0,22,confirmed_bearish_trend,50,mixed_or_bearish,38.51,1.61,0.96,-0.01529052,-0.03880597,-0.06666667,-0.02719033,4H MACD 柱体连续扩张,4H EMA 空头排列；4H MACD 尚未确认多头；4H RSI 偏弱
1731,CENX,CENTURY ALUMINUM,Materials,Early,Russell,1659,0,23.8,19.65,38.25,51.73,32.03,31.7,25.87,15.0,bearish_transition,25.0,bearish_proxy,30.24,40.3,0.0,22,confirmed_bearish_trend,50,mixed_or_bearish,30.02,39.799999,0.89,-0.00822332,-0.16509334,-0.15570641,-0.15552730,4H MACD 柱体连续扩张,4H EMA 空头排列；4H MACD 尚未确认多头；4H RSI 偏弱
1732,DDD,3D SYSTEMS CORP,Industrials,Early,Russell,1662,0,23.79,32.9,37.78,51.73,32.03,31.7,25.85,15.0,bearish_transition,25.0,bearish_proxy,30.2,40.29,0.0,22,confirmed_bearish_trend,50,mixed_or_bearish,38.39,3.145,0.93,-0.00474684,-0.06676558,-0.13360882,-0.11408451,4H MACD 柱体连续扩张,4H EMA 空头排列；4H MACD 尚未确认多头；4H RSI 偏弱
1733,PATK,PATRICK INDUSTRIES,Consumer Discretionary,Early,Russell,1663,0,23.79,19.65,37.42,51.73,32.03,31.7,25.83,15.0,bearish_transition,25.0,bearish_proxy,30.11,40.27,0.0,22,confirmed_bearish_trend,50,mixed_or_bearish,24.55,70.410004,0.81,-0.00649074,-0.08633196,-0.16988913,-0.19057796,4H MACD 柱体连续扩张,4H EMA 空头排列；4H MACD 尚未确认多头；4H RSI 偏弱
1734,ATEX,ANTERIX,Communication,Early,Russell,1679,0,23.68,19.65,34.95,51.73,32.03,31.7,25.52,15.0,bearish_transition,25.0,bearish_proxy,29.18,40.09,0.0,22,confirmed_bearish_trend,50,mixed_or_bearish,23.05,76.220001,0.76,-0.01460888,-0.09110422,-0.16754038,-0.28499060,4H MACD 柱体连续扩张,4H EMA 空头排列；4H MACD 尚未确认多头；4H RSI 偏弱
1735,BRZE,BRAZE CLASS A,Information Technology,Early,Russell,1684,0,23.65,25.9,34.33,51.73,32.03,31.7,25.44,15.0,bearish_transition,25.0,bearish_proxy,28.94,40.04,0.0,22,confirmed_bearish_trend,50,mixed_or_bearish,33.54,24.870001,0.6,-0.03191903,0.04826137,-0.11083297,-0.05795451,4H MACD 柱体连续扩张,4H EMA 空头排列；4H MACD 尚未确认多头；4H RSI 偏弱
1736,WDFC,WD-40,Consumer Staples,Early,Russell,1692,0,23.73,19.65,31.55,51.73,32.03,31.7,25.27,15.0,bearish_transition,25.0,bearish_proxy,27.98,40.85,0.0,22,confirmed_bearish_trend,50,mixed_or_bearish,17.43,189.649994,0.94,-0.00960891,-0.05110955,-0.17280939,-0.19639833,4H MACD 柱体连续扩张,4H EMA 空头排列；4H MACD 尚未确认多头；4H RSI 偏弱
1737,KLTR,KALTURA INC,Information Technology,Early,Russell,1694,0,23.59,25.9,33.2,51.73,32.03,31.7,25.25,15.0,bearish_transition,25.0,bearish_proxy,28.36,39.92,0.0,22,confirmed_bearish_trend,50,mixed_or_bearish,33.55,1.415,0.91,0.01071429,-0.03741497,-0.14242424,-0.00352113,4H MACD 柱体连续扩张,4H EMA 空头排列；4H MACD 尚未确认多头；4H RSI 偏弱
1738,EU,ENCORE ENERGY,Energy,Early,Russell,1719,0,23.43,19.65,29.28,51.73,32.03,31.7,24.79,15.0,bearish_transition,25.0,bearish_proxy,26.99,39.65,0.0,22,confirmed_bearish_trend,50,mixed_or_bearish,24.72,0.8759,0.6,-0.02330508,-0.27311203,-0.22828194,-0.23502183,4H MACD 柱体连续扩张,4H EMA 空头排列；4H MACD 尚未确认多头；4H RSI 偏弱
1739,FNKO,FUNKO CLASS A,Consumer Discretionary,Early,Russell,1733,0,23.34,25.9,27.32,51.73,32.03,31.7,24.53,15.0,bearish_transition,25.0,bearish_proxy,26.18,39.49,0.0,22,confirmed_bearish_trend,50,mixed_or_bearish,32.47,5.26,0.56,-0.00661001,-0.02230483,-0.13911620,-0.08521739,4H MACD 柱体连续扩张,4H EMA 空头排列；4H MACD 尚未确认多头；4H RSI 偏弱
1740,CRBU,CARIBOU BIOSCIENCES,Health Care,Early,Russell,1738,0,23.44,19.65,25.57,51.73,32.03,31.7,24.42,15.0,bearish_transition,25.0,bearish_proxy,25.39,40.33,0.0,22,confirmed_bearish_trend,50,mixed_or_bearish,25.79,1.25,0.83,-0.03846154,-0.13194444,-0.20634921,-0.20382166,4H MACD 柱体连续扩张,4H EMA 空头排列；4H MACD 尚未确认多头；4H RSI 偏弱
1741,LENZ,LENZ THERAPEUTICS,Health Care,Early,Russell,1748,0,23.37,19.65,24.54,51.73,32.03,31.7,24.2,15.0,bearish_transition,25.0,bearish_proxy,24.72,40.19,0.0,22,confirmed_bearish_trend,50,mixed_or_bearish,26.79,4.14,0.94,-0.02816901,-0.15250768,-0.13569937,-0.17857143,4H MACD 柱体连续扩张,4H EMA 空头排列；4H MACD 尚未确认多头；4H RSI 偏弱
1742,SVC,SERVICE PROPERTIES TRUST,Real Estate,Early,Russell,1753,0,23.17,19.65,24.43,51.73,32.03,31.7,24.01,15.0,bearish_transition,25.0,bearish_proxy,24.61,39.17,0.0,22,confirmed_bearish_trend,50,mixed_or_bearish,23.74,6.62,0.98,0.00303030,-0.06760563,-0.18059166,-0.16414141,4H MACD 柱体连续扩张,4H EMA 空头排列；4H MACD 尚未确认多头；4H RSI 偏弱
1743,ZUMZ,ZUMIEZ,Consumer Discretionary,Early,Russell,1772,0,23.04,19.65,23.04,51.73,32.03,31.7,23.63,15.0,bearish_transition,25.0,bearish_proxy,23.47,38.94,0.0,22,confirmed_bearish_trend,50,mixed_or_bearish,23.88,13.38,0.84,-0.03602305,-0.23847467,-0.25749168,-0.32865028,4H MACD 柱体连续扩张,4H EMA 空头排列；4H MACD 尚未确认多头；4H RSI 偏弱
1744,GERN,GERON,Health Care,Early,Russell,1774,0,23.16,19.65,21.96,51.73,32.03,31.7,23.59,15.0,bearish_transition,25.0,bearish_proxy,22.9,39.83,0.0,22,confirmed_bearish_trend,50,mixed_or_bearish,29.72,1.29,0.59,-0.01534234,-0.08185053,-0.15686275,-0.04089219,4H MACD 柱体连续扩张,4H EMA 空头排列；4H MACD 尚未确认多头；4H RSI 偏弱
1745,OMDA,OMADA HEALTH,Health Care,Early,Russell,1790,0,22.99,25.9,20.15,51.73,32.03,31.7,23.1,15.0,bearish_transition,25.0,bearish_proxy,21.41,39.53,0.0,22,confirmed_bearish_trend,50,mixed_or_bearish,33.77,19.76,0.82,-0.02008435,-0.08093023,-0.16808760,-0.02042440,4H MACD 柱体连续扩张,4H EMA 空头排列；4H MACD 尚未确认多头；4H RSI 偏弱
1746,KYTX,KYVERNA THERAPEUTICS,Health Care,Early,Russell,1799,0,22.92,19.65,19.28,51.73,32.03,31.7,22.88,15.0,bearish_transition,25.0,bearish_proxy,20.74,39.4,0.0,22,confirmed_bearish_trend,50,mixed_or_bearish,28.74,6.9,0.84,-0.00186608,-0.09744931,-0.23162584,-0.11368015,4H MACD 柱体连续扩张,4H EMA 空头排列；4H MACD 尚未确认多头；4H RSI 偏弱
1747,OXM,OXFORD INDUSTRIES INC,Consumer Discretionary,Early,Russell,1808,0,22.71,19.65,18.87,51.73,32.03,31.7,22.66,15.0,bearish_transition,25.0,bearish_proxy,20.53,38.36,0.0,22,confirmed_bearish_trend,50,mixed_or_bearish,28.45,29.26,0.91,-0.00577642,-0.04690557,-0.19989062,-0.24645896,4H MACD 柱体连续扩张,4H EMA 空头排列；4H MACD 尚未确认多头；4H RSI 偏弱
1748,SIDU,SIDUS SPACE INC CLASS A,Industrials,Early,Russell,1820,0,22.57,25.9,16.6,51.73,32.03,31.7,22.25,15.0,bearish_transition,25.0,bearish_proxy,19.29,38.11,0.0,22,confirmed_bearish_trend,50,mixed_or_bearish,36.68,1.97,0.6,0.01025641,-0.03902439,-0.22437891,-0.12053571,4H MACD 柱体连续扩张,4H EMA 空头排列；4H MACD 尚未确认多头；4H RSI 偏弱
1749,METCB,RAMACO RESOURCES CLASS B,Materials,Early,Russell,1825,0,22.53,19.65,16.19,51.73,32.03,31.7,22.15,15.0,bearish_transition,25.0,bearish_proxy,18.97,38.04,0.0,22,confirmed_bearish_trend,50,mixed_or_bearish,27.01,5.28,0.77,-0.04087193,-0.19266055,-0.16057234,-0.18139535,4H MACD 柱体连续扩张,4H EMA 空头排列；4H MACD 尚未确认多头；4H RSI 偏弱
1750,ANNX,ANNEXON,Health Care,Early,Russell,1832,0,22.66,19.65,10.41,51.73,32.03,31.7,21.96,18.0,bearish_transition,26.35,bearish_proxy,14.2,38.09,0.0,22,confirmed_bearish_trend,50,mixed_or_bearish,29.02,3.93,0.77,0.02610966,-0.09758898,-0.23391813,-0.26266417,4H MACD 柱体连续扩张,4H EMA 空头排列；4H MACD 尚未确认多头；4H RSI 偏弱
1751,TROX,TRONOX HOLDINGS PLC,Materials,Early,Russell,1836,0,22.4,19.65,14.54,51.73,32.03,31.7,21.77,15.0,bearish_transition,25.0,bearish_proxy,17.81,37.81,0.0,22,confirmed_bearish_trend,50,mixed_or_bearish,22.26,4.29,0.76,-0.01152074,-0.07939914,-0.25778547,-0.27716933,4H MACD 柱体连续扩张,4H EMA 空头排列；4H MACD 尚未确认多头；4H RSI 偏弱
1752,CMPX,COMPASS THERAPEUTICS,Health Care,Early,Russell,1841,0,22.5,19.65,13.4,51.73,32.03,31.7,21.67,15.0,bearish_transition,25.0,bearish_proxy,17.06,38.66,0.0,22,confirmed_bearish_trend,50,mixed_or_bearish,24.73,1.83,0.86,-0.02664752,-0.16628702,-0.21120690,-0.07808564,4H MACD 柱体连续扩张,4H EMA 空头排列；4H MACD 尚未确认多头；4H RSI 偏弱
1753,ASPI,ASP ISOTOPES,Materials,Early,Russell,1843,0,22.33,19.65,13.71,51.73,32.03,31.7,21.56,15.0,bearish_transition,25.0,bearish_proxy,17.18,37.69,0.0,22,confirmed_bearish_trend,50,mixed_or_bearish,26.53,3.15,0.66,-0.00787402,-0.17539267,-0.21348315,-0.26829268,4H MACD 柱体连续扩张,4H EMA 空头排列；4H MACD 尚未确认多头；4H RSI 偏弱
1754,BHVN,BIOHAVEN,Health Care,Early,Russell,1850,0,22.36,19.65,12.27,51.73,32.03,31.7,21.26,15.0,bearish_transition,25.0,bearish_proxy,15.82,38.41,0.0,22,confirmed_bearish_trend,50,mixed_or_bearish,28.19,12.02,0.82,-0.00825083,-0.19866667,-0.16816609,-0.12454479,4H MACD 柱体连续扩张,4H EMA 空头排列；4H MACD 尚未确认多头；4H RSI 偏弱
1755,OCGN,OCUGEN,Health Care,Early,Russell,1861,0,22.23,19.65,10.62,51.73,32.03,31.7,20.86,15.0,bearish_transition,25.0,bearish_proxy,14.61,38.17,0.0,22,confirmed_bearish_trend,50,mixed_or_bearish,28.16,0.9984,0.85,0.01514997,-0.06621773,-0.27652174,-0.24363636,4H MACD 柱体连续扩张,4H EMA 空头排列；4H MACD 尚未确认多头；4H RSI 偏弱
1756,STRO,SUTRO BIOPHARMA INC,Health Care,Early,Russell,1877,0,21.85,19.65,8.35,51.73,32.03,31.7,19.76,15.0,bearish_transition,25.0,bearish_proxy,11.29,37.51,0.0,22,confirmed_bearish_trend,50,mixed_or_bearish,26.54,15.6,0.89,-0.01077996,-0.14828565,-0.30076196,-0.39346809,4H MACD 柱体连续扩张,4H EMA 空头排列；4H MACD 尚未确认多头；4H RSI 偏弱
1757,METC,RAMACO RESOURCES INC CLASS A,Materials,Early,Russell,1879,0,21.7,19.65,8.66,51.73,32.03,31.7,19.7,15.0,bearish_transition,25.0,bearish_proxy,11.54,36.56,0.0,22,confirmed_bearish_trend,50,mixed_or_bearish,30.4,9.9,0.94,-0.00502513,-0.19348269,-0.19150674,0.02830434,4H MACD 柱体连续扩张,4H EMA 空头排列；4H MACD 尚未确认多头；4H RSI 偏弱
1758,AIRJ,AIRJOULE TECHNOLOGIES CLASS A,Industrials,Early,Russell,1882,0,21.64,19.65,8.04,51.73,32.03,31.7,19.53,15.0,bearish_transition,25.0,bearish_proxy,11.03,36.46,0.0,22,confirmed_bearish_trend,50,mixed_or_bearish,25.72,4.08,0.61,-0.00609013,-0.07587769,-0.29715762,-0.30077121,4H MACD 柱体连续扩张,4H EMA 空头排列；4H MACD 尚未确认多头；4H RSI 偏弱
1759,ACMR,ACM RESEARCH CLASS A,Information Technology,Early,Russell,1884,0,21.59,25.9,7.63,51.73,32.03,31.7,19.4,15.0,bearish_transition,25.0,bearish_proxy,10.64,36.38,0.0,22,confirmed_bearish_trend,50,mixed_or_bearish,32.63,64.82,0.82,0.01662488,-0.12215597,-0.24364058,-0.21354038,4H MACD 柱体连续扩张,4H EMA 空头排列；4H MACD 尚未确认多头；4H RSI 偏弱
1760,MVST,MICROVAST HOLDINGS,Industrials,Early,Russell,1891,0,21.3,19.65,6.39,51.73,32.03,31.7,18.54,15.0,bearish_transition,25.0,bearish_proxy,8.05,35.86,0.0,22,confirmed_bearish_trend,50,mixed_or_bearish,28.48,0.5856,0.61,0.02038683,-0.07619498,-0.28085472,-0.32542334,4H MACD 柱体连续扩张,4H EMA 空头排列；4H MACD 尚未确认多头；4H RSI 偏弱
1761,SRZN,SURROZEN,Health Care,Early,Russell,1897,0,21.25,19.65,5.67,51.73,32.03,31.7,17.98,15.0,bearish_transition,25.0,bearish_proxy,5.88,36.43,0.0,22,confirmed_bearish_trend,50,mixed_or_bearish,25.99,16.93,0.77,-0.02378555,-0.15350000,-0.29044429,-0.23045455,4H MACD 柱体连续扩张,4H EMA 空头排列；4H MACD 尚未确认多头；4H RSI 偏弱
1762,TTAN,SERVICETITAN CLASS A,Information Technology,Early,Russell,1903,0,20.99,19.65,5.15,51.73,32.03,31.7,17.62,15.0,bearish_transition,25.0,bearish_proxy,5.24,35.3,0.0,22,confirmed_bearish_trend,50,mixed_or_bearish,25.62,58.669998,0.8,0.00187836,0.02713584,-0.33623715,-0.32024100,4H MACD 柱体连续扩张,4H EMA 空头排列；4H MACD 尚未确认多头；4H RSI 偏弱
1763,OKUR,ONKURE THERAPEUTICS INC CLASS A,Health Care,Early,Russell,1907,0,21.0,19.65,4.43,51.73,32.03,31.7,17.26,15.0,bearish_transition,25.0,bearish_proxy,3.7,35.99,0.0,22,confirmed_bearish_trend,50,mixed_or_bearish,22.72,2.88,0.63,0.02127660,-0.14792899,-0.29807458,-0.29754384,4H MACD 柱体连续扩张,4H EMA 空头排列；4H MACD 尚未确认多头；4H RSI 偏弱
1764,DYN,DYNE THERAPEUTICS,Health Care,Early,Russell,1909,0,21.0,19.65,4.28,51.73,32.03,31.7,17.25,15.0,bearish_transition,25.0,bearish_proxy,3.66,35.98,0.0,22,confirmed_bearish_trend,50,mixed_or_bearish,17.84,17.305,0.62,-0.03941155,-0.09780512,-0.33874666,-0.33339751,4H MACD 柱体连续扩张,4H EMA 空头排列；4H MACD 尚未确认多头；4H RSI 偏弱
1765,OPTX,SYNTEC OPTICS HOLDINGS INC CLASS A,Information Technology,Early,Russell,1913,0,20.8,19.65,4.12,51.73,32.03,31.7,17.08,15.0,bearish_transition,25.0,bearish_proxy,3.61,34.97,0.0,22,confirmed_bearish_trend,50,mixed_or_bearish,30.4,6.37,0.98,0.00552486,-0.16184211,-0.29143493,-0.19469027,4H MACD 柱体连续扩张,4H EMA 空头排列；4H MACD 尚未确认多头；4H RSI 偏弱
1766,ZENA,ZENATECH,Information Technology,Early,Russell,1916,0,20.69,25.9,3.71,51.73,32.03,31.7,16.75,15.0,bearish_transition,25.0,bearish_proxy,2.62,34.77,0.0,22,confirmed_bearish_trend,50,mixed_or_bearish,33.7,1.45,0.74,-0.01023891,-0.09375000,-0.28571429,0.07011070,4H MACD 柱体连续扩张,4H EMA 空头排列；4H MACD 尚未确认多头；4H RSI 偏弱
1767,FHTX,FOGHORN THERAPEUTICS,Health Care,Early,Russell,1922,0,20.59,19.65,1.65,51.73,32.03,31.7,16.04,15.0,bearish_transition,25.0,bearish_proxy,0.0,35.25,0.0,22,confirmed_bearish_trend,50,mixed_or_bearish,18.39,4.17,0.83,0.00120048,-0.10706638,-0.38130564,-0.14373717,4H MACD 柱体连续扩张,4H EMA 空头排列；4H MACD 尚未确认多头；4H RSI 偏弱
1768,BNAI,BRAND ENGAGEMENT NETWORK INC,Information Technology,Early,Russell,1928,0,20.4,19.65,1.65,51.73,32.03,31.7,15.89,15.0,bearish_transition,25.0,bearish_proxy,0.0,34.25,0.0,22,confirmed_bearish_trend,50,mixed_or_bearish,12.31,6.84,0.69,-0.04735376,-0.33365806,-0.57515528,-0.49798165,4H MACD 柱体连续扩张,4H EMA 空头排列；4H MACD 尚未确认多头；4H RSI 偏弱
1769,VELO,VELO3D INC,Industrials,Early,Russell,1936,0,20.4,19.65,1.65,51.73,32.03,31.7,15.89,15.0,bearish_transition,25.0,bearish_proxy,0.0,34.25,0.0,22,confirmed_bearish_trend,50,mixed_or_bearish,31.45,9.99,0.98,0.00553598,-0.08516484,-0.35986159,-0.27080292,4H MACD 柱体连续扩张,4H EMA 空头排列；4H MACD 尚未确认多头；4H RSI 偏弱
1770,AMBP,ARDAGH METAL PACKAGING SA,Materials,Early,Russell,1328,0,25.02,19.65,63.45,51.73,31.8,31.45,29.28,18.0,bearish_transition,26.35,bearish_proxy,36.84,41.62,0.0,22,confirmed_bearish_trend,50,mixed_or_bearish,31.54,4.71,2.67,-0.00737619,-0.03975535,-0.09596929,-0.05040323,4H MACD 柱体连续扩张,4H EMA 空头排列；4H MACD 尚未确认多头；4H RSI 偏弱
1771,CURV,TORRID HOLDINGS INC,Consumer Discretionary,Early,Russell,1408,0,24.72,32.9,72.68,51.73,31.31,30.9,28.56,15.0,bearish_transition,25.0,bearish_proxy,38.39,41.93,0.0,22,confirmed_bearish_trend,42,mixed_or_bearish,40.98,2.15,0.26,-0.02272727,-0.07327586,0.05911330,-0.19020716,,4H EMA 空头排列；4H MACD 尚未确认多头
1772,WHWK,WHITEHAWK THERAPEUTICS,Health Care,Early,Russell,1555,0,24.36,19.65,50.21,51.73,31.31,30.9,27.11,15.0,bearish_transition,25.0,bearish_proxy,33.56,41.96,0.0,22,confirmed_bearish_trend,50,mixed_or_bearish,31.73,4.04,0.44,-0.00737101,-0.03579952,-0.13024758,-0.02415459,4H MACD 柱体连续扩张,4H EMA 空头排列；4H MACD 尚未确认多头；4H RSI 偏弱
1773,CRBP,CORBUS PHARMACEUTICALS HOLDINGS,Health Care,Early,Russell,1718,0,23.57,19.65,28.14,51.73,31.31,30.9,24.79,15.0,bearish_transition,25.0,bearish_proxy,26.53,40.56,0.0,22,confirmed_bearish_trend,50,mixed_or_bearish,25.25,7.26,0.49,0.08567241,-0.17966102,-0.30725191,-0.22683706,4H MACD 柱体连续扩张,4H EMA 空头排列；4H MACD 尚未确认多头；4H RSI 偏弱
1774,TRON,TRON INC,Consumer Discretionary,Early,Russell,1723,0,23.4,25.9,28.66,51.73,31.31,30.9,24.7,15.0,bearish_transition,25.0,bearish_proxy,26.69,39.59,0.0,22,confirmed_bearish_trend,50,mixed_or_bearish,37.53,1.43,0.37,-0.02389078,-0.12000000,-0.04666667,-0.03378378,4H MACD 柱体连续扩张,4H EMA 空头排列；4H MACD 尚未确认多头；4H RSI 偏弱
1775,PRLD,PRELUDE THERAPEUTICS,Health Care,Early,Russell,1857,0,22.29,19.65,11.03,51.73,31.31,30.9,21.03,15.0,bearish_transition,25.0,bearish_proxy,15.12,38.27,0.0,22,confirmed_bearish_trend,50,mixed_or_bearish,30.2,4.47,0.45,0.00789177,-0.11921182,-0.20744681,-0.01106195,4H MACD 柱体连续扩张,4H EMA 空头排列；4H MACD 尚未确认多头；4H RSI 偏弱
1776,ALTI,ALTI GLOBAL INC CLASS A,Financials,Early,Russell,1871,0,21.88,25.9,9.79,51.73,31.31,30.9,20.23,15.0,bearish_transition,25.0,bearish_proxy,13.15,36.88,0.0,22,confirmed_bearish_trend,50,mixed_or_bearish,34.38,3.16,0.43,0.00317460,-0.02469136,-0.20802005,-0.15167785,4H MACD 柱体连续扩张,4H EMA 空头排列；4H MACD 尚未确认多头；4H RSI 偏弱
1777,RENT,RENT THE RUNWAY CLASS A,Consumer Discretionary,Early,Russell,1898,0,21.1,19.65,5.88,51.73,31.31,30.9,17.96,15.0,bearish_transition,25.0,bearish_proxy,6.27,35.5,0.0,22,confirmed_bearish_trend,50,mixed_or_bearish,24.86,1.94,0.48,-0.05674138,-0.35548173,-0.47138965,-0.46994536,4H MACD 柱体连续扩张,4H EMA 空头排列；4H MACD 尚未确认多头；4H RSI 偏弱
1778,CNTB,CONNECT BIOPHARMA HOLDINGS LTD,Health Care,Early,Russell,1914,0,20.81,25.9,1.65,51.73,31.31,30.9,16.94,18.0,bearish_transition,25.0,bearish_proxy,0.0,35.25,0.0,22,confirmed_bearish_trend,50,mixed_or_bearish,32.69,1.24,0.54,0.13242009,-0.38461538,-0.50100604,-0.40384615,4H MACD 柱体连续扩张,4H EMA 空头排列；4H MACD 尚未确认多头；4H RSI 偏弱
1779,CVGI,COMMERCIAL VEHICLE GROUP INC,Industrials,Early,Russell,900,0,29.44,29.3,52.78,51.73,31.22,30.8,34.63,18.0,bearish_transition,51.15,bullish_below_zero_proxy,34.26,41.1,0.0,22,confirmed_bearish_trend,36,fresh_bearish_cross,44.35,3.06,1.51,0.02341137,0.00492611,-0.09734513,-0.21336761,4H MACD 柱体连续扩张,4H EMA 空头排列；4H MACD 最近死叉
1780,LMNR,LIMONEIRA,Consumer Staples,Early,Russell,915,0,26.87,19.65,23.51,51.73,30.68,30.2,34.47,15.0,bearish_transition,25.0,bearish_proxy,55.86,46.42,0.0,22,confirmed_bearish_trend,42,mixed_or_bearish,29.39,12.65,1.53,-0.03213466,-0.15610407,-0.08333333,-0.06916851,,4H EMA 空头排列；4H MACD 尚未确认多头；4H RSI 偏弱
1781,CHRS,COHERUS ONCOLOGY INC,Health Care,Early,Russell,959,0,26.59,25.9,50.0,51.73,30.68,30.2,33.47,18.0,bearish_transition,26.35,bearish_proxy,49.08,45.07,0.0,22,confirmed_bearish_trend,42,mixed_or_bearish,36.27,1.22,2.25,-0.08614232,-0.07575758,0.05172414,-0.17845118,,4H EMA 空头排列；4H MACD 尚未确认多头；4H RSI 偏弱
1782,ARDX,ARDELYX,Health Care,Early,Russell,960,0,29.04,19.65,41.55,51.73,30.68,30.2,33.46,18.0,bearish_transition,49.8,bullish_below_zero_proxy,31.27,41.5,0.0,22,confirmed_bearish_trend,42,mixed_or_bearish,25.62,3.39,1.99,-0.01021898,-0.10789474,-0.16399507,-0.32402792,,4H EMA 空头排列；4H MACD 尚未确认多头；4H RSI 偏弱
1783,UNF,UNIFIRST,Industrials,Early,Russell,968,0,26.24,19.65,45.15,51.73,30.68,30.2,33.27,18.0,bearish_transition,25.0,bearish_proxy,49.94,44.24,0.0,22,confirmed_bearish_trend,42,mixed_or_bearish,29.63,265.940002,1.43,-0.00772362,-0.03350778,-0.07088708,-0.08526815,,4H EMA 空头排列；4H MACD 尚未确认多头；4H RSI 偏弱
1784,ENVX,ENOVIX,Industrials,Early,Russell,1014,0,28.62,19.65,28.97,51.73,30.68,30.2,32.2,18.0,bearish_transition,51.15,bullish_below_zero_proxy,26.88,39.63,0.0,22,confirmed_bearish_trend,42,mixed_or_bearish,28.82,2.92,1.41,-0.02341137,-0.07740916,-0.18776078,-0.33786848,,4H EMA 空头排列；4H MACD 尚未确认多头；4H RSI 偏弱
1785,CNTN,CANTON STRATEGIC HOLDINGS INC,Health Care,Early,Russell,1105,0,25.78,32.9,93.71,51.73,30.68,30.2,31.1,18.0,bearish_transition,26.35,bearish_proxy,41.9,43.63,0.0,22,confirmed_bearish_trend,42,mixed_or_bearish,39.61,2.04,1.96,-0.02392344,-0.07482993,0.00492611,0.06527415,,4H EMA 空头排列；4H MACD 尚未确认多头；4H RSI 偏弱
1786,GEVO,GEVO,Energy,Early,Russell,1119,0,25.59,25.9,93.81,51.73,30.68,30.2,30.96,18.0,bearish_transition,26.35,bearish_proxy,41.92,42.63,0.0,22,confirmed_bearish_trend,42,mixed_or_bearish,37.77,1.52,1.45,-0.03184713,-0.03797468,-0.05177792,-0.01298701,,4H EMA 空头排列；4H MACD 尚未确认多头；4H RSI 偏弱
1787,VYGR,VOYAGER THERAPEUTICS,Health Care,Early,Russell,1145,0,25.65,25.9,85.46,51.73,30.68,30.2,30.71,18.0,bearish_transition,26.35,bearish_proxy,40.71,43.39,0.0,22,confirmed_bearish_trend,42,mixed_or_bearish,35.46,3.05,1.69,-0.00489396,-0.06153846,-0.05718702,-0.02555911,,4H EMA 空头排列；4H MACD 尚未确认多头；4H RSI 偏弱
1788,RC,READY CAPITAL CORP,Financials,Early,Russell,1166,0,25.45,25.9,85.1,51.73,30.68,30.2,30.53,18.0,bearish_transition,26.35,bearish_proxy,40.61,42.37,0.0,22,confirmed_bearish_trend,42,mixed_or_bearish,33.68,1.59,1.63,-0.02752294,-0.05917160,-0.05917160,0.00000000,,4H EMA 空头排列；4H MACD 尚未确认多头；4H RSI 偏弱
1789,BDTX,BLACK DIAMOND THERAPEUTICS INC,Health Care,Early,Russell,1173,0,25.57,32.9,81.65,51.73,30.68,30.2,30.49,18.0,bearish_transition,26.35,bearish_proxy,40.03,43.26,0.0,22,confirmed_bearish_trend,42,mixed_or_bearish,38.55,1.94,1.9,-0.01272265,-0.07619048,-0.05365854,0.09604520,,4H EMA 空头排列；4H MACD 尚未确认多头；4H RSI 偏弱
1790,ELA,ENVELA CORP,Consumer Discretionary,Early,Russell,1191,0,27.93,19.65,24.85,51.73,30.68,30.2,30.35,15.0,bearish_transition,49.8,bullish_below_zero_proxy,25.04,39.26,0.0,22,confirmed_bearish_trend,42,mixed_or_bearish,25.81,12.845,1.36,0.00038941,-0.07855093,-0.18753953,-0.41666667,,4H EMA 空头排列；4H MACD 尚未确认多头；4H RSI 偏弱
1791,BUR,BURFORD CAPITAL LTD,Financials,Early,Russell,1250,0,25.25,19.65,75.31,51.73,30.68,30.2,29.95,18.0,bearish_transition,26.35,bearish_proxy,38.86,42.02,0.0,22,confirmed_bearish_trend,42,mixed_or_bearish,27.43,3.87,2.06,-0.08726415,-0.13808463,-0.09367681,-0.11034483,,4H EMA 空头排列；4H MACD 尚未确认多头；4H RSI 偏弱
1792,PLBY,PLAYBOY INC,Consumer Discretionary,Early,Russell,1299,0,24.96,25.9,73.71,51.73,30.68,30.2,29.51,18.0,bearish_transition,25.0,bearish_proxy,38.54,41.96,0.0,22,confirmed_bearish_trend,42,mixed_or_bearish,32.47,1.1,1.05,-0.02654867,-0.04761905,-0.06779661,-0.10569106,,4H EMA 空头排列；4H MACD 尚未确认多头；4H RSI 偏弱
1793,GLUE,MONTE ROSA THERAPEUTICS,Health Care,Early,Russell,1380,0,27.55,19.65,17.84,51.73,30.68,30.2,28.85,15.0,bearish_transition,49.8,bullish_below_zero_proxy,20.05,39.26,0.0,22,confirmed_bearish_trend,42,mixed_or_bearish,31.32,12.65,1.06,-0.04021244,-0.11352488,-0.17696812,-0.21379739,,4H EMA 空头排列；4H MACD 尚未确认多头；4H RSI 偏弱
1794,SNDX,SYNDAX PHARMACEUTICALS,Health Care,Early,Russell,1399,0,24.93,19.65,53.09,51.73,30.68,30.2,28.6,18.0,bearish_transition,26.35,bearish_proxy,34.33,42.12,0.0,22,confirmed_bearish_trend,42,mixed_or_bearish,28.15,17.280001,1.9,-0.03625204,-0.12815333,-0.12550602,-0.09481399,,4H EMA 空头排列；4H MACD 尚未确认多头；4H RSI 偏弱
1795,DTIL,PRECISION BIOSCIENCES INC,Health Care,Early,Russell,1405,0,24.92,19.65,52.53,51.73,30.68,30.2,28.57,18.0,bearish_transition,26.35,bearish_proxy,34.22,42.09,0.0,22,confirmed_bearish_trend,42,mixed_or_bearish,24.0,6.63,1.55,0.00151057,-0.08677686,-0.10610759,-0.09115833,,4H EMA 空头排列；4H MACD 尚未确认多头；4H RSI 偏弱
1796,PFSI,PENNYMAC FINANCIAL SERVICES,Financials,Early,Russell,1435,0,24.69,19.65,51.65,51.73,30.68,30.2,28.3,18.0,bearish_transition,26.35,bearish_proxy,33.87,41.02,0.0,22,confirmed_bearish_trend,42,mixed_or_bearish,25.1,65.980003,1.86,-0.02381999,-0.06965588,-0.13559542,-0.14333932,,4H EMA 空头排列；4H MACD 尚未确认多头；4H RSI 偏弱
1797,IIIV,I3 VERTICALS CLASS A,Information Technology,Early,Russell,1439,0,24.29,19.65,59.85,3.27,30.68,30.2,28.27,18.0,bearish_transition,20.0,fresh_bearish_cross_proxy,47.68,43.79,3.0,22,confirmed_bearish_trend,42,mixed_or_bearish,30.69,14.71,2.37,-0.00809171,-0.03096179,-0.07947434,-0.32646520,,4H EMA 空头排列；4H MACD 尚未确认多头；4H RSI 偏弱
1798,BRSP,BRIGHTSPIRE CAPITAL CLASS A,Financials,Early,Russell,1447,0,24.6,19.65,66.08,51.73,30.68,30.2,28.23,15.0,bearish_transition,25.0,bearish_proxy,37.42,41.73,0.0,22,confirmed_bearish_trend,42,mixed_or_bearish,19.75,4.295,1.09,-0.02718007,-0.05914567,-0.11443299,-0.13581489,,4H EMA 空头排列；4H MACD 尚未确认多头；4H RSI 偏弱
1799,PRME,PRIME MEDICINE,Health Care,Early,Russell,1457,0,24.62,19.65,51.75,51.73,30.68,30.2,28.13,18.0,bearish_transition,25.0,bearish_proxy,33.92,42.03,0.0,22,confirmed_bearish_trend,42,mixed_or_bearish,31.7,3.0,1.08,-0.05808477,-0.13793103,-0.05956113,0.00840336,,4H EMA 空头排列；4H MACD 尚未确认多头；4H RSI 偏弱
1800,SERV,SERVE ROBOTICS,Consumer Discretionary,Early,Russell,1465,0,24.6,25.9,48.66,51.73,30.68,30.2,28.04,18.0,bearish_transition,26.35,bearish_proxy,33.07,40.86,0.0,22,confirmed_bearish_trend,42,mixed_or_bearish,33.47,4.29,1.11,-0.01637089,-0.07939914,-0.12180143,-0.24670764,,4H EMA 空头排列；4H MACD 尚未确认多头；4H RSI 偏弱
1801,IMNM,IMMUNOME,Health Care,Early,Russell,1522,0,24.53,19.65,39.95,51.73,30.68,30.2,27.44,18.0,bearish_transition,26.35,bearish_proxy,30.81,41.41,0.0,22,confirmed_bearish_trend,42,mixed_or_bearish,28.51,23.459999,1.79,-0.01676454,-0.10114946,-0.14379566,-0.06422022,,4H EMA 空头排列；4H MACD 尚未确认多头；4H RSI 偏弱
1802,WINA,WINMARK,Consumer Discretionary,Early,Russell,1527,0,24.32,19.65,55.93,51.73,30.68,30.2,27.4,15.0,bearish_transition,25.0,bearish_proxy,34.88,41.23,0.0,22,confirmed_bearish_trend,42,mixed_or_bearish,26.19,294.869995,1.42,-0.01473538,-0.05256568,-0.15497927,-0.16632744,,4H EMA 空头排列；4H MACD 尚未确认多头；4H RSI 偏弱
1803,JBI,JANUS INTERNATIONAL GROUP,Industrials,Early,Russell,1543,0,24.26,19.65,53.25,51.73,30.68,30.2,27.22,15.0,bearish_transition,25.0,bearish_proxy,34.35,41.12,0.0,22,confirmed_bearish_trend,42,mixed_or_bearish,25.21,4.35,1.08,-0.02901786,-0.06451613,-0.14872798,-0.23008850,,4H EMA 空头排列；4H MACD 尚未确认多头；4H RSI 偏弱
1804,CNS,COHEN & STEERS INC,Financials,Early,Russell,1545,0,24.25,19.65,52.37,51.73,30.68,30.2,27.18,15.0,bearish_transition,25.0,bearish_proxy,34.21,41.09,0.0,22,confirmed_bearish_trend,42,mixed_or_bearish,17.7,71.889999,1.42,-0.01849961,-0.06781644,-0.13775114,-0.14523517,,4H EMA 空头排列；4H MACD 尚未确认多头；4H RSI 偏弱
1805,PAR,PAR TECHNOLOGY,Information Technology,Early,Russell,1557,0,24.22,19.65,51.96,51.73,30.68,30.2,27.1,15.0,bearish_transition,25.0,bearish_proxy,33.99,41.05,0.0,22,confirmed_bearish_trend,42,mixed_or_bearish,28.87,16.108,1.99,-0.08164201,-0.08839842,-0.13164416,-0.07716987,,4H EMA 空头排列；4H MACD 尚未确认多头；4H RSI 偏弱
1806,SOUN,SOUNDHOUND AI CLASS A,Information Technology,Early,Russell,1592,0,24.13,19.65,33.92,51.73,30.68,30.2,26.66,18.0,bearish_transition,26.35,bearish_proxy,28.88,40.03,0.0,22,confirmed_bearish_trend,42,mixed_or_bearish,29.88,5.93,1.27,-0.06687648,-0.08346213,-0.15587189,-0.08979279,,4H EMA 空头排列；4H MACD 尚未确认多头；4H RSI 偏弱
1807,LDI,LOANDEPOT INC CLASS A,Financials,Early,Russell,1594,0,24.13,19.65,34.23,51.73,30.68,30.2,26.66,18.0,bearish_transition,26.35,bearish_proxy,28.91,40.03,0.0,22,confirmed_bearish_trend,42,mixed_or_bearish,28.56,0.7046,1.26,-0.04038134,-0.09712968,-0.19950011,-0.32895238,,4H EMA 空头排列；4H MACD 尚未确认多头；4H RSI 偏弱
1808,KNF,KNIFE RIVER CORP,Materials,Early,Russell,1598,0,24.05,19.65,46.24,51.73,30.68,30.2,26.62,15.0,bearish_transition,25.0,bearish_proxy,32.51,40.75,0.0,22,confirmed_bearish_trend,42,mixed_or_bearish,26.14,55.630001,1.52,-0.01826524,-0.04086205,-0.16521606,-0.19968351,,4H EMA 空头排列；4H MACD 尚未确认多头；4H RSI 偏弱
1809,STOK,STOKE THERAPEUTICS,Health Care,Early,Russell,1599,0,24.19,19.65,43.71,51.73,30.68,30.2,26.61,15.0,bearish_transition,25.0,bearish_proxy,32.03,41.66,0.0,22,confirmed_bearish_trend,42,mixed_or_bearish,30.95,27.91,1.38,-0.00463627,-0.06655518,-0.13215174,-0.11816746,,4H EMA 空头排列；4H MACD 尚未确认多头；4H RSI 偏弱
1810,PRG,PROG HOLDINGS INC,Financials,Early,Russell,1604,0,24.03,19.65,45.36,51.73,30.68,30.2,26.54,15.0,bearish_transition,25.0,bearish_proxy,32.29,40.71,0.0,22,confirmed_bearish_trend,42,mixed_or_bearish,28.69,35.720001,1.38,-0.01841160,-0.04543017,-0.15295227,-0.22076787,,4H EMA 空头排列；4H MACD 尚未确认多头；4H RSI 偏弱
1811,SVV,SAVERS VALUE VILLAGE,Consumer Discretionary,Early,Russell,1606,0,24.03,19.65,45.15,51.73,30.68,30.2,26.53,15.0,bearish_transition,25.0,bearish_proxy,32.24,40.7,0.0,22,confirmed_bearish_trend,42,mixed_or_bearish,29.54,9.13,1.67,-0.01827957,-0.07168277,-0.13705104,-0.14832090,,4H EMA 空头排列；4H MACD 尚未确认多头；4H RSI 偏弱
1812,USGO,US GOLDMINING INC,Materials,Early,Russell,1610,0,24.01,19.65,44.33,51.73,30.68,30.2,26.5,15.0,bearish_transition,25.0,bearish_proxy,32.16,40.68,0.0,22,confirmed_bearish_trend,42,mixed_or_bearish,24.4,7.69,1.6,-0.02781290,-0.09155346,-0.14030184,0.01117686,,4H EMA 空头排列；4H MACD 尚未确认多头；4H RSI 偏弱
1813,CATX,PERSPECTIVE THERAPEUTICS,Health Care,Early,Russell,1612,0,24.15,25.9,42.47,51.73,30.68,30.2,26.49,15.0,bearish_transition,25.0,bearish_proxy,31.69,41.59,0.0,22,confirmed_bearish_trend,42,mixed_or_bearish,35.34,2.7,1.29,0.00558659,-0.09395973,-0.16408669,-0.09698997,,4H EMA 空头排列；4H MACD 尚未确认多头；4H RSI 偏弱
1814,WGO,WINNEBAGO INDUSTRIES,Consumer Discretionary,Early,Russell,1613,0,24.01,19.65,44.07,51.73,30.68,30.2,26.49,15.0,bearish_transition,25.0,bearish_proxy,32.13,40.68,0.0,22,confirmed_bearish_trend,42,mixed_or_bearish,29.84,27.139999,1.4,-0.01595363,-0.05665627,-0.14086739,-0.14854905,,4H EMA 空头排列；4H MACD 尚未确认多头；4H RSI 偏弱
1815,COGT,COGENT BIOSCIENCES,Health Care,Early,Russell,1614,0,24.14,19.65,42.27,51.73,30.68,30.2,26.47,15.0,bearish_transition,25.0,bearish_proxy,31.62,41.57,0.0,22,confirmed_bearish_trend,42,mixed_or_bearish,29.09,32.540001,1.28,-0.01139298,-0.04798125,-0.14119816,-0.24025217,,4H EMA 空头排列；4H MACD 尚未确认多头；4H RSI 偏弱
1816,BIOA,BIOAGE LABS,Health Care,Early,Russell,1618,0,26.79,19.65,6.8,51.73,30.68,30.2,26.43,18.0,bearish_transition,51.15,bullish_below_zero_proxy,8.95,37.04,0.0,22,confirmed_bearish_trend,42,mixed_or_bearish,22.4,7.75,1.37,-0.04802850,-0.15393013,-0.25337187,-0.30741734,,4H EMA 空头排列；4H MACD 尚未确认多头；4H RSI 偏弱
1817,PHIN,PHINIA,Consumer Discretionary,Early,Russell,1635,0,23.82,19.65,33.3,51.73,30.68,30.2,26.16,18.0,bearish_transition,25.0,bearish_proxy,28.41,39.93,0.0,22,confirmed_bearish_trend,42,mixed_or_bearish,24.64,61.169998,1.57,-0.00212073,-0.08166946,-0.17991686,-0.23451389,,4H EMA 空头排列；4H MACD 尚未确认多头；4H RSI 偏弱
1818,RAPP,RAPPORT THERAPEUTICS,Health Care,Early,Russell,1638,0,24.03,19.65,39.18,51.73,30.68,30.2,26.13,15.0,bearish_transition,25.0,bearish_proxy,30.58,41.37,0.0,22,confirmed_bearish_trend,42,mixed_or_bearish,23.83,41.389999,1.3,-0.02783328,-0.05803368,-0.14554088,-0.01919436,,4H EMA 空头排列；4H MACD 尚未确认多头；4H RSI 偏弱
1819,HGV,HILTON GRAND VACATIONS,Consumer Discretionary,Early,Russell,1641,0,23.8,19.65,32.89,51.73,30.68,30.2,26.12,18.0,bearish_transition,25.0,bearish_proxy,28.27,39.9,0.0,22,confirmed_bearish_trend,42,mixed_or_bearish,23.79,37.119999,1.98,-0.02954251,-0.07867962,-0.17345805,-0.19757889,,4H EMA 空头排列；4H MACD 尚未确认多头；4H RSI 偏弱
1820,ABAT,AMERICAN BATTERY TECHNOLOGY COMPAN,Materials,Early,Russell,1646,0,23.93,19.65,29.59,51.73,30.68,30.2,26.07,18.0,bearish_transition,26.35,bearish_proxy,27.12,39.67,0.0,22,confirmed_bearish_trend,42,mixed_or_bearish,24.94,2.12,1.57,-0.05986696,-0.20895522,-0.12396694,-0.08620690,,4H EMA 空头排列；4H MACD 尚未确认多头；4H RSI 偏弱
1821,HAPN,HAPPEN,Financials,Early,Russell,1647,0,23.86,19.65,39.95,51.73,30.68,30.2,26.06,15.0,bearish_transition,25.0,bearish_proxy,30.81,40.41,0.0,22,confirmed_bearish_trend,42,mixed_or_bearish,25.93,16.26,1.4,-0.01394785,-0.03386809,-0.15224192,-0.22126433,,4H EMA 空头排列；4H MACD 尚未确认多头；4H RSI 偏弱
1822,PRAX,PRAXIS PRECISION MEDICINES,Health Care,Early,Russell,1654,0,24.01,19.65,27.11,51.73,30.68,30.2,25.91,18.0,bearish_transition,26.35,bearish_proxy,26.15,40.48,0.0,22,confirmed_bearish_trend,42,mixed_or_bearish,22.8,308.98999,2.36,-0.02201338,-0.10439498,-0.17797766,-0.00454254,,4H EMA 空头排列；4H MACD 尚未确认多头；4H RSI 偏弱
1823,CRVS,CORVUS PHARMACEUTICALS,Health Care,Early,Russell,1665,0,23.91,19.65,35.88,51.73,30.68,30.2,25.8,15.0,bearish_transition,25.0,bearish_proxy,29.58,41.17,0.0,22,confirmed_bearish_trend,42,mixed_or_bearish,27.14,12.23,1.17,-0.06211656,-0.08252063,-0.18018501,-0.12203877,,4H EMA 空头排列；4H MACD 尚未确认多头；4H RSI 偏弱
1824,ACHR,ARCHER AVIATION CLASS A,Industrials,Early,Russell,1673,0,23.79,25.9,26.7,51.73,30.68,30.2,25.68,18.0,bearish_transition,26.35,bearish_proxy,25.91,39.43,0.0,22,confirmed_bearish_trend,42,mixed_or_bearish,33.06,5.22,1.36,-0.04483074,-0.05090909,-0.18373729,-0.01787394,,4H EMA 空头排列；4H MACD 尚未确认多头；4H RSI 偏弱
1825,TE,T1 ENERGY,Information Technology,Early,Russell,1674,0,26.33,25.9,7.84,51.73,30.68,30.2,25.68,15.0,bearish_transition,49.8,bullish_below_zero_proxy,10.9,36.43,0.0,22,confirmed_bearish_trend,42,mixed_or_bearish,36.18,4.095,1.23,-0.05427252,-0.16598778,-0.15913758,-0.24446494,,4H EMA 空头排列；4H MACD 尚未确认多头；4H RSI 偏弱
1826,UPST,UPSTART HOLDINGS,Financials,Early,Russell,1677,0,23.72,19.65,35.67,51.73,30.68,30.2,25.64,15.0,bearish_transition,25.0,bearish_proxy,29.56,40.16,0.0,22,confirmed_bearish_trend,42,mixed_or_bearish,30.88,24.85,1.22,-0.01894986,-0.04054054,-0.16442502,-0.17932632,,4H EMA 空头排列；4H MACD 尚未确认多头；4H RSI 偏弱
1827,CWH,CAMPING WORLD HOLDINGS INC CLASS A,Consumer Discretionary,Early,Russell,1683,0,23.66,19.65,34.43,51.73,30.68,30.2,25.45,15.0,bearish_transition,25.0,bearish_proxy,28.99,40.05,0.0,22,confirmed_bearish_trend,42,mixed_or_bearish,28.73,5.56,1.17,-0.05682782,-0.10105093,-0.10466989,-0.15049656,,4H EMA 空头排列；4H MACD 尚未确认多头；4H RSI 偏弱
1828,ALXO,ALX ONCOLOGY HOLDINGS INC,Health Care,Early,Russell,1702,0,23.67,19.65,30.26,51.73,30.68,30.2,25.08,15.0,bearish_transition,25.0,bearish_proxy,27.4,40.73,0.0,22,confirmed_bearish_trend,42,mixed_or_bearish,31.06,1.76,1.41,-0.06382979,-0.04607046,-0.10432570,-0.10886076,,4H EMA 空头排列；4H MACD 尚未确认多头；4H RSI 偏弱
1829,RZLT,REZOLUTE,Health Care,Early,Russell,1705,0,23.71,19.65,23.04,51.73,30.68,30.2,25.02,18.0,bearish_transition,26.35,bearish_proxy,23.47,39.94,0.0,22,confirmed_bearish_trend,42,mixed_or_bearish,28.39,3.98,2.06,-0.03980700,-0.01849568,-0.14957265,-0.19838872,,4H EMA 空头排列；4H MACD 尚未确认多头；4H RSI 偏弱
1830,MBUU,MALIBU BOATS CLASS A INC,Consumer Discretionary,Early,Russell,1713,0,23.47,19.65,29.9,51.73,30.68,30.2,24.9,15.0,bearish_transition,25.0,bearish_proxy,27.32,39.71,0.0,22,confirmed_bearish_trend,42,mixed_or_bearish,29.6,23.33,1.27,-0.01602695,-0.09643687,-0.20673240,-0.20321041,,4H EMA 空头排列；4H MACD 尚未确认多头；4H RSI 偏弱
1831,ESE,ESCO TECHNOLOGIES,Industrials,Early,Russell,1715,0,22.93,25.9,40.88,51.73,30.68,30.2,24.87,15.0,bearish_transition,20.0,fresh_bearish_cross_proxy,31.0,40.45,0.0,22,confirmed_bearish_trend,42,mixed_or_bearish,33.9,259.040009,1.3,-0.00917990,-0.04427391,-0.15945222,-0.20600764,,4H EMA 空头排列；4H MACD 尚未确认多头；4H RSI 偏弱
1832,PHAT,PHATHOM PHARMACEUTICALS,Health Care,Early,Russell,1728,0,23.58,19.65,21.13,51.73,30.68,30.2,24.64,18.0,bearish_transition,26.35,bearish_proxy,22.33,39.72,0.0,22,confirmed_bearish_trend,42,mixed_or_bearish,29.23,7.69,1.77,-0.06674757,-0.11098266,-0.17133621,-0.08778173,,4H EMA 空头排列；4H MACD 尚未确认多头；4H RSI 偏弱
1833,NOVT,NOVANTA,Information Technology,Early,Russell,1734,0,23.4,19.65,21.24,51.73,30.68,30.2,24.51,18.0,bearish_transition,26.35,bearish_proxy,22.37,38.72,0.0,22,confirmed_bearish_trend,42,mixed_or_bearish,28.47,132.800003,2.15,-0.04212346,-0.08935061,-0.21354967,-0.16797192,,4H EMA 空头排列；4H MACD 尚未确认多头；4H RSI 偏弱
1834,PUMP,PROPETRO HOLDING,Energy,Early,Russell,1735,0,23.33,19.65,26.91,51.73,30.68,30.2,24.48,15.0,bearish_transition,25.0,bearish_proxy,26.03,39.46,0.0,22,confirmed_bearish_trend,42,mixed_or_bearish,30.49,10.21,1.32,-0.01400290,-0.16311475,-0.20109546,-0.10399298,,4H EMA 空头排列；4H MACD 尚未确认多头；4H RSI 偏弱
1835,ALLO,ALLOGENE THERAPEUTICS,Health Care,Early,Russell,1737,0,23.44,25.9,25.67,51.73,30.68,30.2,24.42,15.0,bearish_transition,25.0,bearish_proxy,25.41,40.33,0.0,22,confirmed_bearish_trend,42,mixed_or_bearish,32.29,1.69,1.06,-0.02312139,-0.02028986,-0.18750000,-0.11286089,,4H EMA 空头排列；4H MACD 尚未确认多头；4H RSI 偏弱
1836,BOOT,BOOT BARN HOLDINGS,Consumer Discretionary,Early,Russell,1739,0,23.22,19.65,22.37,51.73,30.68,30.2,24.4,18.0,bearish_transition,25.0,bearish_proxy,23.07,38.86,0.0,22,confirmed_bearish_trend,42,mixed_or_bearish,19.94,122.730003,2.05,-0.03944583,-0.14174823,-0.25223908,-0.24825428,,4H EMA 空头排列；4H MACD 尚未确认多头；4H RSI 偏弱
1837,IE,IVANHOE ELECTRIC,Materials,Early,Russell,1742,0,23.27,19.65,25.98,51.73,30.68,30.2,24.31,15.0,bearish_transition,25.0,bearish_proxy,25.51,39.35,0.0,22,confirmed_bearish_trend,42,mixed_or_bearish,30.16,8.97,1.05,-0.04064171,-0.17479301,-0.15217391,-0.15056818,,4H EMA 空头排列；4H MACD 尚未确认多头；4H RSI 偏弱
1838,VRTS,VIRTUS INVESTMENT PARTNERS,Financials,Early,Russell,1743,0,23.19,19.65,21.8,51.73,30.68,30.2,24.31,18.0,bearish_transition,25.0,bearish_proxy,22.8,38.81,0.0,22,confirmed_bearish_trend,42,mixed_or_bearish,10.08,130.929993,1.27,-0.05849789,-0.14206152,-0.22028350,-0.21316107,,4H EMA 空头排列；4H MACD 尚未确认多头；4H RSI 偏弱
1839,CDRE,CADRE HOLDINGS INC,Industrials,Early,Russell,1749,0,23.23,19.65,25.15,51.73,30.68,30.2,24.2,15.0,bearish_transition,25.0,bearish_proxy,25.2,39.29,0.0,22,confirmed_bearish_trend,42,mixed_or_bearish,25.76,26.41,1.47,-0.04622611,-0.09368562,-0.20643026,-0.14419964,,4H EMA 空头排列；4H MACD 尚未确认多头；4H RSI 偏弱
1840,ZNTL,ZENTALIS PHARMACEUTICALS,Health Care,Early,Russell,1750,0,23.42,19.65,19.38,51.73,30.68,30.2,24.17,18.0,bearish_transition,26.35,bearish_proxy,20.88,39.43,0.0,22,confirmed_bearish_trend,42,mixed_or_bearish,27.16,3.1,1.57,-0.01430843,-0.18313570,-0.16216216,-0.36279548,,4H EMA 空头排列；4H MACD 尚未确认多头；4H RSI 偏弱
1841,DMRA,DAMORA THERAPEUTICS INC,Health Care,Early,Russell,1751,0,23.39,25.9,19.07,51.73,30.68,30.2,24.09,18.0,bearish_transition,26.35,bearish_proxy,20.66,39.38,0.0,22,confirmed_bearish_trend,42,mixed_or_bearish,33.3,24.530001,2.17,-0.02484595,-0.06623521,-0.21176092,-0.18233330,,4H EMA 空头排列；4H MACD 尚未确认多头；4H RSI 偏弱
1842,PTLO,PORTILLO S INC CLASS A,Consumer Discretionary,Early,Russell,1758,0,23.05,19.65,20.41,51.73,30.68,30.2,23.9,18.0,bearish_transition,25.0,bearish_proxy,21.56,38.56,0.0,22,confirmed_bearish_trend,42,mixed_or_bearish,22.24,3.72,1.54,-0.03875969,-0.09599028,-0.25301205,-0.17699115,,4H EMA 空头排列；4H MACD 尚未确认多头；4H RSI 偏弱
1843,ARHS,ARHAUS CLASS A,Consumer Discretionary,Early,Russell,1771,0,23.1,19.65,17.11,51.73,30.68,30.2,23.63,18.0,bearish_transition,26.35,bearish_proxy,19.7,38.19,0.0,22,confirmed_bearish_trend,42,mixed_or_bearish,28.22,7.2,2.06,-0.05075808,-0.14387634,-0.24528302,-0.13148372,,4H EMA 空头排列；4H MACD 尚未确认多头；4H RSI 偏弱
1844,BNTC,BENITEC BIOPHARMA INC,Health Care,Early,Russell,1773,0,23.17,19.65,22.06,51.73,30.68,30.2,23.62,15.0,bearish_transition,25.0,bearish_proxy,22.97,39.84,0.0,22,confirmed_bearish_trend,42,mixed_or_bearish,28.09,11.04,1.23,-0.01691897,-0.11467522,-0.15725191,-0.11891460,,4H EMA 空头排列；4H MACD 尚未确认多头；4H RSI 偏弱
1845,RH,RH,Consumer Discretionary,Early,Russell,1779,0,22.94,25.9,21.55,51.73,30.68,30.2,23.35,15.0,bearish_transition,25.0,bearish_proxy,22.62,38.77,0.0,22,confirmed_bearish_trend,42,mixed_or_bearish,33.75,126.510002,1.12,-0.01602244,-0.09194663,-0.28078450,-0.32864572,,4H EMA 空头排列；4H MACD 尚未确认多头；4H RSI 偏弱
1846,ZSQR,Z SQUARED INC,Information Technology,Early,Russell,1782,0,25.59,19.65,1.65,51.73,30.68,30.2,23.32,18.0,bearish_transition,51.15,bullish_below_zero_proxy,0.0,34.25,0.0,22,confirmed_bearish_trend,42,mixed_or_bearish,29.08,2.29,2.02,0.05529954,-0.23411371,-0.40673575,-0.46990741,,4H EMA 空头排列；4H MACD 尚未确认多头；4H RSI 偏弱
1847,WEN,WENDYS,Consumer Discretionary,Early,Russell,1783,0,22.93,19.65,21.34,51.73,30.68,30.2,23.31,15.0,bearish_transition,25.0,bearish_proxy,22.5,38.75,0.0,22,confirmed_bearish_trend,42,mixed_or_bearish,27.01,7.03,1.17,-0.07560815,-0.06887417,-0.18492754,-0.08523097,,4H EMA 空头排列；4H MACD 尚未确认多头；4H RSI 偏弱
1848,CBRL,CRACKER BARREL OLD COUNTRY STORE I,Consumer Discretionary,Early,Russell,1785,0,22.97,19.65,15.57,51.73,30.68,30.2,23.27,18.0,bearish_transition,26.35,bearish_proxy,18.63,37.98,0.0,22,confirmed_bearish_trend,42,mixed_or_bearish,18.88,43.220001,2.08,-0.05777192,-0.15437292,-0.26851144,-0.24394297,,4H EMA 空头排列；4H MACD 尚未确认多头；4H RSI 偏弱
1849,EIKN,EIKON THERAPEUTICS,Health Care,Early,Russell,1794,0,23.03,25.9,14.02,51.73,30.68,30.2,23.05,18.0,bearish_transition,26.35,bearish_proxy,17.49,38.75,0.0,22,confirmed_bearish_trend,42,mixed_or_bearish,33.82,8.51,1.78,-0.14720914,-0.20689655,-0.18797710,-0.10983264,,4H EMA 空头排列；4H MACD 尚未确认多头；4H RSI 偏弱
1850,PWP,PERELLA WEINBERG PARTNERS CLASS A,Financials,Early,Russell,1796,0,22.89,19.65,14.64,51.73,30.68,30.2,23.03,18.0,bearish_transition,26.35,bearish_proxy,17.89,37.83,0.0,22,confirmed_bearish_trend,42,mixed_or_bearish,16.64,12.75,1.75,-0.04565868,-0.20560743,-0.23971377,-0.25219937,,4H EMA 空头排列；4H MACD 尚未确认多头；4H RSI 偏弱
1851,HTZ,HERTZ GLOBAL HLDGS INC,Industrials,Early,Russell,1797,0,22.8,25.9,20.15,51.73,30.68,30.2,22.95,15.0,bearish_transition,25.0,bearish_proxy,21.41,38.53,0.0,22,confirmed_bearish_trend,42,mixed_or_bearish,33.4,1.88,1.23,-0.04568528,-0.09178744,-0.13364055,0.23278689,,4H EMA 空头排列；4H MACD 尚未确认多头；4H RSI 偏弱
1852,SHAK,SHAKE SHACK INC CLASS A,Consumer Discretionary,Early,Russell,1811,0,22.66,19.65,18.04,51.73,30.68,30.2,22.53,15.0,bearish_transition,25.0,bearish_proxy,20.14,38.28,0.0,22,confirmed_bearish_trend,42,mixed_or_bearish,21.64,56.650002,1.49,-0.03779190,-0.10107899,-0.23631704,-0.14477651,,4H EMA 空头排列；4H MACD 尚未确认多头；4H RSI 偏弱
1853,RXST,RXSIGHT,Health Care,Early,Russell,1823,0,22.69,19.65,15.77,51.73,30.68,30.2,22.22,15.0,bearish_transition,25.0,bearish_proxy,18.72,38.99,0.0,22,confirmed_bearish_trend,42,mixed_or_bearish,29.68,5.4,1.4,-0.04761905,-0.14556962,-0.16730918,-0.13600000,,4H EMA 空头排列；4H MACD 尚未确认多头；4H RSI 偏弱
1854,OPEN,OPENDOOR TECHNOLOGIES CLASS A,Real Estate,Early,Russell,1824,0,22.6,19.65,11.24,51.73,30.68,30.2,22.17,18.0,bearish_transition,26.35,bearish_proxy,15.29,37.31,0.0,22,confirmed_bearish_trend,42,mixed_or_bearish,22.35,2.59,1.38,-0.02079395,-0.13666667,-0.26939351,-0.37363966,,4H EMA 空头排列；4H MACD 尚未确认多头；4H RSI 偏弱
1855,ATRO,ASTRONICS,Industrials,Early,Russell,1834,0,22.33,19.65,11.13,51.73,30.68,30.2,21.81,18.0,bearish_transition,25.0,bearish_proxy,15.23,37.3,0.0,22,confirmed_bearish_trend,42,mixed_or_bearish,29.36,66.279999,1.71,-0.01192610,-0.12339640,-0.28845950,-0.12368616,,4H EMA 空头排列；4H MACD 尚未确认多头；4H RSI 偏弱
1856,DRUG,BRIGHT MINDS BIOSCIENCES,Health Care,Early,Russell,1835,0,22.47,19.65,10.72,51.73,30.68,30.2,21.8,18.0,bearish_transition,25.0,bearish_proxy,14.72,38.19,0.0,22,confirmed_bearish_trend,42,mixed_or_bearish,25.71,59.110001,1.5,-0.00988275,-0.08879300,-0.26158652,-0.23895967,,4H EMA 空头排列；4H MACD 尚未确认多头；4H RSI 偏弱
1857,GSIT,GSI TECHNOLOGY INC,Information Technology,Early,Russell,1837,0,22.45,19.65,10.31,51.73,30.68,30.2,21.75,18.0,bearish_transition,26.35,bearish_proxy,14.01,37.05,0.0,22,confirmed_bearish_trend,42,mixed_or_bearish,26.08,4.805,1.82,-0.02774124,-0.14501779,-0.29129794,-0.29751462,,4H EMA 空头排列；4H MACD 尚未确认多头；4H RSI 偏弱
1858,MBC,MASTERBRAND,Industrials,Early,Russell,1840,0,22.44,19.65,10.21,51.73,30.68,30.2,21.7,18.0,bearish_transition,26.35,bearish_proxy,13.87,37.02,0.0,22,confirmed_bearish_trend,42,mixed_or_bearish,22.15,6.65,2.02,-0.04659498,-0.14743590,-0.26111111,-0.29852321,,4H EMA 空头排列；4H MACD 尚未确认多头；4H RSI 偏弱
1859,UAMY,UNITED STATES ANTIMONY CORP,Materials,Early,Russell,1844,0,22.31,25.9,13.3,51.73,30.68,30.2,21.51,15.0,bearish_transition,25.0,bearish_proxy,17.03,37.66,0.0,22,confirmed_bearish_trend,42,mixed_or_bearish,35.26,4.555,1.06,-0.01193059,-0.14218456,-0.18950178,-0.25693312,,4H EMA 空头排列；4H MACD 尚未确认多头；4H RSI 偏弱
1860,PCT,PURECYCLE TECHNOLOGIES,Materials,Early,Russell,1849,0,22.17,19.65,10.1,51.73,30.68,30.2,21.32,18.0,bearish_transition,25.0,bearish_proxy,13.74,37.0,0.0,22,confirmed_bearish_trend,42,mixed_or_bearish,30.37,5.52,1.4,-0.03072871,-0.11891460,-0.23492723,-0.23651452,,4H EMA 空头排列；4H MACD 尚未确认多头；4H RSI 偏弱
1861,CSIQ,CANADIAN SOLAR,Information Technology,Early,Russell,1852,0,22.28,19.65,9.07,51.73,30.68,30.2,21.24,18.0,bearish_transition,26.35,bearish_proxy,12.48,36.75,0.0,22,confirmed_bearish_trend,42,mixed_or_bearish,25.23,11.34,2.19,-0.07879773,-0.15750371,-0.23378378,-0.30853659,,4H EMA 空头排列；4H MACD 尚未确认多头；4H RSI 偏弱
1862,ENVA,ENOVA INTERNATIONAL,Financials,Early,Russell,1854,0,22.08,19.65,9.48,51.73,30.68,30.2,21.07,18.0,bearish_transition,25.0,bearish_proxy,12.98,36.85,0.0,22,confirmed_bearish_trend,42,mixed_or_bearish,14.26,172.149994,1.18,-0.00829542,-0.23157615,-0.34838566,-0.33218250,,4H EMA 空头排列；4H MACD 尚未确认多头；4H RSI 偏弱
1863,ARTV,ARTIVA BIOTHERAPEUTICS INC,Health Care,Early,Russell,1863,0,22.24,19.65,7.53,51.73,30.68,30.2,20.71,18.0,bearish_transition,26.35,bearish_proxy,10.4,37.33,0.0,22,confirmed_bearish_trend,42,mixed_or_bearish,20.78,8.6,1.43,-0.05029043,-0.20296571,-0.26761763,-0.22242315,,4H EMA 空头排列；4H MACD 尚未确认多头；4H RSI 偏弱
1864,ACLS,AXCELIS TECHNOLOGIES,Information Technology,Early,Russell,1864,0,22.01,25.9,10.52,51.73,30.68,30.2,20.61,15.0,bearish_transition,25.0,bearish_proxy,14.32,37.11,0.0,22,confirmed_bearish_trend,42,mixed_or_bearish,32.59,103.75,2.09,0.00067515,-0.10134255,-0.28016377,-0.25672533,,4H EMA 空头排列；4H MACD 尚未确认多头；4H RSI 偏弱
1865,FOA,FINANCE OF AMERICA COMPANIES INC C,Financials,Early,Russell,1865,0,21.93,19.65,10.0,51.73,30.68,30.2,20.39,15.0,bearish_transition,25.0,bearish_proxy,13.64,36.98,0.0,22,confirmed_bearish_trend,42,mixed_or_bearish,14.64,14.53,1.3,-0.03774834,-0.09187500,-0.31137441,-0.39077568,,4H EMA 空头排列；4H MACD 尚未确认多头；4H RSI 偏弱
1866,JBIO,JADE BIOSCIENCES,Health Care,Early,Russell,1869,0,22.11,19.65,6.91,51.73,30.68,30.2,20.34,18.0,bearish_transition,26.35,bearish_proxy,9.3,37.11,0.0,22,confirmed_bearish_trend,42,mixed_or_bearish,22.91,16.65,2.37,-0.04255314,-0.12598421,-0.29058369,-0.21904315,,4H EMA 空头排列；4H MACD 尚未确认多头；4H RSI 偏弱
1867,AVXL,ANAVEX LIFE SCIENCES CORP,Health Care,Early,Russell,1873,0,22.01,19.65,6.49,51.73,30.68,30.2,20.03,18.0,bearish_transition,26.35,bearish_proxy,8.34,36.92,0.0,22,confirmed_bearish_trend,42,mixed_or_bearish,23.27,2.36,1.95,-0.05410822,-0.14492754,-0.26708075,-0.25316456,,4H EMA 空头排列；4H MACD 尚未确认多头；4H RSI 偏弱
1868,CAMP,CAMP4 THERAPEUTICS CORP,Health Care,Early,Russell,1875,0,21.87,25.9,8.56,51.73,30.68,30.2,19.82,15.0,bearish_transition,25.0,bearish_proxy,11.46,37.54,0.0,22,confirmed_bearish_trend,42,mixed_or_bearish,37.8,3.86,1.23,-0.05507956,-0.11059908,-0.22645291,-0.07434053,,4H EMA 空头排列；4H MACD 尚未确认多头；4H RSI 偏弱
1869,KRUS,KURA SUSHI USA,Consumer Discretionary,Early,Russell,1885,0,21.64,19.65,6.08,51.73,30.68,30.2,19.36,18.0,bearish_transition,26.35,bearish_proxy,6.76,35.6,0.0,22,confirmed_bearish_trend,42,mixed_or_bearish,20.77,35.380001,1.55,-0.03333325,-0.15842055,-0.30148076,-0.26779799,,4H EMA 空头排列；4H MACD 尚未确认多头；4H RSI 偏弱
1870,NERV,MINERVA NEUROSCIENCES INC,Health Care,Early,Russell,1886,0,21.71,19.65,5.46,51.73,30.68,30.2,19.16,18.0,bearish_transition,26.35,bearish_proxy,5.72,36.39,0.0,22,confirmed_bearish_trend,42,mixed_or_bearish,28.4,3.485,2.07,-0.04651163,-0.15821256,-0.21420519,-0.13737624,,4H EMA 空头排列；4H MACD 尚未确认多头；4H RSI 偏弱
1871,MRAM,EVERSPIN TECHNOLOGIES INC,Information Technology,Early,Russell,1901,0,21.04,19.65,5.57,51.73,30.68,30.2,17.79,15.0,bearish_transition,25.0,bearish_proxy,5.77,35.4,0.0,22,confirmed_bearish_trend,42,mixed_or_bearish,31.89,14.37,1.11,-0.01033058,-0.14157706,-0.27643508,-0.17461229,,4H EMA 空头排列；4H MACD 尚未确认多头；4H RSI 偏弱
1872,ELTX,ELICIO THERAPEUTICS INC,Health Care,Early,Russell,1905,0,21.06,19.65,1.65,51.73,30.68,30.2,17.27,18.0,bearish_transition,26.35,bearish_proxy,0.0,35.25,0.0,22,confirmed_bearish_trend,42,mixed_or_bearish,9.39,1.77,1.51,-0.11055276,-0.18433180,-0.41390728,-0.44339623,,4H EMA 空头排列；4H MACD 尚未确认多头；4H RSI 偏弱
1873,KLRA,KAILERA THERAPEUTICS INC,Health Care,Early,Russell,1906,0,21.06,19.65,1.65,51.73,30.68,30.2,17.27,18.0,bearish_transition,26.35,bearish_proxy,0.0,35.25,0.0,22,confirmed_bearish_trend,42,mixed_or_bearish,23.5,12.7,2.13,-0.06651966,-0.14362778,-0.31388439,-0.29834254,,4H EMA 空头排列；4H MACD 尚未确认多头；4H RSI 偏弱
1874,RGNX,REGENXBIO,Health Care,Early,Russell,1908,0,21.0,25.9,4.54,51.73,30.68,30.2,17.26,15.0,bearish_transition,25.0,bearish_proxy,3.71,35.99,0.0,22,confirmed_bearish_trend,42,mixed_or_bearish,33.19,7.98,1.18,0.01529301,-0.08381171,-0.29567520,-0.22561863,,4H EMA 空头排列；4H MACD 尚未确认多头；4H RSI 偏弱
1875,FLNC,FLUENCE ENERGY INC CLASS A,Industrials,Early,Russell,1919,0,20.07,19.65,5.26,51.73,30.68,30.2,16.48,15.0,bearish_transition,20.0,fresh_bearish_cross_proxy,5.57,35.36,0.0,22,confirmed_bearish_trend,42,mixed_or_bearish,29.88,9.05,1.36,-0.03518124,-0.10440376,-0.28288431,-0.42246331,,4H EMA 空头排列；4H MACD 尚未确认多头；4H RSI 偏弱
1876,AREC,AMERICAN RESOURCES CORP CLASS A,Energy,Early,Russell,1927,0,20.4,19.65,1.65,51.73,30.68,30.2,15.89,15.0,bearish_transition,25.0,bearish_proxy,0.0,34.25,0.0,22,confirmed_bearish_trend,42,mixed_or_bearish,25.41,1.95,1.37,-0.04176904,-0.15766739,-0.33673469,-0.03917221,,4H EMA 空头排列；4H MACD 尚未确认多头；4H RSI 偏弱
1877,NMRA,NEUMORA THERAPEUTICS INC,Health Care,Early,Russell,1940,0,20.06,19.65,1.65,3.27,30.68,30.2,13.94,18.0,bearish_transition,25.0,bearish_proxy,0.0,35.25,3.0,22,confirmed_bearish_trend,42,mixed_or_bearish,10.34,0.7732,2.5,-0.12156328,-0.35297071,-0.48624585,-0.51523511,,4H EMA 空头排列；4H MACD 尚未确认多头；4H RSI 偏弱
1878,ARRY,ARRAY TECHNOLOGIES INC,Industrials,Early,Russell,1024,0,28.5,25.9,37.63,51.73,29.87,29.3,32.04,15.0,bearish_transition,49.8,bullish_below_zero_proxy,30.16,40.28,0.0,22,confirmed_bearish_trend,42,mixed_or_bearish,34.06,4.2,0.97,-0.03559127,-0.06145251,-0.15662651,-0.30058285,,4H EMA 空头排列；4H MACD 尚未确认多头；4H RSI 偏弱
1879,TTI,TETRA TECHNOLOGIES,Energy,Early,Russell,1436,0,27.22,19.65,15.98,51.73,29.87,29.3,28.29,15.0,bearish_transition,49.8,bullish_below_zero_proxy,18.79,38.01,0.0,22,confirmed_bearish_trend,42,mixed_or_bearish,29.86,6.27,0.87,-0.04927976,-0.11252654,-0.25357143,-0.27514451,,4H EMA 空头排列；4H MACD 尚未确认多头；4H RSI 偏弱
1880,IPSC,CENTURY THERAPEUTICS,Health Care,Early,Russell,1476,0,24.71,25.9,45.82,51.73,29.87,29.3,27.97,18.0,bearish_transition,26.35,bearish_proxy,32.42,41.73,0.0,22,confirmed_bearish_trend,42,mixed_or_bearish,35.46,1.86,0.87,-0.03875969,-0.08599509,-0.04615385,-0.07462687,,4H EMA 空头排列；4H MACD 尚未确认多头；4H RSI 偏弱
1881,BLND,BLEND LABS CLASS A,Information Technology,Early,Russell,1477,0,24.52,19.65,61.96,51.73,29.87,29.3,27.97,15.0,bearish_transition,25.0,bearish_proxy,36.6,41.57,0.0,22,confirmed_bearish_trend,42,mixed_or_bearish,31.57,1.335,0.86,-0.04982206,-0.06315789,-0.10402685,-0.33082707,,4H EMA 空头排列；4H MACD 尚未确认多头；4H RSI 偏弱
1882,TLS,TELOS CORPORATION CORP,Information Technology,Early,Russell,1484,0,24.49,25.9,61.55,51.73,29.87,29.3,27.9,15.0,bearish_transition,25.0,bearish_proxy,36.42,41.53,0.0,22,confirmed_bearish_trend,42,mixed_or_bearish,37.25,4.08,1.0,-0.03317536,-0.11688312,-0.07272727,-0.16649642,,4H EMA 空头排列；4H MACD 尚未确认多头；4H RSI 偏弱
1883,RMNI,RIMINI STREET INC,Information Technology,Early,Russell,1509,0,24.4,19.65,58.25,51.73,29.87,29.3,27.62,15.0,bearish_transition,25.0,bearish_proxy,35.56,41.36,0.0,22,confirmed_bearish_trend,42,mixed_or_bearish,31.18,4.47,0.98,-0.03036876,-0.02826087,-0.09969789,-0.09422492,,4H EMA 空头排列；4H MACD 尚未确认多头；4H RSI 偏弱
1884,PLUG,PLUG POWER,Industrials,Early,Russell,1528,0,24.32,25.9,55.77,51.73,29.87,29.3,27.39,15.0,bearish_transition,25.0,bearish_proxy,34.87,41.22,0.0,22,confirmed_bearish_trend,42,mixed_or_bearish,37.11,2.02,1.04,-0.01941748,-0.06916732,-0.11208791,-0.06697460,,4H EMA 空头排列；4H MACD 尚未确认多头；4H RSI 偏弱
1885,BNED,BARNES AND NOBLE EDUCATION INC,Consumer Discretionary,Early,Russell,1530,0,24.31,19.65,55.26,51.73,29.87,29.3,27.37,15.0,bearish_transition,25.0,bearish_proxy,34.79,41.21,0.0,22,confirmed_bearish_trend,42,mixed_or_bearish,31.2,10.47,0.71,-0.02740362,-0.03679853,-0.11794440,-0.18900077,,4H EMA 空头排列；4H MACD 尚未确认多头；4H RSI 偏弱
1886,CMPR,CIMPRESS PLC,Industrials,Early,Russell,1566,0,24.18,19.65,50.31,51.73,29.87,29.3,26.97,15.0,bearish_transition,25.0,bearish_proxy,33.58,40.97,0.0,22,confirmed_bearish_trend,42,mixed_or_bearish,30.6,81.5,0.74,-0.02523623,-0.04309027,-0.11239381,-0.20576912,,4H EMA 空头排列；4H MACD 尚未确认多头；4H RSI 偏弱
1887,UNCY,UNICYCIVE THERAPEUTICS INC,Health Care,Early,Russell,1626,0,24.07,25.9,40.88,51.73,29.87,29.3,26.27,15.0,bearish_transition,25.0,bearish_proxy,31.0,41.45,0.0,22,confirmed_bearish_trend,42,mixed_or_bearish,34.31,4.78,0.6,0.00209644,-0.07003891,-0.14183124,-0.07454017,,4H EMA 空头排列；4H MACD 尚未确认多头；4H RSI 偏弱
1888,IMVT,IMMUNOVANT,Health Care,Early,Russell,1655,0,23.95,19.65,36.91,51.73,29.87,29.3,25.9,15.0,bearish_transition,25.0,bearish_proxy,29.9,41.23,0.0,22,confirmed_bearish_trend,42,mixed_or_bearish,31.2,36.380001,0.84,-0.00356059,-0.06116126,-0.16820996,-0.07547642,,4H EMA 空头排列；4H MACD 尚未确认多头；4H RSI 偏弱
1889,MNPR,MONOPAR THERAPEUTICS,Health Care,Early,Russell,1656,0,23.94,19.65,36.7,51.73,29.87,29.3,25.89,15.0,bearish_transition,25.0,bearish_proxy,29.86,41.22,0.0,22,confirmed_bearish_trend,42,mixed_or_bearish,25.98,101.449997,0.72,-0.02872188,-0.09573050,-0.13119809,-0.14286925,,4H EMA 空头排列；4H MACD 尚未确认多头；4H RSI 偏弱
1890,WNC,WABASH NATIONAL,Industrials,Early,Russell,1661,0,23.8,25.9,37.94,51.73,29.87,29.3,25.86,15.0,bearish_transition,25.0,bearish_proxy,30.21,40.29,0.0,22,confirmed_bearish_trend,42,mixed_or_bearish,32.75,11.84,0.98,-0.05052125,-0.09062980,-0.07064364,-0.04669887,,4H EMA 空头排列；4H MACD 尚未确认多头；4H RSI 偏弱
1891,GPGI,GPGI INC CLASS A,Information Technology,Early,Russell,1671,0,23.75,25.9,36.49,51.73,29.87,29.3,25.73,15.0,bearish_transition,25.0,bearish_proxy,29.83,40.22,0.0,22,confirmed_bearish_trend,42,mixed_or_bearish,33.18,11.915,0.66,-0.01934156,-0.10949178,-0.09666414,-0.23768394,,4H EMA 空头排列；4H MACD 尚未确认多头；4H RSI 偏弱
1892,DNLI,DENALI THERAPEUTICS,Health Care,Early,Russell,1693,0,23.72,19.65,31.44,51.73,29.87,29.3,25.25,15.0,bearish_transition,25.0,bearish_proxy,27.91,40.83,0.0,22,confirmed_bearish_trend,42,mixed_or_bearish,21.24,20.059999,1.02,-0.01907100,-0.07086619,-0.17618074,-0.17004555,,4H EMA 空头排列；4H MACD 尚未确认多头；4H RSI 偏弱
1893,ONL,ORION PROPERTIES,Real Estate,Early,Russell,1695,0,23.59,19.65,33.09,51.73,29.87,29.3,25.24,15.0,bearish_transition,25.0,bearish_proxy,28.34,39.92,0.0,22,confirmed_bearish_trend,42,mixed_or_bearish,21.7,2.435,0.81,-0.01417004,-0.06883365,-0.14260563,-0.10477941,,4H EMA 空头排列；4H MACD 尚未确认多头；4H RSI 偏弱
1894,HPP,HUDSON PACIFIC PROPERTIES REIT,Real Estate,Early,Russell,1699,0,23.56,19.65,32.16,51.73,29.87,29.3,25.16,15.0,bearish_transition,25.0,bearish_proxy,28.1,39.87,0.0,22,confirmed_bearish_trend,42,mixed_or_bearish,31.82,11.41,0.9,-0.01382887,-0.04238355,-0.17318841,-0.18441744,,4H EMA 空头排列；4H MACD 尚未确认多头；4H RSI 偏弱
1895,BRCB,BLACK ROCK COFFEE BAR CLASS A,Consumer Discretionary,Early,Russell,1706,0,23.5,19.65,30.88,51.73,29.87,29.3,24.99,15.0,bearish_transition,25.0,bearish_proxy,27.57,39.76,0.0,22,confirmed_bearish_trend,42,mixed_or_bearish,23.75,6.9,0.8,-0.04432133,-0.21945701,-0.12436548,-0.14392060,,4H EMA 空头排列；4H MACD 尚未确认多头；4H RSI 偏弱
1896,ORGO,ORGANOGENESIS HOLDINGS CLASS A,Health Care,Early,Russell,1721,0,23.55,19.65,27.84,51.73,29.87,29.3,24.75,15.0,bearish_transition,25.0,bearish_proxy,26.4,40.53,0.0,22,confirmed_bearish_trend,42,mixed_or_bearish,28.66,1.39,0.83,-0.06081081,-0.12025316,-0.19653179,-0.41226216,,4H EMA 空头排列；4H MACD 尚未确认多头；4H RSI 偏弱
1897,AIRS,AIRSCULPT TECHNOLOGIES INC,Health Care,Early,Russell,1754,0,25.88,19.65,5.05,51.73,29.87,29.3,23.96,15.0,bearish_transition,49.8,bullish_below_zero_proxy,5.23,36.3,0.0,22,confirmed_bearish_trend,42,mixed_or_bearish,27.94,2.105,0.74,-0.06651885,-0.19348659,-0.31700195,-0.57603223,,4H EMA 空头排列；4H MACD 尚未确认多头；4H RSI 偏弱
1898,EVH,EVOLENT HEALTH CLASS A,Health Care,Early,Russell,1775,0,23.14,19.65,21.65,51.73,29.87,29.3,23.54,15.0,bearish_transition,25.0,bearish_proxy,22.75,39.8,0.0,22,confirmed_bearish_trend,42,mixed_or_bearish,27.85,3.745,0.89,-0.04342273,-0.09759036,-0.15079365,0.21197411,,4H EMA 空头排列；4H MACD 尚未确认多头；4H RSI 偏弱
1899,ONEW,ONEWATER MARINE CLASS A INC,Consumer Discretionary,Early,Russell,1793,0,22.84,19.65,20.62,51.73,29.87,29.3,23.06,15.0,bearish_transition,25.0,bearish_proxy,21.75,38.6,0.0,22,confirmed_bearish_trend,42,mixed_or_bearish,21.45,9.53,0.92,-0.06842620,-0.15213523,-0.16986063,-0.25604996,,4H EMA 空头排列；4H MACD 尚未确认多头；4H RSI 偏弱
1900,IDN,INTELLICHECK INC,Information Technology,Early,Russell,1800,0,22.25,19.65,24.64,51.73,29.87,29.3,22.86,15.0,bearish_transition,20.0,fresh_bearish_cross_proxy,24.9,39.23,0.0,22,confirmed_bearish_trend,42,mixed_or_bearish,20.72,2.38,0.72,-0.04225352,-0.10526316,-0.19594595,-0.38659794,,4H EMA 空头排列；4H MACD 尚未确认多头；4H RSI 偏弱
1901,CABA,CABALETTA BIO,Health Care,Early,Russell,1801,0,22.89,19.65,18.66,51.73,29.87,29.3,22.8,15.0,bearish_transition,25.0,bearish_proxy,20.5,39.35,0.0,22,confirmed_bearish_trend,42,mixed_or_bearish,31.32,2.49,0.89,-0.04780115,-0.14285714,-0.14137931,-0.10108303,,4H EMA 空头排列；4H MACD 尚未确认多头；4H RSI 偏弱
1902,ZURA,ZURA BIO LTD CLASS A,Health Care,Early,Russell,1805,0,22.86,19.65,18.14,51.73,29.87,29.3,22.7,15.0,bearish_transition,25.0,bearish_proxy,20.18,39.29,0.0,22,confirmed_bearish_trend,42,mixed_or_bearish,24.89,4.61,0.81,-0.04948454,-0.19335083,-0.18838028,-0.19051800,,4H EMA 空头排列；4H MACD 尚未确认多头；4H RSI 偏弱
1903,JOBY,JOBY AVIATION CLASS A,Industrials,Early,Russell,1810,0,22.68,19.65,18.25,51.73,29.87,29.3,22.59,15.0,bearish_transition,25.0,bearish_proxy,20.33,38.32,0.0,22,confirmed_bearish_trend,42,mixed_or_bearish,26.6,6.08,0.98,-0.03184713,-0.05369650,-0.23183828,-0.23857232,,4H EMA 空头排列；4H MACD 尚未确认多头；4H RSI 偏弱
1904,PLAY,DAVE AND BUSTERS ENTERTAINMENT,Consumer Discretionary,Early,Russell,1818,0,22.63,19.65,11.65,51.73,29.87,29.3,22.27,18.0,bearish_transition,26.35,bearish_proxy,15.59,37.37,0.0,22,confirmed_bearish_trend,42,mixed_or_bearish,28.02,6.86,0.9,-0.00145560,-0.16136919,-0.32480315,-0.35344015,,4H EMA 空头排列；4H MACD 尚未确认多头；4H RSI 偏弱
1905,FLWS,1-800 FLOWERS.COM CLASS A,Consumer Discretionary,Early,Russell,1868,0,21.84,19.65,7.73,51.73,29.87,29.3,20.35,18.0,bearish_transition,25.0,bearish_proxy,10.79,36.41,0.0,22,confirmed_bearish_trend,42,mixed_or_bearish,27.41,2.715,0.97,-0.08277027,-0.22206304,-0.32125000,-0.34021871,,4H EMA 空头排列；4H MACD 尚未确认多头；4H RSI 偏弱
1906,JACK,JACK IN THE BOX INC,Consumer Discretionary,Early,Russell,1878,0,21.71,19.65,8.76,51.73,29.87,29.3,19.73,15.0,bearish_transition,25.0,bearish_proxy,11.64,36.58,0.0,22,confirmed_bearish_trend,42,mixed_or_bearish,25.14,13.21,1.05,-0.04689755,-0.10682894,-0.22748538,-0.23553245,,4H EMA 空头排列；4H MACD 尚未确认多头；4H RSI 偏弱
1907,UPB,UPSTREAM BIO,Health Care,Early,Russell,1883,0,21.74,19.65,7.32,51.73,29.87,29.3,19.43,15.0,bearish_transition,25.0,bearish_proxy,10.29,37.31,0.0,22,confirmed_bearish_trend,42,mixed_or_bearish,27.86,5.33,0.71,-0.03790614,-0.10720268,-0.25245442,-0.21444363,,4H EMA 空头排列；4H MACD 尚未确认多头；4H RSI 偏弱
1908,UP,WHEELS UP EXPERIENCE CLASS A,Industrials,Early,Russell,1902,0,21.07,19.65,3.4,51.73,29.87,29.3,17.7,18.0,bearish_transition,26.35,bearish_proxy,1.75,34.6,0.0,22,confirmed_bearish_trend,42,mixed_or_bearish,14.74,3.16,0.94,-0.06398104,-0.21975309,-0.35245902,-0.45043478,,4H EMA 空头排列；4H MACD 尚未确认多头；4H RSI 偏弱
1909,RFIL,RF INDUSTRIES LTD,Information Technology,Early,Russell,1918,0,20.66,19.65,3.61,51.73,29.87,29.3,16.65,15.0,bearish_transition,25.0,bearish_proxy,2.33,34.72,0.0,22,confirmed_bearish_trend,42,mixed_or_bearish,26.14,8.2,1.0,0.01234568,-0.19713318,-0.38942666,-0.40230187,,4H EMA 空头排列；4H MACD 尚未确认多头；4H RSI 偏弱
1910,EVMN,EVOMMUNE,Health Care,Early,Russell,1924,0,20.59,19.65,1.65,51.73,29.87,29.3,16.04,15.0,bearish_transition,25.0,bearish_proxy,0.0,35.25,0.0,22,confirmed_bearish_trend,42,mixed_or_bearish,21.05,9.38,0.7,-0.06480558,-0.13308688,-0.34082923,-0.28342246,,4H EMA 空头排列；4H MACD 尚未确认多头；4H RSI 偏弱
1911,NTST,NETSTREIT,Real Estate,Early,Russell,1438,0,24.68,19.65,51.55,51.73,29.64,29.05,28.28,18.0,bearish_transition,26.35,bearish_proxy,33.81,41.01,0.0,22,confirmed_bearish_trend,42,mixed_or_bearish,13.71,18.25,4.6,-0.05293202,-0.08932140,-0.10692435,-0.13466098,,4H EMA 空头排列；4H MACD 尚未确认多头；4H RSI 偏弱
1912,INSE,INSPIRED ENTERTAINMENT INC,Consumer Discretionary,Early,Russell,1495,0,24.53,19.65,45.98,51.73,29.64,29.05,27.83,18.0,bearish_transition,26.35,bearish_proxy,32.45,40.74,0.0,22,confirmed_bearish_trend,42,mixed_or_bearish,30.62,4.91,2.82,-0.03855568,-0.08736059,-0.18573798,-0.28633721,,4H EMA 空头排列；4H MACD 尚未确认多头；4H RSI 偏弱
1913,ELVN,ENLIVEN THERAPEUTICS,Health Care,Early,Russell,1605,0,24.08,19.65,34.74,51.73,29.64,29.05,26.53,18.0,bearish_transition,25.0,bearish_proxy,29.07,41.06,0.0,22,confirmed_bearish_trend,42,mixed_or_bearish,19.46,49.119999,2.59,-0.07669177,-0.14559058,-0.17431506,-0.19594043,,4H EMA 空头排列；4H MACD 尚未确认多头；4H RSI 偏弱
1914,TFIN,TRIUMPH FINANCIAL,Financials,Early,Russell,1652,0,23.88,19.65,28.51,51.73,29.64,29.05,25.93,18.0,bearish_transition,26.35,bearish_proxy,26.68,39.59,0.0,22,confirmed_bearish_trend,42,mixed_or_bearish,21.41,63.634998,2.54,-0.02009553,-0.03889142,-0.18175388,-0.20276875,,4H EMA 空头排列；4H MACD 尚未确认多头；4H RSI 偏弱
1915,PII,POLARIS INC,Consumer Discretionary,Early,Russell,1660,0,23.86,19.65,28.04,51.73,29.64,29.05,25.86,18.0,bearish_transition,26.35,bearish_proxy,26.48,39.55,0.0,22,confirmed_bearish_trend,42,mixed_or_bearish,25.57,55.290001,3.08,-0.04697058,-0.06699286,-0.19107531,-0.25020338,,4H EMA 空头排列；4H MACD 尚未确认多头；4H RSI 偏弱
1916,SANA,SANA BIOTECHNOLOGY,Health Care,Early,Russell,1760,0,23.18,19.65,19.59,51.73,29.64,29.05,23.88,18.0,bearish_transition,25.0,bearish_proxy,21.03,39.46,0.0,22,confirmed_bearish_trend,42,mixed_or_bearish,25.52,2.92,5.23,-0.06858054,-0.07594937,-0.20867209,-0.13864307,,4H EMA 空头排列；4H MACD 尚未确认多头；4H RSI 偏弱
1917,PALI,PALISADE BIO INC,Health Care,Early,Russell,1787,0,22.95,19.65,16.39,51.73,29.64,29.05,23.21,18.0,bearish_transition,25.0,bearish_proxy,19.01,39.05,0.0,22,confirmed_bearish_trend,42,mixed_or_bearish,25.95,1.69,2.78,-0.16129032,-0.17560976,-0.21939954,-0.18750000,,4H EMA 空头排列；4H MACD 尚未确认多头；4H RSI 偏弱
1918,ALHC,ALIGNMENT HEALTHCARE,Health Care,Early,Russell,1899,0,21.15,19.65,3.81,51.73,29.64,29.05,17.93,18.0,bearish_transition,25.0,bearish_proxy,2.99,35.85,0.0,22,confirmed_bearish_trend,42,mixed_or_bearish,16.91,8.71,2.65,-0.14229444,-0.33051499,-0.35241636,-0.35576923,,4H EMA 空头排列；4H MACD 尚未确认多头；4H RSI 偏弱
1919,RCAT,RED CAT HOLDINGS INC,Industrials,Early,Russell,1939,0,20.25,19.65,4.02,3.27,29.64,29.05,14.91,18.0,bearish_transition,25.0,bearish_proxy,3.4,34.93,3.0,22,confirmed_bearish_trend,42,mixed_or_bearish,29.16,7.095,2.77,-0.12081784,-0.12784266,-0.31975072,-0.19888442,,4H EMA 空头排列；4H MACD 尚未确认多头；4H RSI 偏弱
1920,ARMP,ARMATA PHARMACEUTICALS,Health Care,Early,Russell,963,0,26.49,19.65,34.59,51.73,29.15,28.5,33.35,15.0,bearish_transition,25.0,bearish_proxy,52.45,45.74,0.0,22,confirmed_bearish_trend,42,mixed_or_bearish,31.26,4.08,0.39,-0.10054893,-0.24723247,-0.10329670,-0.12258065,,4H EMA 空头排列；4H MACD 尚未确认多头；4H RSI 偏弱
1921,WOOF,PETCO HEALTH AND WELLNESS COMPANY,Consumer Discretionary,Early,Russell,1714,0,23.47,25.9,29.79,51.73,29.15,28.5,24.89,15.0,bearish_transition,25.0,bearish_proxy,27.28,39.71,0.0,22,confirmed_bearish_trend,42,mixed_or_bearish,34.73,2.35,0.37,-0.01673640,-0.05241935,-0.13284133,-0.20608108,,4H EMA 空头排列；4H MACD 尚未确认多头；4H RSI 偏弱
1922,INSG,INSEEGO,Information Technology,Early,Russell,947,0,29.09,29.3,57.63,51.73,29.06,28.4,33.77,15.0,bearish_transition,49.8,bullish_below_zero_proxy,35.42,41.33,0.0,22,confirmed_bearish_trend,28,fresh_bearish_cross,40.87,4.11,1.2,0.00241458,-0.04195804,-0.09868421,-0.46899225,,4H EMA 空头排列；4H MACD 最近死叉
1923,GOGO,GOGO,Communication,Early,Russell,983,0,28.8,29.3,47.58,51.73,28.25,27.5,32.93,15.0,bearish_transition,49.8,bullish_below_zero_proxy,32.85,40.82,0.0,22,confirmed_bearish_trend,28,fresh_bearish_cross,41.61,2.55,0.83,-0.00778210,-0.01544402,-0.05555556,-0.45396146,,4H EMA 空头排列；4H MACD 最近死叉
1924,NUS,NU SKIN ENTERPRISES CLASS A,Consumer Staples,Early,Russell,669,0,30.43,22.3,75.46,51.73,26.9,26.0,37.28,15.0,bearish_transition,49.8,bullish_below_zero_proxy,45.59,44.37,0.0,22,confirmed_bearish_trend,28,fresh_bearish_cross,37.8,4.58,1.41,-0.04483837,-0.05664264,-0.01927195,-0.13990610,,4H EMA 空头排列；4H MACD 最近死叉；4H RSI 偏弱
1925,CMTG,CLAROS MORTGAGE TRUST INC,Financials,Early,Russell,923,0,29.32,22.3,48.97,51.73,26.9,26.0,34.26,18.0,bearish_transition,51.15,bullish_below_zero_proxy,33.13,40.88,0.0,22,confirmed_bearish_trend,28,fresh_bearish_cross,33.39,1.45,1.18,-0.03333333,-0.07643312,-0.17142857,-0.16905444,,4H EMA 空头排列；4H MACD 最近死叉；4H RSI 偏弱
1926,XPER,XPERI INC,Information Technology,Early,Russell,999,0,28.65,16.05,41.75,51.73,26.9,26.0,32.46,15.0,bearish_transition,49.8,bullish_below_zero_proxy,31.43,40.54,0.0,22,confirmed_bearish_trend,28,fresh_bearish_cross,30.01,5.52,1.76,-0.00897666,-0.05317324,-0.14946071,-0.30478589,,4H EMA 空头排列；4H MACD 最近死叉；4H RSI 偏弱
1927,IHRT,IHEARTMEDIA CLASS A,Communication,Early,Russell,1005,0,28.6,22.3,41.19,51.73,26.9,26.0,32.33,15.0,bearish_transition,49.8,bullish_below_zero_proxy,31.05,40.46,0.0,22,confirmed_bearish_trend,28,fresh_bearish_cross,35.76,2.55,1.25,-0.04135338,-0.01353965,-0.13851351,-0.33680104,,4H EMA 空头排列；4H MACD 最近死叉；4H RSI 偏弱
1928,PAL,PROFICIENT AUTO LOGISTICS INC,Industrials,Early,Russell,1063,0,28.41,22.3,24.95,51.73,26.9,26.0,31.6,18.0,bearish_transition,51.15,bullish_below_zero_proxy,25.08,39.27,0.0,22,confirmed_bearish_trend,28,fresh_bearish_cross,37.95,4.77,1.71,-0.00313480,-0.04980080,-0.19015280,-0.33080808,,4H EMA 空头排列；4H MACD 最近死叉；4H RSI 偏弱
1929,ESRT,EMPIRE STATE REALTY REIT CLASS A,Real Estate,Early,Russell,1114,0,25.6,16.05,94.79,51.73,26.9,26.0,30.99,18.0,bearish_transition,26.35,bearish_proxy,42.01,42.65,0.0,22,confirmed_bearish_trend,28,fresh_bearish_cross,23.68,4.08,1.8,-0.04447411,-0.03773585,-0.12446352,-0.17408907,,4H EMA 空头排列；4H MACD 最近死叉；4H RSI 偏弱
1930,QUIK,QUICKLOGIC CORP,Information Technology,Early,Russell,1123,0,28.19,16.05,22.47,51.73,26.9,26.0,30.94,18.0,bearish_transition,51.15,bullish_below_zero_proxy,23.08,38.87,0.0,22,confirmed_bearish_trend,28,fresh_bearish_cross,31.31,10.01,1.39,-0.01766438,-0.06797020,-0.20744260,-0.31625683,,4H EMA 空头排列；4H MACD 最近死叉；4H RSI 偏弱
1931,FWRD,FORWARD AIR CORP,Industrials,Early,Russell,1777,0,22.98,22.3,22.16,51.73,26.9,26.0,23.48,15.0,bearish_transition,25.0,bearish_proxy,22.99,38.85,0.0,22,confirmed_bearish_trend,28,fresh_bearish_cross,32.77,15.49,1.26,-0.06064281,-0.05375693,-0.19824017,0.01175702,,4H EMA 空头排列；4H MACD 最近死叉；4H RSI 偏弱
1932,EVEX,EVE HOLDING,Industrials,Early,Russell,1814,0,22.63,16.05,17.42,51.73,26.9,26.0,22.43,15.0,bearish_transition,25.0,bearish_proxy,19.82,38.21,0.0,22,confirmed_bearish_trend,28,fresh_bearish_cross,26.74,1.995,1.36,-0.06117647,-0.06993007,-0.24716981,-0.30244755,,4H EMA 空头排列；4H MACD 最近死叉；4H RSI 偏弱
1933,CDXS,CODEXIS,Health Care,Early,Russell,1853,0,21.81,16.05,16.7,51.73,26.9,26.0,21.16,15.0,bearish_transition,20.0,fresh_bearish_cross_proxy,19.31,39.11,0.0,22,confirmed_bearish_trend,28,fresh_bearish_cross,31.67,1.34,1.19,-0.07586207,-0.06620209,-0.15987461,-0.05964912,,4H EMA 空头排列；4H MACD 最近死叉；4H RSI 偏弱
1934,ARKO,ARKO,Consumer Discretionary,Early,Russell,929,0,29.22,22.3,61.86,51.73,26.09,25.1,34.15,15.0,bearish_transition,49.8,bullish_below_zero_proxy,36.55,41.56,0.0,22,confirmed_bearish_trend,28,fresh_bearish_cross,36.61,4.35,0.73,-0.01916573,-0.01805869,-0.10309278,-0.41961308,,4H EMA 空头排列；4H MACD 最近死叉；4H RSI 偏弱
1935,MAX,MEDIAALPHA CLASS A,Communication,Early,Russell,1581,0,24.11,16.05,48.45,51.73,26.09,25.1,26.79,15.0,bearish_transition,25.0,bearish_proxy,33.03,40.86,0.0,22,confirmed_bearish_trend,28,fresh_bearish_cross,28.43,11.06,0.95,-0.04572908,-0.04407952,-0.12913386,-0.10734463,,4H EMA 空头排列；4H MACD 最近死叉；4H RSI 偏弱
1936,RRR,RED ROCK RESORTS ORS CLASS A,Consumer Discretionary,Early,Russell,1619,0,23.98,16.05,43.2,51.73,26.09,25.1,26.4,15.0,bearish_transition,25.0,bearish_proxy,31.85,40.62,0.0,22,confirmed_bearish_trend,28,fresh_bearish_cross,28.64,53.279999,0.76,-0.01950683,-0.03162488,-0.15762847,-0.17048114,,4H EMA 空头排列；4H MACD 最近死叉；4H RSI 偏弱
1937,BBAI,BIGBEAR.AI HOLDINGS,Information Technology,Early,Russell,1657,0,23.81,16.05,38.56,51.73,26.09,25.1,25.89,15.0,bearish_transition,25.0,bearish_proxy,30.32,40.31,0.0,22,confirmed_bearish_trend,28,fresh_bearish_cross,30.05,2.7399,0.93,-0.03521251,-0.02840426,-0.14777605,-0.13019048,,4H EMA 空头排列；4H MACD 最近死叉；4H RSI 偏弱
1938,RXO,RXO INC,Industrials,Early,Russell,1727,0,23.38,22.3,28.25,51.73,26.09,25.1,24.65,15.0,bearish_transition,25.0,bearish_proxy,26.55,39.56,0.0,22,confirmed_bearish_trend,28,fresh_bearish_cross,33.62,19.08,1.01,-0.02528741,-0.04742890,-0.18635398,-0.13821134,,4H EMA 空头排列；4H MACD 最近死叉；4H RSI 偏弱
1939,TARA,PROTARA THERAPEUTICS INC,Health Care,Early,Russell,1375,0,25.15,22.3,78.09,3.27,25.87,24.85,28.88,18.0,bearish_transition,25.0,bearish_proxy,45.29,44.31,3.0,22,confirmed_bearish_trend,28,fresh_bearish_cross,34.3,3.62,4.85,-0.05851756,-0.05606258,-0.09045226,-0.09725686,,4H EMA 空头排列；4H MACD 最近死叉；4H RSI 偏弱
1940,RBBN,RIBBON COMMUNICATIONS,Information Technology,Early,Russell,1764,0,23.27,16.05,38.09,3.27,25.87,24.85,23.76,18.0,bearish_transition,25.0,bearish_proxy,30.22,40.29,3.0,22,confirmed_bearish_trend,28,fresh_bearish_cross,24.15,1.64,4.75,-0.13456464,-0.16962025,-0.21153846,-0.24597701,,4H EMA 空头排列；4H MACD 最近死叉；4H RSI 偏弱
