rank,ticker,name,sector,daily_strategy,daily_universe,daily_rank,calibrated_score,daily_setup_score,h4_timing_score,cat_mid_score,risk_score,4h_signal_score,4h_technical_score,early_signal_score,daily_ema_score,daily_ema_state,daily_macd_score,daily_macd_state,cat_score,prism_score,overheat_penalty,ema_score,ema_state,macd_score,macd_state,rsi14,latest_price,volume_ratio,return_3_blocks,return_1w,return_1m,return_60_blocks,reasons,risks
1,CXT,CRANE NXT,Information Technology,Prism,Russell,1074,75.93,40.5,90.4,97.28,50.0,67.76,71.4,,,,,,44.42,43.13,,92,fresh_bullish_cross,66,bullish_above_signal,56.16,50.740002,0.49,0.02608698,0.03213999,-0.01437448,-0.07035544,4H EMA9/26 最近金叉且价格在 EMA50 上方；4H MACD 位于 Signal 上方；4H MACD 柱体连续扩张；4H RSI 位于健康强势区间,
2,EWTX,EDGEWISE THERAPEUTICS,Health Care,Prism,Russell,673,75.86,40.89,90.4,95.95,50.0,66.41,69.9,,,,,,44.28,44.11,,94,fresh_bullish_cross,58,bullish_above_signal,52.38,43.48,0.13,-0.01762309,0.02886896,-0.02478410,0.07890822,4H EMA9/26 最近金叉且价格在 EMA50 上方；4H MACD 位于 Signal 上方；4H RSI 位于健康强势区间,
3,FUNC,FIRST UNITED CORP,Financials,Prism,Russell,1039,75.13,40.53,87.7,99.13,50.0,58.31,60.9,,,,,,44.73,43.2,,74,early_transition,58,bullish_above_signal,48.2,43.615002,0.02,-0.01546269,0.02334592,-0.01657263,-0.03634547,4H EMA9 已站上 EMA26，等待 26/50 确认；4H MACD 位于 Signal 上方；4H RSI 位于健康强势区间,
4,LGND,LIGAND PHARMACEUTICALS,Health Care,Prism,Russell,708,75.09,40.84,90.4,90.92,50.0,67.76,71.4,,,,,,43.64,43.98,,92,fresh_bullish_cross,66,bullish_above_signal,54.97,289.940094,0.23,0.02597342,0.02235574,-0.01854959,-0.02275071,4H EMA9/26 最近金叉且价格在 EMA50 上方；4H MACD 位于 Signal 上方；4H MACD 柱体连续扩张；4H RSI 位于健康强势区间,
5,GTX,GARRETT MOTION,Consumer Discretionary,Prism,Russell,1034,75.07,40.53,87.7,98.72,50.0,58.31,60.9,,,,,,44.77,43.2,,74,early_transition,58,bullish_above_signal,49.92,27.5,0.16,-0.02895480,0.03305781,-0.05188757,-0.08011373,4H EMA9 已站上 EMA26，等待 26/50 确认；4H MACD 位于 Signal 上方；4H RSI 位于健康强势区间,
6,RBB,RBB BANCORP,Financials,Prism,Russell,1028,74.95,40.54,87.7,97.85,50.0,57.5,60.0,,,,,,44.83,43.22,,76,early_transition,58,bullish_above_signal,46.5,26.4,0.37,-0.01345291,0.01969876,-0.00377358,-0.00490015,4H EMA9 已站上 EMA26，等待 26/50 确认；4H MACD 位于 Signal 上方,
7,AEO,AMERICAN EAGLE OUTFITTERS,Consumer Discretionary,Prism,Russell,1020,74.84,40.54,87.7,97.13,50.0,62.36,65.4,,,,,,44.9,43.23,,76,early_transition,70,bullish_above_signal,53.56,17.125,0.49,0.00123358,0.03287093,-0.06471868,-0.05595364,4H EMA9 已站上 EMA26，等待 26/50 确认；4H MACD 位于 Signal 上方；4H RSI 位于健康强势区间,
8,WD,WALKER & DUNLOP INC,Financials,Prism,Russell,1007,74.64,40.55,87.7,95.79,50.0,56.69,59.1,,,,,,45.01,43.25,,74,early_transition,58,bullish_above_signal,47.77,41.205002,0.19,-0.02230390,0.02169601,-0.05079470,-0.19142459,4H EMA9 已站上 EMA26，等待 26/50 确认；4H MACD 位于 Signal 上方,
9,STAA,STAAR SURGICAL,Health Care,Prism,Russell,679,74.56,40.88,87.7,94.51,50.0,58.31,60.9,,,,,,44.08,44.07,,74,early_transition,58,bullish_above_signal,51.29,23.65,0.23,-0.01334998,0.00509983,-0.05851915,0.04415011,4H EMA9 已站上 EMA26，等待 26/50 确认；4H MACD 位于 Signal 上方；4H RSI 位于健康强势区间,
10,FBNC,FIRST BANCORP,Financials,Prism,Russell,996,74.53,40.56,87.7,95.02,50.0,59.12,61.8,,,,,,45.12,43.27,,76,early_transition,58,bullish_above_signal,48.8,64.139999,0.21,-0.00865530,0.02903894,-0.00850213,-0.00031180,4H EMA9 已站上 EMA26，等待 26/50 确认；4H MACD 位于 Signal 上方；4H RSI 位于健康强势区间,
11,PNTG,PENNANT GROUP,Health Care,Prism,Russell,538,74.39,41.04,90.4,85.79,50.0,68.57,72.3,,,,,,46.17,44.48,,94,fresh_bullish_cross,66,bullish_above_signal,59.85,39.294998,0.34,0.00963515,0.04065149,-0.00945299,-0.06485012,4H EMA9/26 最近金叉且价格在 EMA50 上方；4H MACD 位于 Signal 上方；4H MACD 柱体连续扩张；4H RSI 位于健康强势区间,
12,GPGI,GPGI INC CLASS A,Information Technology,Prism,Russell,986,74.36,40.57,87.7,93.84,50.0,59.52,62.25,,,,,,45.23,43.3,,73,early_transition,70,bullish_above_signal,47.82,13.41,0.28,-0.02896452,0.02288330,-0.06550523,-0.08087731,4H EMA9 已站上 EMA26，等待 26/50 确认；4H MACD 位于 Signal 上方,
13,COFS,CHOICEONE FINANCIAL SERVICES INC,Financials,Prism,Russell,1103,74.36,40.47,87.7,94.1,50.0,59.52,62.25,,,,,,44.01,43.05,,73,early_transition,70,bullish_above_signal,45.3,33.380001,0.31,-0.01699781,0.00906889,-0.01649965,-0.02483199,4H EMA9 已站上 EMA26，等待 26/50 确认；4H MACD 位于 Signal 上方,
14,NHP,NATIONAL HEALTHCARE PROPERTIES CLA,Real Estate,Prism,Russell,909,74.14,40.65,90.4,85.02,50.0,66.41,69.9,,,,,,46.24,43.5,,94,fresh_bullish_cross,58,bullish_above_signal,52.68,16.427601,0.21,-0.01454103,0.02480349,0.00474624,0.02161698,4H EMA9/26 最近金叉且价格在 EMA50 上方；4H MACD 位于 Signal 上方；4H RSI 位于健康强势区间,
15,PGNY,PROGYNY,Health Care,Prism,Russell,583,74.13,40.99,87.7,91.38,50.0,58.31,60.9,,,,,,45.48,44.35,,74,early_transition,58,bullish_above_signal,57.59,27.02,0.19,-0.00771208,0.05300078,-0.03049878,-0.12244238,4H EMA9 已站上 EMA26，等待 26/50 确认；4H MACD 位于 Signal 上方；4H RSI 位于健康强势区间,
16,CV,CAPSOVISION INC,Health Care,Prism,Russell,707,74.03,40.84,87.7,91.02,50.0,59.12,61.8,,,,,,43.65,43.98,,76,early_transition,58,bullish_above_signal,56.65,6.37,0.29,-0.06185567,0.08610401,-0.05067064,-0.03630862,4H EMA9 已站上 EMA26，等待 26/50 确认；4H MACD 位于 Signal 上方；4H RSI 位于健康强势区间,
17,HWKN,HAWKINS INC,Materials,Prism,Russell,964,73.95,40.59,87.7,91.07,50.0,62.36,65.4,,,,,,45.51,43.35,,76,early_transition,70,bullish_above_signal,50.3,124.947502,0.13,-0.02711587,0.00303044,-0.04372036,-0.12721781,4H EMA9 已站上 EMA26，等待 26/50 确认；4H MACD 位于 Signal 上方；4H RSI 位于健康强势区间,
18,GCO,GENESCO INC,Consumer Discretionary,Prism,Russell,1137,73.84,40.44,87.7,90.71,50.0,58.31,60.9,,,,,,43.61,42.97,,74,early_transition,58,bullish_above_signal,51.16,34.700001,0.1,-0.00743701,0.06572481,-0.07737304,-0.10773973,4H EMA9 已站上 EMA26，等待 26/50 确认；4H MACD 位于 Signal 上方；4H RSI 位于健康强势区间,
19,AMSC,AMERICAN SUPERCONDUCTOR CORP,Industrials,Prism,Russell,1148,73.62,40.43,87.7,89.28,50.0,58.31,60.9,,,,,,43.44,42.94,,74,early_transition,58,bullish_above_signal,51.67,29.860001,0.21,-0.03130576,0.04588448,-0.03584107,0.03969366,4H EMA9 已站上 EMA26，等待 26/50 确认；4H MACD 位于 Signal 上方；4H RSI 位于健康强势区间,
20,MIAX,MIAMI INTERNATIONAL HOLDINGS,Financials,Prism,Russell,876,73.58,40.68,90.4,81.22,50.0,66.41,69.9,,,,,,46.58,43.57,,94,fresh_bullish_cross,58,bullish_above_signal,51.23,43.055,0.12,-0.02147727,0.02219850,-0.01159323,-0.06766999,4H EMA9/26 最近金叉且价格在 EMA50 上方；4H MACD 位于 Signal 上方；4H RSI 位于健康强势区间,
21,BLBD,BLUE BIRD,Industrials,Prism,Russell,1152,73.55,40.42,87.7,88.81,50.0,56.69,59.1,,,,,,43.39,42.93,,74,early_transition,58,bullish_above_signal,47.98,61.93,0.18,-0.03219256,0.02245336,-0.05131739,-0.16118111,4H EMA9 已站上 EMA26，等待 26/50 确认；4H MACD 位于 Signal 上方,
22,ROG,ROGERS,Information Technology,Prism,Russell,869,73.47,40.68,90.4,80.45,50.0,65.6,69.0,,,,,,46.65,43.58,,92,fresh_bullish_cross,58,bullish_above_signal,55.35,129.654999,0.04,-0.00257717,0.05384866,0.00828216,0.08716248,4H EMA9/26 最近金叉且价格在 EMA50 上方；4H MACD 位于 Signal 上方；4H RSI 位于健康强势区间,
23,HTB,HOMETRUST BANCSHARES INC,Financials,Prism,Russell,861,73.33,40.69,90.4,79.53,50.0,67.76,71.4,,,,,,46.77,43.6,,92,fresh_bullish_cross,66,bullish_above_signal,59.72,47.93,0.31,0.00926507,0.03197330,-0.03152156,-0.05797958,4H EMA9/26 最近金叉且价格在 EMA50 上方；4H MACD 位于 Signal 上方；4H MACD 柱体连续扩张；4H RSI 位于健康强势区间,
24,CMP,COMPASS MINERALS INTERNATIONAL,Materials,Prism,Russell,1166,73.33,40.4,87.7,87.43,50.0,59.03,61.7,,,,,,43.12,42.87,,74,early_transition,58,bullish_above_signal,54.02,25.790001,0.82,0.00369726,0.05480572,-0.04587495,-0.13164983,4H EMA9 已站上 EMA26，等待 26/50 确认；4H MACD 位于 Signal 上方；4H RSI 位于健康强势区间,
25,BLX,BLADEX INC CLASS E,Financials,Prism,Russell,919,73.29,40.64,87.7,86.56,50.0,62.36,65.4,,,,,,46.09,43.47,,76,early_transition,70,bullish_above_signal,51.69,55.369999,0.23,-0.00681616,0.02102156,-0.01054325,-0.07685897,4H EMA9 已站上 EMA26，等待 26/50 确认；4H MACD 位于 Signal 上方；4H RSI 位于健康强势区间,
26,BMRC,BANK OF MARIN BANCORP,Financials,Prism,Russell,1175,73.19,40.39,87.7,86.51,50.0,58.31,60.9,,,,,,43.0,42.85,,74,early_transition,58,bullish_above_signal,49.6,27.280001,0.14,-0.01480679,0.03137996,-0.02918146,-0.06350834,4H EMA9 已站上 EMA26，等待 26/50 确认；4H MACD 位于 Signal 上方；4H RSI 位于健康强势区间,
27,STNE,STONECO CLASS A,Financials,Prism,Russell,913,73.16,40.65,87.7,85.68,50.0,60.34,63.15,,,,,,46.18,43.49,,71,early_transition,70,bullish_above_signal,53.05,10.035,0.18,-0.00198906,0.03774560,-0.03043478,-0.09959623,4H EMA9 已站上 EMA26，等待 26/50 确认；4H MACD 位于 Signal 上方；4H RSI 位于健康强势区间,
28,VSTS,VESTIS,Industrials,Prism,Russell,1178,73.14,40.39,87.7,86.2,50.0,59.84,62.6,,,,,,42.94,42.84,,76,early_transition,58,bullish_above_signal,53.08,13.13,0.59,-0.03242447,0.08244023,-0.05266955,-0.14490394,4H EMA9 已站上 EMA26，等待 26/50 确认；4H MACD 位于 Signal 上方；4H RSI 位于健康强势区间,
29,ADEA,ADEIA,Information Technology,Prism,Russell,1257,73.04,40.29,90.4,78.5,50.0,66.41,69.9,,,,,,41.79,42.61,,94,fresh_bullish_cross,58,bullish_above_signal,54.83,26.83,0.21,-0.01559343,0.10094374,-0.03731615,0.06722359,4H EMA9/26 最近金叉且价格在 EMA50 上方；4H MACD 位于 Signal 上方；4H RSI 位于健康强势区间,
30,HMH,HMH HOLDING INC CLASS A,Energy,Prism,Russell,842,73.03,40.71,90.4,77.48,50.0,63.71,66.9,,,,,,47.03,43.66,,82,fresh_bullish_cross,66,bullish_above_signal,64.66,20.965,0.42,0.05776993,0.09420668,0.02368164,0.10545742,4H EMA9/26 最近金叉且价格在 EMA50 上方；4H MACD 位于 Signal 上方；4H MACD 柱体连续扩张；4H RSI 位于健康强势区间,4H 相对 EMA26 超过 2 ATR，短线偏追高
31,SFNC,SIMMONS FIRST NATIONAL CLASS A,Financials,Prism,Russell,901,72.96,40.66,87.7,84.3,50.0,57.5,60.0,,,,,,46.33,43.52,,76,early_transition,58,bullish_above_signal,47.6,22.9,0.17,-0.01695643,0.02967626,-0.02718781,-0.02511707,4H EMA9 已站上 EMA26，等待 26/50 确认；4H MACD 位于 Signal 上方,
32,HAFC,HANMI FINANCIAL CORP,Financials,Prism,Russell,889,72.71,40.67,87.7,82.66,50.0,62.36,65.4,,,,,,46.46,43.54,,76,early_transition,70,bullish_above_signal,48.54,31.440001,0.18,-0.01163150,0.01846453,-0.00788892,-0.01287281,4H EMA9 已站上 EMA26，等待 26/50 确认；4H MACD 位于 Signal 上方；4H RSI 位于健康强势区间,
33,ESTA,ESTABLISHMENT LABS INC,Health Care,Prism,Russell,515,72.7,41.07,87.7,81.63,50.0,58.31,60.9,,,,,,46.54,44.56,,74,early_transition,58,bullish_above_signal,53.04,74.644997,0.21,-0.00020100,0.07294807,-0.00619097,-0.18696222,4H EMA9 已站上 EMA26，等待 26/50 确认；4H MACD 位于 Signal 上方；4H RSI 位于健康强势区间,
34,NRIM,NORTHRIM BANCORP INC,Financials,Prism,Russell,887,72.67,40.67,87.7,82.4,50.0,58.31,60.9,,,,,,46.47,43.54,,74,early_transition,58,bullish_above_signal,51.08,26.030001,0.29,-0.00534960,0.02662201,-0.01550681,-0.03413729,4H EMA9 已站上 EMA26，等待 26/50 确认；4H MACD 位于 Signal 上方；4H RSI 位于健康强势区间,
35,PCB,PCB BANCORP,Financials,Prism,Russell,873,72.45,40.68,87.7,80.91,50.0,56.69,59.1,,,,,,46.6,43.57,,74,early_transition,58,bullish_above_signal,47.05,27.655001,0.0,-0.01055456,0.01560782,0.00344710,-0.01932624,4H EMA9 已站上 EMA26，等待 26/50 确认；4H MACD 位于 Signal 上方,
36,ROCK,GIBRALTAR INDUSTRIES,Industrials,Prism,Russell,1226,72.43,40.33,87.7,81.58,50.0,59.12,61.8,,,,,,42.19,42.69,,76,early_transition,58,bullish_above_signal,49.94,46.125,0.19,-0.03453693,0.07517478,-0.05578297,-0.01315794,4H EMA9 已站上 EMA26，等待 26/50 确认；4H MACD 位于 Signal 上方；4H RSI 位于健康强势区间,
37,KE,KIMBALL ELECTRONICS INC,Information Technology,Prism,Russell,865,72.34,40.69,87.7,80.14,50.0,62.36,65.4,,,,,,46.68,43.59,,76,early_transition,70,bullish_above_signal,57.31,24.9,0.18,-0.01852586,0.04096990,-0.00954650,0.01116751,4H EMA9 已站上 EMA26，等待 26/50 确认；4H MACD 位于 Signal 上方；4H RSI 位于健康强势区间,
38,MRBK,MERIDIAN CORP,Financials,Prism,Russell,851,72.12,40.7,87.7,78.66,50.0,59.12,61.8,,,,,,46.87,43.62,,76,early_transition,58,bullish_above_signal,51.1,19.629999,0.28,-0.00355340,0.02990556,0.01237751,-0.03300493,4H EMA9 已站上 EMA26，等待 26/50 确认；4H MACD 位于 Signal 上方；4H RSI 位于健康强势区间,
39,TATT,TAT TECHNOLOGIES LTD,Industrials,Prism,Russell,849,72.09,40.7,87.7,78.4,50.0,62.36,65.4,,,,,,46.91,43.63,,76,early_transition,70,bullish_above_signal,56.73,39.549999,0.38,-0.01199101,0.07824425,0.00970133,-0.06146180,4H EMA9 已站上 EMA26，等待 26/50 确认；4H MACD 位于 Signal 上方；4H RSI 位于健康强势区间,
40,DMAC,DIAMEDICA THERAPEUTICS INC,Health Care,Prism,Russell,483,71.92,41.12,87.7,76.35,50.0,58.31,60.9,,,,,,47.11,44.67,,74,early_transition,58,bullish_above_signal,50.41,6.61,0.13,0.00000000,0.02639752,0.00916031,-0.00301659,4H EMA9 已站上 EMA26，等待 26/50 确认；4H MACD 位于 Signal 上方；4H RSI 位于健康强势区间,
41,AGIO,AGIOS PHARMACEUTICALS,Health Care,Prism,Russell,235,71.9,48.53,98.2,30.89,50.0,76.01,78.9,,,,,,55.41,46.33,,94,fresh_bullish_cross,88,fresh_above_zero_cross,60.99,35.0,0.38,0.03642286,0.02219620,0.07361970,-0.02750770,4H EMA9/26 最近金叉且价格在 EMA50 上方；4H MACD 零轴上方刚金叉；4H MACD 柱体连续扩张；4H RSI 位于健康强势区间,
42,GKOS,GLAUKOS,Health Care,Prism,Russell,446,71.82,41.18,90.4,68.34,50.0,66.41,69.9,,,,,,47.84,44.82,,94,fresh_bullish_cross,58,bullish_above_signal,48.24,179.729996,0.22,-0.02624950,0.01645735,-0.00882372,0.18747316,4H EMA9/26 最近金叉且价格在 EMA50 上方；4H MACD 位于 Signal 上方；4H RSI 位于健康强势区间,
43,PDFS,PDF SOLUTIONS,Information Technology,Prism,Russell,751,71.5,40.79,90.4,67.11,50.0,66.41,69.9,,,,,,48.05,43.86,,94,fresh_bullish_cross,58,bullish_above_signal,58.76,47.810001,0.16,-0.02274005,0.14377996,0.00441183,0.07185295,4H EMA9/26 最近金叉且价格在 EMA50 上方；4H MACD 位于 Signal 上方；4H RSI 位于健康强势区间,
44,IIPR,INNOVATIVE INDUSTRIAL PROPERTIES I,Real Estate,Prism,Russell,817,71.48,40.74,87.7,74.29,50.0,58.31,60.9,,,,,,47.39,43.73,,74,early_transition,58,bullish_above_signal,51.66,57.139999,0.34,0.00122655,0.01690692,-0.00591512,-0.05709569,4H EMA9 已站上 EMA26，等待 26/50 确认；4H MACD 位于 Signal 上方；4H RSI 位于健康强势区间,
45,MIRM,MIRUM PHARMACEUTICALS,Health Care,Prism,Russell,463,71.47,41.15,87.7,73.27,50.0,58.31,60.9,,,,,,47.47,44.74,,74,early_transition,58,bullish_above_signal,49.17,99.440002,0.28,-0.01388332,0.01077460,0.00821256,-0.11434117,4H EMA9 已站上 EMA26，等待 26/50 确认；4H MACD 位于 Signal 上方；4H RSI 位于健康强势区间,
46,MLP,MAUI LAND AND PINEAPPLE INC,Real Estate,Prism,Russell,815,71.45,40.74,87.7,74.09,50.0,59.12,61.8,,,,,,47.4,43.73,,68,early_transition,70,bullish_above_signal,49.78,16.120001,0.03,0.00498753,0.00217606,0.00498753,-0.08200445,4H EMA9 已站上 EMA26，等待 26/50 确认；4H MACD 位于 Signal 上方；4H RSI 位于健康强势区间,
47,FCAP,FIRST CAPITAL INC,Financials,Prism,Russell,811,71.41,40.74,87.7,73.78,50.0,59.52,62.25,,,,,,47.42,43.73,,73,early_transition,70,bullish_above_signal,46.86,62.509998,0.0,-0.00263264,0.01247159,-0.01605542,-0.02723318,4H EMA9 已站上 EMA26，等待 26/50 确认；4H MACD 位于 Signal 上方,
48,BTSG,BRIGHTSPRING HEALTH SERVICES INC,Health Care,Prism,Russell,462,71.4,41.15,87.7,72.76,50.0,62.36,65.4,,,,,,47.49,44.75,,76,early_transition,70,bullish_above_signal,57.62,62.009998,0.11,-0.00942492,0.04764317,0.00944161,-0.14427653,4H EMA9 已站上 EMA26，等待 26/50 确认；4H MACD 位于 Signal 上方；4H RSI 位于健康强势区间,
49,PGC,PEAPACK GLADSTONE FINANCIAL CORP,Financials,Prism,Russell,807,71.33,40.75,87.7,73.27,50.0,62.36,65.4,,,,,,47.47,43.74,,76,early_transition,70,bullish_above_signal,51.04,45.685001,0.2,-0.00619970,0.02432742,0.01117753,-0.04043268,4H EMA9 已站上 EMA26，等待 26/50 确认；4H MACD 位于 Signal 上方；4H RSI 位于健康强势区间,
50,AROC,ARCHROCK,Energy,Prism,Russell,808,71.33,40.75,87.7,73.27,50.0,58.31,60.9,,,,,,47.47,43.74,,74,early_transition,58,bullish_above_signal,55.5,32.945,0.09,0.00534025,0.03993056,-0.00558409,-0.06697822,4H EMA9 已站上 EMA26，等待 26/50 确认；4H MACD 位于 Signal 上方；4H RSI 位于健康强势区间,
51,NWBI,NORTHWEST BANCSHARES INC,Financials,Prism,Russell,804,71.28,40.75,87.7,72.91,50.0,57.5,60.0,,,,,,47.48,43.75,,76,early_transition,58,bullish_above_signal,47.42,15.385,0.21,-0.01188182,0.01551155,-0.00709906,-0.03178099,4H EMA9 已站上 EMA26，等待 26/50 确认；4H MACD 位于 Signal 上方,
52,AROW,ARROW FINANCIAL CORP,Financials,Prism,Russell,795,71.07,40.76,87.7,71.52,50.0,62.36,65.4,,,,,,47.58,43.77,,76,early_transition,70,bullish_above_signal,48.41,38.639999,0.22,-0.01754394,0.03067476,-0.00770416,-0.03688933,4H EMA9 已站上 EMA26，等待 26/50 确认；4H MACD 位于 Signal 上方；4H RSI 位于健康强势区间,
53,CORZ,CORE SCIENTIFIC INC,Information Technology,Prism,Russell,1307,71.02,40.2,87.7,72.45,50.0,58.31,60.9,,,,,,40.6,42.37,,74,early_transition,58,bullish_above_signal,51.74,18.07,0.2,-0.04543053,0.12305780,-0.07238193,-0.12894678,4H EMA9 已站上 EMA26，等待 26/50 确认；4H MACD 位于 Signal 上方；4H RSI 位于健康强势区间,
54,FSBC,FIVE STAR BANCORP,Financials,Prism,Russell,790,71.01,40.76,87.7,71.11,50.0,62.36,65.4,,,,,,47.61,43.77,,76,early_transition,70,bullish_above_signal,49.9,46.119999,0.19,-0.01368689,0.01608284,0.00239081,-0.03575168,4H EMA9 已站上 EMA26，等待 26/50 确认；4H MACD 位于 Signal 上方；4H RSI 位于健康强势区间,
55,ODD,ODDITY TECH CLASS A,Consumer Staples,Prism,Russell,28,70.98,66.97,90.2,3.08,50.0,74.2,73.0,,,,,,89.07,53.06,,82,fresh_bullish_cross,88,fresh_above_zero_cross,68.21,16.747299,1.44,0.25636152,0.18522994,0.32232917,-0.01428493,4H EMA9/26 最近金叉且价格在 EMA50 上方；4H MACD 零轴上方刚金叉；4H MACD 柱体连续扩张,4H 相对 EMA26 超过 2 ATR，短线偏追高；4H RSI 偏热
56,CIFR,CIPHER DIGITAL INC,Information Technology,Prism,Russell,786,70.95,40.76,87.7,70.7,50.0,59.12,61.8,,,,,,47.65,43.78,,76,early_transition,58,bullish_above_signal,51.62,17.1,0.43,-0.11832947,0.17083191,0.04843661,-0.16217540,4H EMA9 已站上 EMA26，等待 26/50 确认；4H MACD 位于 Signal 上方；4H RSI 位于健康强势区间,
57,NNE,NANO NUCLEAR ENERGY,Industrials,Prism,Russell,1377,70.92,40.1,90.4,64.8,50.0,66.41,69.9,,,,,,39.41,42.13,,94,fresh_bullish_cross,58,bullish_above_signal,52.21,18.559999,0.09,-0.03784354,0.06300115,-0.00053856,0.15422879,4H EMA9/26 最近金叉且价格在 EMA50 上方；4H MACD 位于 Signal 上方；4H RSI 位于健康强势区间,
58,INNV,INNOVAGE HOLDING CORP,Health Care,Prism,Russell,286,70.79,48.32,92.8,38.38,50.0,70.88,73.2,,,,,,52.75,45.8,,92,fresh_bullish_cross,72,fresh_below_zero_cross,54.67,11.09,0.47,0.05770148,0.02495379,0.01371115,-0.06016949,4H EMA9/26 最近金叉且价格在 EMA50 上方；4H MACD 刚金叉但仍需零轴确认；4H MACD 柱体连续扩张；4H RSI 位于健康强势区间,
59,CMC,COMMERCIAL METALS,Materials,Prism,Russell,1325,70.75,40.17,87.7,70.75,50.0,62.36,65.4,,,,,,40.26,42.3,,76,early_transition,70,bullish_above_signal,49.44,68.889999,0.32,-0.03542424,0.02560669,-0.05849391,-0.02214334,4H EMA9 已站上 EMA26，等待 26/50 确认；4H MACD 位于 Signal 上方；4H RSI 位于健康强势区间,
60,UVSP,UNIVEST FINANCIAL CORP,Financials,Prism,Russell,767,70.66,40.77,87.7,68.75,50.0,58.31,60.9,,,,,,47.8,43.81,,74,early_transition,58,bullish_above_signal,51.96,42.099998,0.42,0.00333649,0.02383266,-0.00260604,-0.06382039,4H EMA9 已站上 EMA26，等待 26/50 确认；4H MACD 位于 Signal 上方；4H RSI 位于健康强势区间,
61,TRC,TEJON RANCH,Real Estate,Prism,Russell,764,70.63,40.77,87.7,68.5,50.0,56.69,59.1,,,,,,47.82,43.81,,74,early_transition,58,bullish_above_signal,47.51,16.23,0.09,-0.02140482,0.00870106,-0.01307388,-0.06130717,4H EMA9 已站上 EMA26，等待 26/50 确认；4H MACD 位于 Signal 上方,
62,NWE,NORTHWESTERN ENERGY GROUP,Utilities,Prism,Russell,436,70.62,41.19,87.7,67.52,50.0,62.36,65.4,,,,,,48.01,44.85,,76,early_transition,70,bullish_above_signal,51.2,70.839996,0.15,-0.01556424,0.01315787,-0.00589399,-0.02005817,4H EMA9 已站上 EMA26，等待 26/50 确认；4H MACD 位于 Signal 上方；4H RSI 位于健康强势区间,
63,ASYS,AMTECH SYSTEMS INC,Information Technology,Prism,Russell,687,70.58,40.87,90.4,60.8,50.0,67.76,71.4,,,,,,48.96,44.04,,92,fresh_bullish_cross,66,bullish_above_signal,55.87,15.46,0.14,-0.00610736,0.06400551,0.02451955,0.05457026,4H EMA9/26 最近金叉且价格在 EMA50 上方；4H MACD 位于 Signal 上方；4H MACD 柱体连续扩张；4H RSI 位于健康强势区间,
64,KRRO,KORRO BIO,Health Care,Prism,Russell,1185,70.52,40.37,92.8,55.11,50.0,70.91,74.9,,,,,,37.8,42.81,,94,fresh_bullish_cross,72,fresh_below_zero_cross,60.37,13.49,0.62,0.02042360,0.10483210,0.00074184,0.28967495,4H EMA9/26 最近金叉且价格在 EMA50 上方；4H MACD 刚金叉但仍需零轴确认；4H MACD 柱体连续扩张；4H RSI 位于健康强势区间,
65,FCF,FIRST COMMONWEALTH FINANCIAL CORP,Financials,Prism,Russell,753,70.46,40.79,87.7,67.37,50.0,59.12,61.8,,,,,,48.03,43.86,,76,early_transition,58,bullish_above_signal,49.61,21.045,0.3,-0.00964706,0.02458612,-0.01819450,-0.01520828,4H EMA9 已站上 EMA26，等待 26/50 确认；4H MACD 位于 Signal 上方；4H RSI 位于健康强势区间,
66,BKH,BLACK HILLS CORP,Utilities,Prism,Russell,427,70.28,41.22,87.7,65.16,50.0,62.36,65.4,,,,,,48.4,44.93,,76,early_transition,70,bullish_above_signal,51.12,73.220001,0.16,-0.01513215,0.01132595,-0.00624320,-0.02099211,4H EMA9 已站上 EMA26，等待 26/50 确认；4H MACD 位于 Signal 上方；4H RSI 位于健康强势区间,
67,NATH,NATHANS FAMOUS INC,Consumer Discretionary,Prism,Russell,742,70.28,40.81,87.7,66.14,50.0,62.36,65.4,,,,,,48.19,43.89,,76,early_transition,70,bullish_above_signal,53.47,98.264999,0.47,-0.00137198,0.00377958,0.00429248,-0.01597238,4H EMA9 已站上 EMA26，等待 26/50 确认；4H MACD 位于 Signal 上方；4H RSI 位于健康强势区间,
68,NTB,BANK OF NT BUTTERFIELD & SON LTD,Financials,Prism,Russell,1161,70.2,40.4,79.7,87.89,50.0,57.5,60.0,,,,,,43.17,42.88,,76,early_transition,58,bullish_above_signal,44.62,59.669998,0.21,-0.02944050,0.01462331,-0.04604318,-0.00417223,4H EMA9 已站上 EMA26，等待 26/50 确认；4H MACD 位于 Signal 上方,
69,KN,KNOWLES,Information Technology,Prism,Russell,1427,70.1,40.03,90.4,59.52,50.0,66.41,69.9,,,,,,38.44,41.94,,94,fresh_bullish_cross,58,bullish_above_signal,58.28,35.77,0.09,-0.00055884,0.04194576,-0.06508098,-0.00417589,4H EMA9/26 最近金叉且价格在 EMA50 上方；4H MACD 位于 Signal 上方；4H RSI 位于健康强势区间,
70,PMT,PENNYMAC MORTGAGE INVESTMENT TRUST,Financials,Prism,Russell,726,70.09,40.83,87.7,64.8,50.0,62.36,65.4,,,,,,48.44,43.94,,76,early_transition,70,bullish_above_signal,50.59,9.49,0.38,-0.01759834,0.02650081,0.01280683,-0.03064351,4H EMA9 已站上 EMA26，等待 26/50 确认；4H MACD 位于 Signal 上方；4H RSI 位于健康强势区间,
71,CCNE,CNB FINANCIAL CORP,Financials,Prism,Russell,711,69.87,40.84,87.7,63.31,50.0,62.36,65.4,,,,,,48.62,43.97,,76,early_transition,70,bullish_above_signal,49.53,34.209999,0.45,-0.01298329,0.02403682,-0.00145940,-0.03497890,4H EMA9 已站上 EMA26，等待 26/50 确认；4H MACD 位于 Signal 上方；4H RSI 位于健康强势区间,
72,BSRR,SIERRA BANCORP,Financials,Prism,Russell,704,69.79,40.85,87.7,62.75,50.0,62.36,65.4,,,,,,48.68,43.99,,76,early_transition,70,bullish_above_signal,48.99,40.23,0.13,-0.01949790,0.01951346,0.00852346,-0.01746245,4H EMA9 已站上 EMA26，等待 26/50 确认；4H MACD 位于 Signal 上方；4H RSI 位于健康强势区间,
73,WRLD,WORLD ACCEPTANCE CORP,Financials,Prism,Russell,699,69.71,40.85,87.7,62.24,50.0,62.36,65.4,,,,,,48.74,44.0,,76,early_transition,70,bullish_above_signal,52.09,190.382507,0.0,0.00254088,0.05674125,0.01830605,0.00343916,4H EMA9 已站上 EMA26，等待 26/50 确认；4H MACD 位于 Signal 上方；4H RSI 位于健康强势区间,
74,WLFC,WILLIS LEASE FINANCE,Industrials,Prism,Russell,696,69.68,40.85,87.7,62.03,50.0,58.31,60.9,,,,,,48.77,44.0,,74,early_transition,58,bullish_above_signal,52.59,56.549999,0.24,-0.03531218,0.04712523,-0.00053028,-0.19912196,4H EMA9 已站上 EMA26，等待 26/50 确认；4H MACD 位于 Signal 上方；4H RSI 位于健康强势区间,
75,STRW,STRAWBERRY FIELDS REIT INC,Real Estate,Prism,Russell,625,69.66,40.94,90.4,54.49,50.0,68.57,72.3,,,,,,49.92,44.23,,94,fresh_bullish_cross,66,bullish_above_signal,55.25,13.915,0.13,0.01016334,0.02316176,0.01866764,-0.05017065,4H EMA9/26 最近金叉且价格在 EMA50 上方；4H MACD 位于 Signal 上方；4H MACD 柱体连续扩张；4H RSI 位于健康强势区间,
76,ESQ,ESQUIRE FINANCIAL HOLDINGS INC,Financials,Prism,Russell,1393,69.62,40.09,87.7,63.42,50.0,56.69,59.1,,,,,,39.22,42.09,,74,early_transition,58,bullish_above_signal,47.5,116.480003,0.19,-0.03336097,0.04382120,-0.09852181,-0.08779073,4H EMA9 已站上 EMA26，等待 26/50 确认；4H MACD 位于 Signal 上方,
77,ARL,AMERICAN REALTY INVESTORS INC,Real Estate,Prism,Russell,689,69.53,40.87,87.7,60.95,50.0,61.14,64.05,,,,,,48.93,44.04,,73,early_transition,70,bullish_above_signal,48.74,15.49,0.0,-0.00002582,0.00912052,0.03266667,-0.14655647,4H EMA9 已站上 EMA26，等待 26/50 确认；4H MACD 位于 Signal 上方；4H RSI 位于健康强势区间,
78,UTL,UNITIL CORP,Utilities,Prism,Russell,388,69.15,41.32,87.7,57.41,50.0,59.12,61.8,,,,,,49.65,45.18,,76,early_transition,58,bullish_above_signal,49.19,53.650002,0.29,-0.00923361,-0.00037257,0.01302876,-0.04281886,4H EMA9 已站上 EMA26，等待 26/50 确认；4H MACD 位于 Signal 上方；4H RSI 位于健康强势区间,
79,AMRC,AMERESCO INC CLASS A,Industrials,Prism,Russell,1426,69.03,40.03,87.7,59.62,50.0,58.31,60.9,,,,,,38.46,41.94,,74,early_transition,58,bullish_above_signal,50.72,23.139999,0.08,-0.03803787,0.02253646,-0.08483294,0.17700910,4H EMA9 已站上 EMA26，等待 26/50 确认；4H MACD 位于 Signal 上方；4H RSI 位于健康强势区间,
80,PLXS,PLEXUS CORP,Information Technology,Prism,Russell,1429,68.98,40.02,87.7,59.31,50.0,58.31,60.9,,,,,,38.42,41.93,,74,early_transition,58,bullish_above_signal,56.21,249.5,0.17,-0.00559973,0.04603386,-0.06828240,-0.00355445,4H EMA9 已站上 EMA26，等待 26/50 确认；4H MACD 位于 Signal 上方；4H RSI 位于健康强势区间,
81,CMTV,COMMUNITY BANCORP VT,Financials,Prism,Russell,309,68.93,41.5,98.2,27.5,50.0,69.83,73.7,,,,,,56.88,45.63,,86,fresh_bullish_cross,80,fresh_above_zero_cross,52.88,41.029999,0.76,0.03142283,0.01786152,0.03820848,0.01059116,4H EMA9/26 最近金叉且价格在 EMA50 上方；4H MACD 零轴上方刚金叉；4H RSI 位于健康强势区间,
82,NPB,NORTHPOINTE BANCSHARES INC,Financials,Prism,Russell,642,68.88,40.93,87.7,56.49,50.0,56.69,59.1,,,,,,49.7,44.19,,74,early_transition,58,bullish_above_signal,46.56,17.0,0.19,-0.01734098,0.02409639,-0.00058789,-0.01734098,4H EMA9 已站上 EMA26，等待 26/50 确认；4H MACD 位于 Signal 上方,
83,KOP,KOPPERS HOLDINGS INC,Materials,Prism,Russell,1443,68.76,40.01,87.7,57.88,50.0,58.72,61.35,,,,,,38.26,41.9,,71,early_transition,70,bullish_above_signal,45.61,46.060001,0.11,-0.02806495,0.00326728,-0.08954337,-0.08320065,4H EMA9 已站上 EMA26，等待 26/50 确认；4H MACD 位于 Signal 上方,
84,EVI,EVI INDUSTRIES INC,Industrials,Prism,Russell,561,68.7,41.01,90.4,47.92,50.0,68.57,72.3,,,,,,50.76,44.4,,94,fresh_bullish_cross,66,bullish_above_signal,65.07,15.385,0.26,0.08345070,0.13962963,0.09346127,0.01887417,4H EMA9/26 最近金叉且价格在 EMA50 上方；4H MACD 位于 Signal 上方；4H MACD 柱体连续扩张；4H RSI 位于健康强势区间,
85,LEU,CENTRUS ENERGY CLASS A,Energy,Prism,Russell,1504,68.66,39.89,90.4,50.28,50.0,68.57,72.3,,,,,,36.69,41.59,,94,fresh_bullish_cross,66,bullish_above_signal,54.03,183.350006,0.12,-0.03217293,0.08851819,-0.03158504,0.08018146,4H EMA9/26 最近金叉且价格在 EMA50 上方；4H MACD 位于 Signal 上方；4H MACD 柱体连续扩张；4H RSI 位于健康强势区间,
86,GEO,GEO GROUP,Industrials,Prism,Russell,474,68.57,41.13,92.8,40.38,50.0,68.03,71.7,,,,,,52.26,44.7,,94,fresh_bullish_cross,64,fresh_below_zero_cross,49.1,31.459999,0.12,-0.01441106,0.03029307,0.02575804,0.02342222,4H EMA9/26 最近金叉且价格在 EMA50 上方；4H MACD 刚金叉但仍需零轴确认；4H RSI 位于健康强势区间,
87,APC,ARKO PETROLEUM CORP CLASS A,Consumer Discretionary,Prism,Russell,551,68.55,41.02,90.4,46.9,50.0,65.6,69.0,,,,,,50.9,44.43,,92,fresh_bullish_cross,58,bullish_above_signal,54.95,18.889999,0.07,0.00962052,0.04827963,0.01205454,-0.06392473,4H EMA9/26 最近金叉且价格在 EMA50 上方；4H MACD 位于 Signal 上方；4H RSI 位于健康强势区间,
88,MDWD,MEDIWOUND LTD,Health Care,Prism,Russell,268,68.35,48.4,87.7,35.56,50.0,62.78,64.2,,,,,,53.71,45.99,,76,early_transition,66,bullish_above_signal,67.27,13.837,0.25,0.03184191,0.09383399,-0.00021676,-0.05646096,4H EMA9 已站上 EMA26，等待 26/50 确认；4H MACD 位于 Signal 上方；4H MACD 柱体连续扩张；4H RSI 位于健康强势区间,
89,AIN,ALBANY INTERNATIONAL CORP CLASS A,Industrials,Prism,Russell,606,68.19,40.97,87.7,51.82,50.0,58.31,60.9,,,,,,50.22,44.29,,74,early_transition,58,bullish_above_signal,51.33,60.830002,0.25,-0.02749795,0.11922731,-0.00295027,-0.20222948,4H EMA9 已站上 EMA26，等待 26/50 确认；4H MACD 位于 Signal 上方；4H RSI 位于健康强势区间,
90,MPLT,MAPLIGHT THERAPEUTICS,Health Care,Prism,Russell,254,68.13,48.44,87.7,33.97,50.0,63.05,64.5,,,,,,54.31,46.11,,74,early_transition,70,bullish_above_signal,56.44,13.67,0.11,-0.01049584,0.02320359,0.12695796,0.11047929,4H EMA9 已站上 EMA26，等待 26/50 确认；4H MACD 位于 Signal 上方；4H RSI 位于健康强势区间,
91,NPCE,NEUROPACE,Health Care,Prism,Russell,721,68.02,40.83,73.3,89.38,50.0,48.19,49.65,,,,,,43.46,43.94,,73,early_transition,28,fresh_bearish_cross,46.86,14.5,0.05,-0.02749832,-0.01494565,-0.02356902,-0.05166776,4H EMA9 已站上 EMA26，等待 26/50 确认,4H MACD 最近死叉
92,CAPR,CAPRICOR THERAPEUTICS,Health Care,Prism,Russell,5,68.01,74.6,76.9,0.92,50.0,59.27,54.75,,,,,,100.0,55.25,,71,early_transition,42,mixed_or_bearish,49.66,8.885,0.07,-0.02949208,-0.11327345,1.31681877,0.26930385,4H EMA9 已站上 EMA26，等待 26/50 确认；4H RSI 位于健康强势区间,4H MACD 尚未确认多头
93,MXL,MAXLINEAR,Information Technology,Prism,Russell,497,67.84,41.1,90.4,41.97,50.0,63.71,66.9,,,,,,51.83,44.62,,82,fresh_bullish_cross,66,bullish_above_signal,63.93,71.239998,0.42,0.06518983,0.23938758,0.04152041,0.20848171,4H EMA9/26 最近金叉且价格在 EMA50 上方；4H MACD 位于 Signal 上方；4H MACD 柱体连续扩张；4H RSI 位于健康强势区间,4H 相对 EMA26 超过 2 ATR，短线偏追高
94,AVO,MISSION PRODUCE INC,Consumer Staples,Prism,Russell,292,67.72,48.31,84.8,39.25,50.0,65.57,67.3,,,,,,52.59,45.77,,82,fresh_bullish_cross,72,fresh_below_zero_cross,69.77,13.66,0.69,0.06635441,0.06593835,0.03799392,0.06386293,4H EMA9/26 最近金叉且价格在 EMA50 上方；4H MACD 刚金叉但仍需零轴确认；4H MACD 柱体连续扩张,4H 相对 EMA26 超过 2 ATR，短线偏追高；4H RSI 偏热
95,MNRO,MONRO,Consumer Discretionary,Prism,Russell,933,67.72,40.62,73.3,87.89,50.0,47.38,48.75,,,,,,45.9,43.43,,71,early_transition,28,fresh_bearish_cross,47.08,12.435,0.39,-0.00758180,-0.00040193,0.05694858,-0.27577169,4H EMA9 已站上 EMA26，等待 26/50 确认,4H MACD 最近死叉
96,INVA,INNOVIVA,Health Care,Prism,Russell,335,67.52,41.43,87.7,46.28,50.0,62.36,65.4,,,,,,50.99,45.45,,76,early_transition,70,bullish_above_signal,48.28,21.120001,0.38,-0.01007724,0.00142252,0.02127664,-0.03119257,4H EMA9 已站上 EMA26，等待 26/50 确认；4H MACD 位于 Signal 上方；4H RSI 位于健康强势区间,
97,ABX,ABACUS GLOBAL MANAGEMENT INC CLASS,Financials,Prism,Russell,917,67.47,40.64,73.3,86.2,50.0,47.38,48.75,,,,,,46.11,43.47,,71,early_transition,28,fresh_bearish_cross,47.98,9.5,0.23,-0.02112313,0.03204780,-0.00210084,-0.10461828,4H EMA9 已站上 EMA26，等待 26/50 确认,4H MACD 最近死叉
98,PRM,PERIMETER SOLUTIONS,Materials,Prism,Russell,1530,67.18,39.85,87.7,47.72,50.0,58.31,60.9,,,,,,36.21,41.49,,74,early_transition,58,bullish_above_signal,49.15,31.58,0.15,-0.01864512,0.04121332,-0.08556537,-0.09564714,4H EMA9 已站上 EMA26，等待 26/50 确认；4H MACD 位于 Signal 上方；4H RSI 位于健康强势区间,
99,USNA,USANA HEALTH SCIENCES INC,Consumer Staples,Prism,Russell,196,67.03,48.69,87.7,26.06,50.0,63.05,64.5,,,,,,57.38,46.73,,74,early_transition,70,bullish_above_signal,56.15,15.005,0.19,-0.03844921,0.07255182,0.04491643,-0.35462366,4H EMA9 已站上 EMA26，等待 26/50 确认；4H MACD 位于 Signal 上方；4H RSI 位于健康强势区间,
100,MTRN,MATERION,Materials,Prism,Russell,1547,66.92,39.81,87.7,46.07,50.0,59.12,61.8,,,,,,35.71,41.39,,76,early_transition,58,bullish_above_signal,58.3,253.940002,0.11,-0.01710785,0.08484279,-0.09180639,0.21200839,4H EMA9 已站上 EMA26，等待 26/50 确认；4H MACD 位于 Signal 上方；4H RSI 位于健康强势区间,
101,PUMP,PROPETRO HOLDING,Energy,Prism,Russell,505,66.88,41.08,87.7,42.79,50.0,64.52,67.8,,,,,,51.66,44.58,,76,early_transition,78,bullish_above_signal,67.23,12.11,0.14,0.01296529,0.06743059,0.04396552,0.13442623,4H EMA9 已站上 EMA26，等待 26/50 确认；4H MACD 位于 Signal 上方；4H MACD 柱体连续扩张；4H RSI 位于健康强势区间,
102,RIOT,RIOT PLATFORMS,Information Technology,Prism,Russell,298,66.88,48.29,87.7,25.96,50.0,63.86,65.4,,,,,,57.39,45.73,,76,early_transition,70,bullish_above_signal,60.92,22.135,0.24,-0.01731410,0.24458814,0.14274646,0.04311975,4H EMA9 已站上 EMA26，等待 26/50 确认；4H MACD 位于 Signal 上方；4H RSI 位于健康强势区间,
103,AXTI,AXT,Information Technology,Prism,Russell,1617,66.69,39.65,90.4,37.71,50.0,68.57,72.3,,,,,,33.73,41.0,,94,fresh_bullish_cross,66,bullish_above_signal,57.88,69.504501,0.11,0.00165012,0.23849790,-0.05833217,0.62279939,4H EMA9/26 最近金叉且价格在 EMA50 上方；4H MACD 位于 Signal 上方；4H MACD 柱体连续扩张；4H RSI 位于健康强势区间,
104,CLSK,CLEANSPARK,Information Technology,Prism,Russell,261,66.46,48.41,87.7,22.88,50.0,59.0,60.0,,,,,,58.9,46.03,,64,early_transition,70,bullish_above_signal,62.25,13.42,0.18,0.00186637,0.21228546,0.15689655,-0.00371195,4H EMA9 已站上 EMA26，等待 26/50 确认；4H MACD 位于 Signal 上方；4H RSI 位于健康强势区间,4H 相对 EMA26 超过 2 ATR，短线偏追高
105,COHU,COHU,Information Technology,Prism,Russell,163,66.39,48.88,90.4,14.16,50.0,65.21,66.9,,,,,,64.82,47.21,,82,fresh_bullish_cross,66,bullish_above_signal,67.57,56.474201,0.33,0.06827199,0.27856472,0.14273985,0.32911740,4H EMA9/26 最近金叉且价格在 EMA50 上方；4H MACD 位于 Signal 上方；4H MACD 柱体连续扩张；4H RSI 位于健康强势区间,4H 相对 EMA26 超过 2 ATR，短线偏追高
106,TCI,TRANSCONTINENTAL REALTY INVESTORS,Real Estate,Prism,Russell,251,66.3,48.46,87.7,21.7,50.0,65.21,66.9,,,,,,59.48,46.15,,74,early_transition,78,bullish_above_signal,53.44,38.935001,0.02,0.02433578,0.06408858,-0.01480261,-0.07407843,4H EMA9 已站上 EMA26，等待 26/50 确认；4H MACD 位于 Signal 上方；4H MACD 柱体连续扩张；4H RSI 位于健康强势区间,
107,RSI,RUSH STREET INTERACTIVE CLASS A,Consumer Discretionary,Prism,Russell,250,66.3,48.46,87.7,21.7,50.0,63.86,65.4,,,,,,59.48,46.15,,76,early_transition,70,bullish_above_signal,55.69,26.860001,0.09,0.01511723,0.04310683,0.08613025,-0.12451105,4H EMA9 已站上 EMA26，等待 26/50 确认；4H MACD 位于 Signal 上方；4H RSI 位于健康强势区间,
108,RGR,STURM RUGER,Consumer Discretionary,Prism,Russell,450,66.28,41.17,87.7,38.58,50.0,64.52,67.8,,,,,,52.69,44.79,,76,early_transition,78,bullish_above_signal,53.95,38.41,0.24,0.01212119,0.01158807,0.03447344,-0.00052043,4H EMA9 已站上 EMA26，等待 26/50 确认；4H MACD 位于 Signal 上方；4H MACD 柱体连续扩张；4H RSI 位于健康强势区间,
109,OPFI,OPPFI INC CLASS A,Financials,Prism,Russell,1644,66.22,39.57,90.4,34.74,50.0,67.76,71.4,,,,,,32.81,40.81,,92,fresh_bullish_cross,66,bullish_above_signal,63.24,7.65,0.47,0.03658537,0.11516035,-0.12770810,-0.20643154,4H EMA9/26 最近金叉且价格在 EMA50 上方；4H MACD 位于 Signal 上方；4H MACD 柱体连续扩张；4H RSI 位于健康强势区间,
110,LMB,LIMBACH HOLDINGS INC,Industrials,Prism,Russell,246,66.21,48.48,87.7,21.09,50.0,63.05,64.5,,,,,,59.71,46.19,,74,early_transition,70,bullish_above_signal,58.06,48.790001,0.32,-0.01134746,0.08930565,0.05252941,-0.32526618,4H EMA9 已站上 EMA26，等待 26/50 确认；4H MACD 位于 Signal 上方；4H RSI 位于健康强势区间,
111,IOSP,INNOSPEC INC,Materials,Prism,Russell,682,66.21,40.87,79.6,60.44,50.0,61.82,64.8,,,,,,49.02,44.05,,88,fresh_bullish_cross,50,mixed_or_bearish,51.24,93.785004,0.13,0.00192298,0.01279704,0.00952639,0.09281058,4H EMA9/26 最近金叉且价格在 EMA50 上方；4H MACD 柱体连续扩张；4H RSI 位于健康强势区间,4H MACD 尚未确认多头
112,TNC,TENNANT,Industrials,Prism,Russell,441,66.17,41.18,87.7,37.81,50.0,61.55,64.5,,,,,,52.91,44.83,,74,early_transition,70,bullish_above_signal,52.73,71.425003,0.13,-0.01414761,0.03170591,0.03125904,-0.19037631,4H EMA9 已站上 EMA26，等待 26/50 确认；4H MACD 位于 Signal 上方；4H RSI 位于健康强势区间,
113,KGS,KODIAK GAS SERVICES INC,Energy,Prism,Russell,438,66.13,41.19,87.7,37.56,50.0,62.36,65.4,,,,,,52.96,44.84,,76,early_transition,70,bullish_above_signal,62.99,63.98,0.17,0.00250705,0.07430107,0.04049436,0.13158824,4H EMA9 已站上 EMA26，等待 26/50 确认；4H MACD 位于 Signal 上方；4H RSI 位于健康强势区间,
114,WERN,WERNER ENTERPRISES,Industrials,Prism,Russell,428,66.02,41.22,87.7,36.74,50.0,62.36,65.4,,,,,,53.39,44.93,,76,early_transition,70,bullish_above_signal,51.03,38.830002,0.14,-0.03130840,0.02589178,0.05832660,0.01330903,4H EMA9 已站上 EMA26，等待 26/50 确认；4H MACD 位于 Signal 上方；4H RSI 位于健康强势区间,
115,AMBQ,AMBIQ MICRO,Information Technology,Prism,Russell,593,65.96,40.98,82.4,51.05,50.0,61.64,64.6,,,,,,50.36,44.32,,80,fresh_bullish_cross,66,bullish_above_signal,68.82,65.739998,0.9,0.09946896,0.17750306,0.02992317,0.09003477,4H EMA9/26 最近金叉且价格在 EMA50 上方；4H MACD 位于 Signal 上方；4H MACD 柱体连续扩张,4H 相对 EMA26 超过 2 ATR，短线偏追高；4H RSI 偏热
116,CECO,CECO ENVIRONMENTAL,Industrials,Prism,Russell,215,65.85,48.62,87.7,18.37,50.0,63.86,65.4,,,,,,61.49,46.55,,76,early_transition,70,bullish_above_signal,63.27,78.5,0.18,-0.01930162,0.11237070,0.11442359,0.16348005,4H EMA9 已站上 EMA26，等待 26/50 确认；4H MACD 位于 Signal 上方；4H RSI 位于健康强势区间,
117,ANDE,ANDERSONS INC,Consumer Staples,Prism,Russell,133,65.78,49.11,87.7,16.73,50.0,63.86,65.4,,,,,,62.66,47.78,,76,early_transition,70,bullish_above_signal,61.19,70.660004,0.2,0.00028320,0.05133172,0.07894344,-0.03509489,4H EMA9 已站上 EMA26，等待 26/50 确认；4H MACD 位于 Signal 上方；4H RSI 位于健康强势区间,
118,GPI,GROUP AUTOMOTIVE INC,Consumer Discretionary,Prism,Russell,195,65.66,48.7,87.7,16.93,50.0,63.86,65.4,,,,,,62.47,46.74,,76,early_transition,70,bullish_above_signal,57.43,284.11499,0.22,-0.00366466,0.05223873,0.07241535,-0.19106261,4H EMA9 已站上 EMA26，等待 26/50 确认；4H MACD 位于 Signal 上方；4H RSI 位于健康强势区间,
119,SNDX,SYNDAX PHARMACEUTICALS,Health Care,Prism,Russell,597,65.42,40.97,65.3,93.07,50.0,46.16,47.4,,,,,,45.31,44.31,,68,early_transition,28,fresh_bearish_cross,44.44,19.809999,0.15,-0.02413793,-0.01442791,-0.02796860,0.00865580,4H EMA9 已站上 EMA26，等待 26/50 确认,4H MACD 最近死叉
120,GPRE,GREEN PLAINS,Energy,Prism,Russell,375,65.37,41.34,87.7,32.12,50.0,59.12,61.8,,,,,,54.86,45.22,,76,early_transition,58,bullish_above_signal,55.73,15.595,0.09,-0.01359899,0.05728814,0.03346587,-0.05226375,4H EMA9 已站上 EMA26，等待 26/50 确认；4H MACD 位于 Signal 上方；4H RSI 位于健康强势区间,
121,KALU,KAISER ALUMINIUM,Materials,Prism,Russell,1634,65.32,39.61,87.7,35.81,50.0,59.12,61.8,,,,,,33.26,40.9,,76,early_transition,58,bullish_above_signal,55.66,166.395004,0.15,-0.02100428,0.01814239,-0.11099532,0.02725650,4H EMA9 已站上 EMA26，等待 26/50 确认；4H MACD 位于 Signal 上方；4H RSI 位于健康强势区间,
122,ONT,ONTERRIS,Industrials,Prism,Russell,152,65.24,48.93,87.7,13.55,50.0,63.86,65.4,,,,,,65.4,47.33,,76,early_transition,70,bullish_above_signal,58.8,17.93,0.27,0.00900394,0.08338375,0.15231362,-0.12451172,4H EMA9 已站上 EMA26，等待 26/50 确认；4H MACD 位于 Signal 上方；4H RSI 位于健康强势区间,
123,VSAT,VIASAT INC,Information Technology,Prism,Russell,1649,65.08,39.57,87.7,34.33,50.0,59.12,61.8,,,,,,32.68,40.79,,76,early_transition,58,bullish_above_signal,51.72,74.285004,0.23,-0.05920713,0.12060647,-0.12420415,0.00195583,4H EMA9 已站上 EMA26，等待 26/50 确认；4H MACD 位于 Signal 上方；4H RSI 位于健康强势区间,
124,UNIT,UNITI GROUP INC,Communication,Prism,Russell,341,65.04,41.41,87.7,29.81,50.0,62.36,65.4,,,,,,55.72,45.39,,76,early_transition,70,bullish_above_signal,50.68,10.059,0.18,-0.02481823,0.03010753,0.07124601,-0.03371758,4H EMA9 已站上 EMA26，等待 26/50 确认；4H MACD 位于 Signal 上方；4H RSI 位于健康强势区间,
125,ARLO,ARLO TECHNOLOGIES,Information Technology,Prism,Russell,1468,65.03,39.97,79.7,54.44,50.0,57.5,60.0,,,,,,37.68,41.79,,76,early_transition,58,bullish_above_signal,43.82,13.03,0.46,-0.06494438,0.03577107,-0.11541073,-0.08432888,4H EMA9 已站上 EMA26，等待 26/50 确认；4H MACD 位于 Signal 上方,
126,BBCP,CONCRETE PUMPING HOLDINGS INC,Industrials,Prism,Russell,127,64.97,49.16,87.7,11.24,50.0,63.86,65.4,,,,,,68.32,47.91,,76,early_transition,70,bullish_above_signal,64.89,10.27,0.12,-0.00676983,0.13858093,0.09313465,0.00983284,4H EMA9 已站上 EMA26，等待 26/50 确认；4H MACD 位于 Signal 上方；4H RSI 位于健康强势区间,
127,MITT,TPG MORTGAGE INVESTMENT TRUST INC,Financials,Prism,Russell,317,64.8,41.48,87.7,28.01,50.0,58.31,60.9,,,,,,56.64,45.58,,74,early_transition,58,bullish_above_signal,48.3,6.725,0.27,-0.01694222,0.01280120,0.06576862,-0.07113260,4H EMA9 已站上 EMA26，等待 26/50 确认；4H MACD 位于 Signal 上方；4H RSI 位于健康强势区间,
128,SNEX,STONEX GROUP INC,Financials,Prism,Russell,316,64.79,41.48,87.7,27.91,50.0,62.36,65.4,,,,,,56.66,45.58,,76,early_transition,70,bullish_above_signal,54.46,69.760002,0.16,-0.00157437,0.02860516,0.07754100,-0.06110364,4H EMA9 已站上 EMA26，等待 26/50 确认；4H MACD 位于 Signal 上方；4H RSI 位于健康强势区间,
129,PBI,PITNEY BOWES,Industrials,Prism,Russell,759,64.79,40.79,73.3,67.98,50.0,47.78,49.2,,,,,,47.93,43.84,,68,early_transition,28,fresh_bearish_cross,50.24,17.125,0.17,0.00439889,0.00087662,0.00913382,-0.03980931,4H EMA9 已站上 EMA26，等待 26/50 确认；4H RSI 位于健康强势区间,4H MACD 最近死叉
130,HUT,HUT CORP,Information Technology,Prism,Russell,302,64.66,41.51,87.7,26.99,50.0,57.5,60.0,,,,,,57.06,45.66,,64,early_transition,70,bullish_above_signal,62.44,96.699997,0.15,-0.03086793,0.24533155,0.12822306,-0.04375776,4H EMA9 已站上 EMA26，等待 26/50 确认；4H MACD 位于 Signal 上方；4H RSI 位于健康强势区间,4H 相对 EMA26 超过 2 ATR，短线偏追高
131,DSGR,DISTRIBUTION SOLUTIONS GROUP,Industrials,Prism,Russell,556,64.31,41.02,79.6,47.41,50.0,64.25,67.5,,,,,,50.84,44.42,,94,fresh_bullish_cross,50,mixed_or_bearish,52.7,34.755001,0.05,0.00000000,0.00216266,-0.00386925,0.00418954,4H EMA9/26 最近金叉且价格在 EMA50 上方；4H MACD 柱体连续扩张；4H RSI 位于健康强势区间,4H MACD 尚未确认多头
132,AVBP,ARRIVENT BIOPHARMA,Health Care,Prism,Russell,792,64.08,40.76,65.3,84.61,50.0,46.16,47.4,,,,,,42.59,43.77,,68,early_transition,28,fresh_bearish_cross,42.8,29.594999,0.08,-0.05371706,-0.01775639,-0.04416016,-0.01317109,4H EMA9 已站上 EMA26，等待 26/50 确认,4H MACD 最近死叉
133,PKOH,PARK OHIO HOLDINGS CORP,Industrials,Prism,Russell,1059,64.06,40.51,75.1,98.97,50.0,72.08,76.2,,,,,,44.51,43.15,,100,confirmed_bullish_trend,70,bullish_above_signal,56.28,46.560001,0.22,-0.00576556,0.05101585,-0.02492145,0.18987988,4H EMA 多头排列已连续维持；4H MACD 位于 Signal 上方；4H RSI 位于健康强势区间,
134,LBRT,LIBERTY ENERGY CLASS A,Energy,Prism,Russell,529,64.02,41.05,79.7,45.15,50.0,57.68,60.2,,,,,,51.24,44.5,,64,early_transition,78,bullish_above_signal,71.41,21.860001,0.33,0.01650788,0.08756224,0.03479295,0.23537728,4H EMA9 已站上 EMA26，等待 26/50 确认；4H MACD 位于 Signal 上方；4H MACD 柱体连续扩张,4H 相对 EMA26 超过 2 ATR，短线偏追高；4H RSI 偏热
135,NGS,NATURAL GAS SERVICES GROUP,Energy,Prism,Russell,522,63.93,41.06,79.7,44.54,50.0,57.68,60.2,,,,,,51.39,44.53,,64,early_transition,78,bullish_above_signal,70.32,37.945,0.32,0.03251701,0.07675930,0.02443302,0.05873326,4H EMA9 已站上 EMA26，等待 26/50 确认；4H MACD 位于 Signal 上方；4H MACD 柱体连续扩张,4H 相对 EMA26 超过 2 ATR，短线偏追高；4H RSI 偏热
136,WOLF,WOLFSPEED INC,Information Technology,Prism,Russell,1726,63.73,39.35,87.7,25.86,50.0,59.12,61.8,,,,,,30.03,40.26,,76,early_transition,58,bullish_above_signal,50.08,27.49,0.13,-0.04349339,0.04564469,-0.06209482,0.25812357,4H EMA9 已站上 EMA26，等待 26/50 确认；4H MACD 位于 Signal 上方；4H RSI 位于健康强势区间,
137,KNSA,KINIKSA PHARMACEUTICALS INTERNATIO,Health Care,Prism,Russell,315,63.72,41.49,79.6,42.38,50.0,61.82,64.8,,,,,,51.74,45.6,,88,fresh_bullish_cross,50,mixed_or_bearish,51.92,79.080002,0.38,0.01306692,-0.00302569,0.03386069,-0.00088440,4H EMA9/26 最近金叉且价格在 EMA50 上方；4H MACD 柱体连续扩张；4H RSI 位于健康强势区间,4H MACD 尚未确认多头
138,NGNE,NEUROGENE,Health Care,Prism,Russell,467,63.7,41.14,82.9,74.29,50.0,76.94,81.6,,,,,,47.39,44.73,,100,confirmed_bullish_trend,88,fresh_above_zero_cross,53.82,38.5,0.2,0.02996252,0.01663589,0.05363982,0.16419716,4H EMA 多头排列已连续维持；4H MACD 零轴上方刚金叉；4H MACD 柱体连续扩张；4H RSI 位于健康强势区间,
139,AUPH,AURINIA PHARMACEUTICALS,Health Care,Prism,Russell,312,63.67,41.49,79.6,42.07,50.0,64.25,67.5,,,,,,51.81,45.61,,94,fresh_bullish_cross,50,mixed_or_bearish,51.44,16.209999,0.19,-0.00246160,0.01028352,0.04817323,0.08464363,4H EMA9/26 最近金叉且价格在 EMA50 上方；4H MACD 柱体连续扩张；4H RSI 位于健康强势区间,4H MACD 尚未确认多头
140,UUUU,ENERGY FUELS,Energy,Prism,Russell,502,63.61,41.09,79.6,42.59,50.0,64.25,67.5,,,,,,51.71,44.59,,94,fresh_bullish_cross,50,mixed_or_bearish,54.2,14.855,0.15,-0.00134454,0.04428822,0.04026611,0.30765845,4H EMA9/26 最近金叉且价格在 EMA50 上方；4H MACD 柱体连续扩张；4H RSI 位于健康强势区间,4H MACD 尚未确认多头
141,IDCC,INTERDIGITAL INC,Information Technology,Prism,Russell,1089,63.56,40.49,75.1,95.64,50.0,74.24,78.6,,,,,,44.21,43.09,,100,confirmed_bullish_trend,78,bullish_above_signal,57.08,341.809998,0.3,-0.00367275,0.06905822,-0.01866154,0.31349185,4H EMA 多头排列已连续维持；4H MACD 位于 Signal 上方；4H MACD 柱体连续扩张；4H RSI 位于健康强势区间,
142,WTTR,SELECT WATER SOLUTIONS CLASS A,Energy,Prism,Russell,1092,63.49,40.49,75.1,95.23,50.0,72.08,76.2,,,,,,44.18,43.09,,100,confirmed_bullish_trend,70,bullish_above_signal,56.91,20.469999,0.21,-0.01254226,0.01942226,-0.02010531,0.13659073,4H EMA 多头排列已连续维持；4H MACD 位于 Signal 上方；4H RSI 位于健康强势区间,
143,AAMI,ACADIAN ASSET MANAGEMENT,Financials,Prism,Russell,480,63.36,41.13,79.6,40.84,50.0,64.25,67.5,,,,,,52.2,44.69,,94,fresh_bullish_cross,50,mixed_or_bearish,52.1,93.125,0.15,0.00037602,0.03391806,0.02696295,0.12947245,4H EMA9/26 最近金叉且价格在 EMA50 上方；4H MACD 柱体连续扩张；4H RSI 位于健康强势区间,4H MACD 尚未确认多头
144,SIG,SIGNET JEWELERS,Consumer Discretionary,Prism,Russell,174,63.26,48.82,82.4,14.78,50.0,64.76,66.4,,,,,,64.04,47.06,,82,fresh_bullish_cross,66,bullish_above_signal,73.31,100.665001,1.15,0.24139852,0.23834420,0.06467475,0.02677479,4H EMA9/26 最近金叉且价格在 EMA50 上方；4H MACD 位于 Signal 上方；4H MACD 柱体连续扩张,4H 相对 EMA26 超过 2 ATR，短线偏追高；4H RSI 偏热
145,ECBK,ECB BANCORP INC,Financials,Prism,Russell,473,63.26,41.13,79.6,40.12,50.0,58.85,61.5,,,,,,52.28,44.71,,86,fresh_bullish_cross,42,mixed_or_bearish,50.76,20.76,0.33,0.00984064,0.00874636,0.01491078,0.01864578,4H EMA9/26 最近金叉且价格在 EMA50 上方；4H RSI 位于健康强势区间,4H MACD 尚未确认多头
146,RAMP,LIVERAMP HOLDINGS INC,Information Technology,Prism,Russell,626,62.85,40.94,73.3,54.64,50.0,49.81,51.45,,,,,,49.89,44.23,,73,early_transition,28,fresh_bearish_cross,51.47,37.75,0.16,-0.00013246,-0.00158691,0.00013249,-0.00052952,4H EMA9 已站上 EMA26，等待 26/50 确认；4H RSI 位于健康强势区间,4H MACD 最近死叉
147,APPS,DIGITAL TURBINE,Information Technology,Prism,Russell,1847,62.4,38.61,90.4,11.49,50.0,68.57,72.3,,,,,,20.68,38.39,,94,fresh_bullish_cross,66,bullish_above_signal,54.72,11.258,0.16,-0.00723104,0.12636318,-0.21737921,0.33230769,4H EMA9/26 最近金叉且价格在 EMA50 上方；4H MACD 位于 Signal 上方；4H MACD 柱体连续扩张；4H RSI 位于健康强势区间,
148,TIC,TIC SOLUTIONS INC,Industrials,Prism,Russell,1631,62.14,39.62,79.6,36.22,50.0,59.26,61.95,,,,,,33.36,40.92,,91,fresh_bullish_cross,42,mixed_or_bearish,45.59,9.27,0.11,-0.02881090,-0.00322581,-0.10261375,0.28127160,4H EMA9/26 最近金叉且价格在 EMA50 上方,4H MACD 尚未确认多头
149,DNOW,DNOW,Industrials,Prism,Russell,1177,62.12,40.39,75.1,86.3,50.0,72.08,76.2,,,,,,42.98,42.85,,100,confirmed_bullish_trend,70,bullish_above_signal,56.6,16.110001,0.21,-0.00647542,0.01416437,-0.03243237,0.16401741,4H EMA 多头排列已连续维持；4H MACD 位于 Signal 上方；4H RSI 位于健康强势区间,
150,CFBK,CF BANKSHARES INC,Financials,Prism,Russell,893,61.75,40.66,75.1,83.17,50.0,72.08,76.2,,,,,,46.41,43.53,,100,confirmed_bullish_trend,70,bullish_above_signal,57.42,35.52,0.34,-0.00364939,0.02584838,0.00708818,-0.01333333,4H EMA 多头排列已连续维持；4H MACD 位于 Signal 上方；4H RSI 位于健康强势区间,
151,TCX,TUCOWS INC,Information Technology,Prism,Russell,1841,61.52,38.67,87.7,12.72,50.0,58.31,60.9,,,,,,21.52,38.55,,74,early_transition,58,bullish_above_signal,55.6,10.88,0.04,0.02159624,0.03816794,-0.14800313,0.21023359,4H EMA9 已站上 EMA26，等待 26/50 确认；4H MACD 位于 Signal 上方；4H RSI 位于健康强势区间,
152,CLB,CORE LABORATORIES,Energy,Prism,Russell,670,61.37,40.89,82.9,59.31,50.0,76.94,81.6,,,,,,49.3,44.11,,100,confirmed_bullish_trend,88,fresh_above_zero_cross,57.83,12.61,0.22,-0.00158353,0.01611604,0.03191489,0.18071161,4H EMA 多头排列已连续维持；4H MACD 零轴上方刚金叉；4H MACD 柱体连续扩张；4H RSI 位于健康强势区间,
153,ASO,ACADEMY SPORTS AND OUTDOORS,Consumer Discretionary,Prism,Russell,423,61.04,41.23,75.4,36.33,50.0,62.45,65.5,,,,,,53.53,44.96,,82,fresh_bullish_cross,66,bullish_above_signal,74.45,50.125,0.69,0.12073789,0.17073458,0.00471038,-0.00506155,4H EMA9/26 最近金叉且价格在 EMA50 上方；4H MACD 位于 Signal 上方；4H MACD 柱体连续扩张,4H 相对 EMA26 超过 2 ATR，短线偏追高；4H RSI 偏热
154,EBS,EMERGENT BIOSOLUTIONS,Health Care,Prism,Russell,38,60.97,66.2,65.3,4.52,50.0,52.38,48.75,,,,,,79.38,51.13,,71,early_transition,28,fresh_bearish_cross,42.92,5.64,0.18,-0.06699752,-0.09324759,0.25892857,-0.22739726,4H EMA9 已站上 EMA26，等待 26/50 确认,4H MACD 最近死叉
155,CTGO,CONTANGO SILVER AND GOLD INC,Materials,Prism,Russell,636,60.85,40.93,82.9,55.77,50.0,74.78,79.2,,,,,,49.74,44.2,,100,confirmed_bullish_trend,80,fresh_above_zero_cross,53.62,19.9601,0.11,-0.00324095,0.06227243,0.02149944,0.26409753,4H EMA 多头排列已连续维持；4H MACD 零轴上方刚金叉；4H RSI 位于健康强势区间,
156,XPRO,EXPRO LTD,Energy,Prism,Russell,631,60.79,40.93,82.9,55.36,50.0,76.94,81.6,,,,,,49.78,44.21,,100,confirmed_bullish_trend,88,fresh_above_zero_cross,53.97,18.17,0.15,0.00832408,0.03121447,0.01849776,0.17605178,4H EMA 多头排列已连续维持；4H MACD 零轴上方刚金叉；4H MACD 柱体连续扩张；4H RSI 位于健康强势区间,
157,HNVR,HANOVER BANCORP INC,Financials,Prism,Russell,834,60.7,40.72,75.1,76.09,50.0,72.08,76.2,,,,,,47.12,43.67,,100,confirmed_bullish_trend,70,bullish_above_signal,53.68,27.24,0.29,0.00000000,0.01907969,0.00888889,0.01641795,4H EMA 多头排列已连续维持；4H MACD 位于 Signal 上方；4H RSI 位于健康强势区间,
158,UAMY,UNITED STATES ANTIMONY CORP,Materials,Prism,Russell,1881,60.61,38.29,87.7,7.49,50.0,58.31,60.9,,,,,,16.81,37.61,,74,early_transition,58,bullish_above_signal,52.16,5.3128,0.06,-0.03840724,0.13764454,-0.20467066,0.02071085,4H EMA9 已站上 EMA26，等待 26/50 确认；4H MACD 位于 Signal 上方；4H RSI 位于健康强势区间,
159,SMHI,SEACOR MARINE HOLDINGS INC,Energy,Prism,Russell,874,60.57,40.68,73.0,80.91,50.0,57.77,60.3,,,,,,46.6,43.57,,58,mixed_sideways,80,fresh_above_zero_cross,53.75,9.745,0.07,0.00775595,-0.00459653,0.00567595,0.22117794,4H MACD 零轴上方刚金叉；4H RSI 位于健康强势区间,4H EMA 仍偏震荡
160,BFH,BREAD FINANCIAL HOLDINGS,Financials,Prism,Russell,812,60.39,40.74,75.1,73.94,50.0,68.84,72.6,,,,,,47.41,43.73,,100,confirmed_bullish_trend,58,bullish_above_signal,52.71,108.254997,0.18,0.00161912,0.06018016,-0.00152187,0.00478002,4H EMA 多头排列已连续维持；4H MACD 位于 Signal 上方；4H RSI 位于健康强势区间,
161,ACDC,PROFRAC HOLDING CLASS A,Energy,Prism,Russell,796,60.07,40.75,75.1,71.78,50.0,74.24,78.6,,,,,,47.56,43.76,,100,confirmed_bullish_trend,78,bullish_above_signal,65.66,5.475,0.15,0.01388889,0.09500000,0.07247796,0.47972973,4H EMA 多头排列已连续维持；4H MACD 位于 Signal 上方；4H MACD 柱体连续扩张；4H RSI 位于健康强势区间,
162,VABK,VIRGINIA NATIONAL BANKSHARES CORP,Financials,Prism,Russell,791,59.97,40.76,75.1,71.11,50.0,72.08,76.2,,,,,,47.61,43.77,,100,confirmed_bullish_trend,70,bullish_above_signal,53.86,47.130001,0.0,0.00148746,0.00920985,0.02167787,0.00276598,4H EMA 多头排列已连续维持；4H MACD 位于 Signal 上方；4H RSI 位于健康强势区间,
163,SGC,SUPERIOR GROUP OF COMPANIES INC,Consumer Discretionary,Prism,Russell,1027,59.95,40.54,65.2,97.85,50.0,53.18,55.2,,,,,,44.83,43.22,,56,mixed_sideways,66,bullish_above_signal,51.54,12.5775,0.3,0.01924635,0.03348398,-0.02348602,-0.02726218,4H MACD 位于 Signal 上方；4H MACD 柱体连续扩张；4H RSI 位于健康强势区间,4H EMA 仍偏震荡
164,FNRN,FIRST NORTHERN COMMUNITY BANCORP,Financials,Prism,Russell,1026,59.92,40.54,65.2,97.69,50.0,51.02,52.8,,,,,,44.84,43.22,,56,mixed_sideways,58,bullish_above_signal,52.35,17.33,0.04,0.00289346,0.04209267,-0.00144051,-0.07819144,4H MACD 位于 Signal 上方；4H RSI 位于健康强势区间,4H EMA 仍偏震荡
165,DXPE,DXP ENTERPRISES,Industrials,Prism,Russell,1131,59.91,40.45,67.6,91.43,50.0,55.61,57.9,,,,,,43.7,42.99,,58,mixed_sideways,72,fresh_below_zero_cross,50.87,187.059998,0.15,-0.00732331,0.02302429,-0.02916751,0.16541028,4H MACD 刚金叉但仍需零轴确认；4H MACD 柱体连续扩张；4H RSI 位于健康强势区间,4H EMA 仍偏震荡
166,LARK,LANDMARK BANCORP INC,Financials,Prism,Russell,785,59.9,40.76,75.1,70.6,50.0,72.08,76.2,,,,,,47.67,43.78,,100,confirmed_bullish_trend,70,bullish_above_signal,55.05,32.255001,0.04,0.00733919,0.02348095,0.01798965,0.03117008,4H EMA 多头排列已连续维持；4H MACD 位于 Signal 上方；4H RSI 位于健康强势区间,
167,MRAM,EVERSPIN TECHNOLOGIES INC,Information Technology,Prism,Russell,1023,59.88,40.54,65.2,97.38,50.0,53.18,55.2,,,,,,44.88,43.23,,56,mixed_sideways,66,bullish_above_signal,52.91,16.860001,0.13,-0.01259151,0.06305177,0.05904529,0.20687194,4H MACD 位于 Signal 上方；4H MACD 柱体连续扩张；4H RSI 位于健康强势区间,4H EMA 仍偏震荡
168,OBIO,ORCHESTRA BIOMED HOLDINGS INC,Health Care,Prism,Russell,59,59.87,58.95,82.9,7.18,50.0,80.44,81.6,,,,,,73.17,49.88,,100,confirmed_bullish_trend,88,fresh_above_zero_cross,60.98,5.36,0.15,-0.01107011,0.09499489,0.19910515,0.39040208,4H EMA 多头排列已连续维持；4H MACD 零轴上方刚金叉；4H MACD 柱体连续扩张；4H RSI 位于健康强势区间,
169,OCUL,OCULAR THERAPEUTIX,Health Care,Prism,Russell,53,59.8,59.2,82.9,6.16,50.0,81.16,82.4,,,,,,76.2,50.49,,100,confirmed_bullish_trend,88,fresh_above_zero_cross,65.49,11.405,0.68,0.01694160,0.07848700,0.23297297,0.34970414,4H EMA 多头排列已连续维持；4H MACD 零轴上方刚金叉；4H MACD 柱体连续扩张；4H RSI 位于健康强势区间,
170,FLGT,FULGENT GENETICS,Health Care,Prism,Russell,230,59.77,48.54,82.9,30.79,50.0,76.28,79.2,,,,,,55.48,46.35,,100,confirmed_bullish_trend,80,fresh_above_zero_cross,53.78,19.85,0.51,-0.00600896,0.01223860,0.04090194,0.01069252,4H EMA 多头排列已连续维持；4H MACD 零轴上方刚金叉；4H RSI 位于健康强势区间,
171,URGN,UROGEN PHARMA,Health Care,Prism,Russell,607,59.56,40.97,65.2,94.25,50.0,51.97,53.85,,,,,,45.19,44.29,,53,mixed_sideways,66,bullish_above_signal,50.32,44.919998,0.54,0.01285231,0.03406996,-0.03022457,0.09990201,4H MACD 位于 Signal 上方；4H MACD 柱体连续扩张；4H RSI 位于健康强势区间,4H EMA 仍偏震荡
172,MG,MISTRAS GROUP INC,Industrials,Prism,Russell,60,59.55,58.95,82.9,5.03,50.0,80.44,81.6,,,,,,78.11,49.87,,100,confirmed_bullish_trend,88,fresh_above_zero_cross,62.47,19.571301,0.16,0.00882995,0.05222048,0.24104635,0.27168947,4H EMA 多头排列已连续维持；4H MACD 零轴上方刚金叉；4H MACD 柱体连续扩张；4H RSI 位于健康强势区间,
173,ACA,ARCOSA,Industrials,Prism,Russell,755,59.42,40.79,75.1,67.37,50.0,72.08,76.2,,,,,,48.03,43.86,,100,confirmed_bullish_trend,70,bullish_above_signal,55.3,145.565002,0.36,-0.00041200,0.00072181,0.00563041,0.00196175,4H EMA 多头排列已连续维持；4H MACD 位于 Signal 上方；4H RSI 位于健康强势区间,
174,ADUS,ADDUS HOMECARE CORP,Health Care,Prism,Russell,432,59.33,41.21,75.1,65.78,50.0,72.08,76.2,,,,,,48.24,44.9,,100,confirmed_bullish_trend,70,bullish_above_signal,55.28,119.260002,0.13,0.00100724,0.03957462,-0.00058661,0.00109129,4H EMA 多头排列已连续维持；4H MACD 位于 Signal 上方；4H RSI 位于健康强势区间,
175,IBTA,IBOTTA CLASS A,Communication,Prism,Russell,296,58.93,48.3,82.9,25.76,50.0,78.44,81.6,,,,,,57.45,45.74,,100,confirmed_bullish_trend,88,fresh_above_zero_cross,57.98,38.635101,0.18,0.02643735,0.03496113,0.06815325,0.41988616,4H EMA 多头排列已连续维持；4H MACD 零轴上方刚金叉；4H MACD 柱体连续扩张；4H RSI 位于健康强势区间,
176,QCRH,QCR HOLDINGS INC,Financials,Prism,Russell,961,58.93,40.59,65.2,90.92,50.0,51.83,53.7,,,,,,45.54,43.36,,58,mixed_sideways,58,bullish_above_signal,49.98,101.68,0.15,-0.00819349,0.02821318,-0.01824853,-0.01444216,4H MACD 位于 Signal 上方；4H RSI 位于健康强势区间,4H EMA 仍偏震荡
177,GRNT,GRANITE RIDGE RESOURCES,Energy,Prism,Russell,287,58.86,48.32,82.9,25.24,50.0,78.44,81.6,,,,,,57.74,45.8,,100,confirmed_bullish_trend,88,fresh_above_zero_cross,55.13,5.115,0.1,0.00788177,0.01287129,0.00688976,0.12294182,4H EMA 多头排列已连续维持；4H MACD 零轴上方刚金叉；4H MACD 柱体连续扩张；4H RSI 位于健康强势区间,
178,SEI,SOLARIS ENERGY INFRASTRUCTURE INC,Energy,Prism,Russell,117,58.85,49.21,72.7,10.31,50.0,57.11,57.9,,,,,,68.92,48.03,,64,early_transition,78,bullish_above_signal,75.49,67.565002,0.43,0.05077759,0.36082577,0.15259303,0.42813360,4H EMA9 已站上 EMA26，等待 26/50 确认；4H MACD 位于 Signal 上方；4H MACD 柱体连续扩张,4H 相对 EMA26 超过 2 ATR，短线偏追高；4H RSI 过热
179,HNGE,HINGE HEALTH CLASS A,Health Care,Prism,Russell,442,58.83,41.18,73.0,68.14,50.0,57.77,60.3,,,,,,47.91,44.83,,58,mixed_sideways,80,fresh_above_zero_cross,51.84,90.9963,0.22,-0.00934846,0.01253251,-0.00642790,0.20925316,4H MACD 零轴上方刚金叉；4H RSI 位于健康强势区间,4H EMA 仍偏震荡
180,TITN,TITAN MACHINERY INC,Industrials,Prism,Russell,33,58.81,66.63,75.1,2.98,50.0,77.08,76.2,,,,,,89.73,52.2,,100,confirmed_bullish_trend,70,bullish_above_signal,65.71,24.42,0.13,-0.00204328,0.18774325,0.33661741,0.24464825,4H EMA 多头排列已连续维持；4H MACD 位于 Signal 上方；4H RSI 位于健康强势区间,
181,BTDR,BITDEER TECHNOLOGIES GROUP CLASS A,Information Technology,Prism,Russell,31,58.8,66.67,75.1,2.87,50.0,77.08,76.2,,,,,,90.18,52.29,,100,confirmed_bullish_trend,70,bullish_above_signal,60.92,12.26,0.07,-0.04405458,0.18339768,0.41000575,0.19318735,4H EMA 多头排列已连续维持；4H MACD 位于 Signal 上方；4H RSI 位于健康强势区间,
182,CIX,COMPX INTERNATIONAL INC CLASS A,Industrials,Prism,Russell,35,58.8,66.43,75.1,3.39,50.0,77.08,76.2,,,,,,87.19,51.69,,100,confirmed_bullish_trend,70,bullish_above_signal,67.3,36.490002,0.46,0.05676232,0.12449926,0.22593661,0.33190259,4H EMA 多头排列已连续维持；4H MACD 位于 Signal 上方；4H RSI 位于健康强势区间,
183,LNTH,LANTHEUS HOLDINGS,Health Care,Prism,Russell,518,58.74,41.07,67.6,82.14,50.0,52.37,54.3,,,,,,46.48,44.55,,50,mixed_sideways,72,fresh_below_zero_cross,52.05,100.945,0.09,0.00377863,0.00054516,-0.00024761,-0.01555492,4H MACD 刚金叉但仍需零轴确认；4H MACD 柱体连续扩张；4H RSI 位于健康强势区间,4H EMA 仍偏震荡
184,JILL,J JILL INC,Consumer Discretionary,Prism,Russell,43,58.65,66.07,74.9,3.8,50.0,75.51,74.45,,,,,,82.76,50.8,,89,confirmed_bullish_trend,88,fresh_above_zero_cross,70.99,22.08,0.37,0.12854582,0.13638703,0.17259692,0.18645883,4H EMA 多头排列已连续维持；4H MACD 零轴上方刚金叉；4H MACD 柱体连续扩张,4H 相对 EMA26 超过 2 ATR，短线偏追高；4H RSI 偏热
185,DMC,DEL MONTE,Consumer Staples,Prism,Russell,168,58.49,48.86,82.9,21.55,50.0,78.44,81.6,,,,,,59.49,47.15,,100,confirmed_bullish_trend,88,fresh_above_zero_cross,63.49,32.639999,0.11,0.01713926,0.01397950,0.07758329,0.13550175,4H EMA 多头排列已连续维持；4H MACD 零轴上方刚金叉；4H MACD 柱体连续扩张；4H RSI 位于健康强势区间,
186,AGM,FEDERAL AGRICULTURAL MORTGAGE NON,Financials,Prism,Russell,1173,58.24,40.39,65.2,86.81,50.0,51.83,53.7,,,,,,43.05,42.86,,58,mixed_sideways,58,bullish_above_signal,50.21,224.375,0.28,-0.01160740,0.02058219,-0.04121444,0.05523677,4H MACD 位于 Signal 上方；4H RSI 位于健康强势区间,4H EMA 仍偏震荡
187,FNLC,FIRST BANCORP INC,Financials,Prism,Russell,912,58.14,40.65,65.2,85.58,50.0,51.83,53.7,,,,,,46.2,43.49,,58,mixed_sideways,58,bullish_above_signal,50.84,34.779999,0.12,-0.00968109,0.02143906,-0.00114879,-0.01834606,4H MACD 位于 Signal 上方；4H RSI 位于健康强势区间,4H EMA 仍偏震荡
188,PSIX,POWER SOLUTIONS INTERNATIONAL,Industrials,Prism,Russell,867,58.13,40.68,67.1,80.35,50.0,65.64,69.05,,,,,,46.66,43.58,,89,confirmed_bullish_trend,70,bullish_above_signal,69.38,42.439999,0.19,0.00855506,0.19650403,-0.01439856,0.51896913,4H EMA 多头排列已连续维持；4H MACD 位于 Signal 上方,4H 相对 EMA26 超过 2 ATR，短线偏追高；4H RSI 偏热
189,PLSE,PULSE BIOSCIENCES INC,Health Care,Prism,Russell,26,58.09,67.08,73.0,2.77,50.0,64.93,62.7,,,,,,90.36,53.32,,58,mixed_sideways,88,fresh_above_zero_cross,64.87,56.115002,0.41,0.13237821,0.07789091,0.35314687,0.58248741,4H MACD 零轴上方刚金叉；4H MACD 柱体连续扩张；4H RSI 位于健康强势区间,4H EMA 仍偏震荡
190,CHPT,CHARGEPOINT HOLDINGS INC CLASS A,Industrials,Prism,Russell,20,57.95,74.2,67.1,0.92,50.0,72.14,69.05,,,,,,100.0,54.25,,89,confirmed_bullish_trend,70,bullish_above_signal,70.23,9.031,0.04,-0.09509018,0.70235627,0.47324633,0.69119850,4H EMA 多头排列已连续维持；4H MACD 位于 Signal 上方,4H 相对 EMA26 超过 2 ATR，短线偏追高；4H RSI 偏热
191,SAFT,SAFETY INSURANCE GROUP INC,Financials,Prism,Russell,911,57.74,40.65,64.3,85.27,50.0,67.4,71.0,,,,,,46.23,43.5,,100,confirmed_bullish_trend,50,mixed_or_bearish,58.76,103.404999,0.58,0.00043535,0.00247210,-0.00014503,0.00344489,4H EMA 多头排列已连续维持；4H MACD 柱体连续扩张；4H RSI 位于健康强势区间,4H MACD 尚未确认多头
192,TXG,10X GENOMICS CLASS A,Health Care,Prism,Russell,122,57.69,49.19,82.9,15.39,50.0,78.44,81.6,,,,,,63.66,47.98,,100,confirmed_bullish_trend,88,fresh_above_zero_cross,64.92,66.559998,0.26,0.01208848,0.10933330,0.13525494,0.41556780,4H EMA 多头排列已连续维持；4H MACD 零轴上方刚金叉；4H MACD 柱体连续扩张；4H RSI 位于健康强势区间,
193,SWBI,SMITH WESSON BRANDS INC,Consumer Discretionary,Prism,Russell,881,57.56,40.67,65.2,81.63,50.0,53.18,55.2,,,,,,46.54,43.56,,56,mixed_sideways,66,bullish_above_signal,54.03,13.38,0.22,0.01057402,0.04858934,-0.05807814,-0.08793456,4H MACD 位于 Signal 上方；4H MACD 柱体连续扩张；4H RSI 位于健康强势区间,4H EMA 仍偏震荡
194,HNRG,HALLADOR ENERGY,Utilities,Prism,Russell,274,57.44,48.38,75.1,36.43,50.0,73.58,76.2,,,,,,53.51,45.95,,100,confirmed_bullish_trend,70,bullish_above_signal,55.12,16.620001,0.16,-0.01656799,0.01496189,0.04659956,0.13757707,4H EMA 多头排列已连续维持；4H MACD 位于 Signal 上方；4H RSI 位于健康强势区间,
195,VOXR,VOX ROYALTY CORP,Materials,Prism,Russell,170,57.41,48.85,82.9,14.37,50.0,78.44,81.6,,,,,,64.34,47.12,,100,confirmed_bullish_trend,88,fresh_above_zero_cross,62.28,5.84,0.19,0.02008734,0.09158879,0.13508260,0.37024871,4H EMA 多头排列已连续维持；4H MACD 零轴上方刚金叉；4H MACD 柱体连续扩张；4H RSI 位于健康强势区间,
196,SWMR,SWARMER INC,Industrials,Prism,Russell,1283,57.41,40.23,67.6,75.27,50.0,54.31,56.45,,,,,,41.07,42.46,,53,mixed_sideways,72,fresh_below_zero_cross,52.91,36.139999,0.61,0.10892909,0.11681081,-0.00659709,-0.05565720,4H MACD 刚金叉但仍需零轴确认；4H MACD 柱体连续扩张；4H RSI 位于健康强势区间,4H EMA 仍偏震荡
197,MGY,MAGNOLIA OIL GAS CORP CLASS A,Energy,Prism,Russell,347,57.19,41.4,82.9,30.27,50.0,76.94,81.6,,,,,,55.62,45.37,,100,confirmed_bullish_trend,88,fresh_above_zero_cross,61.75,27.76,0.31,0.01834189,0.00361533,0.06769231,0.18632479,4H EMA 多头排列已连续维持；4H MACD 零轴上方刚金叉；4H MACD 柱体连续扩张；4H RSI 位于健康强势区间,
198,DJCO,DAILY JOURNAL,Information Technology,Prism,Russell,140,57.14,49.04,82.9,12.11,50.0,76.28,79.2,,,,,,66.75,47.6,,100,confirmed_bullish_trend,80,fresh_above_zero_cross,60.15,635.75,0.07,0.00639530,0.03645313,0.13096614,0.07517337,4H EMA 多头排列已连续维持；4H MACD 零轴上方刚金叉；4H RSI 位于健康强势区间,
199,GCT,GIGACLOUD TECHNOLOGY INC CLASS A,Consumer Discretionary,Prism,Russell,604,57.13,40.97,75.1,51.67,50.0,74.24,78.6,,,,,,50.25,44.3,,100,confirmed_bullish_trend,78,bullish_above_signal,58.04,52.548401,0.22,0.01474174,0.10838222,0.01739398,0.30555034,4H EMA 多头排列已连续维持；4H MACD 位于 Signal 上方；4H MACD 柱体连续扩张；4H RSI 位于健康强势区间,
200,OMER,OMEROS,Health Care,Prism,Russell,14,57.08,74.32,64.3,2.36,50.0,73.18,70.2,,,,,,96.43,54.54,,100,confirmed_bullish_trend,50,mixed_or_bearish,64.2,19.379999,0.51,0.00310554,0.03332445,0.42238525,0.71656324,4H EMA 多头排列已连续维持；4H MACD 柱体连续扩张；4H RSI 位于健康强势区间,4H MACD 尚未确认多头
201,AVAH,AVEANNA HEALTHCARE HOLDINGS INC,Health Care,Prism,Russell,4,56.97,74.6,64.3,0.92,50.0,73.18,70.2,,,,,,100.0,55.25,,100,confirmed_bullish_trend,50,mixed_or_bearish,63.43,13.805,0.4,-0.00468637,0.02487008,0.45776135,0.39585440,4H EMA 多头排列已连续维持；4H MACD 柱体连续扩张；4H RSI 位于健康强势区间,4H MACD 尚未确认多头
202,FWDI,FORWARD INDUSTRIES INC,Information Technology,Prism,Russell,15,56.83,74.2,64.3,0.92,50.0,71.02,67.8,,,,,,100.0,54.25,,100,confirmed_bullish_trend,42,mixed_or_bearish,61.69,6.655,0.08,-0.01480385,0.07338710,0.56957547,0.66167291,4H EMA 多头排列已连续维持；4H RSI 位于健康强势区间,4H MACD 尚未确认多头
203,VSH,VISHAY INTERTECHNOLOGY INC,Information Technology,Prism,Russell,1264,56.81,40.27,65.2,77.58,50.0,51.02,52.8,,,,,,41.52,42.55,,56,mixed_sideways,58,bullish_above_signal,51.14,31.610001,0.12,-0.00939834,0.06682423,-0.04616771,-0.03333333,4H MACD 位于 Signal 上方；4H RSI 位于健康强势区间,4H EMA 仍偏震荡
204,LUMN,LUMEN TECHNOLOGIES,Communication,Prism,Russell,576,56.79,40.99,75.1,49.36,50.0,72.08,76.2,,,,,,50.54,44.36,,100,confirmed_bullish_trend,70,bullish_above_signal,60.15,6.74,0.38,0.00297619,0.05312500,0.01429646,0.08973323,4H EMA 多头排列已连续维持；4H MACD 位于 Signal 上方；4H RSI 位于健康强势区间,
205,DCH,DAUCH CORPORATION,Consumer Discretionary,Prism,Russell,836,56.78,40.72,65.2,76.35,50.0,55.07,57.3,,,,,,47.11,43.67,,58,mixed_sideways,70,bullish_above_signal,51.45,6.63,0.17,-0.07337526,0.09046053,0.00075472,0.17971530,4H MACD 位于 Signal 上方；4H RSI 位于健康强势区间,4H EMA 仍偏震荡
206,HDSN,HUDSON TECHNOLOGIES INC,Industrials,Prism,Russell,1267,56.77,40.27,65.2,77.32,50.0,52.69,54.65,,,,,,41.43,42.54,,53,mixed_sideways,66,bullish_above_signal,50.88,5.415,0.7,0.00557103,0.05350195,-0.05166375,-0.12094156,4H MACD 位于 Signal 上方；4H MACD 柱体连续扩张；4H RSI 位于健康强势区间,4H EMA 仍偏震荡
207,MARA,MARA HOLDINGS,Information Technology,Prism,Russell,98,56.76,58.4,75.1,8.52,50.0,77.74,78.6,,,,,,71.29,48.51,,100,confirmed_bullish_trend,78,bullish_above_signal,60.92,11.925,0.23,0.00581135,0.16511969,0.24934521,0.04651163,4H EMA 多头排列已连续维持；4H MACD 位于 Signal 上方；4H MACD 柱体连续扩张；4H RSI 位于健康强势区间,
208,OPRT,OPORTUN FINANCIAL CORP,Financials,Prism,Russell,574,56.76,41.0,75.1,49.15,50.0,72.08,76.2,,,,,,50.58,44.37,,100,confirmed_bullish_trend,70,bullish_above_signal,60.6,7.89,0.25,-0.02772643,0.10504202,0.01937984,0.37456446,4H EMA 多头排列已连续维持；4H MACD 位于 Signal 上方；4H RSI 位于健康强势区间,
209,FMAO,FARMERS AND MERCHANTS BANCORP INC,Financials,Prism,Russell,832,56.72,40.72,65.2,75.94,50.0,55.07,57.3,,,,,,47.14,43.68,,58,mixed_sideways,70,bullish_above_signal,56.26,34.91,0.16,-0.00100157,0.02857988,0.01364695,0.01276469,4H MACD 位于 Signal 上方；4H RSI 位于健康强势区间,4H EMA 仍偏震荡
210,TWIN,TWIN DISC INC,Industrials,Prism,Russell,566,56.66,41.01,75.1,48.44,50.0,68.84,72.6,,,,,,50.7,44.39,,100,confirmed_bullish_trend,58,bullish_above_signal,62.38,24.549999,0.14,0.00367948,0.09598210,0.03238007,0.06346112,4H EMA 多头排列已连续维持；4H MACD 位于 Signal 上方；4H RSI 位于健康强势区间,
211,LPG,DORIAN LPG,Energy,Prism,Russell,85,56.6,58.57,75.1,7.08,50.0,75.58,76.2,,,,,,73.33,48.92,,100,confirmed_bullish_trend,70,bullish_above_signal,63.91,53.650002,0.13,0.00242904,0.05547905,0.20778938,0.20643132,4H EMA 多头排列已连续维持；4H MACD 位于 Signal 上方；4H RSI 位于健康强势区间,
212,HSHP,HIMALAYA SHIPPING LTD,Industrials,Prism,Russell,74,56.56,58.71,75.1,6.46,50.0,71.12,71.25,,,,,,75.08,49.27,,89,confirmed_bullish_trend,70,bullish_above_signal,67.9,18.09,0.15,-0.01443748,0.06286722,0.18158067,0.18622951,4H EMA 多头排列已连续维持；4H MACD 位于 Signal 上方；4H RSI 位于健康强势区间,4H 相对 EMA26 超过 2 ATR，短线偏追高
213,KLIC,KULICKE AND SOFFA INDUSTRIES INC,Information Technology,Prism,Russell,1281,56.53,40.24,65.2,75.78,50.0,51.97,53.85,,,,,,41.12,42.47,,53,mixed_sideways,66,bullish_above_signal,49.93,83.269997,0.07,-0.00370908,0.06715363,-0.03667289,-0.08333333,4H MACD 位于 Signal 上方；4H MACD 柱体连续扩张；4H RSI 位于健康强势区间,4H EMA 仍偏震荡
214,GOLD,GOLD INC,Consumer Discretionary,Prism,Russell,65,56.48,58.88,75.1,5.54,50.0,77.74,78.6,,,,,,77.23,49.7,,100,confirmed_bullish_trend,78,bullish_above_signal,63.23,49.189999,0.17,0.04659572,0.13971267,0.13132472,0.20652438,4H EMA 多头排列已连续维持；4H MACD 位于 Signal 上方；4H MACD 柱体连续扩张；4H RSI 位于健康强势区间,
215,BKKT,BAKKT INC CLASS A,Financials,Prism,Russell,553,56.46,41.02,75.1,47.1,50.0,72.08,76.2,,,,,,50.88,44.43,,100,confirmed_bullish_trend,70,bullish_above_signal,57.0,8.36,0.06,-0.00179104,0.15469613,0.08010336,0.11914324,4H EMA 多头排列已连续维持；4H MACD 位于 Signal 上方；4H RSI 位于健康强势区间,
216,LXFR,LUXFER HOLDINGS PLC,Industrials,Prism,Russell,546,56.36,41.03,75.1,46.43,50.0,67.62,71.25,,,,,,50.96,44.44,,89,confirmed_bullish_trend,70,bullish_above_signal,67.36,17.295,0.45,-0.00259516,0.00552320,0.01258782,0.01258782,4H EMA 多头排列已连续维持；4H MACD 位于 Signal 上方；4H RSI 位于健康强势区间,4H 相对 EMA26 超过 2 ATR，短线偏追高
217,GYRE,GYRE THERAPEUTICS,Health Care,Prism,Russell,217,56.34,48.61,75.1,28.58,50.0,73.58,76.2,,,,,,56.41,46.53,,100,confirmed_bullish_trend,70,bullish_above_signal,60.87,7.0,0.18,-0.01129944,0.08024691,0.04321908,0.16182573,4H EMA 多头排列已连续维持；4H MACD 位于 Signal 上方；4H RSI 位于健康强势区间,
218,PVLA,PALVELLA THERAPEUTICS INC,Health Care,Prism,Russell,458,56.3,41.15,65.2,72.09,50.0,55.07,57.3,,,,,,47.55,44.76,,58,mixed_sideways,70,bullish_above_signal,50.97,152.520004,0.09,-0.02751301,0.01578428,0.00312411,0.06456341,4H MACD 位于 Signal 上方；4H RSI 位于健康强势区间,4H EMA 仍偏震荡
219,NECB,NORTHEAST COMMUNITY BANCORP INC,Financials,Prism,Russell,805,56.28,40.75,65.2,72.91,50.0,53.86,55.95,,,,,,47.48,43.75,,55,mixed_sideways,70,bullish_above_signal,50.63,26.690001,0.32,-0.01019837,0.01753721,0.01060208,-0.02839454,4H MACD 位于 Signal 上方；4H RSI 位于健康强势区间,4H EMA 仍偏震荡
220,NEOG,NEOGEN,Health Care,Prism,Russell,211,56.22,48.64,75.1,27.71,50.0,73.58,76.2,,,,,,56.79,46.61,,100,confirmed_bullish_trend,70,bullish_above_signal,55.76,11.87,0.26,-0.00419463,0.01888412,0.04122807,0.29232444,4H EMA 多头排列已连续维持；4H MACD 位于 Signal 上方；4H RSI 位于健康强势区间,
221,IE,IVANHOE ELECTRIC,Materials,Prism,Russell,1355,56.22,40.14,67.6,67.57,50.0,55.61,57.9,,,,,,39.85,42.22,,58,mixed_sideways,72,fresh_below_zero_cross,55.49,10.965,0.16,-0.00993228,0.09376559,-0.00227480,0.20693451,4H MACD 刚金叉但仍需零轴确认；4H MACD 柱体连续扩张；4H RSI 位于健康强势区间,4H EMA 仍偏震荡
222,HBT,HBT FINANCIAL INC,Financials,Prism,Russell,799,56.16,40.75,65.2,72.09,50.0,55.07,57.3,,,,,,47.55,43.76,,58,mixed_sideways,70,bullish_above_signal,50.61,36.080002,0.33,-0.01258892,0.02065075,0.00417484,-0.00166013,4H MACD 位于 Signal 上方；4H RSI 位于健康强势区间,4H EMA 仍偏震荡
223,SNDA,SONIDA SENIOR LIVING,Health Care,Prism,Russell,963,56.09,40.59,65.2,72.04,50.0,53.18,55.2,,,,,,40.53,43.36,,56,mixed_sideways,66,bullish_above_signal,54.53,39.314999,0.14,0.00575592,0.04118117,-0.06370571,-0.08803066,4H MACD 位于 Signal 上方；4H MACD 柱体连续扩张；4H RSI 位于健康强势区间,4H EMA 仍偏震荡
224,LBRX,LB PHARMACEUTICALS INC,Health Care,Prism,Russell,242,56.0,48.49,73.0,32.22,50.0,59.27,60.3,,,,,,54.84,46.22,,58,mixed_sideways,80,fresh_above_zero_cross,52.46,48.380001,0.1,-0.00921567,0.02826784,0.05564039,0.38545257,4H MACD 零轴上方刚金叉；4H RSI 位于健康强势区间,4H EMA 仍偏震荡
225,COSO,COASTALSOUTH BANCSHARES INC,Financials,Prism,Russell,787,55.98,40.76,65.2,70.86,50.0,55.07,57.3,,,,,,47.63,43.78,,58,mixed_sideways,70,bullish_above_signal,50.52,27.58,0.09,-0.00199023,0.01658684,-0.00361272,-0.00253165,4H MACD 位于 Signal 上方；4H RSI 位于健康强势区间,4H EMA 仍偏震荡
226,CNXN,PC CONNECTION INC,Information Technology,Prism,Russell,781,55.88,40.77,65.2,70.24,50.0,55.07,57.3,,,,,,47.7,43.79,,58,mixed_sideways,70,bullish_above_signal,58.12,82.800003,0.18,-0.00832385,0.03396605,0.00564771,-0.00600240,4H MACD 位于 Signal 上方；4H RSI 位于健康强势区间,4H EMA 仍偏震荡
227,WLTH,WEALTHFRONT,Financials,Prism,Russell,293,55.76,48.3,75.1,25.45,50.0,75.74,78.6,,,,,,57.53,45.76,,100,confirmed_bullish_trend,78,bullish_above_signal,62.59,9.699,0.45,0.00820158,0.09531338,0.01880252,0.01773347,4H EMA 多头排列已连续维持；4H MACD 位于 Signal 上方；4H MACD 柱体连续扩张；4H RSI 位于健康强势区间,
228,HIFS,HINGHAM INSTITUTION FOR SAVINGS,Financials,Prism,Russell,499,55.75,41.09,75.1,42.18,50.0,72.08,76.2,,,,,,51.78,44.61,,100,confirmed_bullish_trend,70,bullish_above_signal,55.2,304.920013,0.04,-0.00797079,0.08189050,0.01928805,0.05937542,4H EMA 多头排列已连续维持；4H MACD 位于 Signal 上方；4H RSI 位于健康强势区间,
229,AMN,AMN HEALTHCARE,Health Care,Prism,Russell,1088,55.74,40.49,67.6,63.52,50.0,53.59,55.65,,,,,,39.24,43.1,,53,mixed_sideways,72,fresh_below_zero_cross,54.54,34.314999,0.21,0.02036866,0.02432833,-0.06140596,-0.01081003,4H MACD 刚金叉但仍需零轴确认；4H MACD 柱体连续扩张；4H RSI 位于健康强势区间,4H EMA 仍偏震荡
230,CVI,CVR ENERGY INC,Energy,Prism,Russell,23,55.73,67.33,67.1,2.15,50.0,70.64,69.05,,,,,,98.48,53.95,,89,confirmed_bullish_trend,70,bullish_above_signal,72.69,45.485001,0.32,-0.00448671,0.06099842,0.40299210,0.34930295,4H EMA 多头排列已连续维持；4H MACD 位于 Signal 上方,4H 相对 EMA26 超过 2 ATR，短线偏追高；4H RSI 偏热
231,ATRC,ATRICURE,Health Care,Prism,Russell,32,55.7,66.66,67.1,3.49,50.0,75.1,74.0,,,,,,85.14,52.28,,100,confirmed_bullish_trend,70,bullish_above_signal,69.61,53.150002,0.27,-0.00300129,0.08602377,0.27488614,0.33643455,4H EMA 多头排列已连续维持；4H MACD 位于 Signal 上方,4H RSI 偏热
232,ISTR,INVESTAR HOLDING CORP,Financials,Prism,Russell,769,55.7,40.77,65.2,69.01,50.0,55.07,57.3,,,,,,47.79,43.81,,58,mixed_sideways,70,bullish_above_signal,50.35,30.455,0.18,-0.00798049,0.02266618,0.02163707,0.01061888,4H MACD 位于 Signal 上方；4H RSI 位于健康强势区间,4H EMA 仍偏震荡
233,TK,TEEKAY CORPORATION CORP LTD,Energy,Prism,Russell,67,55.64,58.85,73.0,5.64,50.0,58.57,57.3,,,,,,76.91,49.63,,46,mixed_sideways,88,fresh_above_zero_cross,67.75,13.87,0.37,0.03662182,0.06610300,0.23949955,0.23124723,4H MACD 零轴上方刚金叉；4H MACD 柱体连续扩张；4H RSI 位于健康强势区间,4H EMA 仍偏震荡；4H 相对 EMA26 超过 2 ATR，短线偏追高
234,PAGS,PAGSEGURO DIGITAL LTD CLASS A,Financials,Prism,Russell,281,55.62,48.34,75.1,24.42,50.0,73.58,76.2,,,,,,57.95,45.84,,100,confirmed_bullish_trend,70,bullish_above_signal,64.81,9.71,0.31,-0.00051467,0.06352683,0.06879472,0.01040583,4H EMA 多头排列已连续维持；4H MACD 位于 Signal 上方；4H RSI 位于健康强势区间,
235,AGL,AGILON HEALTH,Health Care,Prism,Russell,1002,55.61,40.55,65.2,68.91,50.0,53.18,55.2,,,,,,40.07,43.26,,56,mixed_sideways,66,bullish_above_signal,53.79,92.540001,0.15,0.01860212,0.05971949,-0.04341531,-0.06487468,4H MACD 位于 Signal 上方；4H MACD 柱体连续扩张；4H RSI 位于健康强势区间,4H EMA 仍偏震荡
236,CMDB,COSTAMARE BULKERS HOLDINGS LTD,Industrials,Prism,Russell,30,55.57,66.71,67.1,2.57,50.0,70.64,69.05,,,,,,90.74,52.4,,89,confirmed_bullish_trend,70,bullish_above_signal,72.19,23.504999,0.1,-0.02266112,0.14323931,0.34776363,0.27191553,4H EMA 多头排列已连续维持；4H MACD 位于 Signal 上方,4H 相对 EMA26 超过 2 ATR，短线偏追高；4H RSI 偏热
237,TNK,TEEKAY TANKERS LTD CLASS A,Energy,Prism,Russell,41,55.54,66.13,67.1,3.69,50.0,73.53,72.25,,,,,,83.46,50.94,,89,confirmed_bullish_trend,78,bullish_above_signal,72.19,96.459999,0.56,0.04569349,0.09265972,0.26538102,0.25517243,4H EMA 多头排列已连续维持；4H MACD 位于 Signal 上方；4H MACD 柱体连续扩张,4H 相对 EMA26 超过 2 ATR，短线偏追高；4H RSI 偏热
238,NUTX,NUTEX HEALTH INC,Health Care,Prism,Russell,329,55.44,41.45,73.0,44.89,50.0,59.93,62.7,,,,,,51.3,45.51,,58,mixed_sideways,88,fresh_above_zero_cross,59.97,199.085007,0.16,0.05083004,0.06303400,0.00522597,0.34054955,4H MACD 零轴上方刚金叉；4H MACD 柱体连续扩张；4H RSI 位于健康强势区间,4H EMA 仍偏震荡
239,KROS,KEROS THERAPEUTICS,Health Care,Prism,Russell,328,55.44,41.45,73.0,44.89,50.0,57.77,60.3,,,,,,51.3,45.51,,58,mixed_sideways,80,fresh_above_zero_cross,53.88,11.235,0.26,-0.00487157,0.01398917,0.04706431,0.11347869,4H MACD 零轴上方刚金叉；4H RSI 位于健康强势区间,4H EMA 仍偏震荡
240,HY,HYSTER YALE INC CLASS A,Industrials,Prism,Russell,752,55.44,40.79,65.2,67.21,50.0,55.07,57.3,,,,,,48.04,43.86,,58,mixed_sideways,70,bullish_above_signal,53.17,34.845001,0.13,-0.03382776,0.06073069,-0.00669900,0.01707540,4H MACD 位于 Signal 上方；4H RSI 位于健康强势区间,4H EMA 仍偏震荡
241,PPHC,PUBLIC POLICY HOLDING INC,Industrials,Prism,Russell,536,55.42,41.05,73.0,45.72,50.0,56.56,58.95,,,,,,51.19,44.49,,55,mixed_sideways,80,fresh_above_zero_cross,53.9,11.285,0.29,0.02451203,0.03059361,0.08981169,0.13189569,4H MACD 零轴上方刚金叉；4H RSI 位于健康强势区间,4H EMA 仍偏震荡
242,CVEO,CIVEO CORP,Industrials,Prism,Russell,464,55.4,41.15,75.1,39.71,50.0,72.08,76.2,,,,,,52.45,44.74,,100,confirmed_bullish_trend,70,bullish_above_signal,55.17,33.919998,0.04,0.00369877,0.02199455,0.06232377,-0.01337996,4H EMA 多头排列已连续维持；4H MACD 位于 Signal 上方；4H RSI 位于健康强势区间,
243,HWBK,HAWTHORN BANCSHARES,Financials,Prism,Russell,749,55.38,40.8,65.2,66.8,50.0,55.07,57.3,,,,,,48.09,43.87,,58,mixed_sideways,70,bullish_above_signal,52.7,39.560001,0.12,-0.01075271,0.02513607,-0.00802407,0.01461911,4H MACD 位于 Signal 上方；4H RSI 位于健康强势区间,4H EMA 仍偏震荡
244,FCFS,FIRSTCASH HOLDINGS INC,Financials,Prism,Russell,252,55.28,48.46,75.1,21.86,50.0,75.74,78.6,,,,,,59.44,46.14,,100,confirmed_bullish_trend,78,bullish_above_signal,61.79,229.259995,0.22,0.00356755,0.06242181,0.09767305,0.10919731,4H EMA 多头排列已连续维持；4H MACD 位于 Signal 上方；4H MACD 柱体连续扩张；4H RSI 位于健康强势区间,
245,PIPR,PIPER SANDLER COMPANIES,Financials,Prism,Russell,449,55.21,41.17,75.1,38.38,50.0,72.08,76.2,,,,,,52.75,44.8,,100,confirmed_bullish_trend,70,bullish_above_signal,57.15,77.010002,0.27,-0.00632255,0.03410771,0.02844558,-0.00580941,4H EMA 多头排列已连续维持；4H MACD 位于 Signal 上方；4H RSI 位于健康强势区间,
246,SPFI,SOUTH PLAINS FINANCIAL INC,Financials,Prism,Russell,737,55.2,40.81,65.2,65.57,50.0,55.07,57.3,,,,,,48.27,43.9,,58,mixed_sideways,70,bullish_above_signal,52.53,44.790001,0.1,-0.01343614,0.02447392,0.00685624,-0.01213055,4H MACD 位于 Signal 上方；4H RSI 位于健康强势区间,4H EMA 仍偏震荡
247,RNGR,RANGER ENERGY SERVICES INC CLASS A,Energy,Prism,Russell,445,55.16,41.18,75.1,38.02,50.0,74.24,78.6,,,,,,52.87,44.82,,100,confirmed_bullish_trend,78,bullish_above_signal,57.54,17.1152,0.16,0.00147455,0.00855634,0.03227986,0.18117322,4H EMA 多头排列已连续维持；4H MACD 位于 Signal 上方；4H MACD 柱体连续扩张；4H RSI 位于健康强势区间,
248,NHC,NATIONAL HEALTHCARE CORP,Health Care,Prism,Russell,389,55.15,41.32,67.6,57.62,50.0,55.61,57.9,,,,,,49.64,45.18,,58,mixed_sideways,72,fresh_below_zero_cross,57.26,226.179993,0.11,0.02795071,0.02795071,0.02795071,-0.01912487,4H MACD 刚金叉但仍需零轴确认；4H MACD 柱体连续扩张；4H RSI 位于健康强势区间,4H EMA 仍偏震荡
249,STNG,SCORPIO TANKERS,Energy,Prism,Russell,238,55.09,48.5,75.1,20.52,50.0,69.12,71.25,,,,,,60.02,46.25,,89,confirmed_bullish_trend,70,bullish_above_signal,64.88,83.160004,0.19,0.02099456,0.04459243,0.08705888,0.05132751,4H EMA 多头排列已连续维持；4H MACD 位于 Signal 上方；4H RSI 位于健康强势区间,4H 相对 EMA26 超过 2 ATR，短线偏追高
250,ACT,ENACT HOLDINGS INC,Financials,Prism,Russell,433,55.05,41.21,75.1,37.25,50.0,72.08,76.2,,,,,,53.22,44.89,,100,confirmed_bullish_trend,70,bullish_above_signal,55.03,49.470001,0.16,0.00324478,0.02126346,0.01957958,0.03148461,4H EMA 多头排列已连续维持；4H MACD 位于 Signal 上方；4H RSI 位于健康强势区间,
251,CZWI,CITIZENS COMMUNITY BANCORP INC,Financials,Prism,Russell,233,55.0,48.53,75.1,19.81,50.0,73.58,76.2,,,,,,60.42,46.33,,100,confirmed_bullish_trend,70,bullish_above_signal,63.58,22.110001,0.16,0.00226664,0.06657024,0.08835835,0.02885067,4H EMA 多头排列已连续维持；4H MACD 位于 Signal 上方；4H RSI 位于健康强势区间,
252,MIR,MIRION TECHNOLOGIES CLASS A,Information Technology,Prism,Russell,232,54.98,48.54,75.1,19.7,50.0,73.58,76.2,,,,,,60.45,46.34,,100,confirmed_bullish_trend,70,bullish_above_signal,61.43,16.52,0.1,-0.03222027,0.06511928,0.09549072,-0.01549470,4H EMA 多头排列已连续维持；4H MACD 位于 Signal 上方；4H RSI 位于健康强势区间,
253,SRI,STONERIDGE INC,Consumer Discretionary,Prism,Russell,719,54.98,40.83,65.2,64.03,50.0,55.07,57.3,,,,,,48.49,43.95,,58,mixed_sideways,70,bullish_above_signal,52.05,7.255,0.08,-0.02091768,0.02471751,0.02039381,-0.01560380,4H MACD 位于 Signal 上方；4H RSI 位于健康强势区间,4H EMA 仍偏震荡
254,IPI,INTREPID POTASH INC,Materials,Prism,Russell,231,54.97,48.54,75.1,19.6,50.0,73.58,76.2,,,,,,60.46,46.34,,100,confirmed_bullish_trend,70,bullish_above_signal,62.77,40.874199,0.1,-0.01596868,0.00403341,0.08333419,0.15856576,4H EMA 多头排列已连续维持；4H MACD 位于 Signal 上方；4H RSI 位于健康强势区间,
255,INFQ,INFLEQTION INC,Information Technology,Prism,Russell,226,54.92,48.58,75.1,19.19,50.0,75.74,78.6,,,,,,60.94,46.44,,100,confirmed_bullish_trend,78,bullish_above_signal,57.99,13.815,0.17,-0.02950474,0.08779528,0.18076923,0.44206681,4H EMA 多头排列已连续维持；4H MACD 位于 Signal 上方；4H MACD 柱体连续扩张；4H RSI 位于健康强势区间,
256,TARS,TARSUS PHARMACEUTICALS,Health Care,Prism,Russell,36,54.92,66.26,65.2,4.31,50.0,60.07,57.3,,,,,,80.08,51.27,,58,mixed_sideways,70,bullish_above_signal,62.4,83.690002,0.17,-0.06282196,0.12941976,0.23518568,0.41979815,4H MACD 位于 Signal 上方；4H RSI 位于健康强势区间,4H EMA 仍偏震荡
257,RBCAA,REPUBLIC BANCORP INC CLASS A,Financials,Prism,Russell,710,54.84,40.84,65.2,63.11,50.0,55.07,57.3,,,,,,48.64,43.98,,58,mixed_sideways,70,bullish_above_signal,52.96,96.165001,0.44,0.00005197,0.01397095,-0.01389455,-0.04389542,4H MACD 位于 Signal 上方；4H RSI 位于健康强势区间,4H EMA 仍偏震荡
258,MRX,MAREX GROUP LTD,Financials,Prism,Russell,49,54.78,66.01,65.2,4.0,50.0,60.07,57.3,,,,,,81.96,50.64,,58,mixed_sideways,70,bullish_above_signal,57.19,75.470001,0.32,-0.01545885,0.03781628,0.24517406,0.17646140,4H MACD 位于 Signal 上方；4H RSI 位于健康强势区间,4H EMA 仍偏震荡
259,ASC,ARDMORE SHIPPING CORP,Energy,Prism,Russell,210,54.77,48.64,75.1,18.06,50.0,73.58,76.2,,,,,,61.82,46.61,,100,confirmed_bullish_trend,70,bullish_above_signal,58.21,18.225,0.13,0.00857775,0.03140917,0.11128049,0.11060329,4H EMA 多头排列已连续维持；4H MACD 位于 Signal 上方；4H RSI 位于健康强势区间,
260,ARDT,ARDENT HEALTH INC,Health Care,Prism,Russell,378,54.76,41.33,67.6,55.0,50.0,54.39,56.55,,,,,,49.81,45.21,,55,mixed_sideways,72,fresh_below_zero_cross,56.74,11.11,0.41,0.03252788,0.01461187,0.00361337,-0.03307224,4H MACD 刚金叉但仍需零轴确认；4H MACD 柱体连续扩张；4H RSI 位于健康强势区间,4H EMA 仍偏震荡
261,NRIX,NURIX THERAPEUTICS INC,Health Care,Prism,Russell,376,54.73,41.34,67.6,54.8,50.0,55.61,57.9,,,,,,49.86,45.22,,58,mixed_sideways,72,fresh_below_zero_cross,51.34,26.209999,0.13,0.00537012,0.00537012,0.01314256,0.08485095,4H MACD 刚金叉但仍需零轴确认；4H MACD 柱体连续扩张；4H RSI 位于健康强势区间,4H EMA 仍偏震荡
262,VRNS,VARONIS SYSTEMS,Information Technology,Prism,Russell,203,54.71,48.68,75.1,17.55,50.0,73.58,76.2,,,,,,62.24,46.7,,100,confirmed_bullish_trend,70,bullish_above_signal,58.21,45.740002,0.19,0.00571684,0.08004732,0.07826507,0.02464164,4H EMA 多头排列已连续维持；4H MACD 位于 Signal 上方；4H RSI 位于健康强势区间,
263,SLNH,SOLUNA HOLDINGS INC,Information Technology,Prism,Russell,1082,54.68,40.49,87.7,96.2,50.0,59.12,61.8,,,,,,44.31,43.11,,76,early_transition,58,bullish_above_signal,57.99,1.255,0.14,-0.02334630,0.19523810,0.04149378,0.02032520,4H EMA9 已站上 EMA26，等待 26/50 确认；4H MACD 位于 Signal 上方；4H RSI 位于健康强势区间,
264,HYLN,HYLIION HOLDINGS CORP,Industrials,Prism,Russell,1084,54.66,40.49,87.7,96.05,50.0,62.36,65.4,,,,,,44.29,43.11,,76,early_transition,70,bullish_above_signal,61.27,3.9,0.12,-0.03822441,0.13702624,-0.00636943,0.10325318,4H EMA9 已站上 EMA26，等待 26/50 确认；4H MACD 位于 Signal 上方；4H RSI 位于健康强势区间,
265,INSP,INSPIRE MEDICAL SYSTEMS,Health Care,Prism,Russell,173,54.66,48.82,73.0,22.47,50.0,61.43,62.7,,,,,,59.07,47.06,,58,mixed_sideways,88,fresh_above_zero_cross,67.99,65.830002,0.33,0.05742512,0.06988466,0.10286485,0.26474550,4H MACD 零轴上方刚金叉；4H MACD 柱体连续扩张；4H RSI 位于健康强势区间,4H EMA 仍偏震荡
266,CBIO,CRESCENT BIOPHARMA,Health Care,Prism,Russell,123,54.62,49.18,75.1,15.8,50.0,73.58,76.2,,,,,,63.5,47.95,,100,confirmed_bullish_trend,70,bullish_above_signal,61.96,20.209999,0.16,-0.03023037,0.12590517,0.16820810,0.22410654,4H EMA 多头排列已连续维持；4H MACD 位于 Signal 上方；4H RSI 位于健康强势区间,
267,REX,REX AMERICAN RESOURCES,Energy,Prism,Russell,694,54.62,40.85,65.2,61.62,50.0,53.18,55.2,,,,,,48.81,44.01,,56,mixed_sideways,66,bullish_above_signal,51.68,42.52,0.27,0.00212114,0.01673840,-0.01869379,0.00141312,4H MACD 位于 Signal 上方；4H MACD 柱体连续扩张；4H RSI 位于健康强势区间,4H EMA 仍偏震荡
268,NX,QUANEX BUILDING PRODUCTS CORP,Industrials,Prism,Russell,190,54.58,48.75,75.1,16.52,50.0,73.58,76.2,,,,,,63.1,46.87,,100,confirmed_bullish_trend,70,bullish_above_signal,61.11,21.825001,0.21,-0.01866003,0.17941109,0.03534160,0.12326305,4H EMA 多头排列已连续维持；4H MACD 位于 Signal 上方；4H RSI 位于健康强势区间,
269,SMR,NUSCALE POWER CORP CLASS A,Industrials,Prism,Russell,189,54.57,48.76,75.1,16.42,50.0,69.12,71.25,,,,,,63.27,46.9,,89,confirmed_bullish_trend,70,bullish_above_signal,65.35,10.871,0.09,-0.02720358,0.17842818,0.18420479,0.32411693,4H EMA 多头排列已连续维持；4H MACD 位于 Signal 上方；4H RSI 位于健康强势区间,4H 相对 EMA26 超过 2 ATR，短线偏追高
270,EGY,VAALCO ENERGY INC,Energy,Prism,Russell,383,54.42,41.33,75.1,32.73,50.0,74.24,78.6,,,,,,54.79,45.21,,100,confirmed_bullish_trend,78,bullish_above_signal,64.68,6.165,0.17,0.01481481,0.03093645,0.05927835,0.22321429,4H EMA 多头排列已连续维持；4H MACD 位于 Signal 上方；4H MACD 柱体连续扩张；4H RSI 位于健康强势区间,
271,MNSB,MAINSTREET BANCSHARES,Financials,Prism,Russell,382,54.42,41.33,75.1,32.73,50.0,72.08,76.2,,,,,,54.79,45.21,,100,confirmed_bullish_trend,70,bullish_above_signal,57.66,25.49,0.14,-0.00894242,0.03407708,0.06296914,0.08606737,4H EMA 多头排列已连续维持；4H MACD 位于 Signal 上方；4H RSI 位于健康强势区间,
272,CFFN,CAPITOL FEDERAL FINANCIAL INC,Financials,Prism,Russell,678,54.42,40.88,65.2,60.24,50.0,55.07,57.3,,,,,,49.15,44.08,,58,mixed_sideways,70,bullish_above_signal,55.02,8.775,0.3,-0.00566572,0.02631579,0.00057013,0.00057013,4H MACD 位于 Signal 上方；4H RSI 位于健康强势区间,4H EMA 仍偏震荡
273,INFU,INFUSYSTEM HOLDINGS INC,Health Care,Prism,Russell,557,54.42,41.01,54.4,88.71,50.0,48.46,49.95,,,,,,45.79,44.41,,55,mixed_sideways,50,mixed_or_bearish,51.42,12.07,0.16,0.00249169,-0.00247934,-0.00165426,0.21673387,4H MACD 柱体连续扩张；4H RSI 位于健康强势区间,4H EMA 仍偏震荡；4H MACD 尚未确认多头
274,BULL,WEBULL CORP CLASS A,Financials,Prism,Russell,48,54.41,66.02,64.3,3.9,50.0,69.52,67.8,,,,,,82.08,50.67,,100,confirmed_bullish_trend,42,mixed_or_bearish,59.14,9.595,0.08,0.00840778,0.05093100,0.32253618,0.31890034,4H EMA 多头排列已连续维持；4H RSI 位于健康强势区间,4H MACD 尚未确认多头
275,NBBK,NB BANCORP INC,Financials,Prism,Russell,677,54.41,40.89,65.2,60.13,50.0,55.07,57.3,,,,,,49.19,44.09,,58,mixed_sideways,70,bullish_above_signal,52.77,22.76,0.19,-0.01258130,0.03219959,0.00752545,-0.01258130,4H MACD 位于 Signal 上方；4H RSI 位于健康强势区间,4H EMA 仍偏震荡
276,FBIZ,FIRST BUSINESS FINANCIAL SERVICES,Financials,Prism,Russell,676,54.39,40.89,65.2,60.03,50.0,55.07,57.3,,,,,,49.2,44.09,,58,mixed_sideways,70,bullish_above_signal,53.88,71.690002,0.16,-0.00513455,0.02988078,0.01357273,0.04565350,4H MACD 位于 Signal 上方；4H RSI 位于健康强势区间,4H EMA 仍偏震荡
277,PARR,PAR PACIFIC HOLDINGS,Energy,Prism,Russell,175,54.37,48.82,75.1,14.98,50.0,73.58,76.2,,,,,,64.0,47.05,,100,confirmed_bullish_trend,70,bullish_above_signal,57.57,81.605003,0.16,-0.00402752,0.02044519,0.13862153,0.03179931,4H EMA 多头排列已连续维持；4H MACD 位于 Signal 上方；4H RSI 位于健康强势区间,
278,JCAP,JEFFERSON CAPITAL INC,Financials,Prism,Russell,674,54.35,40.89,65.2,59.72,50.0,51.83,53.7,,,,,,49.25,44.1,,58,mixed_sideways,58,bullish_above_signal,51.04,21.57,0.18,-0.01055041,0.04404647,0.02106509,0.05065752,4H MACD 位于 Signal 上方；4H RSI 位于健康强势区间,4H EMA 仍偏震荡
279,CXW,CORECIVIC REIT,Industrials,Prism,Russell,373,54.29,41.34,75.1,31.86,50.0,72.08,76.2,,,,,,54.9,45.23,,100,confirmed_bullish_trend,70,bullish_above_signal,57.74,34.529999,0.19,-0.01060180,0.05531779,0.04604669,0.12769425,4H EMA 多头排列已连续维持；4H MACD 位于 Signal 上方；4H RSI 位于健康强势区间,
280,NESR,NATIONAL ENERGY SERVICES REUNITED,Energy,Prism,Russell,1149,54.28,40.42,54.4,89.12,50.0,49.67,51.3,,,,,,43.41,42.93,,58,mixed_sideways,50,mixed_or_bearish,55.89,34.790001,0.17,0.00899075,0.00201613,-0.02712520,0.36217696,4H MACD 柱体连续扩张；4H RSI 位于健康强势区间,4H EMA 仍偏震荡；4H MACD 尚未确认多头
281,ABM,ABM INDUSTRIES INC,Industrials,Prism,Russell,371,54.27,41.35,75.1,31.71,50.0,72.8,77.0,,,,,,54.93,45.24,,100,confirmed_bullish_trend,70,bullish_above_signal,62.21,49.5425,0.64,-0.00736325,0.06703640,0.03385856,0.00634776,4H EMA 多头排列已连续维持；4H MACD 位于 Signal 上方；4H RSI 位于健康强势区间,
282,CCO,CLEAR CHANNEL OUTDOOR HOLDINGS INC,Communication,Prism,Russell,1109,54.26,40.46,87.7,93.48,50.0,62.36,65.4,,,,,,43.9,43.03,,76,early_transition,70,bullish_above_signal,53.73,2.385,0.19,-0.00209205,0.01059322,-0.01242236,-0.01446281,4H EMA9 已站上 EMA26，等待 26/50 确认；4H MACD 位于 Signal 上方；4H RSI 位于健康强势区间,
283,PBF,PBF ENERGY CLASS A,Energy,Prism,Russell,150,54.16,48.95,75.1,13.24,50.0,73.58,76.2,,,,,,65.62,47.37,,100,confirmed_bullish_trend,70,bullish_above_signal,59.91,76.110001,0.15,0.00237062,0.01520608,0.14796376,0.24688728,4H EMA 多头排列已连续维持；4H MACD 位于 Signal 上方；4H RSI 位于健康强势区间,
284,FLXS,FLEXSTEEL INDUSTRIES INC,Consumer Discretionary,Prism,Russell,149,54.14,48.95,75.1,13.13,50.0,75.74,78.6,,,,,,65.63,47.38,,100,confirmed_bullish_trend,78,bullish_above_signal,63.96,84.660004,0.09,0.01153001,0.07137443,0.12639701,0.09097946,4H EMA 多头排列已连续维持；4H MACD 位于 Signal 上方；4H MACD 柱体连续扩张；4H RSI 位于健康强势区间,
285,SND,SMART SAND INC,Energy,Prism,Russell,145,54.08,48.99,75.1,12.62,50.0,73.58,76.2,,,,,,66.14,47.48,,100,confirmed_bullish_trend,70,bullish_above_signal,65.89,5.37,0.03,0.00093197,0.02873563,0.16993464,0.30339806,4H EMA 多头排列已连续维持；4H MACD 位于 Signal 上方；4H RSI 位于健康强势区间,
286,MD,PEDIATRIX MEDICAL GROUP INC,Health Care,Prism,Russell,300,54.01,48.28,65.2,40.23,50.0,56.57,57.3,,,,,,52.27,45.7,,58,mixed_sideways,70,bullish_above_signal,56.27,27.0,0.16,0.00859171,0.02002271,0.03547455,0.00521217,4H MACD 位于 Signal 上方；4H RSI 位于健康强势区间,4H EMA 仍偏震荡
287,LXU,LSB INDUSTRIES,Materials,Prism,Russell,139,54.0,49.06,75.1,11.9,50.0,73.58,76.2,,,,,,66.97,47.64,,100,confirmed_bullish_trend,70,bullish_above_signal,66.81,11.65,0.26,0.02823453,0.04297225,0.15575397,0.01835664,4H EMA 多头排列已连续维持；4H MACD 位于 Signal 上方；4H RSI 位于健康强势区间,
288,WEYS,WEYCO GROUP INC,Consumer Discretionary,Prism,Russell,923,54.0,40.63,54.4,86.81,50.0,46.3,47.55,,,,,,46.06,43.46,,55,mixed_sideways,42,mixed_or_bearish,50.34,44.650002,0.34,0.00563063,0.00926763,-0.03937173,0.13757967,4H RSI 位于健康强势区间,4H EMA 仍偏震荡；4H MACD 尚未确认多头
289,MATV,MATIV HOLDINGS,Materials,Prism,Russell,1013,53.98,40.55,50.8,96.46,50.0,43.73,44.7,,,,,,44.97,43.24,,58,mixed_sideways,28,fresh_bearish_cross,57.13,12.5,0.17,-0.00039984,0.03734440,-0.02267396,0.42857143,4H RSI 位于健康强势区间,4H EMA 仍偏震荡；4H MACD 最近死叉
290,FSBW,FS BANCORP INC,Financials,Prism,Russell,648,53.97,40.92,65.2,57.11,50.0,55.07,57.3,,,,,,49.66,44.18,,58,mixed_sideways,70,bullish_above_signal,50.92,43.119999,0.0,-0.00369686,0.01387256,0.01007262,-0.01586215,4H MACD 位于 Signal 上方；4H RSI 位于健康强势区间,4H EMA 仍偏震荡
291,ECVT,ECOVYST,Materials,Prism,Russell,650,53.97,40.92,65.2,57.11,50.0,51.97,53.85,,,,,,49.66,44.18,,53,mixed_sideways,66,bullish_above_signal,51.26,10.31,0.23,0.01028907,0.02079208,0.02281746,-0.16382806,4H MACD 位于 Signal 上方；4H MACD 柱体连续扩张；4H RSI 位于健康强势区间,4H EMA 仍偏震荡
292,MLYS,MINERALYS THERAPEUTICS,Health Care,Prism,Russell,82,53.92,58.61,67.1,10.47,50.0,69.14,69.05,,,,,,68.89,49.03,,89,confirmed_bullish_trend,70,bullish_above_signal,71.57,31.049999,0.29,-0.00384989,0.21336456,0.13445370,0.15298919,4H EMA 多头排列已连续维持；4H MACD 位于 Signal 上方,4H 相对 EMA26 超过 2 ATR，短线偏追高；4H RSI 偏热
293,WTBA,WEST BANCORPORATION INC,Financials,Prism,Russell,645,53.88,40.93,65.2,56.49,50.0,55.07,57.3,,,,,,49.7,44.19,,58,mixed_sideways,70,bullish_above_signal,53.88,28.91,0.34,-0.00241546,0.02882562,0.01759944,0.03231569,4H MACD 位于 Signal 上方；4H RSI 位于健康强势区间,4H EMA 仍偏震荡
294,BWFG,BANKWELL FINANCIAL GROUP INC,Financials,Prism,Russell,638,53.82,40.93,65.2,56.08,50.0,51.83,53.7,,,,,,49.72,44.19,,58,mixed_sideways,58,bullish_above_signal,53.91,66.860001,0.23,0.00104806,0.02201166,-0.00014957,0.00029930,4H MACD 位于 Signal 上方；4H RSI 位于健康强势区间,4H EMA 仍偏震荡
295,NAT,NORDIC AMERICAN TANKERS LTD,Energy,Prism,Russell,114,53.79,49.23,75.1,10.16,50.0,73.58,76.2,,,,,,69.1,48.07,,100,confirmed_bullish_trend,70,bullish_above_signal,65.72,7.295,0.23,0.00968858,0.05571635,0.15977742,0.14162754,4H EMA 多头排列已连续维持；4H MACD 位于 Signal 上方；4H RSI 位于健康强势区间,
296,EPM,EVOLUTION PETROLEUM CORP,Energy,Prism,Russell,950,53.74,40.6,87.7,89.69,50.0,62.36,65.4,,,,,,45.66,43.38,,76,early_transition,70,bullish_above_signal,51.38,3.66,0.23,-0.00813008,-0.00543478,-0.01612903,0.00273973,4H EMA9 已站上 EMA26，等待 26/50 确认；4H MACD 位于 Signal 上方；4H RSI 位于健康强势区间,
297,WHD,CACTUS CLASS A,Energy,Prism,Russell,908,53.74,40.65,54.4,85.02,50.0,46.3,47.55,,,,,,46.24,43.5,,55,mixed_sideways,42,mixed_or_bearish,51.65,70.144997,0.1,0.00107032,-0.00742891,-0.01287646,0.32050072,4H RSI 位于健康强势区间,4H EMA 仍偏震荡；4H MACD 尚未确认多头
298,DK,DELEK US HOLDINGS INC,Energy,Prism,Russell,109,53.71,49.28,75.1,9.49,50.0,73.58,76.2,,,,,,69.76,48.2,,100,confirmed_bullish_trend,70,bullish_above_signal,56.82,73.632599,0.26,-0.02660319,0.00398968,0.21126168,0.17156088,4H EMA 多头排列已连续维持；4H MACD 位于 Signal 上方；4H RSI 位于健康强势区间,
299,SLP,SIMULATIONS PLUS,Health Care,Prism,Russell,525,53.71,41.06,54.4,83.89,50.0,46.3,47.55,,,,,,46.36,44.52,,55,mixed_sideways,42,mixed_or_bearish,56.88,18.424999,0.12,0.00027139,0.00081472,0.00436086,0.00436086,4H RSI 位于健康强势区间,4H EMA 仍偏震荡；4H MACD 尚未确认多头
300,TBPH,THERAVANCE BIOPHARMA,Health Care,Prism,Russell,524,53.68,41.06,54.4,83.68,50.0,47.51,48.9,,,,,,46.37,44.52,,58,mixed_sideways,42,mixed_or_bearish,58.99,17.065001,0.06,-0.00087816,0.00087988,0.00976337,0.01036128,4H RSI 位于健康强势区间,4H EMA 仍偏震荡；4H MACD 尚未确认多头
301,VALU,VALUE LINE INC,Financials,Prism,Russell,185,53.67,48.77,73.0,16.01,50.0,58.06,58.95,,,,,,63.42,46.93,,55,mixed_sideways,80,fresh_above_zero_cross,50.51,37.860001,0.19,0.00933093,0.01569414,0.03326031,-0.07613468,4H MACD 零轴上方刚金叉；4H RSI 位于健康强势区间,4H EMA 仍偏震荡
302,MUR,MURPHY OIL CORP,Energy,Prism,Russell,307,53.66,41.51,75.1,27.3,50.0,74.24,78.6,,,,,,56.93,45.64,,100,confirmed_bullish_trend,78,bullish_above_signal,62.22,38.189999,0.24,0.02112291,0.01542138,0.07638103,0.04201902,4H EMA 多头排列已连续维持；4H MACD 位于 Signal 上方；4H MACD 柱体连续扩张；4H RSI 位于健康强势区间,
303,UTZ,UTZ BRANDS CLASS A,Consumer Staples,Prism,Russell,520,53.61,41.06,54.4,83.17,50.0,49.67,51.3,,,,,,46.41,44.53,,58,mixed_sideways,50,mixed_or_bearish,60.02,14.21,0.12,-0.00070323,-0.00035174,0.00708717,0.00923295,4H MACD 柱体连续扩张；4H RSI 位于健康强势区间,4H EMA 仍偏震荡；4H MACD 尚未确认多头
304,LTC,LTC PROPERTIES REIT,Real Estate,Prism,Russell,301,53.59,41.52,75.1,26.78,50.0,72.8,77.0,,,,,,57.15,45.68,,100,confirmed_bullish_trend,70,bullish_above_signal,65.47,42.220001,0.85,0.00356551,0.01980674,0.07103001,0.00763721,4H EMA 多头排列已连续维持；4H MACD 位于 Signal 上方；4H RSI 位于健康强势区间,
305,TXNM,TXNM ENERGY INC,Utilities,Prism,Russell,276,53.58,48.36,65.2,37.15,50.0,56.57,57.3,,,,,,53.28,45.91,,58,mixed_sideways,70,bullish_above_signal,58.77,57.990002,0.14,-0.00257993,0.00224682,0.01115962,-0.00103354,4H MACD 位于 Signal 上方；4H RSI 位于健康强势区间,4H EMA 仍偏震荡
306,VGZ,VISTA GOLD CORP,Materials,Prism,Russell,663,53.41,40.91,98.2,58.75,50.0,74.51,78.9,,,,,,49.45,44.14,,94,fresh_bullish_cross,88,fresh_above_zero_cross,53.4,2.295,0.24,0.01773836,0.09808612,0.03146067,0.36201780,4H EMA9/26 最近金叉且价格在 EMA50 上方；4H MACD 零轴上方刚金叉；4H MACD 柱体连续扩张；4H RSI 位于健康强势区间,
307,BZH,BEAZER HOMES,Consumer Discretionary,Prism,Russell,738,53.41,40.81,60.7,65.67,50.0,60.74,63.6,,,,,,48.25,43.9,,100,confirmed_bullish_trend,28,fresh_bearish_cross,54.98,33.255001,0.09,-0.00015024,0.00135507,0.00529018,-0.00523479,4H EMA 多头排列已连续维持；4H RSI 位于健康强势区间,4H MACD 最近死叉
308,CLMT,CALUMET,Energy,Prism,Russell,79,53.37,58.67,67.1,6.67,50.0,69.14,69.05,,,,,,74.59,49.17,,89,confirmed_bullish_trend,70,bullish_above_signal,72.28,54.869999,0.22,0.01535896,0.06564375,0.20619909,0.32344429,4H EMA 多头排列已连续维持；4H MACD 位于 Signal 上方,4H 相对 EMA26 超过 2 ATR，短线偏追高；4H RSI 偏热
309,SD,SANDRIDGE ENERGY INC,Energy,Prism,Russell,558,53.34,41.01,67.1,47.67,50.0,67.81,71.45,,,,,,50.79,44.41,,89,confirmed_bullish_trend,78,bullish_above_signal,68.91,14.715,0.21,0.01904432,0.02400835,0.02400835,0.11901141,4H EMA 多头排列已连续维持；4H MACD 位于 Signal 上方；4H MACD 柱体连续扩张,4H 相对 EMA26 超过 2 ATR，短线偏追高；4H RSI 偏热
310,PDYN,PALLADYNE AI CORP,Industrials,Prism,Russell,1464,53.34,39.97,65.2,55.11,50.0,51.97,53.85,,,,,,37.8,41.81,,53,mixed_sideways,66,bullish_above_signal,50.76,5.81,0.09,-0.00212971,0.06801471,-0.06214689,0.14935707,4H MACD 位于 Signal 上方；4H MACD 柱体连续扩张；4H RSI 位于健康强势区间,4H EMA 仍偏震荡
311,AESI,ATLAS ENERGY SOLUTIONS,Energy,Prism,Russell,70,53.33,58.8,67.1,6.05,50.0,69.14,69.05,,,,,,76.25,49.5,,89,confirmed_bullish_trend,70,bullish_above_signal,72.41,14.33,0.43,0.01992883,0.13012618,0.21750212,0.30391265,4H EMA 多头排列已连续维持；4H MACD 位于 Signal 上方,4H 相对 EMA26 超过 2 ATR，短线偏追高；4H RSI 偏热
312,AVLN,AVALYN PHARMA INC,Health Care,Prism,Russell,265,53.32,48.4,65.2,35.3,50.0,56.57,57.3,,,,,,53.75,46.0,,58,mixed_sideways,70,bullish_above_signal,51.35,36.535,0.11,-0.04095028,0.03969838,0.05714696,0.30856017,4H MACD 位于 Signal 上方；4H RSI 位于健康强势区间,4H EMA 仍偏震荡
313,CBFV,CB FINANCIAL SERVICES INC,Financials,Prism,Russell,885,53.32,40.67,54.4,82.14,50.0,48.46,49.95,,,,,,46.48,43.55,,55,mixed_sideways,50,mixed_or_bearish,51.54,37.509998,0.3,0.00563000,-0.00635767,0.01323603,0.02837560,4H MACD 柱体连续扩张；4H RSI 位于健康强势区间,4H EMA 仍偏震荡；4H MACD 尚未确认多头
314,ATLO,AMES NATIONAL CORP,Financials,Prism,Russell,615,53.29,40.95,65.2,52.54,50.0,55.07,57.3,,,,,,50.02,44.25,,58,mixed_sideways,70,bullish_above_signal,50.47,31.77,0.14,-0.00563383,0.01404405,0.02055898,0.03959427,4H MACD 位于 Signal 上方；4H RSI 位于健康强势区间,4H EMA 仍偏震荡
315,PAYS,PAYSIGN INC,Financials,Prism,Russell,349,53.26,41.39,73.0,30.48,50.0,59.93,62.7,,,,,,55.55,45.36,,58,mixed_sideways,88,fresh_above_zero_cross,52.9,13.0505,0.19,0.01639408,0.05161160,0.04154030,0.43097588,4H MACD 零轴上方刚金叉；4H MACD 柱体连续扩张；4H RSI 位于健康强势区间,4H EMA 仍偏震荡
316,OIS,OIL STATES INTERNATIONAL,Energy,Prism,Russell,965,53.19,40.59,50.8,91.07,50.0,42.52,43.35,,,,,,45.51,43.35,,55,mixed_sideways,28,fresh_bearish_cross,52.05,8.761,0.46,-0.00329920,-0.00612592,-0.01005650,0.09103362,4H RSI 位于健康强势区间,4H EMA 仍偏震荡；4H MACD 最近死叉
317,KGEI,KOLIBRI GLOBAL ENERGY INC,Energy,Prism,Russell,54,53.18,59.18,67.1,4.21,50.0,72.84,73.15,,,,,,81.01,50.45,,89,confirmed_bullish_trend,78,bullish_above_signal,72.24,6.65,1.24,0.04889590,0.06999195,0.27639155,0.36550308,4H EMA 多头排列已连续维持；4H MACD 位于 Signal 上方；4H MACD 柱体连续扩张,4H 相对 EMA26 超过 2 ATR，短线偏追高；4H RSI 偏热
318,PESI,PERMA FIX ENVIRONMENTAL SERVICES I,Industrials,Prism,Russell,602,53.17,40.97,65.2,51.67,50.0,55.07,57.3,,,,,,50.25,44.3,,58,mixed_sideways,70,bullish_above_signal,54.88,18.51,0.25,-0.01385189,0.03668440,0.04164322,0.11707906,4H MACD 位于 Signal 上方；4H RSI 位于健康强势区间,4H EMA 仍偏震荡
319,CHCI,COMSTOCK HOLDING COMPANIES INC CLA,Real Estate,Prism,Russell,24,53.14,67.2,60.7,2.26,50.0,65.74,63.6,,,,,,96.89,53.63,,100,confirmed_bullish_trend,28,fresh_bearish_cross,60.96,20.83,0.4,0.01018424,0.04725998,0.37764550,0.38038436,4H EMA 多头排列已连续维持；4H RSI 位于健康强势区间,4H MACD 最近死叉
320,PAYO,PAYONEER GLOBAL INC,Financials,Prism,Russell,958,53.13,40.59,50.8,90.66,50.0,43.23,44.15,,,,,,45.56,43.36,,55,mixed_sideways,28,fresh_bearish_cross,51.97,7.135,0.68,-0.00139958,0.00422238,0.00563777,-0.00279525,4H RSI 位于健康强势区间,4H EMA 仍偏震荡；4H MACD 最近死叉
321,HTO,H2O AMERICA,Utilities,Prism,Russell,249,53.04,48.46,65.2,33.35,50.0,56.57,57.3,,,,,,54.55,46.16,,58,mixed_sideways,70,bullish_above_signal,53.82,64.309998,0.17,-0.00832691,0.00736212,0.04987343,0.00031104,4H MACD 位于 Signal 上方；4H RSI 位于健康强势区间,4H EMA 仍偏震荡
322,PURR,HYPERLIQUID STRATEGIES INC,Health Care,Prism,Russell,9,53.01,74.6,54.4,0.92,50.0,56.17,51.3,,,,,,100.0,55.25,,58,mixed_sideways,50,mixed_or_bearish,60.29,12.395,0.13,0.01001459,0.09158961,0.88230828,1.00891410,4H MACD 柱体连续扩张；4H RSI 位于健康强势区间,4H EMA 仍偏震荡；4H MACD 尚未确认多头
323,SMP,STANDARD MOTOR PRODUCTS INC,Consumer Discretionary,Prism,Russell,587,53.01,40.99,65.2,50.59,50.0,55.07,57.3,,,,,,50.45,44.34,,58,mixed_sideways,70,bullish_above_signal,51.64,38.950001,0.13,-0.01864444,0.03233504,-0.01765450,-0.03373853,4H MACD 位于 Signal 上方；4H RSI 位于健康强势区间,4H EMA 仍偏震荡
324,ARCT,ARCTURUS THERAPEUTICS HOLDINGS INC,Health Care,Prism,Russell,2,53.01,74.6,54.4,0.92,50.0,52.8,47.55,,,,,,100.0,55.25,,55,mixed_sideways,42,mixed_or_bearish,53.83,14.83,0.09,-0.06109528,-0.08569661,1.10354610,1.57465278,4H RSI 位于健康强势区间,4H EMA 仍偏震荡；4H MACD 尚未确认多头
325,PFIS,PEOPLES FINANCIAL SERVICES CORP,Financials,Prism,Russell,585,52.97,40.99,65.2,50.28,50.0,55.07,57.3,,,,,,50.46,44.34,,58,mixed_sideways,70,bullish_above_signal,53.02,70.860001,0.2,-0.00393587,0.03415067,0.02066976,-0.01760704,4H MACD 位于 Signal 上方；4H RSI 位于健康强势区间,4H EMA 仍偏震荡
326,TSBK,TIMBERLAND BANCORP INC,Financials,Prism,Russell,581,52.93,40.99,65.2,50.03,50.0,55.07,57.3,,,,,,50.49,44.35,,58,mixed_sideways,70,bullish_above_signal,53.18,46.25,0.54,0.00325384,0.03052582,0.02459019,0.04295860,4H MACD 位于 Signal 上方；4H RSI 位于健康强势区间,4H EMA 仍偏震荡
327,GNE,GENIE ENERGY LTD CLASS B,Utilities,Prism,Russell,205,52.88,48.67,67.1,26.68,50.0,71.6,74.0,,,,,,57.16,46.68,,100,confirmed_bullish_trend,70,bullish_above_signal,68.07,15.685,0.3,0.00770960,0.03122945,0.08247067,0.09493892,4H EMA 多头排列已连续维持；4H MACD 位于 Signal 上方,4H RSI 偏热
328,AMR,ALPHA METALLURGICAL RESOURCE,Materials,Prism,Russell,18,52.87,74.2,54.4,0.92,50.0,56.17,51.3,,,,,,100.0,54.25,,58,mixed_sideways,50,mixed_or_bearish,63.51,229.229996,0.18,0.01796300,-0.01702402,0.48947372,0.58013362,4H MACD 柱体连续扩张；4H RSI 位于健康强势区间,4H EMA 仍偏震荡；4H MACD 尚未确认多头
329,UCTT,ULTRA CLEAN HOLDINGS INC,Information Technology,Prism,Russell,1487,52.8,39.92,65.2,51.62,50.0,51.02,52.8,,,,,,37.15,41.68,,56,mixed_sideways,58,bullish_above_signal,55.34,75.110001,0.08,0.00059947,0.15429539,-0.08714144,-0.02980595,4H MACD 位于 Signal 上方；4H RSI 位于健康强势区间,4H EMA 仍偏震荡
330,AEHR,AEHR TEST SYSTEMS,Information Technology,Prism,Russell,1491,52.75,39.92,65.2,51.31,50.0,53.18,55.2,,,,,,37.09,41.67,,56,mixed_sideways,66,bullish_above_signal,59.14,98.195,0.15,0.08132367,0.28183534,-0.07520249,0.40238509,4H MACD 位于 Signal 上方；4H MACD 柱体连续扩张；4H RSI 位于健康强势区间,4H EMA 仍偏震荡
331,SHAZ,SHARONAI HOLDINGS INC CLASS A,Information Technology,Prism,Russell,570,52.74,41.0,65.2,48.74,50.0,51.02,52.8,,,,,,50.66,44.38,,56,mixed_sideways,58,bullish_above_signal,50.07,57.474998,0.3,-0.03216301,0.09060715,0.09102122,0.27978174,4H MACD 位于 Signal 上方；4H RSI 位于健康强势区间,4H EMA 仍偏震荡
332,SES,SES AI CLASS A,Industrials,Prism,Russell,1208,52.72,40.35,87.7,83.48,50.0,59.84,62.6,,,,,,42.47,42.74,,74,early_transition,58,bullish_above_signal,53.24,0.5457,1.12,0.00192784,0.04440191,0.02555911,0.02652370,4H EMA9 已站上 EMA26，等待 26/50 确认；4H MACD 位于 Signal 上方；4H RSI 位于健康强势区间,
333,SGRY,SURGERY PARTNERS,Health Care,Prism,Russell,1263,52.63,40.27,65.2,49.72,50.0,51.97,53.85,,,,,,36.53,42.56,,53,mixed_sideways,66,bullish_above_signal,52.19,14.355,0.11,0.01880767,-0.01678082,-0.09887006,-0.07803468,4H MACD 位于 Signal 上方；4H MACD 柱体连续扩张；4H RSI 位于健康强势区间,4H EMA 仍偏震荡
334,NEO,NEOGENOMICS,Health Care,Prism,Russell,243,52.55,48.48,64.3,32.38,50.0,68.18,70.2,,,,,,54.82,46.21,,100,confirmed_bullish_trend,50,mixed_or_bearish,58.45,17.825001,0.1,0.00706215,0.02148997,0.07185821,0.32824151,4H EMA 多头排列已连续维持；4H MACD 柱体连续扩张；4H RSI 位于健康强势区间,4H MACD 尚未确认多头
335,SLS,SELLAS LIFE SCIENCES GROUP INC,Health Care,Prism,Russell,62,52.47,58.93,64.3,7.49,50.0,70.18,70.2,,,,,,72.87,49.82,,100,confirmed_bullish_trend,50,mixed_or_bearish,55.19,14.12,0.17,0.01360324,0.06727135,0.28130672,0.40004363,4H EMA 多头排列已连续维持；4H MACD 柱体连续扩张；4H RSI 位于健康强势区间,4H MACD 尚未确认多头
336,TH,TARGET HOSPITALITY,Consumer Discretionary,Prism,Russell,58,52.46,59.03,65.2,4.82,50.0,58.57,57.3,,,,,,79.09,50.07,,58,mixed_sideways,70,bullish_above_signal,55.07,19.025,0.48,-0.05770188,0.05285003,0.18757803,0.28634212,4H MACD 位于 Signal 上方；4H RSI 位于健康强势区间,4H EMA 仍偏震荡
337,BHVN,BIOHAVEN,Health Care,Prism,Russell,478,52.45,41.13,54.4,75.32,50.0,45.08,46.2,,,,,,47.22,44.69,,52,mixed_sideways,42,mixed_or_bearish,51.75,15.38,0.21,0.02533333,-0.02349206,0.05704467,0.11732655,4H RSI 位于健康强势区间,4H EMA 仍偏震荡；4H MACD 尚未确认多头
338,ALG,ALAMO GROUP,Industrials,Prism,Russell,547,52.43,41.03,65.2,46.64,50.0,55.07,57.3,,,,,,50.95,44.44,,58,mixed_sideways,70,bullish_above_signal,58.27,170.990005,0.1,-0.01270279,0.04166927,0.01063894,0.04313084,4H MACD 位于 Signal 上方；4H RSI 位于健康强势区间,4H EMA 仍偏震荡
339,GENC,GENCOR INDUSTRIES INC,Industrials,Prism,Russell,91,52.39,58.48,64.3,8.0,50.0,70.18,70.2,,,,,,72.21,48.69,,100,confirmed_bullish_trend,50,mixed_or_bearish,53.41,18.690001,0.04,-0.02300042,0.01383249,0.16376103,0.24268624,4H EMA 多头排列已连续维持；4H MACD 柱体连续扩张；4H RSI 位于健康强势区间,4H MACD 尚未确认多头
340,BTU,PEABODY ENERGY CORP,Energy,Prism,Russell,89,52.36,58.5,64.3,7.8,50.0,70.18,70.2,,,,,,72.47,48.74,,100,confirmed_bullish_trend,50,mixed_or_bearish,60.93,29.559999,0.25,-0.00202573,0.01545854,0.19943189,0.27139781,4H EMA 多头排列已连续维持；4H MACD 柱体连续扩张；4H RSI 位于健康强势区间,4H MACD 尚未确认多头
341,MPTI,M TRON INDUSTRIES INC,Information Technology,Prism,Russell,1520,52.35,39.86,65.2,48.79,50.0,51.97,53.85,,,,,,36.35,41.52,,53,mixed_sideways,66,bullish_above_signal,54.05,78.510002,0.07,0.02930187,0.04707921,-0.07033742,-0.04291109,4H MACD 位于 Signal 上方；4H MACD 柱体连续扩张；4H RSI 位于健康强势区间,4H EMA 仍偏震荡
342,SM,SM ENERGY,Energy,Prism,Russell,88,52.34,58.51,64.3,7.59,50.0,70.18,70.2,,,,,,72.63,48.78,,100,confirmed_bullish_trend,50,mixed_or_bearish,60.67,38.099998,0.2,0.01898901,0.00157721,0.19962210,0.28477480,4H EMA 多头排列已连续维持；4H MACD 柱体连续扩张；4H RSI 位于健康强势区间,4H MACD 尚未确认多头
343,ASST,STRIVE INC CLASS A,Health Care,Prism,Russell,3,52.33,74.6,52.7,0.92,50.0,60.81,56.45,,,,,,100.0,55.25,,89,confirmed_bullish_trend,28,fresh_bearish_cross,73.98,26.48,0.13,-0.02539566,0.10333333,1.13376309,1.20758649,4H EMA 多头排列已连续维持,4H 相对 EMA26 超过 2 ATR，短线偏追高；4H MACD 最近死叉；4H RSI 偏热
344,LILA,LIBERTY LATIN AMERICA CLASS A,Communication,Prism,Russell,821,52.24,40.74,54.4,74.81,50.0,46.3,47.55,,,,,,47.35,43.72,,55,mixed_sideways,42,mixed_or_bearish,52.47,8.63,0.17,-0.00403924,0.00994734,0.01529412,0.03850782,4H RSI 位于健康强势区间,4H EMA 仍偏震荡；4H MACD 尚未确认多头
345,BHE,BENCHMARK ELECTRONICS INC,Information Technology,Prism,Russell,1531,52.17,39.84,65.2,47.61,50.0,51.02,52.8,,,,,,36.15,41.48,,56,mixed_sideways,58,bullish_above_signal,54.81,74.080002,0.15,-0.00175175,0.05182453,-0.08847047,-0.03629506,4H MACD 位于 Signal 上方；4H RSI 位于健康强势区间,4H EMA 仍偏震荡
346,WBTN,WEBTOON ENTERTAINMENT INC,Communication,Prism,Russell,816,52.16,40.74,54.4,74.29,50.0,46.3,47.55,,,,,,47.39,43.73,,55,mixed_sideways,42,mixed_or_bearish,54.22,10.06,0.38,-0.01081613,-0.02707930,0.06230201,0.08815576,4H RSI 位于健康强势区间,4H EMA 仍偏震荡；4H MACD 尚未确认多头
347,SG,SWEETGREEN CLASS A,Consumer Discretionary,Prism,Russell,57,52.08,59.04,64.3,4.62,50.0,70.18,70.2,,,,,,79.22,50.09,,100,confirmed_bullish_trend,50,mixed_or_bearish,56.26,6.91,0.12,0.02598367,0.06553585,0.27022059,0.08647799,4H EMA 多头排列已连续维持；4H MACD 柱体连续扩张；4H RSI 位于健康强势区间,4H MACD 尚未确认多头
348,PACS,PACS GROUP,Health Care,Prism,Russell,1309,52.01,40.2,65.2,45.72,50.0,53.18,55.2,,,,,,35.58,42.37,,56,mixed_sideways,66,bullish_above_signal,52.93,43.810001,0.18,0.00057099,0.03839777,-0.09595539,-0.06727698,4H MACD 位于 Signal 上方；4H MACD 柱体连续扩张；4H RSI 位于健康强势区间,4H EMA 仍偏震荡
349,HPK,HIGHPEAK ENERGY INC,Energy,Prism,Russell,533,51.89,41.05,64.3,45.36,50.0,66.68,70.2,,,,,,51.22,44.49,,100,confirmed_bullish_trend,50,mixed_or_bearish,57.37,8.265,0.25,0.01723077,0.01785714,0.04356061,0.28738318,4H EMA 多头排列已连续维持；4H MACD 柱体连续扩张；4H RSI 位于健康强势区间,4H MACD 尚未确认多头
350,TTGT,TECHTARGET INC,Communication,Prism,Russell,838,51.85,40.72,87.7,76.81,50.0,62.36,65.4,,,,,,47.08,43.67,,76,early_transition,70,bullish_above_signal,49.18,3.87,0.2,-0.01023018,0.02788845,-0.00514139,-0.13422819,4H EMA9 已站上 EMA26，等待 26/50 确认；4H MACD 位于 Signal 上方；4H RSI 位于健康强势区间,
351,CENX,CENTURY ALUMINUM,Materials,Prism,Russell,1556,51.75,39.79,65.2,44.95,50.0,55.07,57.3,,,,,,35.49,41.35,,58,mixed_sideways,70,bullish_above_signal,53.65,47.209999,0.14,-0.02559344,0.00854514,-0.08983999,0.07393085,4H MACD 位于 Signal 上方；4H RSI 位于健康强势区间,4H EMA 仍偏震荡
352,GNW,GENWORTH FINANCIAL INC,Financials,Prism,Russell,227,51.73,48.57,67.1,19.29,50.0,71.6,74.0,,,,,,60.9,46.43,,100,confirmed_bullish_trend,70,bullish_above_signal,69.04,10.475,0.2,0.00479616,0.04645355,0.06887755,0.04073522,4H EMA 多头排列已连续维持；4H MACD 位于 Signal 上方,4H RSI 偏热
353,CDNA,CAREDX,Health Care,Prism,Russell,201,51.73,48.68,64.3,26.48,50.0,68.18,70.2,,,,,,57.26,46.7,,100,confirmed_bullish_trend,50,mixed_or_bearish,58.93,50.799999,0.14,0.00873705,0.03631169,0.07993193,0.42097899,4H EMA 多头排列已连续维持；4H MACD 柱体连续扩张；4H RSI 位于健康强势区间,4H MACD 尚未确认多头
354,PBFS,PIONEER BANCORP INC,Financials,Prism,Russell,283,51.73,48.33,65.2,24.88,50.0,57.07,57.85,,,,,,57.91,45.83,,58,mixed_sideways,70,bullish_above_signal,55.27,18.16,3.25,-0.01731602,0.01736695,0.04910462,0.06510270,4H MACD 位于 Signal 上方；4H RSI 位于健康强势区间,4H EMA 仍偏震荡
355,LQDT,LIQUIDITY SERVICES INC,Industrials,Prism,Russell,495,51.73,41.1,65.2,41.77,50.0,53.99,56.1,,,,,,51.85,44.62,,58,mixed_sideways,66,bullish_above_signal,51.78,41.629398,0.23,0.00239343,0.05717406,0.01758489,0.05927224,4H MACD 位于 Signal 上方；4H MACD 柱体连续扩张；4H RSI 位于健康强势区间,4H EMA 仍偏震荡
356,ACTG,ACACIA RESEARCH,Financials,Prism,Russell,1271,51.72,40.26,87.7,76.96,50.0,59.12,61.8,,,,,,41.38,42.53,,76,early_transition,58,bullish_above_signal,51.48,4.555,0.12,-0.00437158,0.00662983,-0.04607330,-0.01619870,4H EMA9 已站上 EMA26，等待 26/50 确认；4H MACD 位于 Signal 上方；4H RSI 位于健康强势区间,
357,DV,DOUBLEVERIFY HOLDINGS,Communication,Prism,Russell,789,51.69,40.76,54.4,71.11,50.0,43.59,44.55,,,,,,47.61,43.77,,43,mixed_sideways,50,mixed_or_bearish,63.63,13.35,0.17,-0.00037439,-0.00112233,0.01021566,0.18613949,4H MACD 柱体连续扩张；4H RSI 位于健康强势区间,4H EMA 仍偏震荡；4H 相对 EMA26 超过 2 ATR，短线偏追高；4H MACD 尚未确认多头
358,CAL,CALERES INC,Consumer Discretionary,Prism,Russell,1562,51.67,39.78,65.2,44.43,50.0,51.97,53.85,,,,,,35.4,41.33,,53,mixed_sideways,66,bullish_above_signal,49.77,12.55,0.45,0.04149378,0.06990622,-0.13298791,-0.05639098,4H MACD 位于 Signal 上方；4H MACD 柱体连续扩张；4H RSI 位于健康强势区间,4H EMA 仍偏震荡
359,URG,UR ENERGY INC,Energy,Prism,Russell,1076,51.54,40.5,79.6,96.82,50.0,64.25,67.5,,,,,,44.39,43.13,,94,fresh_bullish_cross,50,mixed_or_bearish,50.75,1.405,0.09,-0.02437331,0.04460967,-0.01056338,0.16115702,4H EMA9/26 最近金叉且价格在 EMA50 上方；4H MACD 柱体连续扩张；4H RSI 位于健康强势区间,4H MACD 尚未确认多头
360,PPTA,PERPETUA RESOURCES,Materials,Prism,Russell,779,51.52,40.77,54.4,69.93,50.0,49.67,51.3,,,,,,47.72,43.79,,58,mixed_sideways,50,mixed_or_bearish,51.62,25.01,0.13,-0.00338709,0.06380264,0.00522512,0.43735632,4H MACD 柱体连续扩张；4H RSI 位于健康强势区间,4H EMA 仍偏震荡；4H MACD 尚未确认多头
361,BPRN,PRINCETON BANCORP INC,Financials,Prism,Russell,470,51.47,41.14,65.2,39.92,50.0,55.07,57.3,,,,,,52.35,44.72,,58,mixed_sideways,70,bullish_above_signal,54.4,43.224998,0.08,-0.00449102,0.02066116,0.02428903,0.03582550,4H MACD 位于 Signal 上方；4H RSI 位于健康强势区间,4H EMA 仍偏震荡
362,GCBC,GREENE COUNTY BANCORP INC,Financials,Prism,Russell,858,51.46,40.69,50.8,79.32,50.0,42.52,43.35,,,,,,46.8,43.61,,55,mixed_sideways,28,fresh_bearish_cross,50.35,34.73,0.26,-0.00115042,0.01937188,0.01224130,0.02721085,4H RSI 位于健康强势区间,4H EMA 仍偏震荡；4H MACD 最近死叉
363,ACHC,ACADIA HEALTHCARE COMPANY,Health Care,Prism,Russell,1439,51.43,40.01,67.6,35.92,50.0,52.37,54.3,,,,,,33.3,41.91,,50,mixed_sideways,72,fresh_below_zero_cross,50.52,28.629999,0.29,0.03769478,0.01291350,-0.10025145,-0.12366083,4H MACD 刚金叉但仍需零轴确认；4H MACD 柱体连续扩张；4H RSI 位于健康强势区间,4H EMA 仍偏震荡
364,LNN,LINDSAY,Industrials,Prism,Russell,255,51.36,48.44,65.2,22.17,50.0,56.57,57.3,,,,,,59.21,46.09,,58,mixed_sideways,70,bullish_above_signal,58.26,120.769997,0.06,-0.01064965,0.05117937,0.04753227,0.05035653,4H MACD 位于 Signal 上方；4H RSI 位于健康强势区间,4H EMA 仍偏震荡
365,WEAV,WEAVE COMMUNICATIONS,Information Technology,Prism,Russell,27,51.35,67.02,56.3,2.46,50.0,65.25,63.05,,,,,,94.65,53.18,,89,confirmed_bullish_trend,50,mixed_or_bearish,68.5,7.315,0.08,-0.00136519,0.00136893,0.37370892,0.06477438,4H EMA 多头排列已连续维持；4H MACD 柱体连续扩张,4H 相对 EMA26 超过 2 ATR，短线偏追高；4H MACD 尚未确认多头；4H RSI 偏热
366,CEVA,CEVA,Information Technology,Prism,Russell,1581,51.3,39.73,65.2,42.07,50.0,53.18,55.2,,,,,,34.8,41.21,,56,mixed_sideways,66,bullish_above_signal,53.68,28.42,0.24,0.00335389,0.08349218,-0.10839216,-0.10318715,4H MACD 位于 Signal 上方；4H MACD 柱体连续扩张；4H RSI 位于健康强势区间,4H EMA 仍偏震荡
367,MTW,MANITOWOC INC,Industrials,Prism,Russell,248,51.25,48.47,65.2,21.34,50.0,56.57,57.3,,,,,,59.66,46.18,,58,mixed_sideways,70,bullish_above_signal,57.5,20.48,0.27,-0.02869334,0.08016883,0.08417158,0.39737991,4H MACD 位于 Signal 上方；4H RSI 位于健康强势区间,4H EMA 仍偏震荡
368,ANF,ABERCROMBIE AND FITCH CLASS A,Consumer Discretionary,Prism,Russell,39,51.23,66.19,56.3,3.59,50.0,63.09,60.65,,,,,,84.26,51.1,,89,confirmed_bullish_trend,42,mixed_or_bearish,71.5,152.445007,0.11,0.02353300,0.08362962,0.28623870,0.47760987,4H EMA 多头排列已连续维持,4H 相对 EMA26 超过 2 ATR，短线偏追高；4H MACD 尚未确认多头；4H RSI 偏热
369,HLF,HERBALIFE LTD,Consumer Staples,Prism,Russell,154,51.22,48.93,65.2,20.11,50.0,53.33,53.7,,,,,,60.36,47.32,,58,mixed_sideways,58,bullish_above_signal,55.27,12.545,0.14,-0.01992188,0.08897569,0.08897569,0.00119713,4H MACD 位于 Signal 上方；4H RSI 位于健康强势区间,4H EMA 仍偏震荡
370,WOR,WORTHINGTON ENTERPRISES,Industrials,Prism,Russell,239,51.16,48.5,65.2,20.73,50.0,56.57,57.3,,,,,,59.98,46.25,,58,mixed_sideways,70,bullish_above_signal,56.43,60.349998,0.37,-0.01933707,0.06268704,0.05979450,0.05525440,4H MACD 位于 Signal 上方；4H RSI 位于健康强势区间,4H EMA 仍偏震荡
371,NAUT,NAUTILUS BIOTECHNOLGY,Health Care,Prism,Russell,47,51.09,66.03,90.4,5.44,50.0,69.43,67.7,,,,,,77.24,50.7,,80,fresh_bullish_cross,66,bullish_above_signal,67.26,1.105,1.07,0.16782921,0.19047619,0.27480388,-0.07531381,4H EMA9/26 最近金叉且价格在 EMA50 上方；4H MACD 位于 Signal 上方；4H MACD 柱体连续扩张；4H RSI 位于健康强势区间,4H 相对 EMA26 超过 2 ATR，短线偏追高
372,RBKB,RHINEBECK BANCORP INC,Financials,Prism,Russell,430,51.05,41.22,65.2,36.94,50.0,55.07,57.3,,,,,,53.36,44.92,,58,mixed_sideways,70,bullish_above_signal,55.09,12.875,0.1,-0.02016743,0.02344992,0.03000000,0.03496785,4H MACD 位于 Signal 上方；4H RSI 位于健康强势区间,4H EMA 仍偏震荡
373,FBLA,FB BANCORP,Financials,Prism,Russell,429,51.03,41.22,65.2,36.84,50.0,55.07,57.3,,,,,,53.37,44.92,,58,mixed_sideways,70,bullish_above_signal,54.4,15.87,0.17,-0.00750469,0.01763386,0.02057878,0.01470588,4H MACD 位于 Signal 上方；4H RSI 位于健康强势区间,4H EMA 仍偏震荡
374,TWI,TITAN INTERNATIONAL INC,Industrials,Prism,Russell,229,50.99,48.54,65.2,19.5,50.0,56.57,57.3,,,,,,60.51,46.35,,58,mixed_sideways,70,bullish_above_signal,54.05,7.5928,0.08,-0.05385670,0.02328841,0.07091678,-0.08021805,4H MACD 位于 Signal 上方；4H RSI 位于健康强势区间,4H EMA 仍偏震荡
375,PLPC,PREFORMED LINE PRODUCTS,Industrials,Prism,Russell,1601,50.87,39.69,65.2,39.3,50.0,53.99,56.1,,,,,,34.22,41.09,,58,mixed_sideways,66,bullish_above_signal,52.53,412.209991,0.18,0.00251718,0.06179483,-0.11176952,0.38898813,4H MACD 位于 Signal 上方；4H MACD 柱体连续扩张；4H RSI 位于健康强势区间,4H EMA 仍偏震荡
376,CRSR,CORSAIR GAMING INC,Information Technology,Prism,Russell,1604,50.82,39.68,65.2,38.99,50.0,55.07,57.3,,,,,,34.15,41.08,,58,mixed_sideways,70,bullish_above_signal,54.69,12.34,0.17,0.00000000,0.06287683,-0.09927007,0.14897579,4H MACD 位于 Signal 上方；4H RSI 位于健康强势区间,4H EMA 仍偏震荡
377,ARMP,ARMATA PHARMACEUTICALS,Health Care,Prism,Russell,134,50.79,49.11,65.2,16.83,50.0,56.57,57.3,,,,,,62.61,47.77,,58,mixed_sideways,70,bullish_above_signal,55.75,5.62,0.03,-0.00969163,0.07869482,0.20600858,0.18690602,4H MACD 位于 Signal 上方；4H RSI 位于健康强势区间,4H EMA 仍偏震荡
378,CPSS,CONSUMER PORTFOLIO SERVICES INC,Financials,Prism,Russell,410,50.76,41.26,65.2,34.94,50.0,53.18,55.2,,,,,,53.89,45.03,,56,mixed_sideways,66,bullish_above_signal,50.46,9.25,0.12,-0.00644468,0.00325380,-0.02168165,-0.00323276,4H MACD 位于 Signal 上方；4H MACD 柱体连续扩张；4H RSI 位于健康强势区间,4H EMA 仍偏震荡
379,DHT,DHT HOLDINGS,Energy,Prism,Russell,129,50.75,49.16,67.1,11.39,50.0,67.14,69.05,,,,,,68.19,47.89,,89,confirmed_bullish_trend,70,bullish_above_signal,72.64,21.195,0.22,0.01654676,0.07643468,0.15693231,0.13951613,4H EMA 多头排列已连续维持；4H MACD 位于 Signal 上方,4H 相对 EMA26 超过 2 ATR，短线偏追高；4H RSI 偏热
380,BXC,BLUELINX HOLDINGS,Industrials,Prism,Russell,1608,50.75,39.67,65.2,38.58,50.0,51.83,53.7,,,,,,34.07,41.06,,58,mixed_sideways,58,bullish_above_signal,51.72,80.57,0.06,-0.00123959,0.07757126,-0.11752467,0.34935524,4H MACD 位于 Signal 上方；4H RSI 位于健康强势区间,4H EMA 仍偏震荡
381,SRPT,SAREPTA THERAPEUTICS,Health Care,Prism,Russell,45,50.66,66.05,54.4,5.23,50.0,53.46,49.95,,,,,,77.51,50.75,,55,mixed_sideways,50,mixed_or_bearish,57.77,22.129999,0.13,0.06959874,0.03860134,0.28737625,0.43236239,4H MACD 柱体连续扩张；4H RSI 位于健康强势区间,4H EMA 仍偏震荡；4H MACD 尚未确认多头
382,RCMT,RCM TECHNOLOGIES INC,Industrials,Prism,Russell,22,50.65,67.42,54.4,1.95,50.0,53.46,49.95,,,,,,99.67,54.18,,55,mixed_sideways,50,mixed_or_bearish,54.83,40.634998,0.14,0.01056949,-0.03146237,0.40217384,0.40314224,4H MACD 柱体连续扩张；4H RSI 位于健康强势区间,4H EMA 仍偏震荡；4H MACD 尚未确认多头
383,IOVA,IOVANCE BIOTHERAPEUTICS INC,Health Care,Prism,Russell,42,50.64,66.11,54.4,4.93,50.0,52.51,48.9,,,,,,78.23,50.9,,58,mixed_sideways,42,mixed_or_bearish,55.72,8.415,0.3,-0.04429302,0.01630435,0.31587177,0.78852285,4H RSI 位于健康强势区间,4H EMA 仍偏震荡；4H MACD 尚未确认多头
384,CBLL,CERIBELL,Health Care,Prism,Russell,40,50.63,66.18,54.4,4.72,50.0,51.3,47.55,,,,,,79.15,51.08,,55,mixed_sideways,42,mixed_or_bearish,56.56,24.299999,0.12,-0.00532137,-0.01058632,0.25776392,0.36287151,4H RSI 位于健康强势区间,4H EMA 仍偏震荡；4H MACD 尚未确认多头
385,PPIH,PERMA PIPE INTERNATIONAL HOLDINGS,Industrials,Prism,Russell,116,50.61,49.21,67.1,10.31,50.0,70.03,72.25,,,,,,68.92,48.03,,89,confirmed_bullish_trend,78,bullish_above_signal,68.54,29.83,1.01,0.00674995,0.10933437,0.15084877,0.17394726,4H EMA 多头排列已连续维持；4H MACD 位于 Signal 上方；4H MACD 柱体连续扩张,4H 相对 EMA26 超过 2 ATR，短线偏追高；4H RSI 偏热
386,NKSH,NATIONAL BANKSHARES INC,Financials,Prism,Russell,399,50.61,41.29,65.2,33.86,50.0,55.07,57.3,,,,,,54.32,45.11,,58,mixed_sideways,70,bullish_above_signal,52.52,41.639999,0.52,-0.00679785,0.02586842,0.01437272,0.05685271,4H MACD 位于 Signal 上方；4H RSI 位于健康强势区间,4H EMA 仍偏震荡
387,EFSI,EAGLE FINANCIAL SERVICES INC,Financials,Prism,Russell,319,50.57,41.47,67.1,28.12,50.0,65.64,69.05,,,,,,56.56,45.56,,89,confirmed_bullish_trend,70,bullish_above_signal,69.12,45.439999,0.42,-0.01324647,0.11345253,0.05828236,0.10157573,4H EMA 多头排列已连续维持；4H MACD 位于 Signal 上方,4H 相对 EMA26 超过 2 ATR，短线偏追高；4H RSI 偏热
388,CHMG,CHEMUNG FINANCIAL CORP,Financials,Prism,Russell,394,50.57,41.31,65.2,33.56,50.0,55.07,57.3,,,,,,54.5,45.15,,58,mixed_sideways,70,bullish_above_signal,55.36,84.014999,0.13,-0.00609251,0.05202852,0.03174504,0.02195597,4H MACD 位于 Signal 上方；4H RSI 位于健康强势区间,4H EMA 仍偏震荡
389,ICHR,ICHOR HOLDINGS,Information Technology,Prism,Russell,1619,50.57,39.65,65.2,37.46,50.0,51.02,52.8,,,,,,33.68,40.99,,56,mixed_sideways,58,bullish_above_signal,50.71,57.814999,0.14,0.00355838,0.11611969,-0.10696631,-0.14915377,4H MACD 位于 Signal 上方；4H RSI 位于健康强势区间,4H EMA 仍偏震荡
390,TALO,TALOS ENERGY,Energy,Prism,Russell,222,50.56,48.59,64.3,18.88,50.0,68.18,70.2,,,,,,61.15,46.48,,100,confirmed_bullish_trend,50,mixed_or_bearish,61.56,17.375,0.13,0.01667642,0.00637133,0.11521181,0.27103146,4H EMA 多头排列已连续维持；4H MACD 柱体连续扩张；4H RSI 位于健康强势区间,4H MACD 尚未确认多头
391,BSVN,BANK7 CORP,Financials,Prism,Russell,187,50.56,48.76,65.2,16.11,50.0,56.57,57.3,,,,,,63.31,46.91,,58,mixed_sideways,70,bullish_above_signal,56.2,54.490002,0.27,-0.02014024,0.05970448,0.07858278,0.08416244,4H MACD 位于 Signal 上方；4H RSI 位于健康强势区间,4H EMA 仍偏震荡
392,SBET,SHARPLINK INC,Financials,Prism,Russell,34,50.52,66.48,54.4,3.28,50.0,52.51,48.9,,,,,,87.91,51.83,,58,mixed_sideways,42,mixed_or_bearish,58.07,8.635,0.08,-0.00917958,0.05885960,0.39499192,0.33875969,4H RSI 位于健康强势区间,4H EMA 仍偏震荡；4H MACD 尚未确认多头
393,PNRG,PRIMEENERGY RESOURCES CORP,Energy,Prism,Russell,213,50.48,48.64,64.3,18.27,50.0,66.02,67.8,,,,,,61.69,46.59,,100,confirmed_bullish_trend,42,mixed_or_bearish,55.52,215.875,0.0,0.01105309,-0.00715170,0.10140306,0.19750927,4H EMA 多头排列已连续维持；4H RSI 位于健康强势区间,4H MACD 尚未确认多头
394,INSW,INTERNATIONAL SEAWAYS,Energy,Prism,Russell,104,50.46,49.32,67.1,9.03,50.0,71.6,74.0,,,,,,70.21,48.29,,100,confirmed_bullish_trend,70,bullish_above_signal,69.45,105.18,0.19,0.01105451,0.05390778,0.16298096,0.12323794,4H EMA 多头排列已连续维持；4H MACD 位于 Signal 上方,4H RSI 偏热
395,CLOV,CLOVER HEALTH INVESTMENTS CLASS A,Health Care,Prism,Russell,1038,50.34,40.53,87.7,67.16,50.0,58.31,60.9,,,,,,39.74,43.2,,74,early_transition,58,bullish_above_signal,54.89,4.325,0.35,0.00115741,0.00815851,-0.05257393,-0.00230681,4H EMA9 已站上 EMA26，等待 26/50 确认；4H MACD 位于 Signal 上方；4H RSI 位于健康强势区间,
396,OSCR,OSCAR HEALTH CLASS A,Financials,Prism,Russell,162,50.3,48.89,65.2,14.06,50.0,56.57,57.3,,,,,,64.84,47.22,,58,mixed_sideways,70,bullish_above_signal,51.55,31.469999,0.19,-0.04838225,0.05497818,0.13692193,0.00175069,4H MACD 位于 Signal 上方；4H RSI 位于健康强势区间,4H EMA 仍偏震荡
397,ITGR,INTEGER HOLDINGS CORP,Health Care,Prism,Russell,380,50.26,41.33,56.3,55.16,50.0,58.09,60.65,,,,,,49.8,45.21,,89,confirmed_bullish_trend,42,mixed_or_bearish,70.35,126.300003,0.47,-0.00118619,0.00681576,0.00983452,0.25696655,4H EMA 多头排列已连续维持,4H 相对 EMA26 超过 2 ATR，短线偏追高；4H MACD 尚未确认多头；4H RSI 偏热
398,ATKR,ATKORE,Industrials,Prism,Russell,634,50.19,40.93,56.3,55.62,50.0,60.24,63.05,,,,,,49.75,44.2,,89,confirmed_bullish_trend,50,mixed_or_bearish,73.97,94.245003,0.2,0.00324676,0.00635345,0.00517279,0.21700672,4H EMA 多头排列已连续维持；4H MACD 柱体连续扩张,4H 相对 EMA26 超过 2 ATR，短线偏追高；4H MACD 尚未确认多头；4H RSI 偏热
399,TRST,TRUSTCO BANK CORP,Financials,Prism,Russell,351,50.15,41.39,65.2,30.58,50.0,55.07,57.3,,,,,,55.51,45.35,,58,mixed_sideways,70,bullish_above_signal,51.98,57.369999,0.29,-0.00156631,0.02009241,0.04728003,-0.00898255,4H MACD 位于 Signal 上方；4H RSI 位于健康强势区间,4H EMA 仍偏震荡
400,MUX,MCEWEN INC,Materials,Prism,Russell,379,50.07,41.33,64.3,32.53,50.0,66.68,70.2,,,,,,54.8,45.21,,100,confirmed_bullish_trend,50,mixed_or_bearish,52.42,20.355,0.15,-0.00318315,0.06292428,0.06015619,0.18584322,4H EMA 多头排列已连续维持；4H MACD 柱体连续扩张；4H RSI 位于健康强势区间,4H MACD 尚未确认多头
401,INTT,INTEST CORP,Information Technology,Prism,Russell,1652,50.02,39.55,65.2,33.97,50.0,53.18,55.2,,,,,,32.53,40.76,,56,mixed_sideways,66,bullish_above_signal,52.97,11.68,0.28,-0.00426257,0.11556829,-0.11582135,-0.08392157,4H MACD 位于 Signal 上方；4H MACD 柱体连续扩张；4H RSI 位于健康强势区间,4H EMA 仍偏震荡
402,VHI,VALHI INC,Materials,Prism,Russell,171,49.99,48.84,64.3,14.47,50.0,68.9,71.0,,,,,,64.32,47.11,,100,confirmed_bullish_trend,50,mixed_or_bearish,61.12,18.6999,1.03,0.04585576,0.04090732,0.11841514,0.36595325,4H EMA 多头排列已连续维持；4H MACD 柱体连续扩张；4H RSI 位于健康强势区间,4H MACD 尚未确认多头
403,USCB,USCB FINANCIAL HOLDINGS INC CLASS,Financials,Prism,Russell,336,49.99,41.43,65.2,29.4,50.0,55.07,57.3,,,,,,55.95,45.44,,58,mixed_sideways,70,bullish_above_signal,52.62,22.84,0.22,-0.02372302,0.02421529,0.03442029,0.00572439,4H MACD 位于 Signal 上方；4H RSI 位于健康强势区间,4H EMA 仍偏震荡
404,GNK,GENCO SHIPPING AND TRADING,Industrials,Prism,Russell,121,49.91,49.2,65.2,10.72,50.0,56.57,57.3,,,,,,68.82,48.01,,58,mixed_sideways,70,bullish_above_signal,56.83,27.145,0.17,0.00798366,0.04403846,0.08276825,0.07038639,4H MACD 位于 Signal 上方；4H RSI 位于健康强势区间,4H EMA 仍偏震荡
405,CMCL,CALEDONIA MINING PLC,Materials,Prism,Russell,159,49.9,48.91,64.3,13.75,50.0,66.02,67.8,,,,,,65.12,47.27,,100,confirmed_bullish_trend,42,mixed_or_bearish,62.31,26.184999,0.2,0.00057314,0.04530938,0.14796143,0.40251735,4H EMA 多头排列已连续维持；4H RSI 位于健康强势区间,4H MACD 尚未确认多头
406,SFL,SFL,Energy,Prism,Russell,324,49.88,41.46,65.2,28.58,50.0,55.07,57.3,,,,,,56.41,45.53,,58,mixed_sideways,70,bullish_above_signal,55.22,12.565,0.13,-0.00317334,0.01086082,0.05721498,0.03671617,4H MACD 位于 Signal 上方；4H RSI 位于健康强势区间,4H EMA 仍偏震荡
407,KNTK,KINETIK HOLDINGS CLASS A,Energy,Prism,Russell,354,49.86,41.38,64.3,31.04,50.0,64.52,67.8,,,,,,55.39,45.33,,100,confirmed_bullish_trend,42,mixed_or_bearish,55.1,54.669998,0.25,-0.00137001,-0.00636136,0.06589973,0.10757692,4H EMA 多头排列已连续维持；4H RSI 位于健康强势区间,4H MACD 尚未确认多头
408,JXN,JACKSON FINANCIAL CLASS A,Financials,Prism,Russell,313,49.77,41.49,65.2,27.81,50.0,55.07,57.3,,,,,,56.78,45.61,,58,mixed_sideways,70,bullish_above_signal,58.11,137.669998,0.29,-0.00307761,0.03674979,0.05599450,0.12008782,4H MACD 位于 Signal 上方；4H RSI 位于健康强势区间,4H EMA 仍偏震荡
409,NSIT,INSIGHT ENTERPRISES INC,Information Technology,Prism,Russell,756,49.75,40.79,50.8,67.68,50.0,43.73,44.7,,,,,,47.97,43.84,,58,mixed_sideways,28,fresh_bearish_cross,56.74,157.080002,0.24,0.00502258,0.01834685,0.01472868,0.25946120,4H RSI 位于健康强势区间,4H EMA 仍偏震荡；4H MACD 最近死叉
410,CSR,CENTERSPACE,Real Estate,Prism,Russell,141,49.67,49.04,69.15,12.31,50.0,62.69,64.1,,,,,,66.69,47.59,,82,fresh_bullish_cross,66,bullish_above_signal,78.28,57.73,1.66,0.09337123,0.10255918,0.04564392,0.02978949,4H EMA9/26 最近金叉且价格在 EMA50 上方；4H MACD 位于 Signal 上方；4H MACD 柱体连续扩张,4H 相对 EMA26 超过 2 ATR，短线偏追高；4H RSI 过热
411,FEIM,FREQUENCY ELECTRONICS INC,Information Technology,Prism,Russell,1672,49.65,39.49,65.2,31.66,50.0,51.02,52.8,,,,,,31.82,40.61,,56,mixed_sideways,58,bullish_above_signal,54.02,64.449997,0.17,-0.02081439,0.09052452,-0.11845170,-0.02834321,4H MACD 位于 Signal 上方；4H RSI 位于健康强势区间,4H EMA 仍偏震荡
412,SATL,SATELLOGIC CLASS A,Industrials,Prism,Russell,1677,49.58,39.49,65.2,31.2,50.0,51.83,53.7,,,,,,31.74,40.6,,58,mixed_sideways,58,bullish_above_signal,50.1,5.005,0.21,-0.04210526,0.08568330,-0.06097561,0.41384181,4H MACD 位于 Signal 上方；4H RSI 位于健康强势区间,4H EMA 仍偏震荡
413,NEXT,NEXTDECADE,Energy,Prism,Russell,326,49.57,41.46,64.3,28.94,50.0,66.68,70.2,,,,,,56.36,45.52,,100,confirmed_bullish_trend,50,mixed_or_bearish,57.83,7.505,0.19,0.01077441,-0.01702685,0.07675753,0.22330888,4H EMA 多头排列已连续维持；4H MACD 柱体连续扩张；4H RSI 位于健康强势区间,4H MACD 尚未确认多头
414,PTEN,PATTERSON UTI ENERGY INC,Energy,Prism,Russell,118,49.53,49.21,64.3,10.57,50.0,68.18,70.2,,,,,,68.88,48.03,,100,confirmed_bullish_trend,50,mixed_or_bearish,62.38,12.865,0.29,0.00901961,0.00429352,0.17060965,0.40524304,4H EMA 多头排列已连续维持；4H MACD 柱体连续扩张；4H RSI 位于健康强势区间,4H MACD 尚未确认多头
415,SBRA,SABRA HEALTH CARE REIT,Real Estate,Prism,Russell,741,49.52,40.81,50.8,66.14,50.0,42.52,43.35,,,,,,48.19,43.89,,55,mixed_sideways,28,fresh_bearish_cross,51.57,20.780001,0.29,-0.00621237,-0.00764088,0.00556496,-0.06648693,4H RSI 位于健康强势区间,4H EMA 仍偏震荡；4H MACD 最近死叉
416,CRGY,CRESCENT ENERGY CLASS A,Energy,Prism,Russell,112,49.45,49.24,64.3,9.95,50.0,68.18,70.2,,,,,,69.22,48.09,,100,confirmed_bullish_trend,50,mixed_or_bearish,64.1,14.22,0.19,0.00743889,0.01066098,0.16557377,0.36337488,4H EMA 多头排列已连续维持；4H MACD 柱体连续扩张；4H RSI 位于健康强势区间,4H MACD 尚未确认多头
417,NVGS,NAVIGATOR HOLDINGS,Energy,Prism,Russell,223,49.13,48.59,60.7,18.98,50.0,62.24,63.6,,,,,,61.12,46.47,,100,confirmed_bullish_trend,28,fresh_bearish_cross,58.46,22.58,0.18,0.00668747,0.01665921,0.11176766,0.03625512,4H EMA 多头排列已连续维持；4H RSI 位于健康强势区间,4H MACD 最近死叉
418,ABUS,ARBUTUS BIOPHARMA CORP,Health Care,Prism,Russell,97,49.09,58.42,54.4,12.52,50.0,51.01,48.9,,,,,,66.56,48.56,,58,mixed_sideways,42,mixed_or_bearish,56.94,5.13,0.47,-0.01156069,0.00588235,0.11279826,0.16194790,4H RSI 位于健康强势区间,4H EMA 仍偏震荡；4H MACD 尚未确认多头
419,BOW,BOWHEAD SPECIALTY HOLDINGS,Financials,Prism,Russell,612,48.93,40.96,54.4,52.23,50.0,46.3,47.55,,,,,,50.12,44.27,,55,mixed_sideways,42,mixed_or_bearish,54.95,33.639999,0.13,0.00029729,0.00089253,0.00537956,0.04439615,4H RSI 位于健康强势区间,4H EMA 仍偏震荡；4H MACD 尚未确认多头
420,SMTI,SANARA MEDTECH INC,Health Care,Prism,Russell,219,48.86,48.61,56.3,28.84,50.0,61.74,63.05,,,,,,56.39,46.53,,89,confirmed_bullish_trend,50,mixed_or_bearish,70.25,35.040001,0.16,0.00185856,0.00733077,0.02396259,0.31482180,4H EMA 多头排列已连续维持；4H MACD 柱体连续扩张,4H 相对 EMA26 超过 2 ATR，短线偏追高；4H MACD 尚未确认多头；4H RSI 偏热
421,HAE,HAEMONETICS CORP,Health Care,Prism,Russell,78,48.76,58.67,54.4,9.75,50.0,49.8,47.55,,,,,,69.67,49.18,,55,mixed_sideways,42,mixed_or_bearish,51.6,102.629997,0.23,-0.00368901,0.00676864,0.18483022,0.24354778,4H RSI 位于健康强势区间,4H EMA 仍偏震荡；4H MACD 尚未确认多头
422,PLGO,PELAGOS INSURANCE CAPITAL LTD,Financials,Prism,Russell,686,48.74,40.87,50.8,60.8,50.0,42.52,43.35,,,,,,48.96,44.04,,55,mixed_sideways,28,fresh_bearish_cross,52.09,24.84,0.23,-0.00520621,0.00404204,0.00893578,-0.04406392,4H RSI 位于健康强势区间,4H EMA 仍偏震荡；4H MACD 最近死叉
423,KEEL,KEEL INFRASTRUCTURE CORP,Information Technology,Prism,Russell,633,48.73,40.93,87.7,55.52,50.0,59.12,61.8,,,,,,49.76,44.2,,76,early_transition,58,bullish_above_signal,58.59,3.675,0.13,-0.04296875,0.20098039,0.08727811,-0.01606426,4H EMA9 已站上 EMA26，等待 26/50 确认；4H MACD 位于 Signal 上方；4H RSI 位于健康强势区间,
424,AQST,AQUESTIVE THERAPEUTICS,Health Care,Prism,Russell,75,48.72,58.68,54.4,9.49,50.0,49.8,47.55,,,,,,69.76,49.2,,55,mixed_sideways,42,mixed_or_bearish,51.88,5.085,0.29,-0.02492809,-0.02735272,0.18669778,0.35059761,4H RSI 位于健康强势区间,4H EMA 仍偏震荡；4H MACD 尚未确认多头
425,BAND,BANDWIDTH CLASS A,Communication,Prism,Russell,1781,48.63,39.13,67.6,19.29,50.0,52.37,54.3,,,,,,27.31,39.71,,50,mixed_sideways,72,fresh_below_zero_cross,50.57,47.880001,0.41,0.06755860,-0.05729474,-0.09197798,-0.08310992,4H MACD 刚金叉但仍需零轴确认；4H MACD 柱体连续扩张；4H RSI 位于健康强势区间,4H EMA 仍偏震荡
426,AIP,ARTERIS INC,Information Technology,Prism,Russell,1738,48.52,39.31,65.2,24.53,50.0,51.97,53.85,,,,,,29.5,40.15,,53,mixed_sideways,66,bullish_above_signal,49.41,22.809999,0.09,0.00484573,0.09927706,-0.15768098,-0.21249788,4H MACD 位于 Signal 上方；4H MACD 柱体连续扩张；4H RSI 位于健康强势区间,4H EMA 仍偏震荡
427,ZNTL,ZENTALIS PHARMACEUTICALS,Health Care,Prism,Russell,1184,48.48,40.37,87.7,55.11,50.0,56.69,59.1,,,,,,37.8,42.81,,74,early_transition,58,bullish_above_signal,45.42,3.815,0.08,-0.06495098,0.03108108,-0.07961399,-0.17155266,4H EMA9 已站上 EMA26，等待 26/50 确认；4H MACD 位于 Signal 上方,
428,MLAB,MESA LABORATORIES,Health Care,Prism,Russell,56,48.46,59.05,54.4,6.88,50.0,49.8,47.55,,,,,,74.41,50.13,,55,mixed_sideways,42,mixed_or_bearish,51.44,124.650002,0.16,-0.00594119,-0.00795862,0.23342573,0.23196286,4H RSI 位于健康强势区间,4H EMA 仍偏震荡；4H MACD 尚未确认多头
429,IMXI,INTERNATIONAL MONEY EXPRESS INC,Financials,Prism,Russell,96,48.46,58.43,54.4,8.31,50.0,49.8,47.55,,,,,,71.61,48.57,,55,mixed_sideways,42,mixed_or_bearish,54.56,14.345,0.11,-0.00932320,-0.00589051,0.21567797,0.08674242,4H RSI 位于健康强势区间,4H EMA 仍偏震荡；4H MACD 尚未确认多头
430,CBZ,CBIZ,Industrials,Prism,Russell,572,48.45,41.0,54.4,48.95,50.0,46.3,47.55,,,,,,50.63,44.38,,55,mixed_sideways,42,mixed_or_bearish,52.86,54.57,0.05,-0.00210297,0.00303283,0.00257211,0.16852246,4H RSI 位于健康强势区间,4H EMA 仍偏震荡；4H MACD 尚未确认多头
431,LILAK,LIBERTY LATIN AMERICA CLASS C,Communication,Prism,Russell,656,48.34,40.92,50.8,57.98,50.0,43.73,44.7,,,,,,49.59,44.17,,58,mixed_sideways,28,fresh_bearish_cross,54.38,8.611,0.21,-0.00393291,0.01784870,0.02390012,0.05397797,4H RSI 位于健康强势区间,4H EMA 仍偏震荡；4H MACD 最近死叉
432,OOMA,OOMA,Information Technology,Prism,Russell,655,48.32,40.92,50.8,57.88,50.0,43.73,44.7,,,,,,49.61,44.17,,58,mixed_sideways,28,fresh_bearish_cross,54.51,22.77,0.11,-0.00437258,0.04162850,0.05319144,0.02660054,4H RSI 位于健康强势区间,4H EMA 仍偏震荡；4H MACD 最近死叉
433,SLAB,SILICON LABORATORIES,Information Technology,Prism,Russell,654,48.31,40.92,50.8,57.77,50.0,43.73,44.7,,,,,,49.63,44.18,,58,mixed_sideways,28,fresh_bearish_cross,52.98,219.630005,0.13,-0.00168180,0.00232754,0.00530967,0.01055973,4H RSI 位于健康强势区间,4H EMA 仍偏震荡；4H MACD 最近死叉
434,NMAX,NEWSMAX CLASS B,Communication,Prism,Russell,73,48.27,58.72,54.4,6.36,50.0,49.8,47.55,,,,,,75.23,49.3,,55,mixed_sideways,42,mixed_or_bearish,53.48,10.73,0.17,-0.00278810,0.03272377,0.22348917,0.34798995,4H RSI 位于健康强势区间,4H EMA 仍偏震荡；4H MACD 尚未确认多头
435,ALNT,ALLIENT INC,Industrials,Prism,Russell,1754,48.2,39.25,65.2,22.58,50.0,53.18,55.2,,,,,,28.73,40.0,,56,mixed_sideways,66,bullish_above_signal,52.98,95.894997,0.2,-0.00796570,0.11028127,-0.15092088,0.15258414,4H MACD 位于 Signal 上方；4H MACD 柱体连续扩张；4H RSI 位于健康强势区间,4H EMA 仍偏震荡
436,DSGN,DESIGN THERAPEUTICS,Health Care,Prism,Russell,225,48.17,48.58,54.4,29.4,50.0,49.96,49.95,,,,,,55.95,46.44,,55,mixed_sideways,50,mixed_or_bearish,51.9,15.21,0.25,0.00131666,0.00495540,0.06289308,0.28246206,4H MACD 柱体连续扩张；4H RSI 位于健康强势区间,4H EMA 仍偏震荡；4H MACD 尚未确认多头
437,BVFL,BV FINANCIAL INC,Financials,Prism,Russell,550,48.14,41.02,54.4,46.79,50.0,46.43,47.7,,,,,,50.91,44.43,,50,mixed_sideways,50,mixed_or_bearish,50.22,21.33,0.4,0.03143133,0.02993728,-0.00489848,0.02646771,4H MACD 柱体连续扩张；4H RSI 位于健康强势区间,4H EMA 仍偏震荡；4H MACD 尚未确认多头
438,AII,AMERICAN INTEGRITY INSURANCE GROUP,Financials,Prism,Russell,51,48.1,59.22,54.4,4.1,50.0,49.8,47.55,,,,,,81.52,50.55,,55,mixed_sideways,42,mixed_or_bearish,54.67,25.950001,0.14,-0.02001507,0.01209056,0.26215964,0.32330442,4H RSI 位于健康强势区间,4H EMA 仍偏震荡；4H MACD 尚未确认多头
439,SDRL,SEADRILL,Energy,Prism,Russell,545,48.08,41.03,54.4,46.43,50.0,46.3,47.55,,,,,,50.96,44.44,,55,mixed_sideways,42,mixed_or_bearish,51.05,48.424999,0.13,-0.00737934,-0.01414902,0.03538591,0.18080959,4H RSI 位于健康强势区间,4H EMA 仍偏震荡；4H MACD 尚未确认多头
440,PMTS,CPI CARD GROUP INC,Information Technology,Prism,Russell,544,48.03,41.03,54.4,46.07,50.0,47.51,48.9,,,,,,51.06,44.46,,58,mixed_sideways,42,mixed_or_bearish,51.57,28.530001,0.08,-0.01620686,0.00387055,-0.00470958,0.35566648,4H RSI 位于健康强势区间,4H EMA 仍偏震荡；4H MACD 尚未确认多头
441,TDS,TELEPHONE AND DATA SYSTEMS,Communication,Prism,Russell,131,47.98,49.14,60.1,11.6,50.0,67.14,69.05,,,,,,68.0,47.85,,89,confirmed_bullish_trend,70,bullish_above_signal,74.25,37.98,0.25,0.00000000,0.13002079,0.12717020,0.11705882,4H EMA 多头排列已连续维持；4H MACD 位于 Signal 上方,4H 相对 EMA26 超过 2 ATR，短线偏追高；4H RSI 偏热
442,GDYN,GRID DYNAMICS HOLDINGS CLASS A,Information Technology,Prism,Russell,535,47.95,41.05,54.4,45.51,50.0,48.46,49.95,,,,,,51.21,44.49,,55,mixed_sideways,50,mixed_or_bearish,54.35,8.01,0.22,0.03958469,0.01778907,0.04296875,0.30243902,4H MACD 柱体连续扩张；4H RSI 位于健康强势区间,4H EMA 仍偏震荡；4H MACD 尚未确认多头
443,CFFI,C AND F FINANCIAL CORP,Financials,Prism,Russell,107,47.91,49.28,60.7,9.24,50.0,62.24,63.6,,,,,,69.82,48.21,,100,confirmed_bullish_trend,28,fresh_bearish_cross,61.98,94.190002,0.18,-0.00643461,0.03562403,0.07400234,0.20370610,4H EMA 多头排列已连续维持；4H RSI 位于健康强势区间,4H MACD 最近死叉
444,USAU,US GOLD CORP,Materials,Prism,Russell,517,47.74,41.07,54.4,44.02,50.0,46.3,47.55,,,,,,51.51,44.55,,55,mixed_sideways,42,mixed_or_bearish,50.42,15.93,0.23,-0.00623837,0.05357143,0.04596192,0.26028481,4H RSI 位于健康强势区间,4H EMA 仍偏震荡；4H MACD 尚未确认多头
445,TVTX,TRAVERE THERAPEUTICS,Health Care,Prism,Russell,197,47.73,48.69,54.4,26.17,50.0,49.96,49.95,,,,,,57.35,46.72,,55,mixed_sideways,50,mixed_or_bearish,53.89,66.18,0.19,0.00623389,0.00699938,0.08705649,0.18411167,4H MACD 柱体连续扩张；4H RSI 位于健康强势区间,4H EMA 仍偏震荡；4H MACD 尚未确认多头
446,EOSE,EOS ENERGY ENTERPRISES CLASS A,Industrials,Prism,Russell,564,47.7,41.01,87.7,48.44,50.0,57.5,60.0,,,,,,50.7,44.39,,64,early_transition,70,bullish_above_signal,63.06,4.245,0.15,-0.05031432,0.39868204,0.04944376,0.25777778,4H EMA9 已站上 EMA26，等待 26/50 确认；4H MACD 位于 Signal 上方；4H RSI 位于健康强势区间,4H 相对 EMA26 超过 2 ATR，短线偏追高
447,INVX,INNOVEX INTERNATIONAL INC,Energy,Prism,Russell,295,47.51,48.3,54.4,25.65,50.0,47.8,47.55,,,,,,57.5,45.75,,55,mixed_sideways,42,mixed_or_bearish,50.61,30.014999,0.1,-0.00083229,-0.00776863,0.02932095,0.17086011,4H RSI 位于健康强势区间,4H EMA 仍偏震荡；4H MACD 尚未确认多头
448,SMC,SUMMIT MIDSTREAM CORP,Energy,Prism,Russell,294,47.5,48.3,54.4,25.55,50.0,47.8,47.55,,,,,,57.51,45.75,,55,mixed_sideways,42,mixed_or_bearish,50.76,34.200001,0.33,0.00029254,-0.02536332,0.06941842,0.14457839,4H RSI 位于健康强势区间,4H EMA 仍偏震荡；4H MACD 尚未确认多头
449,INR,INFINITY NATURAL RESOURCES INC CLA,Energy,Prism,Russell,284,47.43,48.32,54.4,25.04,50.0,48.52,48.35,,,,,,57.82,45.81,,55,mixed_sideways,42,mixed_or_bearish,52.48,15.275,0.58,-0.03261558,-0.02208707,0.09813084,0.22690763,4H RSI 位于健康强势区间,4H EMA 仍偏震荡；4H MACD 尚未确认多头
450,EIKN,EIKON THERAPEUTICS INC,Health Care,Prism,Russell,186,47.42,48.77,54.4,23.91,50.0,48.74,48.6,,,,,,58.36,46.92,,52,mixed_sideways,50,mixed_or_bearish,50.95,11.09,0.13,0.01743119,0.02164901,0.13860370,0.16859852,4H MACD 柱体连续扩张；4H RSI 位于健康强势区间,4H EMA 仍偏震荡；4H MACD 尚未确认多头
451,FRD,FRIEDMAN INDUSTRIES INC,Materials,Prism,Russell,590,47.3,40.98,50.8,50.9,50.0,43.73,44.7,,,,,,50.42,44.33,,58,mixed_sideways,28,fresh_bearish_cross,56.08,44.939999,0.05,-0.01770494,0.02955319,0.04100072,0.21295547,4H RSI 位于健康强势区间,4H EMA 仍偏震荡；4H MACD 最近死叉
452,NL,NLI HOLDINGS INC,Industrials,Prism,Russell,278,47.29,48.35,54.4,24.06,50.0,49.33,49.25,,,,,,58.16,45.88,,55,mixed_sideways,42,mixed_or_bearish,55.57,6.775,1.37,0.00370370,0.00370370,0.07369255,0.13484087,4H RSI 位于健康强势区间,4H EMA 仍偏震荡；4H MACD 尚未确认多头
453,HCC,WARRIOR MET COAL INC,Materials,Prism,Russell,275,47.26,48.38,54.4,23.81,50.0,49.96,49.95,,,,,,58.46,45.94,,55,mixed_sideways,50,mixed_or_bearish,50.76,104.82,0.17,-0.01313370,-0.01262249,0.09862693,0.32616395,4H MACD 柱体连续扩张；4H RSI 位于健康强势区间,4H EMA 仍偏震荡；4H MACD 尚未确认多头
454,CNNE,CANNAE HOLDINGS INC,Financials,Prism,Russell,273,47.23,48.38,54.4,23.6,50.0,47.8,47.55,,,,,,58.53,45.96,,55,mixed_sideways,42,mixed_or_bearish,57.2,15.789,0.35,0.01602317,0.02326636,0.07627812,0.04149077,4H RSI 位于健康强势区间,4H EMA 仍偏震荡；4H MACD 尚未确认多头
455,VSTM,VERASTEM INC,Health Care,Prism,Russell,72,47.21,58.72,50.8,8.93,50.0,47.23,44.7,,,,,,70.29,49.31,,58,mixed_sideways,28,fresh_bearish_cross,56.39,7.81,0.12,-0.06298740,0.02493438,0.14600147,0.24960000,4H RSI 位于健康强势区间,4H EMA 仍偏震荡；4H MACD 最近死叉
456,NOG,NORTHERN OIL AND GAS,Energy,Prism,Russell,269,47.19,48.39,54.4,23.29,50.0,49.96,49.95,,,,,,58.64,45.98,,55,mixed_sideways,50,mixed_or_bearish,52.06,25.895,0.18,0.00485060,-0.01801293,0.10285349,0.30387707,4H MACD 柱体连续扩张；4H RSI 位于健康强势区间,4H EMA 仍偏震荡；4H MACD 尚未确认多头
457,AI,C3 AI CLASS A,Information Technology,Prism,Russell,471,47.16,41.13,54.4,40.02,50.0,46.3,47.55,,,,,,52.3,44.71,,55,mixed_sideways,42,mixed_or_bearish,51.3,10.405,0.18,-0.00191847,0.00579990,0.00048077,0.16844469,4H RSI 位于健康强势区间,4H EMA 仍偏震荡；4H MACD 尚未确认多头
458,ASIC,ATEGRITY SPECIALTY INSURANCE COMPA,Financials,Prism,Russell,262,47.15,48.41,54.4,22.99,50.0,47.8,47.55,,,,,,58.89,46.03,,55,mixed_sideways,42,mixed_or_bearish,54.95,26.865,0.33,0.01780640,0.02499050,0.07891566,0.05352941,4H RSI 位于健康强势区间,4H EMA 仍偏震荡；4H MACD 尚未确认多头
459,JANX,JANUX THERAPEUTICS,Health Care,Prism,Russell,64,47.11,58.88,50.8,7.9,50.0,47.23,44.7,,,,,,72.25,49.7,,58,mixed_sideways,28,fresh_bearish_cross,58.86,19.42,0.14,-0.03286853,0.02778513,0.18414634,0.29509837,4H RSI 位于健康强势区间,4H EMA 仍偏震荡；4H MACD 最近死叉
460,ZVRA,ZEVRA THERAPEUTICS INC,Health Care,Prism,Russell,241,47.09,48.49,50.8,32.02,50.0,45.23,44.7,,,,,,54.87,46.22,,58,mixed_sideways,28,fresh_bearish_cross,51.26,12.13,0.13,-0.05749806,0.00663900,0.05744922,0.24794239,4H RSI 位于健康强势区间,4H EMA 仍偏震荡；4H MACD 最近死叉
461,NVAX,NOVAVAX,Health Care,Prism,Russell,61,47.06,58.95,50.8,7.39,50.0,47.23,44.7,,,,,,73.1,49.87,,58,mixed_sideways,28,fresh_bearish_cross,55.93,9.855,0.12,-0.04413191,-0.02618577,0.24904943,0.33808554,4H RSI 位于健康强势区间,4H EMA 仍偏震荡；4H MACD 最近死叉
462,HRTX,HERON THERAPEUTICS INC,Health Care,Prism,Russell,1310,47.01,40.2,87.7,45.72,50.0,58.31,60.9,,,,,,35.58,42.37,,74,early_transition,58,bullish_above_signal,49.35,0.3325,0.12,-0.02862986,0.06844473,0.00696548,-0.31542104,4H EMA9 已站上 EMA26，等待 26/50 确认；4H MACD 位于 Signal 上方；4H RSI 位于健康强势区间,
463,MFIN,MEDALLION FINANCIAL CORP,Financials,Prism,Russell,253,47.01,48.45,54.4,21.96,50.0,49.01,48.9,,,,,,59.41,46.13,,58,mixed_sideways,42,mixed_or_bearish,58.54,12.01,0.5,-0.00249998,0.01392993,0.10335324,0.20946626,4H RSI 位于健康强势区间,4H EMA 仍偏震荡；4H MACD 尚未确认多头
464,FMC,FMC CORP,Materials,Prism,Russell,92,47.01,58.46,50.8,8.21,50.0,47.23,44.7,,,,,,72.07,48.66,,58,mixed_sideways,28,fresh_bearish_cross,59.08,12.49,0.13,-0.02039216,0.05134680,0.19293219,0.14116035,4H RSI 位于健康强势区间,4H EMA 仍偏震荡；4H MACD 最近死叉
465,MMED,MINIMED INC,Health Care,Prism,Russell,52,46.94,59.22,50.8,5.95,50.0,47.23,44.7,,,,,,76.46,50.54,,58,mixed_sideways,28,fresh_bearish_cross,61.07,22.83,0.09,-0.00349192,0.02056321,0.16956967,0.29495186,4H RSI 位于健康强势区间,4H EMA 仍偏震荡；4H MACD 最近死叉
466,FSLY,FASTLY CLASS A,Information Technology,Prism,Russell,1867,46.9,38.47,67.6,9.34,50.0,53.59,55.65,,,,,,18.93,38.04,,53,mixed_sideways,72,fresh_below_zero_cross,50.92,22.690001,0.37,0.01817370,0.09244107,-0.18234231,0.09203097,4H MACD 刚金叉但仍需零轴确认；4H MACD 柱体连续扩张；4H RSI 位于健康强势区间,4H EMA 仍偏震荡
467,SLDE,SLIDE INSURANCE HOLDINGS,Financials,Prism,Russell,87,46.9,58.55,50.8,7.29,50.0,47.23,44.7,,,,,,73.12,48.87,,58,mixed_sideways,28,fresh_bearish_cross,63.46,24.275,0.18,-0.00756333,0.04050579,0.17497580,0.13355120,4H RSI 位于健康强势区间,4H EMA 仍偏震荡；4H MACD 最近死叉
468,LAND,GLADSTONE LAND REIT CORP,Real Estate,Prism,Russell,83,46.88,58.6,50.8,6.98,50.0,47.23,44.7,,,,,,73.78,49.01,,58,mixed_sideways,28,fresh_bearish_cross,61.29,9.5,0.17,-0.02862986,-0.00731452,0.16851169,0.12160567,4H RSI 位于健康强势区间,4H EMA 仍偏震荡；4H MACD 最近死叉
469,OVLY,OAK VALLEY BANCORP,Financials,Prism,Russell,562,46.88,41.01,50.8,48.02,50.0,43.73,44.7,,,,,,50.75,44.4,,58,mixed_sideways,28,fresh_bearish_cross,52.6,34.369999,0.2,-0.01490398,0.02352582,0.04167298,0.00160280,4H RSI 位于健康强势区间,4H EMA 仍偏震荡；4H MACD 最近死叉
470,OSG,OCTAVE SPECIALTY GROUP INC,Financials,Prism,Russell,285,46.76,48.32,87.7,25.14,50.0,63.86,65.4,,,,,,57.79,45.81,,76,early_transition,70,bullish_above_signal,63.99,4.99,0.11,0.01836735,0.09911894,0.06852248,-0.13965517,4H EMA9 已站上 EMA26，等待 26/50 确认；4H MACD 位于 Signal 上方；4H RSI 位于健康强势区间,
471,TNGX,TANGO THERAPEUTICS,Health Care,Prism,Russell,1787,46.76,39.09,65.2,13.34,50.0,51.97,53.85,,,,,,21.77,39.6,,53,mixed_sideways,66,bullish_above_signal,49.83,23.65,0.24,0.03162491,0.05721944,-0.14590108,-0.11257036,4H MACD 位于 Signal 上方；4H MACD 柱体连续扩张；4H RSI 位于健康强势区间,4H EMA 仍偏震荡
472,PRDO,PERDOCEO EDUCATION,Consumer Discretionary,Prism,Russell,431,46.74,41.21,54.4,37.04,50.0,49.67,51.3,,,,,,53.3,44.91,,58,mixed_sideways,50,mixed_or_bearish,52.09,33.18,0.25,0.00575926,0.00545455,0.05433750,0.01004572,4H MACD 柱体连续扩张；4H RSI 位于健康强势区间,4H EMA 仍偏震荡；4H MACD 尚未确认多头
473,NVRI,ENVIRI CORP,Industrials,Prism,Russell,552,46.73,41.02,50.8,47.0,50.0,43.73,44.7,,,,,,50.89,44.43,,58,mixed_sideways,28,fresh_bearish_cross,52.55,22.59,0.17,-0.03626284,0.02635166,0.03056569,0.01665171,4H RSI 位于健康强势区间,4H EMA 仍偏震荡；4H MACD 最近死叉
474,WGS,GENEDX HOLDINGS CLASS A,Health Care,Prism,Russell,144,46.7,49.01,54.4,18.57,50.0,51.17,51.3,,,,,,61.37,47.52,,58,mixed_sideways,50,mixed_or_bearish,57.95,87.610001,0.29,0.01565035,0.03119117,0.12536934,0.41397680,4H MACD 柱体连续扩张；4H RSI 位于健康强势区间,4H EMA 仍偏震荡；4H MACD 尚未确认多头
475,RIGL,RIGEL PHARMACEUTICALS,Health Care,Prism,Russell,143,46.68,49.01,54.4,18.47,50.0,47.8,47.55,,,,,,61.41,47.53,,55,mixed_sideways,42,mixed_or_bearish,52.51,46.994999,0.12,-0.01550229,-0.01239887,0.12860231,0.21966732,4H RSI 位于健康强势区间,4H EMA 仍偏震荡；4H MACD 尚未确认多头
476,DOLE,DOLE PLC,Consumer Staples,Prism,Russell,214,46.57,48.62,50.8,28.22,50.0,44.02,43.35,,,,,,56.54,46.56,,55,mixed_sideways,28,fresh_bearish_cross,52.63,13.825,0.25,0.00181159,-0.00252525,0.06346154,-0.02811951,4H RSI 位于健康强势区间,4H EMA 仍偏震荡；4H MACD 最近死叉
477,ZETA,ZETA GLOBAL HOLDINGS CLASS A,Information Technology,Prism,Russell,209,46.48,48.65,54.4,17.96,50.0,47.8,47.55,,,,,,61.89,46.63,,55,mixed_sideways,42,mixed_or_bearish,55.08,30.74,0.16,-0.00838710,-0.02629078,0.11660003,0.40429426,4H RSI 位于健康强势区间,4H EMA 仍偏震荡；4H MACD 尚未确认多头
478,RHLD,RESOLUTE HOLDINGS MANAGEMENT INC,Industrials,Prism,Russell,531,46.48,41.05,50.8,45.25,50.0,43.73,44.7,,,,,,51.23,44.5,,58,mixed_sideways,28,fresh_bearish_cross,50.97,135.149994,0.06,-0.01651873,0.03519590,0.02077039,0.00835630,4H RSI 位于健康强势区间,4H EMA 仍偏震荡；4H MACD 最近死叉
479,ELE,ELEMENTAL ROYALTY CORP,Materials,Prism,Russell,207,46.47,48.66,54.4,17.86,50.0,49.96,49.95,,,,,,61.95,46.64,,55,mixed_sideways,50,mixed_or_bearish,53.45,21.51,0.2,0.02423202,0.04722488,0.12676794,0.40221643,4H MACD 柱体连续扩张；4H RSI 位于健康强势区间,4H EMA 仍偏震荡；4H MACD 尚未确认多头
480,SGMT,SAGIMET BIOSCIENCES SERIES A,Health Care,Prism,Russell,128,46.41,49.16,54.4,16.32,50.0,47.8,47.55,,,,,,63.29,47.91,,55,mixed_sideways,42,mixed_or_bearish,55.3,10.71,0.13,-0.02147099,0.01806084,0.11795407,0.47317744,4H RSI 位于健康强势区间,4H EMA 仍偏震荡；4H MACD 尚未确认多头
481,EE,EXCELERATE ENERGY CLASS A,Energy,Prism,Russell,199,46.39,48.69,54.4,17.24,50.0,47.8,47.55,,,,,,62.33,46.72,,55,mixed_sideways,42,mixed_or_bearish,51.81,39.330002,0.48,0.01131404,0.00949700,0.10757545,0.05527239,4H RSI 位于健康强势区间,4H EMA 仍偏震荡；4H MACD 尚未确认多头
482,FET,FORUM ENERGY TECHNOLOGIES INC,Energy,Prism,Russell,408,46.37,41.27,54.4,34.43,50.0,49.67,51.3,,,,,,54.05,45.06,,58,mixed_sideways,50,mixed_or_bearish,53.82,81.260002,0.12,0.00594210,-0.01263671,0.03647959,0.55313459,4H MACD 柱体连续扩张；4H RSI 位于健康强势区间,4H EMA 仍偏震荡；4H MACD 尚未确认多头
483,PLUG,PLUG POWER,Industrials,Prism,Russell,452,46.35,41.16,87.7,39.1,50.0,59.12,61.8,,,,,,52.61,44.77,,76,early_transition,58,bullish_above_signal,49.69,2.175,0.1,-0.04893087,0.04316547,0.04066986,0.10406091,4H EMA9 已站上 EMA26，等待 26/50 确认；4H MACD 位于 Signal 上方；4H RSI 位于健康强势区间,
484,AKBA,AKEBIA THERAPEUTICS INC,Health Care,Prism,Russell,158,46.26,48.91,87.7,20.42,50.0,63.86,65.4,,,,,,60.14,47.28,,76,early_transition,70,bullish_above_signal,51.02,0.9643,0.1,-0.03762475,0.02042328,0.13447059,-0.24368627,4H EMA9 已站上 EMA26，等待 26/50 确认；4H MACD 位于 Signal 上方；4H RSI 位于健康强势区间,
485,PRGO,PERRIGO PLC,Health Care,Prism,Russell,119,46.26,49.21,54.4,15.19,50.0,49.01,48.9,,,,,,63.84,48.02,,58,mixed_sideways,42,mixed_or_bearish,52.75,14.37,0.16,-0.01271041,-0.00415800,0.13686709,0.39582322,4H RSI 位于健康强势区间,4H EMA 仍偏震荡；4H MACD 尚未确认多头
486,AMPH,AMPHASTAR PHARMACEUTICALS,Health Care,Prism,Russell,115,46.22,49.22,54.4,14.88,50.0,47.8,47.55,,,,,,64.01,48.05,,55,mixed_sideways,42,mixed_or_bearish,55.88,22.809999,0.15,-0.00131353,-0.00739778,0.12253932,0.13144836,4H RSI 位于健康强势区间,4H EMA 仍偏震荡；4H MACD 尚未确认多头
487,CRK,COMSTOCK RESOURCES,Energy,Prism,Russell,386,46.2,41.33,54.4,33.15,50.0,46.3,47.55,,,,,,54.68,45.19,,55,mixed_sideways,42,mixed_or_bearish,52.35,14.93,0.14,-0.01840894,-0.06862139,0.03969359,0.20646465,4H RSI 位于健康强势区间,4H EMA 仍偏震荡；4H MACD 尚未确认多头
488,GBTG,GLOBAL BUSINESS TRAVEL GROUP CLASS,Consumer Discretionary,Prism,Russell,297,46.1,48.3,50.8,25.86,50.0,45.23,44.7,,,,,,57.43,45.74,,58,mixed_sideways,28,fresh_bearish_cross,52.57,9.475,0.11,-0.00105430,0.00158562,0.00264550,0.00530504,4H RSI 位于健康强势区间,4H EMA 仍偏震荡；4H MACD 最近死叉
489,CNR,CORE NATURAL RESOURCES,Energy,Prism,Russell,377,46.08,41.33,54.4,32.38,50.0,49.67,51.3,,,,,,54.82,45.21,,58,mixed_sideways,50,mixed_or_bearish,55.38,99.959999,0.22,-0.00199685,-0.01254573,0.06182282,0.25546339,4H MACD 柱体连续扩张；4H RSI 位于健康强势区间,4H EMA 仍偏震荡；4H MACD 尚未确认多头
490,LFST,LIFESTANCE HEALTH GROUP,Health Care,Prism,Russell,192,46.06,48.74,50.8,24.53,50.0,45.95,45.5,,,,,,57.94,46.84,,58,mixed_sideways,28,fresh_bearish_cross,55.73,12.675,0.59,-0.00627205,0.00635173,0.06557377,0.12666667,4H RSI 位于健康强势区间,4H EMA 仍偏震荡；4H MACD 最近死叉
491,EPSN,EPSILON ENERGY LTD,Energy,Prism,Russell,367,45.97,41.35,54.4,31.61,50.0,47.51,48.9,,,,,,54.98,45.25,,58,mixed_sideways,42,mixed_or_bearish,56.13,6.1677,0.3,-0.01474441,-0.01631579,0.05974227,0.13148046,4H RSI 位于健康强势区间,4H EMA 仍偏震荡；4H MACD 尚未确认多头
492,SGHC,SUPER GROUP,Consumer Discretionary,Prism,Russell,282,45.97,48.33,50.8,24.88,50.0,44.02,43.35,,,,,,57.91,45.83,,55,mixed_sideways,28,fresh_bearish_cross,53.98,13.915,0.14,0.01755027,0.03372706,0.07910043,-0.07171448,4H RSI 位于健康强势区间,4H EMA 仍偏震荡；4H MACD 最近死叉
493,REFI,CHICAGO ATLANTIC REAL ESTATE FINAN,Financials,Prism,Russell,366,45.96,41.35,54.4,31.5,50.0,46.3,47.55,,,,,,55.0,45.25,,55,mixed_sideways,42,mixed_or_bearish,53.63,10.81,0.14,-0.00538253,0.00000000,0.05566406,0.07242063,4H RSI 位于健康强势区间,4H EMA 仍偏震荡；4H MACD 尚未确认多头
494,NXDT,NEXPOINT DIVERSIFIED REAL ESTATE T,Real Estate,Prism,Russell,157,45.93,48.92,54.4,13.65,50.0,47.8,47.55,,,,,,65.2,47.29,,55,mixed_sideways,42,mixed_or_bearish,52.48,5.43,0.16,0.00000000,0.00742115,0.14075630,0.01305970,4H RSI 位于健康强势区间,4H EMA 仍偏震荡；4H MACD 尚未确认多头
495,SCSC,SCANSOURCE,Information Technology,Prism,Russell,280,45.89,48.34,50.8,24.32,50.0,45.23,44.7,,,,,,58.03,45.86,,58,mixed_sideways,28,fresh_bearish_cross,54.71,57.459999,0.21,-0.01195082,0.02169269,0.06525769,0.00366810,4H RSI 位于健康强势区间,4H EMA 仍偏震荡；4H MACD 最近死叉
496,HP,HELMERICH & PAYNE,Energy,Prism,Russell,352,45.85,41.39,54.4,30.68,50.0,46.3,47.55,,,,,,55.5,45.35,,55,mixed_sideways,42,mixed_or_bearish,51.73,44.07,0.14,-0.00496728,-0.04610392,0.05241791,0.33081677,4H RSI 位于健康强势区间,4H EMA 仍偏震荡；4H MACD 尚未确认多头
497,PD,PAGERDUTY,Information Technology,Prism,Russell,146,45.84,48.97,54.4,12.93,50.0,47.8,47.55,,,,,,65.9,47.43,,55,mixed_sideways,42,mixed_or_bearish,56.31,13.52,0.21,0.02076255,-0.03703704,0.13756836,0.31007752,4H RSI 位于健康强势区间,4H EMA 仍偏震荡；4H MACD 尚未确认多头
498,SXC,SUNCOKE ENERGY INC,Materials,Prism,Russell,343,45.76,41.41,54.4,30.07,50.0,46.3,47.55,,,,,,55.7,45.39,,55,mixed_sideways,42,mixed_or_bearish,55.25,10.205,0.14,-0.00729572,0.00000000,0.08506114,0.10923913,4H RSI 位于健康强势区间,4H EMA 仍偏震荡；4H MACD 尚未确认多头
499,RES,RPC INC,Energy,Prism,Russell,339,45.7,41.41,54.4,29.66,50.0,47.51,48.9,,,,,,55.8,45.41,,58,mixed_sideways,42,mixed_or_bearish,57.21,6.515,0.21,-0.00685976,-0.00534351,0.06107492,0.26504854,4H RSI 位于健康强势区间,4H EMA 仍偏震荡；4H MACD 尚未确认多头
500,PRAA,PRA GROUP INC,Financials,Prism,Russell,1062,45.61,40.51,54.1,98.61,50.0,43.73,44.7,,,,,,44.5,43.15,,38,bearish_transition,64,fresh_below_zero_cross,46.12,18.85,0.14,-0.00945880,0.02836879,-0.00658762,0.04432139,4H MACD 刚金叉但仍需零轴确认,4H EMA 转弱或跌破 EMA26
501,SEPN,SEPTERNA,Health Care,Prism,Russell,666,45.55,40.9,54.1,97.28,50.0,46.3,47.55,,,,,,44.42,44.13,,39,bearish_transition,72,fresh_below_zero_cross,46.49,38.240002,0.34,0.00923735,0.01486205,-0.01646088,0.12511962,4H MACD 刚金叉但仍需零轴确认；4H MACD 柱体连续扩张,4H EMA 转弱或跌破 EMA26
502,CMRC,BIGCOMMERCE HOLDINGS SERIES,Information Technology,Prism,Russell,183,45.51,48.78,87.7,15.7,50.0,63.86,65.4,,,,,,63.54,46.96,,76,early_transition,70,bullish_above_signal,54.65,2.495,0.04,-0.01577909,0.05274262,0.17966903,-0.22031250,4H EMA9 已站上 EMA26，等待 26/50 确认；4H MACD 位于 Signal 上方；4H RSI 位于健康强势区间,
503,BGC,BGC GROUP INC CLASS A,Financials,Prism,Russell,113,45.5,49.23,54.4,10.06,50.0,51.17,51.3,,,,,,69.12,48.07,,58,mixed_sideways,50,mixed_or_bearish,58.88,12.205,0.19,0.01665973,0.01878130,0.18552695,0.02005850,4H MACD 柱体连续扩张；4H RSI 位于健康强势区间,4H EMA 仍偏震荡；4H MACD 尚未确认多头
504,SGP,SPYGLASS PHARMA SHS,Health Care,Prism,Russell,156,45.49,48.92,50.8,20.32,50.0,45.23,44.7,,,,,,60.21,47.29,,58,mixed_sideways,28,fresh_bearish_cross,53.03,27.754999,0.1,-0.06359649,0.02872494,0.10710008,0.28793505,4H RSI 位于健康强势区间,4H EMA 仍偏震荡；4H MACD 最近死叉
505,HRMY,HARMONY BIOSCIENCES HLDG,Health Care,Prism,Russell,155,45.48,48.92,50.8,20.22,50.0,45.23,44.7,,,,,,60.31,47.31,,58,mixed_sideways,28,fresh_bearish_cross,56.21,41.529999,0.22,-0.03575577,0.00678785,0.06514483,0.16167829,4H RSI 位于健康强势区间,4H EMA 仍偏震荡；4H MACD 最近死叉
506,MVBF,MVB FINANCIAL CORP,Financials,Prism,Russell,443,45.41,41.18,50.8,37.81,50.0,42.52,43.35,,,,,,52.91,44.83,,55,mixed_sideways,28,fresh_bearish_cross,51.51,30.65,0.09,-0.00937301,0.01188508,0.02990591,0.02921420,4H RSI 位于健康强势区间,4H EMA 仍偏震荡；4H MACD 最近死叉
507,TSEOQ,TRINSEO PLC,Materials,Prism,Russell,21,45.35,67.45,41.5,0.92,50.0,8.5,0.0,,,,,,100.0,54.25,,0,insufficient_data,0,insufficient_data,,,,,,,,,4H样本不足：2根
508,SSRM,SSR MINING,Materials,Prism,Russell,101,45.33,49.37,54.4,8.62,50.0,49.96,49.95,,,,,,70.89,48.43,,55,mixed_sideways,50,mixed_or_bearish,55.66,37.66,0.13,0.01386458,0.05107446,0.19936306,0.48209366,4H MACD 柱体连续扩张；4H RSI 位于健康强势区间,4H EMA 仍偏震荡；4H MACD 尚未确认多头
509,FUBO,FUBOTV CLASS A,Communication,Prism,Russell,234,45.29,48.53,50.8,19.91,50.0,44.02,43.35,,,,,,60.41,46.33,,55,mixed_sideways,28,fresh_bearish_cross,53.21,10.9101,0.13,-0.02588393,0.03315341,0.16560897,0.20820598,4H RSI 位于健康强势区间,4H EMA 仍偏震荡；4H MACD 最近死叉
510,FTK,FLOTEK INDUSTRIES INC,Materials,Prism,Russell,1898,45.28,38.1,65.2,5.75,50.0,48.32,49.8,,,,,,14.41,37.13,,44,mixed_sideways,66,bullish_above_signal,63.72,27.360001,0.3,0.12269183,0.19685039,-0.27272723,0.15589358,4H MACD 位于 Signal 上方；4H MACD 柱体连续扩张；4H RSI 位于健康强势区间,4H EMA 仍偏震荡；4H 相对 EMA26 超过 2 ATR，短线偏追高
511,BOC,BOSTON OMAHA CORP CLASS A,Communication,Prism,Russell,993,45.07,40.56,54.1,94.87,50.0,39.41,39.9,,,,,,45.14,43.28,,22,confirmed_bearish_trend,72,fresh_below_zero_cross,46.78,13.78,0.22,0.00218182,0.00364166,-0.03026038,-0.04504505,4H MACD 刚金叉但仍需零轴确认；4H MACD 柱体连续扩张,4H EMA 空头排列
512,OVBC,OHIO VALLEY BANC CORP,Financials,Prism,Russell,401,44.88,41.29,50.8,34.07,50.0,43.73,44.7,,,,,,54.26,45.1,,58,mixed_sideways,28,fresh_bearish_cross,54.45,46.279999,0.0,-0.01761838,0.03152067,0.05349417,0.10164249,4H RSI 位于健康强势区间,4H EMA 仍偏震荡；4H MACD 最近死叉
513,TMDX,TRANSMEDICS GROUP,Health Care,Prism,Russell,659,44.84,40.91,51.7,98.97,50.0,44.54,45.6,,,,,,44.51,44.15,,44,bearish_transition,58,bullish_above_signal,46.83,86.529999,0.15,-0.01636924,0.05254835,-0.02159660,0.13548975,4H MACD 位于 Signal 上方,4H EMA 转弱或跌破 EMA26
514,BWMN,BOWMAN CONSULTING GROUP,Industrials,Prism,Russell,733,44.84,40.82,39.4,65.26,50.0,39.55,40.05,,,,,,48.36,43.92,,43,mixed_sideways,50,mixed_or_bearish,75.53,42.540001,0.23,-0.00082208,-0.00140838,0.00235631,0.60407244,4H MACD 柱体连续扩张,4H EMA 仍偏震荡；4H 相对 EMA26 超过 2 ATR，短线偏追高；4H MACD 尚未确认多头；4H RSI 过热
515,DEC,DIVERSIFIED ENERGY COMPANY,Energy,Prism,Russell,395,44.83,41.31,50.8,33.66,50.0,42.52,43.35,,,,,,54.48,45.15,,55,mixed_sideways,28,fresh_bearish_cross,50.87,15.08,0.18,-0.02394822,-0.01758958,0.05087108,0.20640000,4H RSI 位于健康强势区间,4H EMA 仍偏震荡；4H MACD 最近死叉
516,WSFS,WSFS FINANCIAL,Financials,Prism,Russell,1047,44.82,40.52,51.7,99.74,50.0,45.35,46.5,,,,,,44.66,43.18,,42,bearish_transition,58,bullish_above_signal,49.1,78.864998,0.11,-0.00069691,0.02809280,-0.02152606,-0.03546751,4H MACD 位于 Signal 上方；4H RSI 位于健康强势区间,4H EMA 转弱或跌破 EMA26
517,SHBI,SHORE BANCSHARES INC,Financials,Prism,Russell,1042,44.76,40.53,51.7,99.33,50.0,35.63,35.7,,,,,,44.7,43.19,,22,confirmed_bearish_trend,58,bullish_above_signal,46.53,23.120001,0.27,-0.00942584,0.01760572,-0.02075392,-0.05381617,4H MACD 位于 Signal 上方,4H EMA 空头排列
518,RDVT,RED VIOLET INC,Information Technology,Prism,Russell,182,44.74,48.79,50.8,15.6,50.0,45.23,44.7,,,,,,63.59,46.97,,58,mixed_sideways,28,fresh_bearish_cross,53.07,73.885002,0.16,-0.00931885,-0.02384727,0.12458151,0.10871853,4H RSI 位于健康强势区间,4H EMA 仍偏震荡；4H MACD 最近死叉
519,FPI,FARMLAND PARTNERS INC,Real Estate,Prism,Russell,181,44.72,48.79,50.8,15.5,50.0,45.23,44.7,,,,,,63.64,46.98,,58,mixed_sideways,28,fresh_bearish_cross,57.64,10.5951,0.12,-0.01997040,0.00237465,0.08891059,0.10943455,4H RSI 位于健康强势区间,4H EMA 仍偏震荡；4H MACD 最近死叉
520,BANR,BANNER CORP,Financials,Prism,Russell,1035,44.67,40.53,51.7,98.72,50.0,36.35,36.5,,,,,,44.77,43.2,,22,confirmed_bearish_trend,58,bullish_above_signal,46.62,70.125,0.68,-0.00277304,0.02193234,-0.01813215,-0.00644661,4H MACD 位于 Signal 上方,4H EMA 空头排列
521,ORRF,ORRSTOWN FINANCIAL SERVICES INC,Financials,Prism,Russell,1033,44.64,40.53,51.7,98.51,50.0,37.66,37.95,,,,,,44.78,43.21,,27,confirmed_bearish_trend,58,bullish_above_signal,46.64,41.959999,0.13,-0.00991038,0.01696561,-0.01247359,-0.03871713,4H MACD 位于 Signal 上方,4H EMA 空头排列
522,TGLS,TECNOGLASS HOLDINGS,Industrials,Prism,Russell,1032,44.63,40.53,51.7,98.41,50.0,36.84,37.05,,,,,,44.79,43.21,,25,confirmed_bearish_trend,58,bullish_above_signal,46.21,39.68,0.26,-0.01684839,0.05168301,-0.04247102,-0.16003391,4H MACD 位于 Signal 上方,4H EMA 空头排列
523,BWB,BRIDGEWATER BANCSHARES INC,Financials,Prism,Russell,1066,44.6,40.51,51.7,98.26,50.0,44.54,45.6,,,,,,44.48,43.15,,44,bearish_transition,58,bullish_above_signal,45.94,21.299999,0.15,-0.01228852,0.01913871,-0.00699310,0.01573677,4H MACD 位于 Signal 上方,4H EMA 转弱或跌破 EMA26
524,NKTR,NEKTAR THERAPEUTICS,Health Care,Prism,Russell,664,44.59,40.9,51.7,97.28,50.0,47.78,49.2,,,,,,44.42,44.13,,44,bearish_transition,70,bullish_above_signal,46.8,72.815002,0.23,-0.04717346,0.01456047,-0.02621197,0.02882374,4H MACD 位于 Signal 上方,4H EMA 转弱或跌破 EMA26
525,PANL,PANGAEA LOGISTICS SOLUTIONS,Industrials,Prism,Russell,166,44.56,48.87,50.8,14.26,50.0,45.23,44.7,,,,,,64.64,47.18,,58,mixed_sideways,28,fresh_bearish_cross,56.51,8.305,0.15,-0.00240240,0.03039702,0.13147139,0.10000000,4H RSI 位于健康强势区间,4H EMA 仍偏震荡；4H MACD 最近死叉
526,SOC,SABLE OFFSHORE CLASS A,Energy,Prism,Russell,1678,44.55,39.48,87.7,30.99,50.0,64.52,67.8,,,,,,31.67,40.58,,76,early_transition,78,bullish_above_signal,56.7,4.845,0.1,0.01148225,0.01678909,-0.04625984,0.17028986,4H EMA9 已站上 EMA26，等待 26/50 确认；4H MACD 位于 Signal 上方；4H MACD 柱体连续扩张；4H RSI 位于健康强势区间,
527,SRBK,SR BANCORP INC,Financials,Prism,Russell,1071,44.5,40.51,51.7,97.64,50.0,43.64,44.6,,,,,,44.45,43.14,,36,bearish_transition,58,bullish_above_signal,49.73,19.65,0.64,-0.00657235,0.00846800,-0.01503764,0.00434444,4H MACD 位于 Signal 上方；4H RSI 位于健康强势区间,4H EMA 转弱或跌破 EMA26
528,WSBF,WATERSTONE FINANCIAL INC,Financials,Prism,Russell,357,44.48,41.36,50.8,31.2,50.0,44.45,45.5,,,,,,55.15,45.28,,58,mixed_sideways,28,fresh_bearish_cross,53.31,21.27,0.58,-0.00467950,0.01819057,0.03453312,0.03252427,4H RSI 位于健康强势区间,4H EMA 仍偏震荡；4H MACD 最近死叉
529,KMT,KENNAMETAL,Industrials,Prism,Russell,1073,44.45,40.5,51.7,97.28,50.0,38.78,39.2,,,,,,44.42,43.13,,28,confirmed_bearish_trend,58,bullish_above_signal,46.81,29.75,0.56,-0.02170339,0.01918462,-0.05824628,-0.16479504,4H MACD 位于 Signal 上方,4H EMA 空头排列
530,ARCB,ARCBEST,Industrials,Prism,Russell,1075,44.4,40.5,51.7,96.97,50.0,38.06,38.4,,,,,,44.41,43.13,,28,confirmed_bearish_trend,58,bullish_above_signal,45.79,135.710007,0.25,-0.02552682,0.02137437,-0.01237171,-0.09138989,4H MACD 位于 Signal 上方,4H EMA 空头排列
531,AP,AMPCO PITTSBURGH CORP,Materials,Prism,Russell,1077,44.38,40.5,51.7,96.82,50.0,46.3,47.55,,,,,,44.39,43.13,,39,bearish_transition,66,bullish_above_signal,48.21,8.675,0.11,-0.00604963,0.03396901,0.00057670,0.05535280,4H MACD 位于 Signal 上方；4H MACD 柱体连续扩张；4H RSI 位于健康强势区间,4H EMA 转弱或跌破 EMA26
532,PLUS,EPLUS,Information Technology,Prism,Russell,1014,44.34,40.55,51.7,96.46,50.0,49.4,51.0,,,,,,44.97,43.24,,44,bearish_transition,70,bullish_above_signal,49.62,88.459999,0.2,-0.01514141,0.02018222,-0.02005094,-0.04506939,4H MACD 位于 Signal 上方；4H RSI 位于健康强势区间,4H EMA 转弱或跌破 EMA26
533,ASLE,AERSALE CORP,Industrials,Prism,Russell,1004,44.2,40.55,51.7,95.48,50.0,38.06,38.4,,,,,,45.04,43.26,,28,confirmed_bearish_trend,58,bullish_above_signal,46.65,5.615,0.14,-0.02601908,0.03027523,-0.03189655,-0.13681783,4H MACD 位于 Signal 上方,4H EMA 空头排列
534,INDB,INDEPENDENT BANK CORP,Financials,Prism,Russell,1005,44.2,40.55,51.7,95.48,50.0,36.84,37.05,,,,,,45.04,43.26,,25,confirmed_bearish_trend,58,bullish_above_signal,46.22,82.25,0.27,-0.00987119,0.02825356,-0.01884769,-0.04499274,4H MACD 位于 Signal 上方,4H EMA 空头排列
535,FLR,FLUOR CORP,Industrials,Prism,Russell,333,44.19,41.43,50.8,29.14,50.0,43.73,44.7,,,,,,56.0,45.45,,58,mixed_sideways,28,fresh_bearish_cross,52.91,55.419998,0.13,-0.02618173,-0.01528076,0.06046690,0.12379599,4H RSI 位于健康强势区间,4H EMA 仍偏震荡；4H MACD 最近死叉
536,TAYD,TAYLOR DEVICES INC,Industrials,Prism,Russell,120,44.15,49.2,50.8,10.72,50.0,45.23,44.7,,,,,,68.82,48.01,,58,mixed_sideways,28,fresh_bearish_cross,54.57,60.369999,0.07,-0.02266474,0.00599902,0.17200546,0.08423130,4H RSI 位于健康强势区间,4H EMA 仍偏震荡；4H MACD 最近死叉
537,ADRO,CHINOOK THERAPEUTICS INC CVR,Health Care,Prism,Russell,360,44.06,41.35,41.5,53.26,50.0,3.5,0.0,,,,,,50.0,45.25,,0,insufficient_data,0,insufficient_data,,,,,,,,,4H样本不足：0根
538,AKE,AKERO THERAPEUTICS CVR,Health Care,Prism,Russell,361,44.06,41.35,41.5,53.26,50.0,3.5,0.0,,,,,,50.0,45.25,,0,insufficient_data,0,insufficient_data,,,,,,,,,4H样本不足：0根
539,GTXI,GTXI INC - CVR,Health Care,Prism,Russell,362,44.06,41.35,41.5,53.26,50.0,3.5,0.0,,,,,,50.0,45.25,,0,insufficient_data,0,insufficient_data,,,,,,,,,4H样本不足：0根
540,INH,INHIBRX INC CVR,Health Care,Prism,Russell,363,44.06,41.35,41.5,53.26,50.0,3.5,0.0,,,,,,50.0,45.25,,0,insufficient_data,0,insufficient_data,,,,,,,,,4H样本不足：0根
541,PDLI,PDL BIOPHARMA INC,Health Care,Prism,Russell,364,44.06,41.35,41.5,53.26,50.0,3.5,0.0,,,,,,50.0,45.25,,0,insufficient_data,0,insufficient_data,,,,,,,,,4H样本不足：0根
542,THRD,THIRD HARMONIC BIO INC,Health Care,Prism,Russell,365,44.06,41.35,41.5,53.26,50.0,3.5,0.0,,,,,,50.0,45.25,,0,insufficient_data,0,insufficient_data,,,,,,,,,4H样本不足：0根
543,FISI,FINANCIAL INSTITUTIONS INC,Financials,Prism,Russell,992,44.05,40.57,51.7,94.51,50.0,44.54,45.6,,,,,,45.18,43.29,,44,bearish_transition,58,bullish_above_signal,47.13,40.814999,0.18,-0.01472541,0.02063008,-0.01198262,-0.03153478,4H MACD 位于 Signal 上方,4H EMA 转弱或跌破 EMA26
544,TRDA,ENTRADA THERAPEUTICS,Health Care,Prism,Russell,596,43.97,40.98,51.7,92.97,50.0,46.16,47.4,,,,,,45.33,44.32,,44,bearish_transition,58,bullish_above_signal,48.62,7.16,0.45,-0.05789474,0.00987306,0.03095752,0.22813036,4H MACD 位于 Signal 上方；4H RSI 位于健康强势区间,4H EMA 转弱或跌破 EMA26
545,IA,INNOVATIVE SOLUTIONS AND SUPPORT I,Industrials,Prism,Russell,617,43.92,40.95,41.5,53.26,50.0,3.5,0.0,,,,,,50.0,44.25,,0,insufficient_data,0,insufficient_data,,,,,,,,,4H样本不足：32根
546,NXH,NEIGHBORHOOD INTELLIGENCE,Consumer Discretionary,Prism,Russell,618,43.92,40.95,41.5,53.26,50.0,3.5,0.0,,,,,,50.0,44.25,,0,insufficient_data,0,insufficient_data,,,,,,,,,4H样本不足：34根
547,HOS,HORNBECK OFFSHORE SERVICES INC,Energy,Prism,Russell,619,43.92,40.95,41.5,53.26,50.0,3.5,0.0,,,,,,50.0,44.25,,0,insufficient_data,0,insufficient_data,,,,,,,,,4H样本不足：10根
548,P5N994,Petrocorp Inc Escrow,Energy,Prism,Russell,620,43.92,40.95,41.5,53.26,50.0,3.5,0.0,,,,,,50.0,44.25,,0,insufficient_data,0,insufficient_data,,,,,,,,,4H样本不足：0根
549,SBT,STERLING BANCORP INC,Financials,Prism,Russell,621,43.92,40.95,41.5,53.26,50.0,3.5,0.0,,,,,,50.0,44.25,,0,insufficient_data,0,insufficient_data,,,,,,,,,4H样本不足：0根
550,MATX,MATSON INC,Industrials,Prism,Russell,303,43.91,41.51,50.8,27.09,50.0,43.73,44.7,,,,,,57.03,45.66,,58,mixed_sideways,28,fresh_bearish_cross,57.95,224.447495,0.27,-0.00179013,0.02323906,0.07581599,0.10505388,4H RSI 位于健康强势区间,4H EMA 仍偏震荡；4H MACD 最近死叉
551,NIC,NICOLET BANKSHARES INC,Financials,Prism,Russell,1106,43.9,40.47,51.7,93.69,50.0,36.84,37.05,,,,,,43.95,43.04,,25,confirmed_bearish_trend,58,bullish_above_signal,45.68,170.179993,0.13,-0.01046635,0.02376224,-0.01737981,-0.01664166,4H MACD 位于 Signal 上方,4H EMA 空头排列
552,NPKI,NPK INTERNATIONAL,Industrials,Prism,Russell,983,43.89,40.57,51.7,93.38,50.0,45.35,46.5,,,,,,45.29,43.31,,42,bearish_transition,58,bullish_above_signal,49.61,13.385,0.16,-0.01869501,0.01018868,-0.01071693,0.03518948,4H MACD 位于 Signal 上方；4H RSI 位于健康强势区间,4H EMA 转弱或跌破 EMA26
553,FMBH,FIRST MID BANCSHARES INC,Financials,Prism,Russell,981,43.86,40.57,51.7,93.23,50.0,43.33,44.25,,,,,,45.3,43.31,,41,bearish_transition,58,bullish_above_signal,45.14,50.305,0.23,-0.01680838,0.00953237,-0.01652008,-0.04217441,4H MACD 位于 Signal 上方,4H EMA 转弱或跌破 EMA26
554,LKFN,LAKELAND FINANCIAL CORP,Financials,Prism,Russell,980,43.78,40.58,51.7,92.66,50.0,39.68,40.2,,,,,,45.36,43.32,,28,confirmed_bearish_trend,58,bullish_above_signal,48.38,59.970001,0.26,-0.00530768,0.01782083,-0.01704634,-0.05914655,4H MACD 位于 Signal 上方；4H RSI 位于健康强势区间,4H EMA 空头排列
555,FXNC,FIRST NATIONAL CORP,Financials,Prism,Russell,1121,43.7,40.45,51.7,92.41,50.0,35.63,35.7,,,,,,43.79,43.01,,22,confirmed_bearish_trend,58,bullish_above_signal,47.09,30.780001,0.4,-0.00581389,0.01584165,-0.01661336,0.00951135,4H MACD 位于 Signal 上方,4H EMA 空头排列
556,SFST,SOUTHERN FIRST BANCSHARES INC,Financials,Prism,Russell,975,43.69,40.58,51.7,92.05,50.0,43.33,44.25,,,,,,45.4,43.33,,41,bearish_transition,58,bullish_above_signal,46.12,62.16,0.05,-0.01575487,0.02320988,-0.00940239,-0.00160614,4H MACD 位于 Signal 上方,4H EMA 转弱或跌破 EMA26
557,FRST,PRIMIS FINANCIAL CORP,Financials,Prism,Russell,971,43.65,40.59,51.7,91.74,50.0,36.84,37.05,,,,,,45.44,43.34,,25,confirmed_bearish_trend,58,bullish_above_signal,45.62,15.96,0.34,-0.01663586,0.01980831,-0.01237624,-0.00312305,4H MACD 位于 Signal 上方,4H EMA 空头排列
558,IMAX,IMAX,Communication,Prism,Russell,784,43.64,40.77,59.5,70.5,50.0,52.1,54.0,,,,,,47.68,43.79,,44,bearish_transition,80,fresh_above_zero_cross,49.23,51.755001,0.2,-0.01858348,0.01202585,0.01064249,0.09418609,4H MACD 零轴上方刚金叉；4H RSI 位于健康强势区间,4H EMA 转弱或跌破 EMA26
559,VPG,VISHAY PRECISION GROUP,Information Technology,Prism,Russell,1127,43.62,40.45,51.7,91.89,50.0,42.52,43.35,,,,,,43.76,43.0,,39,bearish_transition,58,bullish_above_signal,46.21,63.674999,0.11,-0.03141161,0.05387291,-0.01796726,-0.30614579,4H MACD 位于 Signal 上方,4H EMA 转弱或跌破 EMA26
560,TE,T1 ENERGY,Information Technology,Prism,Russell,1739,43.5,39.31,87.7,24.42,50.0,59.12,61.8,,,,,,29.46,40.14,,76,early_transition,58,bullish_above_signal,54.86,4.885,0.15,-0.05512573,0.14135514,-0.07936149,0.17569194,4H EMA9 已站上 EMA26，等待 26/50 确认；4H MACD 位于 Signal 上方；4H RSI 位于健康强势区间,
561,RLAY,RELAY THERAPEUTICS,Health Care,Prism,Russell,715,43.49,40.83,51.7,90.1,50.0,47.83,49.25,,,,,,43.55,43.96,,39,bearish_transition,66,bullish_above_signal,48.59,19.049999,1.08,0.00527694,0.02972968,-0.04439428,0.04212243,4H MACD 位于 Signal 上方；4H MACD 柱体连续扩张；4H RSI 位于健康强势区间,4H EMA 转弱或跌破 EMA26
562,RDN,RADIAN GROUP,Financials,Prism,Russell,949,43.34,40.6,51.7,89.69,50.0,35.63,35.7,,,,,,45.66,43.38,,22,confirmed_bearish_trend,58,bullish_above_signal,45.91,36.310001,0.17,0.00055112,0.01424587,-0.00520545,-0.07537558,4H MACD 位于 Signal 上方,4H EMA 空头排列
563,IRD,OPUS GENETICS INC,Health Care,Prism,Russell,7,43.33,74.6,50.2,0.92,50.0,55.54,50.6,,,,,,100.0,55.25,,46,mixed_sideways,78,bullish_above_signal,77.78,5.77,0.86,0.30987514,0.50456323,0.57435198,0.69208211,4H MACD 位于 Signal 上方；4H MACD 柱体连续扩张,4H EMA 仍偏震荡；4H 相对 EMA26 超过 2 ATR，短线偏追高；4H RSI 过热
564,CTBI,COMMUNITY TRUST BANCORP,Financials,Prism,Russell,943,43.24,40.61,51.7,88.97,50.0,43.33,44.25,,,,,,45.77,43.4,,41,bearish_transition,58,bullish_above_signal,47.79,76.650002,0.2,-0.01135041,0.01288403,-0.00943390,-0.01793723,4H MACD 位于 Signal 上方,4H EMA 转弱或跌破 EMA26
565,PKBK,PARKE BANCORP INC,Financials,Prism,Russell,941,43.2,40.61,51.7,88.71,50.0,46.16,47.4,,,,,,45.79,43.41,,44,bearish_transition,58,bullish_above_signal,49.41,34.049999,0.16,-0.00511319,0.01550850,-0.00554915,-0.00263620,4H MACD 位于 Signal 上方；4H RSI 位于健康强势区间,4H EMA 转弱或跌破 EMA26
566,OBT,ORANGE COUNTY BANCORP INC,Financials,Prism,Russell,937,43.13,40.62,51.7,88.25,50.0,43.73,44.7,,,,,,45.85,43.42,,38,bearish_transition,58,bullish_above_signal,48.22,38.005001,0.38,-0.00092008,0.01563343,-0.00899601,-0.02451227,4H MACD 位于 Signal 上方；4H RSI 位于健康强势区间,4H EMA 转弱或跌破 EMA26
567,ARR,ARMOUR RESIDENTIAL REIT,Financials,Prism,Russell,935,43.1,40.62,51.7,88.05,50.0,36.84,37.05,,,,,,45.89,43.43,,25,confirmed_bearish_trend,58,bullish_above_signal,45.94,16.229,0.1,-0.00527128,0.00613769,-0.01880296,-0.01042683,4H MACD 位于 Signal 上方,4H EMA 空头排列
568,HBNC,HORIZON BANCORP INC,Financials,Prism,Russell,1165,42.97,40.4,51.7,87.63,50.0,36.84,37.05,,,,,,43.14,42.88,,25,confirmed_bearish_trend,58,bullish_above_signal,45.16,19.58,0.15,-0.01509049,0.01767152,-0.03165178,-0.05456297,4H MACD 位于 Signal 上方,4H EMA 空头排列
569,ARX,ACCELERANT HOLDINGS CLASS A,Financials,Prism,Russell,19,42.83,74.2,49.3,0.92,50.0,64.68,60.75,,,,,,100.0,54.25,,89,confirmed_bullish_trend,50,mixed_or_bearish,77.29,19.85,0.05,0.00050403,0.00353888,0.64867110,0.35034014,4H EMA 多头排列已连续维持；4H MACD 柱体连续扩张,4H 相对 EMA26 超过 2 ATR，短线偏追高；4H MACD 尚未确认多头；4H RSI 过热
570,ANTX,AN2 THERAPEUTICS INC,Health Care,Prism,Russell,763,42.79,40.78,51.7,85.58,50.0,47.78,49.2,,,,,,42.86,43.82,,44,bearish_transition,70,bullish_above_signal,46.65,5.68,0.2,-0.05096074,0.03460838,-0.03565365,0.20594480,4H MACD 位于 Signal 上方,4H EMA 转弱或跌破 EMA26
571,CBL,CBL ASSOCIATES PROPERTIES,Real Estate,Prism,Russell,914,42.79,40.64,51.7,85.89,50.0,38.06,38.4,,,,,,46.14,43.48,,28,confirmed_bearish_trend,58,bullish_above_signal,47.99,55.040001,0.17,-0.01520841,0.02304836,-0.01184919,-0.08388816,4H MACD 位于 Signal 上方,4H EMA 空头排列
572,NBN,NORTHEAST BANK,Financials,Prism,Russell,1176,42.78,40.39,51.7,86.4,50.0,36.84,37.05,,,,,,42.99,42.85,,25,confirmed_bearish_trend,58,bullish_above_signal,46.01,128.710007,0.13,-0.02344458,0.03248839,-0.03743027,0.01787276,4H MACD 位于 Signal 上方,4H EMA 空头排列
573,REAX,REAL REMAX GROUP,Real Estate,Prism,Russell,17,42.75,74.2,54.1,0.92,50.0,54.41,49.35,,,,,,100.0,54.25,,39,bearish_transition,72,fresh_below_zero_cross,48.56,20.82,0.14,0.01412562,0.15282398,-0.02937067,0.20346828,4H MACD 刚金叉但仍需零轴确认；4H MACD 柱体连续扩张；4H RSI 位于健康强势区间,4H EMA 转弱或跌破 EMA26
574,HVT,HAVERTY FURNITURE COMPANIES INC,Consumer Discretionary,Prism,Russell,1179,42.7,40.38,51.7,85.94,50.0,49.4,51.0,,,,,,42.9,42.83,,44,bearish_transition,70,bullish_above_signal,48.65,27.58,0.16,-0.01482411,0.01471670,-0.04896552,0.05549181,4H MACD 位于 Signal 上方；4H RSI 位于健康强势区间,4H EMA 转弱或跌破 EMA26
575,ADAM,ADAMAS,Financials,Prism,Russell,1036,42.46,40.53,46.1,98.92,50.0,42.92,43.8,,,,,,44.76,43.2,,36,bearish_transition,64,fresh_below_zero_cross,42.13,9.6375,0.09,-0.01001541,0.00390625,-0.01457055,0.10648680,4H MACD 刚金叉但仍需零轴确认,4H EMA 转弱或跌破 EMA26
576,UNTY,UNITY BANCORP INC,Financials,Prism,Russell,896,42.46,40.66,51.7,83.68,50.0,35.63,35.7,,,,,,46.37,43.52,,22,confirmed_bearish_trend,58,bullish_above_signal,46.38,58.73,0.0,-0.00609240,0.01608998,-0.01244327,-0.00499792,4H MACD 位于 Signal 上方,4H EMA 空头排列
577,STLN,STARLING ONCOLOGY,Health Care,Prism,Russell,311,42.39,41.5,41.5,41.77,50.0,3.5,0.0,,,,,,51.85,45.62,,0,insufficient_data,0,insufficient_data,,,,,,,,,4H样本不足：52根
578,CURB,CURBLINE PROPERTIES,Real Estate,Prism,Russell,831,42.26,40.72,54.1,75.78,50.0,38.47,38.85,,,,,,47.15,43.68,,25,confirmed_bearish_trend,64,fresh_below_zero_cross,45.23,29.495001,0.18,-0.00940383,-0.00354726,-0.01420451,-0.06764656,4H MACD 刚金叉但仍需零轴确认,4H EMA 空头排列
579,ESP,ESPEY MANUFACTURING AND ELECTRONIC,Industrials,Prism,Russell,879,42.14,40.67,51.7,81.48,50.0,46.88,48.2,,,,,,46.56,43.56,,44,bearish_transition,58,bullish_above_signal,48.48,62.785,0.75,-0.02143086,0.01643192,0.01298806,0.07050295,4H MACD 位于 Signal 上方；4H RSI 位于健康强势区间,4H EMA 转弱或跌破 EMA26
580,CYTK,CYTOKINETICS,Health Care,Prism,Russell,828,42.14,40.73,51.7,81.38,50.0,45.35,46.5,,,,,,42.18,43.69,,42,bearish_transition,58,bullish_above_signal,48.74,74.125,0.13,-0.02812373,0.03816524,-0.04367181,-0.06749274,4H MACD 位于 Signal 上方；4H RSI 位于健康强势区间,4H EMA 转弱或跌破 EMA26
581,LOVE,LOVESAC COMPANY,Consumer Discretionary,Prism,Russell,1220,42.12,40.33,51.7,82.14,50.0,44.13,45.15,,,,,,42.32,42.71,,39,bearish_transition,58,bullish_above_signal,48.96,16.125,0.37,0.00529919,0.04980469,-0.06711021,-0.04923343,4H MACD 位于 Signal 上方；4H RSI 位于健康强势区间,4H EMA 转弱或跌破 EMA26
582,ACVA,ACV AUCTIONS CLASS A,Industrials,Prism,Russell,1221,42.1,40.33,51.7,81.99,50.0,44.68,45.75,,,,,,42.3,42.71,,39,bearish_transition,66,bullish_above_signal,46.13,7.005,0.34,0.01155235,0.03624260,-0.03645117,-0.14468864,4H MACD 位于 Signal 上方；4H MACD 柱体连续扩张,4H EMA 转弱或跌破 EMA26
583,SIGA,SIGA TECHNOLOGIES INC,Health Care,Prism,Russell,236,41.96,48.53,73.3,31.04,50.0,49.69,49.65,,,,,,55.39,46.33,,73,early_transition,28,fresh_bearish_cross,45.02,3.075,0.15,-0.04651163,-0.05092593,0.04948805,-0.07657658,4H EMA9 已站上 EMA26，等待 26/50 确认,4H MACD 最近死叉
584,BRCC,BRC INC CLASS A,Consumer Staples,Prism,Russell,12,41.93,74.6,51.7,0.92,50.0,46.18,40.2,,,,,,100.0,55.25,,28,confirmed_bearish_trend,58,bullish_above_signal,48.72,8.51,0.16,-0.02408257,0.03026634,-0.01516028,-0.16157635,4H MACD 位于 Signal 上方；4H RSI 位于健康强势区间,4H EMA 空头排列
585,TRAK,REPOSITRAK INC,Information Technology,Prism,Russell,1235,41.87,40.31,51.7,80.55,50.0,37.79,38.1,,,,,,42.03,42.66,,22,confirmed_bearish_trend,66,bullish_above_signal,45.34,7.875,0.52,0.00832266,-0.00693569,-0.06528190,-0.10000000,4H MACD 位于 Signal 上方；4H MACD 柱体连续扩张,4H EMA 空头排列
586,SMBK,SMARTFINANCIAL INC,Financials,Prism,Russell,855,41.76,40.7,51.7,78.91,50.0,44.95,46.05,,,,,,46.84,43.62,,41,bearish_transition,58,bullish_above_signal,48.34,51.029999,0.47,-0.01037525,0.02059998,-0.00652201,-0.04096974,4H MACD 位于 Signal 上方；4H RSI 位于健康强势区间,4H EMA 转弱或跌破 EMA26
587,CRC,CALIFORNIA RESOURCES,Energy,Prism,Russell,291,41.75,48.31,60.1,25.35,50.0,67.24,69.15,,,,,,57.6,45.77,,89,confirmed_bullish_trend,78,bullish_above_signal,77.87,57.240002,0.28,0.03789664,0.06255807,0.06532667,0.16152604,4H EMA 多头排列已连续维持；4H MACD 位于 Signal 上方；4H MACD 柱体连续扩张,4H 相对 EMA26 超过 2 ATR，短线偏追高；4H RSI 过热
588,ATLC,ATLANTICUS HOLDINGS CORP,Financials,Prism,Russell,848,41.67,40.7,51.7,78.3,50.0,35.63,35.7,,,,,,46.92,43.63,,22,confirmed_bearish_trend,58,bullish_above_signal,47.73,93.375,0.15,-0.00176396,0.04551564,-0.02505875,-0.11071429,4H MACD 位于 Signal 上方,4H EMA 空头排列
589,ISBA,ISABELLA BANK CORP,Financials,Prism,Russell,847,41.65,40.71,51.7,78.14,50.0,36.84,37.05,,,,,,46.93,43.64,,25,confirmed_bearish_trend,58,bullish_above_signal,47.48,39.299999,0.08,-0.00354970,0.01813474,-0.02529764,-0.01897159,4H MACD 位于 Signal 上方,4H EMA 空头排列
590,OTTR,OTTER TAIL,Utilities,Prism,Russell,660,41.64,40.91,43.7,98.97,50.0,36.84,37.05,,,,,,44.51,44.15,,25,confirmed_bearish_trend,58,bullish_above_signal,41.98,89.610001,0.25,-0.00703642,0.00033489,-0.03008982,-0.04283275,4H MACD 位于 Signal 上方,4H EMA 空头排列
591,UMBF,UMB FINANCIAL,Financials,Prism,Russell,1052,41.62,40.52,43.7,99.74,50.0,35.63,35.7,,,,,,44.61,43.17,,22,confirmed_bearish_trend,58,bullish_above_signal,41.67,141.589996,0.4,-0.01337885,0.02646074,-0.03083613,-0.01625788,4H MACD 位于 Signal 上方,4H EMA 空头排列
592,ENS,ENERSYS,Industrials,Prism,Russell,1053,41.61,40.52,43.7,99.64,50.0,33.47,33.3,,,,,,44.59,43.17,,22,confirmed_bearish_trend,58,bullish_above_signal,39.05,179.529999,0.25,-0.02051391,-0.00861448,-0.03690792,-0.02200800,4H MACD 位于 Signal 上方,4H EMA 空头排列；4H RSI 偏弱
593,SRCE,1ST SOURCE,Financials,Prism,Russell,1045,41.6,40.52,43.7,99.59,50.0,35.63,35.7,,,,,,44.67,43.18,,22,confirmed_bearish_trend,58,bullish_above_signal,44.9,85.809998,0.33,-0.00935125,0.01012361,-0.01751772,-0.05234682,4H MACD 位于 Signal 上方,4H EMA 空头排列
594,VCYT,VERACYTE,Health Care,Prism,Russell,973,41.57,40.58,54.1,71.52,50.0,46.7,48.0,,,,,,40.4,43.33,,36,bearish_transition,72,fresh_below_zero_cross,48.14,43.355,0.3,0.00544993,-0.00218644,-0.06218905,-0.22065434,4H MACD 刚金叉但仍需零轴确认；4H MACD 柱体连续扩张；4H RSI 位于健康强势区间,4H EMA 转弱或跌破 EMA26
595,STBA,S AND T BANCORP INC,Financials,Prism,Russell,1041,41.55,40.53,43.7,99.23,50.0,35.63,35.7,,,,,,44.71,43.19,,22,confirmed_bearish_trend,58,bullish_above_signal,42.15,49.529999,0.15,-0.01088371,0.00691197,-0.02500000,-0.07160261,4H MACD 位于 Signal 上方,4H EMA 空头排列
596,AVBH,AVIDBANK HOLDINGS INC,Financials,Prism,Russell,1061,41.45,40.51,43.7,98.61,50.0,36.35,36.5,,,,,,44.5,43.15,,22,confirmed_bearish_trend,58,bullish_above_signal,42.46,31.450001,0.62,-0.01672659,0.00736714,-0.02661715,-0.03557191,4H MACD 位于 Signal 上方,4H EMA 空头排列
597,TCBI,TEXAS CAPITAL BANCSHARES,Financials,Prism,Russell,1065,41.4,40.51,43.7,98.26,50.0,35.63,35.7,,,,,,44.48,43.15,,22,confirmed_bearish_trend,58,bullish_above_signal,42.41,96.589996,0.51,-0.01524191,0.00940531,-0.02685004,-0.02147708,4H MACD 位于 Signal 上方,4H EMA 空头排列
598,IBOC,INTERNATIONAL BANCSHARES CORP,Financials,Prism,Russell,1030,41.38,40.53,43.7,98.1,50.0,35.63,35.7,,,,,,44.82,43.21,,22,confirmed_bearish_trend,58,bullish_above_signal,40.48,70.379997,0.18,-0.01676453,0.01033582,-0.03377264,-0.09391704,4H MACD 位于 Signal 上方,4H EMA 空头排列
599,WSBC,WESBANCO,Financials,Prism,Russell,1068,41.36,40.51,43.7,98.0,50.0,35.63,35.7,,,,,,44.47,43.14,,22,confirmed_bearish_trend,58,bullish_above_signal,40.68,40.07,0.25,-0.01668712,0.01468721,-0.03954940,-0.04606597,4H MACD 位于 Signal 上方,4H EMA 空头排列
600,CARE,CARTER BANKSHARES INC,Financials,Prism,Russell,1069,41.36,40.51,43.7,98.0,50.0,35.63,35.7,,,,,,44.47,43.14,,22,confirmed_bearish_trend,58,bullish_above_signal,44.58,31.295,0.29,-0.00745325,0.01640140,-0.01339846,-0.09368662,4H MACD 位于 Signal 上方,4H EMA 空头排列
601,AFRI,FORAFRIC GLOBAL PLC,Consumer Staples,Prism,Russell,368,41.35,41.35,59.5,53.87,50.0,52.1,54.0,,,,,,49.97,45.24,,44,bearish_transition,80,fresh_above_zero_cross,50.02,11.015,0.0,-0.01475850,-0.04055537,0.01614391,0.01427256,4H MACD 零轴上方刚金叉；4H RSI 位于健康强势区间,4H EMA 转弱或跌破 EMA26
602,USPH,US PHYSICAL THERAPY INC,Health Care,Prism,Russell,905,41.35,40.65,51.7,76.24,50.0,46.16,47.4,,,,,,41.3,43.51,,44,bearish_transition,58,bullish_above_signal,48.28,78.375,0.21,-0.00734598,0.00764979,-0.04233866,-0.01004166,4H MACD 位于 Signal 上方；4H RSI 位于健康强势区间,4H EMA 转弱或跌破 EMA26
603,FMNB,FARMERS NATIONAL BANC CORP,Financials,Prism,Russell,833,41.34,40.72,51.7,76.09,50.0,47.78,49.2,,,,,,47.12,43.67,,44,bearish_transition,70,bullish_above_signal,47.92,15.72,0.27,-0.01318267,0.02250553,-0.00063573,-0.01657804,4H MACD 位于 Signal 上方,4H EMA 转弱或跌破 EMA26
604,MCFT,MASTERCRAFT BOAT HOLDINGS INC,Consumer Discretionary,Prism,Russell,1070,41.33,40.51,43.7,97.79,50.0,35.63,35.7,,,,,,44.46,43.14,,22,confirmed_bearish_trend,58,bullish_above_signal,40.75,23.1,0.24,-0.02490506,0.00609760,-0.04288378,-0.07710751,4H MACD 位于 Signal 上方,4H EMA 空头排列
605,NBTB,NBT BANCORP,Financials,Prism,Russell,1072,41.3,40.51,43.7,97.64,50.0,35.63,35.7,,,,,,44.45,43.14,,22,confirmed_bearish_trend,58,bullish_above_signal,43.54,51.130001,0.33,-0.01035517,0.01569331,-0.02498089,-0.04697113,4H MACD 位于 Signal 上方,4H EMA 空头排列
606,DLX,DELUXE,Industrials,Prism,Russell,827,41.26,40.73,51.7,75.47,50.0,35.63,35.7,,,,,,47.19,43.69,,22,confirmed_bearish_trend,58,bullish_above_signal,47.69,23.690001,0.29,-0.00920113,0.03812450,-0.03227120,-0.13048265,4H MACD 位于 Signal 上方,4H EMA 空头排列
607,MPB,MID PENN BANCORP INC,Financials,Prism,Russell,1081,41.12,40.5,43.7,96.46,50.0,35.63,35.7,,,,,,44.33,43.12,,22,confirmed_bearish_trend,58,bullish_above_signal,43.23,36.584999,0.22,-0.01308338,0.01455901,-0.01995722,-0.04602344,4H MACD 位于 Signal 上方,4H EMA 空头排列
608,UBSI,UNITED BANKSHARES,Financials,Prism,Russell,1010,41.07,40.55,43.7,96.0,50.0,35.63,35.7,,,,,,45.0,43.25,,22,confirmed_bearish_trend,58,bullish_above_signal,40.34,46.945,0.16,-0.01022560,0.00956989,-0.02330176,-0.04164542,4H MACD 位于 Signal 上方,4H EMA 空头排列
609,BXMT,BLACKSTONE MORTGAGE TRUST REIT CLA,Financials,Prism,Russell,1006,41.02,40.55,43.7,95.64,50.0,35.63,35.7,,,,,,45.03,43.26,,22,confirmed_bearish_trend,58,bullish_above_signal,44.12,13.92,0.28,-0.00071788,0.00723589,-0.01729615,-0.16371283,4H MACD 位于 Signal 上方,4H EMA 空头排列
610,BANC,BANC OF CALIFORNIA,Financials,Prism,Russell,1000,40.97,40.55,43.7,95.33,50.0,35.63,35.7,,,,,,45.07,43.26,,22,confirmed_bearish_trend,58,bullish_above_signal,41.92,18.475,0.24,-0.01859235,0.01678591,-0.02532313,-0.12709666,4H MACD 位于 Signal 上方,4H EMA 空头排列
611,MBIN,MERCHANTS BANCORP,Financials,Prism,Russell,745,40.9,40.8,54.1,66.5,50.0,39.41,39.9,,,,,,48.15,43.88,,22,confirmed_bearish_trend,72,fresh_below_zero_cross,45.3,52.610001,0.34,0.00573504,0.01691311,-0.02501850,0.08228759,4H MACD 刚金叉但仍需零轴确认；4H MACD 柱体连续扩张,4H EMA 空头排列
612,CATY,CATHAY GENERAL BANCORP,Financials,Prism,Russell,1098,40.88,40.48,43.7,94.87,50.0,35.63,35.7,,,,,,44.12,43.07,,22,confirmed_bearish_trend,58,bullish_above_signal,40.75,61.310001,0.22,-0.01525855,0.00872001,-0.03281272,-0.03471618,4H MACD 位于 Signal 上方,4H EMA 空头排列
613,ACEL,ACCEL ENTERTAINMENT CLASS A,Consumer Discretionary,Prism,Russell,1099,40.88,40.48,43.7,94.87,50.0,35.63,35.7,,,,,,44.12,43.07,,22,confirmed_bearish_trend,58,bullish_above_signal,42.4,11.655,0.21,-0.00639386,0.00517464,-0.03197674,-0.05627530,4H MACD 位于 Signal 上方,4H EMA 空头排列
614,ATRO,ASTRONICS,Industrials,Prism,Russell,803,40.84,40.75,51.7,72.65,50.0,44.13,45.15,,,,,,47.5,43.75,,39,bearish_transition,58,bullish_above_signal,48.26,75.800003,0.15,-0.00105422,0.03778754,0.00397355,0.10948482,4H MACD 位于 Signal 上方；4H RSI 位于健康强势区间,4H EMA 转弱或跌破 EMA26
615,LMAT,LEMAITRE VASCULAR,Health Care,Prism,Russell,688,40.82,40.87,43.7,93.59,50.0,33.47,33.3,,,,,,43.93,44.04,,22,confirmed_bearish_trend,58,bullish_above_signal,38.58,79.239998,0.29,-0.00477273,-0.02317560,-0.02449840,-0.22541549,4H MACD 位于 Signal 上方,4H EMA 空头排列；4H RSI 偏弱
616,CBU,COMMUNITY FINANCIAL SYSTEM INC,Financials,Prism,Russell,1102,40.81,40.47,43.7,94.41,50.0,35.63,35.7,,,,,,44.06,43.06,,22,confirmed_bearish_trend,58,bullish_above_signal,40.61,62.41,0.2,-0.01592554,0.00791347,-0.02514835,-0.03599008,4H MACD 位于 Signal 上方,4H EMA 空头排列
617,NABL,N ABLE INC,Information Technology,Prism,Russell,142,40.78,49.03,76.9,12.42,50.0,53.06,53.4,,,,,,66.67,47.58,,68,early_transition,42,mixed_or_bearish,49.28,3.855,0.46,0.02119205,0.00916230,0.20280811,-0.10969977,4H EMA9 已站上 EMA26，等待 26/50 确认；4H RSI 位于健康强势区间,4H MACD 尚未确认多头
618,LMNR,LIMONEIRA,Consumer Staples,Prism,Russell,132,40.73,49.13,60.1,16.62,50.0,65.08,66.75,,,,,,62.9,47.83,,89,confirmed_bullish_trend,70,bullish_above_signal,76.46,15.21,0.23,0.02080537,0.06962025,0.10297317,0.12583272,4H EMA 多头排列已连续维持；4H MACD 位于 Signal 上方,4H 相对 EMA26 超过 2 ATR，短线偏追高；4H RSI 过热
619,ELMT,ELMET GROUP,Industrials,Prism,Russell,1302,40.73,40.21,51.7,73.17,50.0,48.32,49.8,,,,,,40.74,42.4,,44,bearish_transition,66,bullish_above_signal,49.6,16.84,0.17,-0.01692931,0.06785035,0.02495435,0.16057891,4H MACD 位于 Signal 上方；4H MACD 柱体连续扩张；4H RSI 位于健康强势区间,4H EMA 转弱或跌破 EMA26
620,AVA,AVISTA,Utilities,Prism,Russell,591,40.69,40.98,43.7,92.46,50.0,35.63,35.7,,,,,,45.37,44.32,,22,confirmed_bearish_trend,58,bullish_above_signal,43.23,37.384998,0.27,-0.01202437,-0.00703862,-0.02184728,-0.10701072,4H MACD 位于 Signal 上方,4H EMA 空头排列
621,ESCA,ESCALADE INC,Consumer Discretionary,Prism,Russell,1304,40.68,40.21,51.7,72.86,50.0,44.54,45.6,,,,,,40.69,42.39,,44,bearish_transition,58,bullish_above_signal,46.89,20.27,0.04,-0.02711778,0.00895968,-0.04858015,0.02013080,4H MACD 位于 Signal 上方,4H EMA 转弱或跌破 EMA26
622,SBSI,SOUTHSIDE BANCSHARES INC,Financials,Prism,Russell,794,40.67,40.76,51.7,71.52,50.0,36.84,37.05,,,,,,47.58,43.77,,25,confirmed_bearish_trend,58,bullish_above_signal,45.25,31.93,0.12,-0.01587302,0.01655524,-0.00062601,-0.02444241,4H MACD 位于 Signal 上方,4H EMA 空头排列
623,MYFW,FIRST WESTERN FINANCIAL INC,Financials,Prism,Russell,982,40.66,40.57,43.7,93.23,50.0,35.63,35.7,,,,,,45.3,43.31,,22,confirmed_bearish_trend,58,bullish_above_signal,43.62,30.725,0.18,-0.01380199,0.00969438,-0.01459269,-0.02398348,4H MACD 位于 Signal 上方,4H EMA 空头排列
624,TRTX,TPG RE FINANCE TRUST INC,Financials,Prism,Russell,1112,40.63,40.46,43.7,93.28,50.0,35.63,35.7,,,,,,43.88,43.03,,22,confirmed_bearish_trend,58,bullish_above_signal,40.19,7.705,0.2,-0.01217949,0.00325521,-0.02591656,-0.09459459,4H MACD 位于 Signal 上方,4H EMA 空头排列
625,GRAL,GRAIL INC,Health Care,Prism,Russell,647,40.62,40.92,40.9,99.59,50.0,39.01,39.45,,,,,,44.67,44.18,,41,bearish_transition,42,mixed_or_bearish,47.43,77.779999,0.15,-0.02932732,-0.02555752,0.03942265,0.20917221,,4H EMA 转弱或跌破 EMA26；4H MACD 尚未确认多头
626,MFA,MFA FINANCIAL,Financials,Prism,Russell,1116,40.6,40.46,43.7,93.07,50.0,36.84,37.05,,,,,,43.86,43.02,,25,confirmed_bearish_trend,58,bullish_above_signal,41.17,8.785,0.1,-0.01513453,0.01384882,-0.03302146,-0.04510870,4H MACD 位于 Signal 上方,4H EMA 空头排列
627,EFSC,ENTERPRISE FINANCIAL SERVICES CORP,Financials,Prism,Russell,1113,40.6,40.46,43.7,93.07,50.0,35.63,35.7,,,,,,43.86,43.02,,22,confirmed_bearish_trend,58,bullish_above_signal,42.28,63.290001,0.21,-0.01616666,0.00716106,-0.03668183,-0.05112438,4H MACD 位于 Signal 上方,4H EMA 空头排列
628,BHB,BAR HARBOR BANKSHARES,Financials,Prism,Russell,788,40.58,40.76,51.7,70.86,50.0,48.19,49.65,,,,,,47.63,43.78,,41,bearish_transition,70,bullish_above_signal,49.42,39.759998,0.21,-0.01119127,0.01974855,0.00862506,-0.00200808,4H MACD 位于 Signal 上方；4H RSI 位于健康强势区间,4H EMA 转弱或跌破 EMA26
629,BV,BRIGHTVIEW HOLDINGS,Industrials,Prism,Russell,979,40.55,40.58,43.7,92.46,50.0,35.63,35.7,,,,,,45.37,43.32,,22,confirmed_bearish_trend,58,bullish_above_signal,43.56,11.15,0.44,-0.01414677,0.00450450,-0.01240035,-0.20413990,4H MACD 位于 Signal 上方,4H EMA 空头排列
630,GHC,GRAHAM HOLDINGS COMPANY CLASS B,Consumer Discretionary,Prism,Russell,974,40.49,40.58,43.7,92.05,50.0,35.63,35.7,,,,,,45.4,43.33,,22,confirmed_bearish_trend,58,bullish_above_signal,40.22,1115.599976,0.18,-0.00857589,0.01623271,-0.05381457,-0.08075907,4H MACD 位于 Signal 上方,4H EMA 空头排列
631,FCCO,FIRST COMMUNITY CORP,Financials,Prism,Russell,782,40.48,40.77,51.7,70.24,50.0,46.16,47.4,,,,,,47.7,43.79,,44,bearish_transition,58,bullish_above_signal,49.2,33.75,0.1,-0.00295415,0.02583580,-0.00059224,-0.03184168,4H MACD 位于 Signal 上方；4H RSI 位于健康强势区间,4H EMA 转弱或跌破 EMA26
632,SBCF,SEACOAST BANKING OF FLORIDA,Financials,Prism,Russell,1123,40.47,40.45,43.7,92.2,50.0,36.84,37.05,,,,,,43.78,43.01,,25,confirmed_bearish_trend,58,bullish_above_signal,43.52,33.939999,0.2,-0.01822392,0.02692890,-0.02555277,0.00861804,4H MACD 位于 Signal 上方,4H EMA 空头排列
633,KRG,KITE REALTY GROUP TRUST REIT,Real Estate,Prism,Russell,970,40.43,40.59,43.7,91.64,50.0,35.63,35.7,,,,,,45.46,43.34,,22,confirmed_bearish_trend,58,bullish_above_signal,43.28,26.049999,0.27,0.00038395,-0.00268002,-0.01400458,-0.10419536,4H MACD 位于 Signal 上方,4H EMA 空头排列
634,GFF,GRIFFON,Industrials,Prism,Russell,1320,40.42,40.18,51.7,71.22,50.0,42.52,43.35,,,,,,40.34,42.32,,39,bearish_transition,58,bullish_above_signal,46.42,97.669998,0.13,-0.00346907,0.03420157,-0.06732241,0.04571730,4H MACD 位于 Signal 上方,4H EMA 转弱或跌破 EMA26
635,III,INFORMATION SERVICES GROUP INC,Information Technology,Prism,Russell,1058,40.42,40.51,40.9,99.23,50.0,40.62,41.25,,,,,,44.52,43.15,,41,bearish_transition,42,mixed_or_bearish,49.57,5.045,0.17,-0.00493097,-0.00493097,-0.02606178,0.21566265,4H RSI 位于健康强势区间,4H EMA 转弱或跌破 EMA26；4H MACD 尚未确认多头
636,EBF,ENNIS INC,Industrials,Prism,Russell,1128,40.4,40.45,43.7,91.74,50.0,35.63,35.7,,,,,,43.74,43.0,,22,confirmed_bearish_trend,58,bullish_above_signal,40.01,21.190001,0.19,-0.00352683,0.00474163,-0.04117643,-0.03197798,4H MACD 位于 Signal 上方,4H EMA 空头排列
637,BUSE,FIRST BUSEY,Financials,Prism,Russell,967,40.39,40.59,43.7,91.38,50.0,35.63,35.7,,,,,,45.48,43.35,,22,confirmed_bearish_trend,58,bullish_above_signal,43.74,30.174999,0.21,-0.01065577,0.00953496,-0.02092800,-0.00148908,4H MACD 位于 Signal 上方,4H EMA 空头排列
638,CPF,CENTRAL PACIFIC FINANCIAL CORP,Financials,Prism,Russell,1129,40.38,40.45,43.7,91.64,50.0,35.63,35.7,,,,,,43.71,42.99,,22,confirmed_bearish_trend,58,bullish_above_signal,43.33,37.349998,0.12,-0.01399163,0.01109905,-0.02961819,-0.05883843,4H MACD 位于 Signal 上方,4H EMA 空头排列
639,CAC,CAMDEN NATIONAL CORP,Financials,Prism,Russell,774,40.37,40.77,51.7,69.47,50.0,49.4,51.0,,,,,,47.75,43.8,,44,bearish_transition,70,bullish_above_signal,48.6,57.119999,0.26,-0.00988040,0.01709400,-0.00487810,-0.01261882,4H MACD 位于 Signal 上方；4H RSI 位于健康强势区间,4H EMA 转弱或跌破 EMA26
640,MPAA,MOTORCAR PARTS OF AMERICA INC,Consumer Discretionary,Prism,Russell,1326,40.32,40.17,51.7,70.55,50.0,37.57,37.85,,,,,,40.24,42.3,,25,confirmed_bearish_trend,58,bullish_above_signal,45.67,11.69,0.6,-0.01350211,0.00949914,-0.05725806,-0.17121588,4H MACD 位于 Signal 上方,4H EMA 空头排列
641,CTKB,CYTEK BIOSCIENCES,Health Care,Prism,Russell,490,40.31,41.11,73.0,78.14,50.0,59.93,62.7,,,,,,46.93,44.64,,58,mixed_sideways,88,fresh_above_zero_cross,54.45,4.72,0.34,0.01396348,0.02164502,0.01070664,0.06067416,4H MACD 零轴上方刚金叉；4H MACD 柱体连续扩张；4H RSI 位于健康强势区间,4H EMA 仍偏震荡
642,BKTI,BK TECHNOLOGIES CORP,Information Technology,Prism,Russell,959,40.29,40.59,43.7,90.66,50.0,43.46,44.4,,,,,,45.56,43.36,,36,bearish_transition,66,bullish_above_signal,44.63,73.449997,0.48,0.00478795,0.00948316,-0.02066671,-0.08244854,4H MACD 位于 Signal 上方；4H MACD 柱体连续扩张,4H EMA 转弱或跌破 EMA26
643,ASTE,ASTEC INDUSTRIES,Industrials,Prism,Russell,956,40.26,40.59,43.7,90.46,50.0,36.84,37.05,,,,,,45.57,43.36,,25,confirmed_bearish_trend,58,bullish_above_signal,43.13,42.209999,0.13,-0.02584821,0.02575934,-0.01745810,-0.23156747,4H MACD 位于 Signal 上方,4H EMA 空头排列
644,GTY,GETTY REALTY REIT,Real Estate,Prism,Russell,765,40.23,40.77,51.7,68.5,50.0,45.39,46.55,,,,,,47.82,43.81,,39,bearish_transition,66,bullish_above_signal,47.06,32.715,0.75,0.00076479,0.00972216,0.00692515,-0.06715141,4H MACD 位于 Signal 上方；4H MACD 柱体连续扩张,4H EMA 转弱或跌破 EMA26
645,GSBC,GREAT SOUTHERN BANCORP INC,Financials,Prism,Russell,955,40.23,40.6,43.7,90.3,50.0,36.84,37.05,,,,,,45.6,43.37,,25,confirmed_bearish_trend,58,bullish_above_signal,43.58,78.610001,0.19,-0.01444910,0.00859634,-0.01909156,-0.02601906,4H MACD 位于 Signal 上方,4H EMA 空头排列
646,SVRA,SAVARA,Health Care,Prism,Russell,999,40.21,40.55,51.7,68.91,50.0,39.68,40.2,,,,,,40.07,43.26,,28,confirmed_bearish_trend,58,bullish_above_signal,48.42,5.415,0.22,-0.02956989,0.01120448,-0.05414847,0.01499531,4H MACD 位于 Signal 上方；4H RSI 位于健康强势区间,4H EMA 空头排列
647,VTS,VITESSE ENERGY INC,Energy,Prism,Russell,151,40.18,48.93,60.1,13.44,50.0,67.96,69.95,,,,,,65.42,47.33,,89,confirmed_bullish_trend,78,bullish_above_signal,76.26,18.219999,0.62,0.01930064,0.03287982,0.12677792,0.21385736,4H EMA 多头排列已连续维持；4H MACD 位于 Signal 上方；4H MACD 柱体连续扩张,4H 相对 EMA26 超过 2 ATR，短线偏追高；4H RSI 过热
648,CIVB,CIVISTA BANCSHARES INC,Financials,Prism,Russell,1140,40.18,40.43,43.7,90.3,50.0,35.63,35.7,,,,,,43.57,42.96,,22,confirmed_bearish_trend,58,bullish_above_signal,40.13,27.129999,0.06,-0.01631621,0.00481478,-0.03657674,-0.07311244,4H MACD 位于 Signal 上方,4H EMA 空头排列
649,SNFCA,SECURITY NATIONAL FINANCIAL CORP C,Financials,Prism,Russell,1338,40.13,40.16,51.7,69.32,50.0,35.63,35.7,,,,,,40.1,42.27,,22,confirmed_bearish_trend,58,bullish_above_signal,45.53,8.77,0.25,-0.01238739,0.00920598,-0.06002144,-0.09213251,4H MACD 位于 Signal 上方,4H EMA 空头排列
650,GSM,FERROGLOBE PLC,Materials,Prism,Russell,797,40.12,40.75,75.1,72.09,50.0,73.61,77.9,,,,,,47.55,43.76,,100,confirmed_bullish_trend,70,bullish_above_signal,59.92,4.525,1.11,-0.03518124,0.12282878,-0.02373247,0.35074627,4H EMA 多头排列已连续维持；4H MACD 位于 Signal 上方；4H RSI 位于健康强势区间,
651,CVBF,CVB FINANCIAL CORP,Financials,Prism,Russell,1141,40.12,40.43,43.7,89.89,50.0,35.63,35.7,,,,,,43.54,42.96,,22,confirmed_bearish_trend,58,bullish_above_signal,41.84,22.084999,0.2,-0.01582005,0.00959995,-0.02127197,-0.03114723,4H MACD 位于 Signal 上方,4H EMA 空头排列
652,SEZL,SEZZLE INC,Financials,Prism,Russell,948,40.11,40.6,43.7,89.43,50.0,35.63,35.7,,,,,,45.67,43.38,,22,confirmed_bearish_trend,58,bullish_above_signal,41.46,117.839996,0.41,-0.01049626,0.02657021,-0.00144061,-0.25052472,4H MACD 位于 Signal 上方,4H EMA 空头排列
653,UEC,URANIUM ENERGY,Energy,Prism,Russell,1018,40.08,40.55,40.9,96.87,50.0,42.78,43.65,,,,,,44.94,43.24,,41,bearish_transition,50,mixed_or_bearish,48.61,11.825,0.07,-0.03113478,0.02159827,0.03910369,0.24868004,4H MACD 柱体连续扩张；4H RSI 位于健康强势区间,4H EMA 转弱或跌破 EMA26；4H MACD 尚未确认多头
654,BFST,BUSINESS FIRST BANCSHARES INC,Financials,Prism,Russell,947,40.07,40.61,43.7,89.17,50.0,35.63,35.7,,,,,,45.73,43.4,,22,confirmed_bearish_trend,58,bullish_above_signal,44.83,31.110001,0.28,-0.01112518,0.01335505,-0.01332065,-0.03053908,4H MACD 位于 Signal 上方,4H EMA 空头排列
655,ASPI,ASP ISOTOPES,Materials,Prism,Russell,1752,40.06,39.27,79.7,22.88,50.0,56.69,59.1,,,,,,28.94,40.04,,74,early_transition,58,bullish_above_signal,43.69,3.865,0.25,-0.09801634,0.02113606,-0.09801634,0.02248677,4H EMA9 已站上 EMA26，等待 26/50 确认；4H MACD 位于 Signal 上方,
656,EGBN,EAGLE BANCORP,Financials,Prism,Russell,942,40.02,40.61,43.7,88.87,50.0,35.63,35.7,,,,,,45.78,43.41,,22,confirmed_bearish_trend,58,bullish_above_signal,43.91,27.360001,0.37,-0.01724134,0.02051481,-0.01120343,-0.03661968,4H MACD 位于 Signal 上方,4H EMA 空头排列
657,REPX,RILEY EXPLORATION PERMIAN INC,Energy,Prism,Russell,68,40.0,58.84,53.85,5.75,50.0,67.08,66.75,,,,,,76.8,49.61,,89,confirmed_bullish_trend,70,bullish_above_signal,83.5,42.889999,0.27,0.00799060,0.08412110,0.18874713,0.30523426,4H EMA 多头排列已连续维持；4H MACD 位于 Signal 上方,4H 相对 EMA26 超过 2 ATR，短线偏追高；4H RSI 过热
658,DC,DAKOTA GOLD CORP,Materials,Prism,Russell,1080,40.0,40.5,40.9,96.46,50.0,41.57,42.3,,,,,,44.33,43.12,,38,bearish_transition,50,mixed_or_bearish,49.48,6.01,0.12,-0.01069959,0.03799655,-0.02117264,0.27872340,4H MACD 柱体连续扩张；4H RSI 位于健康强势区间,4H EMA 转弱或跌破 EMA26；4H MACD 尚未确认多头
659,NWN,NORTHWEST NATURAL HOLDING COMPANY,Utilities,Prism,Russell,549,39.97,41.03,43.7,87.53,50.0,35.63,35.7,,,,,,45.94,44.44,,22,confirmed_bearish_trend,58,bullish_above_signal,44.27,49.115002,0.37,-0.01593254,-0.00536652,-0.00937878,-0.05402535,4H MACD 位于 Signal 上方,4H EMA 空头排列
660,MTRX,MATRIX SERVICE,Industrials,Prism,Russell,748,39.96,40.8,51.7,66.7,50.0,42.52,43.35,,,,,,48.1,43.87,,39,bearish_transition,58,bullish_above_signal,45.0,10.73,0.07,-0.01014760,0.00280374,-0.07659208,-0.06978760,4H MACD 位于 Signal 上方,4H EMA 转弱或跌破 EMA26
661,BFC,BANK FIRST CORP,Financials,Prism,Russell,744,39.92,40.8,51.7,66.39,50.0,49.4,51.0,,,,,,48.17,43.88,,44,bearish_transition,70,bullish_above_signal,48.85,153.490005,0.09,-0.01235441,0.02020610,0.00237062,0.01622095,4H MACD 位于 Signal 上方；4H RSI 位于健康强势区间,4H EMA 转弱或跌破 EMA26
662,BCAL,CALIFORNIA BANCORP,Financials,Prism,Russell,739,39.84,40.81,51.7,65.88,50.0,49.4,51.0,,,,,,48.22,43.89,,44,bearish_transition,70,bullish_above_signal,48.12,21.440001,0.39,-0.01651367,0.01756056,0.00327562,-0.00279065,4H MACD 位于 Signal 上方；4H RSI 位于健康强势区间,4H EMA 转弱或跌破 EMA26
663,UCB,UNITED COMMUNITY BANKS INC,Financials,Prism,Russell,930,39.81,40.63,43.7,87.43,50.0,35.63,35.7,,,,,,45.97,43.44,,22,confirmed_bearish_trend,58,bullish_above_signal,43.6,34.935001,0.35,-0.01619254,0.02358629,-0.01313562,-0.02088002,4H MACD 位于 Signal 上方,4H EMA 空头排列
664,IBCP,INDEPENDENT BANK CORP,Financials,Prism,Russell,1160,39.8,40.4,43.7,87.89,50.0,35.63,35.7,,,,,,43.17,42.88,,22,confirmed_bearish_trend,58,bullish_above_signal,44.27,36.674999,0.24,-0.01318450,0.01564658,-0.03257718,-0.05159036,4H MACD 位于 Signal 上方,4H EMA 空头排列
665,DX,DYNEX CAPITAL REIT,Financials,Prism,Russell,725,39.69,40.83,51.7,64.8,50.0,39.68,40.2,,,,,,48.44,43.94,,28,confirmed_bearish_trend,58,bullish_above_signal,48.02,12.885,0.18,-0.00636972,0.01217596,0.00821596,-0.00270898,4H MACD 位于 Signal 上方；4H RSI 位于健康强势区间,4H EMA 空头排列
666,HOMB,HOME BANCSHARES INC,Financials,Prism,Russell,1169,39.69,40.4,43.7,87.12,50.0,36.84,37.05,,,,,,43.09,42.87,,25,confirmed_bearish_trend,58,bullish_above_signal,42.12,29.665001,0.23,-0.01198998,0.01941584,-0.03591157,-0.05780530,4H MACD 位于 Signal 上方,4H EMA 空头排列
667,FRBA,FIRST BANK,Financials,Prism,Russell,1171,39.69,40.4,43.7,87.12,50.0,35.63,35.7,,,,,,43.09,42.87,,22,confirmed_bearish_trend,58,bullish_above_signal,41.52,17.815001,0.4,-0.01301928,0.00706614,-0.03858607,-0.05490711,4H MACD 位于 Signal 上方,4H EMA 空头排列
668,NUAI,NEW ERA ENERGY AND DIGITAL INC,Energy,Prism,Russell,105,39.67,49.31,60.1,9.13,50.0,65.08,66.75,,,,,,70.11,48.27,,89,confirmed_bullish_trend,70,bullish_above_signal,76.28,6.66,0.16,0.01601831,0.37178167,0.23906977,0.51363636,4H EMA 多头排列已连续维持；4H MACD 位于 Signal 上方,4H 相对 EMA26 超过 2 ATR，短线偏追高；4H RSI 过热
669,GRDN,GUARDIAN PHARMACY SERVICES CLASS A,Health Care,Prism,Russell,206,39.61,48.67,53.85,26.89,50.0,67.24,69.15,,,,,,57.11,46.67,,89,confirmed_bullish_trend,78,bullish_above_signal,79.84,43.375,0.24,0.03200098,0.11561211,0.04618912,0.03643972,4H EMA 多头排列已连续维持；4H MACD 位于 Signal 上方；4H MACD 柱体连续扩张,4H 相对 EMA26 超过 2 ATR，短线偏追高；4H RSI 过热
670,DCOM,DIME COMMERCIAL BANCSHARES,Financials,Prism,Russell,712,39.49,40.84,51.7,63.47,50.0,46.57,47.85,,,,,,48.6,43.97,,41,bearish_transition,70,bullish_above_signal,47.78,40.415501,0.07,-0.01232886,0.02421445,0.00761655,-0.01015187,4H MACD 位于 Signal 上方,4H EMA 转弱或跌破 EMA26
671,OPLN,OPENLANE,Industrials,Prism,Russell,1374,39.48,40.11,51.7,65.11,50.0,35.63,35.7,,,,,,39.45,42.14,,22,confirmed_bearish_trend,58,bullish_above_signal,46.98,34.93,0.45,-0.00823399,-0.00313930,-0.06303646,-0.13453917,4H MACD 位于 Signal 上方,4H EMA 空头排列
672,TTAM,TITAN AMERICA SA,Materials,Prism,Russell,1182,39.43,40.38,43.7,85.48,50.0,38.06,38.4,,,,,,42.85,42.82,,28,confirmed_bearish_trend,58,bullish_above_signal,44.73,15.03,0.15,-0.01988914,0.02663934,-0.04993679,-0.14602273,4H MACD 位于 Signal 上方,4H EMA 空头排列
673,EQBK,EQUITY BANCSHARES INC CLASS A,Financials,Prism,Russell,906,39.42,40.65,43.7,84.71,50.0,37.66,37.95,,,,,,46.29,43.51,,27,confirmed_bearish_trend,58,bullish_above_signal,43.75,49.630001,0.13,-0.02283914,0.01265054,-0.02168340,-0.02695814,4H MACD 位于 Signal 上方,4H EMA 空头排列
674,HCKT,HACKETT GROUP,Information Technology,Prism,Russell,1251,39.4,40.3,46.1,79.07,50.0,43.73,44.7,,,,,,41.84,42.62,,38,bearish_transition,64,fresh_below_zero_cross,41.95,10.78,0.34,-0.03750000,-0.01642336,-0.04007124,0.01986755,4H MACD 刚金叉但仍需零轴确认,4H EMA 转弱或跌破 EMA26
675,HBCP,HOME BANCORP INC,Financials,Prism,Russell,1190,39.39,40.37,43.7,85.17,50.0,35.63,35.7,,,,,,42.76,42.8,,22,confirmed_bearish_trend,58,bullish_above_signal,42.5,68.690002,0.06,-0.01505587,0.01059292,-0.02884209,-0.04070946,4H MACD 位于 Signal 上方,4H EMA 空头排列
676,CCSI,CONSENSUS CLOUD SOLUTIONS INC,Information Technology,Prism,Russell,639,39.38,40.93,54.1,56.08,50.0,47.91,49.35,,,,,,49.72,44.19,,39,bearish_transition,72,fresh_below_zero_cross,48.94,36.555,0.34,0.01938090,0.01288446,-0.01309398,-0.01522088,4H MACD 刚金叉但仍需零轴确认；4H MACD 柱体连续扩张；4H RSI 位于健康强势区间,4H EMA 转弱或跌破 EMA26
677,GNL,GLOBAL NET LEASE INC,Real Estate,Prism,Russell,1122,39.38,40.45,40.9,92.41,50.0,37.79,38.1,,,,,,43.79,43.01,,38,bearish_transition,42,mixed_or_bearish,45.53,9.07,0.3,-0.00548246,-0.00657174,-0.01945946,0.02834467,,4H EMA 转弱或跌破 EMA26；4H MACD 尚未确认多头
678,NJR,NEW JERSEY RESOURCES CORP,Utilities,Prism,Russell,523,39.37,41.06,43.7,83.48,50.0,35.63,35.7,,,,,,46.38,44.53,,22,confirmed_bearish_trend,58,bullish_above_signal,43.06,53.360001,0.27,-0.01249188,-0.01367832,-0.00614636,-0.10843771,4H MACD 位于 Signal 上方,4H EMA 空头排列
679,PEBO,PEOPLES BANCORP INC,Financials,Prism,Russell,902,39.36,40.66,43.7,84.3,50.0,35.63,35.7,,,,,,46.33,43.52,,22,confirmed_bearish_trend,58,bullish_above_signal,43.29,39.41,0.15,-0.01401053,0.00844417,-0.02907120,-0.06611377,4H MACD 位于 Signal 上方,4H EMA 空头排列
680,HBB,HAMILTON BEACH BRANDS HOLDING COMP,Consumer Discretionary,Prism,Russell,1126,39.3,40.45,40.9,91.89,50.0,41.57,42.3,,,,,,43.76,43.0,,38,bearish_transition,50,mixed_or_bearish,48.05,31.084999,0.07,0.02286937,0.02253286,-0.05803033,0.30554390,4H MACD 柱体连续扩张；4H RSI 位于健康强势区间,4H EMA 转弱或跌破 EMA26；4H MACD 尚未确认多头
681,INBK,FIRST INTERNET BANCORP,Financials,Prism,Russell,697,39.28,40.85,51.7,62.03,50.0,49.4,51.0,,,,,,48.77,44.0,,44,bearish_transition,70,bullish_above_signal,48.7,28.4,0.29,-0.01747106,0.03272727,-0.03187316,0.04816391,4H MACD 位于 Signal 上方；4H RSI 位于健康强势区间,4H EMA 转弱或跌破 EMA26
682,LUNR,INTUITIVE MACHINES INC CLASS A,Industrials,Prism,Russell,1259,39.27,40.29,46.1,78.19,50.0,40.62,41.25,,,,,,41.69,42.59,,25,confirmed_bearish_trend,72,fresh_below_zero_cross,43.77,15.145,0.15,-0.03288633,0.02852292,-0.04084864,0.22581951,4H MACD 刚金叉但仍需零轴确认；4H MACD 柱体连续扩张,4H EMA 空头排列
683,BCBP,BCB BANCORP INC,Financials,Prism,Russell,695,39.25,40.85,51.7,61.78,50.0,36.84,37.05,,,,,,48.8,44.01,,25,confirmed_bearish_trend,58,bullish_above_signal,45.9,8.62,0.38,-0.00576701,0.01891253,0.00583431,-0.19514472,4H MACD 位于 Signal 上方,4H EMA 空头排列
684,FIBK,FIRST INTERSTATE BANCSYSTEM,Financials,Prism,Russell,895,39.23,40.66,43.7,83.48,50.0,35.63,35.7,,,,,,46.38,43.53,,22,confirmed_bearish_trend,58,bullish_above_signal,43.5,36.9216,0.18,-0.01199890,0.01670387,-0.01239529,-0.03067472,4H MACD 位于 Signal 上方,4H EMA 空头排列
685,MCBS,METROCITY BANKSHARES INC,Financials,Prism,Russell,894,39.21,40.66,43.7,83.32,50.0,35.63,35.7,,,,,,46.4,43.53,,22,confirmed_bearish_trend,58,bullish_above_signal,44.46,35.049999,0.2,-0.00820603,0.01242057,-0.00904722,-0.02122318,4H MACD 位于 Signal 上方,4H EMA 空头排列
686,AXGN,AXOGEN,Health Care,Prism,Russell,571,39.2,41.0,40.9,89.94,50.0,39.14,39.6,,,,,,45.64,44.38,,36,bearish_transition,50,mixed_or_bearish,47.23,48.055,0.13,0.02201191,-0.03581461,-0.00280139,0.16666669,4H MACD 柱体连续扩张,4H EMA 转弱或跌破 EMA26；4H MACD 尚未确认多头
687,CNOB,CONNECTONE BANCORP,Financials,Prism,Russell,1202,39.2,40.35,43.7,83.99,50.0,35.63,35.7,,,,,,42.53,42.76,,22,confirmed_bearish_trend,58,bullish_above_signal,41.94,31.51,0.17,-0.01438846,0.02238806,-0.03313900,-0.04861108,4H MACD 位于 Signal 上方,4H EMA 空头排列
688,SAMG,SILVERCREST ASSET MANAGEMENT GROUP,Financials,Prism,Russell,691,39.15,40.86,51.7,61.11,50.0,37.25,37.5,,,,,,48.92,44.03,,22,confirmed_bearish_trend,58,bullish_above_signal,48.17,10.02,0.39,0.00113902,-0.01668302,0.01212121,-0.03838772,4H MACD 位于 Signal 上方；4H RSI 位于健康强势区间,4H EMA 空头排列
689,HWC,HANCOCK WHITNEY,Financials,Prism,Russell,1207,39.12,40.35,43.7,83.48,50.0,35.63,35.7,,,,,,42.47,42.74,,22,confirmed_bearish_trend,58,bullish_above_signal,41.97,74.315002,0.47,-0.00900115,0.01440076,-0.04041575,-0.03411749,4H MACD 位于 Signal 上方,4H EMA 空头排列
690,ARQT,ARCUTIS BIOTHERAPEUTICS,Health Care,Prism,Russell,820,39.1,40.74,43.7,82.4,50.0,36.84,37.05,,,,,,42.35,43.72,,25,confirmed_bearish_trend,58,bullish_above_signal,40.76,23.8801,0.31,-0.02170832,0.00568958,-0.07834427,-0.16003869,4H MACD 位于 Signal 上方,4H EMA 空头排列
691,PLBC,PLUMAS BANCORP,Financials,Prism,Russell,684,39.08,40.87,51.7,60.65,50.0,49.4,51.0,,,,,,48.98,44.05,,44,bearish_transition,70,bullish_above_signal,49.42,61.880001,0.08,-0.00912730,0.01459254,0.00617888,-0.00418407,4H MACD 位于 Signal 上方；4H RSI 位于健康强势区间,4H EMA 转弱或跌破 EMA26
692,OBK,ORIGIN BANCORP INC,Financials,Prism,Russell,683,39.07,40.87,51.7,60.54,50.0,46.57,47.85,,,,,,49.01,44.05,,41,bearish_transition,70,bullish_above_signal,47.87,53.470001,0.21,-0.01054774,0.01403378,0.00715768,-0.03116503,4H MACD 位于 Signal 上方,4H EMA 转弱或跌破 EMA26
693,BANF,BANCFIRST CORP,Financials,Prism,Russell,886,39.07,40.67,43.7,82.4,50.0,35.63,35.7,,,,,,46.47,43.54,,22,confirmed_bearish_trend,58,bullish_above_signal,43.5,110.080002,0.17,-0.01560470,0.02133979,-0.01933183,-0.04816256,4H MACD 位于 Signal 上方,4H EMA 空头排列
694,CUBI,CUSTOMERS BANCORP,Financials,Prism,Russell,1215,39.01,40.34,43.7,82.76,50.0,35.63,35.7,,,,,,42.41,42.73,,22,confirmed_bearish_trend,58,bullish_above_signal,43.67,78.0,0.24,-0.01515148,0.01947455,-0.05282329,-0.01948464,4H MACD 位于 Signal 上方,4H EMA 空头排列
695,HLIT,HARMONIC,Information Technology,Prism,Russell,671,38.91,40.89,51.7,59.47,50.0,44.68,45.75,,,,,,49.29,44.11,,39,bearish_transition,66,bullish_above_signal,45.88,11.88,0.27,-0.01246883,0.01365188,0.02502157,0.07511312,4H MACD 位于 Signal 上方；4H MACD 柱体连续扩张,4H EMA 转弱或跌破 EMA26
696,IIIN,INSTEEL INDUSTRIES INC,Industrials,Prism,Russell,1409,38.9,40.05,51.7,61.36,50.0,35.63,35.7,,,,,,38.8,42.01,,22,confirmed_bearish_trend,58,bullish_above_signal,46.48,30.549999,0.14,-0.01164675,0.01596272,-0.05622490,-0.06230825,4H MACD 位于 Signal 上方,4H EMA 空头排列
697,IRTC,IRHYTHM HOLDINGS INC,Health Care,Prism,Russell,665,38.83,40.9,37.3,97.28,50.0,34.01,33.9,,,,,,44.42,44.13,,38,bearish_transition,28,fresh_bearish_cross,45.97,120.449997,0.15,-0.01270494,-0.01609215,-0.03501044,0.02667914,,4H EMA 转弱或跌破 EMA26；4H MACD 最近死叉
698,FFBC,FIRST FINANCIAL BANCORP,Financials,Prism,Russell,1229,38.8,40.33,43.7,81.38,50.0,33.47,33.3,,,,,,42.18,42.69,,22,confirmed_bearish_trend,58,bullish_above_signal,38.64,32.264999,0.19,-0.01571080,0.00749405,-0.04001791,-0.04499041,4H MACD 位于 Signal 上方,4H EMA 空头排列；4H RSI 偏弱
699,SION,SIONNA THERAPEUTICS,Health Care,Prism,Russell,10,38.73,74.6,43.7,0.92,50.0,49.02,43.35,,,,,,100.0,55.25,,39,bearish_transition,58,bullish_above_signal,42.39,7.49,0.16,0.00604433,0.15765070,0.66811430,-0.83875135,4H MACD 位于 Signal 上方,4H EMA 转弱或跌破 EMA26
700,NBHC,NATIONAL BANK HOLDINGS CORP CLASS,Financials,Prism,Russell,1232,38.73,40.32,43.7,80.91,50.0,35.63,35.7,,,,,,42.11,42.67,,22,confirmed_bearish_trend,58,bullish_above_signal,44.12,41.285,0.19,-0.01184775,0.01064876,-0.03831819,-0.03132330,4H MACD 位于 Signal 上方,4H EMA 空头排列
701,IVR,INVESCO MORTGAGE CAPITAL REIT INC,Financials,Prism,Russell,978,38.71,40.58,39.1,92.46,50.0,37.25,37.5,,,,,,45.37,43.32,,22,confirmed_bearish_trend,72,fresh_below_zero_cross,36.8,7.155,0.33,-0.01547988,-0.00486787,-0.03179973,-0.04853723,4H MACD 刚金叉但仍需零轴确认；4H MACD 柱体连续扩张,4H EMA 空头排列；4H RSI 偏弱
702,FSTR,LB FOSTER,Industrials,Prism,Russell,1422,38.7,40.03,51.7,60.03,50.0,38.06,38.4,,,,,,38.54,41.96,,28,confirmed_bearish_trend,58,bullish_above_signal,46.38,37.470001,0.08,-0.01030111,0.01986932,-0.05521934,-0.10870599,4H MACD 位于 Signal 上方,4H EMA 空头排列
703,PENN,PENN ENTERTAINMENT,Consumer Discretionary,Prism,Russell,1425,38.65,40.03,51.7,59.72,50.0,45.39,46.55,,,,,,38.47,41.94,,39,bearish_transition,66,bullish_above_signal,47.41,17.370001,0.57,0.02659580,0.05946941,-0.07753579,-0.17482177,4H MACD 位于 Signal 上方；4H MACD 柱体连续扩张,4H EMA 转弱或跌破 EMA26
704,ADTN,ADTRAN HOLDINGS INC,Information Technology,Prism,Russell,1296,38.6,40.22,46.1,73.88,50.0,35.09,35.1,,,,,,40.86,42.42,,22,confirmed_bearish_trend,64,fresh_below_zero_cross,39.21,7.215,0.15,-0.04310345,-0.03542781,-0.05439056,-0.19922309,4H MACD 刚金叉但仍需零轴确认,4H EMA 空头排列；4H RSI 偏弱
705,SBH,SALLY BEAUTY HOLDINGS,Consumer Discretionary,Prism,Russell,1172,38.54,40.39,40.9,86.92,50.0,36.98,37.2,,,,,,43.06,42.86,,36,bearish_transition,42,mixed_or_bearish,45.75,16.15,0.2,0.01317440,-0.01494358,-0.03582090,0.04328165,,4H EMA 转弱或跌破 EMA26；4H MACD 尚未确认多头
706,GATX,GATX,Industrials,Prism,Russell,852,38.52,40.7,43.7,78.66,50.0,35.63,35.7,,,,,,46.87,43.62,,22,confirmed_bearish_trend,58,bullish_above_signal,44.67,175.820007,0.11,-0.01296805,0.01313826,-0.00328791,-0.05440068,4H MACD 位于 Signal 上方,4H EMA 空头排列
707,ACMR,ACM RESEARCH CLASS A,Information Technology,Prism,Russell,1434,38.51,40.02,51.7,58.8,50.0,43.73,44.7,,,,,,38.35,41.92,,42,bearish_transition,58,bullish_above_signal,47.49,74.190002,0.25,-0.03686871,0.05910063,-0.06597001,0.02984454,4H MACD 位于 Signal 上方,4H EMA 转弱或跌破 EMA26
708,SABR,SABRE,Consumer Discretionary,Prism,Russell,259,38.5,48.42,82.9,22.63,50.0,77.81,80.9,,,,,,58.98,46.05,,100,confirmed_bullish_trend,80,fresh_above_zero_cross,55.51,2.215,1.23,0.01600844,0.10325248,0.07263923,0.17195767,4H EMA 多头排列已连续维持；4H MACD 零轴上方刚金叉；4H RSI 位于健康强势区间,
709,LADR,LADDER CAPITAL CORP CLASS A,Financials,Prism,Russell,582,38.49,40.99,54.1,50.03,50.0,46.7,48.0,,,,,,50.49,44.35,,36,bearish_transition,72,fresh_below_zero_cross,48.14,9.815,0.25,0.00409207,0.01237751,0.01921080,-0.00557244,4H MACD 刚金叉但仍需零轴确认；4H MACD 柱体连续扩张；4H RSI 位于健康强势区间,4H EMA 转弱或跌破 EMA26
710,BKV,BKV,Energy,Prism,Russell,644,38.48,40.93,51.7,56.49,50.0,49.31,50.9,,,,,,49.7,44.19,,44,bearish_transition,70,bullish_above_signal,46.62,24.85,1.56,-0.06859070,-0.01153536,-0.03156664,0.05879851,4H MACD 位于 Signal 上方,4H EMA 转弱或跌破 EMA26
711,CMCO,COLUMBUS MCKINNON CORP,Industrials,Prism,Russell,1435,38.48,40.01,51.7,58.65,50.0,44.54,45.6,,,,,,38.32,41.91,,44,bearish_transition,58,bullish_above_signal,47.51,17.969999,0.29,-0.04287622,0.04113552,-0.06891192,0.10789150,4H MACD 位于 Signal 上方,4H EMA 转弱或跌破 EMA26
712,VRDN,VIRIDIAN THERAPEUTICS ORS,Health Care,Prism,Russell,527,38.44,41.05,40.9,84.71,50.0,40.22,40.8,,,,,,46.29,44.51,,44,bearish_transition,42,mixed_or_bearish,47.59,22.98,0.32,-0.03303173,-0.00303683,-0.00411705,0.17846154,,4H EMA 转弱或跌破 EMA26；4H MACD 尚未确认多头
713,ABCB,AMERIS BANCORP,Financials,Prism,Russell,1253,38.44,40.3,43.7,79.07,50.0,33.47,33.3,,,,,,41.84,42.62,,22,confirmed_bearish_trend,58,bullish_above_signal,39.62,84.279999,0.19,-0.01444191,0.00813398,-0.03778967,-0.04118320,4H MACD 位于 Signal 上方,4H EMA 空头排列；4H RSI 偏弱
714,PALI,PALISADE BIO INC,Health Care,Prism,Russell,542,38.43,41.04,65.2,86.56,50.0,56.6,59.0,,,,,,46.09,44.47,,58,mixed_sideways,70,bullish_above_signal,51.47,2.085,1.1,-0.06081081,0.06106870,-0.00477327,0.03990025,4H MACD 位于 Signal 上方；4H RSI 位于健康强势区间,4H EMA 仍偏震荡
715,SPOK,SPOK HOLDINGS INC,Communication,Prism,Russell,1440,38.43,40.01,51.7,58.29,50.0,35.63,35.7,,,,,,38.3,41.91,,22,confirmed_bearish_trend,58,bullish_above_signal,45.31,10.55,0.16,-0.00938967,0.00094877,-0.06925452,-0.03211009,4H MACD 位于 Signal 上方,4H EMA 空头排列
716,BCML,BAYCOM CORP,Financials,Prism,Russell,1091,38.41,40.49,37.3,95.48,50.0,27.53,26.7,,,,,,44.19,43.09,,22,confirmed_bearish_trend,28,fresh_bearish_cross,45.37,30.049999,0.22,-0.00743191,0.00602605,-0.01443099,-0.02276426,,4H EMA 空头排列；4H MACD 最近死叉
717,OPBK,OP BANCORP,Financials,Prism,Russell,1254,38.4,40.29,43.7,78.76,50.0,35.63,35.7,,,,,,41.82,42.61,,22,confirmed_bearish_trend,58,bullish_above_signal,42.16,15.05,0.06,-0.02209227,0.00333333,-0.03215434,-0.06811146,4H MACD 位于 Signal 上方,4H EMA 空头排列
718,ARDX,ARDELYX,Health Care,Prism,Russell,754,38.36,40.79,65.2,86.71,50.0,51.34,53.15,,,,,,43.03,43.86,,53,mixed_sideways,58,bullish_above_signal,49.77,3.84,1.13,0.02536716,0.02263648,-0.03879850,-0.24483776,4H MACD 位于 Signal 上方；4H RSI 位于健康强势区间,4H EMA 仍偏震荡
719,PSMT,PRICESMART,Consumer Staples,Prism,Russell,482,38.32,41.12,43.7,76.35,50.0,34.19,34.1,,,,,,47.11,44.67,,22,confirmed_bearish_trend,58,bullish_above_signal,39.92,170.292801,0.8,-0.01405280,-0.01027082,0.00950145,-0.11037090,4H MACD 位于 Signal 上方,4H EMA 空头排列；4H RSI 偏弱
720,DORM,DORMAN PRODUCTS,Consumer Discretionary,Prism,Russell,1260,38.29,40.28,43.7,78.09,50.0,33.47,33.3,,,,,,41.66,42.58,,22,confirmed_bearish_trend,58,bullish_above_signal,39.17,126.620003,0.22,-0.02197500,-0.00432488,-0.05075340,-0.11522604,4H MACD 位于 Signal 上方,4H EMA 空头排列；4H RSI 偏弱
721,CSTM,CONSTELLIUM SE CLASS A,Materials,Prism,Russell,1449,38.24,40.0,51.7,57.05,50.0,38.06,38.4,,,,,,38.13,41.88,,28,confirmed_bearish_trend,58,bullish_above_signal,47.52,26.995001,0.15,-0.02315900,0.00334510,-0.08149024,-0.07137939,4H MACD 位于 Signal 上方,4H EMA 空头排列
722,IMKTA,INGLES MARKETS CLASS A,Consumer Staples,Prism,Russell,904,38.18,40.65,43.7,76.45,50.0,33.47,33.3,,,,,,41.32,43.51,,22,confirmed_bearish_trend,58,bullish_above_signal,39.22,81.2201,0.46,-0.01107874,0.00813130,-0.04883358,-0.09735389,4H MACD 位于 Signal 上方,4H EMA 空头排列；4H RSI 偏弱
723,NATL,NCR ATLEOS,Financials,Prism,Russell,898,38.17,40.66,40.9,83.89,50.0,39.14,39.6,,,,,,46.36,43.52,,36,bearish_transition,50,mixed_or_bearish,45.56,45.84,0.42,0.00262465,-0.00950733,-0.01206901,-0.02592437,4H MACD 柱体连续扩张,4H EMA 转弱或跌破 EMA26；4H MACD 尚未确认多头
724,JOUT,JOHNSON OUTDOORS INC CLASS A,Consumer Discretionary,Prism,Russell,1275,38.06,40.26,43.7,76.6,50.0,35.63,35.7,,,,,,41.34,42.52,,22,confirmed_bearish_trend,58,bullish_above_signal,41.37,45.099998,0.09,-0.01248084,0.01691094,-0.05470553,-0.05420998,4H MACD 位于 Signal 上方,4H EMA 空头排列
725,CNK,CINEMARK HOLDINGS INC,Communication,Prism,Russell,1334,37.99,40.16,46.1,69.93,50.0,40.62,41.25,,,,,,40.14,42.28,,25,confirmed_bearish_trend,72,fresh_below_zero_cross,42.55,35.150002,0.31,0.00000000,0.01063838,-0.06887412,0.00228121,4H MACD 刚金叉但仍需零轴确认；4H MACD 柱体连续扩张,4H EMA 空头排列
726,HTH,HILLTOP HOLDINGS,Financials,Prism,Russell,823,37.99,40.74,43.7,75.01,50.0,35.63,35.7,,,,,,47.33,43.72,,22,confirmed_bearish_trend,58,bullish_above_signal,44.81,38.349998,0.35,-0.01185269,0.01508732,-0.01108822,-0.03643219,4H MACD 位于 Signal 上方,4H EMA 空头排列
727,REI,RING ENERGY INC,Energy,Prism,Russell,220,37.97,48.6,82.9,18.68,50.0,76.28,79.2,,,,,,61.29,46.51,,100,confirmed_bullish_trend,80,fresh_above_zero_cross,58.54,1.511,0.14,-0.01241830,0.01070234,0.10291971,0.34311111,4H EMA 多头排列已连续维持；4H MACD 零轴上方刚金叉；4H RSI 位于健康强势区间,
728,MGEE,MGE ENERGY,Utilities,Prism,Russell,926,37.94,40.63,43.7,74.91,50.0,33.47,33.3,,,,,,41.04,43.46,,22,confirmed_bearish_trend,58,bullish_above_signal,38.12,76.860001,0.38,-0.01562501,-0.00851388,-0.04492075,-0.06211100,4H MACD 位于 Signal 上方,4H EMA 空头排列；4H RSI 偏弱
729,BIPC,BROOKFIELD INFRASTRUCTURE CORP CLA,Utilities,Prism,Russell,465,37.93,41.15,43.7,73.63,50.0,36.84,37.05,,,,,,47.44,44.74,,25,confirmed_bearish_trend,58,bullish_above_signal,42.74,37.279999,0.27,-0.01739589,-0.00294196,-0.02612330,-0.12313301,4H MACD 位于 Signal 上方,4H EMA 空头排列
730,UVE,UNIVERSAL INSURANCE HOLDINGS INC,Financials,Prism,Russell,972,37.9,40.58,37.3,91.84,50.0,35.23,35.25,,,,,,45.41,43.33,,41,bearish_transition,28,fresh_bearish_cross,46.85,43.330002,0.05,-0.02090157,-0.00982623,-0.00126763,-0.02045889,,4H EMA 转弱或跌破 EMA26；4H MACD 最近死叉
731,KRO,KRONOS WORLDWIDE,Materials,Prism,Russell,884,37.89,40.67,40.9,81.99,50.0,40.62,41.25,,,,,,46.49,43.55,,41,bearish_transition,42,mixed_or_bearish,48.62,8.43,0.42,-0.03214696,0.00476758,-0.00940071,0.35967742,4H RSI 位于健康强势区间,4H EMA 转弱或跌破 EMA26；4H MACD 尚未确认多头
732,MNPR,MONOPAR THERAPEUTICS,Health Care,Prism,Russell,713,37.8,40.84,37.3,90.61,50.0,35.23,35.25,,,,,,43.6,43.97,,41,bearish_transition,28,fresh_bearish_cross,46.76,113.370003,0.05,-0.02911702,-0.03907442,-0.02309349,0.03923373,,4H EMA 转弱或跌破 EMA26；4H MACD 最近死叉
733,NRC,NRC HEALTH,Health Care,Prism,Russell,322,37.79,41.47,54.1,44.28,50.0,44.95,46.05,,,,,,51.47,45.54,,41,bearish_transition,64,fresh_below_zero_cross,46.22,20.98,0.34,-0.01177579,0.02641874,0.00143193,-0.05961448,4H MACD 刚金叉但仍需零轴确认,4H EMA 转弱或跌破 EMA26
734,OSPN,ONESPAN,Information Technology,Prism,Russell,960,37.75,40.59,37.3,90.82,50.0,36.84,37.05,,,,,,45.55,43.36,,41,bearish_transition,28,fresh_bearish_cross,48.16,16.09,0.12,-0.00862600,0.01322418,-0.01770446,0.04277382,4H RSI 位于健康强势区间,4H EMA 转弱或跌破 EMA26；4H MACD 最近死叉
735,GEF,GREIF INC CLASS A,Materials,Prism,Russell,806,37.73,40.75,43.7,73.27,50.0,41.3,42.0,,,,,,47.47,43.74,,36,bearish_transition,58,bullish_above_signal,44.86,84.279999,0.29,-0.00660063,0.01444387,-0.03536688,0.01200769,4H MACD 位于 Signal 上方,4H EMA 转弱或跌破 EMA26
736,CBAN,COLONY BANKCORP INC,Financials,Prism,Russell,1295,37.66,40.22,43.7,73.99,50.0,35.63,35.7,,,,,,40.88,42.43,,22,confirmed_bearish_trend,58,bullish_above_signal,43.96,21.209999,0.27,-0.01440525,0.01144492,-0.03017842,-0.04674162,4H MACD 位于 Signal 上方,4H EMA 空头排列
737,MAC,MACERICH REIT,Real Estate,Prism,Russell,1125,37.64,40.45,36.7,92.05,50.0,34.19,34.1,,,,,,43.77,43.0,,22,confirmed_bearish_trend,58,bullish_above_signal,37.37,23.16,0.67,-0.01885194,-0.01572465,-0.04887064,-0.12653212,4H MACD 位于 Signal 上方,4H EMA 空头排列；4H RSI 偏弱
738,HTFL,HEARTFLOW,Health Care,Prism,Russell,6,37.61,74.6,40.9,0.92,50.0,47.12,41.25,,,,,,100.0,55.25,,41,bearish_transition,42,mixed_or_bearish,49.97,47.299999,0.14,-0.04637095,-0.06355175,0.60993875,0.84982397,4H RSI 位于健康强势区间,4H EMA 转弱或跌破 EMA26；4H MACD 尚未确认多头
739,AMLX,AMYLYX PHARMACEUTICALS,Health Care,Prism,Russell,1,37.61,74.6,40.9,0.92,50.0,44.29,38.1,,,,,,100.0,55.25,,38,bearish_transition,42,mixed_or_bearish,45.28,32.8951,0.17,-0.03547574,-0.02792258,0.45232230,0.68261390,,4H EMA 转弱或跌破 EMA26；4H MACD 尚未确认多头
740,SHOO,STEVEN MADDEN,Consumer Discretionary,Prism,Russell,1479,37.59,39.94,51.7,52.85,50.0,46.3,47.55,,,,,,37.37,41.72,,39,bearish_transition,66,bullish_above_signal,48.44,43.810001,0.42,0.01459011,0.05668119,-0.10353997,-0.00522252,4H MACD 位于 Signal 上方；4H MACD 柱体连续扩张；4H RSI 位于健康强势区间,4H EMA 转弱或跌破 EMA26
741,FLG,FLAGSTAR BANK NATIONAL ASSOCIATION,Financials,Prism,Russell,1299,37.59,40.22,43.7,73.58,50.0,33.47,33.3,,,,,,40.83,42.42,,22,confirmed_bearish_trend,58,bullish_above_signal,39.62,13.245,0.32,-0.02106430,0.01416539,-0.05527817,-0.05257511,4H MACD 位于 Signal 上方,4H EMA 空头排列；4H RSI 偏弱
742,PECO,PHILLIPS EDISON AND COMPANY,Real Estate,Prism,Russell,1130,37.55,40.45,36.7,91.43,50.0,33.47,33.3,,,,,,43.7,42.99,,22,confirmed_bearish_trend,58,bullish_above_signal,34.65,38.665001,0.22,-0.00833550,-0.00706210,-0.03385805,-0.09300962,4H MACD 位于 Signal 上方,4H EMA 空头排列；4H RSI 偏弱
743,RNST,RENASANT CORP,Financials,Prism,Russell,1303,37.5,40.21,43.7,72.96,50.0,33.47,33.3,,,,,,40.7,42.39,,22,confirmed_bearish_trend,58,bullish_above_signal,38.27,40.389999,0.17,-0.01463779,0.01101372,-0.05409841,-0.07974482,4H MACD 位于 Signal 上方,4H EMA 空头排列；4H RSI 偏弱
744,EFOR,EVERFORTH,Information Technology,Prism,Russell,1240,37.48,40.31,40.9,80.09,50.0,37.79,38.1,,,,,,41.98,42.65,,38,bearish_transition,42,mixed_or_bearish,46.49,30.860001,0.22,0.01413082,0.01848191,-0.04899846,0.32788300,,4H EMA 转弱或跌破 EMA26；4H MACD 尚未确认多头
745,PRCT,PROCEPT BIOROBOTICS,Health Care,Prism,Russell,736,37.46,40.81,37.3,88.35,50.0,35.23,35.25,,,,,,43.31,43.91,,41,bearish_transition,28,fresh_bearish_cross,46.05,20.82,0.39,-0.01467104,-0.00573071,-0.04143642,0.15091211,,4H EMA 转弱或跌破 EMA26；4H MACD 最近死叉
746,DNTH,DIANTHUS THERAPEUTICS INC,Health Care,Prism,Russell,969,37.44,40.59,43.7,71.73,50.0,43.33,44.25,,,,,,40.47,43.34,,41,bearish_transition,58,bullish_above_signal,43.14,106.349998,0.27,-0.03283013,-0.00365374,-0.04832217,0.04871308,4H MACD 位于 Signal 上方,4H EMA 转弱或跌破 EMA26
747,TRN,TRINITY INDUSTRIES INC,Industrials,Prism,Russell,1139,37.4,40.44,36.7,90.46,50.0,35.63,35.7,,,,,,43.59,42.97,,22,confirmed_bearish_trend,66,bullish_above_signal,36.02,28.090401,0.22,-0.00950635,0.00754670,-0.02632925,-0.26213814,4H MACD 位于 Signal 上方；4H MACD 柱体连续扩张,4H EMA 空头排列；4H RSI 偏弱
748,FRAF,FRANKLIN FINANCIAL SERVICES CORP,Financials,Prism,Russell,573,37.39,41.0,51.7,49.05,50.0,49.4,51.0,,,,,,50.61,44.37,,44,bearish_transition,70,bullish_above_signal,48.87,62.525002,0.0,-0.01263323,0.01255064,0.01173144,-0.02533125,4H MACD 位于 Signal 上方；4H RSI 位于健康强势区间,4H EMA 转弱或跌破 EMA26
749,NKTX,NKARTA,Health Care,Prism,Russell,94,37.3,58.45,75.1,12.01,50.0,75.58,76.2,,,,,,66.83,48.62,,100,confirmed_bullish_trend,70,bullish_above_signal,59.87,2.955,0.19,-0.04213938,0.09647495,0.20612245,0.33108108,4H EMA 多头排列已连续维持；4H MACD 位于 Signal 上方；4H RSI 位于健康强势区间,
750,CSTL,CASTLE BIOSCIENCES,Health Care,Prism,Russell,486,37.3,41.11,40.9,77.01,50.0,42.78,43.65,,,,,,47.07,44.66,,41,bearish_transition,50,mixed_or_bearish,49.06,32.68,0.14,-0.00849512,-0.02505967,0.00895341,0.36736402,4H MACD 柱体连续扩张；4H RSI 位于健康强势区间,4H EMA 转弱或跌破 EMA26；4H MACD 尚未确认多头
751,NWL,NEWELL BRANDS INC,Consumer Discretionary,Prism,Russell,563,37.27,41.01,51.7,48.23,50.0,49.4,51.0,,,,,,50.72,44.39,,44,bearish_transition,70,bullish_above_signal,49.1,6.055,0.2,-0.05242567,0.01850294,0.02714165,0.15333333,4H MACD 位于 Signal 上方；4H RSI 位于健康强势区间,4H EMA 转弱或跌破 EMA26
752,ACIW,ACI WORLDWIDE,Information Technology,Prism,Russell,1055,37.27,40.51,32.9,99.54,50.0,31.31,30.9,,,,,,44.56,43.16,,22,confirmed_bearish_trend,42,mixed_or_bearish,43.72,51.805,0.27,0.00984407,0.01102650,-0.02069947,-0.13615142,,4H EMA 空头排列；4H MACD 尚未确认多头
753,DUOT,DUOS TECHNOLOGIES GROUP INC,Information Technology,Prism,Russell,1375,37.24,40.11,46.1,65.11,50.0,46.3,47.55,,,,,,39.45,42.14,,39,bearish_transition,72,fresh_below_zero_cross,43.25,8.92,0.06,-0.00223714,0.03720930,0.00112233,0.15544041,4H MACD 刚金叉但仍需零轴确认；4H MACD 柱体连续扩张,4H EMA 转弱或跌破 EMA26
754,URBN,URBAN OUTFITTERS,Consumer Discretionary,Prism,Russell,929,37.24,40.63,37.3,87.33,50.0,36.84,37.05,,,,,,45.98,43.45,,41,bearish_transition,28,fresh_bearish_cross,49.01,78.599998,0.07,-0.01835896,-0.00857721,-0.01156940,0.04550469,4H RSI 位于健康强势区间,4H EMA 转弱或跌破 EMA26；4H MACD 最近死叉
755,AVNW,AVIAT NETWORKS INC,Information Technology,Prism,Russell,1319,37.24,40.18,43.7,71.32,50.0,33.47,33.3,,,,,,40.36,42.32,,22,confirmed_bearish_trend,58,bullish_above_signal,39.55,19.139999,0.15,-0.03333334,0.02407694,-0.08508609,-0.05992151,4H MACD 位于 Signal 上方,4H EMA 空头排列；4H RSI 偏弱
756,EIG,EMPLOYERS HOLDINGS,Financials,Prism,Russell,927,37.22,40.63,37.3,87.17,50.0,35.23,35.25,,,,,,45.99,43.45,,41,bearish_transition,28,fresh_bearish_cross,46.89,49.0,0.22,-0.01030091,-0.00325468,-0.00122301,-0.01941167,,4H EMA 转弱或跌破 EMA26；4H MACD 最近死叉
757,CIM,CHIMERA INVESTMENT,Financials,Prism,Russell,777,37.21,40.77,43.7,69.73,50.0,36.84,37.05,,,,,,47.73,43.8,,25,confirmed_bearish_trend,58,bullish_above_signal,44.8,11.53,0.17,-0.00817204,0.01855124,-0.01537148,-0.09105242,4H MACD 位于 Signal 上方,4H EMA 空头排列
758,DTIL,PRECISION BIOSCIENCES INC,Health Care,Prism,Russell,628,37.2,40.93,32.9,98.1,50.0,31.31,30.9,,,,,,44.82,44.21,,22,confirmed_bearish_trend,50,mixed_or_bearish,38.03,7.395,0.34,-0.00336927,-0.02952756,-0.00738255,0.03210049,4H MACD 柱体连续扩张,4H EMA 空头排列；4H MACD 尚未确认多头；4H RSI 偏弱
759,GPRO,GOPRO INC CLASS A,Consumer Discretionary,Prism,Russell,16,37.19,74.2,65.2,0.92,50.0,61.57,57.3,,,,,,100.0,54.25,,58,mixed_sideways,70,bullish_above_signal,59.74,1.41,0.01,-0.00704225,0.14170040,1.02557104,0.95480383,4H MACD 位于 Signal 上方；4H RSI 位于健康强势区间,4H EMA 仍偏震荡
760,CAMP,CAMP4 THERAPEUTICS CORP,Health Care,Prism,Russell,353,37.14,41.39,75.1,50.8,50.0,68.84,72.6,,,,,,50.43,45.34,,100,confirmed_bullish_trend,58,bullish_above_signal,55.94,4.42,0.04,0.00000000,0.15706806,0.04739336,0.29239766,4H EMA 多头排列已连续维持；4H MACD 位于 Signal 上方；4H RSI 位于健康强势区间,
761,SBC,SBC MEDICAL GROUP HOLDINGS INC,Health Care,Prism,Russell,13,37.13,74.56,64.3,2.05,50.0,71.02,67.8,,,,,,99.57,55.16,,100,confirmed_bullish_trend,42,mixed_or_bearish,61.65,4.325,0.08,-0.01927438,0.03468900,0.40879479,0.35367762,4H EMA 多头排列已连续维持；4H RSI 位于健康强势区间,4H MACD 尚未确认多头
762,DAKT,DAKTRONICS INC,Information Technology,Prism,Russell,771,37.13,40.77,43.7,69.16,50.0,35.63,35.7,,,,,,47.78,43.81,,22,confirmed_bearish_trend,58,bullish_above_signal,43.69,19.1,0.28,-0.03826792,-0.01291990,-0.10244365,-0.03193107,4H MACD 位于 Signal 上方,4H EMA 空头排列
763,UNFI,UNITED NATURAL FOODS INC,Consumer Staples,Prism,Russell,413,37.1,41.26,46.1,61.47,50.0,40.62,41.25,,,,,,48.86,45.02,,25,confirmed_bearish_trend,72,fresh_below_zero_cross,43.82,44.509998,0.27,-0.02593286,-0.00268884,-0.03928349,-0.12330120,4H MACD 刚金叉但仍需零轴确认；4H MACD 柱体连续扩张,4H EMA 空头排列
764,MSGE,MADISON SQUARE GARDEN ENTERTAINMEN,Communication,Prism,Russell,1064,37.1,40.51,32.9,98.41,50.0,31.31,30.9,,,,,,44.49,43.15,,22,confirmed_bearish_trend,50,mixed_or_bearish,39.18,76.730003,0.12,0.00189337,-0.00389453,-0.01829582,-0.00557285,4H MACD 柱体连续扩张,4H EMA 空头排列；4H MACD 尚未确认多头；4H RSI 偏弱
765,GLUE,MONTE ROSA THERAPEUTICS,Health Care,Prism,Russell,1274,37.09,40.26,51.7,48.79,50.0,46.3,47.55,,,,,,36.35,42.52,,39,bearish_transition,66,bullish_above_signal,48.46,14.39,0.13,0.01804033,0.00580136,-0.08981657,-0.34739226,4H MACD 位于 Signal 上方；4H MACD 柱体连续扩张；4H RSI 位于健康强势区间,4H EMA 转弱或跌破 EMA26
766,NEWT,NEWTEKONE,Financials,Prism,Russell,1328,37.09,40.17,43.7,70.34,50.0,36.84,37.05,,,,,,40.22,42.29,,25,confirmed_bearish_trend,58,bullish_above_signal,41.26,12.08,0.17,-0.02344382,0.03690987,-0.06283941,-0.17795168,4H MACD 位于 Signal 上方,4H EMA 空头排列
767,HUN,HUNTSMAN CORP,Materials,Prism,Russell,1511,37.09,39.87,51.7,49.72,50.0,36.84,37.05,,,,,,36.53,41.56,,25,confirmed_bearish_trend,58,bullish_above_signal,47.02,9.645,0.16,-0.01228879,0.02660990,-0.06901544,-0.15653695,4H MACD 位于 Signal 上方,4H EMA 空头排列
768,MTUS,METALLUS INC,Materials,Prism,Russell,1512,37.07,39.87,51.7,49.56,50.0,44.13,45.15,,,,,,36.51,41.55,,39,bearish_transition,58,bullish_above_signal,48.33,19.565001,0.31,-0.00178566,0.03518524,-0.09921722,-0.07274877,4H MACD 位于 Signal 上方；4H RSI 位于健康强势区间,4H EMA 转弱或跌破 EMA26
769,OPCH,OPTION CARE HEALTH INC,Health Care,Prism,Russell,760,37.06,40.78,37.3,85.79,50.0,34.01,33.9,,,,,,42.89,43.83,,38,bearish_transition,28,fresh_bearish_cross,47.85,23.719999,0.16,-0.00503360,0.00338409,-0.03223178,0.05516010,,4H EMA 转弱或跌破 EMA26；4H MACD 最近死叉
770,RYZ,RYERSON HOLDING,Materials,Prism,Russell,1513,37.04,39.87,51.7,49.41,50.0,38.06,38.4,,,,,,36.46,41.54,,28,confirmed_bearish_trend,58,bullish_above_signal,45.64,25.559999,0.17,-0.03181822,0.00868189,-0.08714289,-0.17628108,4H MACD 位于 Signal 上方,4H EMA 空头排列
771,EPAC,ENERPAC TOOL GROUP CLASS A,Industrials,Prism,Russell,1025,36.99,40.54,32.9,97.59,50.0,37.79,38.1,,,,,,44.85,43.22,,38,bearish_transition,42,mixed_or_bearish,42.84,36.509998,0.2,-0.01775626,-0.00354806,-0.01137292,-0.01563769,,4H EMA 转弱或跌破 EMA26；4H MACD 尚未确认多头
772,ETD,ETHAN ALLEN INTERIORS,Consumer Discretionary,Prism,Russell,1024,36.97,40.54,32.9,97.49,50.0,31.31,30.9,,,,,,44.86,43.22,,22,confirmed_bearish_trend,50,mixed_or_bearish,39.28,21.9,0.28,0.01154734,-0.08559503,-0.06887755,-0.08099035,4H MACD 柱体连续扩张,4H EMA 空头排列；4H MACD 尚未确认多头；4H RSI 偏弱
773,VLY,VALLEY NATIONAL,Financials,Prism,Russell,1336,36.96,40.16,43.7,69.47,50.0,36.84,37.05,,,,,,40.11,42.27,,25,confirmed_bearish_trend,58,bullish_above_signal,40.5,13.74,0.26,-0.01857143,0.02652223,-0.06243603,-0.05143252,4H MACD 位于 Signal 上方,4H EMA 空头排列
774,QUBT,QUANTUM COMPUTING,Information Technology,Prism,Russell,1519,36.95,39.86,51.7,48.79,50.0,46.3,47.55,,,,,,36.35,41.52,,39,bearish_transition,66,bullish_above_signal,48.29,8.17,0.13,-0.03370787,0.03548796,-0.08766052,0.05692109,4H MACD 位于 Signal 上方；4H MACD 柱体连续扩张；4H RSI 位于健康强势区间,4H EMA 转弱或跌破 EMA26
775,ROOT,ROOT INC CLASS A,Financials,Prism,Russell,1022,36.94,40.54,32.9,97.28,50.0,29.15,28.5,,,,,,44.89,43.23,,22,confirmed_bearish_trend,42,mixed_or_bearish,39.13,52.505001,0.34,-0.02912354,-0.04830519,-0.01896485,-0.14528730,,4H EMA 空头排列；4H MACD 尚未确认多头；4H RSI 偏弱
776,FDBC,FIDELITY D AND D BANCORP INC,Financials,Prism,Russell,907,36.88,40.65,37.3,84.86,50.0,37.16,37.4,,,,,,46.28,43.51,,44,bearish_transition,28,fresh_bearish_cross,45.25,53.360001,0.58,-0.03078738,-0.00494171,0.00131357,0.01985822,,4H EMA 转弱或跌破 EMA26；4H MACD 最近死叉
777,WKC,WORLD KINECT,Energy,Prism,Russell,1344,36.87,40.15,43.7,68.91,50.0,35.63,35.7,,,,,,40.07,42.26,,22,confirmed_bearish_trend,58,bullish_above_signal,43.14,35.205002,0.14,0.00071069,-0.00212577,-0.04941266,-0.12097371,4H MACD 位于 Signal 上方,4H EMA 空头排列
778,GLIBK,LIBERTY CAPITAL SERIES C,Communication,Prism,Russell,819,36.82,40.74,40.9,74.65,50.0,37.79,38.1,,,,,,47.36,43.72,,38,bearish_transition,42,mixed_or_bearish,45.29,25.615,0.14,-0.01138557,-0.00640035,0.00886180,0.09935627,,4H EMA 转弱或跌破 EMA26；4H MACD 尚未确认多头
779,TG,TREDEGAR CORP,Materials,Prism,Russell,1527,36.82,39.85,51.7,47.92,50.0,36.84,37.05,,,,,,36.28,41.51,,25,confirmed_bearish_trend,58,bullish_above_signal,45.84,7.69,0.29,-0.01725240,-0.00259403,-0.08343266,0.01989390,4H MACD 位于 Signal 上方,4H EMA 空头排列
780,BH,BIGLARI HOLDINGS INCINARY CLASS B,Consumer Discretionary,Prism,Russell,1015,36.82,40.55,32.9,96.46,50.0,29.15,28.5,,,,,,44.97,43.24,,22,confirmed_bearish_trend,42,mixed_or_bearish,38.91,365.490387,0.52,-0.03069660,-0.06282111,-0.05261832,-0.02906146,,4H EMA 空头排列；4H MACD 尚未确认多头；4H RSI 偏弱
781,CON,CONCENTRA GROUP HOLDINGS PARENT IN,Health Care,Prism,Russell,466,36.81,41.15,40.9,73.63,50.0,41.57,42.3,,,,,,47.44,44.74,,38,bearish_transition,50,mixed_or_bearish,49.24,34.23,0.16,-0.00378350,0.01003249,0.00410678,0.04710924,4H MACD 柱体连续扩张；4H RSI 位于健康强势区间,4H EMA 转弱或跌破 EMA26；4H MACD 尚未确认多头
782,NGVC,NATURAL GROCERS BY VITAMIN COTTAGE,Consumer Staples,Prism,Russell,320,36.81,41.47,51.7,44.13,50.0,35.63,35.7,,,,,,51.49,45.55,,22,confirmed_bearish_trend,58,bullish_above_signal,45.47,27.190001,0.39,0.00258112,-0.01163210,0.03502097,-0.15846487,4H MACD 位于 Signal 上方,4H EMA 空头排列
783,CBNA,CHAIN BRIDGE BANCORP INC CLASS A,Financials,Prism,Russell,1193,36.77,40.37,37.3,84.81,50.0,35.23,35.25,,,,,,42.73,42.8,,41,bearish_transition,28,fresh_bearish_cross,47.0,45.720001,0.08,-0.01252695,0.01061006,-0.04551150,0.07627121,,4H EMA 转弱或跌破 EMA26；4H MACD 最近死叉
784,UHT,UNIVERSAL HEALTH REALTY INCOME TRU,Real Estate,Prism,Russell,1083,36.76,40.49,32.9,96.2,50.0,31.31,30.9,,,,,,44.31,43.11,,22,confirmed_bearish_trend,42,mixed_or_bearish,41.22,40.779999,0.36,-0.00875061,-0.01115429,-0.01521374,-0.09818669,,4H EMA 空头排列；4H MACD 尚未确认多头
785,GBFH,GBANK FINL HLDGS INC,Financials,Prism,Russell,1349,36.73,40.14,43.7,67.98,50.0,35.63,35.7,,,,,,39.92,42.23,,22,confirmed_bearish_trend,58,bullish_above_signal,41.26,19.870001,0.03,-0.00699645,0.02002059,-0.04240959,-0.34139871,4H MACD 位于 Signal 上方,4H EMA 空头排列
786,PRTH,PRIORITY TECHNOLOGY HOLDINGS INC,Financials,Prism,Russell,521,36.72,41.06,51.7,44.43,50.0,36.84,37.05,,,,,,51.41,44.53,,25,confirmed_bearish_trend,58,bullish_above_signal,47.61,5.45,0.23,0.00183824,0.03219697,0.04007634,-0.20899855,4H MACD 位于 Signal 上方,4H EMA 空头排列
787,AMBA,AMBARELLA,Information Technology,Prism,Russell,1590,36.7,39.72,54.1,41.05,50.0,45.08,46.2,,,,,,34.63,41.18,,36,bearish_transition,72,fresh_below_zero_cross,46.13,67.25,0.27,0.03636926,-0.00913516,-0.18047768,-0.02394778,4H MACD 刚金叉但仍需零轴确认；4H MACD 柱体连续扩张,4H EMA 转弱或跌破 EMA26
788,RILY,BRC GROUP HOLDINGS INC,Financials,Prism,Russell,1352,36.7,40.14,43.7,67.83,50.0,35.63,35.7,,,,,,39.88,42.23,,22,confirmed_bearish_trend,58,bullish_above_signal,42.68,6.88,0.13,-0.02480510,0.01775148,-0.05494505,0.02533532,4H MACD 位于 Signal 上方,4H EMA 空头排列
789,NUVB,NUVATION BIO CLASS A,Health Care,Prism,Russell,608,36.69,40.96,32.9,94.61,50.0,36.98,37.2,,,,,,45.17,44.28,,36,bearish_transition,42,mixed_or_bearish,43.5,6.545,0.16,-0.01800450,-0.01430723,-0.00983359,-0.02313433,,4H EMA 转弱或跌破 EMA26；4H MACD 尚未确认多头
790,GEMI,GEMINI SPACE STATION INC CLASS A,Financials,Prism,Russell,826,36.66,40.73,65.2,75.47,50.0,55.07,57.3,,,,,,47.19,43.69,,58,mixed_sideways,70,bullish_above_signal,53.52,4.559,0.12,-0.02272240,0.09328537,0.11466993,0.04205714,4H MACD 位于 Signal 上方；4H RSI 位于健康强势区间,4H EMA 仍偏震荡
791,DFIN,DONNELLEY FINANCIAL SOLUTIONS,Financials,Prism,Russell,516,36.64,41.07,51.7,43.92,50.0,49.4,51.0,,,,,,51.53,44.56,,44,bearish_transition,70,bullish_above_signal,49.91,48.700001,0.21,-0.02012072,0.01205324,0.02720947,-0.07642706,4H MACD 位于 Signal 上方；4H RSI 位于健康强势区间,4H EMA 转弱或跌破 EMA26
792,NN,NEXTNAV,Information Technology,Prism,Russell,1412,36.62,40.05,46.1,61.11,50.0,39.41,39.9,,,,,,38.7,41.99,,22,confirmed_bearish_trend,72,fresh_below_zero_cross,40.95,15.14,0.15,-0.00263505,-0.00590939,-0.01815824,0.12565056,4H MACD 刚金叉但仍需零轴确认；4H MACD 柱体连续扩张,4H EMA 空头排列
793,PENG,PENGUIN SOLUTIONS INC,Information Technology,Prism,Russell,1542,36.61,39.82,51.7,46.59,50.0,45.35,46.5,,,,,,35.91,41.43,,42,bearish_transition,58,bullish_above_signal,49.47,51.099998,0.12,-0.02313139,0.07352941,-0.07377198,0.06126679,4H MACD 位于 Signal 上方；4H RSI 位于健康强势区间,4H EMA 转弱或跌破 EMA26
794,RM,REGIONAL MANAGEMENT CORP,Financials,Prism,Russell,513,36.61,41.07,51.7,43.66,50.0,36.84,37.05,,,,,,51.55,44.56,,25,confirmed_bearish_trend,58,bullish_above_signal,47.89,32.93,0.03,-0.00302752,0.03390895,0.04705879,-0.22663226,4H MACD 位于 Signal 上方,4H EMA 空头排列
795,SMPL,THE SIMPLY GOOD FOODS COMPANY,Consumer Staples,Prism,Russell,680,36.61,40.87,32.9,94.3,50.0,31.31,30.9,,,,,,44.05,44.06,,22,confirmed_bearish_trend,42,mixed_or_bearish,40.3,10.48,0.46,-0.03007867,-0.08029838,-0.03007867,-0.01411101,,4H EMA 空头排列；4H MACD 尚未确认多头
796,BTBT,BIT DIGITAL,Information Technology,Prism,Russell,76,36.56,58.68,75.1,6.57,50.0,75.58,76.2,,,,,,74.73,49.2,,100,confirmed_bullish_trend,70,bullish_above_signal,58.31,1.645,0.19,-0.04913295,0.22304833,0.26053640,0.27027027,4H EMA 多头排列已连续维持；4H MACD 位于 Signal 上方；4H RSI 位于健康强势区间,
797,PI,IMPINJ,Information Technology,Prism,Russell,1209,36.54,40.35,37.3,83.32,50.0,35.23,35.25,,,,,,42.46,42.74,,41,bearish_transition,28,fresh_bearish_cross,46.34,166.695007,0.22,-0.03432388,-0.00835811,-0.05405172,0.25024379,,4H EMA 转弱或跌破 EMA26；4H MACD 最近死叉
798,GIC,GLOBAL INDUSTRIAL,Industrials,Prism,Russell,888,36.51,40.67,37.3,82.4,50.0,38.06,38.4,,,,,,46.47,43.54,,44,bearish_transition,28,fresh_bearish_cross,50.18,39.244999,0.21,-0.01752412,0.01434479,-0.01320093,0.07786320,4H RSI 位于健康强势区间,4H EMA 转弱或跌破 EMA26；4H MACD 最近死叉
799,NLOP,NET LEASE OFFICE PROPERTIES,Real Estate,Prism,Russell,991,36.5,40.57,32.9,94.25,50.0,31.31,30.9,,,,,,45.19,43.29,,22,confirmed_bearish_trend,42,mixed_or_bearish,40.92,11.1,0.4,-0.01856764,-0.00626679,-0.03478261,-0.07807309,,4H EMA 空头排列；4H MACD 尚未确认多头
800,RUN,SUNRUN INC,Industrials,Prism,Russell,1549,36.49,39.8,51.7,45.87,50.0,36.84,37.05,,,,,,35.63,41.38,,25,confirmed_bearish_trend,58,bullish_above_signal,46.44,8.895,0.16,-0.03367735,0.06272401,-0.09878419,-0.07728216,4H MACD 位于 Signal 上方,4H EMA 空头排列
801,ASTH,ASTRANA HEALTH,Health Care,Prism,Russell,456,36.49,41.16,40.9,71.52,50.0,31.31,30.9,,,,,,47.58,44.77,,22,confirmed_bearish_trend,42,mixed_or_bearish,47.71,38.044998,0.11,0.00276750,-0.01488869,0.01237350,0.00329641,,4H EMA 空头排列；4H MACD 尚未确认多头
802,ULH,UNIVERSAL LOGISTICS HOLDINGS INC,Industrials,Prism,Russell,987,36.44,40.57,32.9,93.84,50.0,37.79,38.1,,,,,,45.23,43.3,,38,bearish_transition,42,mixed_or_bearish,44.43,18.315001,0.05,-0.02579777,-0.00677874,-0.02889714,0.21856294,,4H EMA 转弱或跌破 EMA26；4H MACD 尚未确认多头
803,ANGO,ANGIODYNAMICS,Health Care,Prism,Russell,595,36.43,40.98,32.9,92.87,50.0,39.14,39.6,,,,,,45.34,44.32,,36,bearish_transition,50,mixed_or_bearish,44.07,15.33,0.11,0.00458716,-0.03158560,-0.02542912,0.06978367,4H MACD 柱体连续扩张,4H EMA 转弱或跌破 EMA26；4H MACD 尚未确认多头
804,ACR,ACRES COMMERCIAL REALTY,Financials,Prism,Russell,724,36.43,40.83,43.7,64.39,50.0,36.84,37.05,,,,,,48.46,43.94,,25,confirmed_bearish_trend,58,bullish_above_signal,44.93,14.065,0.52,-0.04156729,0.01552347,-0.01332866,-0.22335730,4H MACD 位于 Signal 上方,4H EMA 空头排列
805,RYAM,RAYONIER ADVANCED MATERIALS,Materials,Prism,Russell,1219,36.36,40.33,37.3,82.14,50.0,29.87,29.3,,,,,,42.32,42.71,,22,confirmed_bearish_trend,28,fresh_bearish_cross,48.5,8.47,0.91,0.00833333,0.01619676,-0.03420753,-0.03420753,4H RSI 位于健康强势区间,4H EMA 空头排列；4H MACD 最近死叉
806,DXC,DXC TECHNOLOGY,Information Technology,Prism,Russell,875,36.32,40.68,37.3,81.07,50.0,35.23,35.25,,,,,,46.59,43.57,,41,bearish_transition,28,fresh_bearish_cross,47.05,11.005,0.38,-0.00271862,-0.01388889,0.00778388,0.01241950,,4H EMA 转弱或跌破 EMA26；4H MACD 最近死叉
807,VEL,VELOCITY FINANCIAL INC,Financials,Prism,Russell,872,36.27,40.68,37.3,80.76,50.0,36.84,37.05,,,,,,46.61,43.57,,41,bearish_transition,28,fresh_bearish_cross,49.85,18.17,0.37,-0.00383772,0.01282046,-0.00601756,0.01964085,4H RSI 位于健康强势区间,4H EMA 转弱或跌破 EMA26；4H MACD 最近死叉
808,HNI,HNI,Industrials,Prism,Russell,1118,36.23,40.45,32.9,92.71,50.0,37.79,38.1,,,,,,43.81,43.01,,38,bearish_transition,42,mixed_or_bearish,44.61,47.669998,0.3,-0.01792342,0.00527204,-0.02674565,0.08046235,,4H EMA 转弱或跌破 EMA26；4H MACD 尚未确认多头
809,POR,PORTLAND GENERAL ELECTRIC,Utilities,Prism,Russell,414,36.2,41.25,43.7,61.88,50.0,35.63,35.7,,,,,,48.78,45.01,,22,confirmed_bearish_trend,58,bullish_above_signal,44.86,48.9114,0.18,-0.01049160,-0.00302896,0.01665764,-0.04376543,4H MACD 位于 Signal 上方,4H EMA 空头排列
810,AMCX,AMC GLOBAL MEDIA CLASS A,Communication,Prism,Russell,977,36.2,40.58,32.9,92.25,50.0,34.82,34.8,,,,,,45.38,43.33,,36,bearish_transition,42,mixed_or_bearish,38.78,11.51,0.45,-0.01623932,-0.07027464,-0.02869198,0.12074002,,4H EMA 转弱或跌破 EMA26；4H MACD 尚未确认多头；4H RSI 偏弱
811,AVTX,AVALO THERAPEUTICS,Health Care,Prism,Russell,1163,36.19,40.4,46.1,57.36,50.0,40.76,41.4,,,,,,38.16,42.88,,36,bearish_transition,64,fresh_below_zero_cross,39.11,18.389999,0.34,-0.07727050,-0.03006329,-0.06980278,-0.05740651,4H MACD 刚金叉但仍需零轴确认,4H EMA 转弱或跌破 EMA26；4H RSI 偏弱
812,FF,FUTUREFUEL CORP,Energy,Prism,Russell,477,36.16,41.13,51.7,40.58,50.0,47.11,48.45,,,,,,52.22,44.69,,41,bearish_transition,66,bullish_above_signal,49.75,5.37,0.06,-0.01286765,-0.02007299,0.03868472,0.16233766,4H MACD 位于 Signal 上方；4H MACD 柱体连续扩张；4H RSI 位于健康强势区间,4H EMA 转弱或跌破 EMA26
813,KRT,KARAT PACKAGING INC,Industrials,Prism,Russell,1124,36.15,40.45,32.9,92.2,50.0,37.79,38.1,,,,,,43.78,43.01,,38,bearish_transition,42,mixed_or_bearish,41.77,46.6301,0.18,-0.03136475,-0.01913969,-0.03176703,0.11795975,,4H EMA 转弱或跌破 EMA26；4H MACD 尚未确认多头
814,DBRG,DIGITALBRIDGE GROUP INC CLASS A,Financials,Prism,Russell,778,36.12,40.77,40.9,69.93,50.0,41.57,42.3,,,,,,47.72,43.79,,38,bearish_transition,50,mixed_or_bearish,49.29,15.93,0.09,0.00062814,0.00125707,0.00094251,0.00473037,4H MACD 柱体连续扩张；4H RSI 位于健康强势区间,4H EMA 转弱或跌破 EMA26；4H MACD 尚未确认多头
815,OFG,OFG BANCORP,Financials,Prism,Russell,860,36.09,40.69,37.3,79.53,50.0,35.23,35.25,,,,,,46.77,43.6,,41,bearish_transition,28,fresh_bearish_cross,47.05,52.32,0.19,-0.00796363,0.00345226,0.00441543,-0.01320257,,4H EMA 转弱或跌破 EMA26；4H MACD 最近死叉
816,HTLD,HEARTLAND EXPRESS INC,Industrials,Prism,Russell,460,36.02,41.15,51.7,39.56,50.0,36.84,37.05,,,,,,52.52,44.75,,25,confirmed_bearish_trend,58,bullish_above_signal,45.35,12.2,0.3,-0.02165196,0.02348993,0.03918228,-0.08614232,4H MACD 位于 Signal 上方,4H EMA 空头排列
817,ASIX,ADVANSIX,Materials,Prism,Russell,461,36.02,41.15,51.7,39.56,50.0,35.63,35.7,,,,,,52.52,44.75,,22,confirmed_bearish_trend,58,bullish_above_signal,45.76,16.84,0.26,-0.02178333,0.00477327,0.03790447,-0.17572198,4H MACD 位于 Signal 上方,4H EMA 空头排列
818,BVS,BIOVENTUS CLASS A,Health Care,Prism,Russell,651,36.02,40.92,29.3,99.85,50.0,34.01,33.9,,,,,,44.65,44.18,,38,bearish_transition,28,fresh_bearish_cross,42.51,13.62,0.25,-0.01518438,-0.00583942,-0.02365591,0.03103709,,4H EMA 转弱或跌破 EMA26；4H MACD 最近死叉
819,JMSB,JOHN MARSHALL BANCORP INC,Financials,Prism,Russell,256,35.98,48.43,51.7,22.32,50.0,50.9,51.0,,,,,,59.11,46.07,,44,bearish_transition,70,bullish_above_signal,49.01,23.02,0.28,-0.01413276,0.01948627,0.00348731,-0.02374894,4H MACD 位于 Signal 上方；4H RSI 位于健康强势区间,4H EMA 转弱或跌破 EMA26
820,PTGX,PROTAGONIST THERAPEUTICS,Health Care,Prism,Russell,714,35.98,40.83,32.9,90.2,50.0,36.98,37.2,,,,,,43.56,43.96,,36,bearish_transition,42,mixed_or_bearish,42.59,144.839996,0.2,-0.01482859,-0.01193806,-0.03369139,0.05904286,,4H EMA 转弱或跌破 EMA26；4H MACD 尚未确认多头
821,HASI,HA SUSTAINABLE INFRASTRUCTURE CAPI,Financials,Prism,Russell,1134,35.98,40.44,32.9,91.12,50.0,29.15,28.5,,,,,,43.66,42.98,,22,confirmed_bearish_trend,42,mixed_or_bearish,39.37,38.470001,0.16,-0.02111954,-0.02656880,-0.05176236,-0.00799376,,4H EMA 空头排列；4H MACD 尚未确认多头；4H RSI 偏弱
822,CYH,COMMUNITY HEALTH SYSTEMS INC,Health Care,Prism,Russell,416,35.94,41.24,67.6,63.11,50.0,52.37,54.3,,,,,,48.64,44.98,,50,mixed_sideways,72,fresh_below_zero_cross,57.47,2.975,0.22,0.04753521,0.01362862,0.01190476,0.06440072,4H MACD 刚金叉但仍需零轴确认；4H MACD 柱体连续扩张；4H RSI 位于健康强势区间,4H EMA 仍偏震荡
823,NTCT,NETSCOUT SYSTEMS,Information Technology,Prism,Russell,957,35.94,40.59,32.9,90.46,50.0,33.47,33.3,,,,,,45.57,43.36,,22,confirmed_bearish_trend,50,mixed_or_bearish,40.8,37.349998,0.24,0.01162486,-0.01684664,-0.03351021,-0.05871981,4H MACD 柱体连续扩张,4H EMA 空头排列；4H MACD 尚未确认多头
824,VOR,VOR BIOPHARMA,Health Care,Prism,Russell,487,35.91,41.11,37.3,77.32,50.0,38.06,38.4,,,,,,47.05,44.66,,44,bearish_transition,28,fresh_bearish_cross,48.03,23.535,0.23,-0.09062457,0.03769841,0.00792291,0.17616192,4H RSI 位于健康强势区间,4H EMA 转弱或跌破 EMA26；4H MACD 最近死叉
825,WEST,WESTROCK COFFEE,Consumer Staples,Prism,Russell,1183,35.88,40.38,46.1,55.41,50.0,35.09,35.1,,,,,,37.84,42.82,,22,confirmed_bearish_trend,64,fresh_below_zero_cross,39.8,7.66,0.12,-0.03526448,-0.00712897,-0.06356968,-0.06755934,4H MACD 刚金叉但仍需零轴确认,4H EMA 空头排列；4H RSI 偏弱
826,PRLB,PROTO LABS,Industrials,Prism,Russell,1583,35.87,39.73,51.7,41.87,50.0,40.49,41.1,,,,,,34.75,41.2,,30,confirmed_bearish_trend,58,bullish_above_signal,49.01,80.470001,0.06,-0.02021181,0.02496496,-0.10309853,0.07465283,4H MACD 位于 Signal 上方；4H RSI 位于健康强势区间,4H EMA 空头排列
827,ZBIO,ZENAS BIOPHARMA,Health Care,Prism,Russell,485,35.86,41.11,37.3,77.01,50.0,38.06,38.4,,,,,,47.07,44.66,,44,bearish_transition,28,fresh_bearish_cross,49.14,32.27,0.12,-0.03122188,0.00702144,0.01001562,-0.00216450,4H RSI 位于健康强势区间,4H EMA 转弱或跌破 EMA26；4H MACD 最近死叉
828,PAR,PAR TECHNOLOGY,Information Technology,Prism,Russell,951,35.86,40.6,32.9,89.94,50.0,34.82,34.8,,,,,,45.64,43.38,,36,bearish_transition,42,mixed_or_bearish,39.43,17.82,0.39,-0.01899262,-0.04038772,-0.02141675,0.03967334,,4H EMA 转弱或跌破 EMA26；4H MACD 尚未确认多头；4H RSI 偏弱
829,VECO,VEECO INSTRUMENTS,Information Technology,Prism,Russell,1584,35.83,39.73,51.7,41.66,50.0,42.52,43.35,,,,,,34.72,41.19,,39,bearish_transition,58,bullish_above_signal,46.11,44.810001,0.19,-0.03426726,0.06512957,-0.09181190,-0.01979654,4H MACD 位于 Signal 上方,4H EMA 转弱或跌破 EMA26
830,MANE,VERADERMICS,Health Care,Prism,Russell,1367,35.83,40.11,51.7,40.74,50.0,36.84,37.05,,,,,,34.54,42.16,,25,confirmed_bearish_trend,58,bullish_above_signal,45.77,99.0,0.4,-0.02376495,0.01747171,-0.10342328,-0.10867021,4H MACD 位于 Signal 上方,4H EMA 空头排列
831,ALRS,ALERUS FINANCIAL CORP,Financials,Prism,Russell,1044,35.82,40.53,29.3,99.44,50.0,34.01,33.9,,,,,,44.68,43.19,,38,bearish_transition,28,fresh_bearish_cross,42.88,32.75,0.26,-0.01769646,0.00460129,-0.01236429,-0.01236429,,4H EMA 转弱或跌破 EMA26；4H MACD 最近死叉
832,CLYM,CLIMB BIO INC,Health Care,Prism,Russell,153,35.81,48.93,51.7,20.01,50.0,46.04,45.6,,,,,,60.4,47.33,,44,bearish_transition,58,bullish_above_signal,47.27,15.08,0.16,-0.05127399,0.01617251,0.11621021,0.22701383,4H MACD 位于 Signal 上方,4H EMA 转弱或跌破 EMA26
833,PLMR,PALOMAR HOLDINGS,Financials,Prism,Russell,843,35.81,40.71,37.3,77.58,50.0,35.23,35.25,,,,,,47.01,43.65,,41,bearish_transition,28,fresh_bearish_cross,46.38,131.490005,0.19,-0.02455555,-0.00273038,0.00083727,-0.08119625,,4H EMA 转弱或跌破 EMA26；4H MACD 最近死叉
834,TEX,TEREX,Industrials,Prism,Russell,1404,35.8,40.07,43.7,61.98,50.0,35.63,35.7,,,,,,38.94,42.04,,22,confirmed_bearish_trend,58,bullish_above_signal,42.05,61.860001,0.17,-0.03048349,0.04352230,-0.06767140,-0.09851358,4H MACD 位于 Signal 上方,4H EMA 空头排列
835,MSEX,MIDDLESEX WATER,Utilities,Prism,Russell,484,35.8,41.12,37.3,76.6,50.0,34.01,33.9,,,,,,47.1,44.67,,38,bearish_transition,28,fresh_bearish_cross,46.74,57.900002,0.2,-0.00592320,-0.00189616,0.00225034,0.00155684,,4H EMA 转弱或跌破 EMA26；4H MACD 最近死叉
836,HZO,MARINEMAX INC,Consumer Discretionary,Prism,Russell,348,35.77,41.4,49.3,30.37,50.0,58.18,60.75,,,,,,55.61,45.37,,89,confirmed_bullish_trend,50,mixed_or_bearish,77.41,52.240002,0.09,0.00162982,0.00249474,0.00249474,0.47362484,4H EMA 多头排列已连续维持；4H MACD 柱体连续扩张,4H 相对 EMA26 超过 2 ATR，短线偏追高；4H MACD 尚未确认多头；4H RSI 过热
837,BOH,BANK OF HAWAII,Financials,Prism,Russell,1242,35.76,40.31,36.7,79.84,50.0,33.47,33.3,,,,,,41.96,42.64,,22,confirmed_bearish_trend,58,bullish_above_signal,37.85,75.410004,0.24,-0.01566371,0.00279265,-0.04156070,-0.05849300,4H MACD 位于 Signal 上方,4H EMA 空头排列；4H RSI 偏弱
838,HOPE,HOPE BANCORP INC,Financials,Prism,Russell,1037,35.76,40.53,29.3,99.03,50.0,27.53,26.7,,,,,,44.75,43.2,,22,confirmed_bearish_trend,28,fresh_bearish_cross,43.32,13.8,0.21,-0.01744393,0.01247249,-0.01428571,-0.02197023,,4H EMA 空头排列；4H MACD 最近死叉
839,MGNI,MAGNITE,Communication,Prism,Russell,840,35.75,40.71,37.3,77.17,50.0,36.84,37.05,,,,,,47.06,43.66,,41,bearish_transition,28,fresh_bearish_cross,48.53,23.674999,0.11,-0.01436307,0.03474651,-0.02250207,0.20116693,4H RSI 位于健康强势区间,4H EMA 转弱或跌破 EMA26；4H MACD 最近死叉
840,MDXG,MIMEDX GROUP,Health Care,Prism,Russell,184,35.67,48.78,75.1,23.7,50.0,75.74,78.6,,,,,,58.5,46.95,,100,confirmed_bullish_trend,78,bullish_above_signal,62.66,4.665,0.18,0.01413043,0.03093923,0.08868145,0.06872852,4H EMA 多头排列已连续维持；4H MACD 位于 Signal 上方；4H MACD 柱体连续扩张；4H RSI 位于健康强势区间,
841,NPO,ENPRO,Industrials,Prism,Russell,1594,35.66,39.71,51.7,40.53,50.0,42.52,43.35,,,,,,34.48,41.15,,39,bearish_transition,58,bullish_above_signal,45.36,300.100006,0.22,-0.01318595,0.04150757,-0.09749785,-0.04219329,4H MACD 位于 Signal 上方,4H EMA 转弱或跌破 EMA26
842,METCB,RAMACO RESOURCES CLASS B,Materials,Prism,Russell,940,35.66,40.61,32.9,88.56,50.0,33.47,33.3,,,,,,45.8,43.41,,22,confirmed_bearish_trend,50,mixed_or_bearish,44.07,6.56,0.52,-0.02308265,-0.10687543,0.01078582,-0.04512373,4H MACD 柱体连续扩张,4H EMA 空头排列；4H MACD 尚未确认多头
843,SBGI,SINCLAIR CLASS A,Communication,Prism,Russell,939,35.64,40.61,32.9,88.4,50.0,29.15,28.5,,,,,,45.81,43.41,,22,confirmed_bearish_trend,42,mixed_or_bearish,38.77,13.57,0.23,-0.02233429,-0.02233429,-0.01309091,-0.03861141,,4H EMA 空头排列；4H MACD 尚未确认多头；4H RSI 偏弱
844,THFF,FIRST FINANCIAL CORPORATION CORP,Financials,Prism,Russell,1029,35.62,40.53,29.3,98.1,50.0,26.09,25.1,,,,,,44.82,43.21,,22,confirmed_bearish_trend,28,fresh_bearish_cross,38.88,77.260002,0.96,-0.01441507,-0.00283946,-0.04599616,-0.03346464,,4H EMA 空头排列；4H MACD 最近死叉；4H RSI 偏弱
845,CASS,CASS INFORMATION SYSTEMS INC,Financials,Prism,Russell,1153,35.59,40.42,32.9,88.56,50.0,31.31,30.9,,,,,,43.36,42.92,,22,confirmed_bearish_trend,50,mixed_or_bearish,39.71,55.215,0.16,0.00063429,0.00181435,-0.03520881,-0.01207728,4H MACD 柱体连续扩张,4H EMA 空头排列；4H MACD 尚未确认多头；4H RSI 偏弱
846,ARTV,ARTIVA BIOTHERAPEUTICS INC,Health Care,Prism,Russell,747,35.57,40.8,32.9,87.53,50.0,36.98,37.2,,,,,,43.13,43.88,,36,bearish_transition,42,mixed_or_bearish,41.75,10.9,0.25,-0.00365631,-0.03454384,-0.02591600,0.04007634,,4H EMA 转弱或跌破 EMA26；4H MACD 尚未确认多头
847,HSTM,HEALTHSTREAM,Health Care,Prism,Russell,543,35.51,41.04,32.9,86.56,50.0,36.98,37.2,,,,,,46.09,44.47,,36,bearish_transition,42,mixed_or_bearish,40.35,28.42,0.21,-0.01113431,-0.04277538,-0.03267526,-0.01524605,,4H EMA 转弱或跌破 EMA26；4H MACD 尚未确认多头
848,PLX,PROTALIX BIOTHERAPEUTICS,Health Care,Prism,Russell,172,35.48,48.83,75.1,22.32,50.0,73.58,76.2,,,,,,59.11,47.07,,100,confirmed_bullish_trend,70,bullish_above_signal,65.57,2.665,0.23,0.00756144,0.02500000,0.07676768,0.14623656,4H EMA 多头排列已连续维持；4H MACD 位于 Signal 上方；4H RSI 位于健康强势区间,
849,HCSG,HEALTHCARE SERVICES GROUP,Industrials,Prism,Russell,735,35.46,40.81,40.9,65.42,50.0,39.14,39.6,,,,,,48.32,43.91,,36,bearish_transition,50,mixed_or_bearish,45.61,21.91,0.17,0.00137116,0.00389457,0.00504592,-0.07747368,4H MACD 柱体连续扩张,4H EMA 转弱或跌破 EMA26；4H MACD 尚未确认多头
850,BCO,BRINKS,Industrials,Prism,Russell,1164,35.46,40.4,32.9,87.74,50.0,33.47,33.3,,,,,,43.16,42.88,,22,confirmed_bearish_trend,50,mixed_or_bearish,43.57,107.294998,0.21,0.00519955,-0.02538830,-0.02909243,-0.09256597,4H MACD 柱体连续扩张,4H EMA 空头排列；4H MACD 尚未确认多头
851,RMR,RMR GROUP CLASS A,Real Estate,Prism,Russell,1019,35.46,40.54,29.3,96.97,50.0,27.53,26.7,,,,,,44.92,43.23,,22,confirmed_bearish_trend,28,fresh_bearish_cross,41.73,19.299999,0.31,-0.01630999,0.00311845,-0.01630999,-0.03788634,,4H EMA 空头排列；4H MACD 最近死叉
852,ALT,ALTIMMUNE INC,Health Care,Prism,Russell,169,35.45,48.85,75.1,22.06,50.0,73.58,76.2,,,,,,59.38,47.13,,100,confirmed_bullish_trend,70,bullish_above_signal,57.59,3.3,0.19,-0.02077151,0.06969206,0.08910891,0.10000000,4H EMA 多头排列已连续维持；4H MACD 位于 Signal 上方；4H RSI 位于健康强势区间,
853,MRTN,MARTEN TRANSPORT,Industrials,Prism,Russell,1262,35.44,40.27,36.7,77.78,50.0,34.69,34.65,,,,,,41.55,42.56,,25,confirmed_bearish_trend,58,bullish_above_signal,37.31,14.005,0.19,-0.02810548,0.00973324,-0.04663036,-0.08133814,4H MACD 位于 Signal 上方,4H EMA 空头排列；4H RSI 偏弱
854,ADIG,ADI GLOBAL DISTRIBUTION,Information Technology,Prism,Russell,1914,35.43,37.8,41.5,4.0,50.0,3.5,0.0,,,,,,10.59,36.37,,0,insufficient_data,0,insufficient_data,,,,,,,,,4H样本不足：52根
855,BDC,BELDEN,Information Technology,Prism,Russell,1603,35.42,39.68,51.7,38.99,50.0,40.49,41.1,,,,,,34.15,41.08,,30,confirmed_bearish_trend,58,bullish_above_signal,49.24,119.580002,0.32,-0.02447381,0.06739269,-0.11572872,0.13950829,4H MACD 位于 Signal 上方；4H RSI 位于健康强势区间,4H EMA 空头排列
856,DIOD,DIODES,Information Technology,Prism,Russell,1605,35.42,39.68,51.7,38.99,50.0,36.84,37.05,,,,,,34.15,41.08,,25,confirmed_bearish_trend,58,bullish_above_signal,47.83,90.519997,0.09,-0.00778259,0.03938456,-0.10349613,0.12741308,4H MACD 位于 Signal 上方,4H EMA 空头排列
857,OCFC,OCEANFIRST FINANCIAL,Financials,Prism,Russell,1016,35.41,40.55,29.3,96.66,50.0,27.53,26.7,,,,,,44.96,43.24,,22,confirmed_bearish_trend,28,fresh_bearish_cross,40.0,18.67,0.25,-0.02302465,0.00592678,-0.01788532,-0.06813077,,4H EMA 空头排列；4H MACD 最近死叉
858,DBD,DIEBOLD NIXDORF INC,Information Technology,Prism,Russell,1431,35.34,40.02,43.7,59.0,50.0,33.47,33.3,,,,,,38.37,41.92,,22,confirmed_bearish_trend,58,bullish_above_signal,39.34,66.309998,0.29,-0.01485663,-0.00420481,-0.07465819,-0.26858598,4H MACD 位于 Signal 上方,4H EMA 空头排列；4H RSI 偏弱
859,INBX,INHIBRX BIOSCIENCES INC,Health Care,Prism,Russell,50,35.33,65.97,40.9,5.85,50.0,46.57,42.3,,,,,,76.54,50.56,,38,bearish_transition,50,mixed_or_bearish,50.09,115.714996,0.38,0.05238501,-0.07249925,0.23852077,0.45279338,4H MACD 柱体连续扩张；4H RSI 位于健康强势区间,4H EMA 转弱或跌破 EMA26；4H MACD 尚未确认多头
860,NODK,NI HOLDINGS INC,Financials,Prism,Russell,409,35.32,41.27,51.7,34.63,50.0,37.25,37.5,,,,,,54.02,45.05,,22,confirmed_bearish_trend,58,bullish_above_signal,48.14,15.205,0.08,0.00628723,0.01164338,-0.00750653,-0.03826692,4H MACD 位于 Signal 上方；4H RSI 位于健康强势区间,4H EMA 空头排列
861,MKTW,MARKETWISE INC CLASS A,Financials,Prism,Russell,198,35.29,48.69,51.7,17.14,50.0,46.85,46.5,,,,,,62.35,46.72,,42,bearish_transition,58,bullish_above_signal,49.62,18.370001,0.21,0.01092932,0.04020391,-0.05453530,-0.10033885,4H MACD 位于 Signal 上方；4H RSI 位于健康强势区间,4H EMA 转弱或跌破 EMA26
862,NSP,INSPERITY,Industrials,Prism,Russell,1174,35.29,40.39,32.9,86.61,50.0,36.98,37.2,,,,,,43.02,42.85,,36,bearish_transition,42,mixed_or_bearish,42.09,49.970001,0.29,0.01194816,-0.02706386,-0.02402344,-0.04945785,,4H EMA 转弱或跌破 EMA26；4H MACD 尚未确认多头
863,ATEC,ALPHATEC HOLDNGS,Health Care,Prism,Russell,762,35.29,40.78,32.9,85.68,50.0,29.15,28.5,,,,,,42.88,43.83,,22,confirmed_bearish_trend,42,mixed_or_bearish,39.43,9.02,0.45,-0.01635769,-0.02169197,-0.04952582,-0.03114930,,4H EMA 空头排列；4H MACD 尚未确认多头；4H RSI 偏弱
864,ASB,ASSOCIATED BANCORP,Financials,Prism,Russell,1087,35.26,40.49,29.3,95.79,50.0,25.37,24.3,,,,,,44.26,43.1,,22,confirmed_bearish_trend,28,fresh_bearish_cross,38.78,30.200001,0.22,-0.01804578,0.01003348,-0.03698979,-0.02753177,,4H EMA 空头排列；4H MACD 最近死叉；4H RSI 偏弱
865,ETON,ETON PHARMACEUTCIALS INC,Health Care,Prism,Russell,25,35.25,67.1,40.9,2.67,50.0,46.57,42.3,,,,,,90.63,53.38,,38,bearish_transition,50,mixed_or_bearish,49.12,59.0,0.19,-0.00371498,-0.02398678,0.35321107,0.26500860,4H MACD 柱体连续扩张；4H RSI 位于健康强势区间,4H EMA 转弱或跌破 EMA26；4H MACD 尚未确认多头
866,SPRB,SPRUCE BIOSCIENCES,Health Care,Prism,Russell,44,35.25,66.06,40.9,5.13,50.0,45.62,41.25,,,,,,77.58,50.77,,41,bearish_transition,42,mixed_or_bearish,49.71,57.029999,0.16,-0.04231738,0.02442969,0.22909475,0.37239800,4H RSI 位于健康强势区间,4H EMA 转弱或跌破 EMA26；4H MACD 尚未确认多头
867,VYX,NCR VOYIX,Information Technology,Prism,Russell,718,35.24,40.83,40.9,63.93,50.0,37.79,38.1,,,,,,48.52,43.95,,38,bearish_transition,42,mixed_or_bearish,45.56,8.375,0.17,-0.02047929,-0.04340377,0.05611602,-0.02616279,,4H EMA 转弱或跌破 EMA26；4H MACD 尚未确认多头
868,BKD,BROOKDALE SENIOR LIVING INC,Health Care,Prism,Russell,1423,35.2,40.03,51.7,36.74,50.0,46.3,47.55,,,,,,33.5,41.95,,39,bearish_transition,66,bullish_above_signal,49.37,12.12,0.14,0.00123916,0.01848739,-0.11597374,-0.21093750,4H MACD 位于 Signal 上方；4H MACD 柱体连续扩张；4H RSI 位于健康强势区间,4H EMA 转弱或跌破 EMA26
869,ECPG,ENCORE CAPITAL GROUP,Financials,Prism,Russell,396,35.2,41.31,51.7,33.76,50.0,44.95,46.05,,,,,,54.46,45.14,,41,bearish_transition,58,bullish_above_signal,48.37,97.82,0.15,-0.01371244,0.05126273,0.03066058,0.02002083,4H MACD 位于 Signal 上方；4H RSI 位于健康强势区间,4H EMA 转弱或跌破 EMA26
870,NBR,NABORS INDUSTRIES,Energy,Prism,Russell,716,35.2,40.83,40.9,63.62,50.0,37.79,38.1,,,,,,48.54,43.96,,38,bearish_transition,42,mixed_or_bearish,46.96,90.360001,0.13,-0.02550550,-0.03182258,0.00690888,0.19713828,,4H EMA 转弱或跌破 EMA26；4H MACD 尚未确认多头
871,CVSA,COVISTA,Consumer Discretionary,Prism,Russell,910,35.18,40.65,32.9,85.27,50.0,36.98,37.2,,,,,,46.23,43.5,,36,bearish_transition,50,mixed_or_bearish,38.32,125.949997,0.16,0.00222805,-0.05690757,-0.02060660,-0.00190193,4H MACD 柱体连续扩张,4H EMA 转弱或跌破 EMA26；4H MACD 尚未确认多头；4H RSI 偏弱
872,TOWN,TOWNEBANK,Financials,Prism,Russell,998,35.18,40.56,29.3,95.13,50.0,27.53,26.7,,,,,,45.1,43.27,,22,confirmed_bearish_trend,28,fresh_bearish_cross,40.55,36.805,0.21,-0.01327075,0.00863245,-0.01168104,-0.04736633,,4H EMA 空头排列；4H MACD 最近死叉
873,MCB,METROPOLITAN BANK HOLDING CORP,Financials,Prism,Russell,1094,35.17,40.49,29.3,95.23,50.0,27.53,26.7,,,,,,44.18,43.09,,22,confirmed_bearish_trend,28,fresh_bearish_cross,41.9,90.230003,0.04,-0.01923910,0.00872002,-0.02269151,-0.01934571,,4H EMA 空头排列；4H MACD 最近死叉
874,UVV,UNIVERSAL,Consumer Staples,Prism,Russell,681,35.16,40.87,29.3,94.2,50.0,27.53,26.7,,,,,,44.04,44.06,,22,confirmed_bearish_trend,28,fresh_bearish_cross,40.58,45.23,0.22,-0.00462146,-0.01972256,-0.04598186,-0.17357939,,4H EMA 空头排列；4H MACD 最近死叉
875,MSBI,MIDLAND STATES BANCORP INC,Financials,Prism,Russell,994,35.15,40.56,29.3,94.87,50.0,35.23,35.25,,,,,,45.14,43.28,,41,bearish_transition,28,fresh_bearish_cross,44.85,32.799999,0.23,-0.01708121,0.00768049,-0.01234568,-0.03755877,,4H EMA 转弱或跌破 EMA26；4H MACD 最近死叉
876,NUS,NU SKIN ENTERPRISES CLASS A,Consumer Staples,Prism,Russell,1054,35.14,40.52,65.2,65.88,50.0,51.02,52.8,,,,,,39.58,43.17,,56,mixed_sideways,58,bullish_above_signal,51.09,4.805,0.14,-0.00207684,0.05372807,-0.07059961,-0.08476190,4H MACD 位于 Signal 上方；4H RSI 位于健康强势区间,4H EMA 仍偏震荡
877,AKTS,AKTIS ONCOLOGY INC,Health Care,Prism,Russell,793,35.09,40.76,32.9,84.45,50.0,36.98,37.2,,,,,,42.58,43.77,,36,bearish_transition,42,mixed_or_bearish,41.57,24.709999,0.3,-0.00583388,-0.04961542,0.02297653,0.07715771,,4H EMA 转弱或跌破 EMA26；4H MACD 尚未确认多头
878,WMK,WEIS MARKETS,Consumer Staples,Prism,Russell,598,35.08,40.97,29.3,93.48,50.0,27.53,26.7,,,,,,45.28,44.31,,22,confirmed_bearish_trend,28,fresh_bearish_cross,42.79,70.18,0.29,-0.00875710,0.00142691,-0.02568373,-0.08548343,,4H EMA 空头排列；4H MACD 最近死叉
879,BKU,BANKUNITED,Financials,Prism,Russell,989,35.06,40.57,29.3,94.25,50.0,27.53,26.7,,,,,,45.19,43.29,,22,confirmed_bearish_trend,28,fresh_bearish_cross,41.36,45.325001,0.2,-0.01252725,0.01341538,-0.02084683,-0.03316979,,4H EMA 空头排列；4H MACD 最近死叉
880,NOVT,NOVANTA,Information Technology,Prism,Russell,1628,35.03,39.62,51.7,36.53,50.0,38.06,38.4,,,,,,33.41,40.93,,28,confirmed_bearish_trend,58,bullish_above_signal,47.79,146.570007,0.36,-0.03432595,0.02046927,-0.10480663,0.03356610,4H MACD 位于 Signal 上方,4H EMA 空头排列
881,FSS,FEDERAL SIGNAL CORP,Industrials,Prism,Russell,1451,35.0,40.0,43.7,56.8,50.0,36.84,37.05,,,,,,38.1,41.87,,25,confirmed_bearish_trend,58,bullish_above_signal,43.65,117.010002,0.22,-0.02288099,0.03019898,-0.07684417,-0.00657980,4H MACD 位于 Signal 上方,4H EMA 空头排列
882,TDC,TERADATA,Information Technology,Prism,Russell,899,35.0,40.66,32.9,84.04,50.0,31.31,30.9,,,,,,46.35,43.52,,22,confirmed_bearish_trend,42,mixed_or_bearish,43.84,27.690001,0.13,-0.00306027,-0.03418204,0.00000000,-0.05073702,,4H EMA 空头排列；4H MACD 尚未确认多头
883,PFS,PROVIDENT FINANCIAL SERVICES INC,Financials,Prism,Russell,1288,34.97,40.23,36.7,74.7,50.0,33.47,33.3,,,,,,41.0,42.45,,22,confirmed_bearish_trend,58,bullish_above_signal,37.91,23.120001,0.18,-0.01846737,0.00521743,-0.04973280,-0.04344224,4H MACD 位于 Signal 上方,4H EMA 空头排列；4H RSI 偏弱
884,CLFD,CLEARFIELD INC,Information Technology,Prism,Russell,1104,34.97,40.47,29.3,93.95,50.0,27.53,26.7,,,,,,43.97,43.04,,22,confirmed_bearish_trend,28,fresh_bearish_cross,44.72,28.260099,0.12,-0.03713462,-0.00070375,-0.01704003,-0.09567683,,4H EMA 空头排列；4H MACD 最近死叉
885,WTI,W AND T OFFSHORE,Energy,Prism,Russell,421,34.9,41.23,75.1,36.17,50.0,74.24,78.6,,,,,,53.57,44.96,,100,confirmed_bullish_trend,78,bullish_above_signal,64.08,4.019,0.28,0.02919334,0.04525358,0.05347313,0.26383648,4H EMA 多头排列已连续维持；4H MACD 位于 Signal 上方；4H MACD 柱体连续扩张；4H RSI 位于健康强势区间,
886,ORN,ORION GROUP INC,Industrials,Prism,Russell,1459,34.86,39.99,43.7,55.93,50.0,35.63,35.7,,,,,,37.97,41.84,,22,confirmed_bearish_trend,58,bullish_above_signal,41.78,9.099,0.16,-0.02055974,0.00430464,-0.07342159,-0.24048414,4H MACD 位于 Signal 上方,4H EMA 空头排列
887,FULT,FULTON FINANCIAL,Financials,Prism,Russell,1114,34.84,40.46,29.3,93.07,50.0,27.53,26.7,,,,,,43.86,43.02,,22,confirmed_bearish_trend,28,fresh_bearish_cross,40.47,23.41,0.16,-0.01576624,0.00839974,-0.02478646,-0.05145867,,4H EMA 空头排列；4H MACD 最近死叉
888,HROW,HARROW,Health Care,Prism,Russell,1187,34.83,40.37,43.7,54.8,50.0,35.63,35.7,,,,,,37.78,42.81,,22,confirmed_bearish_trend,58,bullish_above_signal,43.32,37.560001,0.16,0.00226826,0.01513516,-0.07918607,-0.04403156,4H MACD 位于 Signal 上方,4H EMA 空头排列
889,MCRI,MONARCH CASINO AND RESORT,Consumer Discretionary,Prism,Russell,890,34.79,40.67,32.9,82.66,50.0,31.31,30.9,,,,,,46.46,43.54,,22,confirmed_bearish_trend,42,mixed_or_bearish,42.52,119.32,0.2,-0.00217429,0.01350545,-0.01465792,-0.02770535,,4H EMA 空头排列；4H MACD 尚未确认多头
890,BHRB,BURKE HERBERT FINANCIAL SERVICES C,Financials,Prism,Russell,1119,34.79,40.45,29.3,92.71,50.0,27.53,26.7,,,,,,43.81,43.01,,22,confirmed_bearish_trend,28,fresh_bearish_cross,41.64,71.07,0.12,-0.01346476,0.00566014,-0.02255534,-0.04037264,,4H EMA 空头排列；4H MACD 最近死叉
891,ACAD,ACADIA PHARMACEUTICALS,Health Care,Prism,Russell,824,34.76,40.74,32.9,82.3,50.0,36.98,37.2,,,,,,42.33,43.72,,36,bearish_transition,50,mixed_or_bearish,38.24,27.809999,0.2,-0.00447467,-0.03738318,-0.05408167,0.06920411,4H MACD 柱体连续扩张,4H EMA 转弱或跌破 EMA26；4H MACD 尚未确认多头；4H RSI 偏弱
892,KWY,KINGSWAY CORP,Financials,Prism,Russell,1210,34.76,40.35,32.9,83.22,50.0,34.82,34.8,,,,,,42.45,42.74,,36,bearish_transition,42,mixed_or_bearish,39.44,9.71,0.09,-0.03093812,-0.03861386,-0.03574975,0.04972973,,4H EMA 转弱或跌破 EMA26；4H MACD 尚未确认多头；4H RSI 偏弱
893,TPC,TUTOR PERINI,Industrials,Prism,Russell,1646,34.74,39.57,51.7,34.74,50.0,42.52,43.35,,,,,,32.81,40.81,,39,bearish_transition,58,bullish_above_signal,46.95,88.32,0.18,-0.01850309,0.02056851,-0.10353225,0.07786182,4H MACD 位于 Signal 上方,4H EMA 转弱或跌破 EMA26
894,WS,WORTHINGTON STEEL INC,Materials,Prism,Russell,1465,34.74,39.97,43.7,55.11,50.0,36.84,37.05,,,,,,37.8,41.81,,25,confirmed_bearish_trend,58,bullish_above_signal,42.55,34.380001,0.18,-0.05119360,0.01117650,-0.09905658,-0.09811118,4H MACD 位于 Signal 上方,4H EMA 空头排列
895,TBCH,TURTLE BEACH,Information Technology,Prism,Russell,976,34.73,40.58,29.3,92.05,50.0,27.53,26.7,,,,,,45.4,43.33,,22,confirmed_bearish_trend,28,fresh_bearish_cross,44.81,12.25,0.13,-0.01606426,0.01744186,-0.02924162,-0.05769231,,4H EMA 空头排列；4H MACD 最近死叉
896,ENTA,ENANTA PHARMACEUTICALS INC,Health Care,Prism,Russell,705,34.7,40.85,29.3,91.23,50.0,31.04,30.6,,,,,,43.68,43.99,,36,bearish_transition,28,fresh_bearish_cross,39.99,13.17,0.16,-0.03306804,-0.02516654,-0.04496012,0.04440920,,4H EMA 转弱或跌破 EMA26；4H MACD 最近死叉；4H RSI 偏弱
897,ANIK,ANIKA THERAPEUTICS INC,Health Care,Prism,Russell,400,34.69,41.29,40.9,59.21,50.0,39.41,39.9,,,,,,49.31,45.11,,38,bearish_transition,42,mixed_or_bearish,49.26,21.0,0.14,-0.00638751,-0.00521085,0.01892280,0.38431114,4H RSI 位于健康强势区间,4H EMA 转弱或跌破 EMA26；4H MACD 尚未确认多头
898,MBX,MBX BIOSCIENCES,Health Care,Prism,Russell,1198,34.68,40.35,43.7,53.82,50.0,36.84,37.05,,,,,,37.57,42.76,,25,confirmed_bearish_trend,58,bullish_above_signal,43.97,61.950001,0.11,-0.02325578,0.01924979,-0.06207421,0.03250002,4H MACD 位于 Signal 上方,4H EMA 空头排列
899,WWW,WOLVERINE WORLD WIDE,Consumer Discretionary,Prism,Russell,342,34.67,41.41,51.7,29.96,50.0,46.16,47.4,,,,,,55.71,45.39,,44,bearish_transition,58,bullish_above_signal,49.92,19.940001,0.13,0.00075292,0.03155722,0.05335452,-0.04479037,4H MACD 位于 Signal 上方；4H RSI 位于健康强势区间,4H EMA 转弱或跌破 EMA26
900,ADNT,ADIENT PLC,Consumer Discretionary,Prism,Russell,968,34.66,40.59,29.3,91.53,50.0,27.53,26.7,,,,,,45.47,43.34,,22,confirmed_bearish_trend,28,fresh_bearish_cross,41.72,18.469999,0.17,-0.01989918,0.01150049,-0.01335470,-0.14569851,,4H EMA 空头排列；4H MACD 最近死叉
901,ATMU,ATMUS FILTRATION TECHNOLOGIES,Industrials,Prism,Russell,1306,34.63,40.2,36.7,72.55,50.0,33.47,33.3,,,,,,40.61,42.37,,22,confirmed_bearish_trend,58,bullish_above_signal,37.13,46.369999,0.19,-0.03706780,0.00259457,-0.06493247,-0.14901822,4H MACD 位于 Signal 上方,4H EMA 空头排列；4H RSI 偏弱
902,GABC,GERMAN AMERICAN BANCORP INC,Financials,Prism,Russell,966,34.61,40.59,29.3,91.23,50.0,27.53,26.7,,,,,,45.5,43.35,,22,confirmed_bearish_trend,28,fresh_bearish_cross,42.29,49.110001,0.21,-0.01336014,0.00552828,-0.01167233,-0.03856697,,4H EMA 空头排列；4H MACD 最近死叉
903,PGEN,PRECIGEN,Health Care,Prism,Russell,830,34.59,40.72,32.9,81.17,50.0,37.79,38.1,,,,,,42.15,43.68,,38,bearish_transition,42,mixed_or_bearish,43.19,6.8,0.22,-0.02578797,-0.00946832,-0.02787706,0.23076923,,4H EMA 转弱或跌破 EMA26；4H MACD 尚未确认多头
904,ABG,ASBURY AUTOMOTIVE GROUP INC,Consumer Discretionary,Prism,Russell,772,34.59,40.77,37.3,69.32,50.0,27.53,26.7,,,,,,47.76,43.8,,22,confirmed_bearish_trend,28,fresh_bearish_cross,45.33,210.865005,0.17,-0.01030223,0.00810349,0.00035586,-0.12499793,,4H EMA 空头排列；4H MACD 最近死叉
905,CVLG,COVENANT LOGISTICS GROUP INC CLASS,Industrials,Prism,Russell,330,34.54,41.45,51.7,29.04,50.0,45.35,46.5,,,,,,56.23,45.5,,42,bearish_transition,58,bullish_above_signal,49.19,34.849998,0.25,-0.00895786,0.01870795,0.04029845,-0.19570745,4H MACD 位于 Signal 上方；4H RSI 位于健康强势区间,4H EMA 转弱或跌破 EMA26
906,HURN,HURON CONSULTING GROUP,Industrials,Prism,Russell,1048,34.54,40.52,25.9,100,50.0,34.82,34.8,,,,,,44.64,43.18,,36,bearish_transition,42,mixed_or_bearish,37.91,149.190002,0.22,0.00807464,-0.05252130,-0.01958333,0.23532339,,4H EMA 转弱或跌破 EMA26；4H MACD 尚未确认多头；4H RSI 偏弱
907,LAUR,LAUREATE EDUCATION,Consumer Discretionary,Prism,Russell,1049,34.54,40.52,25.9,100,50.0,29.15,28.5,,,,,,44.64,43.18,,22,confirmed_bearish_trend,42,mixed_or_bearish,35.42,35.709999,0.2,-0.01949476,-0.04108493,-0.04211374,-0.05328743,,4H EMA 空头排列；4H MACD 尚未确认多头；4H RSI 偏弱
908,KODK,EASTMAN KODAK,Information Technology,Prism,Russell,1473,34.51,39.95,43.7,53.67,50.0,35.63,35.7,,,,,,37.54,41.76,,22,confirmed_bearish_trend,58,bullish_above_signal,40.08,9.025,0.21,-0.02747845,0.01063830,-0.09659660,0.08734940,4H MACD 位于 Signal 上方,4H EMA 空头排列
909,FVCB,FVCBANKCORP INC,Financials,Prism,Russell,1136,34.5,40.44,29.3,90.82,50.0,33.2,33.0,,,,,,43.62,42.97,,36,bearish_transition,28,fresh_bearish_cross,43.28,18.190001,0.16,-0.01355748,0.00497243,-0.01728790,-0.03167415,,4H EMA 转弱或跌破 EMA26；4H MACD 最近死叉
910,BUR,BURFORD CAPITAL LTD,Financials,Prism,Russell,390,34.49,41.31,75.1,33.25,50.0,74.24,78.6,,,,,,54.56,45.16,,100,confirmed_bullish_trend,78,bullish_above_signal,61.42,4.46,0.28,0.02082856,0.05687204,0.03962704,0.02528736,4H EMA 多头排列已连续维持；4H MACD 位于 Signal 上方；4H MACD 柱体连续扩张；4H RSI 位于健康强势区间,
911,IRON,DISC MEDICINE,Health Care,Prism,Russell,632,34.49,40.93,25.9,98.72,50.0,34.82,34.8,,,,,,44.77,44.2,,36,bearish_transition,42,mixed_or_bearish,34.33,76.139999,0.16,-0.02895045,-0.03215964,-0.02895045,0.02132791,,4H EMA 转弱或跌破 EMA26；4H MACD 尚未确认多头；4H RSI 偏弱
912,RLJ,RLJ LODGING TRUST REIT,Real Estate,Prism,Russell,1056,34.46,40.51,25.9,99.44,50.0,31.31,30.9,,,,,,44.54,43.16,,22,confirmed_bearish_trend,50,mixed_or_bearish,34.64,10.744,0.15,0.00177156,-0.02504537,-0.02193901,-0.13633441,4H MACD 柱体连续扩张,4H EMA 空头排列；4H MACD 尚未确认多头；4H RSI 偏弱
913,CPK,CHESAPEAKE UTILITIES,Utilities,Prism,Russell,567,34.46,41.01,29.3,89.28,50.0,25.37,24.3,,,,,,45.69,44.39,,22,confirmed_bearish_trend,28,fresh_bearish_cross,38.1,130.270004,0.24,-0.02030531,-0.01482260,-0.01675599,-0.05512433,,4H EMA 空头排列；4H MACD 最近死叉；4H RSI 偏弱
914,CHCO,CITY HOLDING,Financials,Prism,Russell,954,34.45,40.6,29.3,90.15,50.0,35.23,35.25,,,,,,45.62,43.37,,41,bearish_transition,28,fresh_bearish_cross,44.31,143.300003,0.12,-0.01141733,0.00695668,-0.01172412,-0.01029070,,4H EMA 转弱或跌破 EMA26；4H MACD 最近死叉
915,BBT,BEACON FINANCIAL,Financials,Prism,Russell,952,34.45,40.6,29.3,90.15,50.0,33.2,33.0,,,,,,45.62,43.37,,36,bearish_transition,28,fresh_bearish_cross,43.88,31.07,0.13,-0.01801514,0.02237582,-0.01458931,0.03791552,,4H EMA 转弱或跌破 EMA26；4H MACD 最近死叉
916,TIPT,TIPTREE INC,Financials,Prism,Russell,1057,34.44,40.51,25.9,99.33,50.0,34.82,34.8,,,,,,44.53,43.16,,36,bearish_transition,42,mixed_or_bearish,35.36,17.764999,0.27,-0.02443712,-0.03135229,-0.01850834,-0.01660681,,4H EMA 转弱或跌破 EMA26；4H MACD 尚未确认多头；4H RSI 偏弱
917,KYTX,KYVERNA THERAPEUTICS,Health Care,Prism,Russell,630,34.43,40.93,25.9,98.31,50.0,34.82,34.8,,,,,,44.8,44.21,,36,bearish_transition,42,mixed_or_bearish,35.95,7.77,0.23,-0.04486785,-0.07057416,-0.01645570,0.03807615,,4H EMA 转弱或跌破 EMA26；4H MACD 尚未确认多头；4H RSI 偏弱
918,AOMR,ANGEL OAK MORTGAGE REIT,Financials,Prism,Russell,1478,34.39,39.94,43.7,52.85,50.0,33.47,33.3,,,,,,37.37,41.72,,22,confirmed_bearish_trend,58,bullish_above_signal,38.86,8.26,0.17,-0.00402730,0.00731707,-0.07606264,-0.08017817,4H MACD 位于 Signal 上方,4H EMA 空头排列；4H RSI 偏弱
919,CALY,CALLAWAY GOLF COMPANY,Consumer Discretionary,Prism,Russell,1480,34.35,39.94,43.7,52.64,50.0,35.63,35.7,,,,,,37.34,41.72,,22,confirmed_bearish_trend,58,bullish_above_signal,42.27,15.591,0.23,-0.00789055,0.00328185,-0.08557179,-0.14569863,4H MACD 位于 Signal 上方,4H EMA 空头排列
920,GRC,GORMAN-RUPP,Industrials,Prism,Russell,1483,34.31,39.93,43.7,52.39,50.0,36.84,37.05,,,,,,37.24,41.7,,25,confirmed_bearish_trend,58,bullish_above_signal,40.54,74.830002,0.14,-0.01227561,0.01176316,-0.08509596,-0.09142786,4H MACD 位于 Signal 上方,4H EMA 空头排列
921,ELVN,ENLIVEN THERAPEUTICS,Health Care,Prism,Russell,732,34.31,40.82,29.3,88.66,50.0,34.01,33.9,,,,,,43.38,43.93,,38,bearish_transition,28,fresh_bearish_cross,40.3,57.389999,0.29,-0.04014052,-0.00812309,-0.03302442,0.06791955,,4H EMA 转弱或跌破 EMA26；4H MACD 最近死叉
922,LOCO,EL POLLO LOCO INC,Consumer Discretionary,Prism,Russell,944,34.29,40.61,29.3,89.07,50.0,27.53,26.7,,,,,,45.76,43.4,,22,confirmed_bearish_trend,28,fresh_bearish_cross,41.72,14.98,0.16,-0.00925926,-0.00133333,-0.01447368,-0.08154501,,4H EMA 空头排列；4H MACD 最近死叉
923,AVPT,AVEPOINT CLASS A,Information Technology,Prism,Russell,857,34.27,40.69,32.9,79.12,50.0,36.98,37.2,,,,,,46.82,43.61,,36,bearish_transition,42,mixed_or_bearish,40.05,13.03,0.22,-0.00799391,-0.03445721,0.00385208,0.00929512,,4H EMA 转弱或跌破 EMA26；4H MACD 尚未确认多头
924,DCTH,DELCATH SYS INC,Health Care,Prism,Russell,854,34.26,40.7,32.9,79.07,50.0,37.79,38.1,,,,,,41.84,43.62,,38,bearish_transition,42,mixed_or_bearish,44.37,16.08,0.18,-0.00309975,-0.01879424,-0.03539292,0.39220779,,4H EMA 转弱或跌破 EMA26；4H MACD 尚未确认多头
925,ESNT,ESSENT GROUP,Financials,Prism,Russell,649,34.25,40.92,40.9,57.11,50.0,37.79,38.1,,,,,,49.66,44.18,,38,bearish_transition,42,mixed_or_bearish,47.07,68.389999,0.18,-0.00320656,0.00440598,0.01063989,0.01514021,,4H EMA 转弱或跌破 EMA26；4H MACD 尚未确认多头
926,CCBG,CAPITAL CITY BANK INC,Financials,Prism,Russell,1151,34.21,40.42,29.3,88.97,50.0,25.37,24.3,,,,,,43.4,42.93,,22,confirmed_bearish_trend,28,fresh_bearish_cross,39.66,50.119999,0.31,-0.01686938,-0.00019952,-0.02603964,-0.04955157,,4H EMA 空头排列；4H MACD 最近死叉；4H RSI 偏弱
927,MBWM,MERCANTILE BANK CORP,Financials,Prism,Russell,746,34.19,40.8,37.3,66.6,50.0,35.23,35.25,,,,,,48.14,43.88,,41,bearish_transition,28,fresh_bearish_cross,47.68,60.349998,0.15,-0.01065577,0.02028734,-0.00313847,0.00033144,,4H EMA 转弱或跌破 EMA26；4H MACD 最近死叉
928,APOG,APOGEE ENTERPRISES INC,Industrials,Prism,Russell,1488,34.17,39.92,43.7,51.46,50.0,33.47,33.3,,,,,,37.12,41.67,,22,confirmed_bearish_trend,58,bullish_above_signal,39.91,38.299999,0.27,-0.01649873,0.01807549,-0.09967094,-0.08504544,4H MACD 位于 Signal 上方,4H EMA 空头排列；4H RSI 偏弱
929,AWR,AMERICAN STATES WATER,Utilities,Prism,Russell,384,34.13,41.33,40.9,55.36,50.0,37.79,38.1,,,,,,49.78,45.21,,38,bearish_transition,42,mixed_or_bearish,47.74,88.459999,0.23,-0.00184486,-0.00896261,0.02183203,0.00448529,,4H EMA 转弱或跌破 EMA26；4H MACD 尚未确认多头
930,LCNB,LCNB CORP,Financials,Prism,Russell,1154,34.13,40.42,29.3,88.46,50.0,27.53,26.7,,,,,,43.33,42.92,,22,confirmed_bearish_trend,28,fresh_bearish_cross,43.48,19.030001,0.07,-0.00937002,0.00687836,-0.02759320,-0.09229664,,4H EMA 空头排列；4H MACD 最近死叉
931,AMRX,AMNEAL PHARMACEUTICALS CLASS A,Health Care,Prism,Russell,622,34.12,40.95,25.9,96.2,50.0,29.15,28.5,,,,,,44.99,44.25,,22,confirmed_bearish_trend,42,mixed_or_bearish,37.84,17.17,0.22,0.00000000,-0.02912067,-0.03917185,-0.08524241,,4H EMA 空头排列；4H MACD 尚未确认多头；4H RSI 偏弱
932,NTST,NETSTREIT,Real Estate,Prism,Russell,1021,34.12,40.54,25.9,97.13,50.0,29.15,28.5,,,,,,44.9,43.23,,22,confirmed_bearish_trend,42,mixed_or_bearish,34.56,20.014999,0.19,-0.00989369,-0.02151068,-0.00124760,-0.08773938,,4H EMA 空头排列；4H MACD 尚未确认多头；4H RSI 偏弱
933,TWST,TWIST BIOSCIENCE,Health Care,Prism,Russell,868,34.1,40.68,32.9,77.99,50.0,39.95,40.5,,,,,,41.65,43.58,,38,bearish_transition,50,mixed_or_bearish,44.03,126.665001,0.29,-0.03618169,-0.04194089,0.01502524,0.43043475,4H MACD 柱体连续扩张,4H EMA 转弱或跌破 EMA26；4H MACD 尚未确认多头
934,CNXC,CONCENTRIX,Industrials,Prism,Russell,846,34.08,40.71,32.9,77.78,50.0,35.63,35.7,,,,,,46.98,43.65,,38,bearish_transition,42,mixed_or_bearish,39.39,27.110001,0.27,-0.04743493,-0.15937981,0.06188797,0.06606374,,4H EMA 转弱或跌破 EMA26；4H MACD 尚未确认多头；4H RSI 偏弱
935,ASH,ASHLAND,Materials,Prism,Russell,1255,34.08,40.29,32.9,78.76,50.0,34.82,34.8,,,,,,41.82,42.61,,36,bearish_transition,42,mixed_or_bearish,39.72,71.989998,0.35,-0.01336254,-0.04775132,-0.04522552,0.05852075,,4H EMA 转弱或跌破 EMA26；4H MACD 尚未确认多头；4H RSI 偏弱
936,FWRG,FIRST WATCH RESTAURANT GROUP,Consumer Discretionary,Prism,Russell,1017,34.07,40.55,25.9,96.77,50.0,29.15,28.5,,,,,,44.95,43.24,,22,confirmed_bearish_trend,42,mixed_or_bearish,37.84,11.49,0.19,-0.06737013,-0.04805302,-0.04568106,-0.11615385,,4H EMA 空头排列；4H MACD 尚未确认多头；4H RSI 偏弱
937,GLNG,GOLAR LNG,Energy,Prism,Russell,635,34.05,40.93,40.9,55.77,50.0,39.41,39.9,,,,,,49.74,44.2,,38,bearish_transition,42,mixed_or_bearish,49.56,51.674999,0.17,0.00417800,-0.01251678,0.01882882,0.06174237,4H RSI 位于健康强势区间,4H EMA 转弱或跌破 EMA26；4H MACD 尚未确认多头
938,SPB,SPECTRUM BRANDS HOLDINGS,Consumer Staples,Prism,Russell,541,34.03,41.04,29.3,86.3,50.0,27.53,26.7,,,,,,46.1,44.47,,22,confirmed_bearish_trend,28,fresh_bearish_cross,43.5,86.68,0.2,-0.01967878,0.00685334,-0.01376720,-0.04252733,,4H EMA 空头排列；4H MACD 最近死叉
939,TNET,TRINET GROUPINARY,Industrials,Prism,Russell,841,34.01,40.71,32.9,77.32,50.0,39.14,39.6,,,,,,47.05,43.66,,36,bearish_transition,50,mixed_or_bearish,44.03,66.720001,0.29,0.01815965,-0.00328654,-0.00935408,-0.02513152,4H MACD 柱体连续扩张,4H EMA 转弱或跌破 EMA26；4H MACD 尚未确认多头
940,WRBY,WARBY PARKER CLASS A,Consumer Discretionary,Prism,Russell,1502,34.0,39.89,43.7,50.38,50.0,34.69,34.65,,,,,,36.77,41.6,,25,confirmed_bearish_trend,58,bullish_above_signal,39.9,23.799999,0.32,-0.03605093,-0.01673212,-0.09984879,-0.08391074,4H MACD 位于 Signal 上方,4H EMA 空头排列；4H RSI 偏弱
941,UTMD,UTAH MEDICAL PRODUCTS INC,Health Care,Prism,Russell,372,33.99,41.35,40.9,54.39,50.0,33.47,33.3,,,,,,49.93,45.24,,22,confirmed_bearish_trend,50,mixed_or_bearish,45.39,70.139999,0.03,0.01777549,-0.01268560,-0.01557896,-0.00974168,4H MACD 柱体连续扩张,4H EMA 空头排列；4H MACD 尚未确认多头
942,CELC,CELCUITY,Health Care,Prism,Russell,539,33.98,41.04,29.3,85.99,50.0,35.23,35.25,,,,,,46.13,44.48,,41,bearish_transition,28,fresh_bearish_cross,43.88,90.625,0.18,-0.05672649,-0.01473150,-0.00302532,0.09901772,,4H EMA 转弱或跌破 EMA26；4H MACD 最近死叉
943,MMSI,MERIT MEDICAL SYSTEMS INC,Health Care,Prism,Russell,613,33.98,40.96,25.9,95.23,50.0,34.82,34.8,,,,,,45.08,44.27,,36,bearish_transition,42,mixed_or_bearish,36.11,87.0,0.17,-0.00679264,-0.04079379,-0.03053263,0.11111107,,4H EMA 转弱或跌破 EMA26；4H MACD 尚未确认多头；4H RSI 偏弱
944,GOLF,ACUSHNET HOLDINGS CORP,Consumer Discretionary,Prism,Russell,1346,33.98,40.15,36.7,68.34,50.0,33.47,33.3,,,,,,39.98,42.25,,22,confirmed_bearish_trend,58,bullish_above_signal,36.38,85.410004,0.13,-0.01225855,-0.00535692,-0.06604695,-0.17382466,4H MACD 位于 Signal 上方,4H EMA 空头排列；4H RSI 偏弱
945,BATRK,ATLANTA BRAVES HOLDINGS SERIES C,Communication,Prism,Russell,924,33.98,40.63,29.3,86.92,50.0,25.37,24.3,,,,,,46.05,43.46,,22,confirmed_bearish_trend,28,fresh_bearish_cross,38.72,49.77,0.18,-0.01494314,-0.00896059,-0.00460000,-0.02258441,,4H EMA 空头排列；4H MACD 最近死叉；4H RSI 偏弱
946,ALCO,ALICO INC,Consumer Staples,Prism,Russell,370,33.97,41.35,40.9,54.23,50.0,36.98,37.2,,,,,,49.94,45.24,,36,bearish_transition,42,mixed_or_bearish,46.02,39.84,0.1,-0.00150381,-0.00673151,0.01996925,0.04102430,,4H EMA 转弱或跌破 EMA26；4H MACD 尚未确认多头
947,BOX,BOX INC CLASS A,Information Technology,Prism,Russell,627,33.92,40.94,40.9,54.9,50.0,40.62,41.25,,,,,,49.83,44.22,,41,bearish_transition,42,mixed_or_bearish,49.48,34.27,0.08,0.00734862,-0.02531286,0.01963698,0.08741872,4H RSI 位于健康强势区间,4H EMA 转弱或跌破 EMA26；4H MACD 尚未确认多头
948,WLY,JOHN WILEY AND SONS CLASS A,Communication,Prism,Russell,1008,33.92,40.55,25.9,95.79,50.0,29.15,28.5,,,,,,45.01,43.25,,22,confirmed_bearish_trend,42,mixed_or_bearish,37.14,47.740002,0.13,-0.00041868,-0.08927883,-0.07588072,-0.12081026,,4H EMA 空头排列；4H MACD 尚未确认多头；4H RSI 偏弱
949,SWX,SOUTHWEST GAS HOLDINGS,Utilities,Prism,Russell,532,33.91,41.05,29.3,85.48,50.0,27.53,26.7,,,,,,46.22,44.49,,22,confirmed_bearish_trend,28,fresh_bearish_cross,40.66,88.019997,0.39,-0.01051099,-0.01488529,-0.02783305,-0.05017806,,4H EMA 空头排列；4H MACD 最近死叉
950,FA,FIRST ADVANTAGE,Industrials,Prism,Russell,1691,33.9,39.45,51.7,29.45,50.0,37.25,37.5,,,,,,31.2,40.49,,22,confirmed_bearish_trend,58,bullish_above_signal,48.14,20.635,0.14,0.00462507,0.02356151,-0.12507946,-0.01078624,4H MACD 位于 Signal 上方；4H RSI 位于健康强势区间,4H EMA 空头排列
951,ARVN,ARVINAS,Health Care,Prism,Russell,610,33.9,40.96,25.9,94.72,50.0,34.82,34.8,,,,,,45.15,44.28,,36,bearish_transition,42,mixed_or_bearish,37.96,8.815,0.15,-0.04080522,-0.05113025,-0.02055556,0.07565589,,4H EMA 转弱或跌破 EMA26；4H MACD 尚未确认多头；4H RSI 偏弱
952,RGCO,RGC RESOURCES INC,Utilities,Prism,Russell,530,33.88,41.05,29.3,85.27,50.0,27.53,26.7,,,,,,46.23,44.5,,22,confirmed_bearish_trend,28,fresh_bearish_cross,42.33,21.4,0.0,-0.01427909,-0.00603813,-0.01063333,-0.05057679,,4H EMA 空头排列；4H MACD 最近死叉
953,NWFL,NORWOOD FINANCIAL CORP,Financials,Prism,Russell,723,33.87,40.83,37.3,64.39,50.0,36.44,36.6,,,,,,48.46,43.94,,44,bearish_transition,28,fresh_bearish_cross,47.31,34.080002,0.4,-0.02012642,0.00029357,0.00709226,0.01187654,,4H EMA 转弱或跌破 EMA26；4H MACD 最近死叉
954,PRTA,PROTHENA PLC,Health Care,Prism,Russell,419,33.87,41.24,37.3,63.47,50.0,35.23,35.25,,,,,,48.6,44.97,,41,bearish_transition,28,fresh_bearish_cross,46.68,9.28,0.17,-0.03573395,-0.03634476,0.01866081,0.08538012,,4H EMA 转弱或跌破 EMA26；4H MACD 最近死叉
955,EFC,ELLINGTON FINANCIAL,Financials,Prism,Russell,916,33.86,40.64,29.3,86.1,50.0,27.53,26.7,,,,,,46.12,43.47,,22,confirmed_bearish_trend,28,fresh_bearish_cross,41.58,13.339,0.15,-0.00788397,0.00595777,-0.01045994,-0.01484490,,4H EMA 空头排列；4H MACD 最近死叉
956,BRBS,BLUE RIDGE BANKSHARES INC,Financials,Prism,Russell,126,33.83,49.17,74.9,11.08,50.0,72.01,74.45,,,,,,68.39,47.93,,89,confirmed_bullish_trend,88,fresh_above_zero_cross,68.12,4.04,0.51,0.01000000,0.03324808,0.08602151,0.12849162,4H EMA 多头排列已连续维持；4H MACD 零轴上方刚金叉；4H MACD 柱体连续扩张,4H 相对 EMA26 超过 2 ATR，短线偏追高；4H RSI 偏热
957,UNCY,UNICYCIVE THERAPEUTICS INC,Health Care,Prism,Russell,472,33.82,41.13,32.9,75.12,50.0,33.47,33.3,,,,,,47.3,44.71,,22,confirmed_bearish_trend,50,mixed_or_bearish,41.78,5.085,0.18,0.00000000,0.00693069,0.01294821,0.03039514,4H MACD 柱体连续扩张,4H EMA 空头排列；4H MACD 尚未确认多头
958,PRVA,PRIVIA HEALTH GROUP INC,Health Care,Prism,Russell,1046,33.82,40.52,36.7,66.39,50.0,33.47,33.3,,,,,,39.66,43.18,,22,confirmed_bearish_trend,58,bullish_above_signal,37.32,20.43,0.18,-0.02435535,-0.01017437,-0.08753904,-0.17687349,4H MACD 位于 Signal 上方,4H EMA 空头排列；4H RSI 偏弱
959,USLM,UNITED STATES LIME AND MINERALS IN,Materials,Prism,Russell,1270,33.81,40.26,32.9,77.07,50.0,36.98,37.2,,,,,,41.41,42.53,,36,bearish_transition,42,mixed_or_bearish,43.74,115.875,0.2,-0.01155850,0.00647097,-0.03742314,0.01859175,,4H EMA 转弱或跌破 EMA26；4H MACD 尚未确认多头
960,VTOL,BRISTOW GROUP,Energy,Prism,Russell,1273,33.78,40.26,32.9,76.86,50.0,31.31,30.9,,,,,,41.37,42.52,,22,confirmed_bearish_trend,50,mixed_or_bearish,39.51,43.220001,0.17,-0.01391743,-0.04675781,-0.07153594,-0.04633714,4H MACD 柱体连续扩张,4H EMA 空头排列；4H MACD 尚未确认多头；4H RSI 偏弱
961,PXED,PHOENIX EDUCATION PARTNERS,Consumer Discretionary,Prism,Russell,1096,33.78,40.48,25.9,95.02,50.0,29.15,28.5,,,,,,44.13,43.08,,22,confirmed_bearish_trend,42,mixed_or_bearish,35.38,27.18,0.16,-0.01325104,-0.06758148,-0.02089337,-0.09005694,,4H EMA 空头排列；4H MACD 尚未确认多头；4H RSI 偏弱
962,SEG,SEAPORT ENTERTAINMENT GROUP INC,Real Estate,Prism,Russell,1575,33.75,39.74,46.1,42.64,50.0,39.41,39.9,,,,,,34.88,41.23,,22,confirmed_bearish_trend,72,fresh_below_zero_cross,42.88,26.190001,0.09,-0.00776658,0.00537436,-0.09345788,-0.00682594,4H MACD 刚金叉但仍需零轴确认；4H MACD 柱体连续扩张,4H EMA 空头排列
963,AURA,AURA BIOSCIENCES,Health Care,Prism,Russell,915,33.75,40.64,32.9,75.78,50.0,36.98,37.2,,,,,,41.12,43.47,,36,bearish_transition,42,mixed_or_bearish,41.03,7.245,0.21,-0.01428571,-0.02489906,-0.05847953,0.02911932,,4H EMA 转弱或跌破 EMA26；4H MACD 尚未确认多头
964,IMVT,IMMUNOVANT,Health Care,Prism,Russell,603,33.75,40.97,25.9,93.64,50.0,31.31,30.9,,,,,,45.25,44.3,,22,confirmed_bearish_trend,50,mixed_or_bearish,35.35,38.77,0.32,-0.02844253,-0.02832085,-0.02783352,-0.00410994,4H MACD 柱体连续扩张,4H EMA 空头排列；4H MACD 尚未确认多头；4H RSI 偏弱
965,LCUT,LIFETIME BRANDS INC,Consumer Discretionary,Prism,Russell,1276,33.74,40.26,32.9,76.6,50.0,31.31,30.9,,,,,,41.34,42.52,,22,confirmed_bearish_trend,42,mixed_or_bearish,41.12,8.75,0.09,-0.03687397,-0.02452620,-0.05405405,0.00344037,,4H EMA 空头排列；4H MACD 尚未确认多头
966,ALRM,ALARM.COM HOLDINGS,Information Technology,Prism,Russell,1100,33.73,40.48,25.9,94.72,50.0,34.82,34.8,,,,,,44.11,43.07,,36,bearish_transition,42,mixed_or_bearish,36.97,54.904999,0.2,-0.01674429,-0.01303257,-0.02754162,0.00743117,,4H EMA 转弱或跌破 EMA26；4H MACD 尚未确认多头；4H RSI 偏弱
967,ADPT,ADAPTIVE BIOTECHNOLOGIES,Health Care,Prism,Russell,918,33.72,40.64,32.9,75.58,50.0,39.14,39.6,,,,,,41.1,43.47,,36,bearish_transition,50,mixed_or_bearish,44.3,24.389999,0.12,-0.00813343,0.00123144,-0.04202671,0.08255650,4H MACD 柱体连续扩张,4H EMA 转弱或跌破 EMA26；4H MACD 尚未确认多头
968,GBX,GREENBRIER,Industrials,Prism,Russell,1418,33.72,40.04,39.1,60.44,50.0,37.25,37.5,,,,,,38.6,41.97,,22,confirmed_bearish_trend,72,fresh_below_zero_cross,34.19,42.66,0.15,-0.01295699,0.01426531,-0.07522222,-0.17684517,4H MACD 刚金叉但仍需零轴确认；4H MACD 柱体连续扩张,4H EMA 空头排列；4H RSI 偏弱
969,ATNI,ATN INTERNATIONAL INC,Communication,Prism,Russell,1277,33.7,40.25,32.9,76.35,50.0,37.79,38.1,,,,,,41.31,42.51,,38,bearish_transition,42,mixed_or_bearish,44.98,29.98,0.35,-0.00695598,-0.00166503,-0.06633450,0.24501661,,4H EMA 转弱或跌破 EMA26；4H MACD 尚未确认多头
970,EXPO,EXPONENT,Industrials,Prism,Russell,825,33.7,40.73,32.9,75.22,50.0,36.98,37.2,,,,,,47.28,43.71,,36,bearish_transition,42,mixed_or_bearish,40.52,67.404999,0.23,0.00581959,-0.04131701,-0.00148134,0.03668105,,4H EMA 转弱或跌破 EMA26；4H MACD 尚未确认多头
971,AMTB,AMERANT BANCORP CLASS A,Financials,Prism,Russell,709,33.68,40.84,37.3,63.11,50.0,38.06,38.4,,,,,,48.64,43.98,,44,bearish_transition,28,fresh_bearish_cross,49.05,28.93,0.12,-0.01799046,0.01758706,0.00836525,-0.05302779,4H RSI 位于健康强势区间,4H EMA 转弱或跌破 EMA26；4H MACD 最近死叉
972,VREX,VAREX IMAGING,Health Care,Prism,Russell,404,33.67,41.29,33.15,59.72,50.0,40.76,41.4,,,,,,49.25,45.1,,46,mixed_sideways,50,mixed_or_bearish,79.25,18.5,0.34,-0.00081010,0.00108225,0.00325374,0.66068223,4H MACD 柱体连续扩张,4H EMA 仍偏震荡；4H 相对 EMA26 超过 2 ATR，短线偏追高；4H MACD 尚未确认多头；4H RSI 过热
973,SI,SHOULDER INNOVATIONS,Health Care,Prism,Russell,922,33.67,40.63,32.9,75.27,50.0,29.15,28.5,,,,,,41.07,43.46,,22,confirmed_bearish_trend,42,mixed_or_bearish,39.69,19.745001,0.19,-0.02107085,-0.04336231,-0.05390512,-0.18978251,,4H EMA 空头排列；4H MACD 尚未确认多头；4H RSI 偏弱
974,TDAY,USA TODAY INC,Communication,Prism,Russell,1524,33.66,39.85,43.7,48.23,50.0,35.63,35.7,,,,,,36.29,41.51,,22,confirmed_bearish_trend,58,bullish_above_signal,43.78,6.355,0.17,-0.01929012,0.02998379,-0.10744382,-0.26531792,4H MACD 位于 Signal 上方,4H EMA 空头排列
975,OMCL,OMNICELL INC,Health Care,Prism,Russell,1287,33.66,40.23,43.7,47.36,50.0,33.47,33.3,,,,,,36.02,42.45,,22,confirmed_bearish_trend,58,bullish_above_signal,38.02,33.459999,0.15,-0.01122934,-0.03070687,-0.10318954,-0.22258368,4H MACD 位于 Signal 上方,4H EMA 空头排列；4H RSI 偏弱
976,AEBI,AEBI SCHMIDT HOLDING AG,Industrials,Prism,Russell,1186,33.66,40.37,29.3,85.38,50.0,27.53,26.7,,,,,,42.8,42.81,,22,confirmed_bearish_trend,28,fresh_bearish_cross,44.59,12.2,0.09,-0.04201021,0.01244813,-0.04388715,-0.11337209,,4H EMA 空头排列；4H MACD 最近死叉
977,EOLS,EVOLUS INC,Health Care,Prism,Russell,95,33.64,58.44,40.9,12.21,50.0,42.51,39.45,,,,,,66.7,48.59,,41,bearish_transition,42,mixed_or_bearish,46.05,8.61,0.14,-0.03798883,-0.05176211,0.13888889,0.38202247,,4H EMA 转弱或跌破 EMA26；4H MACD 尚未确认多头
978,YORW,YORK WATER,Utilities,Prism,Russell,267,33.63,48.4,40.9,35.56,50.0,40.51,39.45,,,,,,53.71,45.99,,41,bearish_transition,42,mixed_or_bearish,47.82,33.724998,0.15,-0.00779653,-0.01186648,0.05720997,0.05720997,,4H EMA 转弱或跌破 EMA26；4H MACD 尚未确认多头
979,ZURA,ZURA BIO LTD CLASS A,Health Care,Prism,Russell,800,33.61,40.75,29.3,84.15,50.0,36.44,36.6,,,,,,42.54,43.76,,44,bearish_transition,28,fresh_bearish_cross,44.15,5.68,0.18,-0.08164915,0.00176367,0.00798580,0.02527076,,4H EMA 转弱或跌破 EMA26；4H MACD 最近死叉
980,SCL,STEPAN,Materials,Prism,Russell,1192,33.6,40.37,29.3,85.02,50.0,33.2,33.0,,,,,,42.75,42.8,,36,bearish_transition,28,fresh_bearish_cross,43.83,61.779999,0.24,-0.00969783,0.00471617,-0.04719305,0.06590752,,4H EMA 转弱或跌破 EMA26；4H MACD 最近死叉
981,ONEW,ONEWATER MARINE CLASS A INC,Consumer Discretionary,Prism,Russell,1191,33.6,40.37,29.3,85.02,50.0,27.53,26.7,,,,,,42.75,42.8,,22,confirmed_bearish_trend,28,fresh_bearish_cross,43.25,11.51,0.18,-0.05733006,-0.04003336,-0.06193969,-0.11665388,,4H EMA 空头排列；4H MACD 最近死叉
982,VIR,VIR BIOTECHNOLOGY,Health Care,Prism,Russell,93,33.59,58.46,40.9,11.8,50.0,44.12,41.25,,,,,,67.06,48.66,,41,bearish_transition,42,mixed_or_bearish,49.08,10.775,0.15,-0.04137011,-0.07351677,0.21203600,0.21889140,4H RSI 位于健康强势区间,4H EMA 转弱或跌破 EMA26；4H MACD 尚未确认多头
983,CHEF,CHEFS WAREHOUSE INC,Consumer Staples,Prism,Russell,264,33.58,48.4,40.9,35.2,50.0,39.29,38.1,,,,,,53.81,46.01,,38,bearish_transition,42,mixed_or_bearish,46.42,110.985001,0.19,-0.00649000,-0.03950672,0.01961418,0.11007199,,4H EMA 转弱或跌破 EMA26；4H MACD 尚未确认多头
984,EVTC,EVERTEC INC,Financials,Prism,Russell,700,33.58,40.85,37.3,62.44,50.0,36.98,37.2,,,,,,48.73,44.0,,36,bearish_transition,36,fresh_bearish_cross,49.08,29.780001,0.45,0.02973724,0.02056206,0.00404589,-0.05490317,4H MACD 柱体连续扩张；4H RSI 位于健康强势区间,4H EMA 转弱或跌破 EMA26；4H MACD 最近死叉
985,SGHT,SIGHT SCIENCES,Health Care,Prism,Russell,263,33.57,48.41,40.9,35.09,50.0,43.07,42.3,,,,,,53.83,46.02,,38,bearish_transition,50,mixed_or_bearish,48.21,8.14,0.22,0.00000000,-0.00549786,0.05851756,0.53295669,4H MACD 柱体连续扩张；4H RSI 位于健康强势区间,4H EMA 转弱或跌破 EMA26；4H MACD 尚未确认多头
986,XRX,XEROX HOLDINGS CORP,Information Technology,Prism,Russell,985,33.57,40.57,50.8,93.64,50.0,42.52,43.35,,,,,,45.25,43.3,,55,mixed_sideways,28,fresh_bearish_cross,53.12,3.185,0.21,-0.00312989,0.00950872,-0.01848998,0.15607985,4H RSI 位于健康强势区间,4H EMA 仍偏震荡；4H MACD 最近死叉
987,WABC,WESTAMERICA BANCORPORATION,Financials,Prism,Russell,900,33.57,40.66,29.3,84.15,50.0,27.53,26.7,,,,,,46.34,43.52,,22,confirmed_bearish_trend,28,fresh_bearish_cross,42.88,58.099998,0.22,-0.00853242,-0.00206120,-0.00853242,-0.03903409,,4H EMA 空头排列；4H MACD 最近死叉
988,ONB,OLD NATIONAL BANCORP,Financials,Prism,Russell,1194,33.57,40.37,29.3,84.81,50.0,25.37,24.3,,,,,,42.73,42.8,,22,confirmed_bearish_trend,28,fresh_bearish_cross,38.25,25.365,0.31,-0.01628854,0.00734710,-0.04355204,-0.05653710,,4H EMA 空头排列；4H MACD 最近死叉；4H RSI 偏弱
989,CZNC,CITIZENS AND NORTHERN CORP,Financials,Prism,Russell,698,33.55,40.85,37.3,62.24,50.0,36.84,37.05,,,,,,48.74,44.0,,41,bearish_transition,28,fresh_bearish_cross,48.08,25.620001,0.04,-0.00889745,0.01224820,0.01144891,0.02357171,4H RSI 位于健康强势区间,4H EMA 转弱或跌破 EMA26；4H MACD 最近死叉
990,CGEM,CULLINAN THERAPEUTICS,Health Care,Prism,Russell,86,33.54,58.56,40.9,11.24,50.0,41.29,38.1,,,,,,68.32,48.91,,38,bearish_transition,42,mixed_or_bearish,45.82,21.280001,0.41,-0.00425806,-0.02430069,0.16220656,0.21773969,,4H EMA 转弱或跌破 EMA26；4H MACD 尚未确认多头
991,FBP,FIRST BANCORP,Financials,Prism,Russell,1197,33.54,40.36,29.3,84.61,50.0,27.53,26.7,,,,,,42.59,42.77,,22,confirmed_bearish_trend,28,fresh_bearish_cross,40.16,27.82,0.17,-0.01049262,-0.00143579,-0.03836848,-0.05002561,,4H EMA 空头排列；4H MACD 最近死叉
992,CRNC,CERENCE,Information Technology,Prism,Russell,1390,33.53,40.09,37.3,63.88,50.0,27.53,26.7,,,,,,39.26,42.1,,22,confirmed_bearish_trend,28,fresh_bearish_cross,46.44,8.3,0.3,-0.01307967,-0.01542112,-0.06793936,0.02216749,,4H EMA 空头排列；4H MACD 最近死叉
993,KINS,KINGSTONE COMPANIES INC,Financials,Prism,Russell,813,33.51,40.74,32.9,73.94,50.0,34.82,34.8,,,,,,47.41,43.73,,36,bearish_transition,42,mixed_or_bearish,38.19,19.285,0.29,-0.02723838,-0.01506639,0.00810251,-0.04482422,,4H EMA 转弱或跌破 EMA26；4H MACD 尚未确认多头；4H RSI 偏弱
994,ABAT,AMERICAN BATTERY TECHNOLOGY COMPAN,Materials,Prism,Russell,1110,33.49,40.46,50.8,93.38,50.0,43.73,44.7,,,,,,43.89,43.03,,58,mixed_sideways,28,fresh_bearish_cross,54.12,2.715,0.11,-0.03893805,0.04826255,0.02646503,0.25115207,4H RSI 位于健康强势区间,4H EMA 仍偏震荡；4H MACD 最近死叉
995,OPTX,SYNTEC OPTICS HOLDINGS INC CLASS A,Information Technology,Prism,Russell,1469,33.49,39.96,40.9,54.28,50.0,33.47,33.3,,,,,,37.65,41.78,,22,confirmed_bearish_trend,50,mixed_or_bearish,45.0,7.66,0.18,-0.02791878,0.05437027,0.00524934,0.20156863,4H MACD 柱体连续扩张,4H EMA 空头排列；4H MACD 尚未确认多头
996,ESE,ESCO TECHNOLOGIES,Industrials,Prism,Russell,1539,33.44,39.83,43.7,46.79,50.0,34.69,34.65,,,,,,35.96,41.44,,25,confirmed_bearish_trend,58,bullish_above_signal,38.98,271.649994,0.29,-0.00738122,0.01532426,-0.09741837,-0.13923129,4H MACD 位于 Signal 上方,4H EMA 空头排列；4H RSI 偏弱
997,RELL,RICHARDSON ELECTRONICS LTD,Information Technology,Prism,Russell,1721,33.42,39.37,51.7,26.37,50.0,44.13,45.15,,,,,,30.25,40.3,,39,bearish_transition,58,bullish_above_signal,48.58,17.49,0.11,-0.01074661,0.04730533,-0.12066361,-0.07116304,4H MACD 位于 Signal 上方；4H RSI 位于健康强势区间,4H EMA 转弱或跌破 EMA26
998,SIBN,SI BONE,Health Care,Prism,Russell,459,33.42,41.15,32.9,72.4,50.0,39.14,39.6,,,,,,47.53,44.76,,36,bearish_transition,50,mixed_or_bearish,40.78,18.52,0.18,-0.00107880,-0.02114165,-0.01802762,0.03405918,4H MACD 柱体连续扩张,4H EMA 转弱或跌破 EMA26；4H MACD 尚未确认多头
999,ZUMZ,ZUMIEZ,Consumer Discretionary,Prism,Russell,1540,33.42,39.83,43.7,46.69,50.0,35.63,35.7,,,,,,35.95,41.44,,22,confirmed_bearish_trend,58,bullish_above_signal,43.88,17.695999,0.13,0.00203845,-0.00640090,-0.09437062,-0.13909029,4H MACD 位于 Signal 上方,4H EMA 空头排列
1000,ICFI,ICF INTERNATIONAL,Industrials,Prism,Russell,1290,33.41,40.23,32.9,74.45,50.0,36.98,37.2,,,,,,40.93,42.44,,36,bearish_transition,42,mixed_or_bearish,41.92,86.425003,0.16,0.00576054,-0.02641652,-0.05484469,0.04001209,,4H EMA 转弱或跌破 EMA26；4H MACD 尚未确认多头
1001,RRBI,RED RIVER BANCSHARES INC,Financials,Prism,Russell,692,33.41,40.86,37.3,61.26,50.0,35.23,35.25,,,,,,48.9,44.03,,41,bearish_transition,28,fresh_bearish_cross,46.04,101.309998,0.14,-0.02002321,0.00896319,0.00446160,-0.00656996,,4H EMA 转弱或跌破 EMA26；4H MACD 最近死叉
1002,CBK,COMMERCIAL BANCGROUP INC,Financials,Prism,Russell,1204,33.41,40.35,29.3,83.79,50.0,33.2,33.0,,,,,,42.51,42.75,,36,bearish_transition,28,fresh_bearish_cross,44.73,33.805,0.29,-0.01943432,0.00252073,-0.02424592,-0.02127970,,4H EMA 转弱或跌破 EMA26；4H MACD 最近死叉
1003,DRH,DIAMONDROCK HOSPITALITY,Real Estate,Prism,Russell,809,33.41,40.75,32.9,73.27,50.0,31.31,30.9,,,,,,47.47,43.74,,22,confirmed_bearish_trend,50,mixed_or_bearish,39.23,12.035,0.17,-0.00165906,0.00249896,-0.00824063,-0.07883659,4H MACD 柱体连续扩张,4H EMA 空头排列；4H MACD 尚未确认多头；4H RSI 偏弱
1004,HG,HAMILTON INSURANCE GROUP CLASS B,Financials,Prism,Russell,892,33.41,40.67,29.3,83.02,50.0,31.04,30.6,,,,,,46.44,43.54,,36,bearish_transition,28,fresh_bearish_cross,39.08,34.450001,0.34,-0.02186258,-0.01711835,-0.01147768,-0.07591197,,4H EMA 转弱或跌破 EMA26；4H MACD 最近死叉；4H RSI 偏弱
1005,NRGV,ENERGY VAULT HOLDINGS,Industrials,Prism,Russell,80,33.39,58.66,67.1,6.77,50.0,71.31,71.45,,,,,,74.52,49.15,,89,confirmed_bullish_trend,78,bullish_above_signal,68.05,4.305,0.23,0.01652893,0.31450382,0.28507463,0.55415162,4H EMA 多头排列已连续维持；4H MACD 位于 Signal 上方；4H MACD 柱体连续扩张,4H 相对 EMA26 超过 2 ATR，短线偏追高；4H RSI 偏热
1006,GWRS,GLOBAL WATER RESOURCES INC,Utilities,Prism,Russell,81,33.37,58.65,40.9,9.85,50.0,44.17,41.3,,,,,,69.38,49.13,,38,bearish_transition,50,mixed_or_bearish,47.91,8.82,1.0,-0.00229630,-0.01176471,0.19350474,0.17914439,4H MACD 柱体连续扩张,4H EMA 转弱或跌破 EMA26；4H MACD 尚未确认多头
1007,FELE,FRANKLIN ELECTRIC,Industrials,Prism,Russell,1389,33.33,40.09,36.7,64.08,50.0,33.47,33.3,,,,,,39.29,42.11,,22,confirmed_bearish_trend,58,bullish_above_signal,37.78,98.739998,0.41,-0.00863454,0.00294567,-0.08174464,-0.10048282,4H MACD 位于 Signal 上方,4H EMA 空头排列；4H RSI 偏弱
1008,USGO,US GOLDMINING INC,Materials,Prism,Russell,1298,33.3,40.22,32.9,73.73,50.0,39.14,39.6,,,,,,40.85,42.42,,36,bearish_transition,50,mixed_or_bearish,41.79,8.585,0.14,0.01718009,0.00703812,-0.00980392,0.14314248,4H MACD 柱体连续扩张,4H EMA 转弱或跌破 EMA26；4H MACD 尚未确认多头
1009,OUST,OUSTER,Information Technology,Prism,Russell,1728,33.29,39.35,51.7,25.55,50.0,45.35,46.5,,,,,,29.98,40.25,,42,bearish_transition,58,bullish_above_signal,48.38,36.59,0.1,-0.02893036,0.09978960,-0.13025909,0.07903273,4H MACD 位于 Signal 上方；4H RSI 位于健康强势区间,4H EMA 转弱或跌破 EMA26
1010,PCYO,PURE CYCLE CORP,Utilities,Prism,Russell,453,33.26,41.16,32.9,71.32,50.0,39.14,39.6,,,,,,47.59,44.77,,36,bearish_transition,50,mixed_or_bearish,44.11,11.12,0.17,-0.00224316,0.00180180,-0.00447628,0.03153989,4H MACD 柱体连续扩张,4H EMA 转弱或跌破 EMA26；4H MACD 尚未确认多头
1011,ZD,ZIFF DAVIS INC,Communication,Prism,Russell,584,33.25,40.99,40.9,50.28,50.0,37.79,38.1,,,,,,50.46,44.34,,38,bearish_transition,42,mixed_or_bearish,47.78,55.275002,0.15,0.00081481,0.00063360,0.01760912,0.04410659,,4H EMA 转弱或跌破 EMA26；4H MACD 尚未确认多头
1012,AMPX,AMPRIUS TECHNOLOGIES INC,Industrials,Prism,Russell,1730,33.24,39.34,51.7,25.24,50.0,45.35,46.5,,,,,,29.92,40.23,,42,bearish_transition,58,bullish_above_signal,48.23,10.03,0.2,-0.04248210,0.05969361,-0.15036002,0.10038398,4H MACD 位于 Signal 上方；4H RSI 位于健康强势区间,4H EMA 转弱或跌破 EMA26
1013,VSEC,VSE CORP,Industrials,Prism,Russell,1551,33.24,39.79,43.7,45.56,50.0,33.47,33.3,,,,,,35.56,41.36,,22,confirmed_bearish_trend,58,bullish_above_signal,38.85,199.455002,0.22,-0.05183970,0.00488702,-0.09791725,0.00173272,4H MACD 位于 Signal 上方,4H EMA 空头排列；4H RSI 偏弱
1014,CTRE,CARETRUST REIT,Real Estate,Prism,Russell,1216,33.23,40.34,29.3,82.61,50.0,27.53,26.7,,,,,,42.39,42.73,,22,confirmed_bearish_trend,28,fresh_bearish_cross,41.17,38.945,0.32,-0.01292617,-0.02466817,-0.03684929,-0.08847275,,4H EMA 空头排列；4H MACD 最近死叉
1015,SENS,SENSEONICS HOLDINGS INC,Health Care,Prism,Russell,69,33.21,58.82,40.9,8.41,50.0,42.51,39.45,,,,,,71.46,49.54,,41,bearish_transition,42,mixed_or_bearish,46.42,8.995,0.31,-0.05514706,-0.04002134,0.19297082,0.83197556,,4H EMA 转弱或跌破 EMA26；4H MACD 尚未确认多头
1016,MCY,MERCURY GENERAL,Financials,Prism,Russell,1217,33.21,40.34,29.3,82.5,50.0,25.37,24.3,,,,,,42.37,42.72,,22,confirmed_bearish_trend,28,fresh_bearish_cross,38.54,101.004997,0.12,-0.02231150,-0.00084083,-0.05549846,-0.07757994,,4H EMA 空头排列；4H MACD 最近死叉；4H RSI 偏弱
1017,LGN,LEGENCE CLASS A,Industrials,Prism,Russell,1732,33.2,39.34,51.7,25.04,50.0,42.52,43.35,,,,,,29.87,40.22,,39,bearish_transition,58,bullish_above_signal,47.68,55.619999,0.17,-0.04498631,0.07874317,-0.13263159,-0.06150342,4H MACD 位于 Signal 上方,4H EMA 转弱或跌破 EMA26
1018,FDMT,4D MOLECULAR THERAPEUTICS INC,Health Care,Prism,Russell,66,33.18,58.87,40.9,8.11,50.0,42.51,39.45,,,,,,72.15,49.68,,41,bearish_transition,42,mixed_or_bearish,46.72,14.215,0.1,-0.06664478,-0.00975270,0.27317510,0.44461382,,4H EMA 转弱或跌破 EMA26；4H MACD 尚未确认多头
1019,NSSC,NAPCO SECURITY TECHNOLOGIES,Information Technology,Prism,Russell,1734,33.15,39.33,51.7,24.73,50.0,38.06,38.4,,,,,,29.72,40.19,,28,confirmed_bearish_trend,58,bullish_above_signal,45.31,36.080002,0.14,-0.02354530,0.02412722,-0.09709702,-0.03114930,4H MACD 位于 Signal 上方,4H EMA 空头排列
1020,GBCI,GLACIER BANCORP INC,Financials,Prism,Russell,1397,33.14,40.08,36.7,62.9,50.0,33.47,33.3,,,,,,39.13,42.08,,22,confirmed_bearish_trend,58,bullish_above_signal,34.86,45.560001,0.18,-0.01799761,0.00485225,-0.06553174,-0.07978180,4H MACD 位于 Signal 上方,4H EMA 空头排列；4H RSI 偏弱
1021,ODC,OIL DRI CORPORATION OF AMERICA,Consumer Staples,Prism,Russell,568,33.13,41.0,25.9,89.43,50.0,29.15,28.5,,,,,,45.67,44.38,,22,confirmed_bearish_trend,42,mixed_or_bearish,35.15,85.945,0.15,-0.00641618,-0.05294766,-0.02301922,-0.15979080,,4H EMA 空头排列；4H MACD 尚未确认多头；4H RSI 偏弱
1022,PTON,PELOTON INTERACTIVE CLASS A INC,Consumer Discretionary,Prism,Russell,1223,33.12,40.33,29.3,81.89,50.0,26.9,26.0,,,,,,42.23,42.7,,22,confirmed_bearish_trend,28,fresh_bearish_cross,39.51,5.095,1.06,0.01191658,0.00295276,-0.07447775,-0.22213740,,4H EMA 空头排列；4H MACD 最近死叉；4H RSI 偏弱
1023,PCRX,PACIRA BIOSCIENCES,Health Care,Prism,Russell,240,33.11,48.49,40.9,31.86,50.0,42.12,41.25,,,,,,54.9,46.23,,41,bearish_transition,42,mixed_or_bearish,50.24,25.745001,0.33,-0.00770858,-0.02775676,0.05339607,-0.04043977,4H RSI 位于健康强势区间,4H EMA 转弱或跌破 EMA26；4H MACD 尚未确认多头
1024,UPBD,UPBOUND GROUP,Consumer Discretionary,Prism,Russell,1224,33.09,40.33,29.3,81.73,50.0,27.53,26.7,,,,,,42.22,42.69,,22,confirmed_bearish_trend,28,fresh_bearish_cross,41.2,18.370001,0.25,0.00300300,-0.00271439,-0.04521824,-0.14914308,,4H EMA 空头排列；4H MACD 最近死叉
1025,CCB,COASTAL FINANCIAL CORP,Financials,Prism,Russell,1225,33.09,40.33,29.3,81.73,50.0,25.37,24.3,,,,,,42.22,42.69,,22,confirmed_bearish_trend,28,fresh_bearish_cross,39.48,46.470001,0.28,-0.06948334,-0.01796279,-0.04500614,-0.36185113,,4H EMA 空头排列；4H MACD 最近死叉；4H RSI 偏弱
1026,LTBR,LIGHTBRIDGE CORP,Energy,Prism,Russell,1741,33.07,39.3,51.7,24.22,50.0,36.84,37.05,,,,,,29.4,40.13,,25,confirmed_bearish_trend,58,bullish_above_signal,45.23,7.63,0.17,-0.04981320,0.02622730,-0.14269663,-0.03417722,4H MACD 位于 Signal 上方,4H EMA 空头排列
1027,PAMT,PAMT CORP,Industrials,Prism,Russell,1742,33.05,39.3,51.7,24.11,50.0,39.19,39.65,,,,,,29.36,40.12,,25,confirmed_bearish_trend,58,bullish_above_signal,48.95,12.5001,0.84,-0.03024825,0.00000800,-0.14147665,-0.24834487,4H MACD 位于 Signal 上方；4H RSI 位于健康强势区间,4H EMA 空头排列
1028,SPCE,VIRGIN GALACTIC HOLDINGS INC SHS C,Industrials,Prism,Russell,1477,33.02,39.94,65.2,53.05,50.0,51.83,53.7,,,,,,37.39,41.73,,58,mixed_sideways,58,bullish_above_signal,50.78,3.015,0.13,-0.03977834,0.03965517,-0.06800618,0.21327968,4H MACD 位于 Signal 上方；4H RSI 位于健康强势区间,4H EMA 仍偏震荡
1029,MITK,MITEK SYSTEMS INC,Information Technology,Prism,Russell,1313,33.02,40.19,32.9,71.93,50.0,31.31,30.9,,,,,,40.5,42.35,,22,confirmed_bearish_trend,42,mixed_or_bearish,40.24,17.5,0.2,-0.02993353,-0.01850813,-0.05660372,0.04321908,,4H EMA 空头排列；4H MACD 尚未确认多头
1030,GLIBA,LIBERTY CAPITAL SERIES A,Communication,Prism,Russell,783,32.99,40.77,32.9,70.4,50.0,37.79,38.1,,,,,,47.69,43.79,,38,bearish_transition,42,mixed_or_bearish,43.98,25.965,0.12,-0.00460031,-0.01647727,0.02426036,0.09695817,,4H EMA 转弱或跌破 EMA26；4H MACD 尚未确认多头
1031,SYNA,SYNAPTICS,Information Technology,Prism,Russell,1566,32.99,39.78,43.7,43.92,50.0,35.63,35.7,,,,,,35.33,41.32,,22,confirmed_bearish_trend,58,bullish_above_signal,40.36,94.900002,0.15,-0.01805572,-0.00273226,-0.09334094,-0.14350181,4H MACD 位于 Signal 上方,4H EMA 空头排列
1032,LMRI,LUMEXA IMAGING HOLDINGS,Health Care,Prism,Russell,845,32.98,40.71,29.3,80.09,50.0,33.2,33.0,,,,,,41.98,43.65,,36,bearish_transition,28,fresh_bearish_cross,41.25,11.36,0.18,-0.00699301,-0.02321582,-0.03236797,0.03555150,,4H EMA 转弱或跌破 EMA26；4H MACD 最近死叉
1033,ALMR,ALAMAR BIOSCIENCES INC,Health Care,Prism,Russell,731,32.97,40.82,25.9,88.81,50.0,34.82,34.8,,,,,,43.39,43.93,,36,bearish_transition,42,mixed_or_bearish,37.96,29.165001,0.16,-0.03234897,-0.00697991,0.04534054,0.18316434,,4H EMA 转弱或跌破 EMA26；4H MACD 尚未确认多头；4H RSI 偏弱
1034,NRDS,NERDWALLET CLASS A,Financials,Prism,Russell,1145,32.95,40.43,25.9,89.58,50.0,34.82,34.8,,,,,,43.49,42.95,,36,bearish_transition,42,mixed_or_bearish,35.88,9.36,0.27,-0.01732283,-0.04294479,-0.04587156,-0.02296451,,4H EMA 转弱或跌破 EMA26；4H MACD 尚未确认多头；4H RSI 偏弱
1035,GSIT,GSI TECHNOLOGY INC,Information Technology,Prism,Russell,1750,32.9,39.27,51.7,23.19,50.0,46.3,47.55,,,,,,28.97,40.04,,39,bearish_transition,66,bullish_above_signal,49.29,5.66,0.15,0.01890189,0.05794393,-0.14759036,0.02909091,4H MACD 位于 Signal 上方；4H MACD 柱体连续扩张；4H RSI 位于健康强势区间,4H EMA 转弱或跌破 EMA26
1036,OSBC,OLD SECOND BANCORP INC,Financials,Prism,Russell,653,32.89,40.92,37.3,57.62,50.0,35.23,35.25,,,,,,49.64,44.18,,41,bearish_transition,28,fresh_bearish_cross,46.37,25.275,0.15,-0.01385092,0.00777512,-0.00079067,0.00218085,,4H EMA 转弱或跌破 EMA26；4H MACD 最近死叉
1037,FRME,FIRST MERCHANTS,Financials,Prism,Russell,1063,32.89,40.51,22.3,98.61,50.0,25.37,24.3,,,,,,44.5,43.15,,22,confirmed_bearish_trend,28,fresh_bearish_cross,34.98,40.66,0.18,-0.02118442,-0.00659663,-0.04171577,-0.06313368,,4H EMA 空头排列；4H MACD 最近死叉；4H RSI 偏弱
1038,FTDR,FRONTDOOR INC,Consumer Discretionary,Prism,Russell,1236,32.88,40.31,29.3,80.35,50.0,33.2,33.0,,,,,,42.0,42.65,,36,bearish_transition,28,fresh_bearish_cross,42.35,80.089996,0.36,-0.02221961,0.00742133,-0.04529745,0.07879847,,4H EMA 转弱或跌破 EMA26；4H MACD 最近死叉
1039,FINW,FINWISE BANCORP,Financials,Prism,Russell,775,32.87,40.77,32.9,69.57,50.0,30.68,30.2,,,,,,47.74,43.8,,22,confirmed_bearish_trend,42,mixed_or_bearish,38.47,13.62,2.2,-0.01589595,-0.02714286,-0.00945455,-0.04621849,,4H EMA 空头排列；4H MACD 尚未确认多头；4H RSI 偏弱
1040,STGW,STAGWELL CLASS A,Communication,Prism,Russell,1323,32.86,40.17,32.9,70.96,50.0,36.98,37.2,,,,,,40.27,42.3,,36,bearish_transition,42,mixed_or_bearish,43.62,8.53,0.15,-0.00929152,-0.00292227,-0.06108971,0.06959248,,4H EMA 转弱或跌破 EMA26；4H MACD 尚未确认多头
1041,DJT,TRUMP MEDIA TECHNOLOGY GROUP,Communication,Prism,Russell,1324,32.83,40.17,32.9,70.75,50.0,36.98,37.2,,,,,,40.26,42.3,,36,bearish_transition,42,mixed_or_bearish,42.17,8.7886,0.23,-0.04658277,-0.02888398,-0.06154832,-0.11001519,,4H EMA 转弱或跌破 EMA26；4H MACD 尚未确认多头
1042,AZZ,AZZ INC,Industrials,Prism,Russell,1571,32.83,39.75,43.7,42.89,50.0,36.84,37.05,,,,,,34.96,41.24,,25,confirmed_bearish_trend,58,bullish_above_signal,44.31,138.345001,0.07,-0.01645815,0.01941636,-0.09127039,-0.05650279,4H MACD 位于 Signal 上方,4H EMA 空头排列
1043,CLMB,CLIMB GLOBAL SOLUTIONS INC,Information Technology,Prism,Russell,856,32.83,40.69,29.3,79.12,50.0,34.01,33.9,,,,,,46.82,43.61,,38,bearish_transition,28,fresh_bearish_cross,42.11,27.16,0.14,-0.02372394,-0.02930665,0.00184430,-0.03345196,,4H EMA 转弱或跌破 EMA26；4H MACD 最近死叉
1044,BCAX,BICARA THERAPEUTICS INC,Health Care,Prism,Russell,1627,32.81,39.62,51.7,21.75,50.0,44.68,45.75,,,,,,28.42,40.93,,39,bearish_transition,66,bullish_above_signal,45.17,23.49,0.28,-0.00529325,0.00170571,-0.15229156,-0.12579088,4H MACD 位于 Signal 上方；4H MACD 柱体连续扩张,4H EMA 转弱或跌破 EMA26
1045,PRAX,PRAXIS PRECISION MEDICINES,Health Care,Prism,Russell,997,32.8,40.56,32.9,69.63,50.0,36.98,37.2,,,,,,40.12,43.27,,36,bearish_transition,42,mixed_or_bearish,41.99,347.149994,0.24,-0.02102344,-0.01815769,-0.05483409,0.17383514,,4H EMA 转弱或跌破 EMA26；4H MACD 尚未确认多头
1046,HFWA,HERITAGE FINANCIAL CORP,Financials,Prism,Russell,1067,32.8,40.51,22.3,98.0,50.0,25.37,24.3,,,,,,44.47,43.14,,22,confirmed_bearish_trend,28,fresh_bearish_cross,35.54,28.41,0.23,-0.01916106,-0.00560028,-0.03433039,-0.04951486,,4H EMA 空头排列；4H MACD 最近死叉；4H RSI 偏弱
1047,OGS,ONE GAS,Utilities,Prism,Russell,488,32.79,41.11,29.3,77.89,50.0,33.92,33.8,,,,,,46.97,44.64,,36,bearish_transition,28,fresh_bearish_cross,40.76,78.580002,0.59,-0.03143098,-0.02215031,-0.00392948,-0.02590797,,4H EMA 转弱或跌破 EMA26；4H MACD 最近死叉
1048,NREF,NEXPOINT REAL ESTATE FINANCE,Financials,Prism,Russell,646,32.77,40.92,37.3,56.85,50.0,35.23,35.25,,,,,,49.67,44.18,,41,bearish_transition,28,fresh_bearish_cross,46.18,17.299999,0.09,-0.02086741,-0.00057770,0.01585426,0.01228783,,4H EMA 转弱或跌破 EMA26；4H MACD 最近死叉
1049,APLE,APPLE HOSPITALITY REIT INC,Real Estate,Prism,Russell,934,32.76,40.62,25.9,87.89,50.0,31.31,30.9,,,,,,45.9,43.43,,22,confirmed_bearish_trend,50,mixed_or_bearish,36.04,15.44,0.36,0.00162180,-0.00866774,-0.01843611,-0.08231803,4H MACD 柱体连续扩张,4H EMA 空头排列；4H MACD 尚未确认多头；4H RSI 偏弱
1050,ONIT,ONITY GROUP INC,Financials,Prism,Russell,1577,32.75,39.74,43.7,42.38,50.0,36.84,37.05,,,,,,34.86,41.22,,25,confirmed_bearish_trend,58,bullish_above_signal,43.96,34.619999,0.19,-0.01926346,0.03590667,-0.10635010,-0.14008940,4H MACD 位于 Signal 上方,4H EMA 空头排列
1051,STRA,STRATEGIC EDUCATION,Consumer Discretionary,Prism,Russell,766,32.74,40.77,32.9,68.75,50.0,39.14,39.6,,,,,,47.8,43.81,,36,bearish_transition,50,mixed_or_bearish,40.9,81.275002,0.21,0.00364286,-0.02454390,-0.00116752,0.00067719,4H MACD 柱体连续扩张,4H EMA 转弱或跌破 EMA26；4H MACD 尚未确认多头
1052,HCI,HCI GROUP INC,Financials,Prism,Russell,768,32.74,40.77,32.9,68.75,50.0,37.79,38.1,,,,,,47.8,43.81,,38,bearish_transition,42,mixed_or_bearish,43.5,184.044998,0.08,-0.01617046,-0.01926359,-0.00451648,0.02669309,,4H EMA 转弱或跌破 EMA26；4H MACD 尚未确认多头
1053,PEBK,PEOPLES BANCORP OF NORTH CAROLINA,Financials,Prism,Russell,850,32.74,40.7,29.3,78.5,50.0,27.53,26.7,,,,,,46.88,43.63,,22,confirmed_bearish_trend,28,fresh_bearish_cross,43.41,42.91,0.32,-0.01412986,-0.00162866,0.00233588,-0.01288247,,4H EMA 空头排列；4H MACD 最近死叉
1054,BELFA,BEL FUSE CLASS A,Information Technology,Prism,Russell,1579,32.73,39.74,43.7,42.28,50.0,44.68,45.75,,,,,,34.84,41.22,,39,bearish_transition,66,bullish_above_signal,44.37,205.735001,0.08,-0.02021619,0.01342301,-0.09559080,-0.01829940,4H MACD 位于 Signal 上方；4H MACD 柱体连续扩张,4H EMA 转弱或跌破 EMA26
1055,CZFS,CITIZENS FINANCIAL SERVICES INC,Financials,Prism,Russell,641,32.72,40.93,37.3,56.49,50.0,36.84,37.05,,,,,,49.7,44.19,,41,bearish_transition,28,fresh_bearish_cross,49.47,81.709999,0.02,-0.01506750,0.02194981,0.02048207,0.05766620,4H RSI 位于健康强势区间,4H EMA 转弱或跌破 EMA26；4H MACD 最近死叉
1056,FSUN,FIRSTSUN CAPITAL BANCORP,Financials,Prism,Russell,643,32.72,40.93,37.3,56.49,50.0,35.23,35.25,,,,,,49.7,44.19,,41,bearish_transition,28,fresh_bearish_cross,45.77,39.945,0.25,-0.01806785,0.01512076,0.00674181,0.01615362,,4H EMA 转弱或跌破 EMA26；4H MACD 最近死叉
1057,CBNK,CAPITAL BANCORP INC,Financials,Prism,Russell,1250,32.72,40.3,29.3,79.32,50.0,25.37,24.3,,,,,,41.85,42.62,,22,confirmed_bearish_trend,28,fresh_bearish_cross,38.38,35.794998,0.15,-0.01823919,-0.00347996,-0.04009126,-0.05876942,,4H EMA 空头排列；4H MACD 最近死叉；4H RSI 偏弱
1058,BCC,BOISE CASCADE,Industrials,Prism,Russell,1580,32.71,39.74,43.7,42.18,50.0,35.63,35.7,,,,,,34.83,41.22,,22,confirmed_bearish_trend,58,bullish_above_signal,41.54,76.330002,0.14,-0.01037203,0.00500336,-0.10136567,-0.05050376,4H MACD 位于 Signal 上方,4H EMA 空头排列
1059,TCBK,TRICO BANCSHARES,Financials,Prism,Russell,1421,32.71,40.03,36.7,60.13,50.0,33.47,33.3,,,,,,38.55,41.96,,22,confirmed_bearish_trend,58,bullish_above_signal,36.23,53.189999,0.3,-0.01917760,0.00853237,-0.06536639,-0.08372093,4H MACD 位于 Signal 上方,4H EMA 空头排列；4H RSI 偏弱
1060,ADMA,ADMA BIOLOGICS,Health Care,Prism,Russell,864,32.7,40.69,29.3,78.3,50.0,34.01,33.9,,,,,,41.72,43.59,,38,bearish_transition,28,fresh_bearish_cross,42.49,9.325,0.33,-0.02407117,-0.00160600,-0.04456967,0.06146841,,4H EMA 转弱或跌破 EMA26；4H MACD 最近死叉
1061,SVCO,SILVACO GROUP INC,Information Technology,Prism,Russell,1762,32.65,39.22,51.7,21.65,50.0,46.3,47.55,,,,,,28.36,39.92,,39,bearish_transition,66,bullish_above_signal,49.64,6.78,0.14,-0.01166181,0.03669725,-0.07942974,-0.09960159,4H MACD 位于 Signal 上方；4H MACD 柱体连续扩张；4H RSI 位于健康强势区间,4H EMA 转弱或跌破 EMA26
1062,LTH,LIFE TIME GROUP HOLDINGS,Consumer Discretionary,Prism,Russell,925,32.63,40.63,25.9,87.02,50.0,29.15,28.5,,,,,,46.04,43.46,,22,confirmed_bearish_trend,42,mixed_or_bearish,36.2,41.939999,0.2,-0.02020794,0.00262962,-0.01247944,-0.08026314,,4H EMA 空头排列；4H MACD 尚未确认多头；4H RSI 偏弱
1063,CTEV,CLARITEV CORP CLASS A,Health Care,Prism,Russell,435,32.62,41.19,32.9,66.96,50.0,37.79,38.1,,,,,,48.07,44.86,,38,bearish_transition,42,mixed_or_bearish,43.08,36.485001,0.19,-0.04639302,-0.07020899,0.07293045,0.60939572,,4H EMA 转弱或跌破 EMA26；4H MACD 尚未确认多头
1064,CWST,CASELLA WASTE SYSTEMS CLASS A,Industrials,Prism,Russell,757,32.61,40.79,32.9,67.83,50.0,36.98,37.2,,,,,,47.94,43.84,,36,bearish_transition,42,mixed_or_bearish,41.45,90.544998,0.2,-0.01890782,-0.02356309,0.00572030,-0.00652843,,4H EMA 转弱或跌破 EMA26；4H MACD 尚未确认多头
1065,SDGR,SCHRODINGER INC,Health Care,Prism,Russell,327,32.58,41.46,40.9,44.74,50.0,39.01,39.45,,,,,,51.35,45.52,,41,bearish_transition,42,mixed_or_bearish,45.63,19.27,0.26,-0.02970800,-0.07577938,0.02663825,0.25955945,,4H EMA 转弱或跌破 EMA26；4H MACD 尚未确认多头
1066,BNTC,BENITEC BIOPHARMA INC,Health Care,Prism,Russell,1638,32.58,39.59,51.7,20.32,50.0,38.87,39.3,,,,,,27.97,40.84,,30,confirmed_bearish_trend,58,bullish_above_signal,47.27,12.53,0.16,-0.01879405,0.01622060,-0.08606856,0.05391538,4H MACD 位于 Signal 上方,4H EMA 空头排列
1067,MAN,MANPOWER,Industrials,Prism,Russell,921,32.57,40.64,25.9,86.56,50.0,34.82,34.8,,,,,,46.09,43.47,,36,bearish_transition,42,mixed_or_bearish,34.22,56.490002,0.26,-0.01206712,-0.07650803,-0.00061920,0.02022761,,4H EMA 转弱或跌破 EMA26；4H MACD 尚未确认多头；4H RSI 偏弱
1068,TTI,TETRA TECHNOLOGIES,Energy,Prism,Russell,1767,32.56,39.21,51.7,21.04,50.0,44.13,45.15,,,,,,28.23,39.9,,39,bearish_transition,58,bullish_above_signal,49.4,7.065,0.31,-0.00422833,0.08110176,-0.18418014,-0.02417127,4H MACD 位于 Signal 上方；4H RSI 位于健康强势区间,4H EMA 转弱或跌破 EMA26
1069,FLY,FIREFLY AEROSPACE,Industrials,Prism,Russell,1769,32.53,39.21,51.7,20.83,50.0,38.06,38.4,,,,,,28.19,39.89,,28,confirmed_bearish_trend,58,bullish_above_signal,46.64,21.9,0.13,-0.04865334,0.05848231,-0.14967964,0.13295396,4H MACD 位于 Signal 上方,4H EMA 空头排列
1070,GDOT,GREEN DOT CLASS A,Financials,Prism,Russell,1009,32.51,40.55,22.3,96.0,50.0,25.37,24.3,,,,,,45.0,43.25,,22,confirmed_bearish_trend,28,fresh_bearish_cross,35.44,13.045,0.22,-0.02284644,-0.00571646,-0.01806549,-0.02503737,,4H EMA 空头排列；4H MACD 最近死叉；4H RSI 偏弱
1071,LION,LIONSGATE STUDIOS,Communication,Prism,Russell,1593,32.49,39.71,43.7,40.74,50.0,33.47,33.3,,,,,,34.54,41.16,,22,confirmed_bearish_trend,58,bullish_above_signal,39.17,11.095,0.23,-0.01333926,0.01047359,-0.10089141,-0.16264151,4H MACD 位于 Signal 上方,4H EMA 空头排列；4H RSI 偏弱
1072,UMAC,UNUSUAL MACHINES INC,Information Technology,Prism,Russell,1772,32.46,39.19,51.7,20.42,50.0,46.16,47.4,,,,,,28.02,39.85,,44,bearish_transition,58,bullish_above_signal,49.6,24.73,0.17,-0.03076618,0.09279722,-0.08745387,0.24146586,4H MACD 位于 Signal 上方；4H RSI 位于健康强势区间,4H EMA 转弱或跌破 EMA26
1073,FROG,JFROG,Information Technology,Prism,Russell,1347,32.45,40.15,32.9,68.24,50.0,39.14,39.6,,,,,,39.95,42.24,,36,bearish_transition,50,mixed_or_bearish,43.24,88.18,0.28,0.00984883,-0.03953816,0.00000000,0.15358448,4H MACD 柱体连续扩张,4H EMA 转弱或跌破 EMA26；4H MACD 尚未确认多头
1074,BOBS,BOBS DISCOUNT FURNITURE INC,Consumer Discretionary,Prism,Russell,1595,32.44,39.71,43.7,40.43,50.0,36.84,37.05,,,,,,34.46,41.14,,25,confirmed_bearish_trend,58,bullish_above_signal,44.51,16.700001,0.14,-0.03551833,0.02422576,-0.09090909,-0.01648993,4H MACD 位于 Signal 上方,4H EMA 空头排列
1075,KREF,KKR REAL ESTATE FINANCE INC TRUST,Financials,Prism,Russell,1265,32.44,40.27,29.3,77.48,50.0,33.2,33.0,,,,,,41.48,42.55,,36,bearish_transition,28,fresh_bearish_cross,44.1,7.425,0.25,-0.01525199,-0.00469169,-0.02941176,0.01158038,,4H EMA 转弱或跌破 EMA26；4H MACD 最近死叉
1076,SAH,SONIC AUTOMOTIVE INC CLASS A,Consumer Discretionary,Prism,Russell,1268,32.41,40.27,29.3,77.32,50.0,25.37,24.3,,,,,,41.43,42.54,,22,confirmed_bearish_trend,28,fresh_bearish_cross,38.48,75.699997,0.17,-0.00903262,-0.02849077,-0.05345422,-0.27663645,,4H EMA 空头排列；4H MACD 最近死叉；4H RSI 偏弱
1077,RGTI,RIGETTI COMPUTING,Information Technology,Prism,Russell,1776,32.36,39.17,51.7,19.81,50.0,46.3,47.55,,,,,,27.72,39.79,,39,bearish_transition,66,bullish_above_signal,48.26,15.7386,0.17,-0.00859213,0.04940091,-0.10879955,0.08392562,4H MACD 位于 Signal 上方；4H MACD 柱体连续扩张；4H RSI 位于健康强势区间,4H EMA 转弱或跌破 EMA26
1078,DSP,VIANT TECHNOLOGY INC CLASS A,Information Technology,Prism,Russell,1456,32.36,39.99,37.3,56.29,50.0,38.06,38.4,,,,,,38.02,41.85,,44,bearish_transition,28,fresh_bearish_cross,49.32,12.995,0.1,-0.04588840,0.02889945,-0.07836879,0.14191564,4H RSI 位于健康强势区间,4H EMA 转弱或跌破 EMA26；4H MACD 最近死叉
1079,ORC,ORCHID ISLAND CAPITAL INC,Financials,Prism,Russell,740,32.36,40.81,32.9,66.14,50.0,33.47,33.3,,,,,,48.19,43.89,,22,confirmed_bearish_trend,50,mixed_or_bearish,42.57,6.54,0.12,-0.00683371,0.00153139,0.00538048,-0.00532319,4H MACD 柱体连续扩张,4H EMA 空头排列；4H MACD 尚未确认多头
1080,CDRE,CADRE HOLDINGS INC,Industrials,Prism,Russell,1597,32.35,39.7,43.7,39.82,50.0,33.47,33.3,,,,,,34.34,41.12,,22,confirmed_bearish_trend,58,bullish_above_signal,38.26,28.950001,0.11,-0.03467819,0.02098399,-0.11576056,-0.13193395,4H MACD 位于 Signal 上方,4H EMA 空头排列；4H RSI 偏弱
1081,PLAB,PHOTRONICS,Information Technology,Prism,Russell,1777,32.34,39.17,51.7,19.7,50.0,42.52,43.35,,,,,,27.68,39.79,,39,bearish_transition,58,bullish_above_signal,47.3,28.959999,0.06,-0.01830512,0.05847946,-0.09753821,-0.00617708,4H MACD 位于 Signal 上方,4H EMA 转弱或跌破 EMA26
1082,WNEB,WESTERN NEW ENGLAND BANCORP INC,Financials,Prism,Russell,829,32.32,40.73,29.3,75.63,50.0,27.53,26.7,,,,,,47.18,43.69,,22,confirmed_bearish_trend,28,fresh_bearish_cross,42.84,13.57,0.05,-0.00658858,0.00221566,-0.01452433,-0.07308743,,4H EMA 空头排列；4H MACD 最近死叉
1083,GPOR,GULFPORT ENERGY,Energy,Prism,Russell,514,32.31,41.07,40.9,43.82,50.0,39.01,39.45,,,,,,51.54,44.56,,41,bearish_transition,42,mixed_or_bearish,46.81,175.479996,0.22,-0.01708398,-0.03941317,0.04309576,0.14445962,,4H EMA 转弱或跌破 EMA26；4H MACD 尚未确认多头
1084,MWA,MUELLER WATER PRODUCTS SERIES A,Industrials,Prism,Russell,1447,32.29,40.0,36.7,57.36,50.0,35.63,35.7,,,,,,38.16,41.88,,22,confirmed_bearish_trend,66,bullish_above_signal,37.51,23.860001,0.32,-0.00292516,0.01230382,-0.08512266,-0.07947527,4H MACD 位于 Signal 上方；4H MACD 柱体连续扩张,4H EMA 空头排列；4H RSI 偏弱
1085,FWRD,FORWARD AIR CORP,Industrials,Prism,Russell,1600,32.28,39.69,43.7,39.4,50.0,43.33,44.25,,,,,,34.26,41.1,,41,bearish_transition,58,bullish_above_signal,43.68,16.65,0.12,-0.04802744,0.01524390,-0.11247335,0.12728504,4H MACD 位于 Signal 上方,4H EMA 转弱或跌破 EMA26
1086,AHCO,ADAPTHEALTH,Health Care,Prism,Russell,136,32.26,49.08,43.7,17.34,50.0,38.34,37.05,,,,,,62.28,47.71,,25,confirmed_bearish_trend,58,bullish_above_signal,42.26,5.71,0.34,-0.07828894,0.03442029,0.09596929,-0.49108734,4H MACD 位于 Signal 上方,4H EMA 空头排列
1087,PRSU,PURSUIT ATTRACTIONS AND HOSPITALIT,Consumer Discretionary,Prism,Russell,509,32.23,41.08,40.9,43.25,50.0,33.47,33.3,,,,,,51.6,44.57,,22,confirmed_bearish_trend,50,mixed_or_bearish,45.92,47.91,0.22,0.00440249,0.01482739,0.04561327,-0.11277778,4H MACD 柱体连续扩张,4H EMA 空头排列；4H MACD 尚未确认多头
1088,STEP,STEPSTONE GROUP CLASS A,Financials,Prism,Russell,299,32.2,48.29,40.9,26.27,50.0,42.12,41.25,,,,,,57.34,45.72,,41,bearish_transition,42,mixed_or_bearish,50.02,50.16,0.17,-0.02317426,0.01006847,0.08783342,0.12290133,4H RSI 位于健康强势区间,4H EMA 转弱或跌破 EMA26；4H MACD 尚未确认多头
1089,CRCT,CRICUT CLASS A,Consumer Discretionary,Prism,Russell,1362,32.18,40.12,32.9,66.5,50.0,34.82,34.8,,,,,,39.67,42.18,,36,bearish_transition,42,mixed_or_bearish,39.85,5.42,0.1,-0.01094891,-0.07350427,-0.08213378,0.15565032,,4H EMA 转弱或跌破 EMA26；4H MACD 尚未确认多头；4H RSI 偏弱
1090,BLFS,BIOLIFE SOLUTIONS,Health Care,Prism,Russell,422,32.16,41.23,32.9,63.78,50.0,39.95,40.5,,,,,,48.53,44.96,,38,bearish_transition,50,mixed_or_bearish,41.2,34.990002,0.47,-0.01988793,-0.01436614,0.01024986,0.09514870,4H MACD 柱体连续扩张,4H EMA 转弱或跌破 EMA26；4H MACD 尚未确认多头
1091,ABSI,ABSCI CORP,Health Care,Prism,Russell,1315,32.15,40.19,40.9,44.84,50.0,32.53,32.25,,,,,,35.47,42.34,,25,confirmed_bearish_trend,42,mixed_or_bearish,46.76,8.805,0.1,-0.03028634,-0.00339559,-0.02329451,0.23578947,,4H EMA 空头排列；4H MACD 尚未确认多头
1092,TRVI,TREVI THERAPEUTICS,Health Care,Prism,Russell,1181,32.14,40.38,36.7,55.52,50.0,33.47,33.3,,,,,,37.88,42.83,,22,confirmed_bearish_trend,58,bullish_above_signal,37.58,16.59,0.14,-0.01834320,0.00181165,-0.06797748,-0.09983722,4H MACD 位于 Signal 上方,4H EMA 空头排列；4H RSI 偏弱
1093,ZWS,ZURN ELKAY WATER SOLUTIONS CORP,Industrials,Prism,Russell,1454,32.14,39.99,36.7,56.44,50.0,33.47,33.3,,,,,,38.04,41.86,,22,confirmed_bearish_trend,58,bullish_above_signal,35.74,46.805,0.21,-0.01566770,0.00375293,-0.08315375,-0.05041593,4H MACD 位于 Signal 上方,4H EMA 空头排列；4H RSI 偏弱
1094,NGVT,INGEVITY,Materials,Prism,Russell,1611,32.14,39.67,43.7,38.48,50.0,33.47,33.3,,,,,,33.95,41.04,,22,confirmed_bearish_trend,58,bullish_above_signal,39.44,68.040001,0.26,-0.02142957,-0.00671531,-0.11636362,-0.08707900,4H MACD 位于 Signal 上方,4H EMA 空头排列；4H RSI 偏弱
1095,PLOW,DOUGLAS DYNAMICS INC,Industrials,Prism,Russell,1282,32.14,40.24,29.3,75.58,50.0,27.53,26.7,,,,,,41.1,42.47,,22,confirmed_bearish_trend,28,fresh_bearish_cross,40.07,40.610001,0.16,-0.03044042,-0.00270138,-0.04738447,-0.09995563,,4H EMA 空头排列；4H MACD 最近死叉
1096,BMI,BADGER METER,Information Technology,Prism,Russell,1364,32.13,40.12,32.9,66.19,50.0,29.15,28.5,,,,,,39.64,42.18,,22,confirmed_bearish_trend,42,mixed_or_bearish,39.62,128.419998,0.28,-0.00634484,-0.02874000,-0.05822824,-0.04612647,,4H EMA 空头排列；4H MACD 尚未确认多头；4H RSI 偏弱
1097,HNST,THE HONEST COMPANY,Consumer Staples,Prism,Russell,194,32.12,48.73,40.9,24.68,50.0,42.12,41.25,,,,,,57.92,46.83,,41,bearish_transition,42,mixed_or_bearish,50.25,5.5601,0.16,-0.03386620,-0.01241563,0.06311663,0.45362092,4H RSI 位于健康强势区间,4H EMA 转弱或跌破 EMA26；4H MACD 尚未确认多头
1098,SENEA,SENECA FOODS CLASS A,Consumer Staples,Prism,Russell,193,32.12,48.73,40.9,24.68,50.0,39.29,38.1,,,,,,57.92,46.83,,38,bearish_transition,42,mixed_or_bearish,45.71,192.960007,0.49,0.00132329,-0.05411761,0.07211919,0.13666360,,4H EMA 转弱或跌破 EMA26；4H MACD 尚未确认多头
1099,LOB,LIVE OAK BANCSHARES,Financials,Prism,Russell,1455,32.12,39.99,36.7,56.29,50.0,33.47,33.3,,,,,,38.02,41.85,,22,confirmed_bearish_trend,58,bullish_above_signal,35.19,38.779999,0.44,-0.01835216,0.00388294,-0.08082484,-0.09698454,4H MACD 位于 Signal 上方,4H EMA 空头排列；4H RSI 偏弱
1100,MMI,MARCUS & MILLICHAP INC,Real Estate,Prism,Russell,720,32.11,40.83,32.9,64.39,50.0,36.98,37.2,,,,,,48.46,43.94,,36,bearish_transition,42,mixed_or_bearish,40.14,30.98,0.16,-0.00832266,-0.00705131,0.00977836,-0.02486623,,4H EMA 转弱或跌破 EMA26；4H MACD 尚未确认多头
1101,PEB,PEBBLEBROOK HOTEL TRUST REIT,Real Estate,Prism,Russell,722,32.11,40.83,32.9,64.39,50.0,31.31,30.9,,,,,,48.46,43.94,,22,confirmed_bearish_trend,42,mixed_or_bearish,42.48,17.719999,0.2,-0.00365482,-0.00112745,-0.00056407,-0.08423778,,4H EMA 空头排列；4H MACD 尚未确认多头
1102,EMBC,EMBECTA,Health Care,Prism,Russell,355,32.08,41.38,37.3,51.21,50.0,35.23,35.25,,,,,,50.33,45.32,,41,bearish_transition,28,fresh_bearish_cross,45.0,5.125,0.22,-0.07490975,-0.02566540,0.02397602,0.42559110,,4H EMA 转弱或跌破 EMA26；4H MACD 最近死叉
1103,GLOB,GLOBANT,Information Technology,Prism,Russell,1366,32.07,40.11,32.9,65.78,50.0,34.82,34.8,,,,,,39.57,42.16,,36,bearish_transition,42,mixed_or_bearish,38.28,36.505001,0.2,0.00467874,-0.08071010,-0.05378437,0.03973227,,4H EMA 转弱或跌破 EMA26；4H MACD 尚未确认多头；4H RSI 偏弱
1104,EPC,EDGEWELL PERSONAL CARE,Consumer Staples,Prism,Russell,810,32.06,40.74,25.9,82.91,50.0,34.82,34.8,,,,,,42.42,43.73,,36,bearish_transition,42,mixed_or_bearish,36.25,27.02,0.28,-0.04235336,-0.03327374,-0.03431022,-0.04387827,,4H EMA 转弱或跌破 EMA26；4H MACD 尚未确认多头；4H RSI 偏弱
1105,ABR,ARBOR REALTY TRUST REIT,Financials,Prism,Russell,1284,32.06,40.23,29.3,75.06,50.0,27.53,26.7,,,,,,41.06,42.46,,22,confirmed_bearish_trend,28,fresh_bearish_cross,44.58,5.025,0.22,-0.01470588,0.01605467,-0.06337372,-0.01179941,,4H EMA 空头排列；4H MACD 最近死叉
1106,PAHC,PHIBRO ANIMAL HEALTH CORP CLASS A,Health Care,Prism,Russell,191,32.05,48.74,40.9,24.22,50.0,42.12,41.25,,,,,,58.07,46.86,,41,bearish_transition,42,mixed_or_bearish,48.32,37.029999,0.09,-0.01594478,-0.03467158,0.08338207,0.01870704,4H RSI 位于健康强势区间,4H EMA 转弱或跌破 EMA26；4H MACD 尚未确认多头
1107,FOR,FORESTAR GROUP INC,Real Estate,Prism,Russell,1205,32.05,40.35,25.9,83.79,50.0,29.15,28.5,,,,,,42.51,42.75,,22,confirmed_bearish_trend,42,mixed_or_bearish,35.2,26.955,0.13,-0.01281817,-0.01963997,-0.05586687,-0.08160136,,4H EMA 空头排列；4H MACD 尚未确认多头；4H RSI 偏弱
1108,RDW,REDWIRE,Industrials,Prism,Russell,1792,32.03,39.06,51.7,17.86,50.0,42.52,43.35,,,,,,26.42,39.53,,39,bearish_transition,58,bullish_above_signal,47.23,10.9,0.2,-0.02831265,0.06237817,-0.17015607,0.27336449,4H MACD 位于 Signal 上方,4H EMA 转弱或跌破 EMA26
1109,TKNO,ALPHA TEKNOVA,Health Care,Prism,Russell,304,32.03,41.51,40.9,40.94,50.0,39.95,40.5,,,,,,52.03,45.66,,38,bearish_transition,50,mixed_or_bearish,47.26,6.96,0.25,-0.01416431,-0.01833568,0.03725782,0.36470588,4H MACD 柱体连续扩张,4H EMA 转弱或跌破 EMA26；4H MACD 尚未确认多头
1110,RPC,RIDGEPOST CAPITAL INC CLASS A,Financials,Prism,Russell,1206,32.03,40.35,25.9,83.63,50.0,29.15,28.5,,,,,,42.48,42.75,,22,confirmed_bearish_trend,42,mixed_or_bearish,34.38,8.145,0.23,-0.02571770,-0.03380783,-0.05510441,-0.07653061,,4H EMA 空头排列；4H MACD 尚未确认多头；4H RSI 偏弱
1111,KFY,KORN FERRY,Industrials,Prism,Russell,891,32.02,40.67,25.9,82.86,50.0,35.54,35.6,,,,,,46.45,43.54,,36,bearish_transition,42,mixed_or_bearish,37.6,81.43,0.57,-0.00367066,-0.03815266,-0.02607345,-0.02778856,,4H EMA 转弱或跌破 EMA26；4H MACD 尚未确认多头；4H RSI 偏弱
1112,ASMB,ASSEMBLY BIOSCIENCES INC,Health Care,Prism,Russell,37,32.01,66.24,32.9,4.41,50.0,44.01,39.45,,,,,,79.9,51.23,,41,bearish_transition,42,mixed_or_bearish,42.76,33.099998,0.29,-0.06576353,-0.05858936,0.23507460,0.29753030,,4H EMA 转弱或跌破 EMA26；4H MACD 尚未确认多头
1113,SKYW,SKYWEST,Industrials,Prism,Russell,1618,31.99,39.65,43.7,37.56,50.0,35.63,35.7,,,,,,33.7,40.99,,22,confirmed_bearish_trend,58,bullish_above_signal,41.37,95.949997,0.21,-0.00831998,0.02796230,-0.10843715,-0.15574135,4H MACD 位于 Signal 上方,4H EMA 空头排列
1114,HRTG,HERITAGE INSURANCE HOLDINGS INC,Financials,Prism,Russell,494,31.97,41.1,40.9,41.51,50.0,40.62,41.25,,,,,,51.88,44.63,,41,bearish_transition,42,mixed_or_bearish,48.35,33.810001,0.24,-0.02311471,0.00237181,0.03521130,0.13114761,4H RSI 位于健康强势区间,4H EMA 转弱或跌破 EMA26；4H MACD 尚未确认多头
1115,HIW,HIGHWOODS PROPERTIES REIT,Real Estate,Prism,Russell,1120,31.96,40.45,22.3,92.56,50.0,25.37,24.3,,,,,,43.8,43.01,,22,confirmed_bearish_trend,28,fresh_bearish_cross,34.03,29.940001,0.38,-0.01610250,-0.01513155,-0.03200773,-0.10998805,,4H EMA 空头排列；4H MACD 最近死叉；4H RSI 偏弱
1116,TRS,TRIMAS,Materials,Prism,Russell,1292,31.94,40.22,29.3,74.29,50.0,25.37,24.3,,,,,,40.92,42.43,,22,confirmed_bearish_trend,28,fresh_bearish_cross,38.63,38.369999,0.23,-0.02316701,-0.01375145,-0.04027016,-0.04575976,,4H EMA 空头排列；4H MACD 最近死叉；4H RSI 偏弱
1117,WASH,WASHINGTON TRUST BANCORP INC,Financials,Prism,Russell,592,31.92,40.98,37.3,51.05,50.0,35.23,35.25,,,,,,50.36,44.32,,41,bearish_transition,28,fresh_bearish_cross,47.79,39.41,0.27,-0.01302279,0.02164612,0.02496746,-0.00303564,,4H EMA 转弱或跌破 EMA26；4H MACD 最近死叉
1118,ENR,ENERGIZER HOLDINGS INC,Consumer Staples,Prism,Russell,1085,31.91,40.49,32.9,63.88,50.0,29.15,28.5,,,,,,39.26,43.1,,22,confirmed_bearish_trend,42,mixed_or_bearish,38.23,20.24,0.41,-0.04528306,-0.02551757,-0.07685287,-0.07368421,,4H EMA 空头排列；4H MACD 尚未确认多头；4H RSI 偏弱
1119,CSIQ,CANADIAN SOLAR,Information Technology,Prism,Russell,1801,31.9,39.03,51.7,17.03,50.0,44.13,45.15,,,,,,26.05,39.46,,39,bearish_transition,58,bullish_above_signal,49.64,13.7,0.13,-0.01332373,0.08129440,-0.12235746,0.00292826,4H MACD 位于 Signal 上方；4H RSI 位于健康强势区间,4H EMA 转弱或跌破 EMA26
1120,NG,NOVAGOLD RESOURCES INC,Materials,Prism,Russell,277,31.89,48.35,40.9,24.06,50.0,41.45,40.5,,,,,,58.16,45.88,,38,bearish_transition,50,mixed_or_bearish,47.44,8.19,0.3,0.02183406,0.01865672,0.07058824,0.40842648,4H MACD 柱体连续扩张,4H EMA 转弱或跌破 EMA26；4H MACD 尚未确认多头
1121,HRI,HERC HOLDINGS,Industrials,Prism,Russell,1624,31.88,39.63,43.7,36.84,50.0,44.68,45.75,,,,,,33.53,40.96,,39,bearish_transition,66,bullish_above_signal,42.5,144.797501,0.26,-0.02565440,0.02649584,-0.14774864,-0.02229916,4H MACD 位于 Signal 上方；4H MACD 柱体连续扩张,4H EMA 转弱或跌破 EMA26
1122,NC,NACCO INDUSTRIES INC CLASS A,Energy,Prism,Russell,703,31.87,40.85,32.9,62.75,50.0,29.15,28.5,,,,,,48.68,43.99,,22,confirmed_bearish_trend,42,mixed_or_bearish,39.05,40.744999,0.08,-0.01355770,-0.03264483,-0.01128367,-0.14688022,,4H EMA 空头排列；4H MACD 尚未确认多头；4H RSI 偏弱
1123,WHG,WESTWOOD HOLDINGS GROUP INC,Financials,Prism,Russell,882,31.86,40.67,25.9,81.79,50.0,29.87,29.3,,,,,,46.51,43.55,,22,confirmed_bearish_trend,42,mixed_or_bearish,34.97,18.5,0.8,-0.01908807,-0.03394256,-0.03896104,-0.06043682,,4H EMA 空头排列；4H MACD 尚未确认多头；4H RSI 偏弱
1124,IMMR,IMMERSION CORP,Information Technology,Prism,Russell,1300,31.82,40.21,29.3,73.47,50.0,35.23,35.25,,,,,,40.82,42.41,,41,bearish_transition,28,fresh_bearish_cross,44.02,7.46,0.29,-0.02864583,0.00810811,-0.03617571,-0.02610966,,4H EMA 转弱或跌破 EMA26；4H MACD 最近死叉
1125,KMPR,KEMPER,Financials,Prism,Russell,701,31.82,40.85,32.9,62.44,50.0,31.31,30.9,,,,,,48.73,44.0,,22,confirmed_bearish_trend,42,mixed_or_bearish,41.63,26.790001,0.22,0.00374672,-0.03145333,0.01515733,-0.13385060,,4H EMA 空头排列；4H MACD 尚未确认多头
1126,QBTS,D WAVE QUANTUM,Information Technology,Prism,Russell,1807,31.81,38.99,51.7,16.52,50.0,46.3,47.55,,,,,,25.56,39.36,,39,bearish_transition,66,bullish_above_signal,49.41,17.650101,0.12,-0.01997779,0.06647142,-0.12623267,0.00085631,4H MACD 位于 Signal 上方；4H MACD 柱体连续扩张；4H RSI 位于健康强势区间,4H EMA 转弱或跌破 EMA26
1127,FLOC,FLOWCO HOLDINGS CLASS A,Energy,Prism,Russell,1388,31.81,40.09,32.9,64.08,50.0,31.31,30.9,,,,,,39.29,42.11,,22,confirmed_bearish_trend,42,mixed_or_bearish,43.0,21.094999,0.36,-0.00869370,-0.02743209,-0.05615217,0.09385528,,4H EMA 空头排列；4H MACD 尚未确认多头
1128,SLVM,SYLVAMO CORP,Materials,Prism,Russell,1630,31.8,39.62,43.7,36.33,50.0,35.63,35.7,,,,,,33.37,40.92,,22,confirmed_bearish_trend,58,bullish_above_signal,41.69,35.470001,0.28,0.00197737,0.02722276,-0.11766169,-0.08887745,4H MACD 位于 Signal 上方,4H EMA 空头排列
1129,ORIC,ORIC PHARMACEUTICALS,Health Care,Prism,Russell,1095,31.78,40.48,32.9,63.01,50.0,39.14,39.6,,,,,,39.15,43.08,,36,bearish_transition,50,mixed_or_bearish,41.04,12.64,0.22,-0.01172791,-0.01939488,-0.07195301,0.05995807,4H MACD 柱体连续扩张,4H EMA 转弱或跌破 EMA26；4H MACD 尚未确认多头
1130,INOD,INNODATA,Industrials,Prism,Russell,1633,31.75,39.61,43.7,36.02,50.0,36.84,37.05,,,,,,33.32,40.91,,25,confirmed_bearish_trend,58,bullish_above_signal,41.53,55.220001,0.14,-0.01624740,0.01006042,-0.11257529,-0.04048650,4H MACD 位于 Signal 上方,4H EMA 空头排列
1131,XRN,CHIRON REAL ESTATE INC,Real Estate,Prism,Russell,468,31.73,41.14,40.9,39.82,50.0,39.01,39.45,,,,,,52.37,44.72,,41,bearish_transition,42,mixed_or_bearish,47.31,36.705002,0.18,-0.00636159,-0.00689927,0.02327859,-0.01805776,,4H EMA 转弱或跌破 EMA26；4H MACD 尚未确认多头
1132,CWBC,COMMUNITY WEST BANCSHARES,Financials,Prism,Russell,579,31.73,40.99,37.3,49.77,50.0,36.84,37.05,,,,,,50.51,44.35,,41,bearish_transition,28,fresh_bearish_cross,48.18,26.055,0.26,-0.01493387,0.01204113,0.04596548,0.02136417,4H RSI 位于健康强势区间,4H EMA 转弱或跌破 EMA26；4H MACD 最近死叉
1133,NVTS,NAVITAS SEMICONDUCTOR,Information Technology,Prism,Russell,1812,31.72,38.97,51.7,16.01,50.0,36.84,37.05,,,,,,25.27,39.3,,25,confirmed_bearish_trend,58,bullish_above_signal,45.73,11.649,0.12,-0.06508828,0.06446749,-0.11548975,0.16379440,4H MACD 位于 Signal 上方,4H EMA 空头排列
1134,PDLB,PONCE FINANCIAL GROUP INC,Financials,Prism,Russell,578,31.72,40.99,37.3,49.67,50.0,35.23,35.25,,,,,,50.52,44.35,,41,bearish_transition,28,fresh_bearish_cross,46.78,20.254999,0.15,-0.01098638,0.01579729,0.01072844,-0.01098638,,4H EMA 转弱或跌破 EMA26；4H MACD 最近死叉
1135,WT,WISDOMTREE,Financials,Prism,Russell,258,31.7,48.42,40.9,22.63,50.0,42.12,41.25,,,,,,58.98,46.05,,41,bearish_transition,42,mixed_or_bearish,50.15,24.084299,0.14,-0.03431042,-0.01576216,0.08512273,0.24081911,4H RSI 位于健康强势区间,4H EMA 转弱或跌破 EMA26；4H MACD 尚未确认多头
1136,CRAI,CRA INTERNATIONAL INC,Industrials,Prism,Russell,871,31.7,40.68,25.9,80.66,50.0,29.15,28.5,,,,,,46.62,43.57,,22,confirmed_bearish_trend,42,mixed_or_bearish,36.69,165.464996,0.04,-0.01250300,-0.04033756,-0.01690335,-0.08100531,,4H EMA 空头排列；4H MACD 尚未确认多头；4H RSI 偏弱
1137,EBMT,EAGLE BANCORP MONTANA INC,Financials,Prism,Russell,1305,31.69,40.2,29.3,72.7,50.0,27.53,26.7,,,,,,40.62,42.37,,22,confirmed_bearish_trend,28,fresh_bearish_cross,41.34,22.280001,0.09,-0.00134460,-0.00179207,-0.04582437,-0.06011386,,4H EMA 空头排列；4H MACD 最近死叉
1138,AGYS,AGILYSYS INC,Information Technology,Prism,Russell,870,31.68,40.68,25.9,80.55,50.0,34.82,34.8,,,,,,46.63,43.58,,36,bearish_transition,42,mixed_or_bearish,34.19,106.269997,0.08,-0.01665590,-0.05352692,-0.00589340,-0.04001807,,4H EMA 转弱或跌破 EMA26；4H MACD 尚未确认多头；4H RSI 偏弱
1139,IMNM,IMMUNOME,Health Care,Prism,Russell,405,31.66,41.27,32.9,60.34,50.0,36.98,37.2,,,,,,49.07,45.06,,36,bearish_transition,42,mixed_or_bearish,40.39,26.290001,0.24,-0.03149748,-0.02935197,0.02355468,0.13343397,,4H EMA 转弱或跌破 EMA26；4H MACD 尚未确认多头
1140,CTOS,CUSTOM TRUCK ONE SOURCE,Industrials,Prism,Russell,1637,31.66,39.59,43.7,35.51,50.0,36.84,37.05,,,,,,33.06,40.86,,25,confirmed_bearish_trend,58,bullish_above_signal,43.02,9.18,0.17,-0.01290323,0.03378378,-0.13843266,-0.11475410,4H MACD 位于 Signal 上方,4H EMA 空头排列
1141,TGTX,TG THERAPEUTICS,Health Care,Prism,Russell,165,31.65,48.88,40.9,21.24,50.0,42.12,41.25,,,,,,59.7,47.19,,41,bearish_transition,42,mixed_or_bearish,49.25,54.625,0.13,-0.02035506,-0.02681277,0.11116762,-0.00355710,4H RSI 位于健康强势区间,4H EMA 转弱或跌破 EMA26；4H MACD 尚未确认多头
1142,NE,NOBLE CORPORATION PLC,Energy,Prism,Russell,454,31.65,41.16,40.9,39.25,50.0,37.79,38.1,,,,,,52.59,44.77,,38,bearish_transition,42,mixed_or_bearish,45.35,45.290001,0.32,-0.01102734,-0.02832010,0.04019293,0.15653731,,4H EMA 转弱或跌破 EMA26；4H MACD 尚未确认多头
1143,SXT,SENSIENT TECHNOLOGIES,Materials,Prism,Russell,690,31.63,40.86,32.9,61.11,50.0,37.79,38.1,,,,,,48.92,44.03,,38,bearish_transition,42,mixed_or_bearish,43.6,132.630005,0.07,-0.00703752,-0.01675435,0.02599212,0.06513017,,4H EMA 转弱或跌破 EMA26；4H MACD 尚未确认多头
1144,IBRX,IMMUNITYBIO,Health Care,Prism,Russell,237,31.59,48.51,37.3,31.3,50.0,39.56,38.4,,,,,,55.11,46.27,,44,bearish_transition,28,fresh_bearish_cross,49.58,7.99,0.24,-0.03792896,0.01408808,0.06604403,0.14716439,4H RSI 位于健康强势区间,4H EMA 转弱或跌破 EMA26；4H MACD 最近死叉
1145,WLDN,WILLDAN GROUP,Industrials,Prism,Russell,862,31.57,40.69,25.9,79.78,50.0,35.63,35.7,,,,,,46.75,43.6,,38,bearish_transition,42,mixed_or_bearish,35.71,81.839996,0.22,-0.06060614,-0.06382981,-0.00425850,0.17115054,,4H EMA 转弱或跌破 EMA26；4H MACD 尚未确认多头；4H RSI 偏弱
1146,CPRI,CAPRI HOLDINGS LTD,Consumer Discretionary,Prism,Russell,1642,31.57,39.58,43.7,34.94,50.0,35.63,35.7,,,,,,32.83,40.82,,22,confirmed_bearish_trend,58,bullish_above_signal,40.6,13.015,0.23,-0.00382702,0.01679688,-0.15651329,-0.20688605,4H MACD 位于 Signal 上方,4H EMA 空头排列
1147,CCOI,COGENT COMMUNICATIONS HOLDINGS,Communication,Prism,Russell,1643,31.57,39.58,43.7,34.94,50.0,35.63,35.7,,,,,,32.83,40.82,,22,confirmed_bearish_trend,58,bullish_above_signal,43.48,9.37,0.26,-0.06580259,0.03937881,-0.08984944,-0.27644788,4H MACD 位于 Signal 上方,4H EMA 空头排列
1148,PUBM,PUBMATIC CLASS A,Communication,Prism,Russell,1400,31.56,40.07,32.9,62.49,50.0,37.79,38.1,,,,,,39.06,42.06,,38,bearish_transition,42,mixed_or_bearish,44.72,16.190001,0.12,-0.02293295,-0.00430498,-0.08942632,0.24251734,,4H EMA 转弱或跌破 EMA26；4H MACD 尚未确认多头
1149,CMT,CORE MOLDING TECHNOLOGIES INC,Materials,Prism,Russell,1238,31.52,40.31,25.9,80.35,50.0,29.15,28.5,,,,,,42.0,42.65,,22,confirmed_bearish_trend,42,mixed_or_bearish,34.47,23.680099,0.03,-0.01318937,-0.05013642,-0.06105869,-0.02309823,,4H EMA 空头排列；4H MACD 尚未确认多头；4H RSI 偏弱
1150,CNO,CNO FINANCIAL GROUP,Financials,Prism,Russell,780,31.5,40.77,29.3,70.09,50.0,35.23,35.25,,,,,,47.71,43.79,,41,bearish_transition,28,fresh_bearish_cross,43.93,54.580002,0.24,-0.01657654,0.00055001,-0.01284136,0.01961523,,4H EMA 转弱或跌破 EMA26；4H MACD 最近死叉
1151,WK,WORKIVA CLASS A,Information Technology,Prism,Russell,247,31.49,48.48,40.9,21.09,50.0,39.29,38.1,,,,,,59.71,46.19,,38,bearish_transition,42,mixed_or_bearish,45.02,73.677498,0.17,0.00542439,-0.03940677,0.09313792,0.25879889,,4H EMA 转弱或跌破 EMA26；4H MACD 尚未确认多头
1152,TDW,TIDEWATER,Energy,Prism,Russell,444,31.48,41.18,40.9,38.02,50.0,39.41,39.9,,,,,,52.87,44.82,,38,bearish_transition,42,mixed_or_bearish,48.07,92.555,0.18,0.00401369,-0.03698888,0.03297993,0.23985261,4H RSI 位于健康强势区间,4H EMA 转弱或跌破 EMA26；4H MACD 尚未确认多头
1153,PCVX,VAXCYTE,Health Care,Prism,Russell,398,31.47,41.29,32.9,59.06,50.0,37.79,38.1,,,,,,49.32,45.11,,38,bearish_transition,42,mixed_or_bearish,41.12,59.419998,0.24,-0.01971466,-0.02285813,0.01991075,0.08867709,,4H EMA 转弱或跌破 EMA26；4H MACD 尚未确认多头
1154,RCUS,ARCUS BIOSCIENCES,Health Care,Prism,Russell,489,31.45,41.11,25.9,77.99,50.0,34.82,34.8,,,,,,46.96,44.64,,36,bearish_transition,42,mixed_or_bearish,37.3,28.440001,0.22,-0.03083994,-0.04290759,-0.00940432,0.05099786,,4H EMA 转弱或跌破 EMA26；4H MACD 尚未确认多头；4H RSI 偏弱
1155,VC,VISTEON,Consumer Discretionary,Prism,Russell,1321,31.45,40.17,29.3,71.11,50.0,25.37,24.3,,,,,,40.32,42.31,,22,confirmed_bearish_trend,28,fresh_bearish_cross,38.97,99.764999,0.23,-0.00563145,-0.00967837,-0.04795307,-0.06648268,,4H EMA 空头排列；4H MACD 最近死叉；4H RSI 偏弱
1156,FG,F&G ANNUITIES AND LIFE INC,Financials,Prism,Russell,1651,31.44,39.56,43.7,34.07,50.0,35.63,35.7,,,,,,32.63,40.78,,22,confirmed_bearish_trend,58,bullish_above_signal,43.11,23.805,0.36,-0.02334807,0.00825917,-0.12093796,-0.21822663,4H MACD 位于 Signal 上方,4H EMA 空头排列
1157,GT,GOODYEAR TIRE & RUBBER,Consumer Discretionary,Prism,Russell,1241,31.44,40.31,25.9,79.84,50.0,29.15,28.5,,,,,,41.96,42.64,,22,confirmed_bearish_trend,42,mixed_or_bearish,36.1,5.705,0.16,-0.03058624,-0.04678363,-0.05389718,-0.22433719,,4H EMA 空头排列；4H MACD 尚未确认多头；4H RSI 偏弱
1158,IDR,IDAHO STRATEGIC RESOURCES INC,Materials,Prism,Russell,1589,31.42,39.72,40.9,41.05,50.0,39.14,39.6,,,,,,34.63,41.18,,36,bearish_transition,50,mixed_or_bearish,47.64,31.57,0.27,0.02052694,0.01740248,-0.10452421,0.09466019,4H MACD 柱体连续扩张,4H EMA 转弱或跌破 EMA26；4H MACD 尚未确认多头
1159,BCPC,BALCHEM,Materials,Prism,Russell,1244,31.41,40.31,25.9,79.63,50.0,31.31,30.9,,,,,,41.95,42.64,,22,confirmed_bearish_trend,50,mixed_or_bearish,36.43,170.039993,0.15,0.00170835,-0.01852818,-0.04002717,0.02619189,4H MACD 柱体连续扩张,4H EMA 空头排列；4H MACD 尚未确认多头；4H RSI 偏弱
1160,ADCT,ADC THERAPEUTICS SA,Health Care,Prism,Russell,167,31.4,48.86,65.2,21.45,50.0,56.57,57.3,,,,,,59.57,47.16,,58,mixed_sideways,70,bullish_above_signal,62.2,1.285,0.18,-0.03745318,0.04048583,0.13215859,0.15765766,4H MACD 位于 Signal 上方；4H RSI 位于健康强势区间,4H EMA 仍偏震荡
1161,GLRE,GREENLIGHT CAPITAL LTD CLASS A,Financials,Prism,Russell,938,31.4,40.61,22.3,88.4,50.0,25.37,24.3,,,,,,45.81,43.41,,22,confirmed_bearish_trend,28,fresh_bearish_cross,37.6,15.0,0.25,-0.01153213,-0.01639344,-0.02439024,-0.15254242,,4H EMA 空头排列；4H MACD 最近死叉；4H RSI 偏弱
1162,HOG,HARLEY DAVIDSON,Consumer Discretionary,Prism,Russell,672,31.39,40.89,32.9,59.47,50.0,37.79,38.1,,,,,,49.29,44.11,,38,bearish_transition,42,mixed_or_bearish,41.43,26.754999,0.21,-0.02354018,-0.01491167,0.02509575,0.05750988,,4H EMA 转弱或跌破 EMA26；4H MACD 尚未确认多头
1163,LXP,LXP INDUSTRIAL TRUST,Real Estate,Prism,Russell,434,31.38,41.21,40.9,37.35,50.0,42.78,43.65,,,,,,53.21,44.89,,41,bearish_transition,50,mixed_or_bearish,49.28,60.759998,0.21,-0.00041132,-0.00065791,0.00049396,-0.00131496,4H MACD 柱体连续扩张；4H RSI 位于健康强势区间,4H EMA 转弱或跌破 EMA26；4H MACD 尚未确认多头
1164,SHOE,SHOE STATION GROUP INC,Consumer Discretionary,Prism,Russell,1655,31.37,39.55,43.7,33.66,50.0,33.47,33.3,,,,,,32.47,40.74,,22,confirmed_bearish_trend,58,bullish_above_signal,38.03,13.29,0.15,-0.00672646,0.03585347,-0.17453416,-0.16098485,4H MACD 位于 Signal 上方,4H EMA 空头排列；4H RSI 偏弱
1165,TNXP,TONIX PHARMACEUTICALS HOLDING,Health Care,Prism,Russell,392,31.36,41.31,32.9,58.29,50.0,37.79,38.1,,,,,,49.55,45.16,,38,bearish_transition,42,mixed_or_bearish,43.76,12.885,0.1,-0.02238240,-0.07700573,0.02261905,0.29497487,,4H EMA 转弱或跌破 EMA26；4H MACD 尚未确认多头
1166,SKYH,SKY HARBOUR GROUP CLASS A,Industrials,Prism,Russell,1413,31.34,40.05,32.9,61.11,50.0,31.31,30.9,,,,,,38.7,41.99,,22,confirmed_bearish_trend,42,mixed_or_bearish,42.58,10.3,0.1,-0.00770713,-0.00242131,-0.07123535,-0.03104421,,4H EMA 空头排列；4H MACD 尚未确认多头
1167,ATEN,A10 NETWORKS,Information Technology,Prism,Russell,1660,31.3,39.53,43.7,33.25,50.0,43.46,44.4,,,,,,32.27,40.7,,36,bearish_transition,66,bullish_above_signal,41.92,24.91,0.16,0.00504337,-0.00120293,-0.12072008,-0.20478853,4H MACD 位于 Signal 上方；4H MACD 柱体连续扩张,4H EMA 转弱或跌破 EMA26
1168,ACLS,AXCELIS TECHNOLOGIES,Information Technology,Prism,Russell,1661,31.29,39.53,43.7,33.15,50.0,42.52,43.35,,,,,,32.26,40.7,,39,bearish_transition,58,bullish_above_signal,44.24,116.010002,0.19,-0.03316940,0.05444469,-0.12432061,-0.03284698,4H MACD 位于 Signal 上方,4H EMA 转弱或跌破 EMA26
1169,SMBC,SOUTHERN MISSOURI BANCORP INC,Financials,Prism,Russell,1158,31.27,40.41,22.3,88.05,50.0,25.37,24.3,,,,,,43.22,42.89,,22,confirmed_bearish_trend,28,fresh_bearish_cross,34.65,72.389999,0.13,-0.01870677,-0.00440105,-0.05335428,-0.08134523,,4H EMA 空头排列；4H MACD 最近死叉；4H RSI 偏弱
1170,IBEX,IBEX LTD,Industrials,Prism,Russell,661,31.26,40.91,32.9,58.54,50.0,37.79,38.1,,,,,,49.46,44.14,,38,bearish_transition,42,mixed_or_bearish,44.76,37.02,0.34,0.00243704,-0.03593755,0.00000000,0.03234799,,4H EMA 转弱或跌破 EMA26；4H MACD 尚未确认多头
1171,WAY,WAYSTAR HOLDING,Health Care,Prism,Russell,880,31.26,40.67,25.9,77.78,50.0,34.82,34.8,,,,,,41.55,43.56,,36,bearish_transition,42,mixed_or_bearish,35.43,23.82,0.15,-0.03484603,-0.07566938,-0.03562757,0.00548751,,4H EMA 转弱或跌破 EMA26；4H MACD 尚未确认多头；4H RSI 偏弱
1172,OLP,ONE LIBERTY PROPERTIES REIT INC,Real Estate,Prism,Russell,844,31.26,40.71,25.9,77.68,50.0,29.15,28.5,,,,,,46.99,43.65,,22,confirmed_bearish_trend,42,mixed_or_bearish,34.89,23.469999,0.26,-0.01758058,-0.01758058,0.00042626,-0.06456760,,4H EMA 空头排列；4H MACD 尚未确认多头；4H RSI 偏弱
1173,VERA,VERA THERAPEUTICS CLASS A,Health Care,Prism,Russell,218,31.24,48.61,37.3,28.73,50.0,38.34,37.05,,,,,,56.4,46.53,,41,bearish_transition,28,fresh_bearish_cross,49.14,34.240002,0.08,-0.02837684,0.00000000,0.08457403,0.02699466,4H RSI 位于健康强势区间,4H EMA 转弱或跌破 EMA26；4H MACD 最近死叉
1174,BRSL,BRIGHTSTAR LOTTERY PLC,Consumer Discretionary,Prism,Russell,658,31.24,40.91,32.9,58.39,50.0,36.98,37.2,,,,,,49.52,44.15,,36,bearish_transition,42,mixed_or_bearish,44.42,11.13,0.44,0.00632911,-0.00447227,0.01135847,0.06354515,,4H EMA 转弱或跌破 EMA26；4H MACD 尚未确认多头
1175,SLDB,SOLID BIOSCIENCES INC,Health Care,Prism,Russell,138,31.19,49.06,40.9,17.75,50.0,42.12,41.25,,,,,,62.01,47.65,,41,bearish_transition,42,mixed_or_bearish,49.22,9.745,0.18,-0.01416287,-0.01316456,0.13710618,0.22424623,4H RSI 位于健康强势区间,4H EMA 转弱或跌破 EMA26；4H MACD 尚未确认多头
1176,METC,RAMACO RESOURCES INC CLASS A,Materials,Prism,Russell,221,31.19,48.6,40.9,18.78,50.0,39.29,38.1,,,,,,61.24,46.5,,38,bearish_transition,42,mixed_or_bearish,46.32,12.4,0.11,-0.01391650,-0.11460193,0.21927237,0.27179487,,4H EMA 转弱或跌破 EMA26；4H MACD 尚未确认多头
1177,GENB,GENERATE BIOMEDICINES INC,Health Care,Prism,Russell,1150,31.18,40.42,32.9,59.16,50.0,37.79,38.1,,,,,,38.4,42.93,,38,bearish_transition,42,mixed_or_bearish,44.14,15.415,0.12,-0.03656250,-0.02436709,0.04792658,0.17313546,,4H EMA 转弱或跌破 EMA26；4H MACD 尚未确认多头
1178,CNX,CNX RESOURCES,Energy,Prism,Russell,540,31.18,41.04,37.3,45.97,50.0,36.84,37.05,,,,,,51.11,44.47,,41,bearish_transition,28,fresh_bearish_cross,49.28,36.720001,0.21,-0.01923072,-0.02236422,0.02113465,0.07368421,4H RSI 位于健康强势区间,4H EMA 转弱或跌破 EMA26；4H MACD 最近死叉
1179,MGRC,MCGRATH RENT,Industrials,Prism,Russell,1505,31.17,39.88,36.7,50.18,50.0,33.47,33.3,,,,,,36.66,41.58,,22,confirmed_bearish_trend,58,bullish_above_signal,37.06,110.345001,0.19,-0.00473529,-0.00455568,-0.08609406,-0.08068815,4H MACD 位于 Signal 上方,4H EMA 空头排列；4H RSI 偏弱
1180,APEI,AMERICAN PUBLIC EDUCATION,Consumer Discretionary,Prism,Russell,1340,31.17,40.16,29.3,69.32,50.0,25.37,24.3,,,,,,40.1,42.27,,22,confirmed_bearish_trend,28,fresh_bearish_cross,39.76,44.884998,0.12,-0.01869270,-0.02019216,-0.04844181,-0.10230004,,4H EMA 空头排列；4H MACD 最近死叉；4H RSI 偏弱
1181,ACNB,ACNB CORP,Financials,Prism,Russell,537,31.14,41.05,37.3,45.72,50.0,35.23,35.25,,,,,,51.19,44.49,,41,bearish_transition,28,fresh_bearish_cross,47.0,64.389999,0.16,-0.01469012,0.00609373,0.01417541,-0.00494514,,4H EMA 转弱或跌破 EMA26；4H MACD 最近死叉
1182,NP,NEPTUNE INSURANCE HOLDINGS CLASS A,Financials,Prism,Russell,839,31.13,40.72,25.9,76.81,50.0,34.82,34.8,,,,,,47.08,43.67,,36,bearish_transition,42,mixed_or_bearish,35.49,31.375,0.17,-0.01815052,-0.04051991,0.00787025,-0.01553188,,4H EMA 转弱或跌破 EMA26；4H MACD 尚未确认多头；4H RSI 偏弱
1183,OII,OCEANEERING INTERNATIONAL INC,Energy,Prism,Russell,1261,31.12,40.27,25.9,77.78,50.0,34.82,34.8,,,,,,41.55,42.56,,36,bearish_transition,42,mixed_or_bearish,36.75,49.029999,0.24,-0.03360603,-0.04424951,-0.04088419,0.02145831,,4H EMA 转弱或跌破 EMA26；4H MACD 尚未确认多头；4H RSI 偏弱
1184,DAN,DANA INCORPORATED INC,Consumer Discretionary,Prism,Russell,534,31.11,41.05,37.3,45.51,50.0,38.06,38.4,,,,,,51.21,44.49,,44,bearish_transition,28,fresh_bearish_cross,50.06,30.66,0.19,-0.02527420,0.04392233,0.02713568,0.11979551,4H RSI 位于健康强势区间,4H EMA 转弱或跌破 EMA26；4H MACD 最近死叉
1185,PSNL,PERSONALIS,Health Care,Prism,Russell,135,31.1,49.09,40.9,17.03,50.0,42.12,41.25,,,,,,62.37,47.72,,41,bearish_transition,42,mixed_or_bearish,48.27,16.430099,0.27,-0.02434091,-0.03709201,0.13311028,0.38533718,4H RSI 位于健康强势区间,4H EMA 转弱或跌破 EMA26；4H MACD 尚未确认多头
1186,HIPO,HIPPO HOLDINGS,Financials,Prism,Russell,837,31.1,40.72,25.9,76.6,50.0,35.63,35.7,,,,,,47.1,43.67,,38,bearish_transition,42,mixed_or_bearish,37.58,31.924999,0.11,-0.03081360,-0.03941634,-0.01557203,0.05293532,,4H EMA 转弱或跌破 EMA26；4H MACD 尚未确认多头；4H RSI 偏弱
1187,COMP,COMPASS INC CLASS A,Real Estate,Prism,Russell,1669,31.1,39.51,43.7,31.97,50.0,33.47,33.3,,,,,,31.97,40.64,,22,confirmed_bearish_trend,58,bullish_above_signal,39.35,10.705,0.11,-0.00649652,0.03630203,-0.13599677,-0.09966358,4H MACD 位于 Signal 上方,4H EMA 空头排列；4H RSI 偏弱
1188,NAVI,NAVIENT,Financials,Prism,Russell,204,31.04,48.68,40.9,17.65,50.0,40.51,39.45,,,,,,62.19,46.69,,41,bearish_transition,42,mixed_or_bearish,46.12,9.28,0.14,-0.01746956,0.00000000,0.09692671,0.06117782,,4H EMA 转弱或跌破 EMA26；4H MACD 尚未确认多头
1189,MQ,MARQETA CLASS A,Financials,Prism,Russell,750,31.04,40.79,29.3,66.96,50.0,27.53,26.7,,,,,,48.07,43.86,,22,confirmed_bearish_trend,28,fresh_bearish_cross,42.01,15.98,0.17,-0.01175015,-0.01175015,0.02370275,-0.11468139,,4H EMA 空头排列；4H MACD 最近死叉
1190,PRGS,PROGRESS SOFTWARE CORP,Information Technology,Prism,Russell,1269,31.03,40.26,25.9,77.17,50.0,34.82,34.8,,,,,,41.42,42.53,,36,bearish_transition,42,mixed_or_bearish,34.52,41.099998,0.17,-0.02548906,-0.09171275,-0.04993065,0.01808271,,4H EMA 转弱或跌破 EMA26；4H MACD 尚未确认多头；4H RSI 偏弱
1191,ORKA,ORUKA THERAPEUTICS INC,Health Care,Prism,Russell,1515,30.99,39.87,43.7,30.37,50.0,34.69,34.65,,,,,,31.45,41.54,,25,confirmed_bearish_trend,58,bullish_above_signal,39.9,92.059998,0.22,-0.03783447,-0.00032575,-0.12581901,0.01841917,4H MACD 位于 Signal 上方,4H EMA 空头排列；4H RSI 偏弱
1192,MMS,MAXIMUS,Industrials,Prism,Russell,640,30.96,40.93,32.9,56.49,50.0,29.15,28.5,,,,,,49.7,44.19,,22,confirmed_bearish_trend,42,mixed_or_bearish,38.62,56.200001,0.44,-0.00142143,-0.02481346,0.01590747,-0.10715703,,4H EMA 空头排列；4H MACD 尚未确认多头；4H RSI 偏弱
1193,KVHI,KVH INDUSTRIES INC,Information Technology,Prism,Russell,1521,30.95,39.86,36.7,48.79,50.0,33.47,33.3,,,,,,36.35,41.52,,22,confirmed_bearish_trend,58,bullish_above_signal,37.1,7.02,0.27,-0.02092050,0.01298701,-0.07265522,-0.20588235,4H MACD 位于 Signal 上方,4H EMA 空头排列；4H RSI 偏弱
1194,CLBK,COLUMBIA FINANCIAL INC,Financials,Prism,Russell,403,30.94,41.29,40.9,34.17,50.0,39.01,39.45,,,,,,54.25,45.1,,41,bearish_transition,42,mixed_or_bearish,47.16,11.545,0.17,-0.00431220,0.00347675,0.06651270,0.05050045,,4H EMA 转弱或跌破 EMA26；4H MACD 尚未确认多头
1195,OLMA,OLEMA PHARMACEUTICALS,Health Care,Prism,Russell,1518,30.94,39.86,43.7,30.07,50.0,38.06,38.4,,,,,,31.37,41.52,,28,confirmed_bearish_trend,58,bullish_above_signal,43.12,10.48,0.25,-0.05158371,-0.00832702,-0.12301255,-0.09849462,4H MACD 位于 Signal 上方,4H EMA 空头排列
1196,JBTM,JBT MAREL,Industrials,Prism,Russell,1353,30.93,40.14,29.3,67.73,50.0,25.37,24.3,,,,,,39.86,42.22,,22,confirmed_bearish_trend,28,fresh_bearish_cross,39.35,114.464996,0.18,-0.02636844,-0.01704595,-0.06521030,-0.21432497,,4H EMA 空头排列；4H MACD 最近死叉；4H RSI 偏弱
1197,VNDA,VANDA PHARMACEUTICALS INC,Health Care,Prism,Russell,290,30.92,48.31,32.9,38.99,50.0,32.81,30.9,,,,,,52.63,45.78,,22,confirmed_bearish_trend,42,mixed_or_bearish,43.61,5.245,0.2,-0.03139428,-0.03406998,0.03861386,0.01647287,,4H EMA 空头排列；4H MACD 尚未确认多头
1198,IART,INTEGRA LIFESCIENCES HOLDINGS,Health Care,Prism,Russell,920,30.9,40.64,25.9,75.42,50.0,29.15,28.5,,,,,,41.09,43.47,,22,confirmed_bearish_trend,42,mixed_or_bearish,36.7,16.129999,0.26,-0.00860486,-0.02889837,-0.05562067,-0.18287746,,4H EMA 空头排列；4H MACD 尚未确认多头；4H RSI 偏弱
1199,CWT,CALIFORNIA WATER SERVICE GROUP,Utilities,Prism,Russell,289,30.89,48.31,32.9,38.79,50.0,38.48,37.2,,,,,,52.65,45.78,,36,bearish_transition,42,mixed_or_bearish,44.17,49.619999,0.14,-0.00600960,-0.00140873,0.00323494,-0.05359529,,4H EMA 转弱或跌破 EMA26；4H MACD 尚未确认多头
1200,AVR,ANTERIS TECHNOLOGIES GLOBAL CORP,Health Care,Prism,Russell,1043,30.89,40.53,29.3,66.6,50.0,27.53,26.7,,,,,,39.69,43.19,,22,confirmed_bearish_trend,28,fresh_bearish_cross,41.94,8.525,0.32,-0.03454134,0.00708801,-0.04907975,0.04409063,,4H EMA 空头排列；4H MACD 最近死叉
1201,IDYA,IDEAYA BIOSCIENCES,Health Care,Prism,Russell,288,30.87,48.31,32.9,38.69,50.0,39.29,38.1,,,,,,52.67,45.78,,38,bearish_transition,42,mixed_or_bearish,40.99,38.619999,0.16,-0.01517279,-0.03304958,0.05002719,0.06832633,,4H EMA 转弱或跌破 EMA26；4H MACD 尚未确认多头
1202,NMIH,NMI HOLDINGS,Financials,Prism,Russell,637,30.87,40.93,32.9,55.93,50.0,36.98,37.2,,,,,,49.73,44.2,,36,bearish_transition,42,mixed_or_bearish,44.16,44.459999,0.21,-0.00022492,0.00451878,0.00588231,0.01183432,,4H EMA 转弱或跌破 EMA26；4H MACD 尚未确认多头
1203,HGV,HILTON GRAND VACATIONS,Consumer Discretionary,Prism,Russell,1278,30.87,40.25,25.9,76.14,50.0,29.15,28.5,,,,,,41.22,42.49,,22,confirmed_bearish_trend,42,mixed_or_bearish,34.07,40.439999,0.17,-0.01725402,-0.01892290,-0.04880630,-0.23351022,,4H EMA 空头排列；4H MACD 尚未确认多头；4H RSI 偏弱
1204,BW,BABCOCK AND WILCOX ENTERPRISES,Industrials,Prism,Russell,1850,30.86,38.59,51.7,11.19,50.0,42.52,43.35,,,,,,20.44,38.34,,39,bearish_transition,58,bullish_above_signal,45.3,7.425,0.14,-0.05894729,0.08552632,-0.16619876,-0.15864023,4H MACD 位于 Signal 上方,4H EMA 转弱或跌破 EMA26
1205,HQI,HIREQUEST INC,Industrials,Prism,Russell,188,30.86,48.76,40.9,16.21,50.0,39.29,38.1,,,,,,63.3,46.91,,38,bearish_transition,42,mixed_or_bearish,46.56,16.040001,0.43,0.00501259,0.00375476,0.20330090,0.18682952,,4H EMA 转弱或跌破 EMA26；4H MACD 尚未确认多头
1206,PFBC,PREFERRED BANK,Financials,Prism,Russell,1188,30.84,40.37,22.3,85.27,50.0,25.37,24.3,,,,,,42.78,42.81,,22,confirmed_bearish_trend,28,fresh_bearish_cross,35.71,101.480003,0.26,-0.01761859,-0.00088606,-0.03728300,-0.03398382,,4H EMA 空头排列；4H MACD 最近死叉；4H RSI 偏弱
1207,GOOD,GLADSTONE COMMERCIAL REIT CORP,Real Estate,Prism,Russell,734,30.82,40.81,29.3,65.42,50.0,35.23,35.25,,,,,,48.32,43.91,,41,bearish_transition,28,fresh_bearish_cross,42.74,12.87,0.35,-0.01793209,-0.01000000,0.00712106,-0.00540958,,4H EMA 转弱或跌破 EMA26；4H MACD 最近死叉
1208,NVCT,NUVECTIS PHARMA INC,Health Care,Prism,Russell,111,30.8,49.24,40.9,14.67,50.0,40.51,39.45,,,,,,64.24,48.1,,41,bearish_transition,42,mixed_or_bearish,46.79,23.059999,0.12,-0.03231225,0.00173758,0.22366677,0.16582396,,4H EMA 转弱或跌破 EMA26；4H MACD 尚未确认多头
1209,CVLT,COMMVAULT SYSTEMS,Information Technology,Prism,Russell,1359,30.79,40.13,29.3,66.85,50.0,27.53,26.7,,,,,,39.72,42.19,,22,confirmed_bearish_trend,28,fresh_bearish_cross,44.14,131.369995,0.26,-0.01266392,0.01853000,-0.05804325,0.09465872,,4H EMA 空头排列；4H MACD 最近死叉
1210,FLNG,FLEX LNG,Energy,Prism,Russell,385,30.78,41.33,40.9,33.04,50.0,41.57,42.3,,,,,,54.71,45.19,,38,bearish_transition,50,mixed_or_bearish,49.65,31.32,0.15,0.00642670,-0.00571429,0.03332237,0.01228180,4H MACD 柱体连续扩张；4H RSI 位于健康强势区间,4H EMA 转弱或跌破 EMA26；4H MACD 尚未确认多头
1211,CTS,CTS CORP,Information Technology,Prism,Russell,1687,30.78,39.46,43.7,29.91,50.0,35.63,35.7,,,,,,31.35,40.52,,22,confirmed_bearish_trend,58,bullish_above_signal,40.84,56.355,0.17,-0.01537522,0.00204477,-0.12830629,-0.12924909,4H MACD 位于 Signal 上方,4H EMA 空头排列
1212,DGICA,DONEGAL GROUP INC CLASS A,Financials,Prism,Russell,729,30.77,40.82,29.3,65.06,50.0,34.01,33.9,,,,,,48.42,43.93,,38,bearish_transition,28,fresh_bearish_cross,42.77,18.875,0.31,-0.01281386,-0.01538863,0.01043897,-0.01692713,,4H EMA 转弱或跌破 EMA26；4H MACD 最近死叉
1213,XPEL,XPEL,Consumer Discretionary,Prism,Russell,508,30.75,41.08,37.3,43.05,50.0,35.23,35.25,,,,,,51.61,44.57,,41,bearish_transition,28,fresh_bearish_cross,46.48,49.279999,0.13,-0.01636725,0.02283103,0.03616480,0.12025453,,4H EMA 转弱或跌破 EMA26；4H MACD 最近死叉
1214,WNC,WABASH NATIONAL,Industrials,Prism,Russell,506,30.73,41.08,37.3,42.89,50.0,35.23,35.25,,,,,,51.63,44.58,,41,bearish_transition,28,fresh_bearish_cross,46.65,13.02,0.24,-0.06666667,0.01957713,0.03910615,-0.02031603,,4H EMA 转弱或跌破 EMA26；4H MACD 最近死叉
1215,SLDP,SOLID POWER CLASS A,Consumer Discretionary,Prism,Russell,406,30.67,41.27,65.2,34.27,50.0,55.07,57.3,,,,,,54.06,45.06,,58,mixed_sideways,70,bullish_above_signal,54.33,2.46,0.16,-0.05747126,0.05128205,0.04904051,0.16037736,4H MACD 位于 Signal 上方；4H RSI 位于健康强势区间,4H EMA 仍偏震荡
1216,GALT,GALECTIN THERAPEUTICS INC,Health Care,Prism,Russell,46,30.67,66.03,54.4,5.34,50.0,52.83,49.25,,,,,,77.27,50.7,,55,mixed_sideways,42,mixed_or_bearish,51.03,4.13,1.18,-0.01431981,-0.00959233,0.32797428,0.21828909,4H RSI 位于健康强势区间,4H EMA 仍偏震荡；4H MACD 尚未确认多头
1217,SHLS,SHOALS TECHNOLOGIES GROUP CLASS A,Industrials,Prism,Russell,1861,30.65,38.5,51.7,9.95,50.0,38.06,38.4,,,,,,19.37,38.12,,28,confirmed_bearish_trend,58,bullish_above_signal,46.36,7.09,0.21,-0.06526038,0.06058340,-0.17172897,-0.16930287,4H MACD 位于 Signal 上方,4H EMA 空头排列
1218,PCT,PURECYCLE TECHNOLOGIES,Materials,Prism,Russell,1697,30.63,39.44,43.7,28.99,50.0,36.84,37.05,,,,,,31.1,40.47,,25,confirmed_bearish_trend,58,bullish_above_signal,42.97,6.355,0.1,-0.02902979,0.00873016,-0.12223757,0.02914980,4H MACD 位于 Signal 上方,4H EMA 空头排列
1219,ADV,ADVANTAGE SOLUTIONS CLASS A,Communication,Prism,Russell,623,30.6,40.95,32.9,54.03,50.0,33.47,33.3,,,,,,49.95,44.24,,22,confirmed_bearish_trend,50,mixed_or_bearish,41.58,31.135,0.05,-0.01127342,-0.04405895,0.03956591,-0.23407138,4H MACD 柱体连续扩张,4H EMA 空头排列；4H MACD 尚未确认多头
1220,RJET,REPUBLIC AIRWAYS HOLDINGS,Industrials,Prism,Russell,1700,30.58,39.43,43.7,28.63,50.0,42.52,43.35,,,,,,30.98,40.45,,39,bearish_transition,58,bullish_above_signal,42.93,17.674999,0.4,-0.01146533,0.03544224,-0.12326394,-0.04044522,4H MACD 位于 Signal 上方,4H EMA 转弱或跌破 EMA26
1221,QLYS,QUALYS,Information Technology,Prism,Russell,1457,30.58,39.99,32.9,56.13,50.0,39.14,39.6,,,,,,37.99,41.85,,36,bearish_transition,50,mixed_or_bearish,40.62,170.860001,0.52,-0.00593440,-0.03468926,-0.08154598,0.25882271,4H MACD 柱体连续扩张,4H EMA 转弱或跌破 EMA26；4H MACD 尚未确认多头
1222,CRML,CRITICAL METALS CORP,Materials,Prism,Russell,1635,30.56,39.6,40.9,35.61,50.0,37.79,38.1,,,,,,33.12,40.87,,38,bearish_transition,42,mixed_or_bearish,45.78,6.985,0.09,-0.04315068,0.00939306,0.00646965,0.23192240,,4H EMA 转弱或跌破 EMA26；4H MACD 尚未确认多头
1223,PKE,PARK AEROSPACE CORP,Industrials,Prism,Russell,1702,30.54,39.41,43.7,28.42,50.0,34.69,34.65,,,,,,30.79,40.41,,25,confirmed_bearish_trend,58,bullish_above_signal,39.15,31.395,0.25,-0.02982080,-0.00930896,-0.14687498,-0.08562688,4H MACD 位于 Signal 上方,4H EMA 空头排列；4H RSI 偏弱
1224,TCBX,THIRD COAST BANCSHARES INC,Financials,Prism,Russell,493,30.53,41.1,37.3,41.51,50.0,36.44,36.6,,,,,,51.88,44.63,,44,bearish_transition,28,fresh_bearish_cross,46.52,44.669998,0.1,-0.01910415,0.02079525,0.00835212,0.02313326,,4H EMA 转弱或跌破 EMA26；4H MACD 最近死叉
1225,CADL,CANDEL THERAPEUTICS INC,Health Care,Prism,Russell,100,30.52,58.38,32.9,12.83,50.0,41.29,38.1,,,,,,66.02,48.45,,38,bearish_transition,42,mixed_or_bearish,42.15,12.3,0.21,-0.03225806,-0.04130943,0.17198666,0.27066116,,4H EMA 转弱或跌破 EMA26；4H MACD 尚未确认多头
1226,INTA,INTAPP,Information Technology,Prism,Russell,802,30.51,40.75,25.9,72.55,50.0,35.63,35.7,,,,,,47.52,43.75,,38,bearish_transition,42,mixed_or_bearish,37.79,38.77,0.29,-0.02293347,-0.08084400,0.00134307,0.26740765,,4H EMA 转弱或跌破 EMA26；4H MACD 尚未确认多头；4H RSI 偏弱
1227,ATEX,ANTERIX,Communication,Prism,Russell,1463,30.5,39.98,32.9,55.62,50.0,33.47,33.3,,,,,,37.9,41.83,,22,confirmed_bearish_trend,50,mixed_or_bearish,41.47,86.040001,0.22,0.01015554,-0.03801432,-0.07214496,-0.05792183,4H MACD 柱体连续扩张,4H EMA 空头排列；4H MACD 尚未确认多头
1228,VLGEA,VILLAGE SUPER MARKET INC CLASS A,Consumer Staples,Prism,Russell,359,30.49,41.36,32.9,52.33,50.0,31.31,30.9,,,,,,50.09,45.27,,22,confirmed_bearish_trend,42,mixed_or_bearish,43.0,42.485001,0.16,0.00082450,-0.01243605,0.01931384,-0.02445460,,4H EMA 空头排列；4H MACD 尚未确认多头
1229,STOK,STOKE THERAPEUTICS,Health Care,Prism,Russell,1195,30.48,40.37,32.9,54.59,50.0,31.31,30.9,,,,,,37.7,42.79,,22,confirmed_bearish_trend,50,mixed_or_bearish,38.43,29.705,0.2,-0.02702263,-0.03929495,-0.07805714,0.01382256,4H MACD 柱体连续扩张,4H EMA 空头排列；4H MACD 尚未确认多头；4H RSI 偏弱
1230,NCNO,NCINO,Information Technology,Prism,Russell,148,30.45,48.96,40.9,13.03,50.0,40.51,39.45,,,,,,65.68,47.39,,41,bearish_transition,42,mixed_or_bearish,47.91,21.84,0.15,-0.00929916,-0.02018847,0.15159504,0.17958418,,4H EMA 转弱或跌破 EMA26；4H MACD 尚未确认多头
1231,ESOA,ENERGY SERVICES OF AMERICA CORP,Energy,Prism,Russell,1872,30.45,38.42,51.7,8.83,50.0,36.84,37.05,,,,,,18.42,37.93,,25,confirmed_bearish_trend,58,bullish_above_signal,45.91,11.715,0.28,-0.03021523,0.04133333,-0.24311927,-0.22314324,4H MACD 位于 Signal 上方,4H EMA 空头排列
1232,CWK,CUSHMAN AND WAKEFIELD LTD,Real Estate,Prism,Russell,798,30.44,40.75,25.9,72.09,50.0,29.15,28.5,,,,,,47.55,43.76,,22,confirmed_bearish_trend,42,mixed_or_bearish,37.73,13.165,0.22,-0.01311844,-0.01680358,-0.00865964,-0.03553114,,4H EMA 空头排列；4H MACD 尚未确认多头；4H RSI 偏弱
1233,PWP,PERELLA WEINBERG PARTNERS CLASS A,Financials,Prism,Russell,1381,30.44,40.1,29.3,64.55,50.0,25.37,24.3,,,,,,39.39,42.13,,22,confirmed_bearish_trend,28,fresh_bearish_cross,39.33,16.02,0.22,-0.04982212,-0.02376600,-0.05985921,-0.00712736,,4H EMA 空头排列；4H MACD 最近死叉；4H RSI 偏弱
1234,VAC,MARRIOTT VACATIONS WORLDWIDE,Consumer Discretionary,Prism,Russell,1466,30.42,39.97,32.9,55.11,50.0,29.15,28.5,,,,,,37.8,41.81,,22,confirmed_bearish_trend,42,mixed_or_bearish,39.24,101.019997,0.13,-0.01741077,0.01958009,-0.10736062,-0.01559156,,4H EMA 空头排列；4H MACD 尚未确认多头；4H RSI 偏弱
1235,NNI,NELNET CLASS A,Financials,Prism,Russell,702,30.41,40.85,29.3,62.6,50.0,27.53,26.7,,,,,,48.71,43.99,,22,confirmed_bearish_trend,28,fresh_bearish_cross,41.28,125.559998,0.11,-0.00515015,0.00327604,-0.00899762,-0.08323604,,4H EMA 空头排列；4H MACD 最近死叉
1236,RAIL,FREIGHTCAR AMERICA INC,Industrials,Prism,Russell,1710,30.4,39.4,43.7,27.55,50.0,34.69,34.65,,,,,,30.58,40.37,,25,confirmed_bearish_trend,58,bullish_above_signal,39.25,6.76,0.55,-0.08401084,0.01046338,-0.14538559,-0.20750293,4H MACD 位于 Signal 上方,4H EMA 空头排列；4H RSI 偏弱
1237,ACHV,ACHIEVE LIFE SCIENCES,Health Care,Prism,Russell,90,30.39,58.49,32.9,11.7,50.0,41.29,38.1,,,,,,67.39,48.73,,38,bearish_transition,42,mixed_or_bearish,41.25,7.68,0.18,-0.05882353,-0.07021792,0.15228807,0.24473258,,4H EMA 转弱或跌破 EMA26；4H MACD 尚未确认多头
1238,CLDT,CHATHAM LODGING TRUST REIT,Real Estate,Prism,Russell,616,30.39,40.95,32.9,52.64,50.0,33.47,33.3,,,,,,50.01,44.25,,22,confirmed_bearish_trend,50,mixed_or_bearish,42.02,12.84,0.21,0.00508806,-0.01872373,0.03215434,-0.05968510,4H MACD 柱体连续扩张,4H EMA 空头排列；4H MACD 尚未确认多头
1239,INGN,INOGEN,Health Care,Prism,Russell,1317,30.39,40.18,36.7,44.33,50.0,33.47,33.3,,,,,,35.39,42.33,,22,confirmed_bearish_trend,58,bullish_above_signal,35.03,5.29,0.15,0.00094607,-0.01028999,-0.12271973,-0.17729393,4H MACD 位于 Signal 上方,4H EMA 空头排列；4H RSI 偏弱
1240,NTGR,NETGEAR,Information Technology,Prism,Russell,1555,30.37,39.79,36.7,45.1,50.0,33.47,33.3,,,,,,35.53,41.36,,22,confirmed_bearish_trend,58,bullish_above_signal,37.49,20.695,0.31,-0.02657573,-0.00790992,-0.10333622,-0.16282359,4H MACD 位于 Signal 上方,4H EMA 空头排列；4H RSI 偏弱
1241,RHP,RYMAN HOSPITALITY PROPERTIES REIT,Real Estate,Prism,Russell,614,30.36,40.95,32.9,52.44,50.0,33.47,33.3,,,,,,50.04,44.26,,22,confirmed_bearish_trend,50,mixed_or_bearish,40.56,122.565002,0.15,0.00644607,-0.00797249,0.02265335,-0.09872051,4H MACD 柱体连续扩张,4H EMA 空头排列；4H MACD 尚未确认多头
1242,RDNW,RIDENOW GROUP INC CLASS B,Consumer Discretionary,Prism,Russell,1714,30.31,39.38,43.7,26.99,50.0,33.47,33.3,,,,,,30.35,40.32,,22,confirmed_bearish_trend,58,bullish_above_signal,38.15,5.64,0.12,-0.01570681,0.01256732,-0.12286159,-0.13496933,4H MACD 位于 Signal 上方,4H EMA 空头排列；4H RSI 偏弱
1243,VCTR,VICTORY CAPITAL HOLDINGS CLASS A,Financials,Prism,Russell,609,30.3,40.96,32.9,52.03,50.0,39.95,40.5,,,,,,50.16,44.28,,38,bearish_transition,50,mixed_or_bearish,41.08,111.919998,0.1,-0.01539544,-0.01008314,0.00439736,0.11385345,4H MACD 柱体连续扩张,4H EMA 转弱或跌破 EMA26；4H MACD 尚未确认多头
1244,BRCB,BLACK ROCK COFFEE BAR CLASS A,Consumer Discretionary,Prism,Russell,130,30.28,49.14,40.9,11.49,50.0,40.51,39.45,,,,,,68.02,47.85,,41,bearish_transition,42,mixed_or_bearish,45.12,8.92,0.33,-0.06105263,-0.04394427,0.22527473,0.06317044,,4H EMA 转弱或跌破 EMA26；4H MACD 尚未确认多头
1245,BELFB,BEL FUSE CLASS B,Information Technology,Prism,Russell,1717,30.27,39.37,43.7,26.73,50.0,44.68,45.75,,,,,,30.32,40.31,,39,bearish_transition,66,bullish_above_signal,44.22,247.220001,0.13,-0.01615727,0.01523554,-0.12870935,-0.01701789,4H MACD 位于 Signal 上方；4H MACD 柱体连续扩张,4H EMA 转弱或跌破 EMA26
1246,FOSL,FOSSIL GROUP INC,Consumer Discretionary,Prism,Russell,1471,30.26,39.96,32.9,54.08,50.0,36.98,37.2,,,,,,37.6,41.77,,36,bearish_transition,42,mixed_or_bearish,41.76,5.0,0.31,-0.00891972,0.02459016,-0.06629318,0.12866817,,4H EMA 转弱或跌破 EMA26；4H MACD 尚未确认多头
1247,AMAL,AMALGAMATED FINANCIAL CORP,Financials,Prism,Russell,693,30.26,40.85,29.3,61.62,50.0,28.25,27.5,,,,,,48.81,44.01,,22,confirmed_bearish_trend,28,fresh_bearish_cross,42.75,47.98,0.55,-0.01031353,0.01373332,-0.02854827,-0.03789852,,4H EMA 空头排列；4H MACD 最近死叉
1248,ALGT,ALLEGIANT TRAVEL,Industrials,Prism,Russell,1718,30.25,39.37,43.7,26.58,50.0,36.84,37.05,,,,,,30.28,40.31,,25,confirmed_bearish_trend,58,bullish_above_signal,41.98,76.510002,0.16,-0.01658099,0.05720601,-0.14513964,-0.24672638,4H MACD 位于 Signal 上方,4H EMA 空头排列
1249,RIG,TRANSOCEAN,Energy,Prism,Russell,601,30.22,40.97,32.9,51.46,50.0,37.79,38.1,,,,,,50.26,44.3,,38,bearish_transition,42,mixed_or_bearish,44.25,5.725,0.29,-0.02053037,-0.03456998,0.00085663,0.14614615,,4H EMA 转弱或跌破 EMA26；4H MACD 尚未确认多头
1250,SHO,SUNSTONE HOTEL INVESTORS REIT INC,Real Estate,Prism,Russell,600,30.22,40.97,32.9,51.46,50.0,31.31,30.9,,,,,,50.26,44.3,,22,confirmed_bearish_trend,42,mixed_or_bearish,42.33,10.93,0.15,-0.00091408,-0.00364631,0.01156872,-0.07136788,,4H EMA 空头排列；4H MACD 尚未确认多头
1251,RXO,RXO INC,Industrials,Prism,Russell,1314,30.2,40.19,25.9,71.83,50.0,31.31,30.9,,,,,,40.49,42.35,,22,confirmed_bearish_trend,50,mixed_or_bearish,37.73,19.91,0.38,-0.01824462,-0.00895968,-0.06613508,-0.12097130,4H MACD 柱体连续扩张,4H EMA 空头排列；4H MACD 尚未确认多头；4H RSI 偏弱
1252,CTO,CTO REALTY GROWTH INC,Real Estate,Prism,Russell,866,30.2,40.68,22.3,80.25,50.0,25.37,24.3,,,,,,46.67,43.58,,22,confirmed_bearish_trend,28,fresh_bearish_cross,37.89,21.309999,0.2,-0.00768340,-0.00837604,-0.00837604,-0.02782851,,4H EMA 空头排列；4H MACD 最近死叉；4H RSI 偏弱
1253,WYFI,WHITEFIBER INC,Information Technology,Prism,Russell,1882,30.19,38.28,51.7,7.39,50.0,36.84,37.05,,,,,,16.59,37.57,,25,confirmed_bearish_trend,58,bullish_above_signal,45.37,19.299999,0.13,-0.07469561,0.10285709,-0.18185676,-0.17907278,4H MACD 位于 Signal 上方,4H EMA 空头排列
1254,SONO,SONOS,Consumer Discretionary,Prism,Russell,1316,30.17,40.18,25.9,71.63,50.0,29.15,28.5,,,,,,40.42,42.33,,22,confirmed_bearish_trend,42,mixed_or_bearish,37.01,14.39,0.23,-0.00552868,-0.04953765,-0.06800518,-0.14345233,,4H EMA 空头排列；4H MACD 尚未确认多头；4H RSI 偏弱
1255,CTRI,CENTURI HOLDINGS INC,Industrials,Prism,Russell,1725,30.16,39.36,43.7,26.06,50.0,33.47,33.3,,,,,,30.08,40.27,,22,confirmed_bearish_trend,58,bullish_above_signal,38.15,20.33,0.22,-0.02212607,-0.00732422,-0.14381979,-0.21972750,4H MACD 位于 Signal 上方,4H EMA 空头排列；4H RSI 偏弱
1256,IMMX,IMMIX BIOPHARMA,Health Care,Prism,Russell,77,30.14,58.68,32.9,9.65,50.0,41.29,38.1,,,,,,69.68,49.19,,38,bearish_transition,42,mixed_or_bearish,41.33,12.71,0.14,-0.04579580,-0.09279086,0.25221675,0.50592417,,4H EMA 转弱或跌破 EMA26；4H MACD 尚未确认多头
1257,NPK,NATIONAL PRESTO INDUSTRIES INC,Industrials,Prism,Russell,323,30.14,41.47,40.9,28.42,50.0,37.79,38.1,,,,,,56.44,45.54,,38,bearish_transition,42,mixed_or_bearish,46.53,145.639999,0.15,-0.02281263,-0.00232907,0.05896895,0.17955777,,4H EMA 转弱或跌破 EMA26；4H MACD 尚未确认多头
1258,SR,SPIRE INC,Utilities,Prism,Russell,402,30.13,41.29,29.3,59.72,50.0,34.73,34.7,,,,,,49.25,45.1,,38,bearish_transition,28,fresh_bearish_cross,43.21,81.529999,0.67,-0.02813208,-0.01521925,0.00629477,-0.01271498,,4H EMA 转弱或跌破 EMA26；4H MACD 最近死叉
1259,NVCR,NOVOCURE,Health Care,Prism,Russell,988,30.09,40.57,25.9,70.19,50.0,34.82,34.8,,,,,,40.2,43.29,,36,bearish_transition,42,mixed_or_bearish,36.07,16.35,0.29,-0.06624786,-0.05926347,-0.05491324,0.00183824,,4H EMA 转弱或跌破 EMA26；4H MACD 尚未确认多头；4H RSI 偏弱
1260,RLGT,RADIANT LOGISTIC INC,Industrials,Prism,Russell,588,30.09,40.99,32.9,50.59,50.0,31.31,30.9,,,,,,50.45,44.34,,22,confirmed_bearish_trend,42,mixed_or_bearish,41.1,8.285,0.14,-0.01015532,-0.00060314,-0.00420673,-0.05422374,,4H EMA 空头排列；4H MACD 尚未确认多头
1261,AKR,ACADIA REALTY TRUST REIT,Real Estate,Prism,Russell,776,30.09,40.77,25.9,69.73,50.0,29.15,28.5,,,,,,47.73,43.8,,22,confirmed_bearish_trend,42,mixed_or_bearish,34.44,20.16,0.15,-0.01200691,-0.01418098,-0.00542674,-0.08943085,,4H EMA 空头排列；4H MACD 尚未确认多头；4H RSI 偏弱
1262,TRMK,TRUSTMARK,Financials,Prism,Russell,1237,30.08,40.31,22.3,80.35,50.0,26.09,25.1,,,,,,42.0,42.65,,22,confirmed_bearish_trend,28,fresh_bearish_cross,36.01,45.060001,0.8,-0.02340698,-0.00298703,-0.04695427,-0.03635580,,4H EMA 空头排列；4H MACD 最近死叉；4H RSI 偏弱
1263,SRRK,SCHOLAR ROCK HOLDING,Health Care,Prism,Russell,245,30.07,48.48,32.9,32.94,50.0,39.29,38.1,,,,,,54.77,46.2,,38,bearish_transition,42,mixed_or_bearish,42.92,54.5,0.51,-0.04620229,-0.02487026,0.05009630,0.10390928,,4H EMA 转弱或跌破 EMA26；4H MACD 尚未确认多头
1264,SPHR,SPHERE ENTERTAINMENT CLASS A,Communication,Prism,Russell,1729,30.07,39.35,43.7,25.45,50.0,33.47,33.3,,,,,,29.95,40.24,,22,confirmed_bearish_trend,58,bullish_above_signal,38.51,140.175003,0.29,-0.00904881,0.05276012,-0.13706599,-0.00957391,4H MACD 位于 Signal 上方,4H EMA 空头排列；4H RSI 偏弱
1265,TSSI,TSS INC,Information Technology,Prism,Russell,1889,30.06,38.23,51.7,6.67,50.0,42.52,43.35,,,,,,15.96,37.44,,39,bearish_transition,58,bullish_above_signal,46.51,8.44,0.07,-0.03652968,0.07106599,-0.27304048,-0.08658009,4H MACD 位于 Signal 上方,4H EMA 转弱或跌破 EMA26
1266,BRT,BRT APARTMENTS CORP,Real Estate,Prism,Russell,586,30.05,40.99,32.9,50.28,50.0,31.31,30.9,,,,,,50.46,44.34,,22,confirmed_bearish_trend,42,mixed_or_bearish,41.26,14.19,0.33,-0.01526718,-0.02070393,0.00424628,-0.06026490,,4H EMA 空头排列；4H MACD 尚未确认多头
1267,AOSL,ALPHA AND OMEGA SEMICONDUCTOR,Information Technology,Prism,Russell,1891,30.04,38.21,51.7,6.57,50.0,42.52,43.35,,,,,,15.79,37.41,,39,bearish_transition,58,bullish_above_signal,45.53,25.525,0.12,-0.00912267,0.07791385,-0.26185661,-0.11525130,4H MACD 位于 Signal 上方,4H EMA 转弱或跌破 EMA26
1268,GO,GROCERY OUTLET HOLDING,Consumer Staples,Prism,Russell,71,30.04,58.74,32.9,8.83,50.0,41.29,38.1,,,,,,70.57,49.36,,38,bearish_transition,42,mixed_or_bearish,43.96,11.51,0.14,-0.04639602,-0.04993809,0.16912138,0.26275370,,4H EMA 转弱或跌破 EMA26；4H MACD 尚未确认多头
1269,BBSI,BARRETT BUSINESS SERVICES INC,Industrials,Prism,Russell,773,30.03,40.77,25.9,69.32,50.0,29.15,28.5,,,,,,47.76,43.8,,22,confirmed_bearish_trend,42,mixed_or_bearish,34.37,32.389999,0.27,-0.00460977,-0.04228270,0.00325225,-0.21077002,,4H EMA 空头排列；4H MACD 尚未确认多头；4H RSI 偏弱
1270,TMP,TOMPKINS FINANCIAL CORP,Financials,Prism,Russell,675,30.02,40.89,29.3,59.93,50.0,33.2,33.0,,,,,,49.24,44.1,,36,bearish_transition,28,fresh_bearish_cross,43.67,96.705002,0.25,-0.01692590,0.01251178,-0.00774674,-0.04356640,,4H EMA 转弱或跌破 EMA26；4H MACD 最近死叉
1271,OFRM,ONCE UPON A FARM PBC,Consumer Staples,Prism,Russell,1133,30.02,40.45,29.3,60.95,50.0,27.53,26.7,,,,,,38.69,42.99,,22,confirmed_bearish_trend,28,fresh_bearish_cross,43.68,16.950001,0.18,-0.02976520,-0.02586201,-0.05728582,0.07550768,,4H EMA 空头排列；4H MACD 最近死叉
1272,BMBL,BUMBLE CLASS A,Communication,Prism,Russell,338,30.01,41.42,65.2,29.55,50.0,55.07,57.3,,,,,,55.83,45.42,,58,mixed_sideways,70,bullish_above_signal,60.06,2.915,0.1,-0.01018676,0.08971963,0.06972477,-0.02833333,4H MACD 位于 Signal 上方；4H RSI 位于健康强势区间,4H EMA 仍偏震荡
1273,LEGH,LEGACY HOUSING CORP,Consumer Discretionary,Prism,Russell,1327,30.0,40.17,25.9,70.55,50.0,34.82,34.8,,,,,,40.24,42.3,,36,bearish_transition,42,mixed_or_bearish,37.61,27.25,0.19,-0.02013661,-0.01268116,-0.04083069,0.01983537,,4H EMA 转弱或跌破 EMA26；4H MACD 尚未确认多头；4H RSI 偏弱
1274,AVNT,AVIENT CORP,Materials,Prism,Russell,1485,29.95,39.93,32.9,52.08,50.0,34.82,34.8,,,,,,37.2,41.69,,36,bearish_transition,42,mixed_or_bearish,38.12,41.98,0.17,-0.03115629,-0.01524750,-0.07999125,0.13077441,,4H EMA 转弱或跌破 EMA26；4H MACD 尚未确认多头；4H RSI 偏弱
1275,ANRO,ALTO NEUROSCIENCE INC,Health Care,Prism,Russell,63,29.93,58.91,32.9,7.7,50.0,42.51,39.45,,,,,,72.6,49.77,,41,bearish_transition,42,mixed_or_bearish,43.28,34.130001,0.48,-0.06055604,-0.03039773,0.20771412,0.24607529,,4H EMA 转弱或跌破 EMA26；4H MACD 尚未确认多头
1276,BCRX,BIOCRYST PHARMACEUTICALS,Health Care,Prism,Russell,1001,29.89,40.55,25.9,68.91,50.0,29.15,28.5,,,,,,40.07,43.26,,22,confirmed_bearish_trend,42,mixed_or_bearish,34.63,9.115,0.15,-0.01936525,-0.08114919,-0.07461929,-0.06416838,,4H EMA 空头排列；4H MACD 尚未确认多头；4H RSI 偏弱
1277,DHC,DIVERSIFIED HEALTHCARE TRUST,Real Estate,Prism,Russell,1582,29.88,39.73,36.7,41.97,50.0,33.47,33.3,,,,,,34.77,41.2,,22,confirmed_bearish_trend,58,bullish_above_signal,34.78,7.435,0.28,-0.03253090,-0.02619515,-0.11907583,-0.19403794,4H MACD 位于 Signal 上方,4H EMA 空头排列；4H RSI 偏弱
1278,ASUR,ASURE SOFTWARE INC,Industrials,Prism,Russell,761,29.87,40.78,25.9,68.24,50.0,35.63,35.7,,,,,,47.88,43.83,,38,bearish_transition,42,mixed_or_bearish,36.0,8.41,0.19,-0.06085985,-0.06762749,0.00598086,0.01939394,,4H EMA 转弱或跌破 EMA26；4H MACD 尚未确认多头；4H RSI 偏弱
1279,PJT,PJT PARTNERS CLASS A,Financials,Prism,Russell,426,29.84,41.22,37.3,36.63,50.0,36.84,37.05,,,,,,53.41,44.93,,41,bearish_transition,28,fresh_bearish_cross,48.84,178.660004,0.11,-0.01894458,-0.00705824,0.05591021,0.03170299,4H RSI 位于健康强势区间,4H EMA 转弱或跌破 EMA26；4H MACD 最近死叉
1280,PRG,PROG HOLDINGS INC,Financials,Prism,Russell,1585,29.82,39.73,36.7,41.56,50.0,33.47,33.3,,,,,,34.69,41.19,,22,confirmed_bearish_trend,58,bullish_above_signal,36.96,37.529999,0.27,-0.01184837,-0.00186168,-0.11045272,-0.16581468,4H MACD 位于 Signal 上方,4H EMA 空头排列；4H RSI 偏弱
1281,FCEL,FUELCELL ENERGY INC,Industrials,Prism,Russell,1901,29.81,38.05,51.7,5.44,50.0,44.68,45.75,,,,,,13.8,37.01,,39,bearish_transition,66,bullish_above_signal,45.77,16.620001,0.12,-0.06471576,-0.02690918,-0.16145303,-0.15421129,4H MACD 位于 Signal 上方；4H MACD 柱体连续扩张,4H EMA 转弱或跌破 EMA26
1282,KAI,KADANT INC,Industrials,Prism,Russell,1586,29.8,39.72,36.7,41.46,50.0,33.47,33.3,,,,,,34.66,41.18,,22,confirmed_bearish_trend,58,bullish_above_signal,35.13,292.565002,0.26,-0.02561157,0.00025646,-0.12305915,-0.06947935,4H MACD 位于 Signal 上方,4H EMA 空头排列；4H RSI 偏弱
1283,FULC,FULCRUM THERAPEUTICS,Health Care,Prism,Russell,387,29.79,41.32,54.4,57.11,50.0,45.08,46.2,,,,,,49.66,45.18,,52,mixed_sideways,42,mixed_or_bearish,52.71,3.845,0.36,0.00522876,-0.00517464,0.02396804,0.03221477,4H RSI 位于健康强势区间,4H EMA 仍偏震荡；4H MACD 尚未确认多头
1284,KURA,KURA ONCOLOGY,Health Care,Prism,Russell,55,29.79,59.12,32.9,6.26,50.0,41.29,38.1,,,,,,75.29,50.31,,38,bearish_transition,42,mixed_or_bearish,41.12,12.05,0.23,-0.06589147,-0.06516680,0.22149012,0.29548997,,4H EMA 转弱或跌破 EMA26；4H MACD 尚未确认多头
1285,OI,O I GLASS,Materials,Prism,Russell,1343,29.79,40.16,25.9,69.16,50.0,29.15,28.5,,,,,,40.08,42.27,,22,confirmed_bearish_trend,42,mixed_or_bearish,34.51,6.565,0.29,-0.03668379,-0.06281228,-0.06348074,-0.27618523,,4H EMA 空头排列；4H MACD 尚未确认多头；4H RSI 偏弱
1286,PTRN,PATTERN GROUP SERIES A,Consumer Discretionary,Prism,Russell,1495,29.79,39.91,32.9,51.1,50.0,29.15,28.5,,,,,,37.02,41.65,,22,confirmed_bearish_trend,42,mixed_or_bearish,39.11,19.790001,0.29,0.00969393,-0.01198203,-0.06208526,-0.14421617,,4H EMA 空头排列；4H MACD 尚未确认多头；4H RSI 偏弱
1287,FLYW,FLYWIRE,Financials,Prism,Russell,565,29.78,41.01,32.9,48.44,50.0,34.82,34.8,,,,,,50.7,44.39,,36,bearish_transition,42,mixed_or_bearish,39.32,17.940001,0.14,0.00167510,-0.01347253,0.03162749,0.08267960,,4H EMA 转弱或跌破 EMA26；4H MACD 尚未确认多头；4H RSI 偏弱
1288,CURV,TORRID HOLDINGS INC,Consumer Discretionary,Prism,Russell,310,29.74,41.5,65.2,27.6,50.0,55.07,57.3,,,,,,56.87,45.62,,58,mixed_sideways,70,bullish_above_signal,53.42,2.375,0.12,-0.06311637,0.08944954,-0.05566600,-0.12361624,4H MACD 位于 Signal 上方；4H RSI 位于健康强势区间,4H EMA 仍偏震荡
1289,EVC,ENTRAVISION COMMUNICATIONS CORP CL,Communication,Prism,Russell,1907,29.69,37.91,51.7,4.93,50.0,36.84,37.05,,,,,,12.03,36.66,,25,confirmed_bearish_trend,58,bullish_above_signal,46.11,8.32,0.13,-0.00239808,0.03482587,-0.28949616,-0.23739688,4H MACD 位于 Signal 上方,4H EMA 空头排列
1290,CC,CHEMOURS,Materials,Prism,Russell,559,29.66,41.01,32.9,47.67,50.0,31.31,30.9,,,,,,50.79,44.41,,22,confirmed_bearish_trend,42,mixed_or_bearish,41.47,15.115,0.14,-0.01595052,0.00099338,0.03704974,-0.11452841,,4H EMA 空头排列；4H MACD 尚未确认多头
1291,CODI,COMPASS DIVERSIFIED,Financials,Prism,Russell,652,29.65,40.92,29.3,57.41,50.0,34.01,33.9,,,,,,49.65,44.18,,38,bearish_transition,28,fresh_bearish_cross,44.44,11.355,0.11,-0.00829694,-0.00743007,0.02481949,0.10029070,,4H EMA 转弱或跌破 EMA26；4H MACD 最近死叉
1292,KYMR,KYMERA THERAPEUTICS,Health Care,Prism,Russell,228,29.63,48.56,32.9,29.81,50.0,39.29,38.1,,,,,,55.72,46.39,,38,bearish_transition,42,mixed_or_bearish,42.44,115.82,0.3,-0.02835568,-0.02770318,0.06520737,0.09192043,,4H EMA 转弱或跌破 EMA26；4H MACD 尚未确认多头
1293,DLO,DLOCAL CLASS A,Financials,Prism,Russell,555,29.63,41.02,32.9,47.41,50.0,37.79,38.1,,,,,,50.84,44.42,,38,bearish_transition,42,mixed_or_bearish,42.43,14.685,0.1,-0.01376763,-0.01044474,0.02192067,-0.01244116,,4H EMA 转弱或跌破 EMA26；4H MACD 尚未确认多头
1294,VAL,VALARIS LTD,Energy,Prism,Russell,554,29.6,41.02,32.9,47.2,50.0,38.51,38.9,,,,,,50.87,44.42,,38,bearish_transition,42,mixed_or_bearish,44.76,85.309998,0.57,-0.01577687,-0.03100867,-0.00338785,0.14540809,,4H EMA 转弱或跌破 EMA26；4H MACD 尚未确认多头
1295,PSTL,POSTAL REALTY TRUST CLASS A,Real Estate,Prism,Russell,411,29.6,41.26,37.3,34.94,50.0,35.23,35.25,,,,,,53.89,45.03,,41,bearish_transition,28,fresh_bearish_cross,46.84,23.379999,0.24,-0.01908957,-0.01474930,0.04003554,-0.01225184,,4H EMA 转弱或跌破 EMA26；4H MACD 最近死叉
1296,MGTX,MEIRAGTX HOLDINGS PLC,Health Care,Prism,Russell,332,29.59,41.43,32.9,46.18,50.0,36.98,37.2,,,,,,51.05,45.46,,36,bearish_transition,42,mixed_or_bearish,41.95,13.435,0.15,-0.01647145,-0.05320648,0.03187404,0.13567202,,4H EMA 转弱或跌破 EMA26；4H MACD 尚未确认多头
1297,DBI,DESIGNER BRANDS CLASS A,Consumer Discretionary,Prism,Russell,1806,29.58,39.0,46.1,16.62,50.0,45.08,46.2,,,,,,25.63,39.38,,36,bearish_transition,72,fresh_below_zero_cross,41.4,5.235,0.33,0.02246094,0.00479846,-0.20198171,-0.17688679,4H MACD 刚金叉但仍需零轴确认；4H MACD 柱体连续扩张,4H EMA 转弱或跌破 EMA26
1298,IVT,INVENTRUST PROPERTIES,Real Estate,Prism,Russell,1132,29.55,40.45,36.7,91.43,50.0,33.47,33.3,,,,,,43.7,42.99,,22,confirmed_bearish_trend,58,bullish_above_signal,33.76,32.169998,0.32,-0.01590704,-0.01137071,-0.02099826,-0.10738077,4H MACD 位于 Signal 上方,4H EMA 空头排列；4H RSI 偏弱
1299,MNTN,MNTN CLASS A,Communication,Prism,Russell,548,29.51,41.03,32.9,46.64,50.0,35.63,35.7,,,,,,50.95,44.44,,38,bearish_transition,42,mixed_or_bearish,39.22,12.0207,0.27,-0.07319198,-0.02902262,0.04075325,0.25608150,,4H EMA 转弱或跌破 EMA26；4H MACD 尚未确认多头；4H RSI 偏弱
1300,ENVA,ENOVA INTERNATIONAL,Financials,Prism,Russell,1598,29.5,39.69,36.7,39.51,50.0,33.47,33.3,,,,,,34.31,41.11,,22,confirmed_bearish_trend,58,bullish_above_signal,37.66,225.744995,0.16,-0.00004434,0.02031636,-0.10659727,-0.09255541,4H MACD 位于 Signal 上方,4H EMA 空头排列；4H RSI 偏弱
1301,ACIC,AMERICAN COASTAL INSURANCE CORP,Financials,Prism,Russell,1438,29.47,40.01,29.3,58.29,50.0,25.37,24.3,,,,,,38.3,41.91,,22,confirmed_bearish_trend,28,fresh_bearish_cross,39.06,9.27,0.21,-0.00749465,-0.00855615,-0.06740443,-0.14562212,,4H EMA 空头排列；4H MACD 最近死叉；4H RSI 偏弱
1302,CRMD,CORMEDIX,Health Care,Prism,Russell,216,29.42,48.62,32.9,28.32,50.0,39.29,38.1,,,,,,56.47,46.54,,38,bearish_transition,42,mixed_or_bearish,43.84,8.12,0.17,-0.01575758,-0.03044776,0.07835325,0.10551396,,4H EMA 转弱或跌破 EMA26；4H MACD 尚未确认多头
1303,NVEC,NVE CORP,Information Technology,Prism,Russell,1765,29.4,39.21,43.7,21.29,50.0,42.52,43.35,,,,,,28.25,39.9,,39,bearish_transition,58,bullish_above_signal,42.36,100.970001,0.05,-0.01722793,0.03009594,-0.14504655,-0.13352783,4H MACD 位于 Signal 上方,4H EMA 转弱或跌破 EMA26
1304,ANAB,ANAPTYSBIO,Health Care,Prism,Russell,374,29.39,41.34,29.3,54.64,50.0,27.53,26.7,,,,,,49.89,45.23,,22,confirmed_bearish_trend,28,fresh_bearish_cross,42.28,55.400002,0.11,-0.03467498,0.00126514,-0.00198155,0.06456574,,4H EMA 空头排列；4H MACD 最近死叉
1305,AMPL,AMPLITUDE CLASS A,Information Technology,Prism,Russell,727,29.37,40.83,25.9,64.8,50.0,35.63,35.7,,,,,,48.44,43.94,,38,bearish_transition,42,mixed_or_bearish,35.86,12.315,0.13,-0.02571203,-0.10922242,0.01066886,0.40823328,,4H EMA 转弱或跌破 EMA26；4H MACD 尚未确认多头；4H RSI 偏弱
1306,KELYA,KELLY SERVICES INC CLASS A,Industrials,Prism,Russell,728,29.37,40.83,25.9,64.8,50.0,34.82,34.8,,,,,,48.44,43.94,,36,bearish_transition,42,mixed_or_bearish,37.56,15.895,0.14,-0.00780275,-0.04706235,0.01565495,-0.01548467,,4H EMA 转弱或跌破 EMA26；4H MACD 尚未确认多头；4H RSI 偏弱
1307,CRI,CARTERS,Consumer Discretionary,Prism,Russell,1766,29.37,39.21,43.7,21.14,50.0,33.47,33.3,,,,,,28.24,39.9,,22,confirmed_bearish_trend,58,bullish_above_signal,38.36,32.560001,0.26,0.00200037,0.01718223,-0.19306065,-0.17444214,4H MACD 位于 Signal 上方,4H EMA 空头排列；4H RSI 偏弱
1308,VGNT,VERSIGENT PLC,Consumer Discretionary,Prism,Russell,629,29.32,40.93,29.3,55.16,50.0,34.01,33.9,,,,,,49.8,44.21,,38,bearish_transition,28,fresh_bearish_cross,42.14,45.549999,0.45,-0.04945741,-0.01470909,0.03405221,0.03124295,,4H EMA 转弱或跌破 EMA26；4H MACD 最近死叉
1309,AMPY,AMPLIFY ENERGY,Energy,Prism,Russell,102,29.31,49.37,64.3,8.72,50.0,68.18,70.2,,,,,,70.88,48.43,,100,confirmed_bullish_trend,50,mixed_or_bearish,63.55,4.975,0.15,0.00708502,-0.00500000,0.19591346,0.35374150,4H EMA 多头排列已连续维持；4H MACD 柱体连续扩张；4H RSI 位于健康强势区间,4H MACD 尚未确认多头
1310,KRYS,KRYSTAL BIOTECH,Health Care,Prism,Russell,321,29.31,41.47,32.9,44.28,50.0,37.79,38.1,,,,,,51.47,45.54,,38,bearish_transition,42,mixed_or_bearish,43.16,345.470001,0.16,-0.02213481,-0.05048921,0.04107403,-0.05150594,,4H EMA 转弱或跌破 EMA26；4H MACD 尚未确认多头
1311,BETA,BETA TECHNOLOGIES CLASS A,Industrials,Prism,Russell,1771,29.28,39.2,43.7,20.52,50.0,36.84,37.05,,,,,,28.08,39.87,,25,confirmed_bearish_trend,58,bullish_above_signal,40.8,20.415001,0.21,-0.05660804,0.03998992,-0.14114426,0.11314073,4H MACD 位于 Signal 上方,4H EMA 空头排列
1312,XZO,EXZEO GROUP INC,Financials,Prism,Russell,528,29.28,41.05,32.9,45.05,50.0,34.82,34.8,,,,,,51.26,44.5,,36,bearish_transition,42,mixed_or_bearish,38.76,15.98,0.27,-0.01248294,-0.03676914,0.00756620,-0.02768476,,4H EMA 转弱或跌破 EMA26；4H MACD 尚未确认多头；4H RSI 偏弱
1313,YSWY,YESWAY INC CLASS A,Consumer Staples,Prism,Russell,202,29.18,48.68,32.9,26.58,50.0,39.29,38.1,,,,,,57.25,46.7,,38,bearish_transition,42,mixed_or_bearish,40.61,23.290001,0.26,-0.03421103,-0.04431678,0.09445488,0.17507573,,4H EMA 转弱或跌破 EMA26；4H MACD 尚未确认多头
1314,NTLA,INTELLIA THERAPEUTICS,Health Care,Prism,Russell,318,29.17,41.48,32.9,43.25,50.0,37.79,38.1,,,,,,51.6,45.57,,38,bearish_transition,42,mixed_or_bearish,44.35,12.365,0.32,-0.03774319,-0.02561072,0.02870216,0.13544536,,4H EMA 转弱或跌破 EMA26；4H MACD 尚未确认多头
1315,ZYME,ZYMEWORKS,Health Care,Prism,Russell,200,29.16,48.68,32.9,26.37,50.0,39.29,38.1,,,,,,57.29,46.71,,38,bearish_transition,42,mixed_or_bearish,43.14,27.4,0.17,-0.04329606,-0.07681941,0.13387125,0.20971302,,4H EMA 转弱或跌破 EMA26；4H MACD 尚未确认多头
1316,UNF,UNIFIRST,Industrials,Prism,Russell,883,29.16,40.67,39.1,81.89,50.0,37.97,38.3,,,,,,46.5,43.55,,22,confirmed_bearish_trend,72,fresh_below_zero_cross,33.52,274.140503,0.97,-0.00243621,-0.01242658,-0.05351302,-0.08802230,4H MACD 刚金叉但仍需零轴确认；4H MACD 柱体连续扩张,4H EMA 空头排列；4H RSI 偏弱
1317,PAY,PAYMENTUS HOLDINGS INC CLASS A,Financials,Prism,Russell,1537,29.15,39.83,32.9,47.0,50.0,34.82,34.8,,,,,,35.99,41.45,,36,bearish_transition,42,mixed_or_bearish,39.2,35.0,0.04,-0.00737374,-0.00398404,-0.10233398,0.02444019,,4H EMA 转弱或跌破 EMA26；4H MACD 尚未确认多头；4H RSI 偏弱
1318,FFIN,FIRST FINANCIAL BANKSHARES INC,Financials,Prism,Russell,1294,29.11,40.22,22.3,74.09,50.0,25.37,24.3,,,,,,40.89,42.43,,22,confirmed_bearish_trend,28,fresh_bearish_cross,34.36,32.625,0.3,-0.02085834,0.00045995,-0.05090909,-0.07341662,,4H EMA 空头排列；4H MACD 最近死叉；4H RSI 偏弱
1319,ULCC,FRONTIER GROUP HOLDINGS,Industrials,Prism,Russell,1780,29.09,39.15,43.7,19.39,50.0,36.84,37.05,,,,,,27.43,39.74,,25,confirmed_bearish_trend,58,bullish_above_signal,41.7,5.695,0.35,-0.02482877,0.03170290,-0.15878877,-0.08440514,4H MACD 位于 Signal 上方,4H EMA 空头排列
1320,HLIO,HELIOS TECHNOLOGIES INC,Industrials,Prism,Russell,1623,29.09,39.64,36.7,36.94,50.0,33.47,33.3,,,,,,33.62,40.97,,22,confirmed_bearish_trend,58,bullish_above_signal,35.77,70.769997,0.2,-0.02345804,0.00454223,-0.13494684,-0.08554079,4H MACD 位于 Signal 上方,4H EMA 空头排列；4H RSI 偏弱
1321,HYMC,HYCROFT MINING HOLDING CORP CLASS,Materials,Prism,Russell,1834,29.05,38.75,46.1,13.65,50.0,39.41,39.9,,,,,,22.46,38.74,,22,confirmed_bearish_trend,72,fresh_below_zero_cross,44.18,23.049999,0.22,-0.00474961,0.06564956,-0.15598682,0.14585405,4H MACD 刚金叉但仍需零轴确认；4H MACD 柱体连续扩张,4H EMA 空头排列
1322,DNA,GINKGO BIOWORKS HOLDINGS CLASS A,Health Care,Prism,Russell,1681,29.04,39.48,43.7,18.27,50.0,35.63,35.7,,,,,,26.59,40.57,,22,confirmed_bearish_trend,58,bullish_above_signal,42.58,6.78,0.11,-0.02865330,-0.02305476,-0.11372549,-0.11948052,4H MACD 位于 Signal 上方,4H EMA 空头排列
1323,REPL,REPLIMUNE GROUP,Health Care,Prism,Russell,314,29.02,41.49,32.9,42.28,50.0,37.79,38.1,,,,,,51.77,45.6,,38,bearish_transition,42,mixed_or_bearish,42.49,14.52,0.11,-0.02090357,-0.07456979,0.06217996,0.68152866,,4H EMA 转弱或跌破 EMA26；4H MACD 尚未确认多头
1324,ALTG,ALTA EQUIPMENT GROUP INC CLASS A,Industrials,Prism,Russell,1785,29.02,39.11,43.7,18.98,50.0,36.84,37.05,,,,,,27.02,39.65,,25,confirmed_bearish_trend,58,bullish_above_signal,42.25,5.93,0.14,-0.03733766,0.03671329,-0.17980636,-0.06907378,4H MACD 位于 Signal 上方,4H EMA 空头排列
1325,CRSP,CRISPR THERAPEUTICS AG,Health Care,Prism,Russell,412,29.01,41.26,25.9,61.36,50.0,34.82,34.8,,,,,,48.89,45.03,,36,bearish_transition,42,mixed_or_bearish,37.99,54.02,0.22,-0.01674552,-0.05011428,0.01009723,0.13558966,,4H EMA 转弱或跌破 EMA26；4H MACD 尚未确认多头；4H RSI 偏弱
1326,STRZ,STARZ ENTERTAINMENT,Communication,Prism,Russell,507,28.99,41.08,32.9,43.05,50.0,29.15,28.5,,,,,,51.61,44.57,,22,confirmed_bearish_trend,42,mixed_or_bearish,39.11,25.23,0.13,-0.03184954,-0.04720544,0.03912681,-0.01752336,,4H EMA 空头排列；4H MACD 尚未确认多头；4H RSI 偏弱
1327,BETR,BETTER HOME FINANCE HOLDING CLASS,Financials,Prism,Russell,1933,28.98,37.09,51.7,2.15,50.0,39.68,40.2,,,,,,1.73,34.6,,28,confirmed_bearish_trend,58,bullish_above_signal,48.34,13.48,0.04,-0.00524681,0.10310966,-0.25524862,-0.39982188,4H MACD 位于 Signal 上方；4H RSI 位于健康强势区间,4H EMA 空头排列
1328,AVIR,ATEA PHARMACEUTICALS,Health Care,Prism,Russell,266,28.97,48.4,29.3,35.4,50.0,35.28,33.65,,,,,,53.72,45.99,,41,bearish_transition,28,fresh_bearish_cross,39.76,5.275,0.6,-0.08894646,-0.03916211,0.05184447,0.17092120,,4H EMA 转弱或跌破 EMA26；4H MACD 最近死叉；4H RSI 偏弱
1329,WATT,ENERGOUS CORP,Industrials,Prism,Russell,1934,28.95,37.05,51.7,2.05,50.0,44.68,45.75,,,,,,1.19,34.49,,39,bearish_transition,66,bullish_above_signal,46.66,11.475,0.44,0.06644981,0.10230548,-0.38073398,-0.13133989,4H MACD 位于 Signal 上方；4H MACD 柱体连续扩张,4H EMA 转弱或跌破 EMA26
1330,ALHC,ALIGNMENT HEALTHCARE,Health Care,Prism,Russell,962,28.95,40.59,22.3,72.14,50.0,25.37,24.3,,,,,,40.54,43.36,,22,confirmed_bearish_trend,28,fresh_bearish_cross,35.78,12.89,0.17,-0.04447739,-0.05081001,-0.06526468,-0.30021716,,4H EMA 空头排列；4H MACD 最近死叉；4H RSI 偏弱
1331,QUAD,QUAD GRAPHICS INC CLASS A,Industrials,Prism,Russell,345,28.94,41.4,37.3,30.17,50.0,36.84,37.05,,,,,,55.64,45.38,,41,bearish_transition,28,fresh_bearish_cross,48.9,10.19,0.16,-0.01688374,0.01091270,0.03873598,0.22182254,4H RSI 位于健康强势区间,4H EMA 转弱或跌破 EMA26；4H MACD 最近死叉
1332,LRN,STRIDE INC,Consumer Discretionary,Prism,Russell,503,28.94,41.09,32.9,42.69,50.0,33.47,33.3,,,,,,51.7,44.59,,22,confirmed_bearish_trend,50,mixed_or_bearish,42.2,82.794998,0.16,-0.00162790,-0.05127763,0.03248530,-0.13647267,4H MACD 柱体连续扩张,4H EMA 空头排列；4H MACD 尚未确认多头
1333,LMND,LEMONADE INC,Financials,Prism,Russell,1391,28.94,40.09,25.9,63.67,50.0,29.15,28.5,,,,,,39.25,42.1,,22,confirmed_bearish_trend,42,mixed_or_bearish,35.54,49.09,0.37,-0.05048358,-0.04401165,-0.06779339,-0.20758678,,4H EMA 空头排列；4H MACD 尚未确认多头；4H RSI 偏弱
1334,SPT,SPROUT SOCIAL CLASS A,Information Technology,Prism,Russell,501,28.91,41.09,32.9,42.48,50.0,35.63,35.7,,,,,,51.72,44.59,,38,bearish_transition,42,mixed_or_bearish,39.16,10.2001,0.23,-0.03040875,-0.11148955,0.01645242,0.17512673,,4H EMA 转弱或跌破 EMA26；4H MACD 尚未确认多头；4H RSI 偏弱
1335,PBYI,PUMA BIOTECHNOLOGY INC,Health Care,Prism,Russell,260,28.88,48.41,29.3,34.79,50.0,36.73,35.25,,,,,,53.91,46.03,,41,bearish_transition,28,fresh_bearish_cross,43.35,9.03,0.29,-0.05345912,-0.03422460,0.03793103,0.13584906,,4H EMA 转弱或跌破 EMA26；4H MACD 最近死叉
1336,LASR,NLIGHT,Information Technology,Prism,Russell,1790,28.88,39.07,43.7,18.16,50.0,33.47,33.3,,,,,,26.56,39.56,,22,confirmed_bearish_trend,58,bullish_above_signal,39.43,41.080002,0.16,-0.02538553,0.01884926,-0.19451133,-0.35020561,4H MACD 位于 Signal 上方,4H EMA 空头排列；4H RSI 偏弱
1337,COGT,COGENT BIOSCIENCES,Health Care,Prism,Russell,1693,28.87,39.44,43.7,17.24,50.0,33.47,33.3,,,,,,26.15,40.48,,22,confirmed_bearish_trend,58,bullish_above_signal,39.94,34.57,0.2,-0.01341327,-0.00345918,-0.16738921,-0.14915089,4H MACD 位于 Signal 上方,4H EMA 空头排列；4H RSI 偏弱
1338,CAKE,CHEESECAKE FACTORY INC,Consumer Discretionary,Prism,Russell,1396,28.86,40.09,25.9,63.11,50.0,34.82,34.8,,,,,,39.18,42.09,,36,bearish_transition,42,mixed_or_bearish,37.89,103.830002,0.36,-0.03512684,-0.04207027,-0.06589894,0.16708826,,4H EMA 转弱或跌破 EMA26；4H MACD 尚未确认多头；4H RSI 偏弱
1339,SPNT,SIRIUSPOINT,Financials,Prism,Russell,334,28.81,41.43,37.3,29.25,50.0,36.84,37.05,,,,,,55.99,45.45,,41,bearish_transition,28,fresh_bearish_cross,48.99,24.1299,0.12,-0.00679564,-0.01228408,0.06392857,-0.08390661,4H RSI 位于健康强势区间,4H EMA 转弱或跌破 EMA26；4H MACD 最近死叉
1340,CNMD,CONMED CORP,Health Care,Prism,Russell,1108,28.8,40.47,25.9,61.88,50.0,34.82,34.8,,,,,,38.93,43.04,,36,bearish_transition,42,mixed_or_bearish,34.64,46.93,0.46,0.00708159,-0.04516789,-0.05134427,0.06032540,,4H EMA 转弱或跌破 EMA26；4H MACD 尚未确认多头；4H RSI 偏弱
1341,LGIH,LGI HOMES,Consumer Discretionary,Prism,Russell,1398,28.8,40.08,25.9,62.75,50.0,29.15,28.5,,,,,,39.12,42.07,,22,confirmed_bearish_trend,42,mixed_or_bearish,34.24,51.990002,0.42,-0.01924158,-0.03436103,-0.08355364,-0.15387742,,4H EMA 空头排列；4H MACD 尚未确认多头；4H RSI 偏弱
1342,DAVE,DAVE CLASS A,Financials,Prism,Russell,125,28.78,49.17,37.3,10.98,50.0,38.34,37.05,,,,,,68.4,47.93,,41,bearish_transition,28,fresh_bearish_cross,49.04,364.434998,0.09,-0.02560095,0.06728462,0.17738183,-0.10473631,4H RSI 位于健康强势区间,4H EMA 转弱或跌破 EMA26；4H MACD 最近死叉
1343,IPAR,INTERPARFUMS INC,Consumer Staples,Prism,Russell,1115,28.76,40.46,25.9,61.57,50.0,29.15,28.5,,,,,,38.86,43.02,,22,confirmed_bearish_trend,42,mixed_or_bearish,35.52,111.474998,0.07,-0.01913774,-0.04787328,-0.06707674,-0.12637148,,4H EMA 空头排列；4H MACD 尚未确认多头；4H RSI 偏弱
1344,BY,BYLINE BANCORP INC,Financials,Prism,Russell,599,28.76,40.97,29.3,51.31,50.0,27.53,26.7,,,,,,50.28,44.31,,22,confirmed_bearish_trend,28,fresh_bearish_cross,42.15,37.970001,0.14,-0.01504534,0.00716180,-0.01248374,-0.03100676,,4H EMA 空头排列；4H MACD 最近死叉
1345,ITRI,ITRON,Information Technology,Prism,Russell,1475,28.72,39.95,29.3,53.46,50.0,33.2,33.0,,,,,,37.48,41.75,,36,bearish_transition,28,fresh_bearish_cross,40.1,95.114998,0.15,-0.01608565,-0.00047295,-0.07250127,-0.11095016,,4H EMA 转弱或跌破 EMA26；4H MACD 最近死叉
1346,ACU,ACME UNITED CORP,Health Care,Prism,Russell,178,28.7,48.8,32.9,23.09,50.0,39.29,38.1,,,,,,58.8,47.01,,38,bearish_transition,42,mixed_or_bearish,43.04,61.110001,0.14,-0.01435482,-0.03199747,0.07531231,0.02654127,,4H EMA 转弱或跌破 EMA26；4H MACD 尚未确认多头
1347,LZ,LEGALZOOM COM,Industrials,Prism,Russell,479,28.66,41.13,32.9,40.74,50.0,31.31,30.9,,,,,,52.21,44.69,,22,confirmed_bearish_trend,42,mixed_or_bearish,41.07,5.825,0.16,-0.01354784,-0.05438312,0.02282704,-0.27863777,,4H EMA 空头排列；4H MACD 尚未确认多头
1348,MLR,MILLER INDUSTRIES INC,Industrials,Prism,Russell,476,28.64,41.13,32.9,40.58,50.0,37.79,38.1,,,,,,52.22,44.69,,38,bearish_transition,42,mixed_or_bearish,40.76,54.474998,0.09,-0.02566629,-0.00301978,0.02281262,0.06209782,,4H EMA 转弱或跌破 EMA26；4H MACD 尚未确认多头
1349,RNAC,CARTESIAN THERAPEUTICS,Health Care,Prism,Russell,1135,28.63,40.44,25.9,60.75,50.0,34.82,34.8,,,,,,38.66,42.98,,36,bearish_transition,42,mixed_or_bearish,37.6,8.795,0.24,-0.03879781,-0.05430108,0.00514286,0.15042511,,4H EMA 转弱或跌破 EMA26；4H MACD 尚未确认多头；4H RSI 偏弱
1350,PHAT,PHATHOM PHARMACEUTICALS,Health Care,Prism,Russell,350,28.63,41.39,29.3,49.51,50.0,28.75,28.05,,,,,,50.53,45.36,,25,confirmed_bearish_trend,28,fresh_bearish_cross,41.9,8.78,0.21,-0.07773109,-0.06496273,0.02450408,-0.24764353,,4H EMA 空头排列；4H MACD 最近死叉
1351,SWIM,LATHAM GROUP INC,Consumer Discretionary,Prism,Russell,1408,28.58,40.05,25.9,61.36,50.0,34.82,34.8,,,,,,38.8,42.01,,36,bearish_transition,42,mixed_or_bearish,37.09,6.645,0.15,-0.01991150,-0.03345455,-0.08972603,0.16171329,,4H EMA 转弱或跌破 EMA26；4H MACD 尚未确认多头；4H RSI 偏弱
1352,CYRX,CRYOPORT,Health Care,Prism,Russell,391,28.54,41.31,25.9,58.13,50.0,34.82,34.8,,,,,,49.56,45.16,,36,bearish_transition,42,mixed_or_bearish,34.36,15.09,0.36,-0.03362152,-0.03020566,0.01821862,-0.00527357,,4H EMA 转弱或跌破 EMA26；4H MACD 尚未确认多头；4H RSI 偏弱
1353,AX,AXOS FINANCIAL,Financials,Prism,Russell,1329,28.53,40.17,22.3,70.34,50.0,25.37,24.3,,,,,,40.22,42.29,,22,confirmed_bearish_trend,28,fresh_bearish_cross,35.27,93.537498,0.3,-0.03175307,-0.01206698,-0.05641581,-0.05703414,,4H EMA 空头排列；4H MACD 最近死叉；4H RSI 偏弱
1354,BL,BLACKLINE,Information Technology,Prism,Russell,667,28.51,40.9,25.9,58.9,50.0,34.82,34.8,,,,,,49.42,44.13,,36,bearish_transition,42,mixed_or_bearish,36.76,29.639999,0.19,-0.00985469,-0.07964611,0.01264090,-0.07259074,,4H EMA 转弱或跌破 EMA26；4H MACD 尚未确认多头；4H RSI 偏弱
1355,IDT,IDT CLASS B,Communication,Prism,Russell,455,28.48,41.16,32.9,39.4,50.0,37.79,38.1,,,,,,52.58,44.77,,38,bearish_transition,42,mixed_or_bearish,42.45,67.5,0.15,-0.02017708,-0.01243596,0.03942097,-0.00464502,,4H EMA 转弱或跌破 EMA26；4H MACD 尚未确认多头
1356,STRT,STRATTEC SECURITY CORP,Consumer Discretionary,Prism,Russell,1815,28.47,38.96,43.7,15.7,50.0,35.63,35.7,,,,,,25.11,39.27,,22,confirmed_bearish_trend,58,bullish_above_signal,41.78,71.739998,0.1,-0.03941687,0.03685498,-0.14001439,-0.19033920,4H MACD 位于 Signal 上方,4H EMA 空头排列
1357,FCBC,FIRST COMMUNITY BANKSHARES INC,Financials,Prism,Russell,662,28.46,40.91,25.9,58.54,50.0,34.82,34.8,,,,,,49.46,44.14,,36,bearish_transition,42,mixed_or_bearish,35.0,47.404999,0.5,-0.01974777,-0.01342352,-0.00722515,-0.02055791,,4H EMA 转弱或跌破 EMA26；4H MACD 尚未确认多头；4H RSI 偏弱
1358,CWH,CAMPING WORLD HOLDINGS INC CLASS A,Consumer Discretionary,Prism,Russell,575,28.46,40.99,29.3,49.26,50.0,34.01,33.9,,,,,,50.56,44.36,,38,bearish_transition,28,fresh_bearish_cross,43.29,6.335,0.21,-0.04232804,-0.02538462,0.02909404,0.00715421,,4H EMA 转弱或跌破 EMA26；4H MACD 最近死叉
1359,MYRG,MYR GROUP INC,Industrials,Prism,Russell,1663,28.45,39.52,36.7,32.94,50.0,35.63,35.7,,,,,,32.13,40.68,,22,confirmed_bearish_trend,66,bullish_above_signal,36.11,285.559998,0.13,-0.02512636,-0.00307221,-0.13540027,-0.16135096,4H MACD 位于 Signal 上方；4H MACD 柱体连续扩张,4H EMA 空头排列；4H RSI 偏弱
1360,RFIL,RF INDUSTRIES LTD,Information Technology,Prism,Russell,1818,28.44,38.95,43.7,15.5,50.0,34.69,34.65,,,,,,24.95,39.24,,25,confirmed_bearish_trend,58,bullish_above_signal,39.15,10.2,0.36,-0.06293064,0.00990099,-0.17940467,-0.09413854,4H MACD 位于 Signal 上方,4H EMA 空头排列；4H RSI 偏弱
1361,XNCR,XENCOR,Health Care,Prism,Russell,164,28.41,48.88,32.9,20.93,50.0,41.45,40.5,,,,,,59.81,47.21,,38,bearish_transition,50,mixed_or_bearish,40.65,25.014999,0.13,-0.01573882,-0.10372630,0.15917512,0.25325653,4H MACD 柱体连续扩张,4H EMA 转弱或跌破 EMA26；4H MACD 尚未确认多头
1362,LEE,LEE ENTERPRISES INC,Communication,Prism,Russell,1420,28.41,40.03,25.9,60.24,50.0,29.15,28.5,,,,,,38.57,41.96,,22,confirmed_bearish_trend,42,mixed_or_bearish,36.95,7.62,0.49,-0.01677419,-0.03299492,-0.05341615,-0.04630788,,4H EMA 空头排列；4H MACD 尚未确认多头；4H RSI 偏弱
1363,ITIC,INVESTORS TITLE,Financials,Prism,Russell,451,28.4,41.16,32.9,38.89,50.0,37.79,38.1,,,,,,52.64,44.78,,38,bearish_transition,42,mixed_or_bearish,43.55,290.609985,0.02,-0.01280664,-0.01176598,0.01911201,0.00044745,,4H EMA 转弱或跌破 EMA26；4H MACD 尚未确认多头
1364,AIR,AAR,Industrials,Prism,Russell,1666,28.4,39.51,36.7,32.63,50.0,34.69,34.65,,,,,,32.07,40.66,,25,confirmed_bearish_trend,58,bullish_above_signal,37.88,124.800003,0.19,-0.03052827,0.00337680,-0.12513138,-0.11407676,4H MACD 位于 Signal 上方,4H EMA 空头排列；4H RSI 偏弱
1365,WEN,WENDYS,Consumer Discretionary,Prism,Russell,657,28.4,40.91,25.9,58.13,50.0,31.31,30.9,,,,,,49.56,44.16,,22,confirmed_bearish_trend,50,mixed_or_bearish,36.04,7.61,0.19,-0.00131234,-0.08036254,0.04431118,-0.00911458,4H MACD 柱体连续扩张,4H EMA 空头排列；4H MACD 尚未确认多头；4H RSI 偏弱
1366,CARL,CARLSMED,Health Care,Prism,Russell,160,28.37,48.9,32.9,20.63,50.0,41.45,40.5,,,,,,59.99,47.25,,38,bearish_transition,50,mixed_or_bearish,43.62,15.27,0.08,-0.00065445,-0.06203937,0.11135371,0.23443816,4H MACD 柱体连续扩张,4H EMA 转弱或跌破 EMA26；4H MACD 尚未确认多头
1367,PK,PARK HOTELS RESORTS INC,Real Estate,Prism,Russell,448,28.33,41.17,32.9,38.38,50.0,39.14,39.6,,,,,,52.75,44.8,,36,bearish_transition,50,mixed_or_bearish,43.64,15.15,0.22,0.00165289,-0.00525279,0.04410751,-0.00296150,4H MACD 柱体连续扩张,4H EMA 转弱或跌破 EMA26；4H MACD 尚未确认多头
1368,SPSC,SPS COMMERCE,Information Technology,Prism,Russell,447,28.3,41.17,32.9,38.17,50.0,37.79,38.1,,,,,,52.78,44.81,,38,bearish_transition,42,mixed_or_bearish,40.04,78.160004,0.27,0.00006404,-0.05842667,0.04540902,0.14085537,,4H EMA 转弱或跌破 EMA26；4H MACD 尚未确认多头
1369,SBMT,SILVER BOW MINING CORP,Materials,Prism,Russell,244,28.25,48.48,32.9,20.83,50.0,39.29,38.1,,,,,,59.82,46.21,,38,bearish_transition,42,mixed_or_bearish,41.75,8.125,0.55,-0.04411765,-0.05960648,0.19134897,0.24235474,,4H EMA 转弱或跌破 EMA26；4H MACD 尚未确认多头
1370,RXST,RXSIGHT,Health Care,Prism,Russell,1373,28.25,40.11,32.9,40.33,50.0,37.7,38.0,,,,,,34.45,42.14,,36,bearish_transition,42,mixed_or_bearish,44.07,6.31,0.58,0.02768730,-0.09730766,-0.03810976,0.03953871,,4H EMA 转弱或跌破 EMA26；4H MACD 尚未确认多头
1371,UFCS,UNITED FIRE GROUP INC,Financials,Prism,Russell,560,28.25,41.01,29.3,47.82,50.0,34.01,33.9,,,,,,50.77,44.4,,38,bearish_transition,28,fresh_bearish_cross,40.57,53.040001,0.23,-0.03930444,-0.01868636,-0.00692752,0.00549765,,4H EMA 转弱或跌破 EMA26；4H MACD 最近死叉
1372,RCKY,ROCKY BRANDS INC,Consumer Discretionary,Prism,Russell,1588,28.25,39.72,32.9,41.25,50.0,29.15,28.5,,,,,,34.64,41.18,,22,confirmed_bearish_trend,42,mixed_or_bearish,38.66,43.669998,0.27,-0.00102944,-0.02216753,-0.10254834,0.02632195,,4H EMA 空头排列；4H MACD 尚未确认多头；4H RSI 偏弱
1373,PDM,PIEDMONT REALTY TRUST CLASS A,Real Estate,Prism,Russell,439,28.22,41.19,32.9,37.66,50.0,36.98,37.2,,,,,,52.94,44.84,,36,bearish_transition,42,mixed_or_bearish,43.24,9.515,0.19,-0.00626632,-0.00314301,0.02256851,-0.00782065,,4H EMA 转弱或跌破 EMA26；4H MACD 尚未确认多头
1374,GHM,GRAHAM CORP,Industrials,Prism,Russell,1826,28.21,38.83,43.7,14.26,50.0,42.52,43.35,,,,,,23.48,38.95,,39,bearish_transition,58,bullish_above_signal,41.71,87.980003,0.13,-0.02331260,0.05302214,-0.19158319,-0.11657790,4H MACD 位于 Signal 上方,4H EMA 转弱或跌破 EMA26
1375,EBC,EASTERN BANKSHARES INC,Financials,Prism,Russell,1348,28.19,40.15,22.3,68.14,50.0,25.37,24.3,,,,,,39.93,42.24,,22,confirmed_bearish_trend,28,fresh_bearish_cross,36.24,21.635,0.21,-0.01187486,0.00604515,-0.05729852,-0.08131631,,4H EMA 空头排列；4H MACD 最近死叉；4H RSI 偏弱
1376,SIGI,SELECTIVE INSURANCE GROUP,Financials,Prism,Russell,1356,28.08,40.13,22.3,67.42,50.0,25.37,24.3,,,,,,39.82,42.21,,22,confirmed_bearish_trend,28,fresh_bearish_cross,36.99,90.315002,0.18,-0.01316647,-0.01035503,-0.04871498,-0.04296917,,4H EMA 空头排列；4H MACD 最近死叉；4H RSI 偏弱
1377,CBRL,CRACKER BARREL OLD COUNTRY STORE I,Consumer Discretionary,Prism,Russell,1442,28.07,40.01,25.9,58.03,50.0,29.15,28.5,,,,,,38.27,41.9,,22,confirmed_bearish_trend,42,mixed_or_bearish,36.05,51.744999,0.37,-0.02441557,-0.04635089,-0.07828643,-0.03909005,,4H EMA 空头排列；4H MACD 尚未确认多头；4H RSI 偏弱
1378,SKWD,SKYWARD SPECIALTY INSURANCE GROUP,Financials,Prism,Russell,1516,28.06,39.87,29.3,49.26,50.0,25.37,24.3,,,,,,36.45,41.54,,22,confirmed_bearish_trend,28,fresh_bearish_cross,38.4,55.860001,0.09,-0.01939786,-0.02649007,-0.09859609,-0.10994259,,4H EMA 空头排列；4H MACD 最近死叉；4H RSI 偏弱
1379,CMRE,COSTAMARE,Industrials,Prism,Russell,420,28.02,41.23,32.9,36.17,50.0,36.98,37.2,,,,,,53.57,44.96,,36,bearish_transition,42,mixed_or_bearish,43.31,15.0,0.17,-0.01283317,-0.02470741,0.03950104,-0.02849741,,4H EMA 转弱或跌破 EMA26；4H MACD 尚未确认多头
1380,AVBC,AVIDIA BANCORP INC,Financials,Prism,Russell,418,28.0,41.24,32.9,36.02,50.0,37.79,38.1,,,,,,53.63,44.98,,38,bearish_transition,42,mixed_or_bearish,43.3,21.76,0.1,-0.01135847,0.00230313,0.02015940,-0.02857143,,4H EMA 转弱或跌破 EMA26；4H MACD 尚未确认多头
1381,BATRA,ATLANTA BRAVES HOLDINGS SERIES A,Communication,Prism,Russell,417,27.97,41.24,32.9,35.86,50.0,36.98,37.2,,,,,,53.64,44.98,,36,bearish_transition,42,mixed_or_bearish,42.43,55.07,0.14,-0.00792646,-0.00469911,0.03340212,0.00072689,,4H EMA 转弱或跌破 EMA26；4H MACD 尚未确认多头
1382,MTX,MINERALS TECHNOLOGIES,Materials,Prism,Russell,1361,27.97,40.13,22.3,66.7,50.0,25.37,24.3,,,,,,39.71,42.19,,22,confirmed_bearish_trend,28,fresh_bearish_cross,37.12,69.669998,0.28,-0.01173801,-0.01498664,-0.06357532,-0.07402977,,4H EMA 空头排列；4H MACD 最近死叉；4H RSI 偏弱
1383,LIVN,LIVANOVA PLC,Health Care,Prism,Russell,325,27.93,41.46,29.3,44.64,50.0,33.2,33.0,,,,,,51.37,45.52,,36,bearish_transition,28,fresh_bearish_cross,41.21,78.555,0.26,-0.03036474,-0.02008359,0.02699702,-0.04259601,,4H EMA 转弱或跌破 EMA26；4H MACD 最近死叉
1384,NWPX,NWPX INFRASTRUCTURE,Industrials,Prism,Russell,1448,27.93,40.0,25.9,57.16,50.0,29.15,28.5,,,,,,38.14,41.88,,22,confirmed_bearish_trend,42,mixed_or_bearish,36.73,106.080002,0.35,-0.00136499,-0.02687827,-0.07394152,-0.15889629,,4H EMA 空头排列；4H MACD 尚未确认多头；4H RSI 偏弱
1385,MBUU,MALIBU BOATS CLASS A INC,Consumer Discretionary,Prism,Russell,1523,27.93,39.85,29.3,48.44,50.0,27.53,26.7,,,,,,36.32,41.51,,22,confirmed_bearish_trend,28,fresh_bearish_cross,41.42,26.139999,0.1,-0.01987255,-0.01059807,-0.09721986,-0.08103361,,4H EMA 空头排列；4H MACD 最近死叉
1386,ABEO,ABEONA THERAPEUTICS INC,Health Care,Prism,Russell,1803,27.92,39.02,43.7,11.9,50.0,33.47,33.3,,,,,,20.84,39.42,,22,confirmed_bearish_trend,58,bullish_above_signal,38.64,5.805,0.18,-0.02845188,-0.02845188,-0.22028207,-0.03811102,4H MACD 位于 Signal 上方,4H EMA 空头排列；4H RSI 偏弱
1387,VIA,VIA TRANSPORTATION CLASS A,Information Technology,Prism,Russell,212,27.91,48.64,32.9,18.16,50.0,39.29,38.1,,,,,,61.71,46.59,,38,bearish_transition,42,mixed_or_bearish,43.89,26.305,0.13,-0.00472947,-0.04449695,0.12848568,0.27756192,,4H EMA 转弱或跌破 EMA26；4H MACD 尚未确认多头
1388,IIIV,I3 VERTICALS CLASS A,Information Technology,Prism,Russell,1363,27.91,40.12,22.3,66.29,50.0,25.37,24.3,,,,,,39.65,42.18,,22,confirmed_bearish_trend,28,fresh_bearish_cross,36.3,15.52,0.19,-0.02328508,-0.03121099,-0.07453787,-0.27611944,,4H EMA 空头排列；4H MACD 最近死叉；4H RSI 偏弱
1389,JAKK,JAKKS PACIFIC INC,Consumer Discretionary,Prism,Russell,1450,27.9,40.0,25.9,56.95,50.0,29.15,28.5,,,,,,38.12,41.87,,22,confirmed_bearish_trend,42,mixed_or_bearish,37.06,23.844999,0.24,-0.02214480,-0.03383310,-0.06453515,-0.10424500,,4H EMA 空头排列；4H MACD 尚未确认多头；4H RSI 偏弱
1390,FOXF,FOX FACTORY HOLDING,Consumer Discretionary,Prism,Russell,1365,27.86,40.12,22.3,65.98,50.0,31.04,30.6,,,,,,39.6,42.17,,36,bearish_transition,28,fresh_bearish_cross,37.73,19.690001,0.42,-0.04556462,-0.01746507,-0.06327303,0.03224115,,4H EMA 转弱或跌破 EMA26；4H MACD 最近死叉；4H RSI 偏弱
1391,BNL,BROADSTONE NET LEASE,Real Estate,Prism,Russell,624,27.83,40.95,25.9,54.23,50.0,29.15,28.5,,,,,,49.94,44.24,,22,confirmed_bearish_trend,42,mixed_or_bearish,37.71,20.665001,0.32,-0.00863507,-0.00768307,0.01001965,-0.07704324,,4H EMA 空头排列；4H MACD 尚未确认多头；4H RSI 偏弱
1392,AAP,ADVANCE AUTO PARTS INC,Consumer Discretionary,Prism,Russell,1844,27.82,38.64,43.7,12.11,50.0,42.52,43.35,,,,,,21.13,38.48,,39,bearish_transition,58,bullish_above_signal,42.58,43.41,0.44,0.01627063,0.01567613,-0.22106585,-0.26035098,4H MACD 位于 Signal 上方,4H EMA 转弱或跌破 EMA26
1393,VOYG,VOYAGER TECHNOLOGIES CLASS A,Industrials,Prism,Russell,1845,27.8,38.62,43.7,12.01,50.0,36.84,37.05,,,,,,20.89,38.43,,25,confirmed_bearish_trend,58,bullish_above_signal,44.39,33.869999,0.16,-0.04078170,0.02698602,-0.21415312,0.32021039,4H MACD 位于 Signal 上方,4H EMA 空头排列
1394,QUIK,QUICKLOGIC CORP,Information Technology,Prism,Russell,1846,27.73,38.61,43.7,11.6,50.0,36.84,37.05,,,,,,20.71,38.39,,25,confirmed_bearish_trend,58,bullish_above_signal,42.42,10.78,0.14,-0.03231598,0.01986755,-0.21742287,-0.12286412,4H MACD 位于 Signal 上方,4H EMA 空头排列
1395,HELE,HELEN OF TROY LTD,Consumer Discretionary,Prism,Russell,1462,27.72,39.98,25.9,55.77,50.0,29.15,28.5,,,,,,37.91,41.83,,22,confirmed_bearish_trend,42,mixed_or_bearish,37.02,27.18,0.13,-0.03497252,-0.04665030,-0.06949672,-0.05804887,,4H EMA 空头排列；4H MACD 尚未确认多头；4H RSI 偏弱
1396,RUSHA,RUSH ENTERPRISES CLASS A,Industrials,Prism,Russell,1704,27.71,39.41,36.7,28.22,50.0,33.47,33.3,,,,,,30.75,40.4,,22,confirmed_bearish_trend,58,bullish_above_signal,36.96,49.040001,0.23,-0.01802159,0.00533009,-0.08319314,-0.06815301,4H MACD 位于 Signal 上方,4H EMA 空头排列；4H RSI 偏弱
1397,PRLD,PRELUDE THERAPEUTICS,Health Care,Prism,Russell,1189,27.69,40.37,25.9,54.69,50.0,34.82,34.8,,,,,,37.77,42.8,,36,bearish_transition,42,mixed_or_bearish,36.96,5.08,0.15,-0.05223881,-0.07636364,0.05284974,0.10075840,,4H EMA 转弱或跌破 EMA26；4H MACD 尚未确认多头；4H RSI 偏弱
1398,RUSHB,RUSH ENTERPRISES CLASS B,Industrials,Prism,Russell,1538,27.69,39.83,29.3,46.9,50.0,27.53,26.7,,,,,,35.98,41.45,,22,confirmed_bearish_trend,28,fresh_bearish_cross,42.01,49.830002,0.09,-0.02179028,0.00626014,-0.04025416,-0.03380297,,4H EMA 空头排列；4H MACD 最近死叉
1399,OPK,OPKO HEALTH,Health Care,Prism,Russell,99,27.66,58.39,50.8,12.72,50.0,46.02,43.35,,,,,,66.12,48.47,,55,mixed_sideways,28,fresh_bearish_cross,52.97,1.56,0.1,0.00321543,0.01960784,0.12635379,-0.05167173,4H RSI 位于健康强势区间,4H EMA 仍偏震荡；4H MACD 最近死叉
1400,MC,MOELIS CLASS A,Financials,Prism,Russell,512,27.65,41.07,29.3,43.66,50.0,34.73,34.7,,,,,,51.55,44.56,,38,bearish_transition,28,fresh_bearish_cross,40.67,66.129997,0.65,-0.05285023,-0.00854573,0.03879983,-0.03600585,,4H EMA 转弱或跌破 EMA26；4H MACD 最近死叉
1401,TRIP,TRIPADVISOR,Communication,Prism,Russell,1709,27.64,39.4,36.7,27.81,50.0,33.47,33.3,,,,,,30.59,40.37,,22,confirmed_bearish_trend,58,bullish_above_signal,34.24,9.16,0.49,0.01047987,-0.03222398,-0.15067223,-0.38647019,4H MACD 位于 Signal 上方,4H EMA 空头排列；4H RSI 偏弱
1402,BJRI,BJS RESTAURANTS INC,Consumer Discretionary,Prism,Russell,1620,27.63,39.64,32.9,37.3,50.0,33.47,33.3,,,,,,33.66,40.98,,22,confirmed_bearish_trend,50,mixed_or_bearish,40.29,60.360001,0.3,-0.01597651,-0.02337997,-0.12088556,-0.12407492,4H MACD 柱体连续扩张,4H EMA 空头排列；4H MACD 尚未确认多头
1403,KRNY,KEARNY FINANCIAL CORP,Financials,Prism,Russell,510,27.61,41.08,29.3,43.41,50.0,35.23,35.25,,,,,,51.59,44.57,,41,bearish_transition,28,fresh_bearish_cross,44.31,9.78,0.12,-0.02712704,0.00000000,0.03273495,0.01452282,,4H EMA 转弱或跌破 EMA26；4H MACD 最近死叉
1404,BBNX,BETA BIONICS,Health Care,Prism,Russell,110,27.58,49.24,32.9,14.57,50.0,39.29,38.1,,,,,,64.3,48.11,,38,bearish_transition,42,mixed_or_bearish,42.25,18.5,0.21,-0.04688305,-0.02988988,0.12804878,0.17237009,,4H EMA 转弱或跌破 EMA26；4H MACD 尚未确认多头
1405,NMRK,NEWMARK GROUP INC CLASS A,Real Estate,Prism,Russell,381,27.54,41.33,32.9,32.73,50.0,29.15,28.5,,,,,,54.79,45.21,,22,confirmed_bearish_trend,42,mixed_or_bearish,38.4,14.61,0.2,-0.01814516,-0.02697303,0.02923565,-0.09759116,,4H EMA 空头排列；4H MACD 尚未确认多头；4H RSI 偏弱
1406,ARHS,ARHAUS CLASS A,Consumer Discretionary,Prism,Russell,1626,27.52,39.63,32.9,36.63,50.0,31.31,30.9,,,,,,33.43,40.94,,22,confirmed_bearish_trend,42,mixed_or_bearish,40.26,8.41,0.16,-0.00825472,0.00658288,-0.10816543,0.06119874,,4H EMA 空头排列；4H MACD 尚未确认多头
1407,INSG,INSEEGO,Information Technology,Prism,Russell,1789,27.51,39.08,65.2,18.37,50.0,51.97,53.85,,,,,,26.61,39.57,,53,mixed_sideways,66,bullish_above_signal,49.48,4.39,0.21,-0.01348315,0.08663366,-0.17636023,-0.35535977,4H MACD 位于 Signal 上方；4H MACD 柱体连续扩张；4H RSI 位于健康强势区间,4H EMA 仍偏震荡
1408,BKSY,BLACKSKY TECHNOLOGY CLASS A,Industrials,Prism,Russell,1903,27.5,37.93,46.1,5.23,50.0,46.3,47.55,,,,,,12.19,36.69,,39,bearish_transition,72,fresh_below_zero_cross,40.28,21.98,0.27,-0.00362643,0.02518652,-0.23280977,0.00045521,4H MACD 刚金叉但仍需零轴确认；4H MACD 柱体连续扩张,4H EMA 转弱或跌破 EMA26
1409,CTNM,CONTINEUM THERAPEUTICS CLASS A,Health Care,Prism,Russell,257,27.5,48.42,25.9,34.63,50.0,36.32,34.8,,,,,,54.02,46.05,,36,bearish_transition,42,mixed_or_bearish,37.09,15.3,0.42,-0.06221275,-0.07706223,0.05553639,0.07974594,,4H EMA 转弱或跌破 EMA26；4H MACD 尚未确认多头；4H RSI 偏弱
1410,LPTH,LIGHTPATH TECHNOLOGIES INC CLASS A,Information Technology,Prism,Russell,1904,27.48,37.92,46.1,5.13,50.0,40.62,41.25,,,,,,12.1,36.67,,25,confirmed_bearish_trend,72,fresh_below_zero_cross,41.38,10.165,0.09,-0.05163084,0.07441074,-0.19132856,-0.01929571,4H MACD 刚金叉但仍需零轴确认；4H MACD 柱体连续扩张,4H EMA 空头排列
1411,ELA,ENVELA CORP,Consumer Discretionary,Prism,Russell,1716,27.47,39.37,36.7,26.73,50.0,34.69,34.65,,,,,,30.32,40.31,,25,confirmed_bearish_trend,58,bullish_above_signal,37.87,13.885,0.09,-0.00465950,0.00108147,-0.13596764,-0.34903891,4H MACD 位于 Signal 上方,4H EMA 空头排列；4H RSI 偏弱
1412,MLKN,MILLERKNOLL,Industrials,Prism,Russell,1554,27.44,39.79,29.3,45.31,50.0,25.37,24.3,,,,,,35.54,41.36,,22,confirmed_bearish_trend,28,fresh_bearish_cross,38.5,21.8011,0.19,-0.02847152,-0.00949114,-0.09445071,-0.07622458,,4H EMA 空头排列；4H MACD 最近死叉；4H RSI 偏弱
1413,XPER,XPERI INC,Information Technology,Prism,Russell,1724,27.38,39.36,36.7,26.17,50.0,41.3,42.0,,,,,,30.13,40.28,,36,bearish_transition,66,bullish_above_signal,36.54,5.855,0.1,0.00948276,0.00948276,-0.13897059,-0.23363874,4H MACD 位于 Signal 上方；4H MACD 柱体连续扩张,4H EMA 转弱或跌破 EMA26；4H RSI 偏弱
1414,AVEX,AEVEX CORP CLASS A,Industrials,Prism,Russell,1910,27.38,37.86,46.1,4.62,50.0,40.62,41.25,,,,,,11.34,36.52,,25,confirmed_bearish_trend,72,fresh_below_zero_cross,42.26,16.68,0.16,-0.00891266,-0.01126265,-0.23415981,0.09592641,4H MACD 刚金叉但仍需零轴确认；4H MACD 柱体连续扩张,4H EMA 空头排列
1415,RMBI,RICHMOND MUTUAL BANCORPORATION INC,Financials,Prism,Russell,496,27.37,41.1,29.3,41.77,50.0,36.44,36.6,,,,,,51.85,44.62,,44,bearish_transition,28,fresh_bearish_cross,43.47,15.75,0.21,-0.02597403,0.00510530,-0.00943396,0.01809955,,4H EMA 转弱或跌破 EMA26；4H MACD 最近死叉
1416,RICK,RCI HOSPITALITY HOLDINGS INC,Consumer Discretionary,Prism,Russell,358,27.35,41.36,32.9,31.4,50.0,36.98,37.2,,,,,,55.09,45.27,,36,bearish_transition,42,mixed_or_bearish,43.87,28.584999,0.13,-0.00331245,-0.01803511,0.05499170,0.07624247,,4H EMA 转弱或跌破 EMA26；4H MACD 尚未确认多头
1417,CTRN,CITI TRENDS INC,Consumer Discretionary,Prism,Russell,1561,27.32,39.78,29.3,44.54,50.0,33.2,33.0,,,,,,35.41,41.33,,36,bearish_transition,28,fresh_bearish_cross,41.35,66.754997,0.25,-0.03769650,-0.02018201,-0.09839281,-0.00395404,,4H EMA 转弱或跌破 EMA26；4H MACD 最近死叉
1418,YEXT,YEXT,Information Technology,Prism,Russell,589,27.29,40.99,25.9,50.59,50.0,35.63,35.7,,,,,,50.45,44.34,,38,bearish_transition,42,mixed_or_bearish,37.72,6.075,0.13,-0.04705882,-0.06967841,0.05468750,0.07808341,,4H EMA 转弱或跌破 EMA26；4H MACD 尚未确认多头；4H RSI 偏弱
1419,DRVN,DRIVEN BRANDS HOLDINGS,Consumer Discretionary,Prism,Russell,491,27.28,41.1,29.3,41.15,50.0,28.75,28.05,,,,,,51.92,44.63,,25,confirmed_bearish_trend,28,fresh_bearish_cross,41.93,12.625,0.34,-0.04932229,-0.01444184,0.00497512,-0.15608289,,4H EMA 空头排列；4H MACD 最近死叉
1420,RCAT,RED CAT HOLDINGS INC,Industrials,Prism,Russell,1873,27.23,38.41,43.7,8.72,50.0,35.63,35.7,,,,,,18.26,37.9,,22,confirmed_bearish_trend,58,bullish_above_signal,41.42,8.315,0.18,-0.05188141,0.00665860,-0.16683367,0.11386470,4H MACD 位于 Signal 上方,4H EMA 空头排列
1421,FENC,FENNEC PHARMACEUTICALS,Health Care,Prism,Russell,176,27.22,48.82,29.3,22.78,50.0,36.73,35.25,,,,,,58.94,47.04,,41,bearish_transition,28,fresh_bearish_cross,43.18,11.705,0.17,-0.05604839,-0.02620632,0.07188645,0.17875126,,4H EMA 转弱或跌破 EMA26；4H MACD 最近死叉
1422,LQDA,LIQUIDIA,Health Care,Prism,Russell,1835,27.16,38.7,43.7,7.59,50.0,43.46,44.4,,,,,,16.86,38.62,,36,bearish_transition,66,bullish_above_signal,43.0,68.580002,0.23,0.00601443,0.02480580,-0.24687016,-0.20990784,4H MACD 位于 Signal 上方；4H MACD 柱体连续扩张,4H EMA 转弱或跌破 EMA26
1423,ALMU,AELUMA INC,Information Technology,Prism,Russell,1875,27.16,38.39,43.7,8.31,50.0,42.52,43.35,,,,,,18.07,37.86,,39,bearish_transition,58,bullish_above_signal,40.74,13.09,0.05,-0.02604167,0.04929860,-0.24115942,-0.07686883,4H MACD 位于 Signal 上方,4H EMA 转弱或跌破 EMA26
1424,BBUC,BROOKFIELD BUSINESS CORP CLASS A,Industrials,Prism,Russell,1407,27.14,40.05,22.3,61.36,50.0,25.37,24.3,,,,,,38.8,42.01,,22,confirmed_bearish_trend,28,fresh_bearish_cross,34.83,26.709999,0.28,-0.02553816,-0.01110703,-0.07063330,-0.15820993,,4H EMA 空头排列；4H MACD 最近死叉；4H RSI 偏弱
1425,SAM,BOSTON BEER CLASS A,Consumer Staples,Prism,Russell,1239,27.11,40.31,25.9,50.95,50.0,32.03,31.7,,,,,,36.98,42.65,,22,confirmed_bearish_trend,50,mixed_or_bearish,34.73,166.220001,0.74,0.00132531,-0.04973701,-0.08033641,-0.10480392,4H MACD 柱体连续扩张,4H EMA 空头排列；4H MACD 尚未确认多头；4H RSI 偏弱
1426,FLNC,FLUENCE ENERGY INC CLASS A,Industrials,Prism,Russell,1879,27.09,38.35,43.7,7.9,50.0,34.69,34.65,,,,,,17.5,37.75,,25,confirmed_bearish_trend,58,bullish_above_signal,39.43,10.25,0.15,-0.08767245,-0.01489668,-0.18972332,-0.18779715,4H MACD 位于 Signal 上方,4H EMA 空头排列；4H RSI 偏弱
1427,MYE,MYERS INDUSTRIES INC,Materials,Prism,Russell,1415,27.05,40.04,22.3,60.75,50.0,25.37,24.3,,,,,,38.66,41.98,,22,confirmed_bearish_trend,28,fresh_bearish_cross,37.21,30.815001,0.24,-0.04211990,-0.01360432,-0.07071770,-0.07932477,,4H EMA 空头排列；4H MACD 最近死叉；4H RSI 偏弱
1428,YOU,CLEAR SECURE CLASS A,Information Technology,Prism,Russell,1745,27.0,39.29,36.7,23.81,50.0,33.47,33.3,,,,,,29.23,40.1,,22,confirmed_bearish_trend,58,bullish_above_signal,37.86,42.93,0.23,-0.01705779,-0.00116333,-0.16266823,-0.20263744,4H MACD 位于 Signal 上方,4H EMA 空头排列；4H RSI 偏弱
1429,LTRX,LANTRONIX INC,Information Technology,Prism,Russell,1795,26.96,39.05,39.1,17.65,50.0,35.09,35.1,,,,,,26.29,39.51,,22,confirmed_bearish_trend,64,fresh_below_zero_cross,34.87,5.11,0.06,-0.04217432,-0.00968992,-0.10975610,-0.03947368,4H MACD 刚金叉但仍需零轴确认,4H EMA 空头排列；4H RSI 偏弱
1430,AIRO,AIRO GROUP HOLDINGS INC,Industrials,Prism,Russell,1748,26.95,39.27,36.7,23.5,50.0,33.47,33.3,,,,,,29.07,40.06,,22,confirmed_bearish_trend,58,bullish_above_signal,37.78,7.07,0.15,-0.05858855,-0.03283174,-0.16281824,0.04123711,4H MACD 位于 Signal 上方,4H EMA 空头排列；4H RSI 偏弱
1431,NAVN,NAVAN CLASS A,Consumer Discretionary,Prism,Russell,1499,26.9,39.89,25.9,50.49,50.0,29.15,28.5,,,,,,36.82,41.61,,22,confirmed_bearish_trend,42,mixed_or_bearish,35.54,26.09,0.47,-0.01174242,-0.04502196,-0.09062394,-0.00986717,,4H EMA 空头排列；4H MACD 尚未确认多头；4H RSI 偏弱
1432,MEC,MAYVILLE ENGINEERING COMPANY INC,Industrials,Prism,Russell,1751,26.88,39.27,36.7,23.04,50.0,34.69,34.65,,,,,,28.96,40.04,,25,confirmed_bearish_trend,58,bullish_above_signal,36.12,19.610001,0.14,-0.01998996,0.01870135,-0.14404186,-0.29384224,4H MACD 位于 Signal 上方,4H EMA 空头排列；4H RSI 偏弱
1433,SYRE,SPYRE THERAPEUTICS INC,Health Care,Prism,Russell,1625,26.87,39.63,36.7,22.11,50.0,34.69,34.65,,,,,,28.49,40.95,,25,confirmed_bearish_trend,58,bullish_above_signal,37.76,88.275002,0.09,-0.03207345,-0.00197846,-0.16219804,-0.11645482,4H MACD 位于 Signal 上方,4H EMA 空头排列；4H RSI 偏弱
1434,ONDS,ONDAS INC,Information Technology,Prism,Russell,1894,26.8,38.18,43.7,6.36,50.0,33.47,33.3,,,,,,15.33,37.32,,22,confirmed_bearish_trend,58,bullish_above_signal,38.64,7.4279,0.22,-0.03845955,0.05360284,-0.20130108,-0.05797083,4H MACD 位于 Signal 上方,4H EMA 空头排列；4H RSI 偏弱
1435,FBRT,FRANKLIN BSP REALTY TRUST INC,Financials,Prism,Russell,306,26.77,41.51,32.9,27.19,50.0,35.63,35.7,,,,,,56.98,45.65,,38,bearish_transition,42,mixed_or_bearish,38.41,8.085,0.26,-0.02941176,-0.03115638,0.03454894,0.04389929,,4H EMA 转弱或跌破 EMA26；4H MACD 尚未确认多头；4H RSI 偏弱
1436,FUN,SIX FLAGS ENTERTAINMENT CORP,Consumer Discretionary,Prism,Russell,1432,26.76,40.02,22.3,58.9,50.0,25.37,24.3,,,,,,38.36,41.92,,22,confirmed_bearish_trend,28,fresh_bearish_cross,37.39,14.5,0.27,-0.08575032,0.01683029,-0.08517350,-0.22666667,,4H EMA 空头排列；4H MACD 最近死叉；4H RSI 偏弱
1437,VMD,VIEMED HEALTHCARE INC,Health Care,Prism,Russell,1159,26.71,40.41,22.3,57.67,50.0,26.09,25.1,,,,,,38.19,42.89,,22,confirmed_bearish_trend,28,fresh_bearish_cross,35.41,8.65,0.66,-0.02259887,-0.01816118,-0.07139023,-0.27310924,,4H EMA 空头排列；4H MACD 最近死叉；4H RSI 偏弱
1438,CTMX,CYTOMX THERAPEUTICS,Health Care,Prism,Russell,331,26.7,41.44,50.8,45.87,50.0,43.73,44.7,,,,,,51.12,45.47,,58,mixed_sideways,28,fresh_bearish_cross,50.93,3.535,0.27,-0.03150685,-0.03809524,0.02851324,0.09782609,4H RSI 位于健康强势区间,4H EMA 仍偏震荡；4H MACD 最近死叉
1439,CLDX,CELLDEX THERAPEUTICS,Health Care,Prism,Russell,1386,26.7,40.1,29.3,39.66,50.0,25.37,24.3,,,,,,34.33,42.12,,22,confirmed_bearish_trend,28,fresh_bearish_cross,38.91,38.860001,0.19,-0.01881073,-0.00943153,-0.09585852,0.09157312,,4H EMA 空头排列；4H MACD 最近死叉；4H RSI 偏弱
1440,GENI,GENIUS SPORTS LTD,Consumer Discretionary,Prism,Russell,1680,26.6,39.48,32.9,30.79,50.0,34.82,34.8,,,,,,31.63,40.58,,36,bearish_transition,42,mixed_or_bearish,38.28,7.065,0.24,-0.03877551,-0.01601671,-0.06671070,-0.03285421,,4H EMA 转弱或跌破 EMA26；4H MACD 尚未确认多头；4H RSI 偏弱
1441,BKE,BUCKLE,Consumer Discretionary,Prism,Russell,1526,26.54,39.85,25.9,48.23,50.0,29.15,28.5,,,,,,36.29,41.51,,22,confirmed_bearish_trend,42,mixed_or_bearish,35.91,41.73,0.37,-0.01090303,-0.01765537,-0.10546628,-0.08607096,,4H EMA 空头排列；4H MACD 尚未确认多头；4H RSI 偏弱
1442,LWLG,LIGHTWAVE LOGIC,Information Technology,Prism,Russell,1905,26.51,37.92,43.7,5.03,50.0,36.84,37.05,,,,,,12.08,36.67,,25,confirmed_bearish_trend,58,bullish_above_signal,41.15,5.37,0.13,-0.04955752,0.04576436,-0.29342105,-0.06689835,4H MACD 位于 Signal 上方,4H EMA 空头排列
1443,MRVI,MARAVAI LIFESCIENCES HOLDINGS INC,Health Care,Prism,Russell,208,26.5,48.65,25.9,27.4,50.0,36.32,34.8,,,,,,56.89,46.63,,36,bearish_transition,42,mixed_or_bearish,37.06,6.955,0.1,-0.03402778,-0.04856361,0.14863749,0.01429196,,4H EMA 转弱或跌破 EMA26；4H MACD 尚未确认多头；4H RSI 偏弱
1444,RPD,RAPID7,Information Technology,Prism,Russell,1690,26.4,39.45,32.9,29.55,50.0,36.98,37.2,,,,,,31.25,40.5,,36,bearish_transition,50,mixed_or_bearish,38.77,10.725,0.12,0.01755218,-0.10662224,-0.07781599,0.11602497,4H MACD 柱体连续扩张,4H EMA 转弱或跌破 EMA26；4H MACD 尚未确认多头；4H RSI 偏弱
1445,PAL,PROFICIENT AUTO LOGISTICS INC,Industrials,Prism,Russell,1911,26.4,37.84,43.7,4.52,50.0,36.84,37.05,,,,,,11.17,36.48,,25,confirmed_bearish_trend,58,bullish_above_signal,40.0,5.03,0.17,-0.04033274,0.01411290,-0.30524862,-0.28347578,4H MACD 位于 Signal 上方,4H EMA 空头排列
1446,TRNS,TRANSCAT,Industrials,Prism,Russell,1535,26.37,39.83,25.9,47.15,50.0,29.15,28.5,,,,,,36.01,41.45,,22,confirmed_bearish_trend,42,mixed_or_bearish,34.56,83.120003,0.2,-0.02206012,-0.02177237,-0.08407710,-0.03338715,,4H EMA 空头排列；4H MACD 尚未确认多头；4H RSI 偏弱
1447,CNTN,CANTON STRATEGIC HOLDINGS INC,Health Care,Prism,Russell,124,26.36,49.18,54.4,15.91,50.0,49.01,48.9,,,,,,63.43,47.94,,58,mixed_sideways,42,mixed_or_bearish,53.12,2.255,0.21,-0.03426124,-0.00879121,0.20266667,0.10539216,4H RSI 位于健康强势区间,4H EMA 仍偏震荡；4H MACD 尚未确认多头
1448,TENB,TENABLE HOLDINGS,Information Technology,Prism,Russell,1695,26.33,39.44,32.9,29.14,50.0,33.47,33.3,,,,,,31.11,40.47,,22,confirmed_bearish_trend,50,mixed_or_bearish,43.49,33.919998,0.17,0.00429300,-0.04423792,-0.07574940,0.08163255,4H MACD 柱体连续扩张,4H EMA 空头排列；4H MACD 尚未确认多头
1449,FRPH,FRP HOLDINGS INC,Real Estate,Prism,Russell,407,26.33,41.27,29.3,34.43,50.0,27.53,26.7,,,,,,54.05,45.06,,22,confirmed_bearish_trend,28,fresh_bearish_cross,43.71,22.030001,0.36,-0.00899681,-0.00271612,0.01849293,-0.05854697,,4H EMA 空头排列；4H MACD 最近死叉
1450,CPS,COOPER STANDARD HOLDINGS,Consumer Discretionary,Prism,Russell,1458,26.32,39.99,22.3,56.03,50.0,25.37,24.3,,,,,,37.98,41.85,,22,confirmed_bearish_trend,28,fresh_bearish_cross,36.16,25.110001,0.32,-0.05352431,-0.00711744,-0.11584504,-0.15283395,,4H EMA 空头排列；4H MACD 最近死叉；4H RSI 偏弱
1451,VERX,VERTEX CLASS A,Information Technology,Prism,Russell,511,26.26,41.07,25.9,43.51,50.0,34.82,34.8,,,,,,51.57,44.56,,36,bearish_transition,42,mixed_or_bearish,35.24,12.525,0.14,-0.02148438,-0.09370478,0.03171334,-0.05364564,,4H EMA 转弱或跌破 EMA26；4H MACD 尚未确认多头；4H RSI 偏弱
1452,PLAY,DAVE AND BUSTERS ENTERTAINMENT,Consumer Discretionary,Prism,Russell,1838,26.13,38.69,39.1,13.03,50.0,35.09,35.1,,,,,,21.68,38.59,,22,confirmed_bearish_trend,64,fresh_below_zero_cross,34.25,8.145,0.38,-0.06754436,-0.03552398,-0.17393509,-0.21682692,4H MACD 刚金叉但仍需零轴确认,4H EMA 空头排列；4H RSI 偏弱
1453,KOS,KOSMOS ENERGY,Energy,Prism,Russell,177,26.11,48.81,54.4,15.08,50.0,49.96,49.95,,,,,,63.87,47.02,,55,mixed_sideways,50,mixed_or_bearish,53.96,2.855,0.19,0.01782531,-0.03384095,0.13972056,0.22008547,4H MACD 柱体连续扩张；4H RSI 位于健康强势区间,4H EMA 仍偏震荡；4H MACD 尚未确认多头
1454,USAR,USA RARE EARTH CLASS A,Materials,Prism,Russell,1711,26.08,39.4,32.9,27.55,50.0,31.31,30.9,,,,,,30.58,40.37,,22,confirmed_bearish_trend,42,mixed_or_bearish,41.64,17.209999,0.09,-0.04495011,-0.00405104,-0.09563857,0.22316979,,4H EMA 空头排列；4H MACD 尚未确认多头
1455,KSS,KOHLS CORP,Consumer Discretionary,Prism,Russell,1629,26.05,39.62,29.3,36.43,50.0,35.23,35.25,,,,,,33.39,40.93,,41,bearish_transition,28,fresh_bearish_cross,43.02,17.934999,0.11,-0.03988228,0.00588890,-0.05828307,-0.06124057,,4H EMA 转弱或跌破 EMA26；4H MACD 最近死叉
1456,XRAY,DENTSPLY SIRONA,Health Care,Prism,Russell,1211,26.03,40.35,22.3,53.26,50.0,25.37,24.3,,,,,,37.45,42.74,,22,confirmed_bearish_trend,28,fresh_bearish_cross,37.12,10.715,0.14,-0.03511932,-0.00510678,-0.08025751,-0.20629630,,4H EMA 空头排列；4H MACD 最近死叉；4H RSI 偏弱
1457,PROK,PROKIDNEY CORP CLASS A,Health Care,Prism,Russell,305,26.01,41.51,50.8,41.05,50.0,43.73,44.7,,,,,,51.99,45.65,,58,mixed_sideways,28,fresh_bearish_cross,53.43,1.865,0.44,-0.06982544,0.00268817,0.10355030,0.21498371,4H RSI 位于健康强势区间,4H EMA 仍偏震荡；4H MACD 最近死叉
1458,MAMA,MAMAS CREATIONS INC,Consumer Staples,Prism,Russell,1330,25.98,40.17,25.9,43.71,50.0,29.15,28.5,,,,,,35.22,42.29,,22,confirmed_bearish_trend,42,mixed_or_bearish,35.02,15.08,0.15,-0.02576427,-0.03395259,-0.14754103,-0.15447150,,4H EMA 空头排列；4H MACD 尚未确认多头；4H RSI 偏弱
1459,STC,STEWART INFO SERVICES CORP,Financials,Prism,Russell,492,25.93,41.1,25.9,41.25,50.0,29.15,28.5,,,,,,51.91,44.63,,22,confirmed_bearish_trend,42,mixed_or_bearish,37.21,66.550003,0.11,-0.00782697,-0.03002475,0.01370908,-0.04244600,,4H EMA 空头排列；4H MACD 尚未确认多头；4H RSI 偏弱
1460,CRVL,CORVEL,Health Care,Prism,Russell,179,25.92,48.8,25.9,23.19,50.0,37.13,35.7,,,,,,58.74,47.0,,38,bearish_transition,42,mixed_or_bearish,36.68,66.360001,0.33,-0.02073339,-0.04887482,0.07535249,0.07604999,,4H EMA 转弱或跌破 EMA26；4H MACD 尚未确认多头；4H RSI 偏弱
1461,CLPT,CLEARPOINT NEURO INC,Health Care,Prism,Russell,1339,25.92,40.16,25.9,43.36,50.0,31.31,30.9,,,,,,35.1,42.27,,22,confirmed_bearish_trend,50,mixed_or_bearish,37.97,13.9,0.16,0.01608187,-0.06773977,-0.04467354,-0.04269972,4H MACD 柱体连续扩张,4H EMA 空头排列；4H MACD 尚未确认多头；4H RSI 偏弱
1462,MASS,908 DEVICES,Information Technology,Prism,Russell,271,25.81,48.39,25.9,23.45,50.0,36.32,34.8,,,,,,58.62,45.97,,36,bearish_transition,42,mixed_or_bearish,37.08,9.6,0.1,-0.03420523,-0.09943715,0.09215017,0.36266856,,4H EMA 转弱或跌破 EMA26；4H MACD 尚未确认多头；4H RSI 偏弱
1463,MH,MCGRAW HILL,Consumer Discretionary,Prism,Russell,475,25.81,41.13,25.9,40.38,50.0,35.63,35.7,,,,,,52.26,44.7,,38,bearish_transition,42,mixed_or_bearish,36.19,12.27,0.22,-0.03613511,-0.05104408,0.05548387,0.11545455,,4H EMA 转弱或跌破 EMA26；4H MACD 尚未确认多头；4H RSI 偏弱
1464,POWI,POWER INTEGRATIONS,Information Technology,Prism,Russell,1810,25.76,38.98,36.7,16.21,50.0,33.47,33.3,,,,,,25.4,39.33,,22,confirmed_bearish_trend,58,bullish_above_signal,36.65,50.075001,0.17,-0.02149483,0.00673500,-0.19285944,-0.15413851,4H MACD 位于 Signal 上方,4H EMA 空头排列；4H RSI 偏弱
1465,CMPR,CIMPRESS PLC,Industrials,Prism,Russell,1482,25.75,39.93,22.3,52.39,50.0,25.37,24.3,,,,,,37.24,41.7,,22,confirmed_bearish_trend,28,fresh_bearish_cross,36.93,84.540001,0.15,-0.01099675,-0.04051753,-0.10766305,-0.15426169,,4H EMA 空头排列；4H MACD 最近死叉；4H RSI 偏弱
1466,XMTR,XOMETRY CLASS A,Industrials,Prism,Russell,1486,25.66,39.92,22.3,51.77,50.0,31.04,30.6,,,,,,37.16,41.68,,36,bearish_transition,28,fresh_bearish_cross,35.33,83.959999,0.26,-0.11635005,-0.07888100,-0.07267508,0.01144437,,4H EMA 转弱或跌破 EMA26；4H MACD 最近死叉；4H RSI 偏弱
1467,ACHR,ARCHER AVIATION CLASS A,Industrials,Prism,Russell,1653,25.64,39.55,29.3,33.86,50.0,33.2,33.0,,,,,,32.52,40.75,,36,bearish_transition,28,fresh_bearish_cross,40.69,5.565,0.15,-0.04821358,0.00180018,-0.11031175,0.15456432,,4H EMA 转弱或跌破 EMA26；4H MACD 最近死叉
1468,TECX,TECTONIC THERAPEUTIC,Health Care,Prism,Russell,1599,25.64,39.69,32.9,23.91,50.0,31.31,30.9,,,,,,29.28,41.11,,22,confirmed_bearish_trend,50,mixed_or_bearish,38.15,30.09,0.06,-0.02542510,-0.04080335,-0.08457557,0.01074908,4H MACD 柱体连续扩张,4H EMA 空头排列；4H MACD 尚未确认多头；4H RSI 偏弱
1469,FIZZ,NATIONAL BEVERAGE,Consumer Staples,Prism,Russell,594,25.62,40.98,25.9,92.77,50.0,29.15,28.5,,,,,,45.35,44.32,,22,confirmed_bearish_trend,42,mixed_or_bearish,33.24,30.48,0.22,-0.02448395,-0.03848583,-0.01709126,-0.06301872,,4H EMA 空头排列；4H MACD 尚未确认多头；4H RSI 偏弱
1470,AEVA,AEVA TECHNOLOGIES,Information Technology,Prism,Russell,1935,25.57,36.95,43.7,1.03,50.0,36.84,37.05,,,,,,0.0,34.25,,25,confirmed_bearish_trend,58,bullish_above_signal,40.8,15.6501,0.19,-0.04222154,0.05743919,-0.33979751,0.06463265,4H MACD 位于 Signal 上方,4H EMA 空头排列
1471,BALY,BALLY S,Consumer Discretionary,Prism,Russell,1945,25.57,36.95,43.7,1.03,50.0,33.47,33.3,,,,,,0.0,34.25,,22,confirmed_bearish_trend,58,bullish_above_signal,39.34,8.9,0.29,-0.00112233,-0.02197802,-0.31274131,-0.39517499,4H MACD 位于 Signal 上方,4H EMA 空头排列；4H RSI 偏弱
1472,THRM,GENTHERM,Consumer Discretionary,Prism,Russell,1492,25.57,39.92,22.3,51.21,50.0,25.37,24.3,,,,,,37.08,41.67,,22,confirmed_bearish_trend,28,fresh_bearish_cross,37.08,38.34,0.15,-0.02665649,-0.00596318,-0.07747837,-0.08887837,,4H EMA 空头排列；4H MACD 最近死叉；4H RSI 偏弱
1473,GLSI,GREENWICH LIFESCIENCES INC,Health Care,Prism,Russell,1609,25.54,39.67,32.9,23.29,50.0,31.31,30.9,,,,,,29.01,41.05,,22,confirmed_bearish_trend,42,mixed_or_bearish,43.98,15.45,0.13,-0.03977626,0.02521566,-0.00515132,0.14955357,,4H EMA 空头排列；4H MACD 尚未确认多头
1474,PTCT,PTC THERAPEUTICS,Health Care,Prism,Russell,1379,25.43,40.1,25.9,40.23,50.0,29.15,28.5,,,,,,34.4,42.13,,22,confirmed_bearish_trend,42,mixed_or_bearish,34.36,67.644997,0.27,-0.03329762,-0.04076858,-0.09420197,-0.10237532,,4H EMA 空头排列；4H MACD 尚未确认多头；4H RSI 偏弱
1475,SB,SAFE BULKERS,Industrials,Prism,Russell,108,25.37,49.28,29.3,9.34,50.0,36.73,35.25,,,,,,69.78,48.21,,41,bearish_transition,28,fresh_bearish_cross,42.29,8.35,0.37,-0.06599553,-0.04462243,0.11333333,0.11855325,,4H EMA 转弱或跌破 EMA26；4H MACD 最近死叉
1476,SMID,SMITH MIDLAND CORP,Materials,Prism,Russell,1509,25.37,39.88,22.3,49.97,50.0,25.37,24.3,,,,,,36.6,41.57,,22,confirmed_bearish_trend,28,fresh_bearish_cross,37.25,25.155001,0.41,-0.03249996,-0.06067961,-0.12045451,-0.15445375,,4H EMA 空头排列；4H MACD 最近死叉；4H RSI 偏弱
1477,REZI,RESIDEO TECHNOLOGIES,Industrials,Prism,Russell,1830,25.36,38.81,36.7,13.96,50.0,33.47,33.3,,,,,,23.23,38.9,,22,confirmed_bearish_trend,58,bullish_above_signal,36.37,19.129999,0.24,-0.02123310,-0.00674979,-0.21015690,-0.24952749,4H MACD 位于 Signal 上方,4H EMA 空头排列；4H RSI 偏弱
1478,AGEN,AGENUS INC,Health Care,Prism,Russell,1385,25.34,40.1,25.9,39.66,50.0,35.63,35.7,,,,,,34.33,42.12,,38,bearish_transition,42,mixed_or_bearish,35.11,6.935,0.54,-0.10746461,-0.13204005,-0.00928571,0.05075758,,4H EMA 转弱或跌破 EMA26；4H MACD 尚未确认多头；4H RSI 偏弱
1479,PRCH,PORCH GROUP,Financials,Prism,Russell,424,25.27,41.23,25.9,36.53,50.0,35.63,35.7,,,,,,53.5,44.95,,38,bearish_transition,42,mixed_or_bearish,36.75,16.24,0.37,-0.04075605,-0.06397695,0.05317769,0.28684628,,4H EMA 转弱或跌破 EMA26；4H MACD 尚未确认多头；4H RSI 偏弱
1480,RUM,RUM GROUP CLASS A,Communication,Prism,Russell,224,25.22,48.58,25.9,19.09,50.0,36.32,34.8,,,,,,60.97,46.44,,36,bearish_transition,42,mixed_or_bearish,37.3,7.685,0.2,-0.10587551,-0.09853372,0.23951613,0.27235099,,4H EMA 转弱或跌破 EMA26；4H MACD 尚未确认多头；4H RSI 偏弱
1481,LZB,LA-Z-BOY INC,Consumer Discretionary,Prism,Russell,1836,25.2,38.69,36.7,13.19,50.0,33.47,33.3,,,,,,21.71,38.59,,22,confirmed_bearish_trend,58,bullish_above_signal,34.67,31.6,0.17,-0.00126419,0.00958470,-0.23745172,-0.23468154,4H MACD 位于 Signal 上方,4H EMA 空头排列；4H RSI 偏弱
1482,SOUN,SOUNDHOUND AI CLASS A,Information Technology,Prism,Russell,1612,24.98,39.66,25.9,38.28,50.0,31.31,30.9,,,,,,33.86,41.02,,22,confirmed_bearish_trend,50,mixed_or_bearish,35.4,6.525,0.22,-0.02169513,-0.04744526,-0.12592096,0.04567308,4H MACD 柱体连续扩张,4H EMA 空头排列；4H MACD 尚未确认多头；4H RSI 偏弱
1483,RELY,REMITLY GLOBAL,Financials,Prism,Russell,393,24.84,41.31,25.9,33.45,50.0,34.82,34.8,,,,,,54.54,45.16,,36,bearish_transition,42,mixed_or_bearish,35.34,24.02,0.18,-0.03611557,-0.06609639,0.03802943,0.02935509,,4H EMA 转弱或跌破 EMA26；4H MACD 尚未确认多头；4H RSI 偏弱
1484,MNTK,MONTAUK RENEWABLES INC,Utilities,Prism,Russell,8,24.79,74.6,53.85,0.92,50.0,70.08,66.75,,,,,,100.0,55.25,,89,confirmed_bullish_trend,70,bullish_above_signal,81.47,2.505,0.13,0.03512397,0.41926346,0.45639535,0.38016529,4H EMA 多头排列已连续维持；4H MACD 位于 Signal 上方,4H 相对 EMA26 超过 2 ATR，短线偏追高；4H RSI 过热
1485,VELO,VELO3D INC,Industrials,Prism,Russell,1856,24.76,38.55,36.7,10.57,50.0,33.47,33.3,,,,,,19.97,38.24,,22,confirmed_bearish_trend,58,bullish_above_signal,35.3,11.085,0.13,-0.08312655,-0.01641526,-0.14136328,0.17177590,4H MACD 位于 Signal 上方,4H EMA 空头排列；4H RSI 偏弱
1486,RH,RH,Consumer Discretionary,Prism,Russell,1858,24.7,38.52,36.7,10.26,50.0,33.47,33.3,,,,,,19.63,38.18,,22,confirmed_bearish_trend,58,bullish_above_signal,35.98,141.649902,0.16,-0.00763698,-0.02019855,-0.22777132,-0.20255645,4H MACD 位于 Signal 上方,4H EMA 空头排列；4H RSI 偏弱
1487,EYE,NATIONAL VISION HOLDINGS,Consumer Discretionary,Prism,Russell,1863,24.61,38.49,36.7,9.75,50.0,41.3,42.0,,,,,,19.19,38.09,,36,bearish_transition,66,bullish_above_signal,37.58,16.955,0.16,0.01466194,0.01618226,-0.24442962,-0.22189081,4H MACD 位于 Signal 上方；4H MACD 柱体连续扩张,4H EMA 转弱或跌破 EMA26；4H RSI 偏弱
1488,MATW,MATTHEWS INTERNATIONAL CORP CLASS,Consumer Discretionary,Prism,Russell,1428,24.6,40.03,36.7,59.42,50.0,33.47,33.3,,,,,,38.43,41.94,,22,confirmed_bearish_trend,58,bullish_above_signal,33.72,20.42,0.2,-0.00632599,0.00147136,-0.11140122,-0.29195562,4H MACD 位于 Signal 上方,4H EMA 空头排列；4H RSI 偏弱
1489,CDZI,CADIZ INC,Utilities,Prism,Russell,103,24.59,49.34,50.8,13.34,50.0,45.23,44.7,,,,,,65.49,48.35,,58,mixed_sideways,28,fresh_bearish_cross,52.55,4.015,0.33,-0.08123570,0.01133501,0.21116139,0.30145867,4H RSI 位于健康强势区间,4H EMA 仍偏震荡；4H MACD 最近死叉
1490,WGO,WINNEBAGO INDUSTRIES,Consumer Discretionary,Prism,Russell,1558,24.56,39.79,22.3,44.74,50.0,25.37,24.3,,,,,,35.44,41.34,,22,confirmed_bearish_trend,28,fresh_bearish_cross,37.23,29.049999,0.3,-0.03263410,-0.00954657,-0.09360375,-0.09529747,,4H EMA 空头排列；4H MACD 最近死叉；4H RSI 偏弱
1491,ACRS,ACLARIS THERAPEUTICS,Health Care,Prism,Russell,758,24.55,40.79,25.9,86.1,50.0,34.82,34.8,,,,,,42.93,43.84,,36,bearish_transition,42,mixed_or_bearish,33.76,5.525,0.31,-0.08828383,-0.08222591,-0.06355932,0.03755869,,4H EMA 转弱或跌破 EMA26；4H MACD 尚未确认多头；4H RSI 偏弱
1492,XENE,XENON PHARMACEUTICALS,Health Care,Prism,Russell,1331,24.52,40.17,22.3,43.61,50.0,25.37,24.3,,,,,,35.2,42.29,,22,confirmed_bearish_trend,28,fresh_bearish_cross,36.26,58.764999,0.12,-0.02318818,-0.02123588,-0.08479988,-0.09522707,,4H EMA 空头排列；4H MACD 最近死叉；4H RSI 偏弱
1493,PDEX,PRO DEX INC,Health Care,Prism,Russell,1569,24.5,39.75,29.3,25.76,50.0,36.44,36.6,,,,,,30.0,41.25,,44,bearish_transition,28,fresh_bearish_cross,40.43,59.5,0.34,-0.14252773,-0.02983861,-0.10025703,0.05900149,,4H EMA 转弱或跌破 EMA26；4H MACD 最近死叉
1494,MOV,MOVADO GROUP INC,Consumer Discretionary,Prism,Russell,1563,24.48,39.78,22.3,44.23,50.0,25.37,24.3,,,,,,35.38,41.33,,22,confirmed_bearish_trend,28,fresh_bearish_cross,36.43,33.080002,0.22,0.00608578,-0.02505152,-0.09863757,-0.13061753,,4H EMA 空头排列；4H MACD 最近死叉；4H RSI 偏弱
1495,ERAS,ERASCA,Health Care,Prism,Russell,1706,24.46,39.4,32.9,16.73,50.0,31.31,30.9,,,,,,25.67,40.38,,22,confirmed_bearish_trend,50,mixed_or_bearish,38.39,15.97,0.31,-0.03411153,-0.04827181,-0.11767956,-0.12059471,4H MACD 柱体连续扩张,4H EMA 空头排列；4H MACD 尚未确认多头；4H RSI 偏弱
1496,UFPI,UFP INDUSTRIES,Industrials,Prism,Russell,1565,24.45,39.78,22.3,44.07,50.0,25.37,24.3,,,,,,35.36,41.32,,22,confirmed_bearish_trend,28,fresh_bearish_cross,36.02,81.730003,0.33,-0.02481798,-0.00897294,-0.10097900,-0.10206542,,4H EMA 空头排列；4H MACD 最近死叉；4H RSI 偏弱
1497,APAM,ARTISAN PARTNERS ASSET MANAGEMENT,Financials,Prism,Russell,1180,24.38,40.38,25.9,85.94,50.0,34.82,34.8,,,,,,42.9,42.83,,36,bearish_transition,42,mixed_or_bearish,33.25,40.360001,0.11,-0.02264189,-0.03259827,-0.04360189,-0.01272016,,4H EMA 转弱或跌破 EMA26；4H MACD 尚未确认多头；4H RSI 偏弱
1498,FIVN,FIVE9,Information Technology,Prism,Russell,1648,24.36,39.57,25.9,34.33,50.0,34.82,34.8,,,,,,32.68,40.79,,36,bearish_transition,42,mixed_or_bearish,34.65,30.555,0.19,-0.03015391,-0.10211575,-0.11357705,0.12624405,,4H EMA 转弱或跌破 EMA26；4H MACD 尚未确认多头；4H RSI 偏弱
1499,PAX,PATRIA INVESTMENTS LTD CLASS A,Financials,Prism,Russell,903,24.26,40.65,25.9,84.5,50.0,29.15,28.5,,,,,,46.32,43.51,,22,confirmed_bearish_trend,42,mixed_or_bearish,33.54,10.83,0.43,-0.02564103,-0.03690529,-0.03217158,-0.02344454,,4H EMA 空头排列；4H MACD 尚未确认多头；4H RSI 偏弱
1500,RBBN,RIBBON COMMUNICATIONS,Information Technology,Prism,Russell,1144,24.24,40.43,54.1,89.69,50.0,40.13,40.7,,,,,,43.51,42.95,,22,confirmed_bearish_trend,72,fresh_below_zero_cross,45.28,1.965,0.59,0.02077922,0.00769231,-0.04146341,-0.04611650,4H MACD 刚金叉但仍需零轴确认；4H MACD 柱体连续扩张,4H EMA 空头排列
1501,ALOY,REALLOYS INC,Materials,Prism,Russell,1923,24.24,37.54,39.1,3.08,50.0,35.09,35.1,,,,,,7.35,35.72,,22,confirmed_bearish_trend,64,fresh_below_zero_cross,36.85,9.68,0.15,-0.06563707,-0.03006012,-0.25481139,0.31970007,4H MACD 刚金叉但仍需零轴确认,4H EMA 空头排列；4H RSI 偏弱
1502,ORA,ORMAT TECH INC,Utilities,Prism,Russell,1358,24.23,40.13,22.3,41.77,50.0,26.9,26.0,,,,,,34.73,42.2,,22,confirmed_bearish_trend,28,fresh_bearish_cross,36.64,98.315002,1.18,-0.10451771,-0.08373719,-0.12029457,-0.00137120,,4H EMA 空头排列；4H MACD 最近死叉；4H RSI 偏弱
1503,ALX,ALEXANDERS REIT INC,Real Estate,Prism,Russell,1200,24.14,40.35,25.9,84.35,50.0,29.15,28.5,,,,,,42.56,42.76,,22,confirmed_bearish_trend,42,mixed_or_bearish,33.52,256.01001,0.07,-0.02528073,-0.04076588,-0.05382981,-0.03092582,,4H EMA 空头排列；4H MACD 尚未确认多头；4H RSI 偏弱
1504,UTI,UNIVERSAL TECHNICAL INSTITUTE,Consumer Discretionary,Prism,Russell,1885,24.12,38.25,36.7,6.98,50.0,33.47,33.3,,,,,,16.32,37.51,,22,confirmed_bearish_trend,58,bullish_above_signal,34.49,20.99,0.14,-0.04936594,0.00574983,-0.21385771,-0.46303402,4H MACD 位于 Signal 上方,4H EMA 空头排列；4H RSI 偏弱
1505,VITL,VITAL FARMS INC,Consumer Staples,Prism,Russell,1498,24.1,39.9,25.9,31.81,50.0,29.15,28.5,,,,,,31.91,41.63,,22,confirmed_bearish_trend,42,mixed_or_bearish,36.11,9.87,0.13,-0.02191040,-0.03235294,-0.12422360,-0.28684971,,4H EMA 空头排列；4H MACD 尚未确认多头；4H RSI 偏弱
1506,MYGN,MYRIAD GENETICS,Health Care,Prism,Russell,685,24.07,40.87,51.7,93.95,50.0,42.92,43.8,,,,,,43.97,44.04,,36,bearish_transition,58,bullish_above_signal,49.37,3.195,0.2,0.00629921,0.00156740,-0.01692308,-0.40000000,4H MACD 位于 Signal 上方；4H RSI 位于健康强势区间,4H EMA 转弱或跌破 EMA26
1507,HIMS,HIMS HERS HEALTH CLASS A,Health Care,Prism,Russell,1755,24.05,39.25,32.9,14.37,50.0,31.31,30.9,,,,,,23.71,39.99,,22,confirmed_bearish_trend,42,mixed_or_bearish,42.9,27.809999,0.34,-0.00554268,-0.02249568,-0.12519666,-0.05166247,,4H EMA 空头排列；4H MACD 尚未确认多头
1508,BNED,BARNES AND NOBLE EDUCATION INC,Consumer Discretionary,Prism,Russell,1587,24.03,39.72,22.3,41.35,50.0,25.37,24.3,,,,,,34.65,41.18,,22,confirmed_bearish_trend,28,fresh_bearish_cross,34.98,11.175,0.46,-0.08326497,-0.05376799,-0.12627052,-0.14170507,,4H EMA 空头排列；4H MACD 最近死叉；4H RSI 偏弱
1509,OMDA,OMADA HEALTH,Health Care,Prism,Russell,1503,23.98,39.89,25.9,31.09,50.0,34.82,34.8,,,,,,31.71,41.59,,36,bearish_transition,42,mixed_or_bearish,36.08,21.530001,0.27,-0.04396088,-0.05694258,-0.13845534,0.05384244,,4H EMA 转弱或跌破 EMA26；4H MACD 尚未确认多头；4H RSI 偏弱
1510,PSFE,PAYSAFE LTD,Financials,Prism,Russell,1591,23.98,39.72,22.3,41.05,50.0,25.37,24.3,,,,,,34.63,41.18,,22,confirmed_bearish_trend,28,fresh_bearish_cross,36.9,6.23,0.13,-0.03858025,0.00160772,-0.12745098,-0.31160221,,4H EMA 空头排列；4H MACD 最近死叉；4H RSI 偏弱
1511,DFH,DREAM FINDERS HOMES INC CLASS A,Consumer Discretionary,Prism,Russell,1212,23.94,40.35,25.9,83.07,50.0,29.15,28.5,,,,,,42.44,42.74,,22,confirmed_bearish_trend,42,mixed_or_bearish,33.76,12.95,0.19,-0.02374670,-0.05543399,-0.06159420,-0.20209489,,4H EMA 空头排列；4H MACD 尚未确认多头；4H RSI 偏弱
1512,KMTS,KESTRA MEDICAL TECHNOLOGIES,Health Care,Prism,Russell,1508,23.92,39.88,25.9,30.68,50.0,29.15,28.5,,,,,,31.61,41.57,,22,confirmed_bearish_trend,42,mixed_or_bearish,36.8,24.584999,0.15,-0.02864481,-0.02129785,-0.13280427,0.03168271,,4H EMA 空头排列；4H MACD 尚未确认多头；4H RSI 偏弱
1513,AAT,AMERICAN ASSETS TRUST REIT,Real Estate,Prism,Russell,1060,23.88,40.51,19.65,98.97,50.0,29.15,28.5,,,,,,44.51,43.15,,22,confirmed_bearish_trend,42,mixed_or_bearish,23.41,21.48,0.15,-0.02230310,-0.04149933,-0.04660457,-0.10945277,,4H EMA 空头排列；4H MACD 尚未确认多头；4H RSI 偏弱
1514,WINA,WINMARK,Consumer Discretionary,Prism,Russell,1676,23.88,39.49,25.9,31.3,50.0,29.15,28.5,,,,,,31.76,40.6,,22,confirmed_bearish_trend,42,mixed_or_bearish,34.67,313.089996,0.32,0.00206433,-0.03912963,-0.17215763,-0.09618662,,4H EMA 空头排列；4H MACD 尚未确认多头；4H RSI 偏弱
1515,CLW,CLEARWATER PAPER CORP,Materials,Prism,Russell,1685,23.7,39.47,25.9,30.17,50.0,34.82,34.8,,,,,,31.44,40.54,,36,bearish_transition,42,mixed_or_bearish,34.73,20.0,0.14,-0.01719902,-0.04030710,-0.12165130,0.14678893,,4H EMA 转弱或跌破 EMA26；4H MACD 尚未确认多头；4H RSI 偏弱
1516,TRAX,FIRST TRACKS BIOTHERAPEUTICS INC,Health Care,Prism,Russell,1799,23.66,39.04,32.9,12.21,50.0,36.98,37.2,,,,,,21.15,39.48,,36,bearish_transition,42,mixed_or_bearish,41.77,40.125,0.12,-0.04849415,-0.02062487,-0.16056484,-0.04076027,,4H EMA 转弱或跌破 EMA26；4H MACD 尚未确认多头
1517,STUB,STUBHUB HOLDINGS INC CLASS A,Communication,Prism,Russell,1909,23.65,37.88,36.7,4.72,50.0,33.47,33.3,,,,,,11.61,36.57,,22,confirmed_bearish_trend,58,bullish_above_signal,35.4,6.09,0.19,-0.00245700,-0.00975610,-0.30716724,-0.28730252,4H MACD 位于 Signal 上方,4H EMA 空头排列；4H RSI 偏弱
1518,EAT,BRINKER INTERNATIONAL INC,Consumer Discretionary,Prism,Russell,1233,23.58,40.31,25.9,80.76,50.0,34.82,34.8,,,,,,42.05,42.66,,36,bearish_transition,42,mixed_or_bearish,33.87,216.660004,0.35,-0.02585315,-0.07426077,-0.04861016,0.09159617,,4H EMA 转弱或跌破 EMA26；4H MACD 尚未确认多头；4H RSI 偏弱
1519,BWIN,BALDWIN INSURANCE GROUP CLASS A,Financials,Prism,Russell,859,23.53,40.69,25.9,79.53,50.0,34.82,34.8,,,,,,46.77,43.6,,36,bearish_transition,42,mixed_or_bearish,33.8,28.76,0.43,-0.03164986,-0.05019818,-0.00277393,0.00348918,,4H EMA 转弱或跌破 EMA26；4H MACD 尚未确认多头；4H RSI 偏弱
1520,SEVN,SEVEN HILLS REALTY TRUST,Financials,Prism,Russell,853,23.43,40.7,25.9,78.81,50.0,29.15,28.5,,,,,,46.85,43.62,,22,confirmed_bearish_trend,42,mixed_or_bearish,33.87,7.405,0.27,-0.01266667,-0.01002674,-0.01266667,-0.07668329,,4H EMA 空头排列；4H MACD 尚未确认多头；4H RSI 偏弱
1521,GRND,GRINDR INC,Communication,Prism,Russell,1552,23.39,39.79,39.1,45.46,50.0,35.09,35.1,,,,,,35.55,41.36,,22,confirmed_bearish_trend,64,fresh_below_zero_cross,33.73,14.865,0.2,-0.03285621,-0.04282035,-0.09082569,-0.10559572,4H MACD 刚金叉但仍需零轴确认,4H EMA 空头排列；4H RSI 偏弱
1522,RGNX,REGENXBIO,Health Care,Prism,Russell,1817,23.36,38.95,32.9,10.47,50.0,33.47,33.3,,,,,,19.96,39.24,,22,confirmed_bearish_trend,50,mixed_or_bearish,40.31,8.87,0.45,0.01371429,-0.04726101,-0.14956855,-0.07507821,4H MACD 柱体连续扩张,4H EMA 空头排列；4H MACD 尚未确认多头
1523,NXRT,NEXPOINT RESIDENTIAL TRUST INC,Real Estate,Prism,Russell,936,23.36,40.62,22.3,88.15,50.0,25.37,24.3,,,,,,45.87,43.42,,22,confirmed_bearish_trend,28,fresh_bearish_cross,32.56,22.73,0.38,-0.02696922,-0.02904742,-0.09478299,-0.15658630,,4H EMA 空头排列；4H MACD 最近死叉；4H RSI 偏弱
1524,BLZE,BACKBLAZE INC CLASS A,Information Technology,Prism,Russell,1922,23.31,37.58,36.7,3.18,50.0,33.47,33.3,,,,,,7.92,35.83,,22,confirmed_bearish_trend,58,bullish_above_signal,35.8,13.37,0.22,-0.03743701,-0.01255539,-0.30581516,0.10862355,4H MACD 位于 Signal 上方,4H EMA 空头排列；4H RSI 偏弱
1525,UE,URBAN EDGE PROPERTIES,Real Estate,Prism,Russell,1093,23.31,40.49,19.65,95.23,50.0,29.15,28.5,,,,,,44.18,43.09,,22,confirmed_bearish_trend,42,mixed_or_bearish,27.12,20.790001,0.18,-0.01117712,-0.02759579,-0.04545454,-0.10194380,,4H EMA 空头排列；4H MACD 尚未确认多头；4H RSI 偏弱
1526,AUB,ATLANTIC UNION BANKSHARES,Financials,Prism,Russell,932,23.29,40.62,22.3,87.69,50.0,25.37,24.3,,,,,,45.92,43.43,,22,confirmed_bearish_trend,28,fresh_bearish_cross,33.82,39.560001,0.36,-0.02489522,0.00126558,-0.05018009,-0.08170847,,4H EMA 空头排列；4H MACD 最近死叉；4H RSI 偏弱
1527,CHCT,COMMUNITY HEALTHCARE TRUST INC,Real Estate,Prism,Russell,1157,23.29,40.41,22.3,88.15,50.0,25.37,24.3,,,,,,43.24,42.9,,22,confirmed_bearish_trend,28,fresh_bearish_cross,32.59,14.51,0.2,-0.02715387,-0.02617450,-0.04161162,-0.23751975,,4H EMA 空头排列；4H MACD 最近死叉；4H RSI 偏弱
1528,JACK,JACK IN THE BOX INC,Consumer Discretionary,Prism,Russell,1854,23.26,38.56,32.9,10.67,50.0,31.31,30.9,,,,,,20.16,38.28,,22,confirmed_bearish_trend,42,mixed_or_bearish,40.09,15.16,0.22,-0.01044386,-0.03069054,-0.14974762,-0.06246135,,4H EMA 空头排列；4H MACD 尚未确认多头
1529,EPRT,ESSENTIAL PROPERTIES REALTY TRUST,Real Estate,Prism,Russell,1101,23.22,40.48,19.65,94.61,50.0,29.15,28.5,,,,,,44.09,43.07,,22,confirmed_bearish_trend,42,mixed_or_bearish,30.19,29.440001,0.26,-0.01439571,-0.02322488,-0.02451952,-0.08229429,,4H EMA 空头排列；4H MACD 尚未确认多头；4H RSI 偏弱
1530,WAFD,WAFD INC,Financials,Prism,Russell,990,23.2,40.57,19.65,94.25,50.0,29.15,28.5,,,,,,45.19,43.29,,22,confirmed_bearish_trend,42,mixed_or_bearish,24.29,33.805,0.39,-0.01414409,-0.04438163,-0.09479183,-0.07875732,,4H EMA 空头排列；4H MACD 尚未确认多头；4H RSI 偏弱
1531,LIF,LIFE360,Information Technology,Prism,Russell,1929,23.15,37.34,36.7,2.67,50.0,33.47,33.3,,,,,,4.92,35.23,,22,confirmed_bearish_trend,58,bullish_above_signal,36.77,42.400002,0.16,-0.01953976,0.01314227,-0.34708961,-0.25154456,4H MACD 位于 Signal 上方,4H EMA 空头排列；4H RSI 偏弱
1532,AORT,ARTIVION,Health Care,Prism,Russell,897,23.1,40.66,25.9,76.76,50.0,31.31,30.9,,,,,,41.36,43.52,,22,confirmed_bearish_trend,50,mixed_or_bearish,32.15,25.049999,0.22,-0.01202923,-0.07564579,-0.04789054,-0.07325201,4H MACD 柱体连续扩张,4H EMA 空头排列；4H MACD 尚未确认多头；4H RSI 偏弱
1533,CDP,COPT DEFENSE PROPERTIES,Real Estate,Prism,Russell,1105,23.09,40.47,19.65,93.79,50.0,29.15,28.5,,,,,,43.96,43.04,,22,confirmed_bearish_trend,42,mixed_or_bearish,24.95,34.884998,0.21,-0.01035467,-0.01815370,-0.04346046,-0.08749678,,4H EMA 空头排列；4H MACD 尚未确认多头；4H RSI 偏弱
1534,XERS,XERIS BIOPHARMA HOLDINGS,Health Care,Prism,Russell,469,22.96,41.14,25.9,74.65,50.0,35.54,35.6,,,,,,47.36,44.72,,36,bearish_transition,42,mixed_or_bearish,32.54,7.965,1.02,-0.06238964,-0.05683837,-0.00312891,-0.03337379,,4H EMA 转弱或跌破 EMA26；4H MACD 尚未确认多头；4H RSI 偏弱
1535,JOE,ST JOE,Real Estate,Prism,Russell,1117,22.95,40.46,19.65,92.87,50.0,29.15,28.5,,,,,,43.84,43.02,,22,confirmed_bearish_trend,42,mixed_or_bearish,29.73,63.849998,0.14,-0.00807837,-0.01920123,-0.03680801,0.02603243,,4H EMA 空头排列；4H MACD 尚未确认多头；4H RSI 偏弱
1536,EXTR,EXTREME NETWORKS,Information Technology,Prism,Russell,1529,22.82,39.85,36.7,47.92,50.0,33.47,33.3,,,,,,36.28,41.51,,22,confirmed_bearish_trend,58,bullish_above_signal,32.56,21.5,0.19,-0.00990099,-0.01285588,-0.08627288,-0.28333333,4H MACD 位于 Signal 上方,4H EMA 空头排列；4H RSI 偏弱
1537,CDNL,CARDINAL INFRASTRUCTURE GROUP INC,Industrials,Prism,Russell,1937,22.77,36.95,36.7,1.03,50.0,33.47,33.3,,,,,,0.0,34.25,,22,confirmed_bearish_trend,58,bullish_above_signal,37.11,35.790001,0.26,-0.03634890,-0.00721215,-0.40349998,-0.40715585,4H MACD 位于 Signal 上方,4H EMA 空头排列；4H RSI 偏弱
1538,OSIS,OSI SYSTEMS,Information Technology,Prism,Russell,1662,22.71,39.52,22.3,33.04,50.0,25.37,24.3,,,,,,32.14,40.68,,22,confirmed_bearish_trend,28,fresh_bearish_cross,35.86,198.550003,0.41,-0.03158147,-0.04813267,-0.14704870,-0.10050512,,4H EMA 空头排列；4H MACD 最近死叉；4H RSI 偏弱
1539,VSXY,VICTORIA S SECRET,Consumer Discretionary,Prism,Russell,1746,22.66,39.28,25.9,23.7,50.0,31.31,30.9,,,,,,29.11,40.07,,22,confirmed_bearish_trend,50,mixed_or_bearish,37.02,76.639999,0.14,-0.01058611,-0.08978620,-0.23267920,-0.14090349,4H MACD 柱体连续扩张,4H EMA 空头排列；4H MACD 尚未确认多头；4H RSI 偏弱
1540,CRVS,CORVUS PHARMACEUTICALS,Health Care,Prism,Russell,814,22.59,40.74,22.3,82.76,50.0,25.37,24.3,,,,,,42.41,43.73,,22,confirmed_bearish_trend,28,fresh_bearish_cross,32.44,13.105,0.41,-0.07450565,-0.08228291,-0.04600713,-0.01466165,,4H EMA 空头排列；4H MACD 最近死叉；4H RSI 偏弱
1541,PHIN,PHINIA,Consumer Discretionary,Prism,Russell,1546,22.54,39.82,36.7,46.18,50.0,33.47,33.3,,,,,,35.85,41.42,,22,confirmed_bearish_trend,58,bullish_above_signal,33.59,66.790001,0.23,-0.01894831,-0.00119638,-0.09498647,-0.17031055,4H MACD 位于 Signal 上方,4H EMA 空头排列；4H RSI 偏弱
1542,MBC,MASTERBRAND,Industrials,Prism,Russell,1673,22.49,39.49,22.3,31.66,50.0,25.37,24.3,,,,,,31.82,40.61,,22,confirmed_bearish_trend,28,fresh_bearish_cross,35.92,7.855,0.2,-0.05075529,-0.01442911,-0.13395810,-0.12915743,,4H EMA 空头排列；4H MACD 最近死叉；4H RSI 偏弱
1543,CWCO,CONSOLIDATED WATER LTD,Utilities,Prism,Russell,953,22.47,40.6,25.9,72.7,50.0,29.15,28.5,,,,,,40.62,43.37,,22,confirmed_bearish_trend,42,mixed_or_bearish,32.45,28.43,0.23,-0.01524077,-0.01796204,-0.05985450,-0.06016529,,4H EMA 空头排列；4H MACD 尚未确认多头；4H RSI 偏弱
1544,CNS,COHEN & STEERS INC,Financials,Prism,Russell,1301,22.44,40.21,25.9,73.37,50.0,29.15,28.5,,,,,,40.81,42.41,,22,confirmed_bearish_trend,42,mixed_or_bearish,32.89,77.050003,0.11,-0.01768920,-0.00606287,-0.06208154,-0.06555089,,4H EMA 空头排列；4H MACD 尚未确认多头；4H RSI 偏弱
1545,BFS,SAUL CENTERS REIT INC,Real Estate,Prism,Russell,1147,22.43,40.43,19.65,89.48,50.0,29.15,28.5,,,,,,43.47,42.94,,22,confirmed_bearish_trend,42,mixed_or_bearish,26.77,31.84,0.13,-0.01591717,-0.02748937,-0.06118240,-0.10271948,,4H EMA 空头排列；4H MACD 尚未确认多头；4H RSI 偏弱
1546,UPWK,UPWORK,Industrials,Prism,Russell,1761,22.37,39.23,25.9,21.86,50.0,29.15,28.5,,,,,,28.43,39.94,,22,confirmed_bearish_trend,42,mixed_or_bearish,34.66,8.285,0.2,-0.01192606,-0.09896683,-0.15930999,-0.15502295,,4H EMA 空头排列；4H MACD 尚未确认多头；4H RSI 偏弱
1547,EAF,GRAFTECH INTERNATIONAL LTD,Industrials,Prism,Russell,1899,22.34,38.08,32.9,5.64,50.0,31.31,30.9,,,,,,14.17,37.08,,22,confirmed_bearish_trend,42,mixed_or_bearish,40.69,6.11,0.23,-0.16927260,-0.14305750,-0.22066327,-0.20442708,,4H EMA 空头排列；4H MACD 尚未确认多头
1548,FRSH,FRESHWORKS CLASS A,Information Technology,Prism,Russell,1156,22.24,40.41,19.65,88.25,50.0,34.82,34.8,,,,,,43.29,42.91,,36,bearish_transition,42,mixed_or_bearish,30.77,11.92,0.1,-0.02255023,-0.11507053,-0.00459290,0.06571301,,4H EMA 转弱或跌破 EMA26；4H MACD 尚未确认多头；4H RSI 偏弱
1549,BFLY,BUTTERFLY NETWORK CLASS A,Health Care,Prism,Russell,1886,22.21,38.24,32.9,4.41,50.0,31.31,30.9,,,,,,11.13,37.48,,22,confirmed_bearish_trend,50,mixed_or_bearish,39.65,7.565,0.15,0.01001335,-0.07631258,-0.22010309,0.05435540,4H MACD 柱体连续扩张,4H EMA 空头排列；4H MACD 尚未确认多头；4H RSI 偏弱
1550,BLKB,BLACKBAUD,Information Technology,Prism,Russell,1318,22.14,40.18,25.9,71.42,50.0,35.63,35.7,,,,,,40.39,42.33,,38,bearish_transition,42,mixed_or_bearish,33.95,44.025002,0.29,-0.03007264,-0.07839644,-0.04168474,0.22529925,,4H EMA 转弱或跌破 EMA26；4H MACD 尚未确认多头；4H RSI 偏弱
1551,TSHA,TAYSHA GENE THERAPIES,Health Care,Prism,Russell,1656,22.13,39.55,25.9,19.5,50.0,29.15,28.5,,,,,,27.46,40.74,,22,confirmed_bearish_trend,42,mixed_or_bearish,34.25,5.35,0.24,-0.02550091,-0.06123881,-0.16012559,-0.01924840,,4H EMA 空头排列；4H MACD 尚未确认多头；4H RSI 偏弱
1552,ALKT,ALKAMI TECHNOLOGY,Information Technology,Prism,Russell,1167,22.1,40.4,19.65,87.33,50.0,34.82,34.8,,,,,,43.11,42.87,,36,bearish_transition,42,mixed_or_bearish,31.65,18.610001,0.45,-0.03525142,-0.04318766,-0.05244389,0.02337102,,4H EMA 转弱或跌破 EMA26；4H MACD 尚未确认多头；4H RSI 偏弱
1553,DFTX,DEFINIUM THERAPEUTICS INC,Health Care,Prism,Russell,1664,22.05,39.52,25.9,19.09,50.0,31.31,30.9,,,,,,27.11,40.67,,22,confirmed_bearish_trend,50,mixed_or_bearish,35.95,38.23,0.14,-0.01608545,-0.00739969,-0.15354812,-0.08889416,4H MACD 柱体连续扩张,4H EMA 空头排列；4H MACD 尚未确认多头；4H RSI 偏弱
1554,BOOT,BOOT BARN HOLDINGS,Consumer Discretionary,Prism,Russell,1699,22.03,39.43,22.3,28.73,50.0,25.37,24.3,,,,,,31.03,40.46,,22,confirmed_bearish_trend,28,fresh_bearish_cross,37.61,146.779999,0.14,-0.03453266,-0.01337639,-0.12967682,-0.07458547,,4H EMA 空头排列；4H MACD 最近死叉；4H RSI 偏弱
1555,IRMD,IRADIMED,Health Care,Prism,Russell,995,22.02,40.56,25.9,69.78,50.0,29.15,28.5,,,,,,40.13,43.28,,22,confirmed_bearish_trend,42,mixed_or_bearish,33.92,83.580002,0.09,-0.01333959,-0.03342198,-0.07472600,-0.11835444,,4H EMA 空头排列；4H MACD 尚未确认多头；4H RSI 偏弱
1556,FCPT,FOUR CORNERS PROPERTY INC TRUST,Real Estate,Prism,Russell,770,21.98,40.77,25.9,69.01,50.0,29.15,28.5,,,,,,47.79,43.81,,22,confirmed_bearish_trend,42,mixed_or_bearish,32.62,24.48,0.2,-0.01568158,-0.01488934,-0.00040833,-0.05846154,,4H EMA 空头排列；4H MACD 尚未确认多头；4H RSI 偏弱
1557,PINE,ALPINE INCOME PROPERTY TRUST INC,Real Estate,Prism,Russell,1086,21.96,40.49,16.05,95.79,50.0,26.09,25.1,,,,,,44.26,43.1,,22,confirmed_bearish_trend,28,fresh_bearish_cross,29.54,18.9,0.87,-0.03027193,-0.03324803,-0.02577320,-0.07262017,,4H EMA 空头排列；4H MACD 最近死叉；4H RSI 偏弱
1558,AHRT,AH REALTY INC,Real Estate,Prism,Russell,1252,21.88,40.3,22.3,79.07,50.0,25.37,24.3,,,,,,41.84,42.62,,22,confirmed_bearish_trend,28,fresh_bearish_cross,33.61,6.385,0.41,-0.02948776,-0.00390016,-0.05337287,-0.10323034,,4H EMA 空头排列；4H MACD 最近死叉；4H RSI 偏弱
1559,AZTA,AZENTA,Health Care,Prism,Russell,1011,21.83,40.55,25.9,68.5,50.0,34.82,34.8,,,,,,40.0,43.25,,36,bearish_transition,42,mixed_or_bearish,32.93,30.299999,0.23,-0.03595294,-0.04022810,-0.09145425,0.04808021,,4H EMA 转弱或跌破 EMA26；4H MACD 尚未确认多头；4H RSI 偏弱
1560,PII,POLARIS INC,Consumer Discretionary,Prism,Russell,1713,21.77,39.38,22.3,27.09,50.0,25.37,24.3,,,,,,30.38,40.33,,22,confirmed_bearish_trend,28,fresh_bearish_cross,35.65,59.889999,0.24,-0.03340865,-0.02379787,-0.14148513,-0.16296301,,4H EMA 空头排列；4H MACD 最近死叉；4H RSI 偏弱
1561,COLL,COLLEGIUM PHARMACEUTICAL,Health Care,Prism,Russell,1266,21.64,40.27,32.85,49.41,50.0,37.25,37.5,,,,,,36.46,42.54,,22,confirmed_bearish_trend,72,fresh_below_zero_cross,27.99,23.469999,0.28,0.00342027,-0.02289763,-0.13744947,-0.34678544,4H MACD 刚金叉但仍需零轴确认；4H MACD 柱体连续扩张,4H EMA 空头排列；4H RSI 偏弱
1562,MHO,M I HOMES INC,Consumer Discretionary,Prism,Russell,1201,21.62,40.35,19.65,84.25,50.0,29.15,28.5,,,,,,42.55,42.76,,22,confirmed_bearish_trend,42,mixed_or_bearish,31.63,141.404999,0.25,-0.01774804,-0.03167157,-0.04520599,-0.07196296,,4H EMA 空头排列；4H MACD 尚未确认多头；4H RSI 偏弱
1563,LWAY,LIFEWAY FOODS INC,Consumer Staples,Prism,Russell,1719,21.56,39.37,25.9,16.11,50.0,29.15,28.5,,,,,,25.28,40.31,,22,confirmed_bearish_trend,42,mixed_or_bearish,36.12,24.809999,0.26,-0.00361450,-0.04208498,-0.17382623,-0.18908319,,4H EMA 空头排列；4H MACD 尚未确认多头；4H RSI 偏弱
1564,TDOC,TELADOC HEALTH INC,Health Care,Prism,Russell,1578,21.55,39.74,22.3,24.83,50.0,25.37,24.3,,,,,,29.85,41.22,,22,confirmed_bearish_trend,28,fresh_bearish_cross,34.71,6.045,0.15,-0.04502370,-0.03280000,-0.14558304,-0.35416667,,4H EMA 空头排列；4H MACD 最近死叉；4H RSI 偏弱
1565,HOV,HOVNANIAN ENTERPRISES CLASS A,Consumer Discretionary,Prism,Russell,1802,21.54,39.02,25.9,16.83,50.0,29.15,28.5,,,,,,25.85,39.42,,22,confirmed_bearish_trend,42,mixed_or_bearish,36.16,115.940002,0.03,-0.02840861,-0.03141182,-0.12066745,-0.14968832,,4H EMA 空头排列；4H MACD 尚未确认多头；4H RSI 偏弱
1566,GCMG,GCM GROSVENOR CLASS A,Financials,Prism,Russell,1357,21.48,40.13,25.9,67.16,50.0,29.15,28.5,,,,,,39.74,42.2,,22,confirmed_bearish_trend,42,mixed_or_bearish,33.21,12.93,0.12,-0.02267574,-0.02781955,-0.06372194,0.04866180,,4H EMA 空头排列；4H MACD 尚未确认多头；4H RSI 偏弱
1567,KRUS,KURA SUSHI USA,Consumer Discretionary,Prism,Russell,1670,21.26,39.51,39.1,31.97,50.0,35.09,35.1,,,,,,31.97,40.64,,22,confirmed_bearish_trend,64,fresh_below_zero_cross,33.7,42.310001,0.27,-0.05967325,-0.04384179,-0.12726896,-0.11964211,4H MACD 刚金叉但仍需零轴确认,4H EMA 空头排列；4H RSI 偏弱
1568,GRBK,GREEN BRICK PARTNERS,Consumer Discretionary,Prism,Russell,717,21.22,40.83,25.9,63.78,50.0,29.15,28.5,,,,,,48.53,43.96,,22,confirmed_bearish_trend,42,mixed_or_bearish,32.82,68.394997,0.21,-0.02654433,-0.03533152,-0.03013330,-0.07185513,,4H EMA 空头排列；4H MACD 尚未确认多头；4H RSI 偏弱
1569,SSTK,SHUTTERSTOCK,Communication,Prism,Russell,1823,21.17,38.88,25.9,14.67,50.0,29.15,28.5,,,,,,24.1,39.07,,22,confirmed_bearish_trend,42,mixed_or_bearish,37.32,5.095,0.22,0.00000000,-0.11545139,-0.13350340,-0.14656616,,4H EMA 空头排列；4H MACD 尚未确认多头；4H RSI 偏弱
1570,OUT,OUTFRONT MEDIA,Real Estate,Prism,Russell,1231,21.13,40.32,19.65,81.07,50.0,29.87,29.3,,,,,,42.13,42.68,,22,confirmed_bearish_trend,42,mixed_or_bearish,30.66,28.610001,0.58,-0.01869319,-0.04089839,-0.04728605,-0.11887896,,4H EMA 空头排列；4H MACD 尚未确认多头；4H RSI 偏弱
1571,NHI,NATIONAL HEALTH INVESTORS REIT,Real Estate,Prism,Russell,1378,21.12,40.1,25.9,64.8,50.0,29.87,29.3,,,,,,39.41,42.13,,22,confirmed_bearish_trend,42,mixed_or_bearish,32.77,70.050003,0.81,-0.01753156,-0.03058399,-0.05529331,-0.10798416,,4H EMA 空头排列；4H MACD 尚未确认多头；4H RSI 偏弱
1572,TILE,INTERFACE,Industrials,Prism,Russell,1234,21.07,40.31,19.65,80.66,50.0,34.82,34.8,,,,,,42.04,42.66,,36,bearish_transition,42,mixed_or_bearish,31.89,34.790001,0.15,-0.03374531,-0.06061831,-0.07177158,0.00957638,,4H EMA 转弱或跌破 EMA26；4H MACD 尚未确认多头；4H RSI 偏弱
1573,HMN,HORACE MANN EDUCATORS CORP,Financials,Prism,Russell,1387,21.03,40.09,25.9,64.24,50.0,29.15,28.5,,,,,,39.3,42.11,,22,confirmed_bearish_trend,42,mixed_or_bearish,32.66,49.200001,0.35,-0.02554963,-0.02881956,-0.06853463,-0.06321399,,4H EMA 空头排列；4H MACD 尚未确认多头；4H RSI 偏弱
1574,SVV,SAVERS VALUE VILLAGE,Consumer Discretionary,Prism,Russell,1832,20.99,38.75,25.9,13.75,50.0,29.15,28.5,,,,,,22.52,38.75,,22,confirmed_bearish_trend,42,mixed_or_bearish,37.27,9.8776,0.17,-0.03065751,-0.02875123,-0.19628967,-0.03539063,,4H EMA 空头排列；4H MACD 尚未确认多头；4H RSI 偏弱
1575,PRK,PARK NATIONAL CORP,Financials,Prism,Russell,1243,20.94,40.31,19.65,79.84,50.0,29.15,28.5,,,,,,41.96,42.64,,22,confirmed_bearish_trend,42,mixed_or_bearish,26.86,187.705002,0.16,-0.02962233,-0.01986838,-0.06674789,-0.09066465,,4H EMA 空头排列；4H MACD 尚未确认多头；4H RSI 偏弱
1576,DMRA,DAMORA THERAPEUTICS INC,Health Care,Prism,Russell,1636,20.87,39.6,22.3,20.63,50.0,26.09,25.1,,,,,,28.1,40.87,,22,confirmed_bearish_trend,28,fresh_bearish_cross,36.89,26.83,0.57,-0.09936223,-0.04824409,-0.09388723,-0.09235450,,4H EMA 空头排列；4H MACD 最近死叉；4H RSI 偏弱
1577,CERT,CERTARA,Health Care,Prism,Russell,1107,20.84,40.47,25.9,62.08,50.0,34.82,34.8,,,,,,38.95,43.04,,36,bearish_transition,42,mixed_or_bearish,32.73,7.62,0.15,-0.01804124,-0.06041924,-0.05693069,-0.03727100,,4H EMA 转弱或跌破 EMA26；4H MACD 尚未确认多头；4H RSI 偏弱
1578,PFSI,PENNYMAC FINANCIAL SERVICES,Financials,Prism,Russell,1308,20.84,40.2,22.3,72.34,50.0,25.37,24.3,,,,,,40.59,42.37,,22,confirmed_bearish_trend,28,fresh_bearish_cross,33.87,70.830002,0.36,-0.02685996,0.00070646,-0.06642943,-0.17394601,,4H EMA 空头排列；4H MACD 最近死叉；4H RSI 偏弱
1579,SAFE,SAFEHOLD INC,Real Estate,Prism,Russell,1258,20.72,40.29,19.65,78.4,50.0,29.15,28.5,,,,,,41.75,42.6,,22,confirmed_bearish_trend,42,mixed_or_bearish,30.4,14.545,0.39,-0.00308430,-0.04309211,-0.05735580,-0.12695078,,4H EMA 空头排列；4H MACD 尚未确认多头；4H RSI 偏弱
1580,AMC,AMC ENTERTAINMENT HOLDINGS INC CLA,Communication,Prism,Russell,1051,20.52,40.52,40.9,99.85,50.0,37.79,38.1,,,,,,44.62,43.17,,38,bearish_transition,42,mixed_or_bearish,45.29,2.525,0.25,0.00018380,-0.01941748,0.04554865,-0.05253283,,4H EMA 转弱或跌破 EMA26；4H MACD 尚未确认多头
1581,NATR,NATURES SUNSHINE PRODUCTS INC,Consumer Staples,Prism,Russell,1501,20.35,39.89,36.7,31.4,50.0,33.47,33.3,,,,,,31.78,41.61,,22,confirmed_bearish_trend,58,bullish_above_signal,33.68,13.65,0.15,-0.01301518,-0.01727862,-0.13388325,-0.34153401,4H MACD 位于 Signal 上方,4H EMA 空头排列；4H RSI 偏弱
1582,IRT,INDEPENDENCE REALTY,Real Estate,Prism,Russell,1279,20.35,40.25,19.65,76.04,50.0,30.68,30.2,,,,,,41.18,42.49,,22,confirmed_bearish_trend,42,mixed_or_bearish,27.94,15.31,1.15,-0.04995346,-0.05871497,-0.08460389,-0.08268430,,4H EMA 空头排列；4H MACD 尚未确认多头；4H RSI 偏弱
1583,DEA,EASTERLY GOVERNMENT PROPERTIES INC,Real Estate,Prism,Russell,822,20.35,40.74,19.65,74.91,50.0,29.15,28.5,,,,,,47.34,43.72,,22,confirmed_bearish_trend,42,mixed_or_bearish,30.21,23.834999,0.18,-0.01832792,-0.02793642,-0.00480175,-0.05491673,,4H EMA 空头排列；4H MACD 尚未确认多头；4H RSI 偏弱
1584,DCO,DUCOMMUN,Industrials,Prism,Russell,1727,20.26,39.35,39.1,25.65,50.0,37.25,37.5,,,,,,29.99,40.25,,22,confirmed_bearish_trend,72,fresh_below_zero_cross,32.42,168.25,0.14,-0.01029412,-0.00375993,-0.13562802,-0.05413765,4H MACD 刚金叉但仍需零轴确认；4H MACD 柱体连续扩张,4H EMA 空头排列；4H RSI 偏弱
1585,CGON,CG ONCOLOGY,Health Care,Prism,Russell,1155,20.25,40.41,25.9,58.29,50.0,34.82,34.8,,,,,,38.3,42.91,,36,bearish_transition,42,mixed_or_bearish,32.18,71.800003,0.46,-0.02920492,-0.05451671,-0.06254071,-0.01210783,,4H EMA 转弱或跌破 EMA26；4H MACD 尚未确认多头；4H RSI 偏弱
1586,CVCO,CAVCO INDUSTRIES,Consumer Discretionary,Prism,Russell,1345,20.25,40.15,22.3,68.5,50.0,25.37,24.3,,,,,,40.0,42.25,,22,confirmed_bearish_trend,28,fresh_bearish_cross,32.04,538.429993,0.11,-0.04028311,-0.02680479,-0.07719331,-0.08517399,,4H EMA 空头排列；4H MACD 最近死叉；4H RSI 偏弱
1587,DOMO,DOMO INC CLASS B,Information Technology,Prism,Russell,1333,20.23,40.16,51.7,69.93,50.0,49.4,51.0,,,,,,40.14,42.28,,44,bearish_transition,70,bullish_above_signal,48.86,3.785,0.14,-0.00916230,0.03133515,-0.05728518,0.00798935,4H MACD 位于 Signal 上方；4H RSI 位于健康强势区间,4H EMA 转弱或跌破 EMA26
1588,SKT,TANGER,Real Estate,Prism,Russell,1286,20.16,40.23,19.65,74.81,50.0,29.15,28.5,,,,,,41.02,42.45,,22,confirmed_bearish_trend,42,mixed_or_bearish,30.44,36.689999,0.18,-0.01503358,-0.03510856,-0.05095709,-0.12850355,,4H EMA 空头排列；4H MACD 尚未确认多头；4H RSI 偏弱
1589,AIOT,POWERFLEET,Information Technology,Prism,Russell,1143,20.12,40.43,43.7,89.89,50.0,35.63,35.7,,,,,,43.54,42.96,,22,confirmed_bearish_trend,58,bullish_above_signal,44.89,2.995,0.17,-0.00332779,0.02044293,-0.01963993,-0.23303457,4H MACD 位于 Signal 上方,4H EMA 空头排列
1590,RDNT,RADNET,Health Care,Prism,Russell,1162,20.11,40.4,25.9,57.36,50.0,34.82,34.8,,,,,,38.16,42.88,,36,bearish_transition,42,mixed_or_bearish,32.2,70.945,0.22,-0.02467690,-0.06120154,-0.08161812,0.12166008,,4H EMA 转弱或跌破 EMA26；4H MACD 尚未确认多头；4H RSI 偏弱
1591,RAPP,RAPPORT THERAPEUTICS,Health Care,Prism,Russell,946,20.03,40.61,19.65,73.06,50.0,34.82,34.8,,,,,,40.73,43.4,,36,bearish_transition,42,mixed_or_bearish,29.37,43.779999,0.22,-0.05666884,-0.09917694,-0.06890687,0.04337464,,4H EMA 转弱或跌破 EMA26；4H MACD 尚未确认多头；4H RSI 偏弱
1592,APPN,APPIAN CORP CLASS A,Information Technology,Prism,Russell,1444,20.03,40.01,25.9,57.77,50.0,34.82,34.8,,,,,,38.24,41.9,,36,bearish_transition,42,mixed_or_bearish,32.84,34.224998,0.26,-0.00421882,-0.15221702,-0.03808330,0.25182875,,4H EMA 转弱或跌破 EMA26；4H MACD 尚未确认多头；4H RSI 偏弱
1593,SPIR,SPIRE GLOBAL CLASS A,Industrials,Prism,Russell,1876,20.02,38.38,25.9,8.21,50.0,29.15,28.5,,,,,,17.83,37.82,,22,confirmed_bearish_trend,42,mixed_or_bearish,35.28,11.645,0.08,-0.04705401,-0.03039134,-0.16999287,0.02599119,,4H EMA 空头排列；4H MACD 尚未确认多头；4H RSI 偏弱
1594,FVR,FRONTVIEW REIT,Real Estate,Prism,Russell,1297,20.0,40.22,19.65,73.73,50.0,29.15,28.5,,,,,,40.85,42.42,,22,confirmed_bearish_trend,42,mixed_or_bearish,25.49,18.610001,0.18,-0.02129887,-0.03973158,-0.04022682,-0.11884469,,4H EMA 空头排列；4H MACD 尚未确认多头；4H RSI 偏弱
1595,UMH,UMH PROPERTIES INC,Real Estate,Prism,Russell,801,19.98,40.75,19.65,72.4,50.0,34.82,34.8,,,,,,47.53,43.76,,36,bearish_transition,42,mixed_or_bearish,30.09,15.575,0.24,-0.02105594,-0.03917329,-0.00606254,-0.00732951,,4H EMA 转弱或跌破 EMA26；4H MACD 尚未确认多头；4H RSI 偏弱
1596,OEC,ORION SA,Materials,Prism,Russell,1814,19.93,38.96,22.3,15.8,50.0,25.37,24.3,,,,,,25.13,39.28,,22,confirmed_bearish_trend,28,fresh_bearish_cross,36.56,5.695,0.17,-0.04924875,-0.02981261,-0.17103348,-0.19732206,,4H EMA 空头排列；4H MACD 最近死叉；4H RSI 偏弱
1597,EVER,EVERQUOTE CLASS A,Communication,Prism,Russell,1453,19.84,39.99,25.9,56.54,50.0,29.15,28.5,,,,,,38.06,41.86,,22,confirmed_bearish_trend,42,mixed_or_bearish,33.29,23.48,0.35,-0.05816286,-0.05322577,-0.08065783,-0.13421832,,4H EMA 空头排列；4H MACD 尚未确认多头；4H RSI 偏弱
1598,SLG,SL GREEN REALTY REIT CORP,Real Estate,Prism,Russell,1311,19.76,40.19,19.65,72.24,50.0,29.15,28.5,,,,,,40.55,42.36,,22,confirmed_bearish_trend,42,mixed_or_bearish,28.62,52.055,0.27,-0.02097044,-0.04643708,-0.05423330,-0.01912568,,4H EMA 空头排列；4H MACD 尚未确认多头；4H RSI 偏弱
1599,INDV,INDIVIOR PHARMACEUTICALS INC,Health Care,Prism,Russell,1337,19.74,40.16,30.45,43.36,50.0,33.47,33.3,,,,,,35.1,42.27,,22,confirmed_bearish_trend,58,bullish_above_signal,28.87,34.220001,0.2,-0.00667634,-0.00955132,-0.11047569,-0.16475469,4H MACD 位于 Signal 上方,4H EMA 空头排列；4H RSI 偏弱
1600,TRNO,TERRENO REALTY REIT,Real Estate,Prism,Russell,1228,19.74,40.33,16.05,81.38,50.0,25.37,24.3,,,,,,42.18,42.69,,22,confirmed_bearish_trend,28,fresh_bearish_cross,31.6,65.099998,0.18,-0.01861764,-0.02016863,-0.04768875,-0.10785258,,4H EMA 空头排列；4H MACD 最近死叉；4H RSI 偏弱
1601,ERII,ENERGY RECOVERY,Industrials,Prism,Russell,1376,19.7,40.11,22.3,64.96,50.0,25.37,24.3,,,,,,39.43,42.14,,22,confirmed_bearish_trend,28,fresh_bearish_cross,32.7,7.405,0.23,-0.04080311,-0.04266322,-0.07205514,-0.11897680,,4H EMA 空头排列；4H MACD 最近死叉；4H RSI 偏弱
1602,CATX,PERSPECTIVE THERAPEUTICS,Health Care,Prism,Russell,498,19.69,41.09,46.1,79.12,50.0,35.09,35.1,,,,,,46.82,44.61,,22,confirmed_bearish_trend,64,fresh_below_zero_cross,38.71,2.995,0.17,-0.05669291,-0.03852327,-0.00166667,0.04355401,4H MACD 刚金叉但仍需零轴确认,4H EMA 空头排列；4H RSI 偏弱
1603,PBH,PRESTIGE CONSUMER HEALTHCARE,Health Care,Prism,Russell,1199,19.56,40.35,25.9,53.82,50.0,29.15,28.5,,,,,,37.57,42.76,,22,confirmed_bearish_trend,42,mixed_or_bearish,32.78,48.720001,0.44,-0.03064061,-0.07446805,-0.08092807,-0.05836878,,4H EMA 空头排列；4H MACD 尚未确认多头；4H RSI 偏弱
1604,KWR,QUAKER HOUGHTON CORP,Materials,Prism,Russell,1484,19.15,39.93,25.9,52.08,50.0,29.15,28.5,,,,,,37.2,41.69,,22,confirmed_bearish_trend,42,mixed_or_bearish,32.48,155.980103,0.11,-0.03280152,-0.03828780,-0.09366591,0.01292355,,4H EMA 空头排列；4H MACD 尚未确认多头；4H RSI 偏弱
1605,KIDS,ORTHOPEDIATRICS CORP,Health Care,Prism,Russell,1031,19.14,40.53,19.65,67.32,50.0,36.98,37.2,,,,,,39.8,43.21,,36,bearish_transition,50,mixed_or_bearish,31.85,21.844999,0.09,-0.00749664,-0.05021743,-0.06204388,0.10105842,4H MACD 柱体连续扩张,4H EMA 转弱或跌破 EMA26；4H MACD 尚未确认多头；4H RSI 偏弱
1606,CRBP,CORBUS PHARMACEUTICALS HOLDINGS,Health Care,Prism,Russell,1040,19.1,40.53,19.65,67.01,50.0,35.54,35.6,,,,,,39.73,43.2,,36,bearish_transition,42,mixed_or_bearish,25.04,9.05,0.63,-0.14703110,-0.19626998,-0.04334038,-0.00330396,,4H EMA 转弱或跌破 EMA26；4H MACD 尚未确认多头；4H RSI 偏弱
1607,QTRX,QUANTERIX,Health Care,Prism,Russell,397,18.95,41.31,51.7,58.75,50.0,36.84,37.05,,,,,,49.45,45.14,,25,confirmed_bearish_trend,58,bullish_above_signal,46.04,2.645,0.05,-0.03992740,0.05588822,0.09751037,-0.24428571,4H MACD 位于 Signal 上方,4H EMA 空头排列
1608,SMA,SMARTSTOP SELF STORAGE REIT INC,Real Estate,Prism,Russell,1280,18.9,40.24,16.05,75.94,50.0,25.37,24.3,,,,,,41.14,42.48,,22,confirmed_bearish_trend,28,fresh_bearish_cross,29.9,31.74,0.17,-0.02995113,-0.02308409,-0.06619599,-0.10288301,,4H EMA 空头排列；4H MACD 最近死叉；4H RSI 偏弱
1609,CLNE,CLEAN ENERGY FUELS,Energy,Prism,Russell,669,18.85,40.89,51.7,59.06,50.0,44.13,45.15,,,,,,49.32,44.11,,39,bearish_transition,58,bullish_above_signal,49.16,1.64,0.06,0.00305810,0.02180685,0.01863354,-0.14136126,4H MACD 位于 Signal 上方；4H RSI 位于健康强势区间,4H EMA 转弱或跌破 EMA26
1610,OFLX,OMEGA FLEX INC,Industrials,Prism,Russell,1756,18.79,39.24,36.7,22.47,50.0,33.47,33.3,,,,,,28.67,39.98,,22,confirmed_bearish_trend,58,bullish_above_signal,32.5,25.58,0.17,-0.02403659,-0.02217125,-0.15633245,-0.15577555,4H MACD 位于 Signal 上方,4H EMA 空头排列；4H RSI 偏弱
1611,TENX,TENAX THERAPEUTICS INC,Health Care,Prism,Russell,11,18.73,74.6,43.7,0.92,50.0,49.02,43.35,,,,,,100.0,55.25,,39,bearish_transition,58,bullish_above_signal,40.25,2.1211,0.44,0.05004950,0.18167131,0.54824818,-0.86562559,4H MACD 位于 Signal 上方,4H EMA 转弱或跌破 EMA26
1612,XHR,XENIA HOTELS RESORTS REIT,Real Estate,Prism,Russell,1371,18.7,40.11,19.65,65.37,50.0,29.15,28.5,,,,,,39.48,42.15,,22,confirmed_bearish_trend,42,mixed_or_bearish,21.84,17.540001,0.42,-0.01377560,-0.04152995,-0.07146628,-0.19615027,,4H EMA 空头排列；4H MACD 尚未确认多头；4H RSI 偏弱
1613,DEI,DOUGLAS EMMETT REIT,Real Estate,Prism,Russell,1372,18.69,40.11,19.65,65.26,50.0,29.15,28.5,,,,,,39.47,42.14,,22,confirmed_bearish_trend,42,mixed_or_bearish,25.95,10.73,0.28,-0.04067948,-0.05959684,-0.07059333,-0.10657785,,4H EMA 空头排列；4H MACD 尚未确认多头；4H RSI 偏弱
1614,CBT,CABOT CORP,Materials,Prism,Russell,1517,18.69,39.87,25.9,49.15,50.0,29.15,28.5,,,,,,36.44,41.54,,22,confirmed_bearish_trend,42,mixed_or_bearish,32.98,79.099998,0.17,-0.01909723,-0.01921890,-0.08502023,-0.13115117,,4H EMA 空头排列；4H MACD 尚未确认多头；4H RSI 偏弱
1615,LRMR,LARIMAR THERAPEUTICS,Health Care,Prism,Russell,945,18.64,40.61,46.1,73.27,50.0,38.47,38.85,,,,,,40.75,43.4,,25,confirmed_bearish_trend,64,fresh_below_zero_cross,44.98,3.87,0.38,-0.00769231,-0.01776650,-0.03370787,0.01044386,4H MACD 刚金叉但仍需零轴确认,4H EMA 空头排列
1616,JBGS,JBG SMITH PROPERTIES,Real Estate,Prism,Russell,706,18.59,40.84,19.65,62.9,50.0,29.15,28.5,,,,,,48.67,43.98,,22,confirmed_bearish_trend,42,mixed_or_bearish,28.9,11.12,0.24,-0.04467354,-0.05602716,-0.00758590,-0.22724114,,4H EMA 空头排列；4H MACD 尚未确认多头；4H RSI 偏弱
1617,QTWO,Q2 HOLDINGS INC,Information Technology,Prism,Russell,1384,18.55,40.1,19.65,64.34,50.0,34.82,34.8,,,,,,39.34,42.12,,36,bearish_transition,42,mixed_or_bearish,28.76,59.68,0.47,-0.00748380,-0.06618683,-0.06030543,0.00810809,,4H EMA 转弱或跌破 EMA26；4H MACD 尚未确认多头；4H RSI 偏弱
1618,CARS,CARS.COM INC,Communication,Prism,Russell,1528,18.5,39.85,25.9,47.92,50.0,29.15,28.5,,,,,,36.28,41.51,,22,confirmed_bearish_trend,42,mixed_or_bearish,33.27,11.07,0.16,-0.02724077,-0.04486626,-0.09336609,-0.12212530,,4H EMA 空头排列；4H MACD 尚未确认多头；4H RSI 偏弱
1619,MCS,THE MARCUS CORP,Communication,Prism,Russell,1534,18.4,39.83,25.9,47.36,50.0,31.31,30.9,,,,,,36.02,41.45,,22,confirmed_bearish_trend,50,mixed_or_bearish,33.6,27.08,0.18,0.00445108,-0.02502250,-0.09370814,0.08624148,4H MACD 柱体连续扩张,4H EMA 空头排列；4H MACD 尚未确认多头；4H RSI 偏弱
1620,SHAK,SHAKE SHACK INC CLASS A,Consumer Discretionary,Prism,Russell,1536,18.37,39.83,25.9,47.15,50.0,34.82,34.8,,,,,,36.01,41.45,,36,bearish_transition,42,mixed_or_bearish,32.34,64.845001,0.27,-0.04520356,-0.04160513,-0.09295002,0.02619089,,4H EMA 转弱或跌破 EMA26；4H MACD 尚未确认多头；4H RSI 偏弱
1621,KLRA,KAILERA THERAPEUTICS INC,Health Care,Prism,Russell,1855,18.34,38.55,22.3,6.16,50.0,25.37,24.3,,,,,,15.05,38.26,,22,confirmed_bearish_trend,28,fresh_bearish_cross,35.61,14.965,0.18,-0.09522375,-0.08888883,-0.21070671,-0.10442843,,4H EMA 空头排列；4H MACD 最近死叉；4H RSI 偏弱
1622,CASH,PATHWARD FINANCIAL INC,Financials,Prism,Russell,1461,18.28,39.98,22.3,55.77,50.0,26.09,25.1,,,,,,37.91,41.83,,22,confirmed_bearish_trend,28,fresh_bearish_cross,32.51,79.470001,0.6,-0.02178726,-0.01156718,-0.08644669,-0.10314863,,4H EMA 空头排列；4H MACD 最近死叉；4H RSI 偏弱
1623,ANIP,ANI PHARMACEUTICALS,Health Care,Prism,Russell,1111,18.27,40.46,19.65,61.67,50.0,31.31,30.9,,,,,,38.89,43.03,,22,confirmed_bearish_trend,50,mixed_or_bearish,29.67,70.239998,0.14,-0.00902933,-0.02335929,-0.07175896,-0.13251825,4H MACD 柱体连续扩张,4H EMA 空头排列；4H MACD 尚未确认多头；4H RSI 偏弱
1624,MNKD,MANNKIND,Health Care,Prism,Russell,369,18.26,41.35,51.7,54.03,50.0,44.54,45.6,,,,,,49.95,45.24,,44,bearish_transition,58,bullish_above_signal,47.97,4.005,0.42,-0.03956835,0.00125000,0.02038217,0.02298851,4H MACD 位于 Signal 上方,4H EMA 转弱或跌破 EMA26
1625,ASAN,ASANA CLASS A,Information Technology,Prism,Russell,1543,18.26,39.82,25.9,46.43,50.0,34.82,34.8,,,,,,35.9,41.43,,36,bearish_transition,42,mixed_or_bearish,32.34,8.375,0.23,-0.04340377,-0.14844942,-0.09164859,0.02258852,,4H EMA 转弱或跌破 EMA26；4H MACD 尚未确认多头；4H RSI 偏弱
1626,GVA,GRANITE CONSTRUCTION,Industrials,Prism,Russell,1545,18.24,39.82,25.9,46.28,50.0,29.15,28.5,,,,,,35.87,41.42,,22,confirmed_bearish_trend,42,mixed_or_bearish,33.57,116.529999,0.26,-0.01935541,-0.01153618,-0.07508532,-0.03948237,,4H EMA 空头排列；4H MACD 尚未确认多头；4H RSI 偏弱
1627,RSVR,RESERVOIR MEDIA INC,Communication,Prism,Russell,1403,18.21,40.07,19.65,62.19,50.0,30.68,30.2,,,,,,38.96,42.04,,22,confirmed_bearish_trend,42,mixed_or_bearish,28.47,8.81,1.2,-0.01288515,-0.08419958,-0.11679198,-0.20630631,,4H EMA 空头排列；4H MACD 尚未确认多头；4H RSI 偏弱
1628,COUR,COURSERA,Consumer Discretionary,Prism,Russell,1405,18.15,40.06,19.65,61.78,50.0,34.82,34.8,,,,,,38.9,42.03,,36,bearish_transition,42,mixed_or_bearish,27.88,5.37,0.15,-0.05291005,-0.13247173,-0.06689835,-0.08361775,,4H EMA 转弱或跌破 EMA26；4H MACD 尚未确认多头；4H RSI 偏弱
1629,CALX,CALIX NETWORKS,Information Technology,Prism,Russell,1416,17.99,40.04,19.65,60.75,50.0,29.15,28.5,,,,,,38.66,41.98,,22,confirmed_bearish_trend,42,mixed_or_bearish,22.24,34.669998,0.3,-0.02158891,-0.08061525,-0.09121897,-0.06549866,,4H EMA 空头排列；4H MACD 尚未确认多头；4H RSI 偏弱
1630,CXDO,CREXENDO INC,Information Technology,Prism,Russell,1419,17.92,40.04,19.65,60.34,50.0,29.15,28.5,,,,,,38.58,41.97,,22,confirmed_bearish_trend,42,mixed_or_bearish,30.43,5.84,0.15,-0.01184433,-0.01016949,-0.07301587,-0.15239478,,4H EMA 空头排列；4H MACD 尚未确认多头；4H RSI 偏弱
1631,TCMD,TACTILE SYSTEMS TECHNOLOGY,Health Care,Prism,Russell,1820,17.79,38.92,39.1,10.16,50.0,37.25,37.5,,,,,,19.58,39.17,,22,confirmed_bearish_trend,72,fresh_below_zero_cross,33.38,21.889999,0.3,0.00875567,-0.01551617,-0.23675038,-0.21060227,4H MACD 刚金叉但仍需零轴确认；4H MACD 柱体连续扩张,4H EMA 空头排列；4H RSI 偏弱
1632,FGBI,FIRST GUARANTY BANCSHARES INC,Financials,Prism,Russell,1481,17.75,39.93,22.3,52.39,50.0,26.9,26.0,,,,,,37.24,41.7,,22,confirmed_bearish_trend,28,fresh_bearish_cross,33.65,7.9,2.26,-0.05952381,-0.05389222,-0.06175772,-0.18007265,,4H EMA 空头排列；4H MACD 最近死叉；4H RSI 偏弱
1633,RCKT,ROCKET PHARMACEUTICALS,Health Care,Prism,Russell,500,17.73,41.09,40.9,79.94,50.0,40.62,41.25,,,,,,46.72,44.59,,41,bearish_transition,42,mixed_or_bearish,49.06,3.675,0.1,-0.02000000,-0.01342282,0.00823045,0.17224880,4H RSI 位于健康强势区间,4H EMA 转弱或跌破 EMA26；4H MACD 尚未确认多头
1634,KFRC,KFORCE,Industrials,Prism,Russell,1436,17.66,40.01,19.65,58.65,50.0,29.15,28.5,,,,,,38.32,41.91,,22,confirmed_bearish_trend,42,mixed_or_bearish,30.98,51.41,0.35,-0.00194133,-0.06271647,-0.11039974,-0.12164700,,4H EMA 空头排列；4H MACD 尚未确认多头；4H RSI 偏弱
1635,KOPN,KOPIN CORP,Information Technology,Prism,Russell,1354,17.62,40.14,46.1,67.57,50.0,38.47,38.85,,,,,,39.85,42.22,,25,confirmed_bearish_trend,64,fresh_below_zero_cross,42.35,4.25,0.22,-0.07407407,0.01070155,0.01070155,0.20567376,4H MACD 刚金叉但仍需零轴确认,4H EMA 空头排列
1636,VATE,INNOVATE CORP,Industrials,Prism,Russell,1489,17.61,39.92,22.3,51.46,50.0,25.37,24.3,,,,,,37.12,41.67,,22,confirmed_bearish_trend,28,fresh_bearish_cross,33.6,6.77,0.09,-0.08575287,-0.06102635,-0.06749311,-0.13093710,,4H EMA 空头排列；4H MACD 最近死叉；4H RSI 偏弱
1637,VRTS,VIRTUS INVESTMENT PARTNERS,Financials,Prism,Russell,1441,17.57,40.01,19.65,58.03,50.0,29.15,28.5,,,,,,38.27,41.9,,22,confirmed_bearish_trend,42,mixed_or_bearish,27.5,152.735001,0.15,-0.03704054,-0.04546587,-0.07846629,-0.10728269,,4H EMA 空头排列；4H MACD 尚未确认多头；4H RSI 偏弱
1638,LYTS,LSI INDUSTRIES INC,Industrials,Prism,Russell,1824,17.47,38.87,36.7,14.57,50.0,33.47,33.3,,,,,,24.05,39.06,,22,confirmed_bearish_trend,58,bullish_above_signal,33.77,19.41,0.23,-0.03672457,-0.01171074,-0.21575758,-0.18989980,4H MACD 位于 Signal 上方,4H EMA 空头排列；4H RSI 偏弱
1639,FLYX,FLYEXCLUSIVE INC CLASS A,Industrials,Prism,Russell,1249,17.39,40.3,40.9,79.48,50.0,39.14,39.6,,,,,,41.87,42.62,,36,bearish_transition,50,mixed_or_bearish,46.24,1.18,0.1,0.01287554,0.00425532,-0.04065041,0.05829596,4H MACD 柱体连续扩张,4H EMA 转弱或跌破 EMA26；4H MACD 尚未确认多头
1640,SHEN,SHENANDOAH TELECOMMUNICATIONS,Communication,Prism,Russell,1507,17.39,39.88,22.3,50.08,50.0,25.37,24.3,,,,,,36.63,41.58,,22,confirmed_bearish_trend,28,fresh_bearish_cross,33.34,11.725,0.34,-0.03259076,-0.03893443,-0.11875235,-0.00887574,,4H EMA 空头排列；4H MACD 最近死叉；4H RSI 偏弱
1641,LINC,LINCOLN EDUCATIONAL SERVICES CORP,Consumer Discretionary,Prism,Russell,1828,17.37,38.81,36.7,14.06,50.0,33.47,33.3,,,,,,23.3,38.91,,22,confirmed_bearish_trend,58,bullish_above_signal,33.98,24.27,0.12,-0.05453837,-0.00123453,-0.21175709,-0.42282995,4H MACD 位于 Signal 上方,4H EMA 空头排列；4H RSI 偏弱
1642,XMAX,XMAX INC,Consumer Discretionary,Prism,Russell,1452,17.36,40.0,19.65,56.64,50.0,29.15,28.5,,,,,,38.09,41.87,,22,confirmed_bearish_trend,42,mixed_or_bearish,31.58,8.495,0.22,-0.01621309,-0.03356086,-0.07612833,0.00532544,,4H EMA 空头排列；4H MACD 尚未确认多头；4H RSI 偏弱
1643,VUZI,VUZIX CORP,Information Technology,Prism,Russell,1370,17.3,40.11,46.1,65.47,50.0,40.62,41.25,,,,,,39.49,42.15,,25,confirmed_bearish_trend,72,fresh_below_zero_cross,41.22,2.48,0.15,-0.01782178,0.02691511,-0.05162524,0.10222222,4H MACD 刚金叉但仍需零轴确认；4H MACD 柱体连续扩张,4H EMA 空头排列
1644,ANGI,ANGI INC CLASS A,Communication,Prism,Russell,928,17.22,40.63,37.3,87.17,50.0,27.53,26.7,,,,,,45.99,43.45,,22,confirmed_bearish_trend,28,fresh_bearish_cross,45.56,4.695,0.33,-0.01261830,0.00643087,0.02287582,-0.24638844,,4H EMA 空头排列；4H MACD 最近死叉
1645,CSV,CARRIAGE SERVICES INC,Consumer Discretionary,Prism,Russell,1380,17.15,40.1,16.05,64.65,50.0,25.37,24.3,,,,,,39.4,42.13,,22,confirmed_bearish_trend,28,fresh_bearish_cross,29.58,32.200001,0.29,-0.03520596,-0.02748414,-0.05985399,-0.21136421,,4H EMA 空头排列；4H MACD 最近死叉；4H RSI 偏弱
1646,LCII,LCI INDUSTRIES,Consumer Discretionary,Prism,Russell,1522,17.15,39.86,22.3,48.54,50.0,25.37,24.3,,,,,,36.33,41.52,,22,confirmed_bearish_trend,28,fresh_bearish_cross,32.09,96.089996,0.27,-0.04063506,-0.04568483,-0.08415938,-0.10705329,,4H EMA 空头排列；4H MACD 最近死叉；4H RSI 偏弱
1647,CNTB,CONNECT BIOPHARMA HOLDINGS LTD,Health Care,Prism,Russell,481,17.12,41.12,40.9,75.78,50.0,39.14,39.6,,,,,,47.15,44.68,,36,bearish_transition,50,mixed_or_bearish,45.02,2.065,0.08,0.10427807,-0.12869198,-0.03504673,-0.00481928,4H MACD 柱体连续扩张,4H EMA 转弱或跌破 EMA26；4H MACD 尚未确认多头
1648,BIOA,BIOAGE LABS,Health Care,Prism,Russell,1804,17.11,39.02,36.7,11.8,50.0,33.47,33.3,,,,,,20.83,39.42,,22,confirmed_bearish_trend,58,bullish_above_signal,33.79,9.1,0.21,-0.05070884,-0.04311251,-0.20627998,-0.58542143,4H MACD 位于 Signal 上方,4H EMA 空头排列；4H RSI 偏弱
1649,FTRE,FORTREA HOLDINGS INC,Health Care,Prism,Russell,1411,17.06,40.05,25.9,37.87,50.0,29.15,28.5,,,,,,33.74,42.0,,22,confirmed_bearish_trend,42,mixed_or_bearish,33.79,16.799999,0.25,-0.03752512,-0.05138340,-0.11532391,-0.18486181,,4H EMA 空头排列；4H MACD 尚未确认多头；4H RSI 偏弱
1650,MAGN,MAGNERA,Materials,Prism,Russell,1606,17.06,39.68,25.9,38.74,50.0,29.15,28.5,,,,,,34.1,41.07,,22,confirmed_bearish_trend,42,mixed_or_bearish,33.26,11.59,0.08,-0.04569782,-0.05925325,-0.11391437,-0.17155111,,4H EMA 空头排列；4H MACD 尚未确认多头；4H RSI 偏弱
1651,GRPN,GROUPON,Consumer Discretionary,Prism,Russell,1843,17.05,38.65,36.7,12.31,50.0,33.47,33.3,,,,,,21.2,38.49,,22,confirmed_bearish_trend,58,bullish_above_signal,33.01,18.16,0.2,-0.04219404,-0.01678392,-0.20905920,-0.35327635,4H MACD 位于 Signal 上方,4H EMA 空头排列；4H RSI 偏弱
1652,CABO,CABLE ONE INC,Communication,Prism,Russell,1946,17.01,36.95,22.3,1.03,50.0,25.37,24.3,,,,,,0.0,34.25,,22,confirmed_bearish_trend,28,fresh_bearish_cross,37.47,20.955,0.21,-0.07768482,-0.11694058,-0.41433760,-0.52179370,,4H EMA 空头排列；4H MACD 最近死叉；4H RSI 偏弱
1653,SFBS,SERVISFIRST BANCSHARES INC,Financials,Prism,Russell,1949,17.01,36.95,22.3,1.03,50.0,25.37,24.3,,,,,,0.0,34.25,,22,confirmed_bearish_trend,28,fresh_bearish_cross,36.61,41.717999,0.38,-0.02958834,0.00452685,-0.05679405,-0.07252114,,4H EMA 空头排列；4H MACD 最近死叉；4H RSI 偏弱
1654,PZZA,PAPA JOHNS INTERNATIONAL INC,Consumer Discretionary,Prism,Russell,1392,17.0,40.09,16.05,63.67,50.0,25.37,24.3,,,,,,39.25,42.1,,22,confirmed_bearish_trend,28,fresh_bearish_cross,29.08,21.652901,0.31,-0.04926889,-0.04486542,-0.09364161,-0.30129393,,4H EMA 空头排列；4H MACD 最近死叉；4H RSI 偏弱
1655,CCS,CENTURY COMMUNITIES INC,Consumer Discretionary,Prism,Russell,1470,16.97,39.96,19.65,54.18,50.0,29.15,28.5,,,,,,37.64,41.78,,22,confirmed_bearish_trend,42,mixed_or_bearish,28.51,62.105,0.16,-0.00862000,-0.04247612,-0.09835943,-0.12810617,,4H EMA 空头排列；4H MACD 尚未确认多头；4H RSI 偏弱
1656,MGNX,MACROGENICS INC,Health Care,Prism,Russell,526,16.96,41.05,37.3,84.5,50.0,35.23,35.25,,,,,,46.32,44.51,,41,bearish_transition,28,fresh_bearish_cross,46.16,4.085,0.41,-0.05983890,0.00988875,0.00000000,0.06518905,,4H EMA 转弱或跌破 EMA26；4H MACD 最近死叉
1657,SKY,CHAMPION HOMES INC,Consumer Discretionary,Prism,Russell,1613,16.96,39.65,25.9,38.17,50.0,29.15,28.5,,,,,,33.82,41.01,,22,confirmed_bearish_trend,42,mixed_or_bearish,32.02,83.260002,0.14,-0.02448736,-0.02881140,-0.10473116,-0.00275477,,4H EMA 空头排列；4H MACD 尚未确认多头；4H RSI 偏弱
1658,CENT,CENTRAL GARDEN AND PET,Consumer Staples,Prism,Russell,1214,16.95,40.34,19.65,53.16,50.0,29.15,28.5,,,,,,37.41,42.73,,22,confirmed_bearish_trend,42,mixed_or_bearish,25.46,40.189999,0.12,-0.01927772,-0.04582146,-0.08283891,-0.09441194,,4H EMA 空头排列；4H MACD 尚未确认多头；4H RSI 偏弱
1659,SYBT,STOCK YARDS BANCORP INC,Financials,Prism,Russell,1395,16.93,40.09,16.05,63.21,50.0,25.37,24.3,,,,,,39.19,42.09,,22,confirmed_bearish_trend,28,fresh_bearish_cross,30.9,77.220001,0.1,-0.02665908,-0.01391900,-0.07220956,-0.09663081,,4H EMA 空头排列；4H MACD 最近死叉；4H RSI 偏弱
1660,IBP,INSTALLED BUILDING PRODUCTS,Consumer Discretionary,Prism,Russell,1474,16.88,39.95,19.65,53.57,50.0,29.87,29.3,,,,,,37.52,41.75,,22,confirmed_bearish_trend,42,mixed_or_bearish,26.93,217.020004,0.6,-0.05285210,-0.07339568,-0.07940952,-0.09593834,,4H EMA 空头排列；4H MACD 尚未确认多头；4H RSI 偏弱
1661,FIGS,FIGS CLASS A,Consumer Discretionary,Prism,Russell,1476,16.85,39.95,19.65,53.36,50.0,34.82,34.8,,,,,,37.46,41.74,,36,bearish_transition,42,mixed_or_bearish,28.4,13.075,0.21,-0.05527457,-0.14374591,-0.09201389,0.26573088,,4H EMA 转弱或跌破 EMA26；4H MACD 尚未确认多头；4H RSI 偏弱
1662,RRR,RED ROCK RESORTS ORS CLASS A,Consumer Discretionary,Prism,Russell,1399,16.84,40.08,16.05,62.6,50.0,25.37,24.3,,,,,,39.09,42.07,,22,confirmed_bearish_trend,28,fresh_bearish_cross,25.75,54.759998,0.18,-0.04098074,-0.02405994,-0.10654271,-0.17205929,,4H EMA 空头排列；4H MACD 最近死叉；4H RSI 偏弱
1663,RNA,ATRIUM THERAPEUTICS INC,Health Care,Prism,Russell,1222,16.83,40.33,19.65,52.39,50.0,34.82,34.8,,,,,,37.24,42.7,,36,bearish_transition,42,mixed_or_bearish,24.05,10.525,0.45,-0.08318815,-0.23454545,-0.14116687,-0.08478261,,4H EMA 转弱或跌破 EMA26；4H MACD 尚未确认多头；4H RSI 偏弱
1664,BBW,BUILD A BEAR WORKSHOP,Consumer Discretionary,Prism,Russell,1900,16.79,38.07,39.1,5.54,50.0,37.25,37.5,,,,,,13.97,37.04,,22,confirmed_bearish_trend,72,fresh_below_zero_cross,33.62,28.504999,0.1,-0.00714037,-0.06387527,-0.23517577,-0.19203515,4H MACD 刚金叉但仍需零轴确认；4H MACD 柱体连续扩张,4H EMA 空头排列；4H RSI 偏弱
1665,DOUG,DOUGLAS ELLIMAN INC,Real Estate,Prism,Russell,1012,16.78,40.55,32.9,96.2,50.0,29.15,28.5,,,,,,44.99,43.25,,22,confirmed_bearish_trend,42,mixed_or_bearish,39.55,1.775,0.01,-0.00893356,0.00566572,-0.03427639,0.00852273,,4H EMA 空头排列；4H MACD 尚未确认多头；4H RSI 偏弱
1666,CENTA,CENTRAL GARDEN AND PET CLASS A,Consumer Staples,Prism,Russell,1227,16.76,40.33,19.65,51.92,50.0,29.15,28.5,,,,,,37.19,42.69,,22,confirmed_bearish_trend,42,mixed_or_bearish,25.96,34.744999,0.18,-0.02168098,-0.04625312,-0.09044508,-0.10910259,,4H EMA 空头排列；4H MACD 尚未确认多头；4H RSI 偏弱
1667,YSS,YORK SPACE SYSTEMS INC,Industrials,Prism,Russell,1864,16.6,38.48,36.7,9.65,50.0,33.47,33.3,,,,,,19.14,38.08,,22,confirmed_bearish_trend,58,bullish_above_signal,33.79,8.4,0.18,-0.07488987,-0.04815864,-0.19847328,-0.52848726,4H MACD 位于 Signal 上方,4H EMA 空头排列；4H RSI 偏弱
1668,AIRS,AIRSCULPT TECHNOLOGIES INC,Health Care,Prism,Russell,1050,16.58,40.52,43.7,66.09,50.0,36.84,37.05,,,,,,39.63,43.18,,25,confirmed_bearish_trend,58,bullish_above_signal,43.87,2.61,0.11,-0.09217391,0.07628866,-0.04744526,-0.43931257,4H MACD 位于 Signal 上方,4H EMA 空头排列
1669,ALKS,ALKERMES,Health Care,Prism,Russell,1245,16.58,40.3,19.65,50.8,50.0,29.15,28.5,,,,,,36.9,42.63,,22,confirmed_bearish_trend,42,mixed_or_bearish,31.75,45.349998,0.24,-0.02220791,-0.04000855,-0.08244818,-0.10233575,,4H EMA 空头排列；4H MACD 尚未确认多头；4H RSI 偏弱
1670,JJSF,J AND J SNACK FOODS CORP,Consumer Staples,Prism,Russell,1247,16.56,40.3,19.65,50.64,50.0,34.82,34.8,,,,,,36.89,42.63,,36,bearish_transition,42,mixed_or_bearish,31.32,82.279999,0.22,-0.01283742,-0.05512176,-0.08567618,0.03588064,,4H EMA 转弱或跌破 EMA26；4H MACD 尚未确认多头；4H RSI 偏弱
1671,MZTI,MARZETTI,Consumer Staples,Prism,Russell,1246,16.56,40.3,19.65,50.64,50.0,29.15,28.5,,,,,,36.89,42.63,,22,confirmed_bearish_trend,42,mixed_or_bearish,26.59,101.32,0.22,-0.01483195,-0.09438682,-0.11169558,-0.08091435,,4H EMA 空头排列；4H MACD 尚未确认多头；4H RSI 偏弱
1672,HE,HAWAIIAN ELECTRIC INDUSTRIES,Utilities,Prism,Russell,1146,16.56,40.43,16.05,59.93,50.0,25.37,24.3,,,,,,38.49,42.95,,22,confirmed_bearish_trend,28,fresh_bearish_cross,23.0,10.4,0.37,-0.05152759,-0.06264083,-0.11111111,-0.21092564,,4H EMA 空头排列；4H MACD 最近死叉；4H RSI 偏弱
1673,PRKS,UNITED PARKS AND RESORTS,Consumer Discretionary,Prism,Russell,1564,16.45,39.78,22.3,44.07,50.0,25.37,24.3,,,,,,35.36,41.32,,22,confirmed_bearish_trend,28,fresh_bearish_cross,32.85,38.990002,0.54,-0.04763061,0.00593406,-0.11466846,-0.16971885,,4H EMA 空头排列；4H MACD 最近死叉；4H RSI 偏弱
1674,ARKO,ARKO,Consumer Discretionary,Prism,Russell,1203,16.4,40.35,36.7,83.99,50.0,33.47,33.3,,,,,,42.53,42.76,,22,confirmed_bearish_trend,58,bullish_above_signal,37.26,4.46,0.27,-0.05207226,-0.00888889,-0.05106383,-0.44423676,4H MACD 位于 Signal 上方,4H EMA 空头排列；4H RSI 偏弱
1675,AMSF,AMERISAFE INC,Financials,Prism,Russell,1424,16.4,40.03,16.05,59.83,50.0,25.37,24.3,,,,,,38.48,41.95,,22,confirmed_bearish_trend,28,fresh_bearish_cross,29.32,25.01,0.46,-0.01068042,-0.03548014,-0.10996441,-0.18241255,,4H EMA 空头排列；4H MACD 最近死叉；4H RSI 偏弱
1676,CD,CHAINCE DIGITAL HOLDINGS INC,Financials,Prism,Russell,878,16.36,40.67,37.3,81.38,50.0,35.95,36.05,,,,,,46.57,43.56,,41,bearish_transition,28,fresh_bearish_cross,45.01,3.17,0.99,-0.08248915,0.04620462,0.10645724,0.03257329,,4H EMA 转弱或跌破 EMA26；4H MACD 最近死叉
1677,DDD,3D SYSTEMS CORP,Industrials,Prism,Russell,1559,16.3,39.79,51.7,44.64,50.0,49.4,51.0,,,,,,35.43,41.34,,44,bearish_transition,70,bullish_above_signal,49.31,3.345,0.13,-0.02902758,0.01671733,-0.09349593,0.32475248,4H MACD 位于 Signal 上方；4H RSI 位于健康强势区间,4H EMA 转弱或跌破 EMA26
1678,MCHB,MECHANICS BANCORP CLASS A,Financials,Prism,Russell,1430,16.3,40.02,16.05,59.16,50.0,25.37,24.3,,,,,,38.4,41.93,,22,confirmed_bearish_trend,28,fresh_bearish_cross,29.74,15.41,0.19,-0.01502077,-0.00836551,-0.07834923,-0.02653190,,4H EMA 空头排列；4H MACD 最近死叉；4H RSI 偏弱
1679,TREE,LENDINGTREE,Financials,Prism,Russell,1759,16.23,39.23,30.45,22.11,50.0,33.47,33.3,,,,,,28.49,39.95,,22,confirmed_bearish_trend,58,bullish_above_signal,28.78,26.77,0.14,-0.03566282,-0.02334914,-0.17095078,-0.34731194,4H MACD 位于 Signal 上方,4H EMA 空头排列；4H RSI 偏弱
1680,KTB,KONTOOR BRANDS,Consumer Discretionary,Prism,Russell,1525,16.04,39.85,19.65,48.23,50.0,29.15,28.5,,,,,,36.29,41.51,,22,confirmed_bearish_trend,42,mixed_or_bearish,26.73,68.419998,0.14,-0.03660939,-0.08345618,-0.11315624,-0.22294156,,4H EMA 空头排列；4H MACD 尚未确认多头；4H RSI 偏弱
1681,CHRS,COHERUS ONCOLOGY INC,Health Care,Prism,Russell,569,15.96,41.0,32.9,89.69,50.0,37.79,38.1,,,,,,45.66,44.38,,38,bearish_transition,42,mixed_or_bearish,44.87,1.325,0.28,-0.03985507,-0.02930403,0.06854839,-0.08462867,,4H EMA 转弱或跌破 EMA26；4H MACD 尚未确认多头
1682,HQY,HEALTHEQUITY,Health Care,Prism,Russell,1506,15.95,39.88,25.9,30.89,50.0,29.15,28.5,,,,,,31.64,41.58,,22,confirmed_bearish_trend,42,mixed_or_bearish,32.85,92.769997,0.15,-0.01171840,-0.04410104,-0.13193605,-0.08348156,,4H EMA 空头排列；4H MACD 尚未确认多头；4H RSI 偏弱
1683,PLBY,PLAYBOY INC,Consumer Discretionary,Prism,Russell,1138,15.88,40.44,32.9,90.46,50.0,31.31,30.9,,,,,,43.59,42.97,,22,confirmed_bearish_trend,42,mixed_or_bearish,40.88,1.155,0.46,-0.03750000,-0.02941176,-0.04545455,-0.05714286,,4H EMA 空头排列；4H MACD 尚未确认多头
1684,HLLY,HOLLEY,Consumer Discretionary,Prism,Russell,1401,15.86,40.07,43.7,62.39,50.0,46.57,47.85,,,,,,38.99,42.05,,41,bearish_transition,70,bullish_above_signal,44.82,2.92,0.41,-0.03947368,0.01565217,-0.07448494,0.03914591,4H MACD 位于 Signal 上方,4H EMA 转弱或跌破 EMA26
1685,ALTO,ALTO INGREDIENTS INC,Materials,Prism,Russell,1402,15.85,40.07,43.7,62.29,50.0,35.63,35.7,,,,,,38.98,42.05,,22,confirmed_bearish_trend,58,bullish_above_signal,43.64,3.995,0.17,-0.02322738,-0.00498132,-0.05443787,-0.10123735,4H MACD 位于 Signal 上方,4H EMA 空头排列
1686,CALM,CAL MAINE FOODS,Consumer Staples,Prism,Russell,1312,15.69,40.19,19.65,45.1,50.0,29.15,28.5,,,,,,35.53,42.36,,22,confirmed_bearish_trend,42,mixed_or_bearish,26.1,73.375,0.25,-0.01642089,-0.07202479,-0.10474621,-0.21330543,,4H EMA 空头排列；4H MACD 尚未确认多头；4H RSI 偏弱
1687,GEVO,GEVO,Energy,Prism,Russell,743,15.56,40.81,40.9,66.14,50.0,37.79,38.1,,,,,,48.19,43.89,,38,bearish_transition,42,mixed_or_bearish,45.35,1.59,0.23,-0.02453988,-0.02752294,0.01923077,0.06354515,,4H EMA 转弱或跌破 EMA26；4H MACD 尚未确认多头
1688,LAW,CS DISCO,Information Technology,Prism,Russell,931,15.53,40.62,32.9,87.69,50.0,36.98,37.2,,,,,,45.92,43.43,,36,bearish_transition,42,mixed_or_bearish,41.47,4.06,0.12,0.00246914,-0.04245283,-0.02870813,-0.03677343,,4H EMA 转弱或跌破 EMA26；4H MACD 尚未确认多头
1689,FBK,FB FINANCIAL,Financials,Prism,Russell,1472,15.5,39.96,16.05,53.98,50.0,25.37,24.3,,,,,,37.58,41.77,,22,confirmed_bearish_trend,28,fresh_bearish_cross,28.8,54.599998,0.29,-0.03805497,-0.01683627,-0.10093861,-0.08389262,,4H EMA 空头排列；4H MACD 最近死叉；4H RSI 偏弱
1690,BEAM,BEAM THERAPEUTICS,Health Care,Prism,Russell,1322,15.49,40.17,19.65,43.82,50.0,29.15,28.5,,,,,,35.31,42.31,,22,confirmed_bearish_trend,42,mixed_or_bearish,31.67,25.5501,0.39,-0.05684385,-0.11987258,-0.06238165,-0.02814382,,4H EMA 空头排列；4H MACD 尚未确认多头；4H RSI 偏弱
1691,UFPT,UFP TECHNOLOGIES INC,Health Care,Prism,Russell,1550,15.46,39.8,25.9,27.81,50.0,31.31,30.9,,,,,,30.59,41.37,,22,confirmed_bearish_trend,50,mixed_or_bearish,32.08,280.244995,0.15,0.00448037,-0.04561715,-0.13603293,0.08508540,4H MACD 柱体连续扩张,4H EMA 空头排列；4H MACD 尚未确认多头；4H RSI 偏弱
1692,ALH,ALLIANCE LAUNDRY HOLDINGS,Industrials,Prism,Russell,1800,15.41,39.04,30.45,17.14,50.0,33.47,33.3,,,,,,26.12,39.47,,22,confirmed_bearish_trend,58,bullish_above_signal,28.42,21.799999,0.08,-0.02417193,-0.02022476,-0.17424246,-0.18868633,4H MACD 位于 Signal 上方,4H EMA 空头排列；4H RSI 偏弱
1693,MAZE,MAZE THERAPEUTICS,Health Care,Prism,Russell,1341,15.39,40.16,19.65,43.15,50.0,29.15,28.5,,,,,,35.09,42.27,,22,confirmed_bearish_trend,42,mixed_or_bearish,31.29,24.49,0.16,-0.07058824,-0.07550019,-0.10293037,-0.12159251,,4H EMA 空头排列；4H MACD 尚未确认多头；4H RSI 偏弱
1694,MGPI,MGP INGREDIENTS,Consumer Staples,Prism,Russell,1342,15.39,40.16,19.65,43.15,50.0,29.15,28.5,,,,,,35.09,42.27,,22,confirmed_bearish_trend,42,mixed_or_bearish,31.77,15.45,0.34,-0.04805915,-0.06250000,-0.13202242,-0.17291221,,4H EMA 空头排列；4H MACD 尚未确认多头；4H RSI 偏弱
1695,ACCO,ACCO BRANDS CORP,Industrials,Prism,Russell,818,15.35,40.74,37.3,74.5,50.0,36.84,37.05,,,,,,47.38,43.73,,41,bearish_transition,28,fresh_bearish_cross,50.04,4.305,0.17,-0.00577367,0.01294118,-0.01034483,-0.01034483,4H RSI 位于健康强势区间,4H EMA 转弱或跌破 EMA26；4H MACD 最近死叉
1696,AGX,ARGAN,Industrials,Prism,Russell,1919,15.35,37.62,36.7,3.39,50.0,33.47,33.3,,,,,,8.35,35.92,,22,confirmed_bearish_trend,58,bullish_above_signal,32.81,402.040009,0.31,-0.07834437,-0.00725962,-0.30806825,-0.23072211,4H MACD 位于 Signal 上方,4H EMA 空头排列；4H RSI 偏弱
1697,FNKO,FUNKO CLASS A,Consumer Discretionary,Prism,Russell,1707,15.35,39.4,25.9,28.01,50.0,31.31,30.9,,,,,,30.61,40.37,,22,confirmed_bearish_trend,50,mixed_or_bearish,33.96,5.575,0.08,-0.02534965,-0.09935380,-0.10297667,-0.12066246,4H MACD 柱体连续扩张,4H EMA 空头排列；4H MACD 尚未确认多头；4H RSI 偏弱
1698,LIND,LINDBLAD EXPEDITIONS HOLDINGS,Consumer Discretionary,Prism,Russell,1851,15.31,38.58,32.85,11.08,50.0,37.25,37.5,,,,,,20.41,38.33,,22,confirmed_bearish_trend,72,fresh_below_zero_cross,28.43,25.379999,0.16,-0.03479753,-0.00859379,-0.23184025,-0.14611584,4H MACD 刚金叉但仍需零轴确认；4H MACD 柱体连续扩张,4H EMA 空头排列；4H RSI 偏弱
1699,FLO,FLOWERS FOODS INC,Consumer Staples,Prism,Russell,1351,15.31,40.14,19.65,42.64,50.0,31.31,30.9,,,,,,34.88,42.23,,22,confirmed_bearish_trend,50,mixed_or_bearish,30.24,6.185,0.26,-0.01119105,-0.07617625,-0.13435969,-0.18079470,4H MACD 柱体连续扩张,4H EMA 空头排列；4H MACD 尚未确认多头；4H RSI 偏弱
1700,ALEC,ALECTOR,Health Care,Prism,Russell,29,15.26,66.91,40.9,3.18,50.0,44.01,39.45,,,,,,88.27,52.9,,41,bearish_transition,42,mixed_or_bearish,47.77,2.325,0.12,-0.09533074,-0.02922756,0.38805970,0.53973510,,4H EMA 转弱或跌破 EMA26；4H MACD 尚未确认多头
1701,FC,FRANKLIN COVEY,Industrials,Prism,Russell,1712,15.26,39.39,25.9,27.4,50.0,29.15,28.5,,,,,,30.57,40.36,,22,confirmed_bearish_trend,42,mixed_or_bearish,33.77,18.219999,0.1,-0.02670940,-0.06372046,-0.15216384,-0.17294607,,4H EMA 空头排列；4H MACD 尚未确认多头；4H RSI 偏弱
1702,BDN,BRANDYWINE REALTY TRUST REIT,Real Estate,Prism,Russell,1090,15.21,40.49,29.3,95.48,50.0,25.37,24.3,,,,,,44.19,43.09,,22,confirmed_bearish_trend,28,fresh_bearish_cross,38.56,2.96,0.3,-0.03739837,-0.01333333,-0.04051864,-0.01497504,,4H EMA 空头排列；4H MACD 最近死叉；4H RSI 偏弱
1703,MTH,MERITAGE CORP,Consumer Discretionary,Prism,Russell,1573,15.19,39.75,19.65,42.79,50.0,29.15,28.5,,,,,,34.93,41.24,,22,confirmed_bearish_trend,42,mixed_or_bearish,26.97,64.220001,0.32,-0.01245576,-0.04831064,-0.10768376,-0.12291723,,4H EMA 空头排列；4H MACD 尚未确认多头；4H RSI 偏弱
1704,IPSC,CENTURY THERAPEUTICS,Health Care,Prism,Russell,457,15.09,41.15,37.3,71.78,50.0,27.53,26.7,,,,,,47.56,44.76,,22,confirmed_bearish_trend,28,fresh_bearish_cross,45.11,2.035,0.19,-0.03325416,0.00493827,0.02518892,-0.00245098,,4H EMA 空头排列；4H MACD 最近死叉
1705,ICUI,ICU MEDICAL,Health Care,Prism,Russell,1383,14.88,40.1,19.65,39.92,50.0,31.31,30.9,,,,,,34.36,42.12,,22,confirmed_bearish_trend,50,mixed_or_bearish,25.45,160.880005,0.23,-0.00260383,-0.05841037,-0.11774061,-0.02990829,4H MACD 柱体连续扩张,4H EMA 空头排列；4H MACD 尚未确认多头；4H RSI 偏弱
1706,EVMN,EVOMMUNE,Health Care,Prism,Russell,1840,14.77,38.67,32.85,7.29,50.0,36.62,36.8,,,,,,16.52,38.55,,22,confirmed_bearish_trend,64,fresh_below_zero_cross,29.24,10.8,1.78,-0.14994097,-0.13669065,-0.23512748,-0.03657449,4H MACD 刚金叉但仍需零轴确认,4H EMA 空头排列；4H RSI 偏弱
1707,OSW,ONESPAWORLD HOLDINGS LTD,Consumer Discretionary,Prism,Russell,1596,14.77,39.7,19.65,40.12,50.0,31.31,30.9,,,,,,34.39,41.13,,22,confirmed_bearish_trend,50,mixed_or_bearish,29.96,22.26,0.24,-0.01895112,0.00089928,-0.13754355,-0.19667987,4H MACD 柱体连续扩张,4H EMA 空头排列；4H MACD 尚未确认多头；4H RSI 偏弱
1708,ACRE,ARES COMMERCIAL REAL ESTATE REIT C,Financials,Prism,Russell,1213,14.74,40.35,32.9,83.07,50.0,29.15,28.5,,,,,,42.44,42.74,,22,confirmed_bearish_trend,42,mixed_or_bearish,39.85,4.48,0.55,-0.01430143,0.00223714,-0.02925244,-0.03344121,,4H EMA 空头排列；4H MACD 尚未确认多头；4H RSI 偏弱
1709,AMBP,ARDAGH METAL PACKAGING SA,Materials,Prism,Russell,877,14.58,40.68,32.9,81.22,50.0,36.98,37.2,,,,,,46.58,43.57,,36,bearish_transition,50,mixed_or_bearish,39.71,4.9645,0.18,0.00191726,-0.02080868,0.00292929,-0.04985646,4H MACD 柱体连续扩张,4H EMA 转弱或跌破 EMA26；4H MACD 尚未确认多头；4H RSI 偏弱
1710,TFIN,TRIUMPH FINANCIAL,Financials,Prism,Russell,1607,14.56,39.68,19.65,38.74,50.0,29.87,29.3,,,,,,34.1,41.07,,22,confirmed_bearish_trend,42,mixed_or_bearish,22.47,66.029999,0.62,-0.04511935,-0.04938094,-0.12229169,-0.14324641,,4H EMA 空头排列；4H MACD 尚未确认多头；4H RSI 偏弱
1711,NAGE,NIAGEN BIOSCIENCE INC,Consumer Staples,Prism,Russell,504,14.55,41.09,32.9,80.04,50.0,29.15,28.5,,,,,,46.7,44.59,,22,confirmed_bearish_trend,42,mixed_or_bearish,39.87,3.06,0.35,-0.03317536,-0.02236422,0.00327869,-0.06990881,,4H EMA 空头排列；4H MACD 尚未确认多头；4H RSI 偏弱
1712,KNF,KNIFE RIVER CORP,Materials,Prism,Russell,1533,14.49,39.83,16.05,47.51,50.0,25.37,24.3,,,,,,36.05,41.46,,22,confirmed_bearish_trend,28,fresh_bearish_cross,25.62,58.369999,0.43,-0.05748427,-0.05550162,-0.13577142,-0.26085858,,4H EMA 空头排列；4H MACD 最近死叉；4H RSI 偏弱
1713,DNLI,DENALI THERAPEUTICS,Health Care,Prism,Russell,1414,14.47,40.04,19.65,37.3,50.0,31.31,30.9,,,,,,33.66,41.98,,22,confirmed_bearish_trend,50,mixed_or_bearish,29.41,21.844999,0.49,-0.01754000,-0.06083409,-0.12620004,-0.09130624,4H MACD 柱体连续扩张,4H EMA 空头排列；4H MACD 尚未确认多头；4H RSI 偏弱
1714,VVX,V2X,Industrials,Prism,Russell,1615,14.44,39.65,19.65,38.02,50.0,29.15,28.5,,,,,,33.76,41.0,,22,confirmed_bearish_trend,42,mixed_or_bearish,31.7,73.025002,0.28,-0.03021250,-0.05834946,-0.11933184,-0.18915164,,4H EMA 空头排列；4H MACD 尚未确认多头；4H RSI 偏弱
1715,LXEO,LEXEO THERAPEUTICS,Health Care,Prism,Russell,730,14.38,40.82,29.3,89.12,50.0,33.2,33.0,,,,,,43.41,43.93,,36,bearish_transition,28,fresh_bearish_cross,40.3,4.58,0.14,-0.04781705,-0.02760085,-0.01293103,0.04566210,,4H EMA 转弱或跌破 EMA26；4H MACD 最近死叉
1716,GIII,G III APPAREL GROUP LTD,Consumer Discretionary,Prism,Russell,1622,14.29,39.64,19.65,37.04,50.0,31.31,30.9,,,,,,33.63,40.98,,22,confirmed_bearish_trend,50,mixed_or_bearish,24.15,27.690001,0.32,0.01502932,-0.13926010,-0.21200906,-0.24796304,4H MACD 柱体连续扩张,4H EMA 空头排列；4H MACD 尚未确认多头；4H RSI 偏弱
1717,ILPT,INDUSTRIAL LOGISTICS PROPERTIES TR,Real Estate,Prism,Russell,1548,14.25,39.81,16.05,45.97,50.0,25.37,24.3,,,,,,35.69,41.39,,22,confirmed_bearish_trend,28,fresh_bearish_cross,28.64,7.915,0.42,-0.02223595,-0.04060606,-0.09439359,-0.12637969,,4H EMA 空头排列；4H MACD 最近死叉；4H RSI 偏弱
1718,VCEL,VERICEL,Health Care,Prism,Russell,1445,14.22,40.01,19.65,35.71,50.0,29.15,28.5,,,,,,33.19,41.89,,22,confirmed_bearish_trend,42,mixed_or_bearish,31.08,39.150002,0.29,-0.00356322,-0.03404878,-0.10921499,-0.16167021,,4H EMA 空头排列；4H MACD 尚未确认多头；4H RSI 偏弱
1719,SRTA,STRATA CRITICAL MEDICAL CLASS A,Health Care,Prism,Russell,1460,14.17,39.99,19.65,35.4,50.0,31.31,30.9,,,,,,32.94,41.84,,22,confirmed_bearish_trend,50,mixed_or_bearish,31.1,5.225,0.23,-0.00853890,-0.02518657,-0.12037037,0.02854331,4H MACD 柱体连续扩张,4H EMA 空头排列；4H MACD 尚未确认多头；4H RSI 偏弱
1720,BGS,B AND G FOODS INC,Consumer Staples,Prism,Russell,668,14.14,40.9,25.9,96.46,50.0,29.15,28.5,,,,,,44.33,44.12,,22,confirmed_bearish_trend,42,mixed_or_bearish,34.44,3.26,0.11,-0.01510574,-0.06590258,-0.04117647,-0.11050477,,4H EMA 空头排列；4H MACD 尚未确认多头；4H RSI 偏弱
1721,PATK,PATRICK INDUSTRIES,Consumer Discretionary,Prism,Russell,1553,14.14,39.79,16.05,45.31,50.0,25.37,24.3,,,,,,35.54,41.36,,22,confirmed_bearish_trend,28,fresh_bearish_cross,31.79,77.559998,0.48,-0.04317789,-0.04600252,-0.09222851,-0.11642744,,4H EMA 空头排列；4H MACD 最近死叉；4H RSI 偏弱
1722,DGII,DIGI INTERNATIONAL,Information Technology,Prism,Russell,1775,14.07,39.18,25.9,20.01,50.0,29.15,28.5,,,,,,27.83,39.82,,22,confirmed_bearish_trend,42,mixed_or_bearish,32.03,68.150002,0.21,-0.03483924,-0.04135595,-0.17762762,0.01708835,,4H EMA 空头排列；4H MACD 尚未确认多头；4H RSI 偏弱
1723,INSE,INSPIRED ENTERTAINMENT INC,Consumer Discretionary,Prism,Russell,1639,14.01,39.59,19.65,35.3,50.0,29.15,28.5,,,,,,32.93,40.84,,22,confirmed_bearish_trend,42,mixed_or_bearish,29.65,5.38,0.18,-0.02181818,-0.00920810,-0.12091503,-0.23579545,,4H EMA 空头排列；4H MACD 尚未确认多头；4H RSI 偏弱
1724,FOA,FINANCE OF AMERICA COMPANIES INC C,Financials,Prism,Russell,1870,13.99,38.45,30.45,9.03,50.0,33.47,33.3,,,,,,18.68,37.99,,22,confirmed_bearish_trend,58,bullish_above_signal,22.79,16.385,0.13,-0.02644088,-0.04293230,-0.24873908,-0.32765698,4H MACD 位于 Signal 上方,4H EMA 空头排列；4H RSI 偏弱
1725,EVGO,EVGO INC CLASS A,Consumer Discretionary,Prism,Russell,1686,13.98,39.46,51.7,29.91,50.0,36.84,37.05,,,,,,31.35,40.52,,25,confirmed_bearish_trend,58,bullish_above_signal,46.73,1.395,0.31,-0.01063830,0.09842520,-0.11708861,-0.14153846,4H MACD 位于 Signal 上方,4H EMA 空头排列
1726,JBIO,JADE BIOSCIENCES,Health Care,Prism,Russell,1674,13.98,39.49,25.9,18.68,50.0,29.15,28.5,,,,,,26.81,40.61,,22,confirmed_bearish_trend,42,mixed_or_bearish,32.51,19.219999,0.22,-0.03441356,-0.08736942,-0.11550856,-0.02486048,,4H EMA 空头排列；4H MACD 尚未确认多头；4H RSI 偏弱
1727,INN,SUMMIT HOTEL PROPERTIES REIT INC,Real Estate,Prism,Russell,1567,13.86,39.76,16.05,43.51,50.0,25.37,24.3,,,,,,35.11,41.27,,22,confirmed_bearish_trend,28,fresh_bearish_cross,31.46,5.595,0.24,-0.03200692,-0.02270742,-0.09758065,-0.18558952,,4H EMA 空头排列；4H MACD 最近死叉；4H RSI 偏弱
1728,MRCY,MERCURY SYSTEMS INC,Industrials,Prism,Russell,1878,13.81,38.37,30.45,8.0,50.0,33.47,33.3,,,,,,17.73,37.8,,22,confirmed_bearish_trend,58,bullish_above_signal,30.81,80.019997,0.26,-0.05980500,-0.03357495,-0.26323546,-0.19480781,4H MACD 位于 Signal 上方,4H EMA 空头排列；4H RSI 偏弱
1729,CERS,CERUS CORP,Health Care,Prism,Russell,605,13.8,40.97,25.9,94.0,50.0,29.15,28.5,,,,,,45.22,44.29,,22,confirmed_bearish_trend,42,mixed_or_bearish,35.72,2.5201,0.19,-0.01941634,-0.03629063,0.00003968,-0.13547170,,4H EMA 空头排列；4H MACD 尚未确认多头；4H RSI 偏弱
1730,SUPN,SUPERNUS PHARMACEUTICALS,Health Care,Prism,Russell,1490,13.76,39.92,19.65,32.84,50.0,29.15,28.5,,,,,,32.12,41.67,,22,confirmed_bearish_trend,42,mixed_or_bearish,25.11,41.759998,0.38,-0.01971831,-0.04603093,-0.11262225,-0.12507861,,4H EMA 空头排列；4H MACD 尚未确认多头；4H RSI 偏弱
1731,GSHD,GOOSEHEAD INSURANCE CLASS A,Financials,Prism,Russell,1658,13.72,39.54,19.65,33.45,50.0,34.82,34.8,,,,,,32.37,40.72,,36,bearish_transition,42,mixed_or_bearish,18.41,56.580002,0.52,-0.09210523,-0.17353195,-0.12333435,-0.17809405,,4H EMA 转弱或跌破 EMA26；4H MACD 尚未确认多头；4H RSI 偏弱
1732,JOBY,JOBY AVIATION CLASS A,Industrials,Prism,Russell,1883,13.65,38.26,30.45,7.18,50.0,33.47,33.3,,,,,,16.36,37.52,,22,confirmed_bearish_trend,58,bullish_above_signal,31.94,6.53,0.28,-0.05567607,-0.02391629,-0.26047565,-0.10240550,4H MACD 位于 Signal 上方,4H EMA 空头排列；4H RSI 偏弱
1733,HAPN,HAPPEN,Financials,Prism,Russell,1723,13.64,39.36,22.3,26.27,50.0,25.37,24.3,,,,,,30.15,40.28,,22,confirmed_bearish_trend,28,fresh_bearish_cross,32.11,16.860001,0.31,-0.04584035,0.00536679,-0.13249283,-0.11099388,,4H EMA 空头排列；4H MACD 最近死叉；4H RSI 偏弱
1734,OSS,ONE STOP SYSTEMS INC,Information Technology,Prism,Russell,1884,13.63,38.26,30.45,7.08,50.0,33.47,33.3,,,,,,16.35,37.52,,22,confirmed_bearish_trend,58,bullish_above_signal,27.44,9.44,0.18,-0.05077929,-0.05220884,-0.25316456,-0.19727891,4H MACD 位于 Signal 上方,4H EMA 空头排列；4H RSI 偏弱
1735,UPST,UPSTART HOLDINGS,Financials,Prism,Russell,1665,13.6,39.52,19.65,32.73,50.0,29.15,28.5,,,,,,32.1,40.67,,22,confirmed_bearish_trend,42,mixed_or_bearish,30.16,26.030001,0.26,-0.03895138,-0.04999996,-0.13750825,-0.06467837,,4H EMA 空头排列；4H MACD 尚未确认多头；4H RSI 偏弱
1736,STTK,SHATTUCK LABS INC,Health Care,Prism,Russell,1500,13.55,39.89,19.65,31.5,50.0,29.15,28.5,,,,,,31.81,41.61,,22,confirmed_bearish_trend,42,mixed_or_bearish,26.0,6.275,0.44,-0.05780781,-0.08660844,-0.12053259,-0.07720588,,4H EMA 空头排列；4H MACD 尚未确认多头；4H RSI 偏弱
1737,AMTX,AEMETIS INC,Energy,Prism,Russell,611,13.52,40.96,40.9,52.13,50.0,41.57,42.3,,,,,,50.14,44.28,,38,bearish_transition,50,mixed_or_bearish,48.53,1.82,0.47,-0.00273973,-0.00273973,0.10303030,0.22558923,4H MACD 柱体连续扩张；4H RSI 位于健康强势区间,4H EMA 转弱或跌破 EMA26；4H MACD 尚未确认多头
1738,GERN,GERON,Health Care,Prism,Russell,519,13.52,41.07,29.3,82.86,50.0,31.04,30.6,,,,,,46.45,44.54,,36,bearish_transition,28,fresh_bearish_cross,39.37,1.42,0.15,-0.06270627,-0.03728814,-0.03071672,-0.02405498,,4H EMA 转弱或跌破 EMA26；4H MACD 最近死叉；4H RSI 偏弱
1739,TBI,TRUEBLUE INC,Industrials,Prism,Russell,1668,13.51,39.51,19.65,32.12,50.0,34.82,34.8,,,,,,31.98,40.65,,36,bearish_transition,42,mixed_or_bearish,30.31,9.08,0.35,-0.03609342,-0.09831182,-0.14258735,0.17464424,,4H EMA 转弱或跌破 EMA26；4H MACD 尚未确认多头；4H RSI 偏弱
1740,SSP,EW SCRIPPS CLASS A,Communication,Prism,Russell,1285,13.5,40.23,32.9,75.06,50.0,34.82,34.8,,,,,,41.06,42.46,,36,bearish_transition,42,mixed_or_bearish,39.91,3.125,0.15,-0.02037618,-0.04434251,-0.06158974,0.01296596,,4H EMA 转弱或跌破 EMA26；4H MACD 尚未确认多头；4H RSI 偏弱
1741,POWW,OUTDOOR HOLDING,Consumer Discretionary,Prism,Russell,1770,13.47,39.2,54.1,20.73,50.0,45.08,46.2,,,,,,28.17,39.88,,36,bearish_transition,72,fresh_below_zero_cross,47.28,2.165,0.36,0.01168224,-0.00915332,-0.15264188,-0.02036199,4H MACD 刚金叉但仍需零轴确认；4H MACD 柱体连续扩张,4H EMA 转弱或跌破 EMA26
1742,QNST,QUINSTREET INC,Communication,Prism,Russell,1808,13.47,38.99,25.9,16.42,50.0,34.82,34.8,,,,,,25.52,39.35,,36,bearish_transition,42,mixed_or_bearish,33.49,17.75,0.16,-0.01634802,-0.06183932,-0.19354839,0.11424984,,4H EMA 转弱或跌破 EMA26；4H MACD 尚未确认多头；4H RSI 偏弱
1743,TRON,TRON INC,Consumer Discretionary,Prism,Russell,1289,13.43,40.23,32.9,74.6,50.0,39.14,39.6,,,,,,40.95,42.44,,36,bearish_transition,50,mixed_or_bearish,44.55,1.615,0.05,0.00623053,-0.00920245,0.06250000,0.02215190,4H MACD 柱体连续扩张,4H EMA 转弱或跌破 EMA26；4H MACD 尚未确认多头
1744,CVGI,COMMERCIAL VEHICLE GROUP INC,Industrials,Prism,Russell,1544,13.38,39.82,43.7,46.43,50.0,36.84,37.05,,,,,,35.9,41.43,,25,confirmed_bearish_trend,58,bullish_above_signal,40.08,3.06,0.35,-0.04524181,-0.00713822,-0.07831325,-0.31665922,4H MACD 位于 Signal 上方,4H EMA 空头排列
1745,KBH,KB HOME,Consumer Discretionary,Prism,Russell,1682,13.26,39.47,19.65,30.58,50.0,29.15,28.5,,,,,,31.55,40.56,,22,confirmed_bearish_trend,42,mixed_or_bearish,26.84,49.334999,0.35,-0.02730682,-0.05542793,-0.12712316,-0.14645329,,4H EMA 空头排列；4H MACD 尚未确认多头；4H RSI 偏弱
1746,VISN,VISTANCE NETWORKS INC,Information Technology,Prism,Russell,1944,13.23,36.95,32.85,1.03,50.0,37.25,37.5,,,,,,0.0,34.25,,22,confirmed_bearish_trend,72,fresh_below_zero_cross,25.13,6.415,0.09,-0.01911315,0.02804487,-0.43851204,-0.45750529,4H MACD 刚金叉但仍需零轴确认；4H MACD 柱体连续扩张,4H EMA 空头排列；4H RSI 偏弱
1747,REAL,THE REALREAL,Consumer Discretionary,Prism,Russell,1821,13.22,38.89,25.9,14.98,50.0,31.31,30.9,,,,,,24.3,39.11,,22,confirmed_bearish_trend,50,mixed_or_bearish,32.18,9.68,0.18,-0.02566683,-0.03296703,-0.18655462,-0.18791946,4H MACD 柱体连续扩张,4H EMA 空头排列；4H MACD 尚未确认多头；4H RSI 偏弱
1748,RYTM,RHYTHM PHARMACEUTICALS,Health Care,Prism,Russell,1532,13.19,39.84,19.65,29.25,50.0,31.31,30.9,,,,,,31.12,41.47,,22,confirmed_bearish_trend,50,mixed_or_bearish,29.33,100.974998,0.39,-0.01487807,-0.03548576,-0.12526530,-0.06591119,4H MACD 柱体连续扩张,4H EMA 空头排列；4H MACD 尚未确认多头；4H RSI 偏弱
1749,OVID,OVID THERAPEUTICS,Health Care,Prism,Russell,344,13.15,41.4,40.9,48.64,50.0,37.79,38.1,,,,,,50.67,45.38,,38,bearish_transition,42,mixed_or_bearish,45.13,2.715,0.2,-0.01985560,-0.02020931,0.04022989,0.15042373,,4H EMA 转弱或跌破 EMA26；4H MACD 尚未确认多头
1750,CARG,CARGURUS CLASS A,Communication,Prism,Russell,1688,13.13,39.46,19.65,29.76,50.0,31.31,30.9,,,,,,31.34,40.52,,22,confirmed_bearish_trend,50,mixed_or_bearish,23.32,32.52,0.26,-0.01064798,-0.06524866,-0.13562365,-0.10696144,4H MACD 柱体连续扩张,4H EMA 空头排列；4H MACD 尚未确认多头；4H RSI 偏弱
1751,IKT,INHIBIKASE THERAPEUTICS,Health Care,Prism,Russell,835,13.11,40.72,29.3,80.91,50.0,34.01,33.9,,,,,,42.11,43.67,,38,bearish_transition,28,fresh_bearish_cross,44.49,2.39,0.11,-0.02049180,0.00209644,-0.02647658,0.03913043,,4H EMA 转弱或跌破 EMA26；4H MACD 最近死叉
1752,COCO,THE VITA COCO COMPANY,Consumer Staples,Prism,Russell,1541,13.08,39.83,19.65,28.53,50.0,29.87,29.3,,,,,,30.94,41.44,,22,confirmed_bearish_trend,42,mixed_or_bearish,21.48,52.035,0.89,-0.03055424,-0.10377198,-0.17102119,-0.25290742,,4H EMA 空头排列；4H MACD 尚未确认多头；4H RSI 偏弱
1753,BDTX,BLACK DIAMOND THERAPEUTICS INC,Health Care,Prism,Russell,340,13.07,41.41,40.9,48.13,50.0,37.79,38.1,,,,,,50.73,45.4,,38,bearish_transition,42,mixed_or_bearish,46.26,2.085,0.22,-0.00950119,0.01955990,0.05303030,0.18803419,,4H EMA 转弱或跌破 EMA26；4H MACD 尚未确认多头
1754,SVC,SERVICE PROPERTIES TRUST,Real Estate,Prism,Russell,1694,13.07,39.44,19.65,29.35,50.0,29.15,28.5,,,,,,31.13,40.48,,22,confirmed_bearish_trend,42,mixed_or_bearish,25.84,7.175,0.19,-0.03561828,-0.06392694,-0.11365040,-0.14684899,,4H EMA 空头排列；4H MACD 尚未确认多头；4H RSI 偏弱
1755,HPP,HUDSON PACIFIC PROPERTIES REIT,Real Estate,Prism,Russell,1696,13.01,39.44,19.65,28.99,50.0,29.15,28.5,,,,,,31.1,40.47,,22,confirmed_bearish_trend,42,mixed_or_bearish,25.63,11.75,0.32,-0.03371711,-0.08203125,-0.13856305,-0.16784703,,4H EMA 空头排列；4H MACD 尚未确认多头；4H RSI 偏弱
1756,NEXN,NEXXEN INTERNATIONAL LTD,Communication,Prism,Russell,1698,12.99,39.43,19.65,28.84,50.0,29.15,28.5,,,,,,31.07,40.46,,22,confirmed_bearish_trend,42,mixed_or_bearish,31.42,9.17,0.16,-0.03167899,-0.04429390,-0.14697674,-0.12248804,,4H EMA 空头排列；4H MACD 尚未确认多头；4H RSI 偏弱
1757,TRUP,TRUPANION,Financials,Prism,Russell,1703,12.9,39.41,19.65,28.32,50.0,29.15,28.5,,,,,,30.77,40.4,,22,confirmed_bearish_trend,42,mixed_or_bearish,26.48,24.82,0.2,-0.04867765,-0.10879713,-0.14531683,-0.02628482,,4H EMA 空头排列；4H MACD 尚未确认多头；4H RSI 偏弱
1758,QDEL,QUIDELORTHO CORP,Health Care,Prism,Russell,1557,12.88,39.79,19.65,27.3,50.0,29.15,28.5,,,,,,30.46,41.34,,22,confirmed_bearish_trend,42,mixed_or_bearish,31.32,12.835,0.2,-0.04359165,-0.06620589,-0.06586608,-0.22959184,,4H EMA 空头排列；4H MACD 尚未确认多头；4H RSI 偏弱
1759,MEI,METHODE ELECTRONICS,Information Technology,Prism,Russell,1837,12.88,38.69,25.9,13.19,50.0,29.15,28.5,,,,,,21.71,38.59,,22,confirmed_bearish_trend,42,mixed_or_bearish,33.11,14.08,0.16,-0.03759398,-0.23227917,-0.14041509,-0.04993252,,4H EMA 空头排列；4H MACD 尚未确认多头；4H RSI 偏弱
1760,YELP,YELP,Communication,Prism,Russell,1705,12.87,39.41,19.65,28.12,50.0,29.15,28.5,,,,,,30.72,40.39,,22,confirmed_bearish_trend,42,mixed_or_bearish,27.22,20.549999,0.19,-0.01344220,-0.08127687,-0.16395448,-0.24972619,,4H EMA 空头排列；4H MACD 尚未确认多头；4H RSI 偏弱
1761,EVH,EVOLENT HEALTH CLASS A,Health Care,Prism,Russell,440,12.77,41.19,32.9,67.98,50.0,33.47,33.3,,,,,,47.93,44.84,,22,confirmed_bearish_trend,50,mixed_or_bearish,42.88,4.245,0.16,-0.00933489,-0.00585480,0.07741117,0.13806971,4H MACD 柱体连续扩张,4H EMA 空头排列；4H MACD 尚未确认多头
1762,CMTG,CLAROS MORTGAGE TRUST INC,Financials,Prism,Russell,1576,12.76,39.74,43.7,42.48,50.0,37.79,38.1,,,,,,34.87,41.22,,22,confirmed_bearish_trend,66,bullish_above_signal,41.36,1.57,0.16,-0.00946372,0.06948229,-0.11048159,-0.25943396,4H MACD 位于 Signal 上方；4H MACD 柱体连续扩张,4H EMA 空头排列
1763,DIBS,1STDIBS COM INC,Consumer Discretionary,Prism,Russell,1248,12.75,40.3,29.3,79.48,50.0,29.55,28.95,,,,,,41.87,42.62,,27,confirmed_bearish_trend,28,fresh_bearish_cross,40.52,4.415,0.17,-0.08116545,0.00113379,-0.02581642,0.06900726,,4H EMA 空头排列；4H MACD 最近死叉
1764,CMPX,COMPASS THERAPEUTICS,Health Care,Prism,Russell,437,12.73,41.19,32.9,67.68,50.0,36.98,37.2,,,,,,47.97,44.84,,36,bearish_transition,42,mixed_or_bearish,40.6,2.215,0.42,-0.03275109,-0.03904555,-0.00672646,0.08845209,,4H EMA 转弱或跌破 EMA26；4H MACD 尚未确认多头
1765,EDIT,EDITAS MEDICINE,Health Care,Prism,Russell,1003,12.65,40.55,32.9,68.65,50.0,34.82,34.8,,,,,,40.05,43.26,,36,bearish_transition,42,mixed_or_bearish,38.49,2.813,0.33,-0.07619048,-0.08520325,-0.00071048,0.07571702,,4H EMA 转弱或跌破 EMA26；4H MACD 尚未确认多头；4H RSI 偏弱
1766,BLND,BLEND LABS CLASS A,Information Technology,Prism,Russell,1256,12.61,40.29,29.3,78.6,50.0,27.53,26.7,,,,,,41.8,42.61,,22,confirmed_bearish_trend,28,fresh_bearish_cross,40.49,1.45,0.17,-0.01023891,-0.06451613,-0.03333333,-0.19444444,,4H EMA 空头排列；4H MACD 最近死叉
1767,OFIX,ORTHOFIX MEDICAL,Health Care,Prism,Russell,1467,12.6,39.97,16.05,34.58,50.0,25.37,24.3,,,,,,32.74,41.8,,22,confirmed_bearish_trend,28,fresh_bearish_cross,26.94,8.92,0.24,-0.02407002,-0.05307856,-0.13145083,-0.27124183,,4H EMA 空头排列；4H MACD 最近死叉；4H RSI 偏弱
1768,WDFC,WD-40,Consumer Staples,Prism,Russell,1574,12.54,39.74,19.65,25.14,50.0,29.15,28.5,,,,,,29.9,41.23,,22,confirmed_bearish_trend,42,mixed_or_bearish,23.9,200.630005,0.48,-0.01716996,-0.05550322,-0.14363153,-0.12514715,,4H EMA 空头排列；4H MACD 尚未确认多头；4H RSI 偏弱
1769,TBLA,TABOOLA.COM LTD,Communication,Prism,Russell,1592,12.49,39.71,43.7,40.74,50.0,35.63,35.7,,,,,,34.54,41.16,,22,confirmed_bearish_trend,58,bullish_above_signal,40.8,3.735,0.15,-0.02607562,-0.00133690,-0.09673519,-0.25523430,4H MACD 位于 Signal 上方,4H EMA 空头排列
1770,ELMD,ELECTROMED INC,Health Care,Prism,Russell,1928,12.41,37.35,30.45,1.03,50.0,35.63,35.7,,,,,,0.0,35.25,,22,confirmed_bearish_trend,66,bullish_above_signal,20.63,27.209999,0.04,-0.01448758,0.00665919,-0.36104263,-0.31166204,4H MACD 位于 Signal 上方；4H MACD 柱体连续扩张,4H EMA 空头排列；4H RSI 偏弱
1771,CLVT,CLARIVATE PLC,Industrials,Prism,Russell,1350,12.41,40.14,32.9,67.98,50.0,29.15,28.5,,,,,,39.92,42.23,,22,confirmed_bearish_trend,42,mixed_or_bearish,38.28,1.915,0.24,0.01055409,-0.06127451,0.00789474,-0.20703934,,4H EMA 空头排列；4H MACD 尚未确认多头；4H RSI 偏弱
1772,OXM,OXFORD INDUSTRIES INC,Consumer Discretionary,Prism,Russell,1743,12.22,39.3,19.65,24.01,50.0,31.31,30.9,,,,,,29.35,40.12,,22,confirmed_bearish_trend,50,mixed_or_bearish,30.78,31.215,0.19,0.02076521,-0.17333152,-0.16178844,-0.23977109,4H MACD 柱体连续扩张,4H EMA 空头排列；4H MACD 尚未确认多头；4H RSI 偏弱
1773,IRWD,IRONWOOD PHARMA CLASS A,Health Care,Prism,Russell,425,12.21,41.23,32.9,64.14,50.0,36.98,37.2,,,,,,48.47,44.94,,36,bearish_transition,42,mixed_or_bearish,40.98,4.085,0.18,-0.01089588,-0.04556075,0.01113861,0.07500000,,4H EMA 转弱或跌破 EMA26；4H MACD 尚未确认多头
1774,TNDM,TANDEM DIABETES CARE,Health Care,Prism,Russell,1614,12.15,39.65,19.65,22.73,50.0,34.82,34.8,,,,,,28.81,41.01,,36,bearish_transition,42,mixed_or_bearish,30.87,19.15,0.22,-0.05781062,-0.10009403,-0.16119141,0.07765898,,4H EMA 转弱或跌破 EMA26；4H MACD 尚未确认多头；4H RSI 偏弱
1775,UPB,UPSTREAM BIO,Health Care,Prism,Russell,1833,12.09,38.75,25.9,7.8,50.0,29.15,28.5,,,,,,17.47,38.74,,22,confirmed_bearish_trend,42,mixed_or_bearish,33.37,5.79,0.26,-0.04691358,-0.11535523,-0.22177419,-0.09601874,,4H EMA 空头排列；4H MACD 尚未确认多头；4H RSI 偏弱
1776,GTN,GRAY MEDIA INC,Communication,Prism,Russell,1291,11.97,40.23,29.3,74.45,50.0,34.01,33.9,,,,,,40.93,42.44,,38,bearish_transition,28,fresh_bearish_cross,42.63,4.7361,0.1,-0.03835533,-0.00292632,-0.05088176,0.12898689,,4H EMA 转弱或跌破 EMA26；4H MACD 最近死叉
1777,PHR,PHREESIA,Health Care,Prism,Russell,1632,11.96,39.62,19.65,21.55,50.0,31.31,30.9,,,,,,28.34,40.92,,22,confirmed_bearish_trend,50,mixed_or_bearish,30.29,10.215,0.25,-0.01017442,-0.13797468,-0.17819791,-0.06025759,4H MACD 柱体连续扩张,4H EMA 空头排列；4H MACD 尚未确认多头；4H RSI 偏弱
1778,MAX,MEDIAALPHA CLASS A,Communication,Prism,Russell,1758,11.93,39.23,19.65,22.27,50.0,29.15,28.5,,,,,,28.5,39.95,,22,confirmed_bearish_trend,42,mixed_or_bearish,29.97,11.485,0.42,-0.01837607,-0.06512007,-0.15177253,-0.16715011,,4H EMA 空头排列；4H MACD 尚未确认多头；4H RSI 偏弱
1779,TYRA,TYRA BIOSCIENCES,Health Care,Prism,Russell,1744,11.9,39.29,22.3,14.88,50.0,26.9,26.0,,,,,,24.28,40.11,,22,confirmed_bearish_trend,28,fresh_bearish_cross,33.31,21.809999,1.74,-0.21855969,-0.13862563,-0.16819223,-0.29417479,,4H EMA 空头排列；4H MACD 最近死叉；4H RSI 偏弱
1780,FUL,HB FULLER,Materials,Prism,Russell,1760,11.88,39.23,19.65,21.96,50.0,29.15,28.5,,,,,,28.44,39.94,,22,confirmed_bearish_trend,42,mixed_or_bearish,26.28,51.970001,0.39,-0.02091185,-0.03491174,-0.15192556,-0.08936392,,4H EMA 空头排列；4H MACD 尚未确认多头；4H RSI 偏弱
1781,SXI,STANDEX INTERNATIONAL CORP,Industrials,Prism,Russell,1763,11.8,39.21,19.65,21.45,50.0,31.31,30.9,,,,,,28.27,39.9,,22,confirmed_bearish_trend,50,mixed_or_bearish,23.92,272.695007,0.13,-0.00014658,-0.04421503,-0.16896753,-0.07107573,4H MACD 柱体连续扩张,4H EMA 空头排列；4H MACD 尚未确认多头；4H RSI 偏弱
1782,SCHL,SCHOLASTIC,Communication,Prism,Russell,1764,11.78,39.21,19.65,21.29,50.0,29.15,28.5,,,,,,28.25,39.9,,22,confirmed_bearish_trend,42,mixed_or_bearish,24.4,35.380001,0.36,-0.01708565,-0.07984395,-0.17452169,-0.12878601,,4H EMA 空头排列；4H MACD 尚未确认多头；4H RSI 偏弱
1783,LE,LAND END,Consumer Discretionary,Prism,Russell,1768,11.72,39.21,19.65,20.93,50.0,29.15,28.5,,,,,,28.2,39.89,,22,confirmed_bearish_trend,42,mixed_or_bearish,29.12,10.665,0.16,-0.02602740,-0.09771574,-0.18400918,-0.15625000,,4H EMA 空头排列；4H MACD 尚未确认多头；4H RSI 偏弱
1784,ZGN,ERMENEGILDO ZEGNA NV,Consumer Discretionary,Prism,Russell,1773,11.61,39.18,19.65,20.22,50.0,29.15,28.5,,,,,,27.91,39.83,,22,confirmed_bearish_trend,42,mixed_or_bearish,22.58,11.75,0.16,-0.03490760,-0.09961686,-0.20634921,-0.21562083,,4H EMA 空头排列；4H MACD 尚未确认多头；4H RSI 偏弱
1785,RVLV,REVOLVE GROUP CLASS A,Consumer Discretionary,Prism,Russell,1774,11.59,39.18,19.65,20.11,50.0,29.15,28.5,,,,,,27.87,39.82,,22,confirmed_bearish_trend,42,mixed_or_bearish,20.89,19.74,0.18,-0.03424662,-0.11161112,-0.18798845,-0.26453055,,4H EMA 空头排列；4H MACD 尚未确认多头；4H RSI 偏弱
1786,WOOF,PETCO HEALTH AND WELLNESS COMPANY,Consumer Discretionary,Prism,Russell,863,11.57,40.69,25.9,79.78,50.0,29.15,28.5,,,,,,46.75,43.6,,22,confirmed_bearish_trend,42,mixed_or_bearish,37.97,2.46,0.13,-0.02766798,-0.04651163,-0.07865169,-0.13227513,,4H EMA 空头排列；4H MACD 尚未确认多头；4H RSI 偏弱
1787,TPB,TURNING POINT BRANDS,Consumer Staples,Prism,Russell,1671,11.52,39.5,19.65,18.88,50.0,31.31,30.9,,,,,,26.85,40.62,,22,confirmed_bearish_trend,50,mixed_or_bearish,28.74,73.964996,0.13,-0.01537549,-0.04757929,-0.17292859,-0.08288910,4H MACD 柱体连续扩张,4H EMA 空头排列；4H MACD 尚未确认多头；4H RSI 偏弱
1788,BRZE,BRAZE CLASS A,Information Technology,Prism,Russell,1779,11.5,39.15,19.65,19.6,50.0,34.82,34.8,,,,,,27.51,39.75,,36,bearish_transition,42,mixed_or_bearish,23.01,24.299999,0.54,-0.19215429,-0.25912378,-0.15478264,-0.03225814,,4H EMA 转弱或跌破 EMA26；4H MACD 尚未确认多头；4H RSI 偏弱
1789,RPAY,REPAY HOLDINGS CORP CLASS A,Financials,Prism,Russell,1332,11.29,40.16,29.3,70.09,50.0,27.53,26.7,,,,,,40.16,42.28,,22,confirmed_bearish_trend,28,fresh_bearish_cross,41.05,3.59,0.16,-0.03882195,0.02279202,-0.06020942,-0.13908873,,4H EMA 空头排列；4H MACD 最近死叉
1790,MBI,MBIA INC,Financials,Prism,Russell,1417,11.26,40.04,32.9,60.54,50.0,29.15,28.5,,,,,,38.63,41.98,,22,confirmed_bearish_trend,42,mixed_or_bearish,38.41,4.615,0.15,0.01764057,-0.00965665,-0.08250497,-0.15476190,,4H EMA 空头排列；4H MACD 尚未确认多头；4H RSI 偏弱
1791,CSW,CSW INDUSTRIALS,Industrials,Prism,Russell,1715,11.24,39.38,16.05,26.89,50.0,25.37,24.3,,,,,,30.34,40.32,,22,confirmed_bearish_trend,28,fresh_bearish_cross,30.74,295.220001,0.1,-0.02833817,-0.01952841,-0.15132521,-0.01297227,,4H EMA 空头排列；4H MACD 最近死叉；4H RSI 偏弱
1792,BRBR,BELLRING BRANDS,Consumer Staples,Prism,Russell,1701,11.2,39.43,19.65,16.93,50.0,29.15,28.5,,,,,,25.94,40.44,,22,confirmed_bearish_trend,42,mixed_or_bearish,31.57,9.485,0.3,-0.03754439,-0.08091085,-0.16688625,-0.30614484,,4H EMA 空头排列；4H MACD 尚未确认多头；4H RSI 偏弱
1793,DIN,DINE BRANDS GLOBAL,Consumer Discretionary,Prism,Russell,1797,11.16,39.05,19.65,17.55,50.0,29.15,28.5,,,,,,26.26,39.5,,22,confirmed_bearish_trend,42,mixed_or_bearish,21.87,29.275,0.42,-0.04858629,-0.09950779,-0.18249095,-0.18860869,,4H EMA 空头排列；4H MACD 尚未确认多头；4H RSI 偏弱
1794,CIA,CITIZENS INC CLASS A,Financials,Prism,Russell,1170,11.13,40.4,22.3,87.12,50.0,25.37,24.3,,,,,,43.09,42.87,,22,confirmed_bearish_trend,28,fresh_bearish_cross,36.75,3.69,0.13,-0.05384615,-0.03149606,-0.03656610,-0.27504912,,4H EMA 空头排列；4H MACD 最近死叉；4H RSI 偏弱
1795,JBSS,JOHN B SANFILIPPO AND SON,Consumer Staples,Prism,Russell,1572,11.13,39.75,16.05,25.35,50.0,25.37,24.3,,,,,,29.94,41.24,,22,confirmed_bearish_trend,28,fresh_bearish_cross,25.46,70.129997,0.22,-0.01950374,-0.04972908,-0.15127678,-0.17289779,,4H EMA 空头排列；4H MACD 最近死叉；4H RSI 偏弱
1796,RR,RICHTECH ROBOTICS CLASS B,Industrials,Prism,Russell,1437,10.94,40.01,32.9,58.49,50.0,36.98,37.2,,,,,,38.31,41.91,,36,bearish_transition,42,mixed_or_bearish,44.01,1.695,0.08,-0.04775281,-0.06611570,-0.01166181,0.17708333,,4H EMA 转弱或跌破 EMA26；4H MACD 尚未确认多头
1797,LYEL,LYELL IMMUNOPHARMA,Health Care,Prism,Russell,1735,10.9,39.32,19.65,15.19,50.0,29.15,28.5,,,,,,24.59,40.17,,22,confirmed_bearish_trend,42,mixed_or_bearish,30.5,12.865,0.5,-0.06026297,-0.11452956,-0.10379659,-0.01038462,,4H EMA 空头排列；4H MACD 尚未确认多头；4H RSI 偏弱
1798,SPRY,ARS PHARMACEUTICALS,Health Care,Prism,Russell,1737,10.88,39.31,19.65,15.08,50.0,29.15,28.5,,,,,,24.55,40.16,,22,confirmed_bearish_trend,42,mixed_or_bearish,31.88,5.27,0.14,-0.03391384,-0.08633842,-0.11054852,-0.06890459,,4H EMA 空头排列；4H MACD 尚未确认多头；4H RSI 偏弱
1799,FLWS,1-800 FLOWERS.COM CLASS A,Consumer Discretionary,Prism,Russell,1684,10.85,39.47,43.7,30.37,50.0,33.47,33.3,,,,,,31.45,40.54,,22,confirmed_bearish_trend,58,bullish_above_signal,39.19,3.49,0.36,-0.01828411,0.01749271,-0.12090680,-0.12090680,4H MACD 位于 Signal 上方,4H EMA 空头排列；4H RSI 偏弱
1800,EU,ENCORE ENERGY,Energy,Prism,Russell,1621,10.81,39.64,40.9,37.15,50.0,44.0,45.0,,,,,,33.64,40.98,,44,bearish_transition,50,mixed_or_bearish,50.05,1.245,0.08,-0.01960784,0.04184100,-0.05610311,0.07792208,4H MACD 柱体连续扩张；4H RSI 位于健康强势区间,4H EMA 转弱或跌破 EMA26；4H MACD 尚未确认多头
1801,ROAD,CONSTRUCTION PARTNERS CLASS A,Industrials,Prism,Russell,1819,10.78,38.94,19.65,15.29,50.0,29.15,28.5,,,,,,24.86,39.22,,22,confirmed_bearish_trend,42,mixed_or_bearish,31.34,97.82,0.14,-0.05788310,-0.02831030,-0.17234962,-0.08339581,,4H EMA 空头排列；4H MACD 尚未确认多头；4H RSI 偏弱
1802,IVVD,INVIVYD,Health Care,Prism,Russell,279,10.7,48.34,32.9,37.46,50.0,40.64,39.6,,,,,,53.07,45.86,,36,bearish_transition,50,mixed_or_bearish,43.0,0.7986,0.12,-0.04095112,-0.08981080,0.18609832,0.34989858,4H MACD 柱体连续扩张,4H EMA 转弱或跌破 EMA26；4H MACD 尚未确认多头
1803,ENOV,ENOVIS CORP,Health Care,Prism,Russell,1782,10.59,39.13,19.65,13.55,50.0,31.31,30.9,,,,,,22.21,39.69,,22,confirmed_bearish_trend,50,mixed_or_bearish,28.16,19.09,0.18,-0.00183007,-0.07014130,-0.21245875,-0.35342930,4H MACD 柱体连续扩张,4H EMA 空头排列；4H MACD 尚未确认多头；4H RSI 偏弱
1804,OPTU,OPTIMUM COMMUNICATIONS INC CLASS A,Communication,Prism,Russell,161,10.57,48.89,40.9,13.96,50.0,42.12,41.25,,,,,,64.88,47.23,,41,bearish_transition,42,mixed_or_bearish,49.58,0.9705,0.11,-0.02950000,0.02179406,0.23599083,0.27613412,4H RSI 位于健康强势区间,4H EMA 转弱或跌破 EMA26；4H MACD 尚未确认多头
1805,KOD,KODIAK SCIENCES,Health Care,Prism,Russell,1783,10.57,39.13,19.65,13.44,50.0,29.15,28.5,,,,,,22.2,39.69,,22,confirmed_bearish_trend,42,mixed_or_bearish,28.92,33.970001,0.14,-0.01834992,-0.08584497,-0.21673964,-0.15623441,,4H EMA 空头排列；4H MACD 尚未确认多头；4H RSI 偏弱
1806,RXRX,RECURSION PHARMACEUTICALS CLASS A,Health Care,Prism,Russell,1078,10.56,40.5,29.3,64.44,50.0,35.23,35.25,,,,,,39.37,43.12,,41,bearish_transition,28,fresh_bearish_cross,43.59,3.2599,0.23,-0.06593123,-0.02398204,-0.00914894,0.06881967,,4H EMA 转弱或跌破 EMA26；4H MACD 最近死叉
1807,ORGO,ORGANOGENESIS HOLDINGS CLASS A,Health Care,Prism,Russell,1560,10.48,39.78,43.7,27.19,50.0,33.47,33.3,,,,,,30.41,41.33,,22,confirmed_bearish_trend,58,bullish_above_signal,38.16,1.575,0.12,-0.01253918,-0.02777778,-0.15094340,-0.37820766,4H MACD 位于 Signal 上方,4H EMA 空头排列；4H RSI 偏弱
1808,PACB,PACIFIC BIOSCIENCES OF CALIFORNIA,Health Care,Prism,Russell,270,10.48,48.39,32.9,35.86,50.0,32.81,30.9,,,,,,53.64,45.98,,22,confirmed_bearish_trend,42,mixed_or_bearish,44.48,1.285,0.1,-0.02651515,0.00390625,0.12227074,-0.07220217,,4H EMA 空头排列；4H MACD 尚未确认多头
1809,LCTX,LINEAGE CELL THERAPEUTICS INC,Health Care,Prism,Russell,1196,10.45,40.37,32.9,54.44,50.0,29.15,28.5,,,,,,37.68,42.79,,22,confirmed_bearish_trend,42,mixed_or_bearish,38.19,1.04,0.15,-0.07964602,-0.04147465,-0.08370044,-0.02347418,,4H EMA 空头排列；4H MACD 尚未确认多头；4H RSI 偏弱
1810,PRME,PRIME MEDICINE,Health Care,Prism,Russell,356,10.43,41.37,32.9,51.92,50.0,37.79,38.1,,,,,,50.21,45.29,,38,bearish_transition,42,mixed_or_bearish,43.69,3.41,0.46,-0.04615385,-0.04695361,0.07570978,0.10177706,,4H EMA 转弱或跌破 EMA26；4H MACD 尚未确认多头
1811,DRUG,BRIGHT MINDS BIOSCIENCES,Health Care,Prism,Russell,1796,10.39,39.05,19.65,12.42,50.0,31.31,30.9,,,,,,21.29,39.51,,22,confirmed_bearish_trend,50,mixed_or_bearish,30.5,64.959999,0.11,-0.01396475,-0.07490746,-0.19603965,-0.09740172,4H MACD 柱体连续扩张,4H EMA 空头排列；4H MACD 尚未确认多头；4H RSI 偏弱
1812,NPWR,NET POWER CLASS A,Industrials,Prism,Russell,272,10.37,48.39,37.3,23.45,50.0,39.56,38.4,,,,,,58.62,45.97,,44,bearish_transition,28,fresh_bearish_cross,49.64,1.805,0.14,-0.06476684,0.03735632,0.14968153,0.25347222,4H RSI 位于健康强势区间,4H EMA 转弱或跌破 EMA26；4H MACD 最近死叉
1813,OABI,OMNIAB INC,Health Care,Prism,Russell,84,10.3,58.59,32.9,10.88,50.0,41.29,38.1,,,,,,68.65,48.98,,38,bearish_transition,42,mixed_or_bearish,41.87,3.99,0.25,-0.04316547,-0.10033822,0.17699115,1.03571429,,4H EMA 转弱或跌破 EMA26；4H MACD 尚未确认多头
1814,TARA,PROTARA THERAPEUTICS INC,Health Care,Prism,Russell,1097,10.3,40.48,29.3,62.75,50.0,27.53,26.7,,,,,,39.12,43.07,,22,confirmed_bearish_trend,28,fresh_bearish_cross,44.33,3.8659,0.14,-0.01756036,-0.01127877,-0.06167476,-0.02129114,,4H EMA 空头排列；4H MACD 最近死叉
1815,HUBG,HUB GROUP CLASS A,Industrials,Prism,Russell,1848,10.08,38.6,19.65,11.39,50.0,29.15,28.5,,,,,,20.66,38.38,,22,confirmed_bearish_trend,42,mixed_or_bearish,30.84,35.740002,0.21,-0.02376397,-0.05897836,-0.24567325,-0.25073373,,4H EMA 空头排列；4H MACD 尚未确认多头；4H RSI 偏弱
1816,DNUT,KRISPY KREME,Consumer Discretionary,Prism,Russell,580,9.99,40.99,32.9,49.87,50.0,29.15,28.5,,,,,,50.5,44.35,,22,confirmed_bearish_trend,42,mixed_or_bearish,38.69,3.225,0.09,-0.02420575,-0.03731343,0.02218700,-0.01225115,,4H EMA 空头排列；4H MACD 尚未确认多头；4H RSI 偏弱
1817,TDUP,THREDUP CLASS A,Consumer Discretionary,Prism,Russell,1740,9.89,39.31,43.7,24.32,50.0,42.52,43.35,,,,,,29.45,40.14,,39,bearish_transition,58,bullish_above_signal,42.92,2.715,0.19,0.00742115,0.07738095,-0.15944272,-0.53865760,4H MACD 位于 Signal 上方,4H EMA 转弱或跌破 EMA26
1818,PTLO,PORTILLO S INC CLASS A,Consumer Discretionary,Prism,Russell,1335,9.86,40.16,25.9,69.63,50.0,29.15,28.5,,,,,,40.12,42.27,,22,confirmed_bearish_trend,42,mixed_or_bearish,34.19,4.17,0.3,-0.05762712,-0.05656109,-0.07333333,-0.10897436,,4H EMA 空头排列；4H MACD 尚未确认多头；4H RSI 偏弱
1819,LZM,LIFEZONE METALS LTD,Materials,Prism,Russell,1497,9.77,39.91,32.9,50.95,50.0,37.79,38.1,,,,,,36.98,41.65,,38,bearish_transition,42,mixed_or_bearish,42.62,4.05,0.07,-0.03800475,-0.05594406,-0.00123305,0.26562500,,4H EMA 转弱或跌破 EMA26；4H MACD 尚未确认多头
1820,CABA,CABALETTA BIO,Health Care,Prism,Russell,337,9.77,41.42,32.9,47.41,50.0,35.63,35.7,,,,,,50.84,45.42,,38,bearish_transition,42,mixed_or_bearish,38.46,2.98,0.43,-0.11309524,-0.09833585,0.06618962,0.09357798,,4H EMA 转弱或跌破 EMA26；4H MACD 尚未确认多头；4H RSI 偏弱
1821,CXM,SPRINKLR CLASS A,Information Technology,Prism,Russell,1865,9.75,38.47,19.65,9.49,50.0,31.31,30.9,,,,,,18.96,38.04,,22,confirmed_bearish_trend,50,mixed_or_bearish,21.42,5.395,0.15,-0.02352941,-0.29013158,-0.22150072,-0.14365079,4H MACD 柱体连续扩张,4H EMA 空头排列；4H MACD 尚未确认多头；4H RSI 偏弱
1822,DYN,DYNE THERAPEUTICS,Health Care,Prism,Russell,1829,9.74,38.81,19.65,8.62,50.0,29.15,28.5,,,,,,18.24,38.9,,22,confirmed_bearish_trend,42,mixed_or_bearish,14.76,19.475,0.27,-0.06189788,-0.22441262,-0.26509434,-0.24777904,,4H EMA 空头排列；4H MACD 尚未确认多头；4H RSI 偏弱
1823,EGAN,EGAIN CORP,Information Technology,Prism,Russell,1871,9.65,38.44,19.65,8.93,50.0,29.15,28.5,,,,,,18.62,37.97,,22,confirmed_bearish_trend,42,mixed_or_bearish,17.19,5.165,0.27,-0.00768492,-0.29439891,-0.30296896,-0.25253256,,4H EMA 空头排列；4H MACD 尚未确认多头；4H RSI 偏弱
1824,BLMN,BLOOMIN BRANDS INC,Consumer Discretionary,Prism,Russell,1874,9.58,38.41,19.65,8.52,50.0,29.15,28.5,,,,,,18.22,37.89,,22,confirmed_bearish_trend,42,mixed_or_bearish,31.21,9.03,0.3,-0.06859206,-0.07241911,-0.18020881,0.04938989,,4H EMA 空头排列；4H MACD 尚未确认多头；4H RSI 偏弱
1825,HLMN,HILLMAN SOLUTIONS,Industrials,Prism,Russell,1816,9.39,38.96,16.05,15.6,50.0,25.37,24.3,,,,,,25.08,39.27,,22,confirmed_bearish_trend,28,fresh_bearish_cross,28.22,7.225,0.21,-0.05431937,-0.01162791,-0.20385675,-0.11458333,,4H EMA 空头排列；4H MACD 最近死叉；4H RSI 偏弱
1826,ABOS,ACUMEN PHARMACEUTICALS INC,Health Care,Prism,Russell,106,9.25,49.3,37.3,13.85,50.0,37.94,36.6,,,,,,64.95,48.24,,44,bearish_transition,28,fresh_bearish_cross,47.53,2.945,0.18,-0.09384615,0.00856164,0.21193416,0.29166667,,4H EMA 转弱或跌破 EMA26；4H MACD 最近死叉
1827,RDZN,ROADZEN INC,Information Technology,Prism,Russell,1369,9.23,40.11,25.9,65.57,50.0,31.31,30.9,,,,,,39.5,42.15,,22,confirmed_bearish_trend,50,mixed_or_bearish,37.29,1.285,0.07,0.00665883,-0.07620417,0.00000000,0.01984127,4H MACD 柱体连续扩张,4H EMA 空头排列；4H MACD 尚未确认多头；4H RSI 偏弱
1828,WVE,WAVE LIFE SCIENCES INC,Health Care,Prism,Russell,1675,9.09,39.49,43.7,18.57,50.0,35.63,35.7,,,,,,26.77,40.6,,22,confirmed_bearish_trend,58,bullish_above_signal,40.04,4.785,0.17,-0.03039514,-0.03625378,-0.20974401,-0.18622449,4H MACD 位于 Signal 上方,4H EMA 空头排列
1829,ARRY,ARRAY TECHNOLOGIES INC,Industrials,Prism,Russell,1784,9.05,39.12,43.7,19.19,50.0,36.84,37.05,,,,,,27.15,39.68,,25,confirmed_bearish_trend,58,bullish_above_signal,40.31,4.415,0.22,-0.09062822,0.01611047,-0.16933208,-0.13516161,4H MACD 位于 Signal 上方,4H EMA 空头排列
1830,VYGR,VOYAGER THERAPEUTICS,Health Care,Prism,Russell,308,8.89,41.5,32.9,41.35,50.0,37.79,38.1,,,,,,51.9,45.63,,38,bearish_transition,42,mixed_or_bearish,41.95,3.265,0.32,-0.05499276,-0.04532164,0.02672956,0.07401316,,4H EMA 转弱或跌破 EMA26；4H MACD 尚未确认多头
1831,TBBK,BANCORP INC,Financials,Prism,Russell,1839,8.88,38.67,16.05,12.83,50.0,26.9,26.0,,,,,,21.54,38.56,,22,confirmed_bearish_trend,28,fresh_bearish_cross,17.04,50.625,1.53,-0.20873711,-0.21377542,-0.26619798,-0.26395754,,4H EMA 空头排列；4H MACD 最近死叉；4H RSI 偏弱
1832,THRY,THRYV HOLDINGS INC,Information Technology,Prism,Russell,1791,8.85,39.07,43.7,17.96,50.0,36.84,37.05,,,,,,26.45,39.54,,25,confirmed_bearish_trend,58,bullish_above_signal,40.35,1.875,0.16,-0.05063291,0.04748603,-0.13182386,-0.54819277,4H MACD 位于 Signal 上方,4H EMA 空头排列
1833,SRZN,SURROZEN,Health Care,Prism,Russell,1890,8.85,38.23,19.65,4.1,50.0,29.15,28.5,,,,,,10.94,37.44,,22,confirmed_bearish_trend,42,mixed_or_bearish,29.21,19.209999,0.32,-0.14489210,-0.13312279,-0.23920796,-0.00129982,,4H EMA 空头排列；4H MACD 尚未确认多头；4H RSI 偏弱
1834,RXT,RACKSPACE TECHNOLOGY INC,Information Technology,Prism,Russell,1942,8.77,36.95,51.7,1.03,50.0,42.52,43.35,,,,,,0.0,34.25,,39,bearish_transition,58,bullish_above_signal,46.84,3.255,0.2,0.01560062,0.07781457,-0.30818278,-0.14901961,4H MACD 位于 Signal 上方,4H EMA 转弱或跌破 EMA26
1835,VERI,VERITONE INC,Information Technology,Prism,Russell,1943,8.77,36.95,51.7,1.03,50.0,38.06,38.4,,,,,,0.0,34.25,,28,confirmed_bearish_trend,58,bullish_above_signal,45.06,0.8521,0.16,-0.10390157,0.08561600,-0.40620209,-0.18067308,4H MACD 位于 Signal 上方,4H EMA 空头排列
1836,ALXO,ALX ONCOLOGY HOLDINGS INC,Health Care,Prism,Russell,1218,8.77,40.34,29.3,52.85,50.0,27.53,26.7,,,,,,37.37,42.72,,22,confirmed_bearish_trend,28,fresh_bearish_cross,42.06,1.925,0.43,-0.03990025,-0.03266332,-0.06326034,-0.02777778,,4H EMA 空头排列；4H MACD 最近死叉
1837,KRMD,KORU MEDICAL SYSTEMS INC,Health Care,Prism,Russell,984,8.76,40.57,22.3,70.96,50.0,25.37,24.3,,,,,,40.27,43.3,,22,confirmed_bearish_trend,28,fresh_bearish_cross,36.82,3.15,0.27,0.00318471,-0.04255319,-0.07352941,-0.21250000,,4H EMA 空头排列；4H MACD 最近死叉；4H RSI 偏弱
1838,FBYD,FALCON S BEYOND GLOBAL INC CLASS A,Industrials,Prism,Russell,1915,8.65,37.79,19.65,3.8,50.0,31.31,30.9,,,,,,10.43,36.34,,22,confirmed_bearish_trend,50,mixed_or_bearish,27.05,7.575,0.27,-0.06826568,0.00865513,-0.21011470,-0.27511962,4H MACD 柱体连续扩张,4H EMA 空头排列；4H MACD 尚未确认多头；4H RSI 偏弱
1839,TTAN,SERVICETITAN CLASS A,Information Technology,Prism,Russell,1918,8.56,37.65,19.65,3.49,50.0,29.87,29.3,,,,,,8.75,36.0,,22,confirmed_bearish_trend,42,mixed_or_bearish,16.22,57.161999,0.9,-0.31746867,-0.40106876,-0.34167917,-0.27033442,,4H EMA 空头排列；4H MACD 尚未确认多头；4H RSI 偏弱
1840,CNDT,CONDUENT,Industrials,Prism,Russell,577,8.49,40.99,29.3,49.51,50.0,34.01,33.9,,,,,,50.53,44.36,,38,bearish_transition,28,fresh_bearish_cross,42.95,1.66,0.14,-0.01483680,-0.08287293,0.07096774,0.02469136,,4H EMA 转弱或跌破 EMA26；4H MACD 最近死叉
1841,BNAI,BRAND ENGAGEMENT NETWORK INC,Information Technology,Prism,Russell,1924,8.4,37.45,19.65,2.87,50.0,31.31,30.9,,,,,,6.29,35.51,,22,confirmed_bearish_trend,50,mixed_or_bearish,26.12,10.5301,0.04,-0.01403558,-0.06065120,-0.25238907,-0.14701499,4H MACD 柱体连续扩张,4H EMA 空头排列；4H MACD 尚未确认多头；4H RSI 偏弱
1842,STRO,SUTRO BIOPHARMA INC,Health Care,Prism,Russell,1921,8.39,37.61,19.65,2.46,50.0,29.15,28.5,,,,,,3.27,35.9,,22,confirmed_bearish_trend,42,mixed_or_bearish,30.37,18.34,0.21,-0.05755391,-0.12206793,-0.28106625,-0.22778947,,4H EMA 空头排列；4H MACD 尚未确认多头；4H RSI 偏弱
1843,PLTK,PLAYTIKA HOLDING CORP,Communication,Prism,Russell,1822,8.31,38.88,43.7,14.78,50.0,44.68,45.75,,,,,,24.15,39.08,,39,bearish_transition,66,bullish_above_signal,40.74,2.265,0.31,0.02027027,0.03189066,-0.19251337,-0.43161857,4H MACD 位于 Signal 上方；4H MACD 柱体连续扩张,4H EMA 转弱或跌破 EMA26
1844,EVCM,EVERCOMMERCE INC,Information Technology,Prism,Russell,1932,8.19,37.12,19.65,2.26,50.0,29.15,28.5,,,,,,2.17,34.68,,22,confirmed_bearish_trend,42,mixed_or_bearish,18.62,6.83,0.26,-0.03326256,-0.15260546,-0.32973503,-0.42845188,,4H EMA 空头排列；4H MACD 尚未确认多头；4H RSI 偏弱
1845,JBI,JANUS INTERNATIONAL GROUP,Industrials,Prism,Russell,1510,8.16,39.87,29.3,49.87,50.0,25.37,24.3,,,,,,36.55,41.56,,22,confirmed_bearish_trend,28,fresh_bearish_cross,38.32,4.755,0.18,-0.04900000,0.01820128,-0.11369991,-0.11452514,,4H EMA 空头排列；4H MACD 最近死叉；4H RSI 偏弱
1846,ALMS,ALUMIS,Health Care,Prism,Russell,1925,8.09,37.35,19.65,1.03,50.0,31.31,30.9,,,,,,0.0,35.25,,22,confirmed_bearish_trend,50,mixed_or_bearish,21.7,9.95,0.25,-0.04556355,0.05402542,-0.63844477,-0.63189051,4H MACD 柱体连续扩张,4H EMA 空头排列；4H MACD 尚未确认多头；4H RSI 偏弱
1847,RARE,ULTRAGENYX PHARMACEUTICAL,Health Care,Prism,Russell,1927,8.09,37.35,19.65,1.03,50.0,31.31,30.9,,,,,,0.0,35.25,,22,confirmed_bearish_trend,50,mixed_or_bearish,20.57,14.7416,0.12,-0.00629592,-0.42884151,-0.45014545,-0.43257891,4H MACD 柱体连续扩张,4H EMA 空头排列；4H MACD 尚未确认多头；4H RSI 偏弱
1848,LFCR,LIFECORE BIOMEDICAL,Health Care,Prism,Russell,1168,8.02,40.4,25.9,56.8,50.0,29.15,28.5,,,,,,38.1,42.87,,22,confirmed_bearish_trend,42,mixed_or_bearish,36.42,4.15,0.18,-0.04816514,-0.05034325,-0.10944206,-0.05466970,,4H EMA 空头排列；4H MACD 尚未确认多头；4H RSI 偏弱
1849,BHR,BRAEMAR HOTELS RESORTS INC,Real Estate,Prism,Russell,1446,8.0,40.01,25.9,57.57,50.0,31.31,30.9,,,,,,38.18,41.89,,22,confirmed_bearish_trend,50,mixed_or_bearish,35.63,1.86,0.15,-0.01587302,-0.04123711,-0.08374384,-0.20512821,4H MACD 柱体连续扩张,4H EMA 空头排列；4H MACD 尚未确认多头；4H RSI 偏弱
1850,ORMP,ORAMED PHARMACEUTICALS INC,Health Care,Prism,Russell,137,7.95,49.08,32.9,17.44,50.0,39.29,38.1,,,,,,62.27,47.7,,38,bearish_transition,42,mixed_or_bearish,42.4,4.745,0.46,-0.04718876,-0.02063983,0.12976190,0.13788969,,4H EMA 转弱或跌破 EMA26；4H MACD 尚未确认多头
1851,BORR,BORR DRILLING,Energy,Prism,Russell,415,7.95,41.25,32.9,35.71,50.0,37.7,38.0,,,,,,53.68,44.99,,36,bearish_transition,42,mixed_or_bearish,41.86,4.315,0.63,-0.03683036,-0.06399132,0.03477218,0.10783055,,4H EMA 转弱或跌破 EMA26；4H MACD 尚未确认多头
1852,DMRC,DIGIMARC,Information Technology,Prism,Russell,1938,7.95,36.95,19.65,1.03,50.0,31.31,30.9,,,,,,0.0,34.25,,22,confirmed_bearish_trend,50,mixed_or_bearish,31.98,5.145,0.23,-0.04898336,-0.07263879,-0.31536926,-0.20846154,4H MACD 柱体连续扩张,4H EMA 空头排列；4H MACD 尚未确认多头；4H RSI 偏弱
1853,TYGO,TIGO ENERGY,Industrials,Prism,Russell,1689,7.94,39.45,36.7,29.66,50.0,33.47,33.3,,,,,,31.31,40.51,,22,confirmed_bearish_trend,58,bullish_above_signal,36.35,1.048,0.19,-0.03410138,-0.01141402,-0.11932773,-0.34500000,4H MACD 位于 Signal 上方,4H EMA 空头排列；4H RSI 偏弱
1854,CDXS,CODEXIS,Health Care,Prism,Russell,1406,7.94,40.06,32.9,38.38,50.0,31.31,30.9,,,,,,33.89,42.03,,22,confirmed_bearish_trend,50,mixed_or_bearish,39.01,1.435,0.23,-0.02711864,-0.04460719,-0.04333333,-0.04333333,4H MACD 柱体连续扩张,4H EMA 空头排列；4H MACD 尚未确认多头；4H RSI 偏弱
1855,RC,READY CAPITAL CORP,Financials,Prism,Russell,1602,7.93,39.69,32.9,39.2,50.0,34.82,34.8,,,,,,34.21,41.09,,36,bearish_transition,42,mixed_or_bearish,38.39,1.67,0.1,-0.02906977,-0.01183432,-0.09729730,0.14776632,,4H EMA 转弱或跌破 EMA26；4H MACD 尚未确认多头；4H RSI 偏弱
1856,GOGO,GOGO,Communication,Prism,Russell,1849,7.68,38.6,43.7,11.29,50.0,36.84,37.05,,,,,,20.6,38.37,,25,confirmed_bearish_trend,58,bullish_above_signal,44.86,2.64,0.14,-0.05714286,0.03326810,-0.16850394,-0.35214724,4H MACD 位于 Signal 上方,4H EMA 空头排列
1857,TLS,TELOS CORPORATION CORP,Information Technology,Prism,Russell,180,7.53,48.8,32.9,15.29,50.0,39.29,38.1,,,,,,63.72,46.99,,38,bearish_transition,42,mixed_or_bearish,44.55,4.54,0.16,-0.03506908,-0.03609342,0.12655087,-0.01196953,,4H EMA 转弱或跌破 EMA26；4H MACD 尚未确认多头
1858,ATOM,ATOMERA INC,Information Technology,Prism,Russell,1860,7.47,38.51,43.7,10.06,50.0,44.68,45.75,,,,,,19.51,38.15,,39,bearish_transition,66,bullish_above_signal,42.18,4.165,0.13,-0.01768868,0.05710660,-0.22583643,-0.13678756,4H MACD 位于 Signal 上方；4H MACD 柱体连续扩张,4H EMA 转弱或跌破 EMA26
1859,EVLV,EVOLV TECHNOLOGIES HOLDINGS CLASS,Information Technology,Prism,Russell,1720,7.43,39.37,36.7,26.48,50.0,33.47,33.3,,,,,,30.26,40.3,,22,confirmed_bearish_trend,58,bullish_above_signal,35.29,4.94,0.22,-0.02851524,-0.02371542,-0.15771526,-0.11706881,4H MACD 位于 Signal 上方,4H EMA 空头排列；4H RSI 偏弱
1860,LVWR,LIVEWIRE GROUP,Consumer Discretionary,Prism,Russell,1733,7.43,39.34,37.3,24.94,50.0,27.53,26.7,,,,,,29.86,40.22,,22,confirmed_bearish_trend,28,fresh_bearish_cross,45.0,1.16,0.05,-0.06451613,0.02202643,-0.01276596,-0.40966921,,4H EMA 空头排列；4H MACD 最近死叉
1861,ASPN,ASPEN AEROGELS,Materials,Prism,Russell,1868,7.33,38.46,43.7,9.24,50.0,36.84,37.05,,,,,,18.89,38.03,,25,confirmed_bearish_trend,58,bullish_above_signal,42.64,4.895,0.18,-0.01903808,0.00927835,-0.22178060,0.11250000,4H MACD 位于 Signal 上方,4H EMA 空头排列
1862,ZENA,ZENATECH INC,Information Technology,Prism,Russell,1640,7.29,39.58,32.9,35.2,50.0,36.98,37.2,,,,,,32.91,40.83,,36,bearish_transition,42,mixed_or_bearish,42.12,1.645,0.22,-0.06000000,-0.02077505,-0.03519062,0.27519380,,4H EMA 转弱或跌破 EMA26；4H MACD 尚未确认多头
1863,UA,UNDER ARMOUR INC CLASS C,Consumer Discretionary,Prism,Russell,1736,7.14,39.32,36.7,24.63,50.0,33.47,33.3,,,,,,29.59,40.17,,22,confirmed_bearish_trend,58,bullish_above_signal,36.37,4.85,0.2,-0.02704221,0.01147028,-0.14537445,-0.30416069,4H MACD 位于 Signal 上方,4H EMA 空头排列；4H RSI 偏弱
1864,HTZ,HERTZ GLOBAL HLDGS INC,Industrials,Prism,Russell,1570,7.08,39.75,29.3,43.0,50.0,27.53,26.7,,,,,,34.98,41.25,,22,confirmed_bearish_trend,28,fresh_bearish_cross,43.66,2.08,0.14,-0.06094808,-0.07142857,-0.01882164,0.17847025,,4H EMA 空头排列；4H MACD 最近死叉
1865,UAA,UNDER ARMOUR INC CLASS A,Consumer Discretionary,Prism,Russell,1749,6.94,39.27,36.7,23.4,50.0,33.47,33.3,,,,,,29.03,40.06,,22,confirmed_bearish_trend,58,bullish_above_signal,37.97,4.985,0.16,-0.02158979,0.01218274,-0.14931741,-0.30084151,4H MACD 位于 Signal 上方,4H EMA 空头排列；4H RSI 偏弱
1866,ZSQR,Z SQUARED INC,Information Technology,Prism,Russell,1930,6.89,37.34,46.1,2.57,50.0,37.25,37.5,,,,,,4.88,35.23,,22,confirmed_bearish_trend,72,fresh_below_zero_cross,38.48,3.08,0.12,-0.01910828,0.05841924,-0.21227621,-0.36231884,4H MACD 刚金叉但仍需零轴确认；4H MACD 柱体连续扩张,4H EMA 空头排列；4H RSI 偏弱
1867,TOYO,TOYO LTD,Information Technology,Prism,Russell,1887,6.89,38.23,43.7,6.88,50.0,36.84,37.05,,,,,,16.07,37.46,,25,confirmed_bearish_trend,58,bullish_above_signal,41.28,4.355,0.07,-0.03222222,0.04687500,-0.18445693,-0.05939525,4H MACD 位于 Signal 上方,4H EMA 空头排列
1868,GTM,ZOOMINFO TECHNOLOGIES,Communication,Prism,Russell,1667,6.85,39.51,32.9,32.38,50.0,34.82,34.8,,,,,,32.03,40.66,,36,bearish_transition,42,mixed_or_bearish,38.56,3.725,0.4,-0.03372244,-0.09806295,-0.11938534,0.13914373,,4H EMA 转弱或跌破 EMA26；4H MACD 尚未确认多头；4H RSI 偏弱
1869,SABS,SAB BIOTHERAPEUTICS INC,Health Care,Prism,Russell,1272,6.81,40.26,25.9,49.05,50.0,29.15,28.5,,,,,,36.37,42.52,,22,confirmed_bearish_trend,42,mixed_or_bearish,34.24,3.54,0.14,-0.04966443,-0.04194858,-0.06472919,0.02400926,,4H EMA 空头排列；4H MACD 尚未确认多头；4H RSI 偏弱
1870,CVRX,CVRX,Health Care,Prism,Russell,147,6.77,48.96,29.3,19.39,50.0,26.87,24.3,,,,,,60.79,47.41,,22,confirmed_bearish_trend,28,fresh_bearish_cross,38.8,2.78,0.05,-0.01766784,-0.07947020,0.17796610,-0.43951613,,4H EMA 空头排列；4H MACD 最近死叉；4H RSI 偏弱
1871,IHRT,IHEARTMEDIA CLASS A,Communication,Prism,Russell,1902,6.56,37.95,43.7,5.34,50.0,33.47,33.3,,,,,,12.47,36.74,,22,confirmed_bearish_trend,58,bullish_above_signal,39.0,2.65,0.2,-0.02752294,-0.02033272,-0.27792916,-0.25352113,4H MACD 位于 Signal 上方,4H EMA 空头排列；4H RSI 偏弱
1872,ENVX,ENOVIX,Industrials,Prism,Russell,1913,6.35,37.83,43.7,4.21,50.0,33.47,33.3,,,,,,10.98,36.45,,22,confirmed_bearish_trend,58,bullish_above_signal,38.98,3.225,0.49,-0.07996462,-0.03587444,-0.30495690,-0.18765743,4H MACD 位于 Signal 上方,4H EMA 空头排列；4H RSI 偏弱
1873,SERV,SERVE ROBOTICS,Consumer Discretionary,Prism,Russell,1616,6.25,39.65,29.3,37.71,50.0,27.53,26.7,,,,,,33.73,41.0,,22,confirmed_bearish_trend,28,fresh_bearish_cross,42.67,4.71,0.24,-0.04944501,0.00319489,-0.03975535,0.00319489,,4H EMA 空头排列；4H MACD 最近死叉
1874,NB,NIOCORP DEVELOPMENTS,Materials,Prism,Russell,1920,6.14,37.61,43.7,3.28,50.0,33.47,33.3,,,,,,8.28,35.91,,22,confirmed_bearish_trend,58,bullish_above_signal,39.81,4.06,0.12,-0.03905325,0.01530459,-0.25367647,0.00869565,4H MACD 位于 Signal 上方,4H EMA 空头排列；4H RSI 偏弱
1875,COTY,COTY INC CLASS A,Consumer Staples,Prism,Russell,1568,5.97,39.75,32.9,25.96,50.0,36.98,37.2,,,,,,30.04,41.26,,36,bearish_transition,42,mixed_or_bearish,40.89,2.68,0.18,-0.02010969,-0.06129597,-0.06129597,-0.03597122,,4H EMA 转弱或跌破 EMA26；4H MACD 尚未确认多头
1876,CURI,CURIOSITYSTREAM INC CLASS A,Communication,Prism,Russell,1654,5.63,39.55,29.3,33.76,50.0,27.53,26.7,,,,,,32.5,40.75,,22,confirmed_bearish_trend,28,fresh_bearish_cross,41.6,2.615,0.09,-0.01691729,-0.06440072,-0.06607143,0.06691146,,4H EMA 空头排列；4H MACD 最近死叉
1877,BZAI,BLAIZE HOLDINGS INC,Information Technology,Prism,Russell,1936,5.57,36.95,43.7,1.03,50.0,43.46,44.4,,,,,,0.0,34.25,,36,bearish_transition,66,bullish_above_signal,43.37,0.4932,0.18,0.04314721,0.08015769,-0.52116505,-0.42843898,4H MACD 位于 Signal 上方；4H MACD 柱体连续扩张,4H EMA 转弱或跌破 EMA26
1878,LENZ,LENZ THERAPEUTICS,Health Care,Prism,Russell,1494,5.55,39.91,29.3,32.38,50.0,35.23,35.25,,,,,,32.03,41.66,,41,bearish_transition,28,fresh_bearish_cross,42.95,4.9888,0.37,-0.10834674,-0.04611855,-0.06838469,-0.15300509,,4H EMA 转弱或跌破 EMA26；4H MACD 最近死叉
1879,STXS,STEREOTAXIS INC,Health Care,Prism,Russell,1382,5.4,40.1,25.9,40.02,50.0,29.15,28.5,,,,,,34.37,42.12,,22,confirmed_bearish_trend,42,mixed_or_bearish,34.47,1.305,0.12,-0.01879699,-0.04044118,-0.09688581,0.01953125,,4H EMA 空头排列；4H MACD 尚未确认多头；4H RSI 偏弱
1880,EVEX,EVE HOLDING,Industrials,Prism,Russell,1857,4.72,38.53,36.7,10.36,50.0,33.47,33.3,,,,,,19.72,38.19,,22,confirmed_bearish_trend,58,bullish_above_signal,36.33,2.18,0.26,-0.04803493,-0.01357466,-0.23374341,-0.11020408,4H MACD 位于 Signal 上方,4H EMA 空头排列；4H RSI 偏弱
1881,KLTR,KALTURA INC,Information Technology,Prism,Russell,1641,4.48,39.58,25.9,35.09,50.0,29.15,28.5,,,,,,32.84,40.82,,22,confirmed_bearish_trend,42,mixed_or_bearish,35.21,1.475,0.09,-0.01006711,-0.03908795,-0.10334347,0.02430556,,4H EMA 空头排列；4H MACD 尚未确认多头；4H RSI 偏弱
1882,SIDU,SIDUS SPACE INC CLASS A,Industrials,Prism,Russell,1798,4.43,39.04,32.9,17.34,50.0,33.47,33.3,,,,,,26.16,39.48,,22,confirmed_bearish_trend,50,mixed_or_bearish,40.53,2.1,0.14,-0.01176471,-0.01639344,-0.09871245,0.18309859,4H MACD 柱体连续扩张,4H EMA 空头排列；4H MACD 尚未确认多头
1883,BBAI,BIGBEAR.AI HOLDINGS,Information Technology,Prism,Russell,1657,4.23,39.55,25.9,33.56,50.0,29.15,28.5,,,,,,32.44,40.74,,22,confirmed_bearish_trend,42,mixed_or_bearish,35.33,2.865,0.14,-0.02716469,-0.02881356,-0.11437403,0.03429603,,4H EMA 空头排列；4H MACD 尚未确认多头；4H RSI 偏弱
1884,CNTX,CONTEXT THERAPEUTICS INC,Health Care,Prism,Russell,1852,4.12,38.57,36.7,6.26,50.0,35.63,35.7,,,,,,15.27,38.3,,22,confirmed_bearish_trend,66,bullish_above_signal,35.51,0.3715,0.06,0.00000000,0.02004393,-0.17864249,-0.37119160,4H MACD 位于 Signal 上方；4H MACD 柱体连续扩张,4H EMA 空头排列；4H RSI 偏弱
1885,AIRJ,AIRJOULE TECHNOLOGIES CLASS A,Industrials,Prism,Russell,1888,4.08,38.23,36.7,6.77,50.0,34.69,34.65,,,,,,16.06,37.46,,25,confirmed_bearish_trend,58,bullish_above_signal,35.45,4.455,0.16,-0.03362256,0.01945080,-0.25000000,0.02886836,4H MACD 位于 Signal 上方,4H EMA 空头排列；4H RSI 偏弱
1886,ACH,ACCENDRA HEALTH,Health Care,Prism,Russell,1893,3.63,38.19,36.7,3.9,50.0,33.47,33.3,,,,,,10.46,37.34,,22,confirmed_bearish_trend,58,bullish_above_signal,34.51,1.075,0.07,-0.04444444,-0.07327586,-0.22939068,-0.66872111,4H MACD 位于 Signal 上方,4H EMA 空头排列；4H RSI 偏弱
1887,TLSI,TRISALUS LF SC CM A,Health Care,Prism,Russell,1805,3.57,39.01,32.9,11.7,50.0,36.98,37.2,,,,,,20.72,39.39,,36,bearish_transition,42,mixed_or_bearish,40.72,4.78,0.1,0.01164021,-0.07543520,-0.14183124,0.10648148,,4H EMA 转弱或跌破 EMA26；4H MACD 尚未确认多头
1888,RMNI,RIMINI STREET INC,Information Technology,Prism,Russell,1079,3.53,40.5,19.65,96.66,50.0,34.82,34.8,,,,,,44.35,43.12,,36,bearish_transition,42,mixed_or_bearish,30.73,4.62,0.18,-0.01910828,-0.11324376,-0.05810398,-0.05521472,,4H EMA 转弱或跌破 EMA26；4H MACD 尚未确认多头；4H RSI 偏弱
1889,LXRX,LEXICON PHARMACEUTICALS,Health Care,Prism,Russell,1433,3.34,40.02,22.3,36.12,50.0,25.37,24.3,,,,,,33.35,41.92,,22,confirmed_bearish_trend,28,fresh_bearish_cross,34.48,2.155,0.31,-0.04222222,-0.01146789,-0.10020877,-0.07708779,,4H EMA 空头排列；4H MACD 最近死叉；4H RSI 偏弱
1890,LODE,COMSTOCK INC,Energy,Prism,Russell,1708,3.32,39.4,25.9,27.81,50.0,31.31,30.9,,,,,,30.59,40.37,,22,confirmed_bearish_trend,50,mixed_or_bearish,34.65,3.035,0.12,-0.01300813,-0.07750760,-0.06615385,0.06866197,4H MACD 柱体连续扩张,4H EMA 空头排列；4H MACD 尚未确认多头；4H RSI 偏弱
1891,VENU,VENU HOLDING CORP,Consumer Discretionary,Prism,Russell,1786,3.22,39.1,29.3,18.78,50.0,27.53,26.7,,,,,,26.83,39.62,,22,confirmed_bearish_trend,28,fresh_bearish_cross,42.91,1.835,0.09,-0.06377551,-0.02133333,-0.09605911,-0.19868996,,4H EMA 空头排列；4H MACD 最近死叉
1892,KLC,KINDERCARE LEARNING COMPANIES INC,Consumer Discretionary,Prism,Russell,1948,2.77,36.95,36.7,1.03,50.0,33.47,33.3,,,,,,0.0,34.25,,22,confirmed_bearish_trend,58,bullish_above_signal,36.94,2.555,0.24,-0.01919386,0.02610442,-0.49305556,-0.51609848,4H MACD 位于 Signal 上方,4H EMA 空头排列；4H RSI 偏弱
1893,JRVR,JAMES RIVER GROUP HOLDINGS INC,Financials,Prism,Russell,1659,2.76,39.54,22.3,33.35,50.0,25.37,24.3,,,,,,32.36,40.72,,22,confirmed_bearish_trend,28,fresh_bearish_cross,37.48,3.955,0.21,-0.02586207,-0.01371571,-0.12500000,-0.17518248,,4H EMA 空头排列；4H MACD 最近死叉；4H RSI 偏弱
1894,ONL,ORION PROPERTIES,Real Estate,Prism,Russell,1293,2.57,40.22,25.9,74.19,50.0,31.31,30.9,,,,,,40.91,42.43,,22,confirmed_bearish_trend,50,mixed_or_bearish,33.99,2.64,0.02,-0.01308411,-0.05206463,-0.04174229,0.00763359,4H MACD 柱体连续扩张,4H EMA 空头排列；4H MACD 尚未确认多头；4H RSI 偏弱
1895,INDI,INDIE SEMICONDUCTOR INC CLASS A,Information Technology,Prism,Russell,1793,1.69,39.06,25.9,17.75,50.0,29.15,28.5,,,,,,26.34,39.52,,22,confirmed_bearish_trend,42,mixed_or_bearish,34.64,3.315,0.46,-0.10162602,-0.06355932,-0.11032984,0.03432137,,4H EMA 空头排列；4H MACD 尚未确认多头；4H RSI 偏弱
1896,AREC,AMERICAN RESOURCES CORP CLASS A,Energy,Prism,Russell,1869,1.55,38.45,29.3,9.13,50.0,33.2,33.0,,,,,,18.8,38.01,,36,bearish_transition,28,fresh_bearish_cross,42.57,2.37,0.11,-0.05389222,0.02819957,-0.16695958,0.36994220,,4H EMA 转弱或跌破 EMA26；4H MACD 最近死叉
1897,NERV,MINERVA NEUROSCIENCES INC,Health Care,Prism,Russell,1731,1.44,39.34,25.9,15.39,50.0,34.82,34.8,,,,,,24.91,40.23,,36,bearish_transition,42,mixed_or_bearish,34.95,4.19,0.1,-0.04118993,-0.06681514,-0.09503240,-0.02102804,,4H EMA 转弱或跌破 EMA26；4H MACD 尚未确认多头；4H RSI 偏弱
1898,ESRT,EMPIRE STATE REALTY REIT CLASS A,Real Estate,Prism,Russell,1142,1.06,40.43,16.05,89.89,50.0,26.09,25.1,,,,,,43.54,42.96,,22,confirmed_bearish_trend,28,fresh_bearish_cross,29.29,4.245,0.57,-0.03522727,-0.03522727,-0.08611410,-0.25066196,,4H EMA 空头排列；4H MACD 最近死叉；4H RSI 偏弱
1899,ALTI,ALTI GLOBAL INC CLASS A,Financials,Prism,Russell,1853,0.47,38.57,25.9,10.77,50.0,29.15,28.5,,,,,,20.18,38.29,,22,confirmed_bearish_trend,42,mixed_or_bearish,34.9,3.27,0.47,-0.03539823,-0.14643696,-0.23239437,-0.09793103,,4H EMA 空头排列；4H MACD 尚未确认多头；4H RSI 偏弱
1900,OCGN,OCUGEN,Health Care,Prism,Russell,1778,0,39.16,32.85,13.85,50.0,36.62,36.8,,,,,,22.58,39.77,,22,confirmed_bearish_trend,64,fresh_below_zero_cross,25.16,1.075,2.24,-0.19716206,-0.19776119,-0.17624521,-0.14000000,4H MACD 刚金叉但仍需零轴确认,4H EMA 空头排列；4H RSI 偏弱
1901,IMRX,IMMUNEERING CLASS A,Health Care,Prism,Russell,346,0,41.4,25.9,48.85,50.0,34.82,34.8,,,,,,50.64,45.38,,36,bearish_transition,42,mixed_or_bearish,33.75,4.61,0.28,-0.03858186,-0.04948454,0.01541850,0.08854782,,4H EMA 转弱或跌破 EMA26；4H MACD 尚未确认多头；4H RSI 偏弱
1902,SANA,SANA BIOTECHNOLOGY,Health Care,Prism,Russell,1610,0,39.67,19.65,23.04,50.0,34.82,34.8,,,,,,28.96,41.04,,36,bearish_transition,42,mixed_or_bearish,27.38,3.235,0.39,-0.12920592,-0.15755208,-0.10635359,-0.01820941,,4H EMA 转弱或跌破 EMA26；4H MACD 尚未确认多头；4H RSI 偏弱
1903,SMRT,SMARTRENT INC CLASS A,Information Technology,Prism,Russell,1647,0,39.57,19.65,34.48,50.0,34.82,34.8,,,,,,32.69,40.79,,36,bearish_transition,42,mixed_or_bearish,31.55,1.22,0.16,-0.05791506,-0.07224335,-0.09629630,0.22000000,,4H EMA 转弱或跌破 EMA26；4H MACD 尚未确认多头；4H RSI 偏弱
1904,WHWK,WHITEHAWK THERAPEUTICS,Health Care,Prism,Russell,1679,0,39.48,25.9,18.47,50.0,34.82,34.8,,,,,,26.65,40.58,,36,bearish_transition,42,mixed_or_bearish,33.29,4.216,0.18,-0.06518847,-0.09137931,-0.07340659,0.14877384,,4H EMA 转弱或跌破 EMA26；4H MACD 尚未确认多头；4H RSI 偏弱
1905,LFMD,LIFEMD INC,Health Care,Prism,Russell,1692,0,39.45,30.45,17.44,50.0,33.47,33.3,,,,,,26.19,40.49,,22,confirmed_bearish_trend,58,bullish_above_signal,29.74,2.955,0.44,-0.05136437,-0.04677419,-0.18482759,-0.23445596,4H MACD 位于 Signal 上方,4H EMA 空头排列；4H RSI 偏弱
1906,HYPR,HYPERFINE CLASS A,Health Care,Prism,Russell,1722,0,39.37,36.7,15.91,50.0,33.47,33.3,,,,,,25.19,40.29,,22,confirmed_bearish_trend,58,bullish_above_signal,32.63,0.7883,0.12,-0.04262813,-0.03085813,-0.17177979,-0.13912854,4H MACD 位于 Signal 上方,4H EMA 空头排列；4H RSI 偏弱
1907,OPEN,OPENDOOR TECHNOLOGIES CLASS A,Real Estate,Prism,Russell,1753,0,39.25,30.45,22.73,50.0,33.47,33.3,,,,,,28.81,40.01,,22,confirmed_bearish_trend,58,bullish_above_signal,31.1,3.015,0.19,-0.02741935,-0.01309329,-0.13237410,-0.23574144,4H MACD 位于 Signal 上方,4H EMA 空头排列；4H RSI 偏弱
1908,KPTI,KARYOPHARM THERAPEUTICS,Health Care,Prism,Russell,1794,0,39.05,36.7,12.52,50.0,33.47,33.3,,,,,,21.31,39.51,,22,confirmed_bearish_trend,58,bullish_above_signal,32.73,1.665,0.14,-0.02631579,-0.10242588,-0.14833760,-0.76449788,4H MACD 位于 Signal 上方,4H EMA 空头排列；4H RSI 偏弱
1909,FIP,FTAI INFRASTRUCTURE,Industrials,Prism,Russell,1862,0,38.49,30.45,9.85,50.0,33.47,33.3,,,,,,19.3,38.11,,22,confirmed_bearish_trend,58,bullish_above_signal,31.9,3.255,0.39,-0.06866953,-0.03412463,-0.24390244,-0.20220588,4H MACD 位于 Signal 上方,4H EMA 空头排列；4H RSI 偏弱
1910,JBLU,JETBLUE AIRWAYS,Industrials,Prism,Russell,1866,0,38.47,30.45,9.49,50.0,33.47,33.3,,,,,,18.96,38.04,,22,confirmed_bearish_trend,58,bullish_above_signal,26.16,4.34,0.26,-0.06162162,-0.02690583,-0.23136866,-0.27666667,4H MACD 位于 Signal 上方,4H EMA 空头排列；4H RSI 偏弱
1911,SFIX,STITCH FIX CLASS A,Consumer Discretionary,Prism,Russell,1892,0,38.21,30.45,6.46,50.0,33.47,33.3,,,,,,15.78,37.41,,22,confirmed_bearish_trend,58,bullish_above_signal,29.35,2.91,0.07,-0.01522843,-0.03000000,-0.26792453,-0.31042654,4H MACD 位于 Signal 上方,4H EMA 空头排列；4H RSI 偏弱
1912,IDN,INTELLICHECK INC,Information Technology,Prism,Russell,1896,0,38.15,36.7,6.05,50.0,33.47,33.3,,,,,,14.98,37.25,,22,confirmed_bearish_trend,58,bullish_above_signal,32.15,2.67,0.08,-0.04982206,-0.01657459,-0.28989362,-0.26748971,4H MACD 位于 Signal 上方,4H EMA 空头排列；4H RSI 偏弱
1913,EYPT,EYEPOINT INC,Health Care,Prism,Russell,1926,0,37.35,30.45,1.03,50.0,33.47,33.3,,,,,,0.0,35.25,,22,confirmed_bearish_trend,58,bullish_above_signal,30.28,4.41,0.16,-0.03816794,-0.03501094,-0.66258607,-0.63111669,4H MACD 位于 Signal 上方,4H EMA 空头排列；4H RSI 偏弱
1914,INV,INNVENTURE INC,Financials,Prism,Russell,1939,0,36.95,30.45,1.03,50.0,33.47,33.3,,,,,,0.0,34.25,,22,confirmed_bearish_trend,58,bullish_above_signal,26.27,1.065,0.17,-0.04910714,-0.10504202,-0.68303571,-0.64141414,4H MACD 位于 Signal 上方,4H EMA 空头排列；4H RSI 偏弱
1915,LCID,LUCID GROUP,Consumer Discretionary,Prism,Russell,1940,0,36.95,30.45,1.03,50.0,33.47,33.3,,,,,,0.0,34.25,,22,confirmed_bearish_trend,58,bullish_above_signal,26.73,4.254,0.25,-0.10669663,-0.06608123,-0.35740181,-0.46253948,4H MACD 位于 Signal 上方,4H EMA 空头排列；4H RSI 偏弱
1916,NCMI,NATIONAL CINEMEDIA INC,Communication,Prism,Russell,1941,0,36.95,36.7,1.03,50.0,33.47,33.3,,,,,,0.0,34.25,,22,confirmed_bearish_trend,58,bullish_above_signal,33.68,2.405,0.16,-0.01836735,-0.04940711,-0.38804071,-0.39267677,4H MACD 位于 Signal 上方,4H EMA 空头排列；4H RSI 偏弱
1917,FHTX,FOGHORN THERAPEUTICS,Health Care,Prism,Russell,1906,0,37.91,19.65,2.98,50.0,31.31,30.9,,,,,,7.04,36.66,,22,confirmed_bearish_trend,50,mixed_or_bearish,22.6,4.7636,0.12,-0.01882595,-0.16428070,-0.23537721,-0.06960937,4H MACD 柱体连续扩张,4H EMA 空头排列；4H MACD 尚未确认多头；4H RSI 偏弱
1918,XPOF,XPONENTIAL FITNESS CLASS A,Consumer Discretionary,Prism,Russell,1877,0,38.37,19.65,8.11,50.0,30.68,30.2,,,,,,17.79,37.81,,22,confirmed_bearish_trend,42,mixed_or_bearish,18.82,4.105,1.14,-0.15967247,-0.18389662,-0.17321249,-0.39094955,,4H EMA 空头排列；4H MACD 尚未确认多头；4H RSI 偏弱
1919,RENT,RENT THE RUNWAY CLASS A,Consumer Discretionary,Prism,Russell,1912,0,37.83,19.65,4.31,50.0,30.68,30.2,,,,,,11.02,36.45,,22,confirmed_bearish_trend,42,mixed_or_bearish,26.4,2.81,2.47,-0.11356467,-0.23951286,-0.22589532,-0.20621469,,4H EMA 空头排列；4H MACD 尚未确认多头；4H RSI 偏弱
1920,LUCD,LUCID DIAGNOSTICS INC,Health Care,Prism,Russell,1493,0,39.91,19.65,32.53,50.0,29.87,29.3,,,,,,32.06,41.66,,22,confirmed_bearish_trend,42,mixed_or_bearish,23.11,0.8315,0.93,-0.07785294,-0.14901238,-0.13646277,-0.08876712,,4H EMA 空头排列；4H MACD 尚未确认多头；4H RSI 偏弱
1921,ANNX,ANNEXON,Health Care,Prism,Russell,1683,0,39.47,19.65,18.06,50.0,29.87,29.3,,,,,,26.49,40.55,,22,confirmed_bearish_trend,42,mixed_or_bearish,28.75,4.441,1.05,-0.06010582,-0.09367347,-0.17683040,-0.10643863,,4H EMA 空头排列；4H MACD 尚未确认多头；4H RSI 偏弱
1922,LDI,LOANDEPOT INC CLASS A,Financials,Prism,Russell,1757,0,39.23,25.9,22.37,50.0,29.87,29.3,,,,,,28.53,39.96,,22,confirmed_bearish_trend,42,mixed_or_bearish,33.3,0.7866,0.57,-0.09116118,-0.11379000,-0.10348758,-0.23258537,,4H EMA 空头排列；4H MACD 尚未确认多头；4H RSI 偏弱
1923,PACK,RANPAK HOLDINGS CLASS A,Materials,Prism,Russell,1842,0,38.67,19.65,12.62,50.0,29.87,29.3,,,,,,21.51,38.55,,22,confirmed_bearish_trend,42,mixed_or_bearish,21.33,4.065,0.58,-0.07085714,-0.09364548,-0.21976967,-0.36632892,,4H EMA 空头排列；4H MACD 尚未确认多头；4H RSI 偏弱
1924,TROX,TRONOX HOLDINGS PLC,Materials,Prism,Russell,1880,0,38.31,19.65,7.7,50.0,29.87,29.3,,,,,,16.97,37.64,,22,confirmed_bearish_trend,42,mixed_or_bearish,23.99,4.585,0.94,-0.04179728,-0.09117939,-0.26404494,-0.25568182,,4H EMA 空头排列；4H MACD 尚未确认多头；4H RSI 偏弱
1925,FJET,STARFIGHTERS SPACE INC,Industrials,Prism,Russell,1947,0,36.95,19.65,1.03,50.0,29.87,29.3,,,,,,0.0,34.25,,22,confirmed_bearish_trend,42,mixed_or_bearish,15.81,2.005,0.87,-0.26422018,-0.32264658,-0.49111675,-0.45516304,,4H EMA 空头排列；4H MACD 尚未确认多头；4H RSI 偏弱
1926,RWT,REDWOOD TRUST REIT,Financials,Prism,Russell,1368,0,40.11,19.65,65.67,50.0,29.15,28.5,,,,,,39.51,42.15,,22,confirmed_bearish_trend,42,mixed_or_bearish,27.97,4.315,0.16,-0.02485876,-0.02265006,-0.05786026,-0.07700535,,4H EMA 空头排列；4H MACD 尚未确认多头；4H RSI 偏弱
1927,CCCC,C4 THERAPEUTICS,Health Care,Prism,Russell,1410,0,40.05,25.9,38.02,50.0,29.15,28.5,,,,,,33.76,42.0,,22,confirmed_bearish_trend,42,mixed_or_bearish,32.09,3.465,0.15,-0.05457026,-0.10465116,-0.03750000,-0.02118644,,4H EMA 空头排列；4H MACD 尚未确认多头；4H RSI 偏弱
1928,XFOR,X4 PHARMACEUTICALS INC,Health Care,Prism,Russell,1496,0,39.91,25.9,32.22,50.0,29.15,28.5,,,,,,32.01,41.65,,22,confirmed_bearish_trend,42,mixed_or_bearish,32.48,3.615,0.36,0.03879310,-0.10960591,-0.14740566,-0.08248731,,4H EMA 空头排列；4H MACD 尚未确认多头；4H RSI 偏弱
1929,CRBU,CARIBOU BIOSCIENCES,Health Care,Prism,Russell,1514,0,39.87,25.9,30.37,50.0,29.15,28.5,,,,,,31.45,41.54,,22,confirmed_bearish_trend,42,mixed_or_bearish,33.13,1.44,0.26,-0.08571429,-0.07692308,-0.12990937,-0.02702703,,4H EMA 空头排列；4H MACD 尚未确认多头；4H RSI 偏弱
1930,OSUR,ORASURE TECHNOLOGIES INC,Health Care,Prism,Russell,1645,0,39.57,19.65,19.91,50.0,29.15,28.5,,,,,,27.81,40.81,,22,confirmed_bearish_trend,42,mixed_or_bearish,29.23,3.365,0.34,-0.02037846,-0.04403409,-0.16084788,-0.16501241,,4H EMA 空头排列；4H MACD 尚未确认多头；4H RSI 偏弱
1931,AGNT,AGNT,Real Estate,Prism,Russell,1650,0,39.56,19.65,34.17,50.0,29.15,28.5,,,,,,32.64,40.78,,22,confirmed_bearish_trend,42,mixed_or_bearish,28.35,3.67,0.3,-0.08364544,-0.06377551,-0.14152047,-0.08592777,,4H EMA 空头排列；4H MACD 尚未确认多头；4H RSI 偏弱
1932,UIS,UNISYS,Information Technology,Prism,Russell,1747,0,39.28,25.9,23.6,50.0,29.15,28.5,,,,,,29.09,40.07,,22,confirmed_bearish_trend,42,mixed_or_bearish,33.55,2.445,0.07,-0.02200000,-0.05598456,-0.15104167,-0.28924419,,4H EMA 空头排列；4H MACD 尚未确认多头；4H RSI 偏弱
1933,RZLT,REZOLUTE,Health Care,Prism,Russell,1788,0,39.08,19.65,12.93,50.0,29.15,28.5,,,,,,21.66,39.58,,22,confirmed_bearish_trend,42,mixed_or_bearish,24.52,4.055,0.48,-0.09988901,-0.09688196,-0.13169165,-0.17413442,,4H EMA 空头排列；4H MACD 尚未确认多头；4H RSI 偏弱
1934,ALLO,ALLOGENE THERAPEUTICS,Health Care,Prism,Russell,1813,0,38.97,19.65,10.88,50.0,29.15,28.5,,,,,,20.27,39.3,,22,confirmed_bearish_trend,42,mixed_or_bearish,28.8,1.76,0.19,-0.06133333,-0.11557789,-0.16190476,0.06344411,,4H EMA 空头排列；4H MACD 尚未确认多头；4H RSI 偏弱
1935,VRRM,VERRA MOBILITY CLASS A,Industrials,Prism,Russell,1825,0,38.85,19.65,14.47,50.0,29.15,28.5,,,,,,23.77,39.0,,22,confirmed_bearish_trend,42,mixed_or_bearish,24.06,3.75,0.34,-0.03969270,-0.10287081,-0.20802534,-0.10501193,,4H EMA 空头排列；4H MACD 尚未确认多头；4H RSI 偏弱
1936,OKUR,ONKURE THERAPEUTICS INC CLASS A,Health Care,Prism,Russell,1831,0,38.81,19.65,8.41,50.0,29.15,28.5,,,,,,18.18,38.89,,22,confirmed_bearish_trend,42,mixed_or_bearish,29.44,3.4,0.02,-0.02578797,-0.04494382,-0.16461916,-0.14357683,,4H EMA 空头排列；4H MACD 尚未确认多头；4H RSI 偏弱
1937,AVXL,ANAVEX LIFE SCIENCES CORP,Health Care,Prism,Russell,1859,0,38.52,25.9,5.85,50.0,29.15,28.5,,,,,,14.63,38.18,,22,confirmed_bearish_trend,42,mixed_or_bearish,35.97,2.755,0.18,-0.03671329,-0.04173913,-0.18491124,0.06576402,,4H EMA 空头排列；4H MACD 尚未确认多头；4H RSI 偏弱
1938,ELTX,ELICIO THERAPEUTICS INC,Health Care,Prism,Russell,1895,0,38.16,19.65,3.59,50.0,29.15,28.5,,,,,,10.13,37.28,,22,confirmed_bearish_trend,42,mixed_or_bearish,15.71,2.225,0.21,-0.07291667,-0.13255361,-0.28456592,-0.24061433,,4H EMA 空头排列；4H MACD 尚未确认多头；4H RSI 偏弱
1939,NMRA,NEUMORA THERAPEUTICS INC,Health Care,Prism,Russell,1916,0,37.78,19.65,2.77,50.0,29.15,28.5,,,,,,5.38,36.33,,22,confirmed_bearish_trend,42,mixed_or_bearish,26.55,1.205,0.16,-0.05490196,-0.09056604,-0.24922118,-0.27844311,,4H EMA 空头排列；4H MACD 尚未确认多头；4H RSI 偏弱
1940,ZIP,ZIPRECRUITER INC CLASS A,Communication,Prism,Russell,1931,0,37.2,25.9,2.36,50.0,29.15,28.5,,,,,,3.13,34.88,,22,confirmed_bearish_trend,42,mixed_or_bearish,34.53,3.745,0.09,-0.08435208,-0.09541063,-0.25694444,-0.12295082,,4H EMA 空头排列；4H MACD 尚未确认多头；4H RSI 偏弱
1941,OPAL,OPAL FUELS CLASS A,Energy,Prism,Russell,1897,0,38.14,22.3,5.95,50.0,26.9,26.0,,,,,,14.87,37.22,,22,confirmed_bearish_trend,28,fresh_bearish_cross,32.16,1.8366,1.07,-0.06295918,-0.04343750,-0.29088803,-0.17825503,,4H EMA 空头排列；4H MACD 最近死叉；4H RSI 偏弱
1942,RLMD,RELMADA THERAPEUTICS INC,Health Care,Prism,Russell,1230,0,40.32,22.3,51.77,50.0,25.37,24.3,,,,,,37.16,42.68,,22,confirmed_bearish_trend,28,fresh_bearish_cross,32.11,4.16,0.47,-0.01187648,-0.06830907,-0.08370044,-0.20610687,,4H EMA 空头排列；4H MACD 最近死叉；4H RSI 偏弱
1943,SITC,SITE CENTERS,Real Estate,Prism,Russell,1360,0,40.13,22.3,66.85,50.0,25.37,24.3,,,,,,39.72,42.19,,22,confirmed_bearish_trend,28,fresh_bearish_cross,32.4,2.825,0.29,-0.01567944,-0.02753873,-0.06765677,-0.36659193,,4H EMA 空头排列；4H MACD 最近死叉；4H RSI 偏弱
1944,BRSP,BRIGHTSPIRE CAPITAL CLASS A,Financials,Prism,Russell,1394,0,40.09,22.3,63.31,50.0,25.37,24.3,,,,,,39.21,42.09,,22,confirmed_bearish_trend,28,fresh_bearish_cross,33.75,4.605,0.41,-0.00432432,-0.00539957,-0.06020408,-0.11781609,,4H EMA 空头排列；4H MACD 最近死叉；4H RSI 偏弱
1945,NXDR,NEXTDOOR HOLDINGS CLASS A,Communication,Prism,Russell,1809,0,38.99,16.05,16.32,50.0,25.37,24.3,,,,,,25.51,39.35,,22,confirmed_bearish_trend,28,fresh_bearish_cross,31.86,2.141,0.14,-0.05055432,-0.02460137,-0.20111940,-0.06913043,,4H EMA 空头排列；4H MACD 最近死叉；4H RSI 偏弱
1946,ELDN,ELEDON PHARMACEUTICALS INC,Health Care,Prism,Russell,1811,0,38.97,16.05,10.98,50.0,25.37,24.3,,,,,,20.29,39.31,,22,confirmed_bearish_trend,28,fresh_bearish_cross,28.42,2.825,0.1,-0.05042017,-0.06301824,-0.23233696,-0.16911765,,4H EMA 空头排列；4H MACD 最近死叉；4H RSI 偏弱
1947,EGHT,8X8 INC,Information Technology,Prism,Russell,1827,0,38.82,22.3,14.16,50.0,25.37,24.3,,,,,,23.42,38.93,,22,confirmed_bearish_trend,28,fresh_bearish_cross,34.25,1.79,0.14,-0.03243243,-0.02717391,-0.19910515,-0.06770833,,4H EMA 空头排列；4H MACD 最近死叉；4H RSI 偏弱
1948,UP,WHEELS UP EXPERIENCE CLASS A,Industrials,Prism,Russell,1908,0,37.89,16.05,4.82,50.0,25.37,24.3,,,,,,11.76,36.6,,22,confirmed_bearish_trend,28,fresh_bearish_cross,25.0,4.05,0.37,-0.07744875,-0.06466513,-0.23440454,-0.25688073,,4H EMA 空头排列；4H MACD 最近死叉；4H RSI 偏弱
1949,MVST,MICROVAST HOLDINGS,Industrials,Prism,Russell,1917,0,37.78,16.05,3.69,50.0,25.37,24.3,,,,,,10.37,36.32,,22,confirmed_bearish_trend,28,fresh_bearish_cross,31.59,0.6366,0.25,-0.10135517,-0.07551554,-0.28455833,-0.16979656,,4H EMA 空头排列；4H MACD 最近死叉；4H RSI 偏弱
