rank,ticker,name,sector,daily_strategy,daily_universe,daily_rank,calibrated_score,daily_setup_score,h4_timing_score,cat_mid_score,risk_score,4h_signal_score,4h_technical_score,early_signal_score,daily_ema_score,daily_ema_state,daily_macd_score,daily_macd_state,cat_score,prism_score,overheat_penalty,ema_score,ema_state,macd_score,macd_state,rsi14,latest_price,volume_ratio,return_3_blocks,return_1w,return_1m,return_60_blocks,reasons,risks
1,LRCX,Lam Research,Information Technology,Prism,S&P 500,14,80.66,72.87,92.8,46.92,50.0,77.41,74.9,,,,,,50.86,50.92,,92,fresh_bullish_cross,72,fresh_below_zero_cross,61.11,320.420013,1.12,0.05846991,0.06201327,0.02919740,0.09883404,4H EMA9/26 最近金叉且价格在 EMA50 上方；4H MACD 刚金叉但仍需零轴确认；4H MACD 柱体连续扩张；4H RSI 位于健康强势区间,
2,ANET,Arista Networks,Information Technology,Prism,S&P 500,47,80.51,64.89,98.2,50.1,50.0,80.23,79.7,,,,,,50.51,47.85,,94,fresh_bullish_cross,88,fresh_above_zero_cross,53.39,194.990005,0.88,0.01485940,-0.00357707,0.03388122,0.14222949,4H EMA9/26 最近金叉且价格在 EMA50 上方；4H MACD 零轴上方刚金叉；4H MACD 柱体连续扩张；4H RSI 位于健康强势区间,
3,KEYS,Keysight Technologies,Information Technology,Prism,S&P 500,94,79.18,57.57,90.4,79.13,50.0,72.79,73.1,,,,,,43.39,46.43,,94,fresh_bullish_cross,66,bullish_above_signal,61.41,333.420013,0.9,0.02381283,0.03341184,-0.02220000,0.06316772,4H EMA9/26 最近金叉且价格在 EMA50 上方；4H MACD 位于 Signal 上方；4H MACD 柱体连续扩张；4H RSI 位于健康强势区间,
4,LITE,Lumentum,Information Technology,Prism,S&P 500,40,78.19,65.07,98.2,34.19,50.0,76.18,75.2,,,,,,52.82,48.31,,82,fresh_bullish_cross,88,fresh_above_zero_cross,63.53,978.534973,1.1,0.10856396,0.06971770,0.09853941,0.37442404,4H EMA9/26 最近金叉且价格在 EMA50 上方；4H MACD 零轴上方刚金叉；4H MACD 柱体连续扩张；4H RSI 位于健康强势区间,4H 相对 EMA26 超过 2 ATR，短线偏追高
5,AMD,Advanced Micro Devices,Information Technology,Prism,S&P 500,8,77.68,73.05,90.4,33.0,50.0,70.93,67.7,,,,,,53.09,51.37,,82,fresh_bullish_cross,66,bullish_above_signal,64.54,505.73999,0.96,0.06705207,0.07615699,0.04604116,0.02155247,4H EMA9/26 最近金叉且价格在 EMA50 上方；4H MACD 位于 Signal 上方；4H MACD 柱体连续扩张；4H RSI 位于健康强势区间,4H 相对 EMA26 超过 2 ATR，短线偏追高
6,NRG,NRG Energy,Utilities,Prism,S&P 500,48,77.62,64.89,90.4,51.69,50.0,73.48,72.2,,,,,,50.43,47.84,,92,fresh_bullish_cross,66,bullish_above_signal,60.22,119.654999,0.86,0.01899081,0.08708094,0.01316682,-0.12340660,4H EMA9/26 最近金叉且价格在 EMA50 上方；4H MACD 位于 Signal 上方；4H MACD 柱体连续扩张；4H RSI 位于健康强势区间,
7,VRT,Vertiv,Industrials,Prism,S&P 500,4,76.75,73.98,90.4,24.65,50.0,70.93,67.7,,,,,,55.31,53.71,,82,fresh_bullish_cross,66,bullish_above_signal,67.41,290.769989,0.85,0.05534989,0.12431364,0.06767274,0.01235982,4H EMA9/26 最近金叉且价格在 EMA50 上方；4H MACD 位于 Signal 上方；4H MACD 柱体连续扩张；4H RSI 位于健康强势区间,4H 相对 EMA26 超过 2 ATR，短线偏追高
8,ES,Eversource Energy,Utilities,Prism,S&P 500,208,76.64,47.79,87.7,92.25,50.0,63.5,65.0,,,,,,46.14,44.48,,74,early_transition,66,bullish_above_signal,53.33,71.519997,1.06,0.00661498,0.01982033,-0.01092520,-0.04257028,4H EMA9 已站上 EMA26，等待 26/50 确认；4H MACD 位于 Signal 上方；4H MACD 柱体连续扩张；4H RSI 位于健康强势区间,
9,CNP,CenterPoint Energy,Utilities,Prism,S&P 500,204,76.29,47.81,87.7,89.86,50.0,63.5,65.0,,,,,,46.33,44.52,,74,early_transition,66,bullish_above_signal,56.1,40.130001,1.14,0.01248904,0.01338391,-0.01352013,-0.08867944,4H EMA9 已站上 EMA26，等待 26/50 确认；4H MACD 位于 Signal 上方；4H MACD 柱体连续扩张；4H RSI 位于健康强势区间,
10,AEP,American Electric Power,Utilities,Prism,S&P 500,182,76.26,47.87,90.4,82.31,50.0,67.82,69.8,,,,,,47.09,44.67,,92,fresh_bullish_cross,58,bullish_above_signal,59.47,125.419998,0.99,0.01010749,0.02425481,-0.00262427,-0.06122760,4H EMA9/26 最近金叉且价格在 EMA50 上方；4H MACD 位于 Signal 上方；4H RSI 位于健康强势区间,
11,INTC,Intel,Information Technology,Prism,S&P 500,12,75.81,72.94,82.4,42.15,50.0,68.95,65.5,,,,,,51.75,51.1,,82,fresh_bullish_cross,66,bullish_above_signal,73.15,104.470001,0.92,0.10194611,0.16765396,0.02774224,0.13950576,4H EMA9/26 最近金叉且价格在 EMA50 上方；4H MACD 位于 Signal 上方；4H MACD 柱体连续扩张,4H 相对 EMA26 超过 2 ATR，短线偏追高；4H RSI 偏热
12,UNH,UnitedHealth Group,Health Care,Prism,S&P 500,193,75.76,47.84,87.7,86.28,50.0,61.34,62.6,,,,,,46.72,44.59,,74,early_transition,58,bullish_above_signal,53.91,400.869995,1.49,0.00898567,0.02964069,-0.01520661,-0.03994730,4H EMA9 已站上 EMA26，等待 26/50 确认；4H MACD 位于 Signal 上方；4H RSI 位于健康强势区间,
13,PPL,PPL Corporation,Utilities,Prism,S&P 500,172,75.41,47.92,90.4,76.54,50.0,69.44,71.6,,,,,,47.8,44.81,,94,fresh_bullish_cross,58,bullish_above_signal,53.41,35.080002,1.38,0.00400695,0.02813608,-0.01071622,-0.02582605,4H EMA9/26 最近金叉且价格在 EMA50 上方；4H MACD 位于 Signal 上方；4H RSI 位于健康强势区间,
14,WRB,W. R. Berkley Corporation,Financials,Prism,S&P 500,271,75.36,47.52,90.4,77.14,50.0,68.63,70.7,,,,,,47.79,43.81,,92,fresh_bullish_cross,58,bullish_above_signal,55.49,69.769997,2.29,0.00547626,0.03248243,-0.02542253,-0.07845730,4H EMA9/26 最近金叉且价格在 EMA50 上方；4H MACD 位于 Signal 上方；4H RSI 位于健康强势区间,
15,GLW,Corning Inc.,Information Technology,Prism,S&P 500,270,75.27,47.52,90.4,76.54,50.0,65.93,67.7,,,,,,47.8,43.81,,82,fresh_bullish_cross,66,bullish_above_signal,66.65,165.990005,0.95,0.08970956,0.11627443,0.00181063,0.15833916,4H EMA9/26 最近金叉且价格在 EMA50 上方；4H MACD 位于 Signal 上方；4H MACD 柱体连续扩张；4H RSI 位于健康强势区间,4H 相对 EMA26 超过 2 ATR，短线偏追高
16,MS,Morgan Stanley,Financials,Prism,S&P 500,284,75.27,47.46,87.7,83.9,50.0,64.58,66.2,,,,,,46.94,43.64,,76,early_transition,70,bullish_above_signal,54.41,216.304993,0.77,-0.00292712,0.01337548,0.00016178,0.00822690,4H EMA9 已站上 EMA26，等待 26/50 确认；4H MACD 位于 Signal 上方；4H RSI 位于健康强势区间,
17,USB,U.S. Bancorp,Financials,Prism,S&P 500,316,75.01,40.56,87.7,98.21,50.0,58.22,60.8,,,,,,45.17,43.28,,76,early_transition,58,bullish_above_signal,46.93,62.505001,1.0,-0.01559175,0.01485632,-0.02221350,-0.01559175,4H EMA9 已站上 EMA26，等待 26/50 确认；4H MACD 位于 Signal 上方,
18,NI,NiSource,Utilities,Prism,S&P 500,175,74.63,47.91,87.7,78.53,50.0,63.5,65.0,,,,,,47.67,44.78,,74,early_transition,66,bullish_above_signal,56.83,41.91,1.31,0.01723299,0.02444390,-0.01654352,-0.08513427,4H EMA9 已站上 EMA26，等待 26/50 确认；4H MACD 位于 Signal 上方；4H MACD 柱体连续扩张；4H RSI 位于健康强势区间,
19,CHRW,C.H. Robinson,Industrials,Prism,S&P 500,273,74.63,47.5,87.7,79.52,50.0,63.5,65.0,,,,,,47.47,43.74,,74,early_transition,66,bullish_above_signal,54.24,150.100006,1.29,0.02345562,0.00287304,0.00508913,-0.13963086,4H EMA9 已站上 EMA26，等待 26/50 确认；4H MACD 位于 Signal 上方；4H MACD 柱体连续扩张；4H RSI 位于健康强势区间,
20,GS,Goldman Sachs,Financials,Prism,S&P 500,263,74.6,47.54,90.4,71.97,50.0,70.79,73.1,,,,,,48.04,43.86,,94,fresh_bullish_cross,66,bullish_above_signal,53.2,1036.680054,0.69,0.00072399,0.01018297,-0.00241523,-0.00966755,4H EMA9/26 最近金叉且价格在 EMA50 上方；4H MACD 位于 Signal 上方；4H MACD 柱体连续扩张；4H RSI 位于健康强势区间,
21,CVS,CVS Health,Health Care,Prism,S&P 500,168,73.89,47.94,87.7,73.56,50.0,63.77,65.3,,,,,,47.96,44.84,,74,early_transition,70,bullish_above_signal,51.28,96.089996,0.69,-0.01213119,0.02332262,0.00428508,-0.10254977,4H EMA9 已站上 EMA26，等待 26/50 确认；4H MACD 位于 Signal 上方；4H RSI 位于健康强势区间,
22,ED,Consolidated Edison,Utilities,Prism,S&P 500,152,73.62,48.0,90.4,64.41,50.0,67.82,69.8,,,,,,48.72,44.99,,92,fresh_bullish_cross,58,bullish_above_signal,52.92,108.269997,0.88,0.00660096,0.01149099,0.00277851,-0.02888152,4H EMA9/26 最近金叉且价格在 EMA50 上方；4H MACD 位于 Signal 上方；4H RSI 位于健康强势区间,
23,CCI,Crown Castle,Real Estate,Prism,S&P 500,259,73.25,47.55,87.7,70.18,50.0,65.39,67.1,,,,,,48.16,43.88,,76,early_transition,70,bullish_above_signal,51.03,75.989998,1.1,0.00039493,-0.00210117,0.00575737,0.02509107,4H EMA9 已站上 EMA26，等待 26/50 确认；4H MACD 位于 Signal 上方；4H RSI 位于健康强势区间,
24,JCI,Johnson Controls,Industrials,Prism,S&P 500,357,72.6,40.39,90.4,75.35,50.0,70.1,74.0,,,,,,43.03,42.86,,94,fresh_bullish_cross,66,bullish_above_signal,60.97,146.380005,1.28,0.01220482,0.05880655,-0.03823911,0.02092342,4H EMA9/26 最近金叉且价格在 EMA50 上方；4H MACD 位于 Signal 上方；4H MACD 柱体连续扩张；4H RSI 位于健康强势区间,
25,TEL,TE Connectivity,Information Technology,Prism,S&P 500,349,72.16,40.42,87.7,79.52,50.0,59.84,62.6,,,,,,43.4,42.93,,76,early_transition,58,bullish_above_signal,48.48,205.039993,0.76,-0.01997901,-0.00032667,-0.05188200,-0.01214109,4H EMA9 已站上 EMA26，等待 26/50 确认；4H MACD 位于 Signal 上方；4H RSI 位于健康强势区间,
26,TFC,Truist Financial,Financials,Prism,S&P 500,352,71.91,40.41,87.7,77.93,50.0,59.03,61.7,,,,,,43.31,42.91,,76,early_transition,58,bullish_above_signal,46.05,50.564999,1.18,-0.02355896,0.01986682,-0.03409740,-0.03002114,4H EMA9 已站上 EMA26，等待 26/50 确认；4H MACD 位于 Signal 上方,
27,F,Ford Motor Company,Consumer Discretionary,Prism,S&P 500,234,71.27,47.68,87.7,56.66,50.0,63.77,65.3,,,,,,49.79,44.21,,76,early_transition,70,bullish_above_signal,47.14,14.02,1.14,-0.03609488,0.00609975,0.00286123,-0.04528430,4H EMA9 已站上 EMA26，等待 26/50 确认；4H MACD 位于 Signal 上方,
28,BEN,Franklin Resources,Financials,Prism,S&P 500,186,70.68,47.86,92.8,38.77,50.0,73.22,75.8,,,,,,51.97,44.64,,94,fresh_bullish_cross,72,fresh_below_zero_cross,57.84,34.645,1.43,-0.00388151,0.01479206,0.02682270,0.04258200,4H EMA9/26 最近金叉且价格在 EMA50 上方；4H MACD 刚金叉但仍需零轴确认；4H MACD 柱体连续扩张；4H RSI 位于健康强势区间,
29,TPL,Texas Pacific Land Corporation,Energy,Prism,S&P 500,84,70.28,57.69,92.8,13.12,50.0,74.41,74.9,,,,,,62.33,46.72,,92,fresh_bullish_cross,72,fresh_below_zero_cross,60.75,381.971985,1.31,0.05878333,0.02014260,0.12097428,-0.03642193,4H EMA9/26 最近金叉且价格在 EMA50 上方；4H MACD 刚金叉但仍需零轴确认；4H MACD 柱体连续扩张；4H RSI 位于健康强势区间,
30,STX,Seagate Technology,Information Technology,Prism,S&P 500,96,69.63,57.55,90.4,15.51,50.0,68.74,68.6,,,,,,60.59,46.37,,82,fresh_bullish_cross,66,bullish_above_signal,62.52,904.380005,1.43,0.07984382,0.09103415,0.11294614,0.10650531,4H EMA9/26 最近金叉且价格在 EMA50 上方；4H MACD 位于 Signal 上方；4H MACD 柱体连续扩张；4H RSI 位于健康强势区间,4H 相对 EMA26 超过 2 ATR，短线偏追高
31,ETR,Entergy,Utilities,Prism,S&P 500,121,69.52,48.22,87.7,43.74,50.0,64.31,65.9,,,,,,51.47,45.54,,76,early_transition,66,bullish_above_signal,59.34,108.540001,1.13,0.01160355,0.02068841,0.01250004,-0.04596991,4H EMA9 已站上 EMA26，等待 26/50 确认；4H MACD 位于 Signal 上方；4H MACD 柱体连续扩张；4H RSI 位于健康强势区间,
32,JBHT,J.B. Hunt,Industrials,Prism,S&P 500,179,69.47,47.88,90.4,36.98,50.0,71.6,74.0,,,,,,52.28,44.71,,94,fresh_bullish_cross,66,bullish_above_signal,59.64,274.779999,1.31,0.01383611,0.03506987,0.02354171,-0.02203083,4H EMA9/26 最近金叉且价格在 EMA50 上方；4H MACD 位于 Signal 上方；4H MACD 柱体连续扩张；4H RSI 位于健康强势区间,
33,TTD,Trade Desk (The),Communication Services,Prism,S&P 500,197,69.26,47.82,87.7,42.94,50.0,60.53,61.7,,,,,,51.57,44.56,,74,early_transition,58,bullish_above_signal,48.21,14.02,0.8,-0.03492046,0.02149362,0.01631026,-0.21588363,4H EMA9 已站上 EMA26，等待 26/50 确认；4H MACD 位于 Signal 上方；4H RSI 位于健康强势区间,
34,GEV,GE Vernova,Industrials,Prism,S&P 500,26,68.91,65.48,65.2,99.4,50.0,58.9,56.0,,,,,,45.37,49.32,,56,mixed_sideways,66,bullish_above_signal,57.61,971.380005,0.56,0.03233965,0.08169081,-0.01892699,-0.02552116,4H MACD 位于 Signal 上方；4H MACD 柱体连续扩张；4H RSI 位于健康强势区间,4H EMA 仍偏震荡
35,HPE,Hewlett Packard Enterprise,Information Technology,Prism,S&P 500,72,68.89,57.82,90.4,9.94,50.0,72.79,73.1,,,,,,63.97,47.04,,94,fresh_bullish_cross,66,bullish_above_signal,58.84,56.044998,0.73,0.06529171,0.07263154,0.05308149,0.16251813,4H EMA9/26 最近金叉且价格在 EMA50 上方；4H MACD 位于 Signal 上方；4H MACD 柱体连续扩张；4H RSI 位于健康强势区间,
36,PG,Procter & Gamble,Consumer Staples,Prism,S&P 500,176,68.87,47.91,73.3,78.53,50.0,52.02,52.25,,,,,,47.67,44.78,,73,early_transition,28,fresh_bearish_cross,49.79,145.589996,0.97,-0.00492107,0.00303136,-0.00120058,-0.02061823,4H EMA9 已站上 EMA26，等待 26/50 确认；4H RSI 位于健康强势区间,4H MACD 最近死叉
37,CI,Cigna,Health Care,Prism,S&P 500,213,68.15,47.76,65.3,95.43,50.0,50.41,50.45,,,,,,45.77,44.4,,73,early_transition,28,fresh_bearish_cross,41.53,275.839996,0.96,-0.02856142,-0.00112257,-0.02312568,-0.05199850,4H EMA9 已站上 EMA26，等待 26/50 确认,4H MACD 最近死叉
38,TKO,TKO Group Holdings,Communication Services,Prism,S&P 500,144,68.03,48.03,90.4,27.04,50.0,70.56,72.85,,,,,,54.15,45.08,,94,fresh_bullish_cross,66,bullish_above_signal,60.62,195.410004,2.71,0.03249503,0.07003619,0.04732555,0.06857335,4H EMA9/26 最近金叉且价格在 EMA50 上方；4H MACD 位于 Signal 上方；4H MACD 柱体连续扩张；4H RSI 位于健康强势区间,
39,TER,Teradyne,Information Technology,Prism,S&P 500,23,67.88,65.59,67.6,85.88,50.0,59.31,56.45,,,,,,44.24,49.6,,53,mixed_sideways,72,fresh_below_zero_cross,55.94,372.059998,0.86,0.04628794,0.06302857,-0.01901018,0.11198781,4H MACD 刚金叉但仍需零轴确认；4H MACD 柱体连续扩张；4H RSI 位于健康强势区间,4H EMA 仍偏震荡
40,WDC,Western Digital,Information Technology,Prism,S&P 500,101,66.85,48.41,90.4,18.29,50.0,69.98,72.2,,,,,,58.92,46.03,,92,fresh_bullish_cross,66,bullish_above_signal,56.13,477.299988,0.88,0.03318394,0.05906629,0.09918701,-0.04141232,4H EMA9/26 最近金叉且价格在 EMA50 上方；4H MACD 位于 Signal 上方；4H MACD 柱体连续扩张；4H RSI 位于健康强势区间,
41,MO,Altria,Consumer Staples,Prism,S&P 500,150,66.66,48.0,73.3,63.62,50.0,52.02,52.25,,,,,,48.76,45.0,,73,early_transition,28,fresh_bearish_cross,48.07,68.175003,1.03,-0.00951618,-0.00445385,-0.00219530,-0.06468646,4H EMA9 已站上 EMA26，等待 26/50 确认；4H RSI 位于健康强势区间,4H MACD 最近死叉
42,CAT,Caterpillar Inc.,Industrials,Prism,S&P 500,80,65.95,57.71,65.2,97.81,50.0,57.4,56.0,,,,,,45.15,46.78,,56,mixed_sideways,66,bullish_above_signal,54.8,822.530029,0.76,0.01574678,0.03156673,-0.02339023,-0.05787686,4H MACD 位于 Signal 上方；4H MACD 柱体连续扩张；4H RSI 位于健康强势区间,4H EMA 仍偏震荡
43,MRVL,Marvell Technology,Information Technology,Prism,S&P 500,21,65.65,65.69,67.6,70.78,50.0,60.61,57.9,,,,,,42.51,49.85,,58,mixed_sideways,72,fresh_below_zero_cross,53.03,225.410004,0.42,0.02314873,0.06506334,0.03072844,0.19088126,4H MACD 刚金叉但仍需零轴确认；4H MACD 柱体连续扩张；4H RSI 位于健康强势区间,4H EMA 仍偏震荡
44,STLD,Steel Dynamics,Materials,Prism,S&P 500,433,65.63,40.02,87.7,36.98,50.0,59.03,61.7,,,,,,38.35,41.92,,74,early_transition,58,bullish_above_signal,49.59,240.309998,1.0,-0.00554519,0.03314700,-0.08442839,-0.03964352,4H EMA9 已站上 EMA26，等待 26/50 确认；4H MACD 位于 Signal 上方；4H RSI 位于健康强势区间,
45,VST,Vistra Corp.,Utilities,Prism,S&P 500,61,65.6,57.92,79.7,16.3,50.0,59.74,58.6,,,,,,60.26,47.3,,64,early_transition,70,bullish_above_signal,69.76,151.690002,1.03,0.02618045,0.10432441,0.07887621,-0.03431373,4H EMA9 已站上 EMA26，等待 26/50 确认；4H MACD 位于 Signal 上方,4H 相对 EMA26 超过 2 ATR，短线偏追高；4H RSI 偏热
46,FCX,Freeport-McMoRan,Materials,Prism,S&P 500,97,65.36,57.53,79.6,15.9,50.0,68.47,68.3,,,,,,60.38,46.33,,94,fresh_bullish_cross,50,mixed_or_bearish,59.14,76.620003,0.75,0.04810875,0.01175228,0.10070395,0.22191214,4H EMA9/26 最近金叉且价格在 EMA50 上方；4H MACD 柱体连续扩张；4H RSI 位于健康强势区间,4H MACD 尚未确认多头
47,ZBRA,Zebra Technologies,Information Technology,Prism,S&P 500,116,65.33,48.27,76.0,46.92,50.0,59.72,60.8,,,,,,39.59,45.67,,94,fresh_bullish_cross,28,fresh_bearish_cross,47.03,352.540009,1.08,-0.03116411,-0.00305409,-0.06338997,0.33204868,4H EMA9/26 最近金叉且价格在 EMA50 上方,4H MACD 最近死叉
48,KLAC,KLA Corporation,Information Technology,Prism,S&P 500,27,64.72,65.45,65.2,71.57,50.0,58.9,56.0,,,,,,42.55,49.26,,56,mixed_sideways,66,bullish_above_signal,60.12,188.979996,1.0,0.01876009,0.07693185,-0.04603740,-0.07107750,4H MACD 位于 Signal 上方；4H MACD 柱体连续扩张；4H RSI 位于健康强势区间,4H EMA 仍偏震荡
49,AES,AES Corporation,Utilities,Prism,S&P 500,52,64.19,58.06,75.1,58.85,50.0,75.58,76.2,,,,,,49.49,47.65,,100,confirmed_bullish_trend,70,bullish_above_signal,65.75,14.815,0.36,0.00141949,0.00474737,0.00611205,-0.00134816,4H EMA 多头排列已连续维持；4H MACD 位于 Signal 上方；4H RSI 位于健康强势区间,
50,KMI,Kinder Morgan,Energy,Prism,S&P 500,149,64.05,48.0,79.6,29.42,50.0,64.04,65.6,,,,,,53.79,45.01,,86,fresh_bullish_cross,50,mixed_or_bearish,53.46,31.98,1.52,0.01960784,-0.00806458,0.03696498,0.00692695,4H EMA9/26 最近金叉且价格在 EMA50 上方；4H MACD 柱体连续扩张；4H RSI 位于健康强势区间,4H MACD 尚未确认多头
51,DLR,Digital Realty,Real Estate,Prism,S&P 500,99,64.0,57.43,65.2,85.49,50.0,57.4,56.0,,,,,,44.11,46.07,,56,mixed_sideways,66,bullish_above_signal,51.68,189.520004,0.76,0.00089780,0.02101072,-0.02198367,-0.03202405,4H MACD 位于 Signal 上方；4H MACD 柱体连续扩张；4H RSI 位于健康强势区间,4H EMA 仍偏震荡
52,NVDA,Nvidia,Information Technology,Prism,S&P 500,15,63.92,72.86,65.2,48.91,50.0,61.57,57.3,,,,,,50.72,50.89,,58,mixed_sideways,70,bullish_above_signal,55.58,225.729996,0.43,-0.02175516,0.02195758,0.00781320,0.14863623,4H MACD 位于 Signal 上方；4H RSI 位于健康强势区间,4H EMA 仍偏震荡
53,ECHO,EchoStar,Communication Services,Prism,S&P 500,140,63.58,48.06,79.7,25.84,50.0,60.71,61.9,,,,,,54.5,45.15,,64,early_transition,78,bullish_above_signal,70.55,93.419998,1.66,0.03878485,0.08024971,0.03707811,0.07738437,4H EMA9 已站上 EMA26，等待 26/50 确认；4H MACD 位于 Signal 上方；4H MACD 柱体连续扩张,4H 相对 EMA26 超过 2 ATR，短线偏追高；4H RSI 偏热
54,MU,Micron Technology,Information Technology,Prism,S&P 500,2,62.68,74.55,75.1,10.34,50.0,79.3,77.0,,,,,,63.9,55.13,,100,confirmed_bullish_trend,70,bullish_above_signal,60.7,1000.26001,0.57,0.00089058,0.04555339,0.13981951,0.11021575,4H EMA 多头排列已连续维持；4H MACD 位于 Signal 上方；4H RSI 位于健康强势区间,
55,ETN,Eaton Corporation,Industrials,Prism,S&P 500,37,62.41,65.14,65.2,56.86,50.0,58.9,56.0,,,,,,41.15,48.48,,56,mixed_sideways,66,bullish_above_signal,57.66,422.119995,0.92,0.03720080,0.05036327,-0.05917493,0.05908620,4H MACD 位于 Signal 上方；4H MACD 柱体连续扩张；4H RSI 位于健康强势区间,4H EMA 仍偏震荡
56,QCOM,Qualcomm,Information Technology,Prism,S&P 500,9,61.83,73.02,65.2,34.59,50.0,65.26,61.4,,,,,,52.79,51.31,,58,mixed_sideways,78,bullish_above_signal,66.35,174.089996,1.59,0.03662019,0.02117550,0.03705249,0.02351696,4H MACD 位于 Signal 上方；4H MACD 柱体连续扩张；4H RSI 位于健康强势区间,4H EMA 仍偏震荡
57,DTE,DTE Energy,Utilities,Prism,S&P 500,211,61.76,47.78,65.2,93.04,50.0,54.19,54.65,,,,,,46.04,44.46,,53,mixed_sideways,66,bullish_above_signal,51.64,137.279999,1.05,0.00933758,0.01224011,-0.01851717,-0.06732796,4H MACD 位于 Signal 上方；4H MACD 柱体连续扩张；4H RSI 位于健康强势区间,4H EMA 仍偏震荡
58,ULTA,Ulta Beauty,Consumer Discretionary,Prism,S&P 500,298,61.45,47.4,65.2,91.85,50.0,57.29,58.1,,,,,,46.18,43.49,,58,mixed_sideways,70,bullish_above_signal,54.01,549.22998,0.59,-0.02822112,0.02313664,-0.02815238,0.14299091,4H MACD 位于 Signal 上方；4H RSI 位于健康强势区间,4H EMA 仍偏震荡
59,SNDK,Sandisk,Information Technology,Prism,S&P 500,3,61.04,74.2,75.1,0.2,50.0,74.84,72.05,,,,,,100.0,54.25,,89,confirmed_bullish_trend,70,bullish_above_signal,67.6,1737.98999,0.6,0.01322206,0.10727506,0.43231893,0.35865389,4H EMA 多头排列已连续维持；4H MACD 位于 Signal 上方；4H RSI 位于健康强势区间,4H 相对 EMA26 超过 2 ATR，短线偏追高
60,SMCI,Supermicro,Information Technology,Prism,S&P 500,16,60.84,72.85,75.1,1.99,50.0,81.46,79.4,,,,,,83.09,50.87,,100,confirmed_bullish_trend,78,bullish_above_signal,62.24,40.259998,0.72,-0.00971593,0.07993560,0.29453370,0.35100669,4H EMA 多头排列已连续维持；4H MACD 位于 Signal 上方；4H MACD 柱体连续扩张；4H RSI 位于健康强势区间,
61,SWKS,Skyworks Solutions,Information Technology,Prism,S&P 500,5,60.47,73.44,67.1,19.48,50.0,73.68,70.75,,,,,,58.05,52.36,,89,confirmed_bullish_trend,70,bullish_above_signal,70.22,75.379997,1.45,0.02106333,0.12625126,0.06725188,0.18783483,4H EMA 多头排列已连续维持；4H MACD 位于 Signal 上方,4H 相对 EMA26 超过 2 ATR，短线偏追高；4H RSI 偏热
62,BKR,Baker Hughes,Energy,Prism,S&P 500,42,59.85,65.0,65.2,40.16,50.0,59.58,56.75,,,,,,51.86,48.12,,55,mixed_sideways,70,bullish_above_signal,56.25,63.919998,1.0,0.01460155,0.00566389,0.03842089,0.05495953,4H MACD 位于 Signal 上方；4H RSI 位于健康强势区间,4H EMA 仍偏震荡
63,BRK-B,Berkshire Hathaway,Financials,Prism,S&P 500,319,59.62,40.55,65.2,95.63,50.0,55.79,58.1,,,,,,45.01,43.25,,58,mixed_sideways,70,bullish_above_signal,51.52,505.820007,0.75,-0.00018778,0.00343195,-0.02867017,0.01733708,4H MACD 位于 Signal 上方；4H RSI 位于健康强势区间,4H EMA 仍偏震荡
64,CEG,Constellation Energy,Utilities,Prism,S&P 500,49,59.59,64.86,75.1,12.33,50.0,73.34,72.05,,,,,,62.64,47.78,,89,confirmed_bullish_trend,70,bullish_above_signal,67.91,299.049988,0.97,0.01532919,0.08836481,0.10767455,0.10730544,4H EMA 多头排列已连续维持；4H MACD 位于 Signal 上方；4H RSI 位于健康强势区间,4H 相对 EMA26 超过 2 ATR，短线偏追高
65,PEG,Public Service Enterprise Group,Utilities,Prism,S&P 500,174,59.54,47.92,65.2,77.93,50.0,55.4,56.0,,,,,,47.72,44.79,,56,mixed_sideways,66,bullish_above_signal,53.44,74.248398,0.94,0.00839876,0.01238617,-0.01852748,-0.06252019,4H MACD 位于 Signal 上方；4H MACD 柱体连续扩张；4H RSI 位于健康强势区间,4H EMA 仍偏震荡
66,AMT,American Tower,Real Estate,Prism,S&P 500,232,59.39,47.68,73.0,56.66,50.0,59.99,61.1,,,,,,49.79,44.21,,58,mixed_sideways,80,fresh_above_zero_cross,50.9,175.75,0.85,-0.00280856,0.00022761,0.01872244,0.05441569,4H MACD 零轴上方刚金叉；4H RSI 位于健康强势区间,4H EMA 仍偏震荡
67,XEL,Xcel Energy,Utilities,Prism,S&P 500,169,59.01,47.93,65.2,74.35,50.0,54.99,55.55,,,,,,47.87,44.82,,53,mixed_sideways,66,bullish_above_signal,51.32,76.879997,1.07,0.01787367,0.01558785,-0.01499047,-0.04757190,4H MACD 位于 Signal 上方；4H MACD 柱体连续扩张；4H RSI 位于健康强势区间,4H EMA 仍偏震荡
68,LNT,Alliant Energy,Utilities,Prism,S&P 500,165,58.71,47.94,65.2,72.37,50.0,54.19,54.65,,,,,,48.02,44.85,,53,mixed_sideways,66,bullish_above_signal,50.85,68.610001,1.0,0.01142481,0.00926740,-0.01095577,-0.07183438,4H MACD 位于 Signal 上方；4H MACD 柱体连续扩张；4H RSI 位于健康强势区间,4H EMA 仍偏震荡
69,AVGO,Broadcom,Information Technology,Prism,S&P 500,22,58.36,65.68,65.2,28.63,50.0,55.75,52.5,,,,,,37.35,49.82,,50,mixed_sideways,66,bullish_above_signal,50.02,368.559998,0.54,0.03895813,-0.00609463,-0.13792175,-0.03858095,4H MACD 位于 Signal 上方；4H MACD 柱体连续扩张；4H RSI 位于健康强势区间,4H EMA 仍偏震荡
70,WEC,WEC Energy Group,Utilities,Prism,S&P 500,163,58.24,47.96,65.2,69.18,50.0,54.99,55.55,,,,,,48.24,44.9,,53,mixed_sideways,66,bullish_above_signal,50.11,107.080002,1.46,0.01104710,0.00847619,-0.00492518,-0.05946417,4H MACD 位于 Signal 上方；4H MACD 柱体连续扩张；4H RSI 位于健康强势区间,4H EMA 仍偏震荡
71,NEE,NextEra Energy,Utilities,Prism,S&P 500,161,58.13,47.96,65.2,68.39,50.0,54.19,54.65,,,,,,48.32,44.91,,53,mixed_sideways,66,bullish_above_signal,50.29,83.855003,0.62,0.00569688,0.01839941,-0.00939160,-0.05611204,4H MACD 位于 Signal 上方；4H MACD 柱体连续扩张；4H RSI 位于健康强势区间,4H EMA 仍偏震荡
72,EVRG,Evergy,Utilities,Prism,S&P 500,160,57.95,47.97,65.2,67.2,50.0,55.4,56.0,,,,,,48.41,44.93,,56,mixed_sideways,66,bullish_above_signal,53.61,82.239998,0.96,0.01000915,0.01505802,-0.01331734,-0.04205009,4H MACD 位于 Signal 上方；4H MACD 柱体连续扩张；4H RSI 位于健康强势区间,4H EMA 仍偏震荡
73,SBAC,SBA Communications,Real Estate,Prism,S&P 500,206,57.73,47.8,73.0,45.33,50.0,60.8,62.0,,,,,,51.3,44.51,,58,mixed_sideways,80,fresh_above_zero_cross,52.77,188.690002,1.26,0.00015901,-0.00542905,0.02537766,0.09303132,4H MACD 零轴上方刚金叉；4H RSI 位于健康强势区间,4H EMA 仍偏震荡
74,PSX,Phillips 66,Energy,Prism,S&P 500,18,57.72,72.74,67.1,2.78,50.0,72.86,69.85,,,,,,81.8,50.61,,89,confirmed_bullish_trend,70,bullish_above_signal,71.39,259.149994,0.89,0.01074516,0.05080691,0.27102847,0.24663261,4H EMA 多头排列已连续维持；4H MACD 位于 Signal 上方,4H 相对 EMA26 超过 2 ATR，短线偏追高；4H RSI 偏热
75,FIX,Comfort Systems USA,Industrials,Prism,S&P 500,340,57.7,40.45,65.2,83.1,50.0,53.9,56.0,,,,,,43.72,42.99,,56,mixed_sideways,66,bullish_above_signal,56.68,1649.609985,0.78,0.02764713,0.06732183,-0.02574413,-0.04659496,4H MACD 位于 Signal 上方；4H MACD 柱体连续扩张；4H RSI 位于健康强势区间,4H EMA 仍偏震荡
76,DELL,Dell Technologies,Information Technology,Prism,S&P 500,17,57.67,72.78,67.1,2.39,50.0,72.14,69.05,,,,,,82.27,50.7,,89,confirmed_bullish_trend,70,bullish_above_signal,69.36,533.48999,0.5,0.01152807,0.16768076,0.17578731,0.25070919,4H EMA 多头排列已连续维持；4H MACD 位于 Signal 上方,4H 相对 EMA26 超过 2 ATR，短线偏追高；4H RSI 偏热
77,ADM,Archer Daniels Midland,Consumer Staples,Prism,S&P 500,54,57.44,58.03,75.1,13.92,50.0,77.11,77.9,,,,,,61.61,47.57,,100,confirmed_bullish_trend,70,bullish_above_signal,59.78,84.510002,1.18,-0.00564768,0.03935560,0.10355184,0.01574525,4H EMA 多头排列已连续维持；4H MACD 位于 Signal 上方；4H RSI 位于健康强势区间,
78,BBY,Best Buy,Consumer Discretionary,Prism,S&P 500,86,57.24,57.65,75.1,13.52,50.0,75.58,76.2,,,,,,61.87,46.62,,100,confirmed_bullish_trend,70,bullish_above_signal,59.91,89.279999,0.49,-0.01238941,0.11432845,0.08878048,0.00961211,4H EMA 多头排列已连续维持；4H MACD 位于 Signal 上方；4H RSI 位于健康强势区间,
79,C,Citigroup,Financials,Prism,S&P 500,251,57.23,47.61,65.2,63.22,50.0,57.29,58.1,,,,,,48.88,44.03,,58,mixed_sideways,70,bullish_above_signal,59.86,136.774994,0.8,-0.00635747,0.03924468,0.01326068,0.02753357,4H MACD 位于 Signal 上方；4H RSI 位于健康强势区间,4H EMA 仍偏震荡
80,HUM,Humana,Health Care,Prism,S&P 500,111,57.2,48.32,75.1,34.99,50.0,74.3,77.0,,,,,,52.69,45.79,,100,confirmed_bullish_trend,70,bullish_above_signal,59.52,403.209991,0.66,0.00067005,0.05125799,0.04724431,0.05834947,4H EMA 多头排列已连续维持；4H MACD 位于 Signal 上方；4H RSI 位于健康强势区间,
81,WMB,Williams Companies,Energy,Prism,S&P 500,100,56.98,57.43,73.0,17.89,50.0,63.74,63.05,,,,,,59.09,46.07,,55,mixed_sideways,88,fresh_above_zero_cross,60.65,75.839996,1.09,0.03127543,0.01066091,0.07734923,0.07126207,4H MACD 零轴上方刚金叉；4H MACD 柱体连续扩张；4H RSI 位于健康强势区间,4H EMA 仍偏震荡
82,CAH,Cardinal Health,Health Care,Prism,S&P 500,143,56.9,48.04,65.2,60.04,50.0,58.1,59.0,,,,,,49.26,45.1,,58,mixed_sideways,70,bullish_above_signal,51.92,240.451004,1.17,-0.02647476,0.02472197,0.01713625,0.04817354,4H MACD 位于 Signal 上方；4H RSI 位于健康强势区间,4H EMA 仍偏震荡
83,UHS,Universal Health Services,Health Care,Prism,S&P 500,203,56.85,47.81,54.4,89.07,50.0,50.27,50.3,,,,,,46.36,44.52,,52,mixed_sideways,50,mixed_or_bearish,51.69,171.955002,1.52,0.01269140,0.00942175,-0.00970397,0.07978023,4H MACD 柱体连续扩张；4H RSI 位于健康强势区间,4H EMA 仍偏震荡；4H MACD 尚未确认多头
84,AWK,American Water Works,Utilities,Prism,S&P 500,107,56.79,48.35,75.1,32.21,50.0,74.3,77.0,,,,,,53.15,45.88,,100,confirmed_bullish_trend,70,bullish_above_signal,59.74,140.380005,0.92,-0.00188417,0.01555385,0.03762297,0.04325213,4H EMA 多头排列已连续维持；4H MACD 位于 Signal 上方；4H RSI 位于健康强势区间,
85,PFG,Principal Financial Group,Financials,Prism,S&P 500,154,56.31,48.0,75.1,29.82,50.0,74.3,77.0,,,,,,53.68,44.99,,100,confirmed_bullish_trend,70,bullish_above_signal,56.26,115.040001,0.98,-0.01527923,0.04448885,0.01437260,0.03341718,4H EMA 多头排列已连续维持；4H MACD 位于 Signal 上方；4H RSI 位于健康强势区间,
86,META,Meta Platforms,Communication Services,Prism,S&P 500,146,56.02,48.01,75.1,27.83,50.0,74.3,77.0,,,,,,53.87,45.02,,100,confirmed_bullish_trend,70,bullish_above_signal,67.22,613.47998,0.99,0.00652991,0.07081393,0.03660769,0.03291632,4H EMA 多头排列已连续维持；4H MACD 位于 Signal 上方；4H RSI 位于健康强势区间,
87,OKE,Oneok,Energy,Prism,S&P 500,67,55.82,57.85,73.0,9.15,50.0,64.15,63.5,,,,,,64.34,47.12,,58,mixed_sideways,88,fresh_above_zero_cross,62.98,97.510002,0.97,0.02669128,0.01572919,0.12832683,0.08974071,4H MACD 零轴上方刚金叉；4H MACD 柱体连续扩张；4H RSI 位于健康强势区间,4H EMA 仍偏震荡
88,HOOD,Robinhood Markets,Financials,Prism,S&P 500,68,55.76,57.84,75.1,3.18,50.0,76.3,77.0,,,,,,74.21,47.09,,100,confirmed_bullish_trend,70,bullish_above_signal,61.07,117.339996,0.74,-0.04949373,0.11954964,0.25800047,0.22663591,4H EMA 多头排列已连续维持；4H MACD 位于 Signal 上方；4H RSI 位于健康强势区间,
89,TSCO,Tractor Supply,Consumer Discretionary,Prism,S&P 500,223,55.47,47.71,64.3,53.68,50.0,69.71,71.9,,,,,,50.15,44.28,,100,confirmed_bullish_trend,50,mixed_or_bearish,54.42,35.290001,1.2,-0.00285378,0.01088516,0.02053207,0.10974849,4H EMA 多头排列已连续维持；4H MACD 柱体连续扩张；4H RSI 位于健康强势区间,4H MACD 尚未确认多头
90,TSLA,"Tesla, Inc.",Consumer Discretionary,Prism,S&P 500,56,55.45,57.98,73.0,6.36,50.0,64.15,63.5,,,,,,66.07,47.46,,58,mixed_sideways,88,fresh_above_zero_cross,56.48,368.160004,0.57,0.04538941,0.00065229,0.12044072,0.19053168,4H MACD 零轴上方刚金叉；4H MACD 柱体连续扩张；4H RSI 位于健康强势区间,4H EMA 仍偏震荡
91,WFC,Wells Fargo,Financials,Prism,S&P 500,217,55.25,47.74,65.2,49.7,50.0,57.29,58.1,,,,,,50.56,44.36,,58,mixed_sideways,70,bullish_above_signal,54.08,87.974998,0.82,-0.01791699,0.01799352,0.00848280,0.00767422,4H MACD 位于 Signal 上方；4H RSI 位于健康强势区间,4H EMA 仍偏震荡
92,MOS,Mosaic Company (The),Materials,Prism,S&P 500,46,55.21,64.89,67.1,4.37,50.0,74.34,73.15,,,,,,68.05,47.86,,89,confirmed_bullish_trend,78,bullish_above_signal,73.61,26.535,1.12,0.02808993,0.10012433,0.15019506,0.18724832,4H EMA 多头排列已连续维持；4H MACD 位于 Signal 上方；4H MACD 柱体连续扩张,4H 相对 EMA26 超过 2 ATR，短线偏追高；4H RSI 偏热
93,NTAP,NetApp,Information Technology,Prism,S&P 500,189,54.87,47.85,67.6,40.56,50.0,56.62,57.35,,,,,,51.85,44.62,,53,mixed_sideways,72,fresh_below_zero_cross,52.88,189.130005,1.07,0.02034436,0.02122035,-0.00200512,0.11370862,4H MACD 刚金叉但仍需零轴确认；4H MACD 柱体连续扩张；4H RSI 位于健康强势区间,4H EMA 仍偏震荡
94,BG,Bunge Global,Consumer Staples,Prism,S&P 500,30,54.7,65.27,65.2,5.17,50.0,63.76,61.4,,,,,,67.81,48.81,,58,mixed_sideways,78,bullish_above_signal,67.19,123.910004,1.54,0.03846802,0.06607589,0.14366148,0.05437378,4H MACD 位于 Signal 上方；4H MACD 柱体连续扩张；4H RSI 位于健康强势区间,4H EMA 仍偏震荡
95,STT,State Street Corporation,Financials,Prism,S&P 500,200,54.44,47.82,65.2,44.14,50.0,58.1,59.0,,,,,,51.44,44.54,,58,mixed_sideways,70,bullish_above_signal,52.07,191.899994,1.31,-0.01174168,0.00313639,0.03909466,0.03920714,4H MACD 位于 Signal 上方；4H RSI 位于健康强势区间,4H EMA 仍偏震荡
96,ORCL,Oracle Corporation,Information Technology,Prism,S&P 500,89,54.27,57.62,67.1,15.11,50.0,72.03,72.25,,,,,,61.48,46.55,,89,confirmed_bullish_trend,78,bullish_above_signal,70.17,162.520004,0.79,0.03128376,0.08993363,0.10602968,0.35478497,4H EMA 多头排列已连续维持；4H MACD 位于 Signal 上方；4H MACD 柱体连续扩张,4H 相对 EMA26 超过 2 ATR，短线偏追高；4H RSI 偏热
97,PWR,Quanta Services,Industrials,Prism,S&P 500,390,54.27,40.26,65.2,60.64,50.0,53.9,56.0,,,,,,41.42,42.53,,56,mixed_sideways,66,bullish_above_signal,55.14,639.109985,0.9,0.02823539,0.05305566,-0.04853290,0.03035719,4H MACD 位于 Signal 上方；4H MACD 柱体连续扩张；4H RSI 位于健康强势区间,4H EMA 仍偏震荡
98,AMAT,Applied Materials,Information Technology,Prism,S&P 500,62,53.98,57.92,67.6,11.13,50.0,57.81,56.45,,,,,,32.75,47.3,,53,mixed_sideways,72,fresh_below_zero_cross,52.12,472.790009,0.83,0.04764121,0.03163935,-0.12332650,-0.08531797,4H MACD 刚金叉但仍需零轴确认；4H MACD 柱体连续扩张；4H RSI 位于健康强势区间,4H EMA 仍偏震荡
99,RVTY,Revvity,Health Care,Prism,S&P 500,7,53.68,73.18,54.4,8.75,50.0,54.73,49.7,,,,,,64.7,51.69,,58,mixed_sideways,42,mixed_or_bearish,52.58,127.089996,0.98,-0.02817815,-0.01250972,0.10845578,0.17643245,4H RSI 位于健康强势区间,4H EMA 仍偏震荡；4H MACD 尚未确认多头
100,SLB,Schlumberger,Energy,Prism,S&P 500,19,53.65,72.74,54.4,9.54,50.0,53.52,48.35,,,,,,64.28,50.61,,55,mixed_sideways,42,mixed_or_bearish,57.03,57.099998,0.64,0.00043797,-0.05039087,0.13024541,0.10798483,4H RSI 位于健康强势区间,4H EMA 仍偏震荡；4H MACD 尚未确认多头
101,BNY,BNY Mellon,Financials,Prism,S&P 500,185,53.64,47.86,65.2,38.77,50.0,57.29,58.1,,,,,,51.97,44.64,,58,mixed_sideways,70,bullish_above_signal,52.28,162.865005,0.9,-0.01546992,0.00982767,0.03347299,0.03222846,4H MACD 位于 Signal 上方；4H RSI 位于健康强势区间,4H EMA 仍偏震荡
102,EME,Emcor,Industrials,Prism,S&P 500,398,53.57,40.23,65.2,56.06,50.0,52.69,54.65,,,,,,41.06,42.46,,53,mixed_sideways,66,bullish_above_signal,56.08,773.280029,0.83,0.02822956,0.05216756,-0.05429993,0.04111808,4H MACD 位于 Signal 上方；4H MACD 柱体连续扩张；4H RSI 位于健康强势区间,4H EMA 仍偏震荡
103,ROK,Rockwell Automation,Industrials,Prism,S&P 500,25,53.57,65.48,51.7,99.8,50.0,43.78,39.2,,,,,,45.4,49.33,,28,confirmed_bearish_trend,58,bullish_above_signal,47.17,429.233002,0.88,-0.01147357,0.01184086,-0.02661632,-0.07889914,4H MACD 位于 Signal 上方,4H EMA 空头排列
104,MDT,Medtronic,Health Care,Prism,S&P 500,20,53.4,72.74,50.8,17.5,50.0,50.95,45.5,,,,,,59.19,50.59,,58,mixed_sideways,28,fresh_bearish_cross,51.91,92.389999,0.82,-0.02035838,0.01908223,0.06012618,0.09713811,4H RSI 位于健康强势区间,4H EMA 仍偏震荡；4H MACD 最近死叉
105,DE,Deere & Company,Industrials,Prism,S&P 500,73,52.92,57.8,65.2,10.74,50.0,59.29,58.1,,,,,,63.81,47.01,,58,mixed_sideways,70,bullish_above_signal,62.72,680.799988,0.55,-0.02213417,0.03926233,0.09670243,0.08915798,4H MACD 位于 Signal 上方；4H RSI 位于健康强势区间,4H EMA 仍偏震荡
106,MRNA,Moderna,Health Care,Prism,S&P 500,1,52.9,74.6,54.4,0.2,50.0,52.8,47.55,,,,,,100.0,55.25,,55,mixed_sideways,42,mixed_or_bearish,53.82,140.330002,0.29,-0.03040140,-0.00056977,1.37164115,1.52346699,4H RSI 位于健康强势区间,4H EMA 仍偏震荡；4H MACD 尚未确认多头
107,SRE,Sempra,Utilities,Prism,S&P 500,108,52.89,48.35,65.2,32.6,50.0,55.4,56.0,,,,,,53.13,45.88,,56,mixed_sideways,66,bullish_above_signal,54.76,85.480003,0.94,0.02163266,0.04626691,0.01907494,-0.06323284,4H MACD 位于 Signal 上方；4H MACD 柱体连续扩张；4H RSI 位于健康强势区间,4H EMA 仍偏震荡
108,CVNA,Carvana,Consumer Discretionary,Prism,S&P 500,170,52.56,47.93,64.3,33.8,50.0,68.9,71.0,,,,,,52.86,44.82,,100,confirmed_bullish_trend,50,mixed_or_bearish,56.57,74.730003,1.0,0.00734657,0.01728837,0.05498700,0.16674472,4H EMA 多头排列已连续维持；4H MACD 柱体连续扩张；4H RSI 位于健康强势区间,4H MACD 尚未确认多头
109,FSLR,First Solar,Information Technology,Prism,S&P 500,70,52.45,57.82,65.2,7.55,50.0,58.21,56.9,,,,,,31.54,47.06,,56,mixed_sideways,66,bullish_above_signal,55.81,213.25,1.3,0.03642679,0.05621598,-0.14720466,0.03554609,4H MACD 位于 Signal 上方；4H MACD 柱体连续扩张；4H RSI 位于健康强势区间,4H EMA 仍偏震荡
110,HPQ,HP Inc.,Information Technology,Prism,S&P 500,148,52.24,48.0,65.2,29.03,50.0,57.29,58.1,,,,,,53.81,45.01,,58,mixed_sideways,70,bullish_above_signal,53.29,31.190001,0.75,-0.04646891,0.03897405,0.03810954,0.17498591,4H MACD 位于 Signal 上方；4H RSI 位于健康强势区间,4H EMA 仍偏震荡
111,FLEX,Flex Ltd.,Information Technology,Prism,S&P 500,416,51.95,40.11,65.2,45.53,50.0,53.49,55.55,,,,,,39.51,42.15,,53,mixed_sideways,66,bullish_above_signal,56.48,114.309998,1.07,0.05426159,0.04621999,-0.05770341,-0.01490868,4H MACD 位于 Signal 上方；4H MACD 柱体连续扩张；4H RSI 位于健康强势区间,4H EMA 仍偏震荡
112,EMR,Emerson Electric,Industrials,Prism,S&P 500,28,51.92,65.35,54.1,82.7,50.0,52.02,48.35,,,,,,43.69,48.99,,39,bearish_transition,72,fresh_below_zero_cross,45.65,152.179993,0.97,-0.00659318,-0.00177110,-0.03823550,0.01915340,4H MACD 刚金叉但仍需零轴确认；4H MACD 柱体连续扩张,4H EMA 转弱或跌破 EMA26
113,HAL,Halliburton,Energy,Prism,S&P 500,10,51.69,72.97,50.8,5.57,50.0,50.95,45.5,,,,,,67.1,51.17,,58,mixed_sideways,28,fresh_bearish_cross,60.1,36.799999,0.74,-0.00641784,-0.00162784,0.15414769,0.14499067,4H RSI 位于健康强势区间,4H EMA 仍偏震荡；4H MACD 最近死叉
114,CRM,Salesforce,Information Technology,Prism,S&P 500,11,51.03,72.96,50.8,1.19,50.0,50.23,44.7,,,,,,84.47,51.14,,58,mixed_sideways,28,fresh_bearish_cross,58.85,249.179993,0.48,-0.04607351,-0.03276144,0.29296384,0.43578213,4H RSI 位于健康强势区间,4H EMA 仍偏震荡；4H MACD 最近死叉
115,MRK,Merck & Co.,Health Care,Prism,S&P 500,39,50.57,65.13,54.4,6.76,50.0,52.02,48.35,,,,,,66.01,48.45,,55,mixed_sideways,42,mixed_or_bearish,51.19,148.479996,1.02,-0.01158304,0.00494075,0.15485718,0.13551546,4H RSI 位于健康强势区间,4H EMA 仍偏震荡；4H MACD 尚未确认多头
116,EL,Estée Lauder Companies (The),Consumer Staples,Prism,S&P 500,29,50.32,65.28,54.4,4.77,50.0,53.23,49.7,,,,,,67.9,48.83,,58,mixed_sideways,42,mixed_or_bearish,55.37,101.699997,0.85,-0.01620317,-0.00605945,0.15136414,0.22220885,4H RSI 位于健康强势区间,4H EMA 仍偏震荡；4H MACD 尚未确认多头
117,PSKY,Paramount Skydance Corporation,Communication Services,Prism,S&P 500,36,50.16,65.15,54.4,3.98,50.0,54.04,50.6,,,,,,71.2,48.49,,58,mixed_sideways,42,mixed_or_bearish,55.29,10.8,1.38,0.00046318,-0.00871960,0.17519042,0.34495641,4H RSI 位于健康强势区间,4H EMA 仍偏震荡；4H MACD 尚未确认多头
118,TGT,Target Corporation,Consumer Staples,Prism,S&P 500,83,50.05,57.69,54.4,20.68,50.0,50.52,48.35,,,,,,57.41,46.73,,55,mixed_sideways,42,mixed_or_bearish,52.34,162.75,0.6,-0.00934354,0.01156070,0.08724696,0.15943582,4H RSI 位于健康强势区间,4H EMA 仍偏震荡；4H MACD 尚未确认多头
119,JBL,Jabil,Information Technology,Prism,S&P 500,447,49.65,39.95,65.2,30.62,50.0,53.49,55.55,,,,,,37.44,41.74,,53,mixed_sideways,66,bullish_above_signal,50.23,312.329987,1.15,0.00746729,0.02342878,-0.08447899,0.00279328,4H MACD 位于 Signal 上方；4H MACD 柱体连续扩张；4H RSI 位于健康强势区间,4H EMA 仍偏震荡
120,AME,Ametek,Industrials,Prism,S&P 500,31,49.38,65.27,51.7,72.37,50.0,50.39,46.55,,,,,,42.75,48.8,,39,bearish_transition,66,bullish_above_signal,46.71,237.735001,0.79,0.00204426,0.01090702,-0.06281782,-0.02251143,4H MACD 位于 Signal 上方；4H MACD 柱体连续扩张,4H EMA 转弱或跌破 EMA26
121,DG,Dollar General,Consumer Staples,Prism,S&P 500,128,49.33,48.16,50.8,47.71,50.0,45.95,45.5,,,,,,50.8,45.41,,58,mixed_sideways,28,fresh_bearish_cross,50.9,127.879997,0.74,-0.03741068,0.00915401,0.01074929,0.03756590,4H RSI 位于健康强势区间,4H EMA 仍偏震荡；4H MACD 最近死叉
122,CMG,Chipotle Mexican Grill,Consumer Discretionary,Prism,S&P 500,88,49.14,57.62,54.4,14.71,50.0,50.52,48.35,,,,,,61.57,46.56,,55,mixed_sideways,42,mixed_or_bearish,50.47,36.950001,0.73,-0.01017951,-0.02827090,0.12652446,0.11295180,4H RSI 位于健康强势区间,4H EMA 仍偏震荡；4H MACD 尚未确认多头
123,COIN,Coinbase,Financials,Prism,S&P 500,87,49.08,57.63,54.4,14.31,50.0,51.01,48.9,,,,,,61.59,46.57,,58,mixed_sideways,42,mixed_or_bearish,50.41,178.940002,0.49,-0.03118568,-0.04854578,0.16482234,0.06810722,4H RSI 位于健康强势区间,4H EMA 仍偏震荡；4H MACD 尚未确认多头
124,CRWD,CrowdStrike,Information Technology,Prism,S&P 500,384,48.84,40.27,50.8,62.82,50.0,43.73,44.7,,,,,,41.51,42.55,,58,mixed_sideways,28,fresh_bearish_cross,50.14,210.020004,0.38,-0.01606930,-0.09097987,-0.02038339,0.16612991,4H RSI 位于健康强势区间,4H EMA 仍偏震荡；4H MACD 最近死叉
125,DVN,Devon Energy,Energy,Prism,S&P 500,76,48.77,57.77,54.4,11.93,50.0,51.33,49.25,,,,,,63.39,46.93,,55,mixed_sideways,42,mixed_or_bearish,56.41,48.400002,1.12,0.00134484,-0.00237034,0.12636725,0.12140876,4H RSI 位于健康强势区间,4H EMA 仍偏震荡；4H MACD 尚未确认多头
126,KDP,Keurig Dr Pepper,Consumer Staples,Prism,S&P 500,85,48.72,57.65,50.8,21.47,50.0,48.76,46.4,,,,,,56.9,46.63,,58,mixed_sideways,28,fresh_bearish_cross,56.83,32.549999,1.1,-0.00306288,0.02133662,0.08463842,0.08031862,4H RSI 位于健康强势区间,4H EMA 仍偏震荡；4H MACD 最近死叉
127,NEM,Newmont,Materials,Prism,S&P 500,75,48.71,57.78,54.4,11.53,50.0,51.73,49.7,,,,,,63.43,46.94,,58,mixed_sideways,42,mixed_or_bearish,52.6,127.056,0.66,-0.00991754,0.00822094,0.12458839,0.35961481,4H RSI 位于健康强势区间,4H EMA 仍偏震荡；4H MACD 尚未确认多头
128,CF,CF Industries,Materials,Prism,S&P 500,33,48.7,65.25,50.8,3.58,50.0,49.45,45.5,,,,,,72.53,48.76,,58,mixed_sideways,28,fresh_bearish_cross,59.94,134.389999,0.73,-0.00193089,0.03353072,0.17545698,0.12206732,4H RSI 位于健康强势区间,4H EMA 仍偏震荡；4H MACD 最近死叉
129,TRGP,Targa Resources,Energy,Prism,S&P 500,64,48.28,57.9,54.4,8.35,50.0,53.48,51.65,,,,,,64.97,47.24,,55,mixed_sideways,50,mixed_or_bearish,56.08,294.320007,1.11,0.01416221,0.00221335,0.14632914,0.09943965,4H MACD 柱体连续扩张；4H RSI 位于健康强势区间,4H EMA 仍偏震荡；4H MACD 尚未确认多头
130,EXE,Expand Energy,Energy,Prism,S&P 500,157,48.21,47.99,54.4,31.01,50.0,48.52,48.35,,,,,,53.64,44.98,,55,mixed_sideways,42,mixed_or_bearish,53.54,98.190002,0.87,0.00255258,0.00010187,0.05785393,0.08485250,4H RSI 位于健康强势区间,4H EMA 仍偏震荡；4H MACD 尚未确认多头
131,COP,ConocoPhillips,Energy,Prism,S&P 500,58,48.15,57.97,54.4,7.36,50.0,50.52,48.35,,,,,,65.85,47.42,,55,mixed_sideways,42,mixed_or_bearish,60.87,135.044998,0.75,0.00077809,0.01920753,0.14824417,0.16831043,4H RSI 位于健康强势区间,4H EMA 仍偏震荡；4H MACD 尚未确认多头
132,APH,Amphenol,Information Technology,Prism,S&P 500,503,48.06,36.95,75.1,0.6,50.0,73.61,77.9,,,,,,0.0,34.25,,100,confirmed_bullish_trend,70,bullish_above_signal,54.01,81.760002,1.29,-0.01136632,0.03076150,-0.03339832,0.09546459,4H EMA 多头排列已连续维持；4H MACD 位于 Signal 上方；4H RSI 位于健康强势区间,
133,APA,APA Corporation,Energy,Prism,S&P 500,53,47.97,58.06,54.4,5.96,50.0,50.52,48.35,,,,,,66.97,47.64,,55,mixed_sideways,42,mixed_or_bearish,55.72,43.549999,1.05,0.00045945,0.00926992,0.15716757,0.25359806,4H RSI 位于健康强势区间,4H EMA 仍偏震荡；4H MACD 尚未确认多头
134,RSG,Republic Services,Industrials,Prism,S&P 500,141,47.51,48.05,54.4,26.24,50.0,48.52,48.35,,,,,,54.41,45.13,,55,mixed_sideways,42,mixed_or_bearish,51.2,221.645004,0.92,-0.00471498,0.00251033,0.03326190,0.02197067,4H RSI 位于健康强势区间,4H EMA 仍偏震荡；4H MACD 尚未确认多头
135,CVX,Chevron Corporation,Energy,Prism,S&P 500,74,47.22,57.79,50.8,11.13,50.0,47.95,45.5,,,,,,63.6,46.97,,58,mixed_sideways,28,fresh_bearish_cross,62.92,210.0,0.86,0.00404007,0.01857691,0.12570355,0.10532130,4H RSI 位于健康强势区间,4H EMA 仍偏震荡；4H MACD 最近死叉
136,VZ,Verizon,Communication Services,Prism,S&P 500,132,47.19,48.14,54.4,23.86,50.0,48.52,48.35,,,,,,55.52,45.35,,55,mixed_sideways,42,mixed_or_bearish,59.21,50.400002,0.75,0.00285683,0.00759700,0.07120092,0.06418921,4H RSI 位于健康强势区间,4H EMA 仍偏震荡；4H MACD 尚未确认多头
137,EQIX,Equinix,Real Estate,Prism,S&P 500,77,47.06,57.77,54.1,67.99,50.0,50.52,48.35,,,,,,48.36,46.92,,39,bearish_transition,72,fresh_below_zero_cross,47.33,1041.209961,0.74,-0.00258650,-0.00526407,-0.00118950,-0.00502643,4H MACD 刚金叉但仍需零轴确认；4H MACD 柱体连续扩张,4H EMA 转弱或跌破 EMA26
138,ADI,Analog Devices,Information Technology,Prism,S&P 500,32,47.0,65.26,54.1,50.1,50.0,52.02,48.35,,,,,,40.15,48.78,,39,bearish_transition,72,fresh_below_zero_cross,46.44,363.200012,0.97,0.00580164,0.00292704,-0.06826399,-0.02391829,4H MACD 刚金叉但仍需零轴确认；4H MACD 柱体连续扩张,4H EMA 转弱或跌破 EMA26
139,LYB,LyondellBasell,Materials,Prism,S&P 500,120,46.92,48.23,54.4,21.87,50.0,48.11,47.9,,,,,,56.65,45.58,,52,mixed_sideways,42,mixed_or_bearish,50.28,64.57,1.27,-0.00301087,-0.00768403,0.08348014,0.10131330,4H RSI 位于健康强势区间,4H EMA 仍偏震荡；4H MACD 尚未确认多头
140,ATO,Atmos Energy,Utilities,Prism,S&P 500,215,46.83,47.76,51.7,96.22,50.0,46.36,45.95,,,,,,45.71,44.39,,39,bearish_transition,58,bullish_above_signal,48.4,168.089996,1.01,-0.00023796,0.01137184,-0.01233919,-0.05673401,4H MACD 位于 Signal 上方；4H RSI 位于健康强势区间,4H EMA 转弱或跌破 EMA26
141,MPC,Marathon Petroleum,Energy,Prism,S&P 500,6,46.82,73.33,60.1,0.8,50.0,72.96,69.95,,,,,,89.08,52.07,,89,confirmed_bullish_trend,78,bullish_above_signal,76.1,397.959991,0.69,0.02123508,0.06588817,0.33467476,0.27383882,4H EMA 多头排列已连续维持；4H MACD 位于 Signal 上方；4H MACD 柱体连续扩张,4H 相对 EMA26 超过 2 ATR，短线偏追高；4H RSI 过热
142,CTVA,Corteva,Materials,Prism,S&P 500,57,46.71,57.97,50.8,7.36,50.0,46.73,44.15,,,,,,65.85,47.42,,55,mixed_sideways,28,fresh_bearish_cross,55.1,85.919998,0.96,-0.02230313,0.01500291,0.11845871,-0.01895414,4H RSI 位于健康强势区间,4H EMA 仍偏震荡；4H MACD 最近死叉
143,OXY,Occidental Petroleum,Energy,Prism,S&P 500,109,46.66,48.33,54.4,19.88,50.0,48.52,48.35,,,,,,57.9,45.83,,55,mixed_sideways,42,mixed_or_bearish,58.69,60.665001,0.77,0.00898131,0.00805917,0.08495037,0.10460676,4H RSI 位于健康强势区间,4H EMA 仍偏震荡；4H MACD 尚未确认多头
144,DVA,DaVita,Health Care,Prism,S&P 500,228,46.57,47.7,51.7,94.63,50.0,40.28,39.2,,,,,,44.98,44.25,,28,confirmed_bearish_trend,58,bullish_above_signal,47.4,180.110001,0.95,-0.01493106,0.02300354,-0.01964947,-0.23779095,4H MACD 位于 Signal 上方,4H EMA 空头排列
145,VMRK,Vivmark Residential,Real Estate,Prism,S&P 500,227,46.53,47.7,41.5,54.87,50.0,5.0,0.0,,,,,,50.0,44.25,,0,insufficient_data,0,insufficient_data,,,,,,,,,4H样本不足：30根
146,SO,Southern Company,Utilities,Prism,S&P 500,229,46.45,47.7,51.7,93.84,50.0,46.89,46.55,,,,,,44.93,44.24,,39,bearish_transition,66,bullish_above_signal,46.69,89.004997,0.84,0.01188038,0.01153539,-0.03985976,-0.07738161,4H MACD 位于 Signal 上方；4H MACD 柱体连续扩张,4H EMA 转弱或跌破 EMA26
147,AEE,Ameren,Utilities,Prism,S&P 500,207,46.07,47.8,51.7,91.05,50.0,49.33,49.25,,,,,,46.28,44.51,,39,bearish_transition,66,bullish_above_signal,48.23,106.760002,1.11,0.00513116,0.00716983,-0.01920070,-0.04772098,4H MACD 位于 Signal 上方；4H MACD 柱体连续扩张；4H RSI 位于健康强势区间,4H EMA 转弱或跌破 EMA26
148,DUK,Duke Energy,Utilities,Prism,S&P 500,235,45.97,47.68,51.7,90.66,50.0,48.52,48.35,,,,,,44.75,44.2,,39,bearish_transition,66,bullish_above_signal,49.03,121.25,0.85,0.00739447,0.01134374,-0.02895125,-0.05883724,4H MACD 位于 Signal 上方；4H MACD 柱体连续扩张；4H RSI 位于健康强势区间,4H EMA 转弱或跌破 EMA26
149,CMS,CMS Energy,Utilities,Prism,S&P 500,238,45.73,47.67,51.7,89.07,50.0,49.33,49.25,,,,,,44.64,44.18,,39,bearish_transition,66,bullish_above_signal,48.72,68.790001,1.36,0.00658480,0.01072587,-0.03167230,-0.07378479,4H MACD 位于 Signal 上方；4H MACD 柱体连续扩张；4H RSI 位于健康强势区间,4H EMA 转弱或跌破 EMA26
150,EQT,EQT Corporation,Energy,Prism,S&P 500,125,45.7,48.18,50.8,23.46,50.0,44.73,44.15,,,,,,56.05,45.46,,55,mixed_sideways,28,fresh_bearish_cross,53.94,55.139999,0.69,0.00418865,0.01734314,0.06653768,0.06018076,4H RSI 位于健康强势区间,4H EMA 仍偏震荡；4H MACD 最近死叉
151,EXC,Exelon,Utilities,Prism,S&P 500,192,45.25,47.84,51.7,85.49,50.0,37.85,36.5,,,,,,46.79,44.61,,22,confirmed_bearish_trend,58,bullish_above_signal,45.67,43.950001,1.05,0.00514587,0.00503089,-0.03650117,-0.06826367,4H MACD 位于 Signal 上方,4H EMA 空头排列
152,COHR,Coherent Corp.,Information Technology,Prism,S&P 500,500,44.94,38.92,65.2,1.59,50.0,53.9,56.0,,,,,,24.66,39.18,,56,mixed_sideways,66,bullish_above_signal,57.69,301.829987,0.63,0.07598514,0.08704885,-0.20348872,0.11251173,4H MACD 位于 Signal 上方；4H MACD 柱体连续扩张；4H RSI 位于健康强势区间,4H EMA 仍偏震荡
153,PNW,Pinnacle West Capital,Utilities,Prism,S&P 500,252,44.93,47.61,51.7,83.9,50.0,49.33,49.25,,,,,,43.84,44.02,,39,bearish_transition,66,bullish_above_signal,48.18,98.07,1.36,0.00765480,0.00419820,-0.02934630,-0.06945630,4H MACD 位于 Signal 上方；4H MACD 柱体连续扩张；4H RSI 位于健康强势区间,4H EMA 转弱或跌破 EMA26
154,BAC,Bank of America,Financials,Prism,S&P 500,285,44.93,47.45,51.7,84.29,50.0,46.76,46.4,,,,,,46.91,43.63,,44,bearish_transition,58,bullish_above_signal,47.91,62.389999,0.62,-0.00438845,0.00726510,-0.01219128,0.00361937,4H MACD 位于 Signal 上方,4H EMA 转弱或跌破 EMA26
155,MET,MetLife,Financials,Prism,S&P 500,314,44.79,40.58,51.7,99.4,50.0,48.5,50.0,,,,,,45.37,43.32,,44,bearish_transition,70,bullish_above_signal,45.49,95.5,0.87,-0.03080128,0.00336205,-0.02321773,0.00320395,4H MACD 位于 Signal 上方,4H EMA 转弱或跌破 EMA26
156,D,Dominion Energy,Utilities,Prism,S&P 500,177,44.49,47.89,51.7,80.32,50.0,45.68,45.2,,,,,,47.34,44.72,,36,bearish_transition,66,bullish_above_signal,45.24,66.220001,0.84,0.00699512,0.00318132,-0.01706994,-0.05763478,4H MACD 位于 Signal 上方；4H MACD 柱体连续扩张,4H EMA 转弱或跌破 EMA26
157,REG,Regency Centers,Real Estate,Prism,S&P 500,276,44.41,47.48,51.7,80.72,50.0,49.33,49.25,,,,,,47.23,43.7,,39,bearish_transition,66,bullish_above_signal,48.47,75.93,1.55,0.00145080,0.01524267,-0.01543054,-0.07773596,4H MACD 位于 Signal 上方；4H MACD 柱体连续扩张；4H RSI 位于健康强势区间,4H EMA 转弱或跌破 EMA26
158,VLO,Valero Energy,Energy,Prism,S&P 500,13,44.29,72.88,53.85,1.59,50.0,72.96,69.95,,,,,,83.57,50.96,,89,confirmed_bullish_trend,78,bullish_above_signal,79.62,382.929993,0.95,0.03033726,0.06698425,0.28387977,0.25546697,4H EMA 多头排列已连续维持；4H MACD 位于 Signal 上方；4H MACD 柱体连续扩张,4H 相对 EMA26 超过 2 ATR，短线偏追高；4H RSI 过热
159,FRT,Federal Realty Investment Trust,Real Estate,Prism,S&P 500,274,44.29,47.49,51.7,79.92,50.0,45.55,45.05,,,,,,47.39,43.73,,39,bearish_transition,58,bullish_above_signal,47.67,117.260002,2.29,-0.00119250,0.01077493,-0.01179843,-0.07727416,4H MACD 位于 Signal 上方,4H EMA 转弱或跌破 EMA26
160,FE,FirstEnergy,Utilities,Prism,S&P 500,173,44.08,47.92,51.7,77.53,50.0,41.09,40.1,,,,,,47.73,44.8,,28,confirmed_bearish_trend,58,bullish_above_signal,47.52,46.459999,1.4,-0.00545865,0.01275202,-0.02117352,-0.05798867,4H MACD 位于 Signal 上方,4H EMA 空头排列
161,GM,General Motors,Consumer Discretionary,Prism,S&P 500,303,44.03,40.61,51.7,94.23,50.0,49.31,50.9,,,,,,45.82,43.41,,44,bearish_transition,70,bullish_above_signal,47.04,85.779999,1.25,-0.01462330,-0.00602554,-0.02049669,-0.01447613,4H MACD 位于 Signal 上方,4H EMA 转弱或跌破 EMA26
162,FFIV,"F5, Inc.",Information Technology,Prism,S&P 500,92,43.77,57.59,40.9,81.71,50.0,35.53,31.7,,,,,,43.61,46.47,,22,confirmed_bearish_trend,42,mixed_or_bearish,46.14,389.619995,0.93,-0.00552601,-0.04314941,-0.02621777,-0.04689453,,4H EMA 空头排列；4H MACD 尚未确认多头
163,SYF,Synchrony Financial,Financials,Prism,S&P 500,269,43.68,47.53,51.7,75.75,50.0,48.38,48.2,,,,,,47.83,43.82,,44,bearish_transition,58,bullish_above_signal,48.06,78.639999,0.78,-0.02310560,0.02030492,0.00050892,0.04421725,4H MACD 位于 Signal 上方；4H RSI 位于健康强势区间,4H EMA 转弱或跌破 EMA26
164,WMT,Walmart,Consumer Staples,Prism,S&P 500,264,43.62,47.54,51.7,75.35,50.0,40.28,39.2,,,,,,43.03,43.86,,28,confirmed_bearish_trend,58,bullish_above_signal,45.99,106.050003,0.56,-0.01132705,0.01192748,-0.05160076,-0.05092174,4H MACD 位于 Signal 上方,4H EMA 空头排列
165,WAB,Wabtec,Industrials,Prism,S&P 500,78,43.28,57.74,32.9,99.4,50.0,44.17,41.3,,,,,,45.44,46.84,,36,bearish_transition,50,mixed_or_bearish,42.41,284.540009,1.13,0.00793490,-0.00465242,-0.02477972,-0.05440163,4H MACD 柱体连续扩张,4H EMA 转弱或跌破 EMA26；4H MACD 尚未确认多头
166,PRU,Prudential Financial,Financials,Prism,S&P 500,299,42.96,47.39,43.7,92.64,50.0,46.76,46.4,,,,,,46.11,43.47,,44,bearish_transition,58,bullish_above_signal,44.39,119.419998,0.76,-0.03013075,0.01547619,-0.01541762,-0.02042495,4H MACD 位于 Signal 上方,4H EMA 转弱或跌破 EMA26
167,NTRS,Northern Trust,Financials,Prism,S&P 500,257,42.65,47.56,51.7,68.79,50.0,47.57,47.3,,,,,,48.31,43.91,,44,bearish_transition,58,bullish_above_signal,45.63,184.880005,1.62,-0.01518133,-0.00420122,-0.00366455,0.01259723,4H MACD 位于 Signal 上方,4H EMA 转弱或跌破 EMA26
168,NXPI,NXP Semiconductors,Information Technology,Prism,S&P 500,34,42.59,65.25,43.7,48.51,50.0,43.38,38.75,,,,,,39.94,48.74,,25,confirmed_bearish_trend,58,bullish_above_signal,44.67,223.869995,1.14,-0.01543676,-0.00369382,-0.06615777,-0.16400916,4H MACD 位于 Signal 上方,4H EMA 空头排列
169,TECH,Bio-Techne,Health Care,Prism,S&P 500,214,42.45,47.76,40.9,95.83,50.0,44.06,43.4,,,,,,45.73,44.4,,44,bearish_transition,42,mixed_or_bearish,48.9,72.309998,0.9,-0.00138111,-0.00013830,0.00020748,0.00970467,4H RSI 位于健康强势区间,4H EMA 转弱或跌破 EMA26；4H MACD 尚未确认多头
170,Q,Qnity Electronics,Information Technology,Prism,S&P 500,44,42.0,64.96,51.7,23.86,50.0,52.02,48.35,,,,,,36.42,48.03,,39,bearish_transition,66,bullish_above_signal,49.15,123.300003,0.88,0.02527857,0.03231749,-0.10632745,-0.07209514,4H MACD 位于 Signal 上方；4H MACD 柱体连续扩张；4H RSI 位于健康强势区间,4H EMA 转弱或跌破 EMA26
171,CFG,Citizens Financial Group,Financials,Prism,S&P 500,344,42.0,40.43,51.7,81.11,50.0,38.78,39.2,,,,,,43.55,42.96,,28,confirmed_bearish_trend,58,bullish_above_signal,46.59,70.0,0.87,-0.01422338,0.01640768,-0.03647628,-0.01547114,4H MACD 位于 Signal 上方,4H EMA 空头排列
172,IRM,Iron Mountain,Real Estate,Prism,S&P 500,322,41.83,40.55,46.1,94.63,50.0,41.34,42.05,,,,,,44.98,43.25,,25,confirmed_bearish_trend,72,fresh_below_zero_cross,44.69,116.080002,0.99,-0.00540649,0.00615410,-0.04176983,-0.08569626,4H MACD 刚金叉但仍需零轴确认；4H MACD 柱体连续扩张,4H EMA 空头排列
173,AMP,Ameriprise Financial,Financials,Prism,S&P 500,250,41.77,47.62,51.7,62.82,50.0,52.43,52.7,,,,,,48.96,44.04,,44,bearish_transition,70,bullish_above_signal,49.7,556.789978,1.22,-0.01228028,0.00670782,0.00889681,0.03442568,4H MACD 位于 Signal 上方；4H RSI 位于健康强势区间,4H EMA 转弱或跌破 EMA26
174,IBM,IBM,Information Technology,Prism,S&P 500,363,41.75,40.38,54.1,73.16,50.0,40.4,41.0,,,,,,42.88,42.83,,28,confirmed_bearish_trend,64,fresh_below_zero_cross,46.59,232.110001,0.8,-0.01082460,-0.00697358,-0.02125234,0.07468287,4H MACD 刚金叉但仍需零轴确认,4H EMA 空头排列
175,CTAS,Cintas,Industrials,Prism,S&P 500,296,41.67,47.4,40.9,91.45,50.0,41.36,40.4,,,,,,46.26,43.5,,36,bearish_transition,50,mixed_or_bearish,45.72,200.5,0.92,0.00204910,-0.00639275,-0.01221793,-0.04994311,4H MACD 柱体连续扩张,4H EMA 转弱或跌破 EMA26；4H MACD 尚未确认多头
176,KIM,Kimco Realty,Real Estate,Prism,S&P 500,283,41.62,47.46,43.7,83.5,50.0,37.85,36.5,,,,,,47.0,43.65,,22,confirmed_bearish_trend,58,bullish_above_signal,40.92,23.754999,1.02,-0.00165585,0.00189793,-0.02802790,-0.09984843,4H MACD 位于 Signal 上方,4H EMA 空头排列
177,FAST,Fastenal,Industrials,Prism,S&P 500,366,41.56,40.37,54.1,71.97,50.0,47.02,48.35,,,,,,42.71,42.79,,39,bearish_transition,72,fresh_below_zero_cross,45.56,49.380001,0.86,-0.00020243,0.00202926,-0.04726994,0.03652397,4H MACD 刚金叉但仍需零轴确认；4H MACD 柱体连续扩张,4H EMA 转弱或跌破 EMA26
178,WM,Waste Management,Industrials,Prism,S&P 500,315,41.47,40.57,43.7,98.61,50.0,34.19,34.1,,,,,,45.18,43.29,,22,confirmed_bearish_trend,58,bullish_above_signal,38.92,217.839996,0.88,-0.00171849,-0.00534222,-0.04317654,-0.08443659,4H MACD 位于 Signal 上方,4H EMA 空头排列；4H RSI 偏弱
179,TXN,Texas Instruments,Information Technology,Prism,S&P 500,45,41.44,64.9,51.7,20.28,50.0,50.39,46.55,,,,,,35.64,47.88,,39,bearish_transition,66,bullish_above_signal,46.4,258.920013,1.0,0.00481225,-0.00739886,-0.09493839,-0.07346573,4H MACD 位于 Signal 上方；4H MACD 柱体连续扩张,4H EMA 转弱或跌破 EMA26
180,FTNT,Fortinet,Information Technology,Prism,S&P 500,294,41.37,47.41,40.9,89.46,50.0,41.36,40.4,,,,,,46.35,43.52,,36,bearish_transition,50,mixed_or_bearish,47.77,157.470001,0.66,0.00539506,-0.07879958,-0.01348803,0.03360679,4H MACD 柱体连续扩张,4H EMA 转弱或跌破 EMA26；4H MACD 尚未确认多头
181,COF,Capital One,Financials,Prism,S&P 500,308,41.3,40.6,43.7,97.42,50.0,45.26,46.4,,,,,,45.64,43.38,,44,bearish_transition,58,bullish_above_signal,43.13,214.024994,1.01,-0.02662821,-0.00323681,-0.01665518,0.03378735,4H MACD 位于 Signal 上方,4H EMA 转弱或跌破 EMA26
182,RJF,Raymond James Financial,Financials,Prism,S&P 500,241,41.25,47.66,51.7,59.24,50.0,52.43,52.7,,,,,,49.48,44.15,,44,bearish_transition,70,bullish_above_signal,48.15,176.634995,1.06,-0.01563200,-0.00855977,0.00031143,0.01707259,4H MACD 位于 Signal 上方；4H RSI 位于健康强势区间,4H EMA 转弱或跌破 EMA26
183,MLM,Martin Marietta Materials,Materials,Prism,S&P 500,331,40.86,40.51,46.1,88.27,50.0,40.94,41.6,,,,,,44.54,43.16,,22,confirmed_bearish_trend,72,fresh_below_zero_cross,40.13,512.455017,1.17,-0.00037063,-0.01213491,-0.06554523,-0.10414665,4H MACD 刚金叉但仍需零轴确认；4H MACD 柱体连续扩张,4H EMA 空头排列
184,KEY,KeyCorp,Financials,Prism,S&P 500,327,40.44,40.53,43.7,91.85,50.0,39.59,40.1,,,,,,44.8,43.21,,28,confirmed_bearish_trend,58,bullish_above_signal,44.45,21.795,1.23,-0.02088949,0.00856080,-0.04113506,-0.03133333,4H MACD 位于 Signal 上方,4H EMA 空头排列
185,MTB,M&T Bank,Financials,Prism,S&P 500,368,40.36,40.35,51.7,70.38,50.0,38.38,38.75,,,,,,42.5,42.75,,25,confirmed_bearish_trend,58,bullish_above_signal,45.5,238.470001,1.22,-0.00897645,0.01945111,-0.04760573,-0.03989856,4H MACD 位于 Signal 上方,4H EMA 空头排列
186,PNC,PNC Financial Services,Financials,Prism,S&P 500,371,40.12,40.35,51.7,68.79,50.0,38.78,39.2,,,,,,42.43,42.74,,28,confirmed_bearish_trend,58,bullish_above_signal,45.51,242.990005,0.76,-0.01137172,0.01410627,-0.03743463,-0.02667730,4H MACD 位于 Signal 上方,4H EMA 空头排列
187,ROP,Roper Technologies,Information Technology,Prism,S&P 500,82,39.99,57.7,25.9,96.22,50.0,39.85,36.5,,,,,,45.03,46.76,,38,bearish_transition,42,mixed_or_bearish,35.07,395.649994,0.9,-0.03110080,-0.06833546,-0.01640772,0.05498225,,4H EMA 转弱或跌破 EMA26；4H MACD 尚未确认多头；4H RSI 偏弱
188,TRMB,Trimble Inc.,Information Technology,Prism,S&P 500,272,39.86,47.5,40.9,79.13,50.0,40.82,39.8,,,,,,47.56,43.76,,38,bearish_transition,42,mixed_or_bearish,46.37,58.779999,1.05,-0.01193483,-0.01918907,-0.01243281,0.05416071,,4H EMA 转弱或跌破 EMA26；4H MACD 尚未确认多头
189,GNRC,Generac,Industrials,Prism,S&P 500,60,39.84,57.94,54.1,19.48,50.0,50.52,48.35,,,,,,35.57,47.36,,39,bearish_transition,72,fresh_below_zero_cross,45.92,190.259995,0.75,0.02422481,0.02621360,-0.10347755,-0.03626787,4H MACD 刚金叉但仍需零轴确认；4H MACD 柱体连续扩张,4H EMA 转弱或跌破 EMA26
190,WAT,Waters Corporation,Health Care,Prism,S&P 500,224,39.41,47.71,32.9,97.02,50.0,40.01,38.9,,,,,,45.1,44.27,,38,bearish_transition,42,mixed_or_bearish,41.55,402.940002,0.8,-0.01851222,-0.02854525,-0.00990245,0.08575512,,4H EMA 转弱或跌破 EMA26；4H MACD 尚未确认多头
191,HCA,HCA Healthcare,Health Care,Prism,S&P 500,216,39.37,47.76,32.9,96.62,50.0,40.01,38.9,,,,,,45.7,44.39,,36,bearish_transition,42,mixed_or_bearish,40.0,402.119995,1.11,-0.00953224,-0.02949269,-0.02672090,0.03263910,,4H EMA 转弱或跌破 EMA26；4H MACD 尚未确认多头
192,MSFT,Microsoft,Information Technology,Prism,S&P 500,328,39.02,40.53,40.9,89.86,50.0,39.01,39.45,,,,,,44.69,43.19,,41,bearish_transition,42,mixed_or_bearish,47.43,493.950012,0.54,-0.01388484,-0.02635416,-0.01188262,0.26937015,,4H EMA 转弱或跌破 EMA26；4H MACD 尚未确认多头
193,AZO,AutoZone,Consumer Discretionary,Prism,S&P 500,342,38.89,40.44,43.7,81.71,50.0,37.57,37.85,,,,,,43.61,42.97,,25,confirmed_bearish_trend,58,bullish_above_signal,44.87,2951.070068,1.01,-0.00137720,-0.01282853,-0.05562733,-0.04038356,4H MACD 位于 Signal 上方,4H EMA 空头排列
194,FITB,Fifth Third Bancorp,Financials,Prism,S&P 500,391,38.78,40.26,51.7,60.04,50.0,37.57,37.85,,,,,,41.41,42.53,,25,confirmed_bearish_trend,58,bullish_above_signal,45.18,54.52,1.0,-0.00962759,0.01394830,-0.04493298,-0.04350877,4H MACD 位于 Signal 上方,4H EMA 空头排列
195,PLD,Prologis,Real Estate,Prism,S&P 500,300,38.76,47.38,32.9,93.44,50.0,41.36,40.4,,,,,,45.95,43.44,,36,bearish_transition,50,mixed_or_bearish,43.49,138.490005,0.76,0.00398726,-0.01022008,-0.01149180,-0.05961838,4H MACD 柱体连续扩张,4H EMA 转弱或跌破 EMA26；4H MACD 尚未确认多头
196,IFF,International Flavors & Fragrances,Materials,Prism,S&P 500,260,38.68,47.55,40.9,71.17,50.0,43.66,42.95,,,,,,48.09,43.87,,41,bearish_transition,42,mixed_or_bearish,48.98,85.660004,1.19,-0.00511027,-0.00776089,-0.00238740,0.12135103,4H RSI 位于健康强势区间,4H EMA 转弱或跌破 EMA26；4H MACD 尚未确认多头
197,PODD,Insulet Corporation,Health Care,Prism,S&P 500,35,38.31,65.22,29.3,58.45,50.0,31.9,26.0,,,,,,49.59,48.67,,22,confirmed_bearish_trend,28,fresh_bearish_cross,39.96,142.279999,1.75,-0.03453889,-0.04285231,0.00879188,-0.13769698,,4H EMA 空头排列；4H MACD 最近死叉；4H RSI 偏弱
198,WELL,Welltower,Real Estate,Prism,S&P 500,256,38.15,47.57,40.9,67.59,50.0,40.01,38.9,,,,,,48.37,43.92,,38,bearish_transition,42,mixed_or_bearish,47.6,237.335007,0.74,0.00065357,0.00455012,0.00154030,-0.04446814,,4H EMA 转弱或跌破 EMA26；4H MACD 尚未确认多头
199,MDLZ,Mondelez International,Consumer Staples,Prism,S&P 500,194,38.08,47.84,32.9,87.87,50.0,36.5,35.0,,,,,,46.68,44.59,,22,confirmed_bearish_trend,50,mixed_or_bearish,42.43,61.630001,1.07,0.00350077,-0.00692878,-0.01541657,0.01615827,4H MACD 柱体连续扩张,4H EMA 空头排列；4H MACD 尚未确认多头
200,HBAN,Huntington Bancshares,Financials,Prism,S&P 500,356,38.07,40.4,43.7,76.34,50.0,37.57,37.85,,,,,,43.1,42.87,,25,confirmed_bearish_trend,58,bullish_above_signal,42.13,16.76,0.71,-0.02016954,0.00449512,-0.04501419,-0.02245553,4H MACD 位于 Signal 上方,4H EMA 空头排列
201,PM,Philip Morris International,Consumer Staples,Prism,S&P 500,242,37.84,47.65,32.9,86.68,50.0,35.69,34.1,,,,,,44.41,44.13,,22,confirmed_bearish_trend,50,mixed_or_bearish,41.96,184.779999,0.79,0.01102509,-0.01387558,-0.02475327,-0.05565492,4H MACD 柱体连续扩张,4H EMA 空头排列；4H MACD 尚未确认多头
202,PLTR,Palantir Technologies,Information Technology,Prism,S&P 500,289,37.65,47.44,32.9,85.88,50.0,39.29,38.1,,,,,,46.73,43.6,,38,bearish_transition,42,mixed_or_bearish,43.45,170.300003,0.46,-0.02468357,-0.08617728,-0.00988370,0.29461405,,4H EMA 转弱或跌破 EMA26；4H MACD 尚未确认多头
203,AKAM,Akamai Technologies,Information Technology,Prism,S&P 500,365,37.52,40.37,43.7,72.76,50.0,39.32,39.8,,,,,,42.77,42.8,,22,confirmed_bearish_trend,66,bullish_above_signal,41.57,105.610001,1.12,0.00208750,-0.02753220,-0.04433989,-0.06415593,4H MACD 位于 Signal 上方；4H MACD 柱体连续扩张,4H EMA 空头排列
204,NUE,Nucor,Materials,Prism,S&P 500,406,37.5,40.18,51.7,51.69,50.0,50.93,52.7,,,,,,40.37,42.32,,44,bearish_transition,70,bullish_above_signal,49.83,256.445007,1.13,-0.01293272,0.02750623,-0.05915911,0.03426098,4H MACD 位于 Signal 上方；4H RSI 位于健康强势区间,4H EMA 转弱或跌破 EMA26
205,SCHW,Charles Schwab Corporation,Financials,Prism,S&P 500,286,37.47,47.45,32.9,84.69,50.0,37.85,36.5,,,,,,46.87,43.62,,38,bearish_transition,42,mixed_or_bearish,38.51,106.870003,0.81,-0.02124736,-0.02686211,-0.00669201,0.02582072,,4H EMA 转弱或跌破 EMA26；4H MACD 尚未确认多头；4H RSI 偏弱
206,DOV,Dover Corporation,Industrials,Prism,S&P 500,376,37.45,40.32,46.1,66.0,50.0,47.02,48.35,,,,,,42.08,42.67,,39,bearish_transition,72,fresh_below_zero_cross,43.68,194.740005,1.02,0.01522259,0.00252255,-0.07741139,-0.05415510,4H MACD 刚金叉但仍需零轴确认；4H MACD 柱体连续扩张,4H EMA 转弱或跌破 EMA26
207,TROW,T. Rowe Price,Financials,Prism,S&P 500,378,37.33,40.3,46.1,65.21,50.0,38.78,39.2,,,,,,41.86,42.62,,22,confirmed_bearish_trend,64,fresh_below_zero_cross,40.7,109.419998,1.25,-0.00590535,-0.01636102,-0.04017546,-0.08212399,4H MACD 刚金叉但仍需零轴确认,4H EMA 空头排列
208,AMZN,Amazon,Consumer Discretionary,Prism,S&P 500,421,37.28,40.07,54.1,44.14,50.0,43.64,44.6,,,,,,39.01,42.05,,36,bearish_transition,64,fresh_below_zero_cross,45.91,256.970001,0.57,0.00035034,-0.01138765,-0.06365690,0.11069329,4H MACD 刚金叉但仍需零轴确认,4H EMA 转弱或跌破 EMA26
209,GOOGL,Alphabet Inc. (Class A),Communication Services,Prism,S&P 500,367,37.28,40.35,43.7,71.17,50.0,36.35,36.5,,,,,,42.53,42.76,,22,confirmed_bearish_trend,58,bullish_above_signal,44.33,338.359985,0.72,-0.00106287,-0.00271167,-0.04485537,0.03613421,4H MACD 位于 Signal 上方,4H EMA 空头排列
210,ECL,Ecolab,Materials,Prism,S&P 500,313,37.27,40.58,32.9,99.4,50.0,39.86,40.4,,,,,,45.37,43.32,,36,bearish_transition,50,mixed_or_bearish,40.39,278.119995,1.0,-0.00315414,-0.01738275,-0.02424308,0.02340295,4H MACD 柱体连续扩张,4H EMA 转弱或跌破 EMA26；4H MACD 尚未确认多头
211,DHR,Danaher Corporation,Health Care,Prism,S&P 500,181,37.2,47.87,32.9,81.91,50.0,37.04,35.6,,,,,,47.11,44.67,,36,bearish_transition,42,mixed_or_bearish,39.75,205.184998,1.01,-0.00797742,-0.04069849,0.00183097,0.04409217,,4H EMA 转弱或跌破 EMA26；4H MACD 尚未确认多头；4H RSI 偏弱
212,DIS,Walt Disney Company (The),Communication Services,Prism,S&P 500,280,37.18,47.46,32.9,82.7,50.0,40.01,38.9,,,,,,47.06,43.66,,38,bearish_transition,42,mixed_or_bearish,43.13,105.089996,0.79,-0.00548880,-0.02296395,0.00185899,0.08743788,,4H EMA 转弱或跌破 EMA26；4H MACD 尚未确认多头
213,WSM,"Williams-Sonoma, Inc.",Consumer Discretionary,Prism,S&P 500,426,37.01,40.06,54.1,42.35,50.0,47.02,48.35,,,,,,38.86,42.02,,39,bearish_transition,72,fresh_below_zero_cross,45.27,227.889999,0.88,0.00507186,-0.00148971,-0.09438086,-0.02760711,4H MACD 刚金叉但仍需零轴确认；4H MACD 柱体连续扩张,4H EMA 转弱或跌破 EMA26
214,PGR,Progressive Corporation,Financials,Prism,S&P 500,279,37.0,47.47,32.9,81.51,50.0,40.01,38.9,,,,,,47.14,43.68,,38,bearish_transition,42,mixed_or_bearish,41.3,214.910004,0.95,-0.02304751,-0.01449077,-0.00213582,-0.00389338,,4H EMA 转弱或跌破 EMA26；4H MACD 尚未确认多头
215,CNC,Centene Corporation,Health Care,Prism,S&P 500,205,36.99,47.8,29.3,90.26,50.0,38.26,36.95,,,,,,46.31,44.51,,41,bearish_transition,28,fresh_bearish_cross,43.0,64.589996,1.3,-0.04495048,0.00404157,-0.01779206,0.00780153,,4H EMA 转弱或跌破 EMA26；4H MACD 最近死叉
216,J,Jacobs Solutions,Industrials,Prism,S&P 500,278,36.94,47.47,32.9,81.11,50.0,38.66,37.4,,,,,,47.15,43.68,,38,bearish_transition,42,mixed_or_bearish,38.85,144.294998,1.16,-0.01377213,-0.03170719,-0.00499935,0.06687614,,4H EMA 转弱或跌破 EMA26；4H MACD 尚未确认多头；4H RSI 偏弱
217,RF,Regions Financial Corporation,Financials,Prism,S&P 500,372,36.8,40.34,43.7,67.99,50.0,38.38,38.75,,,,,,42.33,42.72,,25,confirmed_bearish_trend,58,bullish_above_signal,43.78,30.084999,1.19,-0.01570430,0.00669229,-0.04279354,-0.02162605,4H MACD 位于 Signal 上方,4H EMA 空头排列
218,CBRE,CBRE Group,Real Estate,Prism,S&P 500,320,36.7,40.55,32.9,95.63,50.0,36.35,36.5,,,,,,45.01,43.25,,36,bearish_transition,42,mixed_or_bearish,39.32,142.309998,1.53,-0.03108086,-0.02400384,-0.03922493,-0.01118677,,4H EMA 转弱或跌破 EMA26；4H MACD 尚未确认多头；4H RSI 偏弱
219,YUM,Yum! Brands,Consumer Discretionary,Prism,S&P 500,306,36.63,40.61,32.9,95.03,50.0,38.51,38.9,,,,,,45.79,43.41,,36,bearish_transition,42,mixed_or_bearish,41.62,149.539993,1.12,-0.01579577,-0.02490876,-0.00763162,0.01170418,,4H EMA 转弱或跌破 EMA26；4H MACD 尚未确认多头
220,CSX,CSX Corporation,Industrials,Prism,S&P 500,304,36.57,40.61,32.9,94.63,50.0,32.03,31.7,,,,,,45.81,43.41,,22,confirmed_bearish_trend,50,mixed_or_bearish,39.59,49.0,0.6,-0.00689096,-0.02989503,-0.02506960,-0.05368866,4H MACD 柱体连续扩张,4H EMA 空头排列；4H MACD 尚未确认多头；4H RSI 偏弱
221,APTV,Aptiv,Consumer Discretionary,Prism,S&P 500,115,36.47,48.28,43.7,47.32,50.0,39.07,37.85,,,,,,39.69,45.69,,25,confirmed_bearish_trend,58,bullish_above_signal,43.32,45.695,0.84,-0.03698632,0.02088923,-0.07798630,-0.20461272,4H MACD 位于 Signal 上方,4H EMA 空头排列
222,VTRS,Viatris,Health Care,Prism,S&P 500,153,36.44,48.0,37.3,64.81,50.0,37.45,36.05,,,,,,48.71,44.99,,41,bearish_transition,28,fresh_bearish_cross,47.18,16.610001,0.57,-0.02063668,0.00605700,0.01187938,-0.05838991,,4H EMA 转弱或跌破 EMA26；4H MACD 最近死叉
223,KR,Kroger,Consumer Staples,Prism,S&P 500,151,36.32,48.0,37.3,64.02,50.0,38.26,36.95,,,,,,48.73,45.0,,41,bearish_transition,28,fresh_bearish_cross,45.04,57.200001,1.23,-0.02671429,-0.00590893,0.00828488,-0.01345290,,4H EMA 转弱或跌破 EMA26；4H MACD 最近死叉
224,DGX,Quest Diagnostics,Health Care,Prism,S&P 500,171,36.18,47.93,32.9,74.95,50.0,37.85,36.5,,,,,,47.85,44.82,,38,bearish_transition,42,mixed_or_bearish,38.16,235.490005,0.77,-0.01044228,-0.02030199,-0.01145998,0.01548086,,4H EMA 转弱或跌破 EMA26；4H MACD 尚未确认多头；4H RSI 偏弱
225,MSI,Motorola Solutions,Information Technology,Prism,S&P 500,59,36.17,57.95,25.9,70.18,50.0,39.04,35.6,,,,,,48.16,47.38,,36,bearish_transition,42,mixed_or_bearish,36.62,463.25,0.82,-0.01656918,-0.04614340,-0.00892134,0.09308639,,4H EMA 转弱或跌破 EMA26；4H MACD 尚未确认多头；4H RSI 偏弱
226,CARR,Carrier Global,Industrials,Prism,S&P 500,425,36.05,40.06,51.7,42.35,50.0,43.23,44.15,,,,,,38.86,42.02,,39,bearish_transition,58,bullish_above_signal,47.07,59.119999,0.81,-0.00033818,0.01545857,-0.07625002,-0.14751261,4H MACD 位于 Signal 上方,4H EMA 转弱或跌破 EMA26
227,AAPL,Apple Inc.,Information Technology,Prism,S&P 500,249,35.95,47.62,37.3,62.43,50.0,37.45,36.05,,,,,,48.97,44.04,,41,bearish_transition,28,fresh_bearish_cross,47.0,316.220001,0.69,-0.01698866,-0.00318384,0.00932018,-0.06143895,,4H EMA 转弱或跌破 EMA26；4H MACD 最近死叉
228,IVZ,Invesco,Financials,Prism,S&P 500,221,35.94,47.73,40.9,52.49,50.0,44.06,43.4,,,,,,50.36,44.32,,44,bearish_transition,42,mixed_or_bearish,48.76,32.355,0.73,-0.02368736,-0.01296519,0.02437869,0.07420315,4H RSI 位于健康强势区间,4H EMA 转弱或跌破 EMA26；4H MACD 尚未确认多头
229,DRI,Darden Restaurants,Consumer Discretionary,Prism,S&P 500,281,35.8,47.46,29.3,83.1,50.0,36.23,34.7,,,,,,47.04,43.66,,36,bearish_transition,28,fresh_bearish_cross,40.55,213.014999,1.41,-0.02080075,-0.00599629,-0.00362502,0.04347507,,4H EMA 转弱或跌破 EMA26；4H MACD 最近死叉
230,SPG,Simon Property Group,Real Estate,Prism,S&P 500,401,35.72,40.22,46.1,54.67,50.0,44.45,45.5,,,,,,40.83,42.42,,36,bearish_transition,72,fresh_below_zero_cross,39.91,211.970001,1.72,0.00459716,-0.00178952,-0.04886476,-0.08511373,4H MACD 刚金叉但仍需零轴确认；4H MACD 柱体连续扩张,4H EMA 转弱或跌破 EMA26；4H RSI 偏弱
231,JPM,JPMorgan Chase,Financials,Prism,S&P 500,312,35.72,40.59,29.3,98.61,50.0,35.95,36.05,,,,,,45.48,43.35,,41,bearish_transition,28,fresh_bearish_cross,42.91,353.549988,0.8,-0.01316072,-0.00734216,-0.01096599,-0.00738392,,4H EMA 转弱或跌破 EMA26；4H MACD 最近死叉
232,LVS,Las Vegas Sands,Consumer Discretionary,Prism,S&P 500,330,35.64,40.51,32.9,88.67,50.0,29.87,29.3,,,,,,44.55,43.16,,22,confirmed_bearish_trend,42,mixed_or_bearish,38.93,43.985001,0.91,-0.01345740,0.00399452,-0.03857921,-0.07952284,,4H EMA 空头排列；4H MACD 尚未确认多头；4H RSI 偏弱
233,MKC,McCormick & Company,Consumer Staples,Prism,S&P 500,237,35.59,47.68,25.9,90.26,50.0,37.85,36.5,,,,,,44.7,44.19,,36,bearish_transition,42,mixed_or_bearish,35.52,51.928001,1.13,-0.00502008,-0.04218388,-0.01911594,0.02624512,,4H EMA 转弱或跌破 EMA26；4H MACD 尚未确认多头；4H RSI 偏弱
234,CSGP,CoStar Group,Real Estate,Prism,S&P 500,262,35.54,47.54,32.9,71.57,50.0,37.04,35.6,,,,,,48.06,43.86,,36,bearish_transition,42,mixed_or_bearish,39.72,30.34,1.03,-0.01828186,-0.05335410,0.00314098,0.04010970,,4H EMA 转弱或跌破 EMA26；4H MACD 尚未确认多头；4H RSI 偏弱
235,KO,Coca-Cola Company (The),Consumer Staples,Prism,S&P 500,130,35.49,48.16,40.9,48.51,50.0,42.17,41.3,,,,,,50.73,45.4,,38,bearish_transition,50,mixed_or_bearish,46.15,88.419998,0.82,0.00534396,-0.00315670,0.01567972,0.05130486,4H MACD 柱体连续扩张,4H EMA 转弱或跌破 EMA26；4H MACD 尚未确认多头
236,HST,Host Hotels & Resorts,Real Estate,Prism,S&P 500,392,35.46,40.26,43.7,59.24,50.0,44.99,46.1,,,,,,41.36,42.52,,36,bearish_transition,66,bullish_above_signal,40.4,22.07,1.41,0.00068012,0.00638395,-0.05197599,-0.11631632,4H MACD 位于 Signal 上方；4H MACD 柱体连续扩张,4H EMA 转弱或跌破 EMA26
237,GPC,Genuine Parts Company,Consumer Discretionary,Prism,S&P 500,333,35.46,40.51,32.9,87.48,50.0,39.73,40.25,,,,,,44.48,43.15,,41,bearish_transition,42,mixed_or_bearish,44.36,134.009995,1.02,-0.02481446,-0.01281772,-0.01212638,0.04871457,,4H EMA 转弱或跌破 EMA26；4H MACD 尚未确认多头
238,BMY,Bristol Myers Squibb,Health Care,Prism,S&P 500,199,35.4,47.82,25.9,88.67,50.0,38.66,37.4,,,,,,46.52,44.55,,38,bearish_transition,42,mixed_or_bearish,36.6,64.699997,1.38,-0.02867443,-0.03187199,-0.00015457,0.03412448,,4H EMA 转弱或跌破 EMA26；4H MACD 尚未确认多头；4H RSI 偏弱
239,GOOG,Alphabet Inc. (Class C),Communication Services,Prism,S&P 500,393,35.4,40.25,43.7,58.85,50.0,36.35,36.5,,,,,,41.31,42.51,,22,confirmed_bearish_trend,58,bullish_above_signal,44.17,335.380005,0.72,-0.00011928,-0.00032783,-0.05096355,0.02685166,4H MACD 位于 Signal 上方,4H EMA 空头排列
240,VEEV,Veeva Systems,Health Care,Prism,S&P 500,41,35.32,65.05,40.9,7.95,50.0,45.62,41.25,,,,,,65.01,48.25,,41,bearish_transition,42,mixed_or_bearish,49.12,264.950012,0.54,-0.03773511,-0.07220644,0.15005646,0.36263119,4H RSI 位于健康强势区间,4H EMA 转弱或跌破 EMA26；4H MACD 尚未确认多头
241,ACN,Accenture,Information Technology,Prism,S&P 500,258,35.24,47.56,32.9,69.58,50.0,40.01,38.9,,,,,,48.21,43.89,,38,bearish_transition,42,mixed_or_bearish,41.71,179.039993,0.96,-0.04965636,-0.05654219,0.01912568,0.16214459,,4H EMA 转弱或跌破 EMA26；4H MACD 尚未确认多头
242,VTR,Ventas,Real Estate,Prism,S&P 500,337,35.03,40.47,32.9,84.69,50.0,30.68,30.2,,,,,,44.05,43.06,,22,confirmed_bearish_trend,42,mixed_or_bearish,39.27,89.870003,1.29,-0.01209188,-0.01436715,-0.03707274,-0.10228746,,4H EMA 空头排列；4H MACD 尚未确认多头；4H RSI 偏弱
243,FISV,Fiserv,Financials,Prism,S&P 500,301,35.01,40.63,29.3,93.84,50.0,25.87,24.85,,,,,,45.94,43.44,,22,confirmed_bearish_trend,28,fresh_bearish_cross,39.33,50.860001,5.06,-0.04756556,-0.04577857,-0.02920401,-0.02734748,,4H EMA 空头排列；4H MACD 最近死叉；4H RSI 偏弱
244,EIX,Edison International,Utilities,Prism,S&P 500,321,35.0,40.55,46.1,49.11,50.0,45.08,46.2,,,,,,40.0,43.25,,36,bearish_transition,72,fresh_below_zero_cross,40.43,59.345001,0.55,0.06086882,0.09959236,-0.13503862,-0.24564634,4H MACD 刚金叉但仍需零轴确认；4H MACD 柱体连续扩张,4H EMA 转弱或跌破 EMA26
245,BF-B,Brown–Forman,Consumer Staples,Prism,S&P 500,277,34.86,47.48,32.9,67.2,50.0,32.18,30.2,,,,,,42.2,43.69,,22,confirmed_bearish_trend,42,mixed_or_bearish,38.89,26.4023,1.51,-0.00743233,-0.00668548,-0.07376597,-0.03606057,,4H EMA 空头排列；4H MACD 尚未确认多头；4H RSI 偏弱
246,PEP,PepsiCo,Consumer Staples,Prism,S&P 500,159,34.85,47.98,32.9,66.0,50.0,35.69,34.1,,,,,,48.54,44.96,,22,confirmed_bearish_trend,50,mixed_or_bearish,41.24,138.449997,0.83,0.00508165,-0.01339703,-0.00411450,-0.00951497,4H MACD 柱体连续扩张,4H EMA 空头排列；4H MACD 尚未确认多头
247,CB,Chubb Limited,Financials,Prism,S&P 500,325,34.78,40.54,29.3,92.45,50.0,26.09,25.1,,,,,,44.86,43.22,,22,confirmed_bearish_trend,28,fresh_bearish_cross,39.85,336.690002,0.9,-0.01993947,-0.00599315,-0.03887984,-0.06196192,,4H EMA 空头排列；4H MACD 最近死叉；4H RSI 偏弱
248,NDAQ,"Nasdaq, Inc.",Financials,Prism,S&P 500,254,34.77,47.58,32.9,66.4,50.0,40.01,38.9,,,,,,48.51,43.95,,38,bearish_transition,42,mixed_or_bearish,40.58,95.040001,0.84,-0.01868866,-0.03620322,0.00470427,0.01192507,,4H EMA 转弱或跌破 EMA26；4H MACD 尚未确认多头
249,COR,Cencora,Health Care,Prism,S&P 500,135,34.7,48.13,37.3,52.88,50.0,38.26,36.95,,,,,,50.33,45.32,,41,bearish_transition,28,fresh_bearish_cross,47.0,324.549988,1.46,-0.01933834,0.00268782,0.01269963,0.04296547,,4H EMA 转弱或跌破 EMA26；4H MACD 最近死叉
250,XYL,Xylem Inc.,Industrials,Prism,S&P 500,413,34.64,40.13,46.1,47.71,50.0,46.61,47.9,,,,,,39.74,42.2,,36,bearish_transition,72,fresh_below_zero_cross,43.12,108.860001,1.29,0.03031020,-0.01144208,-0.09486985,-0.09351316,4H MACD 刚金叉但仍需零轴确认；4H MACD 柱体连续扩张,4H EMA 转弱或跌破 EMA26
251,SOLV,Solventum,Health Care,Prism,S&P 500,79,34.6,57.72,40.9,20.28,50.0,43.23,40.25,,,,,,57.74,46.8,,41,bearish_transition,42,mixed_or_bearish,47.85,90.150002,0.96,-0.01743867,-0.01021080,0.08706140,0.12043255,,4H EMA 转弱或跌破 EMA26；4H MACD 尚未确认多头
252,CMCSA,Comcast,Communication Services,Prism,S&P 500,198,34.6,47.82,40.9,43.34,50.0,40.01,38.9,,,,,,51.53,44.56,,38,bearish_transition,42,mixed_or_bearish,47.76,26.33,1.05,-0.00866341,-0.01074538,0.03824917,0.15507787,,4H EMA 转弱或跌破 EMA26；4H MACD 尚未确认多头
253,HONA,Honeywell Aerospace,Industrials,Prism,S&P 500,404,34.48,40.21,43.7,52.88,50.0,38.38,38.75,,,,,,40.68,42.39,,25,confirmed_bearish_trend,58,bullish_above_signal,40.21,155.419998,1.1,-0.02673933,-0.01701349,-0.07893805,-0.26278345,4H MACD 位于 Signal 上方,4H EMA 空头排列
254,VRSN,Verisign,Information Technology,Prism,S&P 500,345,34.42,40.43,32.9,80.72,50.0,39.32,39.8,,,,,,43.54,42.96,,38,bearish_transition,42,mixed_or_bearish,41.63,282.200012,1.14,-0.03106460,-0.02122640,-0.04174938,0.02689136,,4H EMA 转弱或跌破 EMA26；4H MACD 尚未确认多头
255,HSIC,Henry Schein,Health Care,Prism,S&P 500,167,34.41,47.94,29.3,72.76,50.0,37.45,36.05,,,,,,48.0,44.85,,41,bearish_transition,28,fresh_bearish_cross,44.77,88.860001,0.91,-0.01578339,-0.01046773,0.00828326,0.05072722,,4H EMA 转弱或跌破 EMA26；4H MACD 最近死叉
256,EG,Everest Group,Financials,Prism,S&P 500,265,34.33,47.54,29.3,73.16,50.0,38.26,36.95,,,,,,47.98,43.85,,41,bearish_transition,28,fresh_bearish_cross,41.42,369.993988,1.84,-0.03188551,-0.01237492,-0.01327043,-0.04995769,,4H EMA 转弱或跌破 EMA26；4H MACD 最近死叉
257,L,Loews Corporation,Financials,Prism,S&P 500,369,34.24,40.35,36.7,69.58,50.0,35.0,35.0,,,,,,42.44,42.74,,22,confirmed_bearish_trend,58,bullish_above_signal,35.26,108.220001,1.4,-0.01218565,-0.00046177,-0.06319249,-0.08721320,4H MACD 位于 Signal 上方,4H EMA 空头排列；4H RSI 偏弱
258,MAA,Mid-America Apartment Communities,Real Estate,Prism,S&P 500,383,34.22,40.28,39.1,63.22,50.0,36.62,36.8,,,,,,41.6,42.57,,22,confirmed_bearish_trend,64,fresh_below_zero_cross,35.84,127.919998,1.56,-0.00698656,-0.00714062,-0.05181236,-0.04129503,4H MACD 刚金叉但仍需零轴确认,4H EMA 空头排列；4H RSI 偏弱
259,IQV,IQVIA,Health Care,Prism,S&P 500,66,34.18,57.88,40.9,17.1,50.0,46.87,44.3,,,,,,59.74,47.2,,44,bearish_transition,42,mixed_or_bearish,49.92,259.230011,1.13,-0.03087958,-0.00750408,0.08600760,0.21555855,4H RSI 位于健康强势区间,4H EMA 转弱或跌破 EMA26；4H MACD 尚未确认多头
260,EBAY,eBay Inc.,Consumer Discretionary,Prism,S&P 500,373,34.17,40.33,37.3,67.59,50.0,36.35,36.5,,,,,,42.21,42.69,,36,bearish_transition,28,fresh_bearish_cross,48.95,104.589996,1.94,0.00673787,0.01033616,-0.06582711,-0.07606008,4H RSI 位于健康强势区间,4H EMA 转弱或跌破 EMA26；4H MACD 最近死叉
261,VLTO,Veralto,Industrials,Prism,S&P 500,317,34.17,40.56,25.9,97.42,50.0,35.54,35.6,,,,,,45.11,43.27,,36,bearish_transition,42,mixed_or_bearish,37.95,95.57,0.58,-0.00135838,-0.03053360,-0.02826638,0.01346762,,4H EMA 转弱或跌破 EMA26；4H MACD 尚未确认多头；4H RSI 偏弱
262,GILD,Gilead Sciences,Health Care,Prism,S&P 500,63,34.13,57.91,40.9,16.7,50.0,44.84,42.05,,,,,,60.14,47.28,,41,bearish_transition,42,mixed_or_bearish,49.63,146.639999,0.93,-0.02584203,0.00184467,0.10106628,0.12376422,4H RSI 位于健康强势区间,4H EMA 转弱或跌破 EMA26；4H MACD 尚未确认多头
263,V,Visa Inc.,Financials,Prism,S&P 500,248,34.13,47.62,32.9,62.03,50.0,40.01,38.9,,,,,,49.0,44.05,,38,bearish_transition,42,mixed_or_bearish,40.79,368.820007,0.9,-0.01952052,-0.02811664,0.01771527,0.01760293,,4H EMA 转弱或跌破 EMA26；4H MACD 尚未确认多头
264,UNP,Union Pacific Corporation,Industrials,Prism,S&P 500,307,34.12,40.61,25.9,97.02,50.0,32.03,31.7,,,,,,45.69,43.39,,22,confirmed_bearish_trend,50,mixed_or_bearish,34.44,288.869995,0.63,-0.00441151,-0.03950126,-0.01433109,-0.03526700,4H MACD 柱体连续扩张,4H EMA 空头排列；4H MACD 尚未确认多头；4H RSI 偏弱
265,DOW,Dow Inc.,Materials,Prism,S&P 500,247,34.07,47.62,32.9,61.63,50.0,31.37,29.3,,,,,,49.01,44.05,,22,confirmed_bearish_trend,42,mixed_or_bearish,38.5,29.565001,0.77,-0.02215975,-0.03097342,0.00766875,0.02834786,,4H EMA 空头排列；4H MACD 尚未确认多头；4H RSI 偏弱
266,UBER,Uber,Industrials,Prism,S&P 500,318,34.05,40.56,25.9,96.62,50.0,36.35,36.5,,,,,,45.09,43.27,,36,bearish_transition,42,mixed_or_bearish,35.55,73.140297,1.07,-0.03952337,-0.03291948,-0.02492608,0.07306767,,4H EMA 转弱或跌破 EMA26；4H MACD 尚未确认多头；4H RSI 偏弱
267,EXPD,Expeditors International,Industrials,Prism,S&P 500,187,34.01,47.86,40.9,39.36,50.0,42.03,41.15,,,,,,51.94,44.64,,41,bearish_transition,42,mixed_or_bearish,46.03,186.089996,1.25,-0.01622969,-0.01939194,0.04135422,0.08614950,,4H EMA 转弱或跌破 EMA26；4H MACD 尚未确认多头
268,MCK,McKesson Corporation,Health Care,Prism,S&P 500,129,33.99,48.16,37.3,48.11,50.0,37.45,36.05,,,,,,50.75,45.4,,41,bearish_transition,28,fresh_bearish_cross,47.04,889.099976,0.85,-0.02605310,0.00463274,0.02245934,0.04489358,,4H EMA 转弱或跌破 EMA26；4H MACD 最近死叉
269,FDS,FactSet,Financials,Prism,S&P 500,245,33.96,47.64,32.9,60.83,50.0,38.66,37.4,,,,,,49.22,44.09,,38,bearish_transition,42,mixed_or_bearish,39.1,288.890015,1.13,-0.04609540,-0.07850075,0.01155509,0.08662466,,4H EMA 转弱或跌破 EMA26；4H MACD 尚未确认多头；4H RSI 偏弱
270,HUBB,Hubbell Incorporated,Industrials,Prism,S&P 500,452,33.95,39.94,51.7,28.63,50.0,47.83,49.25,,,,,,37.35,41.72,,39,bearish_transition,66,bullish_above_signal,49.11,464.78299,1.21,0.01178352,0.02623757,-0.09587608,-0.06715037,4H MACD 位于 Signal 上方；4H MACD 柱体连续扩张；4H RSI 位于健康强势区间,4H EMA 转弱或跌破 EMA26
271,BA,Boeing,Industrials,Prism,S&P 500,451,33.95,39.94,51.7,28.63,50.0,43.23,44.15,,,,,,37.35,41.72,,39,bearish_transition,58,bullish_above_signal,45.27,210.830002,0.58,0.00285405,0.01365449,-0.10051622,-0.00314425,4H MACD 位于 Signal 上方,4H EMA 转弱或跌破 EMA26
272,MCHP,Microchip Technology,Information Technology,Prism,S&P 500,69,33.91,57.83,43.7,7.95,50.0,41.07,37.85,,,,,,31.58,47.07,,25,confirmed_bearish_trend,58,bullish_above_signal,44.88,73.379997,0.95,-0.00717098,-0.00081706,-0.13426150,-0.05838577,4H MACD 位于 Signal 上方,4H EMA 空头排列
273,MA,Mastercard,Financials,Prism,S&P 500,244,33.9,47.64,32.9,60.44,50.0,37.85,36.5,,,,,,49.23,44.1,,38,bearish_transition,42,mixed_or_bearish,38.7,570.940002,0.82,-0.01917192,-0.03132002,0.01455354,0.03460217,,4H EMA 转弱或跌破 EMA26；4H MACD 尚未确认多头；4H RSI 偏弱
274,ELV,Elevance Health,Health Care,Prism,S&P 500,127,33.88,48.17,37.3,47.32,50.0,41.09,40.1,,,,,,50.85,45.42,,44,bearish_transition,28,fresh_bearish_cross,49.92,402.040009,1.4,-0.01736543,0.02427963,0.01978495,0.06258596,4H RSI 位于健康强势区间,4H EMA 转弱或跌破 EMA26；4H MACD 最近死叉
275,IEX,IDEX Corporation,Industrials,Prism,S&P 500,355,33.81,40.4,32.9,76.74,50.0,39.86,40.4,,,,,,43.11,42.87,,36,bearish_transition,50,mixed_or_bearish,41.58,225.639999,0.89,0.01002688,-0.01363873,-0.03753627,0.00840188,4H MACD 柱体连续扩张,4H EMA 转弱或跌破 EMA26；4H MACD 尚未确认多头
276,FOXA,Fox Corporation (Class A),Communication Services,Prism,S&P 500,243,33.78,47.65,32.9,59.64,50.0,40.01,38.9,,,,,,49.33,44.12,,38,bearish_transition,42,mixed_or_bearish,42.1,65.230003,0.99,-0.01099233,-0.03104571,0.01858217,0.15165968,,4H EMA 转弱或跌破 EMA26；4H MACD 尚未确认多头
277,MSCI,MSCI,Financials,Prism,S&P 500,336,33.65,40.47,29.3,85.09,50.0,26.9,26.0,,,,,,44.06,43.06,,22,confirmed_bearish_trend,28,fresh_bearish_cross,38.77,551.48999,1.29,-0.02849390,-0.03366045,-0.02030483,-0.03406665,,4H EMA 空头排列；4H MACD 最近死叉；4H RSI 偏弱
278,TMO,Thermo Fisher Scientific,Health Care,Prism,S&P 500,139,33.63,48.08,32.9,57.65,50.0,40.01,38.9,,,,,,49.69,45.19,,38,bearish_transition,42,mixed_or_bearish,43.69,603.26001,0.68,-0.01521435,-0.02320312,0.01581157,0.07811638,,4H EMA 转弱或跌破 EMA26；4H MACD 尚未确认多头
279,AVY,Avery Dennison,Materials,Prism,S&P 500,323,33.57,40.54,25.9,93.44,50.0,35.54,35.6,,,,,,44.91,43.23,,36,bearish_transition,42,mixed_or_bearish,35.53,170.735001,1.04,-0.01678660,-0.01994722,-0.03599458,0.04719706,,4H EMA 转弱或跌破 EMA26；4H MACD 尚未确认多头；4H RSI 偏弱
280,FOX,Fox Corporation (Class B),Communication Services,Prism,S&P 500,239,33.55,47.67,32.9,58.05,50.0,40.01,38.9,,,,,,49.61,44.17,,38,bearish_transition,42,mixed_or_bearish,41.74,58.240002,1.04,-0.01187643,-0.03239736,0.02157523,0.14600555,,4H EMA 转弱或跌破 EMA26；4H MACD 尚未确认多头
281,CHTR,Charter Communications,Communication Services,Prism,S&P 500,360,33.45,40.39,32.9,74.35,50.0,37.7,38.0,,,,,,42.99,42.85,,36,bearish_transition,42,mixed_or_bearish,43.61,145.740005,0.92,-0.03339406,-0.04376352,-0.04482892,0.10736269,,4H EMA 转弱或跌破 EMA26；4H MACD 尚未确认多头
282,APD,Air Products,Materials,Prism,S&P 500,326,33.42,40.54,25.9,92.45,50.0,35.54,35.6,,,,,,44.86,43.22,,36,bearish_transition,42,mixed_or_bearish,37.12,297.73999,0.84,-0.01315833,-0.03793467,-0.01884928,0.01760140,,4H EMA 转弱或跌破 EMA26；4H MACD 尚未确认多头；4H RSI 偏弱
283,AIZ,Assurant,Financials,Prism,S&P 500,339,33.4,40.45,29.3,83.5,50.0,35.95,36.05,,,,,,43.74,43.0,,41,bearish_transition,28,fresh_bearish_cross,42.81,281.109985,0.94,-0.01573861,-0.00255474,-0.02881336,0.01531401,,4H EMA 转弱或跌破 EMA26；4H MACD 最近死叉
284,CL,Colgate-Palmolive,Consumer Staples,Prism,S&P 500,261,33.39,47.54,25.9,75.94,50.0,31.37,29.3,,,,,,43.07,43.86,,22,confirmed_bearish_trend,42,mixed_or_bearish,34.01,88.404999,0.95,-0.00824546,-0.01641075,-0.05205879,-0.03876266,,4H EMA 空头排列；4H MACD 尚未确认多头；4H RSI 偏弱
285,FDX,FedEx,Industrials,Prism,S&P 500,268,33.36,47.53,25.9,75.75,50.0,37.04,35.6,,,,,,47.83,43.82,,36,bearish_transition,42,mixed_or_bearish,37.97,314.100006,0.67,-0.02319938,-0.04065239,-0.01375284,0.01055273,,4H EMA 转弱或跌破 EMA26；4H MACD 尚未确认多头；4H RSI 偏弱
286,RMD,ResMed|,Health Care,Prism,S&P 500,24,33.29,65.49,25.9,33.4,50.0,40.54,35.6,,,,,,52.95,49.34,,36,bearish_transition,42,mixed_or_bearish,34.47,221.059998,1.04,-0.02723873,-0.07941534,0.04263746,0.08842930,,4H EMA 转弱或跌破 EMA26；4H MACD 尚未确认多头；4H RSI 偏弱
287,ARES,Ares Management,Financials,Prism,S&P 500,231,33.26,47.68,32.9,56.06,50.0,40.01,38.9,,,,,,49.8,44.21,,38,bearish_transition,42,mixed_or_bearish,44.19,138.600006,1.0,-0.00623786,-0.03192004,0.01308390,0.08484662,,4H EMA 转弱或跌破 EMA26；4H MACD 尚未确认多头
288,ABNB,Airbnb,Consumer Discretionary,Prism,S&P 500,267,33.24,47.53,25.9,74.95,50.0,38.66,37.4,,,,,,47.85,43.82,,38,bearish_transition,42,mixed_or_bearish,34.28,174.539993,1.18,-0.04345924,-0.04747878,-0.01993376,0.18847877,,4H EMA 转弱或跌破 EMA26；4H MACD 尚未确认多头；4H RSI 偏弱
289,PCG,PG&E Corporation,Utilities,Prism,S&P 500,348,33.22,40.42,46.1,37.57,50.0,47.02,48.35,,,,,,38.42,42.93,,39,bearish_transition,72,fresh_below_zero_cross,43.25,14.819,0.94,0.06267479,0.11630885,-0.15150301,-0.15777205,4H MACD 刚金叉但仍需零轴确认；4H MACD 柱体连续扩张,4H EMA 转弱或跌破 EMA26
290,ALLE,Allegion,Industrials,Prism,S&P 500,432,33.18,40.03,46.1,38.17,50.0,47.02,48.35,,,,,,38.52,41.95,,39,bearish_transition,72,fresh_below_zero_cross,43.9,156.119995,0.63,-0.00325614,0.00560383,-0.07588497,-0.01302313,4H MACD 刚金叉但仍需零轴确认；4H MACD 柱体连续扩张,4H EMA 转弱或跌破 EMA26
291,PCAR,Paccar,Industrials,Prism,S&P 500,126,33.14,48.17,39.1,37.57,50.0,37.31,35.9,,,,,,38.42,45.43,,22,confirmed_bearish_trend,64,fresh_below_zero_cross,34.52,122.5,0.99,-0.01471891,-0.01321088,-0.07963941,-0.08280921,4H MACD 刚金叉但仍需零轴确认,4H EMA 空头排列；4H RSI 偏弱
292,ESS,Essex Property Trust,Real Estate,Prism,S&P 500,266,33.09,47.54,25.9,73.96,50.0,33.53,31.7,,,,,,47.94,43.84,,22,confirmed_bearish_trend,50,mixed_or_bearish,37.51,277.459991,0.78,-0.00722778,-0.02006083,-0.03689821,-0.04380198,4H MACD 柱体连续扩张,4H EMA 空头排列；4H MACD 尚未确认多头；4H RSI 偏弱
293,REGN,Regeneron Pharmaceuticals,Health Care,Prism,S&P 500,119,33.04,48.24,37.3,41.55,50.0,37.45,36.05,,,,,,51.8,45.61,,41,bearish_transition,28,fresh_bearish_cross,45.97,810.309998,0.66,-0.02563641,0.01363509,0.03324239,0.21434774,,4H EMA 转弱或跌破 EMA26；4H MACD 最近死叉
294,ARE,Alexandria Real Estate Equities,Real Estate,Prism,S&P 500,226,33.0,47.7,32.9,54.27,50.0,41.23,40.25,,,,,,50.06,44.26,,41,bearish_transition,42,mixed_or_bearish,43.5,50.740002,0.68,-0.03700886,-0.01072332,0.02030971,-0.01293643,,4H EMA 转弱或跌破 EMA26；4H MACD 尚未确认多头
295,ALB,Albemarle Corporation,Materials,Prism,S&P 500,222,32.85,47.72,32.9,53.28,50.0,42.17,41.3,,,,,,50.22,44.29,,36,bearish_transition,50,mixed_or_bearish,42.82,129.570007,1.21,0.01258212,-0.03965306,-0.01249905,0.11544424,4H MACD 柱体连续扩张,4H EMA 转弱或跌破 EMA26；4H MACD 尚未确认多头
296,TT,Trane Technologies,Industrials,Prism,S&P 500,428,32.73,40.05,43.7,41.55,50.0,45.39,46.55,,,,,,38.74,42.0,,39,bearish_transition,66,bullish_above_signal,42.94,446.200012,0.81,-0.00167804,0.00407299,-0.07481129,-0.07656328,4H MACD 位于 Signal 上方；4H MACD 柱体连续扩张,4H EMA 转弱或跌破 EMA26
297,RDDT,Reddit,Communication Services,Prism,S&P 500,427,32.73,40.05,43.7,41.55,50.0,37.16,37.4,,,,,,38.74,42.0,,22,confirmed_bearish_trend,58,bullish_above_signal,42.83,149.419998,1.66,-0.03711815,0.01123445,-0.07588598,-0.16641563,4H MACD 位于 Signal 上方,4H EMA 空头排列
298,APO,Apollo Global Management,Financials,Prism,S&P 500,220,32.68,47.73,32.9,52.09,50.0,40.82,39.8,,,,,,50.37,44.32,,38,bearish_transition,42,mixed_or_bearish,44.64,131.809998,1.42,-0.01299188,-0.03513654,0.03437180,0.06075966,,4H EMA 转弱或跌破 EMA26；4H MACD 尚未确认多头
299,TMUS,T-Mobile US,Communication Services,Prism,S&P 500,188,32.63,47.85,37.3,39.76,50.0,39.88,38.75,,,,,,51.92,44.63,,41,bearish_transition,28,fresh_bearish_cross,48.53,181.690002,1.16,-0.00170329,0.00618589,0.02557009,0.02510718,4H RSI 位于健康强势区间,4H EMA 转弱或跌破 EMA26；4H MACD 最近死叉
300,LH,Labcorp,Health Care,Prism,S&P 500,133,32.61,48.14,32.9,50.7,50.0,40.01,38.9,,,,,,50.48,45.35,,38,bearish_transition,42,mixed_or_bearish,41.93,325.015015,1.04,-0.00846577,-0.02330431,0.01891969,0.07870902,,4H EMA 转弱或跌破 EMA26；4H MACD 尚未确认多头
301,KHC,Kraft Heinz,Consumer Staples,Prism,S&P 500,134,32.61,48.14,32.9,50.7,50.0,34.34,32.6,,,,,,50.48,45.35,,22,confirmed_bearish_trend,42,mixed_or_bearish,42.03,24.9,1.09,0.00181050,-0.03075130,-0.01678187,-0.05016212,,4H EMA 空头排列；4H MACD 尚未确认多头
302,GWW,W. W. Grainger,Industrials,Prism,S&P 500,246,32.58,47.63,29.3,61.23,50.0,30.56,28.4,,,,,,49.14,44.08,,22,confirmed_bearish_trend,28,fresh_bearish_cross,43.55,1289.040039,1.54,-0.02175186,-0.01578206,0.00930189,-0.07824316,,4H EMA 空头排列；4H MACD 最近死叉
303,CTSH,Cognizant,Information Technology,Prism,S&P 500,218,32.56,47.74,32.9,51.29,50.0,40.01,38.9,,,,,,50.47,44.34,,38,bearish_transition,42,mixed_or_bearish,40.53,59.919998,0.86,-0.04692224,-0.07201490,0.03919525,0.27299762,,4H EMA 转弱或跌破 EMA26；4H MACD 尚未确认多头
304,CME,CME Group,Financials,Prism,S&P 500,147,32.46,48.0,40.9,28.63,50.0,42.84,42.05,,,,,,53.82,45.01,,41,bearish_transition,42,mixed_or_bearish,49.54,278.230011,0.56,-0.00911713,-0.02597579,0.05538067,0.08934657,4H RSI 位于健康强势区间,4H EMA 转弱或跌破 EMA26；4H MACD 尚未确认多头
305,CPAY,Corpay,Financials,Prism,S&P 500,184,32.4,47.86,37.3,38.17,50.0,39.47,38.3,,,,,,51.99,44.65,,44,bearish_transition,28,fresh_bearish_cross,45.89,407.019989,1.18,-0.02851075,0.00672768,0.03570065,0.07212089,,4H EMA 转弱或跌破 EMA26；4H MACD 最近死叉
306,GEN,Gen Digital,Information Technology,Prism,S&P 500,183,32.34,47.86,37.3,37.77,50.0,39.07,37.85,,,,,,52.05,44.66,,41,bearish_transition,28,fresh_bearish_cross,48.86,29.809999,0.58,-0.02867390,-0.03838713,0.02159010,0.11439249,4H RSI 位于健康强势区间,4H EMA 转弱或跌破 EMA26；4H MACD 最近死叉
307,PPG,PPG Industries,Materials,Prism,S&P 500,443,32.33,39.99,46.1,32.6,50.0,36.62,36.8,,,,,,38.03,41.86,,22,confirmed_bearish_trend,64,fresh_below_zero_cross,39.26,109.739998,1.64,-0.02175078,-0.02148911,-0.08336120,-0.07361135,4H MACD 刚金叉但仍需零轴确认,4H EMA 空头排列；4H RSI 偏弱
308,ICE,Intercontinental Exchange,Financials,Prism,S&P 500,145,32.28,48.02,40.9,27.44,50.0,41.23,40.25,,,,,,53.96,45.04,,41,bearish_transition,42,mixed_or_bearish,45.49,157.770004,0.81,-0.02439472,-0.01823269,0.04977052,0.06106666,,4H EMA 转弱或跌破 EMA26；4H MACD 尚未确认多头
309,APP,AppLovin,Communication Services,Prism,S&P 500,471,32.28,39.77,51.7,17.89,50.0,37.57,37.85,,,,,,35.2,41.29,,25,confirmed_bearish_trend,58,bullish_above_signal,45.01,312.01001,0.6,-0.03480790,-0.00025629,-0.10034285,-0.24377708,4H MACD 位于 Signal 上方,4H EMA 空头排列
310,JNJ,Johnson & Johnson,Health Care,Prism,S&P 500,112,32.17,48.31,37.3,35.59,50.0,38.66,37.4,,,,,,52.63,45.78,,44,bearish_transition,28,fresh_bearish_cross,47.5,269.174988,0.66,-0.02352542,0.01235463,0.03836352,0.01197413,,4H EMA 转弱或跌破 EMA26；4H MACD 最近死叉
311,CMI,Cummins,Industrials,Prism,S&P 500,166,32.12,47.94,43.7,19.09,50.0,46.89,46.55,,,,,,35.51,44.85,,39,bearish_transition,66,bullish_above_signal,41.16,561.820007,0.74,0.00571941,-0.00453595,-0.12764936,-0.15112416,4H MACD 位于 Signal 上方；4H MACD 柱体连续扩张,4H EMA 转弱或跌破 EMA26
312,MCO,Moody's Corporation,Financials,Prism,S&P 500,255,32.03,47.58,25.9,66.8,50.0,37.04,35.6,,,,,,48.48,43.95,,36,bearish_transition,42,mixed_or_bearish,37.73,481.329987,0.84,-0.02711499,-0.04619140,0.00780984,-0.00932367,,4H EMA 转弱或跌破 EMA26；4H MACD 尚未确认多头；4H RSI 偏弱
313,ZTS,Zoetis,Health Care,Prism,S&P 500,158,32.0,47.98,25.9,65.61,50.0,37.85,36.5,,,,,,48.57,44.96,,36,bearish_transition,42,mixed_or_bearish,36.94,73.57,1.19,-0.02575646,-0.04590845,0.01252403,-0.04342743,,4H EMA 转弱或跌破 EMA26；4H MACD 尚未确认多头；4H RSI 偏弱
314,XYZ,"Block, Inc.",Financials,Prism,S&P 500,236,32.0,47.68,29.3,57.26,50.0,37.45,36.05,,,,,,49.73,44.2,,41,bearish_transition,28,fresh_bearish_cross,43.82,80.089996,0.71,-0.03772686,-0.02376895,0.01405410,-0.01427697,,4H EMA 转弱或跌破 EMA26；4H MACD 最近死叉
315,T,AT&T,Communication Services,Prism,S&P 500,136,31.96,48.12,40.9,25.05,50.0,42.84,42.05,,,,,,55.19,45.29,,41,bearish_transition,42,mixed_or_bearish,50.11,25.610001,0.79,-0.01119687,-0.01081491,0.07627657,0.04937513,4H RSI 位于健康强势区间,4H EMA 转弱或跌破 EMA26；4H MACD 尚未确认多头
316,MPWR,Monolithic Power Systems,Information Technology,Prism,S&P 500,71,31.95,57.82,39.1,7.16,50.0,42.28,39.2,,,,,,31.51,47.05,,22,confirmed_bearish_trend,72,fresh_below_zero_cross,34.81,1218.5,1.36,-0.00085281,-0.03893932,-0.13059922,-0.09097688,4H MACD 刚金叉但仍需零轴确认；4H MACD 柱体连续扩张,4H EMA 空头排列；4H RSI 偏弱
317,ON,ON Semiconductor,Information Technology,Prism,S&P 500,55,31.95,58.0,36.7,13.12,50.0,38.5,35.0,,,,,,33.81,47.51,,22,confirmed_bearish_trend,58,bullish_above_signal,36.66,71.080002,1.94,-0.04526521,-0.04075568,-0.12419913,-0.20206555,4H MACD 位于 Signal 上方,4H EMA 空头排列；4H RSI 偏弱
318,VRTX,Vertex Pharmaceuticals,Health Care,Prism,S&P 500,98,31.93,57.53,32.9,24.25,50.0,39.85,36.5,,,,,,55.35,46.32,,38,bearish_transition,42,mixed_or_bearish,39.18,528.900024,0.83,-0.03621703,-0.03023523,0.06551436,0.10422178,,4H EMA 转弱或跌破 EMA26；4H MACD 尚未确认多头；4H RSI 偏弱
319,BIIB,Biogen,Health Care,Prism,S&P 500,137,31.9,48.09,29.3,55.67,50.0,37.45,36.05,,,,,,49.86,45.22,,41,bearish_transition,28,fresh_bearish_cross,41.08,212.5,0.71,-0.03789557,-0.01924585,0.02183109,0.06170375,,4H EMA 转弱或跌破 EMA26；4H MACD 最近死叉
320,CBOE,Cboe Global Markets,Financials,Prism,S&P 500,212,31.86,47.77,32.9,46.52,50.0,39.2,38.0,,,,,,50.9,44.43,,36,bearish_transition,42,mixed_or_bearish,43.96,294.230011,0.95,-0.01311466,-0.02115834,0.02935214,0.01881957,,4H EMA 转弱或跌破 EMA26；4H MACD 尚未确认多头
321,NDSN,Nordson Corporation,Industrials,Prism,S&P 500,210,31.77,47.79,32.9,45.92,50.0,42.17,41.3,,,,,,51.09,44.47,,38,bearish_transition,50,mixed_or_bearish,44.6,316.799988,0.87,-0.00349160,-0.01520101,0.02160588,0.06498130,4H MACD 柱体连续扩张,4H EMA 转弱或跌破 EMA26；4H MACD 尚未确认多头
322,ZBH,Zimmer Biomet,Health Care,Prism,S&P 500,50,31.75,64.85,19.65,94.63,50.0,41.35,36.5,,,,,,44.98,47.75,,36,bearish_transition,42,mixed_or_bearish,31.87,94.220001,1.72,-0.04140808,-0.05808256,-0.02382922,0.02335181,,4H EMA 转弱或跌破 EMA26；4H MACD 尚未确认多头；4H RSI 偏弱
323,AFL,Aflac,Financials,Prism,S&P 500,403,31.75,40.21,36.7,53.28,50.0,34.19,34.1,,,,,,40.74,42.4,,22,confirmed_bearish_trend,58,bullish_above_signal,36.69,115.169998,0.88,-0.02049672,-0.00612702,-0.07568218,-0.09003282,4H MACD 位于 Signal 上方,4H EMA 空头排列；4H RSI 偏弱
324,CSCO,Cisco,Information Technology,Prism,S&P 500,180,31.74,47.88,43.7,16.7,50.0,40.82,39.8,,,,,,34.76,44.7,,22,confirmed_bearish_trend,66,bullish_above_signal,40.91,109.169998,1.18,-0.00137214,-0.01203622,-0.10088948,-0.04763150,4H MACD 位于 Signal 上方；4H MACD 柱体连续扩张,4H EMA 空头排列
325,WDAY,"Workday, Inc.",Information Technology,Prism,S&P 500,202,31.63,47.81,32.9,44.93,50.0,39.29,38.1,,,,,,51.38,44.53,,38,bearish_transition,42,mixed_or_bearish,40.9,186.279999,0.53,-0.06227030,-0.05657127,0.03673200,0.26274399,,4H EMA 转弱或跌破 EMA26；4H MACD 尚未确认多头
326,NOW,ServiceNow,Information Technology,Prism,S&P 500,122,31.58,48.22,40.9,22.27,50.0,42.12,41.25,,,,,,56.46,45.54,,41,bearish_transition,42,mixed_or_bearish,48.03,134.229996,0.51,-0.05218189,-0.09340809,0.07504401,0.27171949,4H RSI 位于健康强势区间,4H EMA 转弱或跌破 EMA26；4H MACD 尚未确认多头
327,MAS,Masco,Industrials,Prism,S&P 500,442,31.43,39.99,43.7,33.0,50.0,38.38,38.75,,,,,,38.05,41.86,,25,confirmed_bearish_trend,58,bullish_above_signal,41.32,70.949997,1.06,-0.02781592,-0.01663209,-0.08457519,-0.12569322,4H MACD 位于 Signal 上方,4H EMA 空头排列
328,CRH,CRH plc,Materials,Prism,S&P 500,422,31.22,40.07,39.1,43.74,50.0,36.62,36.8,,,,,,38.96,42.04,,22,confirmed_bearish_trend,64,fresh_below_zero_cross,35.58,90.589996,1.42,-0.03704492,-0.03934260,-0.09842761,-0.11937403,4H MACD 刚金叉但仍需零轴确认,4H EMA 空头排列；4H RSI 偏弱
329,CPRT,Copart,Industrials,Prism,S&P 500,104,31.16,48.38,40.9,19.09,50.0,44.06,43.4,,,,,,58.48,45.95,,44,bearish_transition,42,mixed_or_bearish,49.31,32.599998,0.89,-0.03407697,-0.01182188,0.09912333,0.09395970,4H RSI 位于健康强势区间,4H EMA 转弱或跌破 EMA26；4H MACD 尚未确认多头
330,NWS,News Corp (Class B),Communication Services,Prism,S&P 500,191,31.14,47.84,32.9,41.55,50.0,37.85,36.5,,,,,,51.8,44.61,,38,bearish_transition,42,mixed_or_bearish,39.32,33.34,0.82,-0.02571598,-0.03081401,0.02742678,0.07826649,,4H EMA 转弱或跌破 EMA26；4H MACD 尚未确认多头；4H RSI 偏弱
331,SNPS,Synopsys,Information Technology,Prism,S&P 500,353,31.13,40.41,25.9,77.53,50.0,35.54,35.6,,,,,,43.19,42.89,,36,bearish_transition,42,mixed_or_bearish,37.9,392.029999,0.81,-0.00362173,-0.10847568,-0.05762019,0.00776327,,4H EMA 转弱或跌破 EMA26；4H MACD 尚未确认多头；4H RSI 偏弱
332,EOG,EOG Resources,Energy,Prism,S&P 500,103,31.1,48.38,40.9,18.69,50.0,40.01,38.9,,,,,,58.54,45.96,,38,bearish_transition,42,mixed_or_bearish,46.57,145.380005,0.82,-0.00235035,0.00296660,0.07920717,0.03620814,,4H EMA 转弱或跌破 EMA26；4H MACD 尚未确认多头
333,GPN,Global Payments,Financials,Prism,S&P 500,190,31.05,47.84,32.9,40.95,50.0,40.82,39.8,,,,,,51.81,44.61,,38,bearish_transition,42,mixed_or_bearish,42.94,89.449997,1.33,-0.04787957,-0.01773464,0.03854638,0.06412713,,4H EMA 转弱或跌破 EMA26；4H MACD 尚未确认多头
334,AIG,American International Group,Financials,Prism,S&P 500,335,31.04,40.5,22.3,86.28,50.0,26.09,25.1,,,,,,44.4,43.13,,22,confirmed_bearish_trend,28,fresh_bearish_cross,35.53,74.684998,0.95,-0.02512731,-0.02219166,-0.05185983,-0.05653115,,4H EMA 空头排列；4H MACD 最近死叉；4H RSI 偏弱
335,DPZ,Domino's,Consumer Discretionary,Prism,S&P 500,375,30.79,40.32,29.3,66.4,50.0,33.92,33.8,,,,,,42.13,42.68,,36,bearish_transition,28,fresh_bearish_cross,41.24,335.410004,0.78,-0.02044333,-0.01978488,-0.04460650,-0.02360848,,4H EMA 转弱或跌破 EMA26；4H MACD 最近死叉
336,XOM,ExxonMobil,Energy,Prism,S&P 500,142,30.73,48.05,37.3,26.64,50.0,37.85,36.5,,,,,,54.4,45.13,,38,bearish_transition,28,fresh_bearish_cross,49.43,160.710007,0.76,0.00215450,-0.00155318,0.05076988,0.03824546,4H RSI 位于健康强势区间,4H EMA 转弱或跌破 EMA26；4H MACD 最近死叉
337,DXCM,Dexcom,Health Care,Prism,S&P 500,43,30.7,64.99,19.65,87.28,50.0,41.35,36.5,,,,,,46.69,48.09,,36,bearish_transition,42,mixed_or_bearish,28.77,84.529999,2.32,-0.04073994,-0.07181290,-0.00247816,0.15226278,,4H EMA 转弱或跌破 EMA26；4H MACD 尚未确认多头；4H RSI 偏弱
338,AXP,American Express,Financials,Prism,S&P 500,362,30.56,40.39,25.9,73.76,50.0,32.03,31.7,,,,,,42.95,42.84,,22,confirmed_bearish_trend,50,mixed_or_bearish,36.43,326.109985,0.99,-0.00381843,-0.01241636,-0.04366573,-0.02735032,4H MACD 柱体连续扩张,4H EMA 空头排列；4H MACD 尚未确认多头；4H RSI 偏弱
339,FDXF,FedEx Freight,Industrials,Prism,S&P 500,468,30.47,39.81,46.1,20.68,50.0,45.8,47.0,,,,,,35.76,41.4,,36,bearish_transition,72,fresh_below_zero_cross,41.6,129.110001,1.04,0.01258777,-0.03454719,-0.10854105,-0.14035555,4H MACD 刚金叉但仍需零轴确认；4H MACD 柱体连续扩张,4H EMA 转弱或跌破 EMA26
340,WST,West Pharmaceutical Services,Health Care,Prism,S&P 500,305,30.43,40.61,32.9,53.68,50.0,32.84,32.6,,,,,,40.8,43.41,,22,confirmed_bearish_trend,42,mixed_or_bearish,40.14,338.109985,1.24,-0.00997037,-0.00856234,-0.04475216,0.02055538,,4H EMA 空头排列；4H MACD 尚未确认多头
341,CINF,Cincinnati Financial,Financials,Prism,S&P 500,381,30.42,40.28,29.3,64.02,50.0,28.25,27.5,,,,,,41.63,42.58,,22,confirmed_bearish_trend,28,fresh_bearish_cross,40.86,169.139999,0.76,-0.02231214,-0.00447319,-0.04392066,-0.08230698,,4H EMA 空头排列；4H MACD 最近死叉
342,PFE,Pfizer,Health Care,Prism,S&P 500,113,30.41,48.31,32.9,35.59,50.0,41.23,40.25,,,,,,52.63,45.78,,41,bearish_transition,42,mixed_or_bearish,43.83,27.795,0.78,-0.02456575,-0.02336609,0.03906542,0.12667207,,4H EMA 转弱或跌破 EMA26；4H MACD 尚未确认多头
343,KKR,KKR & Co.,Financials,Prism,S&P 500,178,30.41,47.88,32.9,36.58,50.0,40.01,38.9,,,,,,52.32,44.71,,38,bearish_transition,42,mixed_or_bearish,42.24,105.760002,0.93,-0.02105801,-0.03609186,0.02889387,0.04043286,,4H EMA 转弱或跌破 EMA26；4H MACD 尚未确认多头
344,NKE,"Nike, Inc.",Consumer Discretionary,Prism,S&P 500,419,30.39,40.09,36.7,44.53,50.0,34.19,34.1,,,,,,39.21,42.09,,22,confirmed_bearish_trend,58,bullish_above_signal,37.2,38.1036,0.79,-0.00913800,-0.02473509,-0.08624463,-0.09567813,4H MACD 位于 Signal 上方,4H EMA 空头排列；4H RSI 偏弱
345,TRV,Travelers Companies (The),Financials,Prism,S&P 500,382,30.36,40.28,29.3,63.62,50.0,36.76,36.95,,,,,,41.62,42.57,,41,bearish_transition,28,fresh_bearish_cross,44.53,365.730011,1.16,-0.01336711,-0.00079225,-0.04840824,-0.06309554,,4H EMA 转弱或跌破 EMA26；4H MACD 最近死叉
346,RL,Ralph Lauren Corporation,Consumer Discretionary,Prism,S&P 500,458,30.26,39.88,43.7,25.45,50.0,46.21,47.45,,,,,,36.67,41.58,,39,bearish_transition,66,bullish_above_signal,40.8,347.23999,1.33,-0.00740359,0.00051862,-0.12255522,-0.08594599,4H MACD 位于 Signal 上方；4H MACD 柱体连续扩张,4H EMA 转弱或跌破 EMA26
347,TYL,Tyler Technologies,Information Technology,Prism,S&P 500,81,30.26,57.7,32.9,12.72,50.0,43.23,40.25,,,,,,62.55,46.76,,41,bearish_transition,42,mixed_or_bearish,40.66,347.920013,1.01,-0.05121352,-0.06518346,0.11402137,0.10122179,,4H EMA 转弱或跌破 EMA26；4H MACD 尚未确认多头
348,SPGI,S&P Global,Financials,Prism,S&P 500,124,30.24,48.18,37.3,23.06,50.0,37.45,36.05,,,,,,56.07,45.46,,41,bearish_transition,28,fresh_bearish_cross,45.87,429.339996,0.83,-0.03001413,-0.01525263,0.05186560,-0.02345047,,4H EMA 转弱或跌破 EMA26；4H MACD 最近死叉
349,JKHY,Jack Henry & Associates,Financials,Prism,S&P 500,225,30.2,47.7,25.9,54.27,50.0,37.85,36.5,,,,,,50.06,44.26,,38,bearish_transition,42,mixed_or_bearish,35.41,159.830002,0.9,-0.03658826,-0.04812103,0.02527425,0.04443575,,4H EMA 转弱或跌破 EMA26；4H MACD 尚未确认多头；4H RSI 偏弱
350,CDW,CDW Corporation,Information Technology,Prism,S&P 500,123,30.19,48.21,37.3,22.66,50.0,38.26,36.95,,,,,,56.37,45.52,,41,bearish_transition,28,fresh_bearish_cross,46.86,144.479996,1.35,-0.06075086,-0.04702859,0.06399590,0.04680475,,4H EMA 转弱或跌破 EMA26；4H MACD 最近死叉
351,GDDY,GoDaddy,Information Technology,Prism,S&P 500,201,30.13,47.81,29.3,44.53,50.0,34.88,33.2,,,,,,51.4,44.53,,38,bearish_transition,28,fresh_bearish_cross,38.08,92.889999,1.26,-0.08886707,-0.05068982,0.02054496,-0.03651079,,4H EMA 转弱或跌破 EMA26；4H MACD 最近死叉；4H RSI 偏弱
352,ALL,Allstate,Financials,Prism,S&P 500,387,30.03,40.27,29.3,61.43,50.0,32.57,32.3,,,,,,41.43,42.54,,36,bearish_transition,28,fresh_bearish_cross,39.84,253.410004,1.29,-0.02814955,-0.01706681,-0.05068554,-0.03038072,,4H EMA 转弱或跌破 EMA26；4H MACD 最近死叉；4H RSI 偏弱
353,HIG,Hartford (The),Financials,Prism,S&P 500,388,30.03,40.27,29.3,61.43,50.0,26.09,25.1,,,,,,41.43,42.54,,22,confirmed_bearish_trend,28,fresh_bearish_cross,38.88,135.679993,1.02,-0.02258408,-0.01309284,-0.05291081,-0.03182536,,4H EMA 空头排列；4H MACD 最近死叉；4H RSI 偏弱
354,WYNN,Wynn Resorts,Consumer Discretionary,Prism,S&P 500,436,30.01,40.01,39.1,35.79,50.0,43.64,44.6,,,,,,38.25,41.9,,36,bearish_transition,72,fresh_below_zero_cross,36.96,92.220001,0.92,0.00152041,0.01040872,-0.10055592,-0.07539600,4H MACD 刚金叉但仍需零轴确认；4H MACD 柱体连续扩张,4H EMA 转弱或跌破 EMA26；4H RSI 偏弱
355,DOC,Healthpeak Properties,Real Estate,Prism,S&P 500,370,29.92,40.35,25.9,69.58,50.0,29.87,29.3,,,,,,42.44,42.74,,22,confirmed_bearish_trend,42,mixed_or_bearish,34.72,20.514999,0.81,-0.01299019,-0.01441278,-0.04113115,-0.08862732,,4H EMA 空头排列；4H MACD 尚未确认多头；4H RSI 偏弱
356,SJM,J.M. Smucker Company (The),Consumer Staples,Prism,S&P 500,105,29.8,48.38,32.9,31.41,50.0,40.01,38.9,,,,,,53.48,45.95,,38,bearish_transition,42,mixed_or_bearish,42.5,124.699997,0.9,-0.01407342,-0.04918031,0.03773974,0.03015278,,4H EMA 转弱或跌破 EMA26；4H MACD 尚未确认多头
357,IBKR,Interactive Brokers,Financials,Prism,S&P 500,162,29.72,47.96,32.9,31.81,50.0,38.48,37.2,,,,,,53.26,44.9,,36,bearish_transition,42,mixed_or_bearish,44.01,90.970001,0.47,-0.01536961,-0.06486429,0.03575087,-0.01408904,,4H EMA 转弱或跌破 EMA26；4H MACD 尚未确认多头
358,GE,GE Aerospace,Industrials,Prism,S&P 500,466,29.64,39.81,43.7,21.47,50.0,39.73,40.25,,,,,,35.8,41.41,,25,confirmed_bearish_trend,66,bullish_above_signal,40.08,334.940002,0.78,-0.00101407,-0.00199631,-0.09487904,-0.07385592,4H MACD 位于 Signal 上方；4H MACD 柱体连续扩张,4H EMA 空头排列
359,A,Agilent Technologies,Health Care,Prism,S&P 500,131,29.61,48.16,25.9,49.3,50.0,37.85,36.5,,,,,,50.7,45.39,,38,bearish_transition,42,mixed_or_bearish,37.51,146.75,0.62,-0.02711480,-0.04447195,0.00534356,0.06409974,,4H EMA 转弱或跌破 EMA26；4H MACD 尚未确认多头；4H RSI 偏弱
360,NWSA,News Corp (Class A),Communication Services,Prism,S&P 500,156,29.55,47.99,32.9,30.62,50.0,40.01,38.9,,,,,,53.65,44.98,,38,bearish_transition,42,mixed_or_bearish,41.59,29.82,0.99,-0.02945484,-0.02866453,0.04631579,0.09230773,,4H EMA 转弱或跌破 EMA26；4H MACD 尚未确认多头
361,WBD,Warner Bros. Discovery,Communication Services,Prism,S&P 500,155,29.49,47.99,32.9,30.22,50.0,40.01,38.9,,,,,,53.66,44.98,,38,bearish_transition,42,mixed_or_bearish,43.82,28.120001,0.83,-0.00512995,-0.01333330,0.05062589,0.11234177,,4H EMA 转弱或跌破 EMA26；4H MACD 尚未确认多头
362,CRL,Charles River Laboratories,Health Care,Prism,S&P 500,102,29.34,48.41,32.9,28.23,50.0,40.01,38.9,,,,,,53.86,46.02,,38,bearish_transition,42,mixed_or_bearish,42.68,280.859985,1.02,-0.02893900,-0.02573891,0.05002233,0.25216220,,4H EMA 转弱或跌破 EMA26；4H MACD 尚未确认多头
363,INCY,Incyte,Health Care,Prism,S&P 500,117,29.22,48.27,29.3,37.38,50.0,38.26,36.95,,,,,,52.08,45.67,,41,bearish_transition,28,fresh_bearish_cross,43.96,124.400002,1.3,-0.02523116,0.00949443,0.03185139,0.04608143,,4H EMA 转弱或跌破 EMA26；4H MACD 最近死叉
364,ROST,Ross Stores,Consumer Discretionary,Prism,S&P 500,470,29.21,39.78,43.7,18.69,50.0,37.16,37.4,,,,,,35.39,41.33,,22,confirmed_bearish_trend,58,bullish_above_signal,41.23,229.309998,1.09,-0.00744492,0.00345700,-0.10137940,-0.05746227,4H MACD 位于 Signal 上方,4H EMA 空头排列
365,LOW,Lowe's,Consumer Discretionary,Prism,S&P 500,448,29.15,39.94,39.1,30.22,50.0,35.81,35.9,,,,,,37.42,41.73,,22,confirmed_bearish_trend,64,fresh_below_zero_cross,35.63,200.809998,1.01,-0.01488878,-0.01909927,-0.10079710,-0.05018447,4H MACD 刚金叉但仍需零轴确认,4H EMA 空头排列；4H RSI 偏弱
366,OTIS,Otis Worldwide,Industrials,Prism,S&P 500,361,29.12,40.39,22.3,73.76,50.0,26.09,25.1,,,,,,42.95,42.84,,22,confirmed_bearish_trend,28,fresh_bearish_cross,36.32,70.07,0.93,-0.01559427,-0.01490225,-0.05272409,-0.04275952,,4H EMA 空头排列；4H MACD 最近死叉；4H RSI 偏弱
367,URI,United Rentals,Industrials,Prism,S&P 500,482,29.08,39.58,46.1,11.93,50.0,47.02,48.35,,,,,,32.84,40.82,,39,bearish_transition,72,fresh_below_zero_cross,41.32,1015.219971,0.85,0.01238530,-0.02285918,-0.12607609,-0.09991051,4H MACD 刚金叉但仍需零轴确认；4H MACD 柱体连续扩张,4H EMA 转弱或跌破 EMA26
368,LII,Lennox International,Industrials,Prism,S&P 500,472,29.01,39.74,43.7,17.5,50.0,38.38,38.75,,,,,,34.92,41.23,,25,confirmed_bearish_trend,58,bullish_above_signal,40.49,385.179993,1.12,-0.00701852,0.00645398,-0.12349532,-0.29601202,4H MACD 位于 Signal 上方,4H EMA 空头排列
369,AJG,Arthur J. Gallagher & Co.,Financials,Prism,S&P 500,209,28.97,47.79,25.9,45.92,50.0,37.85,36.5,,,,,,51.09,44.47,,38,bearish_transition,42,mixed_or_bearish,36.34,251.445007,0.56,-0.05175927,-0.04105482,0.01442293,-0.00771502,,4H EMA 转弱或跌破 EMA26；4H MACD 尚未确认多头；4H RSI 偏弱
370,ABT,Abbott Laboratories,Health Care,Prism,S&P 500,51,28.85,58.08,19.65,91.05,50.0,39.04,35.6,,,,,,44.76,47.7,,36,bearish_transition,42,mixed_or_bearish,31.01,105.574997,0.79,-0.03421310,-0.04318469,-0.02073093,0.00951420,,4H EMA 转弱或跌破 EMA26；4H MACD 尚未确认多头；4H RSI 偏弱
371,BXP,"BXP, Inc.",Real Estate,Prism,S&P 500,386,28.76,40.27,25.9,62.03,50.0,30.68,30.2,,,,,,41.44,42.54,,22,confirmed_bearish_trend,42,mixed_or_bearish,34.85,65.760002,1.22,-0.03478637,-0.03301221,-0.05666328,-0.04998554,,4H EMA 空头排列；4H MACD 尚未确认多头；4H RSI 偏弱
372,NFLX,Netflix,Communication Services,Prism,S&P 500,196,28.48,47.83,25.9,42.54,50.0,37.85,36.5,,,,,,51.6,44.57,,38,bearish_transition,42,mixed_or_bearish,36.14,76.769997,0.92,-0.02798184,-0.05269008,0.03575275,0.09048288,,4H EMA 转弱或跌破 EMA26；4H MACD 尚未确认多头；4H RSI 偏弱
373,FANG,Diamondback Energy,Energy,Prism,S&P 500,118,28.21,48.26,32.9,21.07,50.0,39.2,38.0,,,,,,56.96,45.64,,36,bearish_transition,42,mixed_or_bearish,44.47,199.649994,0.99,-0.00107578,-0.00438840,0.06174219,0.01935052,,4H EMA 转弱或跌破 EMA26；4H MACD 尚未确认多头
374,FERG,Ferguson Enterprises,Industrials,Prism,S&P 500,485,27.84,39.55,43.7,10.14,50.0,44.68,45.75,,,,,,32.57,40.76,,39,bearish_transition,66,bullish_above_signal,42.32,226.429993,0.55,-0.01050982,0.00886647,-0.11798850,-0.03235046,4H MACD 位于 Signal 上方；4H MACD 柱体连续扩张,4H EMA 转弱或跌破 EMA26
375,KVUE,Kenvue,Consumer Staples,Prism,S&P 500,233,27.77,47.68,25.9,91.45,50.0,31.37,29.3,,,,,,44.79,44.21,,22,confirmed_bearish_trend,42,mixed_or_bearish,32.48,18.41,0.72,-0.02515224,-0.02515224,-0.04264171,-0.05419985,,4H EMA 空头排列；4H MACD 尚未确认多头；4H RSI 偏弱
376,GIS,General Mills,Consumer Staples,Prism,S&P 500,114,27.69,48.3,25.9,36.18,50.0,37.85,36.5,,,,,,52.48,45.75,,36,bearish_transition,42,mixed_or_bearish,36.53,37.705002,1.45,-0.02229994,-0.08505210,0.02209279,0.02976922,,4H EMA 转弱或跌破 EMA26；4H MACD 尚未确认多头；4H RSI 偏弱
377,DAL,Delta Air Lines,Industrials,Prism,S&P 500,488,27.68,39.51,43.7,9.15,50.0,35.41,35.45,,,,,,32.04,40.66,,25,confirmed_bearish_trend,58,bullish_above_signal,39.5,78.989998,0.73,-0.01163664,0.01282216,-0.13501973,-0.08861198,4H MACD 位于 Signal 上方,4H EMA 空头排列；4H RSI 偏弱
378,BDX,Becton Dickinson,Health Care,Prism,S&P 500,38,27.44,65.14,19.65,65.21,50.0,42.16,37.4,,,,,,48.64,48.48,,38,bearish_transition,42,mixed_or_bearish,31.8,179.169998,1.08,-0.03552783,-0.04757600,0.01317576,0.12735170,,4H EMA 转弱或跌破 EMA26；4H MACD 尚未确认多头；4H RSI 偏弱
379,WTW,Willis Towers Watson,Financials,Prism,S&P 500,405,27.24,40.19,25.9,52.09,50.0,35.54,35.6,,,,,,40.56,42.36,,36,bearish_transition,42,mixed_or_bearish,34.63,325.339996,1.01,-0.02845880,-0.03935990,-0.05652058,0.07472250,,4H EMA 转弱或跌破 EMA26；4H MACD 尚未确认多头；4H RSI 偏弱
380,LULU,Lululemon Athletica,Consumer Discretionary,Prism,S&P 500,291,27.05,47.44,25.9,87.28,50.0,31.37,29.3,,,,,,46.69,43.59,,22,confirmed_bearish_trend,42,mixed_or_bearish,32.24,103.190002,1.0,0.02273123,-0.14208511,-0.19777658,-0.12446970,,4H EMA 空头排列；4H MACD 尚未确认多头；4H RSI 偏弱
381,NSC,Norfolk Southern,Industrials,Prism,S&P 500,290,26.96,47.44,25.9,86.68,50.0,33.53,31.7,,,,,,46.71,43.59,,22,confirmed_bearish_trend,50,mixed_or_bearish,32.3,327.981995,0.87,-0.00333655,-0.04311476,-0.01930991,-0.04470333,4H MACD 柱体连续扩张,4H EMA 空头排列；4H MACD 尚未确认多头；4H RSI 偏弱
382,UAL,United Airlines Holdings,Industrials,Prism,S&P 500,493,26.94,39.28,43.7,4.77,50.0,35.41,35.45,,,,,,29.08,40.07,,25,confirmed_bearish_trend,58,bullish_above_signal,39.15,108.235001,0.72,-0.02288434,0.00199041,-0.16459553,-0.10230571,4H MACD 位于 Signal 上方,4H EMA 空头排列；4H RSI 偏弱
383,AMGN,Amgen,Health Care,Prism,S&P 500,219,26.42,47.74,19.65,99.01,50.0,36.81,35.35,,,,,,45.45,44.34,,36,bearish_transition,42,mixed_or_bearish,24.11,393.170013,2.67,-0.09875069,-0.08550225,-0.04333544,0.04541471,,4H EMA 转弱或跌破 EMA26；4H MACD 尚未确认多头；4H RSI 偏弱
384,DLTR,Dollar Tree,Consumer Staples,Prism,S&P 500,302,26.34,40.62,22.3,54.67,50.0,31.76,31.4,,,,,,40.83,43.42,,36,bearish_transition,28,fresh_bearish_cross,36.5,124.040001,0.99,-0.05687350,-0.02014373,-0.05233401,-0.01202710,,4H EMA 转弱或跌破 EMA26；4H MACD 最近死叉；4H RSI 偏弱
385,INTU,Intuit,Information Technology,Prism,S&P 500,310,26.24,40.6,25.9,97.81,50.0,35.54,35.6,,,,,,45.6,43.37,,36,bearish_transition,42,mixed_or_bearish,33.69,318.929993,0.62,-0.04328652,-0.11238208,-0.01922012,0.04914636,,4H EMA 转弱或跌破 EMA26；4H MACD 尚未确认多头；4H RSI 偏弱
386,O,Realty Income,Real Estate,Prism,S&P 500,295,26.11,47.4,22.3,90.66,50.0,27.59,25.1,,,,,,46.3,43.51,,22,confirmed_bearish_trend,28,fresh_bearish_cross,33.78,61.029999,0.98,-0.00691568,-0.00424216,-0.02367620,-0.06831537,,4H EMA 空头排列；4H MACD 最近死叉；4H RSI 偏弱
387,FIS,Fidelity National Information Services,Financials,Prism,S&P 500,402,26.11,40.21,22.3,54.08,50.0,26.9,26.0,,,,,,40.82,42.41,,22,confirmed_bearish_trend,28,fresh_bearish_cross,35.31,39.43,1.15,-0.06074321,-0.03286730,-0.07809212,-0.08621093,,4H EMA 空头排列；4H MACD 最近死叉；4H RSI 偏弱
388,DD,DuPont,Industrials,Prism,S&P 500,423,25.88,40.06,25.9,43.34,50.0,32.03,31.7,,,,,,38.92,42.03,,22,confirmed_bearish_trend,50,mixed_or_bearish,34.0,131.259995,1.03,0.00459200,-0.02477808,-0.07848924,-0.06222766,4H MACD 柱体连续扩张,4H EMA 空头排列；4H MACD 尚未确认多头；4H RSI 偏弱
389,ALGN,Align Technology,Health Care,Prism,S&P 500,420,25.8,40.09,36.7,13.92,50.0,35.0,35.0,,,,,,34.21,42.09,,22,confirmed_bearish_trend,58,bullish_above_signal,34.2,153.490005,1.09,-0.03349911,-0.03936659,-0.11576462,-0.08631466,4H MACD 位于 Signal 上方,4H EMA 空头排列；4H RSI 偏弱
390,NVR,"NVR, Inc.",Consumer Discretionary,Prism,S&P 500,292,25.76,47.42,22.3,88.27,50.0,28.4,26.0,,,,,,46.56,43.56,,22,confirmed_bearish_trend,28,fresh_bearish_cross,33.97,6126.330078,1.23,-0.03524112,-0.03014216,-0.04210385,-0.02773334,,4H EMA 空头排列；4H MACD 最近死叉；4H RSI 偏弱
391,ROL,"Rollins, Inc.",Industrials,Prism,S&P 500,407,25.68,40.18,22.3,51.29,50.0,26.9,26.0,,,,,,40.34,42.32,,22,confirmed_bearish_trend,28,fresh_bearish_cross,35.21,34.974998,1.18,-0.03035769,-0.03062649,-0.07350999,-0.10481193,,4H EMA 空头排列；4H MACD 最近死叉；4H RSI 偏弱
392,BAX,Baxter International,Health Care,Prism,S&P 500,106,25.63,48.37,25.9,22.27,50.0,37.85,36.5,,,,,,35.87,45.92,,36,bearish_transition,42,mixed_or_bearish,35.28,24.870001,1.16,-0.04456396,-0.04346150,-0.09727761,0.06555274,,4H EMA 转弱或跌破 EMA26；4H MACD 尚未确认多头；4H RSI 偏弱
393,EW,Edwards Lifesciences,Health Care,Prism,S&P 500,65,25.56,57.9,19.65,69.58,50.0,39.85,36.5,,,,,,42.44,47.24,,36,bearish_transition,42,mixed_or_bearish,27.63,86.709999,1.07,-0.03387188,-0.04451792,-0.03354884,0.04394415,,4H EMA 转弱或跌破 EMA26；4H MACD 尚未确认多头；4H RSI 偏弱
394,BLDR,Builders FirstSource,Industrials,Prism,S&P 500,491,25.4,39.45,39.1,6.36,50.0,36.62,36.8,,,,,,31.31,40.51,,22,confirmed_bearish_trend,64,fresh_below_zero_cross,34.28,62.549999,1.28,-0.04765531,-0.05798197,-0.16242637,-0.13996980,4H MACD 刚金叉但仍需零轴确认,4H EMA 空头排列；4H RSI 偏弱
395,HII,Huntington Ingalls Industries,Industrials,Prism,S&P 500,481,25.4,39.64,36.7,12.33,50.0,36.35,36.5,,,,,,33.63,40.98,,22,confirmed_bearish_trend,66,bullish_above_signal,36.77,287.619995,0.94,0.00599848,-0.01214131,-0.11332391,-0.00222027,4H MACD 位于 Signal 上方；4H MACD 柱体连续扩张,4H EMA 空头排列；4H RSI 偏弱
396,GL,Globe Life,Financials,Prism,S&P 500,450,25.11,39.94,29.3,29.42,50.0,26.9,26.0,,,,,,37.37,41.72,,22,confirmed_bearish_trend,28,fresh_bearish_cross,38.75,170.690002,1.16,-0.02796130,-0.01198190,-0.07077141,-0.02121680,,4H EMA 空头排列；4H MACD 最近死叉；4H RSI 偏弱
397,HON,Honeywell Technologies,Industrials,Prism,S&P 500,494,25.03,39.23,39.1,4.37,50.0,37.97,38.3,,,,,,28.54,39.96,,22,confirmed_bearish_trend,72,fresh_below_zero_cross,34.19,208.240005,0.94,0.00216571,-0.02472836,-0.15377112,-0.15263477,4H MACD 刚金叉但仍需零轴确认；4H MACD 柱体连续扩张,4H EMA 空头排列；4H RSI 偏弱
398,ADBE,Adobe Inc.,Information Technology,Prism,S&P 500,329,24.96,40.52,25.9,89.46,50.0,36.35,36.5,,,,,,44.67,43.18,,36,bearish_transition,42,mixed_or_bearish,33.7,257.26001,1.06,-0.04277128,-0.12122968,-0.02975668,0.08206103,,4H EMA 转弱或跌破 EMA26；4H MACD 尚未确认多头；4H RSI 偏弱
399,ABBV,AbbVie,Health Care,Prism,S&P 500,164,24.76,47.95,25.9,70.78,50.0,37.85,36.5,,,,,,48.14,44.88,,36,bearish_transition,42,mixed_or_bearish,33.14,248.860001,1.16,-0.02933148,-0.02940715,0.01207858,-0.03137168,,4H EMA 转弱或跌破 EMA26；4H MACD 尚未确认多头；4H RSI 偏弱
400,COST,Costco,Consumer Staples,Prism,S&P 500,240,24.72,47.66,19.65,87.87,50.0,31.37,29.3,,,,,,44.51,44.15,,22,confirmed_bearish_trend,42,mixed_or_bearish,29.26,910.179993,0.82,-0.00705841,-0.03570370,-0.03968177,-0.04361212,,4H EMA 空头排列；4H MACD 尚未确认多头；4H RSI 偏弱
401,PANW,Palo Alto Networks,Information Technology,Prism,S&P 500,473,24.63,39.73,32.9,17.1,50.0,34.19,34.1,,,,,,34.77,41.2,,22,confirmed_bearish_trend,50,mixed_or_bearish,42.68,336.980011,0.59,0.01034393,-0.11815349,-0.07367087,0.06187276,4H MACD 柱体连续扩张,4H EMA 空头排列；4H MACD 尚未确认多头
402,LMT,Lockheed Martin,Industrials,Prism,S&P 500,438,24.61,40.01,25.9,34.99,50.0,32.84,32.6,,,,,,38.18,41.89,,22,confirmed_bearish_trend,50,mixed_or_bearish,36.78,536.320007,1.14,0.01976521,-0.04418025,-0.08776700,-0.07532629,4H MACD 柱体连续扩张,4H EMA 空头排列；4H MACD 尚未确认多头；4H RSI 偏弱
403,VICI,Vici Properties,Real Estate,Prism,S&P 500,334,24.6,40.51,25.9,87.08,50.0,30.68,30.2,,,,,,44.45,43.14,,22,confirmed_bearish_trend,42,mixed_or_bearish,32.27,25.290001,1.51,-0.00862403,-0.01403505,-0.05422584,-0.05457940,,4H EMA 空头排列；4H MACD 尚未确认多头；4H RSI 偏弱
404,CPT,Camden Property Trust,Real Estate,Prism,S&P 500,395,24.41,40.25,36.7,57.65,50.0,35.0,35.0,,,,,,41.21,42.49,,22,confirmed_bearish_trend,58,bullish_above_signal,32.45,104.730003,1.65,-0.01179468,-0.00992622,-0.06499419,-0.07211836,4H MACD 位于 Signal 上方,4H EMA 空头排列；4H RSI 偏弱
405,ADP,Automatic Data Processing,Industrials,Prism,S&P 500,287,24.23,47.45,19.65,85.09,50.0,37.85,36.5,,,,,,46.86,43.62,,38,bearish_transition,42,mixed_or_bearish,31.31,267.959991,1.01,-0.04029225,-0.06382985,-0.01245672,0.05094713,,4H EMA 转弱或跌破 EMA26；4H MACD 尚未确认多头；4H RSI 偏弱
406,HAS,Hasbro,Consumer Discretionary,Prism,S&P 500,341,23.86,40.44,25.9,82.31,50.0,36.35,36.5,,,,,,43.63,42.98,,36,bearish_transition,42,mixed_or_bearish,32.67,90.309998,1.62,-0.02923789,-0.04027630,-0.03401433,-0.00331093,,4H EMA 转弱或跌破 EMA26；4H MACD 尚未确认多头；4H RSI 偏弱
407,LUV,Southwest Airlines,Industrials,Prism,S&P 500,497,23.84,39.11,36.7,3.18,50.0,35.41,35.45,,,,,,26.96,39.64,,25,confirmed_bearish_trend,58,bullish_above_signal,36.98,38.68,0.88,-0.02013928,0.00415369,-0.17754623,-0.14782990,4H MACD 位于 Signal 上方,4H EMA 空头排列；4H RSI 偏弱
408,PAYX,Paychex,Industrials,Prism,S&P 500,311,23.8,40.59,19.65,98.21,50.0,36.35,36.5,,,,,,45.51,43.35,,36,bearish_transition,42,mixed_or_bearish,29.78,116.93,1.32,-0.04702524,-0.08174962,-0.02594859,0.01255626,,4H EMA 转弱或跌破 EMA26；4H MACD 尚未确认多头；4H RSI 偏弱
409,HSY,Hershey Company (The),Consumer Staples,Prism,S&P 500,288,23.69,47.44,25.9,64.81,50.0,34.34,32.6,,,,,,41.82,43.61,,22,confirmed_bearish_trend,50,mixed_or_bearish,33.19,173.259995,1.07,-0.00092263,-0.01685298,-0.04943221,-0.03867281,4H MACD 柱体连续扩张,4H EMA 空头排列；4H MACD 尚未确认多头；4H RSI 偏弱
410,BSX,Boston Scientific,Health Care,Prism,S&P 500,90,23.6,57.59,25.9,40.56,50.0,34.18,30.2,,,,,,38.67,46.48,,22,confirmed_bearish_trend,42,mixed_or_bearish,33.88,44.985001,1.42,-0.05612671,-0.06863350,-0.08789536,-0.01131866,,4H EMA 空头排列；4H MACD 尚未确认多头；4H RSI 偏弱
411,ERIE,Erie Indemnity,Financials,Prism,S&P 500,351,23.25,40.41,25.9,78.33,50.0,36.35,36.5,,,,,,43.32,42.91,,36,bearish_transition,42,mixed_or_bearish,33.0,243.350006,1.06,-0.04658360,-0.04785193,-0.03680977,0.06629570,,4H EMA 转弱或跌破 EMA26；4H MACD 尚未确认多头；4H RSI 偏弱
412,UPS,United Parcel Service,Industrials,Prism,S&P 500,354,23.07,40.4,25.9,77.14,50.0,29.87,29.3,,,,,,43.15,42.88,,22,confirmed_bearish_trend,42,mixed_or_bearish,33.75,100.480003,0.75,-0.02085363,-0.03607056,-0.03828484,-0.11032406,,4H EMA 空头排列；4H MACD 尚未确认多头；4H RSI 偏弱
413,BX,Blackstone Inc.,Financials,Prism,S&P 500,324,23.01,40.54,19.65,93.04,50.0,35.54,35.6,,,,,,44.9,43.23,,36,bearish_transition,42,mixed_or_bearish,30.7,133.985001,0.99,-0.01975343,-0.06480772,-0.02279192,0.01059737,,4H EMA 转弱或跌破 EMA26；4H MACD 尚未确认多头；4H RSI 偏弱
414,PYPL,PayPal,Financials,Prism,S&P 500,460,23.01,39.87,25.9,24.65,50.0,29.15,28.5,,,,,,36.44,41.54,,22,confirmed_bearish_trend,42,mixed_or_bearish,35.35,53.18,0.53,-0.02636395,0.00977877,-0.09955978,-0.05010272,,4H EMA 空头排列；4H MACD 尚未确认多头；4H RSI 偏弱
415,OMC,Omnicom Group,Communication Services,Prism,S&P 500,359,22.71,40.39,25.9,74.75,50.0,36.35,36.5,,,,,,43.02,42.85,,36,bearish_transition,42,mixed_or_bearish,33.56,81.139999,1.11,-0.02449580,-0.07300354,-0.04809947,-0.01517174,,4H EMA 转弱或跌破 EMA26；4H MACD 尚未确认多头；4H RSI 偏弱
416,AOS,A. O. Smith,Industrials,Prism,S&P 500,444,22.69,39.98,22.3,31.81,50.0,26.09,25.1,,,,,,37.88,41.83,,22,confirmed_bearish_trend,28,fresh_bearish_cross,37.59,58.810001,0.96,-0.03081739,-0.00524354,-0.08037529,-0.05858812,,4H EMA 空头排列；4H MACD 最近死叉；4H RSI 偏弱
417,SYY,Sysco,Consumer Staples,Prism,S&P 500,297,22.66,47.4,25.9,58.05,50.0,32.18,30.2,,,,,,41.23,43.5,,22,confirmed_bearish_trend,42,mixed_or_bearish,32.84,79.870003,1.18,-0.00813411,-0.01492352,-0.05243799,-0.05024077,,4H EMA 空头排列；4H MACD 尚未确认多头；4H RSI 偏弱
418,CIEN,Ciena,Information Technology,Prism,S&P 500,364,22.59,40.38,32.9,1.99,50.0,39.86,40.4,,,,,,25.37,42.82,,36,bearish_transition,50,mixed_or_bearish,40.8,341.48999,0.96,0.07039248,-0.10793869,-0.17174388,-0.09471929,4H MACD 柱体连续扩张,4H EMA 转弱或跌破 EMA26；4H MACD 尚未确认多头
419,ORLY,O'Reilly Automotive,Consumer Discretionary,Prism,S&P 500,434,22.13,40.01,39.1,36.58,50.0,36.62,36.8,,,,,,38.31,41.91,,22,confirmed_bearish_trend,64,fresh_below_zero_cross,33.68,85.889999,1.58,-0.02041516,-0.03284651,-0.08148864,-0.05193445,4H MACD 刚金叉但仍需零轴确认,4H EMA 空头排列；4H RSI 偏弱
420,SWK,Stanley Black & Decker,Industrials,Prism,S&P 500,454,22.01,39.92,22.3,27.44,50.0,26.9,26.0,,,,,,37.11,41.67,,22,confirmed_bearish_trend,28,fresh_bearish_cross,36.31,93.815002,1.09,-0.03601519,-0.02651241,-0.09689060,-0.00376974,,4H EMA 空头排列；4H MACD 最近死叉；4H RSI 偏弱
421,LLY,Lilly (Eli),Health Care,Prism,S&P 500,275,21.74,47.49,19.65,68.39,50.0,31.37,29.3,,,,,,42.34,43.72,,22,confirmed_bearish_trend,42,mixed_or_bearish,27.99,1123.859985,0.61,-0.01743747,-0.02906685,-0.05165894,-0.06178860,,4H EMA 空头排列；4H MACD 尚未确认多头；4H RSI 偏弱
422,GRMN,Garmin,Consumer Discretionary,Prism,S&P 500,474,21.71,39.72,25.9,16.3,50.0,32.03,31.7,,,,,,34.64,41.18,,22,confirmed_bearish_trend,50,mixed_or_bearish,34.07,275.665009,0.87,-0.00465772,-0.02979269,-0.11333222,0.13737267,4H MACD 柱体连续扩张,4H EMA 空头排列；4H MACD 尚未确认多头；4H RSI 偏弱
423,PKG,Packaging Corporation of America,Materials,Prism,S&P 500,441,21.68,39.99,39.1,33.6,50.0,36.62,36.8,,,,,,38.07,41.86,,22,confirmed_bearish_trend,64,fresh_below_zero_cross,33.74,231.910004,1.24,-0.02073306,-0.00838069,-0.09463201,-0.08092576,4H MACD 刚金叉但仍需零轴确认,4H EMA 空头排列；4H RSI 偏弱
424,BALL,Ball Corporation,Materials,Prism,S&P 500,338,21.67,40.46,19.65,84.29,50.0,30.68,30.2,,,,,,43.91,43.03,,22,confirmed_bearish_trend,42,mixed_or_bearish,31.9,61.02,1.42,-0.02648373,-0.03096714,-0.03814626,-0.05644036,,4H EMA 空头排列；4H MACD 尚未确认多头；4H RSI 偏弱
425,KMB,Kimberly-Clark,Consumer Staples,Prism,S&P 500,282,21.31,47.46,19.65,65.61,50.0,31.37,29.3,,,,,,42.02,43.65,,22,confirmed_bearish_trend,42,mixed_or_bearish,27.13,102.93,0.88,-0.03120150,-0.04641469,-0.06154267,-0.07652969,,4H EMA 空头排列；4H MACD 尚未确认多头；4H RSI 偏弱
426,TDG,TransDigm Group,Industrials,Prism,S&P 500,415,21.1,40.11,32.85,46.12,50.0,35.81,35.9,,,,,,39.54,42.16,,22,confirmed_bearish_trend,64,fresh_below_zero_cross,31.07,1145.225952,0.99,-0.00694915,-0.02279467,-0.06448020,-0.10954969,4H MACD 刚金叉但仍需零轴确认,4H EMA 空头排列；4H RSI 偏弱
427,LIN,Linde plc,Materials,Prism,S&P 500,346,21.06,40.43,19.65,80.32,50.0,30.68,30.2,,,,,,43.51,42.95,,22,confirmed_bearish_trend,42,mixed_or_bearish,29.54,468.380005,1.46,-0.02196699,-0.04334150,-0.04388830,-0.07610065,,4H EMA 空头排列；4H MACD 尚未确认多头；4H RSI 偏弱
428,GEHC,GE HealthCare,Health Care,Prism,S&P 500,91,21.04,57.59,19.65,40.16,50.0,39.85,36.5,,,,,,38.66,46.48,,36,bearish_transition,42,mixed_or_bearish,23.31,66.775002,1.23,-0.02858592,-0.06254388,-0.06959726,0.09252296,,4H EMA 转弱或跌破 EMA26；4H MACD 尚未确认多头；4H RSI 偏弱
429,SBUX,Starbucks,Consumer Discretionary,Prism,S&P 500,347,21.0,40.43,19.65,79.92,50.0,30.68,30.2,,,,,,43.46,42.94,,22,confirmed_bearish_trend,42,mixed_or_bearish,31.88,102.010002,1.14,-0.03275963,-0.03981548,-0.03390467,-0.01601231,,4H EMA 空头排列；4H MACD 尚未确认多头；4H RSI 偏弱
430,ISRG,Intuitive Surgical,Health Care,Prism,S&P 500,93,20.92,57.59,19.65,39.36,50.0,34.18,30.2,,,,,,38.59,46.47,,22,confirmed_bearish_trend,42,mixed_or_bearish,29.04,350.160004,1.2,-0.03870863,-0.07087322,-0.07538747,-0.01836222,,4H EMA 空头排列；4H MACD 尚未确认多头；4H RSI 偏弱
431,BLK,BlackRock,Financials,Prism,S&P 500,350,20.82,40.42,19.65,78.73,50.0,35.54,35.6,,,,,,43.38,42.93,,36,bearish_transition,42,mixed_or_bearish,30.98,1095.829956,0.86,-0.02226784,-0.05122125,-0.03570052,0.03138880,,4H EMA 转弱或跌破 EMA26；4H MACD 尚未确认多头；4H RSI 偏弱
432,EXR,Extra Space Storage,Real Estate,Prism,S&P 500,389,20.55,40.26,25.9,60.64,50.0,32.84,32.6,,,,,,41.42,42.53,,22,confirmed_bearish_trend,50,mixed_or_bearish,32.66,139.169998,1.21,-0.00635442,-0.01367830,-0.06878554,-0.06162767,4H MACD 柱体连续扩张,4H EMA 空头排列；4H MACD 尚未确认多头；4H RSI 偏弱
433,CHD,Church & Dwight,Consumer Staples,Prism,S&P 500,293,20.4,47.41,19.65,59.64,50.0,32.18,30.2,,,,,,41.39,43.53,,22,confirmed_bearish_trend,42,mixed_or_bearish,29.53,96.57,1.43,-0.02113425,-0.03226777,-0.06451616,-0.02148143,,4H EMA 空头排列；4H MACD 尚未确认多头；4H RSI 偏弱
434,TXT,Textron,Industrials,Prism,S&P 500,461,20.23,39.87,39.1,24.25,50.0,37.97,38.3,,,,,,36.43,41.54,,22,confirmed_bearish_trend,72,fresh_below_zero_cross,33.78,79.550003,1.0,0.00632511,-0.01265976,-0.11017896,-0.17195792,4H MACD 刚金叉但仍需零轴确认；4H MACD 柱体连续扩张,4H EMA 空头排列；4H RSI 偏弱
435,BRO,Brown & Brown,Financials,Prism,S&P 500,394,20.22,40.25,25.9,58.45,50.0,36.35,36.5,,,,,,41.3,42.51,,36,bearish_transition,42,mixed_or_bearish,32.65,68.190002,1.34,-0.05054300,-0.05527844,-0.04522537,-0.02152389,,4H EMA 转弱或跌破 EMA26；4H MACD 尚未确认多头；4H RSI 偏弱
436,STE,Steris,Health Care,Prism,S&P 500,95,20.16,57.55,19.65,34.39,50.0,34.18,30.2,,,,,,38.14,46.38,,22,confirmed_bearish_trend,42,mixed_or_bearish,26.51,218.559998,1.38,-0.02450348,-0.06060348,-0.07959239,0.00068675,,4H EMA 空头排列；4H MACD 尚未确认多头；4H RSI 偏弱
437,BR,Broadridge Financial Solutions,Industrials,Prism,S&P 500,230,19.84,47.69,19.65,55.27,50.0,37.85,36.5,,,,,,49.87,44.22,,36,bearish_transition,42,mixed_or_bearish,30.84,168.490005,1.59,-0.03077537,-0.07626091,0.01231677,0.10261113,,4H EMA 转弱或跌破 EMA26；4H MACD 尚未确认多头；4H RSI 偏弱
438,LDOS,Leidos,Industrials,Prism,S&P 500,409,19.0,40.17,25.9,50.5,50.0,36.35,36.5,,,,,,40.29,42.31,,36,bearish_transition,42,mixed_or_bearish,32.27,129.259995,1.17,-0.03385902,-0.07809722,-0.05985897,0.12439106,,4H EMA 转弱或跌破 EMA26；4H MACD 尚未确认多头；4H RSI 偏弱
439,HLT,Hilton Worldwide,Consumer Discretionary,Prism,S&P 500,374,18.99,40.32,19.65,66.8,50.0,30.68,30.2,,,,,,42.16,42.68,,22,confirmed_bearish_trend,42,mixed_or_bearish,29.18,304.420013,1.24,-0.02403642,-0.03780262,-0.04143830,-0.08141213,,4H EMA 空头排列；4H MACD 尚未确认多头；4H RSI 偏弱
440,MRSH,Marsh McLennan,Financials,Prism,S&P 500,379,18.62,40.29,19.65,64.41,50.0,35.54,35.6,,,,,,41.7,42.59,,36,bearish_transition,42,mixed_or_bearish,28.07,180.539993,0.9,-0.03500991,-0.04833701,-0.05742926,-0.01532595,,4H EMA 转弱或跌破 EMA26；4H MACD 尚未确认多头；4H RSI 偏弱
441,VMC,Vulcan Materials Company,Materials,Prism,S&P 500,414,18.38,40.11,25.9,46.52,50.0,29.87,29.3,,,,,,39.57,42.16,,22,confirmed_bearish_trend,42,mixed_or_bearish,33.01,258.299988,1.03,-0.01235044,-0.04209162,-0.09272927,-0.09218715,,4H EMA 空头排列；4H MACD 尚未确认多头；4H RSI 偏弱
442,LYV,Live Nation Entertainment,Communication Services,Prism,S&P 500,385,18.32,40.27,19.65,62.43,50.0,30.68,30.2,,,,,,41.47,42.54,,22,confirmed_bearish_trend,42,mixed_or_bearish,28.45,170.449997,1.52,-0.01851263,-0.05321336,-0.05604480,-0.04994151,,4H EMA 空头排列；4H MACD 尚未确认多头；4H RSI 偏弱
443,CASY,Casey's,Consumer Staples,Prism,S&P 500,380,18.12,40.29,32.85,25.84,50.0,36.62,36.8,,,,,,36.69,42.59,,22,confirmed_bearish_trend,64,fresh_below_zero_cross,28.8,733.48999,2.43,-0.02775606,-0.02488671,-0.12023076,-0.14033730,4H MACD 刚金叉但仍需零轴确认,4H EMA 空头排列；4H RSI 偏弱
444,EFX,Equifax,Industrials,Prism,S&P 500,396,17.53,40.24,19.65,57.26,50.0,36.35,36.5,,,,,,41.17,42.48,,36,bearish_transition,42,mixed_or_bearish,31.41,171.679993,1.44,-0.02193361,-0.09207258,-0.05959687,-0.03164307,,4H EMA 转弱或跌破 EMA26；4H MACD 尚未确认多头；4H RSI 偏弱
445,IR,Ingersoll Rand,Industrials,Prism,S&P 500,490,17.47,39.46,39.1,6.76,50.0,37.97,38.3,,,,,,31.4,40.53,,22,confirmed_bearish_trend,72,fresh_below_zero_cross,32.27,75.129997,0.66,-0.01235708,-0.02466574,-0.13613894,-0.11262037,4H MACD 刚金叉但仍需零轴确认；4H MACD 柱体连续扩张,4H EMA 空头排列；4H RSI 偏弱
446,MCD,McDonald's,Consumer Discretionary,Prism,S&P 500,397,17.41,40.24,19.65,56.46,50.0,32.03,31.7,,,,,,41.13,42.48,,22,confirmed_bearish_trend,50,mixed_or_bearish,29.51,255.839996,0.61,-0.00360259,-0.02918075,-0.06792717,-0.05468526,4H MACD 柱体连续扩张,4H EMA 空头排列；4H MACD 尚未确认多头；4H RSI 偏弱
447,UDR,"UDR, Inc.",Real Estate,Prism,S&P 500,399,17.29,40.23,19.65,55.67,50.0,30.68,30.2,,,,,,41.02,42.45,,22,confirmed_bearish_trend,42,mixed_or_bearish,27.96,36.105,2.25,-0.01149903,-0.02286877,-0.05976567,-0.08059587,,4H EMA 空头排列；4H MACD 尚未确认多头；4H RSI 偏弱
448,MAR,Marriott International,Consumer Discretionary,Prism,S&P 500,400,17.23,40.23,19.65,55.27,50.0,30.68,30.2,,,,,,41.0,42.45,,22,confirmed_bearish_trend,42,mixed_or_bearish,23.93,328.790009,2.13,-0.02317356,-0.03761271,-0.07117527,-0.14169733,,4H EMA 空头排列；4H MACD 尚未确认多头；4H RSI 偏弱
449,IT,Gartner,Information Technology,Prism,S&P 500,431,17.22,40.04,25.9,38.97,50.0,36.35,36.5,,,,,,38.58,41.97,,36,bearish_transition,42,mixed_or_bearish,32.94,172.634995,1.45,-0.07805076,-0.12828216,-0.06960392,0.17096251,,4H EMA 转弱或跌破 EMA26；4H MACD 尚未确认多头；4H RSI 偏弱
450,DECK,Deckers Brands,Consumer Discretionary,Prism,S&P 500,486,17.04,39.55,36.7,10.14,50.0,35.0,35.0,,,,,,32.57,40.76,,22,confirmed_bearish_trend,58,bullish_above_signal,32.05,82.610001,1.1,-0.02982972,-0.05122314,-0.15219623,-0.15453892,4H MACD 位于 Signal 上方,4H EMA 空头排列；4H RSI 偏弱
451,TSN,Tyson Foods,Consumer Staples,Prism,S&P 500,309,16.94,40.6,19.65,52.49,50.0,32.84,32.6,,,,,,40.63,43.38,,22,confirmed_bearish_trend,50,mixed_or_bearish,31.84,52.279999,1.47,0.01791273,-0.05186797,-0.09916431,-0.13878598,4H MACD 柱体连续扩张,4H EMA 空头排列；4H MACD 尚未确认多头；4H RSI 偏弱
452,DHI,D. R. Horton,Consumer Discretionary,Prism,S&P 500,435,16.79,40.01,25.9,36.18,50.0,30.68,30.2,,,,,,38.28,41.91,,22,confirmed_bearish_trend,42,mixed_or_bearish,32.71,138.490005,1.4,-0.03184308,-0.04205576,-0.08272613,-0.06191153,,4H EMA 空头排列；4H MACD 尚未确认多头；4H RSI 偏弱
453,TDY,Teledyne Technologies,Information Technology,Prism,S&P 500,253,16.73,47.6,30.45,5.96,50.0,37.85,36.5,,,,,,31.23,44.0,,22,confirmed_bearish_trend,66,bullish_above_signal,30.13,605.460022,1.03,-0.00455413,-0.01244516,-0.12349986,-0.07059635,4H MACD 位于 Signal 上方；4H MACD 柱体连续扩张,4H EMA 空头排列；4H RSI 偏弱
454,ACGL,Arch Capital Group,Financials,Prism,S&P 500,138,16.57,48.08,22.3,25.45,50.0,28.4,26.0,,,,,,54.78,45.21,,22,confirmed_bearish_trend,28,fresh_bearish_cross,33.44,95.709999,1.98,-0.02881790,-0.02416398,-0.02793012,-0.07869281,,4H EMA 空头排列；4H MACD 最近死叉；4H RSI 偏弱
455,LEN,Lennar,Consumer Discretionary,Prism,S&P 500,408,16.56,40.17,19.65,50.89,50.0,30.68,30.2,,,,,,40.3,42.31,,22,confirmed_bearish_trend,42,mixed_or_bearish,31.33,80.385002,1.98,-0.04086620,-0.04462797,-0.08839871,-0.05473893,,4H EMA 空头排列；4H MACD 尚未确认多头；4H RSI 偏弱
456,FTV,Fortive,Industrials,Prism,S&P 500,410,16.37,40.15,19.65,49.7,50.0,32.03,31.7,,,,,,40.04,42.26,,22,confirmed_bearish_trend,50,mixed_or_bearish,31.04,56.505001,0.91,-0.01042026,-0.03968387,-0.08397503,-0.10181210,4H MACD 柱体连续扩张,4H EMA 空头排列；4H MACD 尚未确认多头；4H RSI 偏弱
457,DASH,DoorDash,Consumer Discretionary,Prism,S&P 500,411,16.28,40.15,19.65,49.11,50.0,35.54,35.6,,,,,,40.0,42.25,,36,bearish_transition,42,mixed_or_bearish,24.38,200.440002,1.01,-0.06761253,-0.13506517,-0.07306697,0.08686696,,4H EMA 转弱或跌破 EMA26；4H MACD 尚未确认多头；4H RSI 偏弱
458,GD,General Dynamics,Industrials,Prism,S&P 500,412,16.12,40.13,19.65,48.11,50.0,29.87,29.3,,,,,,39.75,42.2,,22,confirmed_bearish_trend,42,mixed_or_bearish,20.04,356.549988,1.04,-0.00795753,-0.03988043,-0.09054968,-0.08374885,,4H EMA 空头排列；4H MACD 尚未确认多头；4H RSI 偏弱
459,MTD,Mettler Toledo,Health Care,Prism,S&P 500,332,15.87,40.51,19.65,45.53,50.0,29.87,29.3,,,,,,39.51,43.15,,22,confirmed_bearish_trend,42,mixed_or_bearish,28.3,1326.310059,0.88,-0.01986055,-0.05586599,-0.07219253,-0.00799547,,4H EMA 空头排列；4H MACD 尚未确认多头；4H RSI 偏弱
460,DDOG,Datadog,Information Technology,Prism,S&P 500,449,15.81,39.94,25.9,29.82,50.0,32.84,32.6,,,,,,37.41,41.73,,22,confirmed_bearish_trend,50,mixed_or_bearish,33.67,210.229996,1.17,-0.01114774,-0.11306587,-0.10100496,-0.16532338,4H MACD 柱体连续扩张,4H EMA 空头排列；4H MACD 尚未确认多头；4H RSI 偏弱
461,AMCR,Amcor,Materials,Prism,S&P 500,417,15.64,40.11,19.65,44.93,50.0,35.54,35.6,,,,,,39.44,42.14,,36,bearish_transition,42,mixed_or_bearish,31.16,44.360001,0.94,-0.01575541,-0.03344589,-0.07332354,-0.01956013,,4H EMA 转弱或跌破 EMA26；4H MACD 尚未确认多头；4H RSI 偏弱
462,ODFL,Old Dominion,Industrials,Prism,S&P 500,455,15.35,39.91,25.9,26.84,50.0,32.03,31.7,,,,,,37.02,41.65,,22,confirmed_bearish_trend,50,mixed_or_bearish,32.75,187.009995,0.83,0.01171248,-0.06471619,-0.13541381,-0.17558632,4H MACD 柱体连续扩张,4H EMA 空头排列；4H MACD 尚未确认多头；4H RSI 偏弱
463,INVH,Invitation Homes,Real Estate,Prism,S&P 500,424,15.32,40.06,19.65,42.94,50.0,32.84,32.6,,,,,,38.91,42.03,,22,confirmed_bearish_trend,50,mixed_or_bearish,23.59,28.225,1.1,-0.01034362,-0.03140010,-0.07001647,-0.04757888,4H MACD 柱体连续扩张,4H EMA 空头排列；4H MACD 尚未确认多头；4H RSI 偏弱
464,PSA,Public Storage,Real Estate,Prism,S&P 500,429,15.02,40.05,19.65,40.95,50.0,32.03,31.7,,,,,,38.69,41.99,,22,confirmed_bearish_trend,50,mixed_or_bearish,31.53,301.644989,0.86,-0.00509586,-0.01750700,-0.08119098,-0.06888197,4H MACD 柱体连续扩张,4H EMA 空头排列；4H MACD 尚未确认多头；4H RSI 偏弱
465,EXPE,Expedia Group,Consumer Discretionary,Prism,S&P 500,430,14.84,40.04,19.65,39.76,50.0,36.35,36.5,,,,,,38.62,41.97,,36,bearish_transition,42,mixed_or_bearish,24.22,274.549988,2.22,-0.08881222,-0.13396632,-0.11647817,-0.01393530,,4H EMA 转弱或跌破 EMA26；4H MACD 尚未确认多头；4H RSI 偏弱
466,AXON,Axon Enterprise,Industrials,Prism,S&P 500,462,14.82,39.83,25.9,23.46,50.0,32.03,31.7,,,,,,36.05,41.46,,22,confirmed_bearish_trend,50,mixed_or_bearish,33.34,505.429993,1.0,-0.02416282,-0.10827452,-0.11484140,-0.03784433,4H MACD 柱体连续扩张,4H EMA 空头排列；4H MACD 尚未确认多头；4H RSI 偏弱
467,COO,Cooper Companies (The),Health Care,Prism,S&P 500,343,14.8,40.43,19.65,38.57,50.0,30.68,30.2,,,,,,38.57,42.96,,22,confirmed_bearish_trend,42,mixed_or_bearish,26.71,67.690002,1.63,-0.03251617,-0.03424161,-0.08847293,-0.03712661,,4H EMA 空头排列；4H MACD 尚未确认多头；4H RSI 偏弱
468,PH,Parker Hannifin,Industrials,Prism,S&P 500,463,14.76,39.83,25.9,23.06,50.0,31.31,30.9,,,,,,36.04,41.46,,22,confirmed_bearish_trend,50,mixed_or_bearish,33.42,955.390015,0.51,-0.00847896,-0.02435560,-0.11032162,-0.03231063,4H MACD 柱体连续扩张,4H EMA 空头排列；4H MACD 尚未确认多头；4H RSI 偏弱
469,IDXX,Idexx Laboratories,Health Care,Prism,S&P 500,110,14.52,48.32,19.65,18.29,50.0,32.18,30.2,,,,,,35.27,45.8,,22,confirmed_bearish_trend,42,mixed_or_bearish,31.51,520.210022,1.18,-0.02514848,-0.06578192,-0.11344968,-0.06469009,,4H EMA 空头排列；4H MACD 尚未确认多头；4H RSI 偏弱
470,RCL,Royal Caribbean Group,Consumer Discretionary,Prism,S&P 500,495,14.47,39.23,32.85,3.98,50.0,38.78,39.2,,,,,,28.45,39.94,,22,confirmed_bearish_trend,72,fresh_below_zero_cross,17.38,264.494995,1.94,-0.00367275,-0.01539296,-0.17340151,-0.13647677,4H MACD 刚金叉但仍需零轴确认；4H MACD 柱体连续扩张,4H EMA 空头排列；4H RSI 偏弱
471,HRL,Hormel Foods,Consumer Staples,Prism,S&P 500,457,14.4,39.9,30.45,8.35,50.0,33.47,33.3,,,,,,31.92,41.63,,22,confirmed_bearish_trend,58,bullish_above_signal,27.56,21.23,0.51,-0.02053052,-0.02793040,-0.15113954,-0.18487234,4H MACD 位于 Signal 上方,4H EMA 空头排列；4H RSI 偏弱
472,CCL,Carnival Corporation,Consumer Discretionary,Prism,S&P 500,498,14.22,39.03,32.85,2.78,50.0,37.97,38.3,,,,,,25.97,39.44,,22,confirmed_bearish_trend,72,fresh_below_zero_cross,25.97,23.219999,0.96,-0.01338436,-0.02804521,-0.19889604,-0.14427864,4H MACD 刚金叉但仍需零轴确认；4H MACD 柱体连续扩张,4H EMA 空头排列；4H RSI 偏弱
473,SW,Smurfit Westrock,Materials,Prism,S&P 500,437,14.17,40.01,19.65,35.39,50.0,29.87,29.3,,,,,,38.21,41.89,,22,confirmed_bearish_trend,42,mixed_or_bearish,31.97,44.259998,0.91,-0.04001740,-0.05618940,-0.08326431,-0.11621413,,4H EMA 空头排列；4H MACD 尚未确认多头；4H RSI 偏弱
474,NCLH,Norwegian Cruise Line Holdings,Consumer Discretionary,Prism,S&P 500,499,14.14,38.99,32.85,2.39,50.0,37.97,38.3,,,,,,25.51,39.35,,22,confirmed_bearish_trend,72,fresh_below_zero_cross,27.3,15.39,0.88,-0.02036919,-0.04571751,-0.20051948,-0.23184427,4H MACD 刚金叉但仍需零轴确认；4H MACD 柱体连续扩张,4H EMA 空头排列；4H RSI 偏弱
475,AON,Aon plc,Financials,Prism,S&P 500,439,14.02,40.0,19.65,34.39,50.0,30.68,30.2,,,,,,38.14,41.88,,22,confirmed_bearish_trend,42,mixed_or_bearish,26.47,315.790009,1.63,-0.02319898,-0.01739373,-0.11842211,-0.14005226,,4H EMA 空头排列；4H MACD 尚未确认多头；4H RSI 偏弱
476,NOC,Northrop Grumman,Industrials,Prism,S&P 500,440,13.9,39.99,19.65,33.6,50.0,31.8,31.45,,,,,,38.07,41.86,,22,confirmed_bearish_trend,50,mixed_or_bearish,30.83,518.809998,2.52,0.00141869,-0.03863539,-0.09221188,-0.05247102,4H MACD 柱体连续扩张,4H EMA 空头排列；4H MACD 尚未确认多头；4H RSI 偏弱
477,STZ,Constellation Brands,Consumer Staples,Prism,S&P 500,358,13.83,40.39,19.65,32.21,50.0,30.68,30.2,,,,,,38.02,42.85,,22,confirmed_bearish_trend,42,mixed_or_bearish,22.83,120.989998,2.41,-0.05428538,-0.07390260,-0.10840088,-0.06722696,,4H EMA 空头排列；4H MACD 尚未确认多头；4H RSI 偏弱
478,MMM,3M,Industrials,Prism,S&P 500,445,13.56,39.98,19.65,31.41,50.0,32.03,31.7,,,,,,37.85,41.82,,22,confirmed_bearish_trend,50,mixed_or_bearish,26.55,167.520004,0.85,-0.00389475,-0.02508292,-0.08403956,-0.05998542,4H MACD 柱体连续扩张,4H EMA 空头排列；4H MACD 尚未确认多头；4H RSI 偏弱
479,IP,International Paper,Materials,Prism,S&P 500,477,13.52,39.7,25.9,15.11,50.0,32.03,31.7,,,,,,34.39,41.13,,22,confirmed_bearish_trend,50,mixed_or_bearish,32.66,36.505001,0.96,-0.02873482,-0.03706143,-0.12215939,-0.13903304,4H MACD 柱体连续扩张,4H EMA 空头排列；4H MACD 尚未确认多头；4H RSI 偏弱
480,MGM,MGM Resorts,Consumer Discretionary,Prism,S&P 500,446,13.5,39.95,19.65,31.01,50.0,30.68,30.2,,,,,,37.56,41.76,,22,confirmed_bearish_trend,42,mixed_or_bearish,28.5,40.759998,1.5,-0.01199862,-0.01426844,-0.08353008,-0.11984459,,4H EMA 空头排列；4H MACD 尚未确认多头；4H RSI 偏弱
481,TJX,TJX Companies,Consumer Discretionary,Prism,S&P 500,496,13.41,39.13,30.45,3.58,50.0,35.0,35.0,,,,,,27.26,39.7,,22,confirmed_bearish_trend,58,bullish_above_signal,17.49,128.929993,1.22,-0.02723706,-0.03747670,-0.20070674,-0.17558671,4H MACD 位于 Signal 上方,4H EMA 空头排列；4H RSI 偏弱
482,ITW,Illinois Tool Works,Industrials,Prism,S&P 500,453,13.01,39.94,19.65,27.83,50.0,32.84,32.6,,,,,,37.34,41.72,,22,confirmed_bearish_trend,50,mixed_or_bearish,31.79,268.769989,1.14,-0.00619356,-0.02400325,-0.09370788,-0.05618570,4H MACD 柱体连续扩张,4H EMA 空头排列；4H MACD 尚未确认多头；4H RSI 偏弱
483,TAP,Molson Coors Beverage Company,Consumer Staples,Prism,S&P 500,377,12.9,40.31,19.65,26.24,50.0,30.68,30.2,,,,,,36.98,42.65,,22,confirmed_bearish_trend,42,mixed_or_bearish,30.37,38.860001,1.83,-0.04025688,-0.02251289,-0.10378229,-0.05565008,,4H EMA 空头排列；4H MACD 尚未确认多头；4H RSI 偏弱
484,PTC,PTC Inc.,Information Technology,Prism,S&P 500,456,12.85,39.91,19.65,26.84,50.0,36.35,36.5,,,,,,37.02,41.65,,36,bearish_transition,42,mixed_or_bearish,25.05,133.255005,1.95,-0.06283843,-0.14421040,-0.09761626,0.06518791,,4H EMA 转弱或跌破 EMA26；4H MACD 尚未确认多头；4H RSI 偏弱
485,TPR,"Tapestry, Inc.",Consumer Discretionary,Prism,S&P 500,501,12.76,38.28,30.45,1.19,50.0,35.0,35.0,,,,,,16.63,37.58,,22,confirmed_bearish_trend,58,bullish_above_signal,25.37,117.550003,1.21,-0.03789488,-0.04705930,-0.27550075,-0.20245604,4H MACD 位于 Signal 上方,4H EMA 空头排列；4H RSI 偏弱
486,SNA,Snap-on,Industrials,Prism,S&P 500,459,12.57,39.87,19.65,25.05,50.0,30.68,30.2,,,,,,36.5,41.55,,22,confirmed_bearish_trend,42,mixed_or_bearish,28.39,379.899994,1.22,-0.00734237,-0.01649104,-0.08763424,-0.06768434,,4H EMA 空头排列；4H MACD 尚未确认多头；4H RSI 偏弱
487,PNR,Pentair,Industrials,Prism,S&P 500,489,12.5,39.51,25.9,8.75,50.0,29.87,29.3,,,,,,31.99,40.65,,22,confirmed_bearish_trend,42,mixed_or_bearish,32.26,58.630001,0.68,-0.01163181,-0.03010753,-0.14856230,-0.07128148,,4H EMA 空头排列；4H MACD 尚未确认多头；4H RSI 偏弱
488,SYK,Stryker Corporation,Health Care,Prism,S&P 500,195,12.38,47.83,19.65,5.17,50.0,32.18,30.2,,,,,,29.13,44.58,,22,confirmed_bearish_trend,42,mixed_or_bearish,15.03,276.359985,1.48,-0.08734855,-0.14643113,-0.18475473,-0.17952678,,4H EMA 空头排列；4H MACD 尚未确认多头；4H RSI 偏弱
489,WY,Weyerhaeuser,Real Estate,Prism,S&P 500,464,12.2,39.83,19.65,22.66,50.0,30.68,30.2,,,,,,36.01,41.45,,22,confirmed_bearish_trend,42,mixed_or_bearish,27.95,22.700001,1.31,-0.01667741,-0.02866923,-0.11224087,-0.05139987,,4H EMA 空头排列；4H MACD 尚未确认多头；4H RSI 偏弱
490,VRSK,Verisk Analytics,Industrials,Prism,S&P 500,465,12.08,39.81,19.65,21.87,50.0,30.68,30.2,,,,,,35.82,41.41,,22,confirmed_bearish_trend,42,mixed_or_bearish,30.39,175.490005,1.29,-0.05396224,-0.09480575,-0.08508416,-0.15082744,,4H EMA 空头排列；4H MACD 尚未确认多头；4H RSI 偏弱
491,PHM,PulteGroup,Consumer Discretionary,Prism,S&P 500,469,11.77,39.8,19.65,19.88,50.0,30.68,30.2,,,,,,35.59,41.37,,22,confirmed_bearish_trend,42,mixed_or_bearish,29.17,119.959999,1.16,-0.03778515,-0.05042352,-0.09729852,-0.08154048,,4H EMA 空头排列；4H MACD 尚未确认多头；4H RSI 偏弱
492,RTX,RTX Corporation,Industrials,Prism,S&P 500,475,11.15,39.71,19.65,15.9,50.0,32.03,31.7,,,,,,34.55,41.16,,22,confirmed_bearish_trend,50,mixed_or_bearish,23.54,198.835007,0.8,-0.00739824,-0.04295816,-0.10828321,-0.08970831,4H MACD 柱体连续扩张,4H EMA 空头排列；4H MACD 尚未确认多头；4H RSI 偏弱
493,CLX,Clorox,Consumer Staples,Prism,S&P 500,418,11.1,40.1,19.65,14.71,50.0,32.03,31.7,,,,,,34.33,42.12,,22,confirmed_bearish_trend,50,mixed_or_bearish,16.39,91.599998,0.97,-0.02084452,-0.06253199,-0.12861496,-0.05993436,4H MACD 柱体连续扩张,4H EMA 空头排列；4H MACD 尚未确认多头；4H RSI 偏弱
494,FICO,Fair Isaac,Information Technology,Prism,S&P 500,478,10.9,39.69,19.65,14.31,50.0,30.68,30.2,,,,,,34.24,41.1,,22,confirmed_bearish_trend,42,mixed_or_bearish,26.58,932.400024,1.78,-0.00887587,-0.18700106,-0.10394406,-0.27115252,,4H EMA 空头排列；4H MACD 尚未确认多头；4H RSI 偏弱
495,HD,Home Depot (The),Consumer Discretionary,Prism,S&P 500,479,10.77,39.67,19.65,13.52,50.0,30.68,30.2,,,,,,33.93,41.04,,22,confirmed_bearish_trend,42,mixed_or_bearish,27.86,313.660004,1.77,-0.02134164,-0.04363203,-0.11791668,-0.06651589,,4H EMA 空头排列；4H MACD 尚未确认多头；4H RSI 偏弱
496,TTWO,Take-Two Interactive,Communication Services,Prism,S&P 500,480,10.64,39.65,19.65,12.72,50.0,32.03,31.7,,,,,,33.7,40.99,,22,confirmed_bearish_trend,50,mixed_or_bearish,30.67,213.289993,0.59,-0.00790740,-0.02917617,-0.13479641,-0.12573526,4H MACD 柱体连续扩张,4H EMA 空头排列；4H MACD 尚未确认多头；4H RSI 偏弱
497,LHX,L3Harris,Industrials,Prism,S&P 500,467,10.52,39.81,16.05,21.07,50.0,26.09,25.1,,,,,,35.79,41.41,,22,confirmed_bearish_trend,28,fresh_bearish_cross,29.05,255.75,1.04,-0.00461016,-0.03968912,-0.10739212,-0.15733114,,4H EMA 空头排列；4H MACD 最近死叉；4H RSI 偏弱
498,CDNS,Cadence Design Systems,Information Technology,Prism,S&P 500,483,10.44,39.57,19.65,11.53,50.0,30.68,30.2,,,,,,32.8,40.81,,22,confirmed_bearish_trend,42,mixed_or_bearish,23.79,284.109985,2.08,-0.02791940,-0.16152170,-0.16233755,-0.16157116,,4H EMA 空头排列；4H MACD 尚未确认多头；4H RSI 偏弱
499,SHW,Sherwin-Williams,Materials,Prism,S&P 500,484,10.32,39.56,19.65,10.74,50.0,29.87,29.3,,,,,,32.61,40.77,,22,confirmed_bearish_trend,42,mixed_or_bearish,30.67,326.200012,1.04,-0.01738106,-0.03727526,-0.11761519,-0.00329989,,4H EMA 空头排列；4H MACD 尚未确认多头；4H RSI 偏弱
500,ADSK,Autodesk,Information Technology,Prism,S&P 500,487,10.12,39.52,19.65,9.54,50.0,29.87,29.3,,,,,,32.13,40.68,,22,confirmed_bearish_trend,42,mixed_or_bearish,23.97,212.210007,1.02,-0.02696130,-0.17923026,-0.14822988,-0.06060617,,4H EMA 空头排列；4H MACD 尚未确认多头；4H RSI 偏弱
501,HWM,Howmet Aerospace,Industrials,Prism,S&P 500,476,9.65,39.71,16.05,15.51,50.0,26.9,26.0,,,,,,34.53,41.16,,22,confirmed_bearish_trend,28,fresh_bearish_cross,26.93,231.529999,2.39,-0.10915735,-0.05447787,-0.17862213,-0.19537794,,4H EMA 空头排列；4H MACD 最近死叉；4H RSI 偏弱
502,BKNG,Booking Holdings,Consumer Discretionary,Prism,S&P 500,492,9.5,39.43,19.65,5.57,50.0,30.68,30.2,,,,,,31.05,40.46,,22,confirmed_bearish_trend,42,mixed_or_bearish,21.83,180.300003,2.02,-0.06965944,-0.09428846,-0.15914655,-0.03479657,,4H EMA 空头排列；4H MACD 尚未确认多头；4H RSI 偏弱
503,MNST,Monster Beverage,Consumer Staples,Prism,S&P 500,502,8.02,37.35,19.65,0.6,50.0,29.87,29.3,,,,,,0.0,35.25,,22,confirmed_bearish_trend,42,mixed_or_bearish,23.78,43.150002,1.05,-0.01348880,-0.06052685,-0.04471986,-0.09424847,,4H EMA 空头排列；4H MACD 尚未确认多头；4H RSI 偏弱
